"source","target","ligand","receptor","prob","pval","interaction_name","interaction_name_2","pathway_name","annotation","evidence"
"Fibroblasts-Tissue_stem_cells","Fibroblasts-Tissue_stem_cells","FGF7","FGFR1",0.0047968302438613,0,"FGF7_FGFR1","FGF7 - FGFR1","FGF","Secreted Signaling","PMC: 4393358"
"Fibroblasts-Tissue_stem_cells","iPS_cells","FGF7","FGFR1",0.00268528973535409,0,"FGF7_FGFR1","FGF7 - FGFR1","FGF","Secreted Signaling","PMC: 4393358"
"Fibroblasts-Tissue_stem_cells","iPS_cells","FGF7","FGFR2",0.00274520278896217,0,"FGF7_FGFR2","FGF7 - FGFR2","FGF","Secreted Signaling","PMC: 4393358"
"Macrophage","Macrophage","CCL5","CCR1",0.00273837290398827,0,"CCL5_CCR1","CCL5 - CCR1","CCL","Secreted Signaling","KEGG: hsa04060"
"NK_cell-T_cells","Macrophage","CCL5","CCR1",0.0274504711317539,0,"CCL5_CCR1","CCL5 - CCR1","CCL","Secreted Signaling","KEGG: hsa04060"
"Macrophage","Macrophage","CCL3","CCR1",0.0181112739369955,0,"CCL3_CCR1","CCL3 - CCR1","CCL","Secreted Signaling","KEGG: hsa04060"
"Macrophage","Macrophage","CCL3L1","CCR1",0.00379680164049116,0,"CCL3L1_CCR1","CCL3L1 - CCR1","CCL","Secreted Signaling","KEGG: hsa04060"
"DC-Monocyt","Pre-B_cell_CD34-","CXCL9","CXCR3",0.00277038618270002,0,"CXCL9_CXCR3","CXCL9 - CXCR3","CXCL","Secreted Signaling","KEGG: hsa04060"
"Macrophage","Pre-B_cell_CD34-","CXCL9","CXCR3",0.00226765518404345,0,"CXCL9_CXCR3","CXCL9 - CXCR3","CXCL","Secreted Signaling","KEGG: hsa04060"
"Macrophage","Pre-B_cell_CD34-","CXCL10","CXCR3",0.00505612980507364,0,"CXCL10_CXCR3","CXCL10 - CXCR3","CXCL","Secreted Signaling","KEGG: hsa04060"
"Fibroblasts-Tissue_stem_cells","B_cell","CXCL12","CXCR4",0.0519384629115063,0,"CXCL12_CXCR4","CXCL12 - CXCR4","CXCL","Secreted Signaling","KEGG: hsa04060"
"Fibroblasts-Tissue_stem_cells","DC-Monocyt","CXCL12","CXCR4",0.0478052757718157,0,"CXCL12_CXCR4","CXCL12 - CXCR4","CXCL","Secreted Signaling","KEGG: hsa04060"
"Fibroblasts-Tissue_stem_cells","Endothelial_cells","CXCL12","CXCR4",0.012775648497167,0,"CXCL12_CXCR4","CXCL12 - CXCR4","CXCL","Secreted Signaling","KEGG: hsa04060"
"Fibroblasts-Tissue_stem_cells","Macrophage","CXCL12","CXCR4",0.0421396668707368,0,"CXCL12_CXCR4","CXCL12 - CXCR4","CXCL","Secreted Signaling","KEGG: hsa04060"
"Fibroblasts-Tissue_stem_cells","NK_cell-T_cells","CXCL12","CXCR4",0.0782800063493577,0,"CXCL12_CXCR4","CXCL12 - CXCR4","CXCL","Secreted Signaling","KEGG: hsa04060"
"Fibroblasts-Tissue_stem_cells","Pre-B_cell_CD34-","CXCL12","CXCR4",0.0905980347360017,0,"CXCL12_CXCR4","CXCL12 - CXCR4","CXCL","Secreted Signaling","KEGG: hsa04060"
"Fibroblasts-Tissue_stem_cells","Tumor_Epithelial","CXCL12","CXCR4",0.0209292545213269,0,"CXCL12_CXCR4","CXCL12 - CXCR4","CXCL","Secreted Signaling","KEGG: hsa04060"
"B_cell","B_cell","MIF","CD74_CXCR4",0.0172311262278688,0.03,"MIF_CD74_CXCR4","MIF - (CD74+CXCR4)","MIF","Secreted Signaling","PMID: 29637711; PMID: 24760155"
"CMP","B_cell","MIF","CD74_CXCR4",0.0277890510053764,0.04,"MIF_CD74_CXCR4","MIF - (CD74+CXCR4)","MIF","Secreted Signaling","PMID: 29637711; PMID: 24760155"
"DC-Monocyt","B_cell","MIF","CD74_CXCR4",0.0533354515073082,0,"MIF_CD74_CXCR4","MIF - (CD74+CXCR4)","MIF","Secreted Signaling","PMID: 29637711; PMID: 24760155"
"Fibroblasts-Tissue_stem_cells","B_cell","MIF","CD74_CXCR4",0.0584326733786751,0,"MIF_CD74_CXCR4","MIF - (CD74+CXCR4)","MIF","Secreted Signaling","PMID: 29637711; PMID: 24760155"
"iPS_cells","B_cell","MIF","CD74_CXCR4",0.119232685355176,0,"MIF_CD74_CXCR4","MIF - (CD74+CXCR4)","MIF","Secreted Signaling","PMID: 29637711; PMID: 24760155"
"Macrophage","B_cell","MIF","CD74_CXCR4",0.0494320595126849,0,"MIF_CD74_CXCR4","MIF - (CD74+CXCR4)","MIF","Secreted Signaling","PMID: 29637711; PMID: 24760155"
"Normal_Epithelial","B_cell","MIF","CD74_CXCR4",0.0896117797555173,0,"MIF_CD74_CXCR4","MIF - (CD74+CXCR4)","MIF","Secreted Signaling","PMID: 29637711; PMID: 24760155"
"Tumor_Epithelial","B_cell","MIF","CD74_CXCR4",0.059533386619819,0,"MIF_CD74_CXCR4","MIF - (CD74+CXCR4)","MIF","Secreted Signaling","PMID: 29637711; PMID: 24760155"
"B_cell","DC-Monocyt","MIF","CD74_CXCR4",0.0217466526218748,0.02,"MIF_CD74_CXCR4","MIF - (CD74+CXCR4)","MIF","Secreted Signaling","PMID: 29637711; PMID: 24760155"
"CMP","DC-Monocyt","MIF","CD74_CXCR4",0.0349728902977591,0.01,"MIF_CD74_CXCR4","MIF - (CD74+CXCR4)","MIF","Secreted Signaling","PMID: 29637711; PMID: 24760155"
"DC-Monocyt","DC-Monocyt","MIF","CD74_CXCR4",0.0666704923746695,0,"MIF_CD74_CXCR4","MIF - (CD74+CXCR4)","MIF","Secreted Signaling","PMID: 29637711; PMID: 24760155"
"Fibroblasts-Tissue_stem_cells","DC-Monocyt","MIF","CD74_CXCR4",0.0729439337649011,0,"MIF_CD74_CXCR4","MIF - (CD74+CXCR4)","MIF","Secreted Signaling","PMID: 29637711; PMID: 24760155"
"iPS_cells","DC-Monocyt","MIF","CD74_CXCR4",0.146493907964674,0,"MIF_CD74_CXCR4","MIF - (CD74+CXCR4)","MIF","Secreted Signaling","PMID: 29637711; PMID: 24760155"
"Macrophage","DC-Monocyt","MIF","CD74_CXCR4",0.0618549335786862,0,"MIF_CD74_CXCR4","MIF - (CD74+CXCR4)","MIF","Secreted Signaling","PMID: 29637711; PMID: 24760155"
"Normal_Epithelial","DC-Monocyt","MIF","CD74_CXCR4",0.110953669655728,0,"MIF_CD74_CXCR4","MIF - (CD74+CXCR4)","MIF","Secreted Signaling","PMID: 29637711; PMID: 24760155"
"Pre-B_cell_CD34-","DC-Monocyt","MIF","CD74_CXCR4",0.0230777651871637,0.03,"MIF_CD74_CXCR4","MIF - (CD74+CXCR4)","MIF","Secreted Signaling","PMID: 29637711; PMID: 24760155"
"Tumor_Epithelial","DC-Monocyt","MIF","CD74_CXCR4",0.0742964303299854,0,"MIF_CD74_CXCR4","MIF - (CD74+CXCR4)","MIF","Secreted Signaling","PMID: 29637711; PMID: 24760155"
"iPS_cells","Endothelial_cells","MIF","CD74_CXCR4",0.0411021177748707,0,"MIF_CD74_CXCR4","MIF - (CD74+CXCR4)","MIF","Secreted Signaling","PMID: 29637711; PMID: 24760155"
"Normal_Epithelial","Endothelial_cells","MIF","CD74_CXCR4",0.0302250575049521,0,"MIF_CD74_CXCR4","MIF - (CD74+CXCR4)","MIF","Secreted Signaling","PMID: 29637711; PMID: 24760155"
"B_cell","Macrophage","MIF","CD74_CXCR4",0.0190533189111475,0,"MIF_CD74_CXCR4","MIF - (CD74+CXCR4)","MIF","Secreted Signaling","PMID: 29637711; PMID: 24760155"
"CMP","Macrophage","MIF","CD74_CXCR4",0.030692875425653,0.02,"MIF_CD74_CXCR4","MIF - (CD74+CXCR4)","MIF","Secreted Signaling","PMID: 29637711; PMID: 24760155"
"DC-Monocyt","Macrophage","MIF","CD74_CXCR4",0.0587474463716926,0,"MIF_CD74_CXCR4","MIF - (CD74+CXCR4)","MIF","Secreted Signaling","PMID: 29637711; PMID: 24760155"
"Fibroblasts-Tissue_stem_cells","Macrophage","MIF","CD74_CXCR4",0.0643267422468058,0,"MIF_CD74_CXCR4","MIF - (CD74+CXCR4)","MIF","Secreted Signaling","PMID: 29637711; PMID: 24760155"
"iPS_cells","Macrophage","MIF","CD74_CXCR4",0.130410193573154,0,"MIF_CD74_CXCR4","MIF - (CD74+CXCR4)","MIF","Secreted Signaling","PMID: 29637711; PMID: 24760155"
"Macrophage","Macrophage","MIF","CD74_CXCR4",0.0544707641270547,0,"MIF_CD74_CXCR4","MIF - (CD74+CXCR4)","MIF","Secreted Signaling","PMID: 29637711; PMID: 24760155"
"Normal_Epithelial","Macrophage","MIF","CD74_CXCR4",0.0983224503732555,0,"MIF_CD74_CXCR4","MIF - (CD74+CXCR4)","MIF","Secreted Signaling","PMID: 29637711; PMID: 24760155"
"Pre-B_cell_CD34-","Macrophage","MIF","CD74_CXCR4",0.0202229805782838,0.01,"MIF_CD74_CXCR4","MIF - (CD74+CXCR4)","MIF","Secreted Signaling","PMID: 29637711; PMID: 24760155"
"Tumor_Epithelial","Macrophage","MIF","CD74_CXCR4",0.0655307564811356,0,"MIF_CD74_CXCR4","MIF - (CD74+CXCR4)","MIF","Secreted Signaling","PMID: 29637711; PMID: 24760155"
"DC-Monocyt","NK_cell-T_cells","MIF","CD74_CXCR4",0.0321406695699297,0,"MIF_CD74_CXCR4","MIF - (CD74+CXCR4)","MIF","Secreted Signaling","PMID: 29637711; PMID: 24760155"
"Fibroblasts-Tissue_stem_cells","NK_cell-T_cells","MIF","CD74_CXCR4",0.0352878298371432,0,"MIF_CD74_CXCR4","MIF - (CD74+CXCR4)","MIF","Secreted Signaling","PMID: 29637711; PMID: 24760155"
"iPS_cells","NK_cell-T_cells","MIF","CD74_CXCR4",0.0738953352649475,0,"MIF_CD74_CXCR4","MIF - (CD74+CXCR4)","MIF","Secreted Signaling","PMID: 29637711; PMID: 24760155"
"Macrophage","NK_cell-T_cells","MIF","CD74_CXCR4",0.0297397024706519,0,"MIF_CD74_CXCR4","MIF - (CD74+CXCR4)","MIF","Secreted Signaling","PMID: 29637711; PMID: 24760155"
"Normal_Epithelial","NK_cell-T_cells","MIF","CD74_CXCR4",0.0548363214447086,0,"MIF_CD74_CXCR4","MIF - (CD74+CXCR4)","MIF","Secreted Signaling","PMID: 29637711; PMID: 24760155"
"Tumor_Epithelial","NK_cell-T_cells","MIF","CD74_CXCR4",0.0359692122289141,0,"MIF_CD74_CXCR4","MIF - (CD74+CXCR4)","MIF","Secreted Signaling","PMID: 29637711; PMID: 24760155"
"B_cell","Pre-B_cell_CD34-","MIF","CD74_CXCR4",0.0276982023413415,0,"MIF_CD74_CXCR4","MIF - (CD74+CXCR4)","MIF","Secreted Signaling","PMID: 29637711; PMID: 24760155"
"CMP","Pre-B_cell_CD34-","MIF","CD74_CXCR4",0.0443799379596338,0,"MIF_CD74_CXCR4","MIF - (CD74+CXCR4)","MIF","Secreted Signaling","PMID: 29637711; PMID: 24760155"
"DC-Monocyt","Pre-B_cell_CD34-","MIF","CD74_CXCR4",0.0838626666162607,0,"MIF_CD74_CXCR4","MIF - (CD74+CXCR4)","MIF","Secreted Signaling","PMID: 29637711; PMID: 24760155"
"Endothelial_cells","Pre-B_cell_CD34-","MIF","CD74_CXCR4",0.0226588571333361,0.03,"MIF_CD74_CXCR4","MIF - (CD74+CXCR4)","MIF","Secreted Signaling","PMID: 29637711; PMID: 24760155"
"Fibroblasts-Tissue_stem_cells","Pre-B_cell_CD34-","MIF","CD74_CXCR4",0.0915950670060549,0,"MIF_CD74_CXCR4","MIF - (CD74+CXCR4)","MIF","Secreted Signaling","PMID: 29637711; PMID: 24760155"
"iPS_cells","Pre-B_cell_CD34-","MIF","CD74_CXCR4",0.18029372763093,0,"MIF_CD74_CXCR4","MIF - (CD74+CXCR4)","MIF","Secreted Signaling","PMID: 29637711; PMID: 24760155"
"Macrophage","Pre-B_cell_CD34-","MIF","CD74_CXCR4",0.0779089866562575,0,"MIF_CD74_CXCR4","MIF - (CD74+CXCR4)","MIF","Secreted Signaling","PMID: 29637711; PMID: 24760155"
"Normal_Epithelial","Pre-B_cell_CD34-","MIF","CD74_CXCR4",0.137878123125966,0,"MIF_CD74_CXCR4","MIF - (CD74+CXCR4)","MIF","Secreted Signaling","PMID: 29637711; PMID: 24760155"
"Pre-B_cell_CD34-","Pre-B_cell_CD34-","MIF","CD74_CXCR4",0.0293826673644687,0,"MIF_CD74_CXCR4","MIF - (CD74+CXCR4)","MIF","Secreted Signaling","PMID: 29637711; PMID: 24760155"
"Tumor_Epithelial","Pre-B_cell_CD34-","MIF","CD74_CXCR4",0.0932585967991006,0,"MIF_CD74_CXCR4","MIF - (CD74+CXCR4)","MIF","Secreted Signaling","PMID: 29637711; PMID: 24760155"
"DC-Monocyt","B_cell","MIF","CD74_CD44",0.0279105957738112,0,"MIF_CD74_CD44","MIF - (CD74+CD44)","MIF","Secreted Signaling","PMID: 29637711; PMID: 26175090"
"Fibroblasts-Tissue_stem_cells","B_cell","MIF","CD74_CD44",0.0306566740580925,0,"MIF_CD74_CD44","MIF - (CD74+CD44)","MIF","Secreted Signaling","PMID: 29637711; PMID: 26175090"
"iPS_cells","B_cell","MIF","CD74_CD44",0.0645363066497533,0,"MIF_CD74_CD44","MIF - (CD74+CD44)","MIF","Secreted Signaling","PMID: 29637711; PMID: 26175090"
"Macrophage","B_cell","MIF","CD74_CD44",0.0258171939634871,0,"MIF_CD74_CD44","MIF - (CD74+CD44)","MIF","Secreted Signaling","PMID: 29637711; PMID: 26175090"
"Normal_Epithelial","B_cell","MIF","CD74_CD44",0.0477666617264752,0,"MIF_CD74_CD44","MIF - (CD74+CD44)","MIF","Secreted Signaling","PMID: 29637711; PMID: 26175090"
"Tumor_Epithelial","B_cell","MIF","CD74_CD44",0.0312515290608333,0,"MIF_CD74_CD44","MIF - (CD74+CD44)","MIF","Secreted Signaling","PMID: 29637711; PMID: 26175090"
"DC-Monocyt","CMP","MIF","CD74_CD44",0.0560245896507458,0,"MIF_CD74_CD44","MIF - (CD74+CD44)","MIF","Secreted Signaling","PMID: 29637711; PMID: 26175090"
"Fibroblasts-Tissue_stem_cells","CMP","MIF","CD74_CD44",0.0613621516020831,0,"MIF_CD74_CD44","MIF - (CD74+CD44)","MIF","Secreted Signaling","PMID: 29637711; PMID: 26175090"
"iPS_cells","CMP","MIF","CD74_CD44",0.12480628756412,0,"MIF_CD74_CD44","MIF - (CD74+CD44)","MIF","Secreted Signaling","PMID: 29637711; PMID: 26175090"
"Macrophage","CMP","MIF","CD74_CD44",0.0519351882615204,0,"MIF_CD74_CD44","MIF - (CD74+CD44)","MIF","Secreted Signaling","PMID: 29637711; PMID: 26175090"
"Normal_Epithelial","CMP","MIF","CD74_CD44",0.0939484307780313,0,"MIF_CD74_CD44","MIF - (CD74+CD44)","MIF","Secreted Signaling","PMID: 29637711; PMID: 26175090"
"Tumor_Epithelial","CMP","MIF","CD74_CD44",0.0625143844287856,0,"MIF_CD74_CD44","MIF - (CD74+CD44)","MIF","Secreted Signaling","PMID: 29637711; PMID: 26175090"
"B_cell","DC-Monocyt","MIF","CD74_CD44",0.0217752292962071,0.01,"MIF_CD74_CD44","MIF - (CD74+CD44)","MIF","Secreted Signaling","PMID: 29637711; PMID: 26175090"
"CMP","DC-Monocyt","MIF","CD74_CD44",0.0350182250502731,0.01,"MIF_CD74_CD44","MIF - (CD74+CD44)","MIF","Secreted Signaling","PMID: 29637711; PMID: 26175090"
"DC-Monocyt","DC-Monocyt","MIF","CD74_CD44",0.066754073916385,0,"MIF_CD74_CD44","MIF - (CD74+CD44)","MIF","Secreted Signaling","PMID: 29637711; PMID: 26175090"
"Fibroblasts-Tissue_stem_cells","DC-Monocyt","MIF","CD74_CD44",0.0730347645859207,0,"MIF_CD74_CD44","MIF - (CD74+CD44)","MIF","Secreted Signaling","PMID: 29637711; PMID: 26175090"
"iPS_cells","DC-Monocyt","MIF","CD74_CD44",0.146661835280653,0,"MIF_CD74_CD44","MIF - (CD74+CD44)","MIF","Secreted Signaling","PMID: 29637711; PMID: 26175090"
"Macrophage","DC-Monocyt","MIF","CD74_CD44",0.0619328786882435,0,"MIF_CD74_CD44","MIF - (CD74+CD44)","MIF","Secreted Signaling","PMID: 29637711; PMID: 26175090"
"Normal_Epithelial","DC-Monocyt","MIF","CD74_CD44",0.111086159305296,0,"MIF_CD74_CD44","MIF - (CD74+CD44)","MIF","Secreted Signaling","PMID: 29637711; PMID: 26175090"
"Pre-B_cell_CD34-","DC-Monocyt","MIF","CD74_CD44",0.0231080497210386,0.02,"MIF_CD74_CD44","MIF - (CD74+CD44)","MIF","Secreted Signaling","PMID: 29637711; PMID: 26175090"
"Tumor_Epithelial","DC-Monocyt","MIF","CD74_CD44",0.0743888101595576,0,"MIF_CD74_CD44","MIF - (CD74+CD44)","MIF","Secreted Signaling","PMID: 29637711; PMID: 26175090"
"Fibroblasts-Tissue_stem_cells","Fibroblasts-Tissue_stem_cells","MIF","CD74_CD44",0.0190805926212,0.01,"MIF_CD74_CD44","MIF - (CD74+CD44)","MIF","Secreted Signaling","PMID: 29637711; PMID: 26175090"
"iPS_cells","Fibroblasts-Tissue_stem_cells","MIF","CD74_CD44",0.0407043448103201,0,"MIF_CD74_CD44","MIF - (CD74+CD44)","MIF","Secreted Signaling","PMID: 29637711; PMID: 26175090"
"Normal_Epithelial","Fibroblasts-Tissue_stem_cells","MIF","CD74_CD44",0.0299292636654665,0,"MIF_CD74_CD44","MIF - (CD74+CD44)","MIF","Secreted Signaling","PMID: 29637711; PMID: 26175090"
"Tumor_Epithelial","Fibroblasts-Tissue_stem_cells","MIF","CD74_CD44",0.019455336279095,0,"MIF_CD74_CD44","MIF - (CD74+CD44)","MIF","Secreted Signaling","PMID: 29637711; PMID: 26175090"
"B_cell","Macrophage","MIF","CD74_CD44",0.0273726629572486,0,"MIF_CD74_CD44","MIF - (CD74+CD44)","MIF","Secreted Signaling","PMID: 29637711; PMID: 26175090"
"CMP","Macrophage","MIF","CD74_CD44",0.0438671823766918,0,"MIF_CD74_CD44","MIF - (CD74+CD44)","MIF","Secreted Signaling","PMID: 29637711; PMID: 26175090"
"DC-Monocyt","Macrophage","MIF","CD74_CD44",0.0829333256931945,0,"MIF_CD74_CD44","MIF - (CD74+CD44)","MIF","Secreted Signaling","PMID: 29637711; PMID: 26175090"
"Endothelial_cells","Macrophage","MIF","CD74_CD44",0.0223911816511905,0,"MIF_CD74_CD44","MIF - (CD74+CD44)","MIF","Secreted Signaling","PMID: 29637711; PMID: 26175090"
"Fibroblasts-Tissue_stem_cells","Macrophage","MIF","CD74_CD44",0.090588510863772,0,"MIF_CD74_CD44","MIF - (CD74+CD44)","MIF","Secreted Signaling","PMID: 29637711; PMID: 26175090"
"iPS_cells","Macrophage","MIF","CD74_CD44",0.178503980960033,0,"MIF_CD74_CD44","MIF - (CD74+CD44)","MIF","Secreted Signaling","PMID: 29637711; PMID: 26175090"
"Macrophage","Macrophage","MIF","CD74_CD44",0.0770400744817289,0,"MIF_CD74_CD44","MIF - (CD74+CD44)","MIF","Secreted Signaling","PMID: 29637711; PMID: 26175090"
"Normal_Epithelial","Macrophage","MIF","CD74_CD44",0.136439345446257,0,"MIF_CD74_CD44","MIF - (CD74+CD44)","MIF","Secreted Signaling","PMID: 29637711; PMID: 26175090"
"Pre-B_cell_CD34-","Macrophage","MIF","CD74_CD44",0.0290379215761274,0,"MIF_CD74_CD44","MIF - (CD74+CD44)","MIF","Secreted Signaling","PMID: 29637711; PMID: 26175090"
"Tumor_Epithelial","Macrophage","MIF","CD74_CD44",0.0922356159630159,0,"MIF_CD74_CD44","MIF - (CD74+CD44)","MIF","Secreted Signaling","PMID: 29637711; PMID: 26175090"
"Fibroblasts-Tissue_stem_cells","NK_cell-T_cells","MIF","CD74_CD44",0.0195918000826016,0,"MIF_CD74_CD44","MIF - (CD74+CD44)","MIF","Secreted Signaling","PMID: 29637711; PMID: 26175090"
"iPS_cells","NK_cell-T_cells","MIF","CD74_CD44",0.0417702260526748,0,"MIF_CD74_CD44","MIF - (CD74+CD44)","MIF","Secreted Signaling","PMID: 29637711; PMID: 26175090"
"Normal_Epithelial","NK_cell-T_cells","MIF","CD74_CD44",0.0307220255586538,0,"MIF_CD74_CD44","MIF - (CD74+CD44)","MIF","Secreted Signaling","PMID: 29637711; PMID: 26175090"
"Tumor_Epithelial","NK_cell-T_cells","MIF","CD74_CD44",0.0199763794100504,0,"MIF_CD74_CD44","MIF - (CD74+CD44)","MIF","Secreted Signaling","PMID: 29637711; PMID: 26175090"
"DC-Monocyt","Normal_Epithelial","MIF","CD74_CD44",0.0286074733694178,0,"MIF_CD74_CD44","MIF - (CD74+CD44)","MIF","Secreted Signaling","PMID: 29637711; PMID: 26175090"
"Fibroblasts-Tissue_stem_cells","Normal_Epithelial","MIF","CD74_CD44",0.0314199001622057,0,"MIF_CD74_CD44","MIF - (CD74+CD44)","MIF","Secreted Signaling","PMID: 29637711; PMID: 26175090"
"iPS_cells","Normal_Epithelial","MIF","CD74_CD44",0.0660854937291938,0,"MIF_CD74_CD44","MIF - (CD74+CD44)","MIF","Secreted Signaling","PMID: 29637711; PMID: 26175090"
"Macrophage","Normal_Epithelial","MIF","CD74_CD44",0.0264632259718132,0,"MIF_CD74_CD44","MIF - (CD74+CD44)","MIF","Secreted Signaling","PMID: 29637711; PMID: 26175090"
"Normal_Epithelial","Normal_Epithelial","MIF","CD74_CD44",0.0489343529693732,0,"MIF_CD74_CD44","MIF - (CD74+CD44)","MIF","Secreted Signaling","PMID: 29637711; PMID: 26175090"
"Tumor_Epithelial","Normal_Epithelial","MIF","CD74_CD44",0.0320290752927253,0,"MIF_CD74_CD44","MIF - (CD74+CD44)","MIF","Secreted Signaling","PMID: 29637711; PMID: 26175090"
"CMP","DC-Monocyt","CSF1","CSF1R",0.00439838382044561,0,"CSF1_CSF1R","CSF1 - CSF1R","CSF","Secreted Signaling","KEGG: hsa04060"
"CMP","Macrophage","CSF1","CSF1R",0.0123951990758071,0,"CSF1_CSF1R","CSF1 - CSF1R","CSF","Secreted Signaling","KEGG: hsa04060"
"DC-Monocyt","B_cell","TNFSF13B","TNFRSF17",0.00271927575208401,0,"TNFSF13B_TNFRSF17","TNFSF13B - TNFRSF17","BAFF","Secreted Signaling","KEGG: hsa04060"
"Macrophage","B_cell","TNFSF13B","TNFRSF17",0.00849925682436223,0,"TNFSF13B_TNFRSF17","TNFSF13B - TNFRSF17","BAFF","Secreted Signaling","KEGG: hsa04060"
"Pre-B_cell_CD34-","B_cell","TNFSF13B","TNFRSF17",0.00297958560495918,0,"TNFSF13B_TNFRSF17","TNFSF13B - TNFRSF17","BAFF","Secreted Signaling","KEGG: hsa04060"
"DC-Monocyt","Endothelial_cells","TNFSF13B","TNFRSF17",0.00259653741398884,0,"TNFSF13B_TNFRSF17","TNFSF13B - TNFRSF17","BAFF","Secreted Signaling","KEGG: hsa04060"
"Macrophage","Endothelial_cells","TNFSF13B","TNFRSF17",0.00811775450197483,0,"TNFSF13B_TNFRSF17","TNFSF13B - TNFRSF17","BAFF","Secreted Signaling","KEGG: hsa04060"
"Pre-B_cell_CD34-","Endothelial_cells","TNFSF13B","TNFRSF17",0.00284513133518503,0,"TNFSF13B_TNFRSF17","TNFSF13B - TNFRSF17","BAFF","Secreted Signaling","KEGG: hsa04060"
"DC-Monocyt","B_cell","SPP1","CD44",0.00182641153206597,0,"SPP1_CD44","SPP1 - CD44","SPP1","Secreted Signaling","PMID: 21907263"
"Endothelial_cells","B_cell","SPP1","CD44",0.00182144621809141,0,"SPP1_CD44","SPP1 - CD44","SPP1","Secreted Signaling","PMID: 21907263"
"Macrophage","B_cell","SPP1","CD44",0.0240701684522512,0,"SPP1_CD44","SPP1 - CD44","SPP1","Secreted Signaling","PMID: 21907263"
"DC-Monocyt","CMP","SPP1","CD44",0.0130109971120918,0,"SPP1_CD44","SPP1 - CD44","SPP1","Secreted Signaling","PMID: 21907263"
"Endothelial_cells","CMP","SPP1","CD44",0.0129760204690547,0,"SPP1_CD44","SPP1 - CD44","SPP1","Secreted Signaling","PMID: 21907263"
"Macrophage","CMP","SPP1","CD44",0.150881071282059,0,"SPP1_CD44","SPP1 - CD44","SPP1","Secreted Signaling","PMID: 21907263"
"DC-Monocyt","DC-Monocyt","SPP1","CD44",0.00643231726934128,0,"SPP1_CD44","SPP1 - CD44","SPP1","Secreted Signaling","PMID: 21907263"
"Endothelial_cells","DC-Monocyt","SPP1","CD44",0.00641491073291258,0,"SPP1_CD44","SPP1 - CD44","SPP1","Secreted Signaling","PMID: 21907263"
"Macrophage","DC-Monocyt","SPP1","CD44",0.0802606611347351,0,"SPP1_CD44","SPP1 - CD44","SPP1","Secreted Signaling","PMID: 21907263"
"DC-Monocyt","Fibroblasts-Tissue_stem_cells","SPP1","CD44",0.00628213664550284,0,"SPP1_CD44","SPP1 - CD44","SPP1","Secreted Signaling","PMID: 21907263"
"Endothelial_cells","Fibroblasts-Tissue_stem_cells","SPP1","CD44",0.0062651339511922,0,"SPP1_CD44","SPP1 - CD44","SPP1","Secreted Signaling","PMID: 21907263"
"Macrophage","Fibroblasts-Tissue_stem_cells","SPP1","CD44",0.0785229779739355,0,"SPP1_CD44","SPP1 - CD44","SPP1","Secreted Signaling","PMID: 21907263"
"DC-Monocyt","iPS_cells","SPP1","CD44",0.00364992231865565,0,"SPP1_CD44","SPP1 - CD44","SPP1","Secreted Signaling","PMID: 21907263"
"Endothelial_cells","iPS_cells","SPP1","CD44",0.00364001765486675,0,"SPP1_CD44","SPP1 - CD44","SPP1","Secreted Signaling","PMID: 21907263"
"Macrophage","iPS_cells","SPP1","CD44",0.0470551745230874,0,"SPP1_CD44","SPP1 - CD44","SPP1","Secreted Signaling","PMID: 21907263"
"DC-Monocyt","Macrophage","SPP1","CD44",0.011738307665995,0,"SPP1_CD44","SPP1 - CD44","SPP1","Secreted Signaling","PMID: 21907263"
"Endothelial_cells","Macrophage","SPP1","CD44",0.0117067117336857,0,"SPP1_CD44","SPP1 - CD44","SPP1","Secreted Signaling","PMID: 21907263"
"Macrophage","Macrophage","SPP1","CD44",0.138008128755417,0,"SPP1_CD44","SPP1 - CD44","SPP1","Secreted Signaling","PMID: 21907263"
"DC-Monocyt","NK_cell-T_cells","SPP1","CD44",0.00324917276442278,0,"SPP1_CD44","SPP1 - CD44","SPP1","Secreted Signaling","PMID: 21907263"
"Endothelial_cells","NK_cell-T_cells","SPP1","CD44",0.00324035206358986,0,"SPP1_CD44","SPP1 - CD44","SPP1","Secreted Signaling","PMID: 21907263"
"Macrophage","NK_cell-T_cells","SPP1","CD44",0.0420899954148268,0,"SPP1_CD44","SPP1 - CD44","SPP1","Secreted Signaling","PMID: 21907263"
"DC-Monocyt","Normal_Epithelial","SPP1","CD44",0.00405023756460967,0,"SPP1_CD44","SPP1 - CD44","SPP1","Secreted Signaling","PMID: 21907263"
"Endothelial_cells","Normal_Epithelial","SPP1","CD44",0.00403925098363875,0,"SPP1_CD44","SPP1 - CD44","SPP1","Secreted Signaling","PMID: 21907263"
"Macrophage","Normal_Epithelial","SPP1","CD44",0.0519677763392378,0,"SPP1_CD44","SPP1 - CD44","SPP1","Secreted Signaling","PMID: 21907263"
"DC-Monocyt","Tumor_Epithelial","SPP1","CD44",0.000729104417288236,0,"SPP1_CD44","SPP1 - CD44","SPP1","Secreted Signaling","PMID: 21907263"
"Endothelial_cells","Tumor_Epithelial","SPP1","CD44",0.000727120088328128,0,"SPP1_CD44","SPP1 - CD44","SPP1","Secreted Signaling","PMID: 21907263"
"Macrophage","Tumor_Epithelial","SPP1","CD44",0.00973921696674114,0,"SPP1_CD44","SPP1 - CD44","SPP1","Secreted Signaling","PMID: 21907263"
"DC-Monocyt","Fibroblasts-Tissue_stem_cells","SPP1","ITGAV_ITGB1",0.00454278024816931,0,"SPP1_ITGAV_ITGB1","SPP1 - (ITGAV+ITGB1)","SPP1","Secreted Signaling","PMID: 21907263"
"Endothelial_cells","Fibroblasts-Tissue_stem_cells","SPP1","ITGAV_ITGB1",0.00453046368486549,0,"SPP1_ITGAV_ITGB1","SPP1 - (ITGAV+ITGB1)","SPP1","Secreted Signaling","PMID: 21907263"
"Macrophage","Fibroblasts-Tissue_stem_cells","SPP1","ITGAV_ITGB1",0.0579484427649887,0,"SPP1_ITGAV_ITGB1","SPP1 - (ITGAV+ITGB1)","SPP1","Secreted Signaling","PMID: 21907263"
"DC-Monocyt","Macrophage","SPP1","ITGAV_ITGB1",0.00232821316784259,0,"SPP1_ITGAV_ITGB1","SPP1 - (ITGAV+ITGB1)","SPP1","Secreted Signaling","PMID: 21907263"
"Endothelial_cells","Macrophage","SPP1","ITGAV_ITGB1",0.00232188682059267,0,"SPP1_ITGAV_ITGB1","SPP1 - (ITGAV+ITGB1)","SPP1","Secreted Signaling","PMID: 21907263"
"Macrophage","Macrophage","SPP1","ITGAV_ITGB1",0.0304966635224415,0,"SPP1_ITGAV_ITGB1","SPP1 - (ITGAV+ITGB1)","SPP1","Secreted Signaling","PMID: 21907263"
"DC-Monocyt","Fibroblasts-Tissue_stem_cells","SPP1","ITGAV_ITGB5",0.00147663377681764,0,"SPP1_ITGAV_ITGB5","SPP1 - (ITGAV+ITGB5)","SPP1","Secreted Signaling","PMID: 21907263"
"Endothelial_cells","Fibroblasts-Tissue_stem_cells","SPP1","ITGAV_ITGB5",0.00147261797180493,0,"SPP1_ITGAV_ITGB5","SPP1 - (ITGAV+ITGB5)","SPP1","Secreted Signaling","PMID: 21907263"
"Macrophage","Fibroblasts-Tissue_stem_cells","SPP1","ITGAV_ITGB5",0.0195438760470426,0,"SPP1_ITGAV_ITGB5","SPP1 - (ITGAV+ITGB5)","SPP1","Secreted Signaling","PMID: 21907263"
"DC-Monocyt","DC-Monocyt","SPP1","ITGA4_ITGB1",0.00111608181838886,0,"SPP1_ITGA4_ITGB1","SPP1 - (ITGA4+ITGB1)","SPP1","Secreted Signaling","PMID: 21907263"
"Endothelial_cells","DC-Monocyt","SPP1","ITGA4_ITGB1",0.00111304546570607,0,"SPP1_ITGA4_ITGB1","SPP1 - (ITGA4+ITGB1)","SPP1","Secreted Signaling","PMID: 21907263"
"Macrophage","DC-Monocyt","SPP1","ITGA4_ITGB1",0.0148373694837924,0,"SPP1_ITGA4_ITGB1","SPP1 - (ITGA4+ITGB1)","SPP1","Secreted Signaling","PMID: 21907263"
"DC-Monocyt","Fibroblasts-Tissue_stem_cells","SPP1","ITGA5_ITGB1",0.00353241608421409,0,"SPP1_ITGA5_ITGB1","SPP1 - (ITGA5+ITGB1)","SPP1","Secreted Signaling","PMID: 21907263"
"Endothelial_cells","Fibroblasts-Tissue_stem_cells","SPP1","ITGA5_ITGB1",0.00352282916544691,0,"SPP1_ITGA5_ITGB1","SPP1 - (ITGA5+ITGB1)","SPP1","Secreted Signaling","PMID: 21907263"
"Macrophage","Fibroblasts-Tissue_stem_cells","SPP1","ITGA5_ITGB1",0.0456042326787841,0,"SPP1_ITGA5_ITGB1","SPP1 - (ITGA5+ITGB1)","SPP1","Secreted Signaling","PMID: 21907263"
"DC-Monocyt","Macrophage","SPP1","ITGA5_ITGB1",0.0020915837160574,0,"SPP1_ITGA5_ITGB1","SPP1 - (ITGA5+ITGB1)","SPP1","Secreted Signaling","PMID: 21907263"
"Endothelial_cells","Macrophage","SPP1","ITGA5_ITGB1",0.00208589900687747,0,"SPP1_ITGA5_ITGB1","SPP1 - (ITGA5+ITGB1)","SPP1","Secreted Signaling","PMID: 21907263"
"Macrophage","Macrophage","SPP1","ITGA5_ITGB1",0.0274759604006755,0,"SPP1_ITGA5_ITGB1","SPP1 - (ITGA5+ITGB1)","SPP1","Secreted Signaling","PMID: 21907263"
"DC-Monocyt","iPS_cells","NAMPT","INSR",0.00664136217982308,0,"NAMPT_INSR","NAMPT - INSR","VISFATIN","Secreted Signaling","PMID: 28490838"
"Endothelial_cells","iPS_cells","NAMPT","INSR",0.00117440651187032,0,"NAMPT_INSR","NAMPT - INSR","VISFATIN","Secreted Signaling","PMID: 28490838"
"Fibroblasts-Tissue_stem_cells","iPS_cells","NAMPT","INSR",0.00202826808682176,0,"NAMPT_INSR","NAMPT - INSR","VISFATIN","Secreted Signaling","PMID: 28490838"
"Macrophage","iPS_cells","NAMPT","INSR",0.0116377229707739,0,"NAMPT_INSR","NAMPT - INSR","VISFATIN","Secreted Signaling","PMID: 28490838"
"Normal_Epithelial","iPS_cells","NAMPT","INSR",0.00203891304529495,0,"NAMPT_INSR","NAMPT - INSR","VISFATIN","Secreted Signaling","PMID: 28490838"
"Pre-B_cell_CD34-","iPS_cells","NAMPT","INSR",0.00210663846183079,0,"NAMPT_INSR","NAMPT - INSR","VISFATIN","Secreted Signaling","PMID: 28490838"
"Tumor_Epithelial","iPS_cells","NAMPT","INSR",0.000893598464701008,0,"NAMPT_INSR","NAMPT - INSR","VISFATIN","Secreted Signaling","PMID: 28490838"
"DC-Monocyt","Normal_Epithelial","NAMPT","INSR",0.00702575104979821,0,"NAMPT_INSR","NAMPT - INSR","VISFATIN","Secreted Signaling","PMID: 28490838"
"Endothelial_cells","Normal_Epithelial","NAMPT","INSR",0.00124277469492361,0,"NAMPT_INSR","NAMPT - INSR","VISFATIN","Secreted Signaling","PMID: 28490838"
"Fibroblasts-Tissue_stem_cells","Normal_Epithelial","NAMPT","INSR",0.00214623709016002,0,"NAMPT_INSR","NAMPT - INSR","VISFATIN","Secreted Signaling","PMID: 28490838"
"Macrophage","Normal_Epithelial","NAMPT","INSR",0.0123077083612468,0,"NAMPT_INSR","NAMPT - INSR","VISFATIN","Secreted Signaling","PMID: 28490838"
"Normal_Epithelial","Normal_Epithelial","NAMPT","INSR",0.00215749984679741,0,"NAMPT_INSR","NAMPT - INSR","VISFATIN","Secreted Signaling","PMID: 28490838"
"Pre-B_cell_CD34-","Normal_Epithelial","NAMPT","INSR",0.0022291554951112,0,"NAMPT_INSR","NAMPT - INSR","VISFATIN","Secreted Signaling","PMID: 28490838"
"Tumor_Epithelial","Normal_Epithelial","NAMPT","INSR",0.000945634858194073,0,"NAMPT_INSR","NAMPT - INSR","VISFATIN","Secreted Signaling","PMID: 28490838"
"DC-Monocyt","Fibroblasts-Tissue_stem_cells","NAMPT","ITGA5_ITGB1",0.0235074335807276,0,"NAMPT_ITGA5_ITGB1","NAMPT - (ITGA5+ITGB1)","VISFATIN","Secreted Signaling","PMID: 28490838"
"Endothelial_cells","Fibroblasts-Tissue_stem_cells","NAMPT","ITGA5_ITGB1",0.00421579230824255,0,"NAMPT_ITGA5_ITGB1","NAMPT - (ITGA5+ITGB1)","VISFATIN","Secreted Signaling","PMID: 28490838"
"Fibroblasts-Tissue_stem_cells","Fibroblasts-Tissue_stem_cells","NAMPT","ITGA5_ITGB1",0.00726483421150334,0,"NAMPT_ITGA5_ITGB1","NAMPT - (ITGA5+ITGB1)","VISFATIN","Secreted Signaling","PMID: 28490838"
"Macrophage","Fibroblasts-Tissue_stem_cells","NAMPT","ITGA5_ITGB1",0.0406727752693774,0,"NAMPT_ITGA5_ITGB1","NAMPT - (ITGA5+ITGB1)","VISFATIN","Secreted Signaling","PMID: 28490838"
"Normal_Epithelial","Fibroblasts-Tissue_stem_cells","NAMPT","ITGA5_ITGB1",0.00730276112739257,0,"NAMPT_ITGA5_ITGB1","NAMPT - (ITGA5+ITGB1)","VISFATIN","Secreted Signaling","PMID: 28490838"
"Pre-B_cell_CD34-","Fibroblasts-Tissue_stem_cells","NAMPT","ITGA5_ITGB1",0.00754401105887427,0,"NAMPT_ITGA5_ITGB1","NAMPT - (ITGA5+ITGB1)","VISFATIN","Secreted Signaling","PMID: 28490838"
"Tumor_Epithelial","Fibroblasts-Tissue_stem_cells","NAMPT","ITGA5_ITGB1",0.00321010680472485,0,"NAMPT_ITGA5_ITGB1","NAMPT - (ITGA5+ITGB1)","VISFATIN","Secreted Signaling","PMID: 28490838"
"DC-Monocyt","Macrophage","NAMPT","ITGA5_ITGB1",0.0140337652234429,0,"NAMPT_ITGA5_ITGB1","NAMPT - (ITGA5+ITGB1)","VISFATIN","Secreted Signaling","PMID: 28490838"
"Endothelial_cells","Macrophage","NAMPT","ITGA5_ITGB1",0.0024969170075522,0,"NAMPT_ITGA5_ITGB1","NAMPT - (ITGA5+ITGB1)","VISFATIN","Secreted Signaling","PMID: 28490838"
"Fibroblasts-Tissue_stem_cells","Macrophage","NAMPT","ITGA5_ITGB1",0.00430817297541466,0,"NAMPT_ITGA5_ITGB1","NAMPT - (ITGA5+ITGB1)","VISFATIN","Secreted Signaling","PMID: 28490838"
"Macrophage","Macrophage","NAMPT","ITGA5_ITGB1",0.0244545916345607,0,"NAMPT_ITGA5_ITGB1","NAMPT - (ITGA5+ITGB1)","VISFATIN","Secreted Signaling","PMID: 28490838"
"Normal_Epithelial","Macrophage","NAMPT","ITGA5_ITGB1",0.00433073163244907,0,"NAMPT_ITGA5_ITGB1","NAMPT - (ITGA5+ITGB1)","VISFATIN","Secreted Signaling","PMID: 28490838"
"Pre-B_cell_CD34-","Macrophage","NAMPT","ITGA5_ITGB1",0.00447424178307822,0,"NAMPT_ITGA5_ITGB1","NAMPT - (ITGA5+ITGB1)","VISFATIN","Secreted Signaling","PMID: 28490838"
"Tumor_Epithelial","Macrophage","NAMPT","ITGA5_ITGB1",0.00190048999194154,0,"NAMPT_ITGA5_ITGB1","NAMPT - (ITGA5+ITGB1)","VISFATIN","Secreted Signaling","PMID: 28490838"
"Fibroblasts-Tissue_stem_cells","Fibroblasts-Tissue_stem_cells","ANGPTL2","ITGA5_ITGB1",0.00617398854022615,0,"ANGPTL2_ITGA5_ITGB1","ANGPTL2 - (ITGA5+ITGB1)","ANGPTL","Secreted Signaling","PMID: 24478758"
"Fibroblasts-Tissue_stem_cells","Macrophage","ANGPTL2","ITGA5_ITGB1",0.00365964592104891,0,"ANGPTL2_ITGA5_ITGB1","ANGPTL2 - (ITGA5+ITGB1)","ANGPTL","Secreted Signaling","PMID: 24478758"
"Fibroblasts-Tissue_stem_cells","Macrophage","ANGPTL2","TLR4",0.00119861900248911,0,"ANGPTL2_TLR4","ANGPTL2 - TLR4","ANGPTL","Secreted Signaling","PMID: 24478758"
"Fibroblasts-Tissue_stem_cells","Macrophage","ANGPTL2","LILRB3",0.0018446083189443,0,"ANGPTL2_PIRB","ANGPTL2 - PIRB","ANGPTL","Secreted Signaling","PMID: 24478758"
"Fibroblasts-Tissue_stem_cells","Fibroblasts-Tissue_stem_cells","ANGPTL4","ITGA5_ITGB1",0.00580718708533304,0,"ANGPTL4_ITGA5_ITGB1","ANGPTL4 - (ITGA5+ITGB1)","ANGPTL","Secreted Signaling","PMID: 30049845"
"Fibroblasts-Tissue_stem_cells","Macrophage","ANGPTL4","ITGA5_ITGB1",0.00344170620152774,0,"ANGPTL4_ITGA5_ITGB1","ANGPTL4 - (ITGA5+ITGB1)","ANGPTL","Secreted Signaling","PMID: 30049845"
"Fibroblasts-Tissue_stem_cells","Fibroblasts-Tissue_stem_cells","ANGPTL4","CDH11",0.00647483573292061,0,"ANGPTL4_CDH11","ANGPTL4 - CDH11","ANGPTL","Secreted Signaling","PMID: 30049845"
"Fibroblasts-Tissue_stem_cells","Endothelial_cells","ANGPTL4","SDC1",0.00173284395038579,0,"ANGPTL4_SDC1","ANGPTL4 - SDC1","ANGPTL","Secreted Signaling","PMID: 29017031"
"Fibroblasts-Tissue_stem_cells","Tumor_Epithelial","ANGPTL4","SDC1",0.00651807062728546,0,"ANGPTL4_SDC1","ANGPTL4 - SDC1","ANGPTL","Secreted Signaling","PMID: 29017031"
"Fibroblasts-Tissue_stem_cells","Fibroblasts-Tissue_stem_cells","ANGPTL4","SDC2",0.00317130058640956,0,"ANGPTL4_SDC2","ANGPTL4 - SDC2","ANGPTL","Secreted Signaling","PMID: 29017031"
"Fibroblasts-Tissue_stem_cells","Tumor_Epithelial","ANGPTL4","SDC2",0.00114864381176009,0,"ANGPTL4_SDC2","ANGPTL4 - SDC2","ANGPTL","Secreted Signaling","PMID: 29017031"
"Fibroblasts-Tissue_stem_cells","Macrophage","ANGPTL4","SDC3",0.00240515866578337,0,"ANGPTL4_SDC3","ANGPTL4 - SDC3","ANGPTL","Secreted Signaling","PMID: 29017031"
"Fibroblasts-Tissue_stem_cells","iPS_cells","ANGPTL4","SDC4",0.00533697488160248,0,"ANGPTL4_SDC4","ANGPTL4 - SDC4","ANGPTL","Secreted Signaling","PMID: 29017031"
"Fibroblasts-Tissue_stem_cells","Normal_Epithelial","ANGPTL4","SDC4",0.00335205422606881,0,"ANGPTL4_SDC4","ANGPTL4 - SDC4","ANGPTL","Secreted Signaling","PMID: 29017031"
"Fibroblasts-Tissue_stem_cells","Tumor_Epithelial","ANGPTL4","SDC4",0.00139387163397289,0,"ANGPTL4_SDC4","ANGPTL4 - SDC4","ANGPTL","Secreted Signaling","PMID: 29017031"
"Fibroblasts-Tissue_stem_cells","Endothelial_cells","MDK","SDC1",0.00507119030734477,0,"MDK_SDC1","MDK - SDC1","MK","Secreted Signaling","PMID: 28356350"
"iPS_cells","Endothelial_cells","MDK","SDC1",0.0121509650407743,0,"MDK_SDC1","MDK - SDC1","MK","Secreted Signaling","PMID: 28356350"
"Normal_Epithelial","Endothelial_cells","MDK","SDC1",0.00581380765186461,0,"MDK_SDC1","MDK - SDC1","MK","Secreted Signaling","PMID: 28356350"
"Tumor_Epithelial","Endothelial_cells","MDK","SDC1",0.0129330738326217,0,"MDK_SDC1","MDK - SDC1","MK","Secreted Signaling","PMID: 28356350"
"Fibroblasts-Tissue_stem_cells","Tumor_Epithelial","MDK","SDC1",0.0189006742558454,0,"MDK_SDC1","MDK - SDC1","MK","Secreted Signaling","PMID: 28356350"
"iPS_cells","Tumor_Epithelial","MDK","SDC1",0.0444253863179822,0,"MDK_SDC1","MDK - SDC1","MK","Secreted Signaling","PMID: 28356350"
"Normal_Epithelial","Tumor_Epithelial","MDK","SDC1",0.0216244436999982,0,"MDK_SDC1","MDK - SDC1","MK","Secreted Signaling","PMID: 28356350"
"Tumor_Epithelial","Tumor_Epithelial","MDK","SDC1",0.0471856419354493,0,"MDK_SDC1","MDK - SDC1","MK","Secreted Signaling","PMID: 28356350"
"Fibroblasts-Tissue_stem_cells","Fibroblasts-Tissue_stem_cells","MDK","SDC2",0.0092551598492748,0,"MDK_SDC2","MDK - SDC2","MK","Secreted Signaling","PMID: 28356350"
"iPS_cells","Fibroblasts-Tissue_stem_cells","MDK","SDC2",0.0220466463000776,0,"MDK_SDC2","MDK - SDC2","MK","Secreted Signaling","PMID: 28356350"
"Normal_Epithelial","Fibroblasts-Tissue_stem_cells","MDK","SDC2",0.0106039412003162,0,"MDK_SDC2","MDK - SDC2","MK","Secreted Signaling","PMID: 28356350"
"Tumor_Epithelial","Fibroblasts-Tissue_stem_cells","MDK","SDC2",0.0234505798660786,0,"MDK_SDC2","MDK - SDC2","MK","Secreted Signaling","PMID: 28356350"
"Fibroblasts-Tissue_stem_cells","Tumor_Epithelial","MDK","SDC2",0.00336531515370474,0,"MDK_SDC2","MDK - SDC2","MK","Secreted Signaling","PMID: 28356350"
"iPS_cells","Tumor_Epithelial","MDK","SDC2",0.00808290377762895,0,"MDK_SDC2","MDK - SDC2","MK","Secreted Signaling","PMID: 28356350"
"Normal_Epithelial","Tumor_Epithelial","MDK","SDC2",0.00385909569039814,0,"MDK_SDC2","MDK - SDC2","MK","Secreted Signaling","PMID: 28356350"
"Tumor_Epithelial","Tumor_Epithelial","MDK","SDC2",0.00860544882129439,0,"MDK_SDC2","MDK - SDC2","MK","Secreted Signaling","PMID: 28356350"
"Fibroblasts-Tissue_stem_cells","iPS_cells","MDK","SDC4",0.015510841246492,0,"MDK_SDC4","MDK - SDC4","MK","Secreted Signaling","PMID: 28356350"
"iPS_cells","iPS_cells","MDK","SDC4",0.0366286108718544,0,"MDK_SDC4","MDK - SDC4","MK","Secreted Signaling","PMID: 28356350"
"Normal_Epithelial","iPS_cells","MDK","SDC4",0.0177549435785395,0,"MDK_SDC4","MDK - SDC4","MK","Secreted Signaling","PMID: 28356350"
"Tumor_Epithelial","iPS_cells","MDK","SDC4",0.0389241669236276,0,"MDK_SDC4","MDK - SDC4","MK","Secreted Signaling","PMID: 28356350"
"Fibroblasts-Tissue_stem_cells","Normal_Epithelial","MDK","SDC4",0.00977927148859591,0,"MDK_SDC4","MDK - SDC4","MK","Secreted Signaling","PMID: 28356350"
"iPS_cells","Normal_Epithelial","MDK","SDC4",0.0232781091741609,0,"MDK_SDC4","MDK - SDC4","MK","Secreted Signaling","PMID: 28356350"
"Normal_Epithelial","Normal_Epithelial","MDK","SDC4",0.0112035694264497,0,"MDK_SDC4","MDK - SDC4","MK","Secreted Signaling","PMID: 28356350"
"Tumor_Epithelial","Normal_Epithelial","MDK","SDC4",0.0247584771479758,0,"MDK_SDC4","MDK - SDC4","MK","Secreted Signaling","PMID: 28356350"
"Fibroblasts-Tissue_stem_cells","Tumor_Epithelial","MDK","SDC4",0.00408185364322693,0,"MDK_SDC4","MDK - SDC4","MK","Secreted Signaling","PMID: 28356350"
"iPS_cells","Tumor_Epithelial","MDK","SDC4",0.00979403408904944,0,"MDK_SDC4","MDK - SDC4","MK","Secreted Signaling","PMID: 28356350"
"Normal_Epithelial","Tumor_Epithelial","MDK","SDC4",0.00468027556149643,0,"MDK_SDC4","MDK - SDC4","MK","Secreted Signaling","PMID: 28356350"
"Tumor_Epithelial","Tumor_Epithelial","MDK","SDC4",0.010426037856532,0,"MDK_SDC4","MDK - SDC4","MK","Secreted Signaling","PMID: 28356350"
"Fibroblasts-Tissue_stem_cells","DC-Monocyt","MDK","ITGA4_ITGB1",0.00537689192384747,0,"MDK_ITGA4_ITGB1","MDK - (ITGA4+ITGB1)","MK","Secreted Signaling","PMID: 28356350"
"iPS_cells","DC-Monocyt","MDK","ITGA4_ITGB1",0.0128779257131729,0,"MDK_ITGA4_ITGB1","MDK - (ITGA4+ITGB1)","MK","Secreted Signaling","PMID: 28356350"
"Normal_Epithelial","DC-Monocyt","MDK","ITGA4_ITGB1",0.0061639983980832,0,"MDK_ITGA4_ITGB1","MDK - (ITGA4+ITGB1)","MK","Secreted Signaling","PMID: 28356350"
"Tumor_Epithelial","DC-Monocyt","MDK","ITGA4_ITGB1",0.0137061768205066,0,"MDK_ITGA4_ITGB1","MDK - (ITGA4+ITGB1)","MK","Secreted Signaling","PMID: 28356350"
"Fibroblasts-Tissue_stem_cells","Endothelial_cells","MDK","ITGA6_ITGB1",0.00813990602116311,0,"MDK_ITGA6_ITGB1","MDK - (ITGA6+ITGB1)","MK","Secreted Signaling","PMID: 28356350"
"iPS_cells","Endothelial_cells","MDK","ITGA6_ITGB1",0.0194202222381312,0,"MDK_ITGA6_ITGB1","MDK - (ITGA6+ITGB1)","MK","Secreted Signaling","PMID: 28356350"
"Normal_Epithelial","Endothelial_cells","MDK","ITGA6_ITGB1",0.00932768837327647,0,"MDK_ITGA6_ITGB1","MDK - (ITGA6+ITGB1)","MK","Secreted Signaling","PMID: 28356350"
"Tumor_Epithelial","Endothelial_cells","MDK","ITGA6_ITGB1",0.0206604381263157,0,"MDK_ITGA6_ITGB1","MDK - (ITGA6+ITGB1)","MK","Secreted Signaling","PMID: 28356350"
"Fibroblasts-Tissue_stem_cells","iPS_cells","MDK","ITGA6_ITGB1",0.00814801087540871,0,"MDK_ITGA6_ITGB1","MDK - (ITGA6+ITGB1)","MK","Secreted Signaling","PMID: 28356350"
"iPS_cells","iPS_cells","MDK","ITGA6_ITGB1",0.019439338704238,0,"MDK_ITGA6_ITGB1","MDK - (ITGA6+ITGB1)","MK","Secreted Signaling","PMID: 28356350"
"Normal_Epithelial","iPS_cells","MDK","ITGA6_ITGB1",0.00933696476193964,0,"MDK_ITGA6_ITGB1","MDK - (ITGA6+ITGB1)","MK","Secreted Signaling","PMID: 28356350"
"Tumor_Epithelial","iPS_cells","MDK","ITGA6_ITGB1",0.0206807496623709,0,"MDK_ITGA6_ITGB1","MDK - (ITGA6+ITGB1)","MK","Secreted Signaling","PMID: 28356350"
"Fibroblasts-Tissue_stem_cells","Fibroblasts-Tissue_stem_cells","MDK","LRP1",0.0261656726912406,0,"MDK_LRP1","MDK - LRP1","MK","Secreted Signaling","PMID: 28356350"
"iPS_cells","Fibroblasts-Tissue_stem_cells","MDK","LRP1",0.0608925814927299,0,"MDK_LRP1","MDK - LRP1","MK","Secreted Signaling","PMID: 28356350"
"Normal_Epithelial","Fibroblasts-Tissue_stem_cells","MDK","LRP1",0.0299044866284884,0,"MDK_LRP1","MDK - LRP1","MK","Secreted Signaling","PMID: 28356350"
"Tumor_Epithelial","Fibroblasts-Tissue_stem_cells","MDK","LRP1",0.0646068080169121,0,"MDK_LRP1","MDK - LRP1","MK","Secreted Signaling","PMID: 28356350"
"Fibroblasts-Tissue_stem_cells","Macrophage","MDK","LRP1",0.00637952686651615,0,"MDK_LRP1","MDK - LRP1","MK","Secreted Signaling","PMID: 28356350"
"iPS_cells","Macrophage","MDK","LRP1",0.0152578297704352,0,"MDK_LRP1","MDK - LRP1","MK","Secreted Signaling","PMID: 28356350"
"Normal_Epithelial","Macrophage","MDK","LRP1",0.00731232689827241,0,"MDK_LRP1","MDK - LRP1","MK","Secreted Signaling","PMID: 28356350"
"Tumor_Epithelial","Macrophage","MDK","LRP1",0.0162366280790302,0,"MDK_LRP1","MDK - LRP1","MK","Secreted Signaling","PMID: 28356350"
"iPS_cells","B_cell","MDK","NCL",0.0278361595716944,0,"MDK_NCL","MDK - NCL","MK","Secreted Signaling","PMID: 28356350"
"Tumor_Epithelial","B_cell","MDK","NCL",0.0295976122095109,0,"MDK_NCL","MDK - NCL","MK","Secreted Signaling","PMID: 28356350"
"iPS_cells","CMP","MDK","NCL",0.0276878839586049,0,"MDK_NCL","MDK - NCL","MK","Secreted Signaling","PMID: 28356350"
"Tumor_Epithelial","CMP","MDK","NCL",0.0294402379602698,0,"MDK_NCL","MDK - NCL","MK","Secreted Signaling","PMID: 28356350"
"Fibroblasts-Tissue_stem_cells","DC-Monocyt","MDK","NCL",0.0296672138616781,0,"MDK_NCL","MDK - NCL","MK","Secreted Signaling","PMID: 28356350"
"iPS_cells","DC-Monocyt","MDK","NCL",0.0687134385605242,0,"MDK_NCL","MDK - NCL","MK","Secreted Signaling","PMID: 28356350"
"Normal_Epithelial","DC-Monocyt","MDK","NCL",0.0338889517240997,0,"MDK_NCL","MDK - NCL","MK","Secreted Signaling","PMID: 28356350"
"Tumor_Epithelial","DC-Monocyt","MDK","NCL",0.0728676939582199,0,"MDK_NCL","MDK - NCL","MK","Secreted Signaling","PMID: 28356350"
"Fibroblasts-Tissue_stem_cells","Endothelial_cells","MDK","NCL",0.0192879376877607,0,"MDK_NCL","MDK - NCL","MK","Secreted Signaling","PMID: 28356350"
"iPS_cells","Endothelial_cells","MDK","NCL",0.0453114819342916,0,"MDK_NCL","MDK - NCL","MK","Secreted Signaling","PMID: 28356350"
"Normal_Epithelial","Endothelial_cells","MDK","NCL",0.0220662603205025,0,"MDK_NCL","MDK - NCL","MK","Secreted Signaling","PMID: 28356350"
"Tumor_Epithelial","Endothelial_cells","MDK","NCL",0.0481240201380431,0,"MDK_NCL","MDK - NCL","MK","Secreted Signaling","PMID: 28356350"
"Fibroblasts-Tissue_stem_cells","Fibroblasts-Tissue_stem_cells","MDK","NCL",0.0257157891829094,0,"MDK_NCL","MDK - NCL","MK","Secreted Signaling","PMID: 28356350"
"iPS_cells","Fibroblasts-Tissue_stem_cells","MDK","NCL",0.0598823309196768,0,"MDK_NCL","MDK - NCL","MK","Secreted Signaling","PMID: 28356350"
"Normal_Epithelial","Fibroblasts-Tissue_stem_cells","MDK","NCL",0.0293922594642926,0,"MDK_NCL","MDK - NCL","MK","Secreted Signaling","PMID: 28356350"
"Tumor_Epithelial","Fibroblasts-Tissue_stem_cells","MDK","NCL",0.0635391050840848,0,"MDK_NCL","MDK - NCL","MK","Secreted Signaling","PMID: 28356350"
"Fibroblasts-Tissue_stem_cells","iPS_cells","MDK","NCL",0.0276230124831991,0,"MDK_NCL","MDK - NCL","MK","Secreted Signaling","PMID: 28356350"
"iPS_cells","iPS_cells","MDK","NCL",0.0641566689189405,0,"MDK_NCL","MDK - NCL","MK","Secreted Signaling","PMID: 28356350"
"Normal_Epithelial","iPS_cells","MDK","NCL",0.031563316432446,0,"MDK_NCL","MDK - NCL","MK","Secreted Signaling","PMID: 28356350"
"Tumor_Epithelial","iPS_cells","MDK","NCL",0.0680555646660273,0,"MDK_NCL","MDK - NCL","MK","Secreted Signaling","PMID: 28356350"
"Fibroblasts-Tissue_stem_cells","Macrophage","MDK","NCL",0.023199282818896,0,"MDK_NCL","MDK - NCL","MK","Secreted Signaling","PMID: 28356350"
"iPS_cells","Macrophage","MDK","NCL",0.0542083696126212,0,"MDK_NCL","MDK - NCL","MK","Secreted Signaling","PMID: 28356350"
"Normal_Epithelial","Macrophage","MDK","NCL",0.0265257747091589,0,"MDK_NCL","MDK - NCL","MK","Secreted Signaling","PMID: 28356350"
"Tumor_Epithelial","Macrophage","MDK","NCL",0.0575398643477761,0,"MDK_NCL","MDK - NCL","MK","Secreted Signaling","PMID: 28356350"
"Fibroblasts-Tissue_stem_cells","NK_cell-T_cells","MDK","NCL",0.0147575976158189,0,"MDK_NCL","MDK - NCL","MK","Secreted Signaling","PMID: 28356350"
"iPS_cells","NK_cell-T_cells","MDK","NCL",0.0348861782052282,0,"MDK_NCL","MDK - NCL","MK","Secreted Signaling","PMID: 28356350"
"Normal_Epithelial","NK_cell-T_cells","MDK","NCL",0.0168945911227271,0,"MDK_NCL","MDK - NCL","MK","Secreted Signaling","PMID: 28356350"
"Tumor_Epithelial","NK_cell-T_cells","MDK","NCL",0.0370767367783609,0,"MDK_NCL","MDK - NCL","MK","Secreted Signaling","PMID: 28356350"
"Fibroblasts-Tissue_stem_cells","Normal_Epithelial","MDK","NCL",0.0323903625162672,0,"MDK_NCL","MDK - NCL","MK","Secreted Signaling","PMID: 28356350"
"iPS_cells","Normal_Epithelial","MDK","NCL",0.0747445552830087,0,"MDK_NCL","MDK - NCL","MK","Secreted Signaling","PMID: 28356350"
"Normal_Epithelial","Normal_Epithelial","MDK","NCL",0.0369848427124129,0,"MDK_NCL","MDK - NCL","MK","Secreted Signaling","PMID: 28356350"
"Tumor_Epithelial","Normal_Epithelial","MDK","NCL",0.0792324161038369,0,"MDK_NCL","MDK - NCL","MK","Secreted Signaling","PMID: 28356350"
"Fibroblasts-Tissue_stem_cells","Pre-B_cell_CD34-","MDK","NCL",0.0313708568765104,0,"MDK_NCL","MDK - NCL","MK","Secreted Signaling","PMID: 28356350"
"iPS_cells","Pre-B_cell_CD34-","MDK","NCL",0.072491802102661,0,"MDK_NCL","MDK - NCL","MK","Secreted Signaling","PMID: 28356350"
"Normal_Epithelial","Pre-B_cell_CD34-","MDK","NCL",0.0358260774974413,0,"MDK_NCL","MDK - NCL","MK","Secreted Signaling","PMID: 28356350"
"Tumor_Epithelial","Pre-B_cell_CD34-","MDK","NCL",0.076855637036633,0,"MDK_NCL","MDK - NCL","MK","Secreted Signaling","PMID: 28356350"
"Fibroblasts-Tissue_stem_cells","Tumor_Epithelial","MDK","NCL",0.0388227535166705,0,"MDK_NCL","MDK - NCL","MK","Secreted Signaling","PMID: 28356350"
"iPS_cells","Tumor_Epithelial","MDK","NCL",0.0888160033221873,0,"MDK_NCL","MDK - NCL","MK","Secreted Signaling","PMID: 28356350"
"Normal_Epithelial","Tumor_Epithelial","MDK","NCL",0.044287888297286,0,"MDK_NCL","MDK - NCL","MK","Secreted Signaling","PMID: 28356350"
"Tumor_Epithelial","Tumor_Epithelial","MDK","NCL",0.094062858628388,0,"MDK_NCL","MDK - NCL","MK","Secreted Signaling","PMID: 28356350"
"Fibroblasts-Tissue_stem_cells","Endothelial_cells","PTN","SDC1",0.00162109870992084,0,"PTN_SDC1","PTN - SDC1","PTN","Secreted Signaling","PMID: 28356350; PMID: 25620911"
"Fibroblasts-Tissue_stem_cells","Tumor_Epithelial","PTN","SDC1",0.00609962782619577,0,"PTN_SDC1","PTN - SDC1","PTN","Secreted Signaling","PMID: 28356350; PMID: 25620911"
"Fibroblasts-Tissue_stem_cells","Fibroblasts-Tissue_stem_cells","PTN","SDC2",0.00296706985355881,0,"PTN_SDC2","PTN - SDC2","PTN","Secreted Signaling","PMID: 28356350; PMID: 25620911"
"Fibroblasts-Tissue_stem_cells","Tumor_Epithelial","PTN","SDC2",0.00107453110946858,0,"PTN_SDC2","PTN - SDC2","PTN","Secreted Signaling","PMID: 28356350; PMID: 25620911"
"Fibroblasts-Tissue_stem_cells","Macrophage","PTN","SDC3",0.00225015585071791,0,"PTN_SDC3","PTN - SDC3","PTN","Secreted Signaling","PMID: 28356350; PMID: 25620911"
"Fibroblasts-Tissue_stem_cells","iPS_cells","PTN","SDC4",0.00499397414310593,0,"PTN_SDC4","PTN - SDC4","PTN","Secreted Signaling","PMID: 28356350; PMID: 25620911"
"Fibroblasts-Tissue_stem_cells","Normal_Epithelial","PTN","SDC4",0.00313621964047337,0,"PTN_SDC4","PTN - SDC4","PTN","Secreted Signaling","PMID: 28356350; PMID: 25620911"
"Fibroblasts-Tissue_stem_cells","Tumor_Epithelial","PTN","SDC4",0.00130395701782407,0,"PTN_SDC4","PTN - SDC4","PTN","Secreted Signaling","PMID: 28356350; PMID: 25620911"
"Fibroblasts-Tissue_stem_cells","B_cell","PTN","NCL",0.00376552292186869,0,"PTN_NCL","PTN - NCL","PTN","Secreted Signaling","PMID: 28356350; PMID: 25620911"
"Fibroblasts-Tissue_stem_cells","CMP","PTN","NCL",0.00374497109012631,0,"PTN_NCL","PTN - NCL","PTN","Secreted Signaling","PMID: 28356350; PMID: 25620911"
"Fibroblasts-Tissue_stem_cells","DC-Monocyt","PTN","NCL",0.0096458993143947,0,"PTN_NCL","PTN - NCL","PTN","Secreted Signaling","PMID: 28356350; PMID: 25620911"
"Fibroblasts-Tissue_stem_cells","Endothelial_cells","PTN","NCL",0.0062262700490316,0,"PTN_NCL","PTN - NCL","PTN","Secreted Signaling","PMID: 28356350; PMID: 25620911"
"Fibroblasts-Tissue_stem_cells","Fibroblasts-Tissue_stem_cells","PTN","NCL",0.00833823107444941,0,"PTN_NCL","PTN - NCL","PTN","Secreted Signaling","PMID: 28356350; PMID: 25620911"
"Fibroblasts-Tissue_stem_cells","iPS_cells","PTN","NCL",0.00896850363251481,0,"PTN_NCL","PTN - NCL","PTN","Secreted Signaling","PMID: 28356350; PMID: 25620911"
"Fibroblasts-Tissue_stem_cells","Macrophage","PTN","NCL",0.00750915832476002,0,"PTN_NCL","PTN - NCL","PTN","Secreted Signaling","PMID: 28356350; PMID: 25620911"
"Fibroblasts-Tissue_stem_cells","NK_cell-T_cells","PTN","NCL",0.00474899114991241,0,"PTN_NCL","PTN - NCL","PTN","Secreted Signaling","PMID: 28356350; PMID: 25620911"
"Fibroblasts-Tissue_stem_cells","Normal_Epithelial","PTN","NCL",0.0105512783171568,0,"PTN_NCL","PTN - NCL","PTN","Secreted Signaling","PMID: 28356350; PMID: 25620911"
"Fibroblasts-Tissue_stem_cells","Pre-B_cell_CD34-","PTN","NCL",0.0102119160189912,0,"PTN_NCL","PTN - NCL","PTN","Secreted Signaling","PMID: 28356350; PMID: 25620911"
"Fibroblasts-Tissue_stem_cells","Tumor_Epithelial","PTN","NCL",0.0127035930617083,0,"PTN_NCL","PTN - NCL","PTN","Secreted Signaling","PMID: 28356350; PMID: 25620911"
"Fibroblasts-Tissue_stem_cells","Fibroblasts-Tissue_stem_cells","POSTN","ITGAV_ITGB5",0.0157874161032331,0,"POSTN_ITGAV_ITGB5","POSTN - (ITGAV+ITGB5)","PERIOSTIN","Secreted Signaling","PMID: 26721738"
"Fibroblasts-Tissue_stem_cells","Macrophage","C3","C3AR1",0.0110432363858531,0,"C3_C3AR1","C3 - C3AR1","COMPLEMENT","Secreted Signaling","KEGG: hsa04080"
"Macrophage","Macrophage","C3","C3AR1",0.00169923437119975,0,"C3_C3AR1","C3 - C3AR1","COMPLEMENT","Secreted Signaling","KEGG: hsa04080"
"Fibroblasts-Tissue_stem_cells","Macrophage","C3","ITGAM_ITGB2",0.0185459705723114,0,"C3_ITGAM_ITGB2","C3 - (ITGAM+ITGB2)","COMPLEMENT","Secreted Signaling","PMID: 16234578"
"Macrophage","Macrophage","C3","ITGAM_ITGB2",0.00287212460691455,0,"C3_ITGAM_ITGB2","C3 - (ITGAM+ITGB2)","COMPLEMENT","Secreted Signaling","PMID: 16234578"
"Fibroblasts-Tissue_stem_cells","DC-Monocyt","C3","ITGAX_ITGB2",0.0165074070540184,0,"C3_ITGAX_ITGB2","C3 - (ITGAX+ITGB2)","COMPLEMENT","Secreted Signaling","PMID: 16234578"
"Macrophage","DC-Monocyt","C3","ITGAX_ITGB2",0.00255194242866223,0,"C3_ITGAX_ITGB2","C3 - (ITGAX+ITGB2)","COMPLEMENT","Secreted Signaling","PMID: 16234578"
"Fibroblasts-Tissue_stem_cells","Macrophage","C3","ITGAX_ITGB2",0.0196002353823151,0,"C3_ITGAX_ITGB2","C3 - (ITGAX+ITGB2)","COMPLEMENT","Secreted Signaling","PMID: 16234578"
"Macrophage","Macrophage","C3","ITGAX_ITGB2",0.00303815162307872,0,"C3_ITGAX_ITGB2","C3 - (ITGAX+ITGB2)","COMPLEMENT","Secreted Signaling","PMID: 16234578"
"CMP","Fibroblasts-Tissue_stem_cells","CTSG","F2R",0.0172267039335544,0,"CTSG_F2R","CTSG - F2R","PARs","Secreted Signaling","KEGG: hsa04080"
"NK_cell-T_cells","Fibroblasts-Tissue_stem_cells","GZMA","F2R",0.00659797571320646,0,"GZMA_F2R","GZMA - F2R","PARs","Secreted Signaling","KEGG: hsa04080"
"CMP","DC-Monocyt","ANXA1","FPR1",0.0126475944189565,0,"ANXA1_FPR1","ANXA1 - FPR1","ANNEXIN","Secreted Signaling","PMID: 23230437"
"DC-Monocyt","DC-Monocyt","ANXA1","FPR1",0.00650238067131416,0,"ANXA1_FPR1","ANXA1 - FPR1","ANNEXIN","Secreted Signaling","PMID: 23230437"
"Endothelial_cells","DC-Monocyt","ANXA1","FPR1",0.00103664619639578,0,"ANXA1_FPR1","ANXA1 - FPR1","ANNEXIN","Secreted Signaling","PMID: 23230437"
"Fibroblasts-Tissue_stem_cells","DC-Monocyt","ANXA1","FPR1",0.00530311183368392,0,"ANXA1_FPR1","ANXA1 - FPR1","ANNEXIN","Secreted Signaling","PMID: 23230437"
"Macrophage","DC-Monocyt","ANXA1","FPR1",0.00764800193934783,0,"ANXA1_FPR1","ANXA1 - FPR1","ANNEXIN","Secreted Signaling","PMID: 23230437"
"NK_cell-T_cells","DC-Monocyt","ANXA1","FPR1",0.00291798227926253,0,"ANXA1_FPR1","ANXA1 - FPR1","ANNEXIN","Secreted Signaling","PMID: 23230437"
"Normal_Epithelial","DC-Monocyt","ANXA1","FPR1",0.00258689279217097,0,"ANXA1_FPR1","ANXA1 - FPR1","ANNEXIN","Secreted Signaling","PMID: 23230437"
"Tumor_Epithelial","DC-Monocyt","ANXA1","FPR1",0.00116944177479269,0,"ANXA1_FPR1","ANXA1 - FPR1","ANNEXIN","Secreted Signaling","PMID: 23230437"
"CMP","Macrophage","ANXA1","FPR1",0.0251895059153901,0,"ANXA1_FPR1","ANXA1 - FPR1","ANNEXIN","Secreted Signaling","PMID: 23230437"
"DC-Monocyt","Macrophage","ANXA1","FPR1",0.0130308530849809,0,"ANXA1_FPR1","ANXA1 - FPR1","ANNEXIN","Secreted Signaling","PMID: 23230437"
"Endothelial_cells","Macrophage","ANXA1","FPR1",0.0020889907994915,0,"ANXA1_FPR1","ANXA1 - FPR1","ANNEXIN","Secreted Signaling","PMID: 23230437"
"Fibroblasts-Tissue_stem_cells","Macrophage","ANXA1","FPR1",0.0106403989262733,0,"ANXA1_FPR1","ANXA1 - FPR1","ANNEXIN","Secreted Signaling","PMID: 23230437"
"Macrophage","Macrophage","ANXA1","FPR1",0.0153089686894162,0,"ANXA1_FPR1","ANXA1 - FPR1","ANNEXIN","Secreted Signaling","PMID: 23230437"
"NK_cell-T_cells","Macrophage","ANXA1","FPR1",0.00586893262491895,0,"ANXA1_FPR1","ANXA1 - FPR1","ANNEXIN","Secreted Signaling","PMID: 23230437"
"Normal_Epithelial","Macrophage","ANXA1","FPR1",0.00520476073323162,0,"ANXA1_FPR1","ANXA1 - FPR1","ANNEXIN","Secreted Signaling","PMID: 23230437"
"Tumor_Epithelial","Macrophage","ANXA1","FPR1",0.00235627496941314,0,"ANXA1_FPR1","ANXA1 - FPR1","ANNEXIN","Secreted Signaling","PMID: 23230437"
"Endothelial_cells","DC-Monocyt","GAS6","AXL",0.00126662260431021,0,"GAS6_AXL","GAS6 - AXL","GAS","Secreted Signaling","PMID: 27801848"
"Pre-B_cell_CD34-","DC-Monocyt","GAS6","AXL",0.00296703737203965,0,"GAS6_AXL","GAS6 - AXL","GAS","Secreted Signaling","PMID: 27801848"
"Endothelial_cells","Fibroblasts-Tissue_stem_cells","GAS6","AXL",0.00114087125601257,0,"GAS6_AXL","GAS6 - AXL","GAS","Secreted Signaling","PMID: 27801848"
"Pre-B_cell_CD34-","Fibroblasts-Tissue_stem_cells","GAS6","AXL",0.00267291923850005,0,"GAS6_AXL","GAS6 - AXL","GAS","Secreted Signaling","PMID: 27801848"
"Endothelial_cells","Macrophage","GAS6","AXL",0.000906256797953632,0,"GAS6_AXL","GAS6 - AXL","GAS","Secreted Signaling","PMID: 27801848"
"Pre-B_cell_CD34-","Macrophage","GAS6","AXL",0.00212391670959718,0,"GAS6_AXL","GAS6 - AXL","GAS","Secreted Signaling","PMID: 27801848"
"DC-Monocyt","Tumor_Epithelial","GRN","SORT1",0.00453700623586426,0,"GRN_SORT1","GRN - SORT1","GRN","Secreted Signaling","PMID: 29555433"
"Endothelial_cells","Tumor_Epithelial","GRN","SORT1",0.000833752480367399,0,"GRN_SORT1","GRN - SORT1","GRN","Secreted Signaling","PMID: 29555433"
"Fibroblasts-Tissue_stem_cells","Tumor_Epithelial","GRN","SORT1",0.0010331483018427,0,"GRN_SORT1","GRN - SORT1","GRN","Secreted Signaling","PMID: 29555433"
"iPS_cells","Tumor_Epithelial","GRN","SORT1",0.000654385632599659,0,"GRN_SORT1","GRN - SORT1","GRN","Secreted Signaling","PMID: 29555433"
"Macrophage","Tumor_Epithelial","GRN","SORT1",0.00742102890079886,0,"GRN_SORT1","GRN - SORT1","GRN","Secreted Signaling","PMID: 29555433"
"Normal_Epithelial","Tumor_Epithelial","GRN","SORT1",0.00061796979466876,0,"GRN_SORT1","GRN - SORT1","GRN","Secreted Signaling","PMID: 29555433"
"Pre-B_cell_CD34-","Tumor_Epithelial","GRN","SORT1",0.0054899997987726,0,"GRN_SORT1","GRN - SORT1","GRN","Secreted Signaling","PMID: 29555433"
"Tumor_Epithelial","Tumor_Epithelial","GRN","SORT1",0.00221632147254371,0,"GRN_SORT1","GRN - SORT1","GRN","Secreted Signaling","PMID: 29555433"
"DC-Monocyt","B_cell","LGALS9","PTPRC",0.0108213683079212,0,"LGALS9_CD45","LGALS9 - CD45","GALECTIN","Secreted Signaling","PMID: 30120235"
"Macrophage","B_cell","LGALS9","PTPRC",0.0102935167293784,0,"LGALS9_CD45","LGALS9 - CD45","GALECTIN","Secreted Signaling","PMID: 30120235"
"Pre-B_cell_CD34-","B_cell","LGALS9","PTPRC",0.00375500447548466,0,"LGALS9_CD45","LGALS9 - CD45","GALECTIN","Secreted Signaling","PMID: 30120235"
"DC-Monocyt","DC-Monocyt","LGALS9","PTPRC",0.0434676998518714,0,"LGALS9_CD45","LGALS9 - CD45","GALECTIN","Secreted Signaling","PMID: 30120235"
"Macrophage","DC-Monocyt","LGALS9","PTPRC",0.041414075819719,0,"LGALS9_CD45","LGALS9 - CD45","GALECTIN","Secreted Signaling","PMID: 30120235"
"Pre-B_cell_CD34-","DC-Monocyt","LGALS9","PTPRC",0.0154154738705185,0,"LGALS9_CD45","LGALS9 - CD45","GALECTIN","Secreted Signaling","PMID: 30120235"
"DC-Monocyt","Macrophage","LGALS9","PTPRC",0.0375209334424683,0,"LGALS9_CD45","LGALS9 - CD45","GALECTIN","Secreted Signaling","PMID: 30120235"
"Macrophage","Macrophage","LGALS9","PTPRC",0.0357377664254034,0,"LGALS9_CD45","LGALS9 - CD45","GALECTIN","Secreted Signaling","PMID: 30120235"
"Pre-B_cell_CD34-","Macrophage","LGALS9","PTPRC",0.0132533255716485,0,"LGALS9_CD45","LGALS9 - CD45","GALECTIN","Secreted Signaling","PMID: 30120235"
"DC-Monocyt","NK_cell-T_cells","LGALS9","PTPRC",0.0516452533618448,0,"LGALS9_CD45","LGALS9 - CD45","GALECTIN","Secreted Signaling","PMID: 30120235"
"Macrophage","NK_cell-T_cells","LGALS9","PTPRC",0.0492251644504617,0,"LGALS9_CD45","LGALS9 - CD45","GALECTIN","Secreted Signaling","PMID: 30120235"
"Pre-B_cell_CD34-","NK_cell-T_cells","LGALS9","PTPRC",0.0184171908102018,0,"LGALS9_CD45","LGALS9 - CD45","GALECTIN","Secreted Signaling","PMID: 30120235"
"DC-Monocyt","Pre-B_cell_CD34-","LGALS9","PTPRC",0.0309116659348228,0,"LGALS9_CD45","LGALS9 - CD45","GALECTIN","Secreted Signaling","PMID: 30120235"
"Macrophage","Pre-B_cell_CD34-","LGALS9","PTPRC",0.0294329962653421,0,"LGALS9_CD45","LGALS9 - CD45","GALECTIN","Secreted Signaling","PMID: 30120235"
"Pre-B_cell_CD34-","Pre-B_cell_CD34-","LGALS9","PTPRC",0.0108704884530768,0,"LGALS9_CD45","LGALS9 - CD45","GALECTIN","Secreted Signaling","PMID: 30120235"
"DC-Monocyt","DC-Monocyt","LGALS9","HAVCR2",0.0076254085345395,0,"LGALS9_HAVCR2","LGALS9 - HAVCR2","GALECTIN","Secreted Signaling","PMID: 27192565"
"Macrophage","DC-Monocyt","LGALS9","HAVCR2",0.00725230854847875,0,"LGALS9_HAVCR2","LGALS9 - HAVCR2","GALECTIN","Secreted Signaling","PMID: 27192565"
"Pre-B_cell_CD34-","DC-Monocyt","LGALS9","HAVCR2",0.0026404386980825,0,"LGALS9_HAVCR2","LGALS9 - HAVCR2","GALECTIN","Secreted Signaling","PMID: 27192565"
"DC-Monocyt","Macrophage","LGALS9","HAVCR2",0.00837701200025032,0,"LGALS9_HAVCR2","LGALS9 - HAVCR2","GALECTIN","Secreted Signaling","PMID: 27192565"
"Macrophage","Macrophage","LGALS9","HAVCR2",0.00796743241836472,0,"LGALS9_HAVCR2","LGALS9 - HAVCR2","GALECTIN","Secreted Signaling","PMID: 27192565"
"Pre-B_cell_CD34-","Macrophage","LGALS9","HAVCR2",0.00290213220575559,0,"LGALS9_HAVCR2","LGALS9 - HAVCR2","GALECTIN","Secreted Signaling","PMID: 27192565"
"DC-Monocyt","B_cell","LGALS9","CD44",0.00937772825883566,0,"LGALS9_CD44","LGALS9 - CD44","GALECTIN","Secreted Signaling","PMID: 25065622"
"Macrophage","B_cell","LGALS9","CD44",0.00891966048870725,0,"LGALS9_CD44","LGALS9 - CD44","GALECTIN","Secreted Signaling","PMID: 25065622"
"Pre-B_cell_CD34-","B_cell","LGALS9","CD44",0.00325096455051197,0,"LGALS9_CD44","LGALS9 - CD44","GALECTIN","Secreted Signaling","PMID: 25065622"
"DC-Monocyt","CMP","LGALS9","CD44",0.0638472193930914,0,"LGALS9_CD44","LGALS9 - CD44","GALECTIN","Secreted Signaling","PMID: 25065622"
"Macrophage","CMP","LGALS9","CD44",0.0608920612227124,0,"LGALS9_CD44","LGALS9 - CD44","GALECTIN","Secreted Signaling","PMID: 25065622"
"Pre-B_cell_CD34-","CMP","LGALS9","CD44",0.0229585832136411,0,"LGALS9_CD44","LGALS9 - CD44","GALECTIN","Secreted Signaling","PMID: 25065622"
"DC-Monocyt","DC-Monocyt","LGALS9","CD44",0.0324085075315183,0,"LGALS9_CD44","LGALS9 - CD44","GALECTIN","Secreted Signaling","PMID: 25065622"
"Macrophage","DC-Monocyt","LGALS9","CD44",0.0308605161089985,0,"LGALS9_CD44","LGALS9 - CD44","GALECTIN","Secreted Signaling","PMID: 25065622"
"Pre-B_cell_CD34-","DC-Monocyt","LGALS9","CD44",0.0114082966429712,0,"LGALS9_CD44","LGALS9 - CD44","GALECTIN","Secreted Signaling","PMID: 25065622"
"DC-Monocyt","Fibroblasts-Tissue_stem_cells","LGALS9","CD44",0.0316711718644281,0,"LGALS9_CD44","LGALS9 - CD44","GALECTIN","Secreted Signaling","PMID: 25065622"
"Macrophage","Fibroblasts-Tissue_stem_cells","LGALS9","CD44",0.0301573015800634,0,"LGALS9_CD44","LGALS9 - CD44","GALECTIN","Secreted Signaling","PMID: 25065622"
"Pre-B_cell_CD34-","Fibroblasts-Tissue_stem_cells","LGALS9","CD44",0.0111432407029273,0,"LGALS9_CD44","LGALS9 - CD44","GALECTIN","Secreted Signaling","PMID: 25065622"
"DC-Monocyt","iPS_cells","LGALS9","CD44",0.0186000740445381,0,"LGALS9_CD44","LGALS9 - CD44","GALECTIN","Secreted Signaling","PMID: 25065622"
"Macrophage","iPS_cells","LGALS9","CD44",0.0176995771178726,0,"LGALS9_CD44","LGALS9 - CD44","GALECTIN","Secreted Signaling","PMID: 25065622"
"Pre-B_cell_CD34-","iPS_cells","LGALS9","CD44",0.00648752182613394,0,"LGALS9_CD44","LGALS9 - CD44","GALECTIN","Secreted Signaling","PMID: 25065622"
"DC-Monocyt","Macrophage","LGALS9","CD44",0.0578935892974211,0,"LGALS9_CD44","LGALS9 - CD44","GALECTIN","Secreted Signaling","PMID: 25065622"
"Macrophage","Macrophage","LGALS9","CD44",0.0551977461042662,0,"LGALS9_CD44","LGALS9 - CD44","GALECTIN","Secreted Signaling","PMID: 25065622"
"Pre-B_cell_CD34-","Macrophage","LGALS9","CD44",0.0207332965095533,0,"LGALS9_CD44","LGALS9 - CD44","GALECTIN","Secreted Signaling","PMID: 25065622"
"DC-Monocyt","NK_cell-T_cells","LGALS9","CD44",0.0165851705607223,0,"LGALS9_CD44","LGALS9 - CD44","GALECTIN","Secreted Signaling","PMID: 25065622"
"Macrophage","NK_cell-T_cells","LGALS9","CD44",0.0157806538480082,0,"LGALS9_CD44","LGALS9 - CD44","GALECTIN","Secreted Signaling","PMID: 25065622"
"Pre-B_cell_CD34-","NK_cell-T_cells","LGALS9","CD44",0.00577701958712385,0,"LGALS9_CD44","LGALS9 - CD44","GALECTIN","Secreted Signaling","PMID: 25065622"
"DC-Monocyt","Normal_Epithelial","LGALS9","CD44",0.0206061765050185,0,"LGALS9_CD44","LGALS9 - CD44","GALECTIN","Secreted Signaling","PMID: 25065622"
"Macrophage","Normal_Epithelial","LGALS9","CD44",0.0196104976167987,0,"LGALS9_CD44","LGALS9 - CD44","GALECTIN","Secreted Signaling","PMID: 25065622"
"Pre-B_cell_CD34-","Normal_Epithelial","LGALS9","CD44",0.00719681057732689,0,"LGALS9_CD44","LGALS9 - CD44","GALECTIN","Secreted Signaling","PMID: 25065622"
"DC-Monocyt","Tumor_Epithelial","LGALS9","CD44",0.00376068671935858,0,"LGALS9_CD44","LGALS9 - CD44","GALECTIN","Secreted Signaling","PMID: 25065622"
"Macrophage","Tumor_Epithelial","LGALS9","CD44",0.00357600046793423,0,"LGALS9_CD44","LGALS9 - CD44","GALECTIN","Secreted Signaling","PMID: 25065622"
"Pre-B_cell_CD34-","Tumor_Epithelial","LGALS9","CD44",0.00129890043548146,0,"LGALS9_CD44","LGALS9 - CD44","GALECTIN","Secreted Signaling","PMID: 25065622"
"Fibroblasts-Tissue_stem_cells","Fibroblasts-Tissue_stem_cells","COL1A1","ITGA1_ITGB1",0.0681626630635128,0,"COL1A1_ITGA1_ITGB1","COL1A1 - (ITGA1+ITGB1)","COLLAGEN","ECM-Receptor","KEGG: hsa04512"
"Fibroblasts-Tissue_stem_cells","Fibroblasts-Tissue_stem_cells","COL1A2","ITGA1_ITGB1",0.0711063314692553,0,"COL1A2_ITGA1_ITGB1","COL1A2 - (ITGA1+ITGB1)","COLLAGEN","ECM-Receptor","KEGG: hsa04512"
"Endothelial_cells","Fibroblasts-Tissue_stem_cells","COL4A1","ITGA1_ITGB1",0.00453984069817739,0,"COL4A1_ITGA1_ITGB1","COL4A1 - (ITGA1+ITGB1)","COLLAGEN","ECM-Receptor","KEGG: hsa04512"
"Fibroblasts-Tissue_stem_cells","Fibroblasts-Tissue_stem_cells","COL4A1","ITGA1_ITGB1",0.00745363209173042,0,"COL4A1_ITGA1_ITGB1","COL4A1 - (ITGA1+ITGB1)","COLLAGEN","ECM-Receptor","KEGG: hsa04512"
"Fibroblasts-Tissue_stem_cells","Fibroblasts-Tissue_stem_cells","COL4A2","ITGA1_ITGB1",0.00770334288320272,0,"COL4A2_ITGA1_ITGB1","COL4A2 - (ITGA1+ITGB1)","COLLAGEN","ECM-Receptor","KEGG: hsa04512"
"Fibroblasts-Tissue_stem_cells","Fibroblasts-Tissue_stem_cells","COL6A1","ITGA1_ITGB1",0.0511626902849142,0,"COL6A1_ITGA1_ITGB1","COL6A1 - (ITGA1+ITGB1)","COLLAGEN","ECM-Receptor","KEGG: hsa04512"
"Fibroblasts-Tissue_stem_cells","Fibroblasts-Tissue_stem_cells","COL6A2","ITGA1_ITGB1",0.0532298158000189,0,"COL6A2_ITGA1_ITGB1","COL6A2 - (ITGA1+ITGB1)","COLLAGEN","ECM-Receptor","KEGG: hsa04512"
"Fibroblasts-Tissue_stem_cells","Fibroblasts-Tissue_stem_cells","COL6A3","ITGA1_ITGB1",0.0491882209314995,0,"COL6A3_ITGA1_ITGB1","COL6A3 - (ITGA1+ITGB1)","COLLAGEN","ECM-Receptor","KEGG: hsa04512"
"Fibroblasts-Tissue_stem_cells","Normal_Epithelial","COL1A1","ITGA2_ITGB1",0.0420568455710786,0,"COL1A1_ITGA2_ITGB1","COL1A1 - (ITGA2+ITGB1)","COLLAGEN","ECM-Receptor","KEGG: hsa04512"
"Fibroblasts-Tissue_stem_cells","Normal_Epithelial","COL1A2","ITGA2_ITGB1",0.0439262549712218,0,"COL1A2_ITGA2_ITGB1","COL1A2 - (ITGA2+ITGB1)","COLLAGEN","ECM-Receptor","KEGG: hsa04512"
"Endothelial_cells","Normal_Epithelial","COL4A1","ITGA2_ITGB1",0.00272973266982013,0,"COL4A1_ITGA2_ITGB1","COL4A1 - (ITGA2+ITGB1)","COLLAGEN","ECM-Receptor","KEGG: hsa04512"
"Fibroblasts-Tissue_stem_cells","Normal_Epithelial","COL4A1","ITGA2_ITGB1",0.00448698487765122,0,"COL4A1_ITGA2_ITGB1","COL4A1 - (ITGA2+ITGB1)","COLLAGEN","ECM-Receptor","KEGG: hsa04512"
"Fibroblasts-Tissue_stem_cells","Normal_Epithelial","COL4A2","ITGA2_ITGB1",0.00463777177066505,0,"COL4A2_ITGA2_ITGB1","COL4A2 - (ITGA2+ITGB1)","COLLAGEN","ECM-Receptor","KEGG: hsa04512"
"Fibroblasts-Tissue_stem_cells","Normal_Epithelial","COL6A1","ITGA2_ITGB1",0.0313487045441454,0,"COL6A1_ITGA2_ITGB1","COL6A1 - (ITGA2+ITGB1)","COLLAGEN","ECM-Receptor","KEGG: hsa04512"
"Fibroblasts-Tissue_stem_cells","Normal_Epithelial","COL6A2","ITGA2_ITGB1",0.0326428269521942,0,"COL6A2_ITGA2_ITGB1","COL6A2 - (ITGA2+ITGB1)","COLLAGEN","ECM-Receptor","KEGG: hsa04512"
"Fibroblasts-Tissue_stem_cells","Normal_Epithelial","COL6A3","ITGA2_ITGB1",0.030114626915422,0,"COL6A3_ITGA2_ITGB1","COL6A3 - (ITGA2+ITGB1)","COLLAGEN","ECM-Receptor","KEGG: hsa04512"
"Fibroblasts-Tissue_stem_cells","DC-Monocyt","FN1","ITGA4_ITGB1",0.0180344638924312,0,"FN1_ITGA4_ITGB1","FN1 - (ITGA4+ITGB1)","FN1","ECM-Receptor","KEGG: hsa04512"
"Macrophage","DC-Monocyt","FN1","ITGA4_ITGB1",0.010912582605103,0,"FN1_ITGA4_ITGB1","FN1 - (ITGA4+ITGB1)","FN1","ECM-Receptor","KEGG: hsa04512"
"Fibroblasts-Tissue_stem_cells","Fibroblasts-Tissue_stem_cells","FN1","ITGA5_ITGB1",0.0550603214808,0,"FN1_ITGA5_ITGB1","FN1 - (ITGA5+ITGB1)","FN1","ECM-Receptor","KEGG: hsa04512"
"Macrophage","Fibroblasts-Tissue_stem_cells","FN1","ITGA5_ITGB1",0.033820374199866,0,"FN1_ITGA5_ITGB1","FN1 - (ITGA5+ITGB1)","FN1","ECM-Receptor","KEGG: hsa04512"
"Fibroblasts-Tissue_stem_cells","Macrophage","FN1","ITGA5_ITGB1",0.0333043016447255,0,"FN1_ITGA5_ITGB1","FN1 - (ITGA5+ITGB1)","FN1","ECM-Receptor","KEGG: hsa04512"
"Macrophage","Macrophage","FN1","ITGA5_ITGB1",0.0202768181302554,0,"FN1_ITGA5_ITGB1","FN1 - (ITGA5+ITGB1)","FN1","ECM-Receptor","KEGG: hsa04512"
"Fibroblasts-Tissue_stem_cells","Fibroblasts-Tissue_stem_cells","LAMA4","ITGA1_ITGB1",0.00711484750765135,0,"LAMA4_ITGA1_ITGB1","LAMA4 - (ITGA1+ITGB1)","LAMININ","ECM-Receptor","KEGG: hsa04512"
"Fibroblasts-Tissue_stem_cells","Fibroblasts-Tissue_stem_cells","LAMB1","ITGA1_ITGB1",0.00678654563370738,0,"LAMB1_ITGA1_ITGB1","LAMB1 - (ITGA1+ITGB1)","LAMININ","ECM-Receptor","KEGG: hsa04512"
"iPS_cells","Fibroblasts-Tissue_stem_cells","LAMB1","ITGA1_ITGB1",0.00180251397855441,0,"LAMB1_ITGA1_ITGB1","LAMB1 - (ITGA1+ITGB1)","LAMININ","ECM-Receptor","KEGG: hsa04512"
"Fibroblasts-Tissue_stem_cells","Fibroblasts-Tissue_stem_cells","LAMB2","ITGA1_ITGB1",0.0043963769643776,0,"LAMB2_ITGA1_ITGB1","LAMB2 - (ITGA1+ITGB1)","LAMININ","ECM-Receptor","KEGG: hsa04512"
"Fibroblasts-Tissue_stem_cells","Fibroblasts-Tissue_stem_cells","LAMC1","ITGA1_ITGB1",0.00553619677774274,0,"LAMC1_ITGA1_ITGB1","LAMC1 - (ITGA1+ITGB1)","LAMININ","ECM-Receptor","KEGG: hsa04512"
"Fibroblasts-Tissue_stem_cells","Normal_Epithelial","LAMA4","ITGA2_ITGB1",0.0042824593908391,0,"LAMA4_ITGA2_ITGB1","LAMA4 - (ITGA2+ITGB1)","LAMININ","ECM-Receptor","KEGG: hsa04512"
"Fibroblasts-Tissue_stem_cells","Normal_Epithelial","LAMB1","ITGA2_ITGB1",0.00408431535849779,0,"LAMB1_ITGA2_ITGB1","LAMB1 - (ITGA2+ITGB1)","LAMININ","ECM-Receptor","KEGG: hsa04512"
"iPS_cells","Normal_Epithelial","LAMB1","ITGA2_ITGB1",0.00108263546095843,0,"LAMB1_ITGA2_ITGB1","LAMB1 - (ITGA2+ITGB1)","LAMININ","ECM-Receptor","KEGG: hsa04512"
"Fibroblasts-Tissue_stem_cells","Normal_Epithelial","LAMB2","ITGA2_ITGB1",0.00264331835984505,0,"LAMB2_ITGA2_ITGB1","LAMB2 - (ITGA2+ITGB1)","LAMININ","ECM-Receptor","KEGG: hsa04512"
"Fibroblasts-Tissue_stem_cells","Normal_Epithelial","LAMC1","ITGA2_ITGB1",0.00333015442177604,0,"LAMC1_ITGA2_ITGB1","LAMC1 - (ITGA2+ITGB1)","LAMININ","ECM-Receptor","KEGG: hsa04512"
"Fibroblasts-Tissue_stem_cells","Endothelial_cells","LAMA4","ITGA6_ITGB1",0.00361537790121227,0,"LAMA4_ITGA6_ITGB1","LAMA4 - (ITGA6+ITGB1)","LAMININ","ECM-Receptor","KEGG: hsa04512"
"Fibroblasts-Tissue_stem_cells","iPS_cells","LAMA4","ITGA6_ITGB1",0.00361899414823153,0,"LAMA4_ITGA6_ITGB1","LAMA4 - (ITGA6+ITGB1)","LAMININ","ECM-Receptor","KEGG: hsa04512"
"Fibroblasts-Tissue_stem_cells","Endothelial_cells","LAMB1","ITGA6_ITGB1",0.00344799201382384,0,"LAMB1_ITGA6_ITGB1","LAMB1 - (ITGA6+ITGB1)","LAMININ","ECM-Receptor","KEGG: hsa04512"
"iPS_cells","Endothelial_cells","LAMB1","ITGA6_ITGB1",0.000913535330101972,0,"LAMB1_ITGA6_ITGB1","LAMB1 - (ITGA6+ITGB1)","LAMININ","ECM-Receptor","KEGG: hsa04512"
"Fibroblasts-Tissue_stem_cells","iPS_cells","LAMB1","ITGA6_ITGB1",0.00345144141467525,0,"LAMB1_ITGA6_ITGB1","LAMB1 - (ITGA6+ITGB1)","LAMININ","ECM-Receptor","KEGG: hsa04512"
"iPS_cells","iPS_cells","LAMB1","ITGA6_ITGB1",0.000914451565306427,0,"LAMB1_ITGA6_ITGB1","LAMB1 - (ITGA6+ITGB1)","LAMININ","ECM-Receptor","KEGG: hsa04512"
"Fibroblasts-Tissue_stem_cells","Endothelial_cells","LAMB2","ITGA6_ITGB1",0.00223099484661429,0,"LAMB2_ITGA6_ITGB1","LAMB2 - (ITGA6+ITGB1)","LAMININ","ECM-Receptor","KEGG: hsa04512"
"Fibroblasts-Tissue_stem_cells","iPS_cells","LAMB2","ITGA6_ITGB1",0.00223322948138945,0,"LAMB2_ITGA6_ITGB1","LAMB2 - (ITGA6+ITGB1)","LAMININ","ECM-Receptor","KEGG: hsa04512"
"Fibroblasts-Tissue_stem_cells","Endothelial_cells","LAMC1","ITGA6_ITGB1",0.00281099531794319,0,"LAMC1_ITGA6_ITGB1","LAMC1 - (ITGA6+ITGB1)","LAMININ","ECM-Receptor","KEGG: hsa04512"
"Fibroblasts-Tissue_stem_cells","iPS_cells","LAMC1","ITGA6_ITGB1",0.0028138092611477,0,"LAMC1_ITGA6_ITGB1","LAMC1 - (ITGA6+ITGB1)","LAMININ","ECM-Receptor","KEGG: hsa04512"
"Fibroblasts-Tissue_stem_cells","Fibroblasts-Tissue_stem_cells","FN1","ITGAV_ITGB1",0.0697769830839473,0,"FN1_ITGAV_ITGB1","FN1 - (ITGAV+ITGB1)","FN1","ECM-Receptor","KEGG: hsa04512"
"Macrophage","Fibroblasts-Tissue_stem_cells","FN1","ITGAV_ITGB1",0.04311902223272,0,"FN1_ITGAV_ITGB1","FN1 - (ITGAV+ITGB1)","FN1","ECM-Receptor","KEGG: hsa04512"
"Fibroblasts-Tissue_stem_cells","Macrophage","FN1","ITGAV_ITGB1",0.0369414321573562,0,"FN1_ITGAV_ITGB1","FN1 - (ITGAV+ITGB1)","FN1","ECM-Receptor","KEGG: hsa04512"
"Macrophage","Macrophage","FN1","ITGAV_ITGB1",0.0225243796848263,0,"FN1_ITGAV_ITGB1","FN1 - (ITGAV+ITGB1)","FN1","ECM-Receptor","KEGG: hsa04512"
"Fibroblasts-Tissue_stem_cells","B_cell","FN1","CD44",0.0291977456709387,0,"FN1_CD44","FN1 - CD44","FN1","ECM-Receptor","KEGG: hsa04512"
"Macrophage","B_cell","FN1","CD44",0.017747113832046,0,"FN1_CD44","FN1 - CD44","FN1","ECM-Receptor","KEGG: hsa04512"
"Fibroblasts-Tissue_stem_cells","CMP","FN1","CD44",0.178093025298457,0,"FN1_CD44","FN1 - CD44","FN1","ECM-Receptor","KEGG: hsa04512"
"Macrophage","CMP","FN1","CD44",0.115177178930948,0,"FN1_CD44","FN1 - CD44","FN1","ECM-Receptor","KEGG: hsa04512"
"Fibroblasts-Tissue_stem_cells","DC-Monocyt","FN1","CD44",0.0961786296788373,0,"FN1_CD44","FN1 - CD44","FN1","ECM-Receptor","KEGG: hsa04512"
"Macrophage","DC-Monocyt","FN1","CD44",0.0600855683406391,0,"FN1_CD44","FN1 - CD44","FN1","ECM-Receptor","KEGG: hsa04512"
"Fibroblasts-Tissue_stem_cells","Fibroblasts-Tissue_stem_cells","FN1","CD44",0.0941315862738686,0,"FN1_CD44","FN1 - CD44","FN1","ECM-Receptor","KEGG: hsa04512"
"Macrophage","Fibroblasts-Tissue_stem_cells","FN1","CD44",0.0587567813016399,0,"FN1_CD44","FN1 - CD44","FN1","ECM-Receptor","KEGG: hsa04512"
"Fibroblasts-Tissue_stem_cells","iPS_cells","FN1","CD44",0.0567942144895079,0,"FN1_CD44","FN1 - CD44","FN1","ECM-Receptor","KEGG: hsa04512"
"Macrophage","iPS_cells","FN1","CD44",0.0349101151446728,0,"FN1_CD44","FN1 - CD44","FN1","ECM-Receptor","KEGG: hsa04512"
"Fibroblasts-Tissue_stem_cells","Macrophage","FN1","CD44",0.163345022494535,0,"FN1_CD44","FN1 - CD44","FN1","ECM-Receptor","KEGG: hsa04512"
"Macrophage","Macrophage","FN1","CD44",0.104973845846722,0,"FN1_CD44","FN1 - CD44","FN1","ECM-Receptor","KEGG: hsa04512"
"Fibroblasts-Tissue_stem_cells","NK_cell-T_cells","FN1","CD44",0.0508562319042549,0,"FN1_CD44","FN1 - CD44","FN1","ECM-Receptor","KEGG: hsa04512"
"Macrophage","NK_cell-T_cells","FN1","CD44",0.0311845241895074,0,"FN1_CD44","FN1 - CD44","FN1","ECM-Receptor","KEGG: hsa04512"
"Fibroblasts-Tissue_stem_cells","Normal_Epithelial","FN1","CD44",0.0626567277831393,0,"FN1_CD44","FN1 - CD44","FN1","ECM-Receptor","KEGG: hsa04512"
"Macrophage","Normal_Epithelial","FN1","CD44",0.0386061299871329,0,"FN1_CD44","FN1 - CD44","FN1","ECM-Receptor","KEGG: hsa04512"
"Fibroblasts-Tissue_stem_cells","Tumor_Epithelial","FN1","CD44",0.0118509974949396,0,"FN1_CD44","FN1 - CD44","FN1","ECM-Receptor","KEGG: hsa04512"
"Macrophage","Tumor_Epithelial","FN1","CD44",0.00715320357247785,0,"FN1_CD44","FN1 - CD44","FN1","ECM-Receptor","KEGG: hsa04512"
"Fibroblasts-Tissue_stem_cells","B_cell","COL1A1","CD44",0.038420846348995,0,"COL1A1_CD44","COL1A1 - CD44","COLLAGEN","ECM-Receptor","KEGG: hsa04512"
"Fibroblasts-Tissue_stem_cells","CMP","COL1A1","CD44",0.223520588841498,0,"COL1A1_CD44","COL1A1 - CD44","COLLAGEN","ECM-Receptor","KEGG: hsa04512"
"Fibroblasts-Tissue_stem_cells","DC-Monocyt","COL1A1","CD44",0.123860438481427,0,"COL1A1_CD44","COL1A1 - CD44","COLLAGEN","ECM-Receptor","KEGG: hsa04512"
"Fibroblasts-Tissue_stem_cells","Fibroblasts-Tissue_stem_cells","COL1A1","CD44",0.12130329580547,0,"COL1A1_CD44","COL1A1 - CD44","COLLAGEN","ECM-Receptor","KEGG: hsa04512"
"Fibroblasts-Tissue_stem_cells","iPS_cells","COL1A1","CD44",0.0740694938285529,0,"COL1A1_CD44","COL1A1 - CD44","COLLAGEN","ECM-Receptor","KEGG: hsa04512"
"Fibroblasts-Tissue_stem_cells","Macrophage","COL1A1","CD44",0.205953352244947,0,"COL1A1_CD44","COL1A1 - CD44","COLLAGEN","ECM-Receptor","KEGG: hsa04512"
"Fibroblasts-Tissue_stem_cells","NK_cell-T_cells","COL1A1","CD44",0.0664525881482992,0,"COL1A1_CD44","COL1A1 - CD44","COLLAGEN","ECM-Receptor","KEGG: hsa04512"
"Fibroblasts-Tissue_stem_cells","Normal_Epithelial","COL1A1","CD44",0.0815610278707412,0,"COL1A1_CD44","COL1A1 - CD44","COLLAGEN","ECM-Receptor","KEGG: hsa04512"
"Fibroblasts-Tissue_stem_cells","Tumor_Epithelial","COL1A1","CD44",0.0156830588563419,0,"COL1A1_CD44","COL1A1 - CD44","COLLAGEN","ECM-Receptor","KEGG: hsa04512"
"Fibroblasts-Tissue_stem_cells","B_cell","COL1A2","CD44",0.0401354085021766,0,"COL1A2_CD44","COL1A2 - CD44","COLLAGEN","ECM-Receptor","KEGG: hsa04512"
"Fibroblasts-Tissue_stem_cells","CMP","COL1A2","CD44",0.231506674554395,0,"COL1A2_CD44","COL1A2 - CD44","COLLAGEN","ECM-Receptor","KEGG: hsa04512"
"Fibroblasts-Tissue_stem_cells","DC-Monocyt","COL1A2","CD44",0.128876796553999,0,"COL1A2_CD44","COL1A2 - CD44","COLLAGEN","ECM-Receptor","KEGG: hsa04512"
"Fibroblasts-Tissue_stem_cells","Fibroblasts-Tissue_stem_cells","COL1A2","CD44",0.126231010583046,0,"COL1A2_CD44","COL1A2 - CD44","COLLAGEN","ECM-Receptor","KEGG: hsa04512"
"Fibroblasts-Tissue_stem_cells","iPS_cells","COL1A2","CD44",0.0772471077259972,0,"COL1A2_CD44","COL1A2 - CD44","COLLAGEN","ECM-Receptor","KEGG: hsa04512"
"Fibroblasts-Tissue_stem_cells","Macrophage","COL1A2","CD44",0.213484350858558,0,"COL1A2_CD44","COL1A2 - CD44","COLLAGEN","ECM-Receptor","KEGG: hsa04512"
"Fibroblasts-Tissue_stem_cells","NK_cell-T_cells","COL1A2","CD44",0.0693278998331525,0,"COL1A2_CD44","COL1A2 - CD44","COLLAGEN","ECM-Receptor","KEGG: hsa04512"
"Fibroblasts-Tissue_stem_cells","Normal_Epithelial","COL1A2","CD44",0.0850305178182841,0,"COL1A2_CD44","COL1A2 - CD44","COLLAGEN","ECM-Receptor","KEGG: hsa04512"
"Fibroblasts-Tissue_stem_cells","Tumor_Epithelial","COL1A2","CD44",0.0164002344855973,0,"COL1A2_CD44","COL1A2 - CD44","COLLAGEN","ECM-Receptor","KEGG: hsa04512"
"Endothelial_cells","B_cell","COL4A1","CD44",0.00248491563386249,0,"COL4A1_CD44","COL4A1 - CD44","COLLAGEN","ECM-Receptor","KEGG: hsa04512"
"Fibroblasts-Tissue_stem_cells","B_cell","COL4A1","CD44",0.00408521364957246,0,"COL4A1_CD44","COL4A1 - CD44","COLLAGEN","ECM-Receptor","KEGG: hsa04512"
"Endothelial_cells","CMP","COL4A1","CD44",0.0176308237611238,0,"COL4A1_CD44","COL4A1 - CD44","COLLAGEN","ECM-Receptor","KEGG: hsa04512"
"Fibroblasts-Tissue_stem_cells","CMP","COL4A1","CD44",0.0287044797527836,0,"COL4A1_CD44","COL4A1 - CD44","COLLAGEN","ECM-Receptor","KEGG: hsa04512"
"Endothelial_cells","DC-Monocyt","COL4A1","CD44",0.00873692364493185,0,"COL4A1_CD44","COL4A1 - CD44","COLLAGEN","ECM-Receptor","KEGG: hsa04512"
"Fibroblasts-Tissue_stem_cells","DC-Monocyt","COL4A1","CD44",0.014305802599127,0,"COL4A1_CD44","COL4A1 - CD44","COLLAGEN","ECM-Receptor","KEGG: hsa04512"
"Endothelial_cells","Fibroblasts-Tissue_stem_cells","COL4A1","CD44",0.00853339760642861,0,"COL4A1_CD44","COL4A1 - CD44","COLLAGEN","ECM-Receptor","KEGG: hsa04512"
"Fibroblasts-Tissue_stem_cells","Fibroblasts-Tissue_stem_cells","COL4A1","CD44",0.0139743787341503,0,"COL4A1_CD44","COL4A1 - CD44","COLLAGEN","ECM-Receptor","KEGG: hsa04512"
"Endothelial_cells","iPS_cells","COL4A1","CD44",0.00496261598929612,0,"COL4A1_CD44","COL4A1 - CD44","COLLAGEN","ECM-Receptor","KEGG: hsa04512"
"Fibroblasts-Tissue_stem_cells","iPS_cells","COL4A1","CD44",0.00814553553287753,0,"COL4A1_CD44","COL4A1 - CD44","COLLAGEN","ECM-Receptor","KEGG: hsa04512"
"Endothelial_cells","Macrophage","COL4A1","CD44",0.0159135253502484,0,"COL4A1_CD44","COL4A1 - CD44","COLLAGEN","ECM-Receptor","KEGG: hsa04512"
"Fibroblasts-Tissue_stem_cells","Macrophage","COL4A1","CD44",0.0259370500012704,0,"COL4A1_CD44","COL4A1 - CD44","COLLAGEN","ECM-Receptor","KEGG: hsa04512"
"Endothelial_cells","NK_cell-T_cells","COL4A1","CD44",0.00441837610684088,0,"COL4A1_CD44","COL4A1 - CD44","COLLAGEN","ECM-Receptor","KEGG: hsa04512"
"Fibroblasts-Tissue_stem_cells","NK_cell-T_cells","COL4A1","CD44",0.00725477642745544,0,"COL4A1_CD44","COL4A1 - CD44","COLLAGEN","ECM-Receptor","KEGG: hsa04512"
"Endothelial_cells","Normal_Epithelial","COL4A1","CD44",0.00550610887913613,0,"COL4A1_CD44","COL4A1 - CD44","COLLAGEN","ECM-Receptor","KEGG: hsa04512"
"Fibroblasts-Tissue_stem_cells","Normal_Epithelial","COL4A1","CD44",0.00903444857192195,0,"COL4A1_CD44","COL4A1 - CD44","COLLAGEN","ECM-Receptor","KEGG: hsa04512"
"Endothelial_cells","Tumor_Epithelial","COL4A1","CD44",0.000992372921178871,0,"COL4A1_CD44","COL4A1 - CD44","COLLAGEN","ECM-Receptor","KEGG: hsa04512"
"Fibroblasts-Tissue_stem_cells","Tumor_Epithelial","COL4A1","CD44",0.00163303960946776,0,"COL4A1_CD44","COL4A1 - CD44","COLLAGEN","ECM-Receptor","KEGG: hsa04512"
"Fibroblasts-Tissue_stem_cells","B_cell","COL4A2","CD44",0.00422255613088451,0,"COL4A2_CD44","COL4A2 - CD44","COLLAGEN","ECM-Receptor","KEGG: hsa04512"
"Fibroblasts-Tissue_stem_cells","CMP","COL4A2","CD44",0.0296448702170543,0,"COL4A2_CD44","COL4A2 - CD44","COLLAGEN","ECM-Receptor","KEGG: hsa04512"
"Fibroblasts-Tissue_stem_cells","DC-Monocyt","COL4A2","CD44",0.014781655310661,0,"COL4A2_CD44","COL4A2 - CD44","COLLAGEN","ECM-Receptor","KEGG: hsa04512"
"Fibroblasts-Tissue_stem_cells","Fibroblasts-Tissue_stem_cells","COL4A2","CD44",0.0144393688131348,0,"COL4A2_CD44","COL4A2 - CD44","COLLAGEN","ECM-Receptor","KEGG: hsa04512"
"Fibroblasts-Tissue_stem_cells","iPS_cells","COL4A2","CD44",0.00841822979942873,0,"COL4A2_CD44","COL4A2 - CD44","COLLAGEN","ECM-Receptor","KEGG: hsa04512"
"Fibroblasts-Tissue_stem_cells","Macrophage","COL4A2","CD44",0.0267892770129303,0,"COL4A2_CD44","COL4A2 - CD44","COLLAGEN","ECM-Receptor","KEGG: hsa04512"
"Fibroblasts-Tissue_stem_cells","NK_cell-T_cells","COL4A2","CD44",0.00749787550383296,0,"COL4A2_CD44","COL4A2 - CD44","COLLAGEN","ECM-Receptor","KEGG: hsa04512"
"Fibroblasts-Tissue_stem_cells","Normal_Epithelial","COL4A2","CD44",0.0093366215253952,0,"COL4A2_CD44","COL4A2 - CD44","COLLAGEN","ECM-Receptor","KEGG: hsa04512"
"Fibroblasts-Tissue_stem_cells","Tumor_Epithelial","COL4A2","CD44",0.00168808117848429,0,"COL4A2_CD44","COL4A2 - CD44","COLLAGEN","ECM-Receptor","KEGG: hsa04512"
"Fibroblasts-Tissue_stem_cells","B_cell","COL6A1","CD44",0.0286108214123042,0,"COL6A1_CD44","COL6A1 - CD44","COLLAGEN","ECM-Receptor","KEGG: hsa04512"
"Fibroblasts-Tissue_stem_cells","CMP","COL6A1","CD44",0.17505275240812,0,"COL6A1_CD44","COL6A1 - CD44","COLLAGEN","ECM-Receptor","KEGG: hsa04512"
"Fibroblasts-Tissue_stem_cells","DC-Monocyt","COL6A1","CD44",0.0943761685601423,0,"COL6A1_CD44","COL6A1 - CD44","COLLAGEN","ECM-Receptor","KEGG: hsa04512"
"Fibroblasts-Tissue_stem_cells","Fibroblasts-Tissue_stem_cells","COL6A1","CD44",0.0923635678962046,0,"COL6A1_CD44","COL6A1 - CD44","COLLAGEN","ECM-Receptor","KEGG: hsa04512"
"Fibroblasts-Tissue_stem_cells","iPS_cells","COL6A1","CD44",0.0556843735232018,0,"COL6A1_CD44","COL6A1 - CD44","COLLAGEN","ECM-Receptor","KEGG: hsa04512"
"Fibroblasts-Tissue_stem_cells","Macrophage","COL6A1","CD44",0.160507349932781,0,"COL6A1_CD44","COL6A1 - CD44","COLLAGEN","ECM-Receptor","KEGG: hsa04512"
"Fibroblasts-Tissue_stem_cells","NK_cell-T_cells","COL6A1","CD44",0.0498562941820807,0,"COL6A1_CD44","COL6A1 - CD44","COLLAGEN","ECM-Receptor","KEGG: hsa04512"
"Fibroblasts-Tissue_stem_cells","Normal_Epithelial","COL6A1","CD44",0.0614397873308191,0,"COL6A1_CD44","COL6A1 - CD44","COLLAGEN","ECM-Receptor","KEGG: hsa04512"
"Fibroblasts-Tissue_stem_cells","Tumor_Epithelial","COL6A1","CD44",0.011608602671527,0,"COL6A1_CD44","COL6A1 - CD44","COLLAGEN","ECM-Receptor","KEGG: hsa04512"
"Fibroblasts-Tissue_stem_cells","B_cell","COL6A2","CD44",0.029795396403744,0,"COL6A2_CD44","COL6A2 - CD44","COLLAGEN","ECM-Receptor","KEGG: hsa04512"
"Fibroblasts-Tissue_stem_cells","CMP","COL6A2","CD44",0.1811696579351,0,"COL6A2_CD44","COL6A2 - CD44","COLLAGEN","ECM-Receptor","KEGG: hsa04512"
"Fibroblasts-Tissue_stem_cells","DC-Monocyt","COL6A2","CD44",0.0980089016993501,0,"COL6A2_CD44","COL6A2 - CD44","COLLAGEN","ECM-Receptor","KEGG: hsa04512"
"Fibroblasts-Tissue_stem_cells","Fibroblasts-Tissue_stem_cells","COL6A2","CD44",0.09592703770941,0,"COL6A2_CD44","COL6A2 - CD44","COLLAGEN","ECM-Receptor","KEGG: hsa04512"
"Fibroblasts-Tissue_stem_cells","iPS_cells","COL6A2","CD44",0.0579230360236304,0,"COL6A2_CD44","COL6A2 - CD44","COLLAGEN","ECM-Receptor","KEGG: hsa04512"
"Fibroblasts-Tissue_stem_cells","Macrophage","COL6A2","CD44",0.166218402165255,0,"COL6A2_CD44","COL6A2 - CD44","COLLAGEN","ECM-Receptor","KEGG: hsa04512"
"Fibroblasts-Tissue_stem_cells","NK_cell-T_cells","COL6A2","CD44",0.0518735230335863,0,"COL6A2_CD44","COL6A2 - CD44","COLLAGEN","ECM-Receptor","KEGG: hsa04512"
"Fibroblasts-Tissue_stem_cells","Normal_Epithelial","COL6A2","CD44",0.0638941772161843,0,"COL6A2_CD44","COL6A2 - CD44","COLLAGEN","ECM-Receptor","KEGG: hsa04512"
"Fibroblasts-Tissue_stem_cells","Tumor_Epithelial","COL6A2","CD44",0.0120980012607042,0,"COL6A2_CD44","COL6A2 - CD44","COLLAGEN","ECM-Receptor","KEGG: hsa04512"
"Fibroblasts-Tissue_stem_cells","B_cell","COL6A3","CD44",0.0274814658781649,0,"COL6A3_CD44","COL6A3 - CD44","COLLAGEN","ECM-Receptor","KEGG: hsa04512"
"Fibroblasts-Tissue_stem_cells","CMP","COL6A3","CD44",0.169149459650554,0,"COL6A3_CD44","COL6A3 - CD44","COLLAGEN","ECM-Receptor","KEGG: hsa04512"
"Fibroblasts-Tissue_stem_cells","DC-Monocyt","COL6A3","CD44",0.0908937621720939,0,"COL6A3_CD44","COL6A3 - CD44","COLLAGEN","ECM-Receptor","KEGG: hsa04512"
"Fibroblasts-Tissue_stem_cells","Fibroblasts-Tissue_stem_cells","COL6A3","CD44",0.088948130924143,0,"COL6A3_CD44","COL6A3 - CD44","COLLAGEN","ECM-Receptor","KEGG: hsa04512"
"Fibroblasts-Tissue_stem_cells","iPS_cells","COL6A3","CD44",0.0535452509839348,0,"COL6A3_CD44","COL6A3 - CD44","COLLAGEN","ECM-Receptor","KEGG: hsa04512"
"Fibroblasts-Tissue_stem_cells","Macrophage","COL6A3","CD44",0.155002406412411,0,"COL6A3_CD44","COL6A3 - CD44","COLLAGEN","ECM-Receptor","KEGG: hsa04512"
"Fibroblasts-Tissue_stem_cells","NK_cell-T_cells","COL6A3","CD44",0.0479296944955164,0,"COL6A3_CD44","COL6A3 - CD44","COLLAGEN","ECM-Receptor","KEGG: hsa04512"
"Fibroblasts-Tissue_stem_cells","Normal_Epithelial","COL6A3","CD44",0.0590934054992852,0,"COL6A3_CD44","COL6A3 - CD44","COLLAGEN","ECM-Receptor","KEGG: hsa04512"
"Fibroblasts-Tissue_stem_cells","Tumor_Epithelial","COL6A3","CD44",0.0111426776310091,0,"COL6A3_CD44","COL6A3 - CD44","COLLAGEN","ECM-Receptor","KEGG: hsa04512"
"Fibroblasts-Tissue_stem_cells","B_cell","LAMA4","CD44",0.00389892995085444,0,"LAMA4_CD44","LAMA4 - CD44","LAMININ","ECM-Receptor","KEGG: hsa04512"
"Fibroblasts-Tissue_stem_cells","CMP","LAMA4","CD44",0.0274264858264798,0,"LAMA4_CD44","LAMA4 - CD44","LAMININ","ECM-Receptor","KEGG: hsa04512"
"Fibroblasts-Tissue_stem_cells","DC-Monocyt","LAMA4","CD44",0.0136598574991441,0,"LAMA4_CD44","LAMA4 - CD44","LAMININ","ECM-Receptor","KEGG: hsa04512"
"Fibroblasts-Tissue_stem_cells","Fibroblasts-Tissue_stem_cells","LAMA4","CD44",0.013343195730112,0,"LAMA4_CD44","LAMA4 - CD44","LAMININ","ECM-Receptor","KEGG: hsa04512"
"Fibroblasts-Tissue_stem_cells","iPS_cells","LAMA4","CD44",0.00777554872518415,0,"LAMA4_CD44","LAMA4 - CD44","LAMININ","ECM-Receptor","KEGG: hsa04512"
"Fibroblasts-Tissue_stem_cells","Macrophage","LAMA4","CD44",0.0247791255109284,0,"LAMA4_CD44","LAMA4 - CD44","LAMININ","ECM-Receptor","KEGG: hsa04512"
"Fibroblasts-Tissue_stem_cells","NK_cell-T_cells","LAMA4","CD44",0.00692496722604904,0,"LAMA4_CD44","LAMA4 - CD44","LAMININ","ECM-Receptor","KEGG: hsa04512"
"Fibroblasts-Tissue_stem_cells","Normal_Epithelial","LAMA4","CD44",0.00862443660629882,0,"LAMA4_CD44","LAMA4 - CD44","LAMININ","ECM-Receptor","KEGG: hsa04512"
"Fibroblasts-Tissue_stem_cells","Tumor_Epithelial","LAMA4","CD44",0.00155839884853566,0,"LAMA4_CD44","LAMA4 - CD44","LAMININ","ECM-Receptor","KEGG: hsa04512"
"Fibroblasts-Tissue_stem_cells","B_cell","LAMB1","CD44",0.00371846507579368,0,"LAMB1_CD44","LAMB1 - CD44","LAMININ","ECM-Receptor","KEGG: hsa04512"
"iPS_cells","B_cell","LAMB1","CD44",0.000985392957148442,0,"LAMB1_CD44","LAMB1 - CD44","LAMININ","ECM-Receptor","KEGG: hsa04512"
"Fibroblasts-Tissue_stem_cells","CMP","LAMB1","CD44",0.0261856580622983,0,"LAMB1_CD44","LAMB1 - CD44","LAMININ","ECM-Receptor","KEGG: hsa04512"
"iPS_cells","CMP","LAMB1","CD44",0.00705615325588698,0,"LAMB1_CD44","LAMB1 - CD44","LAMININ","ECM-Receptor","KEGG: hsa04512"
"Fibroblasts-Tissue_stem_cells","DC-Monocyt","LAMB1","CD44",0.0130335123090801,0,"LAMB1_CD44","LAMB1 - CD44","LAMININ","ECM-Receptor","KEGG: hsa04512"
"iPS_cells","DC-Monocyt","LAMB1","CD44",0.00347777945004885,0,"LAMB1_CD44","LAMB1 - CD44","LAMININ","ECM-Receptor","KEGG: hsa04512"
"Fibroblasts-Tissue_stem_cells","Fibroblasts-Tissue_stem_cells","LAMB1","CD44",0.0127311830108168,0,"LAMB1_CD44","LAMB1 - CD44","LAMININ","ECM-Receptor","KEGG: hsa04512"
"iPS_cells","Fibroblasts-Tissue_stem_cells","LAMB1","CD44",0.00339634505732051,0,"LAMB1_CD44","LAMB1 - CD44","LAMININ","ECM-Receptor","KEGG: hsa04512"
"Fibroblasts-Tissue_stem_cells","iPS_cells","LAMB1","CD44",0.0074169877199804,0,"LAMB1_CD44","LAMB1 - CD44","LAMININ","ECM-Receptor","KEGG: hsa04512"
"iPS_cells","iPS_cells","LAMB1","CD44",0.00197087883357473,0,"LAMB1_CD44","LAMB1 - CD44","LAMININ","ECM-Receptor","KEGG: hsa04512"
"Fibroblasts-Tissue_stem_cells","Macrophage","LAMB1","CD44",0.0236551563799368,0,"LAMB1_CD44","LAMB1 - CD44","LAMININ","ECM-Receptor","KEGG: hsa04512"
"iPS_cells","Macrophage","LAMB1","CD44",0.00636219073742059,0,"LAMB1_CD44","LAMB1 - CD44","LAMININ","ECM-Receptor","KEGG: hsa04512"
"Fibroblasts-Tissue_stem_cells","NK_cell-T_cells","LAMB1","CD44",0.00660536874817108,0,"LAMB1_CD44","LAMB1 - CD44","LAMININ","ECM-Receptor","KEGG: hsa04512"
"iPS_cells","NK_cell-T_cells","LAMB1","CD44",0.00175415820237517,0,"LAMB1_CD44","LAMB1 - CD44","LAMININ","ECM-Receptor","KEGG: hsa04512"
"Fibroblasts-Tissue_stem_cells","Normal_Epithelial","LAMB1","CD44",0.0082270546324631,0,"LAMB1_CD44","LAMB1 - CD44","LAMININ","ECM-Receptor","KEGG: hsa04512"
"iPS_cells","Normal_Epithelial","LAMB1","CD44",0.00218744467958831,0,"LAMB1_CD44","LAMB1 - CD44","LAMININ","ECM-Receptor","KEGG: hsa04512"
"Fibroblasts-Tissue_stem_cells","Tumor_Epithelial","LAMB1","CD44",0.0014861055730182,0,"LAMB1_CD44","LAMB1 - CD44","LAMININ","ECM-Receptor","KEGG: hsa04512"
"iPS_cells","Tumor_Epithelial","LAMB1","CD44",0.00039317034623675,0,"LAMB1_CD44","LAMB1 - CD44","LAMININ","ECM-Receptor","KEGG: hsa04512"
"Fibroblasts-Tissue_stem_cells","B_cell","LAMB2","CD44",0.00240623272213046,0,"LAMB2_CD44","LAMB2 - CD44","LAMININ","ECM-Receptor","KEGG: hsa04512"
"Fibroblasts-Tissue_stem_cells","CMP","LAMB2","CD44",0.0170807695630507,0,"LAMB2_CD44","LAMB2 - CD44","LAMININ","ECM-Receptor","KEGG: hsa04512"
"Fibroblasts-Tissue_stem_cells","DC-Monocyt","LAMB2","CD44",0.00846195512863771,0,"LAMB2_CD44","LAMB2 - CD44","LAMININ","ECM-Receptor","KEGG: hsa04512"
"Fibroblasts-Tissue_stem_cells","Fibroblasts-Tissue_stem_cells","LAMB2","CD44",0.00826478105730315,0,"LAMB2_CD44","LAMB2 - CD44","LAMININ","ECM-Receptor","KEGG: hsa04512"
"Fibroblasts-Tissue_stem_cells","iPS_cells","LAMB2","CD44",0.0048058566120498,0,"LAMB2_CD44","LAMB2 - CD44","LAMININ","ECM-Receptor","KEGG: hsa04512"
"Fibroblasts-Tissue_stem_cells","Macrophage","LAMB2","CD44",0.0154162074054451,0,"LAMB2_CD44","LAMB2 - CD44","LAMININ","ECM-Receptor","KEGG: hsa04512"
"Fibroblasts-Tissue_stem_cells","NK_cell-T_cells","LAMB2","CD44",0.00427873428325843,0,"LAMB2_CD44","LAMB2 - CD44","LAMININ","ECM-Receptor","KEGG: hsa04512"
"Fibroblasts-Tissue_stem_cells","Normal_Epithelial","LAMB2","CD44",0.00533227362004956,0,"LAMB2_CD44","LAMB2 - CD44","LAMININ","ECM-Receptor","KEGG: hsa04512"
"Fibroblasts-Tissue_stem_cells","Tumor_Epithelial","LAMB2","CD44",0.000960904682436691,0,"LAMB2_CD44","LAMB2 - CD44","LAMININ","ECM-Receptor","KEGG: hsa04512"
"Fibroblasts-Tissue_stem_cells","B_cell","LAMC1","CD44",0.00303165204790808,0,"LAMC1_CD44","LAMC1 - CD44","LAMININ","ECM-Receptor","KEGG: hsa04512"
"Fibroblasts-Tissue_stem_cells","CMP","LAMC1","CD44",0.021438375082866,0,"LAMC1_CD44","LAMC1 - CD44","LAMININ","ECM-Receptor","KEGG: hsa04512"
"Fibroblasts-Tissue_stem_cells","DC-Monocyt","LAMC1","CD44",0.010644561214392,0,"LAMC1_CD44","LAMC1 - CD44","LAMININ","ECM-Receptor","KEGG: hsa04512"
"Fibroblasts-Tissue_stem_cells","Fibroblasts-Tissue_stem_cells","LAMC1","CD44",0.0103970629891793,0,"LAMC1_CD44","LAMC1 - CD44","LAMININ","ECM-Receptor","KEGG: hsa04512"
"Fibroblasts-Tissue_stem_cells","iPS_cells","LAMC1","CD44",0.00605119427698006,0,"LAMC1_CD44","LAMC1 - CD44","LAMININ","ECM-Receptor","KEGG: hsa04512"
"Fibroblasts-Tissue_stem_cells","Macrophage","LAMC1","CD44",0.0193575169624912,0,"LAMC1_CD44","LAMC1 - CD44","LAMININ","ECM-Receptor","KEGG: hsa04512"
"Fibroblasts-Tissue_stem_cells","NK_cell-T_cells","LAMC1","CD44",0.00538821871925758,0,"LAMC1_CD44","LAMC1 - CD44","LAMININ","ECM-Receptor","KEGG: hsa04512"
"Fibroblasts-Tissue_stem_cells","Normal_Epithelial","LAMC1","CD44",0.0067131011343102,0,"LAMC1_CD44","LAMC1 - CD44","LAMININ","ECM-Receptor","KEGG: hsa04512"
"Fibroblasts-Tissue_stem_cells","Tumor_Epithelial","LAMC1","CD44",0.0012111156303812,0,"LAMC1_CD44","LAMC1 - CD44","LAMININ","ECM-Receptor","KEGG: hsa04512"
"Fibroblasts-Tissue_stem_cells","Endothelial_cells","COL1A1","SDC1",0.0224873287576839,0,"COL1A1_SDC1","COL1A1 - SDC1","COLLAGEN","ECM-Receptor","KEGG: hsa04512"
"Fibroblasts-Tissue_stem_cells","Tumor_Epithelial","COL1A1","SDC1",0.0799931760170851,0,"COL1A1_SDC1","COL1A1 - SDC1","COLLAGEN","ECM-Receptor","KEGG: hsa04512"
"Fibroblasts-Tissue_stem_cells","Endothelial_cells","COL1A2","SDC1",0.0235082277891998,0,"COL1A2_SDC1","COL1A2 - SDC1","COLLAGEN","ECM-Receptor","KEGG: hsa04512"
"Fibroblasts-Tissue_stem_cells","Tumor_Epithelial","COL1A2","SDC1",0.083402028176226,0,"COL1A2_SDC1","COL1A2 - SDC1","COLLAGEN","ECM-Receptor","KEGG: hsa04512"
"Endothelial_cells","Endothelial_cells","COL4A1","SDC1",0.00143219884893044,0,"COL4A1_SDC1","COL4A1 - SDC1","COLLAGEN","ECM-Receptor","KEGG: hsa04512"
"Fibroblasts-Tissue_stem_cells","Endothelial_cells","COL4A1","SDC1",0.00235614336219973,0,"COL4A1_SDC1","COL4A1 - SDC1","COLLAGEN","ECM-Receptor","KEGG: hsa04512"
"Endothelial_cells","Tumor_Epithelial","COL4A1","SDC1",0.00539168197008003,0,"COL4A1_SDC1","COL4A1 - SDC1","COLLAGEN","ECM-Receptor","KEGG: hsa04512"
"Fibroblasts-Tissue_stem_cells","Tumor_Epithelial","COL4A1","SDC1",0.00884734870358829,0,"COL4A1_SDC1","COL4A1 - SDC1","COLLAGEN","ECM-Receptor","KEGG: hsa04512"
"Fibroblasts-Tissue_stem_cells","Endothelial_cells","COL4A2","SDC1",0.00243549767394093,0,"COL4A2_SDC1","COL4A2 - SDC1","COLLAGEN","ECM-Receptor","KEGG: hsa04512"
"Fibroblasts-Tissue_stem_cells","Tumor_Epithelial","COL4A2","SDC1",0.009143321513797,0,"COL4A2_SDC1","COL4A2 - SDC1","COLLAGEN","ECM-Receptor","KEGG: hsa04512"
"Fibroblasts-Tissue_stem_cells","Endothelial_cells","COL6A1","SDC1",0.0166750713280397,0,"COL6A1_SDC1","COL6A1 - SDC1","COLLAGEN","ECM-Receptor","KEGG: hsa04512"
"Fibroblasts-Tissue_stem_cells","Tumor_Epithelial","COL6A1","SDC1",0.0602333604295525,0,"COL6A1_SDC1","COL6A1 - SDC1","COLLAGEN","ECM-Receptor","KEGG: hsa04512"
"Fibroblasts-Tissue_stem_cells","Endothelial_cells","COL6A2","SDC1",0.0173743088373486,0,"COL6A2_SDC1","COL6A2 - SDC1","COLLAGEN","ECM-Receptor","KEGG: hsa04512"
"Fibroblasts-Tissue_stem_cells","Tumor_Epithelial","COL6A2","SDC1",0.0626427727545465,0,"COL6A2_SDC1","COL6A2 - SDC1","COLLAGEN","ECM-Receptor","KEGG: hsa04512"
"Fibroblasts-Tissue_stem_cells","Endothelial_cells","COL6A3","SDC1",0.0160090912204004,0,"COL6A3_SDC1","COL6A3 - SDC1","COLLAGEN","ECM-Receptor","KEGG: hsa04512"
"Fibroblasts-Tissue_stem_cells","Tumor_Epithelial","COL6A3","SDC1",0.0579302082097429,0,"COL6A3_SDC1","COL6A3 - SDC1","COLLAGEN","ECM-Receptor","KEGG: hsa04512"
"Fibroblasts-Tissue_stem_cells","Endothelial_cells","FN1","SDC1",0.0170214352951238,0,"FN1_SDC1","FN1 - SDC1","FN1","ECM-Receptor","KEGG: hsa04512"
"Macrophage","Endothelial_cells","FN1","SDC1",0.0102954087067565,0,"FN1_SDC1","FN1 - SDC1","FN1","ECM-Receptor","KEGG: hsa04512"
"Fibroblasts-Tissue_stem_cells","Tumor_Epithelial","FN1","SDC1",0.0614279690899318,0,"FN1_SDC1","FN1 - SDC1","FN1","ECM-Receptor","KEGG: hsa04512"
"Macrophage","Tumor_Epithelial","FN1","SDC1",0.0378299912331543,0,"FN1_SDC1","FN1 - SDC1","FN1","ECM-Receptor","KEGG: hsa04512"
"Fibroblasts-Tissue_stem_cells","Endothelial_cells","THBS1","SDC1",0.00277028709079737,0,"THBS1_SDC1","THBS1 - SDC1","THBS","ECM-Receptor","KEGG: hsa04512"
"Fibroblasts-Tissue_stem_cells","Tumor_Epithelial","THBS1","SDC1",0.0103905803911388,0,"THBS1_SDC1","THBS1 - SDC1","THBS","ECM-Receptor","KEGG: hsa04512"
"Fibroblasts-Tissue_stem_cells","Endothelial_cells","THBS2","SDC1",0.0067640403955672,0,"THBS2_SDC1","THBS2 - SDC1","THBS","ECM-Receptor","KEGG: hsa04512"
"Fibroblasts-Tissue_stem_cells","Tumor_Epithelial","THBS2","SDC1",0.0250936071316936,0,"THBS2_SDC1","THBS2 - SDC1","THBS","ECM-Receptor","KEGG: hsa04512"
"Fibroblasts-Tissue_stem_cells","iPS_cells","COL1A1","SDC4",0.066387832475842,0,"COL1A1_SDC4","COL1A1 - SDC4","COLLAGEN","ECM-Receptor","KEGG: hsa04512"
"Fibroblasts-Tissue_stem_cells","Normal_Epithelial","COL1A1","SDC4",0.0426710428461708,0,"COL1A1_SDC4","COL1A1 - SDC4","COLLAGEN","ECM-Receptor","KEGG: hsa04512"
"Fibroblasts-Tissue_stem_cells","Tumor_Epithelial","COL1A1","SDC4",0.0181623087696578,0,"COL1A1_SDC4","COL1A1 - SDC4","COLLAGEN","ECM-Receptor","KEGG: hsa04512"
"Fibroblasts-Tissue_stem_cells","iPS_cells","COL1A2","SDC4",0.0692605501463189,0,"COL1A2_SDC4","COL1A2 - SDC4","COLLAGEN","ECM-Receptor","KEGG: hsa04512"
"Fibroblasts-Tissue_stem_cells","Normal_Epithelial","COL1A2","SDC4",0.0445664829428124,0,"COL1A2_SDC4","COL1A2 - SDC4","COLLAGEN","ECM-Receptor","KEGG: hsa04512"
"Fibroblasts-Tissue_stem_cells","Tumor_Epithelial","COL1A2","SDC4",0.0189906714527272,0,"COL1A2_SDC4","COL1A2 - SDC4","COLLAGEN","ECM-Receptor","KEGG: hsa04512"
"Endothelial_cells","iPS_cells","COL4A1","SDC4",0.00441378475081039,0,"COL4A1_SDC4","COL4A1 - SDC4","COLLAGEN","ECM-Receptor","KEGG: hsa04512"
"Fibroblasts-Tissue_stem_cells","iPS_cells","COL4A1","SDC4",0.00724725908141349,0,"COL4A1_SDC4","COL4A1 - SDC4","COLLAGEN","ECM-Receptor","KEGG: hsa04512"
"Endothelial_cells","Normal_Epithelial","COL4A1","SDC4",0.0027712591286449,0,"COL4A1_SDC4","COL4A1 - SDC4","COLLAGEN","ECM-Receptor","KEGG: hsa04512"
"Fibroblasts-Tissue_stem_cells","Normal_Epithelial","COL4A1","SDC4",0.00455512169065896,0,"COL4A1_SDC4","COL4A1 - SDC4","COLLAGEN","ECM-Receptor","KEGG: hsa04512"
"Endothelial_cells","Tumor_Epithelial","COL4A1","SDC4",0.00115196971305338,0,"COL4A1_SDC4","COL4A1 - SDC4","COLLAGEN","ECM-Receptor","KEGG: hsa04512"
"Fibroblasts-Tissue_stem_cells","Tumor_Epithelial","COL4A1","SDC4",0.00189547510664465,0,"COL4A1_SDC4","COL4A1 - SDC4","COLLAGEN","ECM-Receptor","KEGG: hsa04512"
"Fibroblasts-Tissue_stem_cells","iPS_cells","COL4A2","SDC4",0.00749010816084108,0,"COL4A2_SDC4","COL4A2 - SDC4","COLLAGEN","ECM-Receptor","KEGG: hsa04512"
"Fibroblasts-Tissue_stem_cells","Normal_Epithelial","COL4A2","SDC4",0.00470818751886357,0,"COL4A2_SDC4","COL4A2 - SDC4","COLLAGEN","ECM-Receptor","KEGG: hsa04512"
"Fibroblasts-Tissue_stem_cells","Tumor_Epithelial","COL4A2","SDC4",0.00195934469960448,0,"COL4A2_SDC4","COL4A2 - SDC4","COLLAGEN","ECM-Receptor","KEGG: hsa04512"
"Fibroblasts-Tissue_stem_cells","iPS_cells","COL6A1","SDC4",0.0498068481661217,0,"COL6A1_SDC4","COL6A1 - SDC4","COLLAGEN","ECM-Receptor","KEGG: hsa04512"
"Fibroblasts-Tissue_stem_cells","Normal_Epithelial","COL6A1","SDC4",0.0318117135269057,0,"COL6A1_SDC4","COL6A1 - SDC4","COLLAGEN","ECM-Receptor","KEGG: hsa04512"
"Fibroblasts-Tissue_stem_cells","Tumor_Epithelial","COL6A1","SDC4",0.0134525468137374,0,"COL6A1_SDC4","COL6A1 - SDC4","COLLAGEN","ECM-Receptor","KEGG: hsa04512"
"Fibroblasts-Tissue_stem_cells","iPS_cells","COL6A2","SDC4",0.0518221855061119,0,"COL6A2_SDC4","COL6A2 - SDC4","COLLAGEN","ECM-Receptor","KEGG: hsa04512"
"Fibroblasts-Tissue_stem_cells","Normal_Epithelial","COL6A2","SDC4",0.0331242960344495,0,"COL6A2_SDC4","COL6A2 - SDC4","COLLAGEN","ECM-Receptor","KEGG: hsa04512"
"Fibroblasts-Tissue_stem_cells","Tumor_Epithelial","COL6A2","SDC4",0.0140185803267328,0,"COL6A2_SDC4","COL6A2 - SDC4","COLLAGEN","ECM-Receptor","KEGG: hsa04512"
"Fibroblasts-Tissue_stem_cells","iPS_cells","COL6A3","SDC4",0.0478820629336931,0,"COL6A3_SDC4","COL6A3 - SDC4","COLLAGEN","ECM-Receptor","KEGG: hsa04512"
"Fibroblasts-Tissue_stem_cells","Normal_Epithelial","COL6A3","SDC4",0.030559984059595,0,"COL6A3_SDC4","COL6A3 - SDC4","COLLAGEN","ECM-Receptor","KEGG: hsa04512"
"Fibroblasts-Tissue_stem_cells","Tumor_Epithelial","COL6A3","SDC4",0.0129135798319699,0,"COL6A3_SDC4","COL6A3 - SDC4","COLLAGEN","ECM-Receptor","KEGG: hsa04512"
"Fibroblasts-Tissue_stem_cells","iPS_cells","FN1","SDC4",0.0508058472076945,0,"FN1_SDC4","FN1 - SDC4","FN1","ECM-Receptor","KEGG: hsa04512"
"Macrophage","iPS_cells","FN1","SDC4",0.0311529891238124,0,"FN1_SDC4","FN1 - SDC4","FN1","ECM-Receptor","KEGG: hsa04512"
"Fibroblasts-Tissue_stem_cells","Normal_Epithelial","FN1","SDC4",0.0324621067438114,0,"FN1_SDC4","FN1 - SDC4","FN1","ECM-Receptor","KEGG: hsa04512"
"Macrophage","Normal_Epithelial","FN1","SDC4",0.0197573275182083,0,"FN1_SDC4","FN1 - SDC4","FN1","ECM-Receptor","KEGG: hsa04512"
"Fibroblasts-Tissue_stem_cells","Tumor_Epithelial","FN1","SDC4",0.0137329093702098,0,"FN1_SDC4","FN1 - SDC4","FN1","ECM-Receptor","KEGG: hsa04512"
"Macrophage","Tumor_Epithelial","FN1","SDC4",0.00829537885153813,0,"FN1_SDC4","FN1 - SDC4","FN1","ECM-Receptor","KEGG: hsa04512"
"Fibroblasts-Tissue_stem_cells","iPS_cells","THBS1","SDC4",0.00851378661042953,0,"THBS1_SDC4","THBS1 - SDC4","THBS","ECM-Receptor","KEGG: hsa04512"
"Fibroblasts-Tissue_stem_cells","Normal_Epithelial","THBS1","SDC4",0.00535370976055674,0,"THBS1_SDC4","THBS1 - SDC4","THBS","ECM-Receptor","KEGG: hsa04512"
"Fibroblasts-Tissue_stem_cells","Tumor_Epithelial","THBS1","SDC4",0.00222882721374953,0,"THBS1_SDC4","THBS1 - SDC4","THBS","ECM-Receptor","KEGG: hsa04512"
"Fibroblasts-Tissue_stem_cells","iPS_cells","THBS2","SDC4",0.0206164123869262,0,"THBS2_SDC4","THBS2 - SDC4","THBS","ECM-Receptor","KEGG: hsa04512"
"Fibroblasts-Tissue_stem_cells","Normal_Epithelial","THBS2","SDC4",0.0130231875643288,0,"THBS2_SDC4","THBS2 - SDC4","THBS","ECM-Receptor","KEGG: hsa04512"
"Fibroblasts-Tissue_stem_cells","Tumor_Epithelial","THBS2","SDC4",0.00544625406043133,0,"THBS2_SDC4","THBS2 - SDC4","THBS","ECM-Receptor","KEGG: hsa04512"
"Fibroblasts-Tissue_stem_cells","Macrophage","THBS1","CD36",0.00204097921117834,0,"THBS1_CD36","THBS1 - CD36","THBS","ECM-Receptor","KEGG: hsa04512"
"Fibroblasts-Tissue_stem_cells","Pre-B_cell_CD34-","THBS1","CD36",0.00482787346220552,0,"THBS1_CD36","THBS1 - CD36","THBS","ECM-Receptor","KEGG: hsa04512"
"Fibroblasts-Tissue_stem_cells","Macrophage","THBS2","CD36",0.00498859356377785,0,"THBS2_CD36","THBS2 - CD36","THBS","ECM-Receptor","KEGG: hsa04512"
"Fibroblasts-Tissue_stem_cells","Pre-B_cell_CD34-","THBS2","CD36",0.0117529634550882,0,"THBS2_CD36","THBS2 - CD36","THBS","ECM-Receptor","KEGG: hsa04512"
"Fibroblasts-Tissue_stem_cells","DC-Monocyt","THBS1","CD47",0.00386685968578788,0,"THBS1_CD47","THBS1 - CD47","THBS","ECM-Receptor","KEGG: hsa04512"
"Fibroblasts-Tissue_stem_cells","Endothelial_cells","THBS1","CD47",0.000783426048911453,0,"THBS1_CD47","THBS1 - CD47","THBS","ECM-Receptor","KEGG: hsa04512"
"Fibroblasts-Tissue_stem_cells","Fibroblasts-Tissue_stem_cells","THBS1","CD47",0.00370823574176888,0,"THBS1_CD47","THBS1 - CD47","THBS","ECM-Receptor","KEGG: hsa04512"
"Fibroblasts-Tissue_stem_cells","iPS_cells","THBS1","CD47",0.00263665007334538,0,"THBS1_CD47","THBS1 - CD47","THBS","ECM-Receptor","KEGG: hsa04512"
"Fibroblasts-Tissue_stem_cells","Macrophage","THBS1","CD47",0.00466657061982561,0,"THBS1_CD47","THBS1 - CD47","THBS","ECM-Receptor","KEGG: hsa04512"
"Fibroblasts-Tissue_stem_cells","Normal_Epithelial","THBS1","CD47",0.00364385521048158,0,"THBS1_CD47","THBS1 - CD47","THBS","ECM-Receptor","KEGG: hsa04512"
"Fibroblasts-Tissue_stem_cells","Pre-B_cell_CD34-","THBS1","CD47",0.00478261082055604,0,"THBS1_CD47","THBS1 - CD47","THBS","ECM-Receptor","KEGG: hsa04512"
"Fibroblasts-Tissue_stem_cells","Tumor_Epithelial","THBS1","CD47",0.00787119273667186,0,"THBS1_CD47","THBS1 - CD47","THBS","ECM-Receptor","KEGG: hsa04512"
"Fibroblasts-Tissue_stem_cells","DC-Monocyt","THBS2","CD47",0.00942653113124099,0,"THBS2_CD47","THBS2 - CD47","THBS","ECM-Receptor","KEGG: hsa04512"
"Fibroblasts-Tissue_stem_cells","Endothelial_cells","THBS2","CD47",0.00191835349644906,0,"THBS2_CD47","THBS2 - CD47","THBS","ECM-Receptor","KEGG: hsa04512"
"Fibroblasts-Tissue_stem_cells","Fibroblasts-Tissue_stem_cells","THBS2","CD47",0.00904191191098505,0,"THBS2_CD47","THBS2 - CD47","THBS","ECM-Receptor","KEGG: hsa04512"
"Fibroblasts-Tissue_stem_cells","iPS_cells","THBS2","CD47",0.00643899102952489,0,"THBS2_CD47","THBS2 - CD47","THBS","ECM-Receptor","KEGG: hsa04512"
"Fibroblasts-Tissue_stem_cells","Macrophage","THBS2","CD47",0.0113629300293962,0,"THBS2_CD47","THBS2 - CD47","THBS","ECM-Receptor","KEGG: hsa04512"
"Fibroblasts-Tissue_stem_cells","Normal_Epithelial","THBS2","CD47",0.00888575665509363,0,"THBS2_CD47","THBS2 - CD47","THBS","ECM-Receptor","KEGG: hsa04512"
"Fibroblasts-Tissue_stem_cells","Pre-B_cell_CD34-","THBS2","CD47",0.011643535809485,0,"THBS2_CD47","THBS2 - CD47","THBS","ECM-Receptor","KEGG: hsa04512"
"Fibroblasts-Tissue_stem_cells","Tumor_Epithelial","THBS2","CD47",0.0190779270545964,0,"THBS2_CD47","THBS2 - CD47","THBS","ECM-Receptor","KEGG: hsa04512"
"DC-Monocyt","DC-Monocyt","ADGRE5","CD55",0.00269840224620315,0,"ADGRE5_CD55","ADGRE5 - CD55","ADGRE5","Cell-Cell Contact","PMID: 11297558"
"Macrophage","DC-Monocyt","ADGRE5","CD55",0.00291438080460126,0,"ADGRE5_CD55","ADGRE5 - CD55","ADGRE5","Cell-Cell Contact","PMID: 11297558"
"Pre-B_cell_CD34-","DC-Monocyt","ADGRE5","CD55",0.00210331513414793,0,"ADGRE5_CD55","ADGRE5 - CD55","ADGRE5","Cell-Cell Contact","PMID: 11297558"
"DC-Monocyt","Fibroblasts-Tissue_stem_cells","ADGRE5","CD55",0.00204663170223362,0,"ADGRE5_CD55","ADGRE5 - CD55","ADGRE5","Cell-Cell Contact","PMID: 11297558"
"Macrophage","Fibroblasts-Tissue_stem_cells","ADGRE5","CD55",0.0022105585534375,0,"ADGRE5_CD55","ADGRE5 - CD55","ADGRE5","Cell-Cell Contact","PMID: 11297558"
"Pre-B_cell_CD34-","Fibroblasts-Tissue_stem_cells","ADGRE5","CD55",0.00159505170451674,0,"ADGRE5_CD55","ADGRE5 - CD55","ADGRE5","Cell-Cell Contact","PMID: 11297558"
"DC-Monocyt","iPS_cells","ADGRE5","CD55",0.00158428311077336,0,"ADGRE5_CD55","ADGRE5 - CD55","ADGRE5","Cell-Cell Contact","PMID: 11297558"
"Macrophage","iPS_cells","ADGRE5","CD55",0.00171124122675903,0,"ADGRE5_CD55","ADGRE5 - CD55","ADGRE5","Cell-Cell Contact","PMID: 11297558"
"Pre-B_cell_CD34-","iPS_cells","ADGRE5","CD55",0.0012345920263292,0,"ADGRE5_CD55","ADGRE5 - CD55","ADGRE5","Cell-Cell Contact","PMID: 11297558"
"DC-Monocyt","Macrophage","ADGRE5","CD55",0.00293287663317901,0,"ADGRE5_CD55","ADGRE5 - CD55","ADGRE5","Cell-Cell Contact","PMID: 11297558"
"Macrophage","Macrophage","ADGRE5","CD55",0.00316756277907227,0,"ADGRE5_CD55","ADGRE5 - CD55","ADGRE5","Cell-Cell Contact","PMID: 11297558"
"Pre-B_cell_CD34-","Macrophage","ADGRE5","CD55",0.0022861986867953,0,"ADGRE5_CD55","ADGRE5 - CD55","ADGRE5","Cell-Cell Contact","PMID: 11297558"
"DC-Monocyt","Pre-B_cell_CD34-","ADGRE5","CD55",0.00338496907532846,0,"ADGRE5_CD55","ADGRE5 - CD55","ADGRE5","Cell-Cell Contact","PMID: 11297558"
"Macrophage","Pre-B_cell_CD34-","ADGRE5","CD55",0.00365569861347003,0,"ADGRE5_CD55","ADGRE5 - CD55","ADGRE5","Cell-Cell Contact","PMID: 11297558"
"Pre-B_cell_CD34-","Pre-B_cell_CD34-","ADGRE5","CD55",0.00263887186133935,0,"ADGRE5_CD55","ADGRE5 - CD55","ADGRE5","Cell-Cell Contact","PMID: 11297558"
"DC-Monocyt","Tumor_Epithelial","ADGRE5","CD55",0.00190403925125374,0,"ADGRE5_CD55","ADGRE5 - CD55","ADGRE5","Cell-Cell Contact","PMID: 11297558"
"Macrophage","Tumor_Epithelial","ADGRE5","CD55",0.00205656856515562,0,"ADGRE5_CD55","ADGRE5 - CD55","ADGRE5","Cell-Cell Contact","PMID: 11297558"
"Pre-B_cell_CD34-","Tumor_Epithelial","ADGRE5","CD55",0.00148387484880157,0,"ADGRE5_CD55","ADGRE5 - CD55","ADGRE5","Cell-Cell Contact","PMID: 11297558"
"Endothelial_cells","B_cell","APP","CD74",0.0165174157460287,0,"APP_CD74","APP - CD74","APP","Cell-Cell Contact","PMID: 19849849"
"Fibroblasts-Tissue_stem_cells","B_cell","APP","CD74",0.0274192398711433,0,"APP_CD74","APP - CD74","APP","Cell-Cell Contact","PMID: 19849849"
"iPS_cells","B_cell","APP","CD74",0.0730934633075352,0,"APP_CD74","APP - CD74","APP","Cell-Cell Contact","PMID: 19849849"
"Normal_Epithelial","B_cell","APP","CD74",0.0712359477306134,0,"APP_CD74","APP - CD74","APP","Cell-Cell Contact","PMID: 19849849"
"Pre-B_cell_CD34-","B_cell","APP","CD74",0.0795380625665627,0,"APP_CD74","APP - CD74","APP","Cell-Cell Contact","PMID: 19849849"
"Tumor_Epithelial","B_cell","APP","CD74",0.117259145864979,0,"APP_CD74","APP - CD74","APP","Cell-Cell Contact","PMID: 19849849"
"iPS_cells","CMP","APP","CD74",0.0446783106116682,0,"APP_CD74","APP - CD74","APP","Cell-Cell Contact","PMID: 19849849"
"Normal_Epithelial","CMP","APP","CD74",0.0435090100641016,0,"APP_CD74","APP - CD74","APP","Cell-Cell Contact","PMID: 19849849"
"Pre-B_cell_CD34-","CMP","APP","CD74",0.0487493308452686,0,"APP_CD74","APP - CD74","APP","Cell-Cell Contact","PMID: 19849849"
"Tumor_Epithelial","CMP","APP","CD74",0.0730272547566274,0,"APP_CD74","APP - CD74","APP","Cell-Cell Contact","PMID: 19849849"
"Endothelial_cells","DC-Monocyt","APP","CD74",0.0286171240001153,0,"APP_CD74","APP - CD74","APP","Cell-Cell Contact","PMID: 19849849"
"Fibroblasts-Tissue_stem_cells","DC-Monocyt","APP","CD74",0.0471223554252703,0,"APP_CD74","APP - CD74","APP","Cell-Cell Contact","PMID: 19849849"
"iPS_cells","DC-Monocyt","APP","CD74",0.121516762382979,0,"APP_CD74","APP - CD74","APP","Cell-Cell Contact","PMID: 19849849"
"Normal_Epithelial","DC-Monocyt","APP","CD74",0.118586107977541,0,"APP_CD74","APP - CD74","APP","Cell-Cell Contact","PMID: 19849849"
"Pre-B_cell_CD34-","DC-Monocyt","APP","CD74",0.131624530706205,0,"APP_CD74","APP - CD74","APP","Cell-Cell Contact","PMID: 19849849"
"Tumor_Epithelial","DC-Monocyt","APP","CD74",0.188976236218127,0,"APP_CD74","APP - CD74","APP","Cell-Cell Contact","PMID: 19849849"
"Fibroblasts-Tissue_stem_cells","Endothelial_cells","APP","CD74",0.0118240133569719,0,"APP_CD74","APP - CD74","APP","Cell-Cell Contact","PMID: 19849849"
"iPS_cells","Endothelial_cells","APP","CD74",0.0323851561915729,0,"APP_CD74","APP - CD74","APP","Cell-Cell Contact","PMID: 19849849"
"Normal_Epithelial","Endothelial_cells","APP","CD74",0.0315269689493416,0,"APP_CD74","APP - CD74","APP","Cell-Cell Contact","PMID: 19849849"
"Pre-B_cell_CD34-","Endothelial_cells","APP","CD74",0.0353775235973828,0,"APP_CD74","APP - CD74","APP","Cell-Cell Contact","PMID: 19849849"
"Tumor_Epithelial","Endothelial_cells","APP","CD74",0.0533697021226447,0,"APP_CD74","APP - CD74","APP","Cell-Cell Contact","PMID: 19849849"
"iPS_cells","Fibroblasts-Tissue_stem_cells","APP","CD74",0.00856011318632599,0,"APP_CD74","APP - CD74","APP","Cell-Cell Contact","PMID: 19849849"
"Normal_Epithelial","Fibroblasts-Tissue_stem_cells","APP","CD74",0.00832784156352596,0,"APP_CD74","APP - CD74","APP","Cell-Cell Contact","PMID: 19849849"
"Pre-B_cell_CD34-","Fibroblasts-Tissue_stem_cells","APP","CD74",0.00937238518092931,0,"APP_CD74","APP - CD74","APP","Cell-Cell Contact","PMID: 19849849"
"Tumor_Epithelial","Fibroblasts-Tissue_stem_cells","APP","CD74",0.0143355095890462,0,"APP_CD74","APP - CD74","APP","Cell-Cell Contact","PMID: 19849849"
"Endothelial_cells","Macrophage","APP","CD74",0.0250241237893624,0,"APP_CD74","APP - CD74","APP","Cell-Cell Contact","PMID: 19849849"
"Fibroblasts-Tissue_stem_cells","Macrophage","APP","CD74",0.0413047406832887,0,"APP_CD74","APP - CD74","APP","Cell-Cell Contact","PMID: 19849849"
"iPS_cells","Macrophage","APP","CD74",0.107551250374614,0,"APP_CD74","APP - CD74","APP","Cell-Cell Contact","PMID: 19849849"
"Normal_Epithelial","Macrophage","APP","CD74",0.104917180985424,0,"APP_CD74","APP - CD74","APP","Cell-Cell Contact","PMID: 19849849"
"Pre-B_cell_CD34-","Macrophage","APP","CD74",0.116651619813597,0,"APP_CD74","APP - CD74","APP","Cell-Cell Contact","PMID: 19849849"
"Tumor_Epithelial","Macrophage","APP","CD74",0.168747080098285,0,"APP_CD74","APP - CD74","APP","Cell-Cell Contact","PMID: 19849849"
"iPS_cells","NK_cell-T_cells","APP","CD74",0.017365251091368,0,"APP_CD74","APP - CD74","APP","Cell-Cell Contact","PMID: 19849849"
"Normal_Epithelial","NK_cell-T_cells","APP","CD74",0.0168981314643425,0,"APP_CD74","APP - CD74","APP","Cell-Cell Contact","PMID: 19849849"
"Pre-B_cell_CD34-","NK_cell-T_cells","APP","CD74",0.0189970360642288,0,"APP_CD74","APP - CD74","APP","Cell-Cell Contact","PMID: 19849849"
"Tumor_Epithelial","NK_cell-T_cells","APP","CD74",0.0289081411834902,0,"APP_CD74","APP - CD74","APP","Cell-Cell Contact","PMID: 19849849"
"Fibroblasts-Tissue_stem_cells","Normal_Epithelial","APP","CD74",0.0131693865594693,0,"APP_CD74","APP - CD74","APP","Cell-Cell Contact","PMID: 19849849"
"iPS_cells","Normal_Epithelial","APP","CD74",0.0359848462156542,0,"APP_CD74","APP - CD74","APP","Cell-Cell Contact","PMID: 19849849"
"Normal_Epithelial","Normal_Epithelial","APP","CD74",0.0350347231449468,0,"APP_CD74","APP - CD74","APP","Cell-Cell Contact","PMID: 19849849"
"Pre-B_cell_CD34-","Normal_Epithelial","APP","CD74",0.0392963148828302,0,"APP_CD74","APP - CD74","APP","Cell-Cell Contact","PMID: 19849849"
"Tumor_Epithelial","Normal_Epithelial","APP","CD74",0.0591592698243076,0,"APP_CD74","APP - CD74","APP","Cell-Cell Contact","PMID: 19849849"
"Endothelial_cells","Pre-B_cell_CD34-","APP","CD74",0.0238001817495475,0,"APP_CD74","APP - CD74","APP","Cell-Cell Contact","PMID: 19849849"
"Fibroblasts-Tissue_stem_cells","Pre-B_cell_CD34-","APP","CD74",0.0393166168633359,0,"APP_CD74","APP - CD74","APP","Cell-Cell Contact","PMID: 19849849"
"iPS_cells","Pre-B_cell_CD34-","APP","CD74",0.102716115630185,0,"APP_CD74","APP - CD74","APP","Cell-Cell Contact","PMID: 19849849"
"Normal_Epithelial","Pre-B_cell_CD34-","APP","CD74",0.100187171151351,0,"APP_CD74","APP - CD74","APP","Cell-Cell Contact","PMID: 19849849"
"Pre-B_cell_CD34-","Pre-B_cell_CD34-","APP","CD74",0.111458459132057,0,"APP_CD74","APP - CD74","APP","Cell-Cell Contact","PMID: 19849849"
"Tumor_Epithelial","Pre-B_cell_CD34-","APP","CD74",0.161659138157548,0,"APP_CD74","APP - CD74","APP","Cell-Cell Contact","PMID: 19849849"
"iPS_cells","iPS_cells","CADM1","CADM1",0.000917918900071224,0,"CADM1_CADM1","CADM1 - CADM1","CADM","Cell-Cell Contact","PMID: 24503895"
"Tumor_Epithelial","iPS_cells","CADM1","CADM1",0.00117072050120245,0,"CADM1_CADM1","CADM1 - CADM1","CADM","Cell-Cell Contact","PMID: 24503895"
"iPS_cells","Tumor_Epithelial","CADM1","CADM1",0.00117072050120245,0,"CADM1_CADM1","CADM1 - CADM1","CADM","Cell-Cell Contact","PMID: 24503895"
"Tumor_Epithelial","Tumor_Epithelial","CADM1","CADM1",0.00149304147228964,0,"CADM1_CADM1","CADM1 - CADM1","CADM","Cell-Cell Contact","PMID: 24503895"
"B_cell","Macrophage","PTPRC","MRC1",0.00519867033297208,0,"PTPRC_MRC1","PTPRC - MRC1","CD45","Cell-Cell Contact","PMID: 27601670; PMID: 10575006"
"DC-Monocyt","Macrophage","PTPRC","MRC1",0.0212465679300109,0,"PTPRC_MRC1","PTPRC - MRC1","CD45","Cell-Cell Contact","PMID: 27601670; PMID: 10575006"
"Macrophage","Macrophage","PTPRC","MRC1",0.018281746235444,0,"PTPRC_MRC1","PTPRC - MRC1","CD45","Cell-Cell Contact","PMID: 27601670; PMID: 10575006"
"NK_cell-T_cells","Macrophage","PTPRC","MRC1",0.0253544823636314,0,"PTPRC_MRC1","PTPRC - MRC1","CD45","Cell-Cell Contact","PMID: 27601670; PMID: 10575006"
"Pre-B_cell_CD34-","Macrophage","PTPRC","MRC1",0.0150085921619239,0,"PTPRC_MRC1","PTPRC - MRC1","CD45","Cell-Cell Contact","PMID: 27601670; PMID: 10575006"
"Normal_Epithelial","iPS_cells","CD46","JAG1",0.00103031015551345,0,"CD46_JAG1","CD46 - JAG1","CD46","Cell-Cell Contact","PMID: 23086448"
"Tumor_Epithelial","iPS_cells","CD46","JAG1",0.00248788989230625,0,"CD46_JAG1","CD46 - JAG1","CD46","Cell-Cell Contact","PMID: 23086448"
"NK_cell-T_cells","Tumor_Epithelial","CD96","NECTIN1",0.00147832529181229,0,"CD96_NECTIN1","CD96 - NECTIN1","CD96","Cell-Cell Contact","PMID: 17971293"
"DC-Monocyt","Macrophage","CD99","PILRA",0.000889112215192393,0,"CD99_PILRA","CD99 - PILRA","CD99","Cell-Cell Contact","PMID: 18234675"
"Endothelial_cells","Macrophage","CD99","PILRA",0.00126618063232686,0,"CD99_PILRA","CD99 - PILRA","CD99","Cell-Cell Contact","PMID: 18234675"
"Fibroblasts-Tissue_stem_cells","Macrophage","CD99","PILRA",0.0069242128851,0,"CD99_PILRA","CD99 - PILRA","CD99","Cell-Cell Contact","PMID: 18234675"
"iPS_cells","Macrophage","CD99","PILRA",0.00347584807882335,0,"CD99_PILRA","CD99 - PILRA","CD99","Cell-Cell Contact","PMID: 18234675"
"Macrophage","Macrophage","CD99","PILRA",0.00146702337082934,0,"CD99_PILRA","CD99 - PILRA","CD99","Cell-Cell Contact","PMID: 18234675"
"NK_cell-T_cells","Macrophage","CD99","PILRA",0.00242596876205432,0,"CD99_PILRA","CD99 - PILRA","CD99","Cell-Cell Contact","PMID: 18234675"
"Pre-B_cell_CD34-","Macrophage","CD99","PILRA",0.00190654736516468,0,"CD99_PILRA","CD99 - PILRA","CD99","Cell-Cell Contact","PMID: 18234675"
"Tumor_Epithelial","Macrophage","CD99","PILRA",0.00350612031831762,0,"CD99_PILRA","CD99 - PILRA","CD99","Cell-Cell Contact","PMID: 18234675"
"Fibroblasts-Tissue_stem_cells","DC-Monocyt","CD99","CD99",0.00684233508020104,0,"CD99_CD99","CD99 - CD99","CD99","Cell-Cell Contact","KEGG: hsa04514"
"iPS_cells","DC-Monocyt","CD99","CD99",0.0034346056561435,0,"CD99_CD99","CD99 - CD99","CD99","Cell-Cell Contact","KEGG: hsa04514"
"Tumor_Epithelial","DC-Monocyt","CD99","CD99",0.00346451995135294,0,"CD99_CD99","CD99 - CD99","CD99","Cell-Cell Contact","KEGG: hsa04514"
"Fibroblasts-Tissue_stem_cells","Endothelial_cells","CD99","CD99",0.00971957685154927,0,"CD99_CD99","CD99 - CD99","CD99","Cell-Cell Contact","KEGG: hsa04514"
"iPS_cells","Endothelial_cells","CD99","CD99",0.00488592697096069,0,"CD99_CD99","CD99 - CD99","CD99","Cell-Cell Contact","KEGG: hsa04514"
"NK_cell-T_cells","Endothelial_cells","CD99","CD99",0.00341159167951687,0,"CD99_CD99","CD99 - CD99","CD99","Cell-Cell Contact","KEGG: hsa04514"
"Tumor_Epithelial","Endothelial_cells","CD99","CD99",0.00492841928896904,0,"CD99_CD99","CD99 - CD99","CD99","Cell-Cell Contact","KEGG: hsa04514"
"DC-Monocyt","Fibroblasts-Tissue_stem_cells","CD99","CD99",0.00684233508020104,0,"CD99_CD99","CD99 - CD99","CD99","Cell-Cell Contact","KEGG: hsa04514"
"Endothelial_cells","Fibroblasts-Tissue_stem_cells","CD99","CD99",0.00971957685154927,0,"CD99_CD99","CD99 - CD99","CD99","Cell-Cell Contact","KEGG: hsa04514"
"Fibroblasts-Tissue_stem_cells","Fibroblasts-Tissue_stem_cells","CD99","CD99",0.0512152132741279,0,"CD99_CD99","CD99 - CD99","CD99","Cell-Cell Contact","KEGG: hsa04514"
"iPS_cells","Fibroblasts-Tissue_stem_cells","CD99","CD99",0.0262932571836395,0,"CD99_CD99","CD99 - CD99","CD99","Cell-Cell Contact","KEGG: hsa04514"
"Macrophage","Fibroblasts-Tissue_stem_cells","CD99","CD99",0.0112462060942311,0,"CD99_CD99","CD99 - CD99","CD99","Cell-Cell Contact","KEGG: hsa04514"
"NK_cell-T_cells","Fibroblasts-Tissue_stem_cells","CD99","CD99",0.0184791860268993,0,"CD99_CD99","CD99 - CD99","CD99","Cell-Cell Contact","KEGG: hsa04514"
"Pre-B_cell_CD34-","Fibroblasts-Tissue_stem_cells","CD99","CD99",0.0145728392824247,0,"CD99_CD99","CD99 - CD99","CD99","Cell-Cell Contact","KEGG: hsa04514"
"Tumor_Epithelial","Fibroblasts-Tissue_stem_cells","CD99","CD99",0.0265169653846656,0,"CD99_CD99","CD99 - CD99","CD99","Cell-Cell Contact","KEGG: hsa04514"
"DC-Monocyt","iPS_cells","CD99","CD99",0.0034346056561435,0,"CD99_CD99","CD99 - CD99","CD99","Cell-Cell Contact","KEGG: hsa04514"
"Endothelial_cells","iPS_cells","CD99","CD99",0.00488592697096069,0,"CD99_CD99","CD99 - CD99","CD99","Cell-Cell Contact","KEGG: hsa04514"
"Fibroblasts-Tissue_stem_cells","iPS_cells","CD99","CD99",0.0262932571836395,0,"CD99_CD99","CD99 - CD99","CD99","Cell-Cell Contact","KEGG: hsa04514"
"iPS_cells","iPS_cells","CD99","CD99",0.0133282716294653,0,"CD99_CD99","CD99 - CD99","CD99","Cell-Cell Contact","KEGG: hsa04514"
"Macrophage","iPS_cells","CD99","CD99",0.00565768463178443,0,"CD99_CD99","CD99 - CD99","CD99","Cell-Cell Contact","KEGG: hsa04514"
"NK_cell-T_cells","iPS_cells","CD99","CD99",0.00933033266540221,0,"CD99_CD99","CD99 - CD99","CD99","Cell-Cell Contact","KEGG: hsa04514"
"Pre-B_cell_CD34-","iPS_cells","CD99","CD99",0.0073435080111668,0,"CD99_CD99","CD99 - CD99","CD99","Cell-Cell Contact","KEGG: hsa04514"
"Tumor_Epithelial","iPS_cells","CD99","CD99",0.0134431941283415,0,"CD99_CD99","CD99 - CD99","CD99","Cell-Cell Contact","KEGG: hsa04514"
"Fibroblasts-Tissue_stem_cells","Macrophage","CD99","CD99",0.0112462060942311,0,"CD99_CD99","CD99 - CD99","CD99","Cell-Cell Contact","KEGG: hsa04514"
"iPS_cells","Macrophage","CD99","CD99",0.00565768463178443,0,"CD99_CD99","CD99 - CD99","CD99","Cell-Cell Contact","KEGG: hsa04514"
"NK_cell-T_cells","Macrophage","CD99","CD99",0.00395139510251793,0,"CD99_CD99","CD99 - CD99","CD99","Cell-Cell Contact","KEGG: hsa04514"
"Tumor_Epithelial","Macrophage","CD99","CD99",0.00570685034137386,0,"CD99_CD99","CD99 - CD99","CD99","Cell-Cell Contact","KEGG: hsa04514"
"Endothelial_cells","NK_cell-T_cells","CD99","CD99",0.00341159167951687,0,"CD99_CD99","CD99 - CD99","CD99","Cell-Cell Contact","KEGG: hsa04514"
"Fibroblasts-Tissue_stem_cells","NK_cell-T_cells","CD99","CD99",0.0184791860268993,0,"CD99_CD99","CD99 - CD99","CD99","Cell-Cell Contact","KEGG: hsa04514"
"iPS_cells","NK_cell-T_cells","CD99","CD99",0.00933033266540221,0,"CD99_CD99","CD99 - CD99","CD99","Cell-Cell Contact","KEGG: hsa04514"
"Macrophage","NK_cell-T_cells","CD99","CD99",0.00395139510251793,0,"CD99_CD99","CD99 - CD99","CD99","Cell-Cell Contact","KEGG: hsa04514"
"NK_cell-T_cells","NK_cell-T_cells","CD99","CD99",0.00652368365019352,0,"CD99_CD99","CD99 - CD99","CD99","Cell-Cell Contact","KEGG: hsa04514"
"Pre-B_cell_CD34-","NK_cell-T_cells","CD99","CD99",0.00513141823989252,0,"CD99_CD99","CD99 - CD99","CD99","Cell-Cell Contact","KEGG: hsa04514"
"Tumor_Epithelial","NK_cell-T_cells","CD99","CD99",0.0094111118954131,0,"CD99_CD99","CD99 - CD99","CD99","Cell-Cell Contact","KEGG: hsa04514"
"Fibroblasts-Tissue_stem_cells","Pre-B_cell_CD34-","CD99","CD99",0.0145728392824247,0,"CD99_CD99","CD99 - CD99","CD99","Cell-Cell Contact","KEGG: hsa04514"
"iPS_cells","Pre-B_cell_CD34-","CD99","CD99",0.0073435080111668,0,"CD99_CD99","CD99 - CD99","CD99","Cell-Cell Contact","KEGG: hsa04514"
"NK_cell-T_cells","Pre-B_cell_CD34-","CD99","CD99",0.00513141823989252,0,"CD99_CD99","CD99 - CD99","CD99","Cell-Cell Contact","KEGG: hsa04514"
"Pre-B_cell_CD34-","Pre-B_cell_CD34-","CD99","CD99",0.0040350791966504,0,"CD99_CD99","CD99 - CD99","CD99","Cell-Cell Contact","KEGG: hsa04514"
"Tumor_Epithelial","Pre-B_cell_CD34-","CD99","CD99",0.00740721452145489,0,"CD99_CD99","CD99 - CD99","CD99","Cell-Cell Contact","KEGG: hsa04514"
"DC-Monocyt","Tumor_Epithelial","CD99","CD99",0.00346451995135294,0,"CD99_CD99","CD99 - CD99","CD99","Cell-Cell Contact","KEGG: hsa04514"
"Endothelial_cells","Tumor_Epithelial","CD99","CD99",0.00492841928896904,0,"CD99_CD99","CD99 - CD99","CD99","Cell-Cell Contact","KEGG: hsa04514"
"Fibroblasts-Tissue_stem_cells","Tumor_Epithelial","CD99","CD99",0.0265169653846656,0,"CD99_CD99","CD99 - CD99","CD99","Cell-Cell Contact","KEGG: hsa04514"
"iPS_cells","Tumor_Epithelial","CD99","CD99",0.0134431941283415,0,"CD99_CD99","CD99 - CD99","CD99","Cell-Cell Contact","KEGG: hsa04514"
"Macrophage","Tumor_Epithelial","CD99","CD99",0.00570685034137386,0,"CD99_CD99","CD99 - CD99","CD99","Cell-Cell Contact","KEGG: hsa04514"
"NK_cell-T_cells","Tumor_Epithelial","CD99","CD99",0.0094111118954131,0,"CD99_CD99","CD99 - CD99","CD99","Cell-Cell Contact","KEGG: hsa04514"
"Pre-B_cell_CD34-","Tumor_Epithelial","CD99","CD99",0.00740721452145489,0,"CD99_CD99","CD99 - CD99","CD99","Cell-Cell Contact","KEGG: hsa04514"
"Tumor_Epithelial","Tumor_Epithelial","CD99","CD99",0.0135590939245501,0,"CD99_CD99","CD99 - CD99","CD99","Cell-Cell Contact","KEGG: hsa04514"
"iPS_cells","iPS_cells","CDH2","CDH2",0.000200106306396955,0,"CDH2_CDH2","CDH2 - CDH2","CDH","Cell-Cell Contact","KEGG: hsa04514"
"Normal_Epithelial","Normal_Epithelial","CDH1","CDH1",0.000995783975151943,0,"CDH1_CDH1","CDH1 - CDH1","CDH","Cell-Cell Contact","KEGG: hsa04514"
"Normal_Epithelial","Normal_Epithelial","CDH1","ITGA2_ITGB1",0.00210887726585068,0,"CDH1_ITGA1_ITGB1","CDH1 - (ITGA1+ITGB1)","CDH1","Cell-Cell Contact","PMID: 12392763"
"iPS_cells","iPS_cells","DSC2","DSG2",0.00110811048628902,0,"DSC2_DSG2","DSC2 - DSG2","DESMOSOME","Cell-Cell Contact","PMID: 27298358"
"Normal_Epithelial","iPS_cells","DSC2","DSG2",0.0012280740434965,0,"DSC2_DSG2","DSC2 - DSG2","DESMOSOME","Cell-Cell Contact","PMID: 27298358"
"Tumor_Epithelial","iPS_cells","DSC2","DSG2",0.00396217790025681,0,"DSC2_DSG2","DSC2 - DSG2","DESMOSOME","Cell-Cell Contact","PMID: 27298358"
"iPS_cells","Tumor_Epithelial","DSC2","DSG2",0.000917440952874169,0,"DSC2_DSG2","DSC2 - DSG2","DESMOSOME","Cell-Cell Contact","PMID: 27298358"
"Normal_Epithelial","Tumor_Epithelial","DSC2","DSG2",0.001016783721211,0,"DSC2_DSG2","DSC2 - DSG2","DESMOSOME","Cell-Cell Contact","PMID: 27298358"
"Tumor_Epithelial","Tumor_Epithelial","DSC2","DSG2",0.00328203037695322,0,"DSC2_DSG2","DSC2 - DSG2","DESMOSOME","Cell-Cell Contact","PMID: 27298358"
"iPS_cells","iPS_cells","DSG2","DSC3",0.000559950445993391,0,"DSG2_DSC3","DSG2 - DSC3","DESMOSOME","Cell-Cell Contact","PMID: 27298358"
"Tumor_Epithelial","iPS_cells","DSG2","DSC3",0.000463557536460188,0,"DSG2_DSC3","DSG2 - DSC3","DESMOSOME","Cell-Cell Contact","PMID: 27298358"
"DC-Monocyt","DC-Monocyt","ICAM1","ITGAX_ITGB2",0.0023241436530121,0,"ICAM1_ITGAX_ITGB2","ICAM1 - (ITGAX+ITGB2)","ICAM","Cell-Cell Contact","PMID: 16252253"
"Fibroblasts-Tissue_stem_cells","DC-Monocyt","ICAM1","ITGAX_ITGB2",0.00294587392726408,0,"ICAM1_ITGAX_ITGB2","ICAM1 - (ITGAX+ITGB2)","ICAM","Cell-Cell Contact","PMID: 16252253"
"Macrophage","DC-Monocyt","ICAM1","ITGAX_ITGB2",0.00675489611180846,0,"ICAM1_ITGAX_ITGB2","ICAM1 - (ITGAX+ITGB2)","ICAM","Cell-Cell Contact","PMID: 16252253"
"DC-Monocyt","Macrophage","ICAM1","ITGAX_ITGB2",0.00276707185531255,0,"ICAM1_ITGAX_ITGB2","ICAM1 - (ITGAX+ITGB2)","ICAM","Cell-Cell Contact","PMID: 16252253"
"Fibroblasts-Tissue_stem_cells","Macrophage","ICAM1","ITGAX_ITGB2",0.00350687309877121,0,"ICAM1_ITGAX_ITGB2","ICAM1 - (ITGAX+ITGB2)","ICAM","Cell-Cell Contact","PMID: 16252253"
"Macrophage","Macrophage","ICAM1","ITGAX_ITGB2",0.00803542268020969,0,"ICAM1_ITGAX_ITGB2","ICAM1 - (ITGAX+ITGB2)","ICAM","Cell-Cell Contact","PMID: 16252253"
"DC-Monocyt","Macrophage","ICAM1","ITGAM_ITGB2",0.00261581976901447,0,"ICAM1_ITGAM_ITGB2","ICAM1 - (ITGAM+ITGB2)","ICAM","Cell-Cell Contact","KEGG: hsa04514"
"Fibroblasts-Tissue_stem_cells","Macrophage","ICAM1","ITGAM_ITGB2",0.00331531686220048,0,"ICAM1_ITGAM_ITGB2","ICAM1 - (ITGAM+ITGB2)","ICAM","Cell-Cell Contact","KEGG: hsa04514"
"Macrophage","Macrophage","ICAM1","ITGAM_ITGB2",0.00759838926071766,0,"ICAM1_ITGAM_ITGB2","ICAM1 - (ITGAM+ITGB2)","ICAM","Cell-Cell Contact","KEGG: hsa04514"
"Endothelial_cells","Macrophage","ICAM2","ITGAM_ITGB2",0.0045840809222177,0,"ICAM2_ITGAM_ITGB2","ICAM2 - (ITGAM+ITGB2)","ICAM","Cell-Cell Contact","KEGG: hsa04514"
"DC-Monocyt","DC-Monocyt","ICAM1","SPN",0.000919394347123053,0,"ICAM1_SPN","ICAM1 - SPN","ICAM","Cell-Cell Contact","PMID: 1683685"
"Fibroblasts-Tissue_stem_cells","DC-Monocyt","ICAM1","SPN",0.00116578007895462,0,"ICAM1_SPN","ICAM1 - SPN","ICAM","Cell-Cell Contact","PMID: 1683685"
"Macrophage","DC-Monocyt","ICAM1","SPN",0.00267932169239101,0,"ICAM1_SPN","ICAM1 - SPN","ICAM","Cell-Cell Contact","PMID: 1683685"
"DC-Monocyt","Pre-B_cell_CD34-","ICAM1","SPN",0.00150273758329408,0,"ICAM1_SPN","ICAM1 - SPN","ICAM","Cell-Cell Contact","PMID: 1683685"
"Fibroblasts-Tissue_stem_cells","Pre-B_cell_CD34-","ICAM1","SPN",0.00190515361458077,0,"ICAM1_SPN","ICAM1 - SPN","ICAM","Cell-Cell Contact","PMID: 1683685"
"Macrophage","Pre-B_cell_CD34-","ICAM1","SPN",0.00437442574751846,0,"ICAM1_SPN","ICAM1 - SPN","ICAM","Cell-Cell Contact","PMID: 1683685"
"DC-Monocyt","DC-Monocyt","ITGB2","ICAM1",0.00461614093775539,0,"ITGB2_ICAM1","ITGB2 - ICAM1","ITGB2","Cell-Cell Contact","KEGG: hsa04514"
"Macrophage","DC-Monocyt","ITGB2","ICAM1",0.00566831738191697,0,"ITGB2_ICAM1","ITGB2 - ICAM1","ITGB2","Cell-Cell Contact","KEGG: hsa04514"
"DC-Monocyt","Fibroblasts-Tissue_stem_cells","ITGB2","ICAM1",0.00584740845224685,0,"ITGB2_ICAM1","ITGB2 - ICAM1","ITGB2","Cell-Cell Contact","KEGG: hsa04514"
"Macrophage","Fibroblasts-Tissue_stem_cells","ITGB2","ICAM1",0.00717820899379585,0,"ITGB2_ICAM1","ITGB2 - ICAM1","ITGB2","Cell-Cell Contact","KEGG: hsa04514"
"DC-Monocyt","Macrophage","ITGB2","ICAM1",0.0133578592351623,0,"ITGB2_ICAM1","ITGB2 - ICAM1","ITGB2","Cell-Cell Contact","KEGG: hsa04514"
"Macrophage","Macrophage","ITGB2","ICAM1",0.0163698036464376,0,"ITGB2_ICAM1","ITGB2 - ICAM1","ITGB2","Cell-Cell Contact","KEGG: hsa04514"
"DC-Monocyt","Endothelial_cells","ITGB2","ICAM2",0.0080773448909197,0,"ITGB2_ICAM2","ITGB2 - ICAM2","ITGB2","Cell-Cell Contact","KEGG: hsa04514"
"Macrophage","Endothelial_cells","ITGB2","ICAM2",0.00991059313627773,0,"ITGB2_ICAM2","ITGB2 - ICAM2","ITGB2","Cell-Cell Contact","KEGG: hsa04514"
"Tumor_Epithelial","Tumor_Epithelial","F11R","F11R",0.000628269579012434,0,"F11R_F11R","F11R - F11R","JAM","Cell-Cell Contact","KEGG: hsa04514"
"DC-Monocyt","Macrophage","HLA-F","LILRB1",0.000987689383805988,0,"HLA-F_LILRB1","HLA-F - LILRB1","MHC-I","Cell-Cell Contact","PMID: 28484462"
"Macrophage","Macrophage","HLA-F","LILRB1",0.000758917315192572,0,"HLA-F_LILRB1","HLA-F - LILRB1","MHC-I","Cell-Cell Contact","PMID: 28484462"
"Pre-B_cell_CD34-","Macrophage","HLA-F","LILRB1",0.00129290898466895,0,"HLA-F_LILRB1","HLA-F - LILRB1","MHC-I","Cell-Cell Contact","PMID: 28484462"
"B_cell","DC-Monocyt","HLA-DPA1","CD4",0.0131463646733002,0,"HLA-DPA1_CD4","HLA-DPA1 - CD4","MHC-II","Cell-Cell Contact","KEGG: hsa04514"
"CMP","DC-Monocyt","HLA-DPA1","CD4",0.00426095931823204,0,"HLA-DPA1_CD4","HLA-DPA1 - CD4","MHC-II","Cell-Cell Contact","KEGG: hsa04514"
"DC-Monocyt","DC-Monocyt","HLA-DPA1","CD4",0.0361787165857669,0,"HLA-DPA1_CD4","HLA-DPA1 - CD4","MHC-II","Cell-Cell Contact","KEGG: hsa04514"
"Endothelial_cells","DC-Monocyt","HLA-DPA1","CD4",0.00192829822279047,0,"HLA-DPA1_CD4","HLA-DPA1 - CD4","MHC-II","Cell-Cell Contact","KEGG: hsa04514"
"Macrophage","DC-Monocyt","HLA-DPA1","CD4",0.0275029092123451,0,"HLA-DPA1_CD4","HLA-DPA1 - CD4","MHC-II","Cell-Cell Contact","KEGG: hsa04514"
"NK_cell-T_cells","DC-Monocyt","HLA-DPA1","CD4",0.00410515491432426,0,"HLA-DPA1_CD4","HLA-DPA1 - CD4","MHC-II","Cell-Cell Contact","KEGG: hsa04514"
"Normal_Epithelial","DC-Monocyt","HLA-DPA1","CD4",0.00183843838431299,0,"HLA-DPA1_CD4","HLA-DPA1 - CD4","MHC-II","Cell-Cell Contact","KEGG: hsa04514"
"Pre-B_cell_CD34-","DC-Monocyt","HLA-DPA1","CD4",0.0227189138007802,0,"HLA-DPA1_CD4","HLA-DPA1 - CD4","MHC-II","Cell-Cell Contact","KEGG: hsa04514"
"B_cell","Macrophage","HLA-DPA1","CD4",0.0176699112483218,0,"HLA-DPA1_CD4","HLA-DPA1 - CD4","MHC-II","Cell-Cell Contact","KEGG: hsa04514"
"CMP","Macrophage","HLA-DPA1","CD4",0.00574491575725239,0,"HLA-DPA1_CD4","HLA-DPA1 - CD4","MHC-II","Cell-Cell Contact","KEGG: hsa04514"
"DC-Monocyt","Macrophage","HLA-DPA1","CD4",0.0482400830103997,0,"HLA-DPA1_CD4","HLA-DPA1 - CD4","MHC-II","Cell-Cell Contact","KEGG: hsa04514"
"Endothelial_cells","Macrophage","HLA-DPA1","CD4",0.00260198596352467,0,"HLA-DPA1_CD4","HLA-DPA1 - CD4","MHC-II","Cell-Cell Contact","KEGG: hsa04514"
"Macrophage","Macrophage","HLA-DPA1","CD4",0.0367822908856087,0,"HLA-DPA1_CD4","HLA-DPA1 - CD4","MHC-II","Cell-Cell Contact","KEGG: hsa04514"
"NK_cell-T_cells","Macrophage","HLA-DPA1","CD4",0.00553515127312862,0,"HLA-DPA1_CD4","HLA-DPA1 - CD4","MHC-II","Cell-Cell Contact","KEGG: hsa04514"
"Normal_Epithelial","Macrophage","HLA-DPA1","CD4",0.00248080991122801,0,"HLA-DPA1_CD4","HLA-DPA1 - CD4","MHC-II","Cell-Cell Contact","KEGG: hsa04514"
"Pre-B_cell_CD34-","Macrophage","HLA-DPA1","CD4",0.030434706822761,0,"HLA-DPA1_CD4","HLA-DPA1 - CD4","MHC-II","Cell-Cell Contact","KEGG: hsa04514"
"B_cell","Pre-B_cell_CD34-","HLA-DPA1","CD4",0.0523104942412841,0,"HLA-DPA1_CD4","HLA-DPA1 - CD4","MHC-II","Cell-Cell Contact","KEGG: hsa04514"
"CMP","Pre-B_cell_CD34-","HLA-DPA1","CD4",0.0174220276373984,0,"HLA-DPA1_CD4","HLA-DPA1 - CD4","MHC-II","Cell-Cell Contact","KEGG: hsa04514"
"DC-Monocyt","Pre-B_cell_CD34-","HLA-DPA1","CD4",0.134599543269817,0,"HLA-DPA1_CD4","HLA-DPA1 - CD4","MHC-II","Cell-Cell Contact","KEGG: hsa04514"
"Endothelial_cells","Pre-B_cell_CD34-","HLA-DPA1","CD4",0.00794180881528811,0,"HLA-DPA1_CD4","HLA-DPA1 - CD4","MHC-II","Cell-Cell Contact","KEGG: hsa04514"
"Macrophage","Pre-B_cell_CD34-","HLA-DPA1","CD4",0.104890533966844,0,"HLA-DPA1_CD4","HLA-DPA1 - CD4","MHC-II","Cell-Cell Contact","KEGG: hsa04514"
"NK_cell-T_cells","Pre-B_cell_CD34-","HLA-DPA1","CD4",0.0167930974012781,0,"HLA-DPA1_CD4","HLA-DPA1 - CD4","MHC-II","Cell-Cell Contact","KEGG: hsa04514"
"Normal_Epithelial","Pre-B_cell_CD34-","HLA-DPA1","CD4",0.00757384236633675,0,"HLA-DPA1_CD4","HLA-DPA1 - CD4","MHC-II","Cell-Cell Contact","KEGG: hsa04514"
"Pre-B_cell_CD34-","Pre-B_cell_CD34-","HLA-DPA1","CD4",0.08786151210457,0,"HLA-DPA1_CD4","HLA-DPA1 - CD4","MHC-II","Cell-Cell Contact","KEGG: hsa04514"
"B_cell","DC-Monocyt","HLA-DPB1","CD4",0.0105532223065338,0,"HLA-DPB1_CD4","HLA-DPB1 - CD4","MHC-II","Cell-Cell Contact","KEGG: hsa04514"
"DC-Monocyt","DC-Monocyt","HLA-DPB1","CD4",0.0347772724937562,0,"HLA-DPB1_CD4","HLA-DPB1 - CD4","MHC-II","Cell-Cell Contact","KEGG: hsa04514"
"Macrophage","DC-Monocyt","HLA-DPB1","CD4",0.0242652912589714,0,"HLA-DPB1_CD4","HLA-DPB1 - CD4","MHC-II","Cell-Cell Contact","KEGG: hsa04514"
"NK_cell-T_cells","DC-Monocyt","HLA-DPB1","CD4",0.00355203546679655,0,"HLA-DPB1_CD4","HLA-DPB1 - CD4","MHC-II","Cell-Cell Contact","KEGG: hsa04514"
"Normal_Epithelial","DC-Monocyt","HLA-DPB1","CD4",0.00181581264329271,0,"HLA-DPB1_CD4","HLA-DPB1 - CD4","MHC-II","Cell-Cell Contact","KEGG: hsa04514"
"Pre-B_cell_CD34-","DC-Monocyt","HLA-DPB1","CD4",0.0183706276839771,0,"HLA-DPB1_CD4","HLA-DPB1 - CD4","MHC-II","Cell-Cell Contact","KEGG: hsa04514"
"B_cell","Macrophage","HLA-DPB1","CD4",0.014197328479263,0,"HLA-DPB1_CD4","HLA-DPB1 - CD4","MHC-II","Cell-Cell Contact","KEGG: hsa04514"
"DC-Monocyt","Macrophage","HLA-DPB1","CD4",0.0463939110822609,0,"HLA-DPB1_CD4","HLA-DPB1 - CD4","MHC-II","Cell-Cell Contact","KEGG: hsa04514"
"Macrophage","Macrophage","HLA-DPB1","CD4",0.0324888055514098,0,"HLA-DPB1_CD4","HLA-DPB1 - CD4","MHC-II","Cell-Cell Contact","KEGG: hsa04514"
"NK_cell-T_cells","Macrophage","HLA-DPB1","CD4",0.00479028406532088,0,"HLA-DPB1_CD4","HLA-DPB1 - CD4","MHC-II","Cell-Cell Contact","KEGG: hsa04514"
"Normal_Epithelial","Macrophage","HLA-DPB1","CD4",0.00245029788291885,0,"HLA-DPB1_CD4","HLA-DPB1 - CD4","MHC-II","Cell-Cell Contact","KEGG: hsa04514"
"Pre-B_cell_CD34-","Macrophage","HLA-DPB1","CD4",0.0246469004286463,0,"HLA-DPB1_CD4","HLA-DPB1 - CD4","MHC-II","Cell-Cell Contact","KEGG: hsa04514"
"B_cell","Pre-B_cell_CD34-","HLA-DPB1","CD4",0.0423234744023122,0,"HLA-DPB1_CD4","HLA-DPB1 - CD4","MHC-II","Cell-Cell Contact","KEGG: hsa04514"
"DC-Monocyt","Pre-B_cell_CD34-","HLA-DPB1","CD4",0.129899432217197,0,"HLA-DPB1_CD4","HLA-DPB1 - CD4","MHC-II","Cell-Cell Contact","KEGG: hsa04514"
"Macrophage","Pre-B_cell_CD34-","HLA-DPB1","CD4",0.0934180201579839,0,"HLA-DPB1_CD4","HLA-DPB1 - CD4","MHC-II","Cell-Cell Contact","KEGG: hsa04514"
"NK_cell-T_cells","Pre-B_cell_CD34-","HLA-DPB1","CD4",0.0145554185035213,0,"HLA-DPB1_CD4","HLA-DPB1 - CD4","MHC-II","Cell-Cell Contact","KEGG: hsa04514"
"Normal_Epithelial","Pre-B_cell_CD34-","HLA-DPB1","CD4",0.007481159796223,0,"HLA-DPB1_CD4","HLA-DPB1 - CD4","MHC-II","Cell-Cell Contact","KEGG: hsa04514"
"Pre-B_cell_CD34-","Pre-B_cell_CD34-","HLA-DPB1","CD4",0.0719633543103212,0,"HLA-DPB1_CD4","HLA-DPB1 - CD4","MHC-II","Cell-Cell Contact","KEGG: hsa04514"
"B_cell","DC-Monocyt","HLA-DQA1","CD4",0.00475913377875748,0,"HLA-DQA1_CD4","HLA-DQA1 - CD4","MHC-II","Cell-Cell Contact","KEGG: hsa04514"
"DC-Monocyt","DC-Monocyt","HLA-DQA1","CD4",0.0288496404080314,0,"HLA-DQA1_CD4","HLA-DQA1 - CD4","MHC-II","Cell-Cell Contact","KEGG: hsa04514"
"Macrophage","DC-Monocyt","HLA-DQA1","CD4",0.0150196107568086,0,"HLA-DQA1_CD4","HLA-DQA1 - CD4","MHC-II","Cell-Cell Contact","KEGG: hsa04514"
"Pre-B_cell_CD34-","DC-Monocyt","HLA-DQA1","CD4",0.00962913066385918,0,"HLA-DQA1_CD4","HLA-DQA1 - CD4","MHC-II","Cell-Cell Contact","KEGG: hsa04514"
"B_cell","Macrophage","HLA-DQA1","CD4",0.00641547068155205,0,"HLA-DQA1_CD4","HLA-DQA1 - CD4","MHC-II","Cell-Cell Contact","KEGG: hsa04514"
"DC-Monocyt","Macrophage","HLA-DQA1","CD4",0.038565385295103,0,"HLA-DQA1_CD4","HLA-DQA1 - CD4","MHC-II","Cell-Cell Contact","KEGG: hsa04514"
"Macrophage","Macrophage","HLA-DQA1","CD4",0.0201745474821237,0,"HLA-DQA1_CD4","HLA-DQA1 - CD4","MHC-II","Cell-Cell Contact","KEGG: hsa04514"
"Pre-B_cell_CD34-","Macrophage","HLA-DQA1","CD4",0.0129583201645297,0,"HLA-DQA1_CD4","HLA-DQA1 - CD4","MHC-II","Cell-Cell Contact","KEGG: hsa04514"
"B_cell","Pre-B_cell_CD34-","HLA-DQA1","CD4",0.0194289180143512,0,"HLA-DQA1_CD4","HLA-DQA1 - CD4","MHC-II","Cell-Cell Contact","KEGG: hsa04514"
"DC-Monocyt","Pre-B_cell_CD34-","HLA-DQA1","CD4",0.109599628820417,0,"HLA-DQA1_CD4","HLA-DQA1 - CD4","MHC-II","Cell-Cell Contact","KEGG: hsa04514"
"Macrophage","Pre-B_cell_CD34-","HLA-DQA1","CD4",0.0594282377477887,0,"HLA-DQA1_CD4","HLA-DQA1 - CD4","MHC-II","Cell-Cell Contact","KEGG: hsa04514"
"Pre-B_cell_CD34-","Pre-B_cell_CD34-","HLA-DQA1","CD4",0.0387263085071742,0,"HLA-DQA1_CD4","HLA-DQA1 - CD4","MHC-II","Cell-Cell Contact","KEGG: hsa04514"
"B_cell","DC-Monocyt","HLA-DMA","CD4",0.00218112243752601,0,"HLA-DMA_CD4","HLA-DMA - CD4","MHC-II","Cell-Cell Contact","KEGG: hsa04514"
"DC-Monocyt","DC-Monocyt","HLA-DMA","CD4",0.0171309852199379,0,"HLA-DMA_CD4","HLA-DMA - CD4","MHC-II","Cell-Cell Contact","KEGG: hsa04514"
"Macrophage","DC-Monocyt","HLA-DMA","CD4",0.0110910445769691,0,"HLA-DMA_CD4","HLA-DMA - CD4","MHC-II","Cell-Cell Contact","KEGG: hsa04514"
"Pre-B_cell_CD34-","DC-Monocyt","HLA-DMA","CD4",0.00865401904186744,0,"HLA-DMA_CD4","HLA-DMA - CD4","MHC-II","Cell-Cell Contact","KEGG: hsa04514"
"B_cell","Macrophage","HLA-DMA","CD4",0.00294287869330872,0,"HLA-DMA_CD4","HLA-DMA - CD4","MHC-II","Cell-Cell Contact","KEGG: hsa04514"
"DC-Monocyt","Macrophage","HLA-DMA","CD4",0.0229936581673515,0,"HLA-DMA_CD4","HLA-DMA - CD4","MHC-II","Cell-Cell Contact","KEGG: hsa04514"
"Macrophage","Macrophage","HLA-DMA","CD4",0.0149180647373682,0,"HLA-DMA_CD4","HLA-DMA - CD4","MHC-II","Cell-Cell Contact","KEGG: hsa04514"
"Pre-B_cell_CD34-","Macrophage","HLA-DMA","CD4",0.0116500378868422,0,"HLA-DMA_CD4","HLA-DMA - CD4","MHC-II","Cell-Cell Contact","KEGG: hsa04514"
"B_cell","Pre-B_cell_CD34-","HLA-DMA","CD4",0.00897598933930376,0,"HLA-DMA_CD4","HLA-DMA - CD4","MHC-II","Cell-Cell Contact","KEGG: hsa04514"
"DC-Monocyt","Pre-B_cell_CD34-","HLA-DMA","CD4",0.0673554403149795,0,"HLA-DMA_CD4","HLA-DMA - CD4","MHC-II","Cell-Cell Contact","KEGG: hsa04514"
"Macrophage","Pre-B_cell_CD34-","HLA-DMA","CD4",0.0444077316714,0,"HLA-DMA_CD4","HLA-DMA - CD4","MHC-II","Cell-Cell Contact","KEGG: hsa04514"
"Pre-B_cell_CD34-","Pre-B_cell_CD34-","HLA-DMA","CD4",0.0349084783540783,0,"HLA-DMA_CD4","HLA-DMA - CD4","MHC-II","Cell-Cell Contact","KEGG: hsa04514"
"DC-Monocyt","DC-Monocyt","HLA-DMB","CD4",0.0107174715126709,0,"HLA-DMB_CD4","HLA-DMB - CD4","MHC-II","Cell-Cell Contact","KEGG: hsa04514"
"Macrophage","DC-Monocyt","HLA-DMB","CD4",0.00891705776484588,0,"HLA-DMB_CD4","HLA-DMB - CD4","MHC-II","Cell-Cell Contact","KEGG: hsa04514"
"Pre-B_cell_CD34-","DC-Monocyt","HLA-DMB","CD4",0.0032021369553665,0,"HLA-DMB_CD4","HLA-DMB - CD4","MHC-II","Cell-Cell Contact","KEGG: hsa04514"
"DC-Monocyt","Macrophage","HLA-DMB","CD4",0.014417467728795,0,"HLA-DMB_CD4","HLA-DMB - CD4","MHC-II","Cell-Cell Contact","KEGG: hsa04514"
"Macrophage","Macrophage","HLA-DMB","CD4",0.0120030379527039,0,"HLA-DMB_CD4","HLA-DMB - CD4","MHC-II","Cell-Cell Contact","KEGG: hsa04514"
"Pre-B_cell_CD34-","Macrophage","HLA-DMB","CD4",0.00431893872547793,0,"HLA-DMB_CD4","HLA-DMB - CD4","MHC-II","Cell-Cell Contact","KEGG: hsa04514"
"DC-Monocyt","Pre-B_cell_CD34-","HLA-DMB","CD4",0.0429607230569763,0,"HLA-DMB_CD4","HLA-DMB - CD4","MHC-II","Cell-Cell Contact","KEGG: hsa04514"
"Macrophage","Pre-B_cell_CD34-","HLA-DMB","CD4",0.0359405897093881,0,"HLA-DMB_CD4","HLA-DMB - CD4","MHC-II","Cell-Cell Contact","KEGG: hsa04514"
"Pre-B_cell_CD34-","Pre-B_cell_CD34-","HLA-DMB","CD4",0.0131359042792912,0,"HLA-DMB_CD4","HLA-DMB - CD4","MHC-II","Cell-Cell Contact","KEGG: hsa04514"
"DC-Monocyt","DC-Monocyt","HLA-DQA2","CD4",0.00337813771358961,0,"HLA-DQA2_CD4","HLA-DQA2 - CD4","MHC-II","Cell-Cell Contact","KEGG: hsa04514"
"DC-Monocyt","Macrophage","HLA-DQA2","CD4",0.00455604229031772,0,"HLA-DQA2_CD4","HLA-DQA2 - CD4","MHC-II","Cell-Cell Contact","KEGG: hsa04514"
"DC-Monocyt","Pre-B_cell_CD34-","HLA-DQA2","CD4",0.0138503134853519,0,"HLA-DQA2_CD4","HLA-DQA2 - CD4","MHC-II","Cell-Cell Contact","KEGG: hsa04514"
"B_cell","DC-Monocyt","HLA-DQB1","CD4",0.00506048837062684,0,"HLA-DQB1_CD4","HLA-DQB1 - CD4","MHC-II","Cell-Cell Contact","KEGG: hsa04514"
"DC-Monocyt","DC-Monocyt","HLA-DQB1","CD4",0.0270337181715294,0,"HLA-DQB1_CD4","HLA-DQB1 - CD4","MHC-II","Cell-Cell Contact","KEGG: hsa04514"
"Macrophage","DC-Monocyt","HLA-DQB1","CD4",0.0149615470926067,0,"HLA-DQB1_CD4","HLA-DQB1 - CD4","MHC-II","Cell-Cell Contact","KEGG: hsa04514"
"Pre-B_cell_CD34-","DC-Monocyt","HLA-DQB1","CD4",0.00373908510058145,0,"HLA-DQB1_CD4","HLA-DQB1 - CD4","MHC-II","Cell-Cell Contact","KEGG: hsa04514"
"B_cell","Macrophage","HLA-DQB1","CD4",0.00682098788231322,0,"HLA-DQB1_CD4","HLA-DQB1 - CD4","MHC-II","Cell-Cell Contact","KEGG: hsa04514"
"DC-Monocyt","Macrophage","HLA-DQB1","CD4",0.0361606827380183,0,"HLA-DQB1_CD4","HLA-DQB1 - CD4","MHC-II","Cell-Cell Contact","KEGG: hsa04514"
"Macrophage","Macrophage","HLA-DQB1","CD4",0.0200969621750556,0,"HLA-DQB1_CD4","HLA-DQB1 - CD4","MHC-II","Cell-Cell Contact","KEGG: hsa04514"
"Pre-B_cell_CD34-","Macrophage","HLA-DQB1","CD4",0.00504220972298837,0,"HLA-DQB1_CD4","HLA-DQB1 - CD4","MHC-II","Cell-Cell Contact","KEGG: hsa04514"
"B_cell","Pre-B_cell_CD34-","HLA-DQB1","CD4",0.0206399182741825,0,"HLA-DQB1_CD4","HLA-DQB1 - CD4","MHC-II","Cell-Cell Contact","KEGG: hsa04514"
"DC-Monocyt","Pre-B_cell_CD34-","HLA-DQB1","CD4",0.103241288930052,0,"HLA-DQB1_CD4","HLA-DQB1 - CD4","MHC-II","Cell-Cell Contact","KEGG: hsa04514"
"Macrophage","Pre-B_cell_CD34-","HLA-DQB1","CD4",0.0592088165062838,0,"HLA-DQB1_CD4","HLA-DQB1 - CD4","MHC-II","Cell-Cell Contact","KEGG: hsa04514"
"Pre-B_cell_CD34-","Pre-B_cell_CD34-","HLA-DQB1","CD4",0.0153130000327909,0,"HLA-DQB1_CD4","HLA-DQB1 - CD4","MHC-II","Cell-Cell Contact","KEGG: hsa04514"
"B_cell","DC-Monocyt","HLA-DRA","CD4",0.0188761243385857,0,"HLA-DRA_CD4","HLA-DRA - CD4","MHC-II","Cell-Cell Contact","KEGG: hsa04514"
"CMP","DC-Monocyt","HLA-DRA","CD4",0.00483644513101412,0,"HLA-DRA_CD4","HLA-DRA - CD4","MHC-II","Cell-Cell Contact","KEGG: hsa04514"
"DC-Monocyt","DC-Monocyt","HLA-DRA","CD4",0.0429628422773889,0,"HLA-DRA_CD4","HLA-DRA - CD4","MHC-II","Cell-Cell Contact","KEGG: hsa04514"
"Endothelial_cells","DC-Monocyt","HLA-DRA","CD4",0.00268093342448819,0,"HLA-DRA_CD4","HLA-DRA - CD4","MHC-II","Cell-Cell Contact","KEGG: hsa04514"
"Fibroblasts-Tissue_stem_cells","DC-Monocyt","HLA-DRA","CD4",0.0016741739472785,0,"HLA-DRA_CD4","HLA-DRA - CD4","MHC-II","Cell-Cell Contact","KEGG: hsa04514"
"Macrophage","DC-Monocyt","HLA-DRA","CD4",0.0367339589103494,0,"HLA-DRA_CD4","HLA-DRA - CD4","MHC-II","Cell-Cell Contact","KEGG: hsa04514"
"NK_cell-T_cells","DC-Monocyt","HLA-DRA","CD4",0.00428918088534506,0,"HLA-DRA_CD4","HLA-DRA - CD4","MHC-II","Cell-Cell Contact","KEGG: hsa04514"
"Normal_Epithelial","DC-Monocyt","HLA-DRA","CD4",0.00871349068449299,0,"HLA-DRA_CD4","HLA-DRA - CD4","MHC-II","Cell-Cell Contact","KEGG: hsa04514"
"Pre-B_cell_CD34-","DC-Monocyt","HLA-DRA","CD4",0.0290044451777156,0,"HLA-DRA_CD4","HLA-DRA - CD4","MHC-II","Cell-Cell Contact","KEGG: hsa04514"
"B_cell","Macrophage","HLA-DRA","CD4",0.025320643829234,0,"HLA-DRA_CD4","HLA-DRA - CD4","MHC-II","Cell-Cell Contact","KEGG: hsa04514"
"CMP","Macrophage","HLA-DRA","CD4",0.00651951269786283,0,"HLA-DRA_CD4","HLA-DRA - CD4","MHC-II","Cell-Cell Contact","KEGG: hsa04514"
"DC-Monocyt","Macrophage","HLA-DRA","CD4",0.0571518074365625,0,"HLA-DRA_CD4","HLA-DRA - CD4","MHC-II","Cell-Cell Contact","KEGG: hsa04514"
"Endothelial_cells","Macrophage","HLA-DRA","CD4",0.00361661580219254,0,"HLA-DRA_CD4","HLA-DRA - CD4","MHC-II","Cell-Cell Contact","KEGG: hsa04514"
"Fibroblasts-Tissue_stem_cells","Macrophage","HLA-DRA","CD4",0.0022592795018368,0,"HLA-DRA_CD4","HLA-DRA - CD4","MHC-II","Cell-Cell Contact","KEGG: hsa04514"
"Macrophage","Macrophage","HLA-DRA","CD4",0.0489710284333493,0,"HLA-DRA_CD4","HLA-DRA - CD4","MHC-II","Cell-Cell Contact","KEGG: hsa04514"
"NK_cell-T_cells","Macrophage","HLA-DRA","CD4",0.0057829089159232,0,"HLA-DRA_CD4","HLA-DRA - CD4","MHC-II","Cell-Cell Contact","KEGG: hsa04514"
"Normal_Epithelial","Macrophage","HLA-DRA","CD4",0.0117298549796418,0,"HLA-DRA_CD4","HLA-DRA - CD4","MHC-II","Cell-Cell Contact","KEGG: hsa04514"
"Pre-B_cell_CD34-","Macrophage","HLA-DRA","CD4",0.0387702426558291,0,"HLA-DRA_CD4","HLA-DRA - CD4","MHC-II","Cell-Cell Contact","KEGG: hsa04514"
"B_cell","Pre-B_cell_CD34-","HLA-DRA","CD4",0.0738326212475278,0,"HLA-DRA_CD4","HLA-DRA - CD4","MHC-II","Cell-Cell Contact","KEGG: hsa04514"
"CMP","Pre-B_cell_CD34-","HLA-DRA","CD4",0.0197398109649517,0,"HLA-DRA_CD4","HLA-DRA - CD4","MHC-II","Cell-Cell Contact","KEGG: hsa04514"
"DC-Monocyt","Pre-B_cell_CD34-","HLA-DRA","CD4",0.156836099031571,0,"HLA-DRA_CD4","HLA-DRA - CD4","MHC-II","Cell-Cell Contact","KEGG: hsa04514"
"Endothelial_cells","Pre-B_cell_CD34-","HLA-DRA","CD4",0.0110156755856819,0,"HLA-DRA_CD4","HLA-DRA - CD4","MHC-II","Cell-Cell Contact","KEGG: hsa04514"
"Fibroblasts-Tissue_stem_cells","Pre-B_cell_CD34-","HLA-DRA","CD4",0.00690066249985732,0,"HLA-DRA_CD4","HLA-DRA - CD4","MHC-II","Cell-Cell Contact","KEGG: hsa04514"
"Macrophage","Pre-B_cell_CD34-","HLA-DRA","CD4",0.136451426141222,0,"HLA-DRA_CD4","HLA-DRA - CD4","MHC-II","Cell-Cell Contact","KEGG: hsa04514"
"NK_cell-T_cells","Pre-B_cell_CD34-","HLA-DRA","CD4",0.0175358836336074,0,"HLA-DRA_CD4","HLA-DRA - CD4","MHC-II","Cell-Cell Contact","KEGG: hsa04514"
"Normal_Epithelial","Pre-B_cell_CD34-","HLA-DRA","CD4",0.0351419785353385,0,"HLA-DRA_CD4","HLA-DRA - CD4","MHC-II","Cell-Cell Contact","KEGG: hsa04514"
"Pre-B_cell_CD34-","Pre-B_cell_CD34-","HLA-DRA","CD4",0.110138590822832,0,"HLA-DRA_CD4","HLA-DRA - CD4","MHC-II","Cell-Cell Contact","KEGG: hsa04514"
"B_cell","DC-Monocyt","HLA-DRB1","CD4",0.0133970872655392,0,"HLA-DRB1_CD4","HLA-DRB1 - CD4","MHC-II","Cell-Cell Contact","KEGG: hsa04514"
"CMP","DC-Monocyt","HLA-DRB1","CD4",0.00405840161520103,0,"HLA-DRB1_CD4","HLA-DRB1 - CD4","MHC-II","Cell-Cell Contact","KEGG: hsa04514"
"DC-Monocyt","DC-Monocyt","HLA-DRB1","CD4",0.0367055913160881,0,"HLA-DRB1_CD4","HLA-DRB1 - CD4","MHC-II","Cell-Cell Contact","KEGG: hsa04514"
"Endothelial_cells","DC-Monocyt","HLA-DRB1","CD4",0.0022085411391472,0,"HLA-DRB1_CD4","HLA-DRB1 - CD4","MHC-II","Cell-Cell Contact","KEGG: hsa04514"
"Macrophage","DC-Monocyt","HLA-DRB1","CD4",0.0279817488028285,0,"HLA-DRB1_CD4","HLA-DRB1 - CD4","MHC-II","Cell-Cell Contact","KEGG: hsa04514"
"NK_cell-T_cells","DC-Monocyt","HLA-DRB1","CD4",0.00407941538805669,0,"HLA-DRB1_CD4","HLA-DRB1 - CD4","MHC-II","Cell-Cell Contact","KEGG: hsa04514"
"Normal_Epithelial","DC-Monocyt","HLA-DRB1","CD4",0.00316077114057233,0,"HLA-DRB1_CD4","HLA-DRB1 - CD4","MHC-II","Cell-Cell Contact","KEGG: hsa04514"
"Pre-B_cell_CD34-","DC-Monocyt","HLA-DRB1","CD4",0.0217150300074756,0,"HLA-DRB1_CD4","HLA-DRB1 - CD4","MHC-II","Cell-Cell Contact","KEGG: hsa04514"
"B_cell","Macrophage","HLA-DRB1","CD4",0.0180053312053999,0,"HLA-DRB1_CD4","HLA-DRB1 - CD4","MHC-II","Cell-Cell Contact","KEGG: hsa04514"
"CMP","Macrophage","HLA-DRB1","CD4",0.00547220134182278,0,"HLA-DRB1_CD4","HLA-DRB1 - CD4","MHC-II","Cell-Cell Contact","KEGG: hsa04514"
"DC-Monocyt","Macrophage","HLA-DRB1","CD4",0.0489336908888421,0,"HLA-DRB1_CD4","HLA-DRB1 - CD4","MHC-II","Cell-Cell Contact","KEGG: hsa04514"
"Endothelial_cells","Macrophage","HLA-DRB1","CD4",0.00297984476968911,0,"HLA-DRB1_CD4","HLA-DRB1 - CD4","MHC-II","Cell-Cell Contact","KEGG: hsa04514"
"Macrophage","Macrophage","HLA-DRB1","CD4",0.0374164733007524,0,"HLA-DRB1_CD4","HLA-DRB1 - CD4","MHC-II","Cell-Cell Contact","KEGG: hsa04514"
"NK_cell-T_cells","Macrophage","HLA-DRB1","CD4",0.00550049511984713,0,"HLA-DRB1_CD4","HLA-DRB1 - CD4","MHC-II","Cell-Cell Contact","KEGG: hsa04514"
"Normal_Epithelial","Macrophage","HLA-DRB1","CD4",0.00426320755593106,0,"HLA-DRB1_CD4","HLA-DRB1 - CD4","MHC-II","Cell-Cell Contact","KEGG: hsa04514"
"Pre-B_cell_CD34-","Macrophage","HLA-DRB1","CD4",0.0291000361873593,0,"HLA-DRB1_CD4","HLA-DRB1 - CD4","MHC-II","Cell-Cell Contact","KEGG: hsa04514"
"B_cell","Pre-B_cell_CD34-","HLA-DRB1","CD4",0.0532678235649716,0,"HLA-DRB1_CD4","HLA-DRB1 - CD4","MHC-II","Cell-Cell Contact","KEGG: hsa04514"
"CMP","Pre-B_cell_CD34-","HLA-DRB1","CD4",0.0166042513220276,0,"HLA-DRB1_CD4","HLA-DRB1 - CD4","MHC-II","Cell-Cell Contact","KEGG: hsa04514"
"DC-Monocyt","Pre-B_cell_CD34-","HLA-DRB1","CD4",0.13635695305754,0,"HLA-DRB1_CD4","HLA-DRB1 - CD4","MHC-II","Cell-Cell Contact","KEGG: hsa04514"
"Endothelial_cells","Pre-B_cell_CD34-","HLA-DRB1","CD4",0.0090880477485265,0,"HLA-DRB1_CD4","HLA-DRB1 - CD4","MHC-II","Cell-Cell Contact","KEGG: hsa04514"
"Macrophage","Pre-B_cell_CD34-","HLA-DRB1","CD4",0.106569083914495,0,"HLA-DRB1_CD4","HLA-DRB1 - CD4","MHC-II","Cell-Cell Contact","KEGG: hsa04514"
"NK_cell-T_cells","Pre-B_cell_CD34-","HLA-DRB1","CD4",0.0166891370031425,0,"HLA-DRB1_CD4","HLA-DRB1 - CD4","MHC-II","Cell-Cell Contact","KEGG: hsa04514"
"Normal_Epithelial","Pre-B_cell_CD34-","HLA-DRB1","CD4",0.0129678816331666,0,"HLA-DRB1_CD4","HLA-DRB1 - CD4","MHC-II","Cell-Cell Contact","KEGG: hsa04514"
"Pre-B_cell_CD34-","Pre-B_cell_CD34-","HLA-DRB1","CD4",0.084227244605688,0,"HLA-DRB1_CD4","HLA-DRB1 - CD4","MHC-II","Cell-Cell Contact","KEGG: hsa04514"
"DC-Monocyt","DC-Monocyt","HLA-DRB5","CD4",0.0139103542914416,0,"HLA-DRB5_CD4","HLA-DRB5 - CD4","MHC-II","Cell-Cell Contact","KEGG: hsa04514"
"Macrophage","DC-Monocyt","HLA-DRB5","CD4",0.0102935642721629,0,"HLA-DRB5_CD4","HLA-DRB5 - CD4","MHC-II","Cell-Cell Contact","KEGG: hsa04514"
"Pre-B_cell_CD34-","DC-Monocyt","HLA-DRB5","CD4",0.00363787408507987,0,"HLA-DRB5_CD4","HLA-DRB5 - CD4","MHC-II","Cell-Cell Contact","KEGG: hsa04514"
"DC-Monocyt","Macrophage","HLA-DRB5","CD4",0.0186918036680811,0,"HLA-DRB5_CD4","HLA-DRB5 - CD4","MHC-II","Cell-Cell Contact","KEGG: hsa04514"
"Macrophage","Macrophage","HLA-DRB5","CD4",0.0138492635887558,0,"HLA-DRB5_CD4","HLA-DRB5 - CD4","MHC-II","Cell-Cell Contact","KEGG: hsa04514"
"Pre-B_cell_CD34-","Macrophage","HLA-DRB5","CD4",0.00490589891900453,0,"HLA-DRB5_CD4","HLA-DRB5 - CD4","MHC-II","Cell-Cell Contact","KEGG: hsa04514"
"DC-Monocyt","Pre-B_cell_CD34-","HLA-DRB5","CD4",0.0552231118263398,0,"HLA-DRB5_CD4","HLA-DRB5 - CD4","MHC-II","Cell-Cell Contact","KEGG: hsa04514"
"Macrophage","Pre-B_cell_CD34-","HLA-DRB5","CD4",0.0413147613584351,0,"HLA-DRB5_CD4","HLA-DRB5 - CD4","MHC-II","Cell-Cell Contact","KEGG: hsa04514"
"Pre-B_cell_CD34-","Pre-B_cell_CD34-","HLA-DRB5","CD4",0.0149031882707219,0,"HLA-DRB5_CD4","HLA-DRB5 - CD4","MHC-II","Cell-Cell Contact","KEGG: hsa04514"
"Fibroblasts-Tissue_stem_cells","Fibroblasts-Tissue_stem_cells","MPZL1","MPZL1",0.00185607334669398,0,"MPZL1_MPZL1","MPZL1 - MPZL1","MPZ","Cell-Cell Contact","KEGG: hsa04514"
"iPS_cells","Fibroblasts-Tissue_stem_cells","MPZL1","MPZL1",0.00102878729618488,0,"MPZL1_MPZL1","MPZL1 - MPZL1","MPZ","Cell-Cell Contact","KEGG: hsa04514"
"Normal_Epithelial","Fibroblasts-Tissue_stem_cells","MPZL1","MPZL1",0.00194055517236846,0,"MPZL1_MPZL1","MPZL1 - MPZL1","MPZ","Cell-Cell Contact","KEGG: hsa04514"
"Tumor_Epithelial","Fibroblasts-Tissue_stem_cells","MPZL1","MPZL1",0.00127321085181613,0,"MPZL1_MPZL1","MPZL1 - MPZL1","MPZ","Cell-Cell Contact","KEGG: hsa04514"
"Fibroblasts-Tissue_stem_cells","iPS_cells","MPZL1","MPZL1",0.00102878729618488,0,"MPZL1_MPZL1","MPZL1 - MPZL1","MPZ","Cell-Cell Contact","KEGG: hsa04514"
"iPS_cells","iPS_cells","MPZL1","MPZL1",0.000570027283292057,0,"MPZL1_MPZL1","MPZL1 - MPZL1","MPZ","Cell-Cell Contact","KEGG: hsa04514"
"Normal_Epithelial","iPS_cells","MPZL1","MPZL1",0.0010756545965245,0,"MPZL1_MPZL1","MPZL1 - MPZL1","MPZ","Cell-Cell Contact","KEGG: hsa04514"
"Tumor_Epithelial","iPS_cells","MPZL1","MPZL1",0.000705533709267599,0,"MPZL1_MPZL1","MPZL1 - MPZL1","MPZ","Cell-Cell Contact","KEGG: hsa04514"
"Fibroblasts-Tissue_stem_cells","Normal_Epithelial","MPZL1","MPZL1",0.00194055517236846,0,"MPZL1_MPZL1","MPZL1 - MPZL1","MPZ","Cell-Cell Contact","KEGG: hsa04514"
"iPS_cells","Normal_Epithelial","MPZL1","MPZL1",0.0010756545965245,0,"MPZL1_MPZL1","MPZL1 - MPZL1","MPZ","Cell-Cell Contact","KEGG: hsa04514"
"Normal_Epithelial","Normal_Epithelial","MPZL1","MPZL1",0.00202887449267379,0,"MPZL1_MPZL1","MPZL1 - MPZL1","MPZ","Cell-Cell Contact","KEGG: hsa04514"
"Tumor_Epithelial","Normal_Epithelial","MPZL1","MPZL1",0.00133119824182363,0,"MPZL1_MPZL1","MPZL1 - MPZL1","MPZ","Cell-Cell Contact","KEGG: hsa04514"
"Fibroblasts-Tissue_stem_cells","Tumor_Epithelial","MPZL1","MPZL1",0.00127321085181613,0,"MPZL1_MPZL1","MPZL1 - MPZL1","MPZ","Cell-Cell Contact","KEGG: hsa04514"
"iPS_cells","Tumor_Epithelial","MPZL1","MPZL1",0.000705533709267599,0,"MPZL1_MPZL1","MPZL1 - MPZL1","MPZ","Cell-Cell Contact","KEGG: hsa04514"
"Normal_Epithelial","Tumor_Epithelial","MPZL1","MPZL1",0.00133119824182363,0,"MPZL1_MPZL1","MPZL1 - MPZL1","MPZ","Cell-Cell Contact","KEGG: hsa04514"
"Tumor_Epithelial","Tumor_Epithelial","MPZL1","MPZL1",0.00087322446875319,0,"MPZL1_MPZL1","MPZL1 - MPZL1","MPZ","Cell-Cell Contact","KEGG: hsa04514"
"Tumor_Epithelial","NK_cell-T_cells","NECTIN1","CD96",0.00147832529181229,0,"NECTIN1_CD96","NECTIN1 - CD96","NECTIN","Cell-Cell Contact","PMID: 23027581"
"Tumor_Epithelial","iPS_cells","NECTIN1","NECTIN4",0.000618328455384762,0,"NECTIN1_NECTIN4","NECTIN1 - NECTIN4","NECTIN","Cell-Cell Contact","PMID: 23027581"
"Tumor_Epithelial","Tumor_Epithelial","NECTIN1","NECTIN4",0.00330218980006627,0,"NECTIN1_NECTIN4","NECTIN1 - NECTIN4","NECTIN","Cell-Cell Contact","PMID: 23027581"
"iPS_cells","Fibroblasts-Tissue_stem_cells","DLL3","NOTCH2",0.00124889169789932,0,"DLL3_NOTCH2","DLL3 - NOTCH2","NOTCH","Cell-Cell Contact","PMID: 22353464"
"iPS_cells","Tumor_Epithelial","DLL3","NOTCH2",0.000708672857318293,0,"DLL3_NOTCH2","DLL3 - NOTCH2","NOTCH","Cell-Cell Contact","PMID: 22353464"
"iPS_cells","Tumor_Epithelial","DLL3","NOTCH3",0.00246396825826981,0,"DLL3_NOTCH3","DLL3 - NOTCH3","NOTCH","Cell-Cell Contact","PMID: 22353464"
"iPS_cells","Fibroblasts-Tissue_stem_cells","JAG1","NOTCH2",0.00111814721254603,0,"JAG1_NOTCH2","JAG1 - NOTCH2","NOTCH","Cell-Cell Contact","PMID: 22353464"
"iPS_cells","Tumor_Epithelial","JAG1","NOTCH2",0.000634447097306175,0,"JAG1_NOTCH2","JAG1 - NOTCH2","NOTCH","Cell-Cell Contact","PMID: 22353464"
"iPS_cells","Tumor_Epithelial","JAG1","NOTCH3",0.00220630034264841,0,"JAG1_NOTCH3","JAG1 - NOTCH3","NOTCH","Cell-Cell Contact","PMID: 22353464"
"Endothelial_cells","Endothelial_cells","PECAM1","PECAM1",0.00613972449713494,0,"PECAM1_PECAM1","PECAM1 - PECAM1","PECAM1","Cell-Cell Contact","KEGG: hsa04514"
"Macrophage","Endothelial_cells","PECAM1","PECAM1",0.0036343198721818,0,"PECAM1_PECAM1","PECAM1 - PECAM1","PECAM1","Cell-Cell Contact","KEGG: hsa04514"
"Endothelial_cells","Macrophage","PECAM1","PECAM1",0.0036343198721818,0,"PECAM1_PECAM1","PECAM1 - PECAM1","PECAM1","Cell-Cell Contact","KEGG: hsa04514"
"Macrophage","Macrophage","PECAM1","PECAM1",0.0021490716348659,0,"PECAM1_PECAM1","PECAM1 - PECAM1","PECAM1","Cell-Cell Contact","KEGG: hsa04514"
"Pre-B_cell_CD34-","Pre-B_cell_CD34-","SELPLG","SELL",0.0156652358328245,0,"SELPLG_SELL","SELPLG - SELL","SELPLG","Cell-Cell Contact","PMC2431087; PMID:  8892633,PMID:  8896607"
"Macrophage","Macrophage","SEMA4D","PLXNB2",0.00159968264172291,0,"SEMA4D_PLXNB2","SEMA4D - PLXNB2","SEMA4","Cell-Cell Contact","PMID: 27533782"
"Macrophage","DC-Monocyt","SIGLEC1","SPN",0.00228505990002371,0,"SIGLEC1_SPN","SIGLEC1 - SPN","SN","Cell-Cell Contact","KEGG: hsa04514; PMID: 11238599"
"Macrophage","Pre-B_cell_CD34-","SIGLEC1","SPN",0.00373166294853616,0,"SIGLEC1_SPN","SIGLEC1 - SPN","SN","Cell-Cell Contact","KEGG: hsa04514; PMID: 11238599"
"Fibroblasts-Tissue_stem_cells","Macrophage","THY1","ITGAM_ITGB2",0.0273147152858256,0,"THY1_ITGAM_ITGB2","THY1 - (ITGAM+ITGB2)","THY1","Cell-Cell Contact","PMID: 15850796"
"Fibroblasts-Tissue_stem_cells","DC-Monocyt","THY1","ITGAX_ITGB2",0.0243361957032867,0,"THY1_ITGAX_ITGB2","THY1 - (ITGAX+ITGB2)","THY1","Cell-Cell Contact","PMID: 15850796"
"Fibroblasts-Tissue_stem_cells","Macrophage","THY1","ITGAX_ITGB2",0.0288527944493453,0,"THY1_ITGAX_ITGB2","THY1 - (ITGAX+ITGB2)","THY1","Cell-Cell Contact","PMID: 15850796"
"DC-Monocyt","Fibroblasts-Tissue_stem_cells","ITGA4_ITGB1","VCAM1",0.00214757508361996,0,"ITGA4_ITGB1_VCAM1","VCAM1 - (ITGA4+ITGB1)","VCAM","Cell-Cell Contact","KEGG: hsa04514"
