"p_val","avg_log2FC","pct.1","pct.2","p_val_adj","cluster","gene"
0,2.35376214417038,0.996,0.306,0,"0","CDKN2A"
0,2.34389990866175,0.989,0.322,0,"0","KRT5"
0,2.28128866491157,0.985,0.324,0,"0","CRABP2"
0,2.61925383907322,0.997,0.337,0,"0","CALML5"
0,2.10849304927723,0.926,0.267,0,"0","MDFI"
0,2.08331349509624,0.983,0.325,0,"0","SLPI"
0,2.07997121035062,0.983,0.34,0,"0","TACSTD2"
0,2.03795102661837,0.946,0.311,0,"0","CBR3"
0,2.54089717224418,0.886,0.251,0,"0","TMEM213"
0,2.59491048255813,0.989,0.362,0,"0","KRT14"
0,2.00067775306952,0.966,0.349,0,"0","IGFBP5"
0,2.52124173678173,0.858,0.248,0,"0","CALML3"
0,2.09471090273757,0.912,0.308,0,"0","KRT6B"
0,2.22823484177579,0.996,0.396,0,"0","FXYD3"
0,2.05444145087122,0.997,0.401,0,"0","KRT8"
0,2.02296677729574,0.974,0.378,0,"0","TTYH1"
0,2.07968390478651,0.994,0.41,0,"0","CRYAB"
0,2.25221173675985,0.839,0.256,0,"0","FAM3B"
0,2.07248348863801,0.884,0.318,0,"0","RBP1"
0,2.01665447120298,0.809,0.252,0,"0","SH3BGR"
0,2.0095093860033,0.734,0.194,0,"0","PDZK1IP1"
0,2.13079894956268,0.785,0.252,0,"0","KIT"
0,2.02206898649598,0.844,0.313,0,"0","NQO1"
0,2.58177670576457,0.763,0.237,0,"0","ASPG"
0,2.08126547673379,0.743,0.224,0,"0","HRASLS"
0,2.29980659284765,0.733,0.25,0,"0","RBP4"
0,2.70953102719624,0.596,0.157,0,"0","PAEP"
0,2.05175533945815,0.674,0.238,0,"0","CHL1"
0,2.30947190857775,0.625,0.223,0,"0","CYP4X1"
0,2.1410010669045,0.53,0.154,0,"0","LEFTY1"
0,2.14009611363061,0.502,0.138,0,"0","UGT2B7"
0,2.43902519670085,0.509,0.168,0,"0","RPRM"
0,2.40155464437792,0.41,0.125,0,"0","SOX2"
5.49763334036545e-230,2.02605402551908,0.511,0.163,1.09952666807309e-226,"0","CDKN2B"
5.94340046538695e-103,2.20396641372582,0.391,0.126,1.18868009307739e-99,"0","SOSTDC1"
6.30938056425969e-93,2.29182215361719,0.408,0.125,1.26187611285194e-89,"0","CXCL17"
0,4.2029063024715,0.684,0.227,0,"1","IL7R"
0,2.39631543488272,0.646,0.236,0,"1","CD2"
0,2.35598894014457,0.625,0.221,0,"1","CD3D"
0,2.76117179592589,0.625,0.27,0,"1","CD69"
0,2.03827124985496,0.698,0.358,0,"1","PTPRC"
0,2.34457407435327,0.666,0.335,0,"1","CCL5"
0,4.27133697307397,0.482,0.152,0,"1","GZMK"
0,2.49373817836391,0.504,0.214,0,"1","CD3G"
0,2.41132168875288,0.584,0.296,0,"1","LTB"
0,2.79738680941057,0.454,0.178,0,"1","CD3E"
0,2.56493863189699,0.47,0.198,0,"1","TRBC2"
0,2.3907266670195,0.588,0.319,0,"1","TRAC"
0,2.74955609798834,0.404,0.182,0,"1","TRBC1"
0,2.03784219562346,0.603,0.396,0,"1","HCST"
0,2.77116077010181,0.391,0.19,0,"1","GIMAP4"
0,2.42210485060565,0.453,0.259,0,"1","CD48"
0,2.45148693603715,0.338,0.149,0,"1","CST7"
0,3.44641978891168,0.347,0.16,0,"1","GIMAP7"
0,3.16778719154506,0.319,0.141,0,"1","KLRB1"
0,2.19339417615443,0.549,0.374,0,"1","TNFAIP3"
0,3.00706732826285,0.271,0.117,0,"1","GPR171"
0,2.59466713745319,0.737,0.609,0,"1","CXCR4"
0,2.21697603807428,0.707,0.589,0,"1","TSC22D3"
0,2.10115184653622,0.356,0.264,0,"1","KLF2"
9.70816267058341e-318,3.19951337431,0.262,0.111,1.94163253411668e-314,"1","CCR7"
1.24246558175763e-226,2.20675034766786,0.428,0.331,2.48493116351527e-223,"1","CYTIP"
5.53392463224726e-197,2.15338546182634,0.413,0.395,1.10678492644945e-193,"1","RARRES3"
3.84944092393196e-180,2.89953432476577,0.32,0.252,7.69888184786392e-177,"1","CD8A"
4.99837571284079e-29,2.38822285028151,0.344,0.403,9.99675142568158e-26,"1","LCK"
6.15892778207895e-25,2.03655169270348,0.297,0.479,1.23178555641579e-21,"1","RGCC"
3.9893490088437e-20,2.05365490663541,0.322,0.401,7.97869801768741e-17,"1","AC058791.1"
0,3.0023225545555,0.873,0.148,0,"2","CDC20"
0,2.54486684653383,0.953,0.23,0,"2","PCLAF"
0,3.05747902931997,0.875,0.154,0,"2","UBE2C"
0,2.1710707098969,0.899,0.186,0,"2","ASPM"
0,3.41445785973061,0.857,0.152,0,"2","DEPDC1"
0,2.1355482559472,0.93,0.228,0,"2","HRASLS"
0,4.47235044430357,0.919,0.219,0,"2","HIST1H1A"
0,2.45410275065274,0.94,0.242,0,"2","HEY2"
0,3.95870847997952,0.891,0.214,0,"2","CDK1"
0,2.86682777829971,0.791,0.115,0,"2","LEFTY2"
0,2.18551308559982,0.959,0.286,0,"2","HEY1"
0,3.39141400408668,0.882,0.213,0,"2","CENPA"
0,2.07713399523611,0.973,0.305,0,"2","NPW"
0,2.23051641838442,0.996,0.34,0,"2","CBR3"
0,2.36126296889567,0.967,0.313,0,"2","RFC4"
0,2.378805046579,0.862,0.209,0,"2","HMMR"
0,2.76523441424716,0.903,0.255,0,"2","ECT2"
0,3.04966131442686,0.987,0.341,0,"2","UBE2T"
0,2.09369069820329,0.999,0.358,0,"2","KRT5"
0,3.09316349764687,0.754,0.116,0,"2","ASF1B"
0,2.04258933627141,0.975,0.342,0,"2","CSRP2"
0,2.96953805436954,0.851,0.221,0,"2","CDCA2"
0,3.20029055792902,0.728,0.102,0,"2","HJURP"
0,2.6432520153913,0.769,0.144,0,"2","TK1"
0,2.14283627932802,0.996,0.378,0,"2","TCTEX1D2"
0,2.74036638074623,0.898,0.282,0,"2","CENPF"
0,3.19946706864006,0.775,0.164,0,"2","RRM2"
0,2.49975923134892,0.836,0.234,0,"2","CCNB1"
0,2.75714129181038,0.931,0.333,0,"2","MIS18A"
0,3.22782325113789,0.72,0.123,0,"2","CDCA8"
0,2.18469703325711,1,0.416,0,"2","TSEN34"
0,2.2951662628519,0.983,0.4,0,"2","CKS2"
0,3.92510606745058,0.655,0.073,0,"2","SPC25"
0,2.93320856908689,0.757,0.178,0,"2","ZWINT"
0,2.94010591780325,0.701,0.139,0,"2","NUF2"
0,3.52671992712505,0.694,0.135,0,"2","CDC45"
0,2.08842568984136,0.745,0.194,0,"2","KRT6C"
0,2.31402027717589,0.972,0.423,0,"2","CKS1B"
0,3.39119994048634,0.731,0.189,0,"2","MELK"
0,2.82350748131275,0.638,0.1,0,"2","NEK2"
0,2.11494739916028,0.912,0.384,0,"2","SMC4"
0,2.58752779694642,0.63,0.118,0,"2","MYBL2"
0,2.1648917583739,0.626,0.116,0,"2","VSIG10L2"
0,2.11147935354267,0.997,0.488,0,"2","TUBA1C"
0,2.36809990653289,0.937,0.432,0,"2","HIST1H4C"
0,2.96335084778295,0.586,0.081,0,"2","C1orf105"
0,2.15049656710904,0.622,0.122,0,"2","KRT75"
0,2.48895873104564,0.593,0.097,0,"2","CCK"
0,3.28547741533342,0.625,0.129,0,"2","AURKB"
0,2.25866397495891,0.648,0.156,0,"2","DLGAP5"
0,2.62751492711276,0.643,0.156,0,"2","CDKN3"
0,2.38693877822544,0.744,0.263,0,"2","CENPW"
0,2.15148378753467,0.664,0.184,0,"2","PSAT1"
0,2.21937816739393,0.687,0.215,0,"2","TOP2A"
0,2.64502392343061,0.703,0.234,0,"2","CLSPN"
0,2.27864031265076,0.694,0.231,0,"2","NUSAP1"
0,2.79687135277537,0.682,0.225,0,"2","FAM83D"
0,2.16612345903649,0.994,0.537,0,"2","UBE2S"
0,2.95108243823431,0.629,0.175,0,"2","PSRC1"
0,2.1069244583576,0.539,0.109,0,"2","PYDC1"
0,2.09131568116825,1,0.686,0,"2","TUBA1B"
0,2.83173024226103,0.299,0.025,0,"2","TYRP1"
0,2.16747864590393,0.302,0.035,0,"2","DMBX1"
0,3.09107546595343,0.284,0.018,0,"2","CLCA4"
0,2.33385651309236,0.274,0.139,0,"2","NMU"
3.30367027258968e-285,2.40562596955164,0.62,0.192,6.60734054517937e-282,"2","CCNB2"
5.29902187638534e-236,2.82003241302452,0.582,0.099,1.05980437527707e-232,"2","PBK"
5.20434263360022e-212,3.30978132824883,0.579,0.091,1.04086852672004e-208,"2","CDCA3"
1.48698899676153e-210,2.53914189690146,0.335,0.113,2.97397799352307e-207,"2","KIF20A"
1.05367539699986e-137,2.07735739422907,0.569,0.147,2.10735079399971e-134,"2","MKI67"
4.79759540449273e-107,2.20938355068425,0.384,0.108,9.59519080898545e-104,"2","GTSE1"
4.841109872528e-93,2.11327621922238,0.349,0.095,9.682219745056e-90,"2","HIST1H2BJ"
7.79139805193092e-81,2.10411432568602,0.562,0.205,1.55827961038618e-77,"2","TPX2"
1.89106097629986e-74,2.3890355607802,0.553,0.225,3.78212195259973e-71,"2","AURKA"
2.1235913677114e-65,2.55526997109984,0.517,0.134,4.2471827354228e-62,"2","KIF23"
3.02559972040634e-61,2.62756273592347,0.502,0.105,6.05119944081269e-58,"2","PLK1"
9.29800015958389e-38,2.06424026553177,0.515,0.109,1.85960003191678e-34,"2","CTSV"
1.99527994341696e-28,2.4405719858584,0.512,0.157,3.99055988683392e-25,"2","CCNA2"
7.37060726107124e-26,2.52203377604324,0.398,0.096,1.47412145221425e-22,"2","TROAP"
5.34049700931822e-09,2.10805824297043,0.468,0.114,1.06809940186364e-05,"2","VSNL1"
0,4.58378355814814,0.956,0.166,0,"3","TYROBP"
0,6.77623420666952,0.875,0.102,0,"3","FCGR3A"
0,5.3392541021113,0.914,0.143,0,"3","AIF1"
0,5.80786265342264,0.951,0.187,0,"3","LYZ"
0,5.43336927423153,0.801,0.08,0,"3","CYBB"
0,6.04139045182357,0.87,0.16,0,"3","CD68"
0,4.74015298775762,0.963,0.264,0,"3","FCER1G"
0,5.19832597410428,0.754,0.062,0,"3","MS4A6A"
0,6.64138318011425,0.747,0.06,0,"3","MS4A7"
0,3.40732554472805,0.955,0.292,0,"3","LAPTM5"
0,7.63681502033328,0.718,0.066,0,"3","OLR1"
0,4.5334015748731,0.727,0.086,0,"3","MNDA"
0,7.63782847215353,0.699,0.058,0,"3","CD163"
0,3.23493374546953,0.782,0.143,0,"3","ITGB2"
0,6.90296399788917,0.78,0.148,0,"3","C1QA"
0,7.29833777224444,0.674,0.046,0,"3","MSR1"
0,6.91542927385067,0.696,0.075,0,"3","FPR3"
0,4.71434843185033,0.687,0.075,0,"3","CD86"
0,6.7542335369083,0.737,0.125,0,"3","C1QB"
0,3.90229602383065,0.716,0.107,0,"3","RAB31"
0,6.53748889201415,0.848,0.243,0,"3","CD14"
0,6.00800341816622,0.648,0.043,0,"3","CSF1R"
0,5.07877378787742,0.702,0.099,0,"3","FGL2"
0,4.95413046208165,0.697,0.096,0,"3","SPI1"
0,3.67033088958979,0.721,0.12,0,"3","C1orf162"
0,6.86943560425535,0.706,0.112,0,"3","C1QC"
0,3.66683797274241,0.981,0.391,0,"3","HLA-DRA"
0,5.63187677802581,0.736,0.147,0,"3","SERPINA1"
0,2.95941649475387,0.832,0.244,0,"3","ZEB2"
0,3.51076255332817,0.736,0.15,0,"3","PLEK"
0,4.01338862885837,0.666,0.082,0,"3","MARCH1"
0,4.73425834520482,0.949,0.368,0,"3","CTSB"
0,2.94627325955929,0.905,0.326,0,"3","HLA-DPB1"
0,3.04802324859128,0.799,0.223,0,"3","HLA-DQB1"
0,3.21366566348744,0.93,0.354,0,"3","HLA-DPA1"
0,2.4786485673705,0.966,0.395,0,"3","SRGN"
0,3.81513113417255,0.721,0.153,0,"3","CCL3"
0,3.24435770657434,0.932,0.365,0,"3","HLA-DRB1"
0,6.9424477192001,0.611,0.044,0,"3","SLCO2B1"
0,6.46555733754521,0.812,0.247,0,"3","FCGR2A"
0,5.58752016617883,0.623,0.062,0,"3","C3AR1"
0,5.11455450286459,0.619,0.06,0,"3","LILRB4"
0,4.0891431400364,0.741,0.184,0,"3","PLAUR"
0,2.02483974893551,0.767,0.212,0,"3","CD53"
0,3.70195607004504,0.768,0.215,0,"3","SGK1"
0,3.43489644283007,0.683,0.131,0,"3","HLA-DMB"
0,7.02272869627778,0.594,0.044,0,"3","MS4A4A"
0,7.11328017439005,0.621,0.074,0,"3","IL1B"
0,4.37726422146471,0.678,0.132,0,"3","DAB2"
0,4.76626891943966,0.739,0.193,0,"3","KCTD12"
0,4.23237612020103,0.777,0.233,0,"3","C15orf48"
0,2.85151798950754,0.759,0.215,0,"3","HLA-DMA"
0,3.93395304247548,0.67,0.126,0,"3","ADA2"
0,6.248118470319,0.776,0.235,0,"3","RNASE1"
0,4.56106458566664,0.909,0.372,0,"3","CTSD"
0,4.06563509881995,0.669,0.142,0,"3","RNASE6"
0,4.15448415498301,0.929,0.406,0,"3","CTSS"
0,6.49298826977426,0.546,0.025,0,"3","CLEC5A"
0,3.73077488397176,0.866,0.348,0,"3","SOD2"
0,4.00374987853526,0.624,0.106,0,"3","CCR1"
0,6.99758756362031,0.576,0.06,0,"3","SIGLEC1"
0,6.96966025625199,0.688,0.174,0,"3","SLC11A1"
0,6.41057369623764,0.589,0.077,0,"3","MRC1"
0,3.44539985856654,0.701,0.189,0,"3","ATP6V1B2"
0,3.86694256617051,0.723,0.212,0,"3","SNX10"
0,3.21088651969303,0.687,0.178,0,"3","HLA-DRB5"
0,6.93360367784145,0.538,0.03,0,"3","FCGR1A"
0,3.83544722528635,0.716,0.208,0,"3","TGFBI"
0,6.13795303820424,0.524,0.02,0,"3","FPR1"
0,7.11598342685078,0.721,0.219,0,"3","SPP1"
0,3.33172505281378,0.776,0.284,0,"3","HLA-DQA1"
0,4.60688842409292,0.573,0.083,0,"3","IGSF6"
0,5.2174424453377,0.564,0.074,0,"3","SLC8A1"
0,6.34214770961373,0.664,0.177,0,"3","APOC1"
0,3.31412436233034,0.973,0.486,0,"3","CD74"
0,3.43629964042802,0.749,0.262,0,"3","MAFB"
0,5.12509696996469,0.551,0.066,0,"3","TFEC"
0,4.22453784175381,0.734,0.249,0,"3","GPNMB"
0,5.8163666793628,0.642,0.159,0,"3","CXCL8"
0,4.5704159074623,0.59,0.108,0,"3","LAIR1"
0,6.62450410454957,0.507,0.025,0,"3","LILRB2"
0,4.2033589271287,0.571,0.093,0,"3","CPVL"
0,2.67624717602961,0.677,0.2,0,"3","SERPING1"
0,5.88558484256514,0.569,0.094,0,"3","ADAP2"
0,4.07088677281584,0.927,0.454,0,"3","GLUL"
0,5.50566586120623,0.532,0.059,0,"3","ITGAM"
0,5.27885706805897,0.514,0.041,0,"3","SLAMF8"
0,3.37429493315905,0.867,0.395,0,"3","NAMPT"
0,4.63473658367507,0.563,0.092,0,"3","ITGAX"
0,2.62572874100166,0.742,0.272,0,"3","SLC2A3"
0,4.92983855369259,0.616,0.147,0,"3","ABCA1"
0,4.24978145649551,0.499,0.031,0,"3","MPEG1"
0,4.81883530567174,0.54,0.075,0,"3","THBD"
0,3.63792823377671,0.656,0.192,0,"3","BCL2A1"
0,4.20598016499041,0.728,0.264,0,"3","S100A9"
0,3.8519388312007,0.65,0.187,0,"3","LST1"
0,3.49531734386721,0.655,0.194,0,"3","CXCL16"
0,2.48372055583547,0.712,0.253,0,"3","CD83"
0,2.70895264833288,0.561,0.105,0,"3","HAVCR2"
0,3.87422257654887,0.506,0.052,0,"3","CD93"
0,3.47281914451909,0.621,0.169,0,"3","TMEM176B"
0,3.25279950261167,0.615,0.166,0,"3","CD4"
0,4.44362860412144,0.575,0.128,0,"3","HBEGF"
0,3.2633156059213,0.58,0.134,0,"3","ALDH2"
0,4.50233256406903,0.5,0.055,0,"3","FCGR2B"
0,2.67600184056522,0.657,0.213,0,"3","TIMP2"
0,6.35051943135561,0.505,0.061,0,"3","TREM1"
0,4.27577554643766,0.585,0.143,0,"3","GM2A"
0,6.74674553487292,0.489,0.048,0,"3","TREM2"
0,3.93112566374676,0.891,0.452,0,"3","CTSZ"
0,3.55504908779364,0.732,0.294,0,"3","TNFSF13B"
0,5.52389162652596,0.526,0.091,0,"3","STAB1"
0,7.4078644563011,0.47,0.037,0,"3","CD300E"
0,4.82884092488092,0.547,0.117,0,"3","CCL2"
0,4.89111104099364,0.57,0.142,0,"3","SLC15A3"
0,3.1535227238054,0.577,0.149,0,"3","LY96"
0,2.13445369896582,0.54,0.113,0,"3","CD84"
0,6.23042331204871,0.483,0.06,0,"3","VSIG4"
0,3.28038116077326,0.558,0.137,0,"3","PHACTR1"
0,2.62792704704288,0.637,0.218,0,"3","MAP3K8"
0,4.55556227257761,0.468,0.054,0,"3","CCL3L1"
0,3.68978048286175,0.594,0.18,0,"3","RASSF4"
0,3.53929917596841,0.559,0.149,0,"3","ACSL1"
0,7.69211141567794,0.45,0.042,0,"3","AQP9"
0,5.25953409758687,0.472,0.064,0,"3","MMP19"
0,3.03552159079888,0.712,0.308,0,"3","FN1"
0,2.50511611824978,0.519,0.116,0,"3","PECAM1"
0,3.39952174474934,0.459,0.058,0,"3","LY86"
0,2.39004596567408,0.929,0.529,0,"3","CST3"
0,2.68828963033316,0.798,0.399,0,"3","CTSC"
0,2.3524466917678,0.644,0.245,0,"3","LGALS3BP"
0,4.27475157674742,0.466,0.071,0,"3","NLRP3"
0,3.06370061995488,0.606,0.211,0,"3","ICAM1"
0,5.9643240741232,0.68,0.289,0,"3","HMOX1"
0,3.64679053015873,0.472,0.084,0,"3","OTUD1"
0,2.88160428417185,0.476,0.091,0,"3","LPAR6"
0,3.24029900231864,0.517,0.133,0,"3","LIPA"
0,4.16677431540871,0.568,0.184,0,"3","CXCL2"
0,2.71752887711462,0.561,0.18,0,"3","PMP22"
0,6.62004181124438,0.428,0.049,0,"3","FCN1"
0,5.39127202780116,0.447,0.068,0,"3","PTAFR"
0,3.29562680856187,0.467,0.091,0,"3","AXL"
0,5.49424270618577,0.555,0.183,0,"3","IL1RN"
0,4.86225234322219,0.564,0.194,0,"3","IL4I1"
0,4.18471157367886,0.466,0.097,0,"3","KCNMA1"
0,3.98191020398312,0.445,0.076,0,"3","HLA-DOA"
0,4.27839139310811,0.482,0.115,0,"3","SDC3"
0,2.37642791943526,0.553,0.19,0,"3","NCF1"
0,3.05998491576697,0.567,0.204,0,"3","ACP5"
0,4.5416840829591,0.437,0.075,0,"3","CXCL9"
0,3.92437382436992,0.455,0.093,0,"3","CD36"
0,3.97370765694367,0.534,0.173,0,"3","S100A8"
0,3.47259742078371,0.378,0.019,0,"3","CLEC10A"
0,3.57653496312402,0.728,0.369,0,"3","PLIN2"
0,2.42574823798391,0.595,0.237,0,"3","RGS2"
0,4.0479264631891,0.442,0.085,0,"3","PTGS2"
0,4.87298674189695,0.519,0.162,0,"3","C2"
0,4.47958190332646,0.489,0.132,0,"3","ALOX5"
0,3.81157444816923,0.759,0.403,0,"3","CLEC7A"
0,8.17305995135793,0.365,0.011,0,"3","CCL7"
0,2.44328093572083,0.776,0.424,0,"3","IER3"
0,4.84320086885536,0.777,0.428,0,"3","CTSL"
0,3.46167828614613,0.903,0.554,0,"3","GRN"
0,3.3698717400265,0.809,0.464,0,"3","FCGRT"
0,4.59274231400464,0.426,0.081,0,"3","CLEC4A"
0,3.25759822170104,0.393,0.049,0,"3","LGALS2"
0,5.22269710921125,0.586,0.243,0,"3","SLC7A7"
0,5.16481463589064,0.653,0.312,0,"3","NCF2"
0,4.63754592385636,0.506,0.165,0,"3","CXCL10"
0,3.35522253256941,0.655,0.315,0,"3","SLC16A3"
0,4.24396965627801,0.368,0.028,0,"3","P2RY13"
0,4.636372809782,0.567,0.227,0,"3","SPRED1"
0,6.89738263398699,0.399,0.062,0,"3","CCL13"
0,3.67613794923238,0.491,0.154,0,"3","HNMT"
0,4.57672198193579,0.413,0.078,0,"3","ANKRD22"
0,3.21551166225228,0.393,0.06,0,"3","ENPP2"
0,5.13441085417287,0.592,0.261,0,"3","SIRPA"
0,3.21432489643323,0.955,0.626,0,"3","PSAP"
0,6.83088047259364,0.354,0.025,0,"3","CD209"
0,5.1507489179337,0.359,0.031,0,"3","CLEC12A"
0,4.2831970078354,0.357,0.03,0,"3","SUCNR1"
0,5.96885864188982,0.574,0.249,0,"3","MARCO"
0,2.81467799131799,0.566,0.245,0,"3","ABL2"
0,6.48080373630803,0.453,0.134,0,"3","EREG"
0,5.63311086769771,0.525,0.207,0,"3","CXCL3"
0,3.10226013481151,0.573,0.255,0,"3","MXD1"
0,4.5825132226448,0.461,0.144,0,"3","BCAT1"
0,3.75584374929639,0.443,0.127,0,"3","TGM2"
0,7.03313995094402,0.601,0.286,0,"3","C5AR1"
0,7.76975382472718,0.325,0.01,0,"3","MCEMP1"
0,3.49220831786923,0.4,0.087,0,"3","SLC1A3"
0,8.51351786351028,0.328,0.016,0,"3","RETN"
0,2.76096235353904,0.49,0.178,0,"3","TMEM176A"
0,6.67997063778229,0.375,0.064,0,"3","CCL8"
0,3.17398170043857,0.407,0.096,0,"3","ADAM8"
0,2.49636058647504,0.383,0.076,0,"3","CXorf21"
0,2.78738868659936,0.387,0.081,0,"3","CSF2RA"
0,4.35420401779398,0.339,0.034,0,"3","GPR34"
0,2.24279353332358,0.905,0.601,0,"3","NPC2"
0,6.94358396636223,0.333,0.03,0,"3","CLEC4E"
0,2.5071241144948,0.75,0.447,0,"3","SAMHD1"
0,6.15153269064553,0.417,0.115,0,"3","APOBEC3A"
0,2.75381157780263,0.421,0.12,0,"3","PLAU"
0,6.90040999390679,0.329,0.028,0,"3","FCGR1B"
0,3.30829018714458,0.531,0.231,0,"3","NRP1"
0,5.11340692276409,0.453,0.154,0,"3","NPL"
0,2.60174275219931,0.437,0.138,0,"3","NRP2"
0,3.21609321374367,0.419,0.122,0,"3","ADM"
0,6.51863310967079,0.3,0.006,0,"3","RNASE2"
0,2.62667135314106,0.665,0.373,0,"3","LGALS9"
0,6.2412642994755,0.344,0.053,0,"3","FOLR2"
0,5.16809631402205,0.549,0.266,0,"3","FBP1"
0,2.61562631557339,0.754,0.476,0,"3","HIF1A"
0,7.82151762107558,0.283,0.005,0,"3","FPR2"
0,4.11622273847572,0.36,0.083,0,"3","CXCL11"
0,5.8267590005686,0.296,0.019,0,"3","GPR84"
0,6.64128393338853,0.288,0.012,0,"3","LILRB5"
0,2.55600907306292,0.662,0.388,0,"3","CFD"
0,6.05934928701303,0.399,0.125,0,"3","F13A1"
0,2.77051994404932,0.468,0.197,0,"3","ITGA5"
0,2.95028070268761,0.514,0.244,0,"3","DUSP6"
0,2.77226766798828,0.384,0.116,0,"3","GRASP"
0,3.61663545898205,0.549,0.283,0,"3","FNIP2"
0,3.54512755706865,0.608,0.342,0,"3","LGMN"
0,6.35193552093658,0.281,0.018,0,"3","ADAMDEC1"
0,6.26573185267304,0.299,0.038,0,"3","SDS"
0,4.83925981517933,0.265,0.007,0,"3","CCL23"
0,6.21297065168429,0.268,0.011,0,"3","IL1A"
0,3.81248110437955,0.27,0.013,0,"3","CD1D"
0,6.69801846671752,0.276,0.019,0,"3","FOLR3"
0,4.87322368472504,0.394,0.138,0,"3","MMP9"
0,2.72461143977604,0.619,0.364,0,"3","KLF4"
0,2.06603928766782,0.668,0.414,0,"3","GBP1"
0,5.32964204868314,0.341,0.087,0,"3","SMIM25"
0,3.78145341039332,0.46,0.206,0,"3","TTYH3"
0,2.08715290323818,0.745,0.491,0,"3","RNASET2"
0,7.51245135683553,0.257,0.003,0,"3","LINC02345"
0,6.50665635624894,0.299,0.046,0,"3","MMP12"
0,2.47550499092108,0.628,0.375,0,"3","AP1S2"
0,5.06498168188455,0.536,0.287,0,"3","ANPEP"
0,5.92091134417874,0.433,0.186,0,"3","PLA2G7"
0,4.98489315827306,0.707,0.461,0,"3","APOE"
0,4.04765316887009,0.38,0.135,0,"3","PDK4"
0,2.27018976145142,0.302,0.057,0,"3","ACVRL1"
0,3.61077068284743,0.35,0.106,0,"3","CCL20"
0,2.39700984639692,0.43,0.187,0,"3","CPM"
0,3.50726738990297,0.316,0.074,0,"3","CH25H"
0,3.08899268062188,0.306,0.065,0,"3","FAM198B"
0,5.54338190558045,0.254,0.015,0,"3","HCAR3"
0,2.99780517700294,0.286,0.048,0,"3","MAP3K7CL"
0,3.74894971469005,0.597,0.359,0,"3","LHFPL2"
0,7.19630775367957,0.356,0.12,0,"3","CCL18"
0,3.52080551295747,0.291,0.062,0,"3","IL10"
0,2.35877303005963,0.307,0.09,0,"3","FLT1"
0,4.80135997395406,0.283,0.066,0,"3","C5AR2"
0,2.54242708199023,0.256,0.04,0,"3","AC004817.3"
0,2.90558077722084,0.53,0.316,0,"3","ENG"
0,2.01101277823873,0.5,0.289,0,"3","FERMT3"
0,2.29437532587664,0.533,0.324,0,"3","WARS"
0,2.29009783228246,0.512,0.309,0,"3","IFIT2"
0,3.88257233915355,0.462,0.276,0,"3","IL18"
0,2.00573262076739,0.642,0.458,0,"3","NABP1"
0,5.5996969372811,0.43,0.264,0,"3","LUCAT1"
0,2.85059230483986,0.504,0.345,0,"3","NR4A3"
0,2.67893715928207,0.607,0.449,0,"3","PLD3"
0,2.4701401606194,0.502,0.347,0,"3","LRP1"
0,3.59624432396225,0.998,0.933,0,"3","FTL"
0,2.01490505994043,0.998,0.962,0,"3","FTH1"
6.91691904177745e-323,5.63328641635851,0.412,0.211,1.38338380835549e-319,"3","PILRA"
3.98097346661751e-318,3.07655601496493,0.353,0.172,7.96194693323502e-315,"3","SLC39A8"
1.2793929728183e-304,2.17045058742452,0.321,0.171,2.55878594563659e-301,"3","SEMA3C"
3.90312293072717e-285,4.2767717641978,0.378,0.193,7.80624586145435e-282,"3","OSM"
8.49166641362075e-282,3.74853733436291,0.262,0.082,1.69833328272415e-278,"3","CFP"
1.63011537431425e-281,2.08772123861497,0.41,0.201,3.2602307486285e-278,"3","CSTA"
2.28452975145775e-276,3.0879758399936,0.373,0.229,4.5690595029155e-273,"3","FUCA1"
4.60282994082839e-275,4.52525929147516,0.406,0.266,9.20565988165677e-272,"3","NR1H3"
6.58999525118545e-263,3.03630777313135,0.363,0.142,1.31799905023709e-259,"3","CD300A"
8.94396693686173e-248,3.72034513408955,0.404,0.278,1.78879338737235e-244,"3","TCN2"
1.75846710130743e-233,2.19381223568071,0.283,0.065,3.51693420261487e-230,"3","HLA-DQA2"
6.54972565225251e-227,2.15925441096659,0.495,0.412,1.3099451304505e-223,"3","ACSL4"
3.97057359896976e-218,5.79275498528579,0.321,0.162,7.94114719793952e-215,"3","MIR3945HG"
6.16617442294605e-213,2.59021577198753,0.333,0.185,1.23323488458921e-209,"3","PKIB"
9.51735166478208e-213,2.07050074660145,0.276,0.16,1.90347033295642e-209,"3","PCSK5"
6.65473257096762e-207,3.59312592577233,0.501,0.399,1.33094651419352e-203,"3","PLTP"
3.47622444626329e-206,2.07239881376324,0.305,0.147,6.95244889252658e-203,"3","MMP14"
1.18415529279744e-203,2.58801039370789,0.321,0.115,2.36831058559487e-200,"3","CD40"
2.22697357399946e-187,4.25756582505878,0.408,0.279,4.45394714799892e-184,"3","G0S2"
5.20166240116727e-174,2.11213360436334,0.256,0.075,1.04033248023345e-170,"3","AL136987.1"
4.9487684317147e-168,2.99630095641255,0.335,0.204,9.8975368634294e-165,"3","HK2"
3.34311632271569e-163,2.42302396248154,0.451,0.368,6.68623264543138e-160,"3","ATP2B1-AS1"
3.41673521432469e-147,3.92956806624977,0.252,0.111,6.83347042864939e-144,"3","CALHM6"
1.58222419422849e-140,5.26678167062652,0.406,0.315,3.16444838845698e-137,"3","SLC16A10"
4.4056779521162e-137,2.20442555035112,0.216,0.329,8.81135590423239e-134,"3","CST6"
4.70264654784454e-131,3.85315624607474,0.258,0.107,9.40529309568908e-128,"3","IL6"
8.80294296601607e-126,2.14440949670098,0.304,0.198,1.76058859320321e-122,"3","COLEC12"
1.3290051862551e-124,2.22978667514425,0.316,0.198,2.65801037251019e-121,"3","OLFML3"
5.07642197825597e-118,2.87229125790747,0.302,0.228,1.01528439565119e-114,"3","TCHH"
3.89295315406992e-117,3.59102076608612,0.321,0.198,7.78590630813984e-114,"3","IFI30"
5.84675617472215e-104,2.22961045515605,0.474,0.401,1.16935123494443e-100,"3","NUPR1"
6.59697156219581e-95,2.53528033101844,0.57,0.498,1.31939431243916e-91,"3","VCAN"
5.27987000180454e-87,3.25300192197956,0.341,0.267,1.05597400036091e-83,"3","C1orf54"
1.79036186817119e-79,2.42678525260366,0.337,0.277,3.58072373634239e-76,"3","HSPA6"
1.3434168330122e-77,2.25926399548019,0.283,0.198,2.6868336660244e-74,"3","THBS1"
4.17795393535612e-70,2.87366711700783,0.262,0.176,8.35590787071224e-67,"3","WNT5A"
9.26605014565102e-69,2.09929311691369,0.466,0.404,1.8532100291302e-65,"3","RAB32"
1.21422044489051e-68,2.87362235228178,0.396,0.342,2.42844088978103e-65,"3","INHBA"
2.38665787004224e-17,5.09326815765765,0.256,0.207,4.77331574008448e-14,"3","VMO1"
5.74439014101418e-14,2.15097905697679,0.232,0.303,1.14887802820284e-10,"3","SNAI1"
0.00520714904644679,3.96156163651114,0.338,0.362,1,"3","SLC40A1"
0,4.91754752732118,0.938,0.233,0,"4","KRT15"
0,5.26682413990709,0.967,0.295,0,"4","SNORC"
0,2.79236824204248,0.87,0.228,0,"4","MT1G"
0,3.0728037638874,0.916,0.299,0,"4","NFIB"
0,3.80728453886591,0.731,0.164,0,"4","ROCR"
0,3.58198003347329,0.714,0.163,0,"4","MT1H"
0,4.70899794343664,0.895,0.349,0,"4","FABP7"
0,2.68750735764824,0.998,0.463,0,"4","KRT19"
0,5.91343227224739,0.741,0.21,0,"4","SIX3"
0,3.38412679141965,0.657,0.153,0,"4","KLK11"
0,5.35729803442956,0.707,0.211,0,"4","MYEOV"
0,3.98518667818892,0.995,0.529,0,"4","RPS17"
0,2.20893826293219,0.718,0.257,0,"4","ADIRF"
0,2.06202755605994,0.78,0.323,0,"4","MFGE8"
0,5.77948531846888,0.722,0.265,0,"4","OBP2B"
0,3.71323923594245,0.794,0.354,0,"4","SCRG1"
0,4.4917692612482,0.545,0.113,0,"4","PRSS21"
0,4.9577356222193,0.746,0.33,0,"4","PCSK1N"
0,2.10999756902093,0.726,0.321,0,"4","SFRP1"
0,5.17321103507858,0.635,0.236,0,"4","KANK4"
0,5.36782790686424,0.587,0.19,0,"4","SCGB3A1"
0,4.01646367526311,0.627,0.231,0,"4","AQP5"
0,3.8347322886853,0.701,0.31,0,"4","RAMP2"
0,2.72188169997594,0.585,0.196,0,"4","CITED4"
0,2.80808277751305,0.708,0.357,0,"4","PPP1R1B"
0,4.51061420639466,0.552,0.229,0,"4","SEPT4"
0,5.30373675913175,0.549,0.236,0,"4","COLCA1"
0,2.19586281753435,0.436,0.149,0,"4","PDLIM3"
0,2.10690983750513,0.695,0.41,0,"4","CKB"
0,2.26652751863084,0.476,0.192,0,"4","SLC12A2"
0,2.31440412489172,0.622,0.371,0,"4","ELF5"
0,4.07091021009268,0.432,0.229,0,"4","FGFR2"
0,4.18804919179624,0.435,0.254,0,"4","NPB"
0,3.40494057318499,0.426,0.261,0,"4","ALKAL2"
0,2.39887071199041,0.551,0.387,0,"4","NFIA"
0,3.17143365371161,0.313,0.15,0,"4","OSR2"
0,2.8384246577252,0.999,0.875,0,"4","RPLP0"
0,2.55988055139485,0.998,0.969,0,"4","MT-ND2"
3.10514198822558e-312,3.02564301613328,0.456,0.32,6.21028397645116e-309,"4","HIST1H2AE"
2.83061034041267e-297,2.69323891873681,0.357,0.217,5.66122068082535e-294,"4","HRCT1"
4.39223453928449e-277,3.07122483669333,0.399,0.287,8.78446907856898e-274,"4","CAPS"
5.00545655323023e-247,2.43523922275537,0.417,0.31,1.00109131064605e-243,"4","TGFBR3"
1.0586541076952e-165,3.57327488767853,0.306,0.224,2.11730821539041e-162,"4","MSLN"
1.74814110526659e-157,3.67229969492974,0.36,0.277,3.49628221053318e-154,"4","CRTAC1"
1.21258337720616e-88,2.08073084506819,0.324,0.286,2.42516675441233e-85,"4","AQP1"
1.15111285705796e-86,2.13506318131486,0.374,0.337,2.30222571411592e-83,"4","FRZB"
1.53830802528619e-33,2.80375922635023,0.162,0.307,3.07661605057239e-30,"4","SPDEF"
0,4.50770671636609,0.87,0.166,0,"5","NKG7"
0,5.95318962833642,0.881,0.197,0,"5","GNLY"
0,5.1885477459361,0.765,0.132,0,"5","GZMB"
0,4.39229786943487,0.797,0.193,0,"5","GZMA"
0,2.32520887003405,0.887,0.324,0,"5","CD52"
0,3.45529544520438,0.875,0.343,0,"5","CCL5"
0,4.59480934107486,0.674,0.15,0,"5","KLRD1"
0,3.47207690828385,0.699,0.191,0,"5","CD7"
0,6.02142186264021,0.541,0.043,0,"5","KLRC1"
0,4.92316080883633,0.571,0.076,0,"5","PRF1"
0,2.7492114543938,0.63,0.139,0,"5","CST7"
0,2.44554998216053,0.731,0.242,0,"5","CD3D"
0,2.45525440915766,0.852,0.391,0,"5","HCST"
0,4.64591334822815,0.486,0.05,0,"5","GZMH"
0,2.48500834266015,0.655,0.223,0,"5","CD3G"
0,2.47215904692373,0.708,0.276,0,"5","CLEC2B"
0,2.3718298428433,0.813,0.391,0,"5","IFITM2"
0,3.27381901676061,0.687,0.282,0,"5","CCL4"
0,5.29559628819994,0.449,0.049,0,"5","KLRC2"
0,2.29600912681944,0.764,0.373,0,"5","CORO1A"
0,4.62271857114926,0.459,0.072,0,"5","ZNF683"
0,4.807656312655,0.449,0.068,0,"5","XCL2"
0,2.11332380689353,0.791,0.415,0,"5","IL32"
0,4.23332116484802,0.5,0.13,0,"5","CTSW"
0,2.24009844102747,0.63,0.266,0,"5","RAC2"
0,4.48380871484419,0.452,0.089,0,"5","TRDC"
0,3.87803084407399,0.584,0.228,0,"5","HOPX"
0,2.18083023709231,0.557,0.205,0,"5","ALOX5AP"
0,2.01022965817166,0.683,0.331,0,"5","TRAC"
0,3.85814700424956,0.385,0.055,0,"5","TRGC1"
0,4.04468038700311,0.473,0.145,0,"5","LINC01871"
0,3.50110800171481,0.419,0.101,0,"5","IL2RB"
0,3.8646202072669,0.37,0.053,0,"5","IFNG"
0,2.44420113860452,0.525,0.215,0,"5","SLA"
0,2.17345536164984,0.537,0.235,0,"5","LSP1"
0,3.91940478049349,0.326,0.049,0,"5","LINC02446"
0,2.24225308474085,0.386,0.119,0,"5","GPR171"
0,3.19548113242317,0.385,0.121,0,"5","ITGA1"
0,2.32459191048564,0.499,0.236,0,"5","DUSP4"
0,2.83526847505087,0.322,0.078,0,"5","CRTAM"
0,2.20122555556795,0.624,0.38,0,"5","RARRES3"
0,2.97756237575398,0.334,0.095,0,"5","TNFRSF9"
0,2.00858343043499,0.703,0.512,0,"5","COTL1"
0,3.12547688881485,0.31,0.133,0,"5","CSF1"
2.1228078095931e-315,3.07377025057022,0.469,0.245,4.2456156191862e-312,"5","CD8A"
3.17776121841308e-306,2.06571218349675,0.332,0.1,6.35552243682615e-303,"5","CTLA4"
4.75990813303811e-268,2.2366168293923,0.342,0.184,9.51981626607622e-265,"5","MKI67"
4.1477084103974e-266,2.49059227654951,0.382,0.131,8.2954168207948e-263,"5","TIGIT"
2.58811849470737e-247,2.03025866949402,0.473,0.227,5.17623698941474e-244,"5","ITM2A"
2.65405017162529e-247,2.05655771901481,0.547,0.414,5.30810034325058e-244,"5","CRIP1"
7.53204286298189e-241,2.11217100388947,0.368,0.149,1.50640857259638e-237,"5","GPR65"
5.20079485937447e-219,2.55995462322486,0.366,0.253,1.04015897187489e-215,"5","SPRY1"
3.24359571908169e-205,4.78351822807126,0.27,0.026,6.48719143816339e-202,"5","XCL1"
1.15978081463072e-192,2.27466306119763,0.516,0.385,2.31956162926144e-189,"5","LCK"
2.61518323376122e-186,2.88744354251602,0.329,0.133,5.23036646752243e-183,"5","HAVCR2"
2.67122962838835e-171,2.16226817046317,0.38,0.192,5.3424592567767e-168,"5","CCL3"
2.35088733671333e-167,2.69229933906582,0.341,0.155,4.70177467342666e-164,"5","CCL4L2"
4.10535108477013e-161,2.07595720152939,0.338,0.119,8.21070216954025e-158,"5","DOK2"
1.76236166309565e-137,2.06759519305258,0.431,0.249,3.5247233261913e-134,"5","CCND2"
2.97476909980155e-131,2.56144428758386,0.278,0.094,5.94953819960309e-128,"5","ABI3"
3.94157538467105e-109,3.3021749499635,0.414,0.333,7.88315076934209e-106,"5","LAG3"
9.60282570393483e-88,2.01144795485919,0.32,0.154,1.92056514078697e-84,"5","KLRB1"
1.19443673514747e-62,2.23059413267521,0.389,0.342,2.38887347029495e-59,"5","OASL"
2.89405320102198e-61,2.46713901995734,0.325,0.184,5.78810640204396e-58,"5","TNFRSF18"
1.5766259356318e-34,2.94921978557108,0.28,0.225,3.1532518712636e-31,"5","TNFSF14"
4.91497087288998e-15,2.62315100594741,0.365,0.39,9.82994174577996e-12,"5","CLIC3"
1.4811646267853e-11,2.23340955737635,0.365,0.401,2.9623292535706e-08,"5","AREG"
5.72135961408794e-11,2.14187905186554,0.176,0.276,1.14427192281759e-07,"5","ASPM"
0.0011963154199585,2.74997684202656,0.264,0.256,1,"5","CD8B"
0,2.90775276632122,0.893,0.265,0,"6","CD2"
0,2.45156580168186,0.817,0.252,0,"6","CD3D"
0,6.1722161113789,0.648,0.12,0,"6","TNFRSF4"
0,4.49635828670277,0.617,0.126,0,"6","ICOS"
0,2.77611993744484,0.813,0.335,0,"6","TRAC"
0,4.94852756067335,0.572,0.096,0,"6","CTLA4"
0,3.91471110666658,0.585,0.129,0,"6","TIGIT"
0,3.60887025109168,0.606,0.156,0,"6","SPOCK2"
0,2.85180952246574,0.765,0.316,0,"6","LTB"
0,2.59607187075425,0.663,0.216,0,"6","TRBC2"
0,2.15317564761351,0.678,0.235,0,"6","CD3G"
0,2.33608311518128,0.638,0.196,0,"6","CD3E"
0,4.34561738940673,0.596,0.169,0,"6","BATF"
0,6.90890237652733,0.468,0.042,0,"6","FOXP3"
0,2.90143677608687,0.838,0.424,0,"6","IL32"
0,4.69477461948755,0.58,0.176,0,"6","TNFRSF18"
0,3.01078951804276,0.533,0.167,0,"6","CD27"
0,2.50648599329761,0.641,0.295,0,"6","BIRC3"
0,2.6877556246026,0.542,0.198,0,"6","TRBC1"
0,2.86802442535319,0.583,0.24,0,"6","DUSP4"
0,2.77083761441685,0.567,0.23,0,"6","ITM2A"
0,5.35036035971759,0.379,0.067,0,"6","IL2RA"
0,2.28229252863123,0.926,0.67,0,"6","S100A4"
1.07557419170361e-316,2.10840988473069,0.474,0.189,2.15114838340722e-313,"6","SELL"
4.03529030262283e-315,2.58640090247888,0.534,0.198,8.07058060524566e-312,"6","IL2RG"
2.34984447731031e-296,5.25380916299024,0.29,0.024,4.69968895462062e-293,"6","LAIR2"
2.18813227931939e-269,3.61714026325208,0.368,0.101,4.37626455863878e-266,"6","TNFRSF9"
1.12171080266899e-258,3.01218869613376,0.514,0.24,2.24342160533798e-255,"6","TNFRSF1B"
6.49199104260268e-251,2.67729917864211,0.459,0.194,1.29839820852054e-247,"6","PRDM1"
1.41518415278075e-214,2.0906927349083,0.478,0.226,2.83036830556149e-211,"6","SLA"
7.38811433935671e-210,2.81987642307374,0.307,0.093,1.47762286787134e-206,"6","CCR6"
3.31555479607573e-194,2.25074309043254,0.535,0.383,6.63110959215146e-191,"6","AC058791.1"
2.02340285256809e-175,2.47620354809178,0.439,0.244,4.04680570513618e-172,"6","GBP5"
3.25613797038748e-166,2.38080534141312,0.539,0.388,6.51227594077497e-163,"6","LCK"
8.84871949286409e-163,2.33846824633864,0.474,0.252,1.76974389857282e-159,"6","CCND2"
1.5310166322269e-160,2.24276804588037,0.596,0.491,3.0620332644538e-157,"6","CREM"
1.89161050061166e-159,2.22699394010128,0.594,0.484,3.78322100122332e-156,"6","EPSTI1"
3.01071046448263e-149,2.58898528951702,0.5,0.358,6.02142092896526e-146,"6","MIR4435-2HG"
4.78720139688581e-139,2.06441297030893,0.355,0.124,9.57440279377163e-136,"6","DOK2"
5.55985158156887e-126,2.63238147914347,0.325,0.204,1.11197031631377e-122,"6","CPM"
3.74593519334468e-115,2.07619612200256,0.43,0.196,7.49187038668936e-112,"6","SAMSN1"
5.6505659721431e-101,2.24248248517889,0.333,0.115,1.13011319442862e-97,"6","IL2RB"
7.28016769449912e-96,3.04547801045408,0.443,0.327,1.45603353889982e-92,"6","MAF"
1.8876091757139e-87,2.13130140991835,0.464,0.359,3.7752183514278e-84,"6","PMAIP1"
2.60363890363759e-82,2.2292392120031,0.356,0.2,5.20727780727519e-79,"6","CD4"
1.2858245873611e-71,4.56745692925448,0.309,0.094,2.57164917472219e-68,"6","LINC01943"
5.82140900543845e-68,4.75933154535985,0.326,0.106,1.16428180108769e-64,"6","CXCL13"
2.96257803640933e-35,3.00141511383828,0.254,0.157,5.92515607281865e-32,"6","TSHZ2"
1.61023164173748e-18,2.37265355082195,0.272,0.358,3.22046328347497e-15,"6","IL1R2"
2.04666740676151e-12,2.5173067727173,0.225,0.32,4.09333481352301e-09,"6","CHN1"
0,2.71325594932677,0.474,0.023,0,"7","HOXD13"
0,3.65769647380831,0.446,0.049,0,"7","PCAT18"
0,3.59470052346807,0.404,0.063,0,"7","PCP4"
0,2.4002573778894,0.378,0.04,0,"7","MT3"
0,2.72456543574159,0.418,0.084,0,"7","DKK1"
0,4.32950231368514,0.421,0.109,0,"7","NFE4"
0,3.32128801131175,0.341,0.055,0,"7","HBA2"
4.42959295002448e-293,2.21111524013392,0.352,0.089,8.85918590004897e-290,"7","NEURL1"
1.65686956421884e-288,2.10923612195841,0.461,0.129,3.31373912843769e-285,"7","MAOB"
2.08638923094082e-287,3.58019074097336,0.441,0.152,4.17277846188165e-284,"7","HBB"
1.42240522745928e-215,2.66240479114986,0.406,0.19,2.84481045491855e-212,"7","MEST"
3.30623369331531e-212,2.73658703494315,0.596,0.288,6.61246738663063e-209,"7","SOX11"
4.02147082529023e-210,2.15598598050099,0.514,0.246,8.04294165058046e-207,"7","SCUBE3"
1.15384109818981e-184,2.96172539963202,0.467,0.238,2.30768219637963e-181,"7","UCHL1"
3.87564784201593e-176,2.32862009021008,0.322,0.061,7.75129568403186e-173,"7","TNFRSF11B"
1.3948555554811e-148,2.87424054281958,0.38,0.165,2.78971111096221e-145,"7","RHEX"
8.80436871471889e-132,2.0687190132702,0.339,0.157,1.76087374294378e-128,"7","RBP5"
1.30803178068797e-124,2.11134298924287,0.494,0.21,2.61606356137593e-121,"7","BIRC5"
7.94679336003167e-101,2.08881139062524,0.505,0.283,1.58935867200633e-97,"7","LTF"
1.78295341005727e-91,2.2286181835135,0.492,0.252,3.56590682011454e-88,"7","CNFN"
1.1324260027696e-27,2.86663203725631,0.317,0.158,2.26485200553921e-24,"7","SBSPON"
5.93076059882669e-19,5.09651051845991,0.347,0.213,1.18615211976534e-15,"7","HTN1"
1.59440630406113e-11,2.83501678392794,0.253,0.07,3.18881260812226e-08,"7","HBA1"
5.27853238726625e-09,2.09110320953825,0.316,0.148,1.05570647745325e-05,"7","PBK"
1.3981073875193e-08,2.60368846394563,0.41,0.258,2.79621477503859e-05,"7","SAA1"
6.43657486942067e-07,3.18981515581027,0.296,0.22,0.00128731497388413,"7","FDCSP"
0,5.72015737937481,0.975,0.255,0,"8","MZB1"
0,6.72638429437159,0.879,0.253,0,"8","IGHG3"
0,5.82394098073038,0.85,0.254,0,"8","IGHG4"
0,4.6671944402041,0.638,0.06,0,"8","FCRL5"
0,3.5112725629244,0.717,0.148,0,"8","CD38"
0,5.49598840935894,0.91,0.37,0,"8","IGHG1"
0,5.32804959377112,0.602,0.063,0,"8","TNFRSF17"
0,6.32819603622807,0.659,0.2,0,"8","JCHAIN"
0,5.18322495729186,0.649,0.205,0,"8","DERL3"
0,2.42407337588727,0.931,0.489,0,"8","HERPUD1"
0,8.03197162746,0.677,0.236,0,"8","IGHGP"
0,4.00647971609625,0.548,0.119,0,"8","POU2AF1"
0,3.68985521602755,0.869,0.446,0,"8","FKBP11"
0,5.37106874829276,0.988,0.579,0,"8","IGKC"
0,7.87768287350818,0.707,0.298,0,"8","IGLC2"
0,2.81908783086584,0.797,0.406,0,"8","ITM2C"
0,3.24098766785321,0.967,0.577,0,"8","XBP1"
0,2.42428103898386,0.492,0.115,0,"8","SLAMF7"
0,2.83409159839744,0.59,0.225,0,"8","CD79A"
0,7.57935331069412,0.675,0.315,0,"8","IGLC3"
0,5.33158219040786,0.387,0.047,0,"8","AC012236.1"
0,2.36604767810921,0.48,0.146,0,"8","PIM2"
0,2.16401440149483,0.66,0.353,0,"8","ANKRD28"
0,5.69032733474229,0.312,0.009,0,"8","FAM92B"
0,6.64170724764435,0.401,0.103,0,"8","JSRP1"
0,7.75896928032008,0.319,0.026,0,"8","IGLV3-1"
0,7.87212263316997,0.299,0.016,0,"8","IGHV3-30"
0,7.51926737206314,0.321,0.048,0,"8","IGKV4-1"
0,2.53345123286883,0.67,0.398,0,"8","TENT5C"
0,3.164328898099,0.987,0.726,0,"8","SSR4"
0,4.16725945786742,0.273,0.013,0,"8","DPEP1"
0,8.29712802379917,0.257,0.006,0,"8","IGHV3-33"
1.59838129510989e-308,7.79286352113425,0.567,0.3,3.19676259021978e-305,"8","IGHA1"
8.50957137999673e-294,7.43371757585341,0.421,0.139,1.70191427599935e-290,"8","IGHG2"
6.2539932515028e-205,4.99501184047018,0.286,0.093,1.25079865030056e-201,"8","DNAAF1"
2.52868491662484e-116,7.31026147699935,0.356,0.221,5.05736983324968e-113,"8","IGHA2"
6.19106872300073e-22,6.13539884489729,0.279,0.18,1.23821374460015e-18,"8","IGHM"
3.12955186930919e-05,2.14503748967628,0.309,0.355,0.0625910373861839,"8","PTP4A3"
0,2.70837156998063,0.966,0.334,0,"9","NDUFA4L2"
0,2.52696813327975,0.905,0.328,0,"9","NDRG1"
0,2.9719403401644,0.864,0.288,0,"9","TF"
0,4.22340361333672,0.85,0.281,0,"9","BEST4"
0,3.24393881539885,0.919,0.361,0,"9","KRT16"
0,2.04815131832893,0.872,0.321,0,"9","SH3BGR"
0,3.35700306342366,0.793,0.246,0,"9","SLURP1"
0,2.16030335047722,0.972,0.429,0,"9","IGFBP5"
0,2.47268396653763,0.833,0.29,0,"9","TMEM45A"
0,2.80214626806717,0.891,0.352,0,"9","HILPDA"
0,3.04464910267159,0.75,0.222,0,"9","APLN"
0,2.10771228837821,0.63,0.102,0,"9","NFE4"
0,3.30193100125595,0.735,0.211,0,"9","CA9"
0,2.03059126623656,0.874,0.352,0,"9","TNNT1"
0,2.41498874020641,0.763,0.242,0,"9","CNFN"
0,2.03681374743992,0.906,0.386,0,"9","KRT6B"
0,3.7151970833824,0.718,0.204,0,"9","FGF21"
0,2.25125915170964,0.858,0.346,0,"9","S100P"
0,2.22980059416082,0.824,0.313,0,"9","CA2"
0,2.85216002556588,0.739,0.239,0,"9","SLC2A1"
0,2.23482324569702,0.913,0.414,0,"9","DSC2"
0,2.37551870845255,0.938,0.452,0,"9","PEPD"
0,4.38595990963589,0.62,0.146,0,"9","KRT77"
0,2.4668109904296,0.692,0.219,0,"9","GDPD3"
0,2.37433375737833,0.793,0.324,0,"9","NRN1"
0,3.50801846168453,0.501,0.034,0,"9","CALCA"
0,2.34292723114024,0.719,0.253,0,"9","PSCA"
0,2.27645655254945,0.787,0.322,0,"9","FRZB"
0,5.2133844679293,0.548,0.087,0,"9","UPK1B"
0,2.86107632756779,0.527,0.067,0,"9","MYBPC1"
0,2.79515572297598,0.692,0.233,0,"9","SLITRK6"
0,2.79679236362308,0.749,0.293,0,"9","CCNA1"
0,2.10168348047461,0.755,0.301,0,"9","CST6"
0,2.23013122483156,0.73,0.284,0,"9","LGALS7"
0,2.05445582592242,0.661,0.237,0,"9","LOR"
0,2.31995276276827,0.574,0.156,0,"9","SOX2"
0,6.42955272943184,0.379,0.014,0,"9","ATP12A"
0,6.34291452077013,0.373,0.012,0,"9","PRB2"
0,3.73663157198688,0.51,0.159,0,"9","DSC1"
0,2.04003756121036,0.998,0.657,0,"9","CSTB"
0,4.2223557820877,0.35,0.02,0,"9","IL17C"
0,2.64870261319265,0.342,0.015,0,"9","KRTAP5-8"
0,4.14315665184735,0.361,0.036,0,"9","LIPF"
0,5.2643840024455,0.362,0.05,0,"9","TMPRSS11E"
2.41948522744711e-296,2.71068681242354,0.476,0.125,4.83897045489421e-293,"9","C1orf105"
4.06531120784475e-296,2.73709326833677,0.424,0.048,8.13062241568951e-293,"9","CAPN8"
7.59930490547745e-293,3.68098912168902,0.559,0.128,1.51986098109549e-289,"9","CEACAM6"
5.73331578814069e-268,2.78548280872906,0.567,0.164,1.14666315762814e-264,"9","KRT75"
3.4244016892802e-240,2.22710312822139,0.552,0.208,6.84880337856039e-237,"9","FAM83A"
1.79652821939802e-239,2.55131724789633,0.488,0.126,3.59305643879604e-236,"9","CFAP45"
4.59870919205373e-218,2.94365581306075,0.618,0.175,9.19741838410747e-215,"9","GJB2"
4.44420179846357e-211,3.31567736923288,0.597,0.199,8.88840359692715e-208,"9","KRT6A"
5.29402685808945e-203,2.17110745521751,0.355,0.126,1.05880537161789e-199,"9","IL20"
8.58937714748266e-201,2.97503618986054,0.489,0.078,1.71787542949653e-197,"9","KLK5"
1.12918413961282e-189,2.06532350954487,0.662,0.264,2.25836827922563e-186,"9","VEGFA"
2.49125845812468e-188,3.48294955965755,0.518,0.147,4.98251691624936e-185,"9","KLK6"
4.54115108228484e-167,4.84867951216696,0.503,0.114,9.08230216456969e-164,"9","CASP14"
2.49592513716473e-145,2.2254025184914,0.625,0.266,4.99185027432947e-142,"9","IGFBP3"
3.60674424127264e-141,2.16462158375963,0.378,0.168,7.21348848254528e-138,"9","BPIFB1"
9.59104022600246e-102,3.3002216066925,0.55,0.241,1.91820804520049e-98,"9","C6orf15"
4.39504276361506e-63,2.04913610792164,0.554,0.202,8.79008552723011e-60,"9","LYPD3"
1.16880226711979e-58,2.45830077824267,0.472,0.127,2.33760453423958e-55,"9","LGALS7B"
3.32137251318514e-52,2.19177259652721,0.351,0.223,6.64274502637028e-49,"9","NPY"
2.59135866498201e-46,2.23487272152901,0.506,0.233,5.18271732996401e-43,"9","PLS3"
3.02705947492191e-41,3.03035257224112,0.27,0.049,6.05411894984383e-38,"9","UNC5B-AS1"
9.476785283456e-35,2.77511931379274,0.269,0.067,1.8953570566912e-31,"9","STC1"
1.7422404250518e-28,3.89904127306973,0.25,0.024,3.48448085010359e-25,"9","SPRR2D"
2.30070835093818e-27,2.45233256871365,0.436,0.113,4.60141670187636e-24,"9","PGF"
5.37040054658481e-27,2.08371964529617,0.392,0.107,1.07408010931696e-23,"9","IGFBP2"
5.97202810137932e-24,2.12615430249145,0.426,0.137,1.19440562027586e-20,"9","LY6D"
6.04536152663442e-24,2.79284181836646,0.296,0.104,1.20907230532688e-20,"9","MUC15"
2.74220004238861e-22,3.31977186344915,0.386,0.061,5.48440008477722e-19,"9","AC034213.1"
1.66707254824126e-21,2.81809178050749,0.389,0.064,3.33414509648252e-18,"9","SBSN"
2.88714804356278e-21,2.43114464318609,0.286,0.118,5.77429608712555e-18,"9","KRT23"
2.75664363302826e-20,4.23950340888834,0.274,0.066,5.51328726605652e-17,"9","KRTDAP"
4.10740977497328e-18,2.22027859053756,0.349,0.066,8.21481954994656e-15,"9","VSIG8"
4.2089687941744e-15,2.26009713712704,0.284,0.111,8.41793758834879e-12,"9","PI3"
1.30541380208852e-14,3.21557024379798,0.434,0.136,2.61082760417704e-11,"9","GJB6"
1.37288098257924e-13,2.77073037448465,0.374,0.06,2.74576196515848e-10,"9","SPRR2A"
6.78055122086821e-11,2.93044550039685,0.406,0.161,1.35611024417364e-07,"9","LCN2"
2.19447636259846e-08,3.51672028936163,0.332,0.063,4.38895272519692e-05,"9","KLK7"
3.71356403063266e-07,2.14577900153785,0.332,0.097,0.000742712806126533,"9","PSORS1C2"
7.67221781638071e-07,2.54276631802263,0.39,0.1,0.00153444356327614,"9","STC2"
9.24892942018344e-06,2.18506559061171,0.446,0.171,0.0184978588403669,"9","FGFBP2"
0.000401210092426898,2.77639546383532,0.375,0.091,0.802420184853796,"9","RHCG"
0.00197914443695593,2.43941117537161,0.398,0.145,1,"9","CTSV"
0.00315966667385405,2.20447732727502,0.356,0.113,1,"9","MUC16"
0,7.83506544069219,0.76,0.088,0,"10","MS4A1"
0,2.02623619745885,0.988,0.425,0,"10","HLA-DRA"
0,2.14849901984281,0.884,0.361,0,"10","HLA-DPB1"
0,2.03401112226432,0.987,0.514,0,"10","CD74"
0,2.56828232642411,0.724,0.26,0,"10","HLA-DQB1"
0,3.19581757770298,0.812,0.367,0,"10","CD37"
0,5.48062860814003,0.638,0.226,0,"10","CD79A"
0,2.12467082234033,0.699,0.316,0,"10","HLA-DQA1"
0,8.00143865686377,0.524,0.18,0,"10","BANK1"
3.3910146398029e-281,2.90169988299665,0.512,0.288,6.7820292796058e-278,"10","CD83"
2.25605398361829e-245,3.54926667359207,0.332,0.101,4.51210796723657e-242,"10","IRF8"
8.63588348336795e-200,2.29762482593283,0.323,0.177,1.72717669667359e-196,"10","HLA-DMB"
6.89221572591883e-176,4.37628482317313,0.372,0.194,1.37844314518377e-172,"10","CD79B"
1.56714922995442e-149,2.03109023521714,0.379,0.273,3.13429845990883e-146,"10","KLF2"
2.82932904671723e-143,3.82728738239989,0.509,0.412,5.65865809343445e-140,"10","MEF2C"
1.13815688462556e-126,2.15402412732609,0.294,0.221,2.27631376925112e-123,"10","NCF1"
1.86607414348528e-89,2.15076190157873,0.31,0.198,3.73214828697056e-86,"10","SELL"
7.74241417921743e-87,3.02629042302019,0.266,0.131,1.54848283584349e-83,"10","MARCH1"
6.45000459577251e-20,2.40745154084435,0.305,0.283,1.2900009191545e-16,"10","PLAC8"
1.29090084608431e-10,2.00883942998077,0.422,0.548,2.58180169216863e-07,"10","BASP1"
3.11167446417042e-10,2.06828882367789,0.082,0.276,6.22334892834085e-07,"10","ZNF891"
3.54398289741014e-08,2.20376575221537,0.147,0.259,7.08796579482028e-05,"10","AL121944.1"
0,2.29738859586766,0.874,0.205,0,"11","CXCL2"
0,5.28923895079567,0.75,0.082,0,"11","LINC02515"
0,6.931787038898,0.763,0.102,0,"11","PIGR"
0,5.96394168855915,0.926,0.279,0,"11","LTF"
0,4.70359080329877,0.833,0.21,0,"11","ZG16B"
0,4.43165245513286,0.698,0.098,0,"11","AR"
0,3.07128213317594,0.603,0.008,0,"11","GSTA1"
0,3.30339179039938,0.681,0.09,0,"11","DIO2"
0,2.95047702504308,0.907,0.318,0,"11","CLU"
0,6.38430328637283,0.653,0.071,0,"11","PIP"
0,3.45182092018422,0.642,0.06,0,"11","FGFBP1"
0,4.37143445385987,0.748,0.177,0,"11","NTN4"
0,3.91126950051328,0.59,0.023,0,"11","HP"
0,3.27899561292009,0.705,0.156,0,"11","RND1"
0,2.25196784703491,0.587,0.045,0,"11","LRG1"
0,3.51139620541459,0.955,0.417,0,"11","AZGP1"
0,4.48698073075083,0.632,0.1,0,"11","MUC15"
0,3.25033708781465,0.543,0.015,0,"11","GALNT15"
0,3.78380097548277,0.75,0.222,0,"11","FAM3D"
0,6.51184949056283,0.53,0.012,0,"11","SPINK8"
0,4.29462375283904,0.674,0.162,0,"11","SERPINA3"
0,2.45223505938026,0.663,0.153,0,"11","STAC2"
0,2.17613052510452,0.693,0.188,0,"11","MEST"
0,7.29625127350293,0.668,0.174,0,"11","SCGB2A2"
0,3.53761469795731,0.768,0.286,0,"11","SPDEF"
0,6.04373511887643,0.649,0.171,0,"11","SCGB1D2"
0,4.17233619040431,0.543,0.066,0,"11","SLC26A4"
0,4.04568171990776,0.498,0.023,0,"11","PCDH10"
0,6.46679041560896,0.529,0.064,0,"11","CSN3"
0,5.91803949061109,0.45,0.029,0,"11","C4BPA"
0,3.06928119453209,0.395,0.02,0,"11","GFRA1"
0,3.10793102267189,0.953,0.583,0,"11","MGP"
0,7.57080731762519,0.362,0.032,0,"11","LALBA"
0,4.77197542812182,0.33,0.019,0,"11","CYP24A1"
0,2.10577820227681,0.317,0.019,0,"11","RNASE7"
0,2.60662642656515,0.265,0.014,0,"11","OLAH"
1.76608705762412e-319,2.07448871798412,0.92,0.484,3.53217411524824e-316,"11","TRPS1"
5.28391449464842e-317,2.14728693446306,0.562,0.109,1.05678289892968e-313,"11","CA12"
1.46419750965893e-303,3.39918484457783,0.757,0.345,2.92839501931786e-300,"11","CCL28"
1.45937943508716e-292,4.43395293259263,0.673,0.268,2.91875887017432e-289,"11","OLFM4"
2.0226102584453e-285,2.55129514623861,0.764,0.202,4.0452205168906e-282,"11","SLC12A2"
5.91195971872608e-280,2.82733018678201,0.631,0.205,1.18239194374522e-276,"11","LRRC26"
1.74989492285276e-276,4.05604758708256,0.739,0.254,3.49978984570552e-273,"11","SAA1"
9.20885252544389e-255,2.35572150574309,0.649,0.212,1.84177050508878e-251,"11","SCGB3A1"
7.91052406185625e-253,2.17542104559717,0.869,0.447,1.58210481237125e-249,"11","TSC22D1"
8.51080970404489e-249,3.78821432509232,0.603,0.151,1.70216194080898e-245,"11","SLC7A2"
1.21743019895466e-232,2.42798883828274,0.682,0.261,2.43486039790933e-229,"11","MB"
5.52300186443518e-232,3.21055460436495,0.683,0.262,1.10460037288704e-228,"11","ESR1"
8.70993236692965e-230,4.79379110825611,0.643,0.123,1.74198647338593e-226,"11","SAA2"
2.13189691121969e-219,3.64847871487907,0.489,0.036,4.26379382243937e-216,"11","LINC01235"
7.14588895057721e-211,2.39737104810029,0.48,0.118,1.42917779011544e-207,"11","PLAT"
1.20562644558886e-206,2.06982302858592,0.837,0.431,2.41125289117772e-203,"11","CLDN4"
2.22067983468471e-203,7.10816503171516,0.435,0.102,4.44135966936943e-200,"11","CSN1S1"
2.35088413750017e-194,2.78850102606487,0.374,0.069,4.70176827500035e-191,"11","HPGD"
6.50847298138313e-191,2.72002825167705,0.718,0.271,1.30169459627663e-187,"11","GATA3-AS1"
5.57229829172159e-178,2.07858018633165,0.677,0.281,1.11445965834432e-174,"11","CYP4X1"
6.30006404379251e-177,5.42852930975065,0.508,0.067,1.2600128087585e-173,"11","AK5"
1.67297861441432e-176,2.5399342184684,0.75,0.295,3.34595722882864e-173,"11","WFDC2"
5.25161964932523e-176,2.27668975285912,0.366,0.081,1.05032392986505e-172,"11","DNALI1"
1.9450990318145e-173,2.28942809337387,0.579,0.134,3.89019806362901e-170,"11","MAOB"
2.05790983366863e-172,3.00980019249467,0.508,0.157,4.11581966733726e-169,"11","SBSPON"
4.60674486834104e-170,2.52636808879274,0.675,0.256,9.21348973668208e-167,"11","MATN3"
6.08749827837465e-161,2.16738128021985,0.708,0.273,1.21749965567493e-157,"11","PDZK1IP1"
2.36759438048626e-154,2.54691722012384,0.718,0.345,4.73518876097253e-151,"11","SFRP1"
4.03434274870864e-135,2.35889477807453,0.532,0.19,8.06868549741727e-132,"11","UGT2B7"
3.8029529623738e-121,2.3580576211718,0.56,0.225,7.6059059247476e-118,"11","AC025580.1"
4.3230622545785e-119,4.83128940473804,0.531,0.186,8.646124509157e-116,"11","AKR1B15"
1.14385715898593e-111,2.71026474782388,0.531,0.088,2.28771431797186e-108,"11","ALDH1A3"
3.42682827557397e-105,2.40238532836783,0.671,0.311,6.85365655114793e-102,"11","FASN"
9.05129253732104e-105,2.03498423327029,0.682,0.299,1.81025850746421e-101,"11","RARRES1"
1.5046714461268e-100,4.76469598320836,0.439,0.149,3.00934289225359e-97,"11","CAPN13"
3.53846554056721e-99,2.87645041731403,0.306,0.077,7.07693108113442e-96,"11","NEK10"
2.60986019867794e-97,3.91070551503726,0.592,0.178,5.21972039735589e-94,"11","CX3CL1"
2.46628097692825e-80,2.37415993347539,0.556,0.142,4.93256195385651e-77,"11","SORBS2"
8.54705827512217e-77,2.17055328597937,0.647,0.321,1.70941165502443e-73,"11","SDC4"
7.76352028239018e-71,5.76846264099493,0.466,0.063,1.55270405647804e-67,"11","TMC5"
1.92432190710346e-65,5.866387683206,0.477,0.129,3.84864381420692e-62,"11","TFAP2B"
4.7250020198336e-61,2.8020874603211,0.426,0.113,9.4500040396672e-58,"11","PROX1"
1.52137316367692e-54,4.28707719074037,0.48,0.134,3.04274632735385e-51,"11","SCGB2A1"
8.27393617883465e-54,4.15289992640422,0.508,0.145,1.65478723576693e-50,"11","TCIM"
2.72614946428766e-49,2.71010933203284,0.364,0.122,5.45229892857533e-46,"11","LINC01088"
9.75391220898828e-41,2.49215001324081,0.524,0.221,1.95078244179766e-37,"11","CHI3L2"
1.79444552769374e-40,2.87866136973086,0.571,0.264,3.58889105538748e-37,"11","PSCA"
4.93782512650082e-40,2.70899483144018,0.423,0.158,9.87565025300164e-37,"11","SERHL2"
2.50103993499707e-37,2.11451199634306,0.522,0.204,5.00207986999414e-34,"11","CHI3L1"
1.82529303889396e-36,3.12666212850621,0.409,0.162,3.65058607778791e-33,"11","HRASLS2"
1.16360793989122e-35,2.41993638676681,0.283,0.167,2.32721587978244e-32,"11","SOSTDC1"
6.45163624278822e-34,2.06794448224575,0.683,0.432,1.29032724855764e-30,"11","SLC39A6"
6.55897562404662e-30,2.45410684911802,0.346,0.069,1.31179512480932e-26,"11","GRIN2B"
3.01592391242138e-29,3.17187749259125,0.392,0.078,6.03184782484277e-26,"11","MYBPC1"
9.08234327326091e-28,2.44549817002728,0.471,0.162,1.81646865465218e-24,"11","NTRK2"
1.24149227018445e-27,3.71793790771419,0.413,0.064,2.48298454036891e-24,"11","TNFRSF11B"
4.2924503157874e-27,3.19949684490408,0.511,0.157,8.5849006315748e-24,"11","SMIM22"
1.36505414555384e-22,3.54345814055065,0.539,0.266,2.73010829110769e-19,"11","DNAJC12"
2.3356165513624e-22,2.10068395765144,0.44,0.102,4.67123310272481e-19,"11","VWA1"
5.76101595065203e-20,2.85166150709865,0.465,0.164,1.15220319013041e-16,"11","LCN2"
4.46934616678876e-19,3.72321630265179,0.25,0.06,8.93869233357753e-16,"11","PI15"
1.18374806089513e-17,2.34375874203446,0.29,0.114,2.36749612179026e-14,"11","PI3"
1.25566438038713e-15,2.08549008762097,0.417,0.097,2.51132876077426e-12,"11","ARHGAP29"
2.87271796160116e-15,2.89897100454617,0.351,0.162,5.74543592320232e-12,"11","BBOX1"
2.89608955684048e-14,4.04038305524992,0.334,0.118,5.79217911368097e-11,"11","XDH"
1.41434125719562e-10,2.81839100425617,0.288,0.084,2.82868251439123e-07,"11","TM4SF18"
4.74580326003139e-10,2.48291390444022,0.319,0.112,9.49160652006278e-07,"11","CP"
5.45505685644274e-10,5.43191543882124,0.332,0.123,1.09101137128855e-06,"11","AGR2"
3.27308042245868e-07,2.61782834412702,0.437,0.165,0.000654616084491736,"11","FMO2"
6.10654751030261e-07,3.37787415937122,0.401,0.155,0.00122130950206052,"11","TSPAN8"
4.06110691193428e-05,2.0014748106833,0.447,0.202,0.0812221382386857,"11","S100A8"
0.00611349126175333,6.66730104114845,0.27,0.022,1,"11","AGR3"
0,6.69915607968315,0.939,0.134,0,"12","LUM"
0,5.92141643503278,0.885,0.081,0,"12","PRRX1"
0,7.19722547733083,0.901,0.123,0,"12","POSTN"
0,6.45551195301414,0.927,0.16,0,"12","COL3A1"
0,6.83906780664901,0.814,0.049,0,"12","FAP"
0,6.56379217407778,0.944,0.191,0,"12","COL1A2"
0,5.21737057900259,0.926,0.183,0,"12","DCN"
0,6.44932473655149,0.881,0.138,0,"12","RARRES2"
0,5.70166940536078,0.839,0.1,0,"12","THY1"
0,6.68914957296165,0.804,0.067,0,"12","SULF1"
0,4.77171502587221,0.896,0.162,0,"12","C1R"
0,7.10707971643575,0.795,0.065,0,"12","COL12A1"
0,6.71654298496013,0.798,0.068,0,"12","COL5A1"
0,4.79936751170622,0.821,0.102,0,"12","FSTL1"
0,4.98989116908286,0.923,0.206,0,"12","NNMT"
0,6.01839746310588,0.928,0.214,0,"12","COL6A3"
0,5.96880593389568,0.913,0.214,0,"12","SPARC"
0,5.11866984856303,0.94,0.246,0,"12","BGN"
0,6.93766711629961,0.941,0.249,0,"12","AEBP1"
0,5.60938722373948,0.84,0.157,0,"12","PRSS23"
0,5.25248002817898,0.738,0.057,0,"12","PDGFRB"
0,4.06383871326555,0.818,0.139,0,"12","CCDC80"
0,6.9557163884522,0.712,0.033,0,"12","ADAMTS2"
0,5.21948987235249,0.797,0.121,0,"12","FBN1"
0,5.04155519623741,0.941,0.273,0,"12","TIMP1"
0,4.45851053619732,0.854,0.186,0,"12","C1S"
0,6.50663840729782,0.883,0.218,0,"12","COL5A2"
0,4.01532492397668,0.898,0.233,0,"12","SERPING1"
0,6.03215500865344,0.955,0.299,0,"12","COL6A2"
0,6.06628973968128,0.942,0.288,0,"12","COL6A1"
0,4.86420689423672,0.772,0.123,0,"12","CFH"
0,5.43399426946067,0.796,0.156,0,"12","TIMP3"
0,8.99510714962385,0.666,0.031,0,"12","COL11A1"
0,3.65669783583924,0.865,0.233,0,"12","IGFBP7"
0,5.47057082277139,0.802,0.173,0,"12","MMP2"
0,4.82927323018301,0.959,0.335,0,"12","FN1"
0,5.17576410979099,0.696,0.076,0,"12","COX7A1"
0,3.73318381657971,0.782,0.163,0,"12","IGFBP4"
0,4.95877363741862,0.762,0.144,0,"12","C11orf96"
0,5.32894161229031,0.708,0.092,0,"12","CDH11"
0,5.85911740465787,0.835,0.229,0,"12","CTSK"
0,3.4751933293075,0.808,0.205,0,"12","PMP22"
0,5.13073023000127,0.723,0.12,0,"12","SFRP2"
0,4.91431262014209,0.704,0.102,0,"12","MEG3"
0,4.87747872951363,0.86,0.261,0,"12","SERPINF1"
0,4.161915135442,0.69,0.091,0,"12","LAMA4"
0,6.07120692642448,0.782,0.186,0,"12","EMILIN1"
0,4.84357246590776,0.858,0.262,0,"12","CTHRC1"
0,6.8966454706977,0.929,0.335,0,"12","COL1A1"
0,3.40137276566588,0.864,0.272,0,"12","LGALS3BP"
0,9.64961936511468,0.65,0.059,0,"12","COL10A1"
0,5.58714708425977,0.721,0.13,0,"12","RCN3"
0,4.46347298580381,0.761,0.179,0,"12","MXRA5"
0,5.02829816692062,0.688,0.109,0,"12","EFEMP2"
0,4.21112119138332,0.817,0.243,0,"12","TAGLN"
0,5.47660671992342,0.63,0.056,0,"12","PDPN"
0,5.63281595341668,0.612,0.044,0,"12","BNC2"
0,5.44389829295715,0.578,0.012,0,"12","NID2"
0,3.89586697982371,0.773,0.211,0,"12","MYL9"
0,5.78106771469875,0.6,0.042,0,"12","DPT"
0,4.03991406401228,0.779,0.227,0,"12","FBLN1"
0,6.24640273262387,0.572,0.026,0,"12","HTRA3"
0,2.59527487903803,0.719,0.174,0,"12","DAB2"
0,4.26845858568473,0.647,0.105,0,"12","CXCL12"
0,5.80137151317176,0.855,0.313,0,"12","PCOLCE"
0,6.383652056514,0.597,0.055,0,"12","SRPX2"
0,5.29696989186505,0.596,0.057,0,"12","GFPT2"
0,7.23657021198732,0.605,0.068,0,"12","SPOCK1"
0,7.21699748394985,0.55,0.017,0,"12","WNT2"
0,5.77415239691777,0.595,0.062,0,"12","SERPINE1"
0,5.53963928120475,0.572,0.039,0,"12","TWIST2"
0,3.65974847277655,0.619,0.087,0,"12","GNG11"
0,4.7229533434564,0.737,0.207,0,"12","HTRA1"
0,4.84129310788742,0.658,0.131,0,"12","DPYSL3"
0,6.60810177345886,0.549,0.025,0,"12","ASPN"
0,5.62893122817477,0.549,0.026,0,"12","VGLL3"
0,6.82799435755761,0.816,0.295,0,"12","THBS2"
0,4.0734008329201,0.946,0.426,0,"12","CALD1"
0,4.04571520001091,0.865,0.346,0,"12","TPM2"
0,4.22397695373482,0.63,0.117,0,"12","PLAT"
0,4.81252707186544,0.709,0.2,0,"12","FBLN2"
0,4.97058079266495,0.53,0.025,0,"12","EGFL6"
0,5.3187683222694,0.515,0.016,0,"12","PODN"
0,2.65692150573267,0.942,0.443,0,"12","IFI27"
0,3.8490868650842,0.893,0.4,0,"12","TPM1"
0,3.87007203502468,0.556,0.064,0,"12","EFEMP1"
0,4.66310176048578,0.654,0.163,0,"12","ECM1"
0,4.24041501785478,0.628,0.14,0,"12","COL15A1"
0,8.32525051791689,0.533,0.054,0,"12","GREM1"
0,5.40650723788677,0.55,0.076,0,"12","RAMP1"
0,4.7197808905684,0.51,0.037,0,"12","WISP2"
0,4.60473076755872,0.549,0.078,0,"12","PTN"
0,5.37159158106107,0.505,0.036,0,"12","PRKG1"
0,4.05650642441891,0.807,0.339,0,"12","INHBA"
0,5.41701977011812,0.497,0.031,0,"12","COL5A3"
0,5.17864407521953,0.476,0.011,0,"12","CILP"
0,5.61965684300507,0.49,0.03,0,"12","TMEM119"
0,4.57778483690934,0.462,0.017,0,"12","CPXM1"
0,4.86943831542676,0.808,0.364,0,"12","CTGF"
0,4.68785627685612,0.551,0.112,0,"12","CA12"
0,6.77955810114236,0.528,0.09,0,"12","ITGA11"
0,4.40058105479738,0.445,0.008,0,"12","MEDAG"
0,4.84821348755944,0.471,0.034,0,"12","RUNX1T1"
0,6.06817206179604,0.516,0.08,0,"12","ADAMTS12"
0,4.36143400730144,0.554,0.12,0,"12","NID1"
0,5.63163717164441,0.472,0.041,0,"12","MMP3"
0,4.78441279891021,0.469,0.038,0,"12","KCNE4"
0,6.38501615045459,0.588,0.161,0,"12","CREB3L1"
0,4.27632142571236,0.578,0.152,0,"12","CD248"
0,8.2720918453328,0.437,0.023,0,"12","XIRP1"
0,5.96263603834395,0.481,0.068,0,"12","ITGBL1"
0,3.99830978753248,0.52,0.113,0,"12","AKAP12"
0,4.32158926048899,0.412,0.013,0,"12","ABI3BP"
0,3.13783249121048,0.946,0.548,0,"12","IFITM3"
0,3.09190487212102,0.463,0.066,0,"12","EBF1"
0,5.92330259339237,0.401,0.005,0,"12","COL6A6"
0,5.33091493602457,0.407,0.013,0,"12","FMO1"
0,6.77729013622754,0.412,0.02,0,"12","TDO2"
0,2.9744257438659,0.423,0.034,0,"12","LDB2"
0,11.5697553992631,0.388,0.002,0,"12","COL6A5"
0,3.93373548718632,0.416,0.032,0,"12","ACKR3"
0,5.17347218858774,0.423,0.042,0,"12","JCAD"
0,8.24915560094259,0.386,0.014,0,"12","LRRC15"
0,8.69231437943385,0.373,0.001,0,"12","CST2"
0,3.1179400546867,0.869,0.498,0,"12","VCAN"
0,4.17976694806461,0.38,0.012,0,"12","HAS1"
0,11.4313810433726,0.366,0.002,0,"12","CST1"
0,3.75263183455217,0.382,0.026,0,"12","AOX1"
0,2.14578641144183,0.358,0.006,0,"12","HSPA12B"
0,5.57440721609472,0.372,0.023,0,"12","OMD"
0,2.0605420258004,0.35,0.001,0,"12","AADAC"
0,4.01512956112485,0.34,0.001,0,"12","LINC01048"
0,5.12677713902364,0.341,0.002,0,"12","PCSK1"
0,2.89949083197251,0.387,0.068,0,"12","OGN"
0,2.15805685155052,0.363,0.044,0,"12","TNXB"
0,4.23973170797237,0.357,0.038,0,"12","CADPS"
0,2.47480692490453,0.341,0.024,0,"12","TEKT3"
0,2.73515235074523,0.365,0.053,0,"12","LINC00473"
0,8.62507510018132,0.31,0.001,0,"12","EPYC"
0,3.66453684877399,0.31,0.001,0,"12","SCG2"
0,3.4398295320384,0.309,0.005,0,"12","FOXS1"
0,2.98402461117528,0.31,0.009,0,"12","HTR2B"
0,2.92516286490671,0.301,0.002,0,"12","PENK"
0,3.40401923325616,0.31,0.017,0,"12","ADGRD1"
0,2.16318591457893,0.284,0.003,0,"12","CLEC3B"
0,6.38816112030346,0.278,0.001,0,"12","CCL11"
0,3.89335970937443,0.278,0.019,0,"12","NPTX1"
0,2.47880385706379,0.964,0.709,0,"12","LGALS1"
0,2.11515565896259,0.266,0.011,0,"12","AL133163.2"
0,2.29471199447265,0.258,0.007,0,"12","CADM3"
0,4.13321459083684,0.256,0.012,0,"12","DCSTAMP"
1.97626258336499e-323,4.0277425100757,0.378,0.057,3.95252516672997e-320,"12","TFPI2"
3.95252516672997e-323,5.09461358151458,0.667,0.191,7.90505033345994e-320,"12","BICC1"
7.4109846876187e-322,4.23931086561148,0.628,0.105,1.48219693752374e-318,"12","TGFB1I1"
3.69457349303626e-318,4.48442942366083,0.739,0.2,7.38914698607252e-315,"12","NBL1"
7.42122172780053e-317,6.16340799630292,0.501,0.096,1.48424434556011e-313,"12","DIO2"
2.47519675208035e-316,5.16988407073033,0.701,0.259,4.9503935041607e-313,"12","ISLR"
7.74735803736905e-312,4.79207261019299,0.64,0.196,1.54947160747381e-308,"12","GGT5"
1.91621747605442e-308,4.28331788385775,0.683,0.198,3.83243495210883e-305,"12","THBS1"
1.68606755101812e-307,4.18524635406687,0.598,0.088,3.37213510203623e-304,"12","STEAP1"
2.30517399826695e-307,4.67265216303486,0.63,0.202,4.6103479965339e-304,"12","OLFML3"
9.58767275615688e-307,3.96708231342386,0.437,0.069,1.91753455123138e-303,"12","COL4A4"
1.51401294138392e-304,4.54516602980776,0.715,0.303,3.02802588276783e-301,"12","CRISPLD2"
1.89640189630367e-304,3.59251450178536,0.517,0.1,3.79280379260734e-301,"12","DLC1"
7.54509293576135e-303,3.40001119593639,0.805,0.319,1.50901858715227e-299,"12","SERPINH1"
5.57144497050483e-301,3.76373824372043,0.596,0.119,1.11428899410097e-297,"12","CPE"
1.46234128191106e-300,4.72824600010828,0.68,0.237,2.92468256382212e-297,"12","ADAM12"
4.27683499287439e-299,6.93299212495274,0.445,0.042,8.55366998574879e-296,"12","NTM"
8.43502624990791e-299,4.91320450805082,0.697,0.287,1.68700524998158e-295,"12","PDGFRA"
1.32836589377981e-298,2.73234210995767,0.392,0.068,2.65673178755963e-295,"12","FILIP1"
1.87905195610474e-298,3.91293209595703,0.688,0.166,3.75810391220948e-295,"12","TNFAIP6"
6.59128968562661e-297,2.65847683217341,0.318,0.033,1.31825793712532e-293,"12","ABCA9"
2.82568224555768e-292,2.7559301232698,0.434,0.084,5.65136449111535e-289,"12","RRAD"
2.96303617791004e-290,3.33309654068353,0.767,0.246,5.92607235582009e-287,"12","TIMP2"
2.19885852828528e-289,4.01815721911554,0.308,0.03,4.39771705657056e-286,"12","TNN"
2.9642388168147e-283,6.6638746838334,0.387,0.035,5.92847763362939e-280,"12","MMP13"
1.27318844675894e-282,5.87261881740333,0.507,0.086,2.54637689351788e-279,"12","SCG5"
8.34142989387737e-280,3.19349793741252,0.656,0.215,1.66828597877547e-276,"12","ITGA5"
4.61610099777321e-278,2.6369111195289,0.392,0.069,9.23220199554642e-275,"12","NOVA1"
9.39854925108701e-278,3.33313512038674,0.737,0.215,1.8797098502174e-274,"12","CYR61"
2.34346219735488e-277,3.12046000611276,0.365,0.04,4.68692439470975e-274,"12","PIEZO2"
6.69408493217413e-274,3.2475444102893,0.44,0.057,1.33881698643483e-270,"12","FHL1"
1.19261386402603e-273,3.19146581492953,0.742,0.282,2.38522772805205e-270,"12","RCN1"
4.32683570043294e-273,2.31862431454791,0.911,0.657,8.65367140086587e-270,"12","ITGB1"
9.20289980857456e-272,3.52823775394026,0.57,0.119,1.84057996171491e-268,"12","AXL"
5.00344411988528e-269,5.03202498730432,0.686,0.312,1.00068882397706e-265,"12","CERCAM"
2.72148428051537e-266,4.26010409674542,0.427,0.095,5.44296856103073e-263,"12","MIR503HG"
2.12150141947875e-264,3.90378847766545,0.602,0.126,4.24300283895751e-261,"12","MFAP5"
2.12968609241118e-264,2.12058030024458,0.365,0.064,4.25937218482236e-261,"12","NGFR"
2.15727080379865e-263,5.36207297973544,0.625,0.139,4.3145416075973e-260,"12","GAS1"
2.2013439464532e-262,2.29304782003399,0.333,0.061,4.4026878929064e-259,"12","PRG4"
4.7394933759793e-261,2.55928671081478,0.358,0.063,9.4789867519586e-258,"12","DKK2"
7.76928378547482e-261,2.83529377462156,0.735,0.246,1.55385675709496e-257,"12","EMP1"
2.7306687511767e-258,3.84543500125213,0.625,0.14,5.46133750235339e-255,"12","PLAU"
1.49591761741362e-257,3.85883100567872,0.68,0.305,2.99183523482725e-254,"12","LAMB1"
7.0338371483545e-256,3.18016856589705,0.405,0.075,1.4067674296709e-252,"12","ACVRL1"
9.20119911581344e-256,3.54298845644687,0.541,0.127,1.84023982316269e-252,"12","F2R"
1.45184805364861e-252,4.87807232739185,0.648,0.274,2.90369610729722e-249,"12","LOXL2"
4.14130011859817e-250,2.51592934610226,0.802,0.409,8.28260023719633e-247,"12","TCF4"
5.01926566961247e-250,5.04258514110052,0.655,0.263,1.00385313392249e-246,"12","LOX"
1.09890878569375e-248,3.58305437676437,0.52,0.099,2.1978175713875e-245,"12","NEXN"
1.40617967270397e-246,5.76035789156225,0.537,0.18,2.81235934540794e-243,"12","HAS2"
1.94777957276596e-245,3.86178636612052,0.729,0.372,3.89555914553192e-242,"12","CLEC11A"
9.37895854268113e-245,3.93180600054203,0.729,0.343,1.87579170853623e-241,"12","MXRA8"
6.62604905965548e-244,2.91130535517467,0.538,0.15,1.3252098119311e-240,"12","TGM2"
2.41922743255006e-239,5.2119100332851,0.542,0.119,4.83845486510012e-236,"12","FNDC1"
1.03726542848514e-238,4.42355543435956,0.612,0.117,2.07453085697027e-235,"12","ANTXR1"
1.12191926080986e-237,4.38393182693511,0.582,0.213,2.24383852161973e-234,"12","SRPX"
3.52629013002237e-236,2.32886765631708,0.685,0.203,7.05258026004474e-233,"12","TMEM176B"
9.34491989334458e-234,4.24299092289317,0.667,0.318,1.86898397866892e-230,"12","GPX8"
1.53100660190876e-230,2.81762570737768,0.299,0.03,3.06201320381752e-227,"12","HOXD9"
2.23970913927995e-230,4.5732057423161,0.622,0.272,4.47941827855991e-227,"12","LTBP2"
5.16911278765853e-230,3.97453116956755,0.495,0.063,1.03382255753171e-226,"12","EHD2"
1.61351061301163e-229,4.11504027238034,0.581,0.193,3.22702122602326e-226,"12","ADAMTS4"
1.74806236849522e-229,2.61306609477532,0.266,0.035,3.49612473699045e-226,"12","CYP2E1"
8.70858748835947e-229,3.32998251354498,0.706,0.355,1.74171749767189e-225,"12","LRP1"
1.05883347915062e-226,2.52906215836738,0.346,0.051,2.11766695830124e-223,"12","TNNT3"
4.2790325728122e-224,5.08861094842232,0.341,0.042,8.5580651456244e-221,"12","ACKR4"
1.52704656609601e-217,6.48843494335211,0.53,0.161,3.05409313219203e-214,"12","SGIP1"
1.47127764640436e-214,3.20691466208333,0.669,0.285,2.94255529280873e-211,"12","SPON2"
1.60049267841485e-212,3.24783804310328,0.479,0.149,3.20098535682971e-209,"12","TFPI"
3.45061194651939e-211,2.0959399050024,0.518,0.14,6.90122389303878e-208,"12","CSF1"
1.26294201860017e-207,2.09121074821853,0.272,0.013,2.52588403720035e-204,"12","ATP6V0D2"
1.04462836778428e-204,2.4844313589617,0.581,0.164,2.08925673556856e-201,"12","CAV1"
3.17230393336486e-204,2.79601897906356,0.59,0.147,6.34460786672971e-201,"12","HSPG2"
9.16777357746985e-204,4.12728827474607,0.65,0.295,1.83355471549397e-200,"12","LOXL1"
2.26048597864752e-203,2.98729591883701,0.572,0.215,4.52097195729504e-200,"12","LHFPL6"
2.37722136367537e-202,2.17030480175989,0.423,0.069,4.75444272735074e-199,"12","STC1"
8.67602584193118e-202,4.34143470488569,0.561,0.174,1.73520516838624e-198,"12","FGF7"
3.10300195512704e-201,4.52704900636963,0.514,0.128,6.20600391025409e-198,"12","MSRB3"
5.75198938910474e-201,4.26033579647277,0.357,0.059,1.15039787782095e-197,"12","TBX2"
1.06027307805588e-200,3.28610958810677,0.476,0.119,2.12054615611176e-197,"12","F3"
1.05784400107801e-199,2.43696517038145,0.76,0.352,2.11568800215602e-196,"12","MFGE8"
3.17943141404775e-197,6.12488463236224,0.568,0.258,6.35886282809549e-194,"12","ENPP1"
8.12644362483358e-197,2.97680762063119,0.583,0.164,1.62528872496672e-193,"12","PDLIM3"
9.52432512388668e-196,3.36306416588504,0.294,0.012,1.90486502477734e-192,"12","MFAP4"
1.53118628853472e-195,2.27239707652306,0.628,0.2,3.06237257706945e-192,"12","TMEM176A"
4.99335437200229e-195,3.53972958073775,0.497,0.1,9.98670874400459e-192,"12","PDGFRL"
4.26030599325693e-193,2.34042135460137,0.771,0.399,8.52061198651386e-190,"12","PPIC"
9.57040511225125e-191,2.03668492902037,0.367,0.091,1.91408102245025e-187,"12","PI16"
2.90713517475234e-190,5.15643079174299,0.531,0.129,5.81427034950469e-187,"12","ANGPTL2"
9.63916985872396e-190,4.77496229704889,0.556,0.156,1.92783397174479e-186,"12","VCAM1"
9.93100649950061e-190,3.30723544373868,0.513,0.168,1.98620129990012e-186,"12","PLAC9"
3.56651933318095e-189,4.35339745559147,0.414,0.08,7.13303866636189e-186,"12","SEMA5A"
3.04309551720862e-187,2.87141839642122,0.571,0.218,6.08619103441723e-184,"12","SOD3"
3.52330519875928e-187,3.4709615819672,0.366,0.036,7.04661039751856e-184,"12","SLIT3"
1.99193020519521e-181,4.24708879306317,0.434,0.053,3.98386041039041e-178,"12","CARMN"
5.31728907547814e-180,2.99445146473606,0.655,0.336,1.06345781509563e-176,"12","PDLIM7"
3.9473872245029e-177,3.42299612754952,0.654,0.241,7.8947744490058e-174,"12","PALLD"
4.49306217134083e-176,2.53848855608582,0.639,0.239,8.98612434268167e-173,"12","FBXO32"
7.6700916627542e-176,2.11565490195731,0.702,0.267,1.53401833255084e-172,"12","RND3"
2.03155058473562e-175,2.21774577686941,0.378,0.094,4.06310116947124e-172,"12","CHRDL2"
8.7066283630418e-175,3.2049001818683,0.516,0.115,1.74132567260836e-171,"12","SNAI2"
2.21489157746758e-171,3.14806696120477,0.594,0.261,4.42978315493517e-168,"12","COL4A2"
2.5086861938287e-170,4.99487532640726,0.327,0.043,5.01737238765739e-167,"12","RSPO3"
8.17597203652082e-170,3.3227954324655,0.64,0.355,1.63519440730416e-166,"12","COL18A1"
1.99522223312884e-169,4.39342805329355,0.556,0.262,3.99044446625768e-166,"12","TNC"
1.61719866076909e-168,4.76255730164108,0.376,0.058,3.23439732153817e-165,"12","CCL26"
2.35722835496631e-165,2.55101690298342,0.786,0.406,4.71445670993262e-162,"12","MT1E"
3.3740935212515e-165,3.5137153489649,0.56,0.119,6.748187042503e-162,"12","ACTA2"
5.80570168624893e-164,4.34651376171926,0.517,0.103,1.16114033724979e-160,"12","FILIP1L"
1.26766857786326e-163,2.93003835598812,0.506,0.164,2.53533715572653e-160,"12","PLPP3"
8.48714679203673e-161,3.22074179081563,0.512,0.215,1.69742935840735e-157,"12","FBLN5"
2.03714381499705e-160,4.7562325568593,0.301,0.031,4.07428762999411e-157,"12","MRGPRF"
5.01097155109624e-160,2.37308206345636,0.552,0.159,1.00219431021925e-156,"12","NRP2"
3.23389971982392e-159,2.96364451546178,0.401,0.134,6.46779943964785e-156,"12","ANK2"
3.50632305129597e-159,2.05888821096237,0.639,0.249,7.01264610259194e-156,"12","TGFBI"
1.50578247474343e-157,5.11969920335503,0.433,0.146,3.01156494948686e-154,"12","COMP"
4.69387865141367e-157,2.56229228160536,0.406,0.093,9.38775730282734e-154,"12","ALDH1A3"
6.79448102091688e-154,2.48965747021577,0.388,0.128,1.35889620418338e-150,"12","THBS4"
3.20368019727335e-153,7.83432259859988,0.575,0.217,6.4073603945467e-150,"12","MMP11"
4.45249951749809e-151,3.67043091631202,0.426,0.103,8.90499903499619e-148,"12","CXCL11"
5.33871219976349e-148,2.32575612493397,0.746,0.461,1.0677424399527e-144,"12","CAVIN1"
2.64714169783962e-147,3.13285639515042,0.617,0.361,5.29428339567923e-144,"12","C3"
1.79842407666728e-146,3.01684736086144,0.437,0.169,3.59684815333457e-143,"12","COL14A1"
3.80033616377959e-146,3.34216970951289,0.597,0.207,7.60067232755918e-143,"12","CAVIN3"
6.8497652205238e-146,2.45483771349748,0.506,0.161,1.36995304410476e-142,"12","EPAS1"
3.89177080008281e-142,2.97106969773607,0.599,0.331,7.78354160016562e-139,"12","MAP1B"
1.41745143385496e-139,2.22502863053217,0.357,0.115,2.83490286770991e-136,"12","THSD7A"
1.71795870427772e-138,4.46374650925642,0.579,0.336,3.43591740855544e-135,"12","ANGPTL4"
6.64866513837035e-136,3.2101120306385,0.449,0.191,1.32973302767407e-132,"12","DCLK1"
1.83195879409535e-135,2.01938003366635,0.588,0.238,3.66391758819069e-132,"12","PLS3"
1.64796644701921e-133,3.49821440021627,0.57,0.155,3.29593289403843e-130,"12","MMP14"
2.28936599922778e-133,2.95928596939838,0.551,0.262,4.57873199845557e-130,"12","COL4A1"
2.73069624532863e-132,5.4049208325698,0.426,0.143,5.46139249065726e-129,"12","TWIST1"
5.52884910255897e-132,2.645488587472,0.38,0.117,1.10576982051179e-128,"12","IL6"
8.47438059461388e-132,3.51768987460264,0.604,0.37,1.69487611892278e-128,"12","CYP1B1"
3.18646703880312e-131,5.92947208572954,0.46,0.167,6.37293407760623e-128,"12","PCDH7"
3.42158214366801e-131,2.62440103933504,0.459,0.16,6.84316428733603e-128,"12","GEM"
1.51011402412394e-130,2.25714258203333,0.445,0.18,3.02022804824788e-127,"12","SEMA3C"
1.92617228155427e-130,2.78972190398828,0.406,0.119,3.85234456310854e-127,"12","PLXDC1"
1.30438850781582e-127,2.8764355949849,0.9,0.703,2.60877701563165e-124,"12","MT2A"
1.0714648502221e-125,4.42505422687619,0.55,0.303,2.14292970044421e-122,"12","IGFBP6"
1.48340087002544e-124,2.59427113950208,0.572,0.277,2.96680174005088e-121,"12","UACA"
2.58928940230553e-121,2.05482182357186,0.572,0.307,5.17857880461105e-118,"12","CPQ"
1.23960624798674e-120,2.51069400519223,0.088,0.268,2.47921249597348e-117,"12","MATN3"
4.58926116652473e-118,8.18113283292339,0.366,0.013,9.17852233304946e-115,"12","MMP1"
1.87226474290036e-116,2.62413193220308,0.11,0.299,3.74452948580071e-113,"12","CCL19"
3.07725339796536e-116,2.20551742915723,0.26,0.023,6.15450679593072e-113,"12","SCT"
7.7208952224067e-115,2.55930567960855,0.551,0.157,1.54417904448134e-111,"12","RAB31"
1.44760809371485e-109,2.08056603901949,0.406,0.111,2.8952161874297e-106,"12","SLC1A3"
2.01618019734888e-108,2.12150045136904,0.391,0.167,4.03236039469776e-105,"12","PCSK5"
3.13042038298905e-108,3.52686130018726,0.426,0.188,6.2608407659781e-105,"12","SMOC2"
4.73040488498334e-107,2.67198050187579,0.467,0.239,9.46080976996668e-104,"12","CAMK2N1"
1.03657572731353e-106,3.21233258797497,0.478,0.203,2.07315145462705e-103,"12","COLEC12"
1.30727195369861e-105,2.88868538343606,0.337,0.082,2.61454390739723e-102,"12","DNALI1"
1.1829224359533e-104,2.25930729850649,0.457,0.207,2.3658448719066e-101,"12","ALPL"
1.74186950942533e-102,2.32858496647669,0.415,0.104,3.48373901885066e-99,"12","CXCL9"
2.52897282127075e-100,5.08273333596656,0.48,0.222,5.05794564254151e-97,"12","GLT8D2"
1.60404515365168e-99,4.82125630467867,0.331,0.033,3.20809030730335e-96,"12","ECM2"
8.63808633978648e-91,5.43027345061505,0.344,0.051,1.7276172679573e-87,"12","EDIL3"
5.05698987446489e-90,7.67393356838112,0.341,0.031,1.01139797489298e-86,"12","PLPP4"
3.97069148925858e-88,3.07019830214041,0.391,0.195,7.94138297851716e-85,"12","PTGIS"
1.12202585444626e-87,2.21097802392922,0.159,0.346,2.24405170889253e-84,"12","NRN1"
1.24049809753418e-87,4.49830852994937,0.436,0.18,2.48099619506836e-84,"12","WNT5A"
4.36153663486262e-85,2.53564051893271,0.403,0.158,8.72307326972524e-82,"12","MMP9"
2.93404416093478e-84,4.25188409827692,0.383,0.118,5.86808832186955e-81,"12","EDNRA"
8.81724176501647e-81,3.15663575875755,0.445,0.145,1.76344835300329e-77,"12","ADM"
1.65702795363405e-80,2.32918658467904,0.325,0.1,3.3140559072681e-77,"12","KCNJ8"
2.14645707871771e-80,2.42422956948269,0.433,0.193,4.29291415743541e-77,"12","CXCL10"
2.82011714810093e-79,3.31146293204661,0.574,0.329,5.64023429620185e-76,"12","GJA1"
6.34469817233622e-79,2.51612412791292,0.297,0.051,1.26893963446724e-75,"12","OLFML2A"
4.21378256572535e-77,4.60017424897111,0.367,0.125,8.42756513145069e-74,"12","PAPPA"
2.20874969427705e-76,2.91490675416308,0.389,0.134,4.4174993885541e-73,"12","ADAMTS6"
3.52093946076626e-76,4.73948913218868,0.386,0.096,7.04187892153252e-73,"12","FIBIN"
2.31727236105354e-75,2.88317208174722,0.333,0.107,4.63454472210709e-72,"12","AR"
5.39683096064046e-75,4.48175263194635,0.332,0.077,1.07936619212809e-71,"12","HMCN1"
8.37941780539314e-73,2.13561212847989,0.576,0.293,1.67588356107863e-69,"12","TNFRSF12A"
1.54875360732546e-69,4.76839666655887,0.311,0.042,3.09750721465092e-66,"12","SFRP4"
1.20763521527366e-66,3.11041598475266,0.284,0.033,2.41527043054733e-63,"12","CDH13"
1.81184614472926e-62,3.39728407557619,0.494,0.313,3.62369228945852e-59,"12","CHN1"
1.37591212404435e-60,5.85735891932828,0.291,0.012,2.75182424808869e-57,"12","LINC01705"
4.45077392729012e-56,3.92604823735144,0.416,0.215,8.90154785458024e-53,"12","ZFHX4"
8.54488388762808e-52,2.11020495853037,0.348,0.149,1.70897677752562e-48,"12","TCIM"
1.19142168019473e-50,2.5918712502699,0.551,0.342,2.38284336038947e-47,"12","MME"
3.78469325255987e-49,2.71289409441569,0.398,0.28,7.56938650511975e-46,"12","ELN"
9.2732143924579e-49,6.31905620565304,0.357,0.108,1.85464287849158e-45,"12","WISP1"
1.30100756986902e-45,2.95866298628253,0.465,0.346,2.60201513973804e-42,"12","SPON1"
3.39912250666319e-42,3.44169810706805,0.341,0.114,6.79824501332639e-39,"12","JAM2"
5.25882396166706e-42,3.35624767917274,0.478,0.29,1.05176479233341e-38,"12","RGS16"
1.37292686571374e-39,2.29976913019728,0.327,0.173,2.74585373142748e-36,"12","ZNF385D"
2.10059664024945e-39,2.44974181458913,0.321,0.123,4.20119328049889e-36,"12","NR2F1"
3.48887903872882e-38,2.92112226015122,0.267,0.066,6.97775807745765e-35,"12","STXBP6"
6.90660165653176e-36,4.32874531020808,0.29,0.043,1.38132033130635e-32,"12","STEAP2"
7.22568424492391e-36,4.9523855922524,0.284,0.08,1.44513684898478e-32,"12","C1QTNF3"
5.78707842499002e-35,2.06140597756055,0.414,0.308,1.157415684998e-31,"12","CHL1"
9.3036839348293e-31,3.13845388863395,0.461,0.339,1.86073678696586e-27,"12","OLFML2B"
1.58934500232085e-30,5.48125111684954,0.371,0.251,3.17869000464169e-27,"12","IL11"
1.4513392890211e-26,5.86936126074422,0.358,0.183,2.90267857804219e-23,"12","DACT1"
5.01463354831225e-26,3.47949454062893,0.323,0.114,1.00292670966245e-22,"12","DKK3"
1.44033991641861e-23,2.2174872702182,0.495,0.332,2.88067983283722e-20,"12","SDC2"
4.51358858309036e-22,2.12145121112608,0.271,0.101,9.02717716618073e-19,"12","IL33"
6.63888031150253e-21,2.81110182867819,0.487,0.361,1.32777606230051e-17,"12","NREP"
7.59635080655357e-20,2.197872576548,0.315,0.145,1.51927016131071e-16,"12","HEG1"
4.38501783903334e-19,4.05723391972754,0.271,0.057,8.77003567806669e-16,"12","NEGR1"
5.10268841164042e-19,2.83749594686138,0.317,0.162,1.02053768232808e-15,"12","RBP5"
4.80448461852494e-15,2.3535108152384,0.424,0.3,9.60896923704988e-12,"12","PLOD1"
3.02323343903022e-14,4.32226382351289,0.327,0.204,6.04646687806045e-11,"12","ADAMTS5"
3.7069511557915e-12,2.06479803166513,0.453,0.328,7.41390231158301e-09,"12","COL8A1"
1.61370220360982e-10,3.51254153520825,0.32,0.232,3.22740440721964e-07,"12","LRRC17"
5.00715793075773e-05,3.03323024935643,0.312,0.325,0.100143158615155,"12","NUAK1"
0.000554219848971753,2.19524977148242,0.355,0.295,1,"12","GAL"
0.00111799296584682,3.18615210506171,0.298,0.084,1,"12","FAM198B"
0.00186706403376587,2.49349617117159,0.324,0.246,1,"12","UCHL1"
0.00421140483350106,2.05403085189599,0.252,0.191,1,"12","HECW2"
0,3.22875056993282,0.992,0.013,0,"13","NCAN"
0,4.48613957701519,0.993,0.017,0,"13","AC008397.1"
0,2.51160659672078,0.992,0.019,0,"13","HOXD9"
0,2.71384742101285,0.993,0.032,0,"13","RSPO3"
0,2.35333828318801,0.974,0.014,0,"13","PPP4R4"
0,2.12046165500124,0.981,0.024,0,"13","STMN2"
0,2.51607741157831,0.97,0.02,0,"13","FIBCD1"
0,3.9187098234893,0.986,0.037,0,"13","CALCA"
0,4.4464335936267,0.997,0.052,0,"13","PRSS33"
0,3.30468862986389,0.993,0.062,0,"13","ACAN"
0,3.6084172081137,0.964,0.033,0,"13","LIPF"
0,3.55004920448915,0.993,0.068,0,"13","C16orf89"
0,2.81347969239001,0.98,0.061,0,"13","SLC26A4"
0,2.19548610195911,0.989,0.072,0,"13","DNALI1"
0,2.97081043736528,0.973,0.059,0,"13","HTR2A"
0,3.52972206120087,0.986,0.077,0,"13","NTRK3"
0,3.11683269037525,0.988,0.083,0,"13","DKK1"
0,2.88912898861913,0.982,0.086,0,"13","PRSS12"
0,2.02357696798391,0.995,0.1,0,"13","TUBB2B"
0,3.25830665636363,0.94,0.045,0,"13","KIF5A"
0,2.07831889213212,0.999,0.108,0,"13","NFE4"
0,3.12612010492171,0.992,0.104,0,"13","KRT4"
0,2.32377600674209,0.991,0.109,0,"13","XDH"
0,2.32244178832407,0.884,0.007,0,"13","IL17B"
0,2.9571351650909,0.916,0.055,0,"13","LOXL4"
0,3.31107391596225,0.947,0.09,0,"13","TRPM8"
0,2.26420204430947,0.895,0.045,0,"13","CARMN"
0,3.41386029315658,0.998,0.15,0,"13","STAC2"
0,4.38895099896796,0.856,0.008,0,"13","AC020928.3"
0,2.05758408348689,0.829,0.014,0,"13","IGFN1"
0,2.44947969437505,0.827,0.03,0,"13","CADPS"
0,4.01657379875519,0.795,0.002,0,"13","SYT14"
0,2.69774786467241,0.937,0.162,0,"13","RHEX"
0,4.2307129899727,0.77,0.002,0,"13","TM4SF4"
0,2.16234660901566,0.998,0.239,0,"13","SIX3"
0,2.96150983194488,0.999,0.256,0,"13","KANK4"
0,3.11327717652224,0.768,0.026,0,"13","CYP2E1"
0,2.5974050292041,0.99,0.25,0,"13","AQP5"
0,2.00135404688267,0.989,0.262,0,"13","ALKAL2"
0,2.01106204849682,0.997,0.272,0,"13","CRTAC1"
0,2.24537811514988,0.766,0.047,0,"13","LINC00473"
0,2.10298503665095,0.794,0.083,0,"13","PRSS3"
0,2.57883747763394,0.907,0.197,0,"13","ROCR"
0,3.40540620767344,0.986,0.285,0,"13","SPDEF"
0,3.09870101417725,0.99,0.32,0,"13","CLU"
0,2.15119812291627,0.917,0.251,0,"13","C2orf40"
0,2.22420529844218,0.963,0.325,0,"13","MAP1B"
0,2.0776781272071,0.994,0.375,0,"13","PPP1R1B"
0,2.06893375132238,0.999,0.382,0,"13","FABP7"
0,7.75683468507638,0.367,0.001,0,"13","AC119677.1"
0,2.23967415741578,0.358,0.002,0,"13","GP2"
0,2.91530236484879,0.277,0.012,0,"13","CNN1"
0,3.69995201854314,0.162,0.27,0,"13","NPPC"
0,2.13294000302736,0.189,0.258,0,"13","SCUBE3"
1.14167036069166e-292,2.33257827850775,0.847,0.202,2.28334072138332e-289,"13","HIST1H4E"
4.32931940402671e-258,2.37169490663889,0.891,0.338,8.65863880805342e-255,"13","NFIB"
2.33409281434308e-233,5.37570429727445,0.25,0.064,4.66818562868616e-230,"13","FBN2"
2.70105798398801e-221,2.81837476208723,0.834,0.382,5.40211596797602e-218,"13","SCRG1"
4.47917239288003e-219,2.90939834323209,0.295,0.061,8.95834478576005e-216,"13","PI15"
2.15796737684787e-210,3.38994624303218,0.784,0.221,4.31593475369574e-207,"13","MSLN"
2.36600855743426e-187,2.6592994215213,0.271,0.16,4.73201711486851e-184,"13","KLK6"
1.44213288979378e-178,4.02159195354548,0.756,0.256,2.88426577958756e-175,"13","ACTG2"
5.39390482231975e-158,4.51947577782042,0.738,0.22,1.07878096446395e-154,"13","HRCT1"
1.23221789376646e-146,2.53225974281733,0.762,0.357,2.46443578753292e-143,"13","PCSK1N"
3.34056072677496e-140,3.52926543411111,0.301,0.266,6.68112145354991e-137,"13","ANGPT1"
5.13018838163619e-136,3.09233123136884,0.368,0.096,1.02603767632724e-132,"13","MIR503HG"
1.48709462059523e-132,2.17023602144903,0.849,0.346,2.97418924119046e-129,"13","MCAM"
3.78029039035108e-130,2.26210784528013,0.747,0.175,7.56058078070216e-127,"13","MYLK"
4.67054849594119e-118,2.06973926594818,0.566,0.01,9.34109699188237e-115,"13","ODAPH"
8.46889796439557e-101,2.57467014375782,0.727,0.183,1.69377959287911e-97,"13","AARD"
1.98476618820011e-100,3.02567473220223,0.333,0.169,3.96953237640021e-97,"13","TMEM61"
1.86990174037891e-99,2.21190490677716,0.74,0.209,3.73980348075782e-96,"13","MIA"
1.78496713936458e-95,3.29855583593231,0.373,0.095,3.56993427872916e-92,"13","NEURL1"
3.71660593552477e-95,7.09389346976001,0.427,0.004,7.43321187104955e-92,"13","XAGE2"
1.22430676352546e-92,2.51530859854779,0.348,0.131,2.44861352705091e-89,"13","MSRB3"
9.47709986452679e-90,3.73626599772025,0.653,0.138,1.89541997290536e-86,"13","PRSS21"
2.54197403105852e-88,4.72003396388715,0.591,0.045,5.08394806211703e-85,"13","CALCB"
9.06053984184399e-88,2.15143843790771,0.342,0.265,1.8121079683688e-84,"13","TNC"
8.89664250961558e-81,2.18382710342014,0.348,0.295,1.77932850192312e-77,"13","ARC"
1.3860125090177e-78,2.16494262702324,0.748,0.385,2.77202501803541e-75,"13","ELF5"
6.91685890721544e-76,3.45751933815106,0.651,0.185,1.38337178144309e-72,"13","KLK11"
1.16820253719131e-70,4.39795611152086,0.396,0.086,2.33640507438263e-67,"13","SYT8"
2.04703379362135e-53,2.74961712128593,0.653,0.116,4.09406758724269e-50,"13","KRT23"
1.64350312880045e-43,3.512748909867,0.394,0.09,3.28700625760089e-40,"13","KLK5"
7.12662018494593e-43,4.79027331353921,0.582,0.07,1.42532403698919e-39,"13","PCP4"
4.81378870849204e-35,2.52198663047313,0.411,0.242,9.62757741698408e-32,"13","FGFR2"
2.50300893052473e-33,2.09236618124089,0.414,0.278,5.00601786104946e-30,"13","LOXL2"
3.98606865091397e-26,2.0875496245967,0.634,0.318,7.97213730182794e-23,"13","HIST2H2BE"
2.48825095719506e-25,3.88175382173337,0.42,0.245,4.97650191439011e-22,"13","UCHL1"
4.01385061001677e-25,3.83449827369325,0.414,0.139,8.02770122003355e-22,"13","MAOB"
7.28617363948255e-21,2.85389569340706,0.425,0.08,1.45723472789651e-17,"13","EDN2"
5.33145651257169e-18,2.53076608710001,0.329,0.116,1.06629130251434e-14,"13","KLK10"
1.05255856441382e-15,2.34889306880193,0.458,0.101,2.10511712882763e-12,"13","DLC1"
2.53442448336137e-15,2.45463322265398,0.431,0.187,5.06884896672273e-12,"13","HIST1H4H"
2.59168080924711e-08,3.39202464274487,0.467,0.3,5.18336161849421e-05,"13","PEG3"
9.07164015496435e-07,2.43018595562109,0.563,0.296,0.00181432803099287,"13","BAG2"
6.48329438953719e-06,2.66047912117741,0.476,0.1,0.0129665887790744,"13","NEXN"
7.02732167162063e-06,4.25678973939556,0.537,0.087,0.0140546433432413,"13","PRAME"
0.00148718044993636,5.62903297287512,0.525,0.167,1,"13","COL2A1"
0.00628898422142884,2.42626928765782,0.535,0.238,1,"13","PPP1R14A"
0,3.87442452511428,0.961,0.266,0,"14","HLA-DQB1"
0,3.58566001785596,0.804,0.135,0,"14","MNDA"
0,2.36424197623193,0.893,0.229,0,"14","TYROBP"
0,4.15648566857618,0.974,0.32,0,"14","HLA-DQA1"
0,2.96025933838655,0.858,0.205,0,"14","AIF1"
0,2.96316807223887,0.893,0.255,0,"14","HLA-DMA"
0,5.25288553695083,0.706,0.071,0,"14","LGALS2"
0,3.09660758773614,0.8,0.172,0,"14","HLA-DMB"
0,3.88876306433582,0.995,0.37,0,"14","HLA-DPB1"
0,2.96476796177359,0.722,0.117,0,"14","MS4A6A"
0,4.63531996442922,0.727,0.128,0,"14","CPVL"
0,2.5175313528608,0.794,0.196,0,"14","GPR183"
0,2.84645579705406,0.847,0.249,0,"14","LYZ"
0,3.70378649243468,0.995,0.398,0,"14","HLA-DPA1"
0,3.22492679257876,0.732,0.143,0,"14","SPI1"
0,3.66815714713277,0.994,0.408,0,"14","HLA-DRB1"
0,2.80679174723368,0.728,0.145,0,"14","FGL2"
0,2.91819895551236,0.703,0.123,0,"14","CD86"
0,4.8111827952457,0.674,0.1,0,"14","CSF2RA"
0,3.51306120740281,0.739,0.167,0,"14","ALDH2"
0,7.9286699746934,0.587,0.019,0,"14","CD1E"
0,3.59595456643203,0.682,0.12,0,"14","IGSF6"
0,2.66281845350929,0.727,0.167,0,"14","C1orf162"
0,3.61210680694787,0.994,0.437,0,"14","HLA-DRA"
0,3.99023874980397,0.777,0.221,0,"14","LST1"
0,6.82875109679998,0.585,0.034,0,"14","CD1C"
0,2.37756424353341,0.735,0.196,0,"14","PLEK"
0,5.46053109753377,0.569,0.044,0,"14","CLEC10A"
0,2.34437953557164,0.621,0.128,0,"14","MARCH1"
0,6.29467440965328,0.59,0.1,0,"14","HLA-DQB2"
0,3.11847478183057,0.997,0.524,0,"14","CD74"
0,8.80498452185281,0.485,0.016,0,"14","CD1A"
0,7.75465511668107,0.483,0.015,0,"14","FCER1A"
0,2.77946495507127,0.554,0.088,0,"14","LY86"
0,2.42331888329517,0.565,0.101,0,"14","JAML"
0,2.61331350524081,0.552,0.102,0,"14","IRF8"
0,3.76946278699259,0.548,0.106,0,"14","CLEC4A"
0,3.07386051397161,0.552,0.113,0,"14","SLC8A1"
0,4.76849989060158,0.478,0.053,0,"14","P2RY13"
0,3.11075943878386,0.458,0.06,0,"14","PLD4"
0,3.33446484248073,0.953,0.56,0,"14","CST3"
0,4.19253531687959,0.444,0.055,0,"14","SUCNR1"
0,2.39303033703232,0.449,0.061,0,"14","FPR1"
0,7.24038743984839,0.396,0.018,0,"14","AL138899.1"
0,8.37743429508843,0.413,0.04,0,"14","CD207"
0,8.104083697126,0.362,0.019,0,"14","IL22RA2"
0,7.08410475719944,0.354,0.02,0,"14","CD1B"
0,7.68437964530037,0.313,0.002,0,"14","CLEC9A"
0,6.54441871197273,0.298,0.032,0,"14","ALOX15"
0,3.98630809420491,0.27,0.023,0,"14","AC015660.2"
0,2.88501430211052,0.264,0.018,0,"14","GLDN"
3.79750149734246e-316,2.29741035858439,0.854,0.321,7.59500299468492e-313,"14","FCER1G"
4.74642303491291e-308,2.24642247570378,0.895,0.346,9.49284606982582e-305,"14","LCP1"
1.53009814505027e-302,2.92552706075177,0.491,0.099,3.06019629010055e-299,"14","CXorf21"
1.35299596309169e-299,3.16749710841759,0.757,0.216,2.70599192618339e-296,"14","HLA-DRB5"
2.29463072214641e-297,3.46951768900649,0.298,0.028,4.58926144429281e-294,"14","AC026369.3"
1.4701155265912e-292,5.35309179940206,0.254,0.013,2.94023105318239e-289,"14","FLT3"
6.23485277674613e-283,2.1755560072366,0.908,0.52,1.24697055534923e-279,"14","COTL1"
2.12276978920351e-282,2.50731273839533,0.526,0.092,4.24553957840701e-279,"14","CSF1R"
3.6273377608092e-281,3.67064311238343,0.317,0.032,7.2546755216184e-278,"14","CD1D"
3.35098211347149e-276,2.94617742580775,0.542,0.129,6.70196422694299e-273,"14","ITGAX"
1.90840134942836e-265,5.33586216856779,0.541,0.077,3.81680269885672e-262,"14","HLA-DQA2"
2.40804543034087e-262,4.25130173182378,0.568,0.103,4.81609086068174e-259,"14","IDO1"
3.05196793341447e-258,2.58923076883028,0.777,0.288,6.10393586682894e-255,"14","CD83"
4.45970495810435e-256,2.03653955353173,0.755,0.193,8.9194099162087e-253,"14","ITGB2"
6.34569446466204e-248,2.01365340115333,0.444,0.067,1.26913889293241e-244,"14","CLEC5A"
3.81960342309368e-240,2.32082585307607,0.738,0.259,7.63920684618737e-237,"14","SGK1"
1.44570578798942e-237,2.19878288840233,0.604,0.185,2.89141157597885e-234,"14","RNASE6"
3.39843238772583e-235,3.48250701844843,0.706,0.277,6.79686477545166e-232,"14","C15orf48"
9.31295289225368e-235,2.69764649358658,0.459,0.102,1.86259057845074e-231,"14","NLRP3"
2.70147605575047e-223,2.57116015390383,0.461,0.103,5.40295211150094e-220,"14","CXCL9"
2.80524942376799e-223,3.5348697879986,0.516,0.12,5.61049884753598e-220,"14","AXL"
1.94643281216598e-221,2.17388310061942,0.461,0.09,3.89286562433197e-218,"14","FCGR2B"
3.61249612700603e-221,2.29074670662975,0.369,0.057,7.22499225401205e-218,"14","CLEC12A"
3.65043598422782e-221,2.00764995555932,0.571,0.141,7.30087196845564e-218,"14","HAVCR2"
8.95085705203407e-217,3.38838834529424,0.277,0.023,1.79017141040681e-213,"14","HPGDS"
1.76260201615403e-214,2.43199484966616,0.672,0.251,3.52520403230806e-211,"14","MAP3K8"
3.03380830841536e-212,2.26620675860093,0.665,0.265,6.06761661683073e-209,"14","SERPINF1"
1.85406873953328e-210,2.36311760307774,0.626,0.156,3.70813747906655e-207,"14","RAB31"
2.14326806519967e-203,4.15584476603235,0.409,0.094,4.28653613039933e-200,"14","CFP"
6.01161370050101e-181,2.13222931783158,0.628,0.238,1.2023227401002e-177,"14","SERPINB9"
4.331455147143e-178,2.11744489464966,0.71,0.396,8.66291029428601e-175,"14","LGALS9"
7.39566082246495e-177,2.03661344984337,0.606,0.229,1.47913216449299e-173,"14","BCL2A1"
3.60124467615004e-176,2.22015706273732,0.534,0.171,7.20248935230009e-173,"14","PHACTR1"
5.59805244794182e-176,6.38226396834076,0.277,0.023,1.11961048958836e-172,"14","CCL22"
1.03813896346155e-166,2.02074273604884,0.548,0.196,2.07627792692311e-163,"14","SERPINA1"
3.07373115667219e-165,2.59529783250545,0.426,0.105,6.14746231334439e-162,"14","HLA-DOA"
5.6113719583751e-165,2.06100597769465,0.327,0.056,1.12227439167502e-161,"14","AC004817.3"
1.55156306375212e-160,2.00299905556445,0.394,0.08,3.10312612750423e-157,"14","SLAMF8"
1.27029145452508e-157,2.04673866109414,0.61,0.231,2.54058290905015e-154,"14","CXCL16"
3.76607476033475e-155,2.29399312121347,0.802,0.539,7.5321495206695e-152,"14","BASP1"
4.46383287699542e-154,4.30892146999701,0.547,0.193,8.92766575399085e-151,"14","PKIB"
6.83873086912292e-152,2.11094777494352,0.699,0.432,1.36774617382458e-148,"14","CLEC7A"
1.83564265301506e-145,2.30405805438088,0.682,0.394,3.67128530603012e-142,"14","AP1S2"
2.301078272879e-144,2.56171521431805,0.556,0.213,4.602156545758e-141,"14","RASSF4"
1.89883712694348e-137,6.46448156582936,0.377,0.09,3.79767425388697e-134,"14","FCGBP"
2.58596502734429e-132,2.90295326701251,0.556,0.289,5.17193005468858e-129,"14","IL18"
9.00834680793161e-117,3.25643912172768,0.328,0.086,1.80166936158632e-113,"14","CX3CR1"
2.08293009166362e-116,6.22915654430498,0.3,0.051,4.16586018332724e-113,"14","CCL17"
1.75860825103641e-112,2.55377169320289,0.573,0.357,3.51721650207283e-109,"14","NR4A3"
5.34840272413638e-109,2.78499252765125,0.445,0.161,1.06968054482728e-105,"14","ALOX5"
1.03370788085044e-102,2.9042162867404,0.412,0.129,2.06741576170087e-99,"14","CD40"
1.2126426288804e-99,2.12137061835403,0.383,0.128,2.42528525776081e-96,"14","CCR7"
3.28168928164341e-96,2.51166203965464,0.407,0.137,6.56337856328681e-93,"14","GRASP"
3.66774661246008e-96,2.69813079495466,0.35,0.105,7.33549322492016e-93,"14","ANKRD22"
5.40394362839611e-94,2.80652508728236,0.577,0.366,1.08078872567922e-90,"14","UBE2E2"
1.13929472728116e-89,4.70365271671927,0.543,0.355,2.27858945456232e-86,"14","S100B"
1.87192421691751e-83,2.0205449889606,0.532,0.34,3.74384843383503e-80,"14","NCF2"
4.61594057461963e-81,2.41661898821024,0.588,0.396,9.23188114923926e-78,"14","AREG"
1.25598616222795e-79,2.06527132876714,0.492,0.28,2.5119723244559e-76,"14","PLAC8"
9.48899240694186e-78,2.95632543619641,0.42,0.24,1.89779848138837e-74,"14","PPP1R14A"
1.0450793463675e-76,2.5835910271569,0.487,0.289,2.090158692735e-73,"14","FBP1"
2.01661543434156e-65,3.81528933161085,0.441,0.206,4.03323086868312e-62,"14","IFI30"
2.50110859726706e-53,4.42208485492168,0.384,0.206,5.00221719453411e-50,"14","LAMP3"
3.28771289764522e-53,3.23385310041043,0.425,0.272,6.57542579529045e-50,"14","C1orf54"
5.67293751720767e-40,2.01425457470777,0.064,0.256,1.13458750344153e-36,"14","LOR"
5.37928703758861e-39,2.24834092483461,0.362,0.225,1.07585740751772e-35,"14","SPIB"
1.05225595336153e-38,2.38607952857744,0.542,0.408,2.10451190672307e-35,"14","RAB32"
1.94951023342187e-32,2.72031502336863,0.323,0.106,3.89902046684374e-29,"14","FILIP1L"
2.91427717616747e-22,2.02756283536631,0.337,0.262,5.82855435233494e-19,"14","ENPP1"
1.53985582639125e-20,2.02315468022977,0.345,0.227,3.0797116527825e-17,"14","IL4I1"
1.17421093322796e-18,2.5714241218614,0.424,0.353,2.34842186645593e-15,"14","IL1R2"
9.60197358853143e-16,2.76180912260863,0.362,0.29,1.92039471770629e-12,"14","G0S2"
1.39645719603399e-10,3.24083913249736,0.233,0.297,2.79291439206798e-07,"14","CCL19"
0.00014614452298164,2.10317108607096,0.256,0.235,0.292289045963279,"14","TCHH"
0.00232363990157104,2.20938469403534,0.285,0.343,1,"14","NRN1"
0,8.82224501356131,0.992,0.081,0,"15","IGLC6"
0,5.69197057180193,0.938,0.063,0,"15","IGLC7"
0,2.68361900114378,0.999,0.27,0,"15","IGHG3"
0,4.00011984266329,0.994,0.27,0,"15","IGHG4"
0,7.01359579554456,0.763,0.046,0,"15","IGLV6-57"
0,3.79116990922632,0.992,0.276,0,"15","MZB1"
0,9.40390981566834,0.694,0.015,0,"15","IGLV5-48"
0,3.34019713503739,0.815,0.163,0,"15","CD38"
0,4.63658367130128,0.997,0.385,0,"15","IGHG1"
0,8.17686611694271,0.581,0.022,0,"15","IGHV4-28"
0,7.43658939306088,0.497,0.019,0,"15","IGKV1D-33"
0,3.25943698854467,0.519,0.079,0,"15","FCRL5"
0,4.85609142403574,0.999,0.591,0,"15","IGKC"
0,3.00084838639162,0.988,0.589,0,"15","XBP1"
0,5.91800331195405,0.39,0.02,0,"15","DPEP1"
0,7.92886682606473,0.378,0.01,0,"15","IGLV5-45"
0,4.97755893737507,0.288,0.014,0,"15","IGLV1-47"
0,2.77974250186498,0.996,0.734,0,"15","SSR4"
1.3089775220918e-318,3.38231518985688,0.484,0.08,2.6179550441836e-315,"15","TNFRSF17"
1.25043986693432e-250,2.51684445449176,0.848,0.459,2.50087973386865e-247,"15","FKBP11"
9.03226446297554e-234,4.40551266647987,0.368,0.058,1.80645289259511e-230,"15","AC012236.1"
2.88486355480528e-215,2.1846229822387,0.806,0.418,5.76972710961056e-212,"15","ITM2C"
1.50422506648586e-159,3.009899006036,0.567,0.219,3.00845013297172e-156,"15","DERL3"
2.83795392901829e-156,2.11703797745055,0.527,0.166,5.67590785803657e-153,"15","CAV1"
2.65449743698567e-142,2.91261942055496,0.43,0.133,5.30899487397135e-139,"15","POU2AF1"
2.75443202115873e-127,2.37433182157443,0.661,0.406,5.50886404231746e-124,"15","TENT5C"
2.00492788758929e-115,2.06168290616693,0.404,0.127,4.00985577517858e-112,"15","SLAMF7"
2.19137726776339e-05,2.7105198903821,0.303,0.354,0.0438275453552679,"15","PTP4A3"
0,4.81422514715701,0.979,0.137,0,"16","LUM"
0,6.65506846437828,0.993,0.185,0,"16","DCN"
0,5.05220466178375,0.951,0.163,0,"16","COL3A1"
0,6.82376185798599,0.919,0.14,0,"16","CCDC80"
0,5.52321019527812,0.931,0.164,0,"16","IGFBP4"
0,4.84101998581799,0.96,0.194,0,"16","COL1A2"
0,5.31742037876762,0.95,0.188,0,"16","C1S"
0,5.31324228963281,0.919,0.165,0,"16","C1R"
0,6.47322124511165,0.855,0.105,0,"16","CXCL12"
0,5.31591396453452,0.914,0.217,0,"16","COL6A3"
0,5.47512879535045,0.802,0.105,0,"16","FSTL1"
0,4.66387888456882,0.835,0.142,0,"16","RARRES2"
0,7.10393961012507,0.848,0.165,0,"16","APOD"
0,5.29272411655006,0.908,0.227,0,"16","FBLN1"
0,4.49040210715049,0.891,0.21,0,"16","NNMT"
0,6.57081502345395,0.792,0.122,0,"16","SFRP2"
0,2.93032237541159,0.931,0.276,0,"16","TIMP1"
0,3.96055551383473,0.88,0.236,0,"16","SERPING1"
0,6.27511652646258,0.74,0.104,0,"16","MEG3"
0,4.37553548876139,0.923,0.292,0,"16","COL6A1"
0,4.3755424066724,0.932,0.302,0,"16","COL6A2"
0,5.64966637732728,0.802,0.175,0,"16","MMP2"
0,5.26946740277505,0.858,0.232,0,"16","CTSK"
0,4.70723861431885,0.889,0.263,0,"16","SERPINF1"
0,5.59183196644846,0.744,0.12,0,"16","CPE"
0,3.89218082153991,0.839,0.218,0,"16","SPARC"
0,8.10700143535301,0.585,0.01,0,"16","MFAP4"
0,4.53612261587413,0.911,0.337,0,"16","COL1A1"
0,7.44002581320832,0.705,0.166,0,"16","COL14A1"
0,5.28794576334477,0.613,0.097,0,"16","PTGDS"
0,2.88713505070304,0.938,0.428,0,"16","CALD1"
0,4.68400680340942,0.603,0.106,0,"16","THY1"
0,6.12625636910753,0.523,0.046,0,"16","DPT"
0,4.47765053408894,0.539,0.062,0,"16","PDGFRB"
0,7.53569041134049,0.795,0.321,0,"16","IGF1"
0,6.61316135034415,0.456,0.013,0,"16","CILP"
0,6.49210447980713,0.443,0.019,0,"16","PODN"
0,7.22776098370914,0.461,0.04,0,"16","WISP2"
0,8.20190268152041,0.484,0.069,0,"16","OGN"
0,4.74918262671053,0.4,0.029,0,"16","ASPN"
0,7.98986198482571,0.408,0.045,0,"16","TNXB"
0,6.25606031979377,0.386,0.037,0,"16","RUNX1T1"
0,7.39832921578911,0.362,0.016,0,"16","ABI3BP"
0,6.30998429269439,0.347,0.021,0,"16","CPXM1"
0,8.79104267044767,0.319,0.009,0,"16","ABCA8"
0,6.92040354554085,0.313,0.012,0,"16","MEDAG"
0,7.76426085892264,0.275,0.018,0,"16","SVEP1"
9.63319314948346e-319,6.8662922817267,0.682,0.167,1.92663862989669e-315,"16","PLAC9"
1.28306509318204e-315,6.22146164988268,0.629,0.065,2.56613018636409e-312,"16","EFEMP1"
1.46608163100466e-311,5.94979044598037,0.536,0.115,2.93216326200932e-308,"16","AKAP12"
1.37594933164848e-307,4.29406396788651,0.424,0.057,2.75189866329696e-304,"16","FAP"
2.29558679306502e-305,4.82707072482332,0.801,0.316,4.59117358613003e-302,"16","PCOLCE"
6.75311425770754e-305,4.42252769668657,0.672,0.088,1.35062285154151e-301,"16","PRRX1"
1.35434356091124e-299,4.3400711711275,0.737,0.223,2.70868712182248e-296,"16","COL5A2"
6.46238382958836e-297,5.30780628732478,0.343,0.031,1.29247676591767e-293,"16","HTRA3"
9.72646394160882e-295,5.68221804170448,0.679,0.126,1.94529278832176e-291,"16","FBN1"
3.67170029399931e-286,2.31636103596715,0.947,0.55,7.34340058799862e-283,"16","IFITM3"
2.48462661650992e-284,4.9724177750108,0.727,0.21,4.96925323301984e-281,"16","HTRA1"
4.53282580861982e-277,4.65191842979741,0.786,0.356,9.06565161723964e-274,"16","LRP1"
1.15651945821202e-274,5.10467439728129,0.654,0.127,2.31303891642404e-271,"16","CFH"
4.42066267908052e-269,3.00728610434879,0.966,0.586,8.84132535816103e-266,"16","MGP"
1.77493863975104e-261,6.29025308768879,0.668,0.174,3.54987727950208e-258,"16","FGF7"
2.30097108073951e-255,5.62031218724256,0.764,0.36,4.60194216147902e-252,"16","C3"
1.2411375115277e-252,3.55081051035082,0.756,0.237,2.4822750230554e-249,"16","IGFBP7"
1.82628016309167e-251,4.31654742248936,0.474,0.076,3.65256032618335e-248,"16","COL5A1"
6.57323085275017e-251,3.34490306944886,0.727,0.205,1.31464617055003e-247,"16","TMEM176B"
8.7963787155251e-248,3.46498074891185,0.718,0.209,1.75927574310502e-244,"16","PMP22"
1.69853250246111e-243,3.72153009796237,0.702,0.255,3.39706500492221e-240,"16","AEBP1"
1.71099857114807e-238,5.3166430491952,0.662,0.215,3.42199714229614e-235,"16","LHFPL6"
8.4248323458087e-238,3.46483148737539,0.784,0.409,1.68496646916174e-234,"16","SELENOP"
6.06829175182998e-233,4.64489671380257,0.4,0.069,1.213658350366e-229,"16","EBF1"
1.0824997284853e-231,5.28264015577042,0.71,0.305,2.16499945697061e-228,"16","CRISPLD2"
2.87663259299619e-231,5.62970968581652,0.287,0.036,5.75326518599239e-228,"16","EDNRB"
4.62812894486424e-228,4.11435264869868,0.781,0.391,9.25625788972847e-225,"16","CXCL14"
1.07716533128818e-225,4.68309485390892,0.598,0.149,2.15433066257636e-222,"16","C11orf96"
4.20976423259485e-225,3.12756212352073,0.727,0.249,8.41952846518969e-222,"16","TIMP2"
9.00956015230122e-225,7.09657484450671,0.337,0.043,1.80191203046024e-221,"16","SFRP4"
1.1499659135748e-224,3.61622814928161,0.674,0.201,2.2999318271496e-221,"16","TMEM176A"
4.06441275922149e-222,5.25158022402037,0.637,0.203,8.12882551844298e-219,"16","FBLN2"
6.49655231060826e-217,3.67689279809489,0.681,0.218,1.29931046212165e-213,"16","CYR61"
5.04313983011726e-215,6.01974031972903,0.544,0.155,1.00862796602345e-211,"16","CD248"
5.88781533350169e-214,3.59171186664118,0.617,0.161,1.17756306670034e-210,"16","TIMP3"
3.80389904014808e-202,5.35397369459493,0.484,0.122,7.60779808029615e-199,"16","NID1"
3.78011207041123e-201,2.50108524492599,0.895,0.702,7.56022414082245e-198,"16","FOSB"
1.26018746242409e-200,3.949198293051,0.588,0.163,2.52037492484819e-197,"16","PRSS23"
4.0433181815335e-199,2.59748066394473,0.804,0.501,8.086636363067e-196,"16","VCAN"
3.9880102078713e-194,2.67510750946598,0.775,0.411,7.97602041574259e-191,"16","TCF4"
6.63549314945864e-194,5.87891277474751,0.344,0.044,1.32709862989173e-190,"16","TWIST2"
3.5731384701926e-191,6.51395390685923,0.592,0.215,7.14627694038519e-188,"16","SRPX"
1.04653298970297e-190,4.6804791023677,0.498,0.102,2.09306597940595e-187,"16","PDGFRL"
1.44402765719548e-189,4.4681234280246,0.51,0.143,2.88805531439095e-186,"16","COL15A1"
1.8263472834556e-189,2.64985440450778,0.61,0.178,3.6526945669112e-186,"16","DAB2"
1.21421585172712e-181,4.80867801749053,0.549,0.165,2.42843170345425e-178,"16","PLPP3"
2.00597669927019e-181,6.46847125549237,0.328,0.057,4.01195339854039e-178,"16","NEGR1"
2.2439507585713e-180,4.94034760740138,0.693,0.367,4.48790151714259e-177,"16","CTGF"
5.10311951096223e-179,2.79762525183708,0.656,0.253,1.02062390219245e-175,"16","BGN"
1.71993811176593e-176,2.22630862682693,0.656,0.24,3.43987622353186e-173,"16","ITM2A"
8.75331012484804e-175,4.06079519614635,0.476,0.098,1.75066202496961e-171,"16","CDH11"
9.1208926249825e-172,3.29852445420085,0.527,0.149,1.8241785249965e-168,"16","HSPG2"
4.33077306678349e-170,2.36364048781215,0.678,0.277,8.66154613356698e-167,"16","LGALS3BP"
1.04486148053093e-167,2.07240025859842,0.721,0.341,2.08972296106186e-164,"16","FN1"
1.42602670803672e-164,3.6171733951357,0.613,0.257,2.85205341607344e-161,"16","SPRY1"
1.15876528293869e-163,3.73535108897729,0.449,0.097,2.31753056587738e-160,"16","LAMA4"
2.28038972059425e-163,6.22903589560204,0.685,0.41,4.5607794411885e-160,"16","CFD"
1.59492274715424e-161,3.29258347141212,0.614,0.25,3.18984549430847e-158,"16","EMP1"
5.77275068961162e-160,3.55422316651302,0.388,0.092,1.15455013792232e-156,"16","GNG11"
2.78899576758013e-159,3.99266717344833,0.377,0.082,5.57799153516027e-156,"16","COX7A1"
2.47300817956533e-158,8.06970222547978,0.425,0.094,4.94601635913067e-155,"16","PLA2G2A"
2.62600554129764e-158,2.59692133344481,0.715,0.367,5.25201108259527e-155,"16","CEBPD"
1.50593316422641e-156,4.72646658210668,0.533,0.192,3.01186632845282e-153,"16","EMILIN1"
2.13571244591872e-156,4.77019658263833,0.303,0.051,4.27142489183743e-153,"16","BNC2"
1.16805669294425e-154,3.98904752307048,0.273,0.041,2.33611338588851e-151,"16","ADAMTS2"
1.55201994195876e-153,4.77496112952427,0.585,0.262,3.10403988391752e-150,"16","ISLR"
1.14478661685864e-151,2.05488585086103,0.749,0.392,2.28957323371729e-148,"16","SOD2"
2.02083029786057e-150,4.43395120391533,0.408,0.103,4.04166059572115e-147,"16","DLC1"
2.10017091958682e-150,3.6697696465554,0.542,0.197,4.20034183917364e-147,"16","SERPINE2"
2.13240094116114e-150,5.0343873696485,0.462,0.151,4.26480188232229e-147,"16","TFPI"
4.31408991440532e-150,4.27580842517258,0.442,0.115,8.62817982881064e-147,"16","EFEMP2"
2.70263417768452e-149,4.38549087693751,0.459,0.129,5.40526835536905e-146,"16","F2R"
2.14224272290685e-146,5.59969238617202,0.329,0.037,4.28448544581369e-143,"16","SLIT3"
7.05093443742818e-146,3.30415923635559,0.386,0.073,1.41018688748564e-142,"16","COL12A1"
8.20634538087856e-145,2.19963536570175,0.724,0.395,1.64126907617571e-141,"16","MTRNR2L8"
3.99451840962321e-143,5.11693162944005,0.513,0.195,7.98903681924643e-140,"16","BICC1"
9.31865832564413e-143,3.48256805040936,0.514,0.185,1.86373166512883e-139,"16","MXRA5"
1.06331629760062e-141,4.86791175278639,0.529,0.216,2.12663259520124e-138,"16","FBLN5"
1.91388769392606e-141,4.09831723593579,0.319,0.063,3.82777538785213e-138,"16","PDPN"
6.51085831171874e-140,3.57429099446084,0.626,0.346,1.30217166234375e-136,"16","MXRA8"
8.1644196130806e-140,4.87664334258769,0.331,0.06,1.63288392261612e-136,"16","FHL1"
2.74040699673297e-139,4.78036664941127,0.635,0.371,5.48081399346594e-136,"16","CYP1B1"
2.67293685049151e-138,4.32037747460744,0.388,0.093,5.34587370098302e-135,"16","STEAP1"
5.00394147596415e-138,3.06230708054535,0.482,0.157,1.00078829519283e-134,"16","TSHZ2"
2.26431036735922e-137,5.22245437200617,0.344,0.063,4.52862073471844e-134,"16","GFPT2"
8.9925428293415e-135,7.4065237205975,0.315,0.071,1.7985085658683e-131,"16","NOVA1"
1.48916014789393e-134,3.46103656387778,0.588,0.288,2.97832029578786e-131,"16","SPON2"
3.27843644228551e-134,4.34100207688926,0.436,0.136,6.55687288457102e-131,"16","DPYSL3"
1.17652720227196e-133,5.00310779364884,0.575,0.29,2.35305440454392e-130,"16","PDGFRA"
1.4459341402254e-132,4.69434511887229,0.316,0.044,2.89186828045081e-129,"16","STEAP2"
4.85139822658005e-130,6.64864577844079,0.477,0.192,9.7027964531601e-127,"16","DCLK1"
1.30666425089789e-129,4.77629817138187,0.532,0.241,2.61332850179578e-126,"16","ADAM12"
1.50448829403023e-125,4.79335897099217,0.412,0.13,3.00897658806046e-122,"16","MFAP5"
5.86088834182873e-125,7.26495059880578,0.397,0.123,1.17217766836575e-121,"16","NR2F1"
7.88670361495131e-125,2.42775970615907,0.668,0.381,1.57734072299026e-121,"16","GADD45B"
2.73834324068166e-124,5.26759728066103,0.415,0.132,5.47668648136332e-121,"16","ANGPTL2"
3.02305892084745e-124,4.11288917655718,0.631,0.397,6.0461178416949e-121,"16","NFIA"
1.66465852145401e-120,3.07435940045001,0.495,0.205,3.32931704290802e-117,"16","NBL1"
7.30075278680955e-120,2.00701955153438,0.527,0.217,1.46015055736191e-116,"16","MYL9"
2.5945600303627e-114,3.52559908390021,0.408,0.133,5.1891200607254e-111,"16","POSTN"
6.17178191091696e-113,4.47600315741683,0.479,0.205,1.23435638218339e-109,"16","OLFML3"
3.45004485594769e-111,2.24148936754793,0.417,0.154,6.90008971189538e-108,"16","CCL2"
8.91930046918533e-111,4.96269677970992,0.467,0.2,1.78386009383707e-107,"16","GGT5"
3.64250010098588e-110,8.24251636649985,0.43,0.169,7.28500020197176e-107,"16","GPC3"
4.02447191508506e-109,4.87361567831702,0.47,0.204,8.04894383017013e-106,"16","COLEC12"
3.77791256621848e-107,2.17074899877668,0.564,0.27,7.55582513243696e-104,"16","RND3"
1.61538031101879e-106,3.62070460328216,0.405,0.162,3.23076062203759e-103,"16","GEM"
3.54290234630118e-106,7.25881103632813,0.38,0.135,7.08580469260236e-103,"16","ANK2"
2.9691939031035e-104,8.40278441027967,0.319,0.093,5.93838780620701e-101,"16","PI16"
2.46046867146447e-103,2.83981399667218,0.34,0.099,4.92093734292894e-100,"16","MMP19"
2.34572989490443e-102,4.27827942705008,0.388,0.144,4.69145978980886e-99,"16","GAS1"
1.42817158788352e-101,3.15134074680255,0.357,0.139,2.85634317576704e-98,"16","PLPP1"
8.53110723661772e-100,4.71219128741261,0.363,0.121,1.70622144732354e-96,"16","PLXDC1"
1.16218220798093e-99,3.96789227977839,0.465,0.22,2.32436441596187e-96,"16","SOD3"
1.75841939792081e-99,3.39904829973968,0.291,0.088,3.51683879584161e-96,"16","ENPP2"
2.47745197570656e-98,3.3154137113098,0.538,0.301,4.95490395141311e-95,"16","SPARCL1"
8.28714277384712e-98,4.14966386059982,0.269,0.068,1.65742855476942e-94,"16","SERPINE1"
2.32591466754381e-97,2.12975076259694,0.855,0.704,4.65182933508762e-94,"16","MT2A"
7.3054788491187e-95,6.41314209667955,0.281,0.078,1.46109576982374e-91,"16","HMCN1"
1.40732659502675e-94,2.89866712934157,0.368,0.146,2.81465319005349e-91,"16","RASD1"
8.75573416022188e-94,6.04358881576161,0.428,0.189,1.75114683204438e-90,"16","SMOC2"
1.07670362710658e-89,2.58241036770946,0.498,0.269,2.15340725421317e-86,"16","CTHRC1"
8.70808096256895e-89,3.58253994485741,0.442,0.203,1.74161619251379e-85,"16","THBS1"
7.40066409328766e-86,4.12068880499345,0.514,0.309,1.48013281865753e-82,"16","LAMB1"
1.43419503824853e-85,3.99633408192251,0.51,0.301,2.86839007649707e-82,"16","THBS2"
4.76787367381243e-79,2.32629037140218,0.363,0.169,9.53574734762487e-76,"16","CAV1"
5.13832270682701e-79,3.51756672456974,0.294,0.084,1.0276645413654e-75,"16","FAM198B"
8.99953656060372e-78,3.92407766904766,0.282,0.083,1.79990731212074e-74,"16","PTN"
1.58385445594461e-73,2.34064484240858,0.446,0.245,3.16770891188923e-70,"16","PALLD"
8.94672426010012e-73,3.35297933642202,0.526,0.358,1.78934485202002e-69,"16","COL18A1"
2.07645916631862e-70,3.98411792485058,0.355,0.169,4.15291833263723e-67,"16","ECM1"
1.39560347468791e-68,2.83988165385282,0.26,0.12,2.79120694937582e-65,"16","SNAI2"
1.48662085202041e-67,2.72679191727767,0.347,0.172,2.97324170404081e-64,"16","TNFAIP6"
1.43163730318556e-65,4.80191221838676,0.257,0.083,2.86327460637112e-62,"16","SEMA5A"
1.77101949975194e-61,3.57894771580152,0.315,0.138,3.54203899950388e-58,"16","RCN3"
9.02426575427811e-61,3.9294509745695,0.346,0.161,1.80485315085562e-57,"16","VCAM1"
1.44081402979697e-60,2.3413926279047,0.363,0.212,2.88162805959395e-57,"16","CAVIN3"
6.73433302132244e-59,2.59654921776857,0.523,0.386,1.34686660426449e-55,"16","KLF4"
6.30559656542131e-54,2.45337805601934,0.349,0.218,1.26111931308426e-50,"16","CXCL2"
8.47214290599373e-53,6.37427237510371,0.425,0.28,1.69442858119875e-49,"16","ELN"
5.12805179551095e-49,2.00613651137353,0.403,0.288,1.02561035910219e-45,"16","RCN1"
1.39363488939301e-48,2.52882410684898,0.297,0.176,2.78726977878602e-45,"16","PRELP"
5.08963682273483e-48,3.08742458344816,0.261,0.108,1.01792736454697e-44,"16","FILIP1L"
2.10843000973249e-40,3.567653858213,0.44,0.334,4.21686001946498e-37,"16","MAP1B"
1.20110884130877e-39,2.29466643468715,0.272,0.125,2.40221768261754e-36,"16","AXL"
1.77762072322539e-38,3.7735975836061,0.403,0.3,3.55524144645077e-35,"16","LOXL1"
1.69952364839479e-37,5.80124709223023,0.406,0.306,3.39904729678959e-34,"16","IGFBP6"
2.90754951180691e-37,3.52929756589534,0.402,0.318,5.81509902361382e-34,"16","TGFBR3"
3.95128920153966e-36,3.79922552092813,0.251,0.152,7.90257840307932e-33,"16","TCIM"
1.23841266757713e-33,2.60206936867328,0.378,0.31,2.47682533515426e-30,"16","CPQ"
3.05824824799217e-32,5.41197030037706,0.337,0.217,6.11649649598434e-29,"16","ZFHX4"
2.09558397932031e-28,2.17800978197791,0.093,0.308,4.19116795864063e-25,"16","ENPEP"
7.26003062049652e-27,3.24118093236021,0.431,0.377,1.4520061240993e-23,"16","CLEC11A"
5.26238286345751e-26,3.1774363651464,0.297,0.244,1.0524765726915e-22,"16","CDKN1C"
2.11144762332756e-25,5.11002519846694,0.309,0.225,4.22289524665511e-22,"16","GLT8D2"
2.33311912096826e-25,2.31531194155315,0.35,0.266,4.66623824193651e-22,"16","COL4A2"
4.20453870894047e-25,4.13845458631644,0.34,0.277,8.40907741788094e-22,"16","LTBP2"
5.6567230733385e-24,4.48287319731678,0.399,0.347,1.1313446146677e-20,"16","SPON1"
4.16338551327385e-21,5.92642504099339,0.256,0.163,8.32677102654771e-18,"16","RBP5"
1.09441149214962e-19,2.40661843967271,0.431,0.408,2.18882298429923e-16,"16","PLTP"
3.78070929086207e-18,2.24619544775011,0.123,0.327,7.56141858172414e-15,"16","NUAK1"
3.942853959921e-18,2.07925881739529,0.307,0.282,7.88570791984199e-15,"16","UACA"
5.76058699093853e-17,2.17979023930103,0.322,0.266,1.15211739818771e-13,"16","COL4A1"
9.92546603968815e-15,3.03318153308618,0.359,0.34,1.98509320793763e-11,"16","ANGPTL4"
6.26888952753058e-14,3.40575746424048,0.29,0.269,1.25377790550612e-10,"16","LOX"
1.38022708099816e-11,2.96790976214964,0.359,0.35,2.76045416199632e-08,"16","MT1M"
8.86852136557711e-10,2.09165066439591,0.17,0.343,1.77370427311542e-06,"16","OLFML2B"
1.71853466825826e-09,2.4162849663381,0.12,0.265,3.43706933651652e-06,"16","ENPP1"
1.62278544083169e-08,3.20574265161079,0.162,0.312,3.24557088166338e-05,"16","CHL1"
1.84893122067311e-07,3.24931244414111,0.323,0.344,0.000369786244134621,"16","GPX3"
4.35071797536869e-06,6.17921504121725,0.158,0.298,0.00870143595073739,"16","CCL19"
5.33903749082802e-05,2.20484197634548,0.306,0.334,0.10678074981656,"16","GJA1"
0.000106264723726035,2.21731865504963,0.207,0.342,0.21252944745207,"16","FRZB"
0.000149141552205456,5.77787298578218,0.264,0.296,0.298283104410913,"16","GAL"
0.000282137570552598,3.37664811420468,0.189,0.32,0.564275141105196,"16","GULP1"
0.000477738252401117,2.91480028240963,0.29,0.324,0.955476504802234,"16","GPX8"
0.00347998065733618,2.40746642166703,0.165,0.281,1,"16","LOXL2"
0,3.84506964950915,0.959,0.171,0,"17","GZMB"
0,5.29641698831371,0.881,0.102,0,"17","IRF8"
0,3.72193069453626,0.99,0.212,0,"17","JCHAIN"
0,9.63391869728093,0.773,0.022,0,"17","LILRA4"
0,7.22320625180185,0.791,0.059,0,"17","PLD4"
0,4.93547469747241,0.943,0.277,0,"17","PLAC8"
0,4.89224129039507,0.677,0.069,0,"17","MPEG1"
0,9.05689663157994,0.595,0.021,0,"17","SCT"
0,10.4993217059487,0.56,0.005,0,"17","CLEC4C"
0,6.06324319948772,0.618,0.066,0,"17","LINC00996"
0,8.09226983310035,0.575,0.043,0,"17","DNASE1L3"
0,7.93999010945945,0.556,0.027,0,"17","TCL1A"
0,7.8598386264071,0.532,0.053,0,"17","LAMP5"
0,9.82231062717275,0.411,0.007,0,"17","PTCRA"
1.29445199210407e-321,6.94697578209726,0.613,0.099,2.58890398420813e-318,"17","PTGDS"
5.34272268468299e-299,4.33687790716717,0.937,0.411,1.0685445369366e-295,"17","TCF4"
9.81089647715281e-286,7.67136973177692,0.663,0.157,1.96217929543056e-282,"17","SMPD3"
3.31113885232689e-281,3.78745432723971,0.751,0.186,6.62227770465379e-278,"17","RNASE6"
1.78260710951353e-279,4.26970358934129,0.912,0.332,3.56521421902706e-276,"17","IRF7"
4.19269813868108e-271,3.96582044857524,0.642,0.107,8.38539627736216e-268,"17","LILRB4"
1.86101269888055e-267,3.63613850560106,0.759,0.199,3.72202539776109e-264,"17","PLEK"
8.85942416140229e-266,2.96294312187408,0.922,0.225,1.77188483228046e-262,"17","ALOX5AP"
4.91410064886424e-252,5.94811603416694,0.742,0.222,9.82820129772848e-249,"17","SPIB"
2.85642820344318e-250,3.69346121710253,0.795,0.2,5.71285640688635e-247,"17","GPR183"
6.97427075001533e-245,3.42584056690204,0.822,0.266,1.39485415000307e-241,"17","SERPINF1"
1.95918438335497e-230,2.81786223131452,0.933,0.504,3.91836876670993e-227,"17","HERPUD1"
4.95067200916365e-217,3.10096040615703,0.742,0.197,9.9013440183273e-214,"17","SELL"
2.05096876050604e-204,2.01288484552738,0.89,0.234,4.10193752101208e-201,"17","TYROBP"
2.46500340088721e-184,2.09947171379364,0.939,0.627,4.93000680177442e-181,"17","NPC2"
4.47470762651734e-184,3.31023189557204,0.818,0.419,8.94941525303468e-181,"17","ITM2C"
4.37437103162669e-182,4.18268185933862,0.773,0.384,8.74874206325338e-179,"17","CLIC3"
7.18611840371892e-174,2.24072971010495,0.879,0.45,1.43722368074378e-170,"17","IFI44L"
1.92492023785592e-172,2.64052175201956,0.853,0.511,3.84984047571183e-169,"17","RNASET2"
2.19057131388283e-171,2.36674700848792,0.599,0.122,4.38114262776566e-168,"17","MS4A6A"
2.66162840805856e-163,3.20276102767719,0.579,0.162,5.32325681611711e-160,"17","GPR65"
6.00089858777625e-152,2.1224760258696,0.599,0.143,1.20017971755525e-148,"17","CYBB"
3.11422604757199e-146,4.21160838185463,0.583,0.173,6.22845209514399e-143,"17","MYBL2"
3.32918660041341e-143,2.61548992852905,0.798,0.433,6.65837320082683e-140,"17","CTSC"
1.56242534114213e-141,2.17758542196139,0.789,0.332,3.12485068228426e-138,"17","LTB"
2.98942392285846e-141,3.13262948208626,0.603,0.204,5.97884784571692e-138,"17","CD4"
2.48661241870278e-137,2.55961632711922,0.728,0.351,4.97322483740556e-134,"17","TPM2"
4.32356148006463e-137,2.78007332822364,0.476,0.105,8.64712296012926e-134,"17","JAML"
2.19741557510761e-134,3.40808320346469,0.481,0.128,4.39483115021522e-131,"17","SLAMF7"
3.51233353677798e-133,3.32972945951255,0.595,0.201,7.02466707355596e-130,"17","DUSP5"
5.7259372496792e-130,3.42371731461856,0.663,0.306,1.14518744993584e-126,"17","PRMT9"
4.92540180280569e-129,4.83008786799793,0.487,0.13,9.85080360561138e-126,"17","IRF4"
9.24010090068989e-108,4.13014840257404,0.393,0.102,1.84802018013798e-104,"17","CXorf21"
8.97969602744882e-100,2.38356720968895,0.613,0.293,1.79593920548976e-96,"17","CD83"
2.35344152224767e-98,3.57615460554718,0.669,0.439,4.70688304449533e-95,"17","AC007952.4"
7.62116278551924e-97,2.71606052934926,0.671,0.413,1.52423255710385e-93,"17","MEF2C"
9.21250231653581e-84,3.23176966772143,0.319,0.089,1.84250046330716e-80,"17","ENPP2"
1.52025498524272e-81,2.68133119820645,0.55,0.268,3.04050997048545e-78,"17","RGS2"
2.18686597030702e-80,2.6144431660158,0.432,0.174,4.37373194061403e-77,"17","PHACTR1"
2.78512378107544e-77,3.10984795910369,0.376,0.125,5.57024756215088e-74,"17","CD36"
4.35937972983604e-70,3.67059372876086,0.583,0.395,8.71875945967209e-67,"17","AC245014.3"
3.64997333892504e-68,2.46548259113092,0.366,0.127,7.29994667785009e-65,"17","IGSF6"
4.21232469733754e-64,2.32725867923085,0.55,0.341,8.42464939467509e-61,"17","ZNF331"
6.43273108948805e-57,3.85706482131724,0.348,0.139,1.28654621789761e-53,"17","GRASP"
8.75121163794191e-53,2.03998506856332,0.358,0.174,1.75024232758838e-49,"17","ALDH2"
1.2337443736884e-51,2.03742456806462,0.515,0.333,2.46748874737681e-48,"17","TNFSF13B"
5.34110007224135e-51,2.70018642817619,0.305,0.11,1.06822001444827e-47,"17","TFEC"
2.41716239137736e-50,3.06220015404831,0.278,0.134,4.83432478275471e-47,"17","AC103591.3"
2.21004830401109e-41,2.42423479674973,0.523,0.404,4.42009660802218e-38,"17","KDM6B"
2.19807536397532e-40,2.94154287327925,0.286,0.141,4.39615072795065e-37,"17","EGLN3"
2.99904032318134e-36,3.59897147385514,0.476,0.359,5.99808064636268e-33,"17","NR4A3"
3.66460921761969e-33,2.81752299607856,0.495,0.398,7.32921843523938e-30,"17","AREG"
1.28406197081876e-26,2.11739897906445,0.27,0.151,2.56812394163751e-23,"17","LAIR1"
2.3221600910098e-24,2.63112848511547,0.311,0.223,4.6443201820196e-21,"17","DERL3"
3.7706726241324e-16,4.50986765414056,0.264,0.173,7.5413452482648e-13,"17","RHEX"
5.08246992872264e-13,3.75911190804766,0.086,0.254,1.01649398574453e-09,"17","AC009404.1"
1.95967669078887e-11,4.27665321368415,0.27,0.268,3.91935338157774e-08,"17","ZNF891"
2.0520294563711e-07,2.29019827766205,0.182,0.361,0.000410405891274219,"17","MIR155HG"
3.88836727562043e-07,2.42289204937011,0.172,0.369,0.000777673455124086,"17","PTCH2"
0,10.8318191104768,0.895,0.052,0,"18","VWF"
0,10.9468933748924,0.83,0.025,0,"18","ADGRL4"
0,7.35871179529547,0.887,0.09,0,"18","GNG11"
0,9.66705171984266,0.805,0.022,0,"18","PLVAP"
0,10.7117792431376,0.79,0.016,0,"18","CDH5"
0,5.56669812797409,0.915,0.148,0,"18","PECAM1"
0,5.99284588764895,0.843,0.089,0,"18","CD93"
0,8.85425771784055,0.752,0.021,0,"18","CD34"
0,10.6238575273495,0.757,0.04,0,"18","EMCN"
0,10.9013741408209,0.715,0.02,0,"18","CLEC14A"
0,6.69130141709073,0.828,0.143,0,"18","COL15A1"
0,10.7017043892381,0.675,0.011,0,"18","PCDH17"
0,9.70042123820941,0.69,0.052,0,"18","ECSCR"
0,9.05748057677432,0.66,0.034,0,"18","PTPRB"
0,10.1069240820647,0.625,0.011,0,"18","CXorf36"
0,10.064544019379,0.63,0.024,0,"18","PCAT19"
0,8.51800316188929,0.652,0.051,0,"18","FABP4"
0,9.47179869039163,0.605,0.007,0,"18","TIE1"
0,10.857226351811,0.603,0.01,0,"18","APLNR"
0,6.97091621926308,0.61,0.037,0,"18","LDB2"
0,7.92727945957091,0.593,0.031,0,"18","ADGRF5"
0,11.0706178949736,0.542,0.015,0,"18","ACKR1"
0,9.02593022364529,0.542,0.028,0,"18","ROBO4"
0,10.264155636326,0.507,0.001,0,"18","TEK"
0,10.4538297483893,0.495,0.009,0,"18","CLDN5"
0,10.10591299698,0.47,0.002,0,"18","SLCO2A1"
0,6.69219290466097,0.488,0.045,0,"18","JCAD"
0,9.82618038835517,0.448,0.015,0,"18","MYCT1"
0,9.74881354745726,0.432,0.005,0,"18","SOX18"
0,9.8674204451179,0.43,0.004,0,"18","SOX17"
0,8.54709673160315,0.47,0.049,0,"18","PREX2"
0,9.21284057388789,0.405,0.012,0,"18","SELE"
0,7.92941244207922,0.41,0.019,0,"18","CAVIN2"
0,7.69305592356544,0.398,0.009,0,"18","HSPA12B"
0,10.3733020653964,0.372,0,0,"18","ARHGEF15"
0,8.78878500374854,0.365,0.006,0,"18","SELP"
0,8.30733441152007,0.362,0.007,0,"18","BCL6B"
0,10.8712550274746,0.258,0.003,0,"18","CCL14"
4.73968434540217e-308,8.28202836132839,0.698,0.113,9.47936869080433e-305,"18","ESAM"
3.41080007367528e-294,7.77164172241167,0.422,0.023,6.82160014735056e-291,"18","ERG"
9.43381551314405e-289,8.68267366290518,0.733,0.061,1.88676310262881e-285,"18","RAMP3"
1.84836073111212e-286,8.42920620053163,0.352,0.019,3.69672146222423e-283,"18","PCDH12"
1.44245673468377e-277,5.91609873431857,0.545,0.077,2.88491346936755e-274,"18","ACVRL1"
1.28954242480876e-275,7.04812713171277,0.905,0.148,2.57908484961751e-272,"18","HSPG2"
5.84192798876401e-274,6.10392807134477,0.938,0.191,1.1683855977528e-270,"18","A2M"
4.37815749575858e-263,5.16003965680286,0.953,0.238,8.75631499151716e-260,"18","IGFBP7"
6.73905378431225e-263,7.94140142351359,0.378,0.032,1.34781075686245e-259,"18","NPR1"
2.68995570510546e-260,6.12588110602591,0.892,0.299,5.37991141021093e-257,"18","SPARCL1"
1.69865155771091e-255,9.57285394480482,0.252,0.01,3.39730311542182e-252,"18","ADAMTS18"
1.73978211874199e-235,6.29131635519582,0.302,0.025,3.47956423748397e-232,"18","CYTL1"
2.95586985007924e-235,5.68543972787624,0.895,0.332,5.91173970015848e-232,"18","ENG"
8.49771159896719e-230,4.13867182208035,0.9,0.22,1.69954231979344e-226,"18","SPARC"
1.13902403083633e-229,7.75434213123437,0.77,0.141,2.27804806167266e-226,"18","EGFL7"
7.81368931902312e-228,6.22585420943471,0.83,0.263,1.56273786380462e-224,"18","COL4A1"
6.14893188216696e-223,5.67154549010365,0.86,0.337,1.22978637643339e-219,"18","RAMP2"
1.0799567082072e-217,5.4605119533672,0.818,0.263,2.1599134164144e-214,"18","COL4A2"
1.57221791427511e-215,8.13749835639517,0.258,0.002,3.14443582855022e-212,"18","GPR4"
3.96166481582217e-214,5.41667562815922,0.805,0.163,7.92332963164434e-211,"18","EPAS1"
2.2487836882566e-211,5.46845810970715,0.745,0.099,4.49756737651319e-208,"18","ARHGAP29"
4.67640761216974e-207,5.14004777565843,0.595,0.103,9.35281522433948e-204,"18","DLC1"
1.17607674545883e-202,4.92402754952742,0.8,0.167,2.35215349091766e-199,"18","CAV1"
9.02130152787387e-201,7.1615295190913,0.792,0.285,1.80426030557477e-197,"18","AQP1"
2.35657016079541e-198,3.96774983993303,0.9,0.412,4.71314032159082e-195,"18","TCF4"
1.18873327807117e-194,5.89500643945881,0.705,0.105,2.37746655614233e-191,"18","VWA1"
2.14213029500305e-194,3.83971527552651,0.818,0.169,4.2842605900061e-191,"18","IGFBP4"
3.16136249347905e-192,2.77900939602526,0.968,0.552,6.3227249869581e-189,"18","IFITM3"
3.49574142115507e-191,8.70994196510924,0.725,0.247,6.99148284231015e-188,"18","CALCRL"
2.63568596967266e-190,4.68415400181119,0.665,0.153,5.27137193934532e-187,"18","TGM2"
9.08000709334179e-179,2.58849230904793,0.955,0.448,1.81600141866836e-175,"18","IFI27"
5.3568079909701e-175,3.65207049070549,0.258,0.012,1.07136159819402e-171,"18","LYVE1"
1.62418502490294e-173,4.07122746949376,0.35,0.048,3.24837004980589e-170,"18","TNXB"
1.78438803255658e-171,4.28845934417009,0.843,0.429,3.56877606511316e-168,"18","NPDC1"
2.42344695991338e-171,3.28197165543816,0.418,0.059,4.84689391982675e-168,"18","FAP"
4.81626300911812e-170,5.57841375269689,0.432,0.071,9.63252601823624e-167,"18","FILIP1"
2.17368720665051e-167,4.60133669295591,0.647,0.097,4.34737441330102e-164,"18","LAMA4"
1.25777111185698e-166,7.25093791183437,0.6,0.144,2.51554222371396e-163,"18","FAM167B"
3.93304095685327e-163,8.73181363377065,0.662,0.214,7.86608191370654e-160,"18","MMRN2"
2.51397036012429e-157,7.45768210694065,0.268,0.011,5.02794072024859e-154,"18","BTNL9"
1.40208186377728e-154,5.30448794677195,0.258,0.029,2.80416372755456e-151,"18","INMT"
1.07314011799188e-153,8.46164170765091,0.49,0.116,2.14628023598377e-150,"18","THSD7A"
2.95052250699991e-153,4.41839233836066,0.7,0.213,5.90104501399981e-150,"18","HTRA1"
6.29669082597784e-152,5.14006483224026,0.655,0.144,1.25933816519557e-148,"18","HEG1"
5.09260739245443e-151,4.80831025429793,0.755,0.259,1.01852147849089e-147,"18","PRCP"
5.23142826640631e-150,6.62515741792102,0.652,0.144,1.04628565328126e-146,"18","SLC9A3R2"
1.00554560462654e-148,4.8534396210991,0.555,0.124,2.01109120925308e-145,"18","CD36"
3.9313004658968e-148,3.87619942541228,0.767,0.25,7.8626009317936e-145,"18","EMP1"
1.2211327711248e-147,6.31421053028367,0.498,0.039,2.4422655422496e-144,"18","RHOJ"
2.53244235864232e-146,3.60242726837049,0.555,0.128,5.06488471728465e-143,"18","STAB1"
8.3487725521816e-145,5.60721529681047,0.608,0.149,1.66975451043632e-141,"18","TCIM"
2.97367612440705e-141,4.54174181998648,0.733,0.258,5.94735224881409e-138,"18","SPRY1"
1.02593858439184e-139,4.96418664087499,0.743,0.307,2.05187716878368e-136,"18","HYAL2"
6.16271731503311e-139,4.10327056557905,0.728,0.299,1.23254346300662e-135,"18","PALMD"
1.11396962613503e-133,5.15454714106798,0.545,0.085,2.22793925227006e-130,"18","TM4SF18"
8.34118071517555e-131,4.57325338825404,0.703,0.308,1.66823614303511e-127,"18","LAMB1"
8.94908203657664e-127,4.84959779217404,0.492,0.067,1.78981640731533e-123,"18","EHD2"
3.37279410028378e-125,3.44430917550822,0.583,0.115,6.74558820056756e-122,"18","THBD"
1.20158742589663e-122,2.65324128713653,0.853,0.512,2.40317485179326e-119,"18","CD59"
4.68611507307751e-122,2.46351259413993,0.7,0.214,9.37223014615503e-119,"18","NNMT"
8.50758956633325e-122,2.69925238594949,0.792,0.312,1.70151791326665e-118,"18","ID3"
6.26960041365095e-120,3.63303126509854,0.677,0.256,1.25392008273019e-116,"18","NRP1"
1.66945645296286e-116,2.87868920671818,0.802,0.463,3.33891290592572e-113,"18","CAVIN1"
1.92746931286043e-116,3.9887742381772,0.552,0.13,3.85493862572087e-113,"18","CFH"
3.87553057344179e-114,2.56549949298873,0.73,0.273,7.75106114688358e-111,"18","KLF2"
1.04376050628344e-109,4.77655721306559,0.49,0.084,2.08752101256689e-106,"18","FAM198B"
1.80078043740681e-107,2.87422981128702,0.365,0.071,3.60156087481363e-104,"18","EBF1"
6.82362308038326e-104,3.75288308341535,0.65,0.266,1.36472461607665e-100,"18","DUSP6"
6.98461948073321e-104,3.20170806658266,0.562,0.18,1.39692389614664e-100,"18","MMP2"
2.01393169212935e-102,3.83936612152981,0.613,0.219,4.0278633842587e-99,"18","ITGA5"
6.45819069826206e-102,3.14517381253656,0.512,0.13,1.29163813965241e-98,"18","FBN1"
9.15639786772555e-102,3.62630648312689,0.545,0.124,1.83127957354511e-98,"18","LPAR6"
1.6599243486292e-97,3.42924086754749,0.492,0.131,3.31984869725839e-94,"18","F2R"
2.01686091397111e-97,7.3480918958359,0.532,0.141,4.03372182794223e-94,"18","KDR"
3.46274921303862e-97,2.02557669032904,0.593,0.18,6.92549842607724e-94,"18","DAB2"
1.64720864331236e-96,2.87397638691961,0.738,0.336,3.29441728662472e-93,"18","ID1"
3.18528942339814e-95,7.14583460182985,0.405,0.102,6.37057884679627e-92,"18","IL33"
9.12434686327806e-95,5.10018598325602,0.39,0.062,1.82486937265561e-91,"18","TSPAN7"
7.73654919954773e-92,3.54034123969468,0.57,0.158,1.54730983990955e-88,"18","TSHZ2"
1.06304196880269e-91,6.41490147278124,0.465,0.116,2.12608393760539e-88,"18","JAM2"
8.50200045278764e-90,4.05364759216424,0.51,0.159,1.70040009055753e-86,"18","APOLD1"
1.53355204515545e-89,2.08801964295137,0.748,0.333,3.0671040903109e-86,"18","VAMP5"
1.57582536638605e-88,3.26296878215993,0.535,0.111,3.1516507327721e-85,"18","FSTL1"
5.23483341137108e-87,5.38376430723711,0.312,0.055,1.04696668227422e-83,"18","GATA2"
3.389634747741e-86,3.64383093988312,0.468,0.137,6.779269495482e-83,"18","DPYSL3"
1.34244259272867e-85,2.12414799502739,0.75,0.396,2.68488518545735e-82,"18","MTRNR2L8"
7.93286945753193e-85,4.25228425245439,0.34,0.053,1.58657389150639e-81,"18","OLFML2A"
8.78011633638911e-84,4.4111866400287,0.298,0.028,1.75602326727782e-80,"18","C2CD4B"
3.9374744914036e-83,5.2373358012734,0.488,0.176,7.8749489828072e-80,"18","SNCG"
2.20598764396927e-82,3.24473043584993,0.52,0.163,4.41197528793853e-79,"18","NRP2"
8.2830468853898e-82,2.91511444693287,0.29,0.052,1.65660937707796e-78,"18","BNC2"
1.11774646621702e-81,2.7362834988164,0.675,0.325,2.23549293243405e-78,"18","SERPINH1"
3.20328955329934e-80,3.17862059657569,0.442,0.139,6.40657910659868e-77,"18","GRASP"
1.17123734113917e-79,2.06440941009313,0.82,0.57,2.34247468227834e-76,"18","MTRNR2L12"
2.49620822058883e-79,5.43157974100221,0.52,0.107,4.99241644117766e-76,"18","FLT1"
2.65731400089339e-79,2.97283981339412,0.258,0.046,5.31462800178677e-76,"18","DNASE1L3"
7.63815974478869e-79,3.58600413370121,0.585,0.211,1.52763194895774e-75,"18","CAVIN3"
1.06719855683266e-78,5.33391213453464,0.455,0.136,2.13439711366531e-75,"18","ADAMTS6"
1.29420027634752e-77,6.64711085594831,0.52,0.184,2.58840055269504e-74,"18","NOTCH4"
3.60686373452988e-77,3.32618470393131,0.542,0.166,7.21372746905977e-74,"18","PRSS23"
1.75707759634119e-75,6.73016842015043,0.46,0.173,3.51415519268239e-72,"18","ZNF385D"
3.15333898999341e-75,2.71241104826696,0.46,0.152,6.30667797998682e-72,"18","C11orf96"
3.50998568209035e-74,6.47422894960427,0.58,0.263,7.01997136418069e-71,"18","PODXL"
4.19225962013288e-70,6.99834911980567,0.537,0.213,8.38451924026576e-67,"18","ADAMTS9"
1.74287383891197e-69,6.77340729567046,0.33,0.013,3.48574767782395e-66,"18","AFAP1L1"
3.19354897886057e-67,3.57523059844691,0.625,0.358,6.38709795772114e-64,"18","COL18A1"
8.71198748016009e-67,2.58431787422343,0.578,0.288,1.74239749603202e-63,"18","RCN1"
5.6251380778914e-65,2.684430763914,0.672,0.414,1.12502761557828e-61,"18","MEF2C"
1.67153366175081e-64,3.92643141227016,0.58,0.333,3.34306732350163e-61,"18","MAP1B"
1.83982897504342e-64,3.29918050800803,0.42,0.156,3.67965795008684e-61,"18","PDK4"
3.20869387278483e-63,2.10460058888953,0.57,0.273,6.41738774556966e-60,"18","ABL2"
8.77607119113824e-63,2.25113477271299,0.44,0.138,1.75521423822765e-59,"18","ITGA1"
7.83677830392172e-58,2.2396759650037,0.515,0.242,1.56735566078434e-54,"18","KCTD12"
1.05572627696823e-55,2.85885495744461,0.348,0.12,2.11145255393647e-52,"18","EDN1"
1.13871948992028e-55,3.90264233214935,0.388,0.084,2.27743897984055e-52,"18","COX7A1"
9.08885358119062e-54,3.05489558502519,0.527,0.28,1.81777071623812e-50,"18","UACA"
3.47180645249771e-53,4.12810906532879,0.455,0.139,6.94361290499542e-50,"18","PLPP1"
7.46072201720322e-52,3.35965767987582,0.398,0.161,1.49214440344064e-48,"18","VCAM1"
5.78320093940208e-51,5.04560369622305,0.418,0.125,1.15664018788041e-47,"18","NID1"
3.07458545816685e-48,2.28497009270124,0.67,0.477,6.14917091633369e-45,"18","RHOB"
6.20411933015927e-47,5.11106108693733,0.51,0.323,1.24082386603185e-43,"18","NUAK1"
1.66448151224438e-46,2.40327646767103,0.502,0.242,3.32896302448876e-43,"18","PLS3"
3.56446754298664e-46,2.25560918564715,0.652,0.455,7.12893508597328e-43,"18","TSC22D1"
1.83815102328438e-42,2.63388834912528,0.452,0.164,3.67630204656876e-39,"18","TIMP3"
5.33209205609071e-42,2.77453797121357,0.305,0.112,1.06641841121814e-38,"18","TGFB1I1"
1.66908331038272e-40,4.05229946424886,0.52,0.296,3.33816662076544e-37,"18","INSR"
5.79092826548004e-40,5.99141817093324,0.435,0.191,1.15818565309601e-36,"18","HECW2"
4.67760234434349e-39,4.48638795050611,0.292,0.035,9.35520468868698e-36,"18","CDH13"
5.62720407950291e-38,3.92021299319703,0.412,0.168,1.12544081590058e-34,"18","PLPP3"
1.81951907829426e-37,2.70536350203772,0.262,0.062,3.63903815658852e-34,"18","FHL1"
6.03680904032328e-37,3.35763848978047,0.482,0.253,1.20736180806466e-33,"18","RBP7"
8.85672910788881e-37,2.62787151458304,0.398,0.22,1.77134582157776e-33,"18","LHFPL6"
5.38461228968141e-36,2.01908974145103,0.28,0.117,1.07692245793628e-32,"18","IGFBP2"
1.1185889206667e-34,3.3617757658433,0.475,0.324,2.2371778413334e-31,"18","FAM241A"
3.49353012128264e-34,2.69895252914289,0.545,0.399,6.98706024256528e-31,"18","NFIA"
7.51549131876259e-31,2.14277500396076,0.47,0.24,1.50309826375252e-27,"18","MALL"
1.08326128017819e-27,3.2136381673106,0.328,0.16,2.16652256035638e-24,"18","MGLL"
1.83205812206155e-26,3.2109717949136,0.498,0.332,3.66411624412309e-23,"18","GJA1"
5.64534356364112e-26,2.59009348183165,0.255,0.09,1.12906871272822e-22,"18","ENPP2"
6.53428517618265e-25,2.05709131160052,0.342,0.224,1.30685703523653e-21,"18","MLKL"
4.32808882227387e-24,2.13157211454843,0.385,0.205,8.65617764454774e-21,"18","THBS1"
8.43211827789649e-23,2.07594704629197,0.35,0.244,1.6864236555793e-19,"18","CDKN1C"
2.50355106379644e-22,3.76118679457071,0.415,0.273,5.00710212759288e-19,"18","C1orf54"
4.42302661418236e-22,5.00468344134136,0.258,0.074,8.84605322836473e-19,"18","STC1"
5.39598432907516e-22,6.91075652426349,0.39,0.217,1.07919686581503e-18,"18","SEMA3F"
6.60090218092237e-21,2.66668734272842,0.408,0.318,1.32018043618447e-17,"18","TGFBR3"
2.40855437770087e-20,2.18297029952967,0.148,0.319,4.81710875540174e-17,"18","GULP1"
8.98256937981126e-19,2.37700373365485,0.34,0.253,1.79651387596225e-15,"18","CYB5D2"
2.84694345834022e-17,3.102185165942,0.27,0.134,5.69388691668043e-14,"18","MSRB3"
1.04112803603956e-16,3.97474703246518,0.328,0.153,2.08225607207911e-13,"18","TFPI"
3.60905328346011e-15,4.87235214827039,0.42,0.288,7.21810656692022e-12,"18","ADAMTS1"
9.95260524069975e-15,2.97503981587747,0.16,0.3,1.99052104813995e-11,"18","SHISA2"
7.6507383729153e-14,2.60229028787965,0.258,0.186,1.53014767458306e-10,"18","CX3CL1"
2.08420054026845e-13,3.44500658626778,0.438,0.337,4.16840108053689e-10,"18","BCAM"
7.39385714498888e-13,5.5764386224797,0.292,0.219,1.47877142899778e-09,"18","ADM5"
5.97074969845076e-12,3.62602991849434,0.282,0.134,1.19414993969015e-08,"18","ANGPTL2"
7.02758761990825e-11,2.20371830709376,0.325,0.266,1.40551752398165e-07,"18","DNAJB4"
7.73518621043777e-11,4.10476092938646,0.325,0.198,1.54703724208755e-07,"18","ADAMTS4"
1.07063182220662e-10,2.49110121198584,0.318,0.277,2.14126364441324e-07,"18","LTBP2"
3.0701953776256e-10,4.21123315053833,0.27,0.114,6.14039075525119e-07,"18","SEMA6B"
3.15377504787599e-10,2.55364283924011,0.222,0.352,6.30755009575199e-07,"18","MT1M"
7.88124925028759e-10,2.11262967502975,0.358,0.293,1.57624985005752e-06,"18","ADIRF"
7.08422212925986e-09,2.34596102052322,0.275,0.244,1.41684442585197e-05,"18","PDGFA"
5.53533699364356e-08,3.56337485049376,0.265,0.113,0.000110706739872871,"18","CXCL12"
5.94461026108551e-08,2.57747566382779,0.34,0.279,0.00011889220522171,"18","LOXL2"
1.39998782956126e-06,3.13017754690438,0.182,0.283,0.00279997565912253,"18","ELN"
1.53040640094391e-06,2.76393224935198,0.18,0.297,0.00306081280188783,"18","SNAI1"
1.95821495757597e-05,3.64449792302402,0.392,0.354,0.0391642991515195,"18","MCAM"
4.6904938144458e-05,2.24413381689818,0.258,0.203,0.0938098762889159,"18","GGT5"
6.29829440751555e-05,5.39652214241939,0.265,0.243,0.125965888150311,"18","APLN"
0.000157625554456877,2.8354359405245,0.368,0.353,0.315251108913755,"18","PTP4A3"
0.000329692094165548,2.00676435880935,0.252,0.133,0.659384188331095,"18","CD40"
0.00311204110070994,2.95280372692358,0.26,0.343,1,"18","NRN1"
0.00471750881679724,2.61856223574739,0.38,0.363,1,"18","NREP"
0.00537900900465867,2.43519184118706,0.29,0.29,1,"18","TCN2"
0.0097525564383998,5.11708041354772,0.26,0.298,1,"18","MECOM"
0,6.74248735990599,0.468,0.013,0,"19","CNN1"
5.82600343113306e-297,5.53170410426362,0.648,0.082,1.16520068622661e-293,"19","PTN"
3.80185406913722e-243,5.23793670785341,0.933,0.248,7.60370813827443e-240,"19","TAGLN"
3.55994159117976e-207,5.03690564498828,0.897,0.436,7.11988318235951e-204,"19","DST"
5.05710206182125e-187,7.38718993634525,0.314,0.019,1.01142041236425e-183,"19","IL17B"
5.62360033619541e-182,5.43035681703018,0.491,0.082,1.12472006723908e-178,"19","SEMA5A"
6.86106489012265e-181,8.08980837771903,0.578,0.111,1.37221297802453e-177,"19","COL17A1"
1.13200623096118e-179,3.83936122089634,0.823,0.214,2.26401246192235e-176,"19","NNMT"
5.94594973710409e-179,3.26067450865067,0.925,0.43,1.18918994742082e-175,"19","KRT17"
3.66484327684703e-178,5.38220679713169,0.781,0.18,7.32968655369407e-175,"19","MYLK"
5.17987698019993e-176,3.69343226489178,0.987,0.704,1.03597539603999e-172,"19","MT2A"
4.54974201586298e-174,4.53628688408813,0.83,0.241,9.09948403172596e-171,"19","FBXO32"
2.70162004472508e-171,6.25501275493544,0.519,0.088,5.40324008945016e-168,"19","SYT8"
3.10467374327019e-165,3.89275120351946,0.892,0.409,6.20934748654039e-162,"19","MT1E"
4.88192124505269e-164,7.92489542808455,0.326,0.023,9.76384249010538e-161,"19","RNASE7"
8.702466903485e-155,5.08419072147943,0.753,0.121,1.740493380697e-151,"19","ACTA2"
9.57219845207817e-148,3.97444307302576,0.758,0.217,1.91443969041563e-144,"19","MYL9"
1.7346167066573e-144,4.5788478995095,0.566,0.122,3.46923341331459e-141,"19","PLAT"
1.85063474282343e-143,2.69379466003172,0.866,0.431,3.70126948564686e-140,"19","CALD1"
2.93907375046308e-137,3.3692859681159,0.83,0.405,5.87814750092616e-134,"19","TPM1"
6.9120816649845e-134,5.20191689053921,0.692,0.259,1.3824163329969e-130,"19","C2orf40"
6.00868070601562e-132,2.15141086766104,0.298,0.033,1.20173614120312e-128,"19","VGLL3"
1.00746803007164e-131,2.74806902373209,0.925,0.558,2.01493606014328e-128,"19","MT1X"
1.46486096167695e-131,3.44800109917408,0.794,0.352,2.92972192335391e-128,"19","TPM2"
6.00284865942446e-128,2.34456282770998,0.941,0.552,1.20056973188489e-124,"19","IFITM3"
4.05463447756966e-127,4.88156745430629,0.568,0.114,8.10926895513932e-124,"19","DKK3"
1.82630629719879e-126,3.0927890161791,0.437,0.084,3.65261259439758e-123,"19","COX7A1"
8.02415773919864e-123,4.46336889399683,0.72,0.261,1.60483154783973e-119,"19","SAA1"
2.119559380992e-120,3.24773054218709,0.746,0.328,4.239118761984e-117,"19","CLU"
2.12365401817221e-120,6.07091468576526,0.424,0.088,4.24730803634442e-117,"19","RRAD"
4.23550049633574e-119,3.70887423398645,0.365,0.054,8.47100099267149e-116,"19","EDIL3"
1.39785358766033e-110,2.2862427315416,0.368,0.069,2.79570717532066e-107,"19","SERPINE1"
7.24779336435751e-110,2.8978630024116,0.671,0.301,1.4495586728715e-106,"19","SPARCL1"
1.24740822576822e-107,3.96448268786299,0.386,0.073,2.49481645153644e-104,"19","ITGBL1"
1.61119912975331e-103,4.94884530277269,0.458,0.113,3.22239825950662e-100,"19","TUBB2B"
3.12969383015691e-102,3.56831114062285,0.609,0.168,6.25938766031382e-99,"19","CAV1"
1.56275740210652e-100,2.41529671974603,0.434,0.11,3.12551480421303e-97,"19","MEG3"
4.45326953610431e-100,2.51582579224429,0.617,0.171,8.90653907220863e-97,"19","C1R"
5.58744492881785e-99,2.11867090591781,0.9,0.703,1.11748898576357e-95,"19","FOSB"
1.88010088781043e-98,2.30442008218085,0.83,0.454,3.76020177562086e-95,"19","IER3"
2.98530932260661e-98,3.10591678958634,0.298,0.042,5.97061864521322e-95,"19","PRKG1"
1.4220018210699e-97,4.17231283340178,0.319,0.031,2.8440036421398e-94,"19","ITIH5"
2.79534303176173e-96,3.20272873446186,0.568,0.158,5.59068606352346e-93,"19","TSHZ2"
7.33550453188731e-96,4.96095602400073,0.522,0.152,1.46710090637746e-92,"19","MYH11"
3.780471410418e-95,2.1168635453668,0.272,0.023,7.56094282083601e-92,"19","SERPINA11"
3.24696448706779e-94,5.18022479119445,0.542,0.141,6.49392897413559e-91,"19","MAOB"
4.62939495439339e-92,4.18331475812002,0.496,0.162,9.25878990878678e-89,"19","STAC2"
2.58341648024745e-89,3.88840710550382,0.481,0.109,5.1668329604949e-86,"19","SYNM"
4.45593445619409e-87,2.48971480033219,0.568,0.155,8.91186891238819e-84,"19","CCL2"
1.47740143322152e-85,3.39502335115057,0.445,0.069,2.95480286644303e-82,"19","EFEMP1"
2.92561647378819e-84,3.82498931260062,0.483,0.145,5.85123294757638e-81,"19","GAS1"
2.83967726369836e-83,5.55888272890749,0.524,0.176,5.67935452739672e-80,"19","SNCG"
7.15709448177965e-83,2.9543266855685,0.625,0.194,1.43141889635593e-79,"19","A2M"
7.66147946852757e-81,5.91848449991535,0.347,0.067,1.53229589370551e-77,"19","NGFR"
1.20503356139073e-80,3.56897111716031,0.352,0.035,2.41006712278145e-77,"19","CDH13"
3.87708102864048e-80,3.33719369521704,0.429,0.104,7.75416205728096e-77,"19","NEXN"
1.58004743875466e-79,4.55732497410144,0.388,0.057,3.16009487750932e-76,"19","CARMN"
1.00978857130725e-77,2.37228466056743,0.689,0.345,2.01957714261449e-74,"19","NFIB"
1.2508536024408e-77,3.66989215947803,0.296,0.019,2.5017072048816e-74,"19","SCUBE2"
3.71701024568357e-76,6.75919632119356,0.26,0.047,7.43402049136714e-73,"19","MMP3"
4.24149803000119e-76,3.01761672721543,0.447,0.116,8.48299606000239e-73,"19","IGFBP2"
4.25467590052253e-74,3.13381538258755,0.391,0.118,8.50935180104506e-71,"19","AKAP12"
2.72283540578434e-73,2.660296033569,0.717,0.383,5.44567081156867e-70,"19","GADD45B"
4.00229296959112e-72,4.38641614894199,0.378,0.055,8.00458593918223e-69,"19","FST"
4.78132172985792e-72,6.27113448587021,0.396,0.105,9.56264345971583e-69,"19","CLDN11"
1.38694954153157e-70,7.52728407219433,0.38,0.08,2.77389908306314e-67,"19","OXTR"
3.34777548394303e-70,2.80892977890231,0.638,0.283,6.69555096788606e-67,"19","SFN"
4.38666916135715e-70,5.74089530685827,0.311,0.021,8.77333832271429e-67,"19","GRP"
1.51981218339694e-67,3.00181750846547,0.447,0.125,3.03962436679387e-64,"19","CPE"
1.99144367803572e-66,3.60809170128084,0.481,0.163,3.98288735607143e-63,"19","GEM"
6.99024518819816e-66,4.21415558043865,0.535,0.265,1.39804903763963e-62,"19","TNC"
4.33215375468959e-65,3.08494203821444,0.53,0.204,8.66430750937917e-62,"19","THBS1"
5.79722671881034e-62,2.3058808322221,0.671,0.369,1.15944534376207e-58,"19","CEBPD"
5.54289958458105e-59,2.72492135721552,0.339,0.064,1.10857991691621e-55,"19","PDPN"
1.61252316207182e-58,3.12701081475101,0.568,0.221,3.22504632414363e-55,"19","CYR61"
2.3829861349188e-58,4.92956577009558,0.442,0.187,4.7659722698376e-55,"19","NTN4"
2.59315840347178e-58,3.78403687836513,0.473,0.183,5.18631680694356e-55,"19","SEMA3C"
3.23513635281903e-58,3.55022991636374,0.596,0.349,6.47027270563807e-55,"19","MT1M"
4.60758664865516e-58,2.55202330614714,0.64,0.351,9.21517329731033e-55,"19","SFRP1"
5.5685099397784e-58,4.62907945410881,0.532,0.276,1.11370198795568e-54,"19","LTBP2"
1.86370849825834e-55,2.03462998424594,0.635,0.281,3.72741699651669e-52,"19","TIMP1"
2.32901131185661e-52,2.09086933702177,0.298,0.066,4.65802262371323e-49,"19","SLC1A2"
2.47954224636612e-52,2.9816345595834,0.321,0.08,4.95908449273225e-49,"19","MT1A"
2.65114547779756e-52,2.59189318502833,0.635,0.394,5.30229095559512e-49,"19","CXCL14"
7.84674990149812e-51,3.12484031797926,0.334,0.117,1.56934998029962e-47,"19","JAM2"
1.22314939167566e-50,2.71743313766028,0.427,0.132,2.44629878335132e-47,"19","ANXA3"
1.86948684538094e-49,3.77121163852557,0.347,0.135,3.73897369076188e-46,"19","TFAP2B"
4.72060329528878e-47,3.39877934901341,0.275,0.047,9.44120659057755e-44,"19","NTM"
1.38896271399542e-46,3.92360927482918,0.463,0.242,2.77792542799084e-43,"19","CAMK2N1"
9.02131374163641e-46,4.28605786306289,0.288,0.062,1.80426274832728e-42,"19","NRG1"
4.62498916726385e-45,4.10528951081055,0.38,0.133,9.24997833452771e-42,"19","MSRB3"
7.58186991924118e-45,2.45890457380164,0.504,0.246,1.51637398384824e-41,"19","PALLD"
8.64096595554534e-42,2.53173015032988,0.404,0.197,1.72819319110907e-38,"19","BICC1"
1.2715016461367e-39,3.44778700681538,0.378,0.169,2.5430032922734e-36,"19","FMO2"
1.39062233934928e-38,4.86090940815823,0.36,0.172,2.78124467869855e-35,"19","SERPINA3"
3.27687519269585e-37,3.47189248922692,0.368,0.112,6.5537503853917e-34,"19","TGFB1I1"
3.93153549106722e-37,3.29577752626729,0.434,0.242,7.86307098213444e-34,"19","CRISPLD1"
2.03833844734435e-36,3.80044271319314,0.514,0.336,4.07667689468871e-33,"19","BCAM"
1.53782223618624e-33,3.28550627435082,0.252,0.086,3.07564447237247e-30,"19","DNALI1"
5.51531489657371e-32,3.51912971493796,0.344,0.174,1.10306297931474e-28,"19","ZNF385D"
4.25833458805263e-31,4.16572768484551,0.362,0.163,8.51666917610526e-28,"19","SBSPON"
1.32870598320165e-30,3.92633076611071,0.298,0.11,2.6574119664033e-27,"19","GDF15"
3.08753691407123e-29,2.02387706339282,0.548,0.362,6.17507382814246e-26,"19","GADD45A"
5.31649365862815e-29,3.67700670891025,0.442,0.209,1.06329873172563e-25,"19","CHI3L1"
8.66956754854101e-29,2.04695360782746,0.332,0.142,1.7339135097082e-25,"19","ADRB2"
1.35797127291456e-28,2.60190366412226,0.519,0.345,2.71594254582912e-25,"19","MME"
1.59753319919132e-28,2.19911988640925,0.427,0.172,3.19506639838265e-25,"19","IGFBP4"
1.04982333903982e-25,3.06224315614213,0.355,0.205,2.09964667807964e-22,"19","ADAMTS5"
6.20471250003749e-25,3.29540398758745,0.342,0.145,1.2409425000075e-21,"19","SYNPO2"
2.06772551280191e-24,3.65238722273286,0.368,0.225,4.13545102560382e-21,"19","GLT8D2"
2.55705003397001e-24,4.71559895106907,0.437,0.295,5.11410006794001e-21,"19","ARC"
1.96343712284123e-22,3.06940078474262,0.278,0.122,3.92687424568246e-19,"19","XDH"
7.10677115716484e-22,2.43031539206917,0.26,0.098,1.42135423143297e-18,"19","CHRDL2"
2.10357364561142e-21,2.23857153765168,0.316,0.14,4.20714729122284e-18,"19","PLPP1"
2.35182852903587e-21,2.66611192533655,0.324,0.185,4.70365705807174e-18,"19","NOTCH4"
7.26158626720347e-21,2.79447234421264,0.355,0.167,1.45231725344069e-17,"19","NTRK2"
8.00052779432332e-21,2.01667521017685,0.46,0.272,1.60010555886466e-17,"19","RND3"
5.35536080695222e-18,2.93625894383771,0.278,0.096,1.07107216139044e-14,"19","ITGA11"
1.44432142196143e-17,2.73103352672975,0.344,0.17,2.88864284392286e-14,"19","PDLIM3"
6.32763603875799e-17,3.31489365471175,0.293,0.108,1.2655272077516e-13,"19","VWA1"
1.73783613927888e-16,2.15752452219913,0.437,0.341,3.47567227855776e-13,"19","PDLIM7"
2.37562007222991e-12,3.65708862375215,0.383,0.263,4.75124014445981e-09,"19","ACTG2"
1.65483426098184e-10,2.29589709449304,0.411,0.354,3.30966852196367e-07,"19","MCAM"
3.63388591964716e-10,2.08106541171495,0.496,0.441,7.26777183929432e-07,"19","AC007952.4"
8.31133409046368e-09,3.32896059866407,0.252,0.134,1.66226681809274e-05,"19","IL20"
1.27272607789035e-07,2.17666383178749,0.447,0.349,0.000254545215578069,"19","MXRA8"
1.13685134569704e-06,2.12171398040804,0.355,0.303,0.00227370269139408,"19","PEG3"
3.10416721533398e-05,2.15522188788852,0.334,0.307,0.0620833443066796,"19","IGFBP6"
0.000330950527601841,3.31392323287758,0.308,0.245,0.661901055203682,"19","CDKN1C"
0.000344576190119321,3.85133962377118,0.378,0.309,0.689152380238642,"19","MMP7"
0.000489608219598891,2.08004055327831,0.329,0.279,0.979216439197783,"19","LOXL2"
0,6.04250143580621,0.83,0.064,0,"20","PDGFRB"
0,10.6959527365295,0.594,0.003,0,"20","AVPR1A"
0,6.20737778873163,0.611,0.032,0,"20","ADGRF5"
0,6.1319472881619,0.615,0.041,0,"20","PRKG1"
0,11.3062280164267,0.545,0.003,0,"20","CDH6"
0,6.13576438335443,0.576,0.042,0,"20","KCNE4"
0,5.66471418491063,0.545,0.018,0,"20","NID2"
0,6.63752812854249,0.462,0.021,0,"20","ECEL1"
0,11.1690027866759,0.431,0.003,0,"20","COX4I2"
0,12.8785133577564,0.389,0,0,"20","AC007406.3"
0,7.65624412398863,0.392,0.023,0,"20","AC140912.1"
0,6.45912148619508,0.375,0.009,0,"20","GABRD"
0,6.77005753041336,0.344,0.006,0,"20","LINC02577"
0,3.47304677942301,0.344,0.011,0,"20","ABCA8"
0,6.25252291226384,0.33,0.002,0,"20","GPR4"
0,3.31453600062757,0.295,0,0,"20","LINC01972"
0,6.77174710108453,0.264,0.002,0,"20","KCNA5"
0,2.84622790084585,0.25,0.005,0,"20","C7"
1.97626258336499e-323,5.60085576120757,0.747,0.083,3.95252516672997e-320,"20","COX7A1"
6.93488640337614e-308,2.71142986835898,0.25,0.008,1.38697728067523e-304,"20","SYT6"
2.88013088219336e-299,4.64306113541558,0.483,0.037,5.76026176438671e-296,"20","EDNRB"
7.42299637133152e-283,7.26185078829844,0.403,0.029,1.4845992742663e-279,"20","IBSP"
3.23662103694829e-282,6.11146082639322,0.434,0.024,6.47324207389658e-279,"20","TDO2"
2.27625737156924e-281,3.89238829963602,0.417,0.023,4.55251474313847e-278,"20","CPXM1"
1.38444062008693e-272,4.46571965821937,0.344,0.018,2.76888124017386e-269,"20","CCL21"
1.328214914012e-261,5.17228926234612,0.642,0.07,2.656429828024e-258,"20","EBF1"
4.17152069619119e-255,4.20074279289985,0.524,0.042,8.34304139238237e-252,"20","ADAMTS2"
2.04739321166578e-232,4.2439043042234,0.51,0.031,4.09478642333156e-229,"20","ASPN"
7.6119280614209e-230,6.8542117925884,0.965,0.3,1.52238561228418e-226,"20","SPARCL1"
5.84460552133015e-229,7.50480173044304,0.684,0.119,1.16892110426603e-225,"20","EDNRA"
1.52473199286547e-215,5.97060735651384,0.566,0.071,3.04946398573095e-212,"20","FILIP1"
2.91972183151585e-213,3.44409253297852,0.347,0.026,5.83944366303169e-210,"20","LINC01929"
6.67703645491718e-212,4.3822309474827,0.799,0.137,1.33540729098344e-208,"20","ITGA1"
1.801559119867e-211,5.84368826023255,0.99,0.239,3.60311823973399e-208,"20","IGFBP7"
1.95785472024351e-209,5.71661441448632,0.712,0.109,3.91570944048702e-206,"20","THY1"
4.76006298199398e-206,5.47944936955402,0.885,0.151,9.52012596398796e-203,"20","C11orf96"
9.20844254674469e-200,6.08718428352627,0.882,0.263,1.84168850934894e-196,"20","COL4A1"
2.18976406969617e-195,5.85869574753063,0.885,0.263,4.37952813939233e-192,"20","COL4A2"
6.3813371276252e-189,4.91879897510796,0.983,0.432,1.27626742552504e-185,"20","CALD1"
5.30229999646329e-187,5.62881954270673,0.729,0.106,1.06045999929266e-183,"20","FILIP1L"
1.03932623559575e-185,4.49386394560357,0.934,0.193,2.07865247119149e-182,"20","A2M"
1.18629866489647e-183,6.05397771083144,0.705,0.152,2.37259732979295e-180,"20","TFPI"
1.40975614964611e-182,6.15704824353352,0.58,0.036,2.81951229929223e-179,"20","COL5A3"
1.63835970715309e-180,8.80812687863023,0.396,0.014,3.27671941430618e-177,"20","HIGD1B"
2.66089835712714e-179,5.13213120345073,0.885,0.167,5.32179671425429e-176,"20","CAV1"
1.11568280939552e-177,5.61678571860448,0.92,0.217,2.23136561879103e-174,"20","MYL9"
6.02349816954625e-176,6.19288918848247,0.899,0.357,1.20469963390925e-172,"20","COL18A1"
3.49082914540153e-171,4.49707938825472,0.604,0.117,6.98165829080306e-168,"20","AKAP12"
3.25851236357647e-168,7.04205202398905,0.635,0.047,6.51702472715293e-165,"20","GJA4"
3.72026106324944e-168,4.57368775742944,0.899,0.222,7.44052212649889e-165,"20","SPARC"
7.69340620521585e-168,4.37451691594899,0.889,0.306,1.53868124104317e-164,"20","COL6A2"
1.22952048899382e-163,3.3164733511632,0.979,0.553,2.45904097798763e-160,"20","IFITM3"
1.27966213283022e-160,4.38565790101182,0.781,0.091,2.55932426566044e-157,"20","PRRX1"
6.78994149561093e-160,4.82174456196527,0.927,0.281,1.35798829912219e-156,"20","TIMP1"
6.9663156923728e-159,5.24121770728922,0.767,0.124,1.39326313847456e-155,"20","CPE"
7.36975517791062e-159,3.88908249585314,0.906,0.241,1.47395103558212e-155,"20","SERPING1"
2.26881499166929e-158,5.866193662568,0.806,0.218,4.53762998333859e-155,"20","LHFPL6"
4.58372844828914e-157,3.59218190016133,0.576,0.078,9.16745689657828e-154,"20","COL5A1"
1.33497004031603e-156,4.44194295470096,0.622,0.104,2.66994008063207e-153,"20","DLC1"
1.80398110751564e-156,9.04874390578749,0.309,0.002,3.60796221503128e-153,"20","CBLN1"
2.06128451558172e-154,6.46513065789067,0.674,0.143,4.12256903116344e-151,"20","SYNPO2"
3.55002494612905e-154,4.41436744733036,0.913,0.352,7.1000498922581e-151,"20","TPM2"
2.20556365600468e-153,3.36382943342001,0.306,0.031,4.41112731200936e-150,"20","AC008397.1"
1.68004340035955e-151,6.44775794518009,0.854,0.122,3.3600868007191e-148,"20","ACTA2"
3.00300410744402e-151,3.54557521669832,0.875,0.214,6.00600821488804e-148,"20","NNMT"
3.478127206384e-149,4.45178519829091,0.674,0.134,6.956254412768e-146,"20","POSTN"
1.471391983695e-148,6.81632711328662,0.622,0.03,2.94278396739e-145,"20","EGFL6"
3.49652362705715e-148,4.10239219023428,0.913,0.406,6.99304725411429e-145,"20","TPM1"
5.39086034566774e-148,5.22089542196662,0.747,0.171,1.07817206913355e-144,"20","PLAC9"
5.73348507145507e-148,5.95523155360023,0.819,0.22,1.14669701429101e-144,"20","SOD3"
2.93232846057405e-147,8.18196123207866,0.576,0.101,5.8646569211481e-144,"20","KCNJ8"
2.45120071242442e-146,5.1382633922838,0.34,0.035,4.90240142484883e-143,"20","RGS4"
1.58997678294049e-145,3.26892548807657,0.861,0.2,3.17995356588098e-142,"20","COL1A2"
1.16452413092857e-144,2.45866357975285,0.354,0.036,2.32904826185715e-141,"20","TMEM119"
2.07824967431653e-143,3.17084375833434,0.84,0.169,4.15649934863306e-140,"20","COL3A1"
2.34967826395598e-143,3.96261774509899,0.861,0.254,4.69935652791195e-140,"20","BGN"
3.63510785778136e-142,5.70173572416539,0.663,0.067,7.27021571556272e-139,"20","EHD2"
2.19079075570101e-141,3.91074081730223,0.514,0.088,4.38158151140203e-138,"20","RRAD"
7.03544205915367e-141,7.3810626178719,0.514,0.061,1.40708841183073e-137,"20","TBX2"
5.37742249161847e-139,2.68824292650976,0.319,0.033,1.07548449832369e-135,"20","HOXD9"
2.06848322455463e-138,4.45787314248139,0.767,0.226,4.13696644910926e-135,"20","COL5A2"
3.38844817232686e-137,3.93499652151392,0.781,0.258,6.77689634465372e-134,"20","AEBP1"
2.07410365099433e-136,2.12350254385271,0.448,0.06,4.14820730198867e-133,"20","FAP"
2.34087361741261e-136,5.03983165543998,0.823,0.332,4.68174723482522e-133,"20","MAP1B"
4.86086196524674e-136,5.16297041016219,0.705,0.11,9.72172393049348e-133,"20","TGFB1I1"
1.69979785859211e-135,5.44099531891978,0.854,0.249,3.39959571718423e-132,"20","TAGLN"
3.4049544129117e-133,3.6792536918332,0.816,0.268,6.80990882582341e-130,"20","SERPINF1"
1.18504217504671e-132,2.66946644279586,0.375,0.047,2.37008435009341e-129,"20","NTM"
2.35557548084761e-129,3.79776976021607,0.781,0.171,4.71115096169522e-126,"20","C1R"
3.51205947644352e-129,4.47882954985916,0.677,0.098,7.02411895288703e-126,"20","LAMA4"
5.5367775255482e-125,5.37195861074265,0.622,0.157,1.10735550510964e-121,"20","CD248"
3.17300729654655e-124,4.23206962091153,0.344,0.046,6.34601459309309e-121,"20","ACKR4"
3.09625957968035e-123,3.88909541417787,0.795,0.297,6.1925191593607e-120,"20","COL6A1"
6.09224623275544e-122,6.47470471674725,0.569,0.052,1.21844924655109e-118,"20","OLFML2A"
1.11497503015557e-121,5.83030381957301,0.486,0.022,2.22995006031114e-118,"20","ABCC9"
1.35209549987723e-121,9.14940152165272,0.663,0.116,2.70419099975447e-118,"20","RGS5"
5.3317996928255e-119,4.61128497747718,0.701,0.166,1.0663599385651e-115,"20","PRSS23"
3.29874186781553e-118,3.4023347290402,0.792,0.17,6.59748373563106e-115,"20","IGFBP4"
2.50753928457569e-115,5.22417601094506,0.778,0.352,5.01507856915138e-112,"20","MCAM"
2.85161289690688e-114,7.15909231318551,0.5,0.061,5.70322579381375e-111,"20","CCL26"
1.32939007752925e-113,7.11443652409826,0.462,0.075,2.6587801550585e-110,"20","ACAN"
2.34343806003828e-113,4.51731917450688,0.771,0.211,4.68687612007657e-110,"20","CAVIN3"
2.79530438365487e-112,3.56590400057168,0.674,0.111,5.59060876730974e-109,"20","FSTL1"
5.43698701447825e-112,3.71008010661341,0.715,0.163,1.08739740289565e-108,"20","TIMP3"
1.54799067637608e-111,3.12030184496957,0.59,0.074,3.09598135275216e-108,"20","COL12A1"
1.85954850518809e-110,4.61679995429626,0.747,0.308,3.71909701037617e-107,"20","CRISPLD2"
2.34842887530324e-110,6.45041966037531,0.674,0.201,4.69685775060648e-107,"20","CCDC102B"
2.67718701804929e-110,3.17828333263346,0.337,0.011,5.35437403609857e-107,"20","DNM3OS"
2.73126508242746e-109,5.21564359192326,0.628,0.114,5.46253016485492e-106,"20","DKK3"
3.73365023223689e-109,5.38451661563511,0.573,0.065,7.46730046447379e-106,"20","STEAP4"
2.32356806781169e-107,4.46393723949654,0.75,0.32,4.64713613562339e-104,"20","PCOLCE"
1.4083315507914e-106,4.76766289586509,0.323,0.019,2.8166631015828e-103,"20","HSD11B1"
1.41415829670482e-104,5.74306966459178,0.618,0.19,2.82831659340964e-101,"20","SMOC2"
4.62810370328057e-103,4.35153846951938,0.622,0.131,9.25620740656113e-100,"20","CFH"
3.13884834571909e-101,4.57952036970184,0.448,0.085,6.27769669143818e-98,"20","ADAMTS12"
1.36000268585103e-100,5.43583833141419,0.597,0.122,2.72000537170206e-97,"20","PLXDC1"
4.40236836956028e-100,3.14658999644912,0.66,0.223,8.80473673912055e-97,"20","COL6A3"
7.07860012345686e-100,6.45225939451211,0.729,0.24,1.41572002469137e-96,"20","PPP1R14A"
4.29837459932322e-99,5.41262441147107,0.639,0.215,8.59674919864644e-96,"20","ANGPT2"
6.91544577859935e-99,2.81334948488606,0.812,0.343,1.38308915571987e-95,"20","FN1"
1.91537868285606e-98,3.11707303313432,0.833,0.356,3.83075736571212e-95,"20","MFGE8"
2.78479280558995e-98,5.18954567477938,0.642,0.197,5.5695856111799e-95,"20","ADAMTS4"
5.77870818333853e-98,3.91711932114719,0.601,0.101,1.15574163666771e-94,"20","ARHGAP29"
1.76389117402242e-97,4.89286921846659,0.774,0.291,3.52778234804485e-94,"20","ADIRF"
2.29535098372518e-97,7.45402783363564,0.378,0.016,4.59070196745036e-94,"20","LMOD1"
1.52412004767519e-96,4.36834054582864,0.604,0.171,3.04824009535038e-93,"20","COL14A1"
6.38470488312306e-96,5.77543754537547,0.444,0.054,1.27694097662461e-92,"20","EDIL3"
2.09537865850027e-95,3.09823851665099,0.84,0.421,4.19075731700055e-92,"20","CRIP1"
2.6260069938129e-93,2.02701731340725,0.354,0.059,5.2520139876258e-90,"20","SUCNR1"
6.99370407139701e-93,4.33396797834555,0.608,0.201,1.3987408142794e-89,"20","GGT5"
8.30518897064331e-92,5.04096475226234,0.545,0.166,1.66103779412866e-88,"20","SGIP1"
5.21991977509048e-90,2.2711908684826,0.917,0.66,1.0439839550181e-86,"20","ITGB1"
5.98611753515485e-90,3.4493226346687,0.778,0.414,1.19722350703097e-86,"20","MEF2C"
8.48555979400837e-89,2.78682716894345,0.385,0.069,1.69711195880167e-85,"20","SERPINE1"
1.45362343891008e-88,3.06071812498563,0.75,0.342,2.90724687782016e-85,"20","COL1A1"
1.83648221239935e-88,3.67187453823528,0.441,0.035,3.67296442479871e-85,"20","CDH13"
1.18146923534731e-87,2.88768394508965,0.764,0.279,2.36293847069462e-84,"20","LGALS3BP"
9.85607158007571e-86,2.76423385844543,0.302,0.042,1.97121431601514e-82,"20","AC011498.1"
1.11937692175211e-85,3.15959399507281,0.764,0.362,2.23875384350423e-82,"20","MIR4435-2HG"
6.99381749866495e-83,3.01070880415687,0.767,0.364,1.39876349973299e-79,"20","PHLDA1"
1.07033883869216e-82,4.02689963906322,0.691,0.182,2.14067767738432e-79,"20","MYLK"
2.31607358837947e-82,3.59856620896195,0.587,0.159,4.63214717675893e-79,"20","APOLD1"
1.67318542674761e-81,3.61701097793593,0.528,0.117,3.34637085349522e-78,"20","EFEMP2"
1.95392967040589e-81,3.07235401036475,0.472,0.107,3.90785934081179e-78,"20","CXCL9"
2.27715478584905e-81,3.71674857990954,0.583,0.194,4.55430957169811e-78,"20","EMILIN1"
2.31503791133554e-81,5.44503013363722,0.444,0.08,4.63007582267108e-78,"20","MT1A"
6.00658304328517e-80,2.79947035407499,0.708,0.242,1.20131660865703e-76,"20","PLS3"
2.32673200817285e-79,3.36966034163972,0.521,0.138,4.65346401634571e-76,"20","RCN3"
4.14523647797831e-79,2.56840091683455,0.722,0.253,8.29047295595662e-76,"20","TGFBI"
5.36998477888398e-79,3.16707077440423,0.392,0.079,1.0739969557768e-75,"20","ACVRL1"
1.88797972668378e-78,5.75739059576539,0.396,0.095,3.77595945336756e-75,"20","LINC02515"
9.27470800183269e-78,4.35933311806686,0.66,0.28,1.85494160036654e-74,"20","UACA"
9.37075760560888e-78,2.32849157858672,0.67,0.213,1.87415152112178e-74,"20","PMP22"
1.39037215826351e-77,2.99591327535645,0.497,0.125,2.78074431652703e-74,"20","CD36"
2.66850804822019e-77,3.94437173053153,0.253,0.006,5.33701609644037e-74,"20","CLEC3B"
1.29778484263865e-75,2.06033252772689,0.844,0.45,2.59556968527729e-72,"20","IFI27"
1.56724959717229e-75,3.84096925739403,0.476,0.084,3.13449919434458e-72,"20","PTN"
4.0817916287941e-74,2.23831852951482,0.479,0.118,8.16358325758821e-71,"20","SLC8A1"
6.52829234006286e-74,2.14552955235562,0.854,0.513,1.30565846801257e-70,"20","CD59"
3.35155946580238e-72,4.62034752989408,0.632,0.287,6.70311893160477e-69,"20","ADAMTS1"
6.92125988155043e-71,2.2336724335239,0.781,0.357,1.38425197631009e-67,"20","NDUFA4L2"
7.54022756986382e-71,2.72057357751216,0.625,0.195,1.50804551397276e-67,"20","C1S"
4.30971244702626e-70,2.25817787394281,0.295,0.058,8.61942489405253e-67,"20","CDC20B"
2.56574843810194e-68,4.28731823399839,0.632,0.165,5.13149687620388e-65,"20","EPAS1"
1.78999089353452e-67,3.09979850354477,0.521,0.163,3.57998178706904e-64,"20","GEM"
3.79041400815033e-67,2.28501841092782,0.764,0.414,7.58082801630066e-64,"20","TCF4"
1.33521956482182e-65,6.46114706613149,0.514,0.057,2.67043912964364e-62,"20","CARMN"
1.41842773062364e-63,2.77416773206854,0.479,0.124,2.83685546124728e-60,"20","PLAT"
2.61266426545812e-63,2.01525656332382,0.41,0.11,5.22532853091624e-60,"20","MEG3"
3.8189880211747e-63,5.51297083123279,0.503,0.177,7.6379760423494e-60,"20","SNCG"
5.44316247506644e-63,2.81885659076376,0.767,0.464,1.08863249501329e-59,"20","CAVIN1"
1.08849078022166e-62,3.2879676856707,0.507,0.169,2.17698156044331e-59,"20","ECM1"
1.78090902637631e-62,2.54414979047891,0.576,0.207,3.56181805275263e-59,"20","CPM"
1.14195303977939e-61,2.40166456065765,0.597,0.26,2.28390607955879e-58,"20","SPRY1"
3.97805769632961e-60,2.01817473723928,0.628,0.243,7.95611539265922e-57,"20","FBXO32"
5.52245668302367e-60,3.40066253979223,0.469,0.094,1.10449133660473e-56,"20","GNG11"
7.23531065303358e-60,2.36813993688735,0.729,0.333,1.44706213060672e-56,"20","CYTOR"
6.54204712685728e-57,2.11646967648795,0.444,0.132,1.30840942537146e-53,"20","F2R"
6.31740959010802e-55,2.74468459119141,0.667,0.325,1.2634819180216e-51,"20","SERPINH1"
1.71344490363367e-54,4.96577930117721,0.618,0.314,3.42688980726735e-51,"20","CHN1"
7.87324497743406e-54,4.40945186772071,0.573,0.278,1.57464899548681e-50,"20","LOXL2"
9.30559711291335e-54,5.67214297336529,0.503,0.068,1.86111942258267e-50,"20","MAP3K7CL"
1.39700732730477e-53,5.3451639072216,0.458,0.116,2.79401465460955e-50,"20","ESAM"
9.34820115290254e-53,4.80511640562172,0.267,0.029,1.86964023058051e-49,"20","INMT"
9.82090639273673e-53,2.12657021798669,0.472,0.14,1.96418127854735e-49,"20","PLPP1"
5.60283153480458e-52,3.33553980611067,0.403,0.137,1.12056630696092e-48,"20","ANK2"
8.97089660230952e-52,2.99968835773048,0.503,0.222,1.7941793204619e-48,"20","MMP11"
1.35515636645872e-51,4.94446710730567,0.503,0.081,2.71031273291744e-48,"20","TPPP3"
1.71217157421635e-51,2.18226270000164,0.347,0.071,3.4243431484327e-48,"20","TNFRSF11B"
2.79790950176984e-51,2.44071751486178,0.722,0.369,5.59581900353968e-48,"20","CEBPD"
4.29674278057847e-51,2.04532458945697,0.514,0.215,8.59348556115695e-48,"20","HTRA1"
4.71696112294125e-51,2.73935619884909,0.451,0.1,9.4339222458825e-48,"20","CDH11"
6.97102983708811e-51,2.71519552213934,0.604,0.246,1.39420596741762e-47,"20","PALLD"
1.22307043441948e-50,3.25974736952962,0.413,0.124,2.44614086883897e-47,"20","F3"
5.46743818135248e-50,8.89963606649285,0.358,0.01,1.0934876362705e-46,"20","PLN"
7.14443215137163e-50,2.6582169321466,0.469,0.146,1.42888643027433e-46,"20","COL15A1"
3.77242402822003e-49,3.9643102743533,0.312,0.04,7.54484805644006e-46,"20","RUNX1T1"
8.28373352229126e-49,2.34863342653561,0.906,0.705,1.65674670445825e-45,"20","MT2A"
2.95134657588312e-48,3.16316264137562,0.566,0.204,5.90269315176623e-45,"20","THBS1"
1.21119784229697e-46,2.04594466584564,0.378,0.12,2.42239568459394e-43,"20","IL6"
8.15222246736922e-46,2.100776001841,0.733,0.383,1.63044449347384e-42,"20","GADD45B"
8.52529159311604e-46,2.10852619029939,0.438,0.146,1.70505831862321e-42,"20","HEG1"
9.12927218404027e-46,2.07835340018224,0.663,0.323,1.82585443680805e-42,"20","PHLDA2"
1.61794010506556e-45,2.27303375609161,0.49,0.194,3.23588021013113e-42,"20","C2"
5.89497003013221e-45,5.39153508522991,0.573,0.243,1.17899400602644e-41,"20","PDGFA"
1.2841891445092e-43,3.66838197066191,0.292,0.032,2.56837828901841e-40,"20","ITIH5"
1.21841181019421e-42,2.58269134479305,0.444,0.168,2.43682362038843e-39,"20","PLPP3"
1.5817085618329e-42,2.4112119627331,0.538,0.258,3.1634171236658e-39,"20","NRP1"
1.60992308920651e-42,2.54247866498433,0.663,0.46,3.21984617841302e-39,"20","IFITM1"
3.02621472947925e-42,3.31239263495053,0.399,0.146,6.05242945895849e-39,"20","TWIST1"
8.52003547985888e-42,2.11558431197732,0.344,0.102,1.70400709597178e-38,"20","TNFSF15"
2.13776790184437e-41,4.8077575188514,0.479,0.133,4.27553580368874e-38,"20","MSRB3"
2.23118275601116e-41,3.85475191647828,0.583,0.349,4.46236551202232e-38,"20","MT1M"
1.07236568751433e-40,3.34214756876978,0.264,0.021,2.14473137502866e-37,"20","CAVIN2"
1.47016733829697e-40,2.28742206043715,0.094,0.29,2.94033467659395e-37,"20","CYP4X1"
3.28259335929291e-40,2.00846721206462,0.538,0.162,6.56518671858582e-37,"20","RAB31"
3.85895359596943e-40,3.46864124292424,0.465,0.207,7.71790719193885e-37,"20","OLFML3"
5.21137568470675e-40,3.92002988266395,0.476,0.161,1.04227513694135e-36,"20","VCAM1"
1.16467350665052e-39,2.45551486798895,0.365,0.141,2.32934701330104e-36,"20","MROH8"
1.19915532704187e-39,3.17997655785462,0.622,0.333,2.39831065408374e-36,"20","SDC2"
4.83040508924332e-39,3.78922506755468,0.497,0.242,9.66081017848665e-36,"20","CAMK2N1"
8.1651144009342e-39,2.25327590249239,0.556,0.31,1.63302288018684e-35,"20","CPQ"
1.14775009010748e-38,3.7915905469168,0.354,0.083,2.29550018021496e-35,"20","RAMP1"
2.59703610941578e-38,5.82727457592737,0.438,0.039,5.19407221883156e-35,"20","SLIT3"
4.58952196999927e-38,3.21883896288159,0.438,0.151,9.17904393999854e-35,"20","TCIM"
1.12328931711509e-36,4.97137782650224,0.472,0.124,2.24657863423017e-33,"20","PGF"
1.27493262898706e-36,2.66294945635128,0.611,0.37,2.54986525797412e-33,"20","CTGF"
1.37094700969288e-36,5.29630842799307,0.545,0.304,2.74189401938577e-33,"20","ENPEP"
2.98706958814373e-36,2.1420335077073,0.705,0.411,5.97413917628746e-33,"20","MT1E"
4.7429440192109e-36,3.17137283483472,0.427,0.194,9.48588803842181e-33,"20","DCLK1"
1.60274885713589e-33,3.28195256258781,0.351,0.131,3.20549771427177e-30,"20","THBS4"
2.45064947627407e-33,2.95329611091899,0.521,0.31,4.90129895254814e-30,"20","LAMB1"
2.62893672094499e-33,4.68581674367457,0.403,0.159,5.25787344188998e-30,"20","SLC7A2"
4.16661131618648e-33,2.80987011215457,0.288,0.041,8.33322263237297e-30,"20","RHOJ"
4.3828384320216e-33,8.75819119194085,0.299,0.008,8.7656768640432e-30,"20","FOXS1"
7.99782716253083e-33,3.65230710411672,0.365,0.125,1.59956543250617e-29,"20","NR2F1"
8.83169141310134e-33,3.08180341072266,0.549,0.292,1.76633828262027e-29,"20","RGS16"
2.87750362640643e-32,2.04523757552467,0.656,0.438,5.75500725281285e-29,"20","DST"
8.27527024089797e-32,2.6517390884179,0.417,0.12,1.65505404817959e-28,"20","SNAI2"
5.21887124006427e-31,6.34651475034112,0.469,0.227,1.04377424801285e-27,"20","LGI4"
1.40053364872201e-29,2.39923255983485,0.385,0.185,2.80106729744402e-26,"20","HAS2"
4.59835302283118e-29,4.14209500572502,0.549,0.34,9.19670604566236e-26,"20","OLFML2B"
2.1532483818789e-28,4.50385983418636,0.451,0.265,4.30649676375779e-25,"20","ANGPT1"
3.76208036236276e-28,2.65656266246421,0.382,0.134,7.52416072472552e-25,"20","ANGPTL2"
3.94832707625572e-28,2.00719270339747,0.337,0.111,7.89665415251144e-25,"20","SYNM"
4.16310247995065e-28,3.37673021547476,0.378,0.078,8.3262049599013e-25,"20","SULF1"
4.82492376135147e-28,2.4764786137315,0.434,0.173,9.64984752270295e-25,"20","TNFAIP6"
3.6339874366106e-27,3.76943886231534,0.514,0.253,7.2679748732212e-24,"20","SEPT4"
2.19803390204876e-25,3.18520752563194,0.455,0.125,4.39606780409752e-22,"20","AXL"
2.96068855554322e-24,2.07644580743243,0.503,0.339,5.92137711108645e-21,"20","ANGPTL4"
3.52723077714434e-24,3.59576492229011,0.535,0.352,7.05446155428868e-21,"20","PTP4A3"
2.11248102303618e-23,3.38623658262043,0.26,0.044,4.22496204607235e-20,"20","PIEZO2"
9.83802050568702e-23,2.37437526777699,0.476,0.29,1.9676041011374e-19,"20","SPON2"
4.21705909161893e-22,4.52910621725157,0.358,0.084,8.43411818323786e-19,"20","SEMA5A"
4.63370630598607e-22,3.16737062620339,0.389,0.225,9.26741261197214e-19,"20","GLT8D2"
7.87079043917264e-22,2.88450155151239,0.455,0.318,1.57415808783453e-18,"20","CERCAM"
5.18349392541465e-21,2.21485850868292,0.538,0.399,1.03669878508293e-17,"20","NFIA"
9.32360037854362e-21,2.40546430586254,0.347,0.164,1.86472007570872e-17,"20","RBP5"
2.64389006702276e-19,4.08195414923446,0.33,0.128,5.28778013404552e-16,"20","PAPPA"
5.89612755067715e-19,2.91113650610964,0.281,0.106,1.17922551013543e-15,"20","AC005480.1"
5.89919696009155e-19,2.06295778768912,0.559,0.42,1.17983939201831e-15,"20","TENT5A"
4.67573893900645e-17,4.81427896218285,0.281,0.036,9.35147787801289e-14,"20","ECM2"
6.14729205232956e-17,2.73058261609331,0.375,0.168,1.22945841046591e-13,"20","NTRK2"
5.45660022142361e-16,2.7254286451927,0.438,0.273,1.09132004428472e-12,"20","C1orf54"
7.94793846902834e-16,3.26908085614222,0.278,0.054,1.58958769380567e-12,"20","FABP4"
4.12029625420537e-15,3.22921379474492,0.368,0.178,8.24059250841074e-12,"20","DEPP1"
4.57161110012574e-14,3.32571705957309,0.271,0.034,9.14322220025148e-11,"20","VGLL3"
7.75343909785163e-14,4.32731362275515,0.375,0.126,1.55068781957033e-10,"20","NID1"
1.91103400053454e-13,2.69157396286954,0.181,0.282,3.82206800106908e-10,"20","ELN"
5.06111206226485e-13,4.84978467814486,0.396,0.248,1.01222241245297e-09,"20","TGFB3"
7.28799601793909e-13,3.42310033929464,0.323,0.185,1.45759920358782e-09,"20","DACT1"
7.54874760045792e-12,6.14976158062713,0.274,0.063,1.50974952009158e-08,"20","PI15"
2.57667842068932e-11,6.08467290072094,0.389,0.153,5.15335684137863e-08,"20","MYH11"
3.15579515628001e-10,3.36480881935421,0.476,0.339,6.31159031256002e-07,"20","FRZB"
4.70464344473622e-10,8.2880808042162,0.34,0.068,9.40928688947244e-07,"20","WFDC1"
1.05027235047985e-09,3.8577918996679,0.358,0.105,2.10054470095969e-06,"20","NEXN"
1.35211366695945e-09,4.73744165400009,0.372,0.214,2.70422733391889e-06,"20","ADAMTS9"
1.09645330049228e-08,2.04850894486511,0.41,0.324,2.19290660098456e-05,"20","NUAK1"
2.50514342472715e-08,3.05940960069659,0.302,0.15,5.01028684945429e-05,"20","SORBS2"
5.842048587858e-08,4.67098656165945,0.319,0.062,0.00011684097175716,"20","FHL1"
1.26293835263508e-07,2.19578656726983,0.458,0.369,0.000252587670527015,"20","UBE2E2"
1.66548123214226e-07,8.92535550800702,0.281,0.005,0.000333096246428453,"20","OR51E1"
5.96083205016686e-06,2.33231725513096,0.448,0.341,0.0119216641003337,"20","PDLIM7"
1.17238731865138e-05,2.44402088754115,0.438,0.378,0.0234477463730277,"20","CLEC11A"
1.85021850203299e-05,2.69851137101007,0.306,0.199,0.0370043700406599,"20","MEST"
4.09750995731269e-05,9.12175900125921,0.281,0.08,0.0819501991462538,"20","RERGL"
5.14536333613702e-05,2.0165777466706,0.288,0.125,0.10290726672274,"20","ANTXR1"
5.42217072791695e-05,2.06122584003698,0.333,0.25,0.108443414558339,"20","CALCRL"
0.000544300079093571,3.35196899194859,0.24,0.264,1,"20","ACTG2"
0.000979088332133006,3.17505781686477,0.299,0.338,1,"20","BCAM"
0.00169841810241161,4.11587157966343,0.351,0.296,1,"20","CCL19"
0.00244443651158083,3.37917121818006,0.24,0.267,1,"20","TNC"
0.00730605246159184,2.85429086457214,0.257,0.161,1,"20","MGLL"
0.00845520889282896,2.22672654125669,0.306,0.171,1,"20","PDLIM3"
0,14.6173687649659,1,0.002,0,"21","CPA3"
0,14.2885500256331,1,0.005,0,"21","TPSAB1"
0,13.8303899682718,0.978,0.017,0,"21","TPSB2"
0,12.9269199678336,0.955,0.007,0,"21","HDC"
0,14.0679967435282,0.876,0.001,0,"21","MS4A2"
0,10.4824604131816,0.899,0.025,0,"21","HPGDS"
0,10.0207324003584,0.888,0.03,0,"21","IL1RL1"
0,11.6079355433561,0.764,0.012,0,"21","AL662860.1"
0,2.26274109128692,0.753,0.013,0,"21","APLNR"
0,5.42988141711511,0.742,0.009,0,"21","PDZK1"
0,12.1841622033301,0.708,0.007,0,"21","AL157895.1"
4.94065645841247e-323,9.47519384110925,0.674,0.006,9.88131291682493e-320,"21","SLC18A2"
2.55193551579719e-299,4.76491222879709,0.764,0.025,5.10387103159439e-296,"21","ERG"
1.273590227247e-198,5.06782872996386,0.775,0.048,2.547180454494e-195,"21","NTM"
2.14075544519538e-170,3.205271808271,0.607,0.024,4.28151089039077e-167,"21","CYP24A1"
1.33476252916057e-152,9.98936458238212,0.798,0.056,2.66952505832113e-149,"21","GATA2"
8.5984232273879e-141,4.220853436465,0.787,0.07,1.71968464547758e-137,"21","LINC00996"
5.86736060907999e-115,3.7275393610543,0.809,0.061,1.173472121816e-111,"21","CLEC12A"
4.98366915998963e-104,2.582524457037,0.719,0.069,9.96733831997926e-101,"21","AP003306.2"
8.17869509970023e-102,8.92223205366,0.64,0.013,1.63573901994005e-98,"21","KRT1"
4.40579316375098e-85,6.24835025538894,0.629,0.025,8.81158632750197e-82,"21","UTS2"
1.46292867093426e-79,2.41933364502017,0.764,0.119,2.92585734186853e-76,"21","AKAP12"
7.61767903083927e-75,7.12118836719998,0.764,0.088,1.52353580616785e-71,"21","RGS13"
3.1515696261826e-68,3.18397140159018,0.416,0.014,6.3031392523652e-65,"21","AC010319.3"
3.64354450421803e-58,2.95995808679067,0.753,0.041,7.28708900843607e-55,"21","RHOJ"
1.1004559159586e-56,4.29521596877827,0.393,0.033,2.20091183191721e-53,"21","PCDH10"
6.29512735722091e-55,3.68366892133047,0.674,0.089,1.25902547144418e-51,"21","RRAD"
5.2020880948403e-53,4.85029072681895,0.955,0.398,1.04041761896806e-49,"21","AREG"
3.84850056435995e-52,5.7548778493659,0.551,0.022,7.6970011287199e-49,"21","FCER1A"
2.27053751532337e-51,6.6504280344376,0.854,0.169,4.54107503064675e-48,"21","LTC4S"
9.36023873318866e-51,4.23755562400991,0.933,0.33,1.87204774663773e-47,"21","CLU"
7.0155223028379e-50,2.70949860766827,0.798,0.151,1.40310446056758e-46,"21","LAIR1"
7.57788482370304e-49,7.22871330891854,0.809,0.079,1.51557696474061e-45,"21","VWA5A"
1.84653046053239e-48,3.6657538442297,0.955,0.319,3.69306092106478e-45,"21","CD69"
2.51231130875531e-46,2.76529057394298,0.888,0.206,5.02462261751062e-43,"21","SAMSN1"
6.24502935097506e-46,3.4929599101868,0.798,0.117,1.24900587019501e-42,"21","PTGS2"
3.62751129597349e-44,3.33598193859842,0.775,0.27,7.25502259194697e-41,"21","ESR1"
8.3621539834977e-44,2.49910207507623,0.978,0.447,1.67243079669954e-40,"21","SRGN"
3.47197935221542e-43,2.2275911553578,0.697,0.145,6.94395870443085e-40,"21","EGFL7"
7.17228591885636e-43,3.27564475416737,0.899,0.23,1.43445718377127e-39,"21","ALOX5AP"
1.3199435765057e-42,2.00029429722743,0.82,0.165,2.6398871530114e-39,"21","TIMP3"
4.25638550685866e-40,4.54507769700118,0.865,0.419,8.51277101371732e-37,"21","ACSL4"
2.2289368944555e-39,6.17996039096411,0.674,0.075,4.45787378891099e-36,"21","HPGD"
6.55175625840392e-38,2.35724079144611,0.91,0.328,1.31035125168078e-34,"21","FCER1G"
4.84349766103616e-34,2.21325231145671,0.753,0.152,9.68699532207231e-31,"21","CD84"
1.13401000245389e-33,2.9493872139397,0.787,0.293,2.26802000490778e-30,"21","IL18"
3.04586577638719e-33,2.04080396932889,0.742,0.134,6.09173155277438e-30,"21","KLHDC7B"
4.42080671983261e-33,2.22979227942493,0.787,0.208,8.84161343966522e-30,"21","CPM"
1.18742381029865e-32,3.69982802519216,0.82,0.41,2.3748476205973e-29,"21","RAB32"
1.72607829174579e-28,2.21550709734798,0.921,0.398,3.45215658349158e-25,"21","TNFAIP3"
4.00218524980932e-26,2.69027265917245,0.831,0.365,8.00437049961865e-23,"21","ANKRD28"
1.64184548722838e-25,2.02694810745384,0.966,0.704,3.28369097445676e-22,"21","FOSB"
6.57533624129092e-24,2.6210665037419,0.787,0.27,1.31506724825818e-20,"21","RGS2"
1.16165034013467e-23,2.03933982635649,0.798,0.265,2.32330068026935e-20,"21","HLA-DMA"
3.6860841789595e-23,2.09109716552662,0.135,0.283,7.37216835791901e-20,"21","HSPA6"
6.0834800260742e-23,2.81821127182812,0.831,0.42,1.21669600521484e-19,"21","TENT5A"
4.24528273592927e-21,4.04384461070791,0.685,0.145,8.49056547185853e-18,"21","CSF1"
3.04724462261948e-17,7.42432881627891,0.27,0.069,6.09448924523895e-14,"21","STXBP6"
4.72604392443817e-15,2.02668661015628,0.618,0.147,9.45208784887633e-12,"21","HAVCR2"
3.68530918911532e-13,2.84778412686399,0.258,0.063,7.37061837823064e-10,"21","FHL1"
8.24861591615553e-13,4.07170046424059,0.64,0.339,1.6497231832311e-09,"21","KIT"
1.84244150537003e-12,6.61428969338155,0.596,0.173,3.68488301074006e-09,"21","RHEX"
3.21310855958002e-06,12.1519206823586,0.494,0.003,0.00642621711916003,"21","CTSG"
1.2061636071054e-05,4.81000268584192,0.517,0.143,0.0241232721421081,"21","MAOB"
0.000206101499439309,2.09797114068831,0.562,0.215,0.412202998878618,"21","PMP22"
0.000319903235807569,3.28031179351133,0.337,0.106,0.639806471615138,"21","DLC1"
0.00442015210416529,3.45558402731783,0.494,0.165,1,"21","ALOX5"
