"Gene","Spearman_rho","p_value","FDR","Absolute_Spearman_rho","Direction","Stage16B_Strong_Gene"
"IGFBP5",0.719362546762184,0,0,0.719362546762184,"Increasing",TRUE
"NDUFA4L2",0.675276779162637,0,0,0.675276779162637,"Increasing",TRUE
"SEC61B",0.600375507456073,0,0,0.600375507456073,"Increasing",TRUE
"PRDX2",0.585776113240977,0,0,0.585776113240977,"Increasing",TRUE
"RPL7",0.582354482566612,0,0,0.582354482566612,"Increasing",TRUE
"COL8A1",0.580176389418047,0,0,0.580176389418047,"Increasing",TRUE
"VCAN",0.57867653729523,0,0,0.57867653729523,"Increasing",TRUE
"HOOK2",0.576549638973405,0,0,0.576549638973405,"Increasing",TRUE
"CD63",0.575913577677913,0,0,0.575913577677913,"Increasing",TRUE
"MT-ND3",-0.574276974003456,0,0,0.574276974003456,"Decreasing",TRUE
"TMEM205",0.568451988113821,0,0,0.568451988113821,"Increasing",TRUE
"RPL18A",0.559785808303111,0,0,0.559785808303111,"Increasing",TRUE
"TRIR",0.559303031352432,0,0,0.559303031352432,"Increasing",TRUE
"MT-CO2",-0.555364740660432,0,0,0.555364740660432,"Decreasing",TRUE
"CALML3",0.554866901562164,0,0,0.554866901562164,"Increasing",TRUE
"RPL35A",0.552918825462557,0,0,0.552918825462557,"Increasing",TRUE
"IGKC",-0.552405550769452,0,0,0.552405550769452,"Decreasing",TRUE
"CBR3",0.550328456678267,0,0,0.550328456678267,"Increasing",TRUE
"MT-ATP6",-0.548294865200941,0,0,0.548294865200941,"Decreasing",TRUE
"LAPTM4A",0.548176805176369,0,0,0.548176805176369,"Increasing",TRUE
"CSTB",0.547025787303256,0,0,0.547025787303256,"Increasing",TRUE
"ATP5PO",0.545500957877733,0,0,0.545500957877733,"Increasing",TRUE
"NACA",0.543451798688263,0,0,0.543451798688263,"Increasing",TRUE
"C6orf48",0.541803305202623,0,0,0.541803305202623,"Increasing",TRUE
"RPS16",0.541664963480819,0,0,0.541664963480819,"Increasing",TRUE
"EEF1A1",0.539541658697496,0,0,0.539541658697496,"Increasing",TRUE
"HEY1",0.537946634736291,0,0,0.537946634736291,"Increasing",TRUE
"RPL13A",0.534452940042684,0,0,0.534452940042684,"Increasing",TRUE
"ALDH1A1",0.528805395260455,0,0,0.528805395260455,"Increasing",TRUE
"RPS23",0.526487221593964,0,0,0.526487221593964,"Increasing",TRUE
"RPS25",0.525349372442673,0,0,0.525349372442673,"Increasing",TRUE
"B2M",-0.522482200885127,0,0,0.522482200885127,"Decreasing",TRUE
"ATP5F1C",0.519190317549584,0,0,0.519190317549584,"Increasing",TRUE
"SLPI",0.516345890794957,0,0,0.516345890794957,"Increasing",TRUE
"RPS7",0.515266245704721,0,0,0.515266245704721,"Increasing",TRUE
"RPS18",0.513008453214054,0,0,0.513008453214054,"Increasing",TRUE
"CRABP1",0.512690845273554,0,0,0.512690845273554,"Increasing",TRUE
"EIF3H",0.512636591234209,0,0,0.512636591234209,"Increasing",TRUE
"KRT8",0.508338306819001,0,0,0.508338306819001,"Increasing",TRUE
"HLA-DRA",-0.508314084727711,0,0,0.508314084727711,"Decreasing",TRUE
"CNPY2",0.508083820716561,0,0,0.508083820716561,"Increasing",TRUE
"NUDT5",0.506232263340715,0,0,0.506232263340715,"Increasing",TRUE
"SH3YL1",0.505710756256692,0,0,0.505710756256692,"Increasing",TRUE
"SOD1",0.50191539099476,0,0,0.50191539099476,"Increasing",TRUE
"ERH",0.50134177844653,0,0,0.50134177844653,"Increasing",TRUE
"RPL36",-0.500235051791285,0,0,0.500235051791285,"Decreasing",TRUE
"TSEN34",0.49468640730094,0,0,0.49468640730094,"Increasing",TRUE
"TMEM213",0.494422405210493,0,0,0.494422405210493,"Increasing",TRUE
"MMADHC",0.494102149058543,0,0,0.494102149058543,"Increasing",TRUE
"ETFB",0.49249510127185,0,0,0.49249510127185,"Increasing",TRUE
"ATP5F1B",0.49196732621297,0,0,0.49196732621297,"Increasing",TRUE
"CD74",-0.490343005550872,0,0,0.490343005550872,"Decreasing",TRUE
"RPL27",0.489680127919161,0,0,0.489680127919161,"Increasing",TRUE
"TTYH1",0.488412053451446,0,0,0.488412053451446,"Increasing",TRUE
"DNASE2",0.487898097653757,0,0,0.487898097653757,"Increasing",TRUE
"CRABP2",0.487332606596354,0,0,0.487332606596354,"Increasing",TRUE
"SPINT2",0.486003107955693,0,0,0.486003107955693,"Increasing",TRUE
"TMEM167A",0.484514297183495,0,0,0.484514297183495,"Increasing",TRUE
"RPS5",0.479567450968385,0,0,0.479567450968385,"Increasing",TRUE
"NDUFB5",0.479253439685392,0,0,0.479253439685392,"Increasing",TRUE
"CCSER2",0.477952769054031,0,0,0.477952769054031,"Increasing",TRUE
"PPIC",0.476809531113481,0,0,0.476809531113481,"Increasing",TRUE
"OST4",0.47648812295066,0,0,0.47648812295066,"Increasing",TRUE
"PAM",0.476221678305135,0,0,0.476221678305135,"Increasing",TRUE
"CSRP2",0.474347640346317,0,0,0.474347640346317,"Increasing",TRUE
"RPL23A",0.474126770794861,0,0,0.474126770794861,"Increasing",TRUE
"MT-CYB",-0.47245146564588,0,0,0.47245146564588,"Decreasing",TRUE
"ACTB",-0.471908382419786,0,0,0.471908382419786,"Decreasing",TRUE
"TMSB10",-0.471592218647229,0,0,0.471592218647229,"Decreasing",TRUE
"CYC1",0.469450420056082,0,0,0.469450420056082,"Increasing",TRUE
"TCTEX1D2",0.469053053020482,0,0,0.469053053020482,"Increasing",TRUE
"TSTA3",0.466975199708877,0,0,0.466975199708877,"Increasing",TRUE
"SF3B6",0.466446783378146,0,0,0.466446783378146,"Increasing",TRUE
"SLC9A3R1",0.463676029866492,0,0,0.463676029866492,"Increasing",TRUE
"GHITM",0.463639695116659,0,0,0.463639695116659,"Increasing",TRUE
"CUTA",0.462624367938463,0,0,0.462624367938463,"Increasing",TRUE
"ABRACL",0.461402173427744,0,0,0.461402173427744,"Increasing",TRUE
"RBP4",0.45989921355435,0,0,0.45989921355435,"Increasing",TRUE
"NPW",0.457836322578181,0,0,0.457836322578181,"Increasing",TRUE
"NFIX",0.457521024042189,0,0,0.457521024042189,"Increasing",TRUE
"H3F3A",0.457192242700308,0,0,0.457192242700308,"Increasing",TRUE
"RPL8",0.456178572996333,0,0,0.456178572996333,"Increasing",TRUE
"RAD23A",0.454648644746673,0,0,0.454648644746673,"Increasing",TRUE
"CHST1",0.45431838875555,0,0,0.45431838875555,"Increasing",TRUE
"MT-CO1",-0.453247019627337,0,0,0.453247019627337,"Decreasing",TRUE
"MT-CO3",-0.452315730127152,0,0,0.452315730127152,"Decreasing",TRUE
"PPA1",0.452271605574864,0,0,0.452271605574864,"Increasing",TRUE
"BASP1",0.45202380413968,0,0,0.45202380413968,"Increasing",TRUE
"TBCB",0.451642431924118,0,0,0.451642431924118,"Increasing",TRUE
"COPE",0.450886184293079,0,0,0.450886184293079,"Increasing",TRUE
"HMGN1",0.450155413500934,0,0,0.450155413500934,"Increasing",TRUE
"CXCR4",0.44939991654742,0,0,0.44939991654742,"Increasing",TRUE
"COMT",0.449197945129162,0,0,0.449197945129162,"Increasing",TRUE
"DPM1",0.448835531030498,0,0,0.448835531030498,"Increasing",TRUE
"POLR2H",0.448770184053168,0,0,0.448770184053168,"Increasing",TRUE
"HSD17B1",0.447570749464536,0,0,0.447570749464536,"Increasing",TRUE
"CYB5A",0.44743000701941,0,0,0.44743000701941,"Increasing",TRUE
"WDR83OS",0.447037774692014,0,0,0.447037774692014,"Increasing",TRUE
"PHGDH",0.446055588783426,0,0,0.446055588783426,"Increasing",TRUE
"SIX1",0.44490491435866,0,0,0.44490491435866,"Increasing",TRUE
"PDCD6",0.444439392742654,0,0,0.444439392742654,"Increasing",TRUE
"RPS6",0.443735596867716,5.92878775009496e-323,1.25591487172845e-320,0.443735596867716,"Increasing",TRUE
"PERP",0.44332724546754,2.56914135837448e-322,5.390256196128e-320,0.44332724546754,"Increasing",TRUE
"RPS11",0.442622072613125,3.47822214672238e-321,7.22734048705951e-319,0.442622072613125,"Increasing",TRUE
"PIGP",0.440564858936856,6.97877606063678e-318,1.43629857993038e-315,0.440564858936856,"Increasing",TRUE
"VDAC2",0.439548385354511,2.93000147137482e-316,5.97333318846175e-314,0.439548385354511,"Increasing",TRUE
"CDK4",0.438859023774574,3.66840982186428e-315,7.40881647198459e-313,0.438859023774574,"Increasing",TRUE
"AP2M1",0.438447194615039,1.65571090303616e-314,3.31295487172217e-312,0.438447194615039,"Increasing",TRUE
"TNNT1",0.436621670402965,1.28628973337717e-311,2.55015790259456e-309,0.436621670402965,"Increasing",TRUE
"CXCL14",0.436129562805988,7.68174345139982e-311,1.50911341804318e-308,0.436129562805988,"Increasing",TRUE
"TECR",0.436102837704086,8.46393159336198e-311,1.64779785344642e-308,0.436102837704086,"Increasing",TRUE
"MRPL36",0.435004347861045,4.52119794492651e-309,8.72348996338053e-307,0.435004347861045,"Increasing",TRUE
"KRT19",0.434760141670913,1.09261755297784e-308,2.08951020529656e-306,0.434760141670913,"Increasing",TRUE
"HINT2",0.434322527707086,5.30145552932194e-308,1.00495135077761e-305,0.434322527707086,"Increasing",TRUE
"MTRNR2L12",-0.433379884257962,1.57937854237012e-306,2.96785828701028e-304,0.433379884257962,"Decreasing",TRUE
"DBI",0.432940736502825,7.64928773688192e-306,1.42500955167257e-303,0.432940736502825,"Increasing",TRUE
"VIM",0.432661364837952,2.08427018246648e-305,3.84966484129066e-303,0.432661364837952,"Increasing",TRUE
"C19orf53",0.431682859453649,6.92607547446819e-304,1.26841094070557e-301,0.431682859453649,"Increasing",TRUE
"MT-ND4",-0.431521785712698,1.23159746171916e-303,2.23653959224798e-301,0.431521785712698,"Decreasing",TRUE
"CA2",0.4305480313846,3.97022965917898e-302,7.14972191123815e-300,0.4305480313846,"Increasing",TRUE
"RPL34",-0.42962967656335,1.03947114702641e-300,1.85644392456535e-298,0.42962967656335,"Decreasing",TRUE
"RAB10",0.429155477364846,5.58837344871045e-300,9.89875001857646e-298,0.429155477364846,"Increasing",TRUE
"LMO4",0.427909158291283,4.5876199382863e-298,8.0600379566152e-296,0.427909158291283,"Increasing",TRUE
"SH3BGR",0.427882593039977,5.03852022008799e-298,8.78084048033076e-296,0.427882593039977,"Increasing",TRUE
"BABAM1",0.426970739294554,1.25213835521831e-296,2.16469678850141e-294,0.426970739294554,"Increasing",TRUE
"ATP5PF",0.425909752690069,5.19758475100489e-295,8.91427035469965e-293,0.425909752690069,"Increasing",TRUE
"CDC123",0.425706057057659,1.06120907610411e-294,1.80572662477242e-292,0.425706057057659,"Increasing",TRUE
"CBR1",0.425500572185154,2.17924887793878e-294,3.67918501970758e-292,0.425500572185154,"Increasing",TRUE
"PPP1R16A",0.424999107076603,1.25902350955772e-293,2.10910837531336e-291,0.424999107076603,"Increasing",TRUE
"COX4I1",0.424308040180428,1.40491177264944e-292,2.33539564668881e-290,0.424308040180428,"Increasing",TRUE
"ATP5MG",0.423050364207247,1.11667319911993e-290,1.84208456740318e-288,0.423050364207247,"Increasing",TRUE
"PEPD",0.422520516905758,7.01573104560278e-290,1.14856021132936e-287,0.422520516905758,"Increasing",TRUE
"GPAA1",0.422517802888257,7.08202669433478e-290,1.15069621702688e-287,0.422517802888257,"Increasing",TRUE
"GJA1",0.422131550104905,2.69829347705405e-289,4.35150164471179e-287,0.422131550104905,"Increasing",TRUE
"TTC3",0.420975831404963,1.46141096675294e-287,2.33934007344675e-285,0.420975831404963,"Increasing",TRUE
"CISD1",0.420310009718299,1.44704485038708e-286,2.29931170712241e-284,0.420310009718299,"Increasing",TRUE
"ISOC2",0.420017975411298,3.94909694609626e-286,6.22919598577666e-284,0.420017975411298,"Increasing",TRUE
"UTP11",0.419698726482696,1.18209185244285e-285,1.85108731386159e-283,0.419698726482696,"Increasing",TRUE
"PDIA6",0.419314738774722,4.4124265399376e-285,6.85989478619076e-283,0.419314738774722,"Increasing",TRUE
"REXO2",0.419076769312662,9.97254501154022e-285,1.5393335549956e-282,0.419076769312662,"Increasing",TRUE
"CFAP298",0.418117588976129,2.65024602520834e-283,4.06183096487604e-281,0.418117588976129,"Increasing",TRUE
"THUMPD3-AS1",0.416928878549948,1.5212680032087e-281,2.31511278516479e-279,0.416928878549948,"Increasing",TRUE
"SCRG1",0.416562698940379,5.27964865870468e-281,7.97854598004253e-279,0.416562698940379,"Increasing",TRUE
"KDELR1",0.415892689443418,5.1244447896576e-280,7.69022582670143e-278,0.415892689443418,"Increasing",TRUE
"CADM1",0.415863040217606,5.66595766252565e-280,8.44423069566754e-278,0.415863040217606,"Increasing",TRUE
"HMGA1",0.413538210770577,1.44673641363341e-276,2.14136807524781e-274,0.413538210770577,"Increasing",TRUE
"GAPDH",0.412213700523812,1.22873171308492e-274,1.8063192054262e-272,0.412213700523812,"Increasing",TRUE
"SLC25A5",0.411143308188265,4.38586956717097e-273,6.40396225314626e-271,0.411143308188265,"Increasing",TRUE
"RPS27A",0.411118471860811,4.7644559738595e-273,6.91005997282575e-271,0.411118471860811,"Increasing",TRUE
"RPL24",0.410578193930228,2.88047036413905e-272,4.14979763793632e-270,0.410578193930228,"Increasing",TRUE
"DDX39A",0.409727642119468,4.8614702366757e-271,6.9573756168584e-269,0.409727642119468,"Increasing",TRUE
"TAGLN",-0.409705261239574,5.23617251649233e-271,7.44432158430259e-269,0.409705261239574,"Decreasing",TRUE
"KRT14",0.409672832535518,5.83086198506748e-271,8.23561617629465e-269,0.409672832535518,"Increasing",TRUE
"CALML5",0.409551916738104,8.70734831316629e-271,1.22185582498392e-268,0.409551916738104,"Increasing",TRUE
"DYNLT1",0.409264407327046,2.25783418896476e-270,3.14785785958248e-268,0.409264407327046,"Increasing",TRUE
"TF",0.409223184184684,2.58815489231755e-270,3.58525815531938e-268,0.409223184184684,"Increasing",TRUE
"UQCRH",0.409074363991493,4.23637031169513e-270,5.83108040991922e-268,0.409074363991493,"Increasing",TRUE
"UBXN4",0.408787946199524,1.09283964500398e-269,1.49470029927443e-267,0.408787946199524,"Increasing",TRUE
"LSR",0.407929745627515,1.85916287243165e-268,2.52682450775144e-266,0.407929745627515,"Increasing",TRUE
"GPX3",0.407657576332069,4.55916525798828e-268,6.15772257657042e-266,0.407657576332069,"Increasing",TRUE
"IFI16",-0.407167189232907,2.29024306719839e-267,3.07404675044455e-265,0.407167189232907,"Decreasing",TRUE
"NQO1",0.404990689629228,2.86382391685684e-264,3.82019968168372e-262,0.404990689629228,"Increasing",TRUE
"RPL7A",0.404848512094031,4.55464990315964e-264,6.03840395136686e-262,0.404848512094031,"Increasing",TRUE
"BRK1",0.404783999192852,5.62156069312267e-264,7.40743454746225e-262,0.404783999192852,"Increasing",TRUE
"ATP5MC3",0.404174508741496,4.09623078020005e-263,5.36482104000746e-261,0.404174508741496,"Increasing",TRUE
"EXOSC4",0.40413170892703,4.70852886398939e-263,6.12959691269944e-261,0.40413170892703,"Increasing",TRUE
"STX10",0.403146324775773,1.15702581813851e-261,1.49720526526785e-259,0.403146324775773,"Increasing",TRUE
"FBL",0.402453431984036,1.09207965412486e-260,1.40475245985942e-258,0.402453431984036,"Increasing",TRUE
"PSMC4",0.402366913947157,1.44485233287521e-260,1.8475301132209e-258,0.402366913947157,"Increasing",TRUE
"TMEM45A",0.400706211417465,3.06424560775639e-258,3.89519691668327e-256,0.400706211417465,"Increasing",TRUE
"RPS27",-0.400293930982909,1.15301135379859e-257,1.4571096699174e-255,0.400293930982909,"Decreasing",TRUE
"SPATS2",0.399672143892611,8.47719943267562e-257,1.06507139383791e-254,0.399672143892611,"Increasing",TRUE
"HLA-DRB1",-0.399233729596566,3.45173665083151e-256,4.311677978293e-254,0.399233729596566,"Decreasing",TRUE
"S100A1",0.399065270020111,5.91699120828186e-256,7.34863103511327e-254,0.399065270020111,"Increasing",TRUE
"TMEM147",0.399055733015335,6.10025350475269e-256,7.53294161358318e-254,0.399055733015335,"Increasing",TRUE
"SSR3",0.398960184806397,8.28020104996469e-256,1.01667695846441e-253,0.398960184806397,"Increasing",TRUE
"PPP1R1B",0.397879906450434,2.60160678370386e-254,3.17631201106443e-252,0.397879906450434,"Increasing",TRUE
"UCHL3",0.396814577491074,7.69595378030377e-253,9.34323377485194e-251,0.396814577491074,"Increasing",TRUE
"LTF",-0.396065542481714,8.26611465649941e-252,9.97937082273477e-250,0.396065542481714,"Decreasing",TRUE
"MDH1",0.394671867655366,6.73881009826789e-250,8.09031590130939e-248,0.394671867655366,"Increasing",TRUE
"LARP6",0.394461650470667,1.30639577584902e-249,1.55973550917664e-247,0.394461650470667,"Increasing",TRUE
"SEC13",0.394249645173685,2.54565614486189e-249,3.02261699398161e-247,0.394249645173685,"Increasing",TRUE
"LINC00623",0.394154487372861,3.43378061105597e-249,4.05486333360216e-247,0.394154487372861,"Increasing",TRUE
"RPL5",0.393816628668727,9.92878561949826e-249,1.16609270237694e-246,0.393816628668727,"Increasing",TRUE
"RPS28",-0.393352828956924,4.25628070975278e-248,4.97179600744635e-246,0.393352828956924,"Decreasing",TRUE
"YBEY",0.392455391580796,7.06814484961093e-247,8.21196829032753e-245,0.392455391580796,"Increasing",TRUE
"KRT6B",0.392284356042195,1.20624981338554e-246,1.39396034584286e-244,0.392284356042195,"Increasing",TRUE
"ACP1",0.392259365320228,1.30419784060478e-246,1.49913379443985e-244,0.392259365320228,"Increasing",TRUE
"RHOBTB3",0.391987890741218,3.04423182454568e-246,3.48073278986414e-244,0.391987890741218,"Increasing",TRUE
"PSAP",0.389728234113547,3.42182089216045e-243,3.89187102524143e-241,0.389728234113547,"Increasing",TRUE
"MYO10",0.389605135107642,5.00917959775338e-243,5.66745398468327e-241,0.389605135107642,"Increasing",TRUE
"RPL28",0.389061649607161,2.68935233416459e-242,3.02692208027587e-240,0.389061649607161,"Increasing",TRUE
"SAA1",-0.388630687680326,1.01726164563741e-241,1.13901679597018e-239,0.388630687680326,"Decreasing",TRUE
"ACTL6A",0.387924142907662,8.97042327454199e-241,9.99231169911611e-239,0.387924142907662,"Increasing",TRUE
"ODC1",0.387804150336188,1.29758503889775e-240,1.43799039438874e-238,0.387804150336188,"Increasing",TRUE
"CDKN2A",0.387665204357325,1.98929284264382e-240,2.1932968535476e-238,0.387665204357325,"Increasing",TRUE
"MPZL2",0.387614919567231,2.32183898577568e-240,2.54695129353363e-238,0.387614919567231,"Increasing",TRUE
"FXYD3",0.387515901662546,3.14769659278837e-240,3.43544057425034e-238,0.387515901662546,"Increasing",TRUE
"PSMA5",0.387496002112715,3.34616691789017e-240,3.63370186410084e-238,0.387496002112715,"Increasing",TRUE
"MRPS6",0.387433699568629,4.05204850470755e-240,4.37823840933651e-238,0.387433699568629,"Increasing",TRUE
"ARL1",0.38706942651933,1.23977746547553e-239,1.33291497656349e-237,0.38706942651933,"Increasing",TRUE
"P4HA1",0.386889876532599,2.1503184375169e-239,2.30041492251189e-237,0.386889876532599,"Increasing",TRUE
"RPL18",0.386356379621146,1.1021292528046e-238,1.17325187946342e-236,0.386356379621146,"Increasing",TRUE
"HLA-DPA1",-0.386088448800019,2.50133591573218e-238,2.64969946759668e-236,0.386088448800019,"Decreasing",TRUE
"DDIT4",0.385237819093363,3.35743402709829e-237,3.53922679637044e-235,0.385237819093363,"Increasing",TRUE
"RPS15",-0.385172530535553,4.09669870321296e-237,4.29755626099185e-235,0.385172530535553,"Decreasing",TRUE
"SDHC",0.385032626308857,6.27433306502511e-237,6.55016123358419e-235,0.385032626308857,"Increasing",TRUE
"FAM162A",0.384992872911018,7.0820050799697e-237,7.35779470087236e-235,0.384992872911018,"Increasing",TRUE
"SMAGP",0.384735226166148,1.55171800308401e-236,1.60443186826055e-234,0.384735226166148,"Increasing",TRUE
"FAM84A",0.38468827018307,1.79004611499534e-236,1.84204269262139e-234,0.38468827018307,"Increasing",TRUE
"RPL31",0.384359931357867,4.85817267754964e-236,4.97559770435297e-234,0.384359931357867,"Increasing",TRUE
"TMED10",0.383714440046409,3.44720152022604e-235,3.51386909679645e-233,0.383714440046409,"Increasing",TRUE
"MRPL47",0.383397771925584,9.00012644690931e-235,9.1311142027094e-233,0.383397771925584,"Increasing",TRUE
"PSMB1",0.38329640985652,1.22337169325528e-234,1.23537674258161e-232,0.38329640985652,"Increasing",TRUE
"MTRNR2L8",-0.383230276678264,1.49454930562201e-234,1.5021958369531e-232,0.383230276678264,"Decreasing",TRUE
"CCT8",0.383192117557841,1.67753908655413e-234,1.67831572502012e-232,0.383192117557841,"Increasing",TRUE
"TSFM",0.382695052109932,7.54192308891993e-234,7.51064322357418e-232,0.382695052109932,"Increasing",TRUE
"PCMT1",0.381898054891695,8.3527451305906e-233,8.2799459757827e-231,0.381898054891695,"Increasing",TRUE
"RPL22L1",0.381506360099433,2.71655556507502e-232,2.68058291147357e-230,0.381506360099433,"Increasing",TRUE
"PSMB5",0.38142654126006,3.45386444543405e-232,3.39263684844681e-230,0.38142654126006,"Increasing",TRUE
"DLX5",0.38129030584547,5.20277647609703e-232,5.0874207985727e-230,0.38129030584547,"Increasing",TRUE
"RPL21",0.381152400110739,7.87517002322499e-232,7.6658749640492e-230,0.381152400110739,"Increasing",TRUE
"NNMT",-0.38082071486187,2.13251189985746e-231,2.06652834779909e-229,0.38082071486187,"Decreasing",TRUE
"ADI1",0.380104190928419,1.82711730630277e-230,1.76267879416084e-228,0.380104190928419,"Increasing",TRUE
"EPCAM",0.379515471371957,1.06289730597134e-229,1.02085381253514e-227,0.379515471371957,"Increasing",TRUE
"RER1",0.378061571409912,8.09623295840346e-228,7.74157496597782e-226,0.378061571409912,"Increasing",TRUE
"NEBL",0.376830174685279,3.12297754408867e-226,2.9730195915311e-224,0.376830174685279,"Increasing",TRUE
"FABP5",0.376329795831664,1.3714877168005e-225,1.29990568245872e-223,0.376329795831664,"Increasing",TRUE
"KRT5",0.376080952697899,2.8599095538387e-225,2.69880547853512e-223,0.376080952697899,"Increasing",TRUE
"MALL",0.37581651996216,6.24022806770675e-225,5.86310124100621e-223,0.37581651996216,"Increasing",TRUE
"ANP32B",0.375657194335288,9.98182839704355e-225,9.33797885974507e-223,0.375657194335288,"Increasing",TRUE
"ELOF1",0.375641395742679,1.04576298612669e-224,9.74092160784383e-223,0.375641395742679,"Increasing",TRUE
"RPL41",0.375467172589688,1.74732933825087e-224,1.62059171672108e-222,0.375467172589688,"Increasing",TRUE
"LTBP4",0.374972780349771,7.48631808289461e-224,6.91364674236549e-222,0.374972780349771,"Increasing",TRUE
"DDAH2",0.374905642314046,9.11997752533502e-224,8.38649848180808e-222,0.374905642314046,"Increasing",TRUE
"ARL6IP6",0.374864465151008,1.02934496627526e-223,9.42548505135952e-222,0.374864465151008,"Increasing",TRUE
"MT-ND5",-0.374287111482514,5.60804081806952e-223,5.11349207082204e-221,0.374287111482514,"Decreasing",TRUE
"PFN1",0.374006889773802,1.27530098972531e-222,1.1579518650405e-220,0.374006889773802,"Increasing",TRUE
"MRPL9",0.373991313981764,1.33485690873198e-222,1.20695639320912e-220,0.373991313981764,"Increasing",TRUE
"IGHA1",-0.372030066920876,4.09861347936259e-220,3.69045988704273e-218,0.372030066920876,"Decreasing",TRUE
"TUBA1B",0.371792853530685,8.17136715951434e-220,7.32710557332385e-218,0.371792853530685,"Increasing",TRUE
"SDC1",0.371706619397348,1.04994555946656e-219,9.3757535289555e-218,0.371706619397348,"Increasing",TRUE
"GMPR",0.371242765571789,4.03849007058396e-219,3.59143088170038e-217,0.371242765571789,"Increasing",TRUE
"EIF3L",0.370947764043652,9.50166144422975e-219,8.41520097581168e-217,0.370947764043652,"Increasing",TRUE
"RPL37",-0.370916922196475,1.03902291234753e-218,9.16460617788982e-217,0.370916922196475,"Decreasing",TRUE
"MRPL14",0.370394015809935,4.7232871055462e-218,4.14919651832737e-216,0.370394015809935,"Increasing",TRUE
"MAP1LC3B",0.36919908744684,1.48742536295881e-216,1.30134664346316e-214,0.36919908744684,"Increasing",TRUE
"ATG101",0.368662303266966,6.97237465019168e-216,6.07552484639686e-214,0.368662303266966,"Increasing",TRUE
"IDH2",0.368610991882867,8.08071018729952e-216,7.01301795773264e-214,0.368610991882867,"Increasing",TRUE
"PPP2R1A",0.367491412381273,2.0066727972684e-214,1.73456796595881e-212,0.367491412381273,"Increasing",TRUE
"TMEM134",0.367276245631103,3.71486682101941e-214,3.1983375299693e-212,0.367276245631103,"Increasing",TRUE
"EBPL",0.367168045906833,5.06250230082665e-214,4.34129661590729e-212,0.367168045906833,"Increasing",TRUE
"RAB5IF",0.366993455172239,8.33986030119673e-214,7.12349332446092e-212,0.366993455172239,"Increasing",TRUE
"LMAN1",0.36675733374834,1.63735091808036e-213,1.39303753305971e-211,0.36675733374834,"Increasing",TRUE
"CCT5",0.366074135719644,1.14940953459406e-212,9.74068236963833e-211,0.366074135719644,"Increasing",TRUE
"DGUOK",0.365984660845345,1.48307052304648e-212,1.25192007824353e-210,0.365984660845345,"Increasing",TRUE
"MRPS15",0.365647397273601,3.87314579461319e-212,3.25675800084012e-210,0.365647397273601,"Increasing",TRUE
"PTRHD1",0.365522273325458,5.52848020388818e-212,4.63063787620246e-210,0.365522273325458,"Increasing",TRUE
"TMEM14B",0.365507210769708,5.77038807520249e-212,4.81459792683883e-210,0.365507210769708,"Increasing",TRUE
"PIH1D1",0.365391012575866,8.02884455986812e-212,6.67320503610577e-210,0.365391012575866,"Increasing",TRUE
"PSMB9",-0.365340902386205,9.25755459982295e-212,7.66497145219057e-210,0.365340902386205,"Decreasing",TRUE
"CCT2",0.36523726922864,1.2426804663378e-211,1.02497423196793e-209,0.36523726922864,"Increasing",TRUE
"TIMP1",-0.365040003280202,2.17578748222731e-211,1.78778583615712e-209,0.365040003280202,"Decreasing",TRUE
"NCBP2-AS2",0.364764939291478,4.74813681068561e-211,3.88663774541349e-209,0.364764939291478,"Increasing",TRUE
"AL139393.2",0.364742339358828,5.06236920245521e-211,4.12821881000216e-209,0.364742339358828,"Increasing",TRUE
"MRPL34",0.364569795417397,8.25578121202922e-211,6.70704631548689e-209,0.364569795417397,"Increasing",TRUE
"ATP5PD",0.364400913875754,1.33207023509789e-210,1.07812875582268e-208,0.364400913875754,"Increasing",TRUE
"ATRAID",0.364313225885147,1.70748550378715e-210,1.37681946779255e-208,0.364313225885147,"Increasing",TRUE
"NDUFA8",0.363915698032121,5.25741976890172e-210,4.22352569538908e-208,0.363915698032121,"Increasing",TRUE
"TFG",0.363830306157289,6.6926361914012e-210,5.35658770726592e-208,0.363830306157289,"Increasing",TRUE
"NDUFB3",0.363481153316072,1.79421154671434e-209,1.43073474260136e-207,0.363481153316072,"Increasing",TRUE
"RABAC1",0.363302903643028,2.96695575681858e-209,2.35720271709005e-207,0.363302903643028,"Increasing",TRUE
"GRHPR",0.363173474556793,4.27399016971781e-209,3.38318415998542e-207,0.363173474556793,"Increasing",TRUE
"PRDX1",0.363094065353573,5.34633429685432e-209,4.21657971368693e-207,0.363094065353573,"Increasing",TRUE
"IGFBP3",0.363086053150178,5.46844825436118e-209,4.29720606460891e-207,0.363086053150178,"Increasing",TRUE
"MRPS16",0.362333328996903,4.55032499916098e-208,3.56277258086481e-206,0.362333328996903,"Increasing",TRUE
"OCIAD2",0.36220796581215,6.47221924759786e-208,5.04926562962418e-206,0.36220796581215,"Increasing",TRUE
"NUCB2",0.362126690371755,8.13235614237671e-208,6.32159051211369e-206,0.362126690371755,"Increasing",TRUE
"LGALS3BP",-0.361662770559152,2.99010040716001e-207,2.31598816482895e-205,0.361662770559152,"Decreasing",TRUE
"CACNA1A",0.360770047951199,3.64060185284754e-206,2.80976450142983e-204,0.360770047951199,"Increasing",TRUE
"NOTCH3",0.36073768645889,3.98526399619883e-206,3.06482401985255e-204,0.36073768645889,"Increasing",TRUE
"OAT",0.360668670946773,4.83303997806507e-206,3.70361680588603e-204,0.360668670946773,"Increasing",TRUE
"HADHB",0.36052728356052,7.17390547952842e-206,5.4780246435551e-204,0.36052728356052,"Increasing",TRUE
"PRPF31",0.360146509521154,2.07629075494853e-205,1.57988180332527e-203,0.360146509521154,"Increasing",TRUE
"PSMD4",0.359708010116978,7.04703224409388e-205,5.34338129104802e-203,0.359708010116978,"Increasing",TRUE
"PSMB4",0.359244628625147,2.55817086404418e-204,1.93293959342639e-202,0.359244628625147,"Increasing",TRUE
"SRP19",0.359170339252344,3.14492019534435e-204,2.36800437008333e-202,0.359170339252344,"Increasing",TRUE
"KIT",0.358926497153076,6.19156515705939e-204,4.64582371680741e-202,0.358926497153076,"Increasing",TRUE
"DHPS",0.358222061807673,4.36754280001014e-203,3.2658339068588e-201,0.358222061807673,"Increasing",TRUE
"AP3S1",0.357515062355777,3.08743130310354e-202,2.30066863655405e-200,0.357515062355777,"Increasing",TRUE
"MAGEF1",0.357492062024758,3.28997479965025e-202,2.44317372578838e-200,0.357492062024758,"Increasing",TRUE
"MGST3",0.357203555710901,7.29694721716062e-202,5.40024073160414e-200,0.357203555710901,"Increasing",TRUE
"EBLN3P",0.356814921128006,2.13100441058892e-201,1.57170666596677e-199,0.356814921128006,"Increasing",TRUE
"LAGE3",0.356561199978134,4.28644937636947e-201,3.1506860892294e-199,0.356561199978134,"Increasing",TRUE
"TMEM14A",0.356325041564173,8.21016016893097e-201,6.01429021188468e-199,0.356325041564173,"Increasing",TRUE
"IGLC2",-0.356118508906512,1.44877079049238e-200,1.05770056697771e-198,0.356118508906512,"Decreasing",TRUE
"DNAJC19",0.355824929348849,3.2455253497253e-200,2.36147484200551e-198,0.355824929348849,"Increasing",TRUE
"SSB",0.355610951290871,5.83927886051787e-200,4.23445691865071e-198,0.355610951290871,"Increasing",TRUE
"PSMB2",0.355497110037139,7.97965435706436e-200,5.76723513900203e-198,0.355497110037139,"Increasing",TRUE
"SELENBP1",0.355197326006583,1.81495016689927e-199,1.30736910355644e-197,0.355197326006583,"Increasing",TRUE
"SEC63",0.355182072460041,1.89240057953436e-199,1.35863044929361e-197,0.355182072460041,"Increasing",TRUE
"DPY30",0.353921093561445,5.94068840407299e-198,4.25093630503369e-196,0.353921093561445,"Increasing",TRUE
"TMEM123",0.353304615919374,3.18513898000335e-197,2.27164532534232e-195,0.353304615919374,"Increasing",TRUE
"COMMD6",0.353254041070043,3.65498760016685e-197,2.59816717235545e-195,0.353254041070043,"Increasing",TRUE
"ATP5PB",0.353116054951591,5.31948757864815e-197,3.76898775654382e-195,0.353116054951591,"Increasing",TRUE
"FAM178B",0.353094849287133,5.63520699950795e-197,3.97963474703813e-195,0.353094849287133,"Increasing",TRUE
"CSNK2B",0.352814037517211,1.20869360152892e-196,8.50810056320521e-195,0.352814037517211,"Increasing",TRUE
"PLTP",0.352467341562767,3.09749830317188e-196,2.17327721855664e-194,0.352467341562767,"Increasing",TRUE
"MRPL58",0.351739868879594,2.22281492804599e-195,1.55453173446841e-193,0.351739868879594,"Increasing",TRUE
"HEXIM1",0.351136143592044,1.13627876577112e-194,7.92096262203674e-193,0.351136143592044,"Increasing",TRUE
"PCBD1",0.350875904805004,2.29320224643317e-194,1.59344374744118e-192,0.350875904805004,"Increasing",TRUE
"SLC3A2",0.350578361814502,5.11399335836686e-194,3.5420960408432e-192,0.350578361814502,"Increasing",TRUE
"ERGIC3",0.349714096872365,5.22840351559509e-193,3.60976996715687e-191,0.349714096872365,"Increasing",TRUE
"EIF4G1",0.349514091096394,8.94451372009517e-193,6.15576246787442e-191,0.349514091096394,"Increasing",TRUE
"HDAC2",0.349275027276681,1.69847451359461e-192,1.16520743615173e-190,0.349275027276681,"Increasing",TRUE
"AHSA1",0.349086774434933,2.81317663005494e-192,1.92382110681922e-190,0.349086774434933,"Increasing",TRUE
"SF3B5",0.348894773638805,4.70481612338251e-192,3.20728947717022e-190,0.348894773638805,"Increasing",TRUE
"YIF1A",0.348840592547166,5.43927073948024e-192,3.69630945535119e-190,0.348840592547166,"Increasing",TRUE
"GMPS",0.348571871576901,1.11636582181635e-191,7.56259103744554e-190,0.348571871576901,"Increasing",TRUE
"SSR2",0.3471714928084,4.67898772583586e-190,3.15977889860353e-188,0.3471714928084,"Increasing",TRUE
"PGAM1",0.346786613513478,1.30191061148762e-189,8.76457579883096e-188,0.346786613513478,"Increasing",TRUE
"SUMO1",0.346608846447153,2.08757215588123e-189,1.40100727604327e-187,0.346608846447153,"Increasing",TRUE
"NDUFB9",0.346482468770192,2.91971981871128e-189,1.95341007066102e-187,0.346482468770192,"Increasing",TRUE
"ACTG1",-0.345678196270623,2.46036098592957e-188,1.64100002796105e-186,0.345678196270623,"Decreasing",TRUE
"MYC",0.345537107938158,3.57354699831446e-188,2.37613386564847e-186,0.345537107938158,"Increasing",TRUE
"RPN2",0.345358216539076,5.73472442463787e-188,3.80145382872468e-186,0.345358216539076,"Increasing",TRUE
"SF3B2",0.345040995162351,1.32565979644751e-187,8.76070587193599e-186,0.345040995162351,"Increasing",TRUE
"MT-ND4L",-0.345001288962706,1.4721551275014e-187,9.69916838576378e-186,0.345001288962706,"Decreasing",TRUE
"LGALS1",0.344947315216626,1.69754603159375e-187,1.11501427789486e-185,0.344947315216626,"Increasing",TRUE
"YIPF2",0.344578465852655,4.49045884804099e-187,2.94057017291411e-185,0.344578465852655,"Increasing",TRUE
"CEBPD",-0.343985250083179,2.14063092349951e-186,1.39755390504001e-184,0.343985250083179,"Decreasing",TRUE
"FDPS",0.343943054250091,2.3918276233542e-186,1.55684924520134e-184,0.343943054250091,"Increasing",TRUE
"MTCH1",0.34392629869283,2.4995557235009e-186,1.62208405960524e-184,0.34392629869283,"Increasing",TRUE
"GCHFR",0.343857225003273,2.99726184030997e-186,1.93924635835624e-184,0.343857225003273,"Increasing",TRUE
"PARL",0.343665667783164,4.9581752458843e-186,3.19839304667342e-184,0.343665667783164,"Increasing",TRUE
"RPS24",0.343362080756832,1.10013806571147e-185,7.07559035715028e-184,0.343362080756832,"Increasing",TRUE
"EMP2",0.343154417618398,1.89664058892109e-185,1.21621374262863e-183,0.343154417618398,"Increasing",TRUE
"ID1",0.343138907245219,1.97535340431205e-185,1.26294044577466e-183,0.343138907245219,"Increasing",TRUE
"EIF4A2",0.342018064478334,3.70801734715559e-184,2.36372433250833e-182,0.342018064478334,"Increasing",TRUE
"KRT16",0.341798596815955,6.57482311399596e-184,4.17888022039567e-182,0.341798596815955,"Increasing",TRUE
"ASNA1",0.341754904886684,7.36851530052726e-184,4.66960749690305e-182,0.341754904886684,"Increasing",TRUE
"CFL1",0.341019801871886,4.99961502054036e-183,3.15911346765723e-181,0.341019801871886,"Increasing",TRUE
"MAF1",0.339971490383599,7.60142650725388e-182,4.7891203155031e-180,0.339971490383599,"Increasing",TRUE
"MRPS12",0.339716986830087,1.46944594552629e-181,9.23102525663465e-180,0.339716986830087,"Increasing",TRUE
"TET1",0.338985805921065,9.72893719886056e-181,6.09398066282251e-179,0.338985805921065,"Increasing",TRUE
"TCP1",0.338773067097827,1.68458921071681e-180,1.05213794345637e-178,0.338773067097827,"Increasing",TRUE
"POLR1D",0.338725939512162,1.90233568414128e-180,1.18471107015254e-178,0.338725939512162,"Increasing",TRUE
"RPLP2",0.338613853684205,2.53986461638352e-180,1.57719753908183e-178,0.338613853684205,"Increasing",TRUE
"RAD23B",0.337887677655831,1.64733308140133e-179,1.02002486788202e-177,0.337887677655831,"Increasing",TRUE
"FGFBP2",0.337367113859073,6.27337872653266e-179,3.87336326515345e-177,0.337367113859073,"Increasing",TRUE
"DLX1",0.337065065519098,1.36125559373923e-178,8.38083572099851e-177,0.337065065519098,"Increasing",TRUE
"FXYD6",0.336935413352559,1.89774364397139e-178,1.16506364051766e-176,0.336935413352559,"Increasing",TRUE
"ILF2",0.336907560280286,2.03811113317184e-178,1.24769352940066e-176,0.336907560280286,"Increasing",TRUE
"TPM1",-0.33669433750659,3.51852551867752e-178,2.14789086041303e-176,0.33669433750659,"Decreasing",TRUE
"POLE4",0.336409233660819,7.29694738286135e-178,4.44188825193334e-176,0.336409233660819,"Increasing",TRUE
"FKBP8",0.335933260573884,2.46177735126974e-177,1.49435417306008e-175,0.335933260573884,"Increasing",TRUE
"RFC4",0.335637572857064,5.23422690612646e-177,3.16839337370848e-175,0.335637572857064,"Increasing",TRUE
"GADD45GIP1",0.3356213132972,5.45577767950075e-177,3.29327809089417e-175,0.3356213132972,"Increasing",TRUE
"DNAJB11",0.335582321779751,6.02597472817497e-177,3.62733464835268e-175,0.335582321779751,"Increasing",TRUE
"UBC",-0.335477787213262,7.86565617413057e-177,4.72157860897116e-175,0.335477787213262,"Decreasing",TRUE
"AQP3",0.334985079740772,2.75738885289646e-176,1.65061421360367e-174,0.334985079740772,"Increasing",TRUE
"RPL10A",0.334601243024842,7.31466310460739e-176,4.36657098592723e-174,0.334601243024842,"Increasing",TRUE
"MT2A",-0.334321692789169,1.48727930282963e-175,8.8540236182227e-174,0.334321692789169,"Decreasing",TRUE
"ERG28",0.33427819795341,1.66079390291322e-175,9.85982314339415e-174,0.33427819795341,"Increasing",TRUE
"UBA52",0.333961109607782,3.71067362449225e-175,2.19692211028158e-173,0.333961109607782,"Increasing",TRUE
"C19orf48",0.33385944157335,4.80074874437566e-175,2.83454044715732e-173,0.33385944157335,"Increasing",TRUE
"CRIPT",0.333534915107052,1.09162121846469e-174,6.42777507657272e-173,0.333534915107052,"Increasing",TRUE
"EWSR1",0.33345089820605,1.35009416729486e-174,7.92813449870702e-173,0.33345089820605,"Increasing",TRUE
"SMIM22",-0.333082607156727,3.42442388492154e-174,2.00546883883887e-172,0.333082607156727,"Decreasing",TRUE
"TUBA1C",0.332207858079985,3.10777940244408e-173,1.81511115910315e-171,0.332207858079985,"Increasing",TRUE
"PRDX4",0.331948558306958,5.96738791015135e-173,3.47588282313667e-171,0.331948558306958,"Increasing",TRUE
"MXRA8",0.331832886820823,7.98157175857417e-173,4.63660660491365e-171,0.331832886820823,"Increasing",TRUE
"TMEM14C",0.331677657677131,1.17896338836952e-172,6.83040182913278e-171,0.331677657677131,"Increasing",TRUE
"DCUN1D5",0.331384088201539,2.46389707184868e-172,1.42365817440241e-170,0.331384088201539,"Increasing",TRUE
"SSR1",0.331298952599323,3.05065111167279e-172,1.75798854728664e-170,0.331298952599323,"Increasing",TRUE
"MDFI",0.331200930440777,3.90092802677749e-172,2.24199613453887e-170,0.331200930440777,"Increasing",TRUE
"PARP1",0.330567364901298,1.90705179643521e-171,1.09314030029085e-169,0.330567364901298,"Increasing",TRUE
"RPL32",0.330168328719174,5.17122779407623e-171,2.95635536058168e-169,0.330168328719174,"Increasing",TRUE
"PSMG1",0.329933563093552,9.29337894674149e-171,5.29894245485709e-169,0.329933563093552,"Increasing",TRUE
"EIF3D",0.329930564091368,9.3632002447177e-171,5.32470413916709e-169,0.329930564091368,"Increasing",TRUE
"CCND1",0.329213872956847,5.5873459071322e-170,3.16909567068574e-168,0.329213872956847,"Increasing",TRUE
"RASIP1",0.329169357631847,6.24197562521215e-170,3.53112809583336e-168,0.329169357631847,"Increasing",TRUE
"CLIC1",0.329050186562443,8.39641850344522e-170,4.73750923915016e-168,0.329050186562443,"Increasing",TRUE
"HSPB11",0.329048379598914,8.43424422285208e-170,4.74645879312066e-168,0.329048379598914,"Increasing",TRUE
"UQCRFS1",0.32880683552275,1.53769766828213e-169,8.63107704196801e-168,0.32880683552275,"Increasing",TRUE
"RFXANK",0.328561220227316,2.83040428919045e-169,1.58458644273072e-167,0.328561220227316,"Increasing",TRUE
"LSM10",0.328474634943348,3.50914168046968e-169,1.95949746033462e-167,0.328474634943348,"Increasing",TRUE
"CDA",0.32832823005465,5.04636701829404e-169,2.81061833158078e-167,0.32832823005465,"Increasing",TRUE
"MED10",0.328097529361987,8.94178065925123e-169,4.96740051533211e-167,0.328097529361987,"Increasing",TRUE
"FOLR1",0.327660821935811,2.63711442375236e-168,1.46123186403304e-166,0.327660821935811,"Increasing",TRUE
"MORF4L2",0.327456194128832,4.37473737636447e-168,2.41785357297279e-166,0.327456194128832,"Increasing",TRUE
"EXOSC3",0.327410862782046,4.89357833646914e-168,2.69770989416067e-166,0.327410862782046,"Increasing",TRUE
"TSPO",0.327381005964607,5.26842454381918e-168,2.89696321607971e-166,0.327381005964607,"Increasing",TRUE
"CLEC7A",0.327278459245311,6.78808345752921e-168,3.72310871871082e-166,0.327278459245311,"Increasing",TRUE
"VPS72",0.326625045926002,3.40465726477638e-167,1.8626492023245e-165,0.326625045926002,"Increasing",TRUE
"MDK",0.326548038319481,4.11619478514044e-167,2.24623659865871e-165,0.326548038319481,"Increasing",TRUE
"STMP1",0.326064244568312,1.3544378388716e-166,7.37264526398368e-165,0.326064244568312,"Increasing",TRUE
"FIBP",0.325766423742152,2.81651757481773e-166,1.5292699696435e-164,0.325766423742152,"Increasing",TRUE
"MRPS14",0.325625899922837,3.97750809689132e-166,2.15423433518349e-164,0.325625899922837,"Increasing",TRUE
"BAMBI",0.325488358415959,5.57507992594367e-166,3.01193692999107e-164,0.325488358415959,"Increasing",TRUE
"GORASP2",0.325333584669418,8.15026759232758e-166,4.39220156284786e-164,0.325333584669418,"Increasing",TRUE
"IL32",-0.325318533957721,8.45676272742962e-166,4.54603588407349e-164,0.325318533957721,"Decreasing",TRUE
"ERP44",0.325065559410043,1.5723167840569e-165,8.43120737058802e-164,0.325065559410043,"Increasing",TRUE
"IGHG1",-0.324898007813475,2.37020508737797e-165,1.26782504797619e-163,0.324898007813475,"Decreasing",TRUE
"CBX5",0.324784913866718,3.12632577320427e-165,1.66814567799862e-163,0.324784913866718,"Increasing",TRUE
"ATP6V1G1",0.324553895118638,5.50182652749555e-165,2.92843525268913e-163,0.324553895118638,"Increasing",TRUE
"PTX3",0.324465692394601,6.82607901887446e-165,3.62436284024268e-163,0.324465692394601,"Increasing",TRUE
"S100P",0.324457110322338,6.97080811546575e-165,3.69213635723566e-163,0.324457110322338,"Increasing",TRUE
"MARCKSL1",0.324264079295443,1.11725134788097e-164,5.90312998232461e-163,0.324264079295443,"Increasing",TRUE
"HNRNPA1",0.323914049242112,2.62580081982854e-164,1.38398916381694e-162,0.323914049242112,"Increasing",TRUE
"EI24",0.323852933908279,3.04794558157644e-164,1.60258160627413e-162,0.323852933908279,"Increasing",TRUE
"YBX1",0.323840062568995,3.14514849332096e-164,1.64967618788024e-162,0.323840062568995,"Increasing",TRUE
"YIPF3",0.323487352072756,7.43001277614132e-164,3.88771370683811e-162,0.323487352072756,"Increasing",TRUE
"SMIM7",0.323376684346161,9.72813276896748e-164,5.07789732215911e-162,0.323376684346161,"Increasing",TRUE
"RBM17",0.322794733913127,4.00569268107812e-163,2.08585587561682e-161,0.322794733913127,"Increasing",TRUE
"PCBP2",0.322677666780955,5.32301670176795e-163,2.76515362800974e-161,0.322677666780955,"Increasing",TRUE
"RTRAF",0.322471059548467,8.78919057944493e-163,4.55478197654209e-161,0.322471059548467,"Increasing",TRUE
"PSIP1",0.322444318780793,9.37831067034193e-163,4.8484519996672e-161,0.322444318780793,"Increasing",TRUE
"YEATS4",0.321951996116554,3.0928104304642e-162,1.59512251556877e-160,0.321951996116554,"Increasing",TRUE
"NAP1L1",0.321936881534448,3.20809943102622e-162,1.65064354058278e-160,0.321936881534448,"Increasing",TRUE
"NOP10",0.321870966148732,3.76316993961918e-162,1.93164138705868e-160,0.321870966148732,"Increasing",TRUE
"HSF1",0.321790184628303,4.57579864088916e-162,2.34319925662594e-160,0.321790184628303,"Increasing",TRUE
"SAP18",0.321706338423808,5.60497553387962e-162,2.8634402195541e-160,0.321706338423808,"Increasing",TRUE
"SERTAD4",0.321524586192668,8.69890974515087e-162,4.43357168850732e-160,0.321524586192668,"Increasing",TRUE
"PPP4C",0.32133061487913,1.39009128789573e-161,7.06820534857101e-160,0.32133061487913,"Increasing",TRUE
"ANKRD35",0.321239740190545,1.73127899732338e-161,8.78238007797143e-160,0.321239740190545,"Increasing",TRUE
"NIPSNAP3A",0.32122274963327,1.80378915335743e-161,9.12877836160519e-160,0.32122274963327,"Increasing",TRUE
"PSMD2",0.320775048711826,5.31241338253064e-161,2.68227227094596e-159,0.320775048711826,"Increasing",TRUE
"LAMTOR5",0.32075017629504,5.640660084186e-161,2.84136746898041e-159,0.32075017629504,"Increasing",TRUE
"SUMO3",0.320556821533161,8.9879750152846e-161,4.51698000186744e-159,0.320556821533161,"Increasing",TRUE
"RBX1",0.320368809185584,1.41338305407783e-160,7.0865911365712e-159,0.320368809185584,"Increasing",TRUE
"LSM4",0.320109687828516,2.63622480734749e-160,1.31872264089767e-158,0.320109687828516,"Increasing",TRUE
"PSENEN",0.320079240447798,2.83645153283462e-160,1.41560548786504e-158,0.320079240447798,"Increasing",TRUE
"ARF4",0.31987355028312,4.65005845678225e-160,2.31538625002453e-158,0.31987355028312,"Increasing",TRUE
"CCNH",0.319542724410606,1.02894836972829e-159,5.11162626892606e-158,0.319542724410606,"Increasing",TRUE
"PRPF40A",0.319336570722956,1.68701297911412e-159,8.36154827492115e-158,0.319336570722956,"Increasing",TRUE
"GRN",0.31918393155017,2.43217321247272e-159,1.20272913321591e-157,0.31918393155017,"Increasing",TRUE
"SDHB",0.318918211606306,4.59568345417036e-159,2.26741368595026e-157,0.318918211606306,"Increasing",TRUE
"CXADR",0.318494640367608,1.2655899306389e-158,6.22993129865753e-157,0.318494640367608,"Increasing",TRUE
"MT-ND1",-0.318264407794954,2.19343352555253e-158,1.07727496561796e-156,0.318264407794954,"Decreasing",TRUE
"C1orf122",0.318051071716415,3.6495552031265e-158,1.7883648058858e-156,0.318051071716415,"Increasing",TRUE
"NDUFB7",0.317858173765678,5.78117342728963e-158,2.82649678198482e-156,0.317858173765678,"Increasing",TRUE
"ECH1",0.317737038278634,7.71605088091098e-158,3.76396974122994e-156,0.317737038278634,"Increasing",TRUE
"THYN1",0.317660790756057,9.25302542410307e-158,4.50355584267719e-156,0.317660790756057,"Increasing",TRUE
"SMCO4",0.317491528315591,1.38460741947756e-157,6.7239025471708e-156,0.317491528315591,"Increasing",TRUE
"TRMT10C",0.317053145367929,3.92781652312577e-157,1.90314159338e-155,0.317053145367929,"Increasing",TRUE
"MLF2",0.316885372719679,5.85125041604782e-157,2.82875887004012e-155,0.316885372719679,"Increasing",TRUE
"CHST9",0.316789405406008,7.34871804915193e-157,3.54477225540565e-155,0.316789405406008,"Increasing",TRUE
"HLA-A",-0.316788225047373,7.36933942845858e-157,3.54680233962116e-155,0.316788225047373,"Decreasing",TRUE
"TM9SF2",0.316468683279983,1.57282218180251e-156,7.55304163305605e-155,0.316468683279983,"Increasing",TRUE
"CLU",-0.316167482590279,3.21115531954057e-156,1.53864892362022e-154,0.316167482590279,"Decreasing",TRUE
"FAM3B",0.316095352386117,3.8092628433875e-156,1.82119845233637e-154,0.316095352386117,"Increasing",TRUE
"APLP2",0.316014825050179,4.60926748468795e-156,2.19881391488094e-154,0.316014825050179,"Increasing",TRUE
"HNRNPH3",0.315942642743047,5.46791079923397e-156,2.60267736500983e-154,0.315942642743047,"Increasing",TRUE
"LAPTM4B",0.315927271602786,5.67044738414593e-156,2.69315094442623e-154,0.315927271602786,"Increasing",TRUE
"TBCA",0.31584198692041,6.93811886208919e-156,3.28799887302078e-154,0.31584198692041,"Increasing",TRUE
"LMCD1",0.315742543073498,8.77763165745743e-156,4.15064814261827e-154,0.315742543073498,"Increasing",TRUE
"GTPBP4",0.315682770582944,1.01099479888196e-155,4.77021781743213e-154,0.315682770582944,"Increasing",TRUE
"ARPC3",0.315628256912329,1.15002859577724e-155,5.41440478316909e-154,0.315628256912329,"Increasing",TRUE
"RPL39L",0.315588990715145,1.26185406069783e-155,5.92797092427828e-154,0.315588990715145,"Increasing",TRUE
"LURAP1L",0.315528612571915,1.45534429898357e-155,6.82212370955206e-154,0.315528612571915,"Increasing",TRUE
"DNAJC9",0.315518002957901,1.49228316709491e-155,6.98013836383572e-154,0.315518002957901,"Increasing",TRUE
"MBOAT7",0.315462708926653,1.70049688666531e-155,7.93687639758904e-154,0.315462708926653,"Increasing",TRUE
"SRP72",0.315049627402407,4.50776813891175e-155,2.09941529055782e-153,0.315049627402407,"Increasing",TRUE
"AC011503.1",0.315038171348606,4.63120244049849e-155,2.15226418793919e-153,0.315038171348606,"Increasing",TRUE
"FYTTD1",0.315031763709604,4.70170774974366e-155,2.18034129768155e-153,0.315031763709604,"Increasing",TRUE
"PUF60",0.314830155832304,7.56193712281194e-155,3.49921758509563e-153,0.314830155832304,"Increasing",TRUE
"FKBP10",0.314811796053832,7.89621926733632e-155,3.64609611895594e-153,0.314811796053832,"Increasing",TRUE
"RPL10",0.314762703359873,8.86431942726237e-155,4.084391104971e-153,0.314762703359873,"Increasing",TRUE
"LAMTOR2",0.314668813389084,1.10580016773513e-154,5.08432800526726e-153,0.314668813389084,"Increasing",TRUE
"ARL6IP5",0.31443761951078,1.9054371037822e-154,8.74235579888183e-153,0.31443761951078,"Increasing",TRUE
"RPS9",0.314158901060146,3.66952289707325e-154,1.68005063147782e-152,0.314158901060146,"Increasing",TRUE
"AC020916.1",0.31410439536901,4.17092641698215e-154,1.9055754729595e-152,0.31410439536901,"Increasing",TRUE
"COMMD3",0.313903071336273,6.69239404994916e-154,3.05111045188611e-152,0.313903071336273,"Increasing",TRUE
"SERTAD4-AS1",0.313800806350513,8.50804370038122e-154,3.87071209189975e-152,0.313800806350513,"Increasing",TRUE
"HIGD2A",0.31362122371132,1.29656738018467e-153,5.88630695079637e-152,0.31362122371132,"Increasing",TRUE
"MEAF6",0.31356665950582,1.47353987949241e-153,6.67572259870669e-152,0.31356665950582,"Increasing",TRUE
"COX5B",0.313480089555102,1.80508821659841e-153,8.16066032650454e-152,0.313480089555102,"Increasing",TRUE
"EEF1B2",0.313344489366175,2.48023620234135e-153,1.11895416143208e-151,0.313344489366175,"Increasing",TRUE
"MRPS33",0.312934817119303,6.47081252784606e-153,2.91321372347403e-151,0.312934817119303,"Increasing",TRUE
"YWHAQ",0.312914711213659,6.78236416934692e-153,3.0471286839831e-151,0.312914711213659,"Increasing",TRUE
"NCBP2",0.312864150602376,7.63361557992753e-153,3.42245710958992e-151,0.312864150602376,"Increasing",TRUE
"HSBP1",0.312646008973675,1.27103846310791e-152,5.68677871382237e-151,0.312646008973675,"Increasing",TRUE
"PCNA",0.312579796120476,1.48365219859819e-152,6.62432314291466e-151,0.312579796120476,"Increasing",TRUE
"SERP1",0.312571052803269,1.51426181731121e-152,6.74705110764851e-151,0.312571052803269,"Increasing",TRUE
"TRAPPC4",0.312359476872133,2.48155130456209e-152,1.1034222981808e-150,0.312359476872133,"Increasing",TRUE
"JUNB",0.312289120037174,2.92429256598805e-152,1.29761729673515e-150,0.312289120037174,"Increasing",TRUE
"GNL2",0.312152182167159,4.02470262520215e-152,1.78225048628316e-150,0.312152182167159,"Increasing",TRUE
"CKS1B",0.31187881578802,7.61067420304526e-152,3.3633265752108e-150,0.31187881578802,"Increasing",TRUE
"ALDH16A1",0.31167038752085,1.23648118816039e-151,5.45313438288694e-150,0.31167038752085,"Increasing",TRUE
"CHCHD2",0.311348412301497,2.61478423408363e-151,1.15082458856512e-149,0.311348412301497,"Increasing",TRUE
"SRSF9",0.311314085527003,2.83196290449992e-151,1.24387638955779e-149,0.311314085527003,"Increasing",TRUE
"NDUFS2",0.311197860874182,3.71003491696096e-151,1.62624451431088e-149,0.311197860874182,"Increasing",TRUE
"TMED2",0.311166594679614,3.98953102901278e-151,1.74521792584952e-149,0.311166594679614,"Increasing",TRUE
"ASPG",0.311131110374236,4.33228097511573e-151,1.8913250883283e-149,0.311131110374236,"Increasing",TRUE
"FAM213A",0.310650407020821,1.32171773131834e-150,5.75853229310269e-149,0.310650407020821,"Increasing",TRUE
"MLEC",0.310165186668616,4.06624322831279e-150,1.76803855460442e-148,0.310165186668616,"Increasing",TRUE
"TFAM",0.309658345694028,1.3122285601546e-149,5.69422875199615e-148,0.309658345694028,"Increasing",TRUE
"PMP22",-0.309598713152339,1.5059420434064e-149,6.52172496152553e-148,0.309598713152339,"Decreasing",TRUE
"UNC50",0.30946015267929,2.07348654923547e-149,8.96160886579572e-148,0.30946015267929,"Increasing",TRUE
"HAT1",0.309441453668124,2.16490751676582e-149,9.33805417910368e-148,0.309441453668124,"Increasing",TRUE
"APH1A",0.309368983920858,2.55886726587837e-149,1.10153628716398e-147,0.309368983920858,"Increasing",TRUE
"MRPL39",0.309035290591777,5.52222894337942e-149,2.37247251424312e-147,0.309035290591777,"Increasing",TRUE
"MAGOH",0.308961009693739,6.55268266732766e-149,2.80959270716172e-147,0.308961009693739,"Increasing",TRUE
"EFNA4",0.308837691652284,8.70420473591762e-149,3.72471018501346e-147,0.308837691652284,"Increasing",TRUE
"TMEM59",0.30882858182546,8.88865334669898e-149,3.7961225063669e-147,0.30882858182546,"Increasing",TRUE
"ACTA2",-0.30874427807713,1.07918767237131e-148,4.59985120314479e-147,0.30874427807713,"Decreasing",TRUE
"ERBB3",0.308616110098811,1.44926148865749e-148,6.16506708068668e-147,0.308616110098811,"Increasing",TRUE
"PSMA3",0.308424384977759,2.25203545106736e-148,9.5611956969677e-147,0.308424384977759,"Increasing",TRUE
"RBM42",0.308412643740703,2.31362850511211e-148,9.80343372460251e-147,0.308412643740703,"Increasing",TRUE
"MRPL3",0.308026631536424,5.61377926108495e-148,2.37404637636097e-146,0.308026631536424,"Increasing",TRUE
"RPS26",0.308024148858921,5.64585044780556e-148,2.38294586283356e-146,0.308024148858921,"Increasing",TRUE
"PFDN4",0.307963513298765,6.48853213144705e-148,2.73327835010859e-146,0.307963513298765,"Increasing",TRUE
"ANAPC16",0.307962609337785,6.50200134584214e-148,2.73362352302818e-146,0.307962609337785,"Increasing",TRUE
"TEAD2",0.307758520153139,1.0382328394354e-147,4.35654595343668e-146,0.307758520153139,"Increasing",TRUE
"SELENOF",0.307661258214286,1.29747351651603e-147,5.43379897130068e-146,0.307661258214286,"Increasing",TRUE
"CD9",0.307520660195655,1.79047781767617e-147,7.48398948548974e-146,0.307520660195655,"Increasing",TRUE
"RPS10",0.307509629749891,1.83628060942206e-147,7.66062238795573e-146,0.307509629749891,"Increasing",TRUE
"HLA-DQA1",-0.307421788055555,2.24534597355793e-147,9.3491187839281e-146,0.307421788055555,"Decreasing",TRUE
"BIRC3",-0.307382980995121,2.45392322835831e-147,1.01979386470813e-145,0.307382980995121,"Decreasing",TRUE
"GPI",0.307333990576318,2.74507024910404e-147,1.13859823576081e-145,0.307333990576318,"Increasing",TRUE
"WRB",0.307326354010212,2.79346185643998e-147,1.15645039689019e-145,0.307326354010212,"Increasing",TRUE
"MTX2",0.307183129295833,3.87648888922019e-147,1.60173852573706e-145,0.307183129295833,"Increasing",TRUE
"UBB",0.306948670808988,6.62527428485063e-147,2.73229345984012e-145,0.306948670808988,"Increasing",TRUE
"NR1H2",0.306811899088975,9.05501085216771e-147,3.72721494314941e-145,0.306811899088975,"Increasing",TRUE
"CCT4",0.306431058779553,2.159334168186e-146,8.87133296093146e-145,0.306431058779553,"Increasing",TRUE
"KIN",0.306421441880401,2.20720846988669e-146,9.05081120194523e-145,0.306421441880401,"Increasing",TRUE
"PLAT",-0.306390472773633,2.36869549865276e-146,9.69460411475116e-145,0.306390472773633,"Decreasing",TRUE
"KIAA1324",0.306219410733265,3.498075131736e-146,1.42898683547855e-144,0.306219410733265,"Increasing",TRUE
"SHKBP1",0.30616568730349,3.9535017906085e-146,1.61198440934056e-144,0.30616568730349,"Increasing",TRUE
"MAL",0.305933180382599,6.71258631823605e-146,2.73180772762864e-144,0.305933180382599,"Increasing",TRUE
"A2M",-0.305898564869186,7.26273981802284e-146,2.9501467569074e-144,0.305898564869186,"Decreasing",TRUE
"IGLC3",-0.305861692395865,7.89835272986081e-146,3.20231524375782e-144,0.305861692395865,"Decreasing",TRUE
"MFSD1",0.305654130018209,1.26632018238162e-145,5.12456538225972e-144,0.305654130018209,"Increasing",TRUE
"NECTIN4",0.305612986746843,1.39046604730847e-145,5.6164432303432e-144,0.305612986746843,"Increasing",TRUE
"PYM1",0.305562881826218,1.55817185511302e-145,6.28210705018515e-144,0.305562881826218,"Increasing",TRUE
"SEC11C",0.305355062755665,2.49824207686159e-145,1.00534471659179e-143,0.305355062755665,"Increasing",TRUE
"PLLP",0.305306366850991,2.79029484035921e-145,1.1207857156164e-143,0.305306366850991,"Increasing",TRUE
"FARSA",0.30525041627048,3.16816379748205e-145,1.27020444644874e-143,0.30525041627048,"Increasing",TRUE
"TMEM258",0.305079859575988,4.66521690818183e-145,1.8669506923298e-143,0.305079859575988,"Increasing",TRUE
"CHCHD1",0.305042544700137,5.07722430545452e-145,2.02807425583867e-143,0.305042544700137,"Increasing",TRUE
"RPL6",0.304873759928492,7.44404418445887e-145,2.96800359457853e-143,0.304873759928492,"Increasing",TRUE
"UROD",0.304641749914376,1.25910411201093e-144,5.01090973490904e-143,0.304641749914376,"Increasing",TRUE
"SPATC1L",0.30436123178671,2.37551682599174e-144,9.43656592089735e-143,0.30436123178671,"Increasing",TRUE
"FADS2",0.304160698714411,3.73815562020642e-144,1.48223014592038e-142,0.304160698714411,"Increasing",TRUE
"TFPT",0.304071004856319,4.57799678500994e-144,1.81191411216236e-142,0.304071004856319,"Increasing",TRUE
"RRAGA",0.30385108313377,7.52240180526886e-144,2.97183003677989e-142,0.30385108313377,"Increasing",TRUE
"CALR",0.303699301975931,1.05950180999706e-143,4.1780719186198e-142,0.303699301975931,"Increasing",TRUE
"MAP3K13",0.303670897694957,1.12960842825648e-143,4.44641860375636e-142,0.303670897694957,"Increasing",TRUE
"POLR2F",0.303422071569779,1.97950524800029e-143,7.77765607441569e-142,0.303422071569779,"Increasing",TRUE
"MYDGF",0.30337688480457,2.1916634898747e-143,8.59561669985341e-142,0.30337688480457,"Increasing",TRUE
"RAB1A",0.303145598346637,3.6895555663519e-143,1.44440753240697e-141,0.303145598346637,"Increasing",TRUE
"CTHRC1",0.303130826868267,3.81428958485681e-143,1.49053884138799e-141,0.303130826868267,"Increasing",TRUE
"C1orf43",0.302878780614952,6.72461104542837e-143,2.62308383920049e-141,0.302878780614952,"Increasing",TRUE
"REEP5",0.302651984792065,1.11954279075063e-142,4.35915670416596e-141,0.302651984792065,"Increasing",TRUE
"MSRB2",0.302636004726367,1.1604627714118e-142,4.51035980039732e-141,0.302636004726367,"Increasing",TRUE
"SFT2D1",0.302601369211141,1.25435082847993e-142,4.86652089828569e-141,0.302601369211141,"Increasing",TRUE
"ERLEC1",0.302319804637418,2.36004532193241e-142,9.13988878260922e-141,0.302319804637418,"Increasing",TRUE
"PAK4",0.301721521615887,9.01942799450763e-142,3.48675919429893e-140,0.301721521615887,"Increasing",TRUE
"EIF2D",0.30165153842974,1.0548666089707e-141,4.070654896403e-140,0.30165153842974,"Increasing",TRUE
"HSPA14.1",0.301099044176481,3.62675945647579e-141,1.3970458441077e-139,0.301099044176481,"Increasing",TRUE
"SYNCRIP",0.300821551372168,6.73666411659816e-141,2.59037920924709e-139,0.300821551372168,"Increasing",TRUE
"SLIRP",0.300515670484766,1.33210736641776e-140,5.1131154863744e-139,0.300515670484766,"Increasing",TRUE
"CAPG",0.300233878672358,2.49457521039018e-140,9.55811530080349e-139,0.300233878672358,"Increasing",TRUE
"COX14",0.300129870713308,3.14399682081363e-140,1.20250922650943e-138,0.300129870713308,"Increasing",TRUE
"KANK2",0.300117600803983,3.23097588383771e-140,1.23359344257479e-138,0.300117600803983,"Increasing",TRUE
"CLDN7",0.300114058092053,3.25653347477231e-140,1.24115852539382e-138,0.300114058092053,"Increasing",TRUE
"ACTR1B",0.300095613448497,3.39289216763343e-140,1.29085210814363e-138,0.300095613448497,"Increasing",TRUE
"DESI2",0.300044227309348,3.80359063230414e-140,1.44456227704908e-138,0.300044227309348,"Increasing",TRUE
"KRCC1",0.299851781562214,5.8337642610824e-140,2.21171308214019e-138,0.299851781562214,"Increasing",TRUE
"C18orf21",0.299699127528353,8.18831331687612e-140,3.09893959330461e-138,0.299699127528353,"Increasing",TRUE
"TNIK",0.299521133338936,1.21554024050637e-139,4.59227702750747e-138,0.299521133338936,"Increasing",TRUE
"SERPINH1",0.29937387965938,1.68507948619186e-139,6.35507289644086e-138,0.29937387965938,"Increasing",TRUE
"ATP5MC2",0.299363440761892,1.72453944820083e-139,6.49256053582229e-138,0.299363440761892,"Increasing",TRUE
"MRPS5",0.299112101988596,3.01014963108612e-139,1.13129275700471e-137,0.299112101988596,"Increasing",TRUE
"UNC5B",0.298953260443787,4.27906532554925e-139,1.60539239036665e-137,0.298953260443787,"Increasing",TRUE
"FRZB",0.298808468763307,5.89540167549958e-139,2.2079658614826e-137,0.298808468763307,"Increasing",TRUE
"ACAT2",0.298670716815552,7.99534305659469e-139,2.9892623434777e-137,0.298670716815552,"Increasing",TRUE
"ID3",0.298565427320931,1.00908674615503e-138,3.76621149989814e-137,0.298565427320931,"Increasing",TRUE
"SCP2",0.298410590093734,1.42074084067127e-138,5.29348440808728e-137,0.298410590093734,"Increasing",TRUE
"SLC51A",0.298184650620767,2.33974310537985e-138,8.70255568111163e-137,0.298184650620767,"Increasing",TRUE
"PAICS",0.297986238972446,3.62463082035296e-138,1.34584659841628e-136,0.297986238972446,"Increasing",TRUE
"KRT10",0.297905112565424,4.33457478240448e-138,1.60669229927549e-136,0.297905112565424,"Increasing",TRUE
"AC010642.2",0.297553391675872,9.40688812453826e-138,3.48087075978205e-136,0.297553391675872,"Increasing",TRUE
"CSAD",0.297485639852211,1.09197155297375e-137,4.03376158286543e-136,0.297485639852211,"Increasing",TRUE
"ORC4",0.297482038803357,1.10065991185353e-137,4.05891820736431e-136,0.297482038803357,"Increasing",TRUE
"NANS",0.297173489826467,2.16957693165022e-137,7.98714778415012e-136,0.297173489826467,"Increasing",TRUE
"LSM2",0.297098924787461,2.55590065154251e-137,9.3933695714003e-136,0.297098924787461,"Increasing",TRUE
"SF3A3",0.297087051357323,2.62346123797747e-137,9.62529666429424e-136,0.297087051357323,"Increasing",TRUE
"NDUFB4",0.296857565878733,4.34274411166446e-137,1.59062203818761e-135,0.296857565878733,"Increasing",TRUE
"KRT18",0.296850740872504,4.40829893689637e-137,1.61190084646921e-135,0.296850740872504,"Increasing",TRUE
"QPRT",0.296433081191885,1.10184139316086e-136,4.02209332875103e-135,0.296433081191885,"Increasing",TRUE
"GIPC1",0.296419843788175,1.13427322224489e-136,4.13349820113189e-135,0.296419843788175,"Increasing",TRUE
"MRPL18",0.296399456279947,1.18609649548893e-136,4.31507496086124e-135,0.296399456279947,"Increasing",TRUE
"CDC26",0.296387991670798,1.2162698521626e-136,4.41741033701406e-135,0.296387991670798,"Increasing",TRUE
"BANF1",0.29635515961082,1.30698534636659e-136,4.73891834479563e-135,0.29635515961082,"Increasing",TRUE
"MARCH3",0.296348671250685,1.32569652456443e-136,4.79871053531613e-135,0.296348671250685,"Increasing",TRUE
"GLI4",0.296339925034319,1.35134275355345e-136,4.88336403081773e-135,0.296339925034319,"Increasing",TRUE
"ELOC",0.296196690554879,1.84927427423237e-136,6.6715888257365e-135,0.296196690554879,"Increasing",TRUE
"MIS18A",0.296124760289017,2.16464870788471e-136,7.79634309623142e-135,0.296124760289017,"Increasing",TRUE
"MPLKIP",0.296097835941127,2.29604328776655e-136,8.25582286998922e-135,0.296097835941127,"Increasing",TRUE
"SHMT2",0.296029257788759,2.66780320243345e-136,9.57661581471541e-135,0.296029257788759,"Increasing",TRUE
"EFNA3",0.295773801841161,4.66412514562584e-136,1.67150488220522e-134,0.295773801841161,"Increasing",TRUE
"PIK3CD-AS2",0.295477906101626,8.90190051424544e-136,3.18493493564311e-134,0.295477906101626,"Increasing",TRUE
"PRKCSH",0.295212492787594,1.58852128840204e-135,5.67404050287074e-134,0.295212492787594,"Increasing",TRUE
"CHMP5",0.295159117792253,1.7845951203618e-135,6.36387797871593e-134,0.295159117792253,"Increasing",TRUE
"CFAP20",0.295012672736966,2.4556638507408e-135,8.74248695461427e-134,0.295012672736966,"Increasing",TRUE
"CRYAB",0.294998691666755,2.53162595606796e-135,8.99809817609025e-134,0.294998691666755,"Increasing",TRUE
"BTF3L4",0.29492790668687,2.95374936516729e-135,1.04812025913408e-133,0.29492790668687,"Increasing",TRUE
"ALDH7A1",0.294795616798345,3.93994573019601e-135,1.39577421687764e-133,0.294795616798345,"Increasing",TRUE
"PPP1CA",0.294598889598539,6.04542580690844e-135,2.13816123874454e-133,0.294598889598539,"Increasing",TRUE
"PPHLN1",0.29451015721611,7.33236507492899e-135,2.58909165472574e-133,0.29451015721611,"Increasing",TRUE
"TPD52",0.294329466367183,1.08600847719996e-134,3.82848991717637e-133,0.294329466367183,"Increasing",TRUE
"HES1",0.294310715231636,1.13117275254835e-134,3.9812122447182e-133,0.294310715231636,"Increasing",TRUE
"MEX3A",0.294034125558071,2.06250643581913e-134,7.24727871187829e-133,0.294034125558071,"Increasing",TRUE
"ZHX1",0.293594108089078,5.35549707620269e-134,1.87877097105097e-132,0.293594108089078,"Increasing",TRUE
"RNF5",0.293554301479841,5.83785098424366e-134,2.04466709512975e-132,0.293554301479841,"Increasing",TRUE
"NDRG2",0.293479368334135,6.86656807013366e-134,2.40107663423282e-132,0.293479368334135,"Increasing",TRUE
"PGK1",0.293383212261311,8.45587988854201e-134,2.95204465898857e-132,0.293383212261311,"Increasing",TRUE
"SERPING1",-0.293369550731445,8.70968390213092e-134,3.03574627621047e-132,0.293369550731445,"Decreasing",TRUE
"IFNGR2",0.292907636733867,2.3650687962562e-133,8.23013473222167e-132,0.292907636733867,"Increasing",TRUE
"HLA-DPB1",-0.292798013486356,2.99699382167675e-133,1.04123852872081e-131,0.292798013486356,"Decreasing",TRUE
"ATF4",0.29267363949764,3.92022503743718e-133,1.35980839581087e-131,0.29267363949764,"Increasing",TRUE
"SRPRA",0.292595313483223,4.64223352485778e-133,1.60767093705411e-131,0.292595313483223,"Increasing",TRUE
"PDCD5",0.292345312036257,7.9597783034306e-133,2.75217294619416e-131,0.292345312036257,"Increasing",TRUE
"ZFAS1",0.292337367083881,8.09727799103858e-133,2.79524245026108e-131,0.292337367083881,"Increasing",TRUE
"MCM7",0.292231945366829,1.01627768591202e-132,3.50267317265689e-131,0.292231945366829,"Increasing",TRUE
"SS18L2",0.291780847899856,2.68384952045847e-132,9.23534842947571e-131,0.291780847899856,"Increasing",TRUE
"ZNF32",0.291770751431756,2.74276666811292e-132,9.42308230491579e-131,0.291770751431756,"Increasing",TRUE
"H3F3B",-0.291508876207977,4.81571834121617e-132,1.65186783101082e-130,0.291508876207977,"Decreasing",TRUE
"COX6B1",0.291443736218522,5.53900628164065e-132,1.89695603401354e-130,0.291443736218522,"Increasing",TRUE
"HNRNPF",0.291431358643346,5.68823332206391e-132,1.94497977990192e-130,0.291431358643346,"Increasing",TRUE
"COPZ1",0.291397897002772,6.11204892810983e-132,2.08659363880653e-130,0.291397897002772,"Increasing",TRUE
"MT-ATP8",-0.291361461501601,6.60944696287363e-132,2.25284146479021e-130,0.291361461501601,"Decreasing",TRUE
"ATP1B3",0.291132719137192,1.07985745783551e-131,3.67491648249218e-130,0.291132719137192,"Increasing",TRUE
"HLA-F",-0.290924512000544,1.68754625747772e-131,5.73394255095809e-130,0.290924512000544,"Decreasing",TRUE
"TM7SF2",0.290760305232538,2.39913551833119e-131,8.13898250410316e-130,0.290760305232538,"Increasing",TRUE
"HLA-B",-0.290749052154813,2.45766316233426e-131,8.32446723166822e-130,0.290749052154813,"Decreasing",TRUE
"RHEB",0.290548656345964,3.77441646531548e-131,1.27644976237038e-129,0.290548656345964,"Increasing",TRUE
"ORMDL1",0.289881693080127,1.56999416780205e-130,5.30118343221911e-129,0.289881693080127,"Increasing",TRUE
"NR4A2",0.28968367982112,2.39531537111395e-130,8.07531437905965e-129,0.28968367982112,"Increasing",TRUE
"C2orf76",0.28940428343707,4.34489723657952e-130,1.46251135954024e-128,0.28940428343707,"Increasing",TRUE
"ERO1A",0.288973420843843,1.08697799725582e-129,3.65312511985975e-128,0.288973420843843,"Increasing",TRUE
"ALG3",0.288833884403936,1.46232101151952e-129,4.90694985387217e-128,0.288833884403936,"Increasing",TRUE
"BTG3",0.288681844594844,2.01987502266836e-129,6.76736422323461e-128,0.288681844594844,"Increasing",TRUE
"HPRT1",0.288615086734168,2.32751307673494e-129,7.78599962666287e-128,0.288615086734168,"Increasing",TRUE
"IDI1",0.288535767804533,2.75437098535761e-129,9.19968423393785e-128,0.288535767804533,"Increasing",TRUE
"BOLA3",0.288374638991375,3.87709767713051e-129,1.2929642099196e-127,0.288374638991375,"Increasing",TRUE
"BTG1",0.287774555094796,1.3824205543423e-128,4.60309833271759e-127,0.287774555094796,"Increasing",TRUE
"KXD1",0.287484295939074,2.55399504341852e-128,8.49105121358064e-127,0.287484295939074,"Increasing",TRUE
"MAX",0.287061843990646,6.23222244924086e-128,2.06879150734401e-126,0.287061843990646,"Increasing",TRUE
"NPC2",0.286967714880337,7.60108754730479e-128,2.5193175137616e-126,0.286967714880337,"Increasing",TRUE
"TUBB",0.286450413884015,2.26041338423513e-127,7.48047982133557e-126,0.286450413884015,"Increasing",TRUE
"PSAT1",0.286381990085842,2.61046616027801e-127,8.62571463663727e-126,0.286381990085842,"Increasing",TRUE
"RFK",0.286287132090062,3.18695954428115e-127,1.05145337025825e-125,0.286287132090062,"Increasing",TRUE
"SMAP1",0.286269010194285,3.31076346675445e-127,1.09063412372811e-125,0.286269010194285,"Increasing",TRUE
"DLX2",0.285854569745529,7.90898469392661e-127,2.60141794879382e-125,0.285854569745529,"Increasing",TRUE
"SLC38A1",0.285737065025528,1.01211799982663e-126,3.32399239760692e-125,0.285737065025528,"Increasing",TRUE
"NIFK",0.285571031039132,1.43380419812732e-126,4.70174639173465e-125,0.285571031039132,"Increasing",TRUE
"SDHA",0.285501573485349,1.65857756200221e-126,5.43058501740421e-125,0.285501573485349,"Increasing",TRUE
"PTTG1IP",0.285477292497444,1.74518332770257e-126,5.70550857967512e-125,0.285477292497444,"Increasing",TRUE
"CLTA",0.285386708424522,2.1100307927965e-126,6.88787997467256e-125,0.285386708424522,"Increasing",TRUE
"SIVA1",0.285366398992133,2.20175910606615e-126,7.17647274239661e-125,0.285366398992133,"Increasing",TRUE
"GTF3A",0.285283762043233,2.61788861566909e-126,8.5199658109351e-125,0.285283762043233,"Increasing",TRUE
"MRPL50",0.285207996391328,3.06802370914302e-126,9.96992366234296e-125,0.285207996391328,"Increasing",TRUE
"USH1C",0.284930791658669,5.48010136590721e-126,1.77815301076959e-124,0.284930791658669,"Increasing",FALSE
"KCNQ1OT1",0.284910619174019,5.71624165115156e-126,1.8519937343536e-124,0.284910619174019,"Increasing",TRUE
"ZNF581",0.284885361923984,6.0262721971959e-126,1.949517098524e-124,0.284885361923984,"Increasing",TRUE
"MZT2A",0.284755194273835,7.91091570521487e-126,2.55537949760379e-124,0.284755194273835,"Increasing",TRUE
"PPP4R2",0.28452458932083,1.28066450311506e-125,4.13062088243529e-124,0.28452458932083,"Increasing",TRUE
"IRF1",-0.284489109074825,1.37913250533938e-125,4.44158769603337e-124,0.284489109074825,"Decreasing",TRUE
"HSPA2",0.284476906080919,1.41471708104565e-125,4.54941013711259e-124,0.284476906080919,"Increasing",TRUE
"GAS2L1",0.284194934799748,2.54775886955655e-125,8.1808423731229e-124,0.284194934799748,"Increasing",TRUE
"UPF3A",0.284017467286935,3.68812760782395e-125,1.18249907425928e-123,0.284017467286935,"Increasing",TRUE
"DNAJC1",0.283966771914187,4.09897194633902e-125,1.31227827793165e-123,0.283966771914187,"Increasing",TRUE
"COL6A2",-0.283645843347243,7.99516585093056e-125,2.5558510952457e-123,0.283645843347243,"Decreasing",TRUE
"HDDC2",0.283569328310466,9.37450238328191e-125,2.99236331614065e-123,0.283569328310466,"Increasing",TRUE
"FEN1",0.283524885788454,1.02821956810096e-124,3.27726030481738e-123,0.283524885788454,"Increasing",TRUE
"ZCRB1",0.283256451558535,1.79622961056214e-124,5.71671898147979e-123,0.283256451558535,"Increasing",TRUE
"PCID2",0.282970331023028,3.25315578936815e-124,1.03383377365067e-122,0.282970331023028,"Increasing",TRUE
"SLC39A4",0.282968680999693,3.26431081249507e-124,1.03585545753331e-122,0.282968680999693,"Increasing",TRUE
"CNTD2",0.282887007425503,3.86692079218738e-124,1.22528091377081e-122,0.282887007425503,"Increasing",TRUE
"LOXL1",0.282845879562999,4.2111912165343e-124,1.33241350203962e-122,0.282845879562999,"Increasing",TRUE
"PRDX6",0.282680328286377,5.93521469870007e-124,1.87514604735246e-122,0.282680328286377,"Increasing",TRUE
"ZNF146",0.282458973160253,9.38736670503815e-124,2.96147437220255e-122,0.282458973160253,"Increasing",TRUE
"SLC35B2",0.282023929124479,2.30850719892727e-123,7.2721341937053e-122,0.282023929124479,"Increasing",TRUE
"SQLE",0.281817346709834,3.53713495365903e-123,1.11262716664588e-121,0.281817346709834,"Increasing",TRUE
"AKR1C3",0.28180621996714,3.61933408946234e-123,1.13682862897211e-121,0.28180621996714,"Increasing",TRUE
"COL4A2",-0.281687817548043,4.62134447196552e-123,1.449452163123e-121,0.281687817548043,"Decreasing",TRUE
"ACTR10",0.281498898066046,6.82360375963004e-123,2.13707358326964e-121,0.281498898066046,"Increasing",TRUE
"JUND",-0.281362041175463,9.04764575927796e-123,2.82951700228649e-121,0.281362041175463,"Decreasing",TRUE
"NEFH",0.281242559237564,1.15729868340538e-122,3.6140497902298e-121,0.281242559237564,"Increasing",FALSE
"NUCKS1",0.280843139037039,2.63301370805488e-122,8.21059541573822e-121,0.280843139037039,"Increasing",TRUE
"HILPDA",0.280812959983456,2.80158323899251e-122,8.72366193006169e-121,0.280812959983456,"Increasing",TRUE
"HMGB2",0.280755632033296,3.15202067410672e-122,9.80074341977643e-121,0.280755632033296,"Increasing",TRUE
"RCN2",0.280595691020435,4.37853312799155e-122,1.35948420827439e-120,0.280595691020435,"Increasing",TRUE
"KRTCAP3",0.280290499208691,8.19283339068013e-122,2.54013098382493e-120,0.280290499208691,"Increasing",TRUE
"RTN3",0.280057026024129,1.32240007422624e-121,4.0941354733566e-120,0.280057026024129,"Increasing",TRUE
"GSTM3",0.280023189432119,1.41736141490567e-121,4.38185696367832e-120,0.280023189432119,"Increasing",TRUE
"SUCLG1",0.280009943414159,1.45636303780092e-121,4.49600074955398e-120,0.280009943414159,"Increasing",TRUE
"ATP23",0.279902704663285,1.81421555844679e-121,5.59275295549716e-120,0.279902704663285,"Increasing",TRUE
"TIMMDC1",0.279524639658199,3.93318882348689e-121,1.21077222899646e-119,0.279524639658199,"Increasing",TRUE
"GGH",0.279259229358325,6.76624037759986e-121,2.07992111749549e-119,0.279259229358325,"Increasing",TRUE
"POLR2I",0.279048168968547,1.04116100001702e-120,3.19595017192725e-119,0.279048168968547,"Increasing",TRUE
"DNMT1",0.279008949139041,1.12792510545642e-120,3.45737042963309e-119,0.279008949139041,"Increasing",TRUE
"HLCS",0.278713127188954,2.06204310409022e-120,6.31172117271809e-119,0.278713127188954,"Increasing",TRUE
"JTB",0.278627194402587,2.45668823387184e-120,7.50905696378649e-119,0.278627194402587,"Increasing",TRUE
"SPP1",-0.2780821801736,7.44840493621187e-120,2.27344676089744e-118,0.2780821801736,"Decreasing",TRUE
"CAVIN1",0.277905554280161,1.06644713514615e-119,3.25048273490949e-118,0.277905554280161,"Increasing",TRUE
"TUBA1A",0.277776237935356,1.38672596253583e-119,4.22072507752104e-118,0.277776237935356,"Increasing",TRUE
"MYADM",0.277711401413473,1.58179557404049e-119,4.80767965612024e-118,0.277711401413473,"Increasing",TRUE
"MFSD2A",0.277411556125736,2.9059713525195e-119,8.81994956853181e-118,0.277411556125736,"Increasing",TRUE
"MRPL42",0.277342228105961,3.34438929893426e-119,1.01363608344978e-117,0.277342228105961,"Increasing",TRUE
"CKB",0.27726035974809,3.94782621687738e-119,1.19485328496807e-117,0.27726035974809,"Increasing",TRUE
"LINC00885",0.276845092615871,9.14949974427922e-119,2.76532432830593e-117,0.276845092615871,"Increasing",TRUE
"GINS2",0.276733777230906,1.14588418689968e-118,3.45845772051706e-117,0.276733777230906,"Increasing",TRUE
"SLC52A2",0.27664853895817,1.36130529823676e-118,4.10290202160341e-117,0.27664853895817,"Increasing",TRUE
"GPM6B",0.276516855574406,1.77616463648007e-118,5.34581027776244e-117,0.276516855574406,"Increasing",TRUE
"KCTD1",0.276500159010432,1.83707456626908e-118,5.52144386329276e-117,0.276500159010432,"Increasing",TRUE
"TPRKB",0.276350594606291,2.48459174821653e-118,7.45722606652212e-117,0.276350594606291,"Increasing",TRUE
"COA5",0.276349796327801,2.48859770113112e-118,7.45888991975639e-117,0.276349796327801,"Increasing",FALSE
"PRPF18",0.275915449841483,5.97438007002022e-118,1.78817663868611e-116,0.275915449841483,"Increasing",TRUE
"AL355338.1",0.275644712478481,1.03042004281595e-117,3.07985852354808e-116,0.275644712478481,"Increasing",TRUE
"MAN2A1",0.275584865285272,1.16226667079129e-117,3.46914126461324e-116,0.275584865285272,"Increasing",TRUE
"C1S",-0.275292368613091,2.09259512333587e-117,6.23737663659147e-116,0.275292368613091,"Decreasing",TRUE
"PRRC1",0.275111745465786,3.00767226717853e-117,8.95258921401212e-116,0.275111745465786,"Increasing",TRUE
"SLC7A5",0.275064789173591,3.30497099819287e-117,9.82399219682915e-116,0.275064789173591,"Increasing",TRUE
"GOPC",0.27487532453714,4.83351658607107e-117,1.43478425034335e-115,0.27487532453714,"Increasing",TRUE
"PLPPR2",0.27477353387414,5.92798392825515e-117,1.75725284896562e-115,0.27477353387414,"Increasing",FALSE
"COMMD5",0.274708971195796,6.74700946802852e-117,1.99729965211091e-115,0.274708971195796,"Increasing",TRUE
"COPB2",0.274689323799381,7.01797953049534e-117,2.0746721977292e-115,0.274689323799381,"Increasing",TRUE
"TCEAL9",0.27444822091989,1.13749294357105e-116,3.35809050690853e-115,0.27444822091989,"Increasing",TRUE
"AP1M2",0.274439381877258,1.15780063281945e-116,3.41337949184562e-115,0.274439381877258,"Increasing",TRUE
"FAAP20",0.274324988892935,1.45568176504023e-116,4.28573337091545e-115,0.274324988892935,"Increasing",TRUE
"SULT2B1",0.274244726607881,1.70924115093612e-116,5.02540153356866e-115,0.274244726607881,"Increasing",TRUE
"GSTP1",0.274182383563639,1.93621938497833e-116,5.68501371051383e-115,0.274182383563639,"Increasing",TRUE
"TMEM165",0.274088248855199,2.33718465119175e-116,6.85299325810769e-115,0.274088248855199,"Increasing",TRUE
"FXR1",0.274017226487144,2.69365023335946e-116,7.88750427410542e-115,0.274017226487144,"Increasing",TRUE
"BEST4",0.273991605441969,2.83514974321494e-116,8.29060702988833e-115,0.273991605441969,"Increasing",TRUE
"MRPL33",0.273827345263153,3.93612845199506e-116,1.14945588983261e-114,0.273827345263153,"Increasing",TRUE
"ACTR3B",0.273648593118895,5.62369349278632e-116,1.64005420214727e-114,0.273648593118895,"Increasing",TRUE
"MYLK",-0.273555482092453,6.77156557417713e-116,1.97215002773541e-114,0.273555482092453,"Decreasing",TRUE
"NXPH4",0.273502402110133,7.52767932488563e-116,2.1894098278705e-114,0.273502402110133,"Increasing",TRUE
"MTPN",0.273439905498728,8.52659307391472e-116,2.47660855278625e-114,0.273439905498728,"Increasing",TRUE
"FBXO2",0.273143586053741,1.53871122391836e-115,4.46329524145982e-114,0.273143586053741,"Increasing",TRUE
"GPRC5A",0.273077358112851,1.75555681287716e-115,5.08546685338814e-114,0.273077358112851,"Increasing",TRUE
"THBS1",-0.272902474888922,2.48618825544006e-115,7.19230631861574e-114,0.272902474888922,"Decreasing",TRUE
"HPN",0.272828386524322,2.88085274661365e-115,8.32289142437447e-114,0.272828386524322,"Increasing",TRUE
"AGO2",0.27282278053959,2.9131436373563e-115,8.40494445971556e-114,0.27282278053959,"Increasing",TRUE
"COL6A1",-0.272783727979839,3.14833606778019e-115,9.07140565663065e-114,0.272783727979839,"Decreasing",TRUE
"MPC2",0.272708801280777,3.65392371795061e-115,1.05141533348752e-113,0.272708801280777,"Increasing",TRUE
"BBX",0.272703886178143,3.68978944276675e-115,1.06032380130571e-113,0.272703886178143,"Increasing",TRUE
"BEX3",0.272459573302437,5.99446931321504e-115,1.72032512428389e-113,0.272459573302437,"Increasing",TRUE
"GJB2",0.272444714889914,6.1739180054971e-115,1.76947437796807e-113,0.272444714889914,"Increasing",TRUE
"CEBPG",0.272297970415758,8.26099931297735e-115,2.36450589607206e-113,0.272297970415758,"Increasing",TRUE
"NDUFA9",0.272245360063661,9.1697106905816e-115,2.62113026486069e-113,0.272245360063661,"Increasing",TRUE
"SLC39A7",0.272098728411776,1.22637481055617e-114,3.50091937333142e-113,0.272098728411776,"Increasing",TRUE
"PARP14",-0.271741031975508,2.4906533860014e-114,7.10066222579027e-113,0.271741031975508,"Decreasing",TRUE
"UBE2A",0.271724179735869,2.57512332872479e-114,7.33180700049311e-113,0.271724179735869,"Increasing",TRUE
"RAB5C",0.27155028465341,3.6324757966613e-114,1.03286581534014e-112,0.27155028465341,"Increasing",TRUE
"PSMB3",0.271394779698223,4.93984906460954e-114,1.40276134410266e-112,0.271394779698223,"Increasing",TRUE
"NRBF2",0.271267550378241,6.35159047281641e-114,1.80128438474492e-112,0.271267550378241,"Increasing",TRUE
"CHRAC1",0.271064224956331,9.4890482290818e-114,2.68752729004532e-112,0.271064224956331,"Increasing",TRUE
"SNRPN",0.27087864971853,1.36839441338379e-113,3.87055016665232e-112,0.27087864971853,"Increasing",TRUE
"POLR2B",0.270514214072764,2.80588596174973e-113,7.92616936384466e-112,0.270514214072764,"Increasing",TRUE
"CCDC130",0.270203887169832,5.16707010112865e-113,1.4577073744829e-111,0.270203887169832,"Increasing",FALSE
"RPL36AL",0.270109890327265,6.21577627539534e-113,1.75127673156836e-111,0.270109890327265,"Increasing",TRUE
"PCNP",0.269931702613412,8.82139071721028e-113,2.48216475779836e-111,0.269931702613412,"Increasing",TRUE
"PPM1G",0.269914452946679,9.12534906063239e-113,2.56435361768876e-111,0.269914452946679,"Increasing",TRUE
"MRPL4",0.269817794167292,1.10324190264288e-112,3.09624123585878e-111,0.269817794167292,"Increasing",TRUE
"PPA2",0.269686912473534,1.42632915165021e-112,3.99779156513113e-111,0.269686912473534,"Increasing",TRUE
"UBE2T",0.269671705548888,1.46952305845522e-112,4.11352244730795e-111,0.269671705548888,"Increasing",TRUE
"MRPS25",0.269520655234904,1.97619131756934e-112,5.52464351522295e-111,0.269520655234904,"Increasing",TRUE
"ZNF22",0.269037131512339,5.09445019146174e-112,1.42236522787452e-110,0.269037131512339,"Increasing",TRUE
"ILVBL",0.268830851628251,7.62593098964665e-112,2.12640475724212e-110,0.268830851628251,"Increasing",TRUE
"EMC3",0.26867589828637,1.03227280804225e-111,2.87466693064343e-110,0.26867589828637,"Increasing",TRUE
"PLIN2",0.268566429800091,1.2783289350655e-111,3.55530093780766e-110,0.268566429800091,"Increasing",TRUE
"SNRPF",0.268513327806322,1.417968438327e-111,3.93859870851498e-110,0.268513327806322,"Increasing",TRUE
"RAB3D",0.268395964561102,1.78295247859524e-111,4.94603376924816e-110,0.268395964561102,"Increasing",TRUE
"LSM14A",0.268363029000914,1.90127905239358e-111,5.26751799002888e-110,0.268363029000914,"Increasing",TRUE
"SDHD",0.268354050856804,1.93487229104144e-111,5.3537247387203e-110,0.268354050856804,"Increasing",TRUE
"DECR1",0.268250683582659,2.36704100302584e-111,6.54114527818267e-110,0.268250683582659,"Increasing",TRUE
"UBA3",0.268241137738706,2.41151118942785e-111,6.6555244959816e-110,0.268241137738706,"Increasing",TRUE
"TOP1MT",0.268164217810081,2.80164843296427e-111,7.72240084647421e-110,0.268164217810081,"Increasing",TRUE
"KHDRBS1",0.268153426903053,2.86119891966937e-111,7.87649791771403e-110,0.268153426903053,"Increasing",TRUE
"ERGIC2",0.268146099590454,2.90235359951505e-111,7.97962611775067e-110,0.268146099590454,"Increasing",TRUE
"ATP5F1A",0.267891979939399,4.76136560303124e-111,1.30740928439015e-109,0.267891979939399,"Increasing",TRUE
"SNRPD1",0.267846393638166,5.20321787077932e-111,1.42692307344595e-109,0.267846393638166,"Increasing",TRUE
"TSN",0.267711565200814,6.76421184190786e-111,1.85265675416513e-109,0.267711565200814,"Increasing",TRUE
"RAB25",0.267609924880588,8.24272996682403e-111,2.25475183016541e-109,0.267609924880588,"Increasing",TRUE
"RPS19",0.267514709043079,9.91891744115953e-111,2.70983319726242e-109,0.267514709043079,"Increasing",TRUE
"PTN",-0.26750178548436,1.01712290754171e-110,2.77525581211821e-109,0.26750178548436,"Decreasing",TRUE
"BOC",0.267450272285716,1.12421981334698e-110,3.06360531733018e-109,0.267450272285716,"Increasing",TRUE
"DSP",0.267382212276169,1.28315756832395e-110,3.4923217948968e-109,0.267382212276169,"Increasing",TRUE
"SMARCA4",0.267357913140193,1.34517698718316e-110,3.65651254000353e-109,0.267357913140193,"Increasing",TRUE
"UBE2N",0.267353060436537,1.35791645332588e-110,3.6865043412528e-109,0.267353060436537,"Increasing",TRUE
"DDX1",0.267345538709427,1.37790103342704e-110,3.7360654118392e-109,0.267345538709427,"Increasing",TRUE
"GSDMC",0.267245613611239,1.67297967658475e-110,4.53046250764367e-109,0.267245613611239,"Increasing",TRUE
"MAOB",-0.267174550622287,1.92043747825624e-110,5.19407433105349e-109,0.267174550622287,"Decreasing",TRUE
"DLGAP1",0.267119092325917,2.13865854641488e-110,5.7770513985032e-109,0.267119092325917,"Increasing",TRUE
"MRPL11",0.267082268798691,2.29705207003479e-110,6.19716544737227e-109,0.267082268798691,"Increasing",TRUE
"KLHDC3",0.26704847900352,2.45267228806361e-110,6.608759120331e-109,0.26704847900352,"Increasing",TRUE
"TMEM50B",0.266781971926891,4.11180789002342e-110,1.10655253428899e-108,0.266781971926891,"Increasing",TRUE
"H2AFY2",0.266663288756623,5.17462239661572e-110,1.39084067152818e-108,0.266663288756623,"Increasing",TRUE
"PART1",0.266661168170577,5.19591703070251e-110,1.39482940414262e-108,0.266661168170577,"Increasing",TRUE
"NOSIP",0.266442806434607,7.92922376021601e-110,2.12593704042516e-108,0.266442806434607,"Increasing",TRUE
"TUBA4A",0.266232342590392,1.19123160499487e-109,3.18990272415603e-108,0.266232342590392,"Increasing",TRUE
"EIF4B",0.266168733208531,1.34706712335347e-109,3.60273769005798e-108,0.266168733208531,"Increasing",TRUE
"PSMG2",0.266038142147322,1.73364452724316e-109,4.63090954681394e-108,0.266038142147322,"Increasing",TRUE
"CHEK1",0.265998936695176,1.87000536689999e-109,4.98898962700109e-108,0.265998936695176,"Increasing",TRUE
"SNORC",-0.265951092033214,2.05099254446694e-109,5.46509850627997e-108,0.265951092033214,"Decreasing",TRUE
"CHMP2B",0.265843211969912,2.52579999283525e-109,6.72198741935589e-108,0.265843211969912,"Increasing",TRUE
"NES",0.265756105513473,2.98805628792714e-109,7.94242267922578e-108,0.265756105513473,"Increasing",TRUE
"RPL4",0.265687526896054,3.41062595290188e-109,9.05449961206507e-108,0.265687526896054,"Increasing",TRUE
"LYZ",-0.265606863095676,3.98456452359786e-109,1.05652072828159e-107,0.265606863095676,"Decreasing",TRUE
"TAGLN2",0.265399338325016,5.94362117500884e-109,1.57403987245026e-107,0.265399338325016,"Increasing",TRUE
"MANF",0.265263545101205,7.71982479326996e-109,2.04192672928475e-107,0.265263545101205,"Increasing",TRUE
"PSMD14",0.26523939332462,8.08718257898078e-109,2.13647940747891e-107,0.26523939332462,"Increasing",TRUE
"SINHCAF",0.265137134412424,9.84595293001775e-109,2.59793703074095e-107,0.265137134412424,"Increasing",TRUE
"MIF",-0.265065594846638,1.12985525792824e-108,2.97758196632065e-107,0.265065594846638,"Decreasing",TRUE
"MYH14",0.264957014616589,1.39218439773612e-108,3.66444638673296e-107,0.264957014616589,"Increasing",TRUE
"ATF5",0.264893530477169,1.57286631698197e-108,4.13499283576404e-107,0.264893530477169,"Increasing",TRUE
"NUP37",0.264740680687827,2.10973274940586e-108,5.53965063361611e-107,0.264740680687827,"Increasing",TRUE
"TMEM106C",0.264690283747242,2.32412463437866e-108,6.09518608603433e-107,0.264690283747242,"Increasing",TRUE
"SNRPG",0.264661932115148,2.45415032378814e-108,6.42838648449234e-107,0.264661932115148,"Increasing",TRUE
"COX7C",0.264631610241216,2.6012532303129e-108,6.80545790642394e-107,0.264631610241216,"Increasing",TRUE
"COX7A2L",0.264497099260964,3.36739317680344e-108,8.79919789005108e-107,0.264497099260964,"Increasing",TRUE
"DCTN2",0.264463452495419,3.59192502985927e-108,9.37457728203608e-107,0.264463452495419,"Increasing",TRUE
"CCT3",0.264408084992759,3.99437507327358e-108,1.04123577000533e-106,0.264408084992759,"Increasing",TRUE
"STAT3",0.264294312877437,4.96806422692917e-108,1.29349238486674e-106,0.264294312877437,"Increasing",TRUE
"YIPF4",0.26427157166925,5.18941336542479e-108,1.34949726626751e-106,0.26427157166925,"Increasing",TRUE
"BAX",0.264067354499513,7.67426009404205e-108,1.99327837298376e-106,0.264067354499513,"Increasing",TRUE
"AMMECR1",0.264038838894405,8.10495967053455e-108,2.10261918943879e-106,0.264038838894405,"Increasing",TRUE
"AC008771.1",0.264025485075197,8.31486580859628e-108,2.15448741155594e-106,0.264025485075197,"Increasing",FALSE
"FAM84B",0.264013297644795,8.51116788844599e-108,2.20271063556069e-106,0.264013297644795,"Increasing",TRUE
"SAC3D1",0.263786118543211,1.31459413237968e-107,3.39813148334031e-106,0.263786118543211,"Increasing",TRUE
"LINC01315",0.263728205089268,1.46856187452631e-107,3.79159164976268e-106,0.263728205089268,"Increasing",FALSE
"JAGN1",0.263542314492807,2.09509491730737e-107,5.40274476885588e-106,0.263542314492807,"Increasing",TRUE
"DLG1",0.263428209133604,2.60533219385437e-107,6.71051593673337e-106,0.263428209133604,"Increasing",TRUE
"H1FX",-0.263195550550707,4.06187328523899e-107,1.04496525826208e-105,0.263195550550707,"Decreasing",TRUE
"LEMD1",0.263108806760749,4.79273110587554e-107,1.23152103683675e-105,0.263108806760749,"Increasing",TRUE
"OSGEP",0.263062517621779,5.23500257358315e-107,1.34356776265002e-105,0.263062517621779,"Increasing",TRUE
"RUVBL2",0.263004649571537,5.84559637974351e-107,1.49849748239926e-105,0.263004649571537,"Increasing",TRUE
"MCTS1",0.262874403925381,7.49241368247457e-107,1.91837748433976e-105,0.262874403925381,"Increasing",TRUE
"RBPMS",-0.262832248398276,8.11889830581101e-107,2.07632417027901e-105,0.262832248398276,"Decreasing",TRUE
"ARHGAP29",-0.262129722296709,3.08856502501258e-106,7.88934872228391e-105,0.262129722296709,"Decreasing",TRUE
"BCL2A1",-0.262048168909967,3.60580039285098e-106,9.1996867165891e-105,0.262048168909967,"Decreasing",TRUE
"PTS",0.261883409534198,4.92925435400987e-106,1.25614606828011e-104,0.261883409534198,"Increasing",TRUE
"SON",0.261770942283975,6.10113106565884e-106,1.5529498507525e-104,0.261770942283975,"Increasing",TRUE
"HNRNPUL1",0.261235195160866,1.68280137223732e-105,4.27827501812335e-104,0.261235195160866,"Increasing",TRUE
"WIPI1",0.261215774897115,1.74576421701642e-105,4.43313334074322e-104,0.261215774897115,"Increasing",FALSE
"TATDN1",0.261164881849128,1.92214052912375e-105,4.87528836084088e-104,0.261164881849128,"Increasing",TRUE
"DRAM2",0.261000526899578,2.62246590105217e-105,6.64378524287661e-104,0.261000526899578,"Increasing",TRUE
"APOL6",-0.260991213729752,2.66902383599518e-105,6.75381792691519e-104,0.260991213729752,"Decreasing",TRUE
"EID1",0.26088067481521,3.28881510839163e-105,8.31243210436761e-104,0.26088067481521,"Increasing",TRUE
"TMC4",0.260658330262686,5.00402956733248e-105,1.2632836325941e-103,0.260658330262686,"Increasing",TRUE
"NET1",0.260634744010114,5.23173475331077e-105,1.31922739812189e-103,0.260634744010114,"Increasing",TRUE
"NECTIN1",0.260613876961168,5.44179116791133e-105,1.37059565429562e-103,0.260613876961168,"Increasing",TRUE
"EIF4A3",0.260506729584025,6.66042567015233e-105,1.67557390840503e-103,0.260506729584025,"Increasing",TRUE
"CALM2",0.260297234426658,9.8848953889111e-105,2.48386731807406e-103,0.260297234426658,"Increasing",TRUE
"COX5A",0.260141555341022,1.32523289734846e-104,3.32616526268294e-103,0.260141555341022,"Increasing",TRUE
"DAP3",0.260100789840445,1.43092670801257e-104,3.58727681672292e-103,0.260100789840445,"Increasing",TRUE
"HADHA",0.259963597798734,1.85236280626269e-104,4.63841949517227e-103,0.259963597798734,"Increasing",TRUE
"GABARAPL2",0.259919046391413,2.01426883240385e-104,5.03800341067676e-103,0.259919046391413,"Increasing",TRUE
"COX7A2",0.259606289569181,3.62568064982127e-104,9.05791431706794e-103,0.259606289569181,"Increasing",TRUE
"ZNRD1",0.259557395829608,3.97433931503641e-104,9.91749106211742e-103,0.259557395829608,"Increasing",FALSE
"POMP",0.259543634392112,4.07836948319702e-104,1.01653476968728e-102,0.259543634392112,"Increasing",TRUE
"IGHG3",-0.259423209646019,5.11277612090163e-104,1.27289276466226e-102,0.259423209646019,"Decreasing",TRUE
"MLLT11",0.259397388277691,5.36660441809353e-104,1.33454915391256e-102,0.259397388277691,"Increasing",FALSE
"PEX13",0.259379143541806,5.55349606191376e-104,1.37943735514892e-102,0.259379143541806,"Increasing",TRUE
"ABT1",0.259320873842837,6.19498223387318e-104,1.53700994344431e-102,0.259320873842837,"Increasing",TRUE
"ZNF90",0.259165812901646,8.28537909060961e-104,2.05329176775314e-102,0.259165812901646,"Increasing",TRUE
"LMAN2",0.258932957165682,1.2816647648111e-103,3.17259743042014e-102,0.258932957165682,"Increasing",TRUE
"LRRC42",0.258908028043834,1.34290848505863e-103,3.3203950071072e-102,0.258908028043834,"Increasing",TRUE
"NDUFAB1",0.258879663012782,1.41615149123809e-103,3.49748956864631e-102,0.258879663012782,"Increasing",TRUE
"ASF1A",0.258788173461866,1.68065762153758e-103,4.14600584491178e-102,0.258788173461866,"Increasing",TRUE
"S100A6",0.258771261709254,1.73469491196795e-103,4.27443067817873e-102,0.258771261709254,"Increasing",TRUE
"GDI2",0.258656249245989,2.15111871257309e-103,5.29449605680004e-102,0.258656249245989,"Increasing",TRUE
"TUSC3",0.258452273342216,3.14968539628715e-103,7.74342450668546e-102,0.258452273342216,"Increasing",TRUE
"HSPE1",0.258424385450638,3.31815812805879e-103,8.14834058492618e-102,0.258424385450638,"Increasing",TRUE
"SGCB",0.258410407581908,3.40595190068597e-103,8.35444047375979e-102,0.258410407581908,"Increasing",FALSE
"METTL5",0.258111535070163,5.95075449765867e-103,1.45800232079823e-101,0.258111535070163,"Increasing",TRUE
"EIF2B5",0.258022332950611,7.02809375773436e-103,1.72001252666636e-101,0.258022332950611,"Increasing",TRUE
"FDCSP",-0.257825072526776,1.01518134342944e-102,2.48168199451474e-101,0.257825072526776,"Decreasing",TRUE
"NR4A1",0.25767708272506,1.33742041893072e-102,3.26572375741163e-101,0.25767708272506,"Increasing",TRUE
"SNX7",0.257624573564708,1.47478687454923e-102,3.59708175609582e-101,0.257624573564708,"Increasing",TRUE
"EMC4",0.257603046261555,1.53509190797428e-102,3.73994770364421e-101,0.257603046261555,"Increasing",TRUE
"COMTD1",0.257364590512786,2.39231543985302e-102,5.82183971342611e-101,0.257364590512786,"Increasing",FALSE
"TANK",0.25726979166973,2.85341027068987e-102,6.93613002807741e-101,0.25726979166973,"Increasing",TRUE
"HOXB7",0.257159931199518,3.49970517492204e-102,8.49759874495115e-101,0.257159931199518,"Increasing",TRUE
"LXN",0.256874895509614,5.94127966372506e-102,1.44097703179684e-100,0.256874895509614,"Increasing",TRUE
"MED30",0.256771835741315,7.19307396310822e-102,1.74262699935839e-100,0.256771835741315,"Increasing",TRUE
"ATP6V1D",0.256723184513808,7.872257971767e-102,1.90503353605694e-100,0.256723184513808,"Increasing",TRUE
"EXOSC5",0.256441055454778,1.32790204683872e-101,3.20983928771641e-100,0.256441055454778,"Increasing",TRUE
"IFT27",0.256219712389524,2.00037586161575e-101,4.82995780664987e-100,0.256219712389524,"Increasing",FALSE
"AC058791.1",-0.256218039416513,2.00657733817121e-101,4.83952413815624e-100,0.256218039416513,"Decreasing",TRUE
"PLD3",0.256021145837539,2.88800397060731e-101,6.95761045761693e-100,0.256021145837539,"Increasing",TRUE
"ARMCX3",0.255836173313064,4.06479897360626e-101,9.78177124940215e-100,0.255836173313064,"Increasing",TRUE
"ATIC",0.255685156007968,5.37205940423817e-101,1.29132595912777e-99,0.255685156007968,"Increasing",TRUE
"CDK2AP2",0.255647183732053,5.76206617066528e-101,1.38353611053419e-99,0.255647183732053,"Increasing",TRUE
"XPOT",0.255628576190753,5.96336803810636e-101,1.430281723679e-99,0.255628576190753,"Increasing",FALSE
"PTTG1",0.255598533738328,6.30328746186062e-101,1.51013350388922e-99,0.255598533738328,"Increasing",TRUE
"PRKRA",0.255551403290363,6.87590969651714e-101,1.64549732604358e-99,0.255551403290363,"Increasing",TRUE
"CXCL2",-0.255380547334567,9.42239760883073e-101,2.25241164078354e-99,0.255380547334567,"Decreasing",TRUE
"CDCA7",0.255316374424644,1.06054217799867e-100,2.53241065928743e-99,0.255316374424644,"Increasing",TRUE
"CCL2",-0.255256888820352,1.18339430521024e-100,2.82264359112509e-99,0.255256888820352,"Decreasing",TRUE
"ENHO",0.255167569516874,1.39502139113961e-100,3.32374997381775e-99,0.255167569516874,"Increasing",TRUE
"MRPL16",0.255166498936402,1.3977744921622e-100,3.32664171537721e-99,0.255166498936402,"Increasing",TRUE
"SMOX",0.255005746195968,1.87914335036144e-100,4.46735839398358e-99,0.255005746195968,"Increasing",TRUE
"FHL3",0.254963749610193,2.03011808078615e-100,4.82097271711964e-99,0.254963749610193,"Increasing",TRUE
"SERPINA1",-0.254936175216049,2.13576686740106e-100,5.06629220686463e-99,0.254936175216049,"Decreasing",TRUE
"NINJ1",0.25487458903624,2.39195382601232e-100,5.66777655483841e-99,0.25487458903624,"Increasing",TRUE
"EDEM2",0.254871963845717,2.40353062913292e-100,5.68897008713718e-99,0.254871963845717,"Increasing",FALSE
"UBE2E3",0.254870102865718,2.41177118740283e-100,5.70222925161654e-99,0.254870102865718,"Increasing",TRUE
"CTSV",0.25484653272274,2.51861325069283e-100,5.94833140409531e-99,0.25484653272274,"Increasing",TRUE
"PTBP3",0.254722436604025,3.16405482273138e-100,7.46454418332152e-99,0.254722436604025,"Increasing",TRUE
"RPS17",0.254585073403626,4.07244824562032e-100,9.5971217653059e-99,0.254585073403626,"Increasing",TRUE
"MALSU1",0.25450482423596,4.7191185964916e-100,1.11089491143991e-98,0.25450482423596,"Increasing",TRUE
"TPD52L1",0.254448193801321,5.23617984219232e-100,1.23127145146655e-98,0.254448193801321,"Increasing",TRUE
"ARPC5L",0.254412792183616,5.58773578696766e-100,1.31251054735186e-98,0.254412792183616,"Increasing",TRUE
"PAFAH1B3",0.254344302834265,6.33608896068037e-100,1.4866762479946e-98,0.254344302834265,"Increasing",TRUE
"EEF1AKMT4",0.253988906994309,1.21562905994535e-99,2.84921301360294e-98,0.253988906994309,"Increasing",TRUE
"PIGX",0.253923092777738,1.37137321357962e-99,3.2107665379692e-98,0.253923092777738,"Increasing",TRUE
"TDG",0.253891774540166,1.45232437262199e-99,3.39661576757156e-98,0.253891774540166,"Increasing",TRUE
"GSN",0.25372455507675,1.97241085509125e-99,4.60797822470507e-98,0.25372455507675,"Increasing",TRUE
"PIGR",-0.253596915371345,2.49114958754467e-99,5.81357911304971e-98,0.253596915371345,"Decreasing",TRUE
"PDCD2",0.253584869054907,2.54663631967643e-99,5.9366570515866e-98,0.253584869054907,"Increasing",TRUE
"IFNAR1",0.253339120336551,3.99049629966698e-99,9.29252424954778e-98,0.253339120336551,"Increasing",TRUE
"HSPBP1",0.253243280681746,4.75379431294278e-99,1.10580726698271e-97,0.253243280681746,"Increasing",TRUE
"GPR180",0.253182510076643,5.31156633023191e-99,1.23422525157324e-97,0.253182510076643,"Increasing",TRUE
"HOXB6",0.253181356706053,5.32276064574329e-99,1.23549793291635e-97,0.253181356706053,"Increasing",TRUE
"ETHE1",0.253179349626898,5.3422969752943e-99,1.23870212055912e-97,0.253179349626898,"Increasing",TRUE
"RNF8",0.252887385829564,9.09969612186216e-99,2.10765737613549e-97,0.252887385829564,"Increasing",TRUE
"NFE2L3",0.252844945832202,9.83158302552741e-99,2.27473778567074e-97,0.252844945832202,"Increasing",TRUE
"LINC00461",0.252774105473532,1.11863454974653e-98,2.58542167059064e-97,0.252774105473532,"Increasing",TRUE
"ACAA2",0.252737359917284,1.19608638998629e-98,2.76147723158159e-97,0.252737359917284,"Increasing",TRUE
"DMAC1",0.252521361935289,1.77243660430889e-98,4.08776467653309e-97,0.252521361935289,"Increasing",TRUE
"SERPINB5",0.252452538187763,2.00891167134409e-98,4.62820695285137e-97,0.252452538187763,"Increasing",TRUE
"IGFBP4",-0.252444248107631,2.03944128428783e-98,4.69353846149733e-97,0.252444248107631,"Decreasing",TRUE
"MRPL19",0.252332343546957,2.49981694619368e-98,5.74691959651546e-97,0.252332343546957,"Increasing",TRUE
"PAK2",0.252325190151639,2.53254631380079e-98,5.81597511596547e-97,0.252325190151639,"Increasing",TRUE
"TTC14",0.2521983518198,3.18929166047347e-98,7.31641112344286e-97,0.2521983518198,"Increasing",TRUE
"ACTR6",0.252180679080887,3.29338165445269e-98,7.5471874393131e-97,0.252180679080887,"Increasing",TRUE
"HLA-DQB1",-0.252138095922491,3.55832286748446e-98,8.14569461507831e-97,0.252138095922491,"Decreasing",TRUE
"FKBP4",0.252131100485802,3.60383573930525e-98,8.24115241549062e-97,0.252131100485802,"Increasing",TRUE
"SUPT4H1",0.252106316642004,3.76980499250086e-98,8.61157356109341e-97,0.252106316642004,"Increasing",TRUE
"FAM49B",0.252086096230091,3.91084610606751e-98,8.92432780909385e-97,0.252086096230091,"Increasing",TRUE
"LDHB",0.251946035507533,5.04341393885567e-98,1.1496642955556e-96,0.251946035507533,"Increasing",TRUE
"JOSD2",0.25193828009624,5.11491727409931e-98,1.16473511373326e-96,0.25193828009624,"Increasing",TRUE
"ARL5B",0.251832205528542,6.20071007785656e-98,1.41049836613137e-96,0.251832205528542,"Increasing",TRUE
"FKBP11",0.251688635725879,8.04512417359421e-98,1.82812968865795e-96,0.251688635725879,"Increasing",FALSE
"MAN1A2",0.251544236236031,1.04521126904019e-97,2.37258566428135e-96,0.251544236236031,"Increasing",TRUE
"DUSP4",-0.251376536447117,1.41620091284642e-97,3.21134330814387e-96,0.251376536447117,"Decreasing",TRUE
"ERP29",0.251264666717583,1.73409039751708e-97,3.92806011429184e-96,0.251264666717583,"Increasing",TRUE
"TRAM1",0.251183012086032,2.01018921222993e-97,4.5487108770983e-96,0.251183012086032,"Increasing",TRUE
"GOLIM4",0.251146746318491,2.14648304413949e-97,4.85203960082158e-96,0.251146746318491,"Increasing",TRUE
"RPN1",0.250991008688013,2.8446097506286e-97,6.42340822477367e-96,0.250991008688013,"Increasing",TRUE
"ELOVL4",0.25094094121976,3.11401495357e-97,7.02441160194652e-96,0.25094094121976,"Increasing",FALSE
"SCAF11",0.250933178441662,3.15800571720742e-97,7.11621517714832e-96,0.250933178441662,"Increasing",TRUE
"ZNF639",0.250807447324731,3.96329938624801e-97,8.9215520559187e-96,0.250807447324731,"Increasing",TRUE
"FUNDC1",0.250795736948167,4.04800988108235e-97,9.10275687098747e-96,0.250795736948167,"Increasing",TRUE
"PDHA1",0.250699787942592,4.81368929932155e-97,1.08132875008668e-95,0.250699787942592,"Increasing",TRUE
"MRPL48",0.25064619556545,5.30258075573524e-97,1.18991453926727e-95,0.25064619556545,"Increasing",TRUE
"HAX1",0.250572126329651,6.06081379420188e-97,1.35865338270438e-95,0.250572126329651,"Increasing",TRUE
"CCNB1IP1",0.250508774846031,6.79454463787593e-97,1.52155554015025e-95,0.250508774846031,"Increasing",TRUE
"RIC3",-0.250354759109239,8.96926487866505e-97,2.00647840608646e-95,0.250354759109239,"Decreasing",TRUE
"SLC25A3",0.250240389558467,1.10218790868565e-96,2.46311072458086e-95,0.250240389558467,"Increasing",TRUE
"COX6A1",0.250067314764236,1.50524041138896e-96,3.36035591840035e-95,0.250067314764236,"Increasing",TRUE
"PA2G4",0.250045355737842,1.56592515153198e-96,3.49222317075399e-95,0.250045355737842,"Increasing",TRUE
"ARPC5",0.249993460896032,1.71921371747171e-96,3.83012458088286e-95,0.249993460896032,"Increasing",TRUE
"FAHD2A",0.249907124448326,2.00810224769591e-96,4.46911324126761e-95,0.249907124448326,"Increasing",FALSE
"AP3B1",0.249838867126297,2.2703754100148e-96,5.04761446609257e-95,0.249838867126297,"Increasing",TRUE
"HRASLS",0.249805951525269,2.40879741357064e-96,5.34985735943078e-95,0.249805951525269,"Increasing",TRUE
"TIMP3",-0.249523112967275,4.00406573145317e-96,8.88376390725903e-95,0.249523112967275,"Decreasing",TRUE
"DDX49",0.249445667270224,4.60133054204989e-96,1.01984362065331e-94,0.249445667270224,"Increasing",TRUE
"CCT7",0.249368026705561,5.28927779532726e-96,1.1711198069367e-94,0.249368026705561,"Increasing",TRUE
"LINC00960",0.24927545933406,6.24475619048986e-96,1.3812608114277e-94,0.24927545933406,"Increasing",FALSE
"RBBP7",0.249224636721929,6.84066735736479e-96,1.51152169317641e-94,0.249224636721929,"Increasing",TRUE
"AKT1S1",0.249208339428631,7.04351795158778e-96,1.55475406469675e-94,0.249208339428631,"Increasing",FALSE
"SEPHS2",0.249205668423625,7.07733123568763e-96,1.56062375513479e-94,0.249205668423625,"Increasing",TRUE
"FIP1L1",0.249111455431219,8.37947013670471e-96,1.84587512389591e-94,0.249111455431219,"Increasing",TRUE
"TRAPPC3",0.249002201423861,1.01914087033319e-95,2.24273260772915e-94,0.249002201423861,"Increasing",TRUE
"PGRMC1",0.248753167836827,1.59171875815643e-95,3.49919047444154e-94,0.248753167836827,"Increasing",TRUE
"RPS3",0.248715137987619,1.7037921687431e-95,3.74176308603033e-94,0.248715137987619,"Increasing",TRUE
"VAV3",0.248507037427005,2.47187528287285e-95,5.4230685139982e-94,0.248507037427005,"Increasing",TRUE
"SWSAP1",0.248498671332106,2.5091142566661e-95,5.49918449153696e-94,0.248498671332106,"Increasing",FALSE
"APOE",0.24847374976213,2.62339362712626e-95,5.74382333152974e-94,0.24847374976213,"Increasing",TRUE
"RAB7A",0.248272805809168,3.75618874996377e-95,8.21571243792684e-94,0.248272805809168,"Increasing",TRUE
"BSPRY",0.248145401641302,4.71529267103603e-95,1.03030813570363e-93,0.248145401641302,"Increasing",TRUE
"FERMT2",0.247951726053631,6.6608989383626e-95,1.45395985917188e-93,0.247951726053631,"Increasing",TRUE
"APEX1",0.247805092566027,8.65027125563496e-95,1.88630032123382e-93,0.247805092566027,"Increasing",TRUE
"USP16",0.247581050556782,1.28912835835793e-94,2.8082725629148e-93,0.247581050556782,"Increasing",TRUE
"AKR1A1",0.247571899336802,1.31029671510957e-94,2.85151178383866e-93,0.247571899336802,"Increasing",TRUE
"UBE2J2",0.247490337431838,1.51495736673683e-94,3.29358437577292e-93,0.247490337431838,"Increasing",TRUE
"MCEE",0.247197658355846,2.54911449993947e-94,5.53631802449165e-93,0.247197658355846,"Increasing",FALSE
"HLA-DMA",-0.247167746144997,2.6882445726441e-94,5.83262702960231e-93,0.247167746144997,"Decreasing",TRUE
"GPRC5C",0.24708912863013,3.09109883828675e-94,6.69996448298662e-93,0.24708912863013,"Increasing",FALSE
"ARF1",0.247052974587468,3.29605289509638e-94,7.13704439509347e-93,0.247052974587468,"Increasing",TRUE
"DCPS",0.246937532935839,4.0456634815124e-94,8.75143021376207e-93,0.246937532935839,"Increasing",TRUE
"PHF6",0.246843315341832,4.78177055635185e-94,1.03334061722764e-92,0.246843315341832,"Increasing",TRUE
"METTL9",0.246644074590691,6.80785408181679e-94,1.46970755952109e-92,0.246644074590691,"Increasing",TRUE
"ALKBH2",0.24627448034326,1.3099063795604e-93,2.82505757108786e-92,0.24627448034326,"Increasing",TRUE
"HTN1",-0.24624899067059,1.37032941440928e-93,2.95242459076616e-92,0.24624899067059,"Decreasing",TRUE
"MAPRE3",0.246212442155313,1.46184952837062e-93,3.14647094702083e-92,0.246212442155313,"Increasing",FALSE
"RPIA",0.246112279209398,1.74512648304375e-93,3.75245604960949e-92,0.246112279209398,"Increasing",TRUE
"HNRNPA0",0.246091918995068,1.80908539184403e-93,3.8861168307902e-92,0.246091918995068,"Increasing",TRUE
"PFKL",0.246010756408863,2.08813993274385e-93,4.48110267592797e-92,0.246010756408863,"Increasing",TRUE
"FDX1",0.245884273650427,2.61097025073624e-93,5.59752649984228e-92,0.245884273650427,"Increasing",TRUE
"BDH1",0.245820231547359,2.92358713971568e-93,6.26151814561506e-92,0.245820231547359,"Increasing",FALSE
"ADK",0.245804788252107,3.00439762523383e-93,6.42822105755476e-92,0.245804788252107,"Increasing",TRUE
"PTGES3",0.245485571811304,5.27635453752331e-93,1.12781425871295e-91,0.245485571811304,"Increasing",TRUE
"SPCS1",0.245344827768264,6.76169409434014e-93,1.44387558674595e-91,0.245344827768264,"Increasing",TRUE
"TNPO2",0.245327481737413,6.9715104407925e-93,1.48720968040993e-91,0.245327481737413,"Increasing",TRUE
"TAX1BP1",0.245286612658201,7.49189095240474e-93,1.59664461027087e-91,0.245286612658201,"Increasing",TRUE
"TAP1",-0.245240787770443,8.12157417167346e-93,1.72913515123018e-91,0.245240787770443,"Decreasing",TRUE
"GYPC",-0.245185113522825,8.95802529303385e-93,1.90534376557541e-91,0.245185113522825,"Decreasing",TRUE
"NIPSNAP1",0.245107697415652,1.02657697898064e-92,2.18134990322238e-91,0.245107697415652,"Increasing",FALSE
"TPI1",0.245101361397843,1.03808768121405e-92,2.20364192446322e-91,0.245101361397843,"Increasing",TRUE
"MZT2B",0.245037312278536,1.16192435709739e-92,2.46410062383461e-91,0.245037312278536,"Increasing",TRUE
"FXYD1",0.245000287915024,1.24012044464311e-92,2.6273532165429e-91,0.245000287915024,"Increasing",TRUE
"AURKAIP1",0.244996089868353,1.24931169008976e-92,2.64423365551808e-91,0.244996089868353,"Increasing",TRUE
"C2orf88",0.244930010109461,1.40327170226487e-92,2.96719192621761e-91,0.244930010109461,"Increasing",FALSE
"MNAT1",0.244916393731926,1.4372750989927e-92,3.03612071253492e-91,0.244916393731926,"Increasing",TRUE
"MRPL37",0.244905319058396,1.46553632317558e-92,3.0927968695141e-91,0.244905319058396,"Increasing",TRUE
"TIMM9",0.244792293057017,1.78763707516683e-92,3.76886216530295e-91,0.244792293057017,"Increasing",TRUE
"SLC39A2",0.244734233318858,1.97963040368397e-92,4.16957241945523e-91,0.244734233318858,"Increasing",TRUE
"PRMT1",0.244689203549562,2.14258334776131e-92,4.50839592454936e-91,0.244689203549562,"Increasing",TRUE
"PAXBP1",0.244408226777223,3.50862653337662e-92,7.37562445391719e-91,0.244408226777223,"Increasing",TRUE
"ZKSCAN1",0.244322850301244,4.07538095705415e-92,8.55869606238486e-91,0.244322850301244,"Increasing",TRUE
"EBNA1BP2",0.24418705087173,5.17075318337688e-92,1.0848541387648e-90,0.24418705087173,"Increasing",TRUE
"NUP107",0.244150522439649,5.51254690949723e-92,1.15544266454156e-90,0.244150522439649,"Increasing",TRUE
"NAA35",0.244033187632379,6.77038960193979e-92,1.41771433428216e-90,0.244033187632379,"Increasing",FALSE
"TXNDC17",0.243967717781804,7.59273636062492e-92,1.58837398599327e-90,0.243967717781804,"Increasing",TRUE
"EIPR1",0.243960481857741,7.68952920165396e-92,1.6070669830536e-90,0.243960481857741,"Increasing",TRUE
"ZNF503",0.243949713657253,7.83585535862501e-92,1.63606603188296e-90,0.243949713657253,"Increasing",FALSE
"TUBG1",0.243924476640577,8.18976769365523e-92,1.70830965115723e-90,0.243924476640577,"Increasing",TRUE
"HENMT1",0.2437693053326,1.0744441415028e-91,2.23902969121269e-90,0.2437693053326,"Increasing",TRUE
"EMC6",0.243674923800758,1.26724837671162e-91,2.63826950103451e-90,0.243674923800758,"Increasing",TRUE
"MRPL51",0.243665150938069,1.28908617273741e-91,2.681150355424e-90,0.243665150938069,"Increasing",TRUE
"SERBP1",0.243636736443981,1.35473460836556e-91,2.8149822006519e-90,0.243636736443981,"Increasing",TRUE
"SLURP1",0.243600369513219,1.44364321209592e-91,2.99491353007044e-90,0.243600369513219,"Increasing",TRUE
"SDF2",0.243600188534775,1.44409990667904e-91,2.99491353007044e-90,0.243600188534775,"Increasing",TRUE
"MBD4",0.24342290511613,1.96835952930477e-91,4.07825977260556e-90,0.24342290511613,"Increasing",TRUE
"PTMA",0.243338306395365,2.28166490572303e-91,4.722871514624e-90,0.243338306395365,"Increasing",TRUE
"THBS3",0.243090236165727,3.51729152099961e-91,7.2735569156748e-90,0.243090236165727,"Increasing",FALSE
"BCL2L12",0.24303197395804,3.8933280882868e-91,8.04348183440515e-90,0.24303197395804,"Increasing",TRUE
"RBMS1",0.242818813594354,5.64432790438895e-91,1.16498496670339e-89,0.242818813594354,"Increasing",TRUE
"RDH11",0.242785538245887,5.98103381158768e-91,1.23330286897338e-89,0.242785538245887,"Increasing",FALSE
"STAU1",0.242740759939266,6.46596179753489e-91,1.33202511386777e-89,0.242740759939266,"Increasing",TRUE
"UBA2",0.242734387641063,6.5380864731956e-91,1.34560046367388e-89,0.242734387641063,"Increasing",TRUE
"DRG1",0.242724542384049,6.65110037245228e-91,1.36755736487815e-89,0.242724542384049,"Increasing",FALSE
"VAMP5",0.242540223475586,9.16585403953127e-91,1.88283370526873e-89,0.242540223475586,"Increasing",TRUE
"PDIA3",0.242490157159707,9.99964932635514e-91,2.05215975254069e-89,0.242490157159707,"Increasing",TRUE
"NTN4",-0.242420295233285,1.12909979926082e-90,2.31497596413912e-89,0.242420295233285,"Decreasing",TRUE
"PRADC1",0.242112018446262,1.9287948339391e-90,3.95082998686484e-89,0.242112018446262,"Increasing",FALSE
"RPP38",0.241898133823453,2.79536670926998e-90,5.72044266925418e-89,0.241898133823453,"Increasing",TRUE
"SSBP1",0.241897439030771,2.79873658555008e-90,5.72192030404325e-89,0.241897439030771,"Increasing",TRUE
"HIST1H4C",0.241892667163668,2.82199077370052e-90,5.76400951036561e-89,0.241892667163668,"Increasing",TRUE
"JRK",0.241890733521395,2.83146854138037e-90,5.77790700464871e-89,0.241890733521395,"Increasing",FALSE
"CHMP1B",0.24176230458694,3.53750809293175e-90,7.21184432908066e-89,0.24176230458694,"Increasing",FALSE
"WDR46",0.241707355901323,3.89087377397858e-90,7.92476741335316e-89,0.241707355901323,"Increasing",TRUE
"HPF1",0.241544673108108,5.15711348405713e-90,1.04939004134157e-88,0.241544673108108,"Increasing",TRUE
"PHF20L1",0.241530965373516,5.28095607122885e-90,1.07357912228839e-88,0.241530965373516,"Increasing",TRUE
"CBX1",0.241474434580885,5.82380877114934e-90,1.18282431902761e-88,0.241474434580885,"Increasing",TRUE
"NMB",0.241468974760963,5.87909797440922e-90,1.1929324622252e-88,0.241468974760963,"Increasing",TRUE
"ASCC1",0.241356089457388,7.14713266477408e-90,1.44886995202409e-88,0.241356089457388,"Increasing",FALSE
"AK5",-0.241189396860845,9.53459488379234e-90,1.93104588040068e-88,0.241189396860845,"Decreasing",TRUE
"HOXB2",0.24093080715415,1.49034668358606e-89,3.01557975957817e-88,0.24093080715415,"Increasing",TRUE
"EMC8",0.240877498099029,1.63398846375538e-89,3.30313290007051e-88,0.240877498099029,"Increasing",TRUE
"HSPD1",0.240827367164963,1.78163712490971e-89,3.59824095974755e-88,0.240827367164963,"Increasing",TRUE
"A2ML1",0.240816570544763,1.81513762345165e-89,3.66247656795427e-88,0.240816570544763,"Increasing",FALSE
"SHARPIN",0.240727800564131,2.11549888007595e-89,4.26454578343669e-88,0.240727800564131,"Increasing",TRUE
"STOML2",0.240584669994219,2.70759242132797e-89,5.45303562207805e-88,0.240584669994219,"Increasing",TRUE
"CMTM8",0.240575356275304,2.75140526402637e-89,5.5361143161648e-88,0.240575356275304,"Increasing",TRUE
"FSCN1",0.240533196081066,2.95874470640045e-89,5.94776494002918e-88,0.240533196081066,"Increasing",TRUE
"PSMA2",0.240443292364414,3.45438950258929e-89,6.93767259767235e-88,0.240443292364414,"Increasing",TRUE
"KEAP1",0.240282648975633,4.55502618608739e-89,9.13965792770181e-88,0.240282648975633,"Increasing",TRUE
"LCP1",-0.240273104385965,4.63046846689034e-89,9.28241406025048e-88,0.240273104385965,"Decreasing",TRUE
"MOB4",0.240177333480816,5.45997755863751e-89,1.09351357777717e-87,0.240177333480816,"Increasing",TRUE
"TALDO1",0.240147493149834,5.74755160460765e-89,1.15004250162566e-87,0.240147493149834,"Increasing",TRUE
"GJB6",0.240135571635364,5.86661924458038e-89,1.17278114593323e-87,0.240135571635364,"Increasing",TRUE
"YBX3",-0.240122560927811,5.99937428896938e-89,1.19821144532928e-87,0.240122560927811,"Decreasing",TRUE
"C12orf10",0.240035867752341,6.96377055546484e-89,1.38953907390208e-87,0.240035867752341,"Increasing",FALSE
"PFKP",0.239875786431491,9.16889974869408e-89,1.82785907351733e-87,0.239875786431491,"Increasing",TRUE
"FAM32A",0.239761749696917,1.1152479834968e-88,2.22124506206136e-87,0.239761749696917,"Increasing",TRUE
"CD99",0.239724719817317,1.18844870582598e-88,2.36485971757821e-87,0.239724719817317,"Increasing",TRUE
"GART",0.239559876317893,1.57698593036099e-88,3.13511186339475e-87,0.239559876317893,"Increasing",TRUE
"PLEKHA3",0.239474562078578,1.82545041167687e-88,3.62573376804569e-87,0.239474562078578,"Increasing",TRUE
"RNF24",0.239364189347158,2.205659066007e-88,4.37688635596063e-87,0.239364189347158,"Increasing",FALSE
"CAMK2G",0.239269218679832,2.59541386742247e-88,5.14558657568804e-87,0.239269218679832,"Increasing",FALSE
"ADRM1",0.239153609694553,3.16365927532967e-88,6.26642318422311e-87,0.239153609694553,"Increasing",TRUE
"TOR3A",0.239117749840045,3.36395908250385e-88,6.65706554696962e-87,0.239117749840045,"Increasing",TRUE
"NWD1",0.23906931730752,3.65470331419584e-88,7.22581323145215e-87,0.23906931730752,"Increasing",TRUE
"ATP1A1",0.239063205140625,3.69313271221286e-88,7.29511863902375e-87,0.239063205140625,"Increasing",TRUE
"NINJ2",0.238999776398032,4.11651626515549e-88,8.12401063835709e-87,0.238999776398032,"Increasing",TRUE
"ARF3",0.238845335021573,5.36092022110568e-88,1.05702085746436e-86,0.238845335021573,"Increasing",TRUE
"RABGGTB",0.2388266353682,5.53506436308888e-88,1.0903622687908e-86,0.2388266353682,"Increasing",TRUE
"RAB18",0.238825417933896,5.54659559766986e-88,1.09163871462337e-86,0.238825417933896,"Increasing",TRUE
"PFDN5",0.238733757440166,6.48725239818895e-88,1.27560986646827e-86,0.238733757440166,"Increasing",TRUE
"RNF181",0.2387136579619,6.71391103461623e-88,1.31897834052779e-86,0.2387136579619,"Increasing",TRUE
"DONSON",0.238636272014975,7.66278470639e-88,1.50402159405166e-86,0.238636272014975,"Increasing",TRUE
"NDUFS4",0.238628537909954,7.76467452047667e-88,1.52263717230037e-86,0.238628537909954,"Increasing",TRUE
"ICAM1",-0.238609787789495,8.01733361976547e-88,1.57075774726321e-86,0.238609787789495,"Decreasing",TRUE
"DCTN3",0.238110253122329,1.87965878472177e-87,3.67929586393456e-86,0.238110253122329,"Increasing",TRUE
"MZT1",0.238053861569381,2.06918277806006e-87,4.04660993971746e-86,0.238053861569381,"Increasing",TRUE
"TMEM108",0.238006229987229,2.24403315685267e-87,4.38458919706929e-86,0.238006229987229,"Increasing",TRUE
"SDHAF2",0.237961511879108,2.42157317427534e-87,4.72720833749684e-86,0.237961511879108,"Increasing",FALSE
"OLFML2B",0.237934113527937,2.53720067350183e-87,4.94845727025042e-86,0.237934113527937,"Increasing",FALSE
"RPS14",0.237817648637326,3.09339357660944e-87,6.02779397570153e-86,0.237817648637326,"Increasing",TRUE
"UBAC2",0.23752611994365,5.07809692675148e-87,9.88627698982877e-86,0.23752611994365,"Increasing",TRUE
"RPL22",-0.237468090916473,5.60421394795217e-87,1.09007257799502e-85,0.237468090916473,"Decreasing",TRUE
"INSIG1",0.237423747584266,6.04259221565593e-87,1.17428433255688e-85,0.237423747584266,"Increasing",TRUE
"MRPL57",0.237355311505419,6.78718721942785e-87,1.31779978267597e-85,0.237355311505419,"Increasing",TRUE
"C8orf76",0.237349808981286,6.85088739347942e-87,1.3289737573886e-85,0.237349808981286,"Increasing",FALSE
"PCLAF",0.237278019229599,7.73869390105706e-87,1.49984910494926e-85,0.237278019229599,"Increasing",TRUE
"MYL9",-0.237056379818752,1.12704121244036e-86,2.18237998215378e-85,0.237056379818752,"Decreasing",TRUE
"CRYL1",0.236917694696395,1.42566228456104e-86,2.75815236968345e-85,0.236917694696395,"Increasing",FALSE
"LHX3",0.236825352820737,1.66704167686848e-86,3.22225139866975e-85,0.236825352820737,"Increasing",TRUE
"THUMPD3",0.236713401881247,2.01493850159243e-86,3.89122618582773e-85,0.236713401881247,"Increasing",TRUE
"INO80C",0.236685801503915,2.11129614196797e-86,4.07367050249355e-85,0.236685801503915,"Increasing",FALSE
"SAR1A",0.236598156671051,2.44880429385888e-86,4.72066554775115e-85,0.236598156671051,"Increasing",TRUE
"CWH43",0.236577262843166,2.53690250422276e-86,4.88613753264295e-85,0.236577262843166,"Increasing",FALSE
"SEPHS1",0.236568991175179,2.57264676684414e-86,4.95056960209278e-85,0.236568991175179,"Increasing",TRUE
"ZNF791",0.236511835146676,2.83374406532035e-86,5.44815028928584e-85,0.236511835146676,"Increasing",FALSE
"SOX4",0.23648924738777,2.94406887912908e-86,5.65522919804261e-85,0.23648924738777,"Increasing",TRUE
"DHFR",0.236459606133223,3.0953686173718e-86,5.94057866975175e-85,0.236459606133223,"Increasing",TRUE
"CS",0.23644867664439,3.15309243856003e-86,6.04599180100109e-85,0.23644867664439,"Increasing",TRUE
"VPS26A",0.236191529485062,4.86869543401958e-86,9.32735002918112e-85,0.236191529485062,"Increasing",TRUE
"MRPS21",0.236178601864394,4.97613236624199e-86,9.5247316593879e-85,0.236178601864394,"Increasing",TRUE
"C6orf89",0.236174209263232,5.01317326162806e-86,9.58713930829933e-85,0.236174209263232,"Increasing",FALSE
"ARMCX6",0.236063407378915,6.04413311394315e-86,1.15485160559073e-84,0.236063407378915,"Increasing",TRUE
"EPB41L4A-AS1",0.235991692333662,6.82151472999741e-86,1.30223439324421e-84,0.235991692333662,"Increasing",TRUE
"MXRA5",0.235978038433342,6.98044720692848e-86,1.33139862437533e-84,0.235978038433342,"Increasing",FALSE
"EPHX3",0.235942297429053,7.41417706634265e-86,1.41287801061433e-84,0.235942297429053,"Increasing",FALSE
"ATP5F1E",-0.235922446983538,7.66657127917285e-86,1.4596881528011e-84,0.235922446983538,"Decreasing",TRUE
"NIT2",0.235878680439026,8.25373370787714e-86,1.57009846326782e-84,0.235878680439026,"Increasing",TRUE
"TTC32",0.235835112749185,8.88275208013559e-86,1.68826976650598e-84,0.235835112749185,"Increasing",FALSE
"HLA-C",-0.235563082736102,1.40462331825668e-85,2.6673031553187e-84,0.235563082736102,"Decreasing",TRUE
"AL031058.1",0.23554299246517,1.45293916003247e-85,2.75662996034254e-84,0.23554299246517,"Increasing",FALSE
"BLOC1S1",0.235454737184036,1.685591844768e-85,3.19523155837162e-84,0.235454737184036,"Increasing",TRUE
"CMC1",0.235438817299996,1.7313515478058e-85,3.27909789203185e-84,0.235438817299996,"Increasing",FALSE
"MMP7",-0.235179757864539,2.67645524006597e-85,5.06464078264673e-84,0.235179757864539,"Decreasing",TRUE
"DCUN1D1",0.235060871175628,3.26811929951099e-85,6.17883272637204e-84,0.235060871175628,"Increasing",TRUE
"HDAC1",0.235044995127603,3.35642644489061e-85,6.34024261137116e-84,0.235044995127603,"Increasing",TRUE
"FRMD4B",0.234975849280385,3.76962960643358e-85,7.11455858471875e-84,0.234975849280385,"Increasing",TRUE
"MAIP1",0.234959064291143,3.87735800343605e-85,7.3114927097952e-84,0.234959064291143,"Increasing",FALSE
"TOB2",0.234847682505386,4.67428310359984e-85,8.8065612788834e-84,0.234847682505386,"Increasing",FALSE
"PDCL3",0.234725943774273,5.7331553656483e-85,1.07921156316777e-83,0.234725943774273,"Increasing",TRUE
"OGFRL1",0.234622690704472,6.81658363493496e-85,1.28203979417706e-83,0.234622690704472,"Increasing",TRUE
"PSORS1C2",0.234573506932314,7.40221896025292e-85,1.39097349331361e-83,0.234573506932314,"Increasing",FALSE
"CHAF1B",0.23455590785674,7.62374263115229e-85,1.4313560231034e-83,0.23455590785674,"Increasing",TRUE
"NAGK",0.234427344664335,9.45556040162782e-85,1.77373837047897e-83,0.234427344664335,"Increasing",FALSE
"USF2",0.234369478648414,1.04174495320102e-84,1.95248121757797e-83,0.234369478648414,"Increasing",TRUE
"TMED9",0.234270206311244,1.23002805958395e-84,2.30337143566805e-83,0.234270206311244,"Increasing",TRUE
"FKBP7",0.234254941764456,1.26184688650172e-84,2.36091006210409e-83,0.234254941764456,"Increasing",FALSE
"ITGB4",-0.234231393710109,1.31254968881479e-84,2.45365041308715e-83,0.234231393710109,"Decreasing",TRUE
"CA9",0.234209153906811,1.36229940879717e-84,2.54445032187613e-83,0.234209153906811,"Increasing",TRUE
"LYPD3",0.234030254592419,1.83728997084576e-84,3.42865598186329e-83,0.234030254592419,"Increasing",TRUE
"IL1R2",0.23385817229253,2.44922538608614e-84,4.56667477077838e-83,0.23385817229253,"Increasing",FALSE
"YME1L1",0.23366664514601,3.37184607312988e-84,6.28151669313247e-83,0.23366664514601,"Increasing",TRUE
"LAMTOR4",0.233650977382615,3.46114499155833e-84,6.44232069488161e-83,0.233650977382615,"Increasing",TRUE
"DCBLD2",0.233639894182036,3.52573443448853e-84,6.55689510579148e-83,0.233639894182036,"Increasing",FALSE
"PRKCI",0.233628060220299,3.59602633129221e-84,6.68186835934864e-83,0.233628060220299,"Increasing",TRUE
"SMIM15",0.233615226112915,3.67383927363164e-84,6.82058992295358e-83,0.233615226112915,"Increasing",TRUE
"G3BP2",0.233493131333211,4.50339199412105e-84,8.35350223115502e-83,0.233493131333211,"Increasing",TRUE
"AC109322.1",0.233431330126949,4.99201519587525e-84,9.25192524724393e-83,0.233431330126949,"Increasing",TRUE
"ADIPOR1",0.233430165127054,5.00171662587928e-84,9.26196197817063e-83,0.233430165127054,"Increasing",TRUE
"TNFAIP3",-0.23342050079254,5.08292374700538e-84,9.40427929561526e-83,0.23342050079254,"Decreasing",TRUE
"EIF4E2",0.233391913486219,5.33091338834509e-84,9.85466538256095e-83,0.233391913486219,"Increasing",FALSE
"ID2",0.233382436401603,5.41575953016956e-84,1.00029541407662e-82,0.233382436401603,"Increasing",TRUE
"GATD3A",0.233340336984676,5.80924030518424e-84,1.07205536289523e-82,0.233340336984676,"Increasing",FALSE
"PGM1",0.233304818698614,6.16329502897578e-84,1.13642325576934e-82,0.233304818698614,"Increasing",FALSE
"TMF1",0.233033056861077,9.68856455410295e-84,1.78490946303636e-82,0.233033056861077,"Increasing",TRUE
"BACE2",0.233020321193606,9.89599219466211e-84,1.82157062458814e-82,0.233020321193606,"Increasing",TRUE
"PDCD2L",0.232956248017357,1.10086898543666e-83,2.02466202342862e-82,0.232956248017357,"Increasing",TRUE
"CDC42",-0.232895354143933,1.21815519304439e-83,2.23846375184432e-82,0.232895354143933,"Decreasing",TRUE
"BHLHE40",0.232808255121474,1.40788847397743e-83,2.58491673089653e-82,0.232808255121474,"Increasing",TRUE
"HMCES",0.232704184343375,1.67359135020789e-83,3.07014508302143e-82,0.232704184343375,"Increasing",TRUE
"NME1",0.232672752612766,1.76326795274588e-83,3.231910132217e-82,0.232672752612766,"Increasing",TRUE
"SDF4",0.232641399452273,1.85749287747024e-83,3.40173060018067e-82,0.232641399452273,"Increasing",TRUE
"VPS28",0.232566462271704,2.10354040037399e-83,3.84906926774614e-82,0.232566462271704,"Increasing",TRUE
"MRPL20",0.232551725970436,2.15562036788722e-83,3.94102843908991e-82,0.232551725970436,"Increasing",TRUE
"FANCL",0.23253443430605,2.21837297561521e-83,4.05232797996997e-82,0.23253443430605,"Increasing",TRUE
"COL4A1",-0.232470189606321,2.46789914340787e-83,4.50433281157467e-82,0.232470189606321,"Decreasing",TRUE
"ST20",0.232433431303933,2.62305851909509e-83,4.78348477617257e-82,0.232433431303933,"Increasing",FALSE
"TEX30",0.232315099777294,3.19170049908447e-83,5.8155689532222e-82,0.232315099777294,"Increasing",TRUE
"CRYZL1",0.232306295108482,3.23862541614127e-83,5.89609900950403e-82,0.232306295108482,"Increasing",FALSE
"NAA20",0.232276544261042,3.40233244588965e-83,6.18892290872688e-82,0.232276544261042,"Increasing",TRUE
"TMEM56",0.232234061441386,3.65050175141159e-83,6.63476390647641e-82,0.232234061441386,"Increasing",FALSE
"PCMTD1",0.232148399340039,4.20713641835759e-83,7.64001831938719e-82,0.232148399340039,"Increasing",TRUE
"TRIM22",-0.231975076607104,5.60551499543459e-83,1.01708798531773e-81,0.231975076607104,"Decreasing",TRUE
"GRSF1",0.231799366368745,7.49645424497277e-83,1.35904678048542e-81,0.231799366368745,"Increasing",TRUE
"RNPEP",0.231707441196654,8.72686002702131e-83,1.58078327899355e-81,0.231707441196654,"Increasing",TRUE
"PPFIA3",0.231494363775679,1.24089688965932e-82,2.24587787148559e-81,0.231494363775679,"Increasing",FALSE
"SNX3",0.231490952005345,1.24790719261363e-82,2.25667568471803e-81,0.231490952005345,"Increasing",TRUE
"XAF1",-0.231063746479041,2.5247432460463e-82,4.56184795543985e-81,0.231063746479041,"Decreasing",TRUE
"FMC1",0.231052160856716,2.57340434736189e-82,4.64588704649042e-81,0.231052160856716,"Increasing",TRUE
"KLHDC2",0.2310044296225,2.78394225625436e-82,5.02178565589788e-81,0.2310044296225,"Increasing",TRUE
"SRGN",-0.230945052871213,3.0699690673731e-82,5.53311355679171e-81,0.230945052871213,"Decreasing",TRUE
"SSRP1",0.23089551906133,3.3308694258589e-82,5.99834069106756e-81,0.23089551906133,"Increasing",TRUE
"MT-ND2",-0.230835618337012,3.67607001243707e-82,6.61447734960574e-81,0.230835618337012,"Decreasing",TRUE
"ELF5",0.230831107851439,3.70346341287062e-82,6.65822332380483e-81,0.230831107851439,"Increasing",TRUE
"NCAPD3",0.230636891633041,5.09771802930184e-82,9.15724743251977e-81,0.230636891633041,"Increasing",TRUE
"PRELID3B",0.230553521840973,5.84660802252424e-82,1.04937873228197e-80,0.230553521840973,"Increasing",TRUE
"ECSIT",0.230464936138488,6.76285910137162e-82,1.21282477328333e-80,0.230464936138488,"Increasing",TRUE
"PPP1R2",0.230461143458264,6.80513417476762e-82,1.21939427459974e-80,0.230461143458264,"Increasing",TRUE
"RRP1B",0.230392895638427,7.61251307282093e-82,1.36293626763596e-80,0.230392895638427,"Increasing",TRUE
"OS9",0.230193940913593,1.05531253196697e-81,1.88785627614291e-80,0.230193940913593,"Increasing",TRUE
"ALG2",0.230186894728933,1.06758504073335e-81,1.9082309950577e-80,0.230186894728933,"Increasing",FALSE
"ACADM",0.230164513803618,1.10751818655143e-81,1.97797256292367e-80,0.230164513803618,"Increasing",TRUE
"VGLL4",0.229942781284525,1.5931702612754e-81,2.84297352156577e-80,0.229942781284525,"Increasing",TRUE
"RAB5B",0.229767895123077,2.12174006734374e-81,3.78306954251636e-80,0.229767895123077,"Increasing",TRUE
"EPRS",0.22973041876955,2.25601849513619e-81,4.01917227369274e-80,0.22973041876955,"Increasing",TRUE
"POLR1C",0.22971349585329,2.31939884666722e-81,4.12868279048424e-80,0.22971349585329,"Increasing",FALSE
"TRMT1",0.229615244212484,2.72405830958744e-81,4.84501235145552e-80,0.229615244212484,"Increasing",FALSE
"TKFC",0.229567540587034,2.94519474365992e-81,5.23401796138905e-80,0.229567540587034,"Increasing",FALSE
"VPS29",0.229522795120036,3.16885614516947e-81,5.62686781406017e-80,0.229522795120036,"Increasing",TRUE
"ACAP2",0.229492195516729,3.3314818050071e-81,5.91078175748797e-80,0.229492195516729,"Increasing",TRUE
"BRWD1",0.229437871614209,3.64095961726321e-81,6.45456417793748e-80,0.229437871614209,"Increasing",TRUE
"LINC00665",0.229433365691962,3.66788164909573e-81,6.49696085548842e-80,0.229433365691962,"Increasing",TRUE
"RRP1",0.229380153469236,4.00123127902892e-81,7.08162227189312e-80,0.229380153469236,"Increasing",TRUE
"GPX7",0.229181898333859,5.53172801794316e-81,9.78237663402224e-80,0.229181898333859,"Increasing",FALSE
"OFD1",0.229106203695829,6.25939941094656e-81,1.10601489182792e-79,0.229106203695829,"Increasing",TRUE
"GON7",0.229039526224176,6.9790223511835e-81,1.23216236118526e-79,0.229039526224176,"Increasing",TRUE
"SUPT5H",0.228904297715315,8.70161304237594e-81,1.53503557425097e-79,0.228904297715315,"Increasing",TRUE
"IL17RC",0.228886087294374,8.96388971097124e-81,1.58001351267609e-79,0.228886087294374,"Increasing",FALSE
"HNRNPA2B1",0.228851052446736,9.49085244863494e-81,1.6715348118582e-79,0.228851052446736,"Increasing",TRUE
"GMCL1",0.228804696105569,1.02358618114832e-80,1.80127828783511e-79,0.228804696105569,"Increasing",FALSE
"S100A13",0.228760055093828,1.10083505497422e-80,1.93564243596362e-79,0.228760055093828,"Increasing",TRUE
"ZDHHC12",0.228731743573922,1.15281124332548e-80,2.02538625758241e-79,0.228731743573922,"Increasing",TRUE
"PRELP",0.228620240587522,1.38242567709279e-80,2.42682525442527e-79,0.228620240587522,"Increasing",TRUE
"EIF2A",0.228593949020122,1.44289842414606e-80,2.53092816118476e-79,0.228593949020122,"Increasing",TRUE
"RARRES3",-0.228583890565403,1.46672499132423e-80,2.57063479825764e-79,0.228583890565403,"Decreasing",TRUE
"NMI",0.2284067914072,1.95672336983543e-80,3.42664441022233e-79,0.2284067914072,"Increasing",TRUE
"URB1-AS1",0.228355239102859,2.12788678423562e-80,3.72337112609973e-79,0.228355239102859,"Increasing",FALSE
"ENSA",0.228347362603934,2.15532151536055e-80,3.76832507661339e-79,0.228347362603934,"Increasing",TRUE
"POLR2L",-0.228216863910412,2.66476352350087e-80,4.65525786118463e-79,0.228216863910412,"Decreasing",TRUE
"PLEKHB1",0.228200465263304,2.73674184025673e-80,4.77713983586009e-79,0.228200465263304,"Increasing",FALSE
"ACO2",0.228194579063216,2.76304809110693e-80,4.81916620248755e-79,0.228194579063216,"Increasing",FALSE
"MYL6B",0.228049071264884,3.49988274290216e-80,6.09939242533191e-79,0.228049071264884,"Increasing",FALSE
"ARV1",0.227977368746654,3.93203713498083e-80,6.84700422940658e-79,0.227977368746654,"Increasing",TRUE
"PREB",0.227974154909401,3.95260645302606e-80,6.87728063203649e-79,0.227974154909401,"Increasing",TRUE
"TM2D1",0.227809158224019,5.16618087473761e-80,8.98159040250039e-79,0.227809158224019,"Increasing",TRUE
"MPG",0.227684005745207,6.32866838867423e-80,1.09937720160169e-78,0.227684005745207,"Increasing",FALSE
"COPG1",0.227589941578004,7.37097472324994e-80,1.27941175718419e-78,0.227589941578004,"Increasing",FALSE
"OSBPL8",0.227569898656219,7.61428986429851e-80,1.32058430150474e-78,0.227569898656219,"Increasing",FALSE
"OAZ2",0.227532438233787,8.09071964517734e-80,1.40208862495816e-78,0.227532438233787,"Increasing",FALSE
"CAND1",0.227403285104501,9.97297267188755e-80,1.72689054038053e-78,0.227403285104501,"Increasing",TRUE
"VANGL1",0.227302670151215,1.17368314830407e-79,2.03068797716982e-78,0.227302670151215,"Increasing",FALSE
"PPIB",0.22729197311856,1.19417563660016e-79,2.06449084055435e-78,0.22729197311856,"Increasing",TRUE
"SERTAD3",0.227238742970032,1.30157703937697e-79,2.24836769152169e-78,0.227238742970032,"Increasing",FALSE
"S100A8",-0.227196000051372,1.39474816884861e-79,2.40738881220595e-78,0.227196000051372,"Decreasing",TRUE
"DAXX",0.227163232439282,1.47065253958749e-79,2.53637680610421e-78,0.227163232439282,"Increasing",TRUE
"C1R",-0.227145041908765,1.51455338210035e-79,2.61000786181727e-78,0.227145041908765,"Decreasing",TRUE
"CD55",0.227122737433268,1.57016979155113e-79,2.70369475660716e-78,0.227122737433268,"Increasing",TRUE
"HNRNPA1P48",0.227104005846155,1.61844701015854e-79,2.78460508674571e-78,0.227104005846155,"Increasing",TRUE
"MDH2",0.227091204417084,1.65228882848825e-79,2.84056973616795e-78,0.227091204417084,"Increasing",TRUE
"FAM96B",0.227074232871655,1.6982448048198e-79,2.917255185386e-78,0.227074232871655,"Increasing",TRUE
"RNF168",0.226989617293756,1.94709565205776e-79,3.34207601596253e-78,0.226989617293756,"Increasing",TRUE
"KDELC2",0.22696675468779,2.02036155520312e-79,3.46508041332852e-78,0.22696675468779,"Increasing",FALSE
"PCNT",0.22692469296086,2.16240746606324e-79,3.7057593450933e-78,0.22692469296086,"Increasing",FALSE
"C1QBP",0.226886660979455,2.29939564697216e-79,3.93739619105137e-78,0.226886660979455,"Increasing",TRUE
"MAFF",-0.226853690153297,2.42513500760454e-79,4.14941943898132e-78,0.226853690153297,"Decreasing",TRUE
"CYP27A1",0.226784237715602,2.71287833949716e-79,4.63807760415614e-78,0.226784237715602,"Increasing",FALSE
"WDR83",0.226740081903082,2.91326660536832e-79,4.97673449343948e-78,0.226740081903082,"Increasing",FALSE
"SDHAF3",0.226656252579946,3.33518565595263e-79,5.69299858018454e-78,0.226656252579946,"Increasing",FALSE
"BICDL2",0.226631473774998,3.47118777469267e-79,5.92047101902988e-78,0.226631473774998,"Increasing",FALSE
"UBE2E1",0.226584641344702,3.74351460511795e-79,6.3799172410567e-78,0.226584641344702,"Increasing",TRUE
"CCDC115",0.226513269764731,4.20004358579466e-79,7.15232008581738e-78,0.226513269764731,"Increasing",FALSE
"TBX22",0.226476793335824,4.45438582908307e-79,7.57947069027442e-78,0.226476793335824,"Increasing",TRUE
"A1BG",0.226468142208808,4.51692711159929e-79,7.67984224088598e-78,0.226468142208808,"Increasing",TRUE
"PFDN2",0.226357376367008,5.39945277029521e-79,9.17312691557228e-78,0.226357376367008,"Increasing",TRUE
"MRPL22",0.225735848886274,1.46716454811756e-78,2.49060690375651e-77,0.225735848886274,"Increasing",TRUE
"PKP1",0.22569696342145,1.56169462083392e-78,2.64899691964058e-77,0.22569696342145,"Increasing",TRUE
"MPHOSPH10",0.225684236916541,1.59393274302146e-78,2.70155973150539e-77,0.225684236916541,"Increasing",TRUE
"SMOC1",0.225633111922746,1.73026504192246e-78,2.93033131316178e-77,0.225633111922746,"Increasing",FALSE
"TUT7",0.225583993855866,1.87218057207788e-78,3.16819280834792e-77,0.225583993855866,"Increasing",FALSE
"MFSD5",0.225550764398615,1.97471252288684e-78,3.33908745067173e-77,0.225550764398615,"Increasing",FALSE
"GOLPH3L",0.225518919380621,2.07822108121801e-78,3.5113649386334e-77,0.225518919380621,"Increasing",FALSE
"SYNE4",0.225437822917006,2.36689908283338e-78,3.9959913421898e-77,0.225437822917006,"Increasing",FALSE
"LSM8",0.225419137525169,2.43888845457743e-78,4.11431533984529e-77,0.225419137525169,"Increasing",TRUE
"HSD17B4",0.225362553406014,2.67047756388636e-78,4.50148363148083e-77,0.225362553406014,"Increasing",TRUE
"ZNF439",0.225353197382949,2.7108286400248e-78,4.5659397436427e-77,0.225353197382949,"Increasing",FALSE
"MRI1",0.225212233805426,3.39779256129191e-78,5.71855897581917e-77,0.225212233805426,"Increasing",FALSE
"SAA2",-0.224915196777827,5.46613049740522e-78,9.19245759135617e-77,0.224915196777827,"Decreasing",TRUE
"DDX50",0.224776967834152,6.8181501687082e-78,1.14572492337313e-76,0.224776967834152,"Increasing",FALSE
"CCL5",-0.224770569111939,6.88824015324103e-78,1.15660349426215e-76,0.224770569111939,"Decreasing",TRUE
"APP",0.224650295784036,8.34777934894913e-78,1.40058627120179e-76,0.224650295784036,"Increasing",TRUE
"ZC3H15",0.224602310579183,9.01272619354196e-78,1.51097760312212e-76,0.224602310579183,"Increasing",TRUE
"AGR3",-0.224548725676395,9.81785037642574e-78,1.64468020646946e-76,0.224548725676395,"Decreasing",TRUE
"SELENOP",0.224504595854196,1.0534462339368e-77,1.76335965262387e-76,0.224504595854196,"Increasing",TRUE
"ST3GAL1",0.224473046822137,1.10785215260456e-77,1.85299419642295e-76,0.224473046822137,"Increasing",TRUE
"MRPS10",0.224379584192687,1.28602435107674e-77,2.14934154886067e-76,0.224379584192687,"Increasing",TRUE
"MARC1",0.224365616996834,1.31499947332313e-77,2.19606944501644e-76,0.224365616996834,"Increasing",TRUE
"TP53RK",0.224321527004047,1.41080342418492e-77,2.35424416962441e-76,0.224321527004047,"Increasing",FALSE
"AC092069.1",-0.224083129612767,2.06295076801287e-77,3.43984306302147e-76,0.224083129612767,"Decreasing",TRUE
"TGDS",0.223989282579525,2.39551165035865e-77,3.99128810826911e-76,0.223989282579525,"Increasing",FALSE
"PTGR1",0.22390909664701,2.72166897082485e-77,4.53122237746725e-76,0.22390909664701,"Increasing",TRUE
"LGALS3",0.223817863042166,3.14690507696546e-77,5.23515155606033e-76,0.223817863042166,"Increasing",TRUE
"IQCG",0.223785043889562,3.3155600418024e-77,5.51148096179615e-76,0.223785043889562,"Increasing",TRUE
"HIBADH",0.223740702429359,3.55782498343561e-77,5.90965395019551e-76,0.223740702429359,"Increasing",TRUE
"MCCC1",0.223541048254312,4.88661048412941e-77,8.11057239339759e-76,0.223541048254312,"Increasing",FALSE
"WDR34",0.223514755716484,5.09504034344036e-77,8.45002469852234e-76,0.223514755716484,"Increasing",TRUE
"SFRP1",-0.22331419494539,7.00555473599115e-77,1.16096654788933e-75,0.22331419494539,"Decreasing",TRUE
"RPLP1",-0.223312182347324,7.02796529612723e-77,1.16378796972651e-75,0.223312182347324,"Decreasing",TRUE
"PNPLA4",0.223231054607616,7.99339376614458e-77,1.3226434861132e-75,0.223231054607616,"Increasing",FALSE
"STAC2",-0.223175144310265,8.73461103018173e-77,1.44418473115706e-75,0.223175144310265,"Decreasing",TRUE
"PHAX",0.22303753626604,1.08639099530219e-76,1.79487074988382e-75,0.22303753626604,"Increasing",TRUE
"FARP1",0.222882131939539,1.38964610386191e-76,2.29413692165439e-75,0.222882131939539,"Increasing",TRUE
"PIGC",0.222686855997044,1.89294432101956e-76,3.12263563184983e-75,0.222686855997044,"Increasing",FALSE
"IRS1",-0.22260913687901,2.14055495144338e-76,3.52840522507182e-75,0.22260913687901,"Decreasing",TRUE
"CCT6A",0.22260597168901,2.15129639820041e-76,3.54340816807248e-75,0.22260597168901,"Increasing",TRUE
"EIF3K",0.222598231518254,2.17779048577736e-76,3.58431472944773e-75,0.222598231518254,"Increasing",TRUE
"UBXN1",0.222588506756159,2.21153921808262e-76,3.6370899926001e-75,0.222588506756159,"Increasing",TRUE
"KMT5C",0.222247230823713,3.7919742104682e-76,6.23152567971238e-75,0.222247230823713,"Increasing",TRUE
"RBMX2",0.222192976556739,4.13101021612806e-76,6.78352057526803e-75,0.222192976556739,"Increasing",FALSE
"S100A4",0.222185500130762,4.18004080666826e-76,6.85882170327268e-75,0.222185500130762,"Increasing",TRUE
"HMGN3",0.222061058321779,5.08678806956099e-76,8.34032550707231e-75,0.222061058321779,"Increasing",TRUE
"NSMCE2",0.221895321724652,6.6057033850437e-76,1.08225360235629e-74,0.221895321724652,"Increasing",FALSE
"XRCC5",0.221888158824967,6.68068843933558e-76,1.09370967556092e-74,0.221888158824967,"Increasing",TRUE
"ANKRD30A",-0.221871560998754,6.85772051436133e-76,1.12184209171346e-74,0.221871560998754,"Decreasing",TRUE
"BMP5",0.221791142060217,7.7839583687973e-76,1.2724004565031e-74,0.221791142060217,"Increasing",TRUE
"TBL1XR1",0.221752466056801,8.27282636786846e-76,1.3512908375634e-74,0.221752466056801,"Increasing",TRUE
"ALDH1L2",0.221552470378487,1.13335274591607e-75,1.84983027486755e-74,0.221552470378487,"Increasing",FALSE
"USP39",0.221512707281619,1.20650703688438e-75,1.96774468430728e-74,0.221512707281619,"Increasing",FALSE
"SPTSSA",0.221480233217751,1.26972899185004e-75,2.0692943826455e-74,0.221480233217751,"Increasing",TRUE
"CKLF",0.221465875715177,1.29872346638301e-75,2.11495208052275e-74,0.221465875715177,"Increasing",TRUE
"WNK1",0.221439205517751,1.35434594267052e-75,2.20387167327635e-74,0.221439205517751,"Increasing",TRUE
"LINC02562",0.221299839749057,1.68601931096609e-75,2.7415257569584e-74,0.221299839749057,"Increasing",FALSE
"AC097534.2",0.221298020005494,1.69084692188385e-75,2.74730841969249e-74,0.221298020005494,"Increasing",FALSE
"PGLS",0.221139649760962,2.16834912741766e-75,3.52051274556691e-74,0.221139649760962,"Increasing",TRUE
"CARD19",0.221126912930198,2.21214383980977e-75,3.5889210494211e-74,0.221126912930198,"Increasing",TRUE
"PWP1",0.221084859048527,2.36310164973886e-75,3.83095473749863e-74,0.221084859048527,"Increasing",TRUE
"LRRC41",0.220952517421881,2.90846291627297e-75,4.71153550379752e-74,0.220952517421881,"Increasing",TRUE
"IFNAR2",0.220921639019306,3.05278613418942e-75,4.94162609436954e-74,0.220921639019306,"Increasing",FALSE
"TMBIM4",0.220901051312867,3.15295609130948e-75,5.09995367763458e-74,0.220901051312867,"Increasing",TRUE
"HAUS1",0.220879504129934,3.26130484039551e-75,5.27126384449865e-74,0.220879504129934,"Increasing",TRUE
"FXYD5",0.220860754374561,3.35860215816346e-75,5.42446880701887e-74,0.220860754374561,"Increasing",TRUE
"LSM3",0.220781016308215,3.80575556607849e-75,6.14207451702437e-74,0.220781016308215,"Increasing",TRUE
"MRPS18A",0.220698215191587,4.3329698749086e-75,6.98772231319216e-74,0.220698215191587,"Increasing",FALSE
"CALU",0.220622901386338,4.8754570341528e-75,7.85672084325445e-74,0.220622901386338,"Increasing",TRUE
"PTPRF",0.220620853607277,4.8911163968201e-75,7.87608236477515e-74,0.220620853607277,"Increasing",TRUE
"POP7",0.220550312683141,5.46227043213072e-75,8.78925272065115e-74,0.220550312683141,"Increasing",FALSE
"ZNF580",0.220487699831533,6.02467352306979e-75,9.68699366320969e-74,0.220487699831533,"Increasing",TRUE
"GPR20",0.220467206827722,6.22100440292481e-75,9.99523458343532e-74,0.220467206827722,"Increasing",FALSE
"THEM6",0.220426930336306,6.62564512489765e-75,1.06374584806121e-73,0.220426930336306,"Increasing",FALSE
"XXYLT1",0.22038742547683,7.0480047686067e-75,1.13071553860127e-73,0.22038742547683,"Increasing",TRUE
"SNX2",0.220157550802678,1.00955326586771e-74,1.61843071775974e-73,0.220157550802678,"Increasing",TRUE
"MRPL32",0.220126456910275,1.0598034546224e-74,1.69772814339437e-73,0.220126456910275,"Increasing",TRUE
"SLC16A1",0.220068931864972,1.15943233100672e-74,1.85595056837445e-73,0.220068931864972,"Increasing",TRUE
"EIF2S1",0.219895452606255,1.52002682762761e-74,2.43136785677517e-73,0.219895452606255,"Increasing",TRUE
"ZNF622",0.219830579585056,1.68191546147226e-74,2.68832789366978e-73,0.219830579585056,"Increasing",FALSE
"CACYBP",0.219766870077495,1.8576117067934e-74,2.96696149178162e-73,0.219766870077495,"Increasing",TRUE
"TBC1D7",0.219655874114716,2.20851496740748e-74,3.52481598564812e-73,0.219655874114716,"Increasing",FALSE
"ANXA11",0.219626891080011,2.31054968994714e-74,3.68494308485297e-73,0.219626891080011,"Increasing",TRUE
"LINC02001",0.219588883774823,2.45150833602681e-74,3.90686542341736e-73,0.219588883774823,"Increasing",TRUE
"AIFM1",0.219524360689722,2.71070631644316e-74,4.3167548635473e-73,0.219524360689722,"Increasing",TRUE
"LRRCC1",0.219408368172207,3.24724224694847e-74,5.16737149901004e-73,0.219408368172207,"Increasing",TRUE
"HES4",0.219386455499239,3.35990174625934e-74,5.34271351999002e-73,0.219386455499239,"Increasing",TRUE
"RCOR3",0.219337512356275,3.62580033268615e-74,5.76129008745204e-73,0.219337512356275,"Increasing",FALSE
"NABP2",0.219268537180374,4.03650734296546e-74,6.40917881568579e-73,0.219268537180374,"Increasing",TRUE
"ZFP36",0.219201219543928,4.48200407876111e-74,7.11131484155856e-73,0.219201219543928,"Increasing",TRUE
"EMB",0.219168788661981,4.71379499355049e-74,7.47359573078695e-73,0.219168788661981,"Increasing",TRUE
"RHOC",0.219152209140863,4.83686962721602e-74,7.66310503256145e-73,0.219152209140863,"Increasing",TRUE
"FAM120A",0.219144991886445,4.89144115315928e-74,7.74388595749246e-73,0.219144991886445,"Increasing",TRUE
"PRPH",0.219081735101842,5.39677980567045e-74,8.5376582430848e-73,0.219081735101842,"Increasing",FALSE
"SPG21",0.219050035070974,5.66926700494242e-74,8.96216971300699e-73,0.219050035070974,"Increasing",TRUE
"TSHZ2",-0.21884381935744,7.80917706357513e-74,1.23359880368318e-72,0.21884381935744,"Decreasing",TRUE
"SLC40A1",0.218702828365633,9.71877453671129e-74,1.53413234286582e-72,0.218702828365633,"Increasing",TRUE
"EFR3A",0.218418585578344,1.50988449767413e-73,2.3816499266232e-72,0.218418585578344,"Increasing",FALSE
"MCRS1",0.218358898045201,1.65610009340502e-73,2.61038096414897e-72,0.218358898045201,"Increasing",TRUE
"DCTN6",0.21831645506299,1.76857837728854e-73,2.785639849359e-72,0.21831645506299,"Increasing",TRUE
"BGN",0.218237188401653,1.99942548544549e-73,3.14694717701945e-72,0.218237188401653,"Increasing",TRUE
"PPIL3",0.218195416090665,2.13292177930273e-73,3.3546171507083e-72,0.218195416090665,"Increasing",FALSE
"PSMD6",0.218163719823611,2.24011297442507e-73,3.52064300926006e-72,0.218163719823611,"Increasing",FALSE
"COL9A2",0.218009689648199,2.84253760313087e-73,4.46418877933561e-72,0.218009689648199,"Increasing",TRUE
"MRPS23",0.217776769225794,4.07350401979914e-73,6.39276847261142e-72,0.217776769225794,"Increasing",TRUE
"SLC25A39",0.2176437468101,5.00182447466919e-73,7.84393518850517e-72,0.2176437468101,"Increasing",TRUE
"DERL1",0.21763344495083,5.08195646470213e-73,7.96382010168332e-72,0.21763344495083,"Increasing",TRUE
"TMEM179B",0.217269056408982,8.91148912945965e-73,1.39548753686683e-71,0.217269056408982,"Increasing",TRUE
"MTF1",0.217100712035986,1.15475023206282e-72,1.80696252823154e-71,0.217100712035986,"Increasing",TRUE
"MIA",0.217065868515977,1.21834126668661e-72,1.90509079400128e-71,0.217065868515977,"Increasing",TRUE
"CTSC",0.216994077376065,1.36057892848801e-72,2.12596606251815e-71,0.216994077376065,"Increasing",TRUE
"TIPRL",0.216963873884206,1.42525896095679e-72,2.22542240941303e-71,0.216963873884206,"Increasing",TRUE
"MCM6",0.21672359157705,2.0617984808003e-72,3.21700109531368e-71,0.21672359157705,"Increasing",TRUE
"MCM3",0.216537789778818,2.74225607982422e-72,4.27562437842723e-71,0.216537789778818,"Increasing",TRUE
"MRPS9",0.216506027558942,2.87918897415562e-72,4.48588851705141e-71,0.216506027558942,"Increasing",FALSE
"NXT1",0.216387058345288,3.45545677160887e-72,5.37985740882331e-71,0.216387058345288,"Increasing",TRUE
"FAM174A",0.216220770433676,4.45836926310353e-72,6.93631099896813e-71,0.216220770433676,"Increasing",FALSE
"CNOT7",0.216169048803376,4.82591531221578e-72,7.50273596381173e-71,0.216169048803376,"Increasing",TRUE
"DDX46",0.216108056889939,5.29831923743749e-72,8.23124936887305e-71,0.216108056889939,"Increasing",TRUE
"RSU1",0.216090519610403,5.44249145725634e-72,8.44915520052511e-71,0.216090519610403,"Increasing",TRUE
"ANAPC5",0.216051370121853,5.77859832974355e-72,8.96450178792233e-71,0.216051370121853,"Increasing",TRUE
"NDUFV1",0.216049851624978,5.7920436991821e-72,8.9789142280721e-71,0.216049851624978,"Increasing",TRUE
"DSC2",0.2159764835631,6.48021260334597e-72,1.00385228930686e-70,0.2159764835631,"Increasing",TRUE
"TGOLN2",0.215926989692884,6.98989502566246e-72,1.08203174430205e-70,0.215926989692884,"Increasing",TRUE
"CHIC2",0.215880128243468,7.50923360302569e-72,1.16159297180662e-70,0.215880128243468,"Increasing",FALSE
"MBOAT2",0.21576350498438,8.97477865359895e-72,1.38730305224802e-70,0.21576350498438,"Increasing",FALSE
"ANXA7",0.215647442945449,1.0716030520425e-71,1.65527819547094e-70,0.215647442945449,"Increasing",TRUE
"NOA1",0.215451128161335,1.44607564352155e-71,2.23212104689291e-70,0.215451128161335,"Increasing",TRUE
"TFF3",-0.215293935975497,1.83787717634704e-71,2.8348697916388e-70,0.215293935975497,"Decreasing",TRUE
"ARPC1B",0.215271583720171,1.90158647741719e-71,2.9310473450061e-70,0.215271583720171,"Increasing",FALSE
"ANXA4",0.215088651611358,2.5128919236092e-71,3.87053417456841e-70,0.215088651611358,"Increasing",TRUE
"SMC4",0.215043194924648,2.69300995511983e-71,4.14501033690453e-70,0.215043194924648,"Increasing",TRUE
"PDIA4",0.215004533411493,2.85629106128918e-71,4.39319927647396e-70,0.215004533411493,"Increasing",FALSE
"CNN3",0.214972314175931,2.99987561400486e-71,4.61076187899325e-70,0.214972314175931,"Increasing",TRUE
"C1GALT1C1",0.214950002789634,3.10349975377504e-71,4.76664034677176e-70,0.214950002789634,"Increasing",FALSE
"BX284668.5",0.214947961420003,3.11315709114442e-71,4.77807704116697e-70,0.214947961420003,"Increasing",FALSE
"FADS1",0.214866522188563,3.52387085612969e-71,5.40460249829401e-70,0.214866522188563,"Increasing",FALSE
"FAM208B",0.214716648159408,4.4259428797925e-71,6.78330678243375e-70,0.214716648159408,"Increasing",TRUE
"BLVRB",0.214582965140471,5.42293710001671e-71,8.30543378677258e-70,0.214582965140471,"Increasing",TRUE
"PAPOLA",0.214558580838148,5.62757609732903e-71,8.61274217162043e-70,0.214558580838148,"Increasing",TRUE
"CAMTA1",0.214528964898638,5.88649691080952e-71,9.00263257201653e-70,0.214528964898638,"Increasing",TRUE
"SNRPA1",0.214523313846379,5.93723428433827e-71,9.07380713469236e-70,0.214523313846379,"Increasing",TRUE
"GTF2A2",0.21443320753253,6.80771200470956e-71,1.03967955068391e-69,0.21443320753253,"Increasing",TRUE
"KCNK15",0.214429805571886,6.84295884653015e-71,1.04432443978472e-69,0.214429805571886,"Increasing",FALSE
"OTUD6B-AS1",0.214415847626425,6.98948764289853e-71,1.06593386000732e-69,0.214415847626425,"Increasing",FALSE
"GAMT",-0.214335921599257,7.89081619867799e-71,1.20254258147695e-69,0.214335921599257,"Decreasing",TRUE
"SELENOK",0.214321402285712,8.06656850831061e-71,1.22846050362644e-69,0.214321402285712,"Increasing",TRUE
"ALX4",0.214251521214118,8.96859014375675e-71,1.36486783807453e-69,0.214251521214118,"Increasing",FALSE
"PFKM",0.214220091188836,9.40641011796759e-71,1.43048925157832e-69,0.214220091188836,"Increasing",FALSE
"NCSTN",0.21410305088808,1.12325209669127e-70,1.706995626547e-69,0.21410305088808,"Increasing",FALSE
"CKAP4",0.214075093930851,1.17186038811588e-70,1.77961370254281e-69,0.214075093930851,"Increasing",TRUE
"NDUFAF4",0.214038439645623,1.23878034581144e-70,1.87991876917031e-69,0.214038439645623,"Increasing",TRUE
"HM13",0.213992310593116,1.32843624802308e-70,2.01456191717746e-69,0.213992310593116,"Increasing",TRUE
"CD109",0.21395618196371,1.40314736018384e-70,2.12636847500511e-69,0.21395618196371,"Increasing",TRUE
"UBE2L6",-0.213869508329303,1.59989893406879e-70,2.42283223302219e-69,0.213869508329303,"Decreasing",TRUE
"ALG14",0.213815840626706,1.73527092018462e-70,2.62599471885081e-69,0.213815840626706,"Increasing",FALSE
"GNPNAT1",0.213783424990146,1.82250524182615e-70,2.75607685625353e-69,0.213783424990146,"Increasing",TRUE
"HIST3H2A",0.213775590883563,1.84423532085322e-70,2.78698778207259e-69,0.213775590883563,"Increasing",FALSE
"CNOT3",0.213730971650012,1.97301477039657e-70,2.97951426892173e-69,0.213730971650012,"Increasing",FALSE
"RBP7",0.213688788123035,2.10299380912692e-70,3.17358213793525e-69,0.213688788123035,"Increasing",TRUE
"TENT5A",0.213649639274382,2.23124384821831e-70,3.36477177669209e-69,0.213649639274382,"Increasing",TRUE
"DIMT1",0.213498819315079,2.80247999146838e-70,4.22326308337738e-69,0.213498819315079,"Increasing",TRUE
"AFF3",-0.213441446201937,3.05619598197943e-70,4.60239687599829e-69,0.213441446201937,"Decreasing",TRUE
"ATF1",0.213325728637169,3.6396722198098e-70,5.47725046449093e-69,0.213325728637169,"Increasing",FALSE
"NSUN6",0.21322819509933,4.21681438402485e-70,6.34136108829346e-69,0.21322819509933,"Increasing",FALSE
"DDT",0.213213691025629,4.31010199085885e-70,6.47714214342558e-69,0.213213691025629,"Increasing",TRUE
"FBLN1",0.213098356562865,5.12896321260984e-70,7.70235545687969e-69,0.213098356562865,"Increasing",TRUE
"EIF2AK1",0.213094368614453,5.15989452239713e-70,7.7434250436807e-69,0.213094368614453,"Increasing",TRUE
"METRN",-0.213073690623062,5.32328309739973e-70,7.98307756660708e-69,0.213073690623062,"Decreasing",TRUE
"KIF21A",0.212921039849911,6.7001126859215e-70,1.00408762234926e-68,0.212921039849911,"Increasing",TRUE
"PSMC2",0.212851578482208,7.43901458377692e-70,1.11404785277491e-68,0.212851578482208,"Increasing",FALSE
"MARS",0.212850948969115,7.4460695490145e-70,1.11433215342246e-68,0.212850948969115,"Increasing",FALSE
"RPL37A",-0.212831301407526,7.6696438948209e-70,1.14699657139847e-68,0.212831301407526,"Decreasing",TRUE
"SCNM1",0.212705877334936,9.26324656586381e-70,1.38436209051395e-68,0.212705877334936,"Increasing",FALSE
"SCYL1",0.212563185123041,1.14808816494269e-69,1.71459469553638e-68,0.212563185123041,"Increasing",FALSE
"CHMP4B",0.212511008628012,1.24177218889117e-69,1.85322493107308e-68,0.212511008628012,"Increasing",TRUE
"RMND5A",0.212421943681122,1.41962136629223e-69,2.11718548830746e-68,0.212421943681122,"Increasing",FALSE
"STRAP",0.212387145118963,1.49581377326856e-69,2.22927832002301e-68,0.212387145118963,"Increasing",TRUE
"BAZ2A",0.212352680991631,1.57528932877276e-69,2.34610629874427e-68,0.212352680991631,"Increasing",FALSE
"C12orf75",0.212313552624021,1.67063300587551e-69,2.48638975598965e-68,0.212313552624021,"Increasing",TRUE
"GNPTAB",0.21223621411912,1.8763271451164e-69,2.79060079875881e-68,0.21223621411912,"Increasing",FALSE
"SMC2",0.212061561201456,2.4384567562759e-69,3.62414377600565e-68,0.212061561201456,"Increasing",TRUE
"TMEM41A",0.211891297844576,3.14748128878291e-69,4.67471275949132e-68,0.211891297844576,"Increasing",TRUE
"SLC35B1",0.211738457490637,3.95717932514109e-69,5.87325860002054e-68,0.211738457490637,"Increasing",FALSE
"NUDCD2",0.211700095830553,4.19109712391857e-69,6.21617082003297e-68,0.211700095830553,"Increasing",TRUE
"ARL8B",0.211664269984959,4.421977670776e-69,6.55411093727498e-68,0.211664269984959,"Increasing",TRUE
"SETD5",0.211659420305185,4.45419043786244e-69,6.59733073078872e-68,0.211659420305185,"Increasing",TRUE
"ACYP1",0.211619047752303,4.73159351514548e-69,7.00340656591053e-68,0.211619047752303,"Increasing",TRUE
"CKS2",0.211614477659443,4.76406027719472e-69,7.04663535867063e-68,0.211614477659443,"Increasing",TRUE
"FOSL1",-0.211508723106849,5.5806025746009e-69,8.24875660992651e-68,0.211508723106849,"Decreasing",TRUE
"HSPB1",0.211402185616734,6.54418895293985e-69,9.66643357983802e-68,0.211402185616734,"Increasing",TRUE
"C19orf33",0.211371651278561,6.84975084585386e-69,1.01108685641326e-67,0.211371651278561,"Increasing",TRUE
"COX8A",0.211322716935204,7.36936612455942e-69,1.08704438192306e-67,0.211322716935204,"Increasing",TRUE
"NOP53",0.21129427208946,7.68927519637942e-69,1.13346000677871e-67,0.21129427208946,"Increasing",TRUE
"PYCR2",0.211286305511117,7.78132774254231e-69,1.14624739274942e-67,0.211286305511117,"Increasing",TRUE
"NT5C3B",0.211269024048411,7.98480468838387e-69,1.17541981822872e-67,0.211269024048411,"Increasing",FALSE
"DAB2",-0.211249318215474,8.22330455450234e-69,1.20970463868479e-67,0.211249318215474,"Decreasing",TRUE
"MEA1",0.211171007349716,9.2433515106636e-69,1.3588355520098e-67,0.211171007349716,"Increasing",TRUE
"UQCRC2",0.211070817008384,1.07342361667615e-68,1.57693299499467e-67,0.211070817008384,"Increasing",FALSE
"POLR2J",0.210994461540688,1.20293171691565e-68,1.76598875017304e-67,0.210994461540688,"Increasing",TRUE
"ECHDC3",0.210946249936296,1.29260759297372e-68,1.89635099009926e-67,0.210946249936296,"Increasing",TRUE
"TMBIM6",0.210804524748848,1.59666747853542e-68,2.34084017714725e-67,0.210804524748848,"Increasing",TRUE
"RAN",0.210642172332797,2.03344887270288e-68,2.97917492468537e-67,0.210642172332797,"Increasing",TRUE
"IFI6",-0.210530413261206,2.40145419254722e-68,3.51595021009115e-67,0.210530413261206,"Decreasing",TRUE
"RACK1",0.210513848831911,2.46137626542279e-68,3.60124178035114e-67,0.210513848831911,"Increasing",TRUE
"CHCHD10",0.210420268581236,2.82898777581686e-68,4.1362940348716e-67,0.210420268581236,"Increasing",TRUE
"ZG16B",-0.21037193538196,3.03978591932654e-68,4.44149923709577e-67,0.21037193538196,"Decreasing",TRUE
"CISD2",0.210248886479838,3.64979632178751e-68,5.32919584552893e-67,0.210248886479838,"Increasing",TRUE
"TMEM216",0.21015996703999,4.16517218228815e-68,6.07760775551971e-67,0.21015996703999,"Increasing",FALSE
"VPS26C",0.210124561435405,4.39002239661467e-68,6.40137543797862e-67,0.210124561435405,"Increasing",FALSE
"TRIM28",0.209917755907202,5.96700325253711e-68,8.69500608815422e-67,0.209917755907202,"Increasing",TRUE
"BCL11A",0.209837028005439,6.72586367564949e-68,9.79419905867826e-67,0.209837028005439,"Increasing",TRUE
"AP1S1",0.209825051478567,6.84635701240827e-68,9.96294781401635e-67,0.209825051478567,"Increasing",FALSE
"MVB12A",0.209791844765415,7.19181125046369e-68,1.0458616495459e-66,0.209791844765415,"Increasing",FALSE
"OLA1",0.209712089657711,8.09413105916993e-68,1.17628898580136e-66,0.209712089657711,"Increasing",TRUE
"GTPBP3",0.209567822269998,1.002235395816e-67,1.45553137792902e-66,0.209567822269998,"Increasing",FALSE
"DEK",0.209466081153906,1.16512545673498e-67,1.6909577649458e-66,0.209466081153906,"Increasing",TRUE
"TMEM99",0.209465014111369,1.16696664528116e-67,1.69249323520308e-66,0.209465014111369,"Increasing",FALSE
"USP1",0.209423195108653,1.24145534621117e-67,1.79931925094724e-66,0.209423195108653,"Increasing",TRUE
"DNPH1",0.209362526389629,1.35801990911984e-67,1.96694438579623e-66,0.209362526389629,"Increasing",TRUE
"ASNSD1",0.209313937737099,1.45918988915135e-67,2.11206252542269e-66,0.209313937737099,"Increasing",FALSE
"SPCS2",0.20928854525004,1.51501456342711e-67,2.19139656731324e-66,0.20928854525004,"Increasing",TRUE
"FBXO27",0.209214622188882,1.68994271845859e-67,2.44278676561138e-66,0.209214622188882,"Increasing",FALSE
"ATG3",0.209154054068245,1.8481633463717e-67,2.66970654512649e-66,0.209154054068245,"Increasing",TRUE
"PCGF2",0.209120822964916,1.94115652384598e-67,2.80216382634012e-66,0.209120822964916,"Increasing",FALSE
"CHCHD3",0.209116428662109,1.95379750191498e-67,2.81852897305626e-66,0.209116428662109,"Increasing",TRUE
"TCF4",0.209041930618745,2.18102726578414e-67,3.14422943386226e-66,0.209041930618745,"Increasing",FALSE
"SLC25A37",0.208999094786228,2.32341491629704e-67,3.34726642274527e-66,0.208999094786228,"Increasing",TRUE
"BTF3",0.208960134310793,2.46094739499163e-67,3.54304285181673e-66,0.208960134310793,"Increasing",TRUE
"CREB5",-0.208923361881569,2.59818822886802e-67,3.73813898973622e-66,0.208923361881569,"Decreasing",TRUE
"PDZK1IP1",0.208830799713984,2.97835102091458e-67,4.28224654437552e-66,0.208830799713984,"Increasing",TRUE
"BCAS2",0.208789569910433,3.16506729637965e-67,4.54767980550294e-66,0.208789569910433,"Increasing",FALSE
"CHTOP",0.208744346409406,3.38330706971324e-67,4.85802430408658e-66,0.208744346409406,"Increasing",TRUE
"LAMP1",0.208540806927341,4.56658890927729e-67,6.55272153582219e-66,0.208540806927341,"Increasing",TRUE
"FBXO17",0.208344648081761,6.09521443928217e-67,8.74038381107417e-66,0.208344648081761,"Increasing",FALSE
"CCNI",0.208190417977672,7.6470291298852e-67,1.09583752981976e-65,0.208190417977672,"Increasing",TRUE
"DYRK4",0.208138914565987,8.24839324214707e-67,1.18123113295426e-65,0.208138914565987,"Increasing",FALSE
"TMPRSS2",0.20812048846839,8.4747970150925e-67,1.21285008937847e-65,0.20812048846839,"Increasing",FALSE
"NPM1",0.208075467003455,9.05437053254859e-67,1.29493677834795e-65,0.208075467003455,"Increasing",TRUE
"RBP1",0.207981895788439,1.03883384437202e-66,1.48473540852376e-65,0.207981895788439,"Increasing",TRUE
"SMIM20",0.207914882518241,1.14623873358718e-66,1.63715922226166e-65,0.207914882518241,"Increasing",FALSE
"GTF3C6",0.207898293949051,1.1744917667234e-66,1.67640469477495e-65,0.207898293949051,"Increasing",TRUE
"SLC25A33",0.207888715975891,1.1911195029387e-66,1.69901600386173e-65,0.207888715975891,"Increasing",FALSE
"ALKBH5",0.207841884138344,1.27586086185035e-66,1.81869084594895e-65,0.207841884138344,"Increasing",FALSE
"WASHC3",0.207762588188715,1.4332616513847e-66,2.04171287319864e-65,0.207762588188715,"Increasing",FALSE
"MYH11",-0.207761313620893,1.43594359631229e-66,2.0441858442891e-65,0.207761313620893,"Decreasing",TRUE
"DAPP1",-0.207729383553685,1.50478719411774e-66,2.14078020176987e-65,0.207729383553685,"Decreasing",TRUE
"CDC5L",0.207575869506584,1.88455082270335e-66,2.67903901198412e-65,0.207575869506584,"Increasing",TRUE
"PSMD7",0.207575483526039,1.88561700010544e-66,2.67903901198412e-65,0.207575483526039,"Increasing",TRUE
"HSDL2",0.207184384550819,3.34262395642828e-66,4.74299914686845e-65,0.207184384550819,"Increasing",FALSE
"ST3GAL6",0.207184367763134,3.34270601604843e-66,4.74299914686845e-65,0.207184367763134,"Increasing",FALSE
"NUP62",0.207129393362203,3.62248375047529e-66,5.13660589552303e-65,0.207129393362203,"Increasing",TRUE
"HIBCH",0.207092217849419,3.82478375116944e-66,5.41990667952601e-65,0.207092217849419,"Increasing",FALSE
"UQCC3",0.207084148986568,3.870158067177e-66,5.48061047389876e-65,0.207084148986568,"Increasing",TRUE
"RGS1",-0.207080554567043,3.89054317152296e-66,5.50587019886124e-65,0.207080554567043,"Decreasing",TRUE
"DKK3",-0.207034122481375,4.1636945876919e-66,5.8885759188496e-65,0.207034122481375,"Decreasing",TRUE
"TMX1",0.206995099130211,4.40798314957303e-66,6.2299879569832e-65,0.206995099130211,"Increasing",FALSE
"ARPC1A",0.20696312184114,4.6187702250848e-66,6.5236355924237e-65,0.20696312184114,"Increasing",TRUE
"RPS3A",-0.206927356960303,4.86644279078418e-66,6.86896333826558e-65,0.206927356960303,"Decreasing",TRUE
"SLC2A1",0.206895142394863,5.10083562008606e-66,7.19510820822844e-65,0.206895142394863,"Increasing",TRUE
"UAP1",0.206890547462018,5.13517258235812e-66,7.23881797160855e-65,0.206890547462018,"Increasing",FALSE
"APRT",0.206742715173612,6.37177351036448e-66,8.97614247450954e-65,0.206742715173612,"Increasing",TRUE
"PPIG",0.206533899493741,8.6396698562165e-66,1.21630791917159e-64,0.206533899493741,"Increasing",TRUE
"GSTO2",0.206467262956641,9.52062945039375e-66,1.33945834910813e-64,0.206467262956641,"Increasing",TRUE
"REEP3",0.206466343198593,9.53339515963345e-66,1.34038171372595e-64,0.206466343198593,"Increasing",TRUE
"WRAP73",0.206321081424187,1.17793074801602e-65,1.65507694828518e-64,0.206321081424187,"Increasing",FALSE
"GGCT",0.206233784270598,1.33751296094815e-65,1.87808025250744e-64,0.206233784270598,"Increasing",TRUE
"XRCC6",0.206183800942677,1.43840033287923e-65,2.01843059698183e-64,0.206183800942677,"Increasing",TRUE
"SUGP2",0.206174485548567,1.45802427801341e-65,2.04464014587084e-64,0.206174485548567,"Increasing",TRUE
"GABPB1-AS1",0.206164578148752,1.4791881501945e-65,2.07297379544119e-64,0.206164578148752,"Increasing",TRUE
"QARS",0.20601417029631,1.84076567655479e-65,2.57802632989948e-64,0.20601417029631,"Increasing",FALSE
"IFI44L",-0.205850078961826,2.33629949037216e-65,3.26991139811803e-64,0.205850078961826,"Decreasing",TRUE
"SIRT2",0.205823513098753,2.42818235761579e-65,3.39631202252927e-64,0.205823513098753,"Increasing",FALSE
"TBC1D9",-0.205783113599049,2.57485796121522e-65,3.59913845678273e-64,0.205783113599049,"Decreasing",TRUE
"SMC6",0.205737468339111,2.75122564656548e-65,3.84317945845379e-64,0.205737468339111,"Increasing",TRUE
"DRAP1",0.205719899104136,2.82227487747769e-65,3.93988114355898e-64,0.205719899104136,"Increasing",TRUE
"IQGAP2",0.205714818521944,2.84315922258096e-65,3.96647326016621e-64,0.205714818521944,"Increasing",TRUE
"P4HB",0.205639943652763,3.16941214644151e-65,4.41877396674846e-64,0.205639943652763,"Increasing",TRUE
"SLC25A6",0.205373822522367,4.66130334414628e-65,6.49456900496461e-64,0.205373822522367,"Increasing",TRUE
"SEC61G",0.205252430867701,5.55709701343477e-65,7.73768469460859e-64,0.205252430867701,"Increasing",TRUE
"DCT",0.205040357673904,7.55264710901366e-65,1.05095108838239e-63,0.205040357673904,"Increasing",FALSE
"CHD4",0.204988250064842,8.14361063423113e-65,1.13245447751438e-63,0.204988250064842,"Increasing",TRUE
"DGAT2",0.204928754664308,8.8748809160351e-65,1.23335161797761e-63,0.204928754664308,"Increasing",FALSE
"PUS7L",0.204916043235262,9.03940900341463e-65,1.25540892393181e-63,0.204916043235262,"Increasing",FALSE
"AC008124.1",0.204873372862251,9.61425008740649e-65,1.33438628380767e-63,0.204873372862251,"Increasing",FALSE
"LAMP2",0.204718711661307,1.20202582450664e-64,1.66725148058976e-63,0.204718711661307,"Increasing",TRUE
"PDCD10",0.204679853027445,1.27137071812791e-64,1.76230411922669e-63,0.204679853027445,"Increasing",TRUE
"PSMD1",0.204378006839444,1.96477750097201e-64,2.72172062794905e-63,0.204378006839444,"Increasing",TRUE
"FMNL2",0.204305751509321,2.18032364206352e-64,3.0183724474691e-63,0.204305751509321,"Increasing",FALSE
"TFDP1",0.204287973671073,2.23687274425325e-64,3.09467477614037e-63,0.204287973671073,"Increasing",TRUE
"PRCC",0.204269184896664,2.29822641378033e-64,3.17752225219404e-63,0.204269184896664,"Increasing",FALSE
"RPL3",0.204198674425259,2.54380333073132e-64,3.51480754329309e-63,0.204198674425259,"Increasing",TRUE
"UBL5",0.204192420329967,2.56680850685908e-64,3.54432791266612e-63,0.204192420329967,"Increasing",TRUE
"SNW1",0.204074346349904,3.04219290010724e-64,4.19807078999472e-63,0.204074346349904,"Increasing",FALSE
"COPS3",0.204053964365228,3.13271086187992e-64,4.32022219050575e-63,0.204053964365228,"Increasing",TRUE
"FAM83D",0.204037150872602,3.20939699937458e-64,4.42315492069418e-63,0.204037150872602,"Increasing",TRUE
"TMEM97",0.203937729093364,3.70264087680558e-64,5.09968574555568e-63,0.203937729093364,"Increasing",FALSE
"FBXW9",0.203924315189724,3.77473068086664e-64,5.19566433207185e-63,0.203924315189724,"Increasing",FALSE
"DNTTIP1",0.203909322237861,3.85696285192883e-64,5.30547213432095e-63,0.203909322237861,"Increasing",TRUE
"LTBP3",0.203890100829581,3.96500286951672e-64,5.45061781235727e-63,0.203890100829581,"Increasing",FALSE
"IFT20",0.203878005906664,4.0345263883006e-64,5.53963534080947e-63,0.203878005906664,"Increasing",FALSE
"N4BP2L2",0.203877944095861,4.03488478779921e-64,5.53963534080947e-63,0.203877944095861,"Increasing",TRUE
"JCHAIN",-0.203821237347064,4.37742017375305e-64,6.00609840982878e-63,0.203821237347064,"Decreasing",TRUE
"SYNPO2",-0.203701234765414,5.20078879201005e-64,7.13128463168383e-63,0.203701234765414,"Decreasing",TRUE
"UNG",0.203646302460996,5.62752037609945e-64,7.71152284892258e-63,0.203646302460996,"Increasing",TRUE
"EFEMP1",-0.203587095362334,6.12659137246352e-64,8.39009122680207e-63,0.203587095362334,"Decreasing",TRUE
"TMCO1",0.203487754438991,7.06494569547781e-64,9.66899787709154e-63,0.203487754438991,"Increasing",TRUE
"CYHR1",0.203485524744266,7.08757333120717e-64,9.69382656249285e-63,0.203485524744266,"Increasing",FALSE
"RHBDD3",0.203424781428508,7.73258063315234e-64,1.05693274814941e-62,0.203424781428508,"Increasing",FALSE
"SLC35E3",0.203350629898915,8.59972514101103e-64,1.17471593108248e-62,0.203350629898915,"Increasing",FALSE
"PIGF",0.203209476208756,1.05269860788454e-63,1.43706992522963e-62,0.203209476208756,"Increasing",FALSE
"CA12",-0.203191180492461,1.08064239907593e-63,1.47428549520397e-62,0.203191180492461,"Decreasing",TRUE
"RAMMET",0.203076718311522,1.27303397804128e-63,1.73566336059761e-62,0.203076718311522,"Increasing",FALSE
"BNIP3L",0.203032420588346,1.35633528907939e-63,1.84807097080741e-62,0.203032420588346,"Increasing",TRUE
"DUSP5",-0.202973843615804,1.47488260366424e-63,2.00833100599775e-62,0.202973843615804,"Decreasing",TRUE
"RASL10A",0.202971810915767,1.4791766600587e-63,2.01290979999172e-62,0.202971810915767,"Increasing",FALSE
"CMSS1",0.202957187970771,1.51043676123292e-63,2.05415597295428e-62,0.202957187970771,"Increasing",TRUE
"DCAF10",0.202913618645808,1.60753277722718e-63,2.18482913936348e-62,0.202913618645808,"Increasing",FALSE
"SEPT2",0.202771862667625,1.96856310809004e-63,2.67383084637497e-62,0.202771862667625,"Increasing",TRUE
"COPS8",0.20266919206154,2.27948483516451e-63,3.0942002065267e-62,0.20266919206154,"Increasing",FALSE
"MORN2",0.202660924420106,2.30655425837442e-63,3.12897912890592e-62,0.202660924420106,"Increasing",FALSE
"BCAT2",0.202639265624353,2.37899625268311e-63,3.22522641282823e-62,0.202639265624353,"Increasing",FALSE
"DMKN",0.202622394439174,2.43699192050227e-63,3.30178027599085e-62,0.202622394439174,"Increasing",TRUE
"MICU2",0.202579540944407,2.59071436023524e-63,3.50785321583231e-62,0.202579540944407,"Increasing",FALSE
"RAB9A",0.202578075467734,2.59613871364097e-63,3.51299671895938e-62,0.202578075467734,"Increasing",FALSE
"ATF6B",0.202471955296669,3.02055384449515e-63,4.08474146305007e-62,0.202471955296669,"Increasing",FALSE
"DDR1",0.202445514951804,3.13664153654356e-63,4.23907589773023e-62,0.202445514951804,"Increasing",TRUE
"SRPK1",0.202422779304344,3.24001111757857e-63,4.37604001567956e-62,0.202422779304344,"Increasing",TRUE
"PABPC1",0.202333596477824,3.67931142355047e-63,4.9662660751359e-62,0.202333596477824,"Increasing",TRUE
"HACD3",0.202292607493862,3.90065218873892e-63,5.26174118593309e-62,0.202292607493862,"Increasing",TRUE
"EMC7",0.202247691624647,4.15845627558883e-63,5.60600375018557e-62,0.202247691624647,"Increasing",FALSE
"TMEM183A",0.202220955413786,4.31990231254956e-63,5.82001801584763e-62,0.202220955413786,"Increasing",TRUE
"C6orf203",0.202151693494487,4.76777279494713e-63,6.41941246721542e-62,0.202151693494487,"Increasing",FALSE
"ALDH3A2",0.20214954686131,4.78236905998474e-63,6.43505575256975e-62,0.20214954686131,"Increasing",FALSE
"TOMM22",0.202112987714349,5.03790452642535e-63,6.77468057349421e-62,0.202112987714349,"Increasing",TRUE
"SUSD4",0.202095418276107,5.16550356257319e-63,6.94194850666708e-62,0.202095418276107,"Increasing",TRUE
"RASL11B",0.202035028240436,5.62914597313305e-63,7.56033837659448e-62,0.202035028240436,"Increasing",FALSE
"CD46",0.202029226941395,5.67581101000908e-63,7.61827800784449e-62,0.202029226941395,"Increasing",TRUE
"ENPEP",0.201870018882947,7.11837768512012e-63,9.54861215241749e-62,0.201870018882947,"Increasing",FALSE
"FKBP3",0.201737430040146,8.5946053886409e-63,1.1521676330554e-61,0.201737430040146,"Increasing",TRUE
"IWS1",0.20161576662378,1.02158800724088e-62,1.36866192414603e-61,0.20161576662378,"Increasing",FALSE
"CPE",-0.201511769622744,1.18410215660428e-62,1.58540567560214e-61,0.201511769622744,"Decreasing",TRUE
"DPAGT1",0.201469062258855,1.25807816263514e-62,1.68340985105544e-61,0.201469062258855,"Increasing",FALSE
"ATG12",0.201440874433637,1.30940834523636e-62,1.75100955077709e-61,0.201440874433637,"Increasing",FALSE
"GTF2E2",0.201394337801328,1.39875670547995e-62,1.86933410052082e-61,0.201394337801328,"Increasing",TRUE
"GSEC",0.201253888306394,1.70693644077552e-62,2.27978346632626e-61,0.201253888306394,"Increasing",FALSE
"RAB8A",0.201244147518323,1.73066245489146e-62,2.31004420322448e-61,0.201244147518323,"Increasing",TRUE
"LPAR6",-0.201232079286199,1.76051365968489e-62,2.34843828307348e-61,0.201232079286199,"Decreasing",TRUE
"TGFBI",0.20123087596589,1.76351809295814e-62,2.35099481732421e-61,0.20123087596589,"Increasing",TRUE
"ITM2C",0.201216483176579,1.79985218814283e-62,2.39795350097204e-61,0.201216483176579,"Increasing",TRUE
"HEY2",0.201188229853035,1.87335965193369e-62,2.49435009724505e-61,0.201188229853035,"Increasing",TRUE
"FAM207A",0.201156579110338,1.95926328202327e-62,2.60712312343122e-61,0.201156579110338,"Increasing",FALSE
"RPS20",0.201142877328615,1.99765807763859e-62,2.65657791124738e-61,0.201142877328615,"Increasing",TRUE
"POLR2G",0.201042126239675,2.30397111047375e-62,3.06204278581413e-61,0.201042126239675,"Increasing",TRUE
"ZNF444",0.200997927085466,2.45271058995619e-62,3.2577182451723e-61,0.200997927085466,"Increasing",FALSE
"KCNK7",0.200977042306254,2.52628282010311e-62,3.3533766426553e-61,0.200977042306254,"Increasing",FALSE
"PKM",0.200966757175873,2.56331879222386e-62,3.40044930018156e-61,0.200966757175873,"Increasing",TRUE
"OCIAD1",0.200941327170037,2.65722881202805e-62,3.52286592809363e-61,0.200941327170037,"Increasing",TRUE
"DUSP11",0.200930030354436,2.70003865614087e-62,3.57742706065016e-61,0.200930030354436,"Increasing",FALSE
"ISCU",0.2009253641189,2.71792146880688e-62,3.5989143958895e-61,0.2009253641189,"Increasing",TRUE
"RALA",0.200888679924748,2.8626817803731e-62,3.78827637929348e-61,0.200888679924748,"Increasing",TRUE
"PNKD",0.200847102507125,3.03605710747174e-62,4.01525055645436e-61,0.200847102507125,"Increasing",TRUE
"LAMC2",-0.20080557847862,3.2196475001698e-62,4.25544846964338e-61,0.20080557847862,"Decreasing",TRUE
"MPST",0.200766863847025,3.40076368036667e-62,4.49208454356502e-61,0.200766863847025,"Increasing",TRUE
"ZCCHC7",0.200763264700021,3.41810840665109e-62,4.51223718190165e-61,0.200763264700021,"Increasing",FALSE
"BEX2",-0.200758350135417,3.44193470028135e-62,4.54091629261783e-61,0.200758350135417,"Decreasing",TRUE
"ITSN1",0.200709163776153,3.6897010604579e-62,4.86482244762022e-61,0.200709163776153,"Increasing",FALSE
"CHMP4C",0.200669469724549,3.90254520132541e-62,5.14231718296599e-61,0.200669469724549,"Increasing",TRUE
"AKT2",0.200576484198459,4.45025302967002e-62,5.86044899275863e-61,0.200576484198459,"Increasing",FALSE
"MFSD10",0.200572120773022,4.477756823249e-62,5.89307703717484e-61,0.200572120773022,"Increasing",TRUE
"RAB11FIP1",-0.200559504076845,4.5582394543931e-62,5.99534720690413e-61,0.200559504076845,"Decreasing",TRUE
"AHNAK2",0.200525423819096,4.78291573193005e-62,6.28703217560878e-61,0.200525423819096,"Increasing",TRUE
"SURF4",0.200514280164711,4.85874825096511e-62,6.38282976920097e-61,0.200514280164711,"Increasing",FALSE
"RNF113A",0.200379509770708,5.87643099507231e-62,7.71504701114901e-61,0.200379509770708,"Increasing",FALSE
"DUT",0.200373343494184,5.92776521687577e-62,7.77771744606468e-61,0.200373343494184,"Increasing",TRUE
"PEX2",0.200326397381873,6.33352165968657e-62,8.30506086564483e-61,0.200326397381873,"Increasing",FALSE
"TCIM",-0.200325915023078,6.33783115269495e-62,8.30567199573911e-61,0.200325915023078,"Decreasing",TRUE
"SYNM",-0.200238446433719,7.16960566600089e-62,9.3900108146836e-61,0.200238446433719,"Decreasing",TRUE
"RHEX",-0.200090632414608,8.8295893603608e-62,1.15570821367291e-60,0.200090632414608,"Decreasing",TRUE
"MAGED1",0.200065082763871,9.15306777544908e-62,1.1973232120306e-60,0.200065082763871,"Increasing",FALSE
"FAM96A",0.200007435116632,9.92695615428803e-62,1.29777085598406e-60,0.200007435116632,"Increasing",TRUE
