"Gene","Cluster","Centroid_Pearson_Correlation","Silhouette_Width","Rank_Within_Cluster","Peak_Bin","Peak_Z_Score","Trough_Bin","Trough_Z_Score","Early_Mean","Late_Mean","Early_Late_Difference","Overall_Slope","Temporal_Pattern"
"CD74",1,0.973227986338528,0.653190120848313,1,4,2.07884171660789,6,-0.556856982360264,1.94094488529671,-0.497461141206084,-2.4384060265028,-0.119408971722698,"Early_Peaking_Decreasing"
"MTRNR2L8",1,0.954864114522909,0.633264530556644,2,3,2.84128791310651,6,-0.630237768808333,1.84228679174122,-0.496342348272804,-2.33862914001402,-0.109926879980351,"Early_Peaking_Decreasing"
"HLA-DRA",1,0.953537404927125,0.651256783765799,3,4,2.28372496891938,7,-0.548628427895972,1.88391304050517,-0.541564354659722,-2.42547739516489,-0.121627818121917,"Early_Peaking_Decreasing"
"TPM1",1,0.950990322845265,0.625417190964487,4,3,2.67433560592476,8,-0.935512350413945,1.79005514428794,-0.615549528529699,-2.40560467281764,-0.121098931727031,"Early_Peaking_Decreasing"
"MTRNR2L12",1,0.946344085612701,0.642898769446255,5,3,2.27634710633629,8,-0.678384123314894,1.89462035287721,-0.561820134360322,-2.45644048723753,-0.124586588144917,"Early_Peaking_Decreasing"
"IGHA1",1,0.939450121825152,0.637632003776818,6,4,2.78247940057152,6,-0.524359494470416,1.83659452162971,-0.524359494470416,-2.36095401610013,-0.116961190492429,"Early_Peaking_Decreasing"
"CLU",1,0.936305727057413,0.619421865944888,7,2,2.70494527271427,6,-0.665387077653642,1.79394728058224,-0.39099962432646,-2.1849469049087,-0.112036626523898,"Early_Peaking_Decreasing"
"IGLC2",1,0.935414464669153,0.635964274808985,8,4,2.17081464564861,6,-0.595501984533068,1.79577206796232,-0.595501984533068,-2.39127405249539,-0.130547620968299,"Early_Peaking_Decreasing"
"LTF",1,0.93044645719833,0.62051423717551,9,2,3.0230943729906,6,-0.503487871160256,1.75001869001773,-0.499858950882862,-2.24987764090059,-0.117110066567691,"Early_Peaking_Decreasing"
"MT-ND4L",1,0.922276879048047,0.628094383479836,10,3,2.29748663122968,8,-1.03270017888757,1.82937522473887,-0.539069680538546,-2.36844490527742,-0.119323648728574,"Early_Peaking_Decreasing"
"CEBPD",1,0.922162136076083,0.617741994732004,11,2,2.34890527496759,7,-0.708072626227179,1.7984338783239,-0.562976711863636,-2.36141059018754,-0.122865902979052,"Early_Peaking_Decreasing"
"PSMB9",1,0.91867673118409,0.609763652129933,12,4,2.6879178918125,6,-0.614600703481538,1.78760490545849,-0.533738587396013,-2.3213434928545,-0.118206756967994,"Early_Peaking_Decreasing"
"IFI16",1,0.916669730555907,0.611290231491519,13,2,2.46391927046215,6,-0.459941202383066,1.74627827462179,-0.459941202383066,-2.20621947700486,-0.104313828251417,"Early_Peaking_Decreasing"
"MT2A",1,0.913186112294133,0.584747817748963,14,3,2.91040390165803,14,-0.956321446544784,1.67429613724028,-0.146549212714786,-1.82084534995506,-0.0944879785434315,"Early_Peaking_Decreasing"
"HLA-A",1,0.909307695309982,0.578284836426718,15,1,2.39311813029752,6,-1.09599657035838,1.77547194992726,-0.0579802564185522,-1.83345220634582,-0.0952203353670331,"Early_Peaking_Decreasing"
"B2M",1,0.908144527331965,0.557801211711697,16,1,2.1231384581316,6,-1.88405958515789,1.74750316834248,-0.362661695518363,-2.11016486386085,-0.0899290123108512,"Early_Peaking_Decreasing"
"HLA-DPA1",1,0.905274317351769,0.603987622673488,17,4,2.99108043916831,6,-0.461062336061467,1.78260259231755,-0.452807358571744,-2.23540995088929,-0.103065754745224,"Early_Peaking_Decreasing"
"NNMT",1,0.905082287484921,0.595153859937464,18,3,2.81822219893868,6,-0.514421474150664,1.74270696719985,-0.476896398021815,-2.21960336522166,-0.111743834768783,"Early_Peaking_Decreasing"
"HLA-DRB1",1,0.899578780911235,0.600428385570245,19,4,3.02761273219664,6,-0.513626129114965,1.76228901998319,-0.480720391566163,-2.24300941154935,-0.102913821647843,"Early_Peaking_Decreasing"
"IGLC3",1,0.888153087358948,0.60068151134533,20,4,2.31440412034003,6,-0.535063477840503,1.62730115481342,-0.535063477840503,-2.16236463265393,-0.118483238210862,"Early_Peaking_Decreasing"
"BIRC3",1,0.887795923513974,0.587983554913135,21,4,2.98897946503427,6,-0.565805505307539,1.78653830829345,-0.516630131850068,-2.30316844014351,-0.104318896957981,"Early_Peaking_Decreasing"
"MT-ND3",1,0.886100859784522,0.601023463293339,22,3,1.85613139142963,8,-1.84444503607673,1.67620721110602,-0.556101594790197,-2.23230880589622,-0.120544544849873,"Early_Peaking_Decreasing"
"IGHG1",1,0.882741741907728,0.597900720651608,23,4,2.37033432050549,6,-0.544547235089045,1.61417865641078,-0.534217343697062,-2.14839600010784,-0.118962029111668,"Early_Peaking_Decreasing"
"UBC",1,0.876966152746811,0.50015846373827,24,2,1.98717312062616,6,-2.28591495574897,1.58928538127865,-0.150632891004522,-1.73991827228317,-0.0568634914514128,"Early_Peaking_Decreasing"
"LGALS3BP",1,0.87215797649459,0.569297266341335,25,1,2.97950741427708,6,-0.582877436539606,1.79696983541177,-0.499066381351158,-2.29603621676292,-0.116630252539148,"Early_Peaking_Decreasing"
"TIMP1",1,0.869707235797621,0.563761472164139,26,1,2.67420114563948,6,-0.502557755765743,1.76278748311862,-0.433797892285888,-2.19658537540451,-0.112424622501185,"Early_Peaking_Decreasing"
"MT-ND5",1,0.856799176941493,0.572943865582214,27,3,2.08763029805359,8,-1.80081220683607,1.68764928769483,-0.474758114949759,-2.16240740264458,-0.107097231509089,"Early_Peaking_Decreasing"
"MT-ATP6",1,0.850733577558121,0.561897773189233,28,3,1.74745362717985,8,-2.44958133992267,1.55476684368432,-0.472473478866899,-2.02724032255122,-0.101773961345921,"Early_Peaking_Decreasing"
"SAA1",1,0.840226994389419,0.556435304731559,29,3,3.13901914415936,6,-0.513795174653548,1.46814807853172,-0.489908441878071,-1.9580565204098,-0.09717537670566,"Early_Peaking_Decreasing"
"IGKC",1,0.838851153887149,0.568950390446226,30,5,2.22541447162856,6,-0.556635435111521,1.48476140216573,-0.55336574825876,-2.03812715042449,-0.119629584865475,"Early_Peaking_Decreasing"
"TAGLN",1,0.837015324959274,0.562997981058334,31,3,3.16726222407868,8,-0.486145596485497,1.49343305039864,-0.461520432628469,-1.95495348302711,-0.101262258378075,"Early_Peaking_Decreasing"
"A2M",1,0.827435698732389,0.541520550504504,32,3,3.2183230429102,6,-0.400344590596324,1.51565196369182,-0.391283776366385,-1.9069357400582,-0.0903215346558084,"Early_Peaking_Decreasing"
"PMP22",1,0.814158992514248,0.523006868220746,33,1,3.43077823341082,6,-0.47206917761576,1.71408683454347,-0.389955334094083,-2.10404216863755,-0.108375656835654,"Early_Peaking_Decreasing"
"IL32",1,0.805632367145365,0.531385401858568,34,4,3.62976266996614,6,-0.537404321331757,1.61607193083456,-0.461530822061424,-2.07760275289598,-0.0962434480850849,"Early_Peaking_Decreasing"
"MT-CO2",1,0.802308599160844,0.535318532271122,35,4,1.7905947617102,8,-2.5658406003135,1.48014763344142,-0.451826176315044,-1.93197380975646,-0.0997518498868033,"Early_Peaking_Decreasing"
"HLA-DQA1",1,0.78708421974647,0.517648489043684,36,4,3.66836612038072,6,-0.406952071765473,1.55273239146032,-0.404902825938505,-1.95763521739883,-0.0877238932944728,"Early_Peaking_Decreasing"
"RPL36",1,0.780457522602755,0.414456370543364,37,3,1.53763050049297,6,-2.55973198367924,1.23536271691985,-0.208848147405989,-1.44421086432584,-0.0429550602563091,"Early_Peaking_Decreasing"
"ACTA2",1,0.767779636310786,0.503284602875445,38,3,3.63149071773158,6,-0.392969244876539,1.35701672935917,-0.389940148048132,-1.7469568774073,-0.0891210801262882,"Early_Peaking_Decreasing"
"RPS28",1,0.759818574597025,0.388858990109589,39,3,1.69957583963513,6,-2.51860123759063,1.21815144486226,-0.068669798445893,-1.28682124330816,-0.0344541089812313,"Early_Peaking_Decreasing"
"ACTB",1,0.752357764221352,0.403621160993099,40,3,1.79446330543248,6,-2.66292173449353,1.36424395341139,-0.208601987452052,-1.57284594086344,-0.0526706146569459,"Early_Peaking_Decreasing"
"SMIM22",1,0.740889524457606,0.475077352703708,41,1,3.68417384252293,6,-0.487122158566955,1.56939019547402,-0.464238927992425,-2.03362912346644,-0.108143085148018,"Early_Peaking_Decreasing"
"RPL34",1,0.715571559407713,0.376790627578965,42,3,1.43663402214969,6,-2.76374319594998,1.13613507573279,-0.185644328571861,-1.32177940430465,-0.0390953505770229,"Early_Peaking_Decreasing"
"MT-CYB",1,0.707263293147554,0.452402494838143,43,3,1.46355307134901,8,-2.80397553185984,1.31722144156529,-0.319950045665264,-1.63717148723055,-0.0752613469505592,"Early_Peaking_Decreasing"
"MT-CO3",1,0.684657620163083,0.424659788433919,44,2,1.45448857251687,8,-2.70377015120612,1.28409994780645,-0.299090376669938,-1.58319032447638,-0.067829618474451,"Early_Peaking_Decreasing"
"PLAT",1,0.662972033480803,0.418188740365785,45,1,3.7908200745181,5,-0.362505306814868,1.44073257292239,-0.36005974009721,-1.80079231301959,-0.0955484470855984,"Early_Peaking_Decreasing"
"RPL37",1,0.650580231709899,0.311471803166893,46,3,1.40653442524432,6,-3.35452018132039,0.986523963086373,-0.1586520146425,-1.14517597772887,-0.025306550555405,"Early_Peaking_Decreasing"
"RPS15",1,0.649774535618948,0.306102924023014,47,2,1.24524327843722,6,-3.12507001062723,0.97961534894821,-0.227257498952817,-1.20687284790103,-0.0298049342637966,"Early_Peaking_Decreasing"
"TMSB10",1,0.633495633057738,0.351257993843283,48,4,2.12958782702454,6,-2.40360560967744,1.05657259952174,-0.316226556426653,-1.37279915594839,-0.0514203856282211,"Early_Peaking_Decreasing"
"MT-ND4",1,0.621923515706321,0.394430447720393,49,2,1.26701038731226,8,-3.10779325019988,1.12473205035561,-0.189296157813574,-1.31402820816918,-0.0611648919977831,"Early_Peaking_Decreasing"
"MT-CO1",1,0.585142376394311,0.382269733415993,50,2,1.23772203304098,8,-2.9875959763965,1.11081909638737,-0.336830510871775,-1.44764960725914,-0.0641788060838376,"Early_Peaking_Decreasing"
"RPS27",1,0.578322545225388,0.265206597693842,51,3,1.22111333674012,6,-3.54161772112173,0.846972634753898,-0.158796821260726,-1.00576945601462,-0.0222671946880527,"Early_Peaking_Decreasing"
"ACTG1",1,0.528729636859762,0.182835653296657,52,4,1.1428792969523,6,-3.00678190677123,0.739666500119078,-0.472905175188647,-1.21257167530772,-0.0198997109383616,"Early_Peaking_Decreasing"
"MT-ND1",1,0.41596199943839,0.231291534062844,53,7,1.09328975702463,8,-3.12784360917779,0.761751573991644,-0.122928917981905,-0.884680491973549,-0.0330543479445397,"Overall_Decreasing"
"MMADHC",2,0.991123718292752,0.730679024582868,1,20,1.2779624297675,6,-1.37511860501865,-1.06175077210086,1.10875289723842,2.17050366933929,0.149493392740656,"Late_Increasing"
"PRDX2",2,0.988588529806881,0.72119222674023,2,20,1.30482658196006,6,-2.02654775781737,-0.883310055782795,1.12519417015401,2.00850422593681,0.142553877396479,"Late_Increasing"
"ATP5PO",2,0.988495963358668,0.732703550763307,3,20,1.1835121646781,6,-1.80444304720927,-1.06435582515443,0.988522816429535,2.05287864158396,0.14182614985626,"Late_Increasing"
"TMEM147",2,0.985935683774799,0.724118242632995,4,20,1.44864926825383,6,-1.51604448564756,-1.02217659289157,1.22121635858959,2.24339295148116,0.147226893967862,"Late_Increasing"
"PYM1",2,0.984905070189593,0.718751850567248,5,20,1.22149189657767,6,-1.68107617755355,-1.01080016901727,1.05874957494717,2.06954974396444,0.146378877813905,"Late_Increasing"
"PIGP",2,0.984848793145565,0.725759755157842,6,20,1.10122683637494,6,-1.63662411450034,-1.04057504354865,0.934183356085625,1.97475839963428,0.143637203513619,"Late_Increasing"
"KDELR1",2,0.983617407619931,0.719372407906079,7,17,1.1742397026558,6,-1.84430056045395,-1.01720600102496,1.01332080943778,2.03052681046274,0.146345639119773,"Late_Increasing"
"VDAC2",2,0.983167695674556,0.720741041012959,8,20,1.25843861318415,6,-1.81858538573621,-0.996126752468101,0.979933898443755,1.97606065091186,0.139175040202556,"Late_Increasing"
"TMEM167A",2,0.982671999930275,0.726750325580482,9,20,1.4780528200122,5,-1.45398863529386,-1.19019287815969,1.20248810231358,2.39268098047327,0.153607225890157,"Late_Increasing"
"ERH",2,0.982584175290392,0.723478324369629,10,19,1.46688094272375,6,-1.4903769359164,-1.0665886678348,1.17182904081424,2.23841770864904,0.145778494329319,"Late_Increasing"
"PSMD4",2,0.982295510486645,0.712453470392347,11,19,1.22015768881622,6,-2.02741868523419,-0.889622244981195,1.05290689628632,1.94252914126752,0.141558604327279,"Late_Increasing"
"LSR",2,0.982222224978477,0.719829291397525,12,20,1.43487116246886,5,-1.51883133622185,-1.01831537888435,1.15726519694444,2.17558057582879,0.149782581474812,"Late_Increasing"
"ETFB",2,0.98191326163743,0.724517490732241,13,20,1.15553550478078,6,-1.53978195692179,-1.17837370077428,0.962214965208334,2.14058866598262,0.14961965098376,"Late_Increasing"
"TRIR",2,0.981032524964986,0.723704870756369,14,20,1.02640963815396,6,-1.71426416363966,-1.13660781107379,0.895213492996498,2.03182130407028,0.146850645362932,"Late_Increasing"
"MTCH1",2,0.980878370820001,0.716555771977368,15,19,1.28260449011629,6,-1.79400547283861,-1.0422240599657,1.15703312293823,2.19925718290393,0.146186783818523,"Late_Increasing"
"GHITM",2,0.9806821533566,0.710085178948461,16,20,1.56311029080728,6,-1.65119441954347,-0.885886606080659,1.28168551436888,2.16757212044954,0.144603831952634,"Late_Increasing"
"ARL6IP6",2,0.980555487087355,0.720515351198644,17,20,1.68515419179373,6,-1.6201252185766,-1.13434072120666,1.11721615183588,2.25155687304254,0.153192470022342,"Late_Increasing"
"SRP19",2,0.980130211620491,0.718173772114719,18,19,1.30742776918127,5,-1.81975560636645,-1.00936661248721,1.06833704387795,2.07770365636516,0.145817976215467,"Late_Increasing"
"SOD1",2,0.979908908228897,0.725374761923121,19,20,1.27753967500138,5,-1.46674887709148,-1.10545391249412,1.09424084119231,2.19969475368643,0.143983580874598,"Late_Increasing"
"HINT2",2,0.979652589667215,0.720821735519807,20,20,1.59716452725253,6,-1.64417271162923,-1.04915722201539,1.08575433687068,2.13491155888607,0.144299567621721,"Late_Increasing"
"EIF3H",2,0.97930987999575,0.720756648078994,21,19,1.03981435672669,6,-1.82344408935375,-1.13188454986523,0.947892719436856,2.07977726930209,0.145059301524154,"Late_Increasing"
"EXOSC4",2,0.979095113422127,0.709921247251659,22,19,1.53760755070759,6,-1.53662326001829,-0.969111572345575,1.20727376941084,2.17638534175642,0.150211177654303,"Late_Increasing"
"BABAM1",2,0.978385888610738,0.722766434456141,23,20,1.06629693203641,6,-1.66804627665297,-1.12627879721191,0.886190273947575,2.01246907115948,0.146743331389534,"Late_Increasing"
"SRP72",2,0.978217914583519,0.709505272851862,24,19,1.35024926932336,6,-1.68016186887286,-0.900793076440653,1.03000323611193,1.93079631255258,0.143291249585563,"Late_Increasing"
"ATP5F1C",2,0.978192803939768,0.724168867525541,25,19,1.13468887610363,6,-1.84253499019369,-1.13796758902784,0.955741378415289,2.09370896744313,0.14212239306944,"Late_Increasing"
"CBR3",2,0.977231289785019,0.718712847337462,26,20,1.63813236316225,6,-1.42971985288498,-1.20823692699408,1.18481110414819,2.39304803114227,0.154679327777438,"Late_Increasing"
"TMEM14A",2,0.977121121091542,0.713507343315238,27,20,1.50385985886451,6,-1.81842275151058,-0.943819178592451,1.04052029039115,1.9843394689836,0.138494532486561,"Late_Increasing"
"PDCD6",2,0.977108751028309,0.717846604387382,28,19,1.39783551291539,8,-1.31711427392746,-1.13507140810788,1.16044571538824,2.29551712349612,0.150153985172093,"Late_Increasing"
"RAD23A",2,0.97688719445626,0.722281804497367,29,20,1.21322659658376,5,-1.72056683523853,-1.13876451131606,0.906317576689963,2.04508208800603,0.146928962913978,"Late_Increasing"
"MRPL36",2,0.976820626521659,0.717531670802776,30,19,1.47211658282,6,-1.70710117677003,-1.10076214220323,1.17976093110774,2.28052307331097,0.14801379964317,"Late_Increasing"
"COPE",2,0.976803237933757,0.713775216848439,31,20,1.30480924875495,6,-1.65072127420638,-1.00962165831355,1.10680008614401,2.11642174445757,0.149946468236351,"Late_Increasing"
"GRHPR",2,0.976666655877916,0.712693369991778,32,19,1.30256508002303,6,-1.78040957757877,-1.0024084108675,0.973540686617039,1.97594909748454,0.139511930003756,"Late_Increasing"
"TBCB",2,0.976258093580517,0.709129212044294,33,19,1.40809925430424,6,-1.70563223659615,-0.96251118170468,1.12953543466572,2.0920466163704,0.140299956607853,"Late_Increasing"
"OCIAD2",2,0.975766798502501,0.719312556052407,34,19,1.14945207456256,3,-1.59114693206652,-1.08866733389545,0.911721529480597,2.00038886337604,0.144024655954785,"Late_Increasing"
"REXO2",2,0.975724473789174,0.717763016291053,35,19,1.27228908081312,5,-1.71300983587489,-1.10311660077044,1.11565018116306,2.2187667819335,0.15048179705371,"Late_Increasing"
"PSMA5",2,0.975388639983331,0.71640097684527,36,19,1.35549923338408,6,-1.84833239215007,-1.04903136261711,0.938372340198813,1.98740370281592,0.138360749822803,"Late_Increasing"
"ATG101",2,0.975309262785073,0.702643883692769,37,20,1.62144714344972,6,-1.85380816515937,-0.929032537387006,1.28437308035781,2.21340561774482,0.148652314611514,"Late_Increasing"
"SLC9A3R1",2,0.975291311927231,0.722124607869608,38,19,1.14335473755497,5,-1.67433618924107,-1.13493558803748,0.947869150116477,2.08280473815396,0.141516457577328,"Late_Increasing"
"EBPL",2,0.975125441459247,0.700163956954407,39,19,1.42604487590133,6,-1.8663692698482,-0.793010683744137,1.06513678544733,1.85814746919147,0.136567613193269,"Late_Increasing"
"MRPS6",2,0.974652119120544,0.714650924301957,40,19,1.27521907279359,6,-1.6370161965216,-0.979479367720407,1.00121245039871,1.98069181811912,0.135954341302271,"Late_Increasing"
"RAB10",2,0.973952509641989,0.720801223739848,41,19,1.16385973409379,5,-1.67008227989938,-1.17167582424991,0.96719901266599,2.1388748369159,0.142541605103097,"Late_Increasing"
"ACP1",2,0.973267878857718,0.718687319413555,42,17,0.973090939979864,6,-1.76067620915755,-1.22906109746818,0.946043590484078,2.17510468795226,0.145154252087585,"Late_Increasing"
"NDUFB5",2,0.972074247097742,0.722567528873049,43,10,0.950878287489364,6,-1.57532080836865,-1.22957157466775,0.794798067151845,2.02436964181959,0.141523473498512,"Early_Low_Late_Increasing"
"TRAPPC4",2,0.971707384856322,0.717496843695598,44,19,1.30232258045503,5,-1.5434430466844,-1.14745099098758,1.02136631947132,2.1688173104589,0.144915960785758,"Late_Increasing"
"PPA1",2,0.971191148029911,0.708136240344961,45,19,1.38663862277929,4,-1.52970002061674,-1.07217525653192,1.08224634089355,2.15442159742547,0.143116401397472,"Late_Increasing"
"MRPS16",2,0.970591670710434,0.702273631129638,46,20,1.37852561186255,6,-1.98310376047047,-0.883280614086145,0.927382582003907,1.81066319609005,0.136542363222557,"Late_Increasing"
"PSMB5",2,0.970562521488721,0.702905088068556,47,20,1.18685824620031,6,-1.74857129564869,-0.937203781822506,0.943518824817059,1.88072260663957,0.139256841084895,"Late_Increasing"
"ATP5PF",2,0.970426574624775,0.706628107547144,48,20,1.19180092099896,7,-1.74168785708885,-0.922597780320049,1.00940560205676,1.93200338237681,0.135833192135822,"Late_Increasing"
"SEC61B",2,0.970311668447905,0.713774205372867,49,19,1.16382653577343,3,-1.45920444438644,-1.17917296398471,1.06684862798161,2.24602159196631,0.151494686161895,"Late_Increasing"
"NDUFA8",2,0.970199241024851,0.708573945627186,50,20,1.27801424403071,6,-1.85310091434709,-1.0281471433537,0.941762977101998,1.9699101204557,0.135372211575527,"Late_Increasing"
"KRT19",2,0.970127941910441,0.70728643874226,51,19,1.32146591316265,6,-1.61590414291108,-1.10533093187011,1.11266382063628,2.21799475250639,0.143602784102475,"Late_Increasing"
"ATP5PB",2,0.97004919132718,0.713565670302222,52,20,1.18304683019252,6,-1.50292435267833,-1.07114227595788,0.852475620001051,1.92361789595893,0.137594343572701,"Late_Increasing"
"STMP1",2,0.969917118523158,0.70488251155243,53,19,1.12254359819047,6,-1.91356577549497,-1.08421015625494,1.05184979349631,2.13605994975126,0.146543682639283,"Late_Increasing"
"DNAJC19",2,0.9690682382765,0.713468403691575,54,10,1.08358407613525,6,-1.57817486562234,-1.09277877031349,0.797249564728973,1.89002833504246,0.134918373243367,"Early_Low_Late_Increasing"
"SDHB",2,0.968674174321213,0.702935662018466,55,20,1.50821148620789,6,-1.75775482925835,-0.914723865093276,0.99550572690598,1.91022959199926,0.136595904848728,"Late_Increasing"
"C19orf53",2,0.968125620646521,0.698580633792173,56,20,0.957763451992554,6,-1.91868131496454,-0.861860294328421,0.893391186063232,1.75525148039165,0.139847984722925,"Late_Increasing"
"MTX2",2,0.967957159778408,0.699140934322188,57,20,1.68656058197098,6,-1.76049619937538,-0.935952064690041,1.27859549743274,2.21454756212278,0.142894387747711,"Late_Increasing"
"HSF1",2,0.96790918022479,0.693490271734087,58,20,1.37605958332629,6,-1.78994592864849,-0.887812111571565,1.12653635075681,2.01434846232837,0.140540009962011,"Late_Increasing"
"CBR1",2,0.967700938215033,0.707741376081089,59,19,1.36368341424858,6,-1.68889394258552,-1.11918041906416,1.09475463582299,2.21393505488715,0.145633044098086,"Late_Increasing"
"C1orf43",2,0.967677797010842,0.697860767829986,60,20,1.24720495043408,6,-1.9554718870773,-0.815418238197015,0.945586092866196,1.76100433106321,0.132687032407721,"Late_Increasing"
"EPCAM",2,0.967604576737263,0.713326307071804,61,10,1.13911067988457,3,-1.68089952336816,-1.17787868421608,0.882856759402619,2.0607354436187,0.140963920198075,"Early_Low_Late_Increasing"
"EIF2D",2,0.967538729958769,0.706362550107495,62,10,1.05019664127253,6,-1.61431476391721,-1.0902196775413,0.853692042497663,1.94391172003897,0.13861485436469,"Early_Low_Late_Increasing"
"ELOF1",2,0.967501476422663,0.705409217534378,63,19,1.59516934039408,3,-1.39038386453019,-1.11767348989922,1.27378448055758,2.3914579704568,0.14931716074032,"Late_Increasing"
"SSB",2,0.967130177354432,0.71085988933295,64,19,1.41456621430663,3,-1.33487321931388,-1.13702514439269,0.966911698494412,2.1039368428871,0.142958754666365,"Late_Increasing"
"AP2M1",2,0.967017676025692,0.711438100091041,65,10,1.07037265041127,6,-1.99428990763484,-1.13147406232649,0.874009703576273,2.00548376590276,0.137617018384144,"Early_Low_Late_Increasing"
"NUDT5",2,0.96667633722838,0.717571420141423,66,20,1.27106069487367,6,-1.45391945007457,-1.28980725313126,1.00436000016303,2.29416725329429,0.147421258697428,"Late_Increasing"
"FKBP8",2,0.966675647574228,0.685531645640735,67,20,1.32983905538028,6,-2.07277347503464,-0.702761769413031,1.13216706051463,1.83492882992766,0.138947350985832,"Late_Increasing"
"RAD23B",2,0.966403440225359,0.696263946508118,68,19,1.56212493811986,6,-1.43914787550773,-0.905389150484518,1.13640878557532,2.04179793605984,0.139899183479227,"Late_Increasing"
"ABRACL",2,0.966022237224696,0.715540846262631,69,19,1.27098239044611,3,-1.68508786951993,-1.25939849733914,1.06587320689278,2.32527170423191,0.149880618118662,"Late_Increasing"
"GADD45GIP1",2,0.965787459609157,0.700132055525041,70,19,1.09254241282967,6,-2.30461368462656,-0.921982680021757,0.881305375416522,1.80328805543828,0.135524672937726,"Late_Increasing"
"MAF1",2,0.965708475480822,0.695362535011257,71,20,1.46849175899848,7,-1.45465078304024,-0.904209396649537,1.12922045365768,2.03342985030722,0.138445313000683,"Late_Increasing"
"SDHC",2,0.965594950491456,0.713620735287137,72,20,1.1699687622205,3,-1.72105166426247,-1.2476042277775,0.952640070552513,2.20024429833001,0.14721627675216,"Late_Increasing"
"GPAA1",2,0.965507343110621,0.697668092701541,73,20,1.56203631093743,8,-1.35306822543599,-1.02827508457393,1.16853625095354,2.19681133552746,0.151679772296729,"Late_Increasing"
"TSFM",2,0.965356569962615,0.701846913590124,74,20,1.27760351860444,6,-1.47926138784555,-1.01412312938777,0.859956956563045,1.87408008595082,0.139958722741925,"Late_Increasing"
"SSR3",2,0.965261025669032,0.685648223424509,75,17,1.20459878153374,6,-2.01113873713343,-0.799830628881071,1.02228513935233,1.82211576823341,0.142614613989898,"Late_Increasing"
"FIBP",2,0.965099722707417,0.692404300094672,76,20,1.50071480594658,6,-1.73690162578006,-0.836453045747514,1.06131000655604,1.89776305230356,0.131619528513058,"Late_Increasing"
"NDUFB3",2,0.965020859865258,0.704841556208191,77,20,1.17840734089504,6,-1.86744475447449,-1.01385858651741,0.837292680354592,1.851151266872,0.134218072417785,"Late_Increasing"
"COMT",2,0.964630799225451,0.707324765546156,78,10,1.13093527806949,5,-1.5622979734307,-1.08049173530535,0.778520695326601,1.85901243063195,0.133854362475644,"Early_Low_Late_Increasing"
"KIN",2,0.9644678433399,0.700572439685275,79,19,1.49887120467587,5,-1.66134371907767,-1.0869803569252,1.1622009979114,2.2491813548366,0.147688610679658,"Late_Increasing"
"PSMC4",2,0.964269684588063,0.709031381477844,80,19,1.56445823527336,3,-1.49888834732609,-1.20982759340816,1.21759252382826,2.42742011723642,0.150866135006172,"Late_Increasing"
"ATRAID",2,0.963895948622671,0.691165083521414,81,17,1.24152176187086,5,-1.74480265647638,-0.848177321522825,1.06407457370548,1.91225189522831,0.136389487838305,"Late_Increasing"
"DNAJB11",2,0.963734222249265,0.695985601600143,82,20,1.43224301617633,6,-1.8159397230881,-1.02234874111179,1.16362904241678,2.18597778352856,0.144649320165767,"Late_Increasing"
"TECR",2,0.963559976277515,0.699607238003048,83,17,1.18640627590913,5,-1.97146355010412,-1.04421160822281,1.09850970427729,2.1427213125001,0.150382748400594,"Late_Increasing"
"DYNLT1",2,0.963237709628235,0.708354042054992,84,10,1.09579319230734,3,-1.51790357837847,-1.0823848232131,0.945691252229038,2.02807607544214,0.13539550405796,"Early_Low_Late_Increasing"
"CUTA",2,0.962754106743741,0.698903583579536,85,17,1.04374702762412,6,-1.75355813850147,-1.00614044356439,0.92547492662943,1.93161537019382,0.140035640171373,"Late_Increasing"
"PFDN4",2,0.962744604264464,0.701629261068141,86,19,1.26951139741778,5,-1.50173136568725,-1.12073762351217,0.910791826413302,2.03152944992548,0.144012000330481,"Late_Increasing"
"HSPB11",2,0.962589778438039,0.699106250610398,87,10,1.2575219752085,6,-1.79875884378872,-0.981302493171445,0.868389139264829,1.84969163243627,0.13658018828245,"Early_Low_Late_Increasing"
"CBX5",2,0.96235736440966,0.705377747571669,88,20,1.28425851243598,5,-1.46225017984699,-1.12072193443922,0.841751337191697,1.96247327163092,0.13954889415697,"Late_Increasing"
"PSMB1",2,0.961944785270182,0.701459336628738,89,19,1.53154859211609,7,-1.519543465142,-1.02593187213582,1.15009246019966,2.17602433233548,0.140945258889561,"Late_Increasing"
"RER1",2,0.961618904720186,0.688473590948547,90,20,1.38139112916002,7,-1.81927844287084,-0.827866425376282,1.22819476789381,2.05606119327009,0.140053974292037,"Late_Increasing"
"CSNK2B",2,0.961251160714518,0.686831107010606,91,20,1.09497989498107,6,-1.98324935796548,-0.788569708057103,0.871524340694992,1.66009404875209,0.130931723176704,"Late_Increasing"
"MRPS14",2,0.961234379330924,0.697652760578971,92,19,1.16248074692941,6,-2.0212988452947,-1.10785894072872,0.941315358256842,2.04917429898556,0.146495773872285,"Late_Increasing"
"MRPS33",2,0.960959780745222,0.681905852914083,93,20,1.11480488768071,6,-2.10464662713052,-0.730718133882864,0.894971615977295,1.62568974986016,0.129852952787482,"Late_Increasing"
"PPIC",2,0.960942510301357,0.690559814888334,94,20,1.59549477424929,6,-1.68709830734588,-0.961155650780372,1.34871759673536,2.30987324751573,0.149732205567462,"Late_Increasing"
"MAP3K13",2,0.960718660772863,0.691956612203714,95,10,1.0384053730499,6,-1.79522378938444,-0.913598812577286,0.769801174479005,1.68339998705629,0.130639389470151,"Early_Low_Late_Increasing"
"NOP10",2,0.960248961550848,0.689544283776438,96,18,0.941764596008058,7,-1.80060073926355,-0.814920491745788,0.88201248350084,1.69693297524663,0.129141107973633,"Late_Increasing"
"RPN2",2,0.959935939145077,0.681850261160471,97,20,1.5788650888814,6,-1.76832423878197,-0.757110127503271,1.28953853125589,2.04664865875916,0.141486096598914,"Late_Increasing"
"HADHB",2,0.959428584049821,0.682212360628902,98,19,1.32175505740703,6,-1.94732527164973,-0.81157282447126,1.03413469824251,1.84570752271377,0.130607419891422,"Late_Increasing"
"YEATS4",2,0.959379585486041,0.692701894608423,99,20,1.27271156366024,6,-1.66583965962353,-0.99007322484676,0.863888204108799,1.85396142895556,0.140289737486665,"Late_Increasing"
"PARL",2,0.959242489987483,0.695385173710032,100,10,1.17980882105443,6,-1.60738772928801,-1.00005548050771,0.810883480940524,1.81093896144823,0.130523322198552,"Early_Low_Late_Increasing"
"PIH1D1",2,0.959166182939685,0.707477259201228,101,20,1.21385396034765,5,-1.54789912590954,-1.19883811259719,0.972775419191205,2.1716135317884,0.142998171278755,"Late_Increasing"
"NDUFB7",2,0.959135203997158,0.6895538931235,102,19,1.13217193402462,7,-1.73709695228335,-0.858499003903033,0.925257623400258,1.78375662730329,0.136051607121353,"Late_Increasing"
"TFG",2,0.958871611958795,0.704408731474618,103,16,1.19627159080299,5,-1.58216098250409,-1.24166975541707,0.885082281410005,2.12675203682707,0.146978380606572,"Late_Increasing"
"SFT2D1",2,0.958795652055343,0.678082495066888,104,19,1.2662580305268,6,-1.90500478841491,-0.724513813083357,1.09029925577499,1.81481306885835,0.128671788490598,"Late_Increasing"
"CCT4",2,0.95873045363156,0.698381928129857,105,10,1.41009243322276,6,-1.83323509975371,-0.987470102927649,0.824279373783567,1.81174947671122,0.127968726895764,"Early_Low_Late_Increasing"
"SF3B5",2,0.958336929593015,0.684255490796421,106,19,1.59433914441509,6,-2.16047053905626,-0.824305854353313,1.20715976134305,2.03146561569636,0.136630216919968,"Late_Increasing"
"ANP32B",2,0.958315219579547,0.695961858542626,107,20,1.25686717015359,6,-1.79876941886619,-1.06412428766505,0.901275209446346,1.96539949711139,0.139193150102035,"Late_Increasing"
"TMEM14B",2,0.958309481323132,0.694329388699394,108,19,0.996625633645462,6,-1.92860808919599,-0.977077138865734,0.808313876603503,1.78539101546924,0.134771958646439,"Late_Increasing"
"OST4",2,0.958146095863966,0.689702049634953,109,17,0.989767373608061,6,-2.06119744235771,-0.954301724334284,0.861625724383606,1.81592744871789,0.134099303238597,"Late_Increasing"
"TMEM134",2,0.958113664248982,0.673559794975203,110,17,1.46174708189731,6,-1.82625145034367,-0.721834192398472,1.30031639841017,2.02215059080864,0.143024698052774,"Late_Increasing"
"CYC1",2,0.957963597067434,0.710736713785972,111,20,1.43006770351958,3,-1.59932122077579,-1.3533884651444,0.975297931468608,2.32868639661301,0.148799192556798,"Late_Increasing"
"ASNA1",2,0.957426163867202,0.679056764475511,112,20,1.53766869695765,6,-1.64494982708633,-0.737253506366811,1.17167569683057,1.90892920319738,0.133589616283503,"Late_Increasing"
"ADI1",2,0.957291108610396,0.691177010777905,113,19,1.62834630602039,7,-1.41861578527423,-0.9923087997053,1.29132982287182,2.28363862257712,0.145199004870865,"Late_Increasing"
"TSTA3",2,0.957200190138314,0.688365377781578,114,19,1.64962670544481,6,-1.59750917833895,-1.0192359248447,1.3638717543204,2.3831076791651,0.144999971641344,"Late_Increasing"
"VPS72",2,0.957144001688506,0.705576504062235,115,19,1.25649408838568,5,-1.69318879677776,-1.21713143521294,0.869635462767907,2.08676689798084,0.143748441236832,"Late_Increasing"
"PSMA3",2,0.957054041593159,0.688641813632585,116,19,1.68600884735297,6,-1.73064253642077,-0.90437134342097,0.986245289780421,1.89061663320139,0.136127881708558,"Late_Increasing"
"CCT2",2,0.956728529229259,0.687473402111582,117,19,1.55138301289241,6,-1.84452777121062,-0.92566098922821,0.930925787107675,1.85658677633588,0.132804039783432,"Late_Increasing"
"TCP1",2,0.956485996894198,0.69502100666348,118,20,1.39485269071591,6,-1.91696997893876,-1.09901613430374,1.022165064522,2.12118119882575,0.141142580521098,"Late_Increasing"
"HMGA1",2,0.956481785557361,0.695370196922125,119,19,1.01443333033795,6,-1.67232009841181,-1.08598075575872,0.818065666583989,1.9040464223427,0.138888442164443,"Late_Increasing"
"MRPL9",2,0.956437988137082,0.700864212875266,120,20,1.28596460216475,5,-1.37050838201165,-1.13273236055163,0.866233692824598,1.99896605337623,0.136958254547223,"Late_Increasing"
"IDH2",2,0.955965063382552,0.695858818287572,121,16,1.10935457704847,6,-1.65137000553728,-1.15581351539502,0.803782468930262,1.95959598432529,0.146911211908641,"Late_Increasing"
"HDAC2",2,0.955894897383967,0.699949532183835,122,19,1.26603545031108,6,-1.58840747731841,-1.12885537692552,0.855524427768731,1.98437980469425,0.138787641180578,"Late_Increasing"
"ATP5F1B",2,0.955549740309065,0.705218139763356,123,20,1.28618138837144,5,-1.47654719562471,-1.24822759575069,0.86012439707799,2.10835199282868,0.140969151279382,"Late_Increasing"
"UQCRFS1",2,0.955369882814365,0.686945459633437,124,20,1.17041528066727,6,-2.04645172146485,-0.848820144998435,0.768956323732687,1.61777646873112,0.129439963973017,"Late_Increasing"
"LSM10",2,0.95527987939963,0.685909272831582,125,19,1.59367628484697,6,-1.58287823960683,-0.909421480399721,1.17919881792801,2.08862029832773,0.135292612363978,"Late_Increasing"
"ILF2",2,0.955021978403673,0.689420655869957,126,19,1.32535438367745,6,-1.93086777076308,-1.04058716800759,0.988419605862121,2.02900677386971,0.142128286273529,"Late_Increasing"
"CDC123",2,0.954828525210042,0.700539016645491,127,19,1.48737404250827,6,-1.63326369825701,-1.14948579155901,0.989751929499498,2.13923772105851,0.137805249868701,"Late_Increasing"
"AHSA1",2,0.954813112347098,0.687026241673721,128,19,1.7765632943652,6,-1.81188289246562,-0.987342261489254,1.22641075333871,2.21375301482796,0.142125877166392,"Late_Increasing"
"SSR2",2,0.954601941942911,0.679525329995847,129,17,1.3698020548438,6,-1.66518005191629,-0.866650567113285,1.08092336199901,1.94757392911229,0.147718980307983,"Late_Increasing"
"STX10",2,0.954562135141838,0.699470773819987,130,19,1.46078716443481,5,-1.48909585037074,-1.20422015584065,1.18550169016741,2.38972184600805,0.152680059085401,"Late_Increasing"
"PTRHD1",2,0.954456250320305,0.677463266475627,131,12,1.14368586683016,6,-1.75378890872103,-0.819200852406948,0.887008068135128,1.70620892054208,0.130194850152885,"Early_Low_Late_Increasing"
"COMMD3",2,0.954223181505747,0.684480352711463,132,19,1.01477231627248,4,-1.5278998013874,-0.959005532109536,0.8516406893506,1.81064622146014,0.136374628214694,"Late_Increasing"
"HMGN1",2,0.953730454914346,0.693066369484072,133,19,1.12795215079752,6,-2.33180855746176,-1.06542939530492,0.881843276685123,1.94727267199005,0.133746356794657,"Late_Increasing"
"RPL22L1",2,0.953511991049045,0.684631392084074,134,11,1.10409700526744,6,-1.58161649355491,-0.981844834975847,0.771031390128011,1.75287622510386,0.134603822833561,"Early_Low_Late_Increasing"
"NDUFB9",2,0.9535007665841,0.687041708995353,135,19,1.48618167139505,6,-2.14930314625388,-0.954925749633351,1.09768838791176,2.05261413754511,0.13882746090257,"Late_Increasing"
"ERP44",2,0.953472452237501,0.671404296939115,136,17,1.29706271092236,6,-1.8884396856274,-0.799045608390452,1.12406373423205,1.9231093426225,0.141934490227373,"Late_Increasing"
"BRK1",2,0.952965815620668,0.692850913060548,137,10,0.923560991722363,6,-2.10133666196397,-1.0050576963393,0.717750260127434,1.72280795646674,0.129835436600284,"Early_Low_Late_Increasing"
"RAB1A",2,0.95291787559653,0.675044266087904,138,19,1.28919448106265,6,-1.9458525982346,-0.741679463621025,1.13902053809817,1.88070000171919,0.134939676898327,"Late_Increasing"
"SMAGP",2,0.952669216890862,0.698929585033345,139,20,1.0908475942021,5,-1.40134888034639,-1.2640544015939,0.820954342809195,2.08500874440309,0.147481332214618,"Late_Increasing"
"DPY30",2,0.95265875636069,0.685578150439326,140,10,1.10637282474286,7,-1.76748737829686,-0.913147296139479,0.903855752451971,1.81700304859145,0.131022486526567,"Overall_Increasing"
"CFAP298",2,0.952644154499159,0.684359812729384,141,19,1.57526613275549,8,-1.54351060803825,-0.982490843098052,1.06743920915158,2.04993005224963,0.137628695207383,"Late_Increasing"
"PCMT1",2,0.952619323498116,0.682904971873039,142,20,1.46256868139591,6,-1.83396227107879,-0.899655968377577,1.16041758759735,2.06007355597493,0.13790469016199,"Late_Increasing"
"PSMB2",2,0.952095319841624,0.697115506861742,143,19,1.31893518397039,3,-1.43538893693756,-1.16793153360228,0.95315998356748,2.12109151716976,0.140141461319292,"Late_Increasing"
"TCTEX1D2",2,0.95206693781411,0.704916454758618,144,10,1.22449268168926,6,-1.50426647819373,-1.29418719124271,0.742634827898627,2.03682201914133,0.139649892912178,"Early_Low_Late_Increasing"
"SLC25A5",2,0.951955800451932,0.697987889740245,145,20,1.13377956524681,6,-1.74872190800617,-1.14817172168324,0.697776054388595,1.84594777607183,0.13382929802845,"Late_Increasing"
"CRIPT",2,0.951743779967566,0.667018490476099,146,20,1.51394737157926,6,-1.90059886018214,-0.765680781938593,1.40962366658587,2.17530444852446,0.143391102901347,"Late_Increasing"
"SELENOF",2,0.951634509239584,0.666465297211317,147,19,1.24026519661267,6,-2.31002383468926,-0.604468471886628,1.02058462689813,1.62505309878476,0.126672521074638,"Late_Increasing"
"TSPO",2,0.951601032756957,0.669828841749909,148,19,1.15357718987791,6,-2.30839810190472,-0.737109362411267,1.03343006944445,1.77053943185571,0.130631511607296,"Late_Increasing"
"MRPL34",2,0.951583171707257,0.673607951308774,149,20,1.58778969556181,6,-1.71859085886627,-0.847156824273844,1.0560127375402,1.90316956181404,0.144603482541304,"Late_Increasing"
"DGUOK",2,0.951549866655044,0.679412015383929,150,19,1.38134349916049,7,-1.6832624089437,-0.950518538634705,1.24093303761553,2.19145157625024,0.146046725556686,"Late_Increasing"
"SEC13",2,0.951294797356628,0.695251554387805,151,19,1.28349458420944,7,-1.56633102603255,-1.20257406107569,1.12629526694015,2.32886932801584,0.150365090366018,"Late_Increasing"
"SHKBP1",2,0.95108742825953,0.696071623680678,152,10,1.50945617650292,6,-1.50025374879007,-1.10276216375911,0.864893309833672,1.96765547359279,0.129237627950645,"Early_Low_Late_Increasing"
"EXOSC3",2,0.951059320735062,0.691309446578665,153,11,1.28237729654807,6,-1.59964907283259,-1.09657695467942,0.82678419063521,1.92336114531463,0.136347231016439,"Early_Low_Late_Increasing"
"UROD",2,0.950888619446302,0.688510743349012,154,20,1.3812036610018,5,-1.58826691647303,-1.05111418792407,1.2181857087675,2.26929989669157,0.140561455425775,"Late_Increasing"
"PSIP1",2,0.950443064255518,0.693436251855329,155,11,1.34199576611802,6,-1.75683082645942,-1.1690399908932,0.823996038912156,1.99303602980536,0.140824946696247,"Early_Low_Late_Increasing"
"ARL1",2,0.950318042524359,0.680701479394489,156,17,1.62840713453891,7,-1.50744581638731,-0.965231106718241,1.32433148041623,2.28956258713447,0.151102911441501,"Late_Increasing"
"SF3B6",2,0.950157610336695,0.700180991924983,157,10,1.05646165834684,6,-1.48880190242671,-1.2298564559475,0.794966928222868,2.02482338417037,0.138142394181683,"Early_Low_Late_Increasing"
"CDK4",2,0.949855433285527,0.699067022830909,158,10,1.16167618448641,5,-1.38142679545531,-1.25443623466278,0.762879528080477,2.01731576274326,0.141577249928264,"Early_Low_Late_Increasing"
"NDUFS2",2,0.949849514955061,0.680031439404581,159,19,1.55289111027205,6,-2.10905451144501,-0.943999023667719,0.973442598426034,1.91744162209375,0.138862397465806,"Late_Increasing"
"PSMB4",2,0.949619140946541,0.688860764415843,160,20,1.04116089768695,7,-1.66711014421314,-1.03083097751898,0.792679986951369,1.82351096447034,0.139194565341348,"Late_Increasing"
"ALDH16A1",2,0.949211692764984,0.684813368998446,161,19,1.3778971466,6,-1.61982054816422,-1.16177527838413,1.15775805127213,2.31953332965626,0.155127838199038,"Late_Increasing"
"PLLP",2,0.948456605617463,0.684458556804169,162,18,1.66186381617586,6,-1.42888684650026,-1.18850735503967,1.06155470486249,2.25006205990216,0.149202017879719,"Late_Increasing"
"ATP6V1G1",2,0.948345182131396,0.665938850879677,163,19,0.940314092373467,6,-2.13396197088546,-0.670681437332214,0.841582877923926,1.51226431525614,0.122946572378788,"Late_Increasing"
"YBEY",2,0.947930430637223,0.682929631734393,164,19,1.49509552446573,8,-1.47505432852778,-1.15593817788386,1.11070236209774,2.2666405399816,0.150010477874751,"Late_Increasing"
"COX14",2,0.947757840416507,0.673257690507107,165,20,1.01509699342036,7,-1.72880421850316,-0.805072923195404,0.812392806167398,1.6174657293628,0.130907489380716,"Late_Increasing"
"CLIC1",2,0.947484713422999,0.675487795378979,166,20,1.06403367423109,6,-2.12209667263008,-0.795452636510592,0.895486665558945,1.69093930206954,0.12812715508455,"Late_Increasing"
"LAMTOR5",2,0.947328637949998,0.670818889195093,167,20,0.960304514607253,7,-1.6714072482102,-0.822917004367119,0.924686955186139,1.74760395955326,0.129843781085031,"Late_Increasing"
"UCHL3",2,0.946946616708743,0.679443106100249,168,19,1.72715566807296,6,-1.68616963669017,-0.972799426765564,1.33321575058248,2.30601517734804,0.142582485295985,"Late_Increasing"
"MPZL2",2,0.946769806167207,0.678793428547349,169,17,1.80970087426791,5,-1.61587218181073,-1.0140932797271,1.38550792023528,2.39960119996237,0.15113658863,"Late_Increasing"
"MGST3",2,0.946024415842955,0.665631856821474,170,18,0.929600262158599,6,-2.52989628715777,-0.772322067820156,0.821931092050001,1.59425315987016,0.131937823191182,"Late_Increasing"
"ACTR1B",2,0.945697539949889,0.665239064976012,171,20,2.0408115632579,6,-1.49952347951933,-0.839060488467124,1.38756413849685,2.22662462696397,0.148487258657146,"Late_Increasing"
"FBL",2,0.945594796657581,0.677736720717442,172,10,1.01823406251806,6,-1.83228776434829,-0.977523977883912,0.681184061982496,1.65870803986641,0.130181894940546,"Early_Low_Late_Increasing"
"PAK4",2,0.945341829084141,0.692029939537663,173,19,1.13943395397936,3,-1.78979619560798,-1.24767629347654,0.904182751090469,2.15185904456701,0.145418625731846,"Late_Increasing"
"SYNCRIP",2,0.945267579113194,0.674502740377098,174,19,1.54411243909865,6,-1.60569055782196,-0.875751908472454,1.00696708935191,1.88271899782436,0.130379893918845,"Late_Increasing"
"DDAH2",2,0.945037664949273,0.667547605931314,175,19,0.937221157792936,6,-1.91829121375865,-0.846039279193497,0.817702618155587,1.66374189734908,0.128953968606291,"Late_Increasing"
"PCBD1",2,0.945011466449302,0.668257880504188,176,19,1.07059445395847,8,-1.76866928973446,-0.845676890360821,0.981154790072985,1.82683168043381,0.132793607923504,"Late_Increasing"
"PUF60",2,0.944819045505388,0.656854313463752,177,19,1.63548216933375,6,-2.06605602706996,-0.708056548450755,1.07785836909281,1.78591491754356,0.132827327229335,"Late_Increasing"
"CHCHD1",2,0.944804005068457,0.679883593276264,178,19,1.35847172674695,6,-1.94815745854055,-0.928957897068036,0.885889508847765,1.8148474059158,0.123215751698907,"Late_Increasing"
"FKBP10",2,0.944614319983796,0.674028957395487,179,17,1.64397786854127,6,-1.43101086158535,-1.01130739986459,1.29532511988986,2.30663251975446,0.15253740855359,"Late_Increasing"
"MRPL3",2,0.944601160605535,0.671390258830102,180,19,1.36889814047079,6,-1.77424767228903,-0.851370471435693,0.919222486200285,1.77059295763598,0.124556895360417,"Late_Increasing"
"ATP5MC3",2,0.944294825114886,0.681164988415725,181,20,1.26989983054432,6,-1.87813363205254,-1.05881258091399,0.958021496736962,2.01683407765095,0.139769541460645,"Late_Increasing"
"CFL1",2,0.944281382395457,0.681964265986137,182,10,1.15005983982094,6,-1.94633489650419,-0.914617010576377,0.804079621276579,1.71869663185296,0.125071067015558,"Early_Low_Late_Increasing"
"SAP18",2,0.943968770820424,0.664832768338693,183,20,1.04717005448922,5,-1.7644948462318,-0.74635212111495,0.889635962750808,1.63598808386576,0.124883541441574,"Late_Increasing"
"MEAF6",2,0.943833800300901,0.672981629984403,184,19,1.15397048924988,6,-2.04597534523678,-0.809872641315411,0.863888223485031,1.67376086480044,0.122559654782449,"Late_Increasing"
"MRPL58",2,0.943179698690663,0.690977870417284,185,19,1.24431791308393,6,-1.60638887835445,-1.12442487573065,0.827781988361081,1.95220686409173,0.131927221578321,"Late_Increasing"
"OAT",2,0.943080911827425,0.655469209512698,186,19,1.51970187490678,6,-1.98269682419451,-0.687497940730097,1.14923700322529,1.83673494395539,0.131112977604209,"Late_Increasing"
"CCT8",2,0.943067975491144,0.694658617958225,187,10,1.26513134579486,3,-1.46375442234964,-1.23327337438335,0.78306502779138,2.01633840217473,0.135057778714771,"Early_Low_Late_Increasing"
"MAGEF1",2,0.942760338155423,0.665026943217906,188,20,1.15472006006844,6,-1.81438614078797,-0.896919520651155,0.877380152043889,1.77429967269504,0.135600782147361,"Late_Increasing"
"EFNA4",2,0.942597171199389,0.675951752718625,189,11,1.03372032027259,6,-1.6116490201681,-1.00990058460577,0.739976970788123,1.74987755539389,0.129758560110057,"Early_Low_Late_Increasing"
"MED10",2,0.942553859035086,0.682096968554463,190,19,1.34848935241342,5,-1.52334887604713,-1.11128016540828,1.16338736506412,2.27466753047239,0.147754598597632,"Late_Increasing"
"FARSA",2,0.942476047157182,0.669479396891456,191,19,1.88467883589544,6,-1.61551147920027,-0.883138080991688,1.180794101083,2.06393218207469,0.139631853339253,"Late_Increasing"
"SPINT2",2,0.942435185184,0.661822923006901,192,17,1.26512205208303,6,-1.94962700350528,-0.705198049908845,1.04283926292434,1.74803731283318,0.130304184093788,"Late_Increasing"
"PSENEN",2,0.942419134286561,0.670078634061277,193,19,1.16782323625397,5,-1.80351535839597,-0.868866915531986,1.02628941079042,1.8951563263224,0.130964802163863,"Late_Increasing"
"ISOC2",2,0.942143810321604,0.691546812803394,194,13,1.03184383150926,6,-1.70231469755529,-1.24363867680547,0.665274134593164,1.90891281139863,0.138528558580302,"Early_Low_Late_Increasing"
"LINC00623",2,0.942139653143392,0.671475386400543,195,19,1.58035837041642,5,-1.46472451964644,-0.925351838886865,1.32147296343948,2.24682480232635,0.142189474004358,"Late_Increasing"
"FXYD6",2,0.94151080894915,0.671987836507416,196,20,1.40477821417323,6,-1.4516595301035,-1.08106025361062,0.962409698945837,2.04346995255646,0.142053110850773,"Late_Increasing"
"NCBP2-AS2",2,0.940936565299979,0.694545564860616,197,10,1.36486075919145,2,-1.4678023170866,-1.29813465817218,0.797114306850817,2.095248965023,0.136944640381631,"Early_Low_Late_Increasing"
"MRPL14",2,0.940834565948052,0.665241804241729,198,20,1.16523546536082,8,-1.63992342173651,-0.941416313418244,0.971339133403029,1.91275544682127,0.137671188284382,"Late_Increasing"
"SERP1",2,0.940673625300308,0.680660386976166,199,17,1.24788356034972,6,-1.96930184922614,-1.11606647274468,0.863109902927318,1.979176375672,0.139162284433244,"Late_Increasing"
"SRSF9",2,0.940358750804142,0.659670982278806,200,20,1.15358690005136,7,-1.97373793939637,-0.734430635219956,0.939875274028665,1.67430590924862,0.126080924685038,"Late_Increasing"
"SLC3A2",2,0.940263421586753,0.658307493387691,201,19,1.61923057443465,6,-2.0040000431925,-0.807042081467537,1.11134372582101,1.91838580728855,0.135336282464895,"Late_Increasing"
"PPP2R1A",2,0.940130441806256,0.682247909839199,202,11,1.10880141827714,5,-1.69878045649937,-1.08943320183317,0.583916129586626,1.6733493314198,0.132160004357215,"Early_Low_Late_Increasing"
"CISD1",2,0.940118674355729,0.677693722290854,203,20,1.81231127866483,7,-1.32967742565823,-1.12812849035068,1.20633563748264,2.33446412783332,0.145324057022386,"Late_Increasing"
"EI24",2,0.940089499723511,0.65130839979471,204,20,1.67329952545437,8,-1.52316033948691,-0.644781367360694,1.26151430608564,1.90629567344634,0.13555546219549,"Late_Increasing"
"MLF2",2,0.939751148881315,0.652453392616157,205,20,1.1227177613713,6,-1.86109321441615,-0.6785630831324,0.986406171476557,1.66496925460896,0.12676100938423,"Late_Increasing"
"ARPC3",2,0.939571240356336,0.654103805666861,206,20,0.965899181702614,6,-2.18608373664427,-0.607676133706863,0.853645668181708,1.46132180188857,0.119959584936806,"Late_Increasing"
"LAMTOR2",2,0.939547725911058,0.679262090349024,207,19,1.00522683374003,3,-1.76749398374887,-1.00367666996187,0.888026142308951,1.89170281227082,0.134852425110132,"Late_Increasing"
"MARCKSL1",2,0.939483487713419,0.677634413110719,208,9,1.04285826714624,6,-1.74488807610833,-1.05763800804344,0.737216833352629,1.79485484139607,0.12542791959051,"Early_Low_Late_Increasing"
"EIF4G1",2,0.939310499720429,0.678272849770983,209,10,1.16021459095322,6,-1.97117111956415,-1.13932455704639,0.81481335908729,1.95413791613368,0.134819825085277,"Early_Low_Late_Increasing"
"TSEN34",2,0.939197926725026,0.69274896957036,210,10,0.978338137405686,6,-1.46657222864084,-1.37751265013566,0.683761984273954,2.06127463440961,0.142414116037993,"Early_Low_Late_Increasing"
"TFAM",2,0.939018657600319,0.671782832774167,211,20,1.27049339864254,7,-1.84700167570499,-0.998052558054103,0.921626623703094,1.9196791817572,0.141058041627335,"Late_Increasing"
"ERG28",2,0.938549401000351,0.66530968782017,212,20,1.81296379093341,6,-1.76560992993789,-0.863012451748362,1.22776111763152,2.09077356937988,0.131987321412263,"Late_Increasing"
"DHPS",2,0.938539565578348,0.680977138352753,213,16,1.01991100410503,5,-1.70830955828721,-1.14417056827298,0.67994624541267,1.82411681368565,0.138806785749589,"Late_Increasing"
"WRB",2,0.93805564922582,0.676128476752166,214,17,1.25700031423465,7,-1.74445579725368,-1.10188105886714,1.15560840947166,2.2574894683388,0.145553011225688,"Late_Increasing"
"SUMO1",2,0.938030869158424,0.67679914936188,215,20,0.939015460716082,7,-1.89158518061541,-1.02231437038094,0.843993515178005,1.86630788555894,0.132545479128726,"Late_Increasing"
"ECH1",2,0.937768061114875,0.650487552077802,216,10,0.971217662554365,6,-2.15154829583636,-0.649377622406175,0.840996612860105,1.49037423526628,0.123192985105132,"Early_Low_Late_Increasing"
"TMEM14C",2,0.937746164205424,0.648036119118277,217,20,1.17294372881919,6,-1.92833394426884,-0.563302452199509,1.14312529249176,1.70642774469127,0.129843158255561,"Late_Increasing"
"MRPL39",2,0.937013120985669,0.682905935039709,218,10,1.5037900321901,6,-1.52597304599259,-1.21761534450744,0.981104344494536,2.19871968900198,0.138828733944896,"Early_Low_Late_Increasing"
"POLR2H",2,0.936890893525806,0.693360003019845,219,10,1.07808576543011,3,-1.58760382161938,-1.33101301601046,0.720976122662911,2.05198913867337,0.140259355004742,"Early_Low_Late_Increasing"
"NQO1",2,0.936825703078972,0.66135938846373,220,20,1.63519288881782,6,-1.7973546561704,-0.887690398207838,1.17583861764264,2.06352901585048,0.146838892935626,"Late_Increasing"
"CSRP2",2,0.936530844607964,0.671380377609281,221,17,1.35664367967333,7,-1.57356115445546,-1.17112903530392,1.15286033059207,2.32398936589598,0.158703310754713,"Late_Increasing"
"CD63",2,0.936203673321292,0.645929605634323,222,20,1.1687341823418,6,-2.14623560673736,-0.625001930937867,1.09407505503934,1.7190769859772,0.132909827136885,"Late_Increasing"
"YWHAQ",2,0.936111710103208,0.672066638391667,223,19,1.31223678231677,5,-1.61163946518693,-0.931777723339871,0.937481741210614,1.86925946455049,0.127589175375223,"Late_Increasing"
"SLPI",2,0.935945272433877,0.680067455338356,224,19,1.23185539043361,1,-1.68062416395437,-1.2878125128728,0.993132059595925,2.28094457246872,0.150214492788776,"Late_Increasing"
"BASP1",2,0.935543470395997,0.67264928147317,225,19,1.65179037017658,7,-1.22172838451744,-1.1310487582306,1.33488365641926,2.46593241464986,0.150761856527863,"Late_Increasing"
"APH1A",2,0.935166082512275,0.663856407955062,226,17,1.28935463846086,7,-1.64896572513862,-0.923896640720969,1.00315155115822,1.92704819187919,0.138053483767869,"Late_Increasing"
"PFN1",2,0.93437178971593,0.668439401346737,227,10,1.04414419476817,6,-2.34082376646023,-0.880206065965585,0.775735764536524,1.65594183050211,0.123615235045359,"Early_Low_Late_Increasing"
"WDR83OS",2,0.933887954283694,0.657264774822604,228,17,1.1633769580782,5,-1.8948974612114,-0.7819662549812,1.11591226201223,1.89787851699343,0.137700964891111,"Late_Increasing"
"EBLN3P",2,0.933797141284993,0.66601369191228,229,17,1.76170970988063,5,-1.64990125152543,-1.01724427934393,1.13781720132296,2.15506148066689,0.146739866093585,"Late_Increasing"
"LSM4",2,0.933680502528187,0.665041226503161,230,20,1.34245629935389,7,-1.60768581038967,-0.965068120861186,0.903751327071374,1.86881944793256,0.139244602094435,"Late_Increasing"
"EMP2",2,0.932752851479814,0.681046126267442,231,10,1.00558795267228,5,-1.90038962502734,-1.18485717998405,0.841583892770943,2.02644107275499,0.137067004373926,"Early_Low_Late_Increasing"
"SPATC1L",2,0.932319341251022,0.67749110001458,232,19,1.55128928911122,3,-1.62373734989077,-1.22751328858504,1.13996512732178,2.36747841590682,0.149422079904355,"Late_Increasing"
"DBI",2,0.932084802775827,0.677075811071647,233,20,1.11948105525821,3,-1.68596545392476,-1.2854084458209,0.949958238849766,2.23536668467067,0.140170244782983,"Late_Increasing"
"MDH1",2,0.932077214777855,0.676787718973695,234,20,1.74728792233667,6,-1.52203613813954,-1.13435261018422,1.05074987379439,2.18510248397861,0.138830052978462,"Late_Increasing"
"HAT1",2,0.931976855779442,0.640123712033826,235,20,1.91086423101863,6,-2.02856692497307,-0.642216971496014,1.26856574110263,1.91078271259865,0.13630961951345,"Late_Increasing"
"MAGOH",2,0.931853362470328,0.676585481174411,236,10,1.2684762970531,6,-1.75879320943051,-1.11216851669912,0.674318545629495,1.78648706232862,0.130680904210375,"Early_Low_Late_Increasing"
"SPATS2",2,0.931809712370059,0.66648724364142,237,20,1.26537800250567,8,-1.69724240473494,-1.08948837707031,0.975820214514167,2.06530859158447,0.147837850772716,"Late_Increasing"
"MRPS12",2,0.93155881136737,0.677244314385988,238,10,1.4042590156983,3,-1.42755533452494,-1.16750246259787,0.687635952094916,1.85513841469279,0.131442494372899,"Early_Low_Late_Increasing"
"THYN1",2,0.93099991666627,0.64489455029887,239,19,1.89286513984799,6,-1.7957958843212,-0.760837524459582,1.40744722775556,2.16828475221514,0.144020523690383,"Late_Increasing"
"RBM17",2,0.93095222199737,0.678712889088142,240,10,1.39786554730126,5,-1.49482240976506,-1.19893088728352,0.804383318795257,2.00331420607877,0.133163953316068,"Early_Low_Late_Increasing"
"TBCA",2,0.930939849462553,0.65778357870512,241,19,1.08581542391188,6,-2.0941546788305,-0.77306065120725,0.77442933556268,1.54748998676993,0.117599548612829,"Late_Increasing"
"SDC1",2,0.930101546902607,0.665529963754534,242,10,1.44598896431474,6,-1.73221712950814,-1.02411129005628,1.07298977282143,2.09710106287771,0.128990308495728,"Early_Low_Late_Increasing"
"DESI2",2,0.929971102708832,0.671268466820764,243,11,1.37740233775591,5,-1.65538598104244,-1.16486133294279,1.05129735439787,2.21615868734066,0.151080433663789,"Early_Low_Late_Increasing"
"PDIA6",2,0.929748436905535,0.658273963034798,244,17,1.36119112075842,6,-2.07667145609923,-0.948507314057203,1.19353544956944,2.14204276362664,0.141185778277392,"Late_Increasing"
"DPM1",2,0.929345605587004,0.681744311086538,245,19,1.20998541844339,5,-1.63142964603273,-1.28662499998122,0.997013705791491,2.28363870577271,0.145832439397818,"Late_Increasing"
"UBXN4",2,0.929227729566566,0.63511944266506,246,20,1.49243921168526,6,-1.73863307841229,-0.554372205011709,1.3356986837712,1.89007088878291,0.140767642821198,"Late_Increasing"
"GORASP2",2,0.929198032588245,0.651648081685277,247,18,1.43247051870687,7,-1.8266729553213,-0.857534730611543,1.34713764793851,2.20467237855005,0.148499242914298,"Late_Increasing"
"RAB5IF",2,0.929042351284351,0.675953167417018,248,10,1.44006338714056,3,-1.52966012613566,-1.16907324254553,0.892288948305332,2.06136219085086,0.135766215936109,"Early_Low_Late_Increasing"
"TEAD2",2,0.928853748818854,0.649098928950967,249,19,1.71602278971477,6,-1.65196116485542,-0.8513746832583,1.16158050964698,2.01295519290528,0.148600844485005,"Late_Increasing"
"LAGE3",2,0.928837521631504,0.680962279386577,250,10,1.08123397078877,3,-1.61347208246711,-1.27577170651811,0.629352113912482,1.90512382043059,0.137172169477988,"Early_Low_Late_Increasing"
"C6orf48",2,0.928580062605402,0.663292221721167,251,14,1.2357092084471,6,-1.71353363475057,-1.11310532379802,0.698723345884658,1.81182866968268,0.139977909877029,"Late_Increasing"
"PPP4C",2,0.928530869989067,0.670661861174343,252,10,1.20596813724361,7,-1.57408027590244,-1.03874099202069,0.783361871358167,1.82210286337886,0.127463899238479,"Overall_Increasing"
"PGAM1",2,0.928435392795717,0.651927246371988,253,16,1.21874049067472,7,-1.77301206777022,-0.828388404934057,0.910396290751409,1.73878469568547,0.133581530561321,"Late_Increasing"
"UTP11",2,0.928280502066996,0.680413472583622,254,19,1.36460171987077,3,-1.44373868546868,-1.28927553452826,1.0670339444792,2.35630947900746,0.143701462670943,"Late_Increasing"
"LARP6",2,0.927949654063602,0.649335958005863,255,20,1.89767611735511,6,-1.36827379700277,-0.869312322506995,1.56951498734885,2.43882730985585,0.152896433068496,"Late_Increasing"
"MDFI",2,0.927825863046221,0.658717026415065,256,11,1.1613219029855,6,-1.71399433509814,-1.00102611425937,0.612418357733022,1.61344447199239,0.126356803243817,"Early_Low_Late_Increasing"
"ERGIC3",2,0.927722958677416,0.644927208311185,257,20,1.31205120638389,7,-1.63114416318031,-0.71064836917347,1.17090591090821,1.88155428008168,0.133690819369575,"Late_Increasing"
"YIPF3",2,0.927035869352536,0.638988019731813,258,17,1.79073204827572,6,-1.99222846253368,-0.673103049276011,1.33183359818093,2.00493664745694,0.140407741658499,"Late_Increasing"
"CD9",2,0.926974502716036,0.642095253237715,259,20,0.861506932181315,6,-2.44147232410275,-0.626811274252635,0.781843635574821,1.40865490982746,0.120863737453008,"Late_Increasing"
"RTRAF",2,0.92669797171309,0.628979247764037,260,19,1.10925258810068,6,-2.17393376902533,-0.530115357213749,0.940548166933152,1.4706635241469,0.121028002138347,"Late_Increasing"
"ATP5PD",2,0.926324437697427,0.67247631938575,261,20,1.08667140748935,6,-1.82780887490256,-1.08134100282661,0.697604564871321,1.77894556769793,0.128467032292362,"Late_Increasing"
"DNASE2",2,0.926204247436258,0.660344070286595,262,20,1.60367760978489,6,-1.45197129156541,-1.05005339286767,1.51372441866233,2.56377781152999,0.155535790080192,"Late_Increasing"
"COX4I1",2,0.92610096786566,0.639355454311719,263,20,0.976615182804198,6,-2.2477884505871,-0.676509420448488,0.80167033610975,1.47817975655824,0.122631504730399,"Late_Increasing"
"LAPTM4A",2,0.925956498014591,0.659860489324462,264,17,1.14496116838074,5,-1.96739593474709,-1.00237694069933,1.08006827237854,2.08244521307787,0.136436736447433,"Late_Increasing"
"EIF3D",2,0.925594833581735,0.633025148038949,265,19,1.66318532287198,6,-1.90857291070761,-0.621933370667181,1.17520456296573,1.79713793363291,0.129056017952799,"Late_Increasing"
"RFXANK",2,0.925584761656307,0.656631602851006,266,19,1.24981316931858,6,-1.90569608821359,-0.98451918024759,1.0588719675411,2.04339114778869,0.145284798151979,"Late_Increasing"
"GNL2",2,0.924176375034418,0.663208968196716,267,19,1.73610036266588,6,-1.82757519353917,-1.15281531864275,1.12836116518893,2.28117648383169,0.142893379238117,"Late_Increasing"
"NAP1L1",2,0.923236840601972,0.648800431730163,268,13,1.12573153122574,5,-1.73947608929789,-0.835925650591452,0.608776484279502,1.44470213487095,0.122871380043371,"Early_Low_Late_Increasing"
"PSMD2",2,0.923091254951217,0.671784731818816,269,20,1.33466339390713,6,-1.65192357303621,-1.22287419006527,0.893516837445994,2.11639102751126,0.136878165377337,"Late_Increasing"
"SUMO3",2,0.922658584073137,0.665441178208192,270,10,1.25065683887469,6,-2.18051188052983,-1.11271272328299,0.858317471966968,1.97103019524995,0.130132899046946,"Early_Low_Late_Increasing"
"ACTL6A",2,0.922587916614488,0.67702770252633,271,10,1.14852070313737,6,-1.68090289109279,-1.27910279204246,0.699068915822213,1.97817170786468,0.132933735194208,"Early_Low_Late_Increasing"
"GMPS",2,0.922140404392777,0.676955745891254,272,10,1.34342321877751,3,-1.58845936072093,-1.31251203419696,0.632375627752497,1.94488766194945,0.137511693921178,"Early_Low_Late_Increasing"
"KRT8",2,0.921499416175285,0.65836658493037,273,17,1.1283079860558,5,-1.84584974713906,-1.01603989662456,0.970634732874875,1.98667462949944,0.133583554118157,"Late_Increasing"
"MRPS15",2,0.92103701914295,0.668548070435102,274,10,1.48367588956036,3,-1.49298922182977,-1.14593862153333,0.724310010972578,1.87024863250591,0.126424528234086,"Early_Low_Late_Increasing"
"PRDX4",2,0.920431697538596,0.634842052444352,275,20,1.57981139590469,6,-1.86136315361557,-0.797245866136986,1.32166853708584,2.11891440322283,0.141289956658743,"Late_Increasing"
"PHGDH",2,0.920417097916435,0.667641274036437,276,19,1.36729942399401,1,-1.72713819004012,-1.37004057843606,0.949147093762878,2.31918767219893,0.147976366673363,"Late_Increasing"
"MORF4L2",2,0.920285855941313,0.650754928509441,277,17,1.23768700322808,6,-2.27725044240948,-0.967661654600371,1.12457541920214,2.09223707380252,0.139813877683717,"Late_Increasing"
"ATP5MG",2,0.92024494423729,0.643061104403781,278,20,0.965395820664378,6,-2.85670187015368,-0.794075734618917,0.783813243157595,1.57788897777651,0.121706688168891,"Late_Increasing"
"CRABP1",2,0.919764122018329,0.652402448986725,279,20,1.66763296031822,6,-1.49696701186845,-1.19287342840901,1.42859639385452,2.62146982226353,0.15891201848722,"Late_Increasing"
"LMCD1",2,0.919319077987562,0.64215283934694,280,16,1.16243952000296,6,-1.48939398746925,-0.891140000430712,0.861088067756207,1.75222806818692,0.138570011561321,"Late_Increasing"
"SSR1",2,0.918743685364068,0.643207020621885,281,17,1.79692052858097,5,-1.64913914769266,-0.821828301079112,1.40236784389011,2.22419614496922,0.149252939623151,"Late_Increasing"
"MAP1LC3B",2,0.918646645593909,0.632646993740841,282,20,1.65408611565736,5,-1.78901597597466,-0.697530763706569,1.41955161772079,2.11708238142736,0.141250622212309,"Late_Increasing"
"ODC1",2,0.918412233699881,0.660180609462405,283,10,1.49093692236463,6,-1.47630470451854,-1.14409180684526,0.82293401843214,1.9670258252774,0.128851905269809,"Early_Low_Late_Increasing"
"C1orf122",2,0.916386686777216,0.631658910996932,284,20,1.65646354638225,6,-1.95053453057359,-0.835633346157193,1.31799281791222,2.15362616406942,0.137301252725163,"Late_Increasing"
"LMO4",2,0.916358913722681,0.651946259515675,285,18,1.19715627453754,1,-1.67398091653098,-1.13240669404364,0.976609505406685,2.10901619945032,0.152503491143607,"Late_Increasing"
"PARP1",2,0.915487228259429,0.648418271771814,286,13,1.13816812048738,6,-1.85803463818651,-1.06776782230125,0.697275709219833,1.76504353152108,0.130811835636472,"Early_Low_Late_Increasing"
"HNRNPH3",2,0.914876525440616,0.642703414810479,287,19,1.42113461508444,6,-2.15103295106499,-0.849639649252396,0.925490484650788,1.77513013390318,0.122562940254557,"Late_Increasing"
"TMEM123",2,0.914750367809665,0.649675712351816,288,17,1.30935883443541,5,-1.9655594337053,-1.01265928401804,0.767074735664953,1.77973401968299,0.135767110637655,"Late_Increasing"
"TMEM205",2,0.914352081690295,0.645153566509396,289,19,1.8588335496671,5,-1.40879316531711,-0.945372063608847,1.53328514628039,2.47865720988924,0.149601150273116,"Late_Increasing"
"FAM178B",2,0.914318792404173,0.660387341196386,290,17,1.38552552266473,1,-1.34794533729692,-1.33168272674686,1.12671105023569,2.45839377698255,0.156101121980535,"Late_Increasing"
"PRPF31",2,0.914130075303114,0.664310402964899,291,10,1.18655436247192,6,-1.80283521328638,-1.21981491455104,0.491166687429258,1.7109816019803,0.128107347810886,"Early_Low_Late_Increasing"
"PERP",2,0.913452803925796,0.658645333421297,292,20,0.903636310333488,5,-2.04007578983152,-1.12249497902568,0.812291292496658,1.93478627152234,0.135944213154254,"Late_Increasing"
"TMEM258",2,0.913232831753408,0.611495089211954,293,17,1.18635804973155,6,-2.55835887834042,-0.49883099948438,1.04499619508472,1.5438271945691,0.128890254604006,"Late_Increasing"
"FADS2",2,0.913161221424502,0.655569514660183,294,20,1.36539659786454,5,-1.42549857579877,-1.20326867526094,1.04499527532826,2.2482639505892,0.139312041558615,"Late_Increasing"
"NR1H2",2,0.913111289865327,0.651569481734857,295,17,1.0802033425304,8,-1.81672142608095,-1.1364522936693,0.877087240140885,2.01353953381018,0.138944335842347,"Late_Increasing"
"MSRB2",2,0.913024072328611,0.622117462850141,296,12,1.24378880976744,6,-1.76572236543472,-0.689054974996022,0.809977916849651,1.49903289184567,0.120921737945404,"Early_Low_Late_Increasing"
"SH3BGR",2,0.91225732660806,0.647770530961929,297,17,2.01601216304788,6,-1.31941292503741,-1.10209642987014,1.44476883391042,2.54686526378056,0.155948948920785,"Late_Increasing"
"ARF4",2,0.912142129024609,0.619978711124733,298,17,1.78192849681689,6,-1.94304370358827,-0.575937054358886,1.24985460949113,1.82579166385002,0.131753001471519,"Late_Increasing"
"YIF1A",2,0.911918308504668,0.62940453553265,299,17,2.11128935962811,6,-1.75173080366905,-0.75164977287496,1.45185694404766,2.20350671692262,0.143353999819854,"Late_Increasing"
"UBB",2,0.911402581292302,0.624475529693352,300,19,1.08687084156741,6,-2.62688525402972,-0.590328320193073,0.826242561160219,1.41657088135329,0.11226618881473,"Late_Increasing"
"GRN",2,0.911317369621845,0.626143285441157,301,17,1.29289219762213,5,-2.00812182145641,-0.711076697236436,1.12182614159815,1.83290283883459,0.134225585227522,"Late_Increasing"
"FDPS",2,0.911026648936737,0.65216691578625,302,10,1.37002153056238,6,-1.79523580070536,-1.10848707113926,0.776876403334362,1.88536347447362,0.123960678704418,"Early_Low_Late_Increasing"
"SLIRP",2,0.910251536834914,0.633602266648526,303,19,1.66011969552379,6,-1.75089593487332,-0.773776451673523,1.01807580145457,1.79185225312809,0.118036284856358,"Late_Increasing"
"PCNA",2,0.908766942576439,0.652858042778933,304,20,1.40383779112069,6,-1.821212369209,-1.11721068976029,0.701146258637038,1.81835694839733,0.130795992398661,"Late_Increasing"
"CHCHD2",2,0.908636497786332,0.627175004253031,305,10,0.8251576178336,6,-2.47288728669557,-0.715728059340104,0.754804215986306,1.47053227532641,0.122125172076216,"Early_Low_Late_Increasing"
"CALR",2,0.908531312780443,0.617248377661968,306,17,1.33125502453489,6,-2.00507902977692,-0.571186541258754,1.11596570432269,1.68715224558144,0.135364563962835,"Late_Increasing"
"MDK",2,0.908059460485011,0.636397830367331,307,11,0.915721811024995,5,-1.60440851563654,-0.842982412440066,0.723557013641036,1.5665394260811,0.120742382725192,"Early_Low_Late_Increasing"
"POLR1D",2,0.905671574897419,0.631128905156956,308,15,1.04761272757232,6,-1.96796518088484,-0.88339089649543,0.467839643747193,1.35123054024262,0.122398213810013,"Late_Increasing"
"SF3B2",2,0.905586908834573,0.630131992341398,309,20,1.07001030555454,5,-1.8961710712286,-0.877218238668235,0.924605314858918,1.80182355352715,0.13164152168027,"Late_Increasing"
"SIX1",2,0.90465531548657,0.652022654268934,310,14,1.27107884681488,3,-1.4003916238282,-1.29689674045037,0.792814831501337,2.08971157195171,0.149305988467052,"Late_Increasing"
"CCNH",2,0.904249243629823,0.640216688948871,311,20,1.90209005682215,7,-1.70066815514957,-0.966035346178587,1.32834512551582,2.29438047169441,0.141979688053127,"Late_Increasing"
"UNC50",2,0.90323061292992,0.608437580249015,312,19,1.96356954133829,6,-1.52042703748134,-0.559773351340662,1.51639387372898,2.07616722506965,0.140420614438629,"Late_Increasing"
"RASIP1",2,0.903011874196869,0.648937847636884,313,19,1.78121113923119,4,-1.42991798658601,-1.22464455120504,1.20531068135544,2.42995523256047,0.149927405954908,"Late_Increasing"
"SMCO4",2,0.902343799483508,0.641399848769903,314,16,1.46223834610428,6,-1.62220131796753,-1.10078429225007,0.450340070868726,1.5511243631188,0.128605649634666,"Late_Increasing"
"MYDGF",2,0.901958771210654,0.608077918154808,315,17,1.66182569712575,6,-1.94961676436773,-0.526272786377655,1.11344710353304,1.6397198899107,0.125060089239868,"Late_Increasing"
"KIT",2,0.90094394713406,0.626885358591674,316,20,1.77454722629484,6,-1.47536946757802,-1.00290193284293,1.37088231359368,2.37378424643661,0.150248498121852,"Late_Increasing"
"PRDX1",2,0.900742811333295,0.649036415709463,317,10,1.13338371922632,6,-2.07782134451302,-1.18975281068726,0.814294171894758,2.00404698258202,0.130081920660638,"Early_Low_Late_Increasing"
"HSBP1",2,0.90016406449719,0.608090463189509,318,20,1.28013339428635,6,-2.07073603152936,-0.584963952239284,1.07768536216419,1.66264931440348,0.116024187546082,"Late_Increasing"
"TFPT",2,0.899442967424761,0.64377303511573,319,11,1.10385719248927,8,-1.4282087065012,-1.19850238319993,0.546048898884977,1.74455128208491,0.129834283904362,"Overall_Increasing"
"CCND1",2,0.899396299042382,0.639712434701279,320,19,1.48774336639532,5,-1.35395819785916,-1.02302691511692,0.627345149254829,1.65037206437175,0.116102283566389,"Late_Increasing"
"TTYH1",2,0.899183832408535,0.657644238189721,321,13,1.04507979201563,1,-1.5858989206985,-1.45247223131312,0.671696766073316,2.12416899738643,0.140637611100376,"Early_Low_Late_Increasing"
"MALL",2,0.89871352721185,0.645762121119431,322,19,1.75371492316207,3,-1.36983535626935,-1.18762938342592,1.42741084484511,2.61504022827103,0.148620348995297,"Late_Increasing"
"TUBA1B",2,0.898255976636114,0.650720609658288,323,20,1.45626485221641,1,-1.50145310029289,-1.22323333699995,0.817232693187388,2.04046603018733,0.136087625909277,"Late_Increasing"
"FABP5",2,0.898142089053868,0.637999915771281,324,19,1.733410999178,6,-1.40693415022151,-1.08759844889691,1.12785796473897,2.21545641363588,0.131065174876209,"Late_Increasing"
"KRT6B",2,0.897528507402114,0.639710744951478,325,20,1.54772193086011,6,-1.72811311967354,-1.11090830169294,0.879596369597832,1.99050467129077,0.132612246972469,"Late_Increasing"
"NPW",2,0.897224129557066,0.626944746664497,326,19,1.94753472681053,6,-1.17415690503395,-0.950665246853909,1.59279980011384,2.54346504696775,0.14958579857468,"Late_Increasing"
"SEC11C",2,0.897040910833232,0.621300734417604,327,19,1.85762527827607,5,-1.57125514445694,-0.800074264076623,1.53039025089781,2.33046451497443,0.140020570842042,"Late_Increasing"
"PSMG1",2,0.896202333330313,0.619647384394621,328,19,1.97873605551299,6,-1.51131147933606,-0.84533364988581,1.27082203113175,2.11615568101756,0.13130076060913,"Late_Increasing"
"TTC3",2,0.895999451722012,0.638684105503581,329,17,1.50206993585822,5,-1.63479995450932,-1.1409418221297,1.07572060068828,2.21666242281798,0.144530010539188,"Late_Increasing"
"MBOAT7",2,0.895741941726786,0.636824305829379,330,16,1.17812013778018,6,-1.80165294750569,-1.13030468740786,0.708480373619887,1.83878506102775,0.133593425685156,"Late_Increasing"
"NOTCH3",2,0.895512283335042,0.63587753242874,331,17,1.39129819516677,8,-1.63474043669646,-1.14498180597124,1.01253742160848,2.15751922757972,0.145975291766622,"Late_Increasing"
"EIF3L",2,0.894732680405435,0.593042964686257,332,18,1.06893883616343,6,-2.49869714344091,-0.541058675232902,0.996300989332707,1.53735966456561,0.123939425864363,"Late_Increasing"
"TMED10",2,0.894578825817749,0.602057750708354,333,20,1.79022698039099,6,-1.7847717552135,-0.521921835233863,1.44267950119983,1.96460133643369,0.134176712637033,"Late_Increasing"
"CRABP2",2,0.893975659759527,0.657286202772105,334,10,0.987414707861512,4,-1.69466391929743,-1.40053662063326,0.697509568966812,2.09804618960007,0.134435029135782,"Early_Low_Late_Increasing"
"PRPF40A",2,0.893935116576398,0.650987738931001,335,19,1.40157242323709,5,-1.92198697481313,-1.28621222989517,1.01033815414107,2.29655038403623,0.143983664303811,"Late_Increasing"
"LMAN1",2,0.893758903583284,0.625576467690642,336,17,1.60061768196275,8,-1.62444750163922,-0.955871463970375,1.36180636645267,2.31767783042305,0.151962452917737,"Late_Increasing"
"RPS7",2,0.893469166989237,0.640676342181506,337,12,0.916093988306701,6,-1.96582027455517,-1.14966609892964,0.60960798242916,1.7592740813588,0.126501219264502,"Early_Low_Late_Increasing"
"MYC",2,0.893374845009194,0.607039243991164,338,19,1.70103253206895,6,-1.71849972532867,-0.804612661021406,0.880104777684486,1.68471743870589,0.129986486077283,"Late_Increasing"
"POLR2F",2,0.892990813956942,0.609342939446241,339,19,1.83113905215975,8,-1.68341634460913,-0.812016770783125,1.17903535387358,1.9910521246567,0.12523830088833,"Late_Increasing"
"COMMD6",2,0.891666701848441,0.598642951322056,340,12,0.961983375623629,6,-2.76993284656574,-0.562993706836826,0.766607175631678,1.3296008824685,0.1133947755873,"Early_Low_Late_Increasing"
"S100A1",2,0.890891528287166,0.618233300094893,341,18,1.59070491026587,1,-1.63236972894837,-0.961855670338019,1.3436439258543,2.30549959619232,0.148866127672375,"Late_Increasing"
"TMED2",2,0.890861256043937,0.594061084255157,342,17,1.73222471035605,6,-2.45509132085029,-0.480554658310256,1.22692244278265,1.7074771010929,0.124928853061791,"Late_Increasing"
"PCBP2",2,0.889684211222565,0.608150813572609,343,20,1.2632014125495,5,-2.1632773712531,-0.703477741231026,0.940579570816878,1.6440573120479,0.124435860219385,"Late_Increasing"
"CNPY2",2,0.88955992995144,0.643914760131744,344,19,1.26310921066485,3,-1.62753661220977,-1.30935596285454,1.08152361932362,2.39087958217816,0.147992869231818,"Late_Increasing"
"FYTTD1",2,0.889473102799893,0.603701979800121,345,17,1.81794775544743,6,-1.77530086047262,-0.703069262868362,1.52835058227934,2.2314198451477,0.13709401617512,"Late_Increasing"
"RBM42",2,0.888449125809358,0.649742142558803,346,20,1.50895239505181,5,-1.67617724804418,-1.33990593662358,0.874607276405696,2.21451321302928,0.137566702814251,"Late_Increasing"
"RPS25",2,0.88744948866123,0.619334014676012,347,9,0.890829858522925,6,-2.43584631281244,-0.868671276710016,0.671122429978497,1.53979370668851,0.120463778606836,"Early_Low_Late_Increasing"
"KRT16",2,0.887237446392072,0.61213671888035,348,19,2.06600381667858,6,-1.5281066378976,-0.877467692298022,1.41536572666274,2.29283341896076,0.137872719566607,"Late_Increasing"
"CYB5A",2,0.887207123866034,0.618543907195927,349,17,1.5464722080803,5,-1.68564907603407,-0.83982887131514,1.39343586916691,2.23326474048205,0.131863214479593,"Late_Increasing"
"MRPL47",2,0.886800158969088,0.649237489659382,350,20,1.17961430723952,3,-1.63432165217597,-1.34645920265196,0.781462646753351,2.12792184940531,0.132677117211346,"Late_Increasing"
"DDX39A",2,0.886675064697268,0.640573693947734,351,20,1.39057074267693,3,-1.45932713713472,-1.29345019909195,0.896958231707731,2.19040843079968,0.145184935113618,"Late_Increasing"
"ARL6IP5",2,0.886195766064545,0.589906699516274,352,19,1.16701408012241,6,-1.90794169967055,-0.512732845535573,0.94497414136983,1.4577069869054,0.114872612201747,"Late_Increasing"
"TUBA1C",2,0.885974624491323,0.617244897624977,353,20,1.76977848879418,7,-1.64737243898899,-0.880901714893656,1.09351404987533,1.97441576476899,0.135426229508356,"Late_Increasing"
"RBX1",2,0.885807621761209,0.604657599594532,354,20,1.68639032416999,7,-1.9129655483892,-0.732009424776265,1.41629195514258,2.14830137991885,0.136268531716393,"Late_Increasing"
"CLDN7",2,0.885797274163303,0.619103818931392,355,11,1.23965546032448,5,-2.02291120480935,-0.827468916587461,0.722387484739421,1.54985640132688,0.119656029762533,"Early_Low_Late_Increasing"
"VIM",2,0.885614249180218,0.615460453879931,356,17,1.31643909363552,6,-2.23159066860942,-1.00989428055779,0.996732151168443,2.00662643172623,0.144805407590397,"Late_Increasing"
"TRMT10C",2,0.885563196572387,0.619874334891221,357,19,1.19836399648261,6,-1.77344887334088,-1.04627765982448,0.629996316641619,1.6762739764661,0.123371946664494,"Late_Increasing"
"ANKRD35",2,0.885384077033719,0.609156912016813,358,19,1.8629010490707,6,-1.38027553900668,-0.869587470809028,1.48545816715154,2.35504563796057,0.147589311905374,"Late_Increasing"
"HEXIM1",2,0.885182484330957,0.621198043880044,359,19,1.21572686893993,5,-2.09901516695143,-1.01942881633563,1.03603940632328,2.05546822265891,0.145349324025271,"Late_Increasing"
"CDKN2A",2,0.884140058360031,0.648710471247073,360,10,1.18800034812543,2,-1.60714820614072,-1.37943705613528,0.60043186696908,1.97986892310436,0.131802972176066,"Early_Low_Late_Increasing"
"CAPG",2,0.883702180862829,0.587762214706077,361,19,1.44638360622193,6,-2.20882893378104,-0.482091197716457,1.10274149039307,1.58483268810952,0.116311394071137,"Late_Increasing"
"ANAPC16",2,0.883070673938133,0.577511059516202,362,19,1.63450524063673,6,-2.40584398585251,-0.458235864168635,1.23697045613056,1.6952063202992,0.114624826172238,"Late_Increasing"
"COX5B",2,0.88237432606553,0.580925547421055,363,20,1.43256761212905,6,-2.73255242733299,-0.470081518450592,1.05989533170669,1.52997685015729,0.117331542836315,"Late_Increasing"
"S100P",2,0.880633021319492,0.610963220333908,364,20,1.51209979677944,6,-1.66366911549389,-1.00395605294003,1.17488419951596,2.17884025245599,0.144311870112507,"Late_Increasing"
"NACA",2,0.880578704744006,0.606435398696951,365,14,0.923914367861809,6,-2.45229052701117,-0.868633709649972,0.666019484647266,1.53465319429724,0.119731419158749,"Late_Increasing"
"MLEC",2,0.880381363360733,0.595486179207629,366,17,1.56771531283184,5,-1.72650951840477,-0.558442344680326,1.38170569093013,1.94014803561046,0.12896242286462,"Late_Increasing"
"UQCRH",2,0.880030295588455,0.634234258632747,367,9,0.930415251105425,6,-2.03528582651805,-1.28770941374031,0.650411558968795,1.93812097270911,0.133571454781666,"Early_Low_Late_Increasing"
"SEC63",2,0.879950489260099,0.630806615658278,368,19,1.49228488009067,5,-1.93031296164937,-1.13471064102995,1.37626529954723,2.51097594057718,0.153785965585593,"Late_Increasing"
"HIGD2A",2,0.879439482205261,0.621080995370207,369,13,1.16771536928943,7,-1.60935516237999,-0.978800798756685,0.398050648309506,1.37685144706619,0.116851953926106,"Overall_Increasing"
"FAM213A",2,0.879013060229973,0.613507292700879,370,19,1.38781105571382,3,-1.87522491927051,-0.885391956269959,0.988287173868887,1.87367913013885,0.124349102138838,"Late_Increasing"
"NIPSNAP3A",2,0.878922244058571,0.634521225008268,371,20,1.54119150490144,3,-1.42711617904998,-1.2742187505121,0.982319215928133,2.25653796644023,0.13737469773631,"Late_Increasing"
"FAM162A",2,0.878812802096168,0.607699771516044,372,17,1.98415244687398,6,-1.65480847085301,-0.921057355916766,0.946723998797405,1.86778135471417,0.135384653234992,"Late_Increasing"
"FXYD3",2,0.877847268304995,0.614660227642092,373,12,0.871513084515547,5,-1.98250792303402,-0.850714852897668,0.533344010660079,1.38405886355775,0.115417694101538,"Early_Low_Late_Increasing"
"HNRNPA1",2,0.877622022783645,0.597183370980212,374,13,1.029771700494,6,-2.24660725942003,-0.720881128468616,0.530977313272642,1.25185844174126,0.108006914614042,"Early_Low_Late_Increasing"
"CCT5",2,0.877179825465513,0.628990028647834,375,19,1.49417326760932,2,-1.47965845982898,-1.2542488043769,0.935405808762044,2.18965461313894,0.133947568466786,"Late_Increasing"
"RPL39L",2,0.876929649003629,0.628836879375329,376,11,1.59087543274153,6,-1.74466900327943,-1.2156008483785,0.455014280905762,1.67061512928426,0.126830874543419,"Early_Low_Late_Increasing"
"DNAJC9",2,0.876581799051094,0.634693804555775,377,20,1.81761451065069,3,-1.43141882603145,-1.32098344367343,0.94107640751716,2.26205985119059,0.141268433528692,"Late_Increasing"
"H3F3A",2,0.876311057111707,0.619701251425331,378,14,0.993827940839949,6,-2.49965266988701,-1.02997759241632,0.551014437490937,1.58099202990725,0.122200809589675,"Late_Increasing"
"SMIM7",2,0.876272124611421,0.604210103654384,379,20,1.35086122196947,3,-1.62955233506327,-0.844054877591107,1.23690196653243,2.08095684412353,0.147882007698874,"Late_Increasing"
"GTPBP4",2,0.876215749311988,0.627512462109286,380,10,1.63197837961639,1,-1.43498326741273,-1.17642580521772,0.820190283056308,1.99661608827402,0.12607154713869,"Early_Low_Late_Increasing"
"MYO10",2,0.87598532342027,0.631438402304438,381,19,1.33984719862401,5,-1.5958147829655,-1.32642305138083,1.12878669318512,2.45520974456595,0.145803804293014,"Late_Increasing"
"APLP2",2,0.875596866082798,0.605798625946684,382,20,1.33560543850446,5,-2.5742780506246,-0.768077227561323,1.0955846364123,1.86366186397362,0.129476936701182,"Late_Increasing"
"CCSER2",2,0.874886275303724,0.613509546517085,383,19,1.26580392568601,8,-1.64717027909224,-1.0797364907074,1.1195270211595,2.1992635118669,0.148236620680679,"Late_Increasing"
"DCUN1D5",2,0.874444155885641,0.625953364075001,384,19,1.36169321564888,7,-1.58700351996197,-1.16329541258615,0.876565614658256,2.0398610272444,0.130206560497033,"Late_Increasing"
"PAM",2,0.873902617706374,0.617164516498096,385,20,1.48177080998443,5,-1.58425388185136,-1.09991403280525,1.40936781086716,2.50928184367241,0.153716944847961,"Late_Increasing"
"MFSD1",2,0.871844376984408,0.609410316477877,386,19,1.66970214766564,6,-1.86492481251287,-0.990359961656981,1.38819574843646,2.37855571009344,0.146577884501211,"Late_Increasing"
"LURAP1L",2,0.870893264334443,0.620126448209222,387,19,1.02999150149594,7,-1.78143809361876,-1.07802574958217,0.841103134135756,1.91912888371793,0.131885108862466,"Late_Increasing"
"ERLEC1",2,0.86983280634635,0.590596609006904,388,17,1.74769485238762,6,-1.9809253742872,-0.71283992592417,1.28608954575905,1.99892947168322,0.134260507894237,"Late_Increasing"
"RPL23A",2,0.866739327563123,0.601158083928384,389,14,0.893554062763186,6,-2.51941932938836,-0.894591648736672,0.556031595244902,1.45062324398157,0.114248061714602,"Late_Increasing"
"ASPG",2,0.865222125636421,0.623817492678889,390,19,2.08564669923109,5,-1.36390327835999,-1.32526259635739,1.0099635815386,2.33522617789599,0.138861914947015,"Late_Increasing"
"HEY1",2,0.864060000459609,0.601638567541382,391,19,2.17261940189579,6,-1.05030140540257,-0.963875041443112,1.6958839193328,2.65975896077591,0.155900785086527,"Late_Increasing"
"LAPTM4B",2,0.861973264393513,0.568359668215785,392,20,2.07841589418903,6,-1.72414505382945,-0.53764592509798,1.49162330744377,2.02926923254175,0.132821308242307,"Late_Increasing"
"RPS16",2,0.861470544674598,0.609771237701297,393,14,0.87373285826176,6,-2.52215354670754,-1.15882025419664,0.590726985016531,1.74954723921317,0.125247150486471,"Late_Increasing"
"SH3YL1",2,0.859745987739308,0.610206600532193,394,17,1.51007848433062,5,-1.7173935564881,-1.14091452117035,1.14476345715928,2.28567797832963,0.152377536584694,"Late_Increasing"
"RPL35A",2,0.859691217976694,0.610817365619337,395,12,0.886050560467911,6,-2.21012900553104,-1.18705877271159,0.557119960749214,1.7441787334608,0.126159260354924,"Early_Low_Late_Increasing"
"AP3S1",2,0.859218785387262,0.610518048662052,396,17,1.23545064413181,7,-1.51655319168445,-1.14764251725553,1.00225025931543,2.14989277657095,0.133245002761932,"Late_Increasing"
"TMEM59",2,0.858619502158675,0.545526518249527,397,20,1.18649638101451,6,-2.67365509824518,-0.259038336111878,1.06439036440462,1.3234287005165,0.111140996977185,"Late_Increasing"
"RPL8",2,0.858105114912095,0.596185473742224,398,13,0.952004171500554,6,-2.72077241865001,-0.994880042680006,0.492647448620046,1.48752749130005,0.117563613417029,"Early_Low_Late_Increasing"
"CKS1B",2,0.857090307022139,0.60073568942843,399,20,1.77616225278077,1,-1.5016933569952,-1.09484870787402,1.0481830556682,2.14303176354222,0.13937030098051,"Late_Increasing"
"AQP3",2,0.85627437233318,0.592827769719338,400,19,2.43784673537397,6,-1.38452719928448,-0.926261119985305,1.52752597337537,2.45378709336067,0.139415109835817,"Late_Increasing"
"PEPD",2,0.853088266750802,0.583206309336323,401,17,2.55189072760114,6,-1.34496570079156,-0.890223388601024,1.09267116666374,1.98289455526476,0.135128124299292,"Late_Increasing"
"RHOBTB3",2,0.852554399293446,0.57461628437526,402,20,1.6688518508471,3,-1.46277176482281,-0.659204105558734,1.24292301536034,1.90212712091908,0.129202948819909,"Late_Increasing"
"KANK2",2,0.851558437364114,0.594002118220169,403,20,1.77833080621076,6,-1.45599267337598,-1.06613497412239,1.41159637484367,2.47773134896606,0.153677965389046,"Late_Increasing"
"CSTB",2,0.851151543408005,0.622861898213108,404,17,1.10930826373188,3,-1.85144662813193,-1.45538749491691,0.875804632346106,2.33119212726302,0.144470298710862,"Late_Increasing"
"TMEM213",2,0.850504314504521,0.609318011220502,405,19,1.57183707304008,4,-1.41176833215058,-1.33959638468558,0.999072619713802,2.33866900439938,0.152588048531989,"Late_Increasing"
"IGFBP5",2,0.849966887351185,0.606187580078864,406,20,1.47991652727427,1,-1.50597872654837,-1.24528044507792,1.4058967119551,2.65117715703302,0.163844091679517,"Late_Increasing"
"FAM84A",2,0.849462481837221,0.617837709866457,407,19,1.28182385438453,5,-1.71586213748066,-1.38681754510379,1.20395380507575,2.59077135017955,0.149902228550594,"Late_Increasing"
"RPL31",2,0.849348235327581,0.584513697980528,408,14,1.02834847616441,6,-2.55192455551864,-0.858124235425986,0.518017514976176,1.37614175040216,0.110995286996937,"Late_Increasing"
"TM9SF2",2,0.848110515702869,0.591423254378693,409,17,1.13613285865353,6,-2.11242963311709,-1.01466041675558,0.910336357637812,1.92499677439339,0.129561831765201,"Late_Increasing"
"GCHFR",2,0.847994119618771,0.594897713001462,410,18,1.59559724718541,5,-1.38492499472925,-1.1194496515767,1.1087351607619,2.2281848123386,0.151931905126022,"Late_Increasing"
"RFC4",2,0.846466826710262,0.61741517828726,411,10,1.51772847060626,2,-1.59483242626521,-1.42138118314281,0.607896759698702,2.02927794284151,0.134582576264109,"Early_Low_Late_Increasing"
"RPS5",2,0.843830493039863,0.596882164080759,412,14,1.17769919452042,4,-2.05666874403806,-1.18256408882191,0.357115623545486,1.53967971236739,0.119495897588641,"Late_Increasing"
"REEP5",2,0.843817491548041,0.544586839007902,413,1,1.12843550436631,6,-1.99250715434989,-0.390869132209801,0.80262796035731,1.19349709256711,0.097369003899232,"Early_Low_Late_Increasing"
"RPS10",2,0.841687657155859,0.575429646246461,414,14,0.992426381374341,6,-2.5048994123169,-0.895826356613681,0.488773925851479,1.38460028246516,0.107847258199268,"Late_Increasing"
"YBX1",2,0.838752406896965,0.610813770681023,415,10,1.1923256387002,2,-1.79263350532096,-1.46660733317913,0.713323971401465,2.17993130458059,0.129963321402863,"Early_Low_Late_Increasing"
"EEF1B2",2,0.83845411631536,0.549154323962774,416,14,1.15306256553095,6,-2.3469671781055,-0.639114042376012,0.604416303497091,1.2435303458731,0.109158431324869,"Late_Increasing"
"TMEM45A",2,0.837653269107389,0.56880141160598,417,17,1.8736623422346,6,-1.77021363591709,-0.854024116683152,1.40118443891909,2.25520855560225,0.141766616622336,"Late_Increasing"
"RPL7",2,0.837081426122745,0.566355321428757,418,19,1.02894970826251,6,-2.90893479747916,-0.884224424144992,0.894955624166483,1.77918004831148,0.116537083290077,"Late_Increasing"
"RPL24",2,0.835853062732429,0.572851254686303,419,12,0.92284253478934,6,-2.65805726881115,-0.912467573484056,0.420104506196427,1.33257207968048,0.109624883363451,"Early_Low_Late_Increasing"
"EIF4A2",2,0.832295521049236,0.57898440630068,420,11,0.870810093600197,6,-2.24425458381921,-0.978721035535842,0.427182196047802,1.40590323158364,0.112798792494596,"Early_Low_Late_Increasing"
"VCAN",2,0.831685630993283,0.602516239442491,421,19,1.55809784986701,3,-1.4574156552389,-1.42008000066875,1.19274308086979,2.61282308153854,0.147037873392995,"Late_Increasing"
"IGFBP3",2,0.831495968345869,0.568636237929942,422,19,2.32762085704046,1,-1.23373353503384,-0.852507516180459,1.6730169453797,2.52552446156016,0.148280676576863,"Late_Increasing"
"RPS23",2,0.831493785150012,0.571594126719672,423,13,0.844959569030651,6,-2.68249907754229,-0.911392918563127,0.569650868697611,1.48104378726074,0.111437057718223,"Early_Low_Late_Increasing"
"CXADR",2,0.831345121117977,0.574834243887066,424,16,1.29184992715336,5,-2.24790931804808,-0.917397303008017,0.702536915562654,1.61993421857067,0.121563137994532,"Late_Increasing"
"RPL27",2,0.829795694454732,0.568543188955581,425,14,0.797439005270315,6,-3.03471473234236,-0.869702958955666,0.512197156690009,1.38190011564568,0.109184041552912,"Late_Increasing"
"RRAGA",2,0.829704827361149,0.574492712150522,426,8,1.37885172309505,7,-1.92270987072721,-0.863650261522151,1.05648317119465,1.9201334327168,0.128561485919697,"Overall_Increasing"
"EWSR1",2,0.827272981871179,0.594416684141207,427,19,1.24977350674955,5,-1.79691248557437,-1.20232379451062,0.834809841836414,2.03713363634703,0.130227883282835,"Late_Increasing"
"KRT14",2,0.826318212164046,0.576538561122636,428,19,1.15652896777184,1,-2.04096455192116,-1.1089931571912,0.716534149283137,1.82552730647434,0.127100839473613,"Late_Increasing"
"YIPF2",2,0.825054258714586,0.551373457372621,429,17,2.34585637628652,6,-1.42336716837239,-0.658508364791505,1.61668539455927,2.27519375935077,0.133988367954711,"Late_Increasing"
"PPP1R16A",2,0.824779807703827,0.574992641491063,430,17,2.1559674076878,5,-1.24941992163093,-1.06270902918969,1.38176890905465,2.44447793824434,0.151213938813858,"Late_Increasing"
"BAMBI",2,0.824243417448098,0.575493878773479,431,20,2.11963381156685,5,-1.77211727001331,-1.03580372195611,0.861248194037003,1.89705191599311,0.13807560699724,"Late_Increasing"
"DDIT4",2,0.824017038752853,0.56484862582153,432,17,2.34291071489294,5,-1.4773068829918,-0.877917609343406,1.42770781519139,2.3056254245348,0.144575802865132,"Late_Increasing"
"RABAC1",2,0.823416382001058,0.518492763761575,433,17,1.83460119488724,6,-1.66291216100983,-0.299589372242259,1.50190853778682,1.80149791002908,0.129769579493048,"Late_Increasing"
"GPI",2,0.822837263353511,0.586798027896628,434,17,1.27495211923282,8,-1.68110376991331,-1.23887905096312,0.977995995418419,2.21687504638154,0.14308868028083,"Late_Increasing"
"SERTAD4",2,0.822382960557439,0.566319471778973,435,14,1.66241003010455,5,-1.30022444037801,-0.990479533675282,1.10282763685713,2.09330717053241,0.150370099834013,"Late_Increasing"
"THUMPD3-AS1",2,0.822098535276073,0.57938115622299,436,16,0.92348437019891,5,-2.11439865109959,-1.147564563996,0.814722839251766,1.96228740324777,0.137957765839889,"Late_Increasing"
"NDUFA4L2",2,0.819714278549583,0.580107643004666,437,17,1.88283928531246,6,-1.24469978725209,-1.18707627575167,1.10591615098575,2.29299242673742,0.151831419834532,"Late_Increasing"
"GMPR",2,0.819441169305032,0.555170493209659,438,20,2.34367401453438,6,-1.10173490409191,-0.812901491193269,1.66540358163221,2.47830507282548,0.147546463386451,"Late_Increasing"
"C19orf48",2,0.819324030647309,0.586841201791565,439,14,1.39951934893907,1,-1.2788905801354,-1.2379110499242,0.158568065848115,1.39647911577231,0.117501955200845,"Late_Increasing"
"RPL13A",2,0.819038704613504,0.568711167930652,440,14,1.00229106056621,6,-2.56774322340898,-1.08550050333987,0.486699822747914,1.57220032608778,0.113378543445372,"Late_Increasing"
"CACNA1A",2,0.817338761734369,0.581671977751211,441,19,1.98681606986133,5,-1.33743938511019,-1.19859723816104,1.47787406490154,2.67647130306258,0.152061029331382,"Late_Increasing"
"SELENBP1",2,0.81396812094571,0.540156413245194,442,17,1.60680421347491,6,-1.73512990864501,-0.701322159978841,1.20865951670186,1.9099816766807,0.130947999594902,"Late_Increasing"
"KRT5",2,0.813722595604078,0.568181812338459,443,10,1.3405421275997,1,-1.84272367165985,-1.0833580096461,0.699018607992447,1.78237661763854,0.115927384706348,"Early_Low_Late_Increasing"
"RPL5",2,0.810558343176398,0.514432671715789,444,13,0.96512537053917,6,-2.95030215165369,-0.501040476202666,0.488869769097386,0.989910245300053,0.0963166711988612,"Early_Low_Late_Increasing"
"RPS26",2,0.806108600320829,0.493036931142272,445,13,0.820723647973331,6,-3.03142202680724,-0.314340943388724,0.597238733487684,0.911579676876408,0.0918487159695107,"Early_Low_Late_Increasing"
"EEF1A1",2,0.804191970772966,0.535888033213708,446,15,0.76583553202575,6,-2.96980390010981,-0.70920797681243,0.589912661605707,1.29912063841814,0.104518552502863,"Late_Increasing"
"NUCB2",2,0.796791299788856,0.524492803606555,447,17,2.2966346689522,5,-1.37158206767541,-0.552522432484162,1.42304643695267,1.97556886943683,0.132839910557404,"Late_Increasing"
"RPL18A",2,0.794587103210071,0.531781956673865,448,14,0.969031889709441,6,-3.11715951197506,-0.828857683497044,0.560770923858082,1.38962860735513,0.113460060888251,"Late_Increasing"
"LGALS1",2,0.79096522895584,0.522594142288808,449,20,1.46499568965036,6,-2.22865814515224,-0.800788146095045,1.33292568044119,2.13371382653624,0.140006151245269,"Late_Increasing"
"SERTAD4-AS1",2,0.790252303972231,0.516477097781873,450,18,1.76591756244778,6,-1.35825890693191,-0.684836198734656,1.21208670030791,1.89692289904257,0.145572747372646,"Late_Increasing"
"GAPDH",2,0.789924502161812,0.52889822775668,451,17,1.18892560858542,6,-2.77967047408303,-0.910026600060915,0.824461173231906,1.73448777329282,0.124654189517609,"Late_Increasing"
"CALML5",2,0.789449886040778,0.585127715531442,452,12,1.10919996995327,1,-1.78062069262291,-1.54496566158395,0.390224517594104,1.93519017917805,0.126648345582516,"Early_Low_Late_Increasing"
"PSAP",2,0.788786416375714,0.517481553046537,453,17,1.97461227363273,5,-1.59236280079331,-0.575392042977769,1.37304937677674,1.94844141975451,0.125989555779966,"Late_Increasing"
"RPS11",2,0.787406203717277,0.488982750407129,454,14,0.874180126052854,6,-2.89063375662601,-0.574436516807067,0.619635325992871,1.19407184279994,0.101506916029464,"Late_Increasing"
"TNNT1",2,0.785721093874276,0.537682048399203,455,17,2.33646435046465,1,-0.927527836464998,-0.891956148645573,1.60416770714266,2.49612385578823,0.141563287645404,"Late_Increasing"
"COL8A1",2,0.784320280186611,0.531410156024342,456,20,2.46753035058704,5,-0.880355299302299,-0.818502240568242,1.70817693361949,2.52667917418773,0.151871423048192,"Late_Increasing"
"RPS18",2,0.781293501857175,0.528900093247086,457,14,1.01104065470619,6,-3.07584133054413,-0.909879512218717,0.435694873573486,1.3455743857922,0.106675402377951,"Late_Increasing"
"NFIX",2,0.779974335467798,0.559110274294432,458,18,1.32614715153217,5,-1.72718902976407,-1.21187509746773,1.226572065238,2.43844716270572,0.148280617405936,"Late_Increasing"
"RPL18",2,0.777241912415146,0.487882659813149,459,14,0.917182561981545,6,-2.84259776442588,-0.529026693963304,0.437736145077104,0.966762839040408,0.0948680315366814,"Late_Increasing"
"POLE4",2,0.773448658502737,0.507033122088654,460,19,1.95202276874992,7,-1.82987799733893,-0.639225950958462,1.40977119772018,2.04899714867865,0.122645719223655,"Late_Increasing"
"FAM3B",2,0.77291555476932,0.547310754491442,461,16,1.85011515777066,5,-1.61531828706707,-1.15257941874434,0.37495387561722,1.52753329436156,0.122728191588139,"Late_Increasing"
"UBA52",2,0.770383956335352,0.461949742460413,462,14,0.801957483841949,6,-3.31019387488271,-0.365453411425685,0.668248272089559,1.03370168351524,0.101769856955968,"Late_Increasing"
"TET1",2,0.768996068374142,0.554334713048124,463,17,2.26787591307069,5,-1.46727763690178,-1.25035028461698,1.19041517507188,2.44076545968886,0.144565782876645,"Late_Increasing"
"PTX3",2,0.768143396004511,0.515829830685926,464,19,2.43043094947096,5,-0.872236054026619,-0.75730775352175,1.75695799530493,2.51426574882668,0.145493991679422,"Late_Increasing"
"RPLP2",2,0.768097677571969,0.504023099522518,465,12,0.892787679020633,6,-3.16414368085785,-0.719003596707817,0.340909156486783,1.0599127531946,0.0928624517707465,"Early_Low_Late_Increasing"
"RPS6",2,0.767090845342518,0.521741602561806,466,14,0.969196153475048,6,-2.74225211956953,-0.971654593175846,0.406668654873371,1.37832324804922,0.101702412258911,"Late_Increasing"
"RBP4",2,0.764916259475313,0.526272808985622,467,20,2.76533926975888,2,-0.93064841470604,-0.910620336913482,1.5862783213818,2.49689865829528,0.140617495366264,"Late_Increasing"
"CADM1",2,0.764604784422462,0.49904600745868,468,20,2.97055450173392,6,-1.12802105202922,-0.605950825710526,1.71700608114335,2.32295690685388,0.137054729092849,"Late_Increasing"
"CLEC7A",2,0.763158530456216,0.501393207114268,469,18,2.00309039107425,6,-1.17851270762312,-0.620942376631591,1.68360445616758,2.30454683279917,0.144037657954466,"Late_Increasing"
"HSPA14.1",2,0.75864092578335,0.54135300763605,470,20,1.86030080024319,6,-1.61984342338019,-1.19511650435014,0.875363734052537,2.07048023840267,0.116399319572226,"Late_Increasing"
"RPL28",2,0.756817177382774,0.517901553671948,471,14,1.18541503716726,6,-2.64986997740351,-0.949063086707121,0.106981208992921,1.05604429570004,0.0991610947153254,"Late_Increasing"
"RPL7A",2,0.756330987816335,0.470655177283148,472,14,0.92861782550808,6,-3.18768004230506,-0.474313310439011,0.490824734543158,0.965138044982168,0.0906800534230132,"Late_Increasing"
"PLTP",2,0.746509279898125,0.49229350264274,473,17,2.01647119233019,1,-0.938317407430587,-0.622890618985037,1.85937282992358,2.48226344890862,0.137319548332299,"Late_Increasing"
"JUNB",2,0.746429718781965,0.418838390456702,474,20,1.09490127203333,5,-2.14009298751644,-0.0350352900450886,0.898623535531081,0.93365882557617,0.0979427028770348,"Late_Increasing"
"MXRA8",2,0.745260247210904,0.48511025539252,475,18,1.85758842609935,6,-1.56097743498133,-0.690570657422555,1.30802494307231,1.99859560049487,0.13197289673546,"Late_Increasing"
"CXCR4",2,0.74269124647937,0.492745944494868,476,18,1.98196930475869,6,-1.36044160747025,-0.678710730594831,1.68953028010818,2.36824101070301,0.144015310648128,"Late_Increasing"
"PPP1R1B",2,0.740479163885568,0.474560098853377,477,19,2.22828696972997,6,-1.26647197025443,-0.51655838250538,1.69653621057259,2.21309459307797,0.132927931870671,"Late_Increasing"
"DLX5",2,0.735031178368889,0.495385311151153,478,20,3.09523794636376,1,-0.896142599333247,-0.768648054293762,1.63530544039831,2.40395349469207,0.139544348199239,"Late_Increasing"
"MAL",2,0.733857149710341,0.488663754345297,479,18,2.18790709147969,1,-0.77731187347463,-0.717164671884907,1.76939067209341,2.48655534397832,0.136955711345452,"Late_Increasing"
"RPL32",2,0.730657455389836,0.474409618648605,480,14,0.96078079563531,6,-2.50745403028427,-0.675371771183099,0.293123775113308,0.968495546296406,0.0911945838621258,"Late_Increasing"
"FOLR1",2,0.730442376521288,0.482120500707854,481,17,1.86376320501118,5,-1.52319202830179,-0.675528209861683,1.40173628355619,2.07726449341788,0.138552150346181,"Late_Increasing"
"CXCL14",2,0.721472868866648,0.478566681143873,482,20,2.46326230996316,6,-1.46229602081829,-0.7787151683275,1.13559097961337,1.91430614794087,0.128649132000318,"Late_Increasing"
"RPS27A",2,0.71784207085245,0.452851374326522,483,9,0.891131564777122,6,-3.19902180583871,-0.609258863549644,0.520762430495441,1.13002129404508,0.0893875940273847,"Early_Low_Late_Increasing"
"RPS9",2,0.714892339241327,0.406629763051108,484,14,1.02705140558748,6,-2.874813000403,-0.289084448650419,0.403645584015635,0.692730032666054,0.0810935236189358,"Late_Increasing"
"CHST9",2,0.707288375251994,0.506018070984936,485,14,1.84986864700519,5,-1.49884107155597,-1.24133858300072,0.462473261106341,1.70381184410706,0.126346776142468,"Late_Increasing"
"NECTIN4",2,0.699633466375149,0.511846182677673,486,7,1.56119273378538,5,-1.94497230497685,-1.28027284436368,0.463061960009049,1.74333480437273,0.106576751853217,"Early_Low_Late_Increasing"
"RPL6",2,0.698289062247742,0.400243126617039,487,14,0.837692247913177,6,-2.96842293587239,-0.251641055131491,0.441769148172969,0.69341020330446,0.0778368405791075,"Late_Increasing"
"RPL10A",2,0.697846974133229,0.378891367865156,488,14,0.79802977302659,6,-3.03525109823874,-0.147629534438196,0.494400175566217,0.642029710004413,0.0771914762727179,"Late_Increasing"
"AC020916.1",2,0.690436743421041,0.417524552442092,489,14,1.38110827521969,8,-2.06359191880408,-0.375620271720276,0.934317145118046,1.30993741683832,0.115264694617352,"Late_Increasing"
"RPS24",2,0.689985036103747,0.410434141446751,490,14,0.90688991978609,6,-3.39635159028829,-0.437802210059259,0.422115685950392,0.859917896009651,0.0825364770412381,"Late_Increasing"
"NEBL",2,0.688044295806712,0.511064469420466,491,17,1.22754929897464,5,-1.87861125408769,-1.32960564731304,0.818802787452979,2.14840843476602,0.121543298129311,"Late_Increasing"
"CDA",2,0.687100680773897,0.454162817173239,492,17,2.53623046523636,1,-0.725668546074031,-0.644645268962668,1.86736119020607,2.51200645916874,0.128019250568831,"Late_Increasing"
"RPL21",2,0.686226619314753,0.411772360583667,493,14,0.788744182747107,6,-3.38430112441699,-0.479001308238876,0.399226459493145,0.87822776773202,0.0810638473064137,"Late_Increasing"
"GJA1",2,0.680795551339185,0.449613029978647,494,17,1.90618005663562,6,-1.19805113187939,-0.672089102297797,1.55341051936053,2.22549962165832,0.139306556134132,"Late_Increasing"
"CALML3",2,0.673933085265244,0.442669312042116,495,14,1.71302449132748,4,-1.21720031324828,-0.679698964235953,1.22404294551413,1.90374190975008,0.134586300384759,"Late_Increasing"
"FGFBP2",2,0.667899846945449,0.453696013043839,496,17,2.50700893332004,1,-0.785754303771615,-0.748862557532215,1.761586659668,2.51044921720021,0.124606440532654,"Late_Increasing"
"RPL41",2,0.666932191416448,0.410974454209651,497,14,0.929015698753283,6,-3.1524942911327,-0.45459181118042,0.250057291096124,0.704649102276544,0.0770185927588463,"Late_Increasing"
"GPX3",2,0.662072362892962,0.444653493709698,498,17,2.77727369273823,1,-0.766841774794818,-0.692991429983004,1.7650638899584,2.4580553199414,0.130523514458928,"Late_Increasing"
"RPL10",2,0.653862201113953,0.346716337353875,499,14,0.915194707069661,6,-3.1994475506723,-0.165759638958638,0.431607139323491,0.597366778282129,0.0775408660548111,"Late_Increasing"
"ID1",2,0.632984713470038,0.425619729395487,500,20,3.21064005504822,1,-1.23902308945733,-0.682290003304743,1.57562511259486,2.2579151158996,0.125210061090473,"Late_Increasing"
"ALDH1A1",2,0.615496782568749,0.418812834387784,501,19,2.72497681195396,3,-0.72627273638682,-0.691292548235726,1.8481550880702,2.53944763630593,0.127789147476338,"Late_Increasing"
"AL139393.2",2,0.614109365016947,0.39221306091508,502,20,3.28390442208873,5,-0.582121485664738,-0.504050855185884,1.65967953582927,2.16373039101515,0.118759856206438,"Late_Increasing"
"ERBB3",2,0.604022954146257,0.434692389729273,503,6,1.37892505289185,5,-2.05568729288229,-0.90101157537712,0.624948200433302,1.52595977581042,0.0962143844622924,"Early_Low_Late_Increasing"
"CHST1",2,0.602559440173402,0.411873397024837,504,19,2.33593234766853,1,-0.724178114132681,-0.713703444357444,1.74173325495761,2.45543669931505,0.129825951913624,"Late_Increasing"
"CA2",2,0.602208885958339,0.374358179075166,505,20,2.76086396469554,6,-0.859502859955899,-0.310774214955278,1.65322308823688,1.96399730319216,0.102615021025391,"Late_Increasing"
"HOOK2",2,0.587085956624618,0.446940484886902,506,7,1.22842470789733,5,-1.7453107406044,-1.23200432159002,0.872376810820865,2.10438113241088,0.1200478621801,"Early_Low_Late_Increasing"
"DLX1",2,0.586726749306348,0.377967221642803,507,20,3.43738722012766,1,-0.510503894341909,-0.510503894341909,1.68593705502878,2.19644094937068,0.119450491023717,"Late_Increasing"
"P4HA1",2,0.566799258251558,0.405398525688596,508,17,2.9380432931608,3,-1.09250495842077,-0.804104896653186,1.19676867498473,2.00087357163792,0.120069849049682,"Late_Increasing"
"HSD17B1",2,0.557779118994251,0.443738655458999,509,19,1.71914144969097,3,-1.3033133941195,-1.2576484750158,1.4465991025424,2.7042475775582,0.130183686726972,"Late_Increasing"
"TF",2,0.55763548984336,0.36328861171229,510,17,2.84485509488516,6,-0.732045169303342,-0.499849927380531,1.79488170364593,2.29473163102646,0.111346412596388,"Late_Increasing"
"NCBP2",2,0.54565623330326,0.419256026489435,511,6,2.09067953709904,8,-1.65764447687113,-1.1641504318406,0.665614028984339,1.82976446082494,0.0975943800928508,"Overall_Increasing"
"AC011503.1",2,0.541909022085097,0.35510631185442,512,19,2.58539247089444,1,-0.507299701885452,-0.507299701885452,1.82915311455145,2.33645281643691,0.11376749264555,"Late_Increasing"
"KIAA1324",2,0.522014808828022,0.344396720231989,513,1,1.9039249011482,5,-1.9407266557252,-0.396907100201503,0.9267483184482,1.3236554186497,0.0822799657645074,"Early_Low_Late_Increasing"
"SCRG1",2,0.510635560972697,0.338092305655146,514,20,2.33539883962994,6,-0.695643262760936,-0.541958833497322,1.84548656566978,2.3874453991671,0.113214245106645,"Late_Increasing"
"LTBP4",2,0.492070978640068,0.397743604897779,515,6,2.37605537243753,5,-1.48428794433234,-1.12944837373073,1.03732243453256,2.16677080826329,0.115343618375364,"Early_Low_Late_Increasing"
"CTHRC1",2,0.484956075486003,0.288010211104563,516,19,2.00299511124055,6,-0.762052452553978,-0.243710539334292,1.79751894677335,2.04122948610764,0.103220939049602,"Late_Increasing"
