"p_val","avg_log2FC","pct.1","pct.2","p_val_adj","gene","DEG_direction","delta_pct"
0,11.800770391276,0.248,0,0,"LINC02562","Higher_in_BRCA1_tumour",0.248
0,9.78018448445174,0.601,0.001,0,"CALML3","Higher_in_BRCA1_tumour",0.6
0,7.1040792417094,0.216,0.001,0,"CHST1","Higher_in_BRCA1_tumour",0.215
0,6.87861557086008,0.414,0.002,0,"RASIP1","Higher_in_BRCA1_tumour",0.412
0,6.61058946072835,0.139,0.001,0,"CHL1","Higher_in_BRCA1_tumour",0.138
0,6.51802215534215,0.401,0.003,0,"FAM178B","Higher_in_BRCA1_tumour",0.398
0,6.18627724775614,0.12,0.001,0,"MECOM","Higher_in_BRCA1_tumour",0.119
0,6.02801133812665,0.141,0.001,0,"WNT5B","Higher_in_BRCA1_tumour",0.14
0,5.84613566899312,0.104,0.001,0,"ZNF98","Higher_in_BRCA1_tumour",0.103
0,5.77292657513277,0.777,0.018,0,"VCAN","Higher_in_BRCA1_tumour",0.759
0,5.64089500744315,0.115,0.001,0,"ENPEP","Higher_in_BRCA1_tumour",0.114
0,5.56870217884055,0.154,0.002,0,"APCDD1L","Higher_in_BRCA1_tumour",0.152
0,5.55366885136225,0.251,0.004,0,"HOXB2","Higher_in_BRCA1_tumour",0.247
1.28468720002441e-313,5.44308123872115,0.101,0.001,3.19437472286069e-309,"SKAP1","Higher_in_BRCA1_tumour",0.1
0,5.42576295405276,0.224,0.004,0,"EMB","Higher_in_BRCA1_tumour",0.22
0,5.11737100756085,0.19,0.004,0,"USH1C","Higher_in_BRCA1_tumour",0.186
0,5.11433526839637,0.108,0.002,0,"PLAGL1","Higher_in_BRCA1_tumour",0.106
0,5.0696484991392,0.567,0.021,0,"CXCL14","Higher_in_BRCA1_tumour",0.546
0,5.06355095501477,0.313,0.007,0,"DLGAP1","Higher_in_BRCA1_tumour",0.306
0,5.04611914939772,0.863,0.108,0,"IGFBP5","Higher_in_BRCA1_tumour",0.755
0,5.04382878765841,0.111,0.001,0,"HOXB3","Higher_in_BRCA1_tumour",0.11
0,5.03903167157891,0.359,0.01,0,"SERPINB6","Higher_in_BRCA1_tumour",0.349
0,5.03022471716619,0.29,0.011,0,"ALDH1A1","Higher_in_BRCA1_tumour",0.279
0,5.00557595630501,0.12,0.004,0,"BEST4","Higher_in_BRCA1_tumour",0.116
0,4.86099421827207,0.136,0.004,0,"FZD2","Higher_in_BRCA1_tumour",0.132
0,4.83421459376988,0.199,0.005,0,"LRRC34","Higher_in_BRCA1_tumour",0.194
0,4.56155050530356,0.567,0.018,0,"SELENOP","Higher_in_BRCA1_tumour",0.549
0,4.40960138960434,0.153,0.004,0,"ADGRV1","Higher_in_BRCA1_tumour",0.149
0,4.39295495338076,0.267,0.011,0,"GPR160","Higher_in_BRCA1_tumour",0.256
0,4.32197985878146,0.154,0.005,0,"HOXB7","Higher_in_BRCA1_tumour",0.149
0,4.26968375266441,0.359,0.016,0,"GJA1","Higher_in_BRCA1_tumour",0.343
0,4.26345019197974,0.629,0.032,0,"BASP1","Higher_in_BRCA1_tumour",0.597
0,4.25289362295965,0.206,0.009,0,"PIK3CD-AS2","Higher_in_BRCA1_tumour",0.197
0,4.24924948270263,0.137,0.005,0,"CMYA5","Higher_in_BRCA1_tumour",0.132
0,4.22414056229736,0.259,0.012,0,"GPX3","Higher_in_BRCA1_tumour",0.247
0,4.1968483248216,0.142,0.008,0,"AL139393.2","Higher_in_BRCA1_tumour",0.134
0,4.19639935183697,0.445,0.015,0,"CHST9","Higher_in_BRCA1_tumour",0.43
0,4.19582056030307,0.497,0.023,0,"SNRPN","Higher_in_BRCA1_tumour",0.474
0,4.18748986354131,0.33,0.022,0,"RBP4","Higher_in_BRCA1_tumour",0.308
0,4.12446168789277,0.365,0.015,0,"ASPG","Higher_in_BRCA1_tumour",0.35
0,3.93083964236857,0.127,0.005,0,"SLURP1","Higher_in_BRCA1_tumour",0.122
0,3.92802524109522,0.187,0.008,0,"PYGL","Higher_in_BRCA1_tumour",0.179
0,3.85558724808599,0.187,0.01,0,"CCDC8","Higher_in_BRCA1_tumour",0.177
0,3.84597037123436,0.195,0.008,0,"ATP11C","Higher_in_BRCA1_tumour",0.187
0,3.80874065662552,0.426,0.024,0,"HSD17B1","Higher_in_BRCA1_tumour",0.402
1.82642811123001e-291,3.7902849459694,0.106,0.004,4.54141349857342e-287,"GULP1","Higher_in_BRCA1_tumour",0.102
0,3.72401107840508,0.305,0.017,0,"GMPR","Higher_in_BRCA1_tumour",0.288
0,3.6821641724438,0.204,0.009,0,"MAPT","Higher_in_BRCA1_tumour",0.195
0,3.65370930784124,0.533,0.051,0,"HEY1","Higher_in_BRCA1_tumour",0.482
0,3.64537685952516,0.141,0.006,0,"RASL10A","Higher_in_BRCA1_tumour",0.135
0,3.63665896242923,0.187,0.011,0,"SLC40A1","Higher_in_BRCA1_tumour",0.176
2.17424576178661e-288,3.63400752951491,0.105,0.004,5.40626208668241e-284,"PARP8","Higher_in_BRCA1_tumour",0.101
0,3.617234691494,0.39,0.022,0,"MXRA8","Higher_in_BRCA1_tumour",0.368
0,3.58424643060963,0.228,0.014,0,"C6orf141","Higher_in_BRCA1_tumour",0.214
0,3.51976217036929,0.883,0.127,0,"S100A1","Higher_in_BRCA1_tumour",0.756
3.10301197788672e-309,3.50102669506183,0.113,0.005,7.71563928301532e-305,"NUAK1","Higher_in_BRCA1_tumour",0.108
0,3.48433298171077,0.607,0.057,0,"NPW","Higher_in_BRCA1_tumour",0.55
0,3.47701107626931,0.192,0.009,0,"GATD3A","Higher_in_BRCA1_tumour",0.183
0,3.46388748993943,0.436,0.027,0,"KIT","Higher_in_BRCA1_tumour",0.409
0,3.43101269087738,0.836,0.102,0,"TUBA1A","Higher_in_BRCA1_tumour",0.734
0,3.41523363459024,0.183,0.014,0,"SPART","Higher_in_BRCA1_tumour",0.169
2.82714323886529e-264,3.40239105289866,0.103,0.006,7.02969166343855e-260,"POMC","Higher_in_BRCA1_tumour",0.097
3.95252516672997e-323,3.32607693624421,0.136,0.01,9.82795382707408e-319,"CYP1B1","Higher_in_BRCA1_tumour",0.126
0,3.25789815325341,0.262,0.017,0,"MARC1","Higher_in_BRCA1_tumour",0.245
0,3.24981525204685,0.536,0.037,0,"FXYD6","Higher_in_BRCA1_tumour",0.499
0,3.24627947258689,0.229,0.017,0,"GPX8","Higher_in_BRCA1_tumour",0.212
0,3.19675553154526,0.129,0.008,0,"KCNC3","Higher_in_BRCA1_tumour",0.121
5.73116149175846e-322,3.19615774094257,0.138,0.011,1.42505330492574e-317,"ARL9","Higher_in_BRCA1_tumour",0.127
0,3.18039308176751,0.249,0.019,0,"PLTP","Higher_in_BRCA1_tumour",0.23
0,3.17586665848685,0.512,0.044,0,"SELENBP1","Higher_in_BRCA1_tumour",0.468
0,3.16380553388541,0.418,0.035,0,"NES","Higher_in_BRCA1_tumour",0.383
0,3.15283564304991,0.385,0.031,0,"TMC4","Higher_in_BRCA1_tumour",0.354
0,3.14921551427936,0.283,0.019,0,"EXPH5","Higher_in_BRCA1_tumour",0.264
0,3.07275733503255,0.157,0.013,0,"NRN1","Higher_in_BRCA1_tumour",0.144
8.50186487177203e-228,3.07185784037222,0.102,0.009,2.11398870036612e-223,"EPB41L2","Higher_in_BRCA1_tumour",0.093
5.92878775009496e-323,3.0399321470144,0.136,0.01,1.47419307406111e-318,"PLEKHG4B","Higher_in_BRCA1_tumour",0.126
0,2.99922956750893,0.644,0.071,0,"SIX1","Higher_in_BRCA1_tumour",0.573
0,2.99653820404611,0.153,0.011,0,"ZNF708","Higher_in_BRCA1_tumour",0.142
0,2.98372062430679,0.841,0.166,0,"TCTEX1D2","Higher_in_BRCA1_tumour",0.675
0,2.96064569238133,0.179,0.014,0,"AC011247.1","Higher_in_BRCA1_tumour",0.165
0,2.94464998059201,0.622,0.071,0,"HEXIM1","Higher_in_BRCA1_tumour",0.551
1.74553012708734e-265,2.92153191206109,0.111,0.008,4.34026066100266e-261,"HOXA9","Higher_in_BRCA1_tumour",0.103
0,2.90888037985415,0.867,0.253,0,"TTYH1","Higher_in_BRCA1_tumour",0.614
0,2.89303506107615,0.515,0.056,0,"LRRC59","Higher_in_BRCA1_tumour",0.459
2.73812352439364e-256,2.89058724921355,0.117,0.011,6.8083441434048e-252,"MAP9","Higher_in_BRCA1_tumour",0.106
2.7850709969445e-293,2.81911732729785,0.128,0.01,6.92507903390251e-289,"ACSL4","Higher_in_BRCA1_tumour",0.118
0,2.80234527991588,0.219,0.018,0,"THBS3","Higher_in_BRCA1_tumour",0.201
0,2.79899679334354,0.246,0.021,0,"SPACA6","Higher_in_BRCA1_tumour",0.225
0,2.75683838091484,0.146,0.012,0,"LINC00461","Higher_in_BRCA1_tumour",0.134
9.2434533905084e-313,2.75152959672183,0.134,0.01,2.29838468554991e-308,"DTX3","Higher_in_BRCA1_tumour",0.124
6.35600842685161e-244,2.74164226231658,0.122,0.014,1.58042149533665e-239,"RRAS2","Higher_in_BRCA1_tumour",0.108
5.32470564650895e-262,2.73935765194897,0.125,0.013,1.32398805900445e-257,"C5orf38","Higher_in_BRCA1_tumour",0.112
1.67495058903949e-314,2.72886332174214,0.144,0.013,4.16476463964669e-310,"ADAMTS1","Higher_in_BRCA1_tumour",0.131
0,2.71157776613071,0.286,0.026,0,"KDELC2","Higher_in_BRCA1_tumour",0.26
0,2.70458160943158,0.499,0.073,0,"CADM1","Higher_in_BRCA1_tumour",0.426
0,2.7023681078521,0.503,0.054,0,"MEX3A","Higher_in_BRCA1_tumour",0.449
0,2.68457725461934,0.16,0.016,0,"LINC01006","Higher_in_BRCA1_tumour",0.144
8.15257507121943e-269,2.67536855634499,0.122,0.011,2.02713779145871e-264,"ZNF8","Higher_in_BRCA1_tumour",0.111
0,2.67250093361824,0.551,0.084,0,"ATF5","Higher_in_BRCA1_tumour",0.467
0,2.66873905579523,0.37,0.041,0,"TM7SF2","Higher_in_BRCA1_tumour",0.329
0,2.66866530736307,0.278,0.024,0,"SORL1","Higher_in_BRCA1_tumour",0.254
0,2.65606901546542,0.338,0.032,0,"SPPL3","Higher_in_BRCA1_tumour",0.306
0,2.65241402678201,0.355,0.042,0,"HSPA2","Higher_in_BRCA1_tumour",0.313
0,2.64030018899036,0.603,0.077,0,"YBEY","Higher_in_BRCA1_tumour",0.526
0,2.63062261363852,0.53,0.069,0,"SHKBP1","Higher_in_BRCA1_tumour",0.461
0,2.61369910486242,0.148,0.013,0,"CDA","Higher_in_BRCA1_tumour",0.135
0,2.60758974255216,0.692,0.09,0,"CRABP1","Higher_in_BRCA1_tumour",0.602
0,2.59207724934898,0.465,0.055,0,"FUNDC1","Higher_in_BRCA1_tumour",0.41
0,2.59160714156855,0.586,0.088,0,"MYADM","Higher_in_BRCA1_tumour",0.498
0,2.57685275252329,0.522,0.15,0,"ISG15","Higher_in_BRCA1_tumour",0.372
0,2.56351160035076,0.252,0.023,0,"BX284668.5","Higher_in_BRCA1_tumour",0.229
2.04942302387479e-246,2.55184691266004,0.11,0.01,5.09589034886466e-242,"AP006623.1","Higher_in_BRCA1_tumour",0.1
2.87295655526675e-313,2.54537290782658,0.143,0.013,7.14360647467078e-309,"GDF11","Higher_in_BRCA1_tumour",0.13
0,2.54499779758533,0.214,0.022,0,"HSPB2","Higher_in_BRCA1_tumour",0.192
0,2.52914575418505,0.156,0.014,0,"ZNF675","Higher_in_BRCA1_tumour",0.142
0,2.51801209520542,0.552,0.091,0,"FAM3B","Higher_in_BRCA1_tumour",0.461
0,2.51489095532688,0.544,0.083,0,"ZNF581","Higher_in_BRCA1_tumour",0.461
0,2.51084436628847,0.926,0.458,0,"TSEN34","Higher_in_BRCA1_tumour",0.468
0,2.51055971685402,0.457,0.058,0,"LTBP4","Higher_in_BRCA1_tumour",0.399
0,2.50713191600025,0.958,0.294,0,"MGP","Higher_in_BRCA1_tumour",0.664
0,2.50686174274486,0.39,0.05,0,"MME","Higher_in_BRCA1_tumour",0.34
0,2.4981346336482,0.395,0.045,0,"ATXN7L3B","Higher_in_BRCA1_tumour",0.35
0,2.49079798436124,0.495,0.073,0,"SH3BGR","Higher_in_BRCA1_tumour",0.422
0,2.47973702580357,0.185,0.017,0,"ATP6V0A4","Higher_in_BRCA1_tumour",0.168
3.84776087035604e-233,2.46558582351187,0.113,0.012,9.5674574041403e-229,"TJP3","Higher_in_BRCA1_tumour",0.101
7.14971800358258e-204,2.44555895892644,0.103,0.012,1.77777738159081e-199,"MCOLN3","Higher_in_BRCA1_tumour",0.091
0,2.44362457077544,0.336,0.04,0,"PRIM1","Higher_in_BRCA1_tumour",0.296
0,2.44296859816188,0.264,0.035,0,"MX2","Higher_in_BRCA1_tumour",0.229
0,2.43321482762519,0.206,0.021,0,"APC","Higher_in_BRCA1_tumour",0.185
0,2.42540789722193,0.998,0.976,0,"RPL28","Higher_in_BRCA1_tumour",0.022
0,2.42277316210535,0.411,0.056,0,"ISYNA1","Higher_in_BRCA1_tumour",0.355
0,2.41887374740493,0.772,0.164,0,"NFIX","Higher_in_BRCA1_tumour",0.608
0,2.41450273480211,0.168,0.016,0,"YJEFN3","Higher_in_BRCA1_tumour",0.152
0,2.41135979060226,0.591,0.092,0,"RHOBTB3","Higher_in_BRCA1_tumour",0.499
1.24337688649772e-257,2.40854384585284,0.126,0.014,3.09165662827658e-253,"SOX11","Higher_in_BRCA1_tumour",0.112
0,2.40746033851476,0.259,0.032,0,"HPN","Higher_in_BRCA1_tumour",0.227
7.97130075114498e-236,2.40087570136621,0.129,0.017,1.9820639317722e-231,"FXYD1","Higher_in_BRCA1_tumour",0.112
0,2.39260925222853,0.197,0.023,0,"COL18A1","Higher_in_BRCA1_tumour",0.174
1.27698461983859e-295,2.39025926582419,0.136,0.013,3.17522225722865e-291,"LINC01473","Higher_in_BRCA1_tumour",0.123
0,2.38713233983049,0.191,0.021,0,"NBAS","Higher_in_BRCA1_tumour",0.17
0,2.38536442261829,0.215,0.023,0,"IFT81","Higher_in_BRCA1_tumour",0.192
4.91231900363208e-289,2.37539083675211,0.14,0.015,1.22144812025312e-284,"B9D2","Higher_in_BRCA1_tumour",0.125
5.39896733207347e-287,2.37331833897508,0.14,0.015,1.34245322712007e-282,"ADGRG6","Higher_in_BRCA1_tumour",0.125
0,2.36462774591319,0.169,0.017,0,"HEXIM2","Higher_in_BRCA1_tumour",0.152
0,2.35487533640317,0.181,0.023,0,"NEFH","Higher_in_BRCA1_tumour",0.158
3.41009936509671e-232,2.33855600392411,0.228,0.065,8.47921207131298e-228,"TF","Higher_in_BRCA1_tumour",0.163
0,2.33266466852945,0.199,0.023,0,"SELENOI","Higher_in_BRCA1_tumour",0.176
0,2.32285358876376,0.401,0.044,0,"TNIK","Higher_in_BRCA1_tumour",0.357
0,2.31589554097328,0.976,0.691,0,"CD63","Higher_in_BRCA1_tumour",0.285
0,2.31400525743468,0.187,0.02,0,"ZSCAN5A","Higher_in_BRCA1_tumour",0.167
0,2.31385800327826,0.718,0.141,0,"HADHB","Higher_in_BRCA1_tumour",0.577
4.11714515050092e-252,2.30702183141082,0.137,0.018,1.02372814167205e-247,"ECI2","Higher_in_BRCA1_tumour",0.119
0,2.30678461413621,0.69,0.131,0,"PTRHD1","Higher_in_BRCA1_tumour",0.559
1.43651106248574e-246,2.30318364588189,0.133,0.017,3.57188475687079e-242,"CLMP","Higher_in_BRCA1_tumour",0.116
0,2.29264857006903,0.231,0.027,0,"FMNL2","Higher_in_BRCA1_tumour",0.204
0,2.2906239398667,0.315,0.073,0,"CA2","Higher_in_BRCA1_tumour",0.242
0,2.28769188316881,0.417,0.055,0,"ALDH16A1","Higher_in_BRCA1_tumour",0.362
0,2.27940274234589,0.338,0.046,0,"SYNE4","Higher_in_BRCA1_tumour",0.292
0,2.27470566290784,0.17,0.019,0,"ANXA2R","Higher_in_BRCA1_tumour",0.151
0,2.27246439062672,0.431,0.059,0,"CACNA1A","Higher_in_BRCA1_tumour",0.372
4.67311009416683e-262,2.26578400217132,0.15,0.022,1.16196882491458e-257,"CNTD2","Higher_in_BRCA1_tumour",0.128
0,2.25404013655749,0.175,0.02,0,"EVI5","Higher_in_BRCA1_tumour",0.155
0,2.2475620887268,0.696,0.137,0,"HADHA","Higher_in_BRCA1_tumour",0.559
0,2.24511362348514,0.697,0.117,0,"AZGP1","Higher_in_BRCA1_tumour",0.58
0,2.24180373419639,0.186,0.02,0,"ELOVL4","Higher_in_BRCA1_tumour",0.166
6.6533076778408e-249,2.23933136380824,0.133,0.017,1.65434495409511e-244,"ERVK3-1","Higher_in_BRCA1_tumour",0.116
0,2.23566873701821,0.178,0.021,0,"A2ML1","Higher_in_BRCA1_tumour",0.157
0,2.23442106607018,0.275,0.033,0,"CLDN8","Higher_in_BRCA1_tumour",0.242
0,2.22995292052284,0.92,0.369,0,"ABRACL","Higher_in_BRCA1_tumour",0.551
2.92910903125256e-235,2.21919734391216,0.124,0.015,7.2832296062095e-231,"CCDC106","Higher_in_BRCA1_tumour",0.109
1.07664510321434e-199,2.21442155829806,0.11,0.015,2.67707804914246e-195,"CCL28","Higher_in_BRCA1_tumour",0.095
0,2.20258880822093,0.442,0.054,0,"ELF5","Higher_in_BRCA1_tumour",0.388
0,2.19944926496757,0.997,0.984,0,"RPS23","Higher_in_BRCA1_tumour",0.013
0,2.19835269171306,0.472,0.086,0,"FBXO2","Higher_in_BRCA1_tumour",0.386
0,2.19801765684858,0.483,0.076,0,"SRPRA","Higher_in_BRCA1_tumour",0.407
0,2.19008090624282,0.951,0.459,0,"VIM","Higher_in_BRCA1_tumour",0.492
0,2.18947776231623,0.389,0.062,0,"PPP1R1B","Higher_in_BRCA1_tumour",0.327
0,2.15551833977123,0.994,0.976,0,"RPS5","Higher_in_BRCA1_tumour",0.018
0,2.15272233092189,0.354,0.051,0,"DDX10","Higher_in_BRCA1_tumour",0.303
0,2.15261865438965,0.237,0.03,0,"MORC4","Higher_in_BRCA1_tumour",0.207
1.40406392280022e-226,2.15104158728867,0.115,0.013,3.49120494404275e-222,"ZNF837","Higher_in_BRCA1_tumour",0.102
0,2.14843908786149,0.22,0.032,0,"FKBP7","Higher_in_BRCA1_tumour",0.188
1.14297344300237e-210,2.14807347441885,0.12,0.017,2.8420034660254e-206,"ALDH1L2","Higher_in_BRCA1_tumour",0.103
0,2.1475996179863,0.503,0.069,0,"EFHD1","Higher_in_BRCA1_tumour",0.434
2.23503991459765e-199,2.14170459487498,0.102,0.012,5.55742674764706e-195,"GEN1","Higher_in_BRCA1_tumour",0.09
9.4123809289e-259,2.14149600209788,0.138,0.017,2.34038851797099e-254,"PHLDB1","Higher_in_BRCA1_tumour",0.121
0,2.13946155330046,0.567,0.106,0,"EPB41L4A-AS1","Higher_in_BRCA1_tumour",0.461
0,2.11938652715254,0.557,0.101,0,"G3BP2","Higher_in_BRCA1_tumour",0.456
0,2.11929651344969,0.348,0.052,0,"AMMECR1","Higher_in_BRCA1_tumour",0.296
0,2.11164431593839,0.805,0.221,0,"PIGP","Higher_in_BRCA1_tumour",0.584
6.50982977449401e-238,2.10818921283588,0.125,0.015,1.61866917342794e-233,"HID1","Higher_in_BRCA1_tumour",0.11
0,2.10700656736057,0.737,0.175,0,"GTPBP4","Higher_in_BRCA1_tumour",0.562
0,2.1018409075596,0.918,0.351,0,"SNHG8","Higher_in_BRCA1_tumour",0.567
0,2.10077819046561,0.912,0.358,0,"TTC3","Higher_in_BRCA1_tumour",0.554
0,2.10065283077397,0.967,0.679,0,"KRT8","Higher_in_BRCA1_tumour",0.288
0,2.09777494236043,0.398,0.062,0,"QPRT","Higher_in_BRCA1_tumour",0.336
0,2.09724914914944,0.791,0.21,0,"EIF4B","Higher_in_BRCA1_tumour",0.581
4.78643585767883e-201,2.09071361692969,0.116,0.017,1.19014727601184e-196,"ADGRE5","Higher_in_BRCA1_tumour",0.099
0,2.08668850215629,0.623,0.122,0,"NET1","Higher_in_BRCA1_tumour",0.501
0,2.08376580805818,0.202,0.029,0,"CYB561D2","Higher_in_BRCA1_tumour",0.173
0,2.08166134214779,0.247,0.031,0,"ANKRD36C","Higher_in_BRCA1_tumour",0.216
0,2.07671567421546,0.977,0.728,0,"EEF1B2","Higher_in_BRCA1_tumour",0.249
0,2.0733741766077,0.232,0.03,0,"ANKRD36","Higher_in_BRCA1_tumour",0.202
9.44981159685991e-298,2.07230572745236,0.158,0.02,2.34969565355922e-293,"KCNK7","Higher_in_BRCA1_tumour",0.138
0,2.07076990767909,0.423,0.066,0,"H2AFY2","Higher_in_BRCA1_tumour",0.357
0,2.06724524236449,0.262,0.034,0,"TFB1M","Higher_in_BRCA1_tumour",0.228
0,2.05942592775027,0.199,0.026,0,"MAPK10","Higher_in_BRCA1_tumour",0.173
0,2.05414771898779,0.36,0.053,0,"ZNF83","Higher_in_BRCA1_tumour",0.307
0,2.05390863749463,0.391,0.056,0,"NPDC1","Higher_in_BRCA1_tumour",0.335
1.91066012967951e-223,2.05351874208146,0.133,0.02,4.75085641244811e-219,"NAAA","Higher_in_BRCA1_tumour",0.113
2.30307258219196e-272,2.04638857918366,0.147,0.019,5.7265899756203e-268,"AC067852.2","Higher_in_BRCA1_tumour",0.128
0,2.04614748693981,0.376,0.059,0,"HBS1L","Higher_in_BRCA1_tumour",0.317
9.55936119751928e-305,2.04342011759137,0.164,0.021,2.37693516176317e-300,"CAD","Higher_in_BRCA1_tumour",0.143
0,2.03440772648023,0.842,0.271,0,"RAB10","Higher_in_BRCA1_tumour",0.571
0,2.03348883997056,0.32,0.05,0,"FAM98A","Higher_in_BRCA1_tumour",0.27
1.85124416646402e-220,2.02905142970328,0.123,0.017,4.60311861991277e-216,"ZNF254","Higher_in_BRCA1_tumour",0.106
0,2.02227275797076,0.191,0.026,0,"SIX4","Higher_in_BRCA1_tumour",0.165
1.67920884641309e-195,2.01602174239607,0.104,0.013,4.17535279660614e-191,"TSLP","Higher_in_BRCA1_tumour",0.091
0,2.01511048681177,0.384,0.066,0,"SSBP4","Higher_in_BRCA1_tumour",0.318
0,2.01447564687494,0.333,0.053,0,"HRASLS","Higher_in_BRCA1_tumour",0.28
0,2.01347161793829,0.285,0.041,0,"PFKM","Higher_in_BRCA1_tumour",0.244
0,2.01171116388932,0.308,0.047,0,"ZNF444","Higher_in_BRCA1_tumour",0.261
0,2.01121812647462,0.33,0.054,0,"SLC16A1","Higher_in_BRCA1_tumour",0.276
0,2.00988141625301,0.567,0.115,0,"MBOAT7","Higher_in_BRCA1_tumour",0.452
0,2.00856040635465,0.998,0.982,0,"RPS16","Higher_in_BRCA1_tumour",0.016
0,2.00328459231941,0.761,0.206,0,"PRPF31","Higher_in_BRCA1_tumour",0.555
0,2.0001354148983,0.623,0.128,0,"TRAPPC4","Higher_in_BRCA1_tumour",0.495
0,1.98804687480614,0.666,0.172,0,"SNHG7","Higher_in_BRCA1_tumour",0.494
0,1.9878517511891,0.415,0.066,0,"EHF","Higher_in_BRCA1_tumour",0.349
0,1.98765457894888,0.505,0.099,0,"HSPBP1","Higher_in_BRCA1_tumour",0.406
8.57325979387238e-192,1.98394698781499,0.106,0.014,2.13174104774637e-187,"ZNF552","Higher_in_BRCA1_tumour",0.092
0,1.98142309306384,0.182,0.023,0,"ANKRD36B","Higher_in_BRCA1_tumour",0.159
0,1.97675726631013,0.977,0.754,0,"RPS26","Higher_in_BRCA1_tumour",0.223
2.03011204689824e-271,1.97646903364373,0.139,0.016,5.04787360461248e-267,"CST6","Higher_in_BRCA1_tumour",0.123
0,1.97480513350017,0.279,0.042,0,"MELTF-AS1","Higher_in_BRCA1_tumour",0.237
7.6858949421909e-278,1.97287116710338,0.159,0.023,1.91109777737577e-273,"CLIC3","Higher_in_BRCA1_tumour",0.136
0,1.96910854961331,0.953,0.595,0,"ATP5F1C","Higher_in_BRCA1_tumour",0.358
0,1.96815333829451,0.882,0.363,0,"ETFB","Higher_in_BRCA1_tumour",0.519
1.46864074920602e-272,1.96624318834739,0.142,0.017,3.65177522290078e-268,"SYDE2","Higher_in_BRCA1_tumour",0.125
1.92421797176691e-283,1.96328387296474,0.158,0.021,4.78456798679843e-279,"SOS1","Higher_in_BRCA1_tumour",0.137
4.21685997585298e-225,1.95896959698428,0.133,0.02,1.04852223299584e-220,"ABHD14A","Higher_in_BRCA1_tumour",0.113
0,1.95420726050611,0.351,0.062,0,"MFSD2A","Higher_in_BRCA1_tumour",0.289
0,1.95265170065939,0.278,0.045,0,"MAN2A1","Higher_in_BRCA1_tumour",0.233
0,1.95130910308125,0.64,0.137,0,"BCLAF1","Higher_in_BRCA1_tumour",0.503
2.59923957669047e-272,1.93563463470457,0.154,0.021,6.46300920744086e-268,"MLH3","Higher_in_BRCA1_tumour",0.133
0,1.93552562521963,0.295,0.055,0,"RAB32","Higher_in_BRCA1_tumour",0.24
0,1.93408132822473,0.353,0.058,0,"TRIP11","Higher_in_BRCA1_tumour",0.295
0,1.93227614622918,0.782,0.256,0,"TSTA3","Higher_in_BRCA1_tumour",0.526
1.91642488923475e-229,1.9321825018816,0.13,0.018,4.7651904870822e-225,"ACVR1B","Higher_in_BRCA1_tumour",0.112
0,1.92442824226731,0.773,0.253,0,"ODC1","Higher_in_BRCA1_tumour",0.52
0,1.92404775799705,0.993,0.953,0,"RPL7A","Higher_in_BRCA1_tumour",0.04
0,1.9183000167134,0.384,0.067,0,"MORN2","Higher_in_BRCA1_tumour",0.317
1.89908494241317e-266,1.91676622230062,0.156,0.023,4.72207470931035e-262,"SCAF8","Higher_in_BRCA1_tumour",0.133
0,1.91651712084342,0.942,0.496,0,"HSPD1","Higher_in_BRCA1_tumour",0.446
0,1.9142718269859,0.324,0.051,0,"HLCS","Higher_in_BRCA1_tumour",0.273
4.0926134264568e-231,1.91008371718223,0.135,0.02,1.01762832848848e-226,"ZNF43","Higher_in_BRCA1_tumour",0.115
0,1.90778788961333,0.945,0.323,0,"MDK","Higher_in_BRCA1_tumour",0.622
0,1.90636125547602,0.397,0.071,0,"NUP107","Higher_in_BRCA1_tumour",0.326
0,1.90314276954993,0.794,0.349,0,"KLF6","Higher_in_BRCA1_tumour",0.445
0,1.90212769978064,0.214,0.031,0,"PLPPR2","Higher_in_BRCA1_tumour",0.183
0,1.90143426161441,0.521,0.104,0,"YEATS4","Higher_in_BRCA1_tumour",0.417
0,1.90033299358264,0.655,0.148,0,"NEBL","Higher_in_BRCA1_tumour",0.507
0,1.89825588178539,0.377,0.064,0,"CRACR2B","Higher_in_BRCA1_tumour",0.313
0,1.89213442853569,0.209,0.03,0,"YTHDC2","Higher_in_BRCA1_tumour",0.179
0,1.89127418974915,0.268,0.042,0,"ASXL2","Higher_in_BRCA1_tumour",0.226
3.61461185430976e-177,1.88499327987397,0.109,0.017,8.98773237574123e-173,"ZNF480","Higher_in_BRCA1_tumour",0.092
3.81234358146589e-211,1.88193380806693,0.119,0.016,9.47939231531493e-207,"NIFK-AS1","Higher_in_BRCA1_tumour",0.103
0,1.88173490386637,0.247,0.034,0,"IL1R2","Higher_in_BRCA1_tumour",0.213
0,1.87753101907082,0.289,0.045,0,"PCNT","Higher_in_BRCA1_tumour",0.244
0,1.87458862975433,0.324,0.053,0,"CNOT3","Higher_in_BRCA1_tumour",0.271
0,1.87210152338628,0.499,0.094,0,"JOSD2","Higher_in_BRCA1_tumour",0.405
0,1.86655877949861,0.41,0.072,0,"CHEK1","Higher_in_BRCA1_tumour",0.338
0,1.85430275249425,0.261,0.042,0,"PPM1A","Higher_in_BRCA1_tumour",0.219
0,1.85157307086082,0.941,0.629,0,"ATP5F1B","Higher_in_BRCA1_tumour",0.312
0,1.85145321411326,0.804,0.264,0,"ISOC2","Higher_in_BRCA1_tumour",0.54
0,1.85052112313763,0.315,0.055,0,"SNHG25","Higher_in_BRCA1_tumour",0.26
0,1.84747511937845,0.234,0.036,0,"CWC22","Higher_in_BRCA1_tumour",0.198
0,1.84382539483084,0.364,0.067,0,"TLE4","Higher_in_BRCA1_tumour",0.297
0,1.84376821862768,0.733,0.213,0,"PPIC","Higher_in_BRCA1_tumour",0.52
0,1.84351003151885,0.482,0.096,0,"KIN","Higher_in_BRCA1_tumour",0.386
0,1.84140319801164,0.294,0.046,0,"NREP","Higher_in_BRCA1_tumour",0.248
0,1.84107158527839,0.508,0.099,0,"MTHFD2L","Higher_in_BRCA1_tumour",0.409
0,1.84004347847843,0.917,0.472,0,"FBL","Higher_in_BRCA1_tumour",0.445
0,1.83924913751728,0.909,0.675,0,"KRT5","Higher_in_BRCA1_tumour",0.234
0,1.8350655513038,0.368,0.069,0,"HEY2","Higher_in_BRCA1_tumour",0.299
0,1.83376103627334,0.248,0.041,0,"WDR75","Higher_in_BRCA1_tumour",0.207
0,1.83203136406605,0.36,0.066,0,"ASNSD1","Higher_in_BRCA1_tumour",0.294
1.41786924881133e-171,1.82858462784499,0.102,0.015,3.52553188716936e-167,"CMBL","Higher_in_BRCA1_tumour",0.087
0,1.82850671659013,0.404,0.082,0,"SERTAD4-AS1","Higher_in_BRCA1_tumour",0.322
1.19336240841223e-207,1.82843490021978,0.137,0.024,2.96729562851702e-203,"FADS3","Higher_in_BRCA1_tumour",0.113
2.27804169722505e-202,1.82731429676421,0.125,0.02,5.66435068015009e-198,"MIPEP","Higher_in_BRCA1_tumour",0.105
6.97073835627737e-182,1.82722424082582,0.104,0.015,1.73327409228837e-177,"HHAT","Higher_in_BRCA1_tumour",0.089
0,1.82714437503187,0.422,0.076,0,"AP3B1","Higher_in_BRCA1_tumour",0.346
9.64348709629422e-212,1.82538387943825,0.119,0.016,2.39785306649356e-207,"NUDT12","Higher_in_BRCA1_tumour",0.103
0,1.82401660346271,0.321,0.052,0,"BAZ2B","Higher_in_BRCA1_tumour",0.269
8.60456625137314e-262,1.81758880363266,0.165,0.027,2.13952539840393e-257,"BRCA2","Higher_in_BRCA1_tumour",0.138
2.45370481914601e-261,1.81752370650753,0.153,0.022,6.10113703280656e-257,"STON2","Higher_in_BRCA1_tumour",0.131
0,1.81472630535407,0.269,0.043,0,"PMS1","Higher_in_BRCA1_tumour",0.226
0,1.81439926710373,0.232,0.036,0,"ARHGAP18","Higher_in_BRCA1_tumour",0.196
0,1.8115475136693,0.408,0.082,0,"ASF1A","Higher_in_BRCA1_tumour",0.326
0,1.80911068375845,0.598,0.134,0,"TSFM","Higher_in_BRCA1_tumour",0.464
2.08790510825364e-179,1.80570305303819,0.116,0.02,5.19157605167268e-175,"SPA17","Higher_in_BRCA1_tumour",0.096
3.2472387403724e-261,1.80475984742488,0.443,0.186,8.07425912793597e-257,"MX1","Higher_in_BRCA1_tumour",0.257
3.26388997225207e-270,1.80114016197334,0.179,0.032,8.11566241600478e-266,"AC109322.1","Higher_in_BRCA1_tumour",0.147
0,1.80046620255889,0.993,0.965,0,"NACA","Higher_in_BRCA1_tumour",0.028
0,1.79867038747481,0.35,0.061,0,"ATP23","Higher_in_BRCA1_tumour",0.289
0,1.79788962968537,0.227,0.04,0,"TXNRD1","Higher_in_BRCA1_tumour",0.187
1.16664427664904e-302,1.79537240026987,0.182,0.028,2.90086099388785e-298,"PEX3","Higher_in_BRCA1_tumour",0.154
0,1.79492485922729,0.566,0.138,0,"PPP1R16A","Higher_in_BRCA1_tumour",0.428
0,1.79453835366846,0.418,0.082,0,"TET1","Higher_in_BRCA1_tumour",0.336
0,1.79368535383999,0.255,0.041,0,"FAM215B","Higher_in_BRCA1_tumour",0.214
7.00370747173286e-305,1.78950119908877,0.199,0.035,1.74147186284637e-300,"BCAM","Higher_in_BRCA1_tumour",0.164
0,1.78702123870574,0.46,0.087,0,"CHD1","Higher_in_BRCA1_tumour",0.373
0,1.78466595269031,0.392,0.074,0,"NOA1","Higher_in_BRCA1_tumour",0.318
0,1.77899329077381,0.355,0.064,0,"ROCK2","Higher_in_BRCA1_tumour",0.291
0,1.77737077031835,0.343,0.062,0,"GUCY1A1","Higher_in_BRCA1_tumour",0.281
0,1.77590717776719,0.323,0.059,0,"XPOT","Higher_in_BRCA1_tumour",0.264
1.32542032836013e-151,1.77414221616558,0.101,0.018,3.29565764646747e-147,"RAB15","Higher_in_BRCA1_tumour",0.083
0,1.77354366569755,0.21,0.036,0,"AC084033.3","Higher_in_BRCA1_tumour",0.174
6.09094813564923e-211,1.77203684209648,0.137,0.023,1.51451425392918e-206,"AGPS","Higher_in_BRCA1_tumour",0.114
1.18205681481892e-291,1.77005185349222,0.201,0.038,2.93918427004725e-287,"PPM1K","Higher_in_BRCA1_tumour",0.163
0,1.76530713779578,0.351,0.067,0,"TNNT1","Higher_in_BRCA1_tumour",0.284
0,1.76456556689518,0.288,0.049,0,"ZMYND11","Higher_in_BRCA1_tumour",0.239
0,1.76292266367117,0.31,0.058,0,"ZNF766","Higher_in_BRCA1_tumour",0.252
4.82182032801132e-181,1.76232326516345,0.105,0.015,1.19894562456001e-176,"CCDC153","Higher_in_BRCA1_tumour",0.09
0,1.76166211517017,0.7,0.195,0,"PIH1D1","Higher_in_BRCA1_tumour",0.505
5.98163928575341e-208,1.75860562254714,0.126,0.02,1.48733460840259e-203,"C2orf88","Higher_in_BRCA1_tumour",0.106
0,1.7543000709149,0.919,0.388,0,"S100A13","Higher_in_BRCA1_tumour",0.531
8.33350218768524e-269,1.74961847017607,0.164,0.026,2.07212531896794e-264,"RMND1","Higher_in_BRCA1_tumour",0.138
1.66114119994391e-256,1.74937487463177,0.163,0.027,4.13042759366052e-252,"ARMCX2","Higher_in_BRCA1_tumour",0.136
0,1.74920316483065,0.465,0.097,0,"CCNH","Higher_in_BRCA1_tumour",0.368
0,1.74773645599618,0.49,0.104,0,"KDM5B","Higher_in_BRCA1_tumour",0.386
0,1.74743062696074,0.432,0.086,0,"PPIL4","Higher_in_BRCA1_tumour",0.346
0,1.74431506108596,0.227,0.037,0,"NWD1","Higher_in_BRCA1_tumour",0.19
0,1.74316266582693,0.331,0.061,0,"DNAJC10","Higher_in_BRCA1_tumour",0.27
1.29049216791244e-290,1.74010217197933,0.178,0.028,3.20880877551429e-286,"DEGS2","Higher_in_BRCA1_tumour",0.15
0,1.73664553036365,0.409,0.084,0,"ARCN1","Higher_in_BRCA1_tumour",0.325
0,1.73643706806501,0.267,0.049,0,"MSI2","Higher_in_BRCA1_tumour",0.218
0,1.73613932433194,0.274,0.049,0,"PPIP5K2","Higher_in_BRCA1_tumour",0.225
1.67428617756315e-301,1.73601067799112,0.188,0.031,4.16311258051077e-297,"DIXDC1","Higher_in_BRCA1_tumour",0.157
2.84378215249282e-309,1.73552602394976,0.195,0.032,7.07106432217339e-305,"LRCH3","Higher_in_BRCA1_tumour",0.163
0,1.73546220881647,0.326,0.059,0,"KMT5C","Higher_in_BRCA1_tumour",0.267
0,1.73503804664849,0.505,0.111,0,"PIK3R1","Higher_in_BRCA1_tumour",0.394
0,1.73450514686211,0.989,0.937,0,"RPS11","Higher_in_BRCA1_tumour",0.0519999999999999
0,1.73003429319707,0.25,0.043,0,"SRFBP1","Higher_in_BRCA1_tumour",0.207
0,1.72761944802559,0.874,0.369,0,"COMT","Higher_in_BRCA1_tumour",0.505
1.61924102272195e-221,1.72620567201796,0.14,0.023,4.02624280299813e-217,"PITRM1","Higher_in_BRCA1_tumour",0.117
0,1.72439822530203,0.256,0.044,0,"CSNK1G3","Higher_in_BRCA1_tumour",0.212
0,1.72052210994997,0.939,0.755,0,"CALML5","Higher_in_BRCA1_tumour",0.184
0,1.71920563853107,0.656,0.186,0,"TMEM213","Higher_in_BRCA1_tumour",0.47
0,1.71737269376289,0.994,0.96,0,"RPS9","Higher_in_BRCA1_tumour",0.034
0,1.71446888404295,0.274,0.049,0,"ALDH3A2","Higher_in_BRCA1_tumour",0.225
0,1.71412162586575,0.325,0.065,0,"AKR1C3","Higher_in_BRCA1_tumour",0.26
0,1.71247055796779,0.211,0.036,0,"AC008124.1","Higher_in_BRCA1_tumour",0.175
9.49532936063238e-303,1.71199437503557,0.204,0.037,2.36101364552124e-298,"DCAF5","Higher_in_BRCA1_tumour",0.167
0,1.71183152221491,0.859,0.335,0,"GDI2","Higher_in_BRCA1_tumour",0.524
0,1.70812024515865,0.993,0.995,0,"RPL13A","Higher_in_BRCA1_tumour",-0.002
0,1.70765623297662,0.969,0.695,0,"OST4","Higher_in_BRCA1_tumour",0.274
0,1.7005802866048,0.245,0.046,0,"ARMCX1","Higher_in_BRCA1_tumour",0.199
0,1.69632302437711,0.226,0.04,0,"LHFPL2","Higher_in_BRCA1_tumour",0.186
0,1.69559965270824,0.964,0.681,0,"PFDN5","Higher_in_BRCA1_tumour",0.283
0,1.69440247967419,0.307,0.058,0,"ATL2","Higher_in_BRCA1_tumour",0.249
0,1.69148699916236,0.726,0.247,0,"C19orf48","Higher_in_BRCA1_tumour",0.479
0,1.68734119798188,0.963,0.574,0,"KRT19","Higher_in_BRCA1_tumour",0.389
7.00642540448624e-308,1.68413650740765,0.184,0.028,1.7421476768255e-303,"PEX7","Higher_in_BRCA1_tumour",0.156
1.90352419591058e-204,1.68356872169768,0.133,0.023,4.73311291313166e-200,"CASC15","Higher_in_BRCA1_tumour",0.11
1.34226053054389e-215,1.68175575139087,0.132,0.021,3.33753080919739e-211,"DIP2C","Higher_in_BRCA1_tumour",0.111
0,1.67759763398622,0.37,0.072,0,"ATM","Higher_in_BRCA1_tumour",0.298
0,1.67675385491397,0.292,0.053,0,"TAF1B","Higher_in_BRCA1_tumour",0.239
0,1.67617678802723,0.998,0.996,0,"RPL35A","Higher_in_BRCA1_tumour",0.002
0,1.67603073265137,0.431,0.083,0,"HSD17B4","Higher_in_BRCA1_tumour",0.348
0,1.6752262740764,0.891,0.423,0,"POLR1D","Higher_in_BRCA1_tumour",0.468
1.06702884379747e-245,1.67207202342427,0.163,0.029,2.6531672201024e-241,"AGBL5","Higher_in_BRCA1_tumour",0.134
0,1.66891272753372,0.328,0.065,0,"TFCP2L1","Higher_in_BRCA1_tumour",0.263
1.86498640416544e-226,1.66655098016593,0.145,0.024,4.63728869395738e-222,"HSD17B6","Higher_in_BRCA1_tumour",0.121
4.2023067701777e-192,1.6645337007942,0.11,0.015,1.04490357840468e-187,"CCDC122","Higher_in_BRCA1_tumour",0.095
0,1.66263728810137,0.247,0.047,0,"TKFC","Higher_in_BRCA1_tumour",0.2
0,1.66226446237788,0.861,0.331,0,"NDUFB3","Higher_in_BRCA1_tumour",0.53
0,1.66121428943885,0.574,0.137,0,"YIPF4","Higher_in_BRCA1_tumour",0.437
4.74035869712179e-204,1.6610600007558,0.15,0.03,1.17869019003933e-199,"HYLS1","Higher_in_BRCA1_tumour",0.12
6.45108346911761e-263,1.65611364260959,0.165,0.027,1.60406190459609e-258,"DEPTOR","Higher_in_BRCA1_tumour",0.138
0,1.65310114598736,0.439,0.099,0,"FADS2","Higher_in_BRCA1_tumour",0.34
0,1.65233698033854,0.267,0.049,0,"ZNF274","Higher_in_BRCA1_tumour",0.218
4.01725363445248e-276,1.65207068858182,0.177,0.03,9.98890116206609e-272,"TAB2","Higher_in_BRCA1_tumour",0.147
1.17553160861312e-196,1.65168706742252,0.125,0.021,2.92295934481653e-192,"SLC35D1","Higher_in_BRCA1_tumour",0.104
0,1.65093276259434,0.397,0.085,0,"DST","Higher_in_BRCA1_tumour",0.312
2.84847317171133e-165,1.64521927499335,0.108,0.019,7.08272854146023e-161,"VASH2","Higher_in_BRCA1_tumour",0.089
0,1.64332186529421,0.526,0.121,0,"KIAA1324","Higher_in_BRCA1_tumour",0.405
0,1.63933980531983,0.966,0.757,0,"SF3B6","Higher_in_BRCA1_tumour",0.209
0,1.63886756194169,0.475,0.099,0,"TEAD2","Higher_in_BRCA1_tumour",0.376
3.44586097318863e-171,1.63806004349392,0.112,0.019,8.56813330983352e-167,"FCHO1","Higher_in_BRCA1_tumour",0.093
0,1.63754152396726,0.503,0.113,0,"PAK4","Higher_in_BRCA1_tumour",0.39
0,1.63652758705788,0.332,0.066,0,"MAIP1","Higher_in_BRCA1_tumour",0.266
0,1.63577335108801,0.324,0.063,0,"VRK3","Higher_in_BRCA1_tumour",0.261
0,1.63506408714435,0.855,0.355,0,"HDAC2","Higher_in_BRCA1_tumour",0.5
1.38229148255839e-271,1.63240213310464,0.174,0.029,3.43706777138144e-267,"BIN2","Higher_in_BRCA1_tumour",0.145
0,1.62920908351178,0.529,0.12,0,"SYNE2","Higher_in_BRCA1_tumour",0.409
0,1.62799366806927,0.308,0.061,0,"PPIL3","Higher_in_BRCA1_tumour",0.247
0,1.62626239601461,0.242,0.048,0,"TMEM263","Higher_in_BRCA1_tumour",0.194
2.35942317465229e-144,1.62557044996007,0.105,0.021,5.86670572377291e-140,"FAM71E1","Higher_in_BRCA1_tumour",0.084
0,1.62550074538138,0.801,0.296,0,"REEP5","Higher_in_BRCA1_tumour",0.505
0,1.62508825078294,0.249,0.046,0,"SLF1","Higher_in_BRCA1_tumour",0.203
2.33854139837131e-243,1.62477595789102,0.166,0.03,5.81478318705026e-239,"MCAM","Higher_in_BRCA1_tumour",0.136
0,1.6240191911148,0.999,0.999,0,"RPL41","Higher_in_BRCA1_tumour",0
7.47125651328166e-251,1.62356542985042,0.174,0.032,1.85772793202748e-246,"MPP5","Higher_in_BRCA1_tumour",0.142
5.220373620184e-204,1.62327209912689,0.135,0.024,1.29804590065875e-199,"LGR4","Higher_in_BRCA1_tumour",0.111
1.02247879379319e-305,1.62082269954201,0.214,0.041,2.54239352076676e-301,"MFSD5","Higher_in_BRCA1_tumour",0.173
0,1.61826960912952,0.51,0.116,0,"NR1H2","Higher_in_BRCA1_tumour",0.394
5.11188835217373e-256,1.61516626853183,0.162,0.027,1.271071038768e-251,"ZNF429","Higher_in_BRCA1_tumour",0.135
0,1.61317612755808,0.458,0.098,0,"MVB12A","Higher_in_BRCA1_tumour",0.36
2.95553326029814e-257,1.61137426092854,0.166,0.028,7.34893345173133e-253,"ZBTB11","Higher_in_BRCA1_tumour",0.138
0,1.61015075783146,0.841,0.285,0,"THUMPD3-AS1","Higher_in_BRCA1_tumour",0.556
0,1.6094666983507,0.56,0.137,0,"SLC38A1","Higher_in_BRCA1_tumour",0.423
0,1.6091423828173,0.746,0.243,0,"UTP11","Higher_in_BRCA1_tumour",0.503
2.20639392437572e-183,1.60884812514371,0.133,0.026,5.48619849296024e-179,"CEP170","Higher_in_BRCA1_tumour",0.107
0,1.60659976212529,0.437,0.071,0,"FAM208B","Higher_in_BRCA1_tumour",0.366
2.28616480761133e-219,1.59911262497741,0.146,0.026,5.68454879412557e-215,"CEP97","Higher_in_BRCA1_tumour",0.12
0,1.59674882946101,0.475,0.108,0,"ZNF580","Higher_in_BRCA1_tumour",0.367
0,1.59653633077259,0.996,0.972,0,"RPS25","Higher_in_BRCA1_tumour",0.024
0,1.59237889301641,0.428,0.094,0,"PRRC1","Higher_in_BRCA1_tumour",0.334
0,1.59105689025749,0.352,0.075,0,"CLEC7A","Higher_in_BRCA1_tumour",0.277
0,1.5896253727069,0.993,0.979,0,"RPL24","Higher_in_BRCA1_tumour",0.014
0,1.58285057415842,0.272,0.053,0,"NUMBL","Higher_in_BRCA1_tumour",0.219
0,1.58214097444683,0.699,0.203,0,"SINHCAF","Higher_in_BRCA1_tumour",0.496
1.43726501454373e-160,1.57965690982744,0.121,0.025,3.57375945866298e-156,"CERS4","Higher_in_BRCA1_tumour",0.096
0,1.57869495835922,0.229,0.041,0,"IQANK1","Higher_in_BRCA1_tumour",0.188
0,1.57853943678812,0.34,0.067,0,"IL17RC","Higher_in_BRCA1_tumour",0.273
0,1.57835509637841,0.654,0.229,0,"PEPD","Higher_in_BRCA1_tumour",0.425
4.82243861681339e-175,1.57674517926956,0.12,0.022,1.19909936207065e-170,"ZNF85","Higher_in_BRCA1_tumour",0.098
0,1.57199453400804,0.33,0.064,0,"ZMYM4","Higher_in_BRCA1_tumour",0.266
1.54392323253862e-204,1.56912670300346,0.142,0.026,3.83896511770729e-200,"SPAST","Higher_in_BRCA1_tumour",0.116
6.38936123016124e-183,1.56735513580912,0.129,0.024,1.58871466987959e-178,"CEP290","Higher_in_BRCA1_tumour",0.105
6.48177912294096e-177,1.56499045078023,0.123,0.023,1.61169437891927e-172,"DMXL1","Higher_in_BRCA1_tumour",0.1
0,1.56323854245878,0.903,0.496,0,"C6orf48","Higher_in_BRCA1_tumour",0.407
0,1.56018606125725,0.446,0.108,0,"A1BG","Higher_in_BRCA1_tumour",0.338
1.00211434315958e-270,1.55976027703487,0.182,0.033,2.49175731426629e-266,"MAP3K4","Higher_in_BRCA1_tumour",0.149
8.70331314052118e-166,1.55834948294208,0.105,0.017,2.16407881239059e-161,"ZNF415","Higher_in_BRCA1_tumour",0.088
3.45641027801772e-303,1.55561293837634,0.207,0.038,8.59436415629107e-299,"MBD6","Higher_in_BRCA1_tumour",0.169
0,1.55560042072614,0.682,0.196,0,"SF3B1","Higher_in_BRCA1_tumour",0.486
1.55210819759897e-253,1.55374804036256,0.213,0.05,3.85931703332984e-249,"PFKFB3","Higher_in_BRCA1_tumour",0.163
0,1.55332117386342,0.492,0.127,0,"SERTAD4","Higher_in_BRCA1_tumour",0.365
1.18164661269073e-297,1.55315515999146,0.219,0.044,2.93816430245549e-293,"SHMT1","Higher_in_BRCA1_tumour",0.175
0,1.55245680797849,0.922,0.526,0,"SLC25A3","Higher_in_BRCA1_tumour",0.396
0,1.55091202121063,0.996,0.984,0,"RPL21","Higher_in_BRCA1_tumour",0.012
8.49772028791698e-207,1.54967723084835,0.145,0.027,2.11295814959056e-202,"MON2","Higher_in_BRCA1_tumour",0.118
0,1.54726087914468,0.402,0.085,0,"GON7","Higher_in_BRCA1_tumour",0.317
0,1.54511777631004,0.748,0.244,0,"SRP19","Higher_in_BRCA1_tumour",0.504
0,1.54459190993631,0.301,0.062,0,"BIRC6","Higher_in_BRCA1_tumour",0.239
0,1.54195105930403,0.37,0.078,0,"NOL10","Higher_in_BRCA1_tumour",0.292
0,1.54176108405646,0.997,0.965,0,"TPT1","Higher_in_BRCA1_tumour",0.032
9.01712087985207e-147,1.53519540354626,0.125,0.029,2.24210710677522e-142,"NABP1","Higher_in_BRCA1_tumour",0.096
3.58125038952219e-165,1.53282657234808,0.109,0.019,8.90477909354692e-161,"FAM228B","Higher_in_BRCA1_tumour",0.09
0,1.53156168388496,0.381,0.084,0,"ANKRD17","Higher_in_BRCA1_tumour",0.297
1.15309934379831e-270,1.53124964931841,0.186,0.034,2.8671815183545e-266,"URB1","Higher_in_BRCA1_tumour",0.152
0,1.52974110225746,0.269,0.055,0,"CASP6","Higher_in_BRCA1_tumour",0.214
1.02519551746986e-239,1.52895120219376,0.163,0.03,2.54914865418881e-235,"LEMD3","Higher_in_BRCA1_tumour",0.133
0,1.52668207494283,0.538,0.116,0,"PLD3","Higher_in_BRCA1_tumour",0.422
0,1.52509524667854,0.554,0.142,0,"SEPHS2","Higher_in_BRCA1_tumour",0.412
0,1.52308758488988,0.241,0.048,0,"ABCC5","Higher_in_BRCA1_tumour",0.193
1.36511754663755e-174,1.52199474812548,0.107,0.017,3.39436477971428e-170,"CALHM2","Higher_in_BRCA1_tumour",0.09
5.16718847542327e-308,1.51988154019888,0.234,0.049,1.284821414414e-303,"ATF7IP","Higher_in_BRCA1_tumour",0.185
0,1.51934282298413,0.403,0.093,0,"HIBCH","Higher_in_BRCA1_tumour",0.31
0,1.51919991404781,0.301,0.061,0,"UTP3","Higher_in_BRCA1_tumour",0.24
0,1.51811364964636,0.607,0.159,0,"EBLN3P","Higher_in_BRCA1_tumour",0.448
0,1.51370173333102,0.832,0.357,0,"PCMT1","Higher_in_BRCA1_tumour",0.475
0,1.51306310185825,0.288,0.055,0,"UTRN","Higher_in_BRCA1_tumour",0.233
0,1.51248267473984,0.852,0.406,0,"CDK4","Higher_in_BRCA1_tumour",0.446
3.77957163217017e-159,1.51112511241599,0.114,0.022,9.39790486339113e-155,"ZUP1","Higher_in_BRCA1_tumour",0.092
4.60569968384084e-231,1.51012976811109,0.159,0.029,1.14520722638703e-226,"LARGE2","Higher_in_BRCA1_tumour",0.13
1.80429651091523e-159,1.50897833171098,0.109,0.02,4.48638327439072e-155,"SLC25A45","Higher_in_BRCA1_tumour",0.089
0,1.50616741268273,0.923,0.489,0,"ILF2","Higher_in_BRCA1_tumour",0.434
0,1.50616235638718,0.288,0.055,0,"NPAT","Higher_in_BRCA1_tumour",0.233
0,1.50304201470367,0.311,0.069,0,"CTSL","Higher_in_BRCA1_tumour",0.242
0,1.50287571145223,0.364,0.076,0,"ZNF652","Higher_in_BRCA1_tumour",0.288
0,1.50227429143959,0.32,0.066,0,"CHML","Higher_in_BRCA1_tumour",0.254
3.91977057214555e-176,1.5017520380296,0.123,0.023,9.7465095276399e-172,"ATAD2B","Higher_in_BRCA1_tumour",0.1
2.09260430689863e-210,1.50080613145335,0.142,0.025,5.20326060910345e-206,"NFIA","Higher_in_BRCA1_tumour",0.117
0,1.5003210543394,0.611,0.164,0,"TFPT","Higher_in_BRCA1_tumour",0.447
0,1.49512306100321,0.829,0.368,0,"CBR3","Higher_in_BRCA1_tumour",0.461
6.31141559344569e-273,1.49444229405838,0.447,0.186,1.56933348731027e-268,"BST2","Higher_in_BRCA1_tumour",0.261
0,1.49077175554129,0.423,0.104,0,"SMARCA5","Higher_in_BRCA1_tumour",0.319
0,1.49031534786891,0.722,0.269,0,"ID2","Higher_in_BRCA1_tumour",0.453
0,1.4876336591481,0.292,0.061,0,"USP15","Higher_in_BRCA1_tumour",0.231
1.38613372844948e-272,1.48555154670505,0.203,0.041,3.44662151578964e-268,"SETMAR","Higher_in_BRCA1_tumour",0.162
0,1.48489096955873,0.452,0.103,0,"PYM1","Higher_in_BRCA1_tumour",0.349
0,1.48477384819366,0.375,0.088,0,"C4orf48","Higher_in_BRCA1_tumour",0.287
0,1.48177092635857,0.311,0.069,0,"LETMD1","Higher_in_BRCA1_tumour",0.242
0,1.48059039609082,0.331,0.073,0,"SMARCA1","Higher_in_BRCA1_tumour",0.258
0,1.47554725734719,0.434,0.096,0,"ZHX1","Higher_in_BRCA1_tumour",0.338
0,1.47552950607166,0.413,0.098,0,"IQCG","Higher_in_BRCA1_tumour",0.315
0,1.47437177484412,0.415,0.098,0,"ROPN1","Higher_in_BRCA1_tumour",0.317
1.16970901977975e-147,1.47396301269733,0.109,0.022,2.90848147768235e-143,"PRKCD","Higher_in_BRCA1_tumour",0.087
0,1.47261673528922,0.979,0.699,0,"HSPE1","Higher_in_BRCA1_tumour",0.28
3.01002134196491e-252,1.47216997548903,0.198,0.043,7.48441806679576e-248,"DNAH14","Higher_in_BRCA1_tumour",0.155
0,1.47130278110292,0.326,0.07,0,"PTPN11","Higher_in_BRCA1_tumour",0.256
0,1.46848385434282,0.85,0.373,0,"CNPY2","Higher_in_BRCA1_tumour",0.477
4.99983883068185e-290,1.46836176392666,0.728,0.395,1.24320992524904e-285,"UBE2S","Higher_in_BRCA1_tumour",0.333
2.22349471125156e-212,1.46811927868235,0.15,0.028,5.52871959952699e-208,"PTPN4","Higher_in_BRCA1_tumour",0.122
0,1.46781202825245,0.947,0.545,0,"LMO4","Higher_in_BRCA1_tumour",0.402
2.25672732139459e-278,1.46618870874321,0.206,0.042,5.61135248464766e-274,"LENG8","Higher_in_BRCA1_tumour",0.164
0,1.46559813219682,0.417,0.096,0,"CS","Higher_in_BRCA1_tumour",0.321
0,1.46501319031322,0.308,0.065,0,"TTC37","Higher_in_BRCA1_tumour",0.243
1.40582623648143e-126,1.46344827224939,0.116,0.029,3.49558693701106e-122,"CTNNAL1","Higher_in_BRCA1_tumour",0.087
2.98454445701006e-229,1.46261862890415,0.175,0.036,7.42106979235551e-225,"TCTN1","Higher_in_BRCA1_tumour",0.139
8.22345482453616e-151,1.46230682676404,0.108,0.021,2.04476204212092e-146,"ZNF347","Higher_in_BRCA1_tumour",0.087
0,1.46178818622061,0.703,0.217,0,"SCAF11","Higher_in_BRCA1_tumour",0.486
0,1.46102250477795,0.368,0.088,0,"ECHDC3","Higher_in_BRCA1_tumour",0.28
0,1.46054921520841,0.395,0.09,0,"BAZ2A","Higher_in_BRCA1_tumour",0.305
0,1.46022640648705,0.763,0.256,0,"N4BP2L2","Higher_in_BRCA1_tumour",0.507
0,1.45901504754854,0.252,0.051,0,"AGL","Higher_in_BRCA1_tumour",0.201
2.83122038721443e-165,1.45734363290422,0.118,0.023,7.03982949280867e-161,"ZNF836","Higher_in_BRCA1_tumour",0.095
0,1.45577469422607,0.497,0.125,0,"EIF2D","Higher_in_BRCA1_tumour",0.372
0,1.45505728871086,0.996,0.983,0,"RPL18","Higher_in_BRCA1_tumour",0.013
0,1.45266199863242,0.533,0.156,0,"FAM84A","Higher_in_BRCA1_tumour",0.377
7.21997262356323e-144,1.45127179162388,0.102,0.019,1.795246192849e-139,"STAT5A","Higher_in_BRCA1_tumour",0.083
5.16045034496033e-277,1.44825208617409,0.206,0.042,1.28314597827439e-272,"ZNF738","Higher_in_BRCA1_tumour",0.164
3.67951645785359e-169,1.44076914486255,0.125,0.025,9.14911767245294e-165,"SLC39A10","Higher_in_BRCA1_tumour",0.1
0,1.44062731394774,0.543,0.147,0,"LTBP3","Higher_in_BRCA1_tumour",0.396
1.78754603227907e-226,1.43956525490074,0.165,0.033,4.4447332092619e-222,"RNF214","Higher_in_BRCA1_tumour",0.132
0,1.43716484096053,0.476,0.12,0,"PHAX","Higher_in_BRCA1_tumour",0.356
0,1.43668958606246,0.306,0.065,0,"FBH1","Higher_in_BRCA1_tumour",0.241
1.54611486041258e-206,1.43640014286855,0.149,0.029,3.84441460041587e-202,"EGOT","Higher_in_BRCA1_tumour",0.12
0,1.43318250905373,0.326,0.075,0,"AK4","Higher_in_BRCA1_tumour",0.251
0,1.43198628553549,0.565,0.154,0,"LARS","Higher_in_BRCA1_tumour",0.411
0,1.42897979323859,0.717,0.234,0,"HNRNPUL1","Higher_in_BRCA1_tumour",0.483
1.54921291082816e-262,1.42888068956399,0.203,0.043,3.85211790277422e-258,"XRCC4","Higher_in_BRCA1_tumour",0.16
0,1.42772801353952,0.806,0.307,0,"STAT3","Higher_in_BRCA1_tumour",0.499
1.75846691125279e-168,1.42766425549687,0.13,0.027,4.37242797483005e-164,"MAPRE3","Higher_in_BRCA1_tumour",0.103
0,1.42749706634166,0.268,0.053,0,"FAM172A","Higher_in_BRCA1_tumour",0.215
0,1.42411029449478,0.398,0.098,0,"IDH1","Higher_in_BRCA1_tumour",0.3
0,1.42179517227251,0.998,0.991,0,"RPL32","Higher_in_BRCA1_tumour",0.00700000000000001
1.69594662351825e-211,1.42145099339855,0.153,0.03,4.21697127937814e-207,"MCM3AP-AS1","Higher_in_BRCA1_tumour",0.123
0,1.42127248467658,0.445,0.106,0,"ZNF524","Higher_in_BRCA1_tumour",0.339
2.9328851146867e-295,1.42035810998131,0.232,0.05,7.29261883766847e-291,"CDC27","Higher_in_BRCA1_tumour",0.182
0,1.41876787107982,0.312,0.074,0,"FKBP11","Higher_in_BRCA1_tumour",0.238
6.6963173605952e-278,1.41672108204152,0.209,0.043,1.665039311712e-273,"TIMELESS","Higher_in_BRCA1_tumour",0.166
0,1.41665233422808,0.578,0.151,0,"POLR2B","Higher_in_BRCA1_tumour",0.427
0,1.41649266929252,0.377,0.086,0,"LTN1","Higher_in_BRCA1_tumour",0.291
0,1.41642314122115,0.363,0.08,0,"ANKRD26","Higher_in_BRCA1_tumour",0.283
0,1.41252306894939,0.283,0.068,0,"KIF21A","Higher_in_BRCA1_tumour",0.215
0,1.41142124116969,0.997,0.991,0,"RPS14","Higher_in_BRCA1_tumour",0.00600000000000001
0,1.4112128474504,0.607,0.177,0,"JAGN1","Higher_in_BRCA1_tumour",0.43
2.12069510104264e-166,1.41116139561249,0.122,0.024,5.27310836874252e-162,"SLC37A4","Higher_in_BRCA1_tumour",0.098
0,1.41097086490195,0.252,0.053,0,"PPP6R1","Higher_in_BRCA1_tumour",0.199
0,1.41024294489716,0.248,0.051,0,"LINC00960","Higher_in_BRCA1_tumour",0.197
1.8384468390254e-178,1.410236910734,0.123,0.023,4.57129806523665e-174,"RAB11B-AS1","Higher_in_BRCA1_tumour",0.1
0,1.40990801473398,0.976,0.779,0,"SOD1","Higher_in_BRCA1_tumour",0.197
0,1.40693612475733,0.271,0.062,0,"ACLY","Higher_in_BRCA1_tumour",0.209
0,1.40646399521042,0.796,0.365,0,"TMEM205","Higher_in_BRCA1_tumour",0.431
1.78565634855234e-264,1.40635253893046,0.219,0.05,4.44003451067541e-260,"CPSF1","Higher_in_BRCA1_tumour",0.169
0,1.40614124639142,0.526,0.158,0,"CKB","Higher_in_BRCA1_tumour",0.368
8.04681706044739e-184,1.40609911512661,0.136,0.027,2.00084106208024e-179,"RPUSD4","Higher_in_BRCA1_tumour",0.109
2.30719283255872e-205,1.40398993544989,0.152,0.031,5.73683497815725e-201,"IL17RE","Higher_in_BRCA1_tumour",0.121
0,1.40390579663257,0.965,0.791,0,"LAPTM4A","Higher_in_BRCA1_tumour",0.174
2.97219490293881e-209,1.40380207020094,0.159,0.033,7.39036262615736e-205,"ZNF587","Higher_in_BRCA1_tumour",0.126
0,1.40142630197363,0.818,0.327,0,"ZC3H15","Higher_in_BRCA1_tumour",0.491
4.03356044079683e-301,1.40097469283498,0.23,0.048,1.00294480360413e-296,"LARP4","Higher_in_BRCA1_tumour",0.182
1.75040957975348e-234,1.4007255839422,0.177,0.036,4.35239342005702e-230,"GABPA","Higher_in_BRCA1_tumour",0.141
0,1.40023970889136,0.249,0.05,0,"MBD5","Higher_in_BRCA1_tumour",0.199
0,1.40023166002484,0.413,0.099,0,"AKT2","Higher_in_BRCA1_tumour",0.314
0,1.40014926770125,0.333,0.075,0,"LPGAT1","Higher_in_BRCA1_tumour",0.258
3.12974205279702e-256,1.40000266338438,0.191,0.039,7.78210361427978e-252,"SLC25A46","Higher_in_BRCA1_tumour",0.152
3.49064126499734e-258,1.39947510047575,0.196,0.04,8.67947950541589e-254,"CWH43","Higher_in_BRCA1_tumour",0.156
1.09580175960563e-309,1.39872392422164,0.251,0.056,2.72471107525941e-305,"ESCO1","Higher_in_BRCA1_tumour",0.195
0,1.39817715325612,0.642,0.187,0,"SPATS2","Higher_in_BRCA1_tumour",0.455
0,1.3960858156137,0.863,0.443,0,"TUBA1C","Higher_in_BRCA1_tumour",0.42
4.79064995174889e-223,1.39567673156551,0.163,0.032,1.19119511050236e-218,"DOPEY2","Higher_in_BRCA1_tumour",0.131
0,1.39451206161651,0.963,0.764,0,"ATP5PO","Higher_in_BRCA1_tumour",0.199
0,1.39322018755195,0.999,0.996,0,"RPL18A","Higher_in_BRCA1_tumour",0.003
1.13538358095484e-185,1.39288426823412,0.154,0.035,2.82313127404421e-181,"NACA2","Higher_in_BRCA1_tumour",0.119
0,1.39178750004079,0.303,0.068,0,"RABEP1","Higher_in_BRCA1_tumour",0.235
1.02967999887271e-131,1.39066384037309,0.102,0.021,2.56029931719699e-127,"PLCB4","Higher_in_BRCA1_tumour",0.081
0,1.39053490214148,0.881,0.412,0,"PSMB4","Higher_in_BRCA1_tumour",0.469
3.96016109342671e-169,1.39014841957604,0.12,0.023,9.84694055880552e-165,"KIAA0586","Higher_in_BRCA1_tumour",0.097
0,1.38888258618469,0.718,0.238,0,"PAM","Higher_in_BRCA1_tumour",0.48
0,1.388795634738,0.266,0.055,0,"MYO1B","Higher_in_BRCA1_tumour",0.211
0,1.3870958442588,0.498,0.13,0,"MNAT1","Higher_in_BRCA1_tumour",0.368
0,1.38523077544955,0.581,0.167,0,"CD46","Higher_in_BRCA1_tumour",0.414
9.66304443549493e-287,1.38516530368125,0.222,0.047,2.40271599888581e-282,"RNF41","Higher_in_BRCA1_tumour",0.175
0,1.383458275562,0.34,0.078,0,"RDH14","Higher_in_BRCA1_tumour",0.262
0,1.38307619027544,0.597,0.169,0,"AC010642.2","Higher_in_BRCA1_tumour",0.428
5.22268454593952e-166,1.38206695404578,0.124,0.025,1.29862051234786e-161,"SLC29A2","Higher_in_BRCA1_tumour",0.099
0,1.38168492009989,0.338,0.077,0,"UBXN7","Higher_in_BRCA1_tumour",0.261
0,1.38157620708364,0.835,0.366,0,"RBM17","Higher_in_BRCA1_tumour",0.469
0,1.3815106299683,0.377,0.086,0,"ZBTB44","Higher_in_BRCA1_tumour",0.291
1.19893726143206e-255,1.38087693688228,0.213,0.049,2.98115750055082e-251,"CLIP4","Higher_in_BRCA1_tumour",0.164
4.00753293608146e-300,1.37853898830892,0.23,0.048,9.96473064556654e-296,"UNK","Higher_in_BRCA1_tumour",0.182
0,1.37731902481999,0.434,0.104,0,"SGCB","Higher_in_BRCA1_tumour",0.33
3.06060879475573e-215,1.37615044030291,0.165,0.034,7.61020376816013e-211,"PUS3","Higher_in_BRCA1_tumour",0.131
0,1.37497954837637,0.94,0.612,0,"KRT18","Higher_in_BRCA1_tumour",0.328
8.60436638211097e-211,1.37465227673886,0.164,0.034,2.13947570091189e-206,"HACL1","Higher_in_BRCA1_tumour",0.13
1.08925511281654e-280,1.37404680456197,0.22,0.048,2.70843283801833e-276,"ALDH6A1","Higher_in_BRCA1_tumour",0.172
0,1.3739169184711,0.735,0.268,0,"CFAP298","Higher_in_BRCA1_tumour",0.467
0,1.37312953695036,0.555,0.148,0,"CAND1","Higher_in_BRCA1_tumour",0.407
4.95222616572107e-194,1.37285643462466,0.162,0.037,1.23137103610654e-189,"AC245014.3","Higher_in_BRCA1_tumour",0.125
0,1.37035455583504,0.803,0.346,0,"PPP2R1A","Higher_in_BRCA1_tumour",0.457
8.20111751300551e-170,1.3699023851532,0.135,0.03,2.03920786960882e-165,"MAL","Higher_in_BRCA1_tumour",0.105
0,1.36916928213456,0.713,0.253,0,"CBX5","Higher_in_BRCA1_tumour",0.46
4.1653920591125e-161,1.3684887409785,0.115,0.022,1.03572473549832e-156,"BCDIN3D","Higher_in_BRCA1_tumour",0.093
2.05121532500618e-300,1.36610210761662,0.258,0.062,5.10034690562786e-296,"CCNG2","Higher_in_BRCA1_tumour",0.196
0,1.36524966764511,0.675,0.225,0,"EPRS","Higher_in_BRCA1_tumour",0.45
0,1.35875418378594,0.274,0.062,0,"GSDMC","Higher_in_BRCA1_tumour",0.212
9.48315679724347e-293,1.35873412340982,0.232,0.051,2.35798693763459e-288,"GADD45G","Higher_in_BRCA1_tumour",0.181
3.06070252329365e-272,1.35793803569503,0.214,0.046,7.61043682416967e-268,"BMPR2","Higher_in_BRCA1_tumour",0.168
2.15278682908572e-172,1.35789599937605,0.134,0.028,5.35290445052164e-168,"ARL17A","Higher_in_BRCA1_tumour",0.106
0,1.35455348363944,0.954,0.664,0,"ZFAS1","Higher_in_BRCA1_tumour",0.29
0,1.35411582305041,0.402,0.095,0,"PAXBP1","Higher_in_BRCA1_tumour",0.307
0,1.35379689993103,0.99,0.952,0,"RPL6","Higher_in_BRCA1_tumour",0.038
0,1.35343067125058,0.882,0.435,0,"KDELR1","Higher_in_BRCA1_tumour",0.447
0,1.35336864544826,0.595,0.171,0,"PPHLN1","Higher_in_BRCA1_tumour",0.424
0,1.35122066740188,0.319,0.075,0,"AC005261.1","Higher_in_BRCA1_tumour",0.244
0,1.35065103201653,0.922,0.604,0,"NDUFB5","Higher_in_BRCA1_tumour",0.318
0,1.34994796085176,0.513,0.148,0,"HSPA14.1","Higher_in_BRCA1_tumour",0.365
4.91907259965593e-307,1.3490308499571,0.234,0.048,1.22312740190445e-302,"MEIS2","Higher_in_BRCA1_tumour",0.186
0,1.34708906215948,0.95,0.676,0,"ERH","Higher_in_BRCA1_tumour",0.274
1.12889009870377e-201,1.34645741953849,0.154,0.032,2.80698523042692e-197,"PRH1","Higher_in_BRCA1_tumour",0.122
1.24578535053217e-147,1.34473580256832,0.108,0.021,3.09764527409824e-143,"HOXA5","Higher_in_BRCA1_tumour",0.087
0,1.343539877279,0.566,0.169,0,"NIPSNAP3A","Higher_in_BRCA1_tumour",0.397
1.25563293799385e-181,1.34284159364059,0.135,0.027,3.1221313003217e-177,"MB21D2","Higher_in_BRCA1_tumour",0.108
0,1.34273815028886,0.815,0.359,0,"CCT2","Higher_in_BRCA1_tumour",0.456
0,1.34260887951681,0.838,0.35,0,"PGLS","Higher_in_BRCA1_tumour",0.488
0,1.34114157500461,0.999,0.99,0,"RPS24","Higher_in_BRCA1_tumour",0.00900000000000001
3.1808926608322e-289,1.33825770684349,0.231,0.051,7.90928960115927e-285,"MSH3","Higher_in_BRCA1_tumour",0.18
0,1.33785013468833,0.999,0.992,0,"RPS12","Higher_in_BRCA1_tumour",0.00700000000000001
3.08447081368105e-143,1.33636154958868,0.115,0.025,7.66953667821792e-139,"ZNF701","Higher_in_BRCA1_tumour",0.09
0,1.33626975368171,0.402,0.103,0,"SCARB2","Higher_in_BRCA1_tumour",0.299
0,1.33557948774931,0.415,0.099,0,"KMT2A","Higher_in_BRCA1_tumour",0.316
0,1.33436799740142,0.366,0.09,0,"EFR3A","Higher_in_BRCA1_tumour",0.276
0,1.33336836865387,0.351,0.087,0,"MRPL44","Higher_in_BRCA1_tumour",0.264
0,1.3333465362425,0.338,0.08,0,"IWS1","Higher_in_BRCA1_tumour",0.258
2.29048330210274e-176,1.33160136818101,0.139,0.03,5.69528673067847e-172,"IFT46","Higher_in_BRCA1_tumour",0.109
1.61859630537806e-128,1.33157306778611,0.116,0.028,4.02463971332255e-124,"PARPBP","Higher_in_BRCA1_tumour",0.088
4.16438496891899e-237,1.33136762471101,0.189,0.041,1.03547432252171e-232,"MTR","Higher_in_BRCA1_tumour",0.148
0,1.33108810299344,0.816,0.369,0,"CDC123","Higher_in_BRCA1_tumour",0.447
1.25135994044982e-168,1.3277876507267,0.128,0.026,3.11150649192847e-164,"MYL5","Higher_in_BRCA1_tumour",0.102
0,1.32730486906662,0.802,0.328,0,"PUF60","Higher_in_BRCA1_tumour",0.474
0,1.32679379198146,0.335,0.075,0,"DCBLD2","Higher_in_BRCA1_tumour",0.26
0,1.32647223994737,0.363,0.087,0,"GPC4","Higher_in_BRCA1_tumour",0.276
0,1.32570427490376,0.298,0.067,0,"WDR3","Higher_in_BRCA1_tumour",0.231
1.20426462894913e-286,1.3248890457121,0.236,0.053,2.99440399988201e-282,"MORC3","Higher_in_BRCA1_tumour",0.183
1.93617326344078e-141,1.32463659058469,0.113,0.025,4.8142948195455e-137,"LOX","Higher_in_BRCA1_tumour",0.088
5.76200009212742e-289,1.32462788133833,0.233,0.052,1.43272132290748e-284,"ZNF439","Higher_in_BRCA1_tumour",0.181
7.65263024319649e-195,1.32446313511281,0.156,0.034,1.90282650997081e-190,"NPEPL1","Higher_in_BRCA1_tumour",0.122
0,1.32445505121079,0.333,0.08,0,"STT3A","Higher_in_BRCA1_tumour",0.253
2.09934332694075e-161,1.32404162796007,0.115,0.022,5.22001718243818e-157,"CLCF1","Higher_in_BRCA1_tumour",0.093
1.61955583595012e-287,1.32306517311783,0.23,0.051,4.02702558608998e-283,"ZFYVE16","Higher_in_BRCA1_tumour",0.179
8.16466010173619e-201,1.32283111063143,0.159,0.034,2.0301427342967e-196,"THAP2","Higher_in_BRCA1_tumour",0.125
3.17698751357795e-166,1.32237700986433,0.127,0.026,7.89957945251156e-162,"ERCC6L2","Higher_in_BRCA1_tumour",0.101
3.19441418590965e-247,1.32139610044907,0.188,0.039,7.94291087326435e-243,"AL050341.2","Higher_in_BRCA1_tumour",0.149
7.27858511926126e-204,1.32056029615401,0.177,0.042,1.80982018990431e-199,"UBE2E2","Higher_in_BRCA1_tumour",0.135
0,1.32024982191756,0.773,0.326,0,"DDX39A","Higher_in_BRCA1_tumour",0.447
0,1.3202236364062,0.435,0.111,0,"THUMPD3","Higher_in_BRCA1_tumour",0.324
0,1.320008976608,0.999,0.994,0,"RPS7","Higher_in_BRCA1_tumour",0.005
0,1.31884139651384,0.318,0.077,0,"PDCL","Higher_in_BRCA1_tumour",0.241
1.22113406115477e-208,1.31659200214613,0.171,0.038,3.03634984306135e-204,"TMEM25","Higher_in_BRCA1_tumour",0.133
0,1.31643510276132,0.355,0.089,0,"MCRS1","Higher_in_BRCA1_tumour",0.266
0,1.31631317267514,0.958,0.703,0,"EIF4A2","Higher_in_BRCA1_tumour",0.255
0,1.31600326149548,0.734,0.258,0,"PAK2","Higher_in_BRCA1_tumour",0.476
0,1.3135066249513,0.947,0.604,0,"PDIA6","Higher_in_BRCA1_tumour",0.343
0,1.31284759870749,0.727,0.28,0,"CCSER2","Higher_in_BRCA1_tumour",0.447
0,1.31263311765166,0.319,0.08,0,"BPNT1","Higher_in_BRCA1_tumour",0.239
0,1.31008713029088,0.489,0.129,0,"PLEKHA3","Higher_in_BRCA1_tumour",0.36
1.49409284119021e-243,1.31007262993168,0.19,0.04,3.71506184961946e-239,"ZFC3H1","Higher_in_BRCA1_tumour",0.15
1.0318588752053e-131,1.30902702760826,0.104,0.022,2.56571709319797e-127,"TRDMT1","Higher_in_BRCA1_tumour",0.082
5.35599709047083e-184,1.30822805619112,0.146,0.032,1.33176867654557e-179,"COQ8B","Higher_in_BRCA1_tumour",0.114
3.89670642602086e-167,1.30648626315937,0.134,0.029,9.68916052830086e-163,"LRP1","Higher_in_BRCA1_tumour",0.105
0,1.30554669706799,0.406,0.106,0,"C12orf10","Higher_in_BRCA1_tumour",0.3
0,1.30502311348894,0.829,0.378,0,"NOP53","Higher_in_BRCA1_tumour",0.451
0,1.30387598137225,0.833,0.373,0,"RABAC1","Higher_in_BRCA1_tumour",0.46
0,1.30244034688875,0.749,0.282,0,"NCBP2-AS2","Higher_in_BRCA1_tumour",0.467
0,1.30192066958649,0.364,0.089,0,"ATF1","Higher_in_BRCA1_tumour",0.275
0,1.30188372344005,0.31,0.078,0,"TMED7","Higher_in_BRCA1_tumour",0.232
0,1.30083123538575,0.336,0.084,0,"NDUFS1","Higher_in_BRCA1_tumour",0.252
0,1.29508907900433,0.718,0.342,0,"TNFSF10","Higher_in_BRCA1_tumour",0.376
0,1.29502880464284,0.401,0.097,0,"RAB5B","Higher_in_BRCA1_tumour",0.304
0,1.29412631473952,0.441,0.118,0,"SNX2","Higher_in_BRCA1_tumour",0.323
3.49762499969573e-142,1.29313227050347,0.103,0.02,8.69684456174343e-138,"NANOS3","Higher_in_BRCA1_tumour",0.083
0,1.29244167076966,0.851,0.381,0,"ARL6IP5","Higher_in_BRCA1_tumour",0.47
0,1.29137500123294,0.986,0.893,0,"HMGN1","Higher_in_BRCA1_tumour",0.093
0,1.29071890769181,0.884,0.454,0,"REXO2","Higher_in_BRCA1_tumour",0.43
0,1.28903377773594,0.307,0.075,0,"PHYH","Higher_in_BRCA1_tumour",0.232
0,1.2885073447799,0.936,0.578,0,"EPCAM","Higher_in_BRCA1_tumour",0.358
0,1.28830915778293,0.317,0.073,0,"NCAPD3","Higher_in_BRCA1_tumour",0.244
4.91501088917945e-230,1.28728115497556,0.205,0.05,1.22211745759447e-225,"LOXL1","Higher_in_BRCA1_tumour",0.155
1.04190174925564e-190,1.28684618053674,0.166,0.04,2.59068869952416e-186,"RNF6","Higher_in_BRCA1_tumour",0.126
0,1.28561570176981,0.609,0.193,0,"MRPL42","Higher_in_BRCA1_tumour",0.416
0,1.28560195090964,0.937,0.625,0,"DYNLT1","Higher_in_BRCA1_tumour",0.312
3.83458268328453e-205,1.28543200529343,0.17,0.038,9.53468984198699e-201,"SNHG10","Higher_in_BRCA1_tumour",0.132
1.27684349248628e-318,1.28537002897416,0.265,0.06,3.17487134406714e-314,"SHPRH","Higher_in_BRCA1_tumour",0.205
1.1862777175654e-157,1.28481477528486,0.114,0.022,2.94967954472637e-153,"MBTD1","Higher_in_BRCA1_tumour",0.092
0,1.2821721232284,0.324,0.08,0,"ANKRD35","Higher_in_BRCA1_tumour",0.244
0,1.2811838696289,0.359,0.088,0,"PHF3","Higher_in_BRCA1_tumour",0.271
9.80308102550077e-151,1.27589518293033,0.123,0.027,2.43753609699077e-146,"G6PC3","Higher_in_BRCA1_tumour",0.096
3.38134214605563e-147,1.27543124753588,0.132,0.032,8.40770724616734e-143,"SMOC1","Higher_in_BRCA1_tumour",0.1
7.40004326754153e-312,1.2740183117617,0.283,0.071,1.8400207584742e-307,"UBXN2A","Higher_in_BRCA1_tumour",0.212
7.90441707864104e-297,1.27225980707174,0.244,0.055,1.96543330660409e-292,"NACC1","Higher_in_BRCA1_tumour",0.189
0,1.27222137905972,0.865,0.441,0,"SLC3A2","Higher_in_BRCA1_tumour",0.424
4.37225004468196e-229,1.2714010849556,0.198,0.047,1.08715997361017e-224,"C21orf2","Higher_in_BRCA1_tumour",0.151
0,1.26924062761536,0.396,0.099,0,"MARCH7","Higher_in_BRCA1_tumour",0.297
3.3909498779545e-256,1.2675560844746,0.2,0.043,8.43159687153387e-252,"CENPC","Higher_in_BRCA1_tumour",0.157
2.46761560523137e-144,1.26707163441442,0.106,0.021,6.13572620240781e-140,"ADGRE2","Higher_in_BRCA1_tumour",0.085
0,1.26533005694311,0.289,0.068,0,"KAT6B","Higher_in_BRCA1_tumour",0.221
4.30387655713852e-303,1.2651810005792,0.261,0.062,1.07015890593249e-298,"TMEM216","Higher_in_BRCA1_tumour",0.199
3.84437243953272e-146,1.26504698059392,0.11,0.022,9.55903207089812e-142,"TRPV6","Higher_in_BRCA1_tumour",0.088
0,1.26399824980784,0.966,0.799,0,"HNRNPA1","Higher_in_BRCA1_tumour",0.167
0,1.26337663139992,0.399,0.101,0,"SMC6","Higher_in_BRCA1_tumour",0.298
2.1639881763334e-278,1.26325157587954,0.251,0.062,5.38075660045299e-274,"DBP","Higher_in_BRCA1_tumour",0.189
1.16224994316646e-179,1.26175489951223,0.143,0.031,2.88993448368341e-175,"ZNF160","Higher_in_BRCA1_tumour",0.112
2.19913780800296e-263,1.26169235681863,0.224,0.052,5.46815615959935e-259,"DYRK2","Higher_in_BRCA1_tumour",0.172
1.09583460834898e-190,1.25978089072303,0.16,0.037,2.72479275365975e-186,"KIF1BP","Higher_in_BRCA1_tumour",0.123
0,1.25963124809204,0.878,0.501,0,"RPL22L1","Higher_in_BRCA1_tumour",0.377
1.08773175596067e-127,1.25936627441827,0.109,0.025,2.70464501119621e-123,"SPPL2B","Higher_in_BRCA1_tumour",0.084
3.68919240640571e-71,1.25913700053593,0.1,0.035,9.17317691852779e-67,"MAP1B","Higher_in_BRCA1_tumour",0.065
0,1.25631131321383,0.361,0.085,0,"VAV3","Higher_in_BRCA1_tumour",0.276
8.2441078886813e-68,1.25102188959698,0.2,0.106,2.0498974265206e-63,"CENPA","Higher_in_BRCA1_tumour",0.094
0,1.24993776354139,0.296,0.068,0,"MOCS2","Higher_in_BRCA1_tumour",0.228
0,1.24925625700714,0.415,0.112,0,"GAS2L1","Higher_in_BRCA1_tumour",0.303
0,1.24866403882073,0.607,0.247,0,"KRT16","Higher_in_BRCA1_tumour",0.36
0,1.2483010089348,0.827,0.343,0,"BEX3","Higher_in_BRCA1_tumour",0.484
0,1.24820475887267,0.36,0.09,0,"PREB","Higher_in_BRCA1_tumour",0.27
7.97759605104877e-287,1.24605190109101,0.242,0.056,1.98362925809328e-282,"PPP2R3A","Higher_in_BRCA1_tumour",0.186
8.27904944060144e-287,1.24571393881633,0.264,0.067,2.05858564340555e-282,"FAM111B","Higher_in_BRCA1_tumour",0.197
3.05885102827051e-239,1.2440709204218,0.202,0.047,7.60583308179463e-235,"SPRYD4","Higher_in_BRCA1_tumour",0.155
0,1.24345096828432,0.618,0.207,0,"PDCD2","Higher_in_BRCA1_tumour",0.411
0,1.2429975021367,0.773,0.311,0,"PSMC4","Higher_in_BRCA1_tumour",0.462
1.34801896773748e-251,1.24262463348469,0.238,0.061,3.35184916327925e-247,"NAT14","Higher_in_BRCA1_tumour",0.177
3.34799662236326e-251,1.24230116484175,0.233,0.059,8.32479360150624e-247,"SLC4A1AP","Higher_in_BRCA1_tumour",0.174
1.30314806057924e-257,1.24187851316717,0.207,0.045,3.24027765263028e-253,"RMI1","Higher_in_BRCA1_tumour",0.162
0,1.24004993757627,0.25,0.051,0,"DNMT3A","Higher_in_BRCA1_tumour",0.199
0,1.23850037342794,0.417,0.112,0,"FAM84B","Higher_in_BRCA1_tumour",0.305
0,1.23792923370242,0.572,0.181,0,"GRSF1","Higher_in_BRCA1_tumour",0.391
0,1.23640359510207,0.956,0.684,0,"EEF2","Higher_in_BRCA1_tumour",0.272
0,1.23483091102167,0.585,0.191,0,"ALDH7A1","Higher_in_BRCA1_tumour",0.394
0,1.23455239945925,0.471,0.125,0,"OSBPL8","Higher_in_BRCA1_tumour",0.346
0,1.23430107127319,0.836,0.412,0,"ACTL6A","Higher_in_BRCA1_tumour",0.424
0,1.2334458484404,0.387,0.096,0,"MFN1","Higher_in_BRCA1_tumour",0.291
1.51474364358077e-263,1.23254312156929,0.214,0.048,3.76641006976357e-259,"PPFIA3","Higher_in_BRCA1_tumour",0.166
0,1.2322827112377,0.818,0.358,0,"PARP1","Higher_in_BRCA1_tumour",0.46
0,1.23187530269574,0.448,0.122,0,"RBM7","Higher_in_BRCA1_tumour",0.326
0,1.23187049763324,0.981,0.876,0,"SEC61B","Higher_in_BRCA1_tumour",0.105
1.3419809835376e-215,1.23015995898091,0.188,0.045,3.33683571556624e-211,"TENT2","Higher_in_BRCA1_tumour",0.143
3.10346950477464e-136,1.2295020274862,0.124,0.031,7.71677692362215e-132,"LRRN1","Higher_in_BRCA1_tumour",0.093
0,1.22637257375263,0.41,0.108,0,"HLTF","Higher_in_BRCA1_tumour",0.302
1.66828894843816e-55,1.22582915182909,0.143,0.071,4.14820047029148e-51,"ASPM","Higher_in_BRCA1_tumour",0.072
0,1.22451024530686,0.483,0.151,0,"BSPRY","Higher_in_BRCA1_tumour",0.332
3.04261445001114e-293,1.22248104844807,0.268,0.067,7.5654608299527e-289,"WDR12","Higher_in_BRCA1_tumour",0.201
8.34808884315909e-209,1.22122158014049,0.18,0.042,2.07575229085151e-204,"CDK5RAP2","Higher_in_BRCA1_tumour",0.138
1.19322315948054e-201,1.22121689642164,0.18,0.044,2.96694938604835e-197,"BUD13","Higher_in_BRCA1_tumour",0.136
0,1.2212050725587,0.531,0.16,0,"MRPL16","Higher_in_BRCA1_tumour",0.371
0,1.22077178536437,0.451,0.125,0,"TOP1MT","Higher_in_BRCA1_tumour",0.326
1.12503739268348e-180,1.21959586807795,0.156,0.037,2.79740547690748e-176,"OCEL1","Higher_in_BRCA1_tumour",0.119
0,1.21930154433718,0.787,0.317,0,"FXR1","Higher_in_BRCA1_tumour",0.47
5.73555319595651e-239,1.21786465532041,0.232,0.061,1.42614530217459e-234,"RASL11B","Higher_in_BRCA1_tumour",0.171
0,1.21669896255649,0.513,0.179,0,"BCL2L12","Higher_in_BRCA1_tumour",0.334
6.84889151792615e-228,1.21427886584855,0.2,0.048,1.70297687593234e-223,"NAALADL2","Higher_in_BRCA1_tumour",0.152
0,1.21309044717399,0.328,0.079,0,"PLEKHB1","Higher_in_BRCA1_tumour",0.249
0,1.21239834149278,0.653,0.228,0,"TRMT10C","Higher_in_BRCA1_tumour",0.425
0,1.21119827139372,0.425,0.117,0,"CDK5RAP3","Higher_in_BRCA1_tumour",0.308
0,1.20905102844738,0.803,0.366,0,"XRCC5","Higher_in_BRCA1_tumour",0.437
0,1.20891487051331,0.674,0.219,0,"PCMTD1","Higher_in_BRCA1_tumour",0.455
1.43287101539199e-127,1.20875101981804,0.111,0.026,3.56283377977218e-123,"ZNF124","Higher_in_BRCA1_tumour",0.085
0,1.20875003339615,0.469,0.141,0,"MRPL39","Higher_in_BRCA1_tumour",0.328
1.13831151208455e-304,1.20773554225429,0.287,0.074,2.83041157479823e-300,"CEBPZOS","Higher_in_BRCA1_tumour",0.213
0,1.20771950742419,0.305,0.077,0,"RXYLT1","Higher_in_BRCA1_tumour",0.228
0,1.20569122630908,0.514,0.149,0,"MTIF3","Higher_in_BRCA1_tumour",0.365
1.97626258336499e-323,1.20568470580799,0.281,0.067,4.91397691353704e-319,"TTLL7","Higher_in_BRCA1_tumour",0.214
0,1.20471621713711,0.397,0.107,0,"FHL3","Higher_in_BRCA1_tumour",0.29
0,1.20340246103228,0.296,0.068,0,"MLLT11","Higher_in_BRCA1_tumour",0.228
0,1.20169910577528,0.359,0.09,0,"PUS7L","Higher_in_BRCA1_tumour",0.269
0,1.20110278407292,0.778,0.333,0,"DCUN1D5","Higher_in_BRCA1_tumour",0.445
0,1.20099640674894,0.37,0.101,0,"GOLPH3L","Higher_in_BRCA1_tumour",0.269
0,1.20078738369587,0.412,0.111,0,"CSAD","Higher_in_BRCA1_tumour",0.301
2.03587871704815e-235,1.19994934781464,0.219,0.056,5.06221242994022e-231,"PJA2","Higher_in_BRCA1_tumour",0.163
0,1.1983374483572,0.338,0.086,0,"NUDT14","Higher_in_BRCA1_tumour",0.252
0,1.19828884052023,0.314,0.076,0,"BCAT2","Higher_in_BRCA1_tumour",0.238
4.51180726506302e-289,1.19797694171054,0.268,0.068,1.12186087645792e-284,"BOC","Higher_in_BRCA1_tumour",0.2
1.18123456403186e-277,1.19796323740535,0.255,0.064,2.93713974346521e-273,"LARP4B","Higher_in_BRCA1_tumour",0.191
0,1.19771310679382,0.305,0.076,0,"TCAF1","Higher_in_BRCA1_tumour",0.229
6.7213011706972e-182,1.19692354065619,0.158,0.037,1.67125153609386e-177,"NUP35","Higher_in_BRCA1_tumour",0.121
0,1.19676461628547,0.427,0.118,0,"RCOR3","Higher_in_BRCA1_tumour",0.309
0,1.19667018299852,0.312,0.074,0,"KIF2A","Higher_in_BRCA1_tumour",0.238
0,1.19648172877039,0.427,0.12,0,"EIPR1","Higher_in_BRCA1_tumour",0.307
0,1.19632468016991,0.435,0.132,0,"GATA3","Higher_in_BRCA1_tumour",0.303
4.37055443331725e-253,1.19547995086808,0.235,0.059,1.08673835984434e-248,"RNF146","Higher_in_BRCA1_tumour",0.176
0,1.19265312214843,0.529,0.155,0,"SMIM15","Higher_in_BRCA1_tumour",0.374
3.64942738980326e-185,1.19011290032675,0.154,0.035,9.07430120474581e-181,"ZNF71","Higher_in_BRCA1_tumour",0.119
0,1.18730028927356,0.865,0.405,0,"LAMTOR2","Higher_in_BRCA1_tumour",0.46
4.17978434638756e-137,1.18703964640513,0.114,0.026,1.03930337772927e-132,"THAP6","Higher_in_BRCA1_tumour",0.088
0,1.18586305341884,0.358,0.088,0,"LINC00885","Higher_in_BRCA1_tumour",0.27
3.81276815277365e-220,1.18540010240517,0.185,0.043,9.48044801187168e-216,"CCDC88C","Higher_in_BRCA1_tumour",0.142
7.98416316162324e-77,1.18524064691785,0.155,0.067,1.98526217013762e-72,"IFI44","Higher_in_BRCA1_tumour",0.088
0,1.18463590820081,0.285,0.067,0,"RPRD2","Higher_in_BRCA1_tumour",0.218
0,1.1845175024474,0.343,0.086,0,"NINJ2","Higher_in_BRCA1_tumour",0.257
0,1.18381117130621,0.964,0.798,0,"TRIR","Higher_in_BRCA1_tumour",0.166
0,1.18360829950687,0.314,0.08,0,"SMOX","Higher_in_BRCA1_tumour",0.234
0,1.18260098395741,0.331,0.085,0,"GCC2","Higher_in_BRCA1_tumour",0.246
0,1.18216594468044,0.516,0.156,0,"GTF2F2","Higher_in_BRCA1_tumour",0.36
0,1.17926339091787,0.644,0.213,0,"GPBP1","Higher_in_BRCA1_tumour",0.431
2.09070233527318e-213,1.17921088490587,0.188,0.045,5.19853135665676e-209,"YLPM1","Higher_in_BRCA1_tumour",0.143
6.81703288572648e-103,1.17842096902811,0.133,0.043,1.69505522703589e-98,"EMP3","Higher_in_BRCA1_tumour",0.09
0,1.17812406711373,0.473,0.139,0,"ACTR6","Higher_in_BRCA1_tumour",0.334
7.06162880217729e-210,1.17655349404376,0.193,0.048,1.75587400166138e-205,"HINT3","Higher_in_BRCA1_tumour",0.145
4.26241438034987e-184,1.1760679046114,0.155,0.036,1.05984933567399e-179,"PCNX4","Higher_in_BRCA1_tumour",0.119
4.52227351087972e-264,1.17548655059812,0.25,0.065,1.12446330848024e-259,"FAM174A","Higher_in_BRCA1_tumour",0.185
3.94090345816911e-316,1.17411830820887,0.273,0.064,9.79905644873748e-312,"VPS13A","Higher_in_BRCA1_tumour",0.209
0,1.17386455188915,0.702,0.277,0,"BLVRB","Higher_in_BRCA1_tumour",0.425
2.92284706697765e-223,1.17264462250035,0.212,0.055,7.26765923203993e-219,"YARS2","Higher_in_BRCA1_tumour",0.157
0,1.17232683527719,0.423,0.116,0,"CTDSP2","Higher_in_BRCA1_tumour",0.307
2.97597050824302e-143,1.17193399754676,0.121,0.028,7.39975066874628e-139,"TBC1D8B","Higher_in_BRCA1_tumour",0.093
0,1.17097168461929,0.428,0.119,0,"CUL5","Higher_in_BRCA1_tumour",0.309
4.24179396902238e-136,1.17074281362159,0.118,0.028,1.05472207039741e-131,"FRS2","Higher_in_BRCA1_tumour",0.09
0,1.16889017219026,0.404,0.116,0,"USO1","Higher_in_BRCA1_tumour",0.288
0,1.16876250007259,0.435,0.12,0,"PRPF4B","Higher_in_BRCA1_tumour",0.315
1.19321183260981e-147,1.16843188577747,0.116,0.025,2.96692122178428e-143,"C2orf54","Higher_in_BRCA1_tumour",0.091
0,1.16828227606263,0.772,0.322,0,"PAFAH1B3","Higher_in_BRCA1_tumour",0.45
0,1.16806604063596,0.858,0.441,0,"HIGD2A","Higher_in_BRCA1_tumour",0.417
0,1.16791073293096,0.528,0.154,0,"ZNF428","Higher_in_BRCA1_tumour",0.374
0,1.16763265053484,0.974,0.789,0,"NUCKS1","Higher_in_BRCA1_tumour",0.185
0,1.16605308314853,0.676,0.256,0,"ATG101","Higher_in_BRCA1_tumour",0.42
7.92736268459997e-136,1.16564630733549,0.111,0.025,1.97113873152578e-131,"ATR","Higher_in_BRCA1_tumour",0.086
5.09500883298462e-210,1.16344891799908,0.181,0.042,1.26687394632163e-205,"SNIP1","Higher_in_BRCA1_tumour",0.139
0,1.16298773162099,0.404,0.114,0,"PSPC1","Higher_in_BRCA1_tumour",0.29
1.57252192052889e-150,1.1629588050793,0.129,0.03,3.91007575539509e-146,"TARS2","Higher_in_BRCA1_tumour",0.099
0,1.16113881825511,0.405,0.113,0,"LINC02001","Higher_in_BRCA1_tumour",0.292
9.11428183637143e-296,1.1606913931039,0.266,0.065,2.26626617861376e-291,"PCGF2","Higher_in_BRCA1_tumour",0.201
0,1.15923607693199,0.951,0.67,0,"COPE","Higher_in_BRCA1_tumour",0.281
2.83921167242254e-155,1.15865982657998,0.136,0.033,7.05969982347864e-151,"PNPO","Higher_in_BRCA1_tumour",0.103
0,1.15831905941885,0.314,0.082,0,"KATNA1","Higher_in_BRCA1_tumour",0.232
0,1.1569700406441,0.632,0.208,0,"GTF2H5","Higher_in_BRCA1_tumour",0.424
1.42496449696296e-206,1.15639611562687,0.193,0.049,3.54317422169841e-202,"SCYL2","Higher_in_BRCA1_tumour",0.144
0,1.15478822581775,0.734,0.275,0,"KCNQ1OT1","Higher_in_BRCA1_tumour",0.459
0,1.15411295154295,0.515,0.161,0,"UROD","Higher_in_BRCA1_tumour",0.354
5.24587719749955e-259,1.15352429391823,0.239,0.06,1.30438736515826e-254,"PAF1","Higher_in_BRCA1_tumour",0.179
4.24625995565555e-198,1.15239424223254,0.185,0.047,1.05583253797375e-193,"CAPN7","Higher_in_BRCA1_tumour",0.138
0,1.15233681309882,0.585,0.189,0,"PRKRA","Higher_in_BRCA1_tumour",0.396
1.57288995059753e-151,1.14984208802874,0.129,0.03,3.91099086216077e-147,"ZMYM1","Higher_in_BRCA1_tumour",0.099
6.21748636470597e-179,1.14957080481063,0.16,0.039,1.54597798458414e-174,"ST6GALNAC4","Higher_in_BRCA1_tumour",0.121
1.64836075048796e-267,1.14924607003674,0.283,0.08,4.09864900608832e-263,"DPAGT1","Higher_in_BRCA1_tumour",0.203
0,1.14819668725788,0.714,0.282,0,"CHCHD1","Higher_in_BRCA1_tumour",0.432
1.08628510459935e-148,1.14817374922861,0.123,0.028,2.70104791258629e-144,"POLR3G","Higher_in_BRCA1_tumour",0.095
0,1.14816526316881,0.932,0.626,0,"CCT8","Higher_in_BRCA1_tumour",0.306
2.14911523809391e-236,1.14804955251992,0.208,0.05,5.34377503952051e-232,"MCM3AP","Higher_in_BRCA1_tumour",0.158
1.77490284861561e-120,1.14798906916969,0.128,0.036,4.4132959330827e-116,"TSPYL5","Higher_in_BRCA1_tumour",0.092
0,1.14664740290106,0.96,0.737,0,"BRK1","Higher_in_BRCA1_tumour",0.223
1.42601198408869e-177,1.14531029464717,0.159,0.038,3.54577879843653e-173,"SIPA1L1","Higher_in_BRCA1_tumour",0.121
0,1.14490460173728,0.452,0.14,0,"PLK2","Higher_in_BRCA1_tumour",0.312
8.58261694227988e-245,1.14416659064107,0.388,0.148,2.13406770269789e-240,"STAT1","Higher_in_BRCA1_tumour",0.24
2.13036688952836e-165,1.14331596037869,0.147,0.035,5.29715727081226e-161,"PGGT1B","Higher_in_BRCA1_tumour",0.112
0,1.14270797446871,0.693,0.269,0,"MRPL58","Higher_in_BRCA1_tumour",0.424
3.38325372731456e-121,1.14174238637636,0.1,0.022,8.41246039296766e-117,"SLC16A11","Higher_in_BRCA1_tumour",0.078
1.31522654625159e-174,1.14077271573042,0.147,0.034,3.27031080725459e-170,"ZNF579","Higher_in_BRCA1_tumour",0.113
8.75460784709473e-214,1.1404272471448,0.218,0.06,2.17683324118011e-209,"KIF1B","Higher_in_BRCA1_tumour",0.158
3.79784615272502e-285,1.13978229757424,0.272,0.071,9.44334445875077e-281,"ARHGEF12","Higher_in_BRCA1_tumour",0.201
0,1.13846312348247,0.953,0.689,0,"PSMB1","Higher_in_BRCA1_tumour",0.264
2.07008615373429e-184,1.13844861898601,0.185,0.05,5.1472692212603e-180,"RGCC","Higher_in_BRCA1_tumour",0.135
0,1.13788840495781,0.94,0.602,0,"SSR2","Higher_in_BRCA1_tumour",0.338
8.90235220155723e-217,1.13693842061136,0.202,0.051,2.21356987491721e-212,"AP5M1","Higher_in_BRCA1_tumour",0.151
3.7233837592178e-108,1.13640318753775,0.105,0.028,9.25819371729506e-104,"TET2","Higher_in_BRCA1_tumour",0.077
0,1.1363747738171,0.984,0.966,0,"RPL27","Higher_in_BRCA1_tumour",0.018
0,1.13593750805472,0.668,0.289,0,"IDI1","Higher_in_BRCA1_tumour",0.379
9.48423624978478e-118,1.13531837780176,0.101,0.023,2.35825534350899e-113,"STX17-AS1","Higher_in_BRCA1_tumour",0.078
0,1.13343967495076,0.99,0.944,0,"RACK1","Higher_in_BRCA1_tumour",0.046
0,1.13287168352895,0.787,0.325,0,"EIF4G1","Higher_in_BRCA1_tumour",0.462
1.74650662640573e-147,1.13131642165578,0.127,0.03,4.34268872655785e-143,"ZNF324","Higher_in_BRCA1_tumour",0.097
1.34396023937414e-142,1.13111745912386,0.126,0.03,3.34175713520381e-138,"TRMT5","Higher_in_BRCA1_tumour",0.096
6.12000075888704e-161,1.12977146722894,0.136,0.031,1.52173818869726e-156,"IRAK4","Higher_in_BRCA1_tumour",0.105
7.30842019135768e-233,1.12815140212493,0.202,0.047,1.81723868058109e-228,"LRP11","Higher_in_BRCA1_tumour",0.155
0,1.12707217075488,0.508,0.161,0,"RRP1B","Higher_in_BRCA1_tumour",0.347
0,1.1269231707003,0.322,0.086,0,"TBPL1","Higher_in_BRCA1_tumour",0.236
1.85312459704178e-304,1.12550919799219,0.295,0.078,4.60779431054439e-300,"PART1","Higher_in_BRCA1_tumour",0.217
0,1.12433282306389,0.386,0.109,0,"SERTAD3","Higher_in_BRCA1_tumour",0.277
9.38077501102316e-318,1.12361418537124,0.322,0.088,2.33252970649091e-313,"TMX4","Higher_in_BRCA1_tumour",0.234
0,1.12270922155104,0.462,0.15,0,"PFKP","Higher_in_BRCA1_tumour",0.312
2.39163497268777e-173,1.1206454402193,0.154,0.037,5.94680035958814e-169,"C3orf58","Higher_in_BRCA1_tumour",0.117
7.16683725951111e-185,1.12008903456672,0.18,0.047,1.78203408457744e-180,"GOLGA5","Higher_in_BRCA1_tumour",0.133
0,1.11842347619774,0.401,0.114,0,"GLI4","Higher_in_BRCA1_tumour",0.287
0,1.11819894656261,0.666,0.235,0,"SCPEP1","Higher_in_BRCA1_tumour",0.431
0,1.11463254515075,0.45,0.14,0,"U2AF2","Higher_in_BRCA1_tumour",0.31
0,1.1145857435715,0.676,0.256,0,"ENAH","Higher_in_BRCA1_tumour",0.42
2.59932392580976e-280,1.11308110495521,0.258,0.065,6.46321894152596e-276,"NKAPD1","Higher_in_BRCA1_tumour",0.193
0,1.11290729221402,0.857,0.453,0,"DPY30","Higher_in_BRCA1_tumour",0.404
2.90092584115292e-148,1.11261117411546,0.131,0.031,7.21315210402674e-144,"POLD1","Higher_in_BRCA1_tumour",0.1
0,1.11154587554802,0.421,0.124,0,"SUGP2","Higher_in_BRCA1_tumour",0.297
6.20367701350495e-174,1.1107128358814,0.164,0.042,1.54254428940801e-169,"TRMT61B","Higher_in_BRCA1_tumour",0.122
0,1.11024675913924,0.906,0.529,0,"SF3B5","Higher_in_BRCA1_tumour",0.377
0,1.1097255398012,0.738,0.289,0,"UBE2E3","Higher_in_BRCA1_tumour",0.449
0,1.10709393302171,0.772,0.358,0,"PRMT1","Higher_in_BRCA1_tumour",0.414
0,1.10684492025219,0.32,0.083,0,"MRI1","Higher_in_BRCA1_tumour",0.237
8.4616038076048e-196,1.10648022575624,0.174,0.042,2.10397778676093e-191,"HOXA10","Higher_in_BRCA1_tumour",0.132
0,1.10564500925775,0.93,0.603,0,"HSPA8","Higher_in_BRCA1_tumour",0.327
6.41255253554941e-134,1.10483092537993,0.14,0.039,1.59448118796436e-129,"CEMIP2","Higher_in_BRCA1_tumour",0.101
0,1.1043193524889,0.955,0.743,0,"ATP5MC2","Higher_in_BRCA1_tumour",0.212
1.44842435599426e-277,1.10425540768817,0.282,0.077,3.60150716117972e-273,"FBXO17","Higher_in_BRCA1_tumour",0.205
4.1447967975232e-295,1.10373177892964,0.346,0.107,1.03060372370414e-290,"MIS18BP1","Higher_in_BRCA1_tumour",0.239
1.99935317831214e-94,1.10305374157004,0.101,0.029,4.97139167787313e-90,"TIGAR","Higher_in_BRCA1_tumour",0.072
3.66926768067914e-234,1.10231128110779,0.216,0.054,9.12363408800867e-230,"ZNF431","Higher_in_BRCA1_tumour",0.162
2.20427408561015e-149,1.10175972107988,0.135,0.033,5.48092751386965e-145,"CCNO","Higher_in_BRCA1_tumour",0.102
6.96321160361303e-229,1.099206016374,0.235,0.064,1.73140256523838e-224,"DBN1","Higher_in_BRCA1_tumour",0.171
1.95242890347573e-159,1.09886035994452,0.153,0.04,4.85471446849241e-155,"GTF3C3","Higher_in_BRCA1_tumour",0.113
0,1.0982696932411,0.84,0.414,0,"TMED10","Higher_in_BRCA1_tumour",0.426
5.18835148353869e-170,1.09796100794134,0.169,0.045,1.2900835963819e-165,"NAV2","Higher_in_BRCA1_tumour",0.124
1.35617072606828e-211,1.09731492211177,0.193,0.048,3.37211851036879e-207,"KHDC1","Higher_in_BRCA1_tumour",0.145
1.43975872884155e-276,1.09676707601263,0.271,0.071,3.57996007926452e-272,"RALB","Higher_in_BRCA1_tumour",0.2
1.1908354377605e-152,1.09606042000489,0.128,0.029,2.96101231599149e-148,"FNDC3A","Higher_in_BRCA1_tumour",0.099
1.22967389210936e-261,1.09535112208939,0.258,0.069,3.05758413272992e-257,"DTNB","Higher_in_BRCA1_tumour",0.189
0,1.09379908564022,0.64,0.24,0,"NIFK","Higher_in_BRCA1_tumour",0.4
0,1.08959293487341,0.875,0.486,0,"SLC9A3R1","Higher_in_BRCA1_tumour",0.389
2.12673614511833e-227,1.08957473655914,0.221,0.058,5.28812942483672e-223,"METTL21A","Higher_in_BRCA1_tumour",0.163
0,1.08948713832901,0.95,0.705,0,"ATP6V1G1","Higher_in_BRCA1_tumour",0.245
0,1.0888565937367,0.395,0.11,0,"ZMYM2","Higher_in_BRCA1_tumour",0.285
4.06703420734404e-124,1.0888078678998,0.123,0.033,1.0112680556561e-119,"PROSER2","Higher_in_BRCA1_tumour",0.09
4.77009096843097e-148,1.08743504544968,0.136,0.034,1.18608311930036e-143,"TEFM","Higher_in_BRCA1_tumour",0.102
5.26433409614262e-246,1.08553636247246,0.26,0.074,1.30897667300586e-241,"PRRC2B","Higher_in_BRCA1_tumour",0.186
0,1.08345649319425,0.555,0.181,0,"EIF2B5","Higher_in_BRCA1_tumour",0.374
0,1.08337386057499,0.451,0.133,0,"WRB","Higher_in_BRCA1_tumour",0.318
1.24057572855419e-252,1.08243575437661,0.248,0.066,3.08469154905e-248,"VAT1","Higher_in_BRCA1_tumour",0.182
0,1.08073995570242,0.774,0.351,0,"PPP4C","Higher_in_BRCA1_tumour",0.423
0,1.07983334502687,0.777,0.318,0,"VPS28","Higher_in_BRCA1_tumour",0.459
3.18853668008046e-284,1.07763747428552,0.249,0.059,7.92829645502006e-280,"BCL9L","Higher_in_BRCA1_tumour",0.19
2.01696235263731e-264,1.07704585434564,0.251,0.064,5.01517688983267e-260,"STK40","Higher_in_BRCA1_tumour",0.187
3.76997779190455e-318,1.07648513878024,0.323,0.088,9.37404977957066e-314,"MTF1","Higher_in_BRCA1_tumour",0.235
1.76637102359202e-231,1.07421471771911,0.224,0.058,4.39208155016156e-227,"SCAMP1","Higher_in_BRCA1_tumour",0.166
0,1.07397982056989,0.6,0.217,0,"ARID4B","Higher_in_BRCA1_tumour",0.383
0,1.07246730015948,0.851,0.434,0,"PSMA5","Higher_in_BRCA1_tumour",0.417
0,1.07183234960475,1,0.999,0,"EEF1A1","Higher_in_BRCA1_tumour",0.001
1.01596658754829e-139,1.0705030067633,0.135,0.035,2.52620091993882e-135,"TMTC3","Higher_in_BRCA1_tumour",0.1
7.26484033866303e-161,1.07050236707069,0.15,0.038,1.80640255020856e-156,"PTP4A3","Higher_in_BRCA1_tumour",0.112
5.15409430950874e-137,1.0702161362402,0.139,0.038,1.28156555005935e-132,"C11orf71","Higher_in_BRCA1_tumour",0.101
0,1.06989449065009,0.568,0.193,0,"FUBP1","Higher_in_BRCA1_tumour",0.375
0,1.06885413653663,0.658,0.253,0,"MSRB2","Higher_in_BRCA1_tumour",0.405
0,1.06827335625859,0.417,0.125,0,"EPN1","Higher_in_BRCA1_tumour",0.292
1.4993972542664e-158,1.06826560527047,0.129,0.029,3.72825127273341e-154,"PEG3","Higher_in_BRCA1_tumour",0.1
2.97063796786741e-259,1.06819762949272,0.28,0.08,7.38649130710232e-255,"MARS","Higher_in_BRCA1_tumour",0.2
8.68323651572722e-156,1.0670687704869,0.148,0.038,2.15908675963557e-151,"FAM120B","Higher_in_BRCA1_tumour",0.11
0,1.06554249874496,0.766,0.346,0,"NDUFA8","Higher_in_BRCA1_tumour",0.42
1.94439385663374e-186,1.06534601766024,0.195,0.055,4.83473532451978e-182,"CHDH","Higher_in_BRCA1_tumour",0.14
0,1.06527158882881,0.917,0.619,0,"POLR2H","Higher_in_BRCA1_tumour",0.298
1.14164588214535e-262,1.06436033887314,0.252,0.065,2.83870248595442e-258,"TGIF2","Higher_in_BRCA1_tumour",0.187
1.83438733513697e-286,1.06329884105114,0.423,0.155,4.56120410881809e-282,"EIF2AK2","Higher_in_BRCA1_tumour",0.268
0,1.06246104007993,0.552,0.18,0,"DLG1","Higher_in_BRCA1_tumour",0.372
0,1.06139273395658,0.53,0.18,0,"RNPEP","Higher_in_BRCA1_tumour",0.35
0,1.06097165310399,0.422,0.132,0,"RPP38","Higher_in_BRCA1_tumour",0.29
0,1.06014232416819,0.545,0.182,0,"ARMCX3","Higher_in_BRCA1_tumour",0.363
0,1.05907004412325,0.849,0.46,0,"MRPS15","Higher_in_BRCA1_tumour",0.389
0,1.05874028040392,0.579,0.207,0,"MRPS23","Higher_in_BRCA1_tumour",0.372
4.99367082435682e-181,1.05867265137554,0.183,0.05,1.24167625047632e-176,"NIF3L1","Higher_in_BRCA1_tumour",0.133
0,1.05704711601386,0.599,0.21,0,"DCTN2","Higher_in_BRCA1_tumour",0.389
0,1.05659936815557,0.45,0.141,0,"ARL5B","Higher_in_BRCA1_tumour",0.309
0,1.05614298623303,0.371,0.11,0,"ARL4C","Higher_in_BRCA1_tumour",0.261
0,1.05539187422189,0.852,0.447,0,"ERP29","Higher_in_BRCA1_tumour",0.405
8.31831546974826e-210,1.05510047583528,0.196,0.049,2.0683491415529e-205,"UBL3","Higher_in_BRCA1_tumour",0.147
1.65041930055095e-104,1.05498265745221,0.12,0.036,4.10376759081993e-100,"CA11","Higher_in_BRCA1_tumour",0.084
0,1.0545501412372,0.454,0.144,0,"NUP62","Higher_in_BRCA1_tumour",0.31
0,1.05424154758406,0.589,0.222,0,"SHMT2","Higher_in_BRCA1_tumour",0.367
0,1.05313844399695,0.544,0.195,0,"FDX1","Higher_in_BRCA1_tumour",0.349
1.25981562389478e-120,1.05255375670779,0.107,0.026,3.13253154881437e-116,"TBCE","Higher_in_BRCA1_tumour",0.081
3.79185417375327e-141,1.05247594309775,0.14,0.037,9.42844540303749e-137,"GPR137","Higher_in_BRCA1_tumour",0.103
0,1.05084569749709,0.363,0.107,0,"INTS11","Higher_in_BRCA1_tumour",0.256
1.93435507142784e-119,1.04992358739484,0.108,0.026,4.80977388510532e-115,"FKBP15","Higher_in_BRCA1_tumour",0.082
0,1.04989563393493,0.524,0.171,0,"UBE2E1","Higher_in_BRCA1_tumour",0.353
2.3314040548723e-190,1.04961961071232,0.186,0.049,5.79703618243997e-186,"SUPT7L","Higher_in_BRCA1_tumour",0.137
0,1.04961914006552,0.996,0.99,0,"H3F3A","Higher_in_BRCA1_tumour",0.00600000000000001
0,1.04884143876009,0.984,0.918,0,"ATP5MG","Higher_in_BRCA1_tumour",0.0659999999999999
0,1.04856100282296,0.385,0.115,0,"DDB1","Higher_in_BRCA1_tumour",0.27
1.33997576473722e-313,1.04833862852749,0.356,0.107,3.3318497390191e-309,"SERTAD1","Higher_in_BRCA1_tumour",0.249
0,1.04792828894235,0.372,0.112,0,"SDAD1","Higher_in_BRCA1_tumour",0.26
0,1.04781164017723,0.648,0.234,0,"COMMD3","Higher_in_BRCA1_tumour",0.414
0,1.04770585739332,0.733,0.296,0,"SELENOT","Higher_in_BRCA1_tumour",0.437
0,1.04729441907999,0.513,0.162,0,"FNBP1L","Higher_in_BRCA1_tumour",0.351
1.00916898421888e-179,1.04679698922043,0.18,0.048,2.50929867926024e-175,"ZNF33B","Higher_in_BRCA1_tumour",0.132
0,1.04449713738575,0.5,0.161,0,"TMF1","Higher_in_BRCA1_tumour",0.339
1.01098535169966e-171,1.04419345565335,0.163,0.042,2.5138150770012e-167,"SART3","Higher_in_BRCA1_tumour",0.121
0,1.04378472757292,0.809,0.393,0,"HSPA5","Higher_in_BRCA1_tumour",0.416
1.15990622504629e-168,1.04291575242598,0.168,0.045,2.88410682857759e-164,"NCOA1","Higher_in_BRCA1_tumour",0.123
8.36778963429191e-239,1.04233831693742,0.25,0.07,2.08065089256668e-234,"MAP3K2","Higher_in_BRCA1_tumour",0.18
0,1.04123602260783,0.805,0.366,0,"FKBP8","Higher_in_BRCA1_tumour",0.439
0,1.04030409757547,0.63,0.238,0,"PPA2","Higher_in_BRCA1_tumour",0.392
3.57217565461666e-304,1.03942373226882,0.295,0.077,8.88221476520433e-300,"ATXN2","Higher_in_BRCA1_tumour",0.218
0,1.03881992915762,0.658,0.259,0,"LSM10","Higher_in_BRCA1_tumour",0.399
2.27722097951699e-195,1.03782759559538,0.179,0.044,5.662309965569e-191,"WDR53","Higher_in_BRCA1_tumour",0.135
1.98349951851397e-193,1.03732856591167,0.196,0.053,4.93197155278499e-189,"KLHDC10","Higher_in_BRCA1_tumour",0.143
0,1.0370652093094,0.957,0.659,0,"CRYAB","Higher_in_BRCA1_tumour",0.298
6.76783363916028e-236,1.03509300687386,0.253,0.071,1.6828218343772e-231,"FBXW9","Higher_in_BRCA1_tumour",0.182
7.75147864938947e-144,1.03449132170409,0.143,0.038,1.92740516617069e-139,"SKI","Higher_in_BRCA1_tumour",0.105
3.23801533140701e-252,1.03420609562175,0.25,0.066,8.05132512154354e-248,"EXTL2","Higher_in_BRCA1_tumour",0.184
0,1.03389299454874,0.57,0.214,0,"FOSB","Higher_in_BRCA1_tumour",0.356
5.49575830122105e-141,1.03332027223129,0.135,0.035,1.36652030159861e-136,"GUF1","Higher_in_BRCA1_tumour",0.1
0,1.03307876577049,0.978,0.868,0,"NPM1","Higher_in_BRCA1_tumour",0.11
0,1.03181190789556,0.504,0.159,0,"ORC4","Higher_in_BRCA1_tumour",0.345
0,1.02972615132297,0.987,0.979,0,"RPL23A","Higher_in_BRCA1_tumour",0.00800000000000001
0,1.02833950477794,0.675,0.259,0,"EXOSC4","Higher_in_BRCA1_tumour",0.416
2.68320465024837e-114,1.0280186769578,0.119,0.033,6.67178836284257e-110,"SLC30A6","Higher_in_BRCA1_tumour",0.086
6.08069640286177e-162,1.02769510518969,0.148,0.037,1.51196516057158e-157,"AC008556.1","Higher_in_BRCA1_tumour",0.111
1.72131546302346e-298,1.02699749432647,0.311,0.086,4.28005089880784e-294,"AC245297.3","Higher_in_BRCA1_tumour",0.225
0,1.02697780008402,0.426,0.125,0,"FGD5-AS1","Higher_in_BRCA1_tumour",0.301
0,1.02683183126068,0.408,0.119,0,"POGZ","Higher_in_BRCA1_tumour",0.289
0,1.02672574979089,0.402,0.121,0,"ZNF638","Higher_in_BRCA1_tumour",0.281
4.22334137245354e-287,1.02629177893052,0.273,0.07,1.05013383226057e-282,"URB1-AS1","Higher_in_BRCA1_tumour",0.203
1.54507678866106e-134,1.02468173507528,0.136,0.037,3.84183343500572e-130,"AP1AR","Higher_in_BRCA1_tumour",0.099
1.44459775527436e-226,1.02263308588584,0.222,0.058,3.5919923184897e-222,"ITSN1","Higher_in_BRCA1_tumour",0.164
0,1.02174560176605,0.594,0.213,0,"TMBIM4","Higher_in_BRCA1_tumour",0.381
1.66295258594061e-262,1.02146320809502,0.269,0.074,4.13493160494132e-258,"MAGI3","Higher_in_BRCA1_tumour",0.195
1.31389166851089e-151,1.0206736204416,0.146,0.038,3.26699163375233e-147,"TMEM116","Higher_in_BRCA1_tumour",0.108
0,1.02065328216485,0.378,0.114,0,"ZNF33A","Higher_in_BRCA1_tumour",0.264
1.50728915641647e-250,1.02001069067048,0.255,0.069,3.74787448742956e-246,"GEMIN6","Higher_in_BRCA1_tumour",0.186
0,1.01865124575569,0.941,0.685,0,"TBCA","Higher_in_BRCA1_tumour",0.256
1.4092703980038e-224,1.01853962230169,0.248,0.072,3.50415084463646e-220,"SUV39H2","Higher_in_BRCA1_tumour",0.176
0,1.01851736912914,0.994,0.999,0,"MALAT1","Higher_in_BRCA1_tumour",-0.005
0,1.01846493775711,0.803,0.379,0,"PSMA3","Higher_in_BRCA1_tumour",0.424
1.57466432815765e-162,1.01706743869838,0.16,0.042,3.91540285196401e-158,"RIOK2","Higher_in_BRCA1_tumour",0.118
1.34046194064676e-209,1.01659452487973,0.231,0.067,3.33305861541816e-205,"RLF","Higher_in_BRCA1_tumour",0.164
3.34987647917546e-108,1.01645608670637,0.114,0.032,8.32946786546977e-104,"PPP2R1B","Higher_in_BRCA1_tumour",0.082
1.59066661081608e-159,1.01644361326442,0.174,0.05,3.95519252779418e-155,"UBE4A","Higher_in_BRCA1_tumour",0.124
4.06203522133659e-194,1.01625777156463,0.196,0.053,1.01002505778534e-189,"CBL","Higher_in_BRCA1_tumour",0.143
0,1.01592876473464,0.424,0.128,0,"TUT4","Higher_in_BRCA1_tumour",0.296
5.71298220654475e-139,1.01572698498093,0.124,0.03,1.42053302565735e-134,"TLR5","Higher_in_BRCA1_tumour",0.094
0,1.01536052662674,0.872,0.477,0,"APLP2","Higher_in_BRCA1_tumour",0.395
0,1.01518376258158,0.387,0.121,0,"COPB1","Higher_in_BRCA1_tumour",0.266
0,1.01479318219877,0.497,0.176,0,"RUVBL2","Higher_in_BRCA1_tumour",0.321
0,1.01389454338001,0.917,0.588,0,"KRT7","Higher_in_BRCA1_tumour",0.329
1.16437262825287e-221,1.01303903516388,0.21,0.053,2.89521254015076e-217,"AASDH","Higher_in_BRCA1_tumour",0.157
0,1.01303288672732,0.698,0.288,0,"ARL1","Higher_in_BRCA1_tumour",0.41
2.02384709471033e-306,1.01286302536528,0.325,0.092,5.03229580099724e-302,"ZNF91","Higher_in_BRCA1_tumour",0.233
1.21192633988491e-143,1.01267133531329,0.139,0.036,3.01345484412383e-139,"TMEM136","Higher_in_BRCA1_tumour",0.103
3.20478490277205e-11,1.01226632780065,0.155,0.116,7.96869766074271e-07,"MTRNR2L12","Higher_in_BRCA1_tumour",0.039
0,1.01180575976916,0.895,0.57,0,"NUDT5","Higher_in_BRCA1_tumour",0.325
0,1.01152464185267,0.856,0.479,0,"TCP1","Higher_in_BRCA1_tumour",0.377
1.35822874346593e-123,1.01148916498737,0.111,0.027,3.37723577062803e-119,"ATG4A","Higher_in_BRCA1_tumour",0.084
0,1.01138448978247,0.433,0.132,0,"CCDC50","Higher_in_BRCA1_tumour",0.301
5.26463438581368e-275,1.0111314681781,0.289,0.081,1.30905134003257e-270,"PUM2","Higher_in_BRCA1_tumour",0.208
1.45690636936871e-312,1.00982381619278,0.351,0.104,3.6225976874353e-308,"DONSON","Higher_in_BRCA1_tumour",0.247
1.11088707517951e-226,1.00975576793783,0.228,0.061,2.76222071243386e-222,"ARID4A","Higher_in_BRCA1_tumour",0.167
0,1.00934783934675,0.496,0.168,0,"GOLGB1","Higher_in_BRCA1_tumour",0.328
5.22368289962883e-132,1.00857728634423,0.124,0.031,1.29886875299271e-127,"GPCPD1","Higher_in_BRCA1_tumour",0.093
0,1.00750783674579,0.999,0.998,0,"RPL8","Higher_in_BRCA1_tumour",0.001
0,1.00453218163941,0.742,0.325,0,"CISD1","Higher_in_BRCA1_tumour",0.417
0,1.00450051383806,0.708,0.292,0,"NCBP2","Higher_in_BRCA1_tumour",0.416
2.21059974752602e-144,1.00417271403776,0.143,0.038,5.49665627222344e-140,"ARHGEF19","Higher_in_BRCA1_tumour",0.105
5.27968627653025e-157,1.00235400414154,0.155,0.041,1.31279399265925e-152,"C5orf63","Higher_in_BRCA1_tumour",0.114
5.35326710182142e-174,1.00224687436534,0.181,0.05,1.33108986486789e-169,"USP6NL","Higher_in_BRCA1_tumour",0.131
3.26722559283158e-226,1.00028411901279,0.229,0.062,8.12395643657573e-222,"SAT2","Higher_in_BRCA1_tumour",0.167
4.25461735804482e-126,1.00015281386323,0.12,0.031,1.05791060607784e-121,"ZNF561","Higher_in_BRCA1_tumour",0.089
2.487763224052e-163,0.999573669108154,0.16,0.042,6.18582325660529e-159,"RBL1","Higher_in_BRCA1_tumour",0.118
1.99772128233518e-141,0.998629943728244,0.13,0.032,4.96733396852643e-137,"CPEB4","Higher_in_BRCA1_tumour",0.098
0,0.996602401922248,0.409,0.122,0,"NECTIN1","Higher_in_BRCA1_tumour",0.287
7.36659303279016e-235,0.99560836209132,0.248,0.069,1.83170335760327e-230,"SLC35B3","Higher_in_BRCA1_tumour",0.179
1.08968855752524e-134,0.995078584515914,0.143,0.041,2.70951059828651e-130,"EXOC4","Higher_in_BRCA1_tumour",0.102
0,0.994427349399778,0.724,0.323,0,"GRN","Higher_in_BRCA1_tumour",0.401
5.33706523611505e-67,0.993770244986153,0.14,0.061,1.32706127096001e-62,"OAS1","Higher_in_BRCA1_tumour",0.079
1.02540491928121e-225,0.991779078392294,0.212,0.054,2.54966933179272e-221,"EEA1","Higher_in_BRCA1_tumour",0.158
4.39689665061044e-223,0.990131860606986,0.255,0.076,1.09328835217429e-218,"TMEM99","Higher_in_BRCA1_tumour",0.179
2.1035556077417e-112,0.988014740602888,0.1,0.024,5.23049101864973e-108,"TMEM131L","Higher_in_BRCA1_tumour",0.076
8.28444898160173e-136,0.987444423152793,0.135,0.036,2.05992823927527e-131,"TAMM41","Higher_in_BRCA1_tumour",0.099
0,0.987148759755109,0.473,0.155,0,"RNF168","Higher_in_BRCA1_tumour",0.318
2.19822672384488e-153,0.98646621663707,0.144,0.036,5.4658907488403e-149,"FASTKD2","Higher_in_BRCA1_tumour",0.108
3.10529856077929e-154,0.986323062069781,0.16,0.044,7.72132487137771e-150,"CCDC97","Higher_in_BRCA1_tumour",0.116
0,0.985554000280532,0.73,0.318,0,"GPAA1","Higher_in_BRCA1_tumour",0.412
9.001172238996e-313,0.985496121161591,0.353,0.105,2.23814147722635e-308,"BECN1","Higher_in_BRCA1_tumour",0.248
7.84922959487434e-183,0.985185185262099,0.179,0.047,1.9517109387655e-178,"LNPEP","Higher_in_BRCA1_tumour",0.132
1.53937012796082e-141,0.985146723863907,0.146,0.04,3.82764382317458e-137,"PRR7","Higher_in_BRCA1_tumour",0.106
9.96582580087112e-211,0.985084143676981,0.233,0.067,2.4780025853866e-206,"LTV1","Higher_in_BRCA1_tumour",0.166
0,0.984778603412786,0.416,0.122,0,"REST","Higher_in_BRCA1_tumour",0.294
1.85495225506068e-144,0.984716945554308,0.126,0.03,4.61233878220838e-140,"MDM1","Higher_in_BRCA1_tumour",0.096
2.91213784045159e-125,0.983437976166189,0.131,0.036,7.24103074028287e-121,"ATP6V0A1","Higher_in_BRCA1_tumour",0.095
4.55745663780647e-167,0.983131665483095,0.178,0.05,1.13321159299058e-162,"ASB16-AS1","Higher_in_BRCA1_tumour",0.128
0,0.981991527275994,0.814,0.42,0,"CBR1","Higher_in_BRCA1_tumour",0.394
6.15724716664168e-256,0.981454665930143,0.322,0.104,1.53099950798545e-251,"DDX6","Higher_in_BRCA1_tumour",0.218
5.33514010069262e-208,0.980884266564848,0.228,0.065,1.32658258603722e-203,"RCHY1","Higher_in_BRCA1_tumour",0.163
0,0.980165042442512,0.668,0.295,0,"HES4","Higher_in_BRCA1_tumour",0.373
0,0.979966957978329,0.759,0.345,0,"PTS","Higher_in_BRCA1_tumour",0.414
4.11639838878261e-106,0.97924554502489,0.111,0.031,1.0235424593708e-101,"SMARCAD1","Higher_in_BRCA1_tumour",0.08
5.13828271674896e-322,0.977636930906379,0.377,0.115,1.27763399751963e-317,"PDCD2L","Higher_in_BRCA1_tumour",0.262
6.73705046694907e-202,0.977312106652821,0.214,0.06,1.67516759860689e-197,"GAPVD1","Higher_in_BRCA1_tumour",0.154
1.53366769145793e-257,0.977196502594545,0.282,0.081,3.81346471481015e-253,"TMEM251","Higher_in_BRCA1_tumour",0.201
1.99587884648846e-283,0.976658945328055,0.309,0.088,4.96275275179354e-279,"SNX9","Higher_in_BRCA1_tumour",0.221
4.5387052955225e-126,0.976317985173102,0.13,0.036,1.12854907173167e-121,"METTL6","Higher_in_BRCA1_tumour",0.094
3.8638520336779e-166,0.976279182962541,0.155,0.039,9.6074680817401e-162,"LTBP1","Higher_in_BRCA1_tumour",0.116
1.39291687334086e-232,0.975756655475766,0.24,0.066,3.46348780556205e-228,"AHCTF1","Higher_in_BRCA1_tumour",0.174
7.47624980484677e-224,0.975530873037897,0.228,0.062,1.85896951397515e-219,"SETD4","Higher_in_BRCA1_tumour",0.166
0,0.975498468500414,0.706,0.291,0,"UBXN1","Higher_in_BRCA1_tumour",0.415
0,0.973728424329124,0.991,0.944,0,"PRDX1","Higher_in_BRCA1_tumour",0.047
9.60168434660691e-155,0.97252118960487,0.153,0.04,2.38745881278381e-150,"THG1L","Higher_in_BRCA1_tumour",0.113
0,0.971394537735509,0.473,0.155,0,"ECHDC1","Higher_in_BRCA1_tumour",0.318
4.13692006202322e-123,0.968439362108132,0.13,0.036,1.02864517342207e-118,"SCRN3","Higher_in_BRCA1_tumour",0.094
0,0.96752062511005,0.81,0.407,0,"GMPS","Higher_in_BRCA1_tumour",0.403
2.74880743725352e-98,0.967041023762886,0.102,0.028,6.83490969273087e-94,"ZNF574","Higher_in_BRCA1_tumour",0.074
0,0.966242567066625,0.479,0.167,0,"HSPH1","Higher_in_BRCA1_tumour",0.312
2.87806849139361e-104,0.96575778958892,0.113,0.032,7.1563173038502e-100,"STIM2","Higher_in_BRCA1_tumour",0.081
0,0.965612156304891,0.535,0.187,0,"MOB4","Higher_in_BRCA1_tumour",0.348
0,0.963857777592404,0.879,0.618,0,"FABP5","Higher_in_BRCA1_tumour",0.261
2.27343611484318e-193,0.963214937848141,0.19,0.05,5.65289889955757e-189,"WARS2","Higher_in_BRCA1_tumour",0.14
2.24675901732402e-122,0.963102126777286,0.107,0.026,5.58656629657616e-118,"CAPN12","Higher_in_BRCA1_tumour",0.081
9.59638181738588e-156,0.962120018873479,0.168,0.048,2.386140338893e-151,"SETD2","Higher_in_BRCA1_tumour",0.12
0,0.9616631090464,0.522,0.181,0,"MRPS25","Higher_in_BRCA1_tumour",0.341
0,0.960968533311397,0.941,0.665,0,"CCNI","Higher_in_BRCA1_tumour",0.276
0,0.960626132317352,0.845,0.467,0,"TMEM167A","Higher_in_BRCA1_tumour",0.378
2.3211980851245e-158,0.95938080606952,0.16,0.043,5.77165903866206e-154,"NFRKB","Higher_in_BRCA1_tumour",0.117
5.13315793731328e-78,0.959023184606581,0.113,0.04,1.27635972111295e-73,"TUBB2A","Higher_in_BRCA1_tumour",0.073
3.09087513996904e-174,0.958125176815498,0.193,0.056,7.68546103553302e-170,"CAMSAP2","Higher_in_BRCA1_tumour",0.137
6.26233725981625e-241,0.958014831328778,0.264,0.077,1.55713015965331e-236,"RANBP2","Higher_in_BRCA1_tumour",0.187
5.31464997759478e-298,0.957080147516051,0.343,0.103,1.32148771692894e-293,"UFL1","Higher_in_BRCA1_tumour",0.24
0,0.956370997912241,0.764,0.356,0,"PPM1G","Higher_in_BRCA1_tumour",0.408
0,0.956238572387035,0.496,0.161,0,"C1D","Higher_in_BRCA1_tumour",0.335
4.09541062699122e-179,0.954164708607069,0.182,0.049,1.01832385240137e-174,"BPGM","Higher_in_BRCA1_tumour",0.133
3.88589566034915e-256,0.953104767946891,0.285,0.083,9.66227955945817e-252,"SLC35E3","Higher_in_BRCA1_tumour",0.202
1.51152454203547e-224,0.950980739979697,0.242,0.069,3.75840577377119e-220,"GIGYF2","Higher_in_BRCA1_tumour",0.173
0,0.950921266491242,0.703,0.3,0,"BBX","Higher_in_BRCA1_tumour",0.403
0,0.950461018911848,0.681,0.295,0,"HDDC2","Higher_in_BRCA1_tumour",0.386
9.18764991220258e-121,0.950258000717379,0.109,0.026,2.28450915066917e-116,"OXGR1","Higher_in_BRCA1_tumour",0.083
3.65546581170859e-115,0.949475220039793,0.12,0.033,9.0893157408134e-111,"MTERF2","Higher_in_BRCA1_tumour",0.087
1.93242548880523e-195,0.947683285664666,0.224,0.067,4.80497597791422e-191,"MIA3","Higher_in_BRCA1_tumour",0.157
2.19350624866168e-140,0.947223772037345,0.147,0.041,5.45415328729727e-136,"ZNF714","Higher_in_BRCA1_tumour",0.106
0,0.947012840128072,0.761,0.358,0,"MDFI","Higher_in_BRCA1_tumour",0.403
0,0.94603758230441,0.999,0.997,0,"RPS19","Higher_in_BRCA1_tumour",0.002
1.52623183112648e-206,0.94438816245394,0.215,0.059,3.794975448096e-202,"ZNF544","Higher_in_BRCA1_tumour",0.156
3.56259245952375e-294,0.944380699893904,0.382,0.125,8.85838615060581e-290,"MRPS9","Higher_in_BRCA1_tumour",0.257
4.94461898715103e-118,0.940576446341662,0.112,0.029,1.2294795111551e-113,"CIC","Higher_in_BRCA1_tumour",0.083
1.13651059067587e-212,0.939896002425892,0.233,0.067,2.82593358371554e-208,"MTERF4","Higher_in_BRCA1_tumour",0.166
2.4822421593642e-244,0.93984147842767,0.298,0.093,6.17209512925909e-240,"SNX27","Higher_in_BRCA1_tumour",0.205
0,0.939811770418142,0.897,0.581,0,"MRPL47","Higher_in_BRCA1_tumour",0.316
1.11026439927113e-175,0.939034419655848,0.175,0.047,2.76067242878766e-171,"TRIM37","Higher_in_BRCA1_tumour",0.128
1.69214547055899e-210,0.938833733562824,0.233,0.067,4.20751971254492e-206,"CPSF7","Higher_in_BRCA1_tumour",0.166
6.64462545146416e-133,0.938802554434586,0.129,0.034,1.65218611850656e-128,"TMEM79","Higher_in_BRCA1_tumour",0.095
0,0.938756486091957,0.456,0.148,0,"NT5C3B","Higher_in_BRCA1_tumour",0.308
1.31983145491285e-204,0.938594027618156,0.228,0.067,3.2817609126408e-200,"DIP2A","Higher_in_BRCA1_tumour",0.161
6.67789920258131e-103,0.936970204778913,0.109,0.03,1.66045963672184e-98,"ACAD8","Higher_in_BRCA1_tumour",0.079
0,0.935946154204923,0.49,0.168,0,"THYN1","Higher_in_BRCA1_tumour",0.322
1.11536799544736e-145,0.933689029776821,0.174,0.053,2.77336252067987e-141,"C2orf49","Higher_in_BRCA1_tumour",0.121
1.45892989170711e-102,0.933602398420831,0.117,0.035,3.62762917572973e-98,"MAP1S","Higher_in_BRCA1_tumour",0.082
0,0.933308839907162,0.42,0.136,0,"CCDC130","Higher_in_BRCA1_tumour",0.284
0,0.93274214162721,0.463,0.155,0,"PWP1","Higher_in_BRCA1_tumour",0.308
1.84275748184471e-249,0.932041117273874,0.31,0.098,4.58201647860686e-245,"THOC3","Higher_in_BRCA1_tumour",0.212
4.6732838081504e-138,0.930423217006631,0.132,0.034,1.1620120188966e-133,"ALAD","Higher_in_BRCA1_tumour",0.098
5.7221940962233e-255,0.927725627511267,0.81,0.587,1.42282356202592e-250,"CCND1","Higher_in_BRCA1_tumour",0.223
2.04327763512398e-99,0.927431902925375,0.108,0.031,5.08060983973577e-95,"ZNF827","Higher_in_BRCA1_tumour",0.077
1.34041543994226e-107,0.926618761897627,0.112,0.031,3.33294299141644e-103,"INO80D","Higher_in_BRCA1_tumour",0.081
6.29300718192774e-302,0.926263235721226,0.373,0.118,1.56475623578633e-297,"TUT7","Higher_in_BRCA1_tumour",0.255
0,0.925718202420708,0.726,0.327,0,"PAICS","Higher_in_BRCA1_tumour",0.399
1.34762025187891e-269,0.925348832341647,0.311,0.093,3.3508577562969e-265,"BAG5","Higher_in_BRCA1_tumour",0.218
1.58087899307977e-198,0.924449872310228,0.213,0.06,3.93085561629285e-194,"EHMT1","Higher_in_BRCA1_tumour",0.153
2.63910737386045e-266,0.924379107536421,0.32,0.098,6.562140485104e-262,"CHAF1B","Higher_in_BRCA1_tumour",0.222
3.74894776366819e-149,0.923951148193086,0.156,0.043,9.32175861436094e-145,"GALNT6","Higher_in_BRCA1_tumour",0.113
9.83625698494695e-134,0.921947715950618,0.154,0.046,2.44578529930706e-129,"ARG2","Higher_in_BRCA1_tumour",0.108
3.18171845994201e-214,0.920787370070152,0.24,0.07,7.91134295064582e-210,"SLC25A29","Higher_in_BRCA1_tumour",0.17
1.07173924004064e-191,0.919737834252613,0.222,0.067,2.66487962036106e-187,"EIF2B2","Higher_in_BRCA1_tumour",0.155
0,0.919231458278639,0.676,0.282,0,"PSENEN","Higher_in_BRCA1_tumour",0.394
1.68954182917182e-255,0.918610511125302,0.327,0.106,4.20104575823573e-251,"KANSL1","Higher_in_BRCA1_tumour",0.221
1.70648397866483e-162,0.918600390323669,0.174,0.049,4.24317241295011e-158,"CSKMT","Higher_in_BRCA1_tumour",0.125
1.95251434528078e-175,0.918565230810095,0.203,0.061,4.85492691954066e-171,"PELO","Higher_in_BRCA1_tumour",0.142
8.74895752326872e-160,0.918489793585122,0.181,0.053,2.17542828816077e-155,"CPSF2","Higher_in_BRCA1_tumour",0.128
1.06588607471658e-177,0.917972792702872,0.185,0.051,2.65032572478277e-173,"SYT7","Higher_in_BRCA1_tumour",0.134
1.19162704989159e-318,0.917615517040324,0.397,0.126,2.96298065955543e-314,"LYPLAL1","Higher_in_BRCA1_tumour",0.271
6.66393080440474e-238,0.916509529264945,0.261,0.075,1.65698639451524e-233,"KIDINS220","Higher_in_BRCA1_tumour",0.186
0,0.916263771315282,1,1,0,"RPS18","Higher_in_BRCA1_tumour",0
1.37895837748582e-173,0.915778149662783,0.194,0.057,3.42878000561849e-169,"TAOK1","Higher_in_BRCA1_tumour",0.137
5.61848409272612e-232,0.915734533529448,0.268,0.08,1.39703606965635e-227,"SSBP2","Higher_in_BRCA1_tumour",0.188
0,0.914833225496531,0.714,0.297,0,"MAGEF1","Higher_in_BRCA1_tumour",0.417
4.72124979824941e-164,0.914444690019709,0.168,0.046,1.17393876233472e-159,"IQGAP2","Higher_in_BRCA1_tumour",0.122
1.03189909117748e-182,0.914079122305596,0.187,0.051,2.56581709021282e-178,"MDM2","Higher_in_BRCA1_tumour",0.136
0,0.913491884781832,0.75,0.348,0,"MRPL9","Higher_in_BRCA1_tumour",0.402
4.74719389921968e-215,0.913451250426441,0.248,0.074,1.18038976304097e-210,"FKBP5","Higher_in_BRCA1_tumour",0.174
7.72705155850414e-285,0.911554196356376,0.359,0.115,1.92133137002205e-280,"PAXX","Higher_in_BRCA1_tumour",0.244
0,0.909644105911502,0.942,0.714,0,"ANP32B","Higher_in_BRCA1_tumour",0.228
6.21779716194862e-309,0.909487169885133,0.393,0.128,1.54605526431852e-304,"MSH6","Higher_in_BRCA1_tumour",0.265
0,0.908459882998607,0.628,0.256,0,"PPP1CC","Higher_in_BRCA1_tumour",0.372
6.26099896640733e-208,0.907083237808309,0.234,0.069,1.55679739299718e-203,"DCP2","Higher_in_BRCA1_tumour",0.165
1.42379690187442e-155,0.906854678884392,0.225,0.079,3.54027099651075e-151,"TENT5A","Higher_in_BRCA1_tumour",0.146
0,0.905830351759504,0.982,0.889,0,"HSP90AA1","Higher_in_BRCA1_tumour",0.093
3.65093288105658e-241,0.904778289744182,0.288,0.089,9.0780446087472e-237,"DPF2","Higher_in_BRCA1_tumour",0.199
8.09632170678761e-216,0.904764138598788,0.23,0.064,2.01315039239274e-211,"TIPARP","Higher_in_BRCA1_tumour",0.166
1.18783389100949e-197,0.904097267985211,0.225,0.066,2.95354896999511e-193,"NT5DC1","Higher_in_BRCA1_tumour",0.159
2.59290481467819e-151,0.903991640261755,0.164,0.047,6.44725782169731e-147,"RIMKLB","Higher_in_BRCA1_tumour",0.117
2.46793906809757e-260,0.90377390780812,0.288,0.083,6.13653049282462e-256,"HNRNPH2","Higher_in_BRCA1_tumour",0.205
0,0.90373886053816,0.522,0.193,0,"CCAR1","Higher_in_BRCA1_tumour",0.329
3.9681700441965e-228,0.90170259228537,0.266,0.08,9.86685481489461e-224,"NUFIP2","Higher_in_BRCA1_tumour",0.186
0,0.901662984501666,0.601,0.241,0,"TRIM28","Higher_in_BRCA1_tumour",0.36
0,0.900133736225052,0.966,0.857,0,"CDKN2A","Higher_in_BRCA1_tumour",0.109
5.58056708948779e-234,0.900132050133339,0.263,0.077,1.38760800680114e-229,"GATAD2B","Higher_in_BRCA1_tumour",0.186
0,0.899414853744961,0.495,0.179,0,"EXOSC5","Higher_in_BRCA1_tumour",0.316
1.82400255591494e-288,0.898242693137138,0.414,0.145,4.53538235528249e-284,"NUP37","Higher_in_BRCA1_tumour",0.269
1.15556279952185e-308,0.897738061007602,0.425,0.145,2.87330690101109e-304,"GPM6B","Higher_in_BRCA1_tumour",0.28
1.64918473184338e-178,0.897607815531021,0.188,0.052,4.10069783572857e-174,"EPC2","Higher_in_BRCA1_tumour",0.136
0,0.897358571064767,0.49,0.163,0,"GSTM3","Higher_in_BRCA1_tumour",0.327
0,0.896870895400665,0.48,0.162,0,"CHRAC1","Higher_in_BRCA1_tumour",0.318
0,0.895338381795279,0.977,0.808,0,"TUBA1B","Higher_in_BRCA1_tumour",0.169
2.00333875011119e-134,0.89481228476836,0.136,0.037,4.98130180215148e-130,"MSANTD4","Higher_in_BRCA1_tumour",0.099
6.44805576313164e-283,0.894230052049704,0.359,0.115,1.60330906550268e-278,"SMIM20","Higher_in_BRCA1_tumour",0.244
5.41350406298611e-222,0.893944930271728,0.46,0.208,1.3460677852615e-217,"COL8A1","Higher_in_BRCA1_tumour",0.252
2.63292705301176e-186,0.893404855344647,0.211,0.062,6.54677311731373e-182,"ACBD5","Higher_in_BRCA1_tumour",0.149
4.25005318866819e-190,0.893072212420205,0.208,0.06,1.05677572536234e-185,"PKP2","Higher_in_BRCA1_tumour",0.148
0,0.892051958224077,0.515,0.177,0,"RABGGTB","Higher_in_BRCA1_tumour",0.338
1.53051992520932e-174,0.891219685138573,0.175,0.047,3.80563779403299e-170,"AL591895.1","Higher_in_BRCA1_tumour",0.128
0,0.891133138391108,0.559,0.208,0,"ACADM","Higher_in_BRCA1_tumour",0.351
6.23297951733741e-130,0.890795379051065,0.137,0.038,1.54983035698595e-125,"TIPARP-AS1","Higher_in_BRCA1_tumour",0.099
5.34611705835723e-214,0.890162228432526,0.24,0.07,1.32931200656053e-209,"RUFY3","Higher_in_BRCA1_tumour",0.17
3.32012797667715e-226,0.888512383999928,0.246,0.07,8.25549821400774e-222,"BMI1","Higher_in_BRCA1_tumour",0.176
3.18541721106639e-120,0.886885194908878,0.12,0.032,7.92053989531659e-116,"CLP1","Higher_in_BRCA1_tumour",0.088
0,0.886331789155625,0.856,0.487,0,"LSM3","Higher_in_BRCA1_tumour",0.369
0,0.88612171379329,0.537,0.196,0,"RAB14","Higher_in_BRCA1_tumour",0.341
4.24598549033098e-97,0.886021017765783,0.103,0.029,1.0557642921708e-92,"DCAF4","Higher_in_BRCA1_tumour",0.074
0,0.885772078584135,0.632,0.255,0,"BHLHE40","Higher_in_BRCA1_tumour",0.377
1.68197432581942e-156,0.885559069315754,0.198,0.063,4.18222916115e-152,"C3","Higher_in_BRCA1_tumour",0.135
6.37142696758906e-239,0.8851499561987,0.288,0.089,1.58425531549102e-234,"WRAP73","Higher_in_BRCA1_tumour",0.199
5.04606106570186e-101,0.884929300275002,0.126,0.04,1.25470308398677e-96,"MED25","Higher_in_BRCA1_tumour",0.086
5.01399886424277e-238,0.884672650643993,0.259,0.074,1.24673081759397e-233,"SWSAP1","Higher_in_BRCA1_tumour",0.185
0,0.883529266210147,0.758,0.387,0,"UCHL3","Higher_in_BRCA1_tumour",0.371
2.91444896096466e-222,0.882782302115038,0.258,0.077,7.24677734143863e-218,"NSD1","Higher_in_BRCA1_tumour",0.181
1.45989992481298e-103,0.882682758148053,0.114,0.033,3.63004116304747e-99,"MIB2","Higher_in_BRCA1_tumour",0.081
6.41079458527891e-295,0.882618513391216,0.371,0.118,1.5940440736296e-290,"HNRNPA1P48","Higher_in_BRCA1_tumour",0.253
1.16158416777292e-121,0.881587643718336,0.113,0.028,2.88827903316737e-117,"MIPOL1","Higher_in_BRCA1_tumour",0.085
0,0.88083463067949,0.935,0.654,0,"PCBP2","Higher_in_BRCA1_tumour",0.281
0,0.879645003338691,0.946,0.717,0,"NAP1L1","Higher_in_BRCA1_tumour",0.229
0,0.878758053132558,0.632,0.257,0,"ORMDL1","Higher_in_BRCA1_tumour",0.375
6.25247879949967e-207,0.878573711235231,0.262,0.084,1.55467885349559e-202,"CCNL2","Higher_in_BRCA1_tumour",0.178
1.53796237774353e-244,0.877764253668545,0.317,0.102,3.82414345225928e-240,"TRMT1","Higher_in_BRCA1_tumour",0.215
9.50309751173303e-102,0.877728981863148,0.107,0.03,2.36294519629242e-97,"PQLC2L","Higher_in_BRCA1_tumour",0.077
7.90619106860067e-262,0.876603238992374,0.345,0.113,1.96587440920756e-257,"LYRM4","Higher_in_BRCA1_tumour",0.232
0,0.876575688321629,0.401,0.127,0,"EFNA5","Higher_in_BRCA1_tumour",0.274
0,0.876423276470399,0.64,0.258,0,"WNK1","Higher_in_BRCA1_tumour",0.382
0,0.875607924269204,0.63,0.258,0,"COPB2","Higher_in_BRCA1_tumour",0.372
3.51548338006531e-176,0.875159350165138,0.198,0.058,8.7412494245324e-172,"DYRK1A","Higher_in_BRCA1_tumour",0.14
2.71467907182813e-209,0.874956048395045,0.227,0.065,6.75004951210064e-205,"BCL2L11","Higher_in_BRCA1_tumour",0.162
0,0.873309861240558,0.721,0.322,0,"LUC7L3","Higher_in_BRCA1_tumour",0.399
0,0.872552967933834,0.808,0.421,0,"BABAM1","Higher_in_BRCA1_tumour",0.387
3.76999353087938e-193,0.872524323513486,0.231,0.071,9.37408891453157e-189,"MCEE","Higher_in_BRCA1_tumour",0.16
3.21238276276335e-93,0.871749501768396,0.108,0.033,7.98758973961108e-89,"DNAAF5","Higher_in_BRCA1_tumour",0.075
0,0.871188146859582,0.915,0.617,0,"SSB","Higher_in_BRCA1_tumour",0.298
0,0.870739606509946,0.885,0.505,0,"GPX4","Higher_in_BRCA1_tumour",0.38
1.1084848061264e-302,0.870730701069838,0.39,0.126,2.75624747043329e-298,"AKAP8L","Higher_in_BRCA1_tumour",0.264
8.09802887692933e-223,0.869867601138717,0.273,0.086,2.01357488024848e-218,"LMTK3","Higher_in_BRCA1_tumour",0.187
1.00983706869285e-184,0.869808130128361,0.225,0.07,2.51095987130476e-180,"DPH5","Higher_in_BRCA1_tumour",0.155
1.1970480242469e-171,0.869451410891406,0.202,0.061,2.97645991228991e-167,"CDK7","Higher_in_BRCA1_tumour",0.141
4.98756202867741e-204,0.869381342853781,0.24,0.073,1.24015729843064e-199,"ATF7","Higher_in_BRCA1_tumour",0.167
2.71069003675141e-163,0.869224252567841,0.178,0.05,6.74013077638237e-159,"KANSL2","Higher_in_BRCA1_tumour",0.128
2.99201736523445e-179,0.86820790314831,0.209,0.063,7.43965117865547e-175,"JRK","Higher_in_BRCA1_tumour",0.146
1.02793000780523e-280,0.866840929355884,0.379,0.127,2.55594796440771e-276,"MICU2","Higher_in_BRCA1_tumour",0.252
0,0.866124286698918,0.631,0.266,0,"AHSA1","Higher_in_BRCA1_tumour",0.365
5.85337722020548e-127,0.863682669160749,0.136,0.038,1.45544224580409e-122,"TARBP2","Higher_in_BRCA1_tumour",0.098
1.12654993827692e-247,0.863355337281734,0.333,0.111,2.80116642152556e-243,"HDHD3","Higher_in_BRCA1_tumour",0.222
5.25448147793761e-105,0.863009691303849,0.13,0.041,1.30652681948919e-100,"PHYKPL","Higher_in_BRCA1_tumour",0.089
0,0.861744722030497,0.988,0.958,0,"RPL26","Higher_in_BRCA1_tumour",0.03
5.57263928984019e-126,0.859886063179587,0.132,0.037,1.38563675941876e-121,"RBSN","Higher_in_BRCA1_tumour",0.095
0,0.859883080376807,0.765,0.345,0,"CLDN7","Higher_in_BRCA1_tumour",0.42
5.63234836259021e-322,0.859014845757517,0.484,0.175,1.40048342035806e-317,"ATP6V1D","Higher_in_BRCA1_tumour",0.309
1.08843290382465e-147,0.859004703368222,0.152,0.042,2.70638841536e-143,"PLA2R1","Higher_in_BRCA1_tumour",0.11
1.38413224680911e-282,0.858174369484294,0.461,0.174,3.44164483169084e-278,"SKA2","Higher_in_BRCA1_tumour",0.287
5.49946721961219e-108,0.857713981136962,0.109,0.03,1.36744252415657e-103,"AGGF1","Higher_in_BRCA1_tumour",0.079
0,0.857225988622998,0.609,0.237,0,"ERBB3","Higher_in_BRCA1_tumour",0.372
2.00225170381989e-137,0.857086001164475,0.153,0.044,4.97859886154817e-133,"STAT6","Higher_in_BRCA1_tumour",0.109
1.09570948974174e-128,0.856405100802566,0.199,0.073,2.72448164624283e-124,"COL9A2","Higher_in_BRCA1_tumour",0.126
0,0.856267471919454,0.868,0.522,0,"MMADHC","Higher_in_BRCA1_tumour",0.346
1.53469548533781e-189,0.855939592301567,0.225,0.069,3.81602032429247e-185,"ZMYM5","Higher_in_BRCA1_tumour",0.156
4.46215568998005e-313,0.855785224510606,0.398,0.128,1.10951501231354e-308,"PRKAR2A","Higher_in_BRCA1_tumour",0.27
2.41958408422287e-148,0.855741610050087,0.179,0.055,6.01629582542017e-144,"FKBPL","Higher_in_BRCA1_tumour",0.124
1.45566657151629e-194,0.853864900608417,0.217,0.063,3.61951493007526e-190,"QTRT2","Higher_in_BRCA1_tumour",0.154
0,0.853742819962854,0.631,0.248,0,"CHD4","Higher_in_BRCA1_tumour",0.383
6.26043338293967e-90,0.853079269949677,0.109,0.034,1.55665676066795e-85,"ZBTB21","Higher_in_BRCA1_tumour",0.075
5.04318576299316e-229,0.852356392453218,0.282,0.088,1.25398813996825e-224,"FAIM","Higher_in_BRCA1_tumour",0.194
1.06567433049514e-149,0.851905297027828,0.159,0.045,2.64979922277617e-145,"ZNF250","Higher_in_BRCA1_tumour",0.114
4.16278066837225e-244,0.850950294120562,0.318,0.103,1.03507541319076e-239,"CCNG1","Higher_in_BRCA1_tumour",0.215
6.91691904177745e-323,0.8506445677189,0.426,0.141,1.71989191973796e-318,"LSM12","Higher_in_BRCA1_tumour",0.285
2.1242829901478e-180,0.850413746822416,0.217,0.066,5.28202965500249e-176,"TXNRD2","Higher_in_BRCA1_tumour",0.151
7.10384467153566e-182,0.850075804059073,0.205,0.06,1.76637097757734e-177,"PIK3CA","Higher_in_BRCA1_tumour",0.145
7.7156698411654e-95,0.849060015730519,0.105,0.03,1.91850130600578e-90,"AC012360.3","Higher_in_BRCA1_tumour",0.075
2.95064201445645e-136,0.847907921493363,0.163,0.05,7.33677136894596e-132,"SETDB1","Higher_in_BRCA1_tumour",0.113
0,0.847719808032693,0.828,0.495,0,"NME1","Higher_in_BRCA1_tumour",0.333
1.24315069030372e-251,0.847682457663002,0.341,0.114,3.09109419144019e-247,"OPA1","Higher_in_BRCA1_tumour",0.227
1.88370409770838e-43,0.847115805251929,0.12,0.059,4.68383023895189e-39,"HMMR","Higher_in_BRCA1_tumour",0.061
1.13044539345721e-105,0.846735759149658,0.122,0.037,2.81085247083135e-101,"COL27A1","Higher_in_BRCA1_tumour",0.085
0,0.846293062002556,0.743,0.342,0,"RTN3","Higher_in_BRCA1_tumour",0.401
1.01854768858042e-163,0.84595289964585,0.172,0.048,2.53261882765521e-159,"WDR36","Higher_in_BRCA1_tumour",0.124
5.24026529310641e-262,0.845715645813403,0.346,0.114,1.30299196513091e-257,"IRF3","Higher_in_BRCA1_tumour",0.232
0,0.844743512484953,0.974,0.901,0,"BTF3","Higher_in_BRCA1_tumour",0.073
1.21320346725465e-293,0.84444330727235,0.44,0.157,3.01663042132868e-289,"DHRS7","Higher_in_BRCA1_tumour",0.283
1.71087330783622e-236,0.844164661728534,0.32,0.107,4.25408647993477e-232,"SPTAN1","Higher_in_BRCA1_tumour",0.213
1.29236693079691e-223,0.843926503293955,0.27,0.083,3.21347037342652e-219,"TBC1D23","Higher_in_BRCA1_tumour",0.187
5.11362445211228e-181,0.842303256558789,0.174,0.045,1.27150272001772e-176,"ZNF121","Higher_in_BRCA1_tumour",0.129
0,0.841915616546706,0.783,0.394,0,"MAP1LC3B","Higher_in_BRCA1_tumour",0.389
4.08489749306721e-206,0.841487687550366,0.245,0.074,1.01570976165116e-201,"ADGRL1","Higher_in_BRCA1_tumour",0.171
0,0.841096966960269,0.697,0.295,0,"TBL1XR1","Higher_in_BRCA1_tumour",0.402
3.79987596698387e-220,0.840566478825069,0.263,0.08,9.44839159190539e-216,"VEZT","Higher_in_BRCA1_tumour",0.183
0,0.840216740462511,0.528,0.197,0,"FYTTD1","Higher_in_BRCA1_tumour",0.331
7.51619207372259e-312,0.839777875309372,0.461,0.164,1.86890115913112e-307,"PSMG4","Higher_in_BRCA1_tumour",0.297
0,0.839664730027716,0.947,0.718,0,"AP2M1","Higher_in_BRCA1_tumour",0.229
9.31352135956961e-164,0.839268384244562,0.188,0.056,2.31580708605698e-159,"TC2N","Higher_in_BRCA1_tumour",0.132
1.13976097603165e-98,0.838847506827261,0.105,0.03,2.8340156669027e-94,"SRBD1","Higher_in_BRCA1_tumour",0.075
0,0.838634322267715,0.932,0.686,0,"ATP5PD","Higher_in_BRCA1_tumour",0.246
2.34104783826035e-112,0.838468255135338,0.124,0.036,5.82101544983436e-108,"MGA","Higher_in_BRCA1_tumour",0.088
0,0.837713709008759,0.793,0.431,0,"GTF3A","Higher_in_BRCA1_tumour",0.362
0,0.837066748297368,0.512,0.181,0,"RIF1","Higher_in_BRCA1_tumour",0.331
0,0.837048545843532,0.703,0.309,0,"RBM25","Higher_in_BRCA1_tumour",0.394
4.06684764418495e-263,0.836063886762229,0.406,0.148,1.01122166672659e-258,"YPEL5","Higher_in_BRCA1_tumour",0.258
1.28649987172046e-279,0.836047161029768,0.364,0.118,3.19888193103294e-275,"DIMT1","Higher_in_BRCA1_tumour",0.246
1.23124918743614e-116,0.835907117971274,0.129,0.037,3.06150110455996e-112,"ZNF800","Higher_in_BRCA1_tumour",0.092
0,0.835896604777107,0.942,0.717,0,"PTGES3","Higher_in_BRCA1_tumour",0.225
3.86474752090829e-304,0.835813977767744,0.481,0.179,9.60969471073847e-300,"PDCL3","Higher_in_BRCA1_tumour",0.302
6.73647883652483e-254,0.835122427898918,0.337,0.111,1.6750254627019e-249,"PCYT1A","Higher_in_BRCA1_tumour",0.226
2.03254591952384e-147,0.834844780710859,0.182,0.057,5.05392542889603e-143,"ARID2","Higher_in_BRCA1_tumour",0.125
2.7463224009764e-89,0.834625932985068,0.121,0.041,6.82873065002782e-85,"LRRC75A","Higher_in_BRCA1_tumour",0.08
2.63345172697401e-148,0.834444715647345,0.158,0.044,6.54807771912086e-144,"MINDY3","Higher_in_BRCA1_tumour",0.114
0,0.833418491416712,0.575,0.219,0,"ACTR10","Higher_in_BRCA1_tumour",0.356
3.86336600509192e-114,0.8333440049954,0.135,0.041,9.60625957166106e-110,"RUFY2","Higher_in_BRCA1_tumour",0.094
3.41994262971362e-110,0.833025570076506,0.121,0.035,8.50368734878291e-106,"AC068888.1","Higher_in_BRCA1_tumour",0.086
2.19429911167067e-220,0.832873206079243,0.279,0.089,5.45612474116911e-216,"HAUS6","Higher_in_BRCA1_tumour",0.19
1.13253709196973e-97,0.832217669628356,0.12,0.038,2.81605347918274e-93,"NUP214","Higher_in_BRCA1_tumour",0.082
1.81670412918009e-112,0.831828103099451,0.145,0.047,4.51723481720629e-108,"STK16","Higher_in_BRCA1_tumour",0.098
3.34777893490737e-318,0.831725851705758,0.482,0.174,8.32425232164717e-314,"KRR1","Higher_in_BRCA1_tumour",0.308
4.93847597052035e-246,0.830096974724549,0.305,0.096,1.22795205006989e-241,"TOMM70","Higher_in_BRCA1_tumour",0.209
7.32796006168627e-304,0.829747322195451,0.476,0.176,1.82209726933829e-299,"PSMD1","Higher_in_BRCA1_tumour",0.3
2.20562382873398e-106,0.826757868845346,0.154,0.054,5.48428365014705e-102,"SP110","Higher_in_BRCA1_tumour",0.1
0,0.824444624297332,0.767,0.395,0,"RER1","Higher_in_BRCA1_tumour",0.372
0,0.823937930826244,0.615,0.257,0,"ESD","Higher_in_BRCA1_tumour",0.358
1.77863632502849e-322,0.823510894240636,0.439,0.147,4.42257922218333e-318,"SNX7","Higher_in_BRCA1_tumour",0.292
0,0.822967877481276,0.68,0.298,0,"FIBP","Higher_in_BRCA1_tumour",0.382
5.46919976911825e-261,0.822823765725557,0.347,0.115,1.35991652259125e-256,"SAMD4B","Higher_in_BRCA1_tumour",0.232
0,0.821930560929929,0.969,0.795,0,"SERP1","Higher_in_BRCA1_tumour",0.174
2.17785137788917e-184,0.821791596533397,0.197,0.055,5.41522745112142e-180,"EXOC5","Higher_in_BRCA1_tumour",0.142
0,0.821252271023911,0.528,0.199,0,"ARMCX6","Higher_in_BRCA1_tumour",0.329
1.90304417379193e-245,0.820691576694946,0.32,0.103,4.73191933813363e-241,"CETN3","Higher_in_BRCA1_tumour",0.217
1.25748460774081e-312,0.820629532615099,0.485,0.176,3.12673547714753e-308,"ZNF639","Higher_in_BRCA1_tumour",0.309
2.24905482962848e-115,0.820429214123978,0.128,0.037,5.59227483387121e-111,"PPM1L","Higher_in_BRCA1_tumour",0.091
3.26083326255223e-321,0.820346543761024,0.465,0.162,8.10806190733611e-317,"ZNF146","Higher_in_BRCA1_tumour",0.303
6.76892634329364e-102,0.817764493333673,0.227,0.102,1.68309353525996e-97,"ECT2","Higher_in_BRCA1_tumour",0.125
4.44700298624697e-134,0.81708772727857,0.176,0.058,1.10574729253031e-129,"BABAM2","Higher_in_BRCA1_tumour",0.118
4.27526867216754e-133,0.81597261568599,0.156,0.047,1.06304555533446e-128,"ATG4C","Higher_in_BRCA1_tumour",0.109
0,0.814364159048836,0.535,0.203,0,"ANAPC5","Higher_in_BRCA1_tumour",0.332
1.14338920118392e-220,0.814186656769921,0.274,0.086,2.84303724874381e-216,"DDX23","Higher_in_BRCA1_tumour",0.188
6.96242784154431e-272,0.813682044220753,0.358,0.117,1.73120768279999e-267,"ARRDC3","Higher_in_BRCA1_tumour",0.241
0,0.813552535663243,0.776,0.39,0,"AKR1A1","Higher_in_BRCA1_tumour",0.386
3.16914178996395e-165,0.812704230138498,0.199,0.061,7.88007106074536e-161,"LENG1","Higher_in_BRCA1_tumour",0.138
1.77916668639286e-177,0.81253320237677,0.211,0.064,4.42389796571584e-173,"SLC25A24","Higher_in_BRCA1_tumour",0.147
2.8784743669739e-173,0.812105152123691,0.242,0.082,7.1573265134806e-169,"TOP2B","Higher_in_BRCA1_tumour",0.16
6.32042926125139e-131,0.81196793949832,0.171,0.056,1.57157473581016e-126,"ESYT1","Higher_in_BRCA1_tumour",0.115
2.55199811031197e-98,0.811549898643401,0.119,0.037,6.34554330129071e-94,"TRMT12","Higher_in_BRCA1_tumour",0.082
4.34221167713314e-303,0.811148435727653,0.711,0.349,1.07969093351916e-298,"CHMP2A","Higher_in_BRCA1_tumour",0.362
0,0.810063294848927,0.752,0.363,0,"EBPL","Higher_in_BRCA1_tumour",0.389
0,0.809502738347732,0.797,0.436,0,"SYNCRIP","Higher_in_BRCA1_tumour",0.361
0,0.808998532168321,0.973,0.885,0,"RPL23","Higher_in_BRCA1_tumour",0.088
3.01694443685481e-136,0.80845256231349,0.173,0.056,7.50163234223949e-132,"C5orf30","Higher_in_BRCA1_tumour",0.117
2.70761552424513e-129,0.808018738951503,0.142,0.041,6.73248600103551e-125,"AC007952.4","Higher_in_BRCA1_tumour",0.101
4.62947319735413e-127,0.80788117555378,0.141,0.041,1.1511185105221e-122,"TRAPPC13","Higher_in_BRCA1_tumour",0.1
2.27184744114707e-235,0.807395688329076,0.305,0.098,5.6489486624122e-231,"SMARCC2","Higher_in_BRCA1_tumour",0.207
1.30795344610281e-127,0.807199414515404,0.169,0.056,3.25222624373463e-123,"TRNT1","Higher_in_BRCA1_tumour",0.113
6.24747914566569e-280,0.806681556897578,0.42,0.149,1.55343568956977e-275,"DHX9","Higher_in_BRCA1_tumour",0.271
5.8844246501645e-136,0.806032413996748,0.163,0.05,1.4631621892634e-131,"THUMPD2","Higher_in_BRCA1_tumour",0.113
4.98162108583248e-284,0.80589573749399,0.376,0.123,1.23868008299225e-279,"AKT1S1","Higher_in_BRCA1_tumour",0.253
7.24362409577128e-203,0.804321702179577,0.247,0.076,1.80112713141353e-198,"ZC3H8","Higher_in_BRCA1_tumour",0.171
2.67615069724659e-151,0.804114781397919,0.213,0.073,6.65424870870364e-147,"TMEM242","Higher_in_BRCA1_tumour",0.14
2.68391159363892e-279,0.803912950403086,0.409,0.144,6.67354617758318e-275,"LLPH","Higher_in_BRCA1_tumour",0.265
9.19534661799226e-275,0.802985636702576,0.366,0.121,2.28642293656378e-270,"MLLT10","Higher_in_BRCA1_tumour",0.245
0,0.801870442823817,0.947,0.706,0,"SSR3","Higher_in_BRCA1_tumour",0.241
0,0.801708226261889,0.813,0.437,0,"ATP5F1D","Higher_in_BRCA1_tumour",0.376
0,0.801297781390588,0.782,0.408,0,"DDAH2","Higher_in_BRCA1_tumour",0.374
1.63110339330535e-189,0.801201667455088,0.236,0.074,4.05573858745375e-185,"C12orf29","Higher_in_BRCA1_tumour",0.162
1.42877086523055e-258,0.799852187437396,0.329,0.105,3.55263875639575e-254,"C2orf76","Higher_in_BRCA1_tumour",0.224
1.62194694170413e-183,0.799201156063976,0.22,0.067,4.03297107054731e-179,"TRMT13","Higher_in_BRCA1_tumour",0.153
0,0.798816381927466,0.684,0.298,0,"TCEAL9","Higher_in_BRCA1_tumour",0.386
0,0.798013219129537,0.942,0.708,0,"PSMB2","Higher_in_BRCA1_tumour",0.234
4.04036186274373e-196,0.797974928158673,0.253,0.082,1.00463597717123e-191,"CDK12","Higher_in_BRCA1_tumour",0.171
4.12292994903174e-277,0.797969241697484,0.412,0.146,1.02516653182674e-272,"PRPF18","Higher_in_BRCA1_tumour",0.266
0,0.797544835664366,0.958,0.776,0,"SNRPE","Higher_in_BRCA1_tumour",0.182
4.21870626128926e-91,0.796868439160588,0.106,0.032,1.04898131186957e-86,"PLCH1","Higher_in_BRCA1_tumour",0.074
1.99242468338319e-178,0.796705301612612,0.258,0.089,4.95416397523231e-174,"NFE2L3","Higher_in_BRCA1_tumour",0.169
2.32157099203118e-316,0.795001755916224,0.576,0.235,5.77258627168554e-312,"NUDCD2","Higher_in_BRCA1_tumour",0.341
7.75385310624873e-233,0.794838907899867,0.299,0.096,1.92799557486875e-228,"SPOP","Higher_in_BRCA1_tumour",0.203
9.01939892794893e-110,0.794782902341792,0.154,0.053,2.2426735434345e-105,"ZNF664","Higher_in_BRCA1_tumour",0.101
0,0.794323746160989,0.64,0.269,0,"HDLBP","Higher_in_BRCA1_tumour",0.371
5.02967961384099e-253,0.794088630614859,0.344,0.115,1.25062983598156e-248,"RAF1","Higher_in_BRCA1_tumour",0.229
1.55731703738027e-237,0.793973322221936,0.306,0.098,3.87226881344605e-233,"UBA6","Higher_in_BRCA1_tumour",0.208
0,0.793757449466616,0.517,0.189,0,"CDC26","Higher_in_BRCA1_tumour",0.328
1.81932328529853e-286,0.793704842057029,0.499,0.197,4.5237473488948e-282,"ITGB1BP1","Higher_in_BRCA1_tumour",0.302
6.06495148610579e-105,0.793265853331259,0.138,0.045,1.5080501870202e-100,"PPP1R3B","Higher_in_BRCA1_tumour",0.093
1.24813777656162e-295,0.792415103877914,0.45,0.162,3.10349458142047e-291,"MYH14","Higher_in_BRCA1_tumour",0.288
3.73233168426724e-82,0.79241110870278,0.104,0.033,9.2804427329305e-78,"ORC2","Higher_in_BRCA1_tumour",0.071
2.65662351994948e-96,0.792366899415929,0.107,0.031,6.60569438235439e-92,"DNAJC14","Higher_in_BRCA1_tumour",0.076
0,0.792309010948892,0.967,0.839,0,"MARCKSL1","Higher_in_BRCA1_tumour",0.128
2.88337886588726e-195,0.791187075766442,0.324,0.122,7.16952155002867e-191,"C11orf1","Higher_in_BRCA1_tumour",0.202
9.4912528740871e-112,0.790890486506096,0.125,0.036,2.36000002714176e-107,"SATB1","Higher_in_BRCA1_tumour",0.089
5.68509756355874e-254,0.789806364214911,0.426,0.163,1.41359950917888e-249,"ACADVL","Higher_in_BRCA1_tumour",0.263
4.24266499242937e-173,0.78882249116393,0.227,0.074,1.05493865036756e-168,"CCDC112","Higher_in_BRCA1_tumour",0.153
2.72497729709354e-253,0.788726475113185,0.324,0.103,6.77565604922309e-249,"SCAF4","Higher_in_BRCA1_tumour",0.221
4.94065645841247e-323,0.788408895900806,0.564,0.221,1.22849422838426e-318,"TMEM179B","Higher_in_BRCA1_tumour",0.343
4.18672351509238e-253,0.787637158657305,0.364,0.126,1.04102880202772e-248,"FLAD1","Higher_in_BRCA1_tumour",0.238
2.60020008788312e-126,0.786398899372733,0.134,0.037,6.46539751852138e-122,"AL355001.2","Higher_in_BRCA1_tumour",0.097
1.11600399972309e-151,0.785344521650885,0.171,0.05,2.77494394531146e-147,"MTMR4","Higher_in_BRCA1_tumour",0.121
1.02107344929867e-262,0.785038639566854,0.378,0.131,2.53889913168114e-258,"SDHAF2","Higher_in_BRCA1_tumour",0.247
8.20506308894142e-76,0.78406138038501,0.11,0.039,2.04018893706528e-71,"HIST2H2AC","Higher_in_BRCA1_tumour",0.071
4.90148180857212e-172,0.783501534845338,0.2,0.06,1.21875345170146e-167,"C11orf74","Higher_in_BRCA1_tumour",0.14
0,0.783315021590346,0.705,0.314,0,"SEPT2","Higher_in_BRCA1_tumour",0.391
0,0.782720131864989,0.978,0.957,0,"MT-ND1","Higher_in_BRCA1_tumour",0.021
1.77461756106502e-116,0.782632885327126,0.147,0.047,4.41258656558817e-112,"FAM118B","Higher_in_BRCA1_tumour",0.1
5.12795236766675e-127,0.781084499631949,0.129,0.035,1.27506535622034e-122,"TRAF3IP1","Higher_in_BRCA1_tumour",0.094
3.24264001745854e-232,0.780954466812704,0.346,0.123,8.06282440341066e-228,"UNG","Higher_in_BRCA1_tumour",0.223
0,0.780579651721748,0.493,0.172,0,"SETD5","Higher_in_BRCA1_tumour",0.321
2.63305085416178e-232,0.780477181111788,0.292,0.092,6.54708094887327e-228,"PSMA3-AS1","Higher_in_BRCA1_tumour",0.2
0,0.780102322521313,0.968,0.835,0,"PRDX2","Higher_in_BRCA1_tumour",0.133
1.38094870221615e-142,0.779951637221594,0.157,0.045,3.43372894806045e-138,"ZNF566","Higher_in_BRCA1_tumour",0.112
8.57694732187422e-133,0.779532987916523,0.149,0.043,2.13265795158402e-128,"LRIG3","Higher_in_BRCA1_tumour",0.106
2.59478848643403e-108,0.779300272917347,0.11,0.03,6.45194157151822e-104,"AC005726.5","Higher_in_BRCA1_tumour",0.08
6.44459228435322e-320,0.779173926818253,0.607,0.256,1.60244787150443e-315,"MRPL50","Higher_in_BRCA1_tumour",0.351
0,0.77876609698269,0.659,0.285,0,"VPS72","Higher_in_BRCA1_tumour",0.374
4.59133240955908e-185,0.778367903680049,0.339,0.136,1.14163480363687e-180,"TRIB1","Higher_in_BRCA1_tumour",0.203
0,0.777781578913592,0.683,0.297,0,"SUPT4H1","Higher_in_BRCA1_tumour",0.386
1.41221323479938e-311,0.777162362726112,0.536,0.208,3.51146820832865e-307,"CHURC1","Higher_in_BRCA1_tumour",0.328
2.13718226000638e-192,0.776909246114172,0.25,0.081,5.31410368950587e-188,"BRAF","Higher_in_BRCA1_tumour",0.169
0,0.775271757024116,0.967,0.813,0,"SERBP1","Higher_in_BRCA1_tumour",0.154
2.60730908694805e-194,0.774109016986587,0.268,0.09,6.48307404469632e-190,"CNOT11","Higher_in_BRCA1_tumour",0.178
2.35201683251206e-218,0.773974345428519,0.269,0.083,5.84828985404124e-214,"TRIM24","Higher_in_BRCA1_tumour",0.186
0,0.773736230317481,0.993,0.978,0,"RPL19","Higher_in_BRCA1_tumour",0.015
2.87524185656117e-194,0.773528519792367,0.282,0.098,7.14928887633935e-190,"STXBP3","Higher_in_BRCA1_tumour",0.184
9.87956007867129e-125,0.773100047103839,0.154,0.048,2.45655261356162e-120,"RAD18","Higher_in_BRCA1_tumour",0.106
8.92012104236996e-150,0.773007823674224,0.177,0.054,2.21798809718529e-145,"TMEM47","Higher_in_BRCA1_tumour",0.123
8.09097913843603e-118,0.772491887206173,0.136,0.041,2.01182196277212e-113,"CYP20A1","Higher_in_BRCA1_tumour",0.095
0,0.772032230393473,0.955,0.763,0,"TMEM123","Higher_in_BRCA1_tumour",0.192
8.48084227752024e-190,0.7710481513237,0.243,0.078,2.10876143230541e-185,"DMAC2","Higher_in_BRCA1_tumour",0.165
1.01318678904933e-146,0.770941612062504,0.177,0.055,2.51928895097117e-142,"MKLN1","Higher_in_BRCA1_tumour",0.122
6.51208198015363e-83,0.770786466727395,0.103,0.033,1.6192291843652e-78,"ACSF2","Higher_in_BRCA1_tumour",0.07
2.57813179560188e-116,0.770632273835358,0.13,0.038,6.41052470976406e-112,"C1orf53","Higher_in_BRCA1_tumour",0.092
6.63899342502041e-249,0.769993825401178,0.43,0.166,1.65078571513132e-244,"RFK","Higher_in_BRCA1_tumour",0.264
7.10714059444703e-113,0.769771857167223,0.143,0.046,1.76719050880925e-108,"MAGEH1","Higher_in_BRCA1_tumour",0.097
1.40689613453882e-130,0.769023486555471,0.193,0.068,3.49824723853077e-126,"RNF26","Higher_in_BRCA1_tumour",0.125
4.52378378431301e-105,0.767636463145178,0.123,0.037,1.12483883796943e-100,"FAM173B","Higher_in_BRCA1_tumour",0.086
4.22925209065039e-298,0.767392483824713,0.548,0.225,1.05160353234022e-293,"ZDHHC12","Higher_in_BRCA1_tumour",0.323
8.9346831393931e-320,0.766037548245969,0.64,0.276,2.22160896261009e-315,"FAAP20","Higher_in_BRCA1_tumour",0.364
5.38130580079328e-82,0.765837099520467,0.108,0.035,1.33806168736725e-77,"COQ2","Higher_in_BRCA1_tumour",0.073
0,0.765376846269037,0.977,0.883,0,"COX7C","Higher_in_BRCA1_tumour",0.094
6.95872545520936e-219,0.76505194700904,0.312,0.107,1.73028708443781e-214,"FUCA2","Higher_in_BRCA1_tumour",0.205
0,0.764881888870696,0.945,0.718,0,"UBL5","Higher_in_BRCA1_tumour",0.227
3.17798706157163e-227,0.764653198112031,0.298,0.096,7.90206482859786e-223,"DICER1","Higher_in_BRCA1_tumour",0.202
0,0.764484452642138,0.899,0.591,0,"CALM1","Higher_in_BRCA1_tumour",0.308
0,0.76275951654682,0.983,0.923,0,"MYL6","Higher_in_BRCA1_tumour",0.0599999999999999
1.14042934094701e-263,0.762029364055788,0.365,0.122,2.83567755626474e-259,"LXN","Higher_in_BRCA1_tumour",0.243
1.42348360070555e-237,0.761213177163629,0.33,0.111,3.53949197315435e-233,"MAPKAP1","Higher_in_BRCA1_tumour",0.219
1.97626258336499e-323,0.761088400664857,0.815,0.456,4.91397691353704e-319,"SH3YL1","Higher_in_BRCA1_tumour",0.359
2.24296313666014e-87,0.760766881708684,0.117,0.039,5.57712783930544e-83,"HEATR1","Higher_in_BRCA1_tumour",0.078
8.24014567804963e-62,0.760470377835294,0.102,0.039,2.04891222284704e-57,"HERC5","Higher_in_BRCA1_tumour",0.063
4.69732289145837e-152,0.759809551819564,0.202,0.066,1.16798933696112e-147,"TRIP12","Higher_in_BRCA1_tumour",0.136
1.02900266683922e-258,0.759774837669076,0.31,0.094,2.55861513109571e-254,"LIMA1","Higher_in_BRCA1_tumour",0.216
1.75314941846459e-227,0.759771877370444,0.319,0.107,4.3592060290122e-223,"MRPL45","Higher_in_BRCA1_tumour",0.212
5.34418737405741e-130,0.758260475120547,0.152,0.046,1.32883219055937e-125,"CCDC93","Higher_in_BRCA1_tumour",0.106
3.304435492984e-156,0.758210120584922,0.207,0.068,8.21647885330473e-152,"STX7","Higher_in_BRCA1_tumour",0.139
3.60950249782455e-105,0.756613115970885,0.163,0.06,8.97502796084074e-101,"SPEN","Higher_in_BRCA1_tumour",0.103
0,0.756178477368248,0.995,0.954,0,"FTL","Higher_in_BRCA1_tumour",0.041
1.13759101506211e-216,0.755916541866884,0.28,0.09,2.82862005895194e-212,"RDH13","Higher_in_BRCA1_tumour",0.19
5.05186075397841e-318,0.754509530062567,0.333,0.093,1.25614517647673e-313,"LINC01436","Higher_in_BRCA1_tumour",0.24
2.91077701969711e-100,0.754466040404147,0.122,0.038,7.23764705947688e-96,"NBR1","Higher_in_BRCA1_tumour",0.084
4.65586944752497e-252,0.754425599934185,0.394,0.143,1.15768193812708e-247,"LARP1","Higher_in_BRCA1_tumour",0.251
0,0.754162227433978,0.995,0.987,0,"RPL5","Higher_in_BRCA1_tumour",0.00800000000000001
0,0.752610481445909,0.888,0.584,0,"SRSF7","Higher_in_BRCA1_tumour",0.304
4.29049861518841e-210,0.75242205785345,0.31,0.109,1.0668324806666e-205,"LMNB1","Higher_in_BRCA1_tumour",0.201
1.88037479964738e-150,0.752322750257636,0.188,0.059,4.67555193932321e-146,"MTMR14","Higher_in_BRCA1_tumour",0.129
8.30541708774168e-175,0.751624912317755,0.246,0.084,2.06514195886697e-170,"UBA5","Higher_in_BRCA1_tumour",0.162
1.70221440210598e-110,0.751450895351643,0.141,0.045,4.23255611083652e-106,"JMY","Higher_in_BRCA1_tumour",0.096
3.71544456317682e-281,0.750712789089134,0.455,0.17,9.23845290633915e-277,"WDR43","Higher_in_BRCA1_tumour",0.285
6.74077631667319e-138,0.750701446565371,0.17,0.053,1.67609403114079e-133,"SPACA9","Higher_in_BRCA1_tumour",0.117
5.95851746526593e-303,0.750589587954335,0.508,0.194,1.48158536773837e-298,"BRWD1","Higher_in_BRCA1_tumour",0.314
2.68926448202421e-235,0.749901151933682,0.349,0.122,6.68685613455321e-231,"NAA35","Higher_in_BRCA1_tumour",0.227
6.2357922537062e-307,0.749856857128736,0.548,0.218,1.55052974388405e-302,"ZKSCAN1","Higher_in_BRCA1_tumour",0.33
5.41224393684487e-151,0.749303631401339,0.191,0.061,1.34575445489648e-146,"SLC39A9","Higher_in_BRCA1_tumour",0.13
3.09566276474864e-254,0.749282412970761,0.389,0.139,7.69736546454749e-250,"TP53RK","Higher_in_BRCA1_tumour",0.25
2.0284446344786e-162,0.747803962539854,0.225,0.076,5.04372758363105e-158,"SPTLC2","Higher_in_BRCA1_tumour",0.149
1.06356993202729e-299,0.747729766774031,0.539,0.215,2.64456663598586e-295,"GOLGA4","Higher_in_BRCA1_tumour",0.324
2.53925097324837e-282,0.747248812418416,0.516,0.205,6.31384754498207e-278,"RPAIN","Higher_in_BRCA1_tumour",0.311
7.65786270100586e-186,0.746854078606157,0.242,0.078,1.90412756060511e-181,"AKAP8","Higher_in_BRCA1_tumour",0.164
1.25099992808777e-176,0.745769112165306,0.229,0.074,3.11061132119023e-172,"CRYBG1","Higher_in_BRCA1_tumour",0.155
2.51284827051642e-109,0.745099657535277,0.153,0.052,6.24819722463908e-105,"DENND1B","Higher_in_BRCA1_tumour",0.101
3.71647974489408e-61,0.744330287855453,0.137,0.062,9.24102688567912e-57,"C2orf40","Higher_in_BRCA1_tumour",0.075
6.58297073252741e-100,0.743751893118012,0.149,0.053,1.63685567264294e-95,"INTS3","Higher_in_BRCA1_tumour",0.096
0,0.743477705155844,0.91,0.63,0,"CCT3","Higher_in_BRCA1_tumour",0.28
7.2724529533019e-108,0.742713857109062,0.127,0.038,1.80829542683852e-103,"IDNK","Higher_in_BRCA1_tumour",0.089
0,0.741289450760698,0.992,0.969,0,"RPL9","Higher_in_BRCA1_tumour",0.023
2.48755178057563e-125,0.741082292491881,0.164,0.053,6.18529750240131e-121,"FAM222B","Higher_in_BRCA1_tumour",0.111
2.57733195012132e-163,0.741005819451169,0.235,0.081,6.40853589397667e-159,"TMEM138","Higher_in_BRCA1_tumour",0.154
2.13453505954975e-304,0.740844335714751,0.594,0.248,5.30752142557045e-300,"SDHD","Higher_in_BRCA1_tumour",0.346
1.72796269031676e-102,0.740170821076499,0.1,0.026,4.29657922947263e-98,"AC092279.1","Higher_in_BRCA1_tumour",0.074
5.27039898038493e-137,0.739680165016202,0.176,0.057,1.31048470647271e-132,"ASB8","Higher_in_BRCA1_tumour",0.119
6.98262427582771e-228,0.739061402300083,0.33,0.114,1.73622952618456e-223,"WASHC3","Higher_in_BRCA1_tumour",0.216
8.03769245231389e-113,0.738972844591578,0.156,0.052,1.99857222826785e-108,"GPALPP1","Higher_in_BRCA1_tumour",0.104
1.02222667001934e-236,0.7381124174287,0.324,0.108,2.54176661500309e-232,"HIF1A","Higher_in_BRCA1_tumour",0.216
4.47990533298697e-315,0.738030059437038,0.578,0.234,1.11392846104721e-310,"MAGED2","Higher_in_BRCA1_tumour",0.344
1.16259038221637e-312,0.73799966651806,0.672,0.302,2.89078098538099e-308,"NDUFS4","Higher_in_BRCA1_tumour",0.37
4.81386176927412e-222,0.737947480445044,0.304,0.101,1.19696672893001e-217,"PPP4R3A","Higher_in_BRCA1_tumour",0.203
2.23890423003443e-242,0.737818945341548,0.331,0.11,5.5670353679806e-238,"ZNF503","Higher_in_BRCA1_tumour",0.221
1.53417875939784e-165,0.737768133346936,0.218,0.071,3.81473548524274e-161,"DYNC2LI1","Higher_in_BRCA1_tumour",0.147
1.12845440317135e-198,0.737600324687491,0.296,0.104,2.80590187348557e-194,"MACROD1","Higher_in_BRCA1_tumour",0.192
6.94143039748716e-103,0.736843951160726,0.129,0.041,1.72598666833518e-98,"HCG11","Higher_in_BRCA1_tumour",0.088
7.60729868686343e-132,0.736693801970881,0.179,0.059,1.89155481848859e-127,"BCL11B","Higher_in_BRCA1_tumour",0.12
0,0.736168243965152,0.922,0.647,0,"ARPC3","Higher_in_BRCA1_tumour",0.275
1.01218494699885e-211,0.736041623315027,0.261,0.08,2.51679787071263e-207,"WDR83","Higher_in_BRCA1_tumour",0.181
6.59894375665473e-92,0.735925633786649,0.11,0.034,1.6408273650922e-87,"EPHA4","Higher_in_BRCA1_tumour",0.076
4.75996529126426e-62,0.735536966327836,0.103,0.04,1.18356536967286e-57,"SEC24D","Higher_in_BRCA1_tumour",0.063
1.77564895310835e-294,0.735457729379251,0.523,0.206,4.41515112190391e-290,"DNAJC7","Higher_in_BRCA1_tumour",0.317
4.44659081257122e-322,0.735254192656428,0.889,0.597,1.10564480554583e-317,"LSM4","Higher_in_BRCA1_tumour",0.292
8.29242465630355e-249,0.73512015188539,0.357,0.122,2.06191139078988e-244,"CWC27","Higher_in_BRCA1_tumour",0.235
1.59564087783914e-151,0.73467644831737,0.2,0.066,3.96756104274701e-147,"EHD1","Higher_in_BRCA1_tumour",0.134
3.39864994353516e-244,0.734652341130819,0.645,0.321,8.45074308460017e-240,"NUCB2","Higher_in_BRCA1_tumour",0.324
2.32568708101452e-229,0.734610888826754,0.326,0.111,5.7828209269426e-225,"USP10","Higher_in_BRCA1_tumour",0.215
2.09228855674194e-87,0.734317259497756,0.115,0.037,5.20247549633884e-83,"ZNF507","Higher_in_BRCA1_tumour",0.078
1.81858370627457e-181,0.733919034981582,0.254,0.086,4.52190838565172e-177,"MFSD3","Higher_in_BRCA1_tumour",0.168
2.23303272664189e-136,0.733074468342164,0.185,0.062,5.55243587479507e-132,"GPATCH2L","Higher_in_BRCA1_tumour",0.123
1.1363951740669e-280,0.732633276758563,0.462,0.173,2.82564660031735e-276,"RUNX1","Higher_in_BRCA1_tumour",0.289
8.45757880456535e-243,0.732430542670691,0.337,0.114,2.10297696975517e-238,"SENP6","Higher_in_BRCA1_tumour",0.223
4.71440978963645e-180,0.731790061559861,0.265,0.093,1.1722379941931e-175,"DCK","Higher_in_BRCA1_tumour",0.172
1.37513143000506e-251,0.731264821089705,0.389,0.141,3.41926430070759e-247,"PPP2R5E","Higher_in_BRCA1_tumour",0.248
2.04177585626766e-206,0.731090325056129,0.279,0.092,5.07687566660953e-202,"AL031058.1","Higher_in_BRCA1_tumour",0.187
5.20134125263665e-201,0.729692055978831,0.302,0.107,1.2933135024681e-196,"BDP1","Higher_in_BRCA1_tumour",0.195
2.04498037659262e-213,0.729328490056887,0.294,0.098,5.08484370639754e-209,"SLC33A1","Higher_in_BRCA1_tumour",0.196
6.53837121585889e-85,0.729320054023481,0.117,0.04,1.62576600282331e-80,"TP53I11","Higher_in_BRCA1_tumour",0.077
1.58944150939141e-101,0.728756318468722,0.111,0.032,3.95214631310173e-97,"EPN3","Higher_in_BRCA1_tumour",0.079
1.77113357673879e-157,0.728325934198043,0.2,0.063,4.403923638561e-153,"AAAS","Higher_in_BRCA1_tumour",0.137
5.89962002429787e-193,0.727980655915259,0.278,0.095,1.46694051904167e-188,"VTA1","Higher_in_BRCA1_tumour",0.183
5.64268913705429e-100,0.727757616638343,0.117,0.035,1.40305465392855e-95,"GPATCH11","Higher_in_BRCA1_tumour",0.082
0,0.72710541346111,0.946,0.762,0,"RPS10","Higher_in_BRCA1_tumour",0.184
8.07790230548161e-221,0.72563994408787,0.312,0.106,2.008570408258e-216,"NUDT3","Higher_in_BRCA1_tumour",0.206
6.90870510212246e-218,0.725422008384092,0.327,0.116,1.71784952364275e-213,"ATP2B4","Higher_in_BRCA1_tumour",0.211
5.81844084992108e-293,0.724967684799144,0.699,0.334,1.44675531733288e-288,"SSR1","Higher_in_BRCA1_tumour",0.365
3.71118086768018e-177,0.723492685246756,0.255,0.089,9.22785122748677e-173,"VEZF1","Higher_in_BRCA1_tumour",0.166
1.81129277770905e-125,0.723373069024445,0.173,0.059,4.50377949177355e-121,"NF1","Higher_in_BRCA1_tumour",0.114
1.87113582473803e-264,0.723151946599537,0.429,0.159,4.65257922821112e-260,"TFDP2","Higher_in_BRCA1_tumour",0.27
8.50726542722398e-171,0.722727245063762,0.208,0.064,2.11533154847924e-166,"VPS26B","Higher_in_BRCA1_tumour",0.144
2.08828998604529e-299,0.722120535594448,0.734,0.364,5.19253305030161e-295,"SEC13","Higher_in_BRCA1_tumour",0.37
1.55788560213311e-218,0.721376354277953,0.294,0.097,3.87368254970399e-214,"CUL2","Higher_in_BRCA1_tumour",0.197
1.62588467126107e-105,0.721206694786868,0.146,0.049,4.04276223509065e-101,"PATZ1","Higher_in_BRCA1_tumour",0.097
6.49160425187066e-251,0.720929749819098,0.402,0.147,1.61413739722764e-246,"TAF15","Higher_in_BRCA1_tumour",0.255
9.81182196968039e-295,0.719365425125404,0.623,0.274,2.43970953276103e-290,"SMAGP","Higher_in_BRCA1_tumour",0.349
3.99145753962226e-319,0.718371285893221,0.775,0.398,9.92475917227076e-315,"SRSF5","Higher_in_BRCA1_tumour",0.377
1.58001290596954e-117,0.71736815791191,0.163,0.055,3.92870209069325e-113,"PIP4K2C","Higher_in_BRCA1_tumour",0.108
7.51577859851325e-114,0.717051240651132,0.157,0.053,1.86879834852032e-109,"ANO6","Higher_in_BRCA1_tumour",0.104
6.55230786787373e-90,0.71700062441921,0.128,0.044,1.6292313513468e-85,"CASP8","Higher_in_BRCA1_tumour",0.084
1.31409366312529e-294,0.716660574425861,0.713,0.353,3.26749389336103e-290,"BAX","Higher_in_BRCA1_tumour",0.36
6.56270646835814e-110,0.715895959430836,0.186,0.071,1.63181696335725e-105,"NRIP1","Higher_in_BRCA1_tumour",0.115
3.91546885630063e-293,0.715356499907018,0.743,0.379,9.73581331119151e-289,"MAF1","Higher_in_BRCA1_tumour",0.364
1.35913933763042e-150,0.715274417836197,0.242,0.09,3.37949996301803e-146,"ITGAV","Higher_in_BRCA1_tumour",0.152
6.26304292415165e-263,0.7151230278208,0.878,0.573,1.55730562309031e-258,"PSAP","Higher_in_BRCA1_tumour",0.305
8.87282843294151e-246,0.714586503913878,0.344,0.116,2.20622878985091e-241,"TNPO2","Higher_in_BRCA1_tumour",0.228
0,0.714249592905774,0.911,0.636,0,"HNRNPDL","Higher_in_BRCA1_tumour",0.275
3.15460740264726e-243,0.713813300408606,0.406,0.153,7.84393130668241e-239,"M6PR","Higher_in_BRCA1_tumour",0.253
3.63629821583558e-134,0.713501430256544,0.194,0.067,9.04165551367516e-130,"PDSS1","Higher_in_BRCA1_tumour",0.127
6.044904058381e-217,0.713321857714149,0.311,0.107,1.50306539411643e-212,"VANGL1","Higher_in_BRCA1_tumour",0.204
1.18627994545793e-173,0.713135249337611,0.242,0.081,2.94968508438115e-169,"GSTZ1","Higher_in_BRCA1_tumour",0.161
8.53531255498277e-154,0.712960194493044,0.188,0.058,2.12230546679647e-149,"PCNX3","Higher_in_BRCA1_tumour",0.13
3.58631074121651e-92,0.712717027959981,0.135,0.048,8.91736165803485e-88,"FBXO28","Higher_in_BRCA1_tumour",0.087
3.04356346364948e-162,0.711704908418276,0.208,0.066,7.56782055236443e-158,"NAA25","Higher_in_BRCA1_tumour",0.142
2.12169894905791e-157,0.71162064625439,0.193,0.06,5.27560443683251e-153,"ZNF883","Higher_in_BRCA1_tumour",0.133
4.62953341461698e-137,0.711427498964785,0.176,0.057,1.15113348354451e-132,"ZNF430","Higher_in_BRCA1_tumour",0.119
6.75938371925508e-85,0.710587297265977,0.109,0.035,1.68072076179278e-80,"NUP133","Higher_in_BRCA1_tumour",0.074
4.8768270098061e-168,0.70996934344658,0.205,0.063,1.21262303598829e-163,"TRIM13","Higher_in_BRCA1_tumour",0.142
0,0.709782182459986,0.907,0.617,0,"SUMO1","Higher_in_BRCA1_tumour",0.29
8.75587178973116e-209,0.709623638402334,0.315,0.112,2.17714752051665e-204,"NOTCH2","Higher_in_BRCA1_tumour",0.203
4.67287796403305e-282,0.709581835884245,0.694,0.334,1.16191110575682e-277,"UBE2N","Higher_in_BRCA1_tumour",0.36
4.04019274358411e-277,0.709481798121996,0.56,0.235,1.00459392569219e-272,"NME4","Higher_in_BRCA1_tumour",0.325
2.22921980821701e-195,0.709370892021521,0.274,0.093,5.5429550531316e-191,"PRR14L","Higher_in_BRCA1_tumour",0.181
1.41796586192828e-286,0.709025273146223,0.816,0.495,3.52577211568466e-282,"MRPS6","Higher_in_BRCA1_tumour",0.321
1.23552416553782e-89,0.708989297941638,0.118,0.039,3.0721308376098e-85,"WNK2","Higher_in_BRCA1_tumour",0.079
2.10243766291104e-147,0.708530591925034,0.197,0.065,5.2277112488283e-143,"UCKL1","Higher_in_BRCA1_tumour",0.132
3.7803883664483e-157,0.708272492058331,0.213,0.071,9.39993567317371e-153,"LZIC","Higher_in_BRCA1_tumour",0.142
2.4202545670828e-109,0.705336153263857,0.166,0.06,6.01796298105137e-105,"SIGIRR","Higher_in_BRCA1_tumour",0.106
4.27214139431636e-129,0.704704098027363,0.171,0.056,1.06226795769676e-124,"TCF3","Higher_in_BRCA1_tumour",0.115
5.16852642830281e-148,0.7036156182968,0.197,0.065,1.28515409639749e-143,"PPAT","Higher_in_BRCA1_tumour",0.132
2.46667061318233e-218,0.703587924332457,0.322,0.112,6.13337647967787e-214,"SPAG16","Higher_in_BRCA1_tumour",0.21
3.01359931802075e-108,0.70304309542059,0.142,0.046,7.49331470425861e-104,"FAM171A1","Higher_in_BRCA1_tumour",0.096
1.40087903243485e-143,0.702974808049162,0.186,0.06,3.48328571414925e-139,"MAU2","Higher_in_BRCA1_tumour",0.126
7.8803639404237e-120,0.702891425154833,0.135,0.039,1.95945249378635e-115,"CYYR1","Higher_in_BRCA1_tumour",0.096
7.32400655013454e-121,0.70234407231699,0.154,0.049,1.82111422869095e-116,"MRRF","Higher_in_BRCA1_tumour",0.105
0,0.702228821394988,0.995,0.969,0,"FAU","Higher_in_BRCA1_tumour",0.026
9.45605611342342e-179,0.701899280614867,0.223,0.07,2.35124835260273e-174,"TCEAL1","Higher_in_BRCA1_tumour",0.153
3.46796112563616e-280,0.701409845553175,0.496,0.192,8.6230853388943e-276,"CCNB1IP1","Higher_in_BRCA1_tumour",0.304
6.11633824016034e-114,0.700903118050124,0.152,0.05,1.52082750341587e-109,"WASHC5","Higher_in_BRCA1_tumour",0.102
4.59749110485877e-222,0.700599719191904,0.324,0.112,1.14316616322313e-217,"IFT43","Higher_in_BRCA1_tumour",0.212
1.51000486890688e-232,0.700278221681764,0.388,0.145,3.75462710653696e-228,"ALKBH2","Higher_in_BRCA1_tumour",0.243
1.51649225607423e-84,0.700202209330896,0.107,0.034,3.77075799472858e-80,"GXYLT1","Higher_in_BRCA1_tumour",0.073
1.60710447164097e-143,0.700073859346394,0.205,0.071,3.99606526873527e-139,"SLC11A2","Higher_in_BRCA1_tumour",0.134
5.35548759360692e-213,0.700025121854007,0.31,0.107,1.33164199015036e-208,"CYB561A3","Higher_in_BRCA1_tumour",0.203
1.24488269042486e-213,0.699548599863847,0.569,0.27,3.09540080974142e-209,"RDX","Higher_in_BRCA1_tumour",0.299
2.0533176839017e-168,0.699242441563269,0.244,0.084,5.10557442102159e-164,"LPAR2","Higher_in_BRCA1_tumour",0.16
2.25561756761499e-162,0.699052762687642,0.219,0.072,5.60859308187467e-158,"STAM","Higher_in_BRCA1_tumour",0.147
1.14536196410589e-216,0.698858799397811,0.297,0.099,2.8479425237493e-212,"ELF1","Higher_in_BRCA1_tumour",0.198
1.04070022353178e-90,0.698519161780582,0.125,0.043,2.58770110581177e-86,"SETX","Higher_in_BRCA1_tumour",0.082
4.13538109051161e-276,0.698412720749588,0.503,0.199,1.02826250815571e-271,"ISCU","Higher_in_BRCA1_tumour",0.304
0,0.697991260946475,0.955,0.817,0,"PPA1","Higher_in_BRCA1_tumour",0.138
2.53719129606979e-119,0.697147053524132,0.161,0.053,6.30872615767753e-115,"FOXRED1","Higher_in_BRCA1_tumour",0.108
6.790904969945e-242,0.696858151678223,0.583,0.273,1.68855852077682e-237,"WDR34","Higher_in_BRCA1_tumour",0.31
8.35188962457249e-161,0.696440911016005,0.243,0.086,2.07669735514995e-156,"TMEM214","Higher_in_BRCA1_tumour",0.157
3.47157923677662e-243,0.695725760302283,0.385,0.14,8.63208177224507e-239,"FRMD4B","Higher_in_BRCA1_tumour",0.245
4.31746317602456e-147,0.695665900226954,0.184,0.058,1.07353721871851e-142,"AGPAT3","Higher_in_BRCA1_tumour",0.126
4.34024421682027e-171,0.695491861898834,0.285,0.106,1.07920172451236e-166,"DNAJC4","Higher_in_BRCA1_tumour",0.179
1.1470680449998e-106,0.694477438106307,0.134,0.042,2.85218469389201e-102,"RUFY1","Higher_in_BRCA1_tumour",0.092
2.9313394368618e-268,0.694374930172244,0.52,0.216,7.28877550975687e-264,"CAVIN1","Higher_in_BRCA1_tumour",0.304
3.66377160933439e-225,0.693933709664962,0.373,0.139,9.10996810660995e-221,"COMTD1","Higher_in_BRCA1_tumour",0.234
4.06164861548927e-127,0.6938503347779,0.161,0.051,1.00992892824141e-122,"CACNB3","Higher_in_BRCA1_tumour",0.11
5.01596683354371e-187,0.693341277740586,0.305,0.113,1.24722015316064e-182,"C8orf76","Higher_in_BRCA1_tumour",0.192
3.27523637336611e-281,0.693238437042725,0.528,0.212,8.14387524237483e-277,"BPTF","Higher_in_BRCA1_tumour",0.316
6.02205019247771e-288,0.693029796401152,0.599,0.259,1.49738278035958e-283,"DDX1","Higher_in_BRCA1_tumour",0.34
3.52605848181909e-157,0.692420063601208,0.207,0.067,8.76754441504316e-153,"PIBF1","Higher_in_BRCA1_tumour",0.14
1.8453752453044e-296,0.691784682091178,0.549,0.219,4.58852554744938e-292,"NDUFV3","Higher_in_BRCA1_tumour",0.33
3.69873233622967e-127,0.690329117852585,0.167,0.054,9.19689795403507e-123,"TMEM185B","Higher_in_BRCA1_tumour",0.113
3.25587694489419e-178,0.690308885591003,0.224,0.071,8.0957380234794e-174,"TMEM218","Higher_in_BRCA1_tumour",0.153
1.56713564483192e-154,0.690206809289708,0.205,0.067,3.89668278087458e-150,"MMD","Higher_in_BRCA1_tumour",0.138
3.91446452029468e-285,0.68928884774132,0.752,0.39,9.73331602971271e-281,"EWSR1","Higher_in_BRCA1_tumour",0.362
1.31704093339932e-170,0.688920134302019,0.24,0.081,3.27482228089741e-166,"TAF3","Higher_in_BRCA1_tumour",0.159
2.66644234074111e-261,0.68872207022926,0.417,0.152,6.63010888025276e-257,"ZCCHC7","Higher_in_BRCA1_tumour",0.265
4.40018720247755e-155,0.688395359193764,0.248,0.091,1.09410654789604e-150,"ZC3HAV1","Higher_in_BRCA1_tumour",0.157
3.48872613432299e-288,0.688051188920214,0.671,0.311,8.67471753299413e-284,"SFT2D1","Higher_in_BRCA1_tumour",0.36
1.23942614996285e-232,0.685451406963693,0.366,0.133,3.08183312188262e-228,"PPP6C","Higher_in_BRCA1_tumour",0.233
7.5998354549799e-133,0.682700761818158,0.159,0.049,1.88969908588075e-128,"OMA1","Higher_in_BRCA1_tumour",0.11
3.71084974903104e-89,0.682254390548115,0.11,0.034,9.22702790096568e-85,"TDRD3","Higher_in_BRCA1_tumour",0.076
3.54237307619087e-291,0.680779157750124,0.807,0.448,8.80811065394859e-287,"PRPF40A","Higher_in_BRCA1_tumour",0.359
4.69001907116478e-219,0.680687587520145,0.336,0.12,1.16617324204512e-214,"CRBN","Higher_in_BRCA1_tumour",0.216
1.34247233523463e-82,0.680662194335135,0.122,0.043,3.3380574615609e-78,"RHPN2","Higher_in_BRCA1_tumour",0.079
5.51755317402885e-130,0.679255146837966,0.161,0.051,1.37193959672227e-125,"TBK1","Higher_in_BRCA1_tumour",0.11
3.47244283773179e-163,0.679183571842613,0.219,0.072,8.63422911602009e-159,"DDX52","Higher_in_BRCA1_tumour",0.147
0,0.677007743998291,0.996,0.983,0,"RPS3A","Higher_in_BRCA1_tumour",0.013
9.1166238649932e-153,0.676724753549074,0.208,0.069,2.26684852403056e-148,"LSS","Higher_in_BRCA1_tumour",0.139
4.79942462352555e-125,0.675723449419889,0.18,0.062,1.19337693263963e-120,"METTL2A","Higher_in_BRCA1_tumour",0.118
1.88030665954362e-84,0.675217346728734,0.118,0.04,4.67538250895522e-80,"GNS","Higher_in_BRCA1_tumour",0.078
1.65552659207673e-262,0.6742681822094,0.451,0.171,4.11646687119879e-258,"TADA3","Higher_in_BRCA1_tumour",0.28
5.78441162350475e-132,0.674256840775766,0.149,0.044,1.43829395018446e-127,"TMEM161B","Higher_in_BRCA1_tumour",0.105
9.69215663112075e-291,0.674034554404823,0.868,0.542,2.40995474632818e-286,"UBXN4","Higher_in_BRCA1_tumour",0.326
2.89481466249003e-149,0.673490685841129,0.209,0.071,7.19795665828145e-145,"SOX10","Higher_in_BRCA1_tumour",0.138
3.4678375627435e-218,0.67339856637738,0.379,0.145,8.62277809976172e-214,"MAD2L2","Higher_in_BRCA1_tumour",0.234
1.50335455317996e-247,0.673320326528042,0.406,0.149,3.73809109648197e-243,"AIG1","Higher_in_BRCA1_tumour",0.257
2.92191140584236e-255,0.673249875941235,0.337,0.108,7.26533271062703e-251,"GPX7","Higher_in_BRCA1_tumour",0.229
1.14759040924621e-106,0.673207093106315,0.129,0.04,2.8534835525907e-102,"KHK","Higher_in_BRCA1_tumour",0.089
1.93321516248562e-283,0.673102676363023,0.512,0.201,4.8069395015205e-279,"SUPT5H","Higher_in_BRCA1_tumour",0.311
7.69566168309088e-165,0.671925859527224,0.222,0.073,1.91352627750055e-160,"ZBTB43","Higher_in_BRCA1_tumour",0.149
1.51332799346094e-148,0.671814741988349,0.183,0.057,3.76289005574064e-144,"AC025159.1","Higher_in_BRCA1_tumour",0.126
1.82161343228428e-198,0.670772982489511,0.265,0.086,4.52944179937486e-194,"ATP2B1","Higher_in_BRCA1_tumour",0.179
7.27523268635809e-149,0.669668234989954,0.21,0.071,1.80898660746294e-144,"PHF23","Higher_in_BRCA1_tumour",0.139
2.96282138566994e-156,0.669158532070877,0.245,0.089,7.3670553754683e-152,"FBXW2","Higher_in_BRCA1_tumour",0.156
9.14483689652632e-243,0.668099144697794,0.711,0.382,2.27386369432127e-238,"SDC1","Higher_in_BRCA1_tumour",0.329
3.00781919881151e-170,0.666740773534465,0.25,0.087,7.47894243784481e-166,"HAUS8","Higher_in_BRCA1_tumour",0.163
3.29545620026262e-100,0.666568299094151,0.125,0.04,8.194151841953e-96,"SARNP","Higher_in_BRCA1_tumour",0.085
4.87939693419425e-72,0.666354951490743,0.123,0.047,1.2132620476874e-67,"STK17B","Higher_in_BRCA1_tumour",0.076
1.90975651006579e-79,0.665203047104506,0.119,0.042,4.74860956227859e-75,"PHTF1","Higher_in_BRCA1_tumour",0.077
5.24230954276244e-189,0.665163713585609,0.277,0.096,1.30350026780788e-184,"ASCC3","Higher_in_BRCA1_tumour",0.181
7.16047599912952e-94,0.664478564196091,0.123,0.04,1.78045235718355e-89,"NLN","Higher_in_BRCA1_tumour",0.083
1.53652563630217e-171,0.6643997876615,0.235,0.078,3.82057099466536e-167,"R3HDM1","Higher_in_BRCA1_tumour",0.157
6.24518594895377e-102,0.664308650729632,0.129,0.041,1.55286548620736e-97,"INTS5","Higher_in_BRCA1_tumour",0.088
3.44375072776217e-103,0.664035905551476,0.158,0.057,8.56288618458064e-99,"PPP1R15B","Higher_in_BRCA1_tumour",0.101
1.15859348378499e-124,0.663663930638794,0.162,0.052,2.88084269743138e-120,"KIF3A","Higher_in_BRCA1_tumour",0.11
2.22773834792462e-239,0.66221794823756,0.567,0.256,5.53927140211458e-235,"NFE2L2","Higher_in_BRCA1_tumour",0.311
0,0.662159823167054,0.956,0.822,0,"EIF3H","Higher_in_BRCA1_tumour",0.134
2.1798350731888e-150,0.662111332970757,0.845,0.591,5.42015990948396e-146,"FDPS","Higher_in_BRCA1_tumour",0.254
2.07617565177601e-219,0.661463454370341,0.329,0.116,5.16241075814106e-215,"SUCO","Higher_in_BRCA1_tumour",0.213
2.35506179950118e-123,0.660717813717355,0.169,0.057,5.8558611644597e-119,"PDE4DIP","Higher_in_BRCA1_tumour",0.112
2.83612675056632e-232,0.660708962021839,0.387,0.145,7.05202916528315e-228,"SLU7","Higher_in_BRCA1_tumour",0.242
1.41760488084125e-86,0.659401772805113,0.109,0.035,3.52487453621177e-82,"NAA30","Higher_in_BRCA1_tumour",0.074
3.42290516747758e-188,0.659081370214525,0.273,0.094,8.511053698933e-184,"COPS7B","Higher_in_BRCA1_tumour",0.179
8.58442833465575e-217,0.659065106458145,0.342,0.124,2.13451810541215e-212,"CRYZL1","Higher_in_BRCA1_tumour",0.218
3.07997138336764e-121,0.659054113584895,0.235,0.096,7.65834884474364e-117,"SP100","Higher_in_BRCA1_tumour",0.139
2.03457024313033e-205,0.657146931300346,0.343,0.128,5.05895890954358e-201,"SYNJ2","Higher_in_BRCA1_tumour",0.215
3.218056996385e-89,0.656762547933937,0.109,0.034,8.0016987215113e-85,"AC022144.1","Higher_in_BRCA1_tumour",0.075
3.9722910206316e-288,0.655670359639592,0.714,0.343,9.87710162280047e-284,"STAU1","Higher_in_BRCA1_tumour",0.371
6.76428094094262e-102,0.65532074711312,0.152,0.054,1.68193845596538e-97,"CDC42BPA","Higher_in_BRCA1_tumour",0.098
1.29782879777123e-132,0.654584341231878,0.188,0.064,3.22705130565816e-128,"MPV17L2","Higher_in_BRCA1_tumour",0.124
8.42089150076244e-216,0.6539121055754,0.369,0.139,2.09385467166458e-211,"RTCA","Higher_in_BRCA1_tumour",0.23
3.87854463352136e-279,0.653596785582398,0.456,0.168,9.64400123125086e-275,"CSTF3","Higher_in_BRCA1_tumour",0.288
4.35899121196457e-292,0.653302890795975,0.76,0.386,1.08386316485499e-287,"MRPL33","Higher_in_BRCA1_tumour",0.374
1.11858552132755e-172,0.653245143824864,0.262,0.093,2.78136289878094e-168,"KCTD20","Higher_in_BRCA1_tumour",0.169
0,0.652100157177797,0.994,0.985,0,"RPL10A","Higher_in_BRCA1_tumour",0.00900000000000001
0,0.65128245599439,0.963,0.81,0,"RPL36AL","Higher_in_BRCA1_tumour",0.153
9.60920273896457e-263,0.651092625220136,0.624,0.283,2.38932826104354e-258,"VGLL4","Higher_in_BRCA1_tumour",0.341
4.66348963958787e-166,0.651065996101627,0.231,0.077,1.15957669888352e-161,"SLC7A1","Higher_in_BRCA1_tumour",0.154
6.22232871210535e-143,0.650215320152584,0.193,0.064,1.547182034265e-138,"ELOVL6","Higher_in_BRCA1_tumour",0.129
1.86538956564376e-166,0.650018474605714,0.263,0.095,4.63829115497321e-162,"WDR4","Higher_in_BRCA1_tumour",0.168
8.14591363460531e-201,0.649652295277208,0.347,0.132,2.02548142524461e-196,"PGM3","Higher_in_BRCA1_tumour",0.215
1.20858472398272e-160,0.648875588000239,0.246,0.087,3.00514591618304e-156,"RIOX2","Higher_in_BRCA1_tumour",0.159
3.28603804398358e-157,0.648532304810029,0.243,0.089,8.17073359636516e-153,"INHBA","Higher_in_BRCA1_tumour",0.154
0,0.64757361193784,0.744,0.328,0,"SELENOH","Higher_in_BRCA1_tumour",0.416
5.80498718611122e-242,0.647545547016313,0.351,0.12,1.44341006382655e-237,"AC008771.1","Higher_in_BRCA1_tumour",0.231
0,0.647478119608392,0.67,0.27,0,"DSC2","Higher_in_BRCA1_tumour",0.4
5.74144926808062e-258,0.647274687389722,0.501,0.202,1.42761136050825e-253,"SNW1","Higher_in_BRCA1_tumour",0.299
4.25857866197405e-122,0.646439483744037,0.157,0.05,1.05889558429985e-117,"FAM208A","Higher_in_BRCA1_tumour",0.107
3.85212730046911e-256,0.646406312246277,0.692,0.345,9.57831453261644e-252,"MTPN","Higher_in_BRCA1_tumour",0.347
2.23324789424981e-247,0.646212667448548,0.444,0.173,5.55297088905216e-243,"CMTM8","Higher_in_BRCA1_tumour",0.271
8.82037580749391e-263,0.645893767818474,0.547,0.231,2.19318644453336e-258,"UBE2K","Higher_in_BRCA1_tumour",0.316
1.10060175388916e-108,0.645629865779795,0.137,0.044,2.7366462610454e-104,"ZNF264","Higher_in_BRCA1_tumour",0.093
9.4346761034908e-163,0.644948066512952,0.227,0.076,2.34593221313299e-158,"EXOSC9","Higher_in_BRCA1_tumour",0.151
1.34655631238111e-198,0.644831761878435,0.306,0.109,3.34821227073564e-194,"TWF1","Higher_in_BRCA1_tumour",0.197
4.74823877510173e-76,0.644335903229077,0.105,0.036,1.18064957142904e-71,"ORAI3","Higher_in_BRCA1_tumour",0.069
7.42466632899966e-156,0.643836422246599,0.228,0.08,1.84614328270577e-151,"PIP5K1A","Higher_in_BRCA1_tumour",0.148
7.76283392131367e-128,0.643804486264226,0.193,0.069,1.93022865453464e-123,"CASC8","Higher_in_BRCA1_tumour",0.124
3.93596097121815e-173,0.643354722442964,0.266,0.095,9.78676695493392e-169,"MAPKAPK5","Higher_in_BRCA1_tumour",0.171
5.2129540207276e-256,0.643152181159418,0.537,0.226,1.29620101725392e-251,"TIMM9","Higher_in_BRCA1_tumour",0.311
1.16844978606264e-259,0.642425550998204,0.492,0.197,2.90535039304475e-255,"ARL8B","Higher_in_BRCA1_tumour",0.295
1.92343822065158e-106,0.641555880788911,0.174,0.065,4.78262913565016e-102,"BDH2","Higher_in_BRCA1_tumour",0.109
5.01459593924106e-134,0.640565428490453,0.188,0.064,1.24687928029229e-129,"MCCC2","Higher_in_BRCA1_tumour",0.124
3.35253162143905e-161,0.63985797784918,0.426,0.199,8.33606987670821e-157,"NCOA7","Higher_in_BRCA1_tumour",0.227
3.49860236199644e-75,0.639812275366129,0.106,0.037,8.69927477310415e-71,"CDK8","Higher_in_BRCA1_tumour",0.069
8.85614252594327e-190,0.639566420453601,0.321,0.12,2.2020798390758e-185,"SURF1","Higher_in_BRCA1_tumour",0.201
4.85937893126735e-130,0.639513088059052,0.183,0.062,1.20828457125963e-125,"FBXW7","Higher_in_BRCA1_tumour",0.121
0,0.639470918700515,0.992,0.973,0,"RPL29","Higher_in_BRCA1_tumour",0.019
2.1169183394188e-263,0.639335246512112,0.547,0.232,5.26371745096484e-259,"GOPC","Higher_in_BRCA1_tumour",0.315
1.79871343684392e-213,0.639107112954409,0.34,0.124,4.4725009607124e-209,"ZC3H13","Higher_in_BRCA1_tumour",0.216
2.68739101256305e-219,0.639011469648939,0.424,0.17,6.68219775273802e-215,"GNPNAT1","Higher_in_BRCA1_tumour",0.254
5.54758808799335e-172,0.638923796249334,0.252,0.087,1.37940777807955e-167,"FBXL12","Higher_in_BRCA1_tumour",0.165
1.67115588836216e-220,0.638900771050648,0.854,0.553,4.15532911641251e-216,"CYB5A","Higher_in_BRCA1_tumour",0.301
3.1345577274685e-252,0.637935029525481,0.431,0.163,7.79407778935042e-248,"NABP2","Higher_in_BRCA1_tumour",0.268
3.70659160239876e-90,0.637870617005873,0.112,0.035,9.21644001936451e-86,"TFCP2","Higher_in_BRCA1_tumour",0.077
1.47409992190842e-221,0.637505869938152,0.439,0.179,3.66534945582529e-217,"TIMM50","Higher_in_BRCA1_tumour",0.26
4.394515943304e-293,0.637215180307831,0.735,0.371,1.09269638930254e-288,"CSRP2","Higher_in_BRCA1_tumour",0.364
1.03521669418358e-129,0.637204794676459,0.215,0.08,2.57406631008746e-125,"ATP11B","Higher_in_BRCA1_tumour",0.135
8.71360006160587e-149,0.63531823469178,0.18,0.055,2.1666366553183e-144,"SP1","Higher_in_BRCA1_tumour",0.125
1.16273146914237e-115,0.635074111234131,0.159,0.054,2.89113179802251e-111,"NOL4L","Higher_in_BRCA1_tumour",0.105
5.85709651563843e-91,0.634012611505581,0.125,0.042,1.45636704861349e-86,"OXSM","Higher_in_BRCA1_tumour",0.083
9.05127318950336e-282,0.633991537876963,0.889,0.603,2.25059907857001e-277,"APRT","Higher_in_BRCA1_tumour",0.286
1.30755853070636e-244,0.632811222011591,0.47,0.189,3.25124428660137e-240,"OSGEP","Higher_in_BRCA1_tumour",0.281
2.10628943384719e-256,0.632500972921154,0.606,0.276,5.23728867726104e-252,"DESI2","Higher_in_BRCA1_tumour",0.33
1.8698497747375e-239,0.632475020446653,0.649,0.314,4.6493814648848e-235,"TPRKB","Higher_in_BRCA1_tumour",0.335
2.34920448399702e-173,0.630882589773924,0.287,0.106,5.84129694945859e-169,"AKAP1","Higher_in_BRCA1_tumour",0.181
8.65149100352865e-260,0.630159198103724,0.66,0.313,2.1511932380274e-255,"NDUFS2","Higher_in_BRCA1_tumour",0.347
4.41147132334971e-235,0.629495164222197,0.356,0.125,1.0969123445509e-230,"DPP7","Higher_in_BRCA1_tumour",0.231
2.93580716245509e-131,0.62824647540226,0.186,0.063,7.29988450944458e-127,"C12orf73","Higher_in_BRCA1_tumour",0.123
1.26037963554114e-126,0.628188061813214,0.164,0.053,3.13393396377305e-122,"ZSWIM8","Higher_in_BRCA1_tumour",0.111
2.30333961750332e-83,0.627942055124713,0.127,0.046,5.72725395892201e-79,"SDE2","Higher_in_BRCA1_tumour",0.081
7.68691585198882e-281,0.627611093299326,0.852,0.504,1.91135162659702e-276,"CSNK1A1","Higher_in_BRCA1_tumour",0.348
3.39846941773519e-159,0.627180336956251,0.219,0.073,8.45029420719854e-155,"CCDC43","Higher_in_BRCA1_tumour",0.146
1.33737078316965e-248,0.627003277952562,0.5,0.206,3.32537245235133e-244,"GART","Higher_in_BRCA1_tumour",0.294
2.0436675174666e-83,0.62675024810933,0.114,0.038,5.08157928218071e-79,"HINFP","Higher_in_BRCA1_tumour",0.076
5.87571619036738e-305,0.623974327729837,0.736,0.358,1.46099683073485e-300,"TXNIP","Higher_in_BRCA1_tumour",0.378
6.3850993902832e-259,0.623877654913779,0.539,0.228,1.58765496339392e-254,"UQCC3","Higher_in_BRCA1_tumour",0.311
4.17935418509396e-140,0.623397634683823,0.201,0.069,1.03919641812361e-135,"RBM18","Higher_in_BRCA1_tumour",0.132
2.32104644445387e-146,0.62287255015438,0.241,0.09,5.77128198413455e-142,"CEP70","Higher_in_BRCA1_tumour",0.151
0,0.622412452278313,0.979,0.909,0,"HINT1","Higher_in_BRCA1_tumour",0.07
6.09315937031671e-162,0.62222223397899,0.259,0.095,1.51506407742925e-157,"KPNA3","Higher_in_BRCA1_tumour",0.164
4.0705353506977e-123,0.622053746060869,0.183,0.064,1.01213861495098e-118,"TFB2M","Higher_in_BRCA1_tumour",0.119
4.14017571485401e-199,0.62133899869446,0.326,0.12,1.02945469149845e-194,"TCEA2","Higher_in_BRCA1_tumour",0.206
1.16111529583289e-80,0.621289220833456,0.108,0.036,2.88711318308848e-76,"CDK11A","Higher_in_BRCA1_tumour",0.072
1.78681067684362e-116,0.621267324486267,0.126,0.036,4.44290474797167e-112,"GPR12","Higher_in_BRCA1_tumour",0.09
8.53355233612742e-102,0.620269373713845,0.166,0.062,2.12186778837808e-97,"CDR2L","Higher_in_BRCA1_tumour",0.104
2.88942111627274e-200,0.620127675611266,0.345,0.13,7.18454560561216e-196,"CERS6","Higher_in_BRCA1_tumour",0.215
7.75154791163266e-34,0.619951846296796,0.812,0.723,1.92742238822746e-29,"NDUFA4L2","Higher_in_BRCA1_tumour",0.0890000000000001
2.5136281332961e-207,0.619617076442078,0.386,0.153,6.25013635344075e-203,"MRPS2","Higher_in_BRCA1_tumour",0.233
2.5148774447079e-191,0.619470702816333,0.304,0.111,6.2532427662662e-187,"CYTH2","Higher_in_BRCA1_tumour",0.193
3.41335768851923e-219,0.618377104463624,0.376,0.142,8.48731389250306e-215,"STRBP","Higher_in_BRCA1_tumour",0.234
5.62411857256052e-197,0.61801587658615,0.366,0.144,1.39843708306717e-192,"ABCE1","Higher_in_BRCA1_tumour",0.222
3.62102135365885e-106,0.616260409526731,0.137,0.044,9.00366959587272e-102,"PLXNA3","Higher_in_BRCA1_tumour",0.093
6.73790713201121e-90,0.616220680552908,0.14,0.051,1.67538060837459e-85,"KDM6B","Higher_in_BRCA1_tumour",0.089
2.86100772846625e-177,0.615928786533171,0.288,0.106,7.11389571683132e-173,"FAF2","Higher_in_BRCA1_tumour",0.182
5.25003444323541e-147,0.615748577805046,0.196,0.065,1.30542106431048e-142,"AC023157.3","Higher_in_BRCA1_tumour",0.131
0,0.615667084261863,0.97,0.868,0,"DBI","Higher_in_BRCA1_tumour",0.102
1.15684902308186e-232,0.614556716345519,0.863,0.583,2.87650509589304e-228,"HOOK2","Higher_in_BRCA1_tumour",0.28
1.25593073584073e-122,0.613829230143251,0.179,0.062,3.12287177466797e-118,"PPP1R12B","Higher_in_BRCA1_tumour",0.117
5.55279718364682e-77,0.613790735330758,0.106,0.036,1.38070301971378e-72,"USP12","Higher_in_BRCA1_tumour",0.07
1.14969670894594e-113,0.613697486221281,0.164,0.057,2.85872086679409e-109,"PIGH","Higher_in_BRCA1_tumour",0.107
0,0.613599312687542,0.925,0.65,0,"PEBP1","Higher_in_BRCA1_tumour",0.275
2.80497257005854e-294,0.613207709112533,0.936,0.743,6.97456429545056e-290,"YWHAQ","Higher_in_BRCA1_tumour",0.193
2.10111791478872e-111,0.613121887209081,0.161,0.056,5.22442969512214e-107,"KIF9","Higher_in_BRCA1_tumour",0.105
1.69099301146375e-162,0.613066942818517,0.372,0.165,4.20465412300461e-158,"FCGRT","Higher_in_BRCA1_tumour",0.207
2.01110334188226e-180,0.612140986592993,0.344,0.137,5.00060845959023e-176,"LARP7","Higher_in_BRCA1_tumour",0.207
3.51410588536658e-253,0.611792816337576,0.808,0.461,8.737824283964e-249,"ECH1","Higher_in_BRCA1_tumour",0.347
4.02910550999832e-88,0.611211449967415,0.151,0.058,1.00183708506108e-83,"CRELD1","Higher_in_BRCA1_tumour",0.093
7.28720118829653e-71,0.610823719209778,0.106,0.038,1.81196257546993e-66,"TATDN3","Higher_in_BRCA1_tumour",0.068
3.69001633442099e-264,0.61019514595945,0.517,0.209,9.1752256155378e-260,"PAFAH1B2","Higher_in_BRCA1_tumour",0.308
1.10786177808532e-176,0.609939556673092,0.304,0.115,2.75469831120914e-172,"PPP1R12A","Higher_in_BRCA1_tumour",0.189
2.31202982235845e-163,0.609346233297307,0.278,0.105,5.74886215329428e-159,"SNAPC1","Higher_in_BRCA1_tumour",0.173
2.55604924783379e-148,0.609082811586023,0.226,0.08,6.35561645473871e-144,"ZC3H14","Higher_in_BRCA1_tumour",0.146
1.63091792367604e-184,0.608610548361328,0.303,0.112,4.05527741722047e-180,"CNOT4","Higher_in_BRCA1_tumour",0.191
5.01878333731009e-164,0.60850369268455,0.247,0.087,1.24792047682215e-159,"BRD3","Higher_in_BRCA1_tumour",0.16
3.28327422296928e-97,0.608476506088623,0.132,0.044,8.1638613554131e-93,"TGM5","Higher_in_BRCA1_tumour",0.088
3.51721051222339e-80,0.608205789339511,0.125,0.046,8.74554393864346e-76,"ARMT1","Higher_in_BRCA1_tumour",0.079
2.75104784768064e-117,0.607124240359827,0.166,0.057,6.84048047325791e-113,"COQ6","Higher_in_BRCA1_tumour",0.109
1.88486509555815e-173,0.607114905750984,0.264,0.093,4.68671706010534e-169,"HELZ","Higher_in_BRCA1_tumour",0.171
4.99002027587774e-235,0.606933107777888,0.607,0.286,1.240768541597e-230,"EMC6","Higher_in_BRCA1_tumour",0.321
2.87643030699034e-104,0.606554461244077,0.163,0.059,7.15224395833148e-100,"NOTCH1","Higher_in_BRCA1_tumour",0.104
2.40322612232035e-197,0.605954117208711,0.29,0.1,5.97562175314954e-193,"KANK2","Higher_in_BRCA1_tumour",0.19
2.45949350477471e-161,0.605432701209063,0.286,0.11,6.11553059962231e-157,"TMEM161A","Higher_in_BRCA1_tumour",0.176
4.65463873504128e-130,0.604954092416472,0.166,0.053,1.15737592146802e-125,"PARD6B","Higher_in_BRCA1_tumour",0.113
9.41313598220684e-223,0.604898247187917,0.41,0.161,2.34057626197573e-218,"SLC25A33","Higher_in_BRCA1_tumour",0.249
2.41928104267715e-86,0.60470752120758,0.11,0.035,6.01554231261674e-82,"ZFP82","Higher_in_BRCA1_tumour",0.075
3.49113167256385e-124,0.604639740008975,0.188,0.067,8.68069890383e-120,"SC5D","Higher_in_BRCA1_tumour",0.121
1.0318147373969e-261,0.604318997692142,0.835,0.499,2.5656073445374e-257,"NASP","Higher_in_BRCA1_tumour",0.336
4.9635778735848e-256,0.604257840205514,0.905,0.621,1.23419363826686e-251,"TMBIM6","Higher_in_BRCA1_tumour",0.284
4.27293033849939e-82,0.604110787249231,0.135,0.051,1.06246412866787e-77,"TRIM25","Higher_in_BRCA1_tumour",0.084
3.22353364979006e-185,0.603218094295965,0.3,0.11,8.01531642020298e-181,"B3GNT5","Higher_in_BRCA1_tumour",0.19
2.26286724971978e-90,0.602194178477935,0.145,0.054,5.62661941642824e-86,"ATF2","Higher_in_BRCA1_tumour",0.091
5.56031446439863e-146,0.60164736928036,0.215,0.075,1.38257219157272e-141,"PRUNE1","Higher_in_BRCA1_tumour",0.14
4.92135864164531e-249,0.600943646153259,0.61,0.276,1.22369582624511e-244,"CBX1","Higher_in_BRCA1_tumour",0.334
7.77218633232745e-84,0.600237934086652,0.122,0.043,1.93255413153322e-79,"C1orf50","Higher_in_BRCA1_tumour",0.079
1.35867902108361e-235,0.599793795323603,0.596,0.277,3.37835538592439e-231,"MPZL2","Higher_in_BRCA1_tumour",0.319
6.15189746866474e-266,0.598737069635606,0.907,0.624,1.52966930558349e-261,"SRP9","Higher_in_BRCA1_tumour",0.283
6.93255221391833e-83,0.598229769357792,0.11,0.036,1.72377910799079e-78,"PARG","Higher_in_BRCA1_tumour",0.074
2.53004200048587e-228,0.598086045624961,0.42,0.164,6.29094943420811e-224,"VASP","Higher_in_BRCA1_tumour",0.256
6.2033244009141e-84,0.597751968237972,0.138,0.052,1.54245661228729e-79,"DLAT","Higher_in_BRCA1_tumour",0.086
1.12248924727729e-178,0.597713089903587,0.326,0.127,2.79106951335498e-174,"TCERG1","Higher_in_BRCA1_tumour",0.199
9.62335872822898e-151,0.596690419229976,0.216,0.074,2.39284814777414e-146,"AC020915.3","Higher_in_BRCA1_tumour",0.142
1.24476591913579e-254,0.59644619770421,0.511,0.21,3.09511045793114e-250,"GGNBP2","Higher_in_BRCA1_tumour",0.301
1.17306660105954e-143,0.595884022435356,0.185,0.059,2.91683010353454e-139,"BTBD7","Higher_in_BRCA1_tumour",0.126
2.08231269481777e-225,0.595600859936668,0.773,0.44,5.17767051566438e-221,"MRPL34","Higher_in_BRCA1_tumour",0.333
5.90312655367301e-153,0.595382014432983,0.24,0.086,1.46781241757079e-148,"HNRNPLL","Higher_in_BRCA1_tumour",0.154
1.90894550184992e-94,0.595292819932746,0.135,0.047,4.74659299034983e-90,"GTF3C2","Higher_in_BRCA1_tumour",0.088
4.11360803651291e-133,0.594669447908281,0.222,0.083,1.02284863827893e-128,"SSFA2","Higher_in_BRCA1_tumour",0.139
7.21813470838737e-212,0.593573061347018,0.365,0.137,1.79478919524052e-207,"GTPBP3","Higher_in_BRCA1_tumour",0.228
2.81786327913902e-219,0.592739484309406,0.525,0.234,7.00661704357918e-215,"MAGOHB","Higher_in_BRCA1_tumour",0.291
4.09851788919221e-253,0.592001612206908,0.636,0.292,1.01909647314764e-248,"YME1L1","Higher_in_BRCA1_tumour",0.344
7.94056763774799e-226,0.591573231494359,0.829,0.505,1.97442214312604e-221,"RHOC","Higher_in_BRCA1_tumour",0.324
3.00360108307815e-173,0.591348694102975,0.273,0.098,7.46845409307382e-169,"RBM4B","Higher_in_BRCA1_tumour",0.175
1.2055359791681e-208,0.591123423539611,0.349,0.129,2.99756521220148e-204,"VPS26C","Higher_in_BRCA1_tumour",0.22
5.67672147926329e-143,0.59095608028961,0.223,0.08,1.41151679581882e-138,"TRUB2","Higher_in_BRCA1_tumour",0.143
1.73274311509366e-88,0.59091713713494,0.142,0.053,4.30846575568039e-84,"RFT1","Higher_in_BRCA1_tumour",0.089
2.95567608990964e-210,0.590252254387091,0.275,0.088,7.34928859756032e-206,"R3HDM2","Higher_in_BRCA1_tumour",0.187
2.07238739294886e-253,0.59015356956373,0.565,0.246,5.15299125256735e-249,"SLC39A6","Higher_in_BRCA1_tumour",0.319
2.16736069559709e-237,0.589160373086246,0.884,0.6,5.38914236960216e-233,"DSP","Higher_in_BRCA1_tumour",0.284
3.20321083885572e-220,0.588712524229677,0.643,0.318,7.96478375081474e-216,"BZW1","Higher_in_BRCA1_tumour",0.325
1.33539640704292e-170,0.588621584414412,0.252,0.087,3.32046316611223e-166,"ERC1","Higher_in_BRCA1_tumour",0.165
0,0.58842972666743,0.99,0.952,0,"RPL22","Higher_in_BRCA1_tumour",0.038
4.40940693597358e-110,0.588297116698393,0.176,0.064,1.09639903462983e-105,"ANAPC7","Higher_in_BRCA1_tumour",0.112
9.89384095779141e-93,0.58744023652998,0.136,0.048,2.46010355415483e-88,"MED7","Higher_in_BRCA1_tumour",0.088
1.8459910278856e-137,0.586867481633248,0.207,0.073,4.59005669083755e-133,"NCBP1","Higher_in_BRCA1_tumour",0.134
1.26921196354261e-222,0.58606711132036,0.489,0.208,3.15589554734871e-218,"ASH1L","Higher_in_BRCA1_tumour",0.281
2.95879612267632e-251,0.586045787503489,0.648,0.306,7.35704655903466e-247,"EIF2A","Higher_in_BRCA1_tumour",0.342
8.59031920020947e-122,0.584776788326838,0.187,0.067,2.13598286913208e-117,"VPS45","Higher_in_BRCA1_tumour",0.12
2.94575466022856e-239,0.583510114049271,0.495,0.207,7.32461896265831e-235,"JMJD1C","Higher_in_BRCA1_tumour",0.288
6.01710640599371e-80,0.583448194685904,0.12,0.043,1.49615350785034e-75,"ZNF16","Higher_in_BRCA1_tumour",0.077
1.37920809245243e-185,0.582810683585492,0.331,0.127,3.42940092188298e-181,"TMEM237","Higher_in_BRCA1_tumour",0.204
5.89755269515073e-105,0.582444622597895,0.163,0.059,1.46642647764923e-100,"REV3L","Higher_in_BRCA1_tumour",0.104
0,0.582257855276239,0.969,0.868,0,"SRP14","Higher_in_BRCA1_tumour",0.101
4.61634882125539e-231,0.58209280316548,0.699,0.353,1.14785513440515e-226,"ZCRB1","Higher_in_BRCA1_tumour",0.346
1.21091513537166e-32,0.581982182464778,0.12,0.066,3.01094048410163e-28,"SGO2","Higher_in_BRCA1_tumour",0.054
2.51532186400362e-176,0.581536219012797,0.332,0.133,6.25434781484499e-172,"KLHL24","Higher_in_BRCA1_tumour",0.199
3.7432415945956e-245,0.581042866600119,0.889,0.603,9.30757022496195e-241,"CCT6A","Higher_in_BRCA1_tumour",0.286
2.45757149964321e-79,0.580811980724957,0.124,0.046,6.11075153386285e-75,"SPATA13","Higher_in_BRCA1_tumour",0.078
2.83044720590953e-238,0.579463359369714,0.675,0.334,7.03790697749406e-234,"KXD1","Higher_in_BRCA1_tumour",0.341
9.49272354879936e-249,0.579204157385203,0.513,0.212,2.36036571040896e-244,"MAN1A2","Higher_in_BRCA1_tumour",0.301
3.88462280314927e-116,0.578882101008192,0.482,0.271,9.65911460003066e-112,"P4HA1","Higher_in_BRCA1_tumour",0.211
1.16411706815958e-141,0.578849863567556,0.221,0.08,2.89457708997879e-137,"ABCD3","Higher_in_BRCA1_tumour",0.141
4.52235392691789e-155,0.578732576648444,0.299,0.12,1.12448330392813e-150,"WDR41","Higher_in_BRCA1_tumour",0.179
0,0.578717810657593,0.994,0.987,0,"RPL15","Higher_in_BRCA1_tumour",0.00700000000000001
0,0.578204609932026,0.996,0.997,0,"RPS8","Higher_in_BRCA1_tumour",-0.001
6.48296942016369e-199,0.578073189194128,0.372,0.147,1.6119903463237e-194,"ROCK1","Higher_in_BRCA1_tumour",0.225
1.08847618174212e-96,0.577680353317602,0.178,0.071,2.70649602590179e-92,"USP3","Higher_in_BRCA1_tumour",0.107
1.79825929146316e-206,0.57767192781177,0.38,0.148,4.47137172822315e-202,"ECSIT","Higher_in_BRCA1_tumour",0.232
1.05195325153934e-162,0.577431029212779,0.28,0.107,2.61568175995256e-158,"DCAF6","Higher_in_BRCA1_tumour",0.173
2.74115457120511e-181,0.577195429067045,0.32,0.122,6.8158808413015e-177,"COPS7A","Higher_in_BRCA1_tumour",0.198
7.01938465157019e-104,0.575767364780307,0.143,0.048,1.74536999361293e-99,"RANBP17","Higher_in_BRCA1_tumour",0.095
9.78757381220799e-149,0.575465856902428,0.225,0.079,2.43368022840552e-144,"ZNF770","Higher_in_BRCA1_tumour",0.146
3.61616543364589e-205,0.575214836961367,0.464,0.201,8.9915953507605e-201,"SDF4","Higher_in_BRCA1_tumour",0.263
6.27945431271781e-89,0.574466049883715,0.124,0.042,1.56138631485728e-84,"ANKS1A","Higher_in_BRCA1_tumour",0.082
7.57815707166837e-236,0.574409418952814,0.733,0.386,1.88430875587034e-231,"NQO1","Higher_in_BRCA1_tumour",0.347
1.89625442494634e-122,0.574347544316881,0.178,0.062,4.71503662762908e-118,"DDX39B","Higher_in_BRCA1_tumour",0.116
1.46241979586824e-236,0.574218006283525,0.475,0.195,3.63630682242639e-232,"NCKAP1","Higher_in_BRCA1_tumour",0.28
5.46536765956291e-113,0.57289257679405,0.149,0.049,1.35896366855032e-108,"ZBTB1","Higher_in_BRCA1_tumour",0.1
2.37688053399155e-73,0.571679685672408,0.119,0.044,5.91011344776998e-69,"KAT2A","Higher_in_BRCA1_tumour",0.075
4.18754308279361e-67,0.571305893633442,0.108,0.04,1.04123258753663e-62,"ACACA","Higher_in_BRCA1_tumour",0.068
1.52465447566344e-234,0.57081004212644,0.562,0.25,3.79105335373713e-230,"SLC39A4","Higher_in_BRCA1_tumour",0.312
8.90898582672686e-209,0.570739283173947,0.416,0.168,2.21521932581563e-204,"USE1","Higher_in_BRCA1_tumour",0.248
6.31047472539779e-181,0.570391484572059,0.308,0.116,1.56909954047016e-176,"NOL8","Higher_in_BRCA1_tumour",0.192
5.28978364753992e-134,0.569908077673307,0.208,0.074,1.3153047039608e-129,"TRMT2A","Higher_in_BRCA1_tumour",0.134
1.45196982435604e-127,0.56977114121073,0.21,0.078,3.6103229682613e-123,"SLC35F6","Higher_in_BRCA1_tumour",0.132
1.96466111786679e-120,0.56943115657501,0.176,0.061,4.88512986957577e-116,"RPS6KA5","Higher_in_BRCA1_tumour",0.115
1.05121972468384e-155,0.569302184815431,0.327,0.138,2.61385784542637e-151,"SESTD1","Higher_in_BRCA1_tumour",0.189
8.88844762533865e-100,0.567923978159052,0.125,0.04,2.21011250204045e-95,"TRMO","Higher_in_BRCA1_tumour",0.085
5.83791354398999e-76,0.567843224313211,0.107,0.037,1.45159720271311e-71,"KIAA1551","Higher_in_BRCA1_tumour",0.07
7.74262909427109e-172,0.567713380043928,0.287,0.106,1.92520472429051e-167,"GPATCH2","Higher_in_BRCA1_tumour",0.181
3.63247344406461e-144,0.566844163661991,0.212,0.074,9.03214521866666e-140,"NADK","Higher_in_BRCA1_tumour",0.138
0,0.565926398920715,0.996,0.987,0,"UBA52","Higher_in_BRCA1_tumour",0.00900000000000001
3.38311777566574e-205,0.565865019445482,0.814,0.472,8.41212234919286e-201,"OSTC","Higher_in_BRCA1_tumour",0.342
0,0.565407460409533,0.956,0.756,0,"EIF3E","Higher_in_BRCA1_tumour",0.2
2.24976649227114e-113,0.565081124268703,0.173,0.062,5.59404438303218e-109,"ENC1","Higher_in_BRCA1_tumour",0.111
1.46069355385664e-109,0.564255500029486,0.189,0.073,3.63201452166454e-105,"TMEM181","Higher_in_BRCA1_tumour",0.116
1.22404484864157e-94,0.564249830016259,0.139,0.048,3.04358751614728e-90,"PPP3CB","Higher_in_BRCA1_tumour",0.091
2.2175195348076e-57,0.563969277504406,0.102,0.041,5.5138623232991e-53,"ISLR","Higher_in_BRCA1_tumour",0.061
4.04865848777168e-100,0.563921445810478,0.142,0.049,1.00669893298443e-95,"IPP","Higher_in_BRCA1_tumour",0.093
1.9258223029584e-130,0.563362184522754,0.194,0.068,4.78855715630605e-126,"PRKD3","Higher_in_BRCA1_tumour",0.126
5.40402196509618e-214,0.563175837796986,0.558,0.259,1.34371006162116e-209,"NOP58","Higher_in_BRCA1_tumour",0.299
1.50618879452799e-92,0.563037350688308,0.121,0.04,3.74513843759384e-88,"YPEL2","Higher_in_BRCA1_tumour",0.081
1.10544209977e-144,0.562858832124954,0.245,0.092,2.74868178107811e-140,"ZNF7","Higher_in_BRCA1_tumour",0.153
1.63114881739073e-184,0.562672478884164,0.487,0.226,4.05585153444206e-180,"RUVBL1","Higher_in_BRCA1_tumour",0.261
3.41312876745987e-94,0.562526089457778,0.163,0.063,8.48674468028897e-90,"MLLT6","Higher_in_BRCA1_tumour",0.1
1.06961620907885e-234,0.562455140428371,0.782,0.434,2.65960070387456e-230,"SRP72","Higher_in_BRCA1_tumour",0.348
5.95224406198734e-223,0.562411512182515,0.643,0.314,1.48002548601315e-218,"YIPF3","Higher_in_BRCA1_tumour",0.329
9.85381117134472e-99,0.562306421254736,0.171,0.066,2.45015014775487e-94,"XRN1","Higher_in_BRCA1_tumour",0.105
3.23264255134186e-90,0.561514054394801,0.129,0.045,8.03796570391154e-86,"GTF2A1","Higher_in_BRCA1_tumour",0.084
6.75320534939681e-169,0.561420890664523,0.268,0.097,1.67918451012752e-164,"TMEM107","Higher_in_BRCA1_tumour",0.171
6.66377250903845e-142,0.56119357899923,0.216,0.077,1.65694703437241e-137,"B3GALNT2","Higher_in_BRCA1_tumour",0.139
8.48123946411765e-74,0.560641554747959,0.13,0.051,2.10886019275285e-69,"IBTK","Higher_in_BRCA1_tumour",0.079
2.97944461365152e-107,0.560549483373671,0.183,0.07,7.40838903184451e-103,"PRLR","Higher_in_BRCA1_tumour",0.113
7.20314777395551e-183,0.560489611038745,0.312,0.117,1.79106269399404e-178,"AGO3","Higher_in_BRCA1_tumour",0.195
4.61695158247955e-69,0.559662240561507,0.105,0.038,1.14800501098354e-64,"CRY1","Higher_in_BRCA1_tumour",0.067
4.82784649484023e-153,0.559515917489696,0.237,0.085,1.20044403094202e-148,"DDB2","Higher_in_BRCA1_tumour",0.152
2.89307341082025e-150,0.558897280383505,0.235,0.085,7.19362703600456e-146,"TNK2","Higher_in_BRCA1_tumour",0.15
8.59222062224117e-135,0.558120608032791,0.211,0.076,2.13645565772027e-130,"NAB2","Higher_in_BRCA1_tumour",0.135
4.53600804959763e-146,0.55797310258491,0.242,0.09,1.12787840153245e-141,"HERC4","Higher_in_BRCA1_tumour",0.152
4.27078619710549e-131,0.55780813943709,0.177,0.058,1.06193098791028e-126,"PWWP2A","Higher_in_BRCA1_tumour",0.119
2.09835610777095e-108,0.557641354463438,0.14,0.045,5.21756246197246e-104,"UGGT1","Higher_in_BRCA1_tumour",0.095
3.12048845232234e-120,0.557402475891997,0.205,0.078,7.75909453669949e-116,"NUMB","Higher_in_BRCA1_tumour",0.127
1.07407620054389e-79,0.557046422476296,0.146,0.058,2.67069047265238e-75,"TSC22D2","Higher_in_BRCA1_tumour",0.088
4.00525132777944e-84,0.555306940982618,0.129,0.046,9.95905742652358e-80,"MLH1","Higher_in_BRCA1_tumour",0.083
2.01023078395e-192,0.554872440091212,0.402,0.168,4.99843884429167e-188,"UBE2H","Higher_in_BRCA1_tumour",0.234
1.65687647927985e-184,0.554581497432516,0.312,0.116,4.11982336572934e-180,"XXYLT1","Higher_in_BRCA1_tumour",0.196
2.81257117532419e-182,0.55453732643053,0.38,0.158,6.99345822744359e-178,"KDM5A","Higher_in_BRCA1_tumour",0.222
1.77053853077805e-209,0.554002394686253,0.839,0.528,4.40244405677962e-205,"PSMD2","Higher_in_BRCA1_tumour",0.311
3.17446582357474e-121,0.553517507444321,0.226,0.09,7.8933092703186e-117,"BMS1","Higher_in_BRCA1_tumour",0.136
2.39433745649193e-78,0.552987204066223,0.111,0.038,5.95352008556719e-74,"CGN","Higher_in_BRCA1_tumour",0.073
5.25168916262913e-205,0.552852242980856,0.504,0.226,1.30583251028773e-200,"PAIP1","Higher_in_BRCA1_tumour",0.278
1.39766414776193e-164,0.552563134089562,0.455,0.217,3.47529190341003e-160,"MIS18A","Higher_in_BRCA1_tumour",0.238
1.40818823100797e-72,0.552072660748273,0.1,0.034,3.50146003640131e-68,"RNPC3","Higher_in_BRCA1_tumour",0.066
1.01048698634002e-85,0.551980342897046,0.15,0.058,2.51257589153447e-81,"NPC1","Higher_in_BRCA1_tumour",0.092
1.72113142046162e-202,0.550552975992992,0.431,0.181,4.27959327697781e-198,"MFSD1","Higher_in_BRCA1_tumour",0.25
9.80241086740254e-160,0.549571522074595,0.303,0.12,2.43736946217964e-155,"SNX17","Higher_in_BRCA1_tumour",0.183
9.67804464218682e-168,0.54925784506038,0.297,0.114,2.40644580027975e-163,"RPE","Higher_in_BRCA1_tumour",0.183
3.35363141403013e-219,0.549212437476185,0.73,0.385,8.33880451098591e-215,"TIMM8B","Higher_in_BRCA1_tumour",0.345
4.71451808243352e-82,0.549187045060676,0.128,0.047,1.17226492119709e-77,"PRRG2","Higher_in_BRCA1_tumour",0.081
4.48598042419334e-204,0.548703424124296,0.41,0.167,1.11543903247567e-199,"VTI1B","Higher_in_BRCA1_tumour",0.243
2.35039073198926e-144,0.54766961835642,0.251,0.095,5.84424655509129e-140,"TRMT11","Higher_in_BRCA1_tumour",0.156
1.28291728028403e-113,0.546637817130851,0.187,0.07,3.18997381742625e-109,"MIB1","Higher_in_BRCA1_tumour",0.117
6.06893444759458e-276,0.546234004527987,0.963,0.922,1.50904055039439e-271,"FXYD3","Higher_in_BRCA1_tumour",0.0409999999999999
8.40827157865829e-171,0.545325808263021,0.346,0.142,2.09071672803338e-166,"RNF149","Higher_in_BRCA1_tumour",0.204
3.20196185532583e-183,0.545129276421069,0.378,0.156,7.96167815326766e-179,"RDH11","Higher_in_BRCA1_tumour",0.222
3.26449915221948e-185,0.543604917836817,0.332,0.127,8.11717714199374e-181,"DHX29","Higher_in_BRCA1_tumour",0.205
1.26687495683008e-170,0.543358881310179,0.304,0.116,3.150084580158e-166,"GPN1","Higher_in_BRCA1_tumour",0.188
3.0415902020165e-195,0.543269575732683,0.475,0.212,7.56291403731403e-191,"ATIC","Higher_in_BRCA1_tumour",0.263
1.98537442921521e-181,0.543094997448453,0.329,0.128,4.93663351824363e-177,"ATP6V1A","Higher_in_BRCA1_tumour",0.201
1.94931778551437e-98,0.542973069052154,0.159,0.059,4.84697867368149e-94,"YEATS2","Higher_in_BRCA1_tumour",0.1
2.48941925516447e-213,0.542565878073342,0.885,0.606,6.18994097796645e-209,"CCT4","Higher_in_BRCA1_tumour",0.279
7.6059734467528e-231,0.54244332667469,0.658,0.321,1.89122529753508e-226,"SF3A3","Higher_in_BRCA1_tumour",0.337
2.45228803664436e-188,0.542135238959241,0.797,0.491,6.09761420311621e-184,"HNRNPH3","Higher_in_BRCA1_tumour",0.306
4.66858028805849e-143,0.541786763994533,0.234,0.086,1.16084248862574e-138,"MRPS30","Higher_in_BRCA1_tumour",0.148
4.87899052928792e-154,0.540840510156727,0.29,0.115,1.21316099510744e-149,"TMEM101","Higher_in_BRCA1_tumour",0.175
7.46738108908986e-183,0.539993709951845,0.318,0.12,1.85676430780219e-178,"EDEM2","Higher_in_BRCA1_tumour",0.198
3.00596311335209e-204,0.539759744347456,0.434,0.181,7.47432728134998e-200,"NDUFA5","Higher_in_BRCA1_tumour",0.253
2.09242931663643e-215,0.538569666363276,0.705,0.372,5.20282549581648e-211,"TPR","Higher_in_BRCA1_tumour",0.333
5.08476948969898e-222,0.537722672368093,0.51,0.221,1.26432793361365e-217,"SHARPIN","Higher_in_BRCA1_tumour",0.289
3.3313456706165e-161,0.537641821161487,0.294,0.115,8.28339100998792e-157,"CREB3L4","Higher_in_BRCA1_tumour",0.179
5.0986518579124e-210,0.537369004199784,0.423,0.172,1.26777978446992e-205,"GNPTAB","Higher_in_BRCA1_tumour",0.251
1.49989329401174e-113,0.536756320424844,0.176,0.064,3.7294846755602e-109,"PHC3","Higher_in_BRCA1_tumour",0.112
1.42257904982965e-185,0.535520071126949,0.714,0.403,3.53724280740143e-181,"MRPL18","Higher_in_BRCA1_tumour",0.311
3.03596311736775e-180,0.535050931902814,0.323,0.124,7.54892229133492e-176,"DNAAF2","Higher_in_BRCA1_tumour",0.199
3.22586856115338e-227,0.53502008967205,0.855,0.518,8.02112217730787e-223,"SPCS1","Higher_in_BRCA1_tumour",0.337
2.58717955623573e-169,0.534940378309847,0.309,0.12,6.43302196658013e-165,"MED19","Higher_in_BRCA1_tumour",0.189
4.92846481847099e-242,0.534466174557023,0.509,0.211,1.22546277711281e-237,"DCUN1D1","Higher_in_BRCA1_tumour",0.298
9.18561870041507e-165,0.534313560198972,0.298,0.115,2.28400408985821e-160,"PI4KB","Higher_in_BRCA1_tumour",0.183
4.57199650905774e-202,0.534000292571777,0.472,0.205,1.13682693197721e-197,"MPHOSPH10","Higher_in_BRCA1_tumour",0.267
9.00375644248237e-163,0.533294804082261,0.277,0.105,2.23878403942324e-158,"USP9X","Higher_in_BRCA1_tumour",0.172
2.85151947547924e-230,0.532967125069307,0.549,0.244,7.09030317577913e-226,"ZNF22","Higher_in_BRCA1_tumour",0.305
2.43216971605634e-154,0.532840500521134,0.298,0.12,6.04758999897409e-150,"NPEPPS","Higher_in_BRCA1_tumour",0.178
6.81624186566103e-171,0.532829607414743,0.342,0.139,1.69485853989661e-166,"TAF2","Higher_in_BRCA1_tumour",0.203
1.08183787585929e-159,0.532671557514354,0.628,0.352,2.68998987832411e-155,"PSMG1","Higher_in_BRCA1_tumour",0.276
3.14933868363691e-88,0.53264658707725,0.143,0.053,7.83083063686317e-84,"ABLIM1","Higher_in_BRCA1_tumour",0.09
1.56068722531017e-224,0.532231664442002,0.755,0.409,3.88064878573374e-220,"COX14","Higher_in_BRCA1_tumour",0.346
6.50298069424906e-210,0.531588777859775,0.704,0.365,1.61696614962503e-205,"COPZ1","Higher_in_BRCA1_tumour",0.339
1.25363608154357e-143,0.531575707752641,0.237,0.088,3.1171661167581e-139,"ITSN2","Higher_in_BRCA1_tumour",0.149
4.77043208599058e-209,0.531511787118361,0.628,0.314,1.18616793818156e-204,"EXOSC3","Higher_in_BRCA1_tumour",0.314
3.3781931955678e-96,0.531175120169474,0.145,0.052,8.39987738077935e-92,"ZNF700","Higher_in_BRCA1_tumour",0.093
2.05308584271344e-96,0.529443144357379,0.129,0.042,5.10499794790696e-92,"MICU3","Higher_in_BRCA1_tumour",0.087
1.03731286058981e-160,0.529336643721795,0.288,0.111,2.57927842785657e-156,"MBTPS1","Higher_in_BRCA1_tumour",0.177
9.65176729288337e-212,0.529264353096411,0.465,0.198,2.39991193737545e-207,"ATG12","Higher_in_BRCA1_tumour",0.267
5.73014240893776e-103,0.528647241922458,0.194,0.078,1.42479990998238e-98,"ST3GAL6","Higher_in_BRCA1_tumour",0.116
1.64669276403573e-226,0.528574986242732,0.638,0.305,4.09450155777484e-222,"MRPL41","Higher_in_BRCA1_tumour",0.333
2.51822968490239e-283,0.528244905136134,0.995,0.992,6.26157811150979e-279,"S100A11","Higher_in_BRCA1_tumour",0.003
1.717036436592e-210,0.528221065297732,0.896,0.635,4.269411099586e-206,"BTG1","Higher_in_BRCA1_tumour",0.261
4.29853881902479e-124,0.528081365146794,0.218,0.084,1.06883167735052e-119,"B3GALNT1","Higher_in_BRCA1_tumour",0.134
6.66939545828989e-232,0.528054929788332,0.779,0.436,1.65834518070378e-227,"CYBA","Higher_in_BRCA1_tumour",0.343
7.66708101805312e-219,0.527647575063863,0.677,0.338,1.90641969513891e-214,"DDX24","Higher_in_BRCA1_tumour",0.339
3.05685904467348e-187,0.527593497022818,0.355,0.141,7.60088001458061e-183,"ABHD5","Higher_in_BRCA1_tumour",0.214
2.01958775075284e-237,0.527556113784676,0.748,0.406,5.02170494224695e-233,"NDRG2","Higher_in_BRCA1_tumour",0.342
2.68695650271942e-255,0.52733094268129,0.936,0.741,6.68111734401184e-251,"LDHB","Higher_in_BRCA1_tumour",0.195
2.00265061625888e-145,0.527330213415309,0.235,0.086,4.9795907573277e-141,"HOMER1","Higher_in_BRCA1_tumour",0.149
2.45407231958775e-164,0.525982754390282,0.31,0.122,6.10205082265494e-160,"MPV17","Higher_in_BRCA1_tumour",0.188
7.07061818205747e-214,0.525766462549296,0.333,0.118,1.75810921096859e-209,"SULT2B1","Higher_in_BRCA1_tumour",0.215
1.62994365359502e-200,0.525041636354074,0.339,0.127,4.05285489466402e-196,"TRIM2","Higher_in_BRCA1_tumour",0.212
1.02212524059596e-192,0.524392308421369,0.438,0.189,2.54151441074185e-188,"DYNC1H1","Higher_in_BRCA1_tumour",0.249
4.20156055234047e-171,0.523383074046497,0.673,0.377,1.04471803133946e-166,"DNASE2","Higher_in_BRCA1_tumour",0.296
2.4352799719397e-158,0.523346501026638,0.275,0.104,6.05532365022806e-154,"RARG","Higher_in_BRCA1_tumour",0.171
6.45638707988012e-212,0.522936705343447,0.563,0.259,1.60538064741219e-207,"CDC5L","Higher_in_BRCA1_tumour",0.304
3.89289344026889e-202,0.522533086274157,0.405,0.165,9.6796795392286e-198,"CD2AP","Higher_in_BRCA1_tumour",0.24
1.28195832112881e-194,0.522496446029374,0.503,0.229,3.18758936548678e-190,"EIF2S1","Higher_in_BRCA1_tumour",0.274
5.66853123050129e-16,0.522368861192419,0.108,0.07,1.40948029046415e-11,"IFIH1","Higher_in_BRCA1_tumour",0.038
2.50315287776146e-125,0.522065912036398,0.187,0.066,6.22408963055387e-121,"CDK11B","Higher_in_BRCA1_tumour",0.121
5.31366252992271e-114,0.52153302462365,0.164,0.056,1.32124218806528e-109,"AC097376.2","Higher_in_BRCA1_tumour",0.108
1.51575369189691e-200,0.521360273667086,0.403,0.163,3.76892155490167e-196,"ARV1","Higher_in_BRCA1_tumour",0.24
1.92951691008184e-124,0.52117898889937,0.194,0.07,4.79774379691851e-120,"KCTD3","Higher_in_BRCA1_tumour",0.124
1.42299937379039e-204,0.5211286266283,0.413,0.168,3.5382879429298e-200,"HIBADH","Higher_in_BRCA1_tumour",0.245
5.9825179116814e-117,0.520361647670462,0.194,0.072,1.48755307873958e-112,"REPS1","Higher_in_BRCA1_tumour",0.122
2.47141015094258e-99,0.520041206025998,0.157,0.057,6.14516134031873e-95,"DHRS11","Higher_in_BRCA1_tumour",0.1
7.63767348017424e-98,0.52001063062749,0.156,0.057,1.89910751084532e-93,"SUMF1","Higher_in_BRCA1_tumour",0.099
7.01587533354639e-93,0.519803297120572,0.141,0.05,1.74449740168631e-88,"MTREX","Higher_in_BRCA1_tumour",0.091
9.14079264915739e-114,0.518946315409785,0.202,0.078,2.27285809221298e-109,"PRR15L","Higher_in_BRCA1_tumour",0.124
3.44010348932165e-147,0.518639160946865,0.277,0.11,8.55381732619828e-143,"COIL","Higher_in_BRCA1_tumour",0.167
5.75919628063618e-176,0.51807353082791,0.333,0.131,1.43202415518019e-171,"C6orf203","Higher_in_BRCA1_tumour",0.202
5.31910331359774e-204,0.51748896291962,0.475,0.205,1.32259503892608e-199,"COMMD5","Higher_in_BRCA1_tumour",0.27
3.5118896776949e-92,0.517205696851441,0.13,0.044,8.73231368358837e-88,"SUGP1","Higher_in_BRCA1_tumour",0.086
7.26024105752624e-213,0.515955914106377,0.569,0.266,1.8052589389539e-208,"AHNAK","Higher_in_BRCA1_tumour",0.303
1.75705584800267e-92,0.515678120864731,0.122,0.04,4.36891936605863e-88,"SPATA6","Higher_in_BRCA1_tumour",0.082
7.85585727411083e-166,0.51500085074245,0.352,0.147,1.95335891120766e-161,"IMP4","Higher_in_BRCA1_tumour",0.205
1.96915949896678e-192,0.514279438716055,0.671,0.352,4.8963150941809e-188,"POLR2G","Higher_in_BRCA1_tumour",0.319
2.44245603233502e-130,0.514179558541878,0.246,0.098,6.07316692440103e-126,"TBRG1","Higher_in_BRCA1_tumour",0.148
1.56372138461674e-69,0.514048010504962,0.138,0.058,3.88819322284951e-65,"FBXO3","Higher_in_BRCA1_tumour",0.08
8.09338362974811e-196,0.513777897556089,0.627,0.315,2.01241983953687e-191,"BLOC1S1","Higher_in_BRCA1_tumour",0.312
5.12840997848017e-176,0.513452532088136,0.613,0.325,1.27517914114909e-171,"RFC4","Higher_in_BRCA1_tumour",0.288
8.72150279772711e-133,0.513321136166842,0.252,0.1,2.16860167065485e-128,"POLR1E","Higher_in_BRCA1_tumour",0.152
5.89148110082782e-121,0.512780687635276,0.197,0.072,1.46491677572084e-116,"ZNF562","Higher_in_BRCA1_tumour",0.125
2.61417971469173e-196,0.51193736293508,0.432,0.184,6.50015786058098e-192,"AKIRIN1","Higher_in_BRCA1_tumour",0.248
1.1604297896559e-198,0.51185772282567,0.695,0.367,2.8854086719794e-194,"FKBP4","Higher_in_BRCA1_tumour",0.328
1.1510725615944e-202,0.511197160465177,0.463,0.199,2.86214192440448e-198,"TTC14","Higher_in_BRCA1_tumour",0.264
7.19107173583866e-97,0.510485012509356,0.134,0.045,1.78805998711628e-92,"RBM41","Higher_in_BRCA1_tumour",0.089
1.92867289543326e-203,0.510356416812051,0.741,0.407,4.7956451544948e-199,"PAPOLA","Higher_in_BRCA1_tumour",0.334
9.44672808465462e-184,0.510057122261071,0.325,0.124,2.34892893824937e-179,"TRIM38","Higher_in_BRCA1_tumour",0.201
7.08997550039564e-185,0.509754100045009,0.761,0.451,1.76292240817338e-180,"AP3S1","Higher_in_BRCA1_tumour",0.31
3.90048236305337e-159,0.50968110068984,0.448,0.215,9.69854939573221e-155,"DHFR","Higher_in_BRCA1_tumour",0.233
8.21628998877695e-167,0.50953201539975,0.365,0.154,2.04298050570939e-162,"RAE1","Higher_in_BRCA1_tumour",0.211
1.01818715070553e-87,0.509165496204563,0.135,0.049,2.5317223502293e-83,"AL135925.1","Higher_in_BRCA1_tumour",0.086
1.03423382679497e-158,0.508921017866941,0.845,0.605,2.5716224103257e-154,"RBP1","Higher_in_BRCA1_tumour",0.24
3.42975758899708e-156,0.508862349111018,0.359,0.155,8.52809224504124e-152,"RRM1","Higher_in_BRCA1_tumour",0.204
3.57541201116351e-199,0.508101775491106,0.64,0.32,8.89026196575808e-195,"RFXANK","Higher_in_BRCA1_tumour",0.32
1.46091715730688e-163,0.507563842315851,0.312,0.124,3.63257051164356e-159,"RBM22","Higher_in_BRCA1_tumour",0.188
2.63927097597248e-207,0.507319592038743,0.901,0.679,6.56254728175557e-203,"SNRPF","Higher_in_BRCA1_tumour",0.222
6.40553858620537e-66,0.50662598342068,0.107,0.04,1.59273716945996e-61,"FBXL5","Higher_in_BRCA1_tumour",0.067
2.62223050851295e-232,0.506436181767003,0.454,0.181,6.52017615941745e-228,"PEX13","Higher_in_BRCA1_tumour",0.273
2.2915997006023e-83,0.506028971445629,0.135,0.05,5.69806265554762e-79,"SCRIB","Higher_in_BRCA1_tumour",0.085
6.43685317114698e-62,0.505414662560252,0.103,0.039,1.6005235410057e-57,"UGT8","Higher_in_BRCA1_tumour",0.064
4.20617485899831e-75,0.505353645929393,0.109,0.038,1.04586537868993e-70,"ZBTB5","Higher_in_BRCA1_tumour",0.071
1.84728787120466e-180,0.505278271049681,0.536,0.259,4.59328129175038e-176,"SSNA1","Higher_in_BRCA1_tumour",0.277
2.25974523248593e-181,0.504853208427211,0.412,0.176,5.61885652057626e-177,"STK25","Higher_in_BRCA1_tumour",0.236
4.35486947042411e-154,0.504680250427243,0.285,0.112,1.08283829382095e-149,"ESRRA","Higher_in_BRCA1_tumour",0.173
1.80171490313081e-127,0.50412652806529,0.209,0.077,4.47996410663476e-123,"FRMD8","Higher_in_BRCA1_tumour",0.132
1.55839919835728e-133,0.504033713722994,0.277,0.116,3.87495960671536e-129,"TRAPPC2B","Higher_in_BRCA1_tumour",0.161
1.99821051809527e-199,0.503880828155211,0.482,0.214,4.9685504532439e-195,"MAX","Higher_in_BRCA1_tumour",0.268
1.67423365002462e-67,0.503299454733328,0.102,0.036,4.16298197078621e-63,"ZDHHC14","Higher_in_BRCA1_tumour",0.066
5.34063548123675e-189,0.502856430661944,0.485,0.219,1.32794901240952e-184,"ISCA1","Higher_in_BRCA1_tumour",0.266
4.88613585815998e-166,0.502213482038345,0.324,0.131,1.21493768113148e-161,"ALG2","Higher_in_BRCA1_tumour",0.193
6.80076137638041e-187,0.502191996829176,0.905,0.682,1.69100931623699e-182,"NCL","Higher_in_BRCA1_tumour",0.223
1.1240307234435e-183,0.50212722868673,0.826,0.513,2.79490239384226e-179,"PSMD4","Higher_in_BRCA1_tumour",0.313
1.3835944942202e-73,0.501618659652997,0.115,0.042,3.44030770987852e-69,"ARHGAP12","Higher_in_BRCA1_tumour",0.073
3.54780503848935e-116,0.501260921329296,0.176,0.062,8.82161722820377e-112,"GSEC","Higher_in_BRCA1_tumour",0.114
2.36403519550693e-122,0.50084601861526,0.21,0.08,5.87817351362798e-118,"PHF11","Higher_in_BRCA1_tumour",0.13
2.87315698450131e-191,0.50020080707399,0.688,0.365,7.1441048419625e-187,"PARL","Higher_in_BRCA1_tumour",0.323
1.6074575193723e-47,0.499811498607329,0.33,0.22,3.99694312191922e-43,"IFI6","Higher_in_BRCA1_tumour",0.11
1.04321293276164e-81,0.499712548880462,0.135,0.051,2.59394895731181e-77,"GSR","Higher_in_BRCA1_tumour",0.084
1.59919308108488e-69,0.499691160298952,0.11,0.041,3.97639359611755e-65,"PRKACB","Higher_in_BRCA1_tumour",0.069
5.88185434468533e-60,0.499139971763988,0.107,0.042,1.46252308280601e-55,"NNT","Higher_in_BRCA1_tumour",0.065
4.92863833099632e-185,0.499127722943019,0.409,0.173,1.22550592100223e-180,"NIPSNAP1","Higher_in_BRCA1_tumour",0.236
3.92599910130687e-137,0.498825634671195,0.237,0.091,9.76199676539952e-133,"SLFN5","Higher_in_BRCA1_tumour",0.146
1.29051984212481e-201,0.497787601256627,0.44,0.185,3.20887758744333e-197,"SDF2","Higher_in_BRCA1_tumour",0.255
2.17598912678418e-133,0.497688604158796,0.213,0.078,5.41059696374885e-129,"PREPL","Higher_in_BRCA1_tumour",0.135
6.98940470345037e-180,0.497676552340131,0.518,0.245,1.73791547951294e-175,"NOSIP","Higher_in_BRCA1_tumour",0.273
1.32370359744591e-171,0.497201693847381,0.826,0.549,3.29138899504926e-167,"PA2G4","Higher_in_BRCA1_tumour",0.277
5.01823274764793e-227,0.496322307720882,0.654,0.313,1.24778357270266e-222,"ZRANB2","Higher_in_BRCA1_tumour",0.341
5.30758665462182e-176,0.496179740070327,0.439,0.196,1.31973142167172e-171,"UBE2J2","Higher_in_BRCA1_tumour",0.243
3.74633867764028e-187,0.495903374258031,0.426,0.182,9.31527112195255e-183,"DCPS","Higher_in_BRCA1_tumour",0.244
4.13288641164483e-109,0.495728086030904,0.184,0.069,1.02764220625549e-104,"RERE","Higher_in_BRCA1_tumour",0.115
1.18865768730384e-175,0.495680359090497,0.495,0.234,2.955597339481e-171,"NDUFAF4","Higher_in_BRCA1_tumour",0.261
1.94922368434561e-188,0.495183243710308,0.873,0.597,4.84674469112536e-184,"UQCRFS1","Higher_in_BRCA1_tumour",0.276
7.1153468829652e-68,0.494749809943805,0.1,0.035,1.7692310024493e-63,"KIAA1549","Higher_in_BRCA1_tumour",0.065
2.18433847090345e-117,0.494374264928286,0.234,0.096,5.43135760790143e-113,"CITED2","Higher_in_BRCA1_tumour",0.138
5.74147188399645e-90,0.494333329256842,0.137,0.049,1.42761698395572e-85,"ZNF623","Higher_in_BRCA1_tumour",0.088
1.09825926797993e-177,0.49318856603611,0.751,0.435,2.7308216698321e-173,"RAD23B","Higher_in_BRCA1_tumour",0.316
0,0.492668150924597,0.995,0.999,0,"RPS6","Higher_in_BRCA1_tumour",-0.004
3.48310812584792e-85,0.492180224366572,0.146,0.056,8.66074835492085e-81,"ZW10","Higher_in_BRCA1_tumour",0.09
2.42383017520909e-140,0.491345437294916,0.411,0.198,6.0268537306574e-136,"AGPAT2","Higher_in_BRCA1_tumour",0.213
2.83125077171695e-148,0.490580527127805,0.274,0.108,7.03990504387419e-144,"ALG14","Higher_in_BRCA1_tumour",0.166
1.03945613904481e-100,0.490054369754847,0.154,0.055,2.58460768973492e-96,"ZNF692","Higher_in_BRCA1_tumour",0.099
5.39244613234804e-125,0.489675545111992,0.242,0.097,1.34083173080834e-120,"CENPK","Higher_in_BRCA1_tumour",0.145
6.51459589905849e-61,0.488841921824274,0.102,0.039,1.61985427030089e-56,"GAL3ST4","Higher_in_BRCA1_tumour",0.063
1.13112203145189e-172,0.488802517871834,0.315,0.122,2.81253493120514e-168,"TMPRSS2","Higher_in_BRCA1_tumour",0.193
1.2673396888961e-83,0.488528375656337,0.144,0.055,3.15124013644015e-79,"MED26","Higher_in_BRCA1_tumour",0.089
6.50489857607967e-161,0.487746933964857,0.314,0.125,1.61744303094221e-156,"NUDT22","Higher_in_BRCA1_tumour",0.189
6.53409332475058e-126,0.487676359670673,0.267,0.111,1.62470230519923e-121,"GGA1","Higher_in_BRCA1_tumour",0.156
7.59308024734023e-91,0.486924347070228,0.156,0.059,1.88801940350115e-86,"TGFBR1","Higher_in_BRCA1_tumour",0.097
7.17847989762801e-178,0.486697544052389,0.376,0.157,1.78492902654521e-173,"CCDC6","Higher_in_BRCA1_tumour",0.219
4.11978840411472e-102,0.486599306668094,0.163,0.059,1.02438538668313e-97,"TMEM80","Higher_in_BRCA1_tumour",0.104
4.39253481813963e-159,0.486524328202669,0.859,0.58,1.09220378253042e-154,"HNRNPU","Higher_in_BRCA1_tumour",0.279
1.36298819772842e-105,0.486290827864593,0.344,0.172,3.38907015365172e-101,"CFLAR","Higher_in_BRCA1_tumour",0.172
3.74391365232495e-68,0.485902839231536,0.108,0.04,9.309241296506e-64,"WDSUB1","Higher_in_BRCA1_tumour",0.068
1.52318804480383e-150,0.485664640496625,0.255,0.095,3.78740707340473e-146,"FBXO27","Higher_in_BRCA1_tumour",0.16
8.21519358218224e-151,0.485577941464887,0.814,0.517,2.04270788420961e-146,"JPT1","Higher_in_BRCA1_tumour",0.297
1.8248692841221e-202,0.485287500024094,0.606,0.296,4.5375374749696e-198,"SKIL","Higher_in_BRCA1_tumour",0.31
2.18280574512069e-199,0.485223703207748,0.631,0.314,5.4275464852426e-195,"KPNB1","Higher_in_BRCA1_tumour",0.317
2.83711022007118e-185,0.485025760541509,0.402,0.168,7.05447456220698e-181,"CDC73","Higher_in_BRCA1_tumour",0.234
5.60317031083382e-81,0.484898093420031,0.137,0.052,1.39322829778883e-76,"VIM-AS1","Higher_in_BRCA1_tumour",0.085
6.67553978461799e-156,0.484176938922074,0.337,0.142,1.65987296744526e-151,"GPR180","Higher_in_BRCA1_tumour",0.195
1.94494503330073e-177,0.484099679985314,0.399,0.17,4.83610582530227e-173,"COPG1","Higher_in_BRCA1_tumour",0.229
5.39006434327206e-135,0.483339149125005,0.236,0.089,1.3402394989546e-130,"COQ3","Higher_in_BRCA1_tumour",0.147
3.67801479083579e-272,0.483067849365373,0.968,0.895,9.14538377741319e-268,"ATP5PF","Higher_in_BRCA1_tumour",0.073
2.38983963481582e-181,0.482874011800051,0.7,0.377,5.94233625196955e-177,"RWDD1","Higher_in_BRCA1_tumour",0.323
2.59543714602632e-188,0.482856493627534,0.393,0.162,6.45355446359445e-184,"SCYL1","Higher_in_BRCA1_tumour",0.231
2.47211626184776e-181,0.480596369625582,0.317,0.12,6.14691708508445e-177,"CCDC58","Higher_in_BRCA1_tumour",0.197
1.64963268172288e-156,0.480409885887777,0.311,0.126,4.10181166310394e-152,"APIP","Higher_in_BRCA1_tumour",0.185
1.41575880476775e-155,0.480272894346365,0.278,0.106,3.520284268055e-151,"SAFB2","Higher_in_BRCA1_tumour",0.172
1.54308596452725e-74,0.479502681493773,0.114,0.041,3.83688325079701e-70,"ZNF426","Higher_in_BRCA1_tumour",0.073
5.32838005417745e-88,0.479415892100992,0.123,0.042,1.32490170047122e-83,"NBPF19","Higher_in_BRCA1_tumour",0.081
1.12299250165293e-192,0.47912126797011,0.408,0.17,2.79232085536e-188,"SNHG19","Higher_in_BRCA1_tumour",0.238
1.20881401955257e-199,0.479112485606939,0.918,0.689,3.00571605961746e-195,"RAD23A","Higher_in_BRCA1_tumour",0.229
1.46747813315231e-197,0.479048475075031,0.847,0.522,3.64888437808321e-193,"MPC2","Higher_in_BRCA1_tumour",0.325
8.83943165944427e-152,0.478747964789114,0.267,0.102,2.19792468212082e-147,"DSCC1","Higher_in_BRCA1_tumour",0.165
1.03774323103118e-114,0.478579567161147,0.193,0.073,2.58034854395902e-110,"TRAPPC12","Higher_in_BRCA1_tumour",0.12
1.08027679614199e-115,0.478298445222196,0.162,0.055,2.68610825360706e-111,"NFXL1","Higher_in_BRCA1_tumour",0.107
2.95691092209857e-137,0.477596240323364,0.226,0.083,7.35235900779809e-133,"N4BP2L1","Higher_in_BRCA1_tumour",0.143
1.49995372931822e-114,0.477066120294661,0.25,0.107,3.72963494794975e-110,"PPID","Higher_in_BRCA1_tumour",0.143
1.68084538281342e-58,0.476705895804078,0.102,0.04,4.17942204436558e-54,"TP53I3","Higher_in_BRCA1_tumour",0.062
3.90863772943614e-211,0.476254436397372,0.941,0.753,9.71882771424296e-207,"HNRNPA3","Higher_in_BRCA1_tumour",0.188
7.07738135073398e-84,0.475693337385921,0.15,0.059,1.75979087286e-79,"VARS","Higher_in_BRCA1_tumour",0.091
3.70408261293155e-189,0.475619917001164,0.547,0.262,9.2102014170543e-185,"ARL6IP6","Higher_in_BRCA1_tumour",0.285
8.8395826402816e-130,0.475602326827665,0.222,0.084,2.19796222350602e-125,"PTER","Higher_in_BRCA1_tumour",0.138
4.83776983586394e-73,0.475596151488443,0.126,0.048,1.20291146968757e-68,"PPTC7","Higher_in_BRCA1_tumour",0.078
9.29149434540073e-196,0.475526816680642,0.686,0.358,2.31033006898389e-191,"LSM8","Higher_in_BRCA1_tumour",0.328
2.81724711583349e-163,0.474982113617882,0.788,0.487,7.00508495351996e-159,"DPM1","Higher_in_BRCA1_tumour",0.301
2.43841019268473e-74,0.47491319442214,0.118,0.044,6.06310694411058e-70,"CCNT1","Higher_in_BRCA1_tumour",0.074
4.63222358735714e-165,0.474460201300142,0.785,0.488,1.15180239499635e-160,"ADI1","Higher_in_BRCA1_tumour",0.297
3.02856366817508e-198,0.474354213793621,0.533,0.243,7.53052356091733e-194,"DDX49","Higher_in_BRCA1_tumour",0.29
8.82878568401086e-158,0.473474023102439,0.29,0.113,2.1952775603293e-153,"AGPAT1","Higher_in_BRCA1_tumour",0.177
4.65163400097797e-256,0.471995067132903,0.948,0.79,1.15662879434317e-251,"CUTA","Higher_in_BRCA1_tumour",0.158
2.28195896262213e-183,0.470713479708709,0.403,0.17,5.67409096055993e-179,"OTUB1","Higher_in_BRCA1_tumour",0.233
4.46111235353492e-166,0.469810039267932,0.459,0.214,1.10925558670646e-161,"OS9","Higher_in_BRCA1_tumour",0.245
1.44435941064499e-158,0.469229813023948,0.974,0.885,3.59139967456878e-154,"HMGB1","Higher_in_BRCA1_tumour",0.089
3.74482002265859e-160,0.466644864180257,0.713,0.409,9.31149498634059e-156,"GTF3C6","Higher_in_BRCA1_tumour",0.304
1.21406048077572e-113,0.466467378292741,0.205,0.08,3.01876138544883e-109,"AC118549.1","Higher_in_BRCA1_tumour",0.125
1.92904039999776e-126,0.466296589816804,0.211,0.078,4.79655895459443e-122,"RNF219","Higher_in_BRCA1_tumour",0.133
2.110659679197e-94,0.465941109432446,0.181,0.073,5.24815529232334e-90,"PCDHB2","Higher_in_BRCA1_tumour",0.108
3.45468349962605e-170,0.463291390584964,0.52,0.25,8.59007052182017e-166,"PHPT1","Higher_in_BRCA1_tumour",0.27
1.56630869111269e-74,0.462887564416074,0.107,0.037,3.89462656045169e-70,"MEMO1","Higher_in_BRCA1_tumour",0.07
6.47639351009567e-154,0.462462412038208,0.829,0.594,1.61035524628529e-149,"MYC","Higher_in_BRCA1_tumour",0.235
4.50150605354965e-192,0.462324185998486,0.939,0.757,1.11929948021512e-187,"POMP","Higher_in_BRCA1_tumour",0.182
1.78311950226783e-197,0.461934309625228,0.653,0.33,4.43372664238896e-193,"USP16","Higher_in_BRCA1_tumour",0.323
4.11026535226967e-163,0.461433115426205,0.406,0.18,1.02201747984185e-158,"QARS","Higher_in_BRCA1_tumour",0.226
2.32809257503715e-205,0.461318367484888,0.536,0.241,5.78880218782988e-201,"TDG","Higher_in_BRCA1_tumour",0.295
6.45556139547161e-78,0.46084012263825,0.132,0.05,1.60517534098402e-73,"DZIP1","Higher_in_BRCA1_tumour",0.082
1.24431412236038e-70,0.460801230821123,0.114,0.043,3.09398706524908e-66,"SYMPK","Higher_in_BRCA1_tumour",0.071
3.45601280610581e-187,0.460484476405122,0.925,0.696,8.59337584238211e-183,"TECR","Higher_in_BRCA1_tumour",0.229
2.07616315010036e-64,0.460410267344727,0.102,0.037,5.16237967272456e-60,"ZNF823","Higher_in_BRCA1_tumour",0.065
2.10413821232458e-160,0.460353620238378,0.65,0.349,5.23193966494507e-156,"TIMM17A","Higher_in_BRCA1_tumour",0.301
5.14153326024255e-74,0.459563843602671,0.102,0.034,1.27844224515931e-69,"DYRK3","Higher_in_BRCA1_tumour",0.068
2.02636160377814e-136,0.4593299619411,0.244,0.094,5.03854812779435e-132,"IQCB1","Higher_in_BRCA1_tumour",0.15
2.11356540011327e-165,0.458490501658952,0.313,0.123,5.25538036738164e-161,"PBRM1","Higher_in_BRCA1_tumour",0.19
3.73373493806371e-202,0.458355164777224,0.744,0.41,9.28393192349543e-198,"PTTG1IP","Higher_in_BRCA1_tumour",0.334
1.79981678379775e-151,0.457018850519779,0.298,0.12,4.4752444329131e-147,"GPATCH8","Higher_in_BRCA1_tumour",0.178
2.45715802099234e-160,0.456980252117789,0.364,0.156,6.10972341919745e-156,"LBR","Higher_in_BRCA1_tumour",0.208
2.3196134889022e-131,0.456768064225546,0.295,0.126,5.76771894015533e-127,"PGD","Higher_in_BRCA1_tumour",0.169
3.19132161580153e-108,0.456646251862078,0.222,0.092,7.93522119769051e-104,"RIT1","Higher_in_BRCA1_tumour",0.13
2.73944528990012e-138,0.455987697622433,0.262,0.104,6.81163071333665e-134,"PTPA","Higher_in_BRCA1_tumour",0.158
3.54036195997735e-183,0.45547168484064,0.34,0.132,8.80311001348369e-179,"CASP8AP2","Higher_in_BRCA1_tumour",0.208
6.78330474396474e-178,0.4552131267377,0.416,0.181,1.68666872458683e-173,"CHIC2","Higher_in_BRCA1_tumour",0.235
6.24208829088731e-180,0.455087673593694,0.394,0.165,1.55209525352913e-175,"SLC25A36","Higher_in_BRCA1_tumour",0.229
1.57918653905579e-92,0.45484235191394,0.24,0.111,3.92664732936222e-88,"MARCH3","Higher_in_BRCA1_tumour",0.129
3.58842365226512e-82,0.454423985467829,0.164,0.068,8.92261541135723e-78,"NXF1","Higher_in_BRCA1_tumour",0.096
3.40175881364213e-107,0.45437604588146,0.159,0.055,8.45847329012116e-103,"NDUFAF1","Higher_in_BRCA1_tumour",0.104
2.06833285852302e-167,0.45388399016286,0.359,0.15,5.1429096527175e-163,"POLR1C","Higher_in_BRCA1_tumour",0.209
2.13283020009122e-173,0.453557251997874,0.46,0.211,5.30328229252681e-169,"LMCD1","Higher_in_BRCA1_tumour",0.249
3.97330102871792e-173,0.453334347695832,0.375,0.158,9.87961300790711e-169,"GGPS1","Higher_in_BRCA1_tumour",0.217
0,0.4530277886637,0.992,0.986,0,"UQCRH","Higher_in_BRCA1_tumour",0.00600000000000001
1.44614528691036e-102,0.45271051729746,0.166,0.061,3.59584025590262e-98,"ZFP14","Higher_in_BRCA1_tumour",0.105
8.15668837550517e-179,0.451403324647291,0.689,0.368,2.02816056456936e-174,"STX10","Higher_in_BRCA1_tumour",0.321
0,0.451049609067799,0.999,0.999,0,"RPS27A","Higher_in_BRCA1_tumour",0
3.50259613006658e-159,0.450929384465887,0.756,0.445,8.70920527741055e-155,"ARPC5L","Higher_in_BRCA1_tumour",0.311
1.79315079954689e-180,0.450867812847604,0.668,0.35,4.45866946307334e-176,"ERGIC2","Higher_in_BRCA1_tumour",0.318
1.58082476014311e-174,0.450563280937798,0.421,0.185,3.93072076609585e-170,"SWI5","Higher_in_BRCA1_tumour",0.236
3.00697176527865e-105,0.450360565067057,0.182,0.069,7.47683529436536e-101,"ATG10","Higher_in_BRCA1_tumour",0.113
1.02290469152211e-174,0.44974470353744,0.382,0.161,2.54345251546973e-170,"ZBTB20","Higher_in_BRCA1_tumour",0.221
1.17361456682413e-201,0.449238029067725,0.736,0.398,2.9181926204082e-197,"PNN","Higher_in_BRCA1_tumour",0.338
3.97698614728325e-175,0.448212439750424,0.637,0.332,9.88877605521981e-171,"MLEC","Higher_in_BRCA1_tumour",0.305
2.6827193661268e-127,0.447164095400423,0.249,0.101,6.67058170387428e-123,"ASCC1","Higher_in_BRCA1_tumour",0.148
7.71698754441287e-85,0.447028544052982,0.17,0.07,1.91882895291826e-80,"NGLY1","Higher_in_BRCA1_tumour",0.1
6.40897615988669e-168,0.446908532181478,0.917,0.719,1.59359192215583e-163,"CYC1","Higher_in_BRCA1_tumour",0.198
5.81614191514785e-178,0.446639117762971,0.579,0.286,1.44618368720151e-173,"GNL2","Higher_in_BRCA1_tumour",0.293
1.6776330086848e-155,0.446616464194759,0.354,0.152,4.17143447609475e-151,"ARID1B","Higher_in_BRCA1_tumour",0.202
0,0.445804936540559,0.98,0.967,0,"RPL31","Higher_in_BRCA1_tumour",0.013
5.48051165890943e-180,0.445422178850525,0.849,0.538,1.36272922398783e-175,"CSDE1","Higher_in_BRCA1_tumour",0.311
1.6979150774317e-149,0.445321980732667,0.753,0.454,4.22186584003391e-145,"PHB","Higher_in_BRCA1_tumour",0.299
7.76771020495399e-54,0.445018701152053,0.133,0.061,1.93144114246181e-49,"CKAP5","Higher_in_BRCA1_tumour",0.072
7.30406396450506e-127,0.444912132629883,0.258,0.106,1.81615550477418e-122,"WDR74","Higher_in_BRCA1_tumour",0.152
4.92336700565072e-156,0.444772108513868,0.356,0.153,1.22419520595505e-151,"AASDHPPT","Higher_in_BRCA1_tumour",0.203
4.97811669428484e-151,0.443727605556824,0.423,0.197,1.23780871603392e-146,"STIP1","Higher_in_BRCA1_tumour",0.226
2.75842059912727e-150,0.443045802729694,0.327,0.138,6.85881281972996e-146,"MSH2","Higher_in_BRCA1_tumour",0.189
7.5967597725382e-159,0.442933223760481,0.361,0.155,1.88893431744162e-154,"PRPF19","Higher_in_BRCA1_tumour",0.206
1.81150894302106e-70,0.442809393304079,0.113,0.042,4.50431698682186e-66,"CERS5","Higher_in_BRCA1_tumour",0.071
0,0.442764596637256,0.997,0.998,0,"RPL7","Higher_in_BRCA1_tumour",-0.001
5.45971312477556e-138,0.442756651651479,0.222,0.081,1.35755766847544e-133,"DAPK1","Higher_in_BRCA1_tumour",0.141
1.11841670073753e-193,0.442638488032288,0.578,0.275,2.78094312638387e-189,"CCDC59","Higher_in_BRCA1_tumour",0.303
3.65545376463521e-67,0.442472433232743,0.12,0.047,9.08928578576546e-63,"ADCK5","Higher_in_BRCA1_tumour",0.073
7.08655183422239e-74,0.442026843717658,0.116,0.042,1.7620711135794e-69,"USP37","Higher_in_BRCA1_tumour",0.074
2.41029765048947e-101,0.441444940947727,0.255,0.115,5.99320510794206e-97,"PNPT1","Higher_in_BRCA1_tumour",0.14
2.13814486450018e-153,0.441029235576814,0.336,0.142,5.3164972055797e-149,"C18orf21","Higher_in_BRCA1_tumour",0.194
1.25991502125976e-136,0.440821626568749,0.365,0.167,3.1327787003624e-132,"GMDS","Higher_in_BRCA1_tumour",0.198
1.75787809330272e-65,0.44070294985416,0.115,0.045,4.37096387899722e-61,"SSH2","Higher_in_BRCA1_tumour",0.07
1.77740777126351e-67,0.43984406528502,0.129,0.052,4.41952442324672e-63,"PKN1","Higher_in_BRCA1_tumour",0.077
3.28893874450401e-135,0.439427505241655,0.264,0.106,8.17794618820922e-131,"CTTNBP2NL","Higher_in_BRCA1_tumour",0.158
4.11849040063389e-111,0.439383351000454,0.192,0.073,1.02406263811762e-106,"RPAP3","Higher_in_BRCA1_tumour",0.119
8.12466671003539e-172,0.437886080945201,0.893,0.629,2.0201983774503e-167,"PHGDH","Higher_in_BRCA1_tumour",0.264
8.32544331947432e-147,0.437827957039013,0.441,0.213,2.07012148138729e-142,"HIST3H2A","Higher_in_BRCA1_tumour",0.228
2.31146268380727e-53,0.436921525759393,0.178,0.092,5.74745196328677e-49,"PARP9","Higher_in_BRCA1_tumour",0.086
3.35880543371219e-79,0.435151722718085,0.156,0.064,8.35166971092536e-75,"IL6ST","Higher_in_BRCA1_tumour",0.092
7.79483054067485e-199,0.435046179502727,0.627,0.31,1.9381846139388e-194,"PTBP3","Higher_in_BRCA1_tumour",0.317
1.19594807865661e-171,0.434338510395949,0.563,0.279,2.97372489757966e-167,"EMC3","Higher_in_BRCA1_tumour",0.284
2.94954899568466e-77,0.43425957909629,0.13,0.05,7.33405357776991e-73,"MYSM1","Higher_in_BRCA1_tumour",0.08
3.08260230058114e-75,0.433998268944085,0.113,0.04,7.66489062039499e-71,"NAA16","Higher_in_BRCA1_tumour",0.073
4.29318589003032e-130,0.433873378042372,0.218,0.081,1.06750067155604e-125,"SMARCD1","Higher_in_BRCA1_tumour",0.137
4.14583622523214e-172,0.433638005270922,0.401,0.173,1.03086217740397e-167,"C1orf123","Higher_in_BRCA1_tumour",0.228
1.81644402874143e-39,0.432838796882629,0.1,0.047,4.51658807746557e-35,"NR1D2","Higher_in_BRCA1_tumour",0.053
4.2488457999037e-109,0.429785916937156,0.223,0.093,1.05647550814605e-104,"ERF","Higher_in_BRCA1_tumour",0.13
3.31266454974265e-159,0.428843353507,0.778,0.472,8.23694040293511e-155,"MEAF6","Higher_in_BRCA1_tumour",0.306
8.34481733699313e-113,0.428734314619142,0.214,0.085,2.07493883084334e-108,"THEM4","Higher_in_BRCA1_tumour",0.129
9.00406480747187e-63,0.428455618802617,0.108,0.042,2.23886071437788e-58,"TSGA10","Higher_in_BRCA1_tumour",0.066
0,0.428052365944769,0.991,0.955,0,"RPL14","Higher_in_BRCA1_tumour",0.036
3.5657976614225e-156,0.427890611161408,0.487,0.235,8.86635588512705e-152,"SEPHS1","Higher_in_BRCA1_tumour",0.252
0,0.427640784846617,0.991,0.98,0,"RPLP0","Higher_in_BRCA1_tumour",0.011
9.46267677666752e-66,0.427572230649218,0.119,0.047,2.35289458051838e-61,"INTS7","Higher_in_BRCA1_tumour",0.072
1.96854468235886e-161,0.427203121909096,0.883,0.616,4.89478635268531e-157,"BANF1","Higher_in_BRCA1_tumour",0.267
9.3052009470411e-102,0.426501317286214,0.196,0.078,2.31373821548177e-97,"TRIM14","Higher_in_BRCA1_tumour",0.118
1.65411910543603e-146,0.42646642288083,0.5,0.251,4.11296715566669e-142,"GAR1","Higher_in_BRCA1_tumour",0.249
3.84377902425077e-176,0.426255189063656,0.503,0.233,9.55755654379955e-172,"MRPL27","Higher_in_BRCA1_tumour",0.27
5.82297797567687e-90,0.425060678015095,0.165,0.065,1.44788347365205e-85,"RABGAP1","Higher_in_BRCA1_tumour",0.1
1.2088950917545e-172,0.424914890401371,0.54,0.261,3.00591764564757e-168,"MTX2","Higher_in_BRCA1_tumour",0.279
0,0.424889101282471,0.991,0.979,0,"RPS13","Higher_in_BRCA1_tumour",0.012
2.38116668210616e-134,0.424737624774031,0.272,0.111,5.92077095505697e-130,"MYCBP","Higher_in_BRCA1_tumour",0.161
2.0223884565626e-156,0.424519176559192,0.382,0.169,5.02866889724291e-152,"SEPT11","Higher_in_BRCA1_tumour",0.213
4.76374088945304e-47,0.424309622781445,0.105,0.047,1.1845041721625e-42,"CTSS","Higher_in_BRCA1_tumour",0.058
8.01300231985752e-132,0.42419287111857,0.292,0.125,1.99243302683257e-127,"IFT27","Higher_in_BRCA1_tumour",0.167
5.03065799724935e-68,0.424157100217072,0.131,0.053,1.25087311101605e-63,"MAP3K1","Higher_in_BRCA1_tumour",0.078
2.78677828743873e-90,0.423758738327443,0.142,0.052,6.9293242117164e-86,"RC3H2","Higher_in_BRCA1_tumour",0.09
7.07121964971092e-74,0.423516390621131,0.14,0.057,1.75825876590062e-69,"KDM3A","Higher_in_BRCA1_tumour",0.083
1.4206586672053e-139,0.423381025773271,0.789,0.506,3.53246777600599e-135,"C1QBP","Higher_in_BRCA1_tumour",0.283
2.94364660605381e-164,0.423350752051097,0.37,0.158,7.31937728595279e-160,"ACSL3","Higher_in_BRCA1_tumour",0.212
5.20618729571597e-93,0.422426639127669,0.177,0.071,1.29451847107978e-88,"DPH7","Higher_in_BRCA1_tumour",0.106
1.37553694286388e-132,0.419726384381867,0.31,0.135,3.42027260843104e-128,"GPN3","Higher_in_BRCA1_tumour",0.175
6.75256766456422e-131,0.419261392028619,0.227,0.086,1.67902594979389e-126,"SFSWAP","Higher_in_BRCA1_tumour",0.141
6.39869582463298e-89,0.419191841895131,0.169,0.068,1.59103571679499e-84,"C6orf106","Higher_in_BRCA1_tumour",0.101
3.42118785179653e-104,0.418788757108937,0.189,0.074,8.50678359349206e-100,"TBC1D15","Higher_in_BRCA1_tumour",0.115
1.81101863227402e-57,0.418408524771424,0.102,0.04,4.50309782914936e-53,"DNASE1","Higher_in_BRCA1_tumour",0.062
1.70956065621374e-122,0.41834112771193,0.214,0.081,4.25082257167545e-118,"ARHGAP32","Higher_in_BRCA1_tumour",0.133
1.14448188892935e-87,0.418212932831143,0.156,0.061,2.84575421682283e-83,"SEL1L","Higher_in_BRCA1_tumour",0.095
2.44125503369589e-98,0.418020994014706,0.167,0.063,6.07018064128483e-94,"ADARB1","Higher_in_BRCA1_tumour",0.104
4.251424342449e-173,0.416531416934284,0.519,0.245,1.05711666274994e-168,"EIF2AK1","Higher_in_BRCA1_tumour",0.274
2.20796857859041e-134,0.415954145082974,0.779,0.508,5.49011387066504e-130,"ZFP36","Higher_in_BRCA1_tumour",0.271
6.35289138925348e-170,0.415840269985921,0.44,0.198,1.57964644393788e-165,"NAGK","Higher_in_BRCA1_tumour",0.242
1.00473537239268e-134,0.41558479501474,0.276,0.113,2.49827450345439e-130,"NIPBL","Higher_in_BRCA1_tumour",0.163
2.98355548251096e-177,0.413464420669549,0.482,0.219,7.41861070726349e-173,"PHF6","Higher_in_BRCA1_tumour",0.263
4.0826627210603e-157,0.413380048451385,0.455,0.215,1.01515408559164e-152,"FOXC1","Higher_in_BRCA1_tumour",0.24
4.78999210754201e-80,0.413370372256887,0.133,0.05,1.19103153754032e-75,"ZNF493","Higher_in_BRCA1_tumour",0.083
6.91430605797588e-171,0.41328019278041,0.502,0.236,1.7192422013157e-166,"YTHDC1","Higher_in_BRCA1_tumour",0.266
4.63528864446027e-69,0.412964939503293,0.151,0.066,1.15256452144505e-64,"STAT2","Higher_in_BRCA1_tumour",0.085
3.31010591048123e-157,0.412916375852479,0.423,0.194,8.23057834641158e-153,"AAMP","Higher_in_BRCA1_tumour",0.229
4.86277490289387e-108,0.412848010652239,0.203,0.08,1.20912897960456e-103,"PCCB","Higher_in_BRCA1_tumour",0.123
1.02623191030697e-102,0.412221834640872,0.196,0.079,2.55172564497829e-98,"RAB29","Higher_in_BRCA1_tumour",0.117
2.76769971584637e-153,0.412193131244315,0.924,0.698,6.88188534345201e-149,"COX8A","Higher_in_BRCA1_tumour",0.226
4.80200098684419e-125,0.411479176852565,0.351,0.165,1.19401754537881e-120,"SEC31A","Higher_in_BRCA1_tumour",0.186
6.49143603562836e-140,0.411314653171186,0.309,0.131,1.61409557025899e-135,"NUP54","Higher_in_BRCA1_tumour",0.178
1.01738276384953e-80,0.410918719509713,0.149,0.06,2.52972224231184e-76,"SMPDL3B","Higher_in_BRCA1_tumour",0.089
1.56003101847348e-64,0.410904915227399,0.112,0.043,3.87901712743431e-60,"CNOT6","Higher_in_BRCA1_tumour",0.069
5.73503051558523e-88,0.410665441345682,0.71,0.466,1.42601533770027e-83,"FAM162A","Higher_in_BRCA1_tumour",0.244
2.86223871994831e-134,0.41022739586237,0.238,0.091,7.11695657715149e-130,"CDK2","Higher_in_BRCA1_tumour",0.147
3.03530598731878e-68,0.409710261299915,0.103,0.037,7.54728833746814e-64,"SAMD8","Higher_in_BRCA1_tumour",0.066
2.54313421585454e-69,0.409497458232464,0.139,0.058,6.32350322772231e-65,"ANKZF1","Higher_in_BRCA1_tumour",0.081
4.25259784397475e-178,0.409311533538943,0.615,0.311,1.05740845390432e-173,"TFAM","Higher_in_BRCA1_tumour",0.304
9.95720997308957e-124,0.408351239132783,0.797,0.491,2.47586025980872e-119,"ANXA5","Higher_in_BRCA1_tumour",0.306
1.40236850003551e-94,0.407944061689545,0.173,0.068,3.4869892753383e-90,"E2F6","Higher_in_BRCA1_tumour",0.105
1.30229907649334e-153,0.407885155371676,0.817,0.51,3.2381666537007e-149,"STMP1","Higher_in_BRCA1_tumour",0.307
1.18677721028869e-108,0.407757299847813,0.246,0.107,2.95092153338283e-104,"INSIG2","Higher_in_BRCA1_tumour",0.139
3.24073970222948e-60,0.407659440204426,0.116,0.048,8.0580992695936e-56,"NUFIP1","Higher_in_BRCA1_tumour",0.068
1.08602689474182e-137,0.407289990085002,0.873,0.63,2.70040587377553e-133,"SUMO3","Higher_in_BRCA1_tumour",0.243
1.13661676558074e-82,0.407257017227903,0.153,0.061,2.82619758761652e-78,"EDEM3","Higher_in_BRCA1_tumour",0.092
1.49475577394595e-152,0.406987759245307,0.574,0.3,3.7167102319166e-148,"ERG28","Higher_in_BRCA1_tumour",0.274
3.05453370688353e-81,0.406744482292108,0.145,0.057,7.59509806216591e-77,"CEP104","Higher_in_BRCA1_tumour",0.088
3.60357878147806e-160,0.406571492819576,0.676,0.365,8.9602986401452e-156,"METTL5","Higher_in_BRCA1_tumour",0.311
3.01222314353744e-150,0.406438087101992,0.727,0.419,7.48989284640585e-146,"CAST","Higher_in_BRCA1_tumour",0.308
5.27208326407395e-70,0.4061804206495,0.128,0.05,1.31090350361199e-65,"BCL2","Higher_in_BRCA1_tumour",0.078
8.79829695222283e-132,0.405549520168009,0.285,0.119,2.18769653717021e-127,"MTIF2","Higher_in_BRCA1_tumour",0.166
6.41118774255991e-142,0.405382713233647,0.287,0.117,1.59414183218752e-137,"COX11","Higher_in_BRCA1_tumour",0.17
3.31243563683611e-135,0.404022284649202,0.302,0.129,8.236371210993e-131,"WIZ","Higher_in_BRCA1_tumour",0.173
8.76012993426851e-156,0.403224547148253,0.446,0.211,2.17820630815586e-151,"FEN1","Higher_in_BRCA1_tumour",0.235
4.13970463388918e-140,0.402451772735941,0.865,0.611,1.02933755721654e-135,"SNRPB","Higher_in_BRCA1_tumour",0.254
6.04263965830883e-75,0.402393587287598,0.127,0.049,1.50250235103849e-70,"RASSF10","Higher_in_BRCA1_tumour",0.078
1.51795537003688e-109,0.401969687767348,0.228,0.094,3.7743960275967e-105,"COPS4","Higher_in_BRCA1_tumour",0.134
4.03184447825923e-115,0.401429867156241,0.254,0.108,1.00251812951916e-110,"PSME3","Higher_in_BRCA1_tumour",0.146
1.04983985603248e-109,0.399487702081175,0.382,0.196,2.61042680202475e-105,"DDIT3","Higher_in_BRCA1_tumour",0.186
7.540707786925e-126,0.399256943011087,0.25,0.101,1.8749969912189e-121,"GPRC5C","Higher_in_BRCA1_tumour",0.149
2.84825839451595e-158,0.399106163437142,0.908,0.691,7.08219449796391e-154,"PDCD6","Higher_in_BRCA1_tumour",0.217
3.16947611613489e-162,0.398967740855481,0.376,0.163,7.8809023627694e-158,"PALMD","Higher_in_BRCA1_tumour",0.213
3.46392762592643e-161,0.398734324657521,0.328,0.133,8.61305604186607e-157,"UBE3A","Higher_in_BRCA1_tumour",0.195
1.27185340691513e-173,0.398488097693943,0.577,0.286,3.16246349629447e-169,"ADSS","Higher_in_BRCA1_tumour",0.291
1.90288239260446e-157,0.397590870965413,0.334,0.138,4.73151706921099e-153,"C12orf45","Higher_in_BRCA1_tumour",0.196
7.69239918100839e-162,0.397473542918782,0.461,0.214,1.91271505635774e-157,"PRCC","Higher_in_BRCA1_tumour",0.247
2.01411386955661e-98,0.397335052897579,0.149,0.053,5.0080941366525e-94,"RHPN1","Higher_in_BRCA1_tumour",0.096
1.27368316686285e-115,0.396912848269322,0.197,0.074,3.16701319440449e-111,"C19orf57","Higher_in_BRCA1_tumour",0.123
8.49109457750177e-81,0.396902316366876,0.124,0.045,2.11131066669582e-76,"FTX","Higher_in_BRCA1_tumour",0.079
9.34127620891562e-144,0.395736696033273,0.927,0.728,2.32270832934687e-139,"GNAS","Higher_in_BRCA1_tumour",0.199
5.06004245053433e-96,0.395587275936248,0.204,0.086,1.25817955532536e-91,"PNKP","Higher_in_BRCA1_tumour",0.118
5.23016687454757e-162,0.395275164628396,0.506,0.242,1.30048099335625e-157,"FIP1L1","Higher_in_BRCA1_tumour",0.264
8.69493192579299e-124,0.394702522554358,0.828,0.555,2.16199482334843e-119,"AURKAIP1","Higher_in_BRCA1_tumour",0.273
2.0341798172795e-83,0.394543780217816,0.16,0.065,5.05798811566548e-79,"TRPT1","Higher_in_BRCA1_tumour",0.095
3.64833223831295e-102,0.393764059099176,0.221,0.094,9.07157811056515e-98,"MLX","Higher_in_BRCA1_tumour",0.127
4.3482796986246e-152,0.3929353946212,0.642,0.35,1.08119974706301e-147,"HAT1","Higher_in_BRCA1_tumour",0.292
9.52424359314848e-84,0.392491924430645,0.133,0.049,2.36820316943637e-79,"PAN3","Higher_in_BRCA1_tumour",0.084
7.31954281021441e-101,0.392458250332448,0.173,0.066,1.82000431975981e-96,"DDX59","Higher_in_BRCA1_tumour",0.107
1.17536140071289e-172,0.39224131084342,0.484,0.224,2.92253612287261e-168,"APPL1","Higher_in_BRCA1_tumour",0.26
1.34569537788185e-54,0.392172921784145,0.108,0.045,3.34607155710321e-50,"ELP5","Higher_in_BRCA1_tumour",0.063
8.21498915185926e-185,0.391049829363039,0.968,0.916,2.0426570526098e-180,"SPINT2","Higher_in_BRCA1_tumour",0.0519999999999999
4.01498552022968e-100,0.390857476043657,0.18,0.07,9.98326149605109e-96,"LIG1","Higher_in_BRCA1_tumour",0.11
3.39641666867262e-166,0.390070882851443,0.622,0.319,8.44519004665447e-162,"RAB4A","Higher_in_BRCA1_tumour",0.303
1.13097975200898e-171,0.389992173723968,0.433,0.191,2.81218115337034e-167,"MYCBP2","Higher_in_BRCA1_tumour",0.242
3.62100738644396e-96,0.389848192091522,0.186,0.075,9.0036348663929e-92,"NCBP3","Higher_in_BRCA1_tumour",0.111
3.68271414092431e-157,0.387437806959495,0.482,0.229,9.15706871140829e-153,"GLRX2","Higher_in_BRCA1_tumour",0.253
5.22690350161019e-59,0.387320980939499,0.1,0.038,1.29966955567537e-54,"KDM6A","Higher_in_BRCA1_tumour",0.062
1.27751075627615e-85,0.386920715799637,0.125,0.044,3.17653049548066e-81,"FAM161A","Higher_in_BRCA1_tumour",0.081
2.47253781681492e-81,0.386755027395921,0.157,0.064,6.14796528151031e-77,"QSER1","Higher_in_BRCA1_tumour",0.093
1.20607433342947e-67,0.38651233319138,0.124,0.05,2.99890383007238e-63,"TBC1D17","Higher_in_BRCA1_tumour",0.074
6.90224633302495e-84,0.38624142082862,0.132,0.048,1.71624355070665e-79,"SLC16A1-AS1","Higher_in_BRCA1_tumour",0.084
2.6788376527794e-127,0.386235629338187,0.253,0.102,6.66092982363597e-123,"MACO1","Higher_in_BRCA1_tumour",0.151
2.43399391994549e-169,0.385906277392603,0.51,0.24,6.05212588194447e-165,"SMARCC1","Higher_in_BRCA1_tumour",0.27
1.17603497986314e-172,0.385244981336977,0.62,0.316,2.9242109774297e-168,"TANK","Higher_in_BRCA1_tumour",0.304
7.08999709339178e-81,0.38469031437233,0.141,0.055,1.76292777727187e-76,"MPZL3","Higher_in_BRCA1_tumour",0.086
4.58988580752064e-86,0.384587962616623,0.143,0.054,1.14127510604001e-81,"KDM4A","Higher_in_BRCA1_tumour",0.089
1.63153567223751e-134,0.384496129349726,0.836,0.548,4.05681344901857e-130,"ATOX1","Higher_in_BRCA1_tumour",0.288
1.13343266253028e-139,0.384477076583466,0.289,0.119,2.81828031538154e-135,"SEPT10","Higher_in_BRCA1_tumour",0.17
5.59635403642979e-147,0.383639484965389,0.326,0.138,1.39153343115827e-142,"SAYSD1","Higher_in_BRCA1_tumour",0.188
5.16554334290769e-197,0.383001848442633,0.486,0.213,1.284412352214e-192,"ARID5B","Higher_in_BRCA1_tumour",0.273
4.02224455195645e-47,0.382805317323569,0.111,0.051,1.00013110784397e-42,"ARFGEF3","Higher_in_BRCA1_tumour",0.06
4.73790292154157e-70,0.382620944060928,0.122,0.048,1.17807956144131e-65,"GTF3C4","Higher_in_BRCA1_tumour",0.074
3.85755139957867e-140,0.381987426484096,0.509,0.259,9.59180155505236e-136,"PIN1","Higher_in_BRCA1_tumour",0.25
5.01997938092224e-153,0.381359444061696,0.533,0.265,1.24821787306632e-148,"AHCY","Higher_in_BRCA1_tumour",0.268
1.2550312959995e-116,0.380774660182019,0.227,0.091,3.12063531750276e-112,"AP2A1","Higher_in_BRCA1_tumour",0.136
1.00073176833773e-197,0.380688129957172,0.974,0.893,2.48831954197177e-193,"DYNLL1","Higher_in_BRCA1_tumour",0.081
1.344035146117e-133,0.380293157944765,0.885,0.664,3.34194339081992e-129,"EIF3L","Higher_in_BRCA1_tumour",0.221
3.05141193592438e-99,0.379903603910258,0.201,0.083,7.58733577867598e-95,"ARID5A","Higher_in_BRCA1_tumour",0.118
3.87137421843161e-49,0.379302760587498,0.103,0.044,9.6261719941302e-45,"IMPDH1","Higher_in_BRCA1_tumour",0.059
2.46670702038724e-164,0.37911960472523,0.695,0.382,6.13346700619288e-160,"THRAP3","Higher_in_BRCA1_tumour",0.313
6.60058453675384e-164,0.37904205647514,0.547,0.269,1.64123534506384e-159,"ODF2L","Higher_in_BRCA1_tumour",0.278
4.71650699779012e-68,0.37848174267754,0.126,0.05,1.17275946500051e-63,"TOE1","Higher_in_BRCA1_tumour",0.076
5.4643265928025e-169,0.37728503871211,0.442,0.198,1.35870480730034e-164,"SPATC1L","Higher_in_BRCA1_tumour",0.244
0,0.377116936172775,0.996,0.997,0,"RPLP2","Higher_in_BRCA1_tumour",-0.001
4.94113417637854e-101,0.376455320606455,0.171,0.064,1.22861301295652e-96,"HSF2","Higher_in_BRCA1_tumour",0.107
2.802820130139e-127,0.376388534024456,0.269,0.113,6.96921225359062e-123,"INHBB","Higher_in_BRCA1_tumour",0.156
3.16121941010007e-65,0.376204659129382,0.107,0.04,7.86037206321383e-61,"DDHD1","Higher_in_BRCA1_tumour",0.067
1.12635699196071e-113,0.376181015537267,0.897,0.714,2.80068666051031e-109,"PDCD5","Higher_in_BRCA1_tumour",0.183
6.1116576502279e-114,0.375532983390099,0.243,0.102,1.51966367472917e-109,"FBLIM1","Higher_in_BRCA1_tumour",0.141
4.91285396470595e-166,0.375322169537597,0.55,0.27,1.22158113832413e-161,"KRCC1","Higher_in_BRCA1_tumour",0.28
2.87960366054983e-100,0.374823845727229,0.154,0.055,7.16013450195715e-96,"MT1M","Higher_in_BRCA1_tumour",0.099
4.56605597152049e-141,0.374284240506289,0.692,0.394,1.13534981731857e-136,"FKBP3","Higher_in_BRCA1_tumour",0.298
9.36002899435681e-160,0.373720968940397,0.533,0.261,2.32737120944682e-155,"EIF4E2","Higher_in_BRCA1_tumour",0.272
2.98750905349532e-111,0.373463346268935,0.265,0.116,7.42844126151611e-107,"PRKAG1","Higher_in_BRCA1_tumour",0.149
1.96422329927609e-95,0.373282887813331,0.193,0.08,4.88404123365e-91,"METTL8","Higher_in_BRCA1_tumour",0.113
1.67282622100624e-141,0.372632553663781,0.384,0.176,4.15948239853203e-137,"CSE1L","Higher_in_BRCA1_tumour",0.208
2.68146945364761e-125,0.372542076541686,0.263,0.109,6.66747379649479e-121,"C1orf174","Higher_in_BRCA1_tumour",0.154
3.66356854099714e-66,0.371782887260331,0.119,0.047,9.10946317718938e-62,"MED1","Higher_in_BRCA1_tumour",0.072
7.88525158589058e-80,0.371528851555873,0.12,0.042,1.96066780683169e-75,"FBXO4","Higher_in_BRCA1_tumour",0.078
8.65895496249483e-146,0.371475345168474,0.925,0.716,2.15304915142434e-141,"LAMTOR5","Higher_in_BRCA1_tumour",0.209
5.83252824154395e-87,0.37097287263794,0.186,0.079,1.4502581472599e-82,"CDKN2AIPNL","Higher_in_BRCA1_tumour",0.107
9.97592637114651e-136,0.370895200764365,0.351,0.159,2.48051409218558e-131,"FNBP4","Higher_in_BRCA1_tumour",0.192
8.62471702944061e-134,0.37048919235601,0.906,0.674,2.14453588937041e-129,"COX7A2L","Higher_in_BRCA1_tumour",0.232
2.40861935109365e-169,0.370488044375624,0.734,0.405,5.98903201649436e-165,"TCEAL4","Higher_in_BRCA1_tumour",0.329
8.56845206884817e-105,0.369605947628147,0.214,0.088,2.1305456069191e-100,"DSTYK","Higher_in_BRCA1_tumour",0.126
4.97817982236884e-121,0.36957386882302,0.696,0.414,1.23782441283201e-116,"HNRNPAB","Higher_in_BRCA1_tumour",0.282
1.28762645171422e-148,0.369514146143124,0.448,0.213,3.20168317218741e-144,"NFIC","Higher_in_BRCA1_tumour",0.235
2.47275194250944e-145,0.368968473745,0.323,0.137,6.14849770504971e-141,"SUZ12","Higher_in_BRCA1_tumour",0.186
4.52611757100828e-93,0.368955494998053,0.191,0.079,1.12541913403121e-88,"ABHD8","Higher_in_BRCA1_tumour",0.112
1.19986924928352e-245,0.368564336670426,0.989,0.94,2.98347488834348e-241,"HSP90AB1","Higher_in_BRCA1_tumour",0.049
2.48940299348745e-162,0.368051880020888,0.423,0.19,6.18990054330653e-158,"ASRGL1","Higher_in_BRCA1_tumour",0.233
1.47444012414539e-172,0.367842053646201,0.559,0.271,3.66619536868752e-168,"AGO2","Higher_in_BRCA1_tumour",0.288
5.34745709139119e-134,0.367760262482534,0.39,0.184,1.32964520577442e-129,"ZFYVE21","Higher_in_BRCA1_tumour",0.206
1.47938222181972e-133,0.367307212927115,0.718,0.42,3.67848389455474e-129,"RBMX","Higher_in_BRCA1_tumour",0.298
5.72148845624487e-118,0.365182103804181,0.26,0.11,1.42264810464529e-113,"C2orf74","Higher_in_BRCA1_tumour",0.15
2.013517801699e-118,0.36381619957178,0.826,0.555,5.00661201392457e-114,"KRT10","Higher_in_BRCA1_tumour",0.271
2.65001812655747e-146,0.363582549363882,0.568,0.292,6.58927007168515e-142,"SNF8","Higher_in_BRCA1_tumour",0.276
5.65713887540122e-92,0.363488481284787,0.152,0.056,1.40664758136851e-87,"TTC5","Higher_in_BRCA1_tumour",0.096
6.2702622379381e-64,0.362860125588888,0.149,0.067,1.55910070546331e-59,"ARL14EP","Higher_in_BRCA1_tumour",0.082
3.52025232934507e-66,0.362718379994155,0.136,0.057,8.75310741691653e-62,"DSE","Higher_in_BRCA1_tumour",0.079
7.20877934276692e-104,0.361941642524171,0.202,0.082,1.792462983579e-99,"C21orf91","Higher_in_BRCA1_tumour",0.12
3.98054733018457e-72,0.361922611924951,0.129,0.05,9.89763093650394e-68,"RUNDC1","Higher_in_BRCA1_tumour",0.079
5.92259749206449e-113,0.361029491799765,0.235,0.097,1.47265386640184e-108,"COASY","Higher_in_BRCA1_tumour",0.138
7.8516084333176e-83,0.360852132340308,0.142,0.054,1.95230243694442e-78,"CSGALNACT2","Higher_in_BRCA1_tumour",0.088
5.08605431025568e-68,0.359517546560045,0.118,0.045,1.26464740424507e-63,"CCDC159","Higher_in_BRCA1_tumour",0.073
8.21147145106231e-60,0.35950575849291,0.12,0.05,2.04178237630664e-55,"WDR6","Higher_in_BRCA1_tumour",0.07
1.99305673353379e-102,0.359297320435891,0.207,0.085,4.95573556793176e-98,"SLC17A5","Higher_in_BRCA1_tumour",0.122
2.96036374949737e-52,0.358250557849691,0.157,0.077,7.36094446312522e-48,"FAM129A","Higher_in_BRCA1_tumour",0.08
5.6995892992129e-139,0.358004204131895,0.615,0.334,1.41720287924929e-134,"SNRNP70","Higher_in_BRCA1_tumour",0.281
9.65829157007796e-98,0.356629941737958,0.154,0.056,2.40153419889989e-93,"PKNOX1","Higher_in_BRCA1_tumour",0.098
1.86682309214814e-56,0.356052471187899,0.102,0.04,4.64185561862636e-52,"TSPAN31","Higher_in_BRCA1_tumour",0.062
3.11659333679836e-98,0.355777706628611,0.115,0.034,7.74940933194913e-94,"ATF7IP2","Higher_in_BRCA1_tumour",0.081
4.62510866054479e-123,0.355183101347128,0.67,0.383,1.15003326844446e-118,"NDUFC1","Higher_in_BRCA1_tumour",0.287
3.70508875843067e-73,0.355155801867182,0.129,0.05,9.21270319783786e-69,"GDAP2","Higher_in_BRCA1_tumour",0.079
4.43310463516469e-87,0.354509425540301,0.145,0.054,1.1022914675337e-82,"JRKL","Higher_in_BRCA1_tumour",0.091
2.682276091944e-61,0.353976422139381,0.116,0.047,6.66947950261876e-57,"IGSF9","Higher_in_BRCA1_tumour",0.069
1.74900873001653e-80,0.353852982629101,0.157,0.064,4.34891020718609e-76,"HS6ST1","Higher_in_BRCA1_tumour",0.093
2.7060400124571e-122,0.353645834575688,0.814,0.537,6.72856849097458e-118,"MRPS12","Higher_in_BRCA1_tumour",0.277
9.94307749715227e-158,0.353289702085882,0.527,0.257,2.47234621966691e-153,"PSMD12","Higher_in_BRCA1_tumour",0.27
9.05910417598559e-109,0.353231577284069,0.255,0.112,2.25254625335882e-104,"FADS1","Higher_in_BRCA1_tumour",0.143
7.98639388632418e-150,0.352683984238669,0.606,0.32,1.98581683983451e-145,"DNAJC1","Higher_in_BRCA1_tumour",0.286
2.23566104442866e-145,0.35259108753167,0.436,0.206,5.55897118697187e-141,"ORMDL2","Higher_in_BRCA1_tumour",0.23
8.58372809889099e-141,0.351669179267541,0.473,0.231,2.13434399178924e-136,"IVNS1ABP","Higher_in_BRCA1_tumour",0.242
3.01303822208043e-109,0.351551059409746,0.232,0.097,7.491919539203e-105,"COMMD10","Higher_in_BRCA1_tumour",0.135
4.67425966101501e-81,0.351239444105357,0.134,0.05,1.16225466471138e-76,"METTL7A","Higher_in_BRCA1_tumour",0.084
7.13023384665945e-144,0.349974807635225,0.632,0.344,1.77293264597187e-139,"CRIPT","Higher_in_BRCA1_tumour",0.288
2.05015672646156e-144,0.349707194203922,0.379,0.171,5.09771470034668e-140,"LRRCC1","Higher_in_BRCA1_tumour",0.208
1.05335683945667e-127,0.349499962627334,0.7,0.402,2.61917178130902e-123,"ACTR3","Higher_in_BRCA1_tumour",0.298
4.578026654685e-82,0.349363159338066,0.157,0.064,1.13832632768742e-77,"PHF10","Higher_in_BRCA1_tumour",0.093
1.11263837814091e-151,0.349271440478525,0.566,0.288,2.76657532724738e-147,"OFD1","Higher_in_BRCA1_tumour",0.278
2.65823990854619e-30,0.349262433024535,0.688,0.491,6.60971353260011e-26,"CKS2","Higher_in_BRCA1_tumour",0.197
3.05076420105028e-65,0.348388828953426,0.11,0.042,7.58572518591152e-61,"BICD1","Higher_in_BRCA1_tumour",0.068
7.36524779156897e-54,0.348147895758752,0.11,0.046,1.83136886337363e-49,"EDEM1","Higher_in_BRCA1_tumour",0.064
1.33111778699792e-159,0.347934736195981,0.374,0.161,3.30982437737034e-155,"MCCC1","Higher_in_BRCA1_tumour",0.213
3.51235775367514e-116,0.34772941940638,0.735,0.454,8.73347755451322e-112,"MRPL3","Higher_in_BRCA1_tumour",0.281
3.32186691900364e-144,0.347378892156892,0.429,0.202,8.25982209410255e-140,"CPSF6","Higher_in_BRCA1_tumour",0.227
9.20391674772839e-117,0.347107800932158,0.284,0.125,2.28855389932267e-112,"ABHD17A","Higher_in_BRCA1_tumour",0.159
1.19493772446974e-135,0.346939322405263,0.37,0.17,2.971212651894e-131,"C6orf89","Higher_in_BRCA1_tumour",0.2
6.90193823260401e-73,0.346394703321682,0.143,0.058,1.71616694153699e-68,"P4HTM","Higher_in_BRCA1_tumour",0.085
6.51962492827185e-137,0.346391862801565,0.717,0.414,1.6211047384148e-132,"YY1","Higher_in_BRCA1_tumour",0.303
3.57289334211102e-143,0.345711870467915,0.458,0.221,8.88399929515906e-139,"NKTR","Higher_in_BRCA1_tumour",0.237
2.58443728905165e-71,0.344996502611351,0.139,0.057,6.42620331922692e-67,"UBR2","Higher_in_BRCA1_tumour",0.082
1.15896279062373e-53,0.344738801926594,0.105,0.043,2.88176097888591e-49,"KAT7","Higher_in_BRCA1_tumour",0.062
6.93394607421041e-131,0.344597675276735,0.962,0.845,1.72412569135242e-126,"HNRNPA2B1","Higher_in_BRCA1_tumour",0.117
9.53619597622791e-118,0.343903169941672,0.745,0.454,2.37117512948907e-113,"PLPP2","Higher_in_BRCA1_tumour",0.291
8.37821241633793e-123,0.343793899263484,0.252,0.103,2.08324251732243e-118,"SLAIN2","Higher_in_BRCA1_tumour",0.149
3.24279082532645e-112,0.342860451274227,0.89,0.656,8.06319938717422e-108,"SON","Higher_in_BRCA1_tumour",0.234
9.5243532822874e-63,0.342485285451932,0.108,0.042,2.36823044364076e-58,"EXD3","Higher_in_BRCA1_tumour",0.066
2.40078137638572e-151,0.342326495198306,0.426,0.196,5.9695428923831e-147,"TSG101","Higher_in_BRCA1_tumour",0.23
5.62658569326035e-125,0.341849149509253,0.281,0.12,1.39905053262919e-120,"TBC1D4","Higher_in_BRCA1_tumour",0.161
3.88108616206527e-127,0.341525700043568,0.919,0.722,9.6503207419753e-123,"CLIC1","Higher_in_BRCA1_tumour",0.197
8.93635025364711e-108,0.341012514634661,0.905,0.688,2.22202349056935e-103,"GADD45GIP1","Higher_in_BRCA1_tumour",0.217
1.32235740141497e-53,0.340511054176654,0.13,0.06,3.28804167861833e-49,"TP53BP2","Higher_in_BRCA1_tumour",0.07
9.86130156872203e-97,0.340191540212572,0.185,0.074,2.45201263506273e-92,"RMDN3","Higher_in_BRCA1_tumour",0.111
4.40385672173562e-67,0.339932727718532,0.123,0.049,1.09501897385956e-62,"PRPF40B","Higher_in_BRCA1_tumour",0.074
6.26931683950964e-91,0.339840069700715,0.208,0.091,1.55886563214407e-86,"BDH1","Higher_in_BRCA1_tumour",0.117
3.78224487022002e-146,0.338773416866873,0.512,0.257,9.40455186980207e-142,"FAM120A","Higher_in_BRCA1_tumour",0.255
4.92643433772425e-118,0.338462998784746,0.248,0.102,1.22495789807514e-113,"HOOK1","Higher_in_BRCA1_tumour",0.146
2.15527737162989e-56,0.338211562962969,0.118,0.05,5.35909718455772e-52,"LRRC40","Higher_in_BRCA1_tumour",0.068
1.34860326897573e-142,0.337448330500013,0.577,0.3,3.35330202830816e-138,"NIT2","Higher_in_BRCA1_tumour",0.277
1.73270196753137e-115,0.337398866489239,0.22,0.087,4.30836344226676e-111,"SCMH1","Higher_in_BRCA1_tumour",0.133
2.01713360910497e-138,0.337173707385205,0.32,0.137,5.0156027190395e-134,"UBTF","Higher_in_BRCA1_tumour",0.183
7.87932226841991e-133,0.337071198538613,0.687,0.386,1.95919348204261e-128,"CANX","Higher_in_BRCA1_tumour",0.301
1.04377579354816e-61,0.336798636773728,0.115,0.046,2.59534851065751e-57,"HDAC7","Higher_in_BRCA1_tumour",0.069
2.53060079099382e-117,0.336461403236946,0.314,0.144,6.29233886680614e-113,"MLXIP","Higher_in_BRCA1_tumour",0.17
1.64983460559807e-78,0.336112609985104,0.178,0.078,4.10231374681961e-74,"CD320","Higher_in_BRCA1_tumour",0.1
1.97368127394699e-144,0.336087370640117,0.374,0.167,4.90755848766918e-140,"ZNF622","Higher_in_BRCA1_tumour",0.207
2.14898659975798e-141,0.335721526842363,0.395,0.182,5.34345518029822e-137,"PAFAH1B1","Higher_in_BRCA1_tumour",0.213
5.12888562210423e-95,0.335611411210047,0.392,0.21,1.27529740993622e-90,"MT-ND6","Higher_in_BRCA1_tumour",0.182
1.54502819001362e-158,0.335205140211129,0.51,0.245,3.84171259446886e-154,"MBD4","Higher_in_BRCA1_tumour",0.265
0,0.334952685524459,0.999,0.999,0,"RPL13","Higher_in_BRCA1_tumour",0
9.12941677055635e-99,0.334927964313258,0.906,0.674,2.27002947999884e-94,"HSP90B1","Higher_in_BRCA1_tumour",0.232
5.16000834092979e-114,0.334884032030291,0.285,0.127,1.28303607397219e-109,"CEP78","Higher_in_BRCA1_tumour",0.158
5.33502254937181e-45,0.334521073414459,0.109,0.05,1.3265533569013e-40,"EXOSC10","Higher_in_BRCA1_tumour",0.059
1.37527931857591e-123,0.3343990067688,0.871,0.642,3.419632025639e-119,"HMGA1","Higher_in_BRCA1_tumour",0.229
6.92179239388569e-106,0.33439132940888,0.685,0.418,1.72110367873968e-101,"EBNA1BP2","Higher_in_BRCA1_tumour",0.267
5.42895945928502e-76,0.334037963907883,0.171,0.074,1.34991076955122e-71,"SETD3","Higher_in_BRCA1_tumour",0.097
1.32864107579466e-79,0.333859961758948,0.184,0.081,3.30366603496341e-75,"TNPO1","Higher_in_BRCA1_tumour",0.103
3.69463641114622e-103,0.332809846749336,0.886,0.658,9.18671343631507e-99,"PRELID1","Higher_in_BRCA1_tumour",0.228
1.0422522470582e-164,0.331743786513802,0.965,0.848,2.59156021231021e-160,"MGST3","Higher_in_BRCA1_tumour",0.117
9.8661755181694e-124,0.331588016961742,0.404,0.197,2.45322454259282e-119,"ATRX","Higher_in_BRCA1_tumour",0.207
3.04435776383871e-158,0.33097543066978,0.406,0.181,7.56979557978495e-154,"CDCA7","Higher_in_BRCA1_tumour",0.225
4.79511961597777e-125,0.330717576805431,0.294,0.128,1.19230649251287e-120,"MELTF","Higher_in_BRCA1_tumour",0.166
1.29282676835979e-88,0.330437999945494,0.186,0.078,3.21461375952661e-84,"IFT172","Higher_in_BRCA1_tumour",0.108
1.11627161398964e-113,0.330347486757803,0.84,0.578,2.77560936818525e-109,"APEX1","Higher_in_BRCA1_tumour",0.262
2.78961442508816e-51,0.330300989523711,0.115,0.051,6.9363762679817e-47,"FZD8","Higher_in_BRCA1_tumour",0.064
1.04342054560879e-128,0.330036273475433,0.469,0.237,2.59446518665626e-124,"NOP56","Higher_in_BRCA1_tumour",0.232
7.17187797276037e-54,0.329512015398023,0.105,0.044,1.78328745792687e-49,"ECPAS","Higher_in_BRCA1_tumour",0.061
9.13357488284858e-260,0.329461836073517,0.985,0.942,2.2710633946203e-255,"RPSA","Higher_in_BRCA1_tumour",0.043
2.73877504458059e-65,0.328258205586625,0.212,0.107,6.80996414834963e-61,"EPHX1","Higher_in_BRCA1_tumour",0.105
4.37987282153236e-104,0.327793851918361,0.222,0.093,1.08905537707402e-99,"EXOC1","Higher_in_BRCA1_tumour",0.129
4.98940746344454e-135,0.327791530180326,0.648,0.359,1.24061616578548e-130,"PRPF38B","Higher_in_BRCA1_tumour",0.289
5.6361629936193e-155,0.327684415162651,0.496,0.238,1.40143192836344e-150,"IFNAR1","Higher_in_BRCA1_tumour",0.258
3.04682134940181e-116,0.327500697203347,0.895,0.66,7.57592128528759e-112,"HNRNPF","Higher_in_BRCA1_tumour",0.235
8.15040719019331e-112,0.327447047177683,0.209,0.082,2.02659874784157e-107,"MSRA","Higher_in_BRCA1_tumour",0.127
4.49683452924078e-80,0.327240963104325,0.221,0.104,1.11813790569572e-75,"CNFN","Higher_in_BRCA1_tumour",0.117
1.29218159925563e-69,0.327045403375097,0.187,0.088,3.21300954654913e-65,"F12","Higher_in_BRCA1_tumour",0.099
9.01279444962914e-75,0.326873948226305,0.146,0.06,2.24103133990028e-70,"CORO2A","Higher_in_BRCA1_tumour",0.086
6.90314226425439e-59,0.326814578727121,0.103,0.04,1.71646632400685e-54,"CHM","Higher_in_BRCA1_tumour",0.063
1.18139169579387e-114,0.326516027446246,0.805,0.519,2.93753045159146e-110,"ATRAID","Higher_in_BRCA1_tumour",0.286
4.47994211254797e-131,0.326504555957201,0.323,0.143,1.11393760628505e-126,"RAB3D","Higher_in_BRCA1_tumour",0.18
1.72212542996484e-71,0.326216730997394,0.147,0.062,4.28206488160757e-67,"VPS8","Higher_in_BRCA1_tumour",0.085
3.75739104516492e-94,0.325962433015083,0.203,0.086,9.34275283380256e-90,"ZNF37A","Higher_in_BRCA1_tumour",0.117
2.65014017201887e-135,0.325884264934432,0.389,0.181,6.58957353772493e-131,"ZNF90","Higher_in_BRCA1_tumour",0.208
7.16739493859294e-54,0.325838921559564,0.108,0.045,1.78217275148113e-49,"JADE1","Higher_in_BRCA1_tumour",0.063
3.21519694643391e-121,0.325212644046674,0.249,0.102,7.99458720730791e-117,"ACOT8","Higher_in_BRCA1_tumour",0.147
4.42035468335101e-47,0.324599740737607,0.117,0.054,1.09912119201523e-42,"MKRN2","Higher_in_BRCA1_tumour",0.063
6.2661382135662e-50,0.324377497617718,0.117,0.053,1.55807526680324e-45,"SLC35F5","Higher_in_BRCA1_tumour",0.064
2.33457796163278e-144,0.324273757990781,0.39,0.176,5.80492810159992e-140,"SPAG7","Higher_in_BRCA1_tumour",0.214
1.54048785910825e-53,0.324124855503481,0.105,0.043,3.83042306167265e-49,"RPUSD2","Higher_in_BRCA1_tumour",0.062
1.19838852713423e-121,0.323903996519918,0.279,0.12,2.97979307271927e-117,"CNP","Higher_in_BRCA1_tumour",0.159
1.21647470761162e-130,0.323811360384831,0.453,0.226,3.0247643604763e-126,"TMEM50B","Higher_in_BRCA1_tumour",0.227
3.0582708319724e-99,0.323677695036882,0.219,0.094,7.60439042369938e-95,"DOCK7","Higher_in_BRCA1_tumour",0.125
3.62904484837578e-151,0.323137588211267,0.334,0.14,9.02362001548637e-147,"NSUN6","Higher_in_BRCA1_tumour",0.194
3.74081257632393e-122,0.322293198044623,0.403,0.198,9.30153047102945e-118,"TLE1","Higher_in_BRCA1_tumour",0.205
3.03555279007284e-95,0.321087989499846,0.879,0.659,7.54790201251611e-91,"ATP5MC1","Higher_in_BRCA1_tumour",0.22
1.82287708377073e-116,0.319907759780569,0.278,0.122,4.53258386879591e-112,"SYCP2","Higher_in_BRCA1_tumour",0.156
6.44754750624928e-111,0.319302765765336,0.246,0.105,1.60318268742888e-106,"APPBP2","Higher_in_BRCA1_tumour",0.141
1.61741358674274e-102,0.319277145429793,0.238,0.103,4.02169888343584e-98,"NUP58","Higher_in_BRCA1_tumour",0.135
1.27527031197846e-104,0.315236783366313,0.807,0.541,3.17095963073443e-100,"SFPQ","Higher_in_BRCA1_tumour",0.266
1.28975893042579e-55,0.315015627088283,0.132,0.059,3.20698558050372e-51,"PRDM2","Higher_in_BRCA1_tumour",0.073
3.85040492333647e-91,0.314517911229621,0.179,0.073,9.57403184187613e-87,"C6orf226","Higher_in_BRCA1_tumour",0.106
2.2816048403482e-59,0.314510112886721,0.137,0.061,5.6732104355258e-55,"KANK1","Higher_in_BRCA1_tumour",0.076
1.54294827089596e-251,0.314312154961573,0.994,0.986,3.83654087558281e-247,"RPL35","Higher_in_BRCA1_tumour",0.00800000000000001
1.21585628061459e-109,0.313831740988476,0.265,0.117,3.02322664174817e-105,"HCFC1","Higher_in_BRCA1_tumour",0.148
1.93435386703841e-112,0.313811843665216,0.732,0.445,4.80977089039101e-108,"SEC63","Higher_in_BRCA1_tumour",0.287
2.02085814858412e-62,0.313347283944667,0.138,0.06,5.02486378645443e-58,"STRN","Higher_in_BRCA1_tumour",0.078
1.13169016352551e-100,0.313335639476368,0.199,0.081,2.81394759160619e-96,"SPRTN","Higher_in_BRCA1_tumour",0.118
3.50421486595114e-134,0.313152861585849,0.327,0.142,8.71323026418752e-130,"HSDL2","Higher_in_BRCA1_tumour",0.185
1.16003504599109e-61,0.313145500263174,0.16,0.074,2.88442714185685e-57,"AC097534.2","Higher_in_BRCA1_tumour",0.086
2.2474156457229e-138,0.312971053706152,0.448,0.216,5.58819900309e-134,"TXNDC9","Higher_in_BRCA1_tumour",0.232
5.88427960420472e-53,0.31227066175619,0.107,0.045,1.4631261235855e-48,"C17orf75","Higher_in_BRCA1_tumour",0.062
1.73694152412477e-59,0.312235594647854,0.15,0.069,4.31890509973625e-55,"RRAGD","Higher_in_BRCA1_tumour",0.081
3.11825892101793e-124,0.311634571566051,0.644,0.361,7.7535508071111e-120,"ASNA1","Higher_in_BRCA1_tumour",0.283
3.84027936955841e-57,0.311555983480592,0.122,0.052,9.54885465240698e-53,"OTUD4","Higher_in_BRCA1_tumour",0.07
6.85624071383518e-87,0.311422199550403,0.911,0.732,1.70480425349512e-82,"APP","Higher_in_BRCA1_tumour",0.179
3.80547648056726e-123,0.311398365787843,0.277,0.118,9.46231726893049e-119,"PRRC2A","Higher_in_BRCA1_tumour",0.159
1.79847616563239e-140,0.310993252847854,0.465,0.225,4.47191098584493e-136,"DCAF7","Higher_in_BRCA1_tumour",0.24
1.94774184013469e-121,0.310545716987659,0.375,0.179,4.84306008549491e-117,"GINM1","Higher_in_BRCA1_tumour",0.196
5.8434448611361e-130,0.310446431997211,0.433,0.213,1.45297256472149e-125,"WWTR1","Higher_in_BRCA1_tumour",0.22
6.90165583274016e-98,0.310329665514061,0.221,0.095,1.71609672281084e-93,"MFSD11","Higher_in_BRCA1_tumour",0.126
6.09658969277138e-89,0.310164727973563,0.186,0.078,1.5159170271076e-84,"CDC42SE2","Higher_in_BRCA1_tumour",0.108
2.75603381129702e-83,0.309860031182049,0.177,0.075,6.85287807179004e-79,"GABPB2","Higher_in_BRCA1_tumour",0.102
7.23222362134379e-76,0.309779607032665,0.157,0.066,1.79829240344713e-71,"IGF2R","Higher_in_BRCA1_tumour",0.091
9.01017400830528e-122,0.30957294469735,0.608,0.337,2.24037976716511e-117,"NDUFA10","Higher_in_BRCA1_tumour",0.271
2.69965274704869e-105,0.309559695548395,0.425,0.223,6.71268655553657e-101,"LAP3","Higher_in_BRCA1_tumour",0.202
1.8595377196167e-66,0.309015764954562,0.143,0.061,4.62374053982693e-62,"NUP88","Higher_in_BRCA1_tumour",0.082
2.23366426237962e-100,0.308797567453421,0.23,0.1,5.55400618840692e-96,"MAD2L1BP","Higher_in_BRCA1_tumour",0.13
2.22420949603875e-111,0.308641282223918,0.288,0.13,5.53049691190036e-107,"TMEM125","Higher_in_BRCA1_tumour",0.158
8.27864105716501e-84,0.307762044069671,0.149,0.058,2.05848409886408e-79,"GTF2H3","Higher_in_BRCA1_tumour",0.091
7.85606685643643e-111,0.307679932334545,0.73,0.439,1.95341102385292e-106,"EIF3M","Higher_in_BRCA1_tumour",0.291
3.85764475308281e-52,0.307540733590569,0.107,0.045,9.59203367854041e-48,"WDR20","Higher_in_BRCA1_tumour",0.062
1.19214785183853e-61,0.307257830045376,0.114,0.045,2.9642756335965e-57,"HMGXB3","Higher_in_BRCA1_tumour",0.069
1.11403368996682e-112,0.307239092807992,0.78,0.489,2.77004477010249e-108,"PPIG","Higher_in_BRCA1_tumour",0.291
1.06550183343722e-79,0.307201037417727,0.192,0.086,2.64937030884164e-75,"ARHGEF1","Higher_in_BRCA1_tumour",0.106
1.10126159759836e-99,0.307017724797534,0.792,0.519,2.73828696242832e-95,"EIF3D","Higher_in_BRCA1_tumour",0.273
4.49246478363262e-197,0.305923312414027,0.985,0.946,1.11705136845025e-192,"SUMO2","Higher_in_BRCA1_tumour",0.039
6.38232434436347e-146,0.3053636497142,0.403,0.186,1.58696494822598e-141,"SLC38A2","Higher_in_BRCA1_tumour",0.217
1.7690958551774e-124,0.305351848735185,0.3,0.131,4.3988568438986e-120,"CPSF3","Higher_in_BRCA1_tumour",0.169
4.97062339425414e-82,0.3047260036036,0.182,0.079,1.23594550698129e-77,"CCNK","Higher_in_BRCA1_tumour",0.103
1.6480676941118e-79,0.304568184622314,0.166,0.07,4.09792032140899e-75,"AP3M1","Higher_in_BRCA1_tumour",0.096
4.71689436208791e-135,0.30394915177735,0.38,0.177,1.17285578313316e-130,"FAM114A1","Higher_in_BRCA1_tumour",0.203
9.78406186763998e-48,0.303436131740312,0.1,0.043,2.43280698338868e-43,"UIMC1","Higher_in_BRCA1_tumour",0.057
4.38505294787512e-53,0.303372914337465,0.12,0.053,1.09034341548915e-48,"SMARCE1","Higher_in_BRCA1_tumour",0.067
1.19898090654727e-134,0.303284617546674,0.429,0.206,2.98126602412979e-130,"WDR33","Higher_in_BRCA1_tumour",0.223
2.2359466773566e-168,0.303200624758118,0.532,0.252,5.55968141324719e-164,"PBX1","Higher_in_BRCA1_tumour",0.28
9.29300813673626e-143,0.30313812294406,0.433,0.206,2.31070647319947e-138,"FERMT2","Higher_in_BRCA1_tumour",0.227
1.17427704855062e-247,0.302881638344199,0.999,0.996,2.91983988122113e-243,"RPL11","Higher_in_BRCA1_tumour",0.003
1.29400403493855e-66,0.302756006479532,0.125,0.05,3.2175410328747e-62,"TMEM131","Higher_in_BRCA1_tumour",0.075
2.07572368397362e-193,0.302121881395169,0.995,0.988,5.16128694020041e-189,"RPL34","Higher_in_BRCA1_tumour",0.00700000000000001
6.34875624593448e-67,0.302119456178214,0.154,0.068,1.57861824055161e-62,"EPB41L5","Higher_in_BRCA1_tumour",0.086
9.63849244483285e-145,0.301445540613856,0.407,0.187,2.39661114640769e-140,"UBA3","Higher_in_BRCA1_tumour",0.22
3.08066023757914e-82,0.301095760293995,0.188,0.082,7.66006168074052e-78,"PRTFDC1","Higher_in_BRCA1_tumour",0.106
5.6637314031883e-135,0.30105960647915,0.417,0.198,1.40828681340277e-130,"MRPS36","Higher_in_BRCA1_tumour",0.219
1.01742413819173e-104,0.300505822787853,0.242,0.105,2.52982511961373e-100,"KATNBL1","Higher_in_BRCA1_tumour",0.137
5.41810479224419e-144,0.300468169508069,0.407,0.187,1.34721175659152e-139,"CDC40","Higher_in_BRCA1_tumour",0.22
2.19230052929936e-95,0.300319958459547,0.83,0.563,5.45115526610285e-91,"HNRNPM","Higher_in_BRCA1_tumour",0.267
4.62899731303114e-58,0.300280006451974,0.128,0.056,1.15100018188519e-53,"RNF38","Higher_in_BRCA1_tumour",0.072
5.7624699218141e-128,0.300279929340833,0.613,0.333,1.43283814605908e-123,"MRPL22","Higher_in_BRCA1_tumour",0.28
3.57668737518631e-104,0.300006070866176,0.529,0.292,8.89343315840077e-100,"CCDC124","Higher_in_BRCA1_tumour",0.237
5.19411254507096e-149,0.299619608302321,0.395,0.177,1.29151608433189e-144,"JPX","Higher_in_BRCA1_tumour",0.218
2.29560147125281e-129,0.299162734449704,0.313,0.136,5.70801305827012e-125,"TMEM63A","Higher_in_BRCA1_tumour",0.177
1.04342079035923e-46,0.298884407686288,0.28,0.167,2.59446579522823e-42,"RNF19A","Higher_in_BRCA1_tumour",0.113
8.75161328237706e-64,0.298742398884391,0.125,0.051,2.17608864266306e-59,"ABCD4","Higher_in_BRCA1_tumour",0.074
3.28951680935548e-147,0.29847912709277,0.4,0.182,8.17938354646241e-143,"ZFR","Higher_in_BRCA1_tumour",0.218
2.49277136318022e-83,0.297925582769199,0.19,0.083,6.19827599454761e-79,"ZNF532","Higher_in_BRCA1_tumour",0.107
5.11749004868011e-70,0.297733296743984,0.152,0.065,1.27246390060431e-65,"MYO19","Higher_in_BRCA1_tumour",0.087
1.91875497581573e-137,0.297543685685136,0.564,0.293,4.77098424736581e-133,"TGOLN2","Higher_in_BRCA1_tumour",0.271
1.49497215143719e-52,0.296096199954574,0.272,0.157,3.71724825454856e-48,"BIRC2","Higher_in_BRCA1_tumour",0.115
2.93834247647239e-125,0.295834518995712,0.331,0.149,7.3061885677486e-121,"UMPS","Higher_in_BRCA1_tumour",0.182
5.80120271512933e-119,0.295136552599561,0.289,0.127,1.44246905511691e-114,"MED6","Higher_in_BRCA1_tumour",0.162
1.16345804762179e-131,0.295054456055022,0.445,0.219,2.89293843541158e-127,"UBE2G2","Higher_in_BRCA1_tumour",0.226
4.09694523359657e-114,0.294920037064812,0.355,0.171,1.01870543233379e-109,"UTP18","Higher_in_BRCA1_tumour",0.184
2.33513974512091e-133,0.29452983757174,0.494,0.249,5.80632497624315e-129,"ACAT1","Higher_in_BRCA1_tumour",0.245
4.57447895802614e-59,0.294154713810716,0.129,0.056,1.1374441929132e-54,"TNPO3","Higher_in_BRCA1_tumour",0.073
8.28400071110586e-86,0.294097111743777,0.244,0.115,2.05981677681647e-81,"KIAA2013","Higher_in_BRCA1_tumour",0.129
1.63483431244824e-80,0.2939108324316,0.147,0.058,4.06501551790254e-76,"KLF12","Higher_in_BRCA1_tumour",0.089
5.829627703296e-44,0.29345106646893,0.1,0.045,1.44953692842455e-39,"CCDC32","Higher_in_BRCA1_tumour",0.055
1.13213795520869e-127,0.29344072908753,0.612,0.333,2.8150610256264e-123,"PRMT2","Higher_in_BRCA1_tumour",0.279
4.83108372229033e-79,0.292817978123891,0.2,0.091,1.20124896754749e-74,"NUS1","Higher_in_BRCA1_tumour",0.109
5.3462701103248e-148,0.292569590612362,0.495,0.24,1.32935006293226e-143,"DDX3X","Higher_in_BRCA1_tumour",0.255
1.02974043314049e-134,0.292405086450078,0.414,0.196,2.56044958700382e-130,"RARS","Higher_in_BRCA1_tumour",0.218
1.60792071838213e-116,0.292308601010761,0.252,0.107,3.99809486625716e-112,"GLYATL2","Higher_in_BRCA1_tumour",0.145
7.46752106115048e-77,0.291844443943029,0.889,0.655,1.85679911185507e-72,"ITM2B","Higher_in_BRCA1_tumour",0.234
1.64285443721889e-235,0.291661452914076,0.991,0.972,4.08495755814477e-231,"CHCHD2","Higher_in_BRCA1_tumour",0.019
3.5882858681288e-150,0.29106745765087,0.434,0.2,8.92227281110225e-146,"FMC1","Higher_in_BRCA1_tumour",0.234
1.61398095581703e-114,0.29070904470607,0.369,0.179,4.01316364663905e-110,"NMD3","Higher_in_BRCA1_tumour",0.19
6.78875091981877e-57,0.290609493602075,0.122,0.052,1.68802291621294e-52,"ATAD5","Higher_in_BRCA1_tumour",0.07
6.15534462117608e-137,0.290440858502361,0.452,0.22,1.53052644005543e-132,"SRSF1","Higher_in_BRCA1_tumour",0.232
1.21477043524466e-97,0.289881281481037,0.826,0.556,3.02052668723586e-93,"DNAJC19","Higher_in_BRCA1_tumour",0.27
6.10919985542431e-92,0.289851071434409,0.852,0.619,1.51905254405126e-87,"SIVA1","Higher_in_BRCA1_tumour",0.233
2.39070377668607e-104,0.289594252832651,0.205,0.082,5.94448494072991e-100,"SGMS1","Higher_in_BRCA1_tumour",0.123
3.8168921625657e-65,0.289563246747834,0.132,0.055,9.49070236221962e-61,"TMPRSS13","Higher_in_BRCA1_tumour",0.077
3.36513720118655e-74,0.289377540786806,0.179,0.08,8.36741365075035e-70,"PPIL2","Higher_in_BRCA1_tumour",0.099
9.91377000461914e-57,0.289268523627582,0.116,0.049,2.46505891164855e-52,"MDN1","Higher_in_BRCA1_tumour",0.067
2.00262774034694e-180,0.289256853926028,0.997,0.994,4.97953387637268e-176,"RPL30","Higher_in_BRCA1_tumour",0.003
4.08838971493495e-69,0.288657279725577,0.215,0.107,1.01657810261858e-64,"FBXO5","Higher_in_BRCA1_tumour",0.108
1.48006169842193e-137,0.288100342582578,0.445,0.216,3.68017341312614e-133,"VTCN1","Higher_in_BRCA1_tumour",0.229
1.08533297364252e-96,0.287898156803129,0.543,0.318,2.69868043896213e-92,"CXCR4","Higher_in_BRCA1_tumour",0.225
1.33530730223813e-101,0.28783243655164,0.228,0.098,3.32024160701512e-97,"MGAT2","Higher_in_BRCA1_tumour",0.13
3.31819444542454e-98,0.287738281170959,0.243,0.108,8.25069048854812e-94,"MIA2","Higher_in_BRCA1_tumour",0.135
3.91824229054753e-74,0.286814882684661,0.142,0.058,9.74270945544643e-70,"SAAL1","Higher_in_BRCA1_tumour",0.084
9.60707186232345e-123,0.286582661804091,0.694,0.399,2.38879841856673e-118,"METAP2","Higher_in_BRCA1_tumour",0.295
1.66444219752245e-51,0.286057304794349,0.871,0.657,4.13863552413957e-47,"XBP1","Higher_in_BRCA1_tumour",0.214
1.44080973076556e-128,0.285982956511341,0.95,0.8,3.58257339554856e-124,"NDUFS5","Higher_in_BRCA1_tumour",0.15
9.90476331418868e-121,0.285529317853927,0.328,0.15,2.46281939807302e-116,"AHNAK2","Higher_in_BRCA1_tumour",0.178
3.56868980309421e-124,0.285488211598167,0.229,0.088,8.87354719539375e-120,"CNTLN","Higher_in_BRCA1_tumour",0.141
2.97011507815335e-86,0.284562188742691,0.192,0.083,7.3851911418283e-82,"C3orf38","Higher_in_BRCA1_tumour",0.109
9.43074143025269e-67,0.284549758339581,0.729,0.483,2.34495385663233e-62,"TUBB4B","Higher_in_BRCA1_tumour",0.246
2.54978837286711e-144,0.283597942218944,0.59,0.303,6.34004878913408e-140,"SS18L2","Higher_in_BRCA1_tumour",0.287
6.60352313048521e-69,0.283480203687363,0.153,0.066,1.64196602639515e-64,"SNRNP35","Higher_in_BRCA1_tumour",0.087
1.30079277288758e-86,0.283456555927647,0.169,0.068,3.23442122978496e-82,"SCRN2","Higher_in_BRCA1_tumour",0.101
3.16030348706424e-83,0.283217864219486,0.921,0.752,7.85809462058523e-79,"MRPL51","Higher_in_BRCA1_tumour",0.169
6.10142283179012e-156,0.282856781611813,0.488,0.23,1.51711878712461e-151,"ACAA2","Higher_in_BRCA1_tumour",0.258
6.01575779940032e-67,0.282649300680111,0.135,0.056,1.49581817682089e-62,"DBT","Higher_in_BRCA1_tumour",0.079
6.80703145638396e-95,0.282613805564973,0.287,0.138,1.69256837162987e-90,"SPAG9","Higher_in_BRCA1_tumour",0.149
1.72647268291565e-125,0.282550184295099,0.543,0.286,4.29287432606976e-121,"TSN","Higher_in_BRCA1_tumour",0.257
2.66965179372069e-122,0.282081237234529,0.337,0.154,6.63808918508649e-118,"PDHB","Higher_in_BRCA1_tumour",0.183
7.26848420812132e-105,0.281837955564153,0.248,0.108,1.80730859834937e-100,"PATJ","Higher_in_BRCA1_tumour",0.14
1.23179071576057e-88,0.281671475826257,0.184,0.077,3.06284761473866e-84,"BANP","Higher_in_BRCA1_tumour",0.107
8.51118512000067e-66,0.281664283201535,0.12,0.047,2.11630618008817e-61,"POU2F3","Higher_in_BRCA1_tumour",0.073
2.41701578400465e-97,0.281253631701616,0.238,0.106,6.00990974692757e-93,"STX6","Higher_in_BRCA1_tumour",0.132
4.13799823744947e-129,0.281230549459244,0.427,0.207,1.02891326174181e-124,"NCOR1","Higher_in_BRCA1_tumour",0.22
1.46564439368641e-138,0.281100535652248,0.426,0.201,3.64432478490126e-134,"CMC1","Higher_in_BRCA1_tumour",0.225
1.30082269131305e-92,0.281059441854179,0.228,0.102,3.2344956219499e-88,"INAFM1","Higher_in_BRCA1_tumour",0.126
2.22904931429217e-103,0.281010934582937,0.237,0.102,5.54253111998749e-99,"PARP2","Higher_in_BRCA1_tumour",0.135
5.30206599803228e-148,0.280757923191864,0.452,0.213,1.31835871041073e-143,"SMC5","Higher_in_BRCA1_tumour",0.239
1.18773373080249e-96,0.280622992909554,0.224,0.098,2.9532999216404e-92,"SUPT20H","Higher_in_BRCA1_tumour",0.126
3.2035366331258e-105,0.28026245555531,0.696,0.413,7.96559383826729e-101,"SMIM7","Higher_in_BRCA1_tumour",0.283
9.16448898605022e-51,0.280197498617197,0.151,0.074,2.27875018638139e-46,"CRIP1","Higher_in_BRCA1_tumour",0.077
4.46097742817027e-114,0.27978700768249,0.308,0.141,1.10922203751454e-109,"SPIN1","Higher_in_BRCA1_tumour",0.167
9.7183192547668e-150,0.278659643510261,0.459,0.215,2.41646008269776e-145,"EMC10","Higher_in_BRCA1_tumour",0.244
9.60369932351492e-94,0.278161934325963,0.246,0.112,2.38795983679199e-89,"GFM1","Higher_in_BRCA1_tumour",0.134
3.3103767981737e-97,0.277984704850818,0.777,0.497,8.23125190865891e-93,"TXNDC17","Higher_in_BRCA1_tumour",0.28
1.43964885033263e-63,0.276979131051085,0.125,0.051,3.57968686635207e-59,"PPWD1","Higher_in_BRCA1_tumour",0.074
1.58460671072178e-49,0.276876621211129,0.65,0.425,3.94012458620971e-45,"SQSTM1","Higher_in_BRCA1_tumour",0.225
5.41352630379043e-107,0.27662918455237,0.769,0.477,1.34607331543749e-102,"OCIAD1","Higher_in_BRCA1_tumour",0.292
3.1235371047848e-64,0.276183355816589,0.156,0.07,7.76667501104741e-60,"PUSL1","Higher_in_BRCA1_tumour",0.086
1.38000749086412e-104,0.275849533427686,0.626,0.362,3.43138862603364e-100,"EZR","Higher_in_BRCA1_tumour",0.264
3.42656760840053e-117,0.27537913399804,0.683,0.397,8.52016035828791e-113,"MRPL11","Higher_in_BRCA1_tumour",0.286
8.71606736621684e-66,0.274359030954166,0.139,0.059,2.16725015060982e-61,"RFX1","Higher_in_BRCA1_tumour",0.08
1.06969326452728e-101,0.274051195818758,0.719,0.436,2.65979230224709e-97,"GRHPR","Higher_in_BRCA1_tumour",0.283
1.08976169727779e-76,0.273635485645341,0.176,0.077,2.70969246028121e-72,"SEC14L1","Higher_in_BRCA1_tumour",0.099
3.2844505147858e-65,0.27313896785002,0.115,0.045,8.1667862050149e-61,"CEP57L1","Higher_in_BRCA1_tumour",0.07
8.66651283783124e-128,0.272919545178066,0.966,0.88,2.15492841712674e-123,"C19orf53","Higher_in_BRCA1_tumour",0.086
4.58866084512832e-55,0.272905035186498,0.136,0.062,1.14097051914116e-50,"ARFIP1","Higher_in_BRCA1_tumour",0.074
5.77516743355567e-104,0.272314077976139,0.249,0.109,1.43599538235362e-99,"MED29","Higher_in_BRCA1_tumour",0.14
2.24877710103158e-102,0.272051182489808,0.323,0.157,5.59158426171503e-98,"NOP16","Higher_in_BRCA1_tumour",0.166
1.32764577951575e-124,0.271981602805273,0.362,0.17,3.30119123076591e-120,"TMEM69","Higher_in_BRCA1_tumour",0.192
5.2833849555999e-107,0.271867463406851,0.24,0.102,1.31371366920992e-102,"AP4M1","Higher_in_BRCA1_tumour",0.138
6.97257426674796e-44,0.271810365339237,0.121,0.058,1.73373059142688e-39,"AC091271.1","Higher_in_BRCA1_tumour",0.063
6.51472251961506e-137,0.271705432231826,0.539,0.274,1.61988575450228e-132,"PHF20L1","Higher_in_BRCA1_tumour",0.265
3.80188787670839e-113,0.271510426149552,0.435,0.223,9.45339420543541e-109,"HTATIP2","Higher_in_BRCA1_tumour",0.212
3.79021993430355e-97,0.271227398962452,0.778,0.493,9.42438186664577e-93,"MRPS16","Higher_in_BRCA1_tumour",0.285
2.91211321496376e-101,0.270709441568189,0.813,0.524,7.24096950900739e-97,"SF3B2","Higher_in_BRCA1_tumour",0.289
2.88940459402033e-140,0.270696531273415,0.48,0.235,7.18450452303155e-136,"PRKCI","Higher_in_BRCA1_tumour",0.245
2.58029188734214e-84,0.270460936519584,0.225,0.104,6.41589577787622e-80,"PLEC","Higher_in_BRCA1_tumour",0.121
2.588298994036e-88,0.270030422136358,0.2,0.086,6.4358054486705e-84,"PNPLA2","Higher_in_BRCA1_tumour",0.114
5.0462657243917e-45,0.269758116293469,0.105,0.047,1.25475397237e-40,"IPO8","Higher_in_BRCA1_tumour",0.058
4.20039081326994e-126,0.269678800390826,0.467,0.234,1.04442717571957e-121,"ARF3","Higher_in_BRCA1_tumour",0.233
1.83191752808699e-93,0.269444819498861,0.235,0.106,4.5550629335883e-89,"KMT5B","Higher_in_BRCA1_tumour",0.129
5.716744235848e-126,0.269099882218819,0.448,0.223,1.42146845424361e-121,"DCAF10","Higher_in_BRCA1_tumour",0.225
2.21067089198505e-105,0.26906072216365,0.383,0.193,5.49683317292082e-101,"FKBP10","Higher_in_BRCA1_tumour",0.19
3.18121858591136e-120,0.269025802612622,0.651,0.362,7.91010001386859e-116,"RBM42","Higher_in_BRCA1_tumour",0.289
7.72740517256695e-68,0.268607053485972,0.175,0.08,1.92141929615877e-63,"GSTA4","Higher_in_BRCA1_tumour",0.095
7.92856088601426e-117,0.26852374665136,0.382,0.185,1.97143666430744e-112,"ZNF148","Higher_in_BRCA1_tumour",0.197
6.6056032646474e-136,0.268457295249955,0.467,0.227,1.64248325175458e-131,"KLHDC2","Higher_in_BRCA1_tumour",0.24
1.23034434746281e-98,0.268344723579152,0.712,0.433,3.05925121996628e-94,"MYDGF","Higher_in_BRCA1_tumour",0.279
9.89600018728772e-68,0.267987601554172,0.155,0.068,2.46064044656909e-63,"ERBIN","Higher_in_BRCA1_tumour",0.087
5.17655833783106e-72,0.267644513504058,0.147,0.061,1.28715123070169e-67,"NRDE2","Higher_in_BRCA1_tumour",0.086
4.20017758316404e-91,0.267585622047614,0.231,0.104,1.04437415605374e-86,"UBAP2L","Higher_in_BRCA1_tumour",0.127
2.25272636504261e-99,0.267534750766744,0.728,0.446,5.60140410667844e-95,"LMAN2","Higher_in_BRCA1_tumour",0.282
1.68675695629119e-103,0.267527758731236,0.633,0.368,4.19412117181803e-99,"NDUFA9","Higher_in_BRCA1_tumour",0.265
5.34009345667085e-65,0.266711286294016,0.129,0.053,1.32781423800121e-60,"DNAJC12","Higher_in_BRCA1_tumour",0.076
7.59519922118519e-90,0.264602850694322,0.231,0.104,1.8885462863477e-85,"ACAA1","Higher_in_BRCA1_tumour",0.127
2.36798335708097e-122,0.26424619784885,0.538,0.283,5.88799061738183e-118,"KLHDC3","Higher_in_BRCA1_tumour",0.255
2.47387328941664e-77,0.263291540796047,0.874,0.653,6.15128593413447e-73,"ACP1","Higher_in_BRCA1_tumour",0.221
5.72241331036026e-115,0.263214360153788,0.406,0.201,1.42287806962108e-110,"GNAI2","Higher_in_BRCA1_tumour",0.205
6.66907355341703e-92,0.262279162778627,0.858,0.608,1.65826513905714e-87,"ATF4","Higher_in_BRCA1_tumour",0.25
1.95709348115293e-26,0.262241397826749,0.175,0.111,4.86631294088676e-22,"CA9","Higher_in_BRCA1_tumour",0.064
7.19357270004114e-102,0.261679972702597,0.233,0.101,1.78868185186523e-97,"FAM189B","Higher_in_BRCA1_tumour",0.132
1.12677049408426e-68,0.261631284350149,0.159,0.07,2.80171483354051e-64,"CABIN1","Higher_in_BRCA1_tumour",0.089
2.7913631768495e-110,0.261429421839896,0.262,0.115,6.94072453923629e-106,"TTC9C","Higher_in_BRCA1_tumour",0.147
2.0838008171861e-45,0.260913868562924,0.104,0.046,5.18137073193323e-41,"TMEM177","Higher_in_BRCA1_tumour",0.058
3.61230553255436e-55,0.260533325087266,0.127,0.057,8.98199770669642e-51,"MB","Higher_in_BRCA1_tumour",0.07
1.4744068830284e-130,0.260463696127784,0.496,0.25,3.66611271465012e-126,"LRRC41","Higher_in_BRCA1_tumour",0.246
2.25897197999496e-89,0.260425582018108,0.193,0.082,5.61693382825747e-85,"NAB1","Higher_in_BRCA1_tumour",0.111
2.19373557116042e-114,0.259750016310814,0.66,0.377,5.45472349769039e-110,"U2SURP","Higher_in_BRCA1_tumour",0.283
1.6298593812138e-68,0.259555787728632,0.156,0.069,4.05264535138812e-64,"MAN1B1","Higher_in_BRCA1_tumour",0.087
5.76800013686722e-120,0.259303734950634,0.367,0.175,1.43421323403203e-115,"FBXO9","Higher_in_BRCA1_tumour",0.192
2.15195586570012e-85,0.258765104052585,0.763,0.488,5.35083826006335e-81,"VPS29","Higher_in_BRCA1_tumour",0.275
1.77849959653148e-117,0.258714657803613,0.368,0.177,4.42223924677554e-113,"CORO1B","Higher_in_BRCA1_tumour",0.191
1.86825282237342e-56,0.258526838210115,0.104,0.041,4.6454106428315e-52,"WDHD1","Higher_in_BRCA1_tumour",0.063
1.69767182007423e-81,0.258510773854017,0.237,0.114,4.22126098061458e-77,"NFE2L1","Higher_in_BRCA1_tumour",0.123
8.76960002857746e-82,0.257417767540819,0.808,0.537,2.18056104710578e-77,"KIF5B","Higher_in_BRCA1_tumour",0.271
1.35034195811773e-65,0.256973176557649,0.173,0.08,3.35762527885972e-61,"GLT8D1","Higher_in_BRCA1_tumour",0.093
9.74987369590534e-66,0.256437363202171,0.122,0.049,2.42430609448686e-61,"SND1-IT1","Higher_in_BRCA1_tumour",0.073
1.07858646214395e-69,0.255636947175602,0.162,0.072,2.68190523812092e-65,"CDK9","Higher_in_BRCA1_tumour",0.09
1.4038047623471e-109,0.255351023621529,0.678,0.395,3.49056054157605e-105,"RAB18","Higher_in_BRCA1_tumour",0.283
3.98275881609243e-113,0.255312264835443,0.269,0.117,9.90312979621384e-109,"C1orf109","Higher_in_BRCA1_tumour",0.152
2.47455026536332e-129,0.254539553611783,0.513,0.264,6.15296923482591e-125,"RSRP1","Higher_in_BRCA1_tumour",0.249
2.10560891307482e-130,0.254332640951037,0.344,0.155,5.23559656236055e-126,"DIS3","Higher_in_BRCA1_tumour",0.189
1.43392145191121e-105,0.253999790142514,0.267,0.12,3.56544569017722e-101,"WRNIP1","Higher_in_BRCA1_tumour",0.147
7.3054449723611e-87,0.253939607136012,0.292,0.145,1.81649889237759e-82,"MCRIP1","Higher_in_BRCA1_tumour",0.147
1.54220104621071e-120,0.253896181631048,0.444,0.222,3.83468290140292e-116,"TMEM87A","Higher_in_BRCA1_tumour",0.222
8.71010058843992e-113,0.252996894530126,0.352,0.169,2.16576651131559e-108,"ALKBH5","Higher_in_BRCA1_tumour",0.183
4.32091953496893e-71,0.252743609843536,0.179,0.082,1.07439664237002e-66,"TSR1","Higher_in_BRCA1_tumour",0.097
1.84829949595787e-87,0.251826160457158,0.243,0.114,4.59579669669924e-83,"AIDA","Higher_in_BRCA1_tumour",0.129
1.04194802119425e-88,0.251405352810533,0.21,0.092,2.59080375469951e-84,"DUSP14","Higher_in_BRCA1_tumour",0.118
3.52021929646637e-53,0.250292332732163,0.122,0.054,8.75302528066363e-49,"ANGEL2","Higher_in_BRCA1_tumour",0.068
