"p_val","avg_log2FC","pct.1","pct.2","p_val_adj","gene","DEG_direction","delta_pct"
2.62226641131087e-153,-12.3300290505144,0,0.122,6.52026543172448e-149,"SPRR2D","Higher_in_TotalCell",-0.122
8.79386864707665e-125,-10.4201298299569,0,0.101,2.18659543909561e-120,"C10orf99","Higher_in_TotalCell",-0.101
2.86641788408423e-205,-9.85603928236809,0,0.16,7.12734806877544e-201,"IL36G","Higher_in_TotalCell",-0.16
0,-9.64401230033163,0.001,0.271,0,"SPRR2A","Higher_in_TotalCell",-0.27
2.48825253639236e-190,-9.47346089649142,0.003,0.154,6.18703993173959e-186,"S100A7","Higher_in_TotalCell",-0.151
2.74624982513408e-125,-8.93573358919363,0,0.102,6.82855019019588e-121,"DSG1","Higher_in_TotalCell",-0.102
8.83605946649765e-141,-8.80331607058236,0,0.114,2.19708618634464e-136,"CES1","Higher_in_TotalCell",-0.114
0,-8.7968602827579,0.006,0.599,0,"APOD","Higher_in_TotalCell",-0.593
2.51144080600236e-182,-8.60644616999878,0.001,0.145,6.24469756412487e-178,"FFAR2","Higher_in_TotalCell",-0.144
0,-8.19104137334308,0.006,0.287,0,"SBSN","Higher_in_TotalCell",-0.281
0,-7.86878643004161,0.004,0.381,0,"TMEM176A","Higher_in_TotalCell",-0.377
5.20788623258174e-227,-7.79118347756392,0.002,0.179,1.29494091173145e-222,"CLCA2","Higher_in_TotalCell",-0.177
1.19586693102155e-210,-7.77605999580368,0.003,0.168,2.97352312398508e-206,"AC239800.2","Higher_in_TotalCell",-0.165
4.31784612962426e-164,-7.69488006221976,0.001,0.132,1.07363244013107e-159,"IL36RN","Higher_in_TotalCell",-0.131
1.03582162487512e-203,-7.26859336956842,0.002,0.162,2.57557047025198e-199,"LPL","Higher_in_TotalCell",-0.16
1.30815103620792e-247,-7.22030288220076,0.003,0.193,3.252717551531e-243,"SERPINB2","Higher_in_TotalCell",-0.19
0,-6.93252675037136,0.007,0.371,0,"TMEM176B","Higher_in_TotalCell",-0.364
0,-6.83245081236982,0.015,0.515,0,"S100A8","Higher_in_TotalCell",-0.5
5.87857126943494e-138,-6.7174399958341,0.002,0.115,1.461706746145e-133,"PPP1R1A","Higher_in_TotalCell",-0.113
6.19472376973776e-293,-6.61531007078682,0.023,0.252,1.54031806534529e-288,"KRTDAP","Higher_in_TotalCell",-0.229
1.37616695189451e-286,-6.60803502654679,0.005,0.222,3.42183912588571e-282,"STEAP1","Higher_in_TotalCell",-0.217
0,-6.59893303485672,0.015,0.369,0,"MFAP5","Higher_in_TotalCell",-0.354
2.89392522154336e-167,-6.50474761054844,0.002,0.137,7.19574506336757e-163,"IRX1","Higher_in_TotalCell",-0.135
0,-6.33731103103917,0.007,0.409,0,"PI3","Higher_in_TotalCell",-0.402
0,-6.28178381746828,0.01,0.265,0,"HMSD","Higher_in_TotalCell",-0.255
1.58826653673218e-190,-6.1654444414247,0.006,0.16,3.94922474358457e-186,"FOXQ1","Higher_in_TotalCell",-0.154
6.596175870343e-176,-6.10068846232761,0.004,0.146,1.64013913016079e-171,"VNN1","Higher_in_TotalCell",-0.142
1.65675374558532e-114,-6.05725637456328,0.003,0.1,4.11951818839789e-110,"ZFPM1","Higher_in_TotalCell",-0.097
1.33457330323207e-268,-5.99345265213075,0.007,0.215,3.31841651848655e-264,"TM4SF18","Higher_in_TotalCell",-0.208
0,-5.98516182107822,0.055,0.579,0,"TNFAIP6","Higher_in_TotalCell",-0.524
0,-5.96412631178412,0.028,0.52,0,"SDR16C5","Higher_in_TotalCell",-0.492
2.86821104513625e-280,-5.92509103491643,0.009,0.225,7.13180676373128e-276,"PLAU","Higher_in_TotalCell",-0.216
0,-5.71545102548067,0.026,0.578,0,"NBL1","Higher_in_TotalCell",-0.552
0,-5.63928426678416,0.015,0.307,0,"KLK10","Higher_in_TotalCell",-0.292
4.80365531337054e-200,-5.60561023867064,0.005,0.165,1.19442889366958e-195,"NDN","Higher_in_TotalCell",-0.16
0,-5.56756435321212,0.03,0.491,0,"MYLK","Higher_in_TotalCell",-0.461
3.38394001889995e-123,-5.51385997050312,0.002,0.103,8.41416685699473e-119,"THBD","Higher_in_TotalCell",-0.101
5.75396952479362e-245,-5.5090597832395,0.007,0.199,1.43072452233993e-240,"LUM","Higher_in_TotalCell",-0.192
7.66564990608206e-268,-5.5001484891297,0.01,0.219,1.9060638491473e-263,"FOXC2","Higher_in_TotalCell",-0.209
0,-5.38255150891161,0.009,0.267,0,"CCL20","Higher_in_TotalCell",-0.258
8.28747797909983e-235,-5.36397067811089,0.011,0.199,2.06068139950317e-230,"KYNU","Higher_in_TotalCell",-0.188
4.21053860011522e-122,-5.31402707855116,0.009,0.116,1.04695042291865e-117,"STEAP4","Higher_in_TotalCell",-0.107
3.72384527360363e-243,-5.2584740855417,0.016,0.211,9.25934127281543e-239,"PGLYRP4","Higher_in_TotalCell",-0.195
1.7821864867089e-245,-5.23863192896296,0.009,0.203,4.43140669920167e-241,"DUSP5","Higher_in_TotalCell",-0.194
2.10752728098338e-180,-5.159645765125,0.011,0.163,5.24036658416517e-176,"CXCL1","Higher_in_TotalCell",-0.152
9.87002583027283e-156,-5.1295660749403,0.009,0.141,2.45418192269734e-151,"KCNMB1","Higher_in_TotalCell",-0.132
0,-5.1024367911555,0.033,0.557,0,"ICAM1","Higher_in_TotalCell",-0.524
1.06181450736079e-137,-5.03268597286143,0.006,0.122,2.64020177255261e-133,"HLA-DRB5","Higher_in_TotalCell",-0.116
5.13797526363756e-202,-5.01887935390129,0.008,0.173,1.27755754930348e-197,"ACTA2","Higher_in_TotalCell",-0.165
3.94264251369668e-215,-5.01337608478694,0.009,0.182,9.80338061030679e-211,"METRNL","Higher_in_TotalCell",-0.173
0,-4.98408355356753,0.018,0.314,0,"HLA-F","Higher_in_TotalCell",-0.296
2.15100274694144e-139,-4.98114106442604,0.006,0.123,5.34846833026989e-135,"CKMT1A","Higher_in_TotalCell",-0.117
0,-4.93702619862272,0.053,0.494,0,"GAS6","Higher_in_TotalCell",-0.441
8.39878823171874e-151,-4.88021573366853,0.006,0.133,2.08835869381686e-146,"PGBD5","Higher_in_TotalCell",-0.127
7.79032336407642e-130,-4.8668650442206,0.01,0.123,1.9370639044776e-125,"NOD2","Higher_in_TotalCell",-0.113
0,-4.8189618071323,0.014,0.294,0,"VGLL1","Higher_in_TotalCell",-0.28
0,-4.7985368522258,0.019,0.709,0,"FDCSP","Higher_in_TotalCell",-0.69
1.87784675647575e-108,-4.79264953475565,0.008,0.103,4.66926595997696e-104,"MANEAL","Higher_in_TotalCell",-0.095
6.01573657862097e-290,-4.78061482979745,0.015,0.241,1.4958129002741e-285,"TINCR","Higher_in_TotalCell",-0.226
1.32525998595328e-271,-4.7705501192567,0.014,0.228,3.29525895507284e-267,"GPC6","Higher_in_TotalCell",-0.214
1.48120880623206e-320,-4.70690699208925,0.04,0.293,3.68302569669601e-316,"RHCG","Higher_in_TotalCell",-0.253
0,-4.70391632094316,0.174,0.732,0,"S100A9","Higher_in_TotalCell",-0.558
0,-4.68700677644147,0.037,0.384,0,"EGLN3","Higher_in_TotalCell",-0.347
0,-4.64645358291804,0.028,0.288,0,"FRAT2","Higher_in_TotalCell",-0.26
0,-4.63671564897164,0.043,0.366,0,"NOV","Higher_in_TotalCell",-0.323
3.37330811857163e-99,-4.60963895096201,0.011,0.101,8.38773063682837e-95,"RNFT2","Higher_in_TotalCell",-0.09
6.94455564480384e-113,-4.5927374071267,0.008,0.107,1.72676376108047e-108,"CDC42EP5","Higher_in_TotalCell",-0.099
0,-4.55385467546687,0.064,0.486,0,"LCN2","Higher_in_TotalCell",-0.422
6.24321206286497e-105,-4.51719913527226,0.007,0.1,1.55237467943137e-100,"MNS1","Higher_in_TotalCell",-0.093
1.21285535557704e-115,-4.50408062039193,0.005,0.105,3.01576484164232e-111,"CCL2","Higher_in_TotalCell",-0.1
5.2648281023843e-222,-4.48371053263116,0.011,0.191,1.30909950765786e-217,"SLCO3A1","Higher_in_TotalCell",-0.18
1.59301434007619e-120,-4.46774368685057,0.01,0.117,3.96103015659945e-116,"LAT","Higher_in_TotalCell",-0.107
1.64986843932502e-313,-4.46739656478113,0.031,0.277,4.10239787438166e-309,"KCNG1","Higher_in_TotalCell",-0.246
0,-4.46322221248328,0.048,0.468,0,"CITED4","Higher_in_TotalCell",-0.42
0,-4.37770555017716,0.034,0.416,0,"SERPINE2","Higher_in_TotalCell",-0.382
1.58311159231464e-308,-4.36311193275482,0.018,0.258,3.93640697429035e-304,"A4GALT","Higher_in_TotalCell",-0.24
2.26181375216668e-317,-4.33539496973917,0.007,0.246,5.62399989476246e-313,"IDO1","Higher_in_TotalCell",-0.239
2.60721666789616e-125,-4.32807894966409,0.012,0.124,6.48284424472381e-121,"IGFBP2","Higher_in_TotalCell",-0.112
3.57320934971669e-136,-4.30638479331452,0.012,0.132,8.88478504807056e-132,"DENND2C","Higher_in_TotalCell",-0.12
1.83896690019731e-110,-4.18874713690477,0.012,0.113,4.57259119734062e-106,"GSAP","Higher_in_TotalCell",-0.101
0,-4.17649308931076,0.037,0.34,0,"SNX10","Higher_in_TotalCell",-0.303
0,-4.08284672734086,0.178,0.743,0,"CEBPD","Higher_in_TotalCell",-0.565
4.38786317840725e-223,-4.05980719039632,0.008,0.188,1.09104217931096e-218,"CALB2","Higher_in_TotalCell",-0.18
2.0836431772035e-115,-4.04626705805708,0.02,0.13,5.1809787601165e-111,"STC1","Higher_in_TotalCell",-0.11
1.152466410038e-109,-4.03535451990651,0.013,0.113,2.86560772855948e-105,"FAM174B","Higher_in_TotalCell",-0.1
1.69453004431321e-156,-3.99616060408602,0.012,0.147,4.2134489551848e-152,"FSTL1","Higher_in_TotalCell",-0.135
0,-3.9181387717277,0.116,0.825,0,"SAA1","Higher_in_TotalCell",-0.709
0,-3.90807137109724,0.044,0.302,0,"CP","Higher_in_TotalCell",-0.258
2.32529580340394e-165,-3.88343949741904,0.024,0.172,5.78184801516389e-161,"C16orf74","Higher_in_TotalCell",-0.148
7.04769473329125e-99,-3.82927341235103,0.016,0.11,1.75240929543287e-94,"DANT1","Higher_in_TotalCell",-0.094
6.9541591862257e-182,-3.82913848908185,0.023,0.183,1.72915168165502e-177,"TMEM158","Higher_in_TotalCell",-0.16
0,-3.82547182854855,0.063,0.333,0,"SAP30","Higher_in_TotalCell",-0.27
2.93889746462563e-246,-3.79863763399592,0.034,0.242,7.30756854579162e-242,"FAM107B","Higher_in_TotalCell",-0.208
0,-3.78709004275113,0.059,0.349,0,"STC2","Higher_in_TotalCell",-0.29
6.48575179221786e-121,-3.78319234536468,0.019,0.132,1.61268218313497e-116,"IGFL2-AS1","Higher_in_TotalCell",-0.113
0,-3.77699434869425,0.407,0.773,0,"BTG2","Higher_in_TotalCell",-0.366
1.84646972941733e-111,-3.7714789182542,0.015,0.118,4.59124698219618e-107,"ITPRIP","Higher_in_TotalCell",-0.103
6.31027975376309e-88,-3.75474592267677,0.019,0.106,1.56905106077319e-83,"CKMT1B","Higher_in_TotalCell",-0.087
0,-3.7530475708828,0.263,0.778,0,"BRI3","Higher_in_TotalCell",-0.515
2.78354547438041e-162,-3.72361074854795,0.016,0.159,6.9212858220469e-158,"ALDH2","Higher_in_TotalCell",-0.143
0,-3.71046990975849,0.07,0.375,0,"PHLDA3","Higher_in_TotalCell",-0.305
8.6045561216163e-225,-3.6880897474417,0.033,0.226,2.13952287963989e-220,"F8A1","Higher_in_TotalCell",-0.193
1.33863654590212e-133,-3.68700742137754,0.009,0.125,3.32851977138562e-129,"GPAT2","Higher_in_TotalCell",-0.116
1.2740263062743e-175,-3.67511776717797,0.043,0.205,3.16786641055106e-171,"E2F1","Higher_in_TotalCell",-0.162
7.65109111030334e-123,-3.66196360985263,0.026,0.144,1.90244380457693e-118,"HSD17B2","Higher_in_TotalCell",-0.118
1.93442322997842e-308,-3.6556567504359,0.042,0.29,4.80994336134134e-304,"UPP1","Higher_in_TotalCell",-0.248
0,-3.64940560362175,0.078,0.368,0,"RNF144B","Higher_in_TotalCell",-0.29
4.1325514443161e-106,-3.64199792567423,0.023,0.127,1.0275589166292e-101,"TRAF3IP3","Higher_in_TotalCell",-0.104
1.22268104015517e-88,-3.63489792946835,0.026,0.118,3.04019640634583e-84,"LAMA3","Higher_in_TotalCell",-0.092
7.943284330728e-314,-3.61965766200653,0.064,0.317,1.97509764883552e-309,"PSTPIP2","Higher_in_TotalCell",-0.253
2.26910053526045e-255,-3.616128997948,0.064,0.281,5.6421184809251e-251,"PRRX2","Higher_in_TotalCell",-0.217
5.48198364448648e-211,-3.61141725548139,0.043,0.229,1.36309523320156e-206,"BCAR3","Higher_in_TotalCell",-0.186
9.05136522211579e-90,-3.60233272018888,0.019,0.108,2.25062196247909e-85,"ENDOG","Higher_in_TotalCell",-0.089
2.64596222876223e-115,-3.57877366393844,0.027,0.14,6.57918508181728e-111,"PTGES","Higher_in_TotalCell",-0.113
1.50630076126885e-94,-3.57612533623684,0.021,0.115,3.74541684289499e-90,"TNFAIP8L3","Higher_in_TotalCell",-0.094
0,-3.54382256267067,0.298,0.688,0,"MAFB","Higher_in_TotalCell",-0.39
6.12709234699409e-89,-3.54375491115911,0.017,0.105,1.52350151208008e-84,"FOXI1","Higher_in_TotalCell",-0.088
5.23513786376274e-316,-3.51782927749889,0.07,0.325,1.30171702982461e-311,"TPST1","Higher_in_TotalCell",-0.255
0,-3.51782322754515,0.092,0.391,0,"PDCD7","Higher_in_TotalCell",-0.299
0,-3.51054296082093,0.304,0.788,0,"MFGE8","Higher_in_TotalCell",-0.484
0,-3.49834190658168,0.15,0.505,0,"C19orf33","Higher_in_TotalCell",-0.355
0,-3.4896607448193,0.247,0.577,0,"CSTA","Higher_in_TotalCell",-0.33
4.64356480613434e-199,-3.46911265080179,0.054,0.235,1.1546223890453e-194,"GJB5","Higher_in_TotalCell",-0.181
7.03079991157608e-100,-3.46106229164339,0.019,0.117,1.74820839801339e-95,"ARTN","Higher_in_TotalCell",-0.098
3.33696255805172e-96,-3.45293895969845,0.022,0.118,8.2973574005956e-92,"BTBD6","Higher_in_TotalCell",-0.096
1.57367425098708e-286,-3.43646135195058,0.069,0.307,3.91294102507937e-282,"ACP5","Higher_in_TotalCell",-0.238
9.59827176142081e-155,-3.43070780483995,0.024,0.166,2.38661027347729e-150,"BEX2","Higher_in_TotalCell",-0.142
0,-3.42561370856848,0.177,0.553,0,"SH3KBP1","Higher_in_TotalCell",-0.376
6.63319805634875e-161,-3.42413850112202,0.03,0.178,1.64934469671112e-156,"GLIPR2","Higher_in_TotalCell",-0.148
1.42356870405201e-118,-3.42288064334542,0.025,0.14,3.53970358262533e-114,"CAV1","Higher_in_TotalCell",-0.115
3.20911327403233e-85,-3.41723177942113,0.028,0.119,7.97946015588139e-81,"PTPRE","Higher_in_TotalCell",-0.091
0,-3.40817442756184,0.759,0.968,0,"DDIT4","Higher_in_TotalCell",-0.209
0,-3.40339599358828,0.073,0.335,0,"RNF187","Higher_in_TotalCell",-0.262
9.46101168702392e-301,-3.39104239754351,0.073,0.32,2.3524805559785e-296,"SIAH2","Higher_in_TotalCell",-0.247
6.71396405625959e-144,-3.39023012159524,0.037,0.175,1.66942716258895e-139,"GPR143","Higher_in_TotalCell",-0.138
4.30411126443294e-97,-3.38615577036229,0.013,0.105,1.07021726590125e-92,"THEMIS2","Higher_in_TotalCell",-0.092
1.76896493523936e-119,-3.37567114763206,0.021,0.134,4.39853131147266e-115,"UBE2D4","Higher_in_TotalCell",-0.113
2.5111829218531e-230,-3.37463291326376,0.064,0.268,6.24405633518774e-226,"FGFR1","Higher_in_TotalCell",-0.204
3.75028918195234e-223,-3.37195266477763,0.069,0.27,9.3250940509245e-219,"HIST1H2BJ","Higher_in_TotalCell",-0.201
3.01309661960832e-118,-3.35732612006938,0.01,0.116,7.49206474465609e-114,"SULF1","Higher_in_TotalCell",-0.106
0,-3.35264658322048,0.117,0.416,0,"LINC01133","Higher_in_TotalCell",-0.299
5.8775328772201e-84,-3.32020256475356,0.023,0.11,1.46144854992078e-79,"PSMB8-AS1","Higher_in_TotalCell",-0.087
3.58414229622983e-84,-3.2971715684664,0.019,0.104,8.91196981957547e-80,"ETV7","Higher_in_TotalCell",-0.085
3.95345121231143e-104,-3.28919306609677,0.024,0.127,9.83025643941236e-100,"ENO2","Higher_in_TotalCell",-0.103
2.36672314689554e-147,-3.28814120517672,0.044,0.188,5.88485710475575e-143,"PROS1","Higher_in_TotalCell",-0.144
3.34882880260516e-103,-3.28738889872904,0.024,0.127,8.32686281767774e-99,"SEPT3","Higher_in_TotalCell",-0.103
5.39815609310037e-86,-3.28101216451341,0.04,0.135,1.34225151254941e-81,"TPPP3","Higher_in_TotalCell",-0.095
0,-3.26474140294092,0.155,0.524,0,"SNHG15","Higher_in_TotalCell",-0.369
2.53854890985352e-206,-3.2563245577332,0.06,0.247,6.31210186435077e-202,"CCM2","Higher_in_TotalCell",-0.187
0,-3.25023779286526,0.109,0.386,0,"ID4","Higher_in_TotalCell",-0.277
2.42068563994734e-170,-3.24462134283185,0.049,0.211,6.01903484372907e-166,"MYO1E","Higher_in_TotalCell",-0.162
8.26728373405445e-169,-3.24008021454347,0.044,0.203,2.05566010047264e-164,"BHLHE41","Higher_in_TotalCell",-0.159
0,-3.23920405973298,0.134,0.515,0,"DSG3","Higher_in_TotalCell",-0.381
1.42419243468245e-134,-3.23401155963585,0.036,0.168,3.54125448883792e-130,"RFNG","Higher_in_TotalCell",-0.132
1.73968078333792e-105,-3.22628538913261,0.027,0.133,4.32571626776973e-101,"MICALL1","Higher_in_TotalCell",-0.106
0,-3.20975946406294,0.122,0.41,0,"RRP7A","Higher_in_TotalCell",-0.288
0,-3.20395315664676,0.566,0.889,0,"CST3","Higher_in_TotalCell",-0.323
4.39689421725312e-193,-3.201483083965,0.049,0.226,1.09328774711999e-188,"ABHD17C","Higher_in_TotalCell",-0.177
2.65487189721736e-181,-3.19761143684624,0.081,0.254,6.60133897243098e-177,"AVPI1","Higher_in_TotalCell",-0.173
1.19329842640117e-120,-3.18950457370249,0.057,0.184,2.9671365372465e-116,"CCNE1","Higher_in_TotalCell",-0.127
4.18845656303121e-172,-3.18573353702035,0.024,0.179,1.04145972439771e-167,"TMPRSS3","Higher_in_TotalCell",-0.155
0,-3.18513744712842,0.21,0.772,0,"KRT6A","Higher_in_TotalCell",-0.562
2.09561576228494e-71,-3.18176720046246,0.023,0.1,5.21074859292151e-67,"CDH11","Higher_in_TotalCell",-0.077
0,-3.18120391751801,0.111,0.39,0,"LINC00667","Higher_in_TotalCell",-0.279
7.39195385932099e-294,-3.16920009216864,0.069,0.315,1.83800932712016e-289,"CDH3","Higher_in_TotalCell",-0.246
1.21106484050609e-84,-3.16625878067124,0.03,0.121,3.01131272591839e-80,"IL1RAP","Higher_in_TotalCell",-0.091
6.10604493552317e-156,-3.16153706126555,0.028,0.174,1.51826807321784e-151,"TNF","Higher_in_TotalCell",-0.146
1.50481634755019e-176,-3.15603344020966,0.046,0.212,3.74172584818356e-172,"IRX4","Higher_in_TotalCell",-0.166
7.94127998213455e-224,-3.14471227479811,0.073,0.273,1.97459926755776e-219,"DHRS4","Higher_in_TotalCell",-0.2
2.07472226313058e-117,-3.1436331346383,0.024,0.139,5.15879690727418e-113,"AMOTL2","Higher_in_TotalCell",-0.115
0,-3.14244489371903,0.372,0.778,0,"TPM2","Higher_in_TotalCell",-0.406
1.1034552405931e-105,-3.14035149891278,0.039,0.15,2.74374145573473e-101,"RAPGEF5","Higher_in_TotalCell",-0.111
1.40899704692797e-114,-3.13894994369292,0.025,0.137,3.5034711571864e-110,"OSMR","Higher_in_TotalCell",-0.112
0,-3.12108019653907,0.203,0.533,0,"PITX1","Higher_in_TotalCell",-0.33
2.2192005628049e-237,-3.11980640653837,0.053,0.262,5.51804219941439e-233,"NAPRT","Higher_in_TotalCell",-0.209
2.004072734458e-147,-3.11930244733947,0.049,0.195,4.98312685422983e-143,"CAMK1D","Higher_in_TotalCell",-0.146
3.60244760211904e-197,-3.11672303998552,0.057,0.239,8.95748596266899e-193,"TAPBPL","Higher_in_TotalCell",-0.182
0,-3.1070315228173,0.059,0.393,0,"SMIM22","Higher_in_TotalCell",-0.334
0,-3.09009915792615,0.519,0.954,0,"HLA-A","Higher_in_TotalCell",-0.435
0,-3.0796102856668,0.14,0.443,0,"CLDN1","Higher_in_TotalCell",-0.303
1.62364752201004e-66,-3.06386196906456,0.028,0.103,4.03719956347796e-62,"POLM","Higher_in_TotalCell",-0.075
0,-3.06353055145665,0.112,0.38,0,"NR2F2","Higher_in_TotalCell",-0.268
1.91836839011779e-121,-3.05048444792438,0.044,0.169,4.77002300202789e-117,"SERPINB8","Higher_in_TotalCell",-0.125
0,-3.04999977337033,0.22,0.582,0,"CD81","Higher_in_TotalCell",-0.362
0,-3.03878720351488,0.735,0.951,0,"RAC1","Higher_in_TotalCell",-0.216
1.08826566830698e-295,-3.0347184115436,0.121,0.364,2.7059725842453e-291,"PTEN","Higher_in_TotalCell",-0.243
1.93485573618743e-297,-3.02810446285396,0.095,0.343,4.81101878803004e-293,"HEXA","Higher_in_TotalCell",-0.248
0,-3.02197158400339,0.043,0.347,0,"SAA2","Higher_in_TotalCell",-0.304
3.86865563275573e-105,-3.01656945113962,0.011,0.108,9.61941223084713e-101,"SPESP1","Higher_in_TotalCell",-0.097
1.26248228285907e-64,-3.00727405967653,0.033,0.108,3.13916219632909e-60,"FAM107A","Higher_in_TotalCell",-0.075
1.93578989067589e-102,-3.00517586714127,0.034,0.141,4.81334156316561e-98,"CASP7","Higher_in_TotalCell",-0.107
5.24266854179726e-238,-3.00297271485566,0.086,0.298,1.30358953291789e-233,"BLVRA","Higher_in_TotalCell",-0.212
2.33398907378576e-98,-3.0029516479781,0.036,0.141,5.8034638319683e-94,"KIF13A","Higher_in_TotalCell",-0.105
1.61178864420274e-259,-2.99899715816311,0.047,0.271,4.00771246381012e-255,"HLA-DMA","Higher_in_TotalCell",-0.224
0,-2.99426206514816,0.067,0.441,0,"C1S","Higher_in_TotalCell",-0.374
2.53748175604413e-198,-2.98835739572341,0.069,0.254,6.30944838640372e-194,"LYN","Higher_in_TotalCell",-0.185
5.5695030694491e-104,-2.98526397432484,0.046,0.159,1.38485693821852e-99,"ETV5","Higher_in_TotalCell",-0.113
1.77373155909786e-131,-2.98090608170794,0.059,0.194,4.41038352169683e-127,"PPL","Higher_in_TotalCell",-0.135
7.69640605092941e-79,-2.98066679942265,0.034,0.121,1.9137113645636e-74,"GPC1","Higher_in_TotalCell",-0.087
1.4454846625582e-81,-2.97895241397242,0.03,0.118,3.59419761345095e-77,"FAM69C","Higher_in_TotalCell",-0.088
0,-2.97062637678726,0.055,0.331,0,"TIMP1","Higher_in_TotalCell",-0.276
2.25162308375552e-105,-2.95794345573429,0.043,0.156,5.59866079775809e-101,"SNN","Higher_in_TotalCell",-0.113
5.36729290573236e-222,-2.95221064001706,0.108,0.309,1.33457738101035e-217,"PRKAG2-AS1","Higher_in_TotalCell",-0.201
2.18566676544928e-134,-2.95010043029587,0.047,0.183,5.43466041228964e-130,"SYCE1L","Higher_in_TotalCell",-0.136
0,-2.9423441694783,0.059,0.432,0,"NNMT","Higher_in_TotalCell",-0.373
0,-2.93984532958415,0.239,0.574,0,"CHI3L1","Higher_in_TotalCell",-0.335
3.65010952660869e-78,-2.93723903534792,0.035,0.123,9.0759973379125e-74,"ARHGAP8","Higher_in_TotalCell",-0.088
5.53958899939522e-300,-2.9312458569974,0.125,0.371,1.37741880469962e-295,"PPP1R35","Higher_in_TotalCell",-0.246
2.01627376948376e-127,-2.9291498025647,0.052,0.184,5.01346472782136e-123,"SHB","Higher_in_TotalCell",-0.132
8.5224857148964e-97,-2.92184660772565,0.058,0.167,2.11911607300899e-92,"SLC39A14","Higher_in_TotalCell",-0.109
8.82502508105567e-123,-2.91924597520886,0.045,0.172,2.19434248640449e-118,"TPST2","Higher_in_TotalCell",-0.127
6.09114463679268e-91,-2.90653846125334,0.026,0.121,1.5145631139385e-86,"AGT","Higher_in_TotalCell",-0.095
0,-2.90635154777019,0.168,0.465,0,"IER5","Higher_in_TotalCell",-0.297
2.62430482217743e-177,-2.90513086293884,0.055,0.224,6.52533394034418e-173,"BIK","Higher_in_TotalCell",-0.169
0,-2.90018133554541,0.667,0.904,0,"NFKBIA","Higher_in_TotalCell",-0.237
1.00344662946017e-164,-2.89038162080151,0.121,0.285,2.49507004415271e-160,"GAN","Higher_in_TotalCell",-0.164
0,-2.88855820231308,0.195,0.521,0,"NBDY","Higher_in_TotalCell",-0.326
0,-2.8858594831858,0.474,0.749,0,"DMKN","Higher_in_TotalCell",-0.275
0,-2.8846400661294,0.528,0.781,0,"RHOV","Higher_in_TotalCell",-0.253
3.39738151215151e-125,-2.88329535332804,0.051,0.182,8.44758912996472e-121,"OPN3","Higher_in_TotalCell",-0.131
1.45865769684401e-82,-2.88235341386703,0.044,0.139,3.62695236320263e-78,"HSPB8","Higher_in_TotalCell",-0.095
2.73044423220747e-64,-2.87696308591808,0.037,0.114,6.78924958338388e-60,"AL117339.5","Higher_in_TotalCell",-0.077
0,-2.87567077992881,0.153,0.448,0,"CXCL16","Higher_in_TotalCell",-0.295
1.48597340343781e-62,-2.8665051336994,0.034,0.108,3.69487286764812e-58,"ELMO1","Higher_in_TotalCell",-0.074
0,-2.8658288099687,0.225,0.646,0,"SOD2","Higher_in_TotalCell",-0.421
0,-2.86156832101729,0.2,0.49,0,"CHI3L2","Higher_in_TotalCell",-0.29
3.54646227642103e-110,-2.84960615926139,0.063,0.185,8.8182784503209e-106,"AMFR","Higher_in_TotalCell",-0.122
0,-2.84281545355948,0.176,0.482,0,"CHCHD7","Higher_in_TotalCell",-0.306
4.30364961152502e-92,-2.84164272899984,0.042,0.143,1.0701024759057e-87,"HUS1","Higher_in_TotalCell",-0.101
0,-2.8410786308411,0.117,0.423,0,"MAFF","Higher_in_TotalCell",-0.306
9.34222557992404e-130,-2.8353198563146,0.06,0.195,2.32294439044811e-125,"AGAP3","Higher_in_TotalCell",-0.135
0,-2.83319037452246,0.198,0.531,0,"CXCL17","Higher_in_TotalCell",-0.333
0,-2.8324879413176,0.33,0.717,0,"PTP4A2","Higher_in_TotalCell",-0.387
1.15665844962555e-121,-2.82688560104067,0.034,0.157,2.87603123499392e-117,"PCGF5","Higher_in_TotalCell",-0.123
0,-2.82605994761505,0.287,0.719,0,"PMAIP1","Higher_in_TotalCell",-0.432
0,-2.82372686974009,0.518,0.88,0,"TPM1","Higher_in_TotalCell",-0.362
1.23969406020958e-130,-2.82267157952576,0.064,0.202,3.08249928071113e-126,"IL34","Higher_in_TotalCell",-0.138
4.1574100376994e-66,-2.81619779812199,0.032,0.109,1.03374000587395e-61,"HBEGF","Higher_in_TotalCell",-0.077
4.90587957098429e-62,-2.81598493721451,0.035,0.109,1.21984695532524e-57,"GINS4","Higher_in_TotalCell",-0.074
1.0378997168187e-116,-2.81502938345831,0.023,0.136,2.58073764586969e-112,"METRN","Higher_in_TotalCell",-0.113
9.17347040384636e-133,-2.81056790341371,0.066,0.205,2.2809834159164e-128,"RHBDF2","Higher_in_TotalCell",-0.139
2.58320919312594e-84,-2.80896032753501,0.061,0.161,6.42314965870766e-80,"MYLPF","Higher_in_TotalCell",-0.1
6.9383722041372e-142,-2.80612150387152,0.056,0.2,1.72522624855871e-137,"NXN","Higher_in_TotalCell",-0.144
2.05867110396948e-130,-2.79833923862337,0.041,0.174,5.11888570002011e-126,"IGFBP4","Higher_in_TotalCell",-0.133
5.61147557584494e-94,-2.79748707349783,0.054,0.162,1.39529340193384e-89,"UNC5B-AS1","Higher_in_TotalCell",-0.108
0,-2.79206327614479,0.254,0.587,0,"CLPTM1L","Higher_in_TotalCell",-0.333
3.34921582368878e-64,-2.78765673754225,0.039,0.117,8.32782514560214e-60,"FGFBP1","Higher_in_TotalCell",-0.078
0,-2.78141648437573,0.379,0.74,0,"CARHSP1","Higher_in_TotalCell",-0.361
0,-2.77295620338522,0.218,0.525,0,"PLS3","Higher_in_TotalCell",-0.307
7.46222347350171e-69,-2.764643420356,0.054,0.139,1.8554818666862e-64,"CEP152","Higher_in_TotalCell",-0.085
4.80064838299379e-168,-2.76275429072543,0.137,0.308,1.19368122043141e-163,"RASD1","Higher_in_TotalCell",-0.171
3.89231307142284e-72,-2.76115732135048,0.04,0.124,9.67823645209289e-68,"AEN","Higher_in_TotalCell",-0.084
2.45402083125214e-270,-2.75963223219807,0.14,0.374,6.10192279690845e-266,"IGFBP7","Higher_in_TotalCell",-0.234
1.47165495333813e-171,-2.75905485486552,0.128,0.297,3.65927004147527e-167,"SLC6A14","Higher_in_TotalCell",-0.169
0,-2.75620709254345,0.939,0.996,0,"TMSB4X","Higher_in_TotalCell",-0.0570000000000001
1.02056022293456e-65,-2.7559429721714,0.031,0.106,2.53762299432678e-61,"TNS3","Higher_in_TotalCell",-0.075
1.67829298272162e-89,-2.75530962764528,0.042,0.142,4.1730755015373e-85,"SNTB2","Higher_in_TotalCell",-0.1
1.10972901349254e-117,-2.7470322330874,0.076,0.205,2.7593411920492e-113,"PCDH1","Higher_in_TotalCell",-0.129
1.41512119294491e-234,-2.74696921790241,0.097,0.31,3.51869884625752e-230,"DPYSL2","Higher_in_TotalCell",-0.213
0,-2.74635513232558,0.275,0.615,0,"LY6K","Higher_in_TotalCell",-0.34
0,-2.73861100110038,0.15,0.427,0,"MYL9","Higher_in_TotalCell",-0.277
3.5878439575994e-201,-2.73293115441539,0.122,0.311,8.92117400057091e-197,"HR","Higher_in_TotalCell",-0.189
6.9280733053233e-74,-2.73203941499795,0.033,0.116,1.72266542736864e-69,"RORA","Higher_in_TotalCell",-0.083
1.60042133667531e-103,-2.72919535268601,0.057,0.172,3.97944765364316e-99,"PDZD2","Higher_in_TotalCell",-0.115
1.0700618746608e-215,-2.72828323912438,0.127,0.323,2.66070885134408e-211,"PCCA","Higher_in_TotalCell",-0.196
1.99396980819338e-121,-2.72658453465716,0.065,0.196,4.95800592807284e-117,"PHC2","Higher_in_TotalCell",-0.131
6.56926966929755e-81,-2.72204729443056,0.041,0.134,1.63344890327084e-76,"GK","Higher_in_TotalCell",-0.093
1.13311398476709e-162,-2.7200286402429,0.084,0.248,2.81748792312337e-158,"GLCE","Higher_in_TotalCell",-0.164
2.65650575843e-283,-2.71315713490583,0.124,0.364,6.60540156833619e-279,"IFI27L2","Higher_in_TotalCell",-0.24
9.77125969942518e-67,-2.7060776889799,0.033,0.111,2.42962372426207e-62,"APOLD1","Higher_in_TotalCell",-0.078
1.09572885422335e-65,-2.70606716829524,0.04,0.119,2.72452979602636e-61,"AC004951.1","Higher_in_TotalCell",-0.079
1.7601779952381e-84,-2.6975973952855,0.053,0.152,4.37668258515954e-80,"CCDC80","Higher_in_TotalCell",-0.099
2.50321625602974e-77,-2.68913461095058,0.032,0.118,6.22424722061795e-73,"APOBEC3C","Higher_in_TotalCell",-0.086
1.05873852608239e-66,-2.68463326422907,0.038,0.117,2.63255334510385e-62,"KIAA0040","Higher_in_TotalCell",-0.079
4.19941193770316e-180,-2.68179074688924,0.162,0.341,1.04418377830989e-175,"KRT15","Higher_in_TotalCell",-0.179
1.57032559302037e-184,-2.67458612669471,0.098,0.282,3.90461458704514e-180,"PSORS1C2","Higher_in_TotalCell",-0.184
3.62124927552911e-68,-2.66986030118207,0.038,0.119,9.00423632360314e-64,"HSPG2","Higher_in_TotalCell",-0.081
1.0186141365482e-96,-2.66787765674752,0.047,0.154,2.53278405052709e-92,"IL20RB","Higher_in_TotalCell",-0.107
1.90821314222041e-171,-2.65665326221014,0.08,0.251,4.74477197813105e-167,"PRC1","Higher_in_TotalCell",-0.171
2.38867215902242e-296,-2.65081598402704,0.18,0.414,5.93943332340924e-292,"PTPN12","Higher_in_TotalCell",-0.234
1.20298043576008e-169,-2.6478070895387,0.061,0.229,2.99121085351745e-165,"KRT81","Higher_in_TotalCell",-0.168
1.99160609235871e-228,-2.6447500405326,0.043,0.247,4.95212854864994e-224,"HLA-DQB1","Higher_in_TotalCell",-0.204
5.34581232700819e-138,-2.63865281246517,0.076,0.222,1.32923623511059e-133,"KCNK6","Higher_in_TotalCell",-0.146
7.85681861485325e-75,-2.63863902398836,0.05,0.14,1.95359794858326e-70,"LRRC28","Higher_in_TotalCell",-0.09
0,-2.63700278566912,0.25,0.527,0,"TMED4","Higher_in_TotalCell",-0.277
2.85574245677957e-130,-2.63490492531082,0.075,0.214,7.1008036187824e-126,"TSPAN9","Higher_in_TotalCell",-0.139
2.89040141824758e-173,-2.63173331613602,0.102,0.273,7.18698312647262e-169,"FAF1","Higher_in_TotalCell",-0.171
7.21551808265563e-84,-2.63092125103459,0.048,0.145,1.79413857125232e-79,"PKMYT1","Higher_in_TotalCell",-0.097
0,-2.62489517665671,0.598,0.814,0,"ZFP36L2","Higher_in_TotalCell",-0.216
4.87484451349139e-76,-2.62414064406179,0.106,0.206,1.21213008827963e-71,"EDN2","Higher_in_TotalCell",-0.1
5.31298512575327e-96,-2.62024777779158,0.074,0.186,1.32107375151855e-91,"DOCK9","Higher_in_TotalCell",-0.112
0,-2.62019002890728,0.235,0.502,0,"BRD7","Higher_in_TotalCell",-0.267
1.10706065254894e-66,-2.61804230184431,0.047,0.129,2.75270631256294e-62,"EVA1A","Higher_in_TotalCell",-0.082
6.23444504596845e-54,-2.6154804687378,0.039,0.107,1.55019476068006e-49,"ZMYND19","Higher_in_TotalCell",-0.068
9.95386190243792e-114,-2.61391215579318,0.074,0.203,2.47502776204119e-109,"KRT23","Higher_in_TotalCell",-0.129
1.30843682774562e-280,-2.6134189536819,0.226,0.448,3.25342817218949e-276,"MT1G","Higher_in_TotalCell",-0.222
1.14811450137181e-147,-2.61260963005274,0.112,0.265,2.85478670766101e-143,"SSPN","Higher_in_TotalCell",-0.153
6.6463848975348e-51,-2.60845400753801,0.041,0.107,1.65262360477203e-46,"SHF","Higher_in_TotalCell",-0.066
3.82251858531604e-48,-2.60505212488648,0.037,0.1,9.50469246238834e-44,"SUSD3","Higher_in_TotalCell",-0.063
5.18467770266092e-65,-2.6044443370395,0.047,0.128,1.28917011076664e-60,"PET117","Higher_in_TotalCell",-0.081
7.08672103969131e-71,-2.60400311285571,0.024,0.102,1.76211318651924e-66,"RASGRP1","Higher_in_TotalCell",-0.078
0,-2.59549650242307,0.61,0.966,0,"HLA-B","Higher_in_TotalCell",-0.356
1.68782702606378e-119,-2.5939352486824,0.029,0.149,4.1967819003076e-115,"LAMC2","Higher_in_TotalCell",-0.12
2.64804055394078e-207,-2.58898814687721,0.119,0.315,6.58435283737376e-203,"IDS","Higher_in_TotalCell",-0.196
0,-2.58798299840069,0.18,0.444,0,"COA1","Higher_in_TotalCell",-0.264
8.44663739256458e-77,-2.58785653420875,0.055,0.147,2.10025638766118e-72,"MARVELD1","Higher_in_TotalCell",-0.092
1.41771121676981e-51,-2.58703326834388,0.038,0.104,3.52513894049813e-47,"AC027031.2","Higher_in_TotalCell",-0.066
1.22024342577674e-98,-2.58646644979586,0.119,0.236,3.03413527819386e-94,"LIF","Higher_in_TotalCell",-0.117
0,-2.58641347309871,0.41,0.787,0,"SFRP1","Higher_in_TotalCell",-0.377
6.66658419255092e-168,-2.58529650157902,0.093,0.262,1.65764615947779e-163,"HDGFL3","Higher_in_TotalCell",-0.169
3.6604798859341e-89,-2.5818068284128,0.062,0.167,9.10178323637515e-85,"SMC1B","Higher_in_TotalCell",-0.105
3.48033030007882e-69,-2.57629752992856,0.034,0.115,8.65384129114598e-65,"CARD16","Higher_in_TotalCell",-0.081
4.68499975540738e-230,-2.56450644487278,0.112,0.323,1.16492518918204e-225,"GTPBP6","Higher_in_TotalCell",-0.211
0,-2.56145593636284,0.528,0.825,0,"WFDC2","Higher_in_TotalCell",-0.297
1.3895778304927e-50,-2.56030317818503,0.044,0.111,3.4551852755201e-46,"MAP3K6","Higher_in_TotalCell",-0.067
2.44302105666165e-123,-2.55814709940371,0.076,0.211,6.07457185738919e-119,"TMEM173","Higher_in_TotalCell",-0.135
9.38542774437428e-62,-2.55752292130733,0.035,0.108,2.33368660863866e-57,"GRK6","Higher_in_TotalCell",-0.073
0,-2.54991571340256,0.267,0.599,0,"MPST","Higher_in_TotalCell",-0.332
4.66275950333089e-71,-2.54923317000148,0.035,0.117,1.15939515050323e-66,"DSEL","Higher_in_TotalCell",-0.082
1.94801521723893e-91,-2.54834770415532,0.074,0.183,4.84373983766459e-87,"PAPSS2","Higher_in_TotalCell",-0.109
6.76044983887501e-88,-2.54827929651698,0.066,0.171,1.68098585243627e-83,"SLC1A4","Higher_in_TotalCell",-0.105
1.43258030776065e-78,-2.54769798430301,0.036,0.125,3.56211093524684e-74,"TARSL2","Higher_in_TotalCell",-0.089
1.12622213679151e-230,-2.54599131367742,0.187,0.384,2.80035134313208e-226,"CENPM","Higher_in_TotalCell",-0.197
0,-2.54224746464129,0.399,0.722,0,"CAPZB","Higher_in_TotalCell",-0.323
0,-2.5406143207489,0.264,0.52,0,"SOCS3","Higher_in_TotalCell",-0.256
0,-2.53705867259827,0.249,0.504,0,"SYNGR1","Higher_in_TotalCell",-0.255
0,-2.53658284834849,0.341,0.594,0,"SCCPDH","Higher_in_TotalCell",-0.253
3.79290568585103e-83,-2.53576474707088,0.073,0.175,9.43105998786858e-79,"EXOSC6","Higher_in_TotalCell",-0.102
3.25885211017195e-163,-2.53471511247399,0.113,0.278,8.10313577194256e-159,"TRIOBP","Higher_in_TotalCell",-0.165
1.13267195157471e-61,-2.53205049621731,0.037,0.112,2.81638880759051e-57,"CHMP6","Higher_in_TotalCell",-0.075
1.95566299008692e-131,-2.53018398483738,0.086,0.228,4.86275602485112e-127,"SNAPC5","Higher_in_TotalCell",-0.142
6.7132553864406e-155,-2.5293122470805,0.096,0.257,1.66925095183845e-150,"MIR4458HG","Higher_in_TotalCell",-0.161
0,-2.52771292136574,0.547,0.789,0,"DUSP1","Higher_in_TotalCell",-0.242
3.77298816021934e-282,-2.52537633964204,0.176,0.415,9.38153506038539e-278,"DEPP1","Higher_in_TotalCell",-0.239
7.54577971829966e-142,-2.52333921715028,0.096,0.247,1.87625812695521e-137,"PURB","Higher_in_TotalCell",-0.151
3.01560428338223e-120,-2.52106098789297,0.04,0.165,7.49830005062992e-116,"RNASE1","Higher_in_TotalCell",-0.125
1.92264306813831e-272,-2.51974390699577,0.17,0.394,4.7806519889259e-268,"MBD2","Higher_in_TotalCell",-0.224
2.43729537617709e-136,-2.50057112689814,0.096,0.242,6.06033495286434e-132,"PIGBOS1","Higher_in_TotalCell",-0.146
2.32627947229907e-76,-2.49813291914874,0.072,0.167,5.78429390787164e-72,"PARD6A","Higher_in_TotalCell",-0.095
1.34992403352054e-130,-2.49743695150674,0.099,0.241,3.35658610934883e-126,"CEP55","Higher_in_TotalCell",-0.142
1.00552677940848e-106,-2.4964626700165,0.039,0.153,2.50024233699919e-102,"ARHGAP29","Higher_in_TotalCell",-0.114
7.32822022587208e-128,-2.49546406940415,0.084,0.224,1.82216195916309e-123,"SUN2","Higher_in_TotalCell",-0.14
0,-2.49339728698215,0.381,0.63,0,"SDC4","Higher_in_TotalCell",-0.249
1.28737812116944e-99,-2.48450198818297,0.045,0.155,3.20106569828782e-95,"NUDCD3","Higher_in_TotalCell",-0.11
1.05280436083157e-139,-2.48433216916061,0.097,0.245,2.6177980432077e-135,"ABHD12","Higher_in_TotalCell",-0.148
7.46190862745866e-93,-2.47925923403558,0.097,0.208,1.8554035802176e-88,"DTX2","Higher_in_TotalCell",-0.111
1.70214765693436e-86,-2.47683609307198,0.054,0.156,4.23239014896728e-82,"PCYT2","Higher_in_TotalCell",-0.102
1.74202038609437e-100,-2.47292806744755,0.079,0.198,4.33153369002366e-96,"KLK11","Higher_in_TotalCell",-0.119
5.27800744593589e-155,-2.47092297742494,0.112,0.272,1.31237655143196e-150,"MAFG","Higher_in_TotalCell",-0.16
1.33300744427947e-54,-2.46872055206285,0.045,0.116,3.31452301020091e-50,"CCDC71L","Higher_in_TotalCell",-0.071
9.53596182050466e-217,-2.46797919755506,0.233,0.424,2.37111690666848e-212,"HIST1H1C","Higher_in_TotalCell",-0.191
4.97268866678442e-241,-2.46402007441282,0.185,0.389,1.23645903699595e-236,"MBP","Higher_in_TotalCell",-0.204
5.54956040324578e-198,-2.46044614952918,0.194,0.369,1.37989819426706e-193,"CENPU","Higher_in_TotalCell",-0.175
3.8205884814167e-117,-2.45656241252332,0.093,0.226,9.49989325904263e-113,"ESYT2","Higher_in_TotalCell",-0.133
6.35697737112477e-57,-2.45283365138486,0.035,0.105,1.58066242333017e-52,"LAMA4","Higher_in_TotalCell",-0.07
0,-2.45078980014761,0.297,0.53,0,"TYMS","Higher_in_TotalCell",-0.233
5.45514217916345e-57,-2.45032438247898,0.062,0.14,1.35642110284899e-52,"ROCR","Higher_in_TotalCell",-0.078
5.43656703214026e-47,-2.44161850196678,0.041,0.103,1.35180239254168e-42,"KCNS3","Higher_in_TotalCell",-0.062
3.66180174333206e-203,-2.44157147308678,0.184,0.365,9.10507003479516e-199,"PRKAG2","Higher_in_TotalCell",-0.181
5.01485249852713e-104,-2.44031952822394,0.094,0.215,1.24694307375877e-99,"RAB27A","Higher_in_TotalCell",-0.121
1.60131072047451e-127,-2.43866395453506,0.099,0.241,3.98165910645986e-123,"STK38L","Higher_in_TotalCell",-0.142
0,-2.43804254313565,0.631,0.847,0,"CEBPB","Higher_in_TotalCell",-0.216
0,-2.43707582514434,0.701,0.902,0,"RPS27L","Higher_in_TotalCell",-0.201
1.16701883182965e-60,-2.43495566341426,0.059,0.139,2.90179232534443e-56,"HRK","Higher_in_TotalCell",-0.08
5.3860574579397e-79,-2.43224765254451,0.06,0.161,1.33924318691671e-74,"TAGLN","Higher_in_TotalCell",-0.101
8.19661639971246e-85,-2.43167270993671,0.081,0.185,2.0380886677885e-80,"ZNRF1","Higher_in_TotalCell",-0.104
2.03697174341916e-09,-2.43061822057113,0.085,0.107,5.06493024001174e-05,"ACTG2","Higher_in_TotalCell",-0.022
4.41337867172939e-298,-2.42437834072768,0.223,0.451,1.09738660672551e-293,"MYH9","Higher_in_TotalCell",-0.228
7.56586881086813e-71,-2.4219927543703,0.05,0.137,1.88125327982236e-66,"OGDH","Higher_in_TotalCell",-0.087
1.68384197069442e-194,-2.41932358078542,0.134,0.32,4.18687306013167e-190,"PQLC1","Higher_in_TotalCell",-0.186
0,-2.41801413225059,0.334,0.607,0,"STK24","Higher_in_TotalCell",-0.273
0,-2.41535196483128,0.59,0.861,0,"YBX3","Higher_in_TotalCell",-0.271
1.13157488828772e-49,-2.41146005383157,0.04,0.104,2.81366095972742e-45,"CREBL2","Higher_in_TotalCell",-0.064
2.14970658551159e-228,-2.40600017168925,0.168,0.371,5.34524542487456e-224,"FHL2","Higher_in_TotalCell",-0.203
4.64932615017114e-163,-2.40549552075139,0.089,0.256,1.15605494724006e-158,"ODF3B","Higher_in_TotalCell",-0.167
8.90477116907507e-76,-2.40420662073735,0.055,0.148,2.21417135119052e-71,"JMJD8","Higher_in_TotalCell",-0.093
0,-2.40049737946131,0.056,0.487,0,"HLA-DRA","Higher_in_TotalCell",-0.431
1.29892189549766e-252,-2.39608461057344,0.184,0.397,3.22976929315493e-248,"DNAJC21","Higher_in_TotalCell",-0.213
1.33711803293205e-95,-2.39487328689818,0.09,0.205,3.32474398888554e-91,"LGALSL","Higher_in_TotalCell",-0.115
1.27791108601609e-278,-2.39328891131135,0.208,0.428,3.177525915379e-274,"FRG1","Higher_in_TotalCell",-0.22
7.46823791942415e-99,-2.39312340189225,0.101,0.218,1.85697735866481e-94,"YRDC","Higher_in_TotalCell",-0.117
7.11907495496079e-104,-2.39103692068811,0.098,0.22,1.770157987551e-99,"CD83","Higher_in_TotalCell",-0.122
2.57485286640134e-53,-2.39013943034461,0.045,0.114,6.40237165230693e-49,"FOXD1","Higher_in_TotalCell",-0.069
6.8977880698315e-95,-2.38874440620098,0.067,0.179,1.7151350035636e-90,"SNX8","Higher_in_TotalCell",-0.112
6.58921863953853e-73,-2.38646299110906,0.075,0.169,1.63840921472125e-68,"CPNE2","Higher_in_TotalCell",-0.094
1.0935627552049e-41,-2.38336685900538,0.047,0.105,2.71914379081699e-37,"SLC25A40","Higher_in_TotalCell",-0.058
4.05675842120015e-141,-2.38237075533023,0.136,0.285,1.00871298143142e-136,"CBFB","Higher_in_TotalCell",-0.149
0,-2.38194005218608,0.329,0.618,0,"HLA-E","Higher_in_TotalCell",-0.289
9.92555633993782e-112,-2.38096783614795,0.099,0.226,2.46798958392554e-107,"DCTD","Higher_in_TotalCell",-0.127
6.79160810237755e-95,-2.38047103728357,0.079,0.192,1.68873335465618e-90,"PLEKHF1","Higher_in_TotalCell",-0.113
4.92284191722284e-194,-2.37778531428006,0.129,0.319,1.22406464271746e-189,"SORBS2","Higher_in_TotalCell",-0.19
6.96840126405924e-62,-2.37499347648857,0.046,0.123,1.73269297430833e-57,"SEMA4B","Higher_in_TotalCell",-0.077
8.83721374611233e-224,-2.37285312946113,0.186,0.383,2.19737319797083e-219,"DSC3","Higher_in_TotalCell",-0.197
1.46547348505167e-100,-2.37270313287364,0.036,0.144,3.64389982058098e-96,"KLHDC7B","Higher_in_TotalCell",-0.108
1.18062817923357e-244,-2.37182798725213,0.184,0.391,2.93563196766426e-240,"IMPAD1","Higher_in_TotalCell",-0.207
2.48857455120804e-182,-2.37080507436596,0.043,0.218,6.1878406215788e-178,"NRP2","Higher_in_TotalCell",-0.175
1.00261115084655e-95,-2.3663552492677,0.088,0.202,2.49299262657994e-91,"TLNRD1","Higher_in_TotalCell",-0.114
0,-2.35484351568208,0.395,0.651,0,"CHPT1","Higher_in_TotalCell",-0.256
0,-2.35346196178398,0.97,0.996,0,"B2M","Higher_in_TotalCell",-0.026
6.85190386473607e-93,-2.35345149872426,0.065,0.175,1.70372589596662e-88,"NDE1","Higher_in_TotalCell",-0.11
6.5799007100403e-88,-2.35124276844664,0.04,0.139,1.63609231155152e-83,"ITGB4","Higher_in_TotalCell",-0.099
1.71304027051832e-67,-2.34986329941995,0.075,0.164,4.25947463264379e-63,"CEACAM1","Higher_in_TotalCell",-0.089
3.13626660792346e-52,-2.34410471933471,0.051,0.121,7.79832692060169e-48,"ASL","Higher_in_TotalCell",-0.07
0,-2.34364121178481,0.956,0.987,0,"ANXA2","Higher_in_TotalCell",-0.031
2.88329317896662e-117,-2.34023333036002,0.057,0.187,7.1693084895005e-113,"SYNM","Higher_in_TotalCell",-0.13
2.08250822008727e-66,-2.33801696086265,0.076,0.164,5.178156689247e-62,"NFKBID","Higher_in_TotalCell",-0.088
1.10410689901274e-46,-2.33659423806785,0.038,0.1,2.74536180439518e-42,"ASPHD1","Higher_in_TotalCell",-0.062
2.11431438479113e-55,-2.33107565528359,0.057,0.132,5.25724271778313e-51,"RIN2","Higher_in_TotalCell",-0.075
0,-2.33095086996051,0.549,0.819,0,"SELENOS","Higher_in_TotalCell",-0.27
0,-2.3282645892799,0.085,0.388,0,"LGALS3BP","Higher_in_TotalCell",-0.303
0,-2.32798173060825,0.23,0.6,0,"H1FX","Higher_in_TotalCell",-0.37
2.44624622800169e-51,-2.31764383773464,0.05,0.119,6.0825912459262e-47,"TTLL12","Higher_in_TotalCell",-0.069
3.88910692635702e-56,-2.31280191878832,0.072,0.149,9.67026437238674e-52,"SH3BP1","Higher_in_TotalCell",-0.077
0,-2.31039808920439,0.905,0.971,0,"HSPB1","Higher_in_TotalCell",-0.0659999999999999
2.80171237298155e-123,-2.31020065986659,0.116,0.253,6.96645781541863e-119,"PLPBP","Higher_in_TotalCell",-0.137
9.38405183778964e-307,-2.30756524606586,0.244,0.473,2.33334448946639e-302,"EMP1","Higher_in_TotalCell",-0.229
0,-2.30469489813228,0.329,0.635,0,"TYMP","Higher_in_TotalCell",-0.306
4.53727379116893e-50,-2.30459699652533,0.052,0.121,1.12819312817415e-45,"NMNAT3","Higher_in_TotalCell",-0.069
3.41357203920055e-66,-2.30426934187404,0.053,0.137,8.48784687547217e-62,"AAED1","Higher_in_TotalCell",-0.084
0,-2.29840360368279,0.553,0.769,0,"CLTB","Higher_in_TotalCell",-0.216
1.36554645417678e-273,-2.29548819680449,0.105,0.352,3.39543125831055e-269,"TAP1","Higher_in_TotalCell",-0.247
1.86022705405064e-151,-2.2927615985641,0.125,0.283,4.62545456989691e-147,"MAP2K2","Higher_in_TotalCell",-0.158
6.06038791836889e-51,-2.29102240425661,0.07,0.142,1.50691545590242e-46,"S1PR5","Higher_in_TotalCell",-0.072
6.79039663412234e-98,-2.290914743523,0.108,0.226,1.68843212307452e-93,"SHC4","Higher_in_TotalCell",-0.118
1.33317434964191e-36,-2.28885541357219,0.046,0.1,3.31493802038461e-32,"SDCBP2","Higher_in_TotalCell",-0.054
9.25689379280329e-90,-2.28653809562442,0.076,0.185,2.30172664158054e-85,"CDC25B","Higher_in_TotalCell",-0.109
4.00547176258281e-59,-2.28644114959046,0.065,0.145,9.95960553766215e-55,"CLN6","Higher_in_TotalCell",-0.08
2.21320179271579e-84,-2.28588011529419,0.11,0.216,5.50312625758782e-80,"C9orf3","Higher_in_TotalCell",-0.106
1.06679878236197e-140,-2.284677794742,0.138,0.287,2.65259517234304e-136,"ING2","Higher_in_TotalCell",-0.149
2.16341883780021e-82,-2.28312221607789,0.091,0.195,5.37934094019022e-78,"ABCA5","Higher_in_TotalCell",-0.104
0,-2.28223619211287,0.5,0.767,0,"ID1","Higher_in_TotalCell",-0.267
0,-2.27996392672526,0.461,0.672,0,"TFDP1","Higher_in_TotalCell",-0.211
1.36323885617599e-46,-2.27894091283269,0.045,0.109,3.38969341588161e-42,"ATP2C2","Higher_in_TotalCell",-0.064
5.44547131370832e-38,-2.27658420412149,0.049,0.105,1.35401644215357e-33,"LYPD6B","Higher_in_TotalCell",-0.056
3.28214138755309e-153,-2.27631107640231,0.129,0.289,8.16104456015075e-149,"C1orf21","Higher_in_TotalCell",-0.16
6.84478380209329e-56,-2.27312186098031,0.043,0.115,1.7019554923905e-51,"VWA1","Higher_in_TotalCell",-0.072
0,-2.26993123756277,0.582,0.812,0,"LITAF","Higher_in_TotalCell",-0.23
1.18333138797413e-64,-2.26915794640537,0.033,0.11,2.94235349619768e-60,"RBPMS","Higher_in_TotalCell",-0.077
1.22452779813954e-173,-2.26806386346411,0.139,0.314,3.04478837007397e-169,"PLAUR","Higher_in_TotalCell",-0.175
1.67362541904944e-209,-2.26630750908173,0.23,0.405,4.16146960446644e-205,"PIM1","Higher_in_TotalCell",-0.175
4.40298301665648e-44,-2.25928491818442,0.053,0.116,1.09480172709163e-39,"PHTF2","Higher_in_TotalCell",-0.063
8.60587454599776e-218,-2.25690654000866,0.212,0.398,2.13985070586234e-213,"C3orf14","Higher_in_TotalCell",-0.186
2.37998052005596e-56,-2.25536665144024,0.043,0.115,5.91782156311914e-52,"TMEM120A","Higher_in_TotalCell",-0.072
7.54175701016315e-50,-2.25447391271316,0.043,0.11,1.87525788057707e-45,"PPP2R3B","Higher_in_TotalCell",-0.067
4.68343058007341e-61,-2.25197686920836,0.068,0.15,1.16453501373525e-56,"BCAR1","Higher_in_TotalCell",-0.082
8.01323335490258e-166,-2.24994558221802,0.147,0.314,1.99249047369653e-161,"RHBDD2","Higher_in_TotalCell",-0.167
2.93253816001251e-57,-2.24824283152383,0.05,0.125,7.2917561348711e-53,"INPP5F","Higher_in_TotalCell",-0.075
0,-2.24537558064836,0.45,0.673,0,"GADD45A","Higher_in_TotalCell",-0.223
0,-2.24511849848879,0.66,0.873,0,"S100P","Higher_in_TotalCell",-0.213
3.89526798843683e-46,-2.24329498999831,0.06,0.127,9.68558385324818e-42,"PTPRU","Higher_in_TotalCell",-0.067
0,-2.24317758101271,0.392,0.718,0,"ATP1B1","Higher_in_TotalCell",-0.326
7.6990467612786e-147,-2.24240943704304,0.138,0.293,1.91436797719192e-142,"ATP6V1B2","Higher_in_TotalCell",-0.155
2.9428091708728e-143,-2.24050682625279,0.16,0.308,7.31729500337523e-139,"CAV2","Higher_in_TotalCell",-0.148
3.89248856041209e-287,-2.23531377560581,0.257,0.465,9.67867280546465e-283,"TMA16","Higher_in_TotalCell",-0.208
5.11241743412839e-50,-2.23288448299231,0.043,0.11,1.27120259499602e-45,"SDC3","Higher_in_TotalCell",-0.067
0,-2.23161543780508,0.285,0.509,0,"TXNDC12","Higher_in_TotalCell",-0.224
5.70456820690174e-95,-2.22987767463391,0.093,0.211,1.41844088464612e-90,"EDN1","Higher_in_TotalCell",-0.118
1.70275756505812e-74,-2.22547767468063,0.101,0.198,4.23390668551701e-70,"CENPN","Higher_in_TotalCell",-0.097
9.13866069271718e-76,-2.22469667494798,0.08,0.178,2.27232798124413e-71,"STYXL1","Higher_in_TotalCell",-0.098
3.51612881569166e-98,-2.22159474585389,0.105,0.223,8.7428543002173e-94,"DDX56","Higher_in_TotalCell",-0.118
0,-2.21703534235777,0.645,0.84,0,"MT2A","Higher_in_TotalCell",-0.195
2.21820970842618e-94,-2.21319929105479,0.11,0.226,5.5155784400017e-90,"MYOF","Higher_in_TotalCell",-0.116
0,-2.20967012085383,0.717,0.873,0,"MAL2","Higher_in_TotalCell",-0.156
0,-2.20860310122131,0.599,0.816,0,"DNAJB6","Higher_in_TotalCell",-0.217
2.17016244019144e-53,-2.20615809738906,0.09,0.168,5.39610890753602e-49,"DUOX1","Higher_in_TotalCell",-0.078
1.17263173675532e-108,-2.20431430650924,0.097,0.224,2.9157488134421e-104,"BCL3","Higher_in_TotalCell",-0.127
2.03439204092511e-49,-2.20416687694272,0.044,0.111,5.05851580976029e-45,"OTUD5","Higher_in_TotalCell",-0.067
0,-2.20261869018789,0.372,0.612,0,"EIF3J","Higher_in_TotalCell",-0.24
3.54885658515094e-185,-2.1985362306134,0.231,0.391,8.82423189897781e-181,"CTSH","Higher_in_TotalCell",-0.16
3.46799124064757e-65,-2.1958267997608,0.09,0.178,8.62316021987018e-61,"LIPA","Higher_in_TotalCell",-0.088
3.07734460171155e-38,-2.19241698208425,0.063,0.122,7.65181735215576e-34,"SLC12A2","Higher_in_TotalCell",-0.059
8.41617945700285e-185,-2.19133807995491,0.191,0.361,2.09268302198376e-180,"UBL4A","Higher_in_TotalCell",-0.17
1.39141727854636e-97,-2.19093059653563,0.112,0.23,3.45975906310553e-93,"ASMTL","Higher_in_TotalCell",-0.118
0,-2.19048228373473,0.531,0.738,0,"EFNA1","Higher_in_TotalCell",-0.207
2.36848966768133e-73,-2.18941521261063,0.095,0.191,5.88924955868962e-69,"SMIM13","Higher_in_TotalCell",-0.096
0,-2.18835032276092,0.461,0.693,0,"EIF4EBP1","Higher_in_TotalCell",-0.232
1.73301052116943e-60,-2.18570187151279,0.061,0.142,4.30913066088778e-56,"BBC3","Higher_in_TotalCell",-0.081
3.10343851067082e-51,-2.18128015496261,0.064,0.136,7.71669985678299e-47,"XG","Higher_in_TotalCell",-0.072
0,-2.18046712443312,0.402,0.641,0,"NDRG1","Higher_in_TotalCell",-0.239
1.10469081664247e-118,-2.179570573849,0.162,0.295,2.74681371558149e-114,"MYBL2","Higher_in_TotalCell",-0.133
0,-2.17912254799545,0.359,0.599,0,"PIM3","Higher_in_TotalCell",-0.24
3.80076737935215e-169,-2.17790463364909,0.198,0.357,9.45060808875912e-165,"ALYREF","Higher_in_TotalCell",-0.159
8.02219976823203e-107,-2.17384678044932,0.053,0.172,1.99471997237089e-102,"RELB","Higher_in_TotalCell",-0.119
0,-2.17366159905129,0.369,0.644,0,"CTSB","Higher_in_TotalCell",-0.275
2.45923537448689e-61,-2.16932994158147,0.078,0.161,6.11488875866166e-57,"LHPP","Higher_in_TotalCell",-0.083
1.51203726458766e-77,-2.168345191009,0.088,0.188,3.75968065839723e-73,"LYSMD2","Higher_in_TotalCell",-0.1
3.07197748727133e-71,-2.16833246291362,0.1,0.195,7.63847202210016e-67,"CASP3","Higher_in_TotalCell",-0.095
2.14943780837168e-53,-2.16762417867316,0.05,0.123,5.34457711051618e-49,"ADAM9","Higher_in_TotalCell",-0.073
3.80546338246099e-74,-2.16675241692022,0.056,0.148,9.46228470048924e-70,"CASP1","Higher_in_TotalCell",-0.092
8.80515993777902e-64,-2.16480703686059,0.078,0.165,2.18940301852875e-59,"IRF2","Higher_in_TotalCell",-0.087
0,-2.16463026848099,0.293,0.542,0,"MSN","Higher_in_TotalCell",-0.249
2.88287937283362e-165,-2.1623611860389,0.263,0.405,7.1682795605508e-161,"ASF1B","Higher_in_TotalCell",-0.142
0,-2.16117466473359,0.295,0.519,0,"ISG20","Higher_in_TotalCell",-0.224
1.36518953938298e-67,-2.15781733576253,0.09,0.181,3.39454378967579e-63,"ITGB5","Higher_in_TotalCell",-0.091
3.86854749463153e-189,-2.15673268066076,0.258,0.417,9.61914334540129e-185,"ZC3H12A","Higher_in_TotalCell",-0.159
2.29639036366367e-205,-2.1530534578163,0.159,0.352,5.70997463924973e-201,"SRM","Higher_in_TotalCell",-0.193
2.81309177705679e-69,-2.15161089128067,0.085,0.178,6.99475270365171e-65,"PIMREG","Higher_in_TotalCell",-0.093
0,-2.14818594860046,0.282,0.504,0,"POLD2","Higher_in_TotalCell",-0.222
4.50527845891535e-273,-2.14807450367112,0.324,0.499,1.1202374888093e-268,"PON2","Higher_in_TotalCell",-0.175
1.50090545701864e-182,-2.14302024221543,0.249,0.4,3.73200141887686e-178,"SRD5A1","Higher_in_TotalCell",-0.151
9.03513606950899e-64,-2.14093926380943,0.127,0.214,2.24658658368341e-59,"CDT1","Higher_in_TotalCell",-0.087
4.49436139999908e-91,-2.14088328974113,0.115,0.227,1.11752296210977e-86,"FURIN","Higher_in_TotalCell",-0.112
8.0527649710856e-56,-2.13944997550316,0.046,0.12,2.00232001006043e-51,"CHSY1","Higher_in_TotalCell",-0.074
0,-2.13599142223748,0.388,0.619,0,"DAP","Higher_in_TotalCell",-0.231
5.29202574890139e-118,-2.13582901630727,0.069,0.203,1.31586220246433e-113,"C19orf66","Higher_in_TotalCell",-0.134
0,-2.13573779342175,0.731,0.886,0,"LAMP1","Higher_in_TotalCell",-0.155
0,-2.13467154323439,0.081,0.381,0,"PSMB9","Higher_in_TotalCell",-0.3
1.32752637467104e-119,-2.13296120607159,0.141,0.276,3.30089433061955e-115,"TBRG4","Higher_in_TotalCell",-0.135
1.51020077193557e-80,-2.13235702120903,0.123,0.226,3.75511421941779e-76,"EPS8","Higher_in_TotalCell",-0.103
5.22529978428062e-48,-2.13213355040585,0.056,0.124,1.29927079136138e-43,"FDX2","Higher_in_TotalCell",-0.068
3.9559080202518e-262,-2.13029291029854,0.291,0.473,9.8363652923561e-258,"CYB5B","Higher_in_TotalCell",-0.182
2.02941221862454e-110,-2.12977594069868,0.151,0.277,5.04613348160991e-106,"SMTN","Higher_in_TotalCell",-0.126
2.06131071494723e-35,-2.1270085957941,0.047,0.1,5.12544909271627e-31,"PPP2R2D","Higher_in_TotalCell",-0.053
1.00127336377086e-157,-2.12674003941837,0.169,0.331,2.48966621901623e-153,"PLA2G16","Higher_in_TotalCell",-0.162
2.75945945033168e-102,-2.12613734210318,0.144,0.265,6.86139592324972e-98,"DEFB1","Higher_in_TotalCell",-0.121
1.28086868706174e-57,-2.12357528665876,0.066,0.145,3.18487999037902e-53,"PYGB","Higher_in_TotalCell",-0.079
2.7014026948512e-35,-2.12275686617841,0.061,0.117,6.71703780074751e-31,"DDX28","Higher_in_TotalCell",-0.056
3.79113712768981e-104,-2.11906957802814,0.115,0.239,9.42666246800071e-100,"CDV3","Higher_in_TotalCell",-0.124
1.2585939119874e-34,-2.11778008721734,0.054,0.108,3.12949376215668e-30,"DAPK2","Higher_in_TotalCell",-0.054
2.05466261664521e-37,-2.11758311574607,0.079,0.138,5.1089185962883e-33,"E2F2","Higher_in_TotalCell",-0.059
0,-2.11376851230505,0.368,0.603,0,"PDAP1","Higher_in_TotalCell",-0.235
1.62022409875832e-90,-2.10790577717471,0.145,0.255,4.02868722156256e-86,"GOT1","Higher_in_TotalCell",-0.11
5.17349432851667e-63,-2.10681626358373,0.069,0.154,1.28638936478567e-58,"YKT6","Higher_in_TotalCell",-0.085
4.50225987186031e-62,-2.10403346448869,0.091,0.178,1.11948691713807e-57,"TP53TG1","Higher_in_TotalCell",-0.087
2.00879915403099e-240,-2.10274281674905,0.198,0.41,4.99487909649806e-236,"LEMD1","Higher_in_TotalCell",-0.212
5.20845395544538e-144,-2.10148376032656,0.155,0.308,1.29508207602149e-139,"VAMP5","Higher_in_TotalCell",-0.153
1.20134524682134e-54,-2.09947179290712,0.096,0.174,2.98714495622125e-50,"ZWILCH","Higher_in_TotalCell",-0.078
2.57446087192691e-35,-2.09911996795698,0.066,0.122,6.40139695804627e-31,"DMRT2","Higher_in_TotalCell",-0.056
0,-2.09871734664367,0.508,0.647,0,"GPRC5A","Higher_in_TotalCell",-0.139
5.9809291412677e-58,-2.09738959050883,0.068,0.147,1.48715803097621e-53,"HACD1","Higher_in_TotalCell",-0.079
6.66327962043226e-237,-2.09427454796552,0.523,0.608,1.65682447762048e-232,"PCLAF","Higher_in_TotalCell",-0.085
3.0236459673884e-24,-2.08809818604058,0.063,0.106,7.51829569791125e-20,"H6PD","Higher_in_TotalCell",-0.043
9.91959482176421e-294,-2.08432781788262,0.18,0.448,2.46650725243167e-289,"FGFBP2","Higher_in_TotalCell",-0.268
9.88702918324273e-42,-2.08105078758463,0.089,0.154,2.4584098064133e-37,"CEBPA","Higher_in_TotalCell",-0.065
0,-2.08095155904324,0.548,0.767,0,"NUPR1","Higher_in_TotalCell",-0.219
4.21479469929486e-102,-2.0803539565717,0.164,0.283,1.04800870197967e-97,"ORC6","Higher_in_TotalCell",-0.119
1.89300441000672e-183,-2.07967127336935,0.288,0.444,4.70695546548171e-179,"AARD","Higher_in_TotalCell",-0.156
1.74254330779074e-103,-2.07938684485508,0.09,0.213,4.33283393482166e-99,"TST","Higher_in_TotalCell",-0.123
0,-2.07904147906639,0.109,0.665,0,"CD74","Higher_in_TotalCell",-0.556
1.12257083139486e-43,-2.0773675720729,0.053,0.116,2.79127237226332e-39,"PARVA","Higher_in_TotalCell",-0.063
6.3118101788784e-48,-2.07349310530231,0.077,0.148,1.56943160097811e-43,"CPSF4","Higher_in_TotalCell",-0.071
7.83883812444424e-83,-2.07226395411371,0.131,0.235,1.94912709964306e-78,"PAXIP1-AS1","Higher_in_TotalCell",-0.104
0,-2.06989981609777,0.556,0.709,0,"SERPINB5","Higher_in_TotalCell",-0.153
4.12651477002285e-56,-2.0692102983948,0.034,0.104,1.02605789756618e-51,"ZMIZ2","Higher_in_TotalCell",-0.07
4.58801720472904e-122,-2.06760361160833,0.194,0.325,1.14081047795588e-117,"CDKN2C","Higher_in_TotalCell",-0.131
9.18924872397761e-37,-2.06664587539537,0.063,0.12,2.28490669521703e-32,"PDGFRL","Higher_in_TotalCell",-0.057
3.2122780687187e-27,-2.06623316918163,0.06,0.106,7.98732941786905e-23,"C17orf58","Higher_in_TotalCell",-0.046
3.23225816944706e-286,-2.06589964731384,0.306,0.497,8.03700993833012e-282,"FAM50A","Higher_in_TotalCell",-0.191
4.08715725562634e-72,-2.06552510825808,0.107,0.203,1.01627165161149e-67,"KCTD5","Higher_in_TotalCell",-0.096
9.90555904385524e-42,-2.06414804311743,0.058,0.12,2.46301725625461e-37,"FUOM","Higher_in_TotalCell",-0.062
8.25693247717085e-49,-2.06064173700205,0.076,0.148,2.05308626044853e-44,"DDX19A","Higher_in_TotalCell",-0.072
3.74764877415186e-46,-2.05972882127101,0.099,0.169,9.31852867692859e-42,"WDR76","Higher_in_TotalCell",-0.07
6.08345685387e-44,-2.05359810538576,0.068,0.134,1.51265154671477e-39,"ANKRD9","Higher_in_TotalCell",-0.066
2.35010122353038e-34,-2.0533315793277,0.048,0.1,5.8435266923083e-30,"MPI","Higher_in_TotalCell",-0.052
1.01369720988646e-51,-2.05074115449795,0.036,0.103,2.52055811238267e-47,"ADM","Higher_in_TotalCell",-0.067
3.91004151199222e-102,-2.03664955138097,0.139,0.262,9.72231821956865e-98,"TIMP2","Higher_in_TotalCell",-0.123
1.1168143231617e-164,-2.03176431479378,0.24,0.387,2.77695881454156e-160,"FN3KRP","Higher_in_TotalCell",-0.147
6.89151152357083e-75,-2.02848210784127,0.107,0.206,1.71357434033589e-70,"PACSIN2","Higher_in_TotalCell",-0.099
6.46861913688797e-96,-2.02388899416606,0.165,0.279,1.60842214838719e-91,"LIPH","Higher_in_TotalCell",-0.114
0,-2.0179129447162,0.437,0.625,0,"TMEM54","Higher_in_TotalCell",-0.188
6.70506475971836e-63,-2.01587869406069,0.105,0.193,1.66721435250397e-58,"ECE1","Higher_in_TotalCell",-0.088
2.55184652831156e-70,-2.01145801337177,0.074,0.167,6.3451663926467e-66,"HGSNAT","Higher_in_TotalCell",-0.093
8.94825303991428e-47,-2.01017011829948,0.087,0.157,2.22498311837469e-42,"ACD","Higher_in_TotalCell",-0.07
0,-2.00977416542273,0.608,0.778,0,"GNB2","Higher_in_TotalCell",-0.17
0,-2.00936641442232,0.381,0.6,0,"MRPL52","Higher_in_TotalCell",-0.219
1.99662153431489e-77,-2.00583719269583,0.115,0.216,4.96459944507397e-73,"STARD3NL","Higher_in_TotalCell",-0.101
2.71205261249191e-40,-1.99964295815987,0.049,0.107,6.74351882096114e-36,"EMC1","Higher_in_TotalCell",-0.058
6.86579742355901e-69,-1.99574865384747,0.098,0.192,1.70718052936795e-64,"SNAI2","Higher_in_TotalCell",-0.094
1.09964164952052e-57,-1.99528233425293,0.058,0.137,2.73425896153278e-53,"TRIB3","Higher_in_TotalCell",-0.079
1.05021435090829e-26,-1.99516613825976,0.055,0.1,2.61135798353346e-22,"ATP13A2","Higher_in_TotalCell",-0.045
0,-1.98613664867555,0.568,0.751,0,"MINOS1","Higher_in_TotalCell",-0.183
1.72999182880117e-117,-1.98530554729622,0.185,0.312,4.30162468231411e-113,"TMEM98","Higher_in_TotalCell",-0.127
1.47576339441963e-48,-1.98279683564776,0.132,0.205,3.6694856802244e-44,"C2orf68","Higher_in_TotalCell",-0.073
8.03890972057367e-51,-1.98274489911998,0.105,0.18,1.99887490202064e-46,"TEAD4","Higher_in_TotalCell",-0.075
0,-1.98259115775769,0.599,0.771,0,"PDZK1IP1","Higher_in_TotalCell",-0.172
7.70267100816704e-44,-1.98208377838741,0.057,0.121,1.91526914618074e-39,"PRR34-AS1","Higher_in_TotalCell",-0.064
6.78868794592066e-135,-1.97906775491282,0.201,0.337,1.68800725775317e-130,"RWDD4","Higher_in_TotalCell",-0.136
7.30995731835196e-222,-1.97725246769548,0.209,0.406,1.81762088720821e-217,"IRAK1","Higher_in_TotalCell",-0.197
2.76468925033216e-148,-1.97708687734049,0.231,0.369,6.87439982095092e-144,"MGMT","Higher_in_TotalCell",-0.138
1.7652160164262e-60,-1.97300676878662,0.102,0.187,4.38920962484375e-56,"BAIAP2L1","Higher_in_TotalCell",-0.085
0,-1.9712877488154,0.081,0.479,0,"IL32","Higher_in_TotalCell",-0.398
3.6832849517826e-92,-1.9703812138694,0.153,0.265,9.15848803260744e-88,"MAPK6","Higher_in_TotalCell",-0.112
5.90400341861395e-70,-1.96971182830382,0.123,0.216,1.46803045003836e-65,"NCAPH2","Higher_in_TotalCell",-0.093
2.87983466579989e-27,-1.96943476371962,0.062,0.109,7.16070889651144e-23,"STN1","Higher_in_TotalCell",-0.047
1.57889782790375e-58,-1.96882670950567,0.121,0.203,3.92592944908266e-54,"IKBKG","Higher_in_TotalCell",-0.082
1.27631788315891e-83,-1.96566221245126,0.143,0.249,3.17356441647463e-79,"IL13RA1","Higher_in_TotalCell",-0.106
1.60990519144488e-53,-1.96363773344978,0.082,0.161,4.0030292585277e-49,"PROM1","Higher_in_TotalCell",-0.079
8.82951424952301e-31,-1.96283980161963,0.074,0.126,2.1954587181439e-26,"RFWD3","Higher_in_TotalCell",-0.052
3.46368041702444e-33,-1.96251734323346,0.089,0.144,8.61244135693127e-29,"PLPP1","Higher_in_TotalCell",-0.055
3.15559969953289e-302,-1.96046907012182,0.156,0.434,7.84639865288854e-298,"LY6D","Higher_in_TotalCell",-0.278
0,-1.95989222249966,0.957,0.985,0,"PPIA","Higher_in_TotalCell",-0.028
4.77299225169013e-62,-1.95706040635325,0.105,0.192,1.18680452338275e-57,"BCL2L1","Higher_in_TotalCell",-0.087
1.76922393883861e-191,-1.95597253068517,0.228,0.401,4.39917532392221e-187,"CYTOR","Higher_in_TotalCell",-0.173
9.89206459741741e-166,-1.95541744451813,0.212,0.37,2.45966186214784e-161,"SPCS3","Higher_in_TotalCell",-0.158
1.94577317186889e-93,-1.95450062874767,0.243,0.338,4.838164991852e-89,"TMEM159","Higher_in_TotalCell",-0.095
1.07164796284614e-50,-1.94994283454644,0.101,0.176,2.66465265961693e-46,"PPP1R18","Higher_in_TotalCell",-0.075
9.27239710052162e-78,-1.94901749802816,0.149,0.249,2.3055815390447e-73,"RCCD1","Higher_in_TotalCell",-0.1
7.49656144571517e-50,-1.9479628731558,0.045,0.113,1.86402000347708e-45,"CYB5R2","Higher_in_TotalCell",-0.068
2.77590730376651e-74,-1.94577586659493,0.081,0.178,6.90229351081543e-70,"DBNL","Higher_in_TotalCell",-0.097
6.27946394375734e-26,-1.94391000162218,0.064,0.109,1.56138870961526e-21,"HES2","Higher_in_TotalCell",-0.045
3.3049569291588e-82,-1.94305221554882,0.113,0.22,8.21777540435336e-78,"DUS1L","Higher_in_TotalCell",-0.107
5.0249605265254e-49,-1.94234570624451,0.074,0.146,1.24945643492054e-44,"ZNF598","Higher_in_TotalCell",-0.072
1.06005642699875e-203,-1.94168243357648,0.28,0.44,2.63583030573239e-199,"CDC42EP1","Higher_in_TotalCell",-0.16
9.88131291682493e-323,-1.94163854481263,0.396,0.567,2.45698845676852e-318,"POLR2J3.1","Higher_in_TotalCell",-0.171
1.32312071787748e-34,-1.94105932327519,0.08,0.137,3.28993966500234e-30,"LRFN4","Higher_in_TotalCell",-0.057
6.01241733658863e-73,-1.93561699290933,0.088,0.186,1.49498757074276e-68,"MAP1LC3A","Higher_in_TotalCell",-0.098
1.9579846118391e-84,-1.93345006719805,0.151,0.257,4.86852873733793e-80,"VPS4A","Higher_in_TotalCell",-0.106
5.39093800254913e-78,-1.93243793457989,0.143,0.244,1.34045673433384e-73,"BRD9","Higher_in_TotalCell",-0.101
2.50391185558057e-44,-1.92967355584517,0.083,0.151,6.22597682890108e-40,"RANGAP1","Higher_in_TotalCell",-0.068
2.43143127296264e-55,-1.92888947175092,0.138,0.218,6.0457538602216e-51,"ROPN1B","Higher_in_TotalCell",-0.08
3.77641823972431e-114,-1.92828878787321,0.334,0.43,9.39006395307451e-110,"CYR61","Higher_in_TotalCell",-0.096
8.79885789266553e-223,-1.92559964249615,0.272,0.455,2.18783601501128e-218,"CTTN","Higher_in_TotalCell",-0.183
1.35215290580407e-37,-1.92138419097219,0.084,0.145,3.36212820028182e-33,"NFIL3","Higher_in_TotalCell",-0.061
8.19267611154564e-256,-1.92089219490347,0.231,0.459,2.03710891513582e-251,"CTHRC1","Higher_in_TotalCell",-0.228
5.94444796408243e-73,-1.91845243705394,0.157,0.251,1.4780869862691e-68,"KAZN","Higher_in_TotalCell",-0.094
0,-1.91806184517587,0.441,0.642,0,"WDR45B","Higher_in_TotalCell",-0.201
9.92522969196469e-34,-1.91683340033191,0.071,0.126,2.46790836290702e-29,"SPIDR","Higher_in_TotalCell",-0.055
1.53768329049781e-33,-1.91441329948559,0.061,0.115,3.8234495018228e-29,"ICAM3","Higher_in_TotalCell",-0.054
5.48325088850502e-139,-1.91394112655824,0.246,0.374,1.36341033342677e-134,"PRPS2","Higher_in_TotalCell",-0.128
4.42686864126157e-112,-1.91231665819442,0.198,0.32,1.10074088764969e-107,"MAP2K1","Higher_in_TotalCell",-0.122
4.26921749826551e-39,-1.91007257194709,0.081,0.143,1.06154093094372e-34,"BRI3BP","Higher_in_TotalCell",-0.062
3.39512443435633e-42,-1.90889652745723,0.074,0.14,8.44197690602701e-38,"CRTC3","Higher_in_TotalCell",-0.066
1.10877457820108e-48,-1.90682544975238,0.107,0.185,2.756967988697e-44,"C15orf48","Higher_in_TotalCell",-0.078
0,-1.90274889126874,0.491,0.677,0,"PPP1R14B","Higher_in_TotalCell",-0.186
3.47204185047958e-304,-1.90156515432914,0.428,0.571,8.63323206121748e-300,"TEX30","Higher_in_TotalCell",-0.143
3.4447398477654e-281,-1.89711592786895,0.332,0.514,8.56534563146866e-277,"CFDP1","Higher_in_TotalCell",-0.182
3.86136184637552e-64,-1.89316998665348,0.146,0.233,9.60127623101273e-60,"EVA1C","Higher_in_TotalCell",-0.087
6.7507091640635e-66,-1.88898903183173,0.12,0.211,1.67856383364439e-61,"YPEL3","Higher_in_TotalCell",-0.091
1.96682955546558e-197,-1.88679754572176,0.218,0.4,4.89052168966515e-193,"KLF10","Higher_in_TotalCell",-0.182
2.46493793290186e-77,-1.88674805990985,0.195,0.287,6.12906817016047e-73,"SLC10A3","Higher_in_TotalCell",-0.092
1.47581879787636e-92,-1.88665652421698,0.178,0.288,3.66962344091957e-88,"B3GNT2","Higher_in_TotalCell",-0.11
1.98228062975073e-57,-1.88614066363568,0.096,0.179,4.9289407858752e-53,"IDH3A","Higher_in_TotalCell",-0.083
3.0641557711227e-89,-1.88605454284795,0.192,0.296,7.61902332489659e-85,"GJB3","Higher_in_TotalCell",-0.104
6.86920412802589e-191,-1.88199220237596,0.278,0.431,1.70802760643364e-186,"UBALD2","Higher_in_TotalCell",-0.153
2.60802412094181e-57,-1.88019474850468,0.163,0.243,6.48485197672181e-53,"EFNB2","Higher_in_TotalCell",-0.08
9.62888950701633e-47,-1.87994579169189,0.091,0.162,2.39422337591961e-42,"RBM38","Higher_in_TotalCell",-0.071
1.96427218636835e-24,-1.87945833110201,0.069,0.113,4.88416279140489e-20,"ERP27","Higher_in_TotalCell",-0.044
0,-1.87870277980693,0.591,0.754,0,"H2AFV","Higher_in_TotalCell",-0.163
4.29355692199951e-20,-1.87827801742565,0.065,0.104,1.06759292865518e-15,"ZSWIM4","Higher_in_TotalCell",-0.039
4.29728491476066e-102,-1.87767253579363,0.197,0.311,1.06851989405524e-97,"MED21","Higher_in_TotalCell",-0.114
9.41792665852345e-42,-1.87647509983398,0.114,0.181,2.34176746364186e-37,"AL162411.1","Higher_in_TotalCell",-0.067
0,-1.87557383613474,0.845,0.923,0,"CLDN4","Higher_in_TotalCell",-0.0780000000000001
5.38324445210622e-63,-1.87312427450962,0.127,0.215,1.33854373301621e-58,"DNM2","Higher_in_TotalCell",-0.088
0,-1.87212224212763,0.466,0.631,0,"FAM177A1","Higher_in_TotalCell",-0.165
6.91778108659906e-19,-1.86967568309015,0.071,0.108,1.72010626718286e-14,"AC007906.2","Higher_in_TotalCell",-0.037
3.54601855838306e-21,-1.86882101052453,0.062,0.102,8.81717514541948e-17,"EFNB1","Higher_in_TotalCell",-0.04
4.71334488276566e-45,-1.86882060918042,0.096,0.166,1.17197320509968e-40,"RANBP9","Higher_in_TotalCell",-0.07
1.66646758076278e-37,-1.86672265704505,0.105,0.167,4.14367163956665e-33,"TLE3","Higher_in_TotalCell",-0.062
2.79753856093282e-44,-1.86526814577343,0.09,0.16,6.95607963175946e-40,"RASSF4","Higher_in_TotalCell",-0.07
1.36218070535944e-129,-1.86175699895248,0.249,0.37,3.38706232387624e-125,"SLC25A4","Higher_in_TotalCell",-0.121
0,-1.86086400534445,0.57,0.753,0,"S100A4","Higher_in_TotalCell",-0.183
4.98072090588181e-31,-1.85989374691015,0.097,0.151,1.23845625324751e-26,"ARL4D","Higher_in_TotalCell",-0.054
3.30292076233893e-38,-1.85947262497498,0.106,0.168,8.21271247555575e-34,"CIB2","Higher_in_TotalCell",-0.062
3.80715999900857e-54,-1.85778254558332,0.12,0.199,9.46650333753481e-50,"KLHL42","Higher_in_TotalCell",-0.079
0,-1.85651302655783,0.613,0.765,0,"IER3IP1","Higher_in_TotalCell",-0.152
2.66533110616989e-62,-1.85636314994507,0.157,0.241,6.62734579549143e-58,"PROM2","Higher_in_TotalCell",-0.084
1.93572990653035e-64,-1.85577321754299,0.116,0.207,4.81319241258773e-60,"NFATC2IP","Higher_in_TotalCell",-0.091
3.86199235001491e-27,-1.85337954561893,0.078,0.127,9.60284397831206e-23,"UFSP2","Higher_in_TotalCell",-0.049
8.8799163992584e-38,-1.85150849718181,0.088,0.15,2.2079912126756e-33,"ACSL1","Higher_in_TotalCell",-0.062
1.57534889530256e-29,-1.8485567731274,0.076,0.127,3.91710502816981e-25,"PRKRIP1","Higher_in_TotalCell",-0.051
3.152461838756e-40,-1.84788991589795,0.105,0.17,7.8385963620668e-36,"ZDHHC16","Higher_in_TotalCell",-0.065
1.19608249526276e-53,-1.84616035114763,0.103,0.182,2.97405912447085e-49,"AAGAB","Higher_in_TotalCell",-0.079
4.25906637136591e-133,-1.84091275112119,0.266,0.385,1.05901685324013e-128,"MPHOSPH6","Higher_in_TotalCell",-0.119
0,-1.83986273928275,0.889,0.947,0,"PKM","Higher_in_TotalCell",-0.0579999999999999
0,-1.83948836455535,0.956,0.981,0,"SAT1","Higher_in_TotalCell",-0.025
1.90683586251996e-114,-1.83827403421339,0.239,0.353,4.74134737215588e-110,"B4GALT4","Higher_in_TotalCell",-0.114
1.21625846336079e-275,-1.83731555599516,0.365,0.529,3.02422666914662e-271,"ARPP19","Higher_in_TotalCell",-0.164
3.93212145088831e-101,-1.83718406713673,0.245,0.351,9.77721998763377e-97,"SCD","Higher_in_TotalCell",-0.106
2.8791345442599e-82,-1.83718340520508,0.175,0.276,7.15896804430224e-78,"SIAH1","Higher_in_TotalCell",-0.101
7.76224396268481e-47,-1.83389550699402,0.094,0.167,1.93008196132158e-42,"ZYX","Higher_in_TotalCell",-0.073
0,-1.83065995740498,0.617,0.758,0,"AK2","Higher_in_TotalCell",-0.141
1.28867735685394e-49,-1.83011229911846,0.107,0.182,3.20429624781732e-45,"LACTB","Higher_in_TotalCell",-0.075
7.70214381296625e-55,-1.82862591836879,0.153,0.231,1.91513805909406e-50,"MXI1","Higher_in_TotalCell",-0.078
0,-1.82654415478299,0.804,0.971,0,"KRT17","Higher_in_TotalCell",-0.167
1.72545657177093e-27,-1.82625021855614,0.071,0.12,4.29034776570841e-23,"RPUSD1","Higher_in_TotalCell",-0.049
5.67702545862908e-220,-1.8224377188021,0.325,0.48,1.41159238028812e-215,"CLIC4","Higher_in_TotalCell",-0.155
0,-1.82144467420485,0.644,0.894,0,"HLA-C","Higher_in_TotalCell",-0.25
3.61655980080918e-151,-1.82100179417188,0.278,0.406,8.99257594471202e-147,"LLGL2","Higher_in_TotalCell",-0.128
6.36727921635915e-22,-1.82085130247225,0.075,0.117,1.5832239771477e-17,"ZNF185","Higher_in_TotalCell",-0.042
4.12165972184358e-28,-1.82051403725048,0.054,0.102,1.02485068983641e-23,"TIMM10B","Higher_in_TotalCell",-0.048
1.12983268627515e-48,-1.82030229206808,0.108,0.182,2.80932897442317e-44,"NR3C1","Higher_in_TotalCell",-0.074
1.34858210706411e-17,-1.81979413011315,0.076,0.112,3.35324940921491e-13,"BLNK","Higher_in_TotalCell",-0.036
0,-1.81972637646768,0.464,0.627,0,"SYNGR2","Higher_in_TotalCell",-0.163
5.96798335024711e-111,-1.81765639532319,0.257,0.367,1.48393906003894e-106,"MSMO1","Higher_in_TotalCell",-0.11
8.02174374808962e-78,-1.81677105706123,0.151,0.253,1.99460658296248e-73,"CDKN2D","Higher_in_TotalCell",-0.102
1.18852556052427e-29,-1.81234535355666,0.089,0.141,2.9552688062436e-25,"ATMIN","Higher_in_TotalCell",-0.052
3.09432214900528e-114,-1.81053084862764,0.181,0.312,7.69403202350162e-110,"VOPP1","Higher_in_TotalCell",-0.131
4.81881750752007e-44,-1.80901477338209,0.067,0.134,1.19819897324487e-39,"CSK","Higher_in_TotalCell",-0.067
2.5045638157691e-49,-1.80783061116192,0.118,0.193,6.22759792790986e-45,"KLF9","Higher_in_TotalCell",-0.075
2.83424361619468e-125,-1.80779463837433,0.209,0.34,7.04734675166807e-121,"TIMM44","Higher_in_TotalCell",-0.131
2.47998142385966e-51,-1.80754923792848,0.126,0.203,6.16647381042704e-47,"PAK1","Higher_in_TotalCell",-0.077
9.94398091597315e-39,-1.8063902567101,0.113,0.176,2.47257085475672e-34,"GATAD1","Higher_in_TotalCell",-0.063
2.53825733907698e-67,-1.80566845163712,0.125,0.218,6.31137687361492e-63,"TEN1","Higher_in_TotalCell",-0.093
1.16673476638178e-30,-1.80373050611041,0.077,0.13,2.90108599660828e-26,"NCCRP1","Higher_in_TotalCell",-0.053
7.85211972749594e-24,-1.80326915902211,0.063,0.106,1.95242957024187e-19,"TMCO4","Higher_in_TotalCell",-0.043
2.84559774683915e-23,-1.80281441099022,0.062,0.104,7.07557879751554e-19,"FZD1","Higher_in_TotalCell",-0.042
5.4642259447464e-22,-1.79876441689474,0.06,0.1,1.35867978116119e-17,"PARP6","Higher_in_TotalCell",-0.04
0,-1.79844889196534,0.43,0.647,0,"CDC42","Higher_in_TotalCell",-0.217
1.18813013537185e-49,-1.79810000153179,0.12,0.195,2.95428558160211e-45,"AC244090.1","Higher_in_TotalCell",-0.075
9.33390248248555e-117,-1.79692825740667,0.193,0.321,2.32087485227003e-112,"PEA15","Higher_in_TotalCell",-0.128
1.40839367369838e-34,-1.7927116608019,0.088,0.146,3.50197086965102e-30,"VEGFB","Higher_in_TotalCell",-0.058
5.13260429139884e-51,-1.79205913012407,0.056,0.128,1.27622205705632e-46,"STK17A","Higher_in_TotalCell",-0.072
1.73629439322346e-147,-1.79156997814528,0.274,0.402,4.31729600875014e-143,"TM2D3","Higher_in_TotalCell",-0.128
9.13050163645199e-79,-1.7880425573841,0.078,0.183,2.27029923190379e-74,"USP18","Higher_in_TotalCell",-0.105
1.62130299833686e-64,-1.78749311329196,0.148,0.237,4.03136990536459e-60,"BAG3","Higher_in_TotalCell",-0.089
1.46845331645847e-118,-1.78674303511636,0.215,0.34,3.65130917137398e-114,"EIF3B","Higher_in_TotalCell",-0.125
2.1028580960849e-116,-1.78610456350134,0.423,0.485,5.22875665591511e-112,"B4GALT1","Higher_in_TotalCell",-0.062
0,-1.78462086803978,0.53,0.686,0,"DUSP23","Higher_in_TotalCell",-0.156
6.34401090091033e-208,-1.78325899321889,0.349,0.492,1.57743831051135e-203,"PDLIM4","Higher_in_TotalCell",-0.143
1.15699203159237e-164,-1.78075413939463,0.3,0.429,2.87686068655442e-160,"PPIF","Higher_in_TotalCell",-0.129
1.52413597906026e-20,-1.77957283094245,0.098,0.138,3.78976411193334e-16,"TMTC4","Higher_in_TotalCell",-0.04
1.67926828032785e-145,-1.77749259375761,0.15,0.311,4.17550057903521e-141,"SGK1","Higher_in_TotalCell",-0.161
0,-1.77681585242354,0.716,0.812,0,"RAB11A","Higher_in_TotalCell",-0.0960000000000001
5.4337775452703e-142,-1.77636578791698,0.151,0.308,1.35110878663146e-137,"RAB11FIP1","Higher_in_TotalCell",-0.157
5.02277595138494e-84,-1.77472833671667,0.196,0.296,1.24891324031187e-79,"PGP","Higher_in_TotalCell",-0.1
1.12531439463698e-129,-1.77450915058561,0.149,0.3,2.79809424226485e-125,"NTRK2","Higher_in_TotalCell",-0.151
6.31889690526338e-38,-1.77370030520532,0.113,0.176,1.57119371549374e-33,"SLC4A2","Higher_in_TotalCell",-0.063
1.10626750518306e-51,-1.77117202122061,0.048,0.12,2.75073415163768e-47,"PADI2","Higher_in_TotalCell",-0.072
1.08112957570709e-38,-1.77087670408347,0.104,0.168,2.68822868999567e-34,"FOXK1","Higher_in_TotalCell",-0.064
0,-1.77001228357051,0.486,0.651,0,"POLR2L","Higher_in_TotalCell",-0.165
0,-1.76731029795099,0.893,0.928,0,"LGALS3","Higher_in_TotalCell",-0.035
4.22928604341991e-229,-1.76620795091039,0.302,0.478,1.05161197469636e-224,"HP1BP3","Higher_in_TotalCell",-0.176
3.19248585070845e-21,-1.76556569913636,0.063,0.103,7.93811606778655e-17,"LINC00685","Higher_in_TotalCell",-0.04
6.56720054754353e-42,-1.7646931405503,0.118,0.185,1.6329344161467e-37,"TINF2","Higher_in_TotalCell",-0.067
2.17867411395554e-22,-1.76339031814958,0.093,0.136,5.41727318435046e-18,"ANXA8L1","Higher_in_TotalCell",-0.043
3.06997797987196e-159,-1.76096734036975,0.166,0.337,7.63350024695163e-155,"TGFBI","Higher_in_TotalCell",-0.171
6.77570945090995e-40,-1.75803089991506,0.107,0.172,1.68478015496876e-35,"INAVA","Higher_in_TotalCell",-0.065
4.19275693240856e-23,-1.75694714143639,0.076,0.119,1.04252901124339e-18,"BORCS5","Higher_in_TotalCell",-0.043
6.11932911436978e-123,-1.75666483362469,0.236,0.366,1.52157118428805e-118,"CTSV","Higher_in_TotalCell",-0.13
3.75796838236981e-161,-1.75479144276648,0.326,0.444,9.34418838276252e-157,"SNRNP27","Higher_in_TotalCell",-0.118
2.06848829700768e-48,-1.75338622667802,0.191,0.257,5.1432961505096e-44,"CCDC91","Higher_in_TotalCell",-0.066
6.71911527390818e-265,-1.75073298264381,0.38,0.534,1.67070801285727e-260,"ZNHIT1","Higher_in_TotalCell",-0.154
7.24020275125648e-73,-1.74994213759143,0.159,0.255,1.80027641409992e-68,"DNAJA3","Higher_in_TotalCell",-0.096
7.08734630416504e-25,-1.74929045821711,0.076,0.122,1.76226865853064e-20,"RYR1","Higher_in_TotalCell",-0.046
1.42445820881548e-110,-1.74882312499632,0.289,0.384,3.54191533621968e-106,"SQOR","Higher_in_TotalCell",-0.095
2.04827047972211e-78,-1.74769492714268,0.18,0.278,5.09302454782902e-74,"UROS","Higher_in_TotalCell",-0.098
5.01008626280565e-61,-1.74485791851635,0.156,0.24,1.24575794924662e-56,"RP9","Higher_in_TotalCell",-0.084
4.40850951117322e-72,-1.74144028363565,0.146,0.243,1.09617588995322e-67,"UBE2Q1","Higher_in_TotalCell",-0.097
2.97138069116448e-49,-1.74113631627622,0.044,0.112,7.38833808858047e-45,"APOL6","Higher_in_TotalCell",-0.068
1.13033605411059e-32,-1.74029466244433,0.109,0.165,2.81058059854599e-28,"ADAL","Higher_in_TotalCell",-0.056
0,-1.73972433888862,0.52,0.654,0,"SPG21","Higher_in_TotalCell",-0.134
6.01366618793053e-24,-1.73929259635546,0.061,0.105,1.49529809762893e-19,"ENTPD6","Higher_in_TotalCell",-0.044
9.55021853532851e-45,-1.73764182384277,0.101,0.172,2.37466183880943e-40,"ILK","Higher_in_TotalCell",-0.071
6.51914498204086e-188,-1.73680332532696,0.309,0.455,1.62098539978446e-183,"TAPBP","Higher_in_TotalCell",-0.146
3.01759722921006e-66,-1.73285387529835,0.168,0.256,7.50325551043082e-62,"ADPGK","Higher_in_TotalCell",-0.088
1.93754379250063e-35,-1.73233692867306,0.084,0.143,4.81770264005281e-31,"TRMU","Higher_in_TotalCell",-0.059
6.18671789514193e-15,-1.73134434172592,0.074,0.105,1.53832740462704e-10,"AL627171.1","Higher_in_TotalCell",-0.031
8.40648633833693e-123,-1.72976287232375,0.278,0.387,2.09027282802748e-118,"UBE2M","Higher_in_TotalCell",-0.109
2.97299120483807e-44,-1.72950208491589,0.138,0.207,7.39234263082986e-40,"SLC51A","Higher_in_TotalCell",-0.069
8.38554202782372e-132,-1.72927686125792,0.276,0.393,2.08506502521837e-127,"GOLGA7","Higher_in_TotalCell",-0.117
2.48179586817824e-25,-1.7281643710127,0.086,0.133,6.1709854262252e-21,"FAM20C","Higher_in_TotalCell",-0.047
0,-1.71972141898561,0.899,0.961,0,"MT1X","Higher_in_TotalCell",-0.0619999999999999
3.74897190928466e-36,-1.71964579996985,0.088,0.149,9.32181865243632e-32,"SLK","Higher_in_TotalCell",-0.061
1.70301965728634e-21,-1.71686768509708,0.078,0.119,4.23455837784248e-17,"PCGF6","Higher_in_TotalCell",-0.041
1.54367274591898e-40,-1.71653271905946,0.132,0.197,3.83834228272754e-36,"SNX1","Higher_in_TotalCell",-0.065
0,-1.71421006387207,0.632,0.773,0,"NDUFA6","Higher_in_TotalCell",-0.141
6.64592400089192e-72,-1.71417180466369,0.222,0.306,1.65250900282178e-67,"PELI1","Higher_in_TotalCell",-0.084
1.24093157656049e-90,-1.71400405140544,0.222,0.323,3.08557636511765e-86,"AAK1","Higher_in_TotalCell",-0.101
8.62448967034975e-70,-1.713773224755,0.174,0.265,2.14447935653246e-65,"USB1","Higher_in_TotalCell",-0.091
2.35353905506738e-213,-1.71276589574145,0.393,0.513,5.85207486042505e-209,"PEF1","Higher_in_TotalCell",-0.12
8.74612937872935e-59,-1.71271507301992,0.181,0.262,2.17472507002105e-54,"PRNP","Higher_in_TotalCell",-0.081
3.18061328208055e-71,-1.71184448968405,0.207,0.294,7.90859492589329e-67,"RHBDL2","Higher_in_TotalCell",-0.087
5.67931875045073e-149,-1.71049338209003,0.356,0.452,1.41216260729957e-144,"PLGRKT","Higher_in_TotalCell",-0.096
3.20164670455483e-125,-1.7098861320117,0.326,0.429,7.96089453087558e-121,"TK1","Higher_in_TotalCell",-0.103
3.69531022191577e-117,-1.70837598541448,0.275,0.382,9.18838886679356e-113,"ARL2BP","Higher_in_TotalCell",-0.107
1.94376722457544e-104,-1.70815567819675,0.414,0.471,4.83317720390682e-100,"NR4A2","Higher_in_TotalCell",-0.057
4.13678514940641e-39,-1.7076692878402,0.058,0.118,1.0286116273999e-34,"NFKBIE","Higher_in_TotalCell",-0.06
7.07611056648657e-30,-1.70723113971665,0.169,0.22,1.75947489235689e-25,"ANKRD37","Higher_in_TotalCell",-0.051
4.47939561909922e-24,-1.7065493402213,0.082,0.127,1.11380172068902e-19,"AKIP1","Higher_in_TotalCell",-0.045
2.58960795344286e-85,-1.70637018581498,0.205,0.304,6.43906017623568e-81,"JPT2","Higher_in_TotalCell",-0.099
9.56967679124879e-76,-1.7055248689095,0.172,0.272,2.37950013414401e-71,"NFKBIZ","Higher_in_TotalCell",-0.1
2.91378114531142e-30,-1.70516586482119,0.103,0.158,7.24511681781684e-26,"PDLIM3","Higher_in_TotalCell",-0.055
0,-1.70470062089808,0.798,0.893,0,"PCBP1","Higher_in_TotalCell",-0.095
1.3611154187415e-105,-1.70373398565021,0.256,0.359,3.38441348870075e-101,"ZNF511","Higher_in_TotalCell",-0.103
0,-1.70231213919425,0.62,0.753,0,"KTN1","Higher_in_TotalCell",-0.133
8.00546997609858e-260,-1.70211488124247,0.425,0.55,1.99056010955691e-255,"ECHS1","Higher_in_TotalCell",-0.125
7.14032458824285e-41,-1.70178556122026,0.162,0.224,1.77544170886659e-36,"RCL1","Higher_in_TotalCell",-0.062
2.3476301316947e-85,-1.70052231755206,0.191,0.296,5.83738232245888e-81,"RNF145","Higher_in_TotalCell",-0.105
3.17703709726513e-32,-1.70024757493984,0.115,0.171,7.89970274234974e-28,"GNB5","Higher_in_TotalCell",-0.056
4.34839724270045e-64,-1.69944949359621,0.197,0.279,1.08122897439747e-59,"BAIAP2","Higher_in_TotalCell",-0.082
3.88048391462963e-231,-1.69892682366626,0.368,0.514,9.64882325372658e-227,"MLF1","Higher_in_TotalCell",-0.146
6.61547210844372e-98,-1.69777113715327,0.279,0.369,1.64493713976453e-93,"SPPL2A","Higher_in_TotalCell",-0.09
4.17591310790242e-138,-1.69591411075903,0.335,0.434,1.03834079427994e-133,"TMOD3","Higher_in_TotalCell",-0.099
5.24624168857302e-24,-1.69537662411542,0.068,0.112,1.30447799586368e-19,"ZDHHC18","Higher_in_TotalCell",-0.044
2.47243349167366e-83,-1.69522379745955,0.206,0.304,6.14770587704655e-79,"CCNQ","Higher_in_TotalCell",-0.098
8.6234534540539e-50,-1.69479227476356,0.184,0.253,2.1442217013505e-45,"WDFY2","Higher_in_TotalCell",-0.069
1.93411468696415e-96,-1.6941181084227,0.243,0.343,4.80917616913636e-92,"TCEA3","Higher_in_TotalCell",-0.1
7.65840185238063e-220,-1.69387616761236,0.366,0.503,1.90426162059444e-215,"ATP6V1E1","Higher_in_TotalCell",-0.137
6.10384447256554e-35,-1.69350165736133,0.118,0.177,1.51772092810342e-30,"AKTIP","Higher_in_TotalCell",-0.059
1.24428239434112e-27,-1.69177640545129,0.131,0.181,3.09390817352919e-23,"CASP2","Higher_in_TotalCell",-0.05
2.92982336089645e-70,-1.69159594888554,0.244,0.322,7.28500578686903e-66,"INTS6","Higher_in_TotalCell",-0.078
3.69666098380813e-23,-1.6910287070741,0.061,0.104,9.19174753623891e-19,"CMTM3","Higher_in_TotalCell",-0.043
1.25885026107234e-233,-1.69021400606301,0.437,0.547,3.13013117415638e-229,"IRF6","Higher_in_TotalCell",-0.11
1.02760810534265e-150,-1.68805165386295,0.33,0.444,2.55514755393449e-146,"BID","Higher_in_TotalCell",-0.114
8.63672236319506e-16,-1.68693277720811,0.067,0.1,2.14752101560845e-11,"PAXIP1","Higher_in_TotalCell",-0.033
1.04136892621837e-49,-1.68567604710219,0.167,0.238,2.58936383504199e-45,"E2F4","Higher_in_TotalCell",-0.071
0,-1.68562114039343,0.856,0.922,0,"ATP5MD","Higher_in_TotalCell",-0.0660000000000001
6.92178026537267e-17,-1.68460304189147,0.069,0.103,1.72110066298491e-12,"F8","Higher_in_TotalCell",-0.034
6.53364648394029e-68,-1.68426565925008,0.225,0.303,1.62459119823175e-63,"CD58","Higher_in_TotalCell",-0.078
2.42148833675566e-53,-1.68394177922798,0.151,0.23,6.02103074934294e-49,"STARD10","Higher_in_TotalCell",-0.079
2.18370938054177e-18,-1.68333422571593,0.084,0.121,5.4297933747171e-14,"TMEM154","Higher_in_TotalCell",-0.037
1.23327108511428e-297,-1.68277304143634,0.474,0.592,3.06652855313667e-293,"FAM136A","Higher_in_TotalCell",-0.118
6.33441213052789e-16,-1.68035187831205,0.081,0.115,1.57505157625576e-11,"CSNK2A2","Higher_in_TotalCell",-0.034
3.84184346114354e-245,-1.68000391604992,0.48,0.576,9.55274376613342e-241,"KLF5","Higher_in_TotalCell",-0.096
6.01484546114288e-85,-1.67539052655814,0.09,0.201,1.49559132391318e-80,"C1R","Higher_in_TotalCell",-0.111
0,-1.67471245369684,0.614,0.716,0,"EGR1","Higher_in_TotalCell",-0.102
1.77617833359752e-26,-1.67464974874944,0.093,0.142,4.41646742649022e-22,"IER5L","Higher_in_TotalCell",-0.049
7.61409585335843e-17,-1.67399582665337,0.069,0.104,1.89324493393757e-12,"PSMA6","Higher_in_TotalCell",-0.035
0,-1.67351987581009,0.546,0.699,0,"ROMO1","Higher_in_TotalCell",-0.153
3.22881506349313e-12,-1.67244422359956,0.076,0.103,8.02844865537568e-08,"MTFMT","Higher_in_TotalCell",-0.027
5.3957848390381e-214,-1.67211711112153,0.438,0.536,1.34166190022682e-209,"JUP","Higher_in_TotalCell",-0.098
4.42272126100475e-32,-1.67193887438764,0.08,0.136,1.09970964154883e-27,"TAZ","Higher_in_TotalCell",-0.056
1.24880996592454e-85,-1.67070750992032,0.223,0.321,3.10516598027138e-81,"PPP1R14C","Higher_in_TotalCell",-0.098
5.1578739702402e-119,-1.66999250328094,0.277,0.384,1.28250536270023e-114,"GLRX5","Higher_in_TotalCell",-0.107
8.46717149714522e-15,-1.66783900917968,0.069,0.1,2.10536219276516e-10,"ZP3","Higher_in_TotalCell",-0.031
0,-1.66620776579014,0.498,0.627,0,"NDUFB8","Higher_in_TotalCell",-0.129
2.81119692849194e-58,-1.66558249678757,0.185,0.269,6.99004116269522e-54,"FBXO32","Higher_in_TotalCell",-0.084
3.03870134860402e-17,-1.66494539867755,0.075,0.11,7.5557309033039e-13,"FAM118A","Higher_in_TotalCell",-0.035
2.02318650766747e-17,-1.66439322932454,0.07,0.105,5.03065325131515e-13,"FBXW4","Higher_in_TotalCell",-0.035
5.39586804012483e-60,-1.66418882328326,0.169,0.251,1.34168258817704e-55,"MRTO4","Higher_in_TotalCell",-0.082
6.17038375768714e-55,-1.66378895946192,0.161,0.24,1.53426592134891e-50,"PACSIN3","Higher_in_TotalCell",-0.079
0,-1.66309411306289,0.961,0.954,0,"TACSTD2","Higher_in_TotalCell",0.00700000000000001
9.99990619227983e-60,-1.66118175460737,0.193,0.27,2.48647667471038e-55,"BCAP29","Higher_in_TotalCell",-0.077
3.44972571695685e-154,-1.65877136327686,0.189,0.357,8.5777429952132e-150,"BIRC5","Higher_in_TotalCell",-0.168
0,-1.65722402995622,0.842,0.929,0,"ELOB","Higher_in_TotalCell",-0.0870000000000001
5.28292160997638e-145,-1.65697016778784,0.345,0.446,1.31359845832063e-140,"MRPS11","Higher_in_TotalCell",-0.101
2.36006748224367e-59,-1.65511332804404,0.167,0.25,5.86830779459888e-55,"DHRSX","Higher_in_TotalCell",-0.083
1.52654998374057e-37,-1.65422609509517,0.094,0.156,3.79576653457092e-33,"G6PD","Higher_in_TotalCell",-0.062
1.22626701982138e-24,-1.65419920509667,0.084,0.13,3.04911294478585e-20,"FANCI","Higher_in_TotalCell",-0.046
7.26536225053322e-160,-1.65388847923228,0.441,0.522,1.80653232359508e-155,"INSIG1","Higher_in_TotalCell",-0.081
2.80358464097354e-16,-1.65358871911348,0.085,0.119,6.97111320978071e-12,"PIGU","Higher_in_TotalCell",-0.034
3.4394579825504e-40,-1.65245149582778,0.131,0.196,8.55221227361158e-36,"PLEKHF2","Higher_in_TotalCell",-0.065
1.89763744437468e-47,-1.65183884874766,0.156,0.226,4.71847550543764e-43,"HPS1","Higher_in_TotalCell",-0.07
3.88452106239539e-179,-1.6515978871018,0.328,0.462,9.65886162164613e-175,"CREG1","Higher_in_TotalCell",-0.134
5.775563257397e-145,-1.65159350451915,0.026,0.164,1.43609380395176e-140,"SPP1","Higher_in_TotalCell",-0.138
3.99719455512485e-33,-1.65036157045957,0.132,0.189,9.93902426131795e-29,"IGF2BP2","Higher_in_TotalCell",-0.057
2.9362188518367e-48,-1.64944627942007,0.194,0.262,7.30090817509195e-44,"FKBP9","Higher_in_TotalCell",-0.068
2.68673767230545e-24,-1.64801002080572,0.127,0.172,6.6805732221875e-20,"PLEKHA5","Higher_in_TotalCell",-0.045
1.17064446906361e-76,-1.64717354015042,0.237,0.322,2.91080747232667e-72,"RPP25","Higher_in_TotalCell",-0.085
1.48224894420125e-32,-1.64594650875103,0.136,0.191,3.68561199975641e-28,"UTP4","Higher_in_TotalCell",-0.055
2.64075079828349e-125,-1.64585662696844,0.278,0.395,6.5662268599319e-121,"SERINC2","Higher_in_TotalCell",-0.117
7.15870124181605e-100,-1.6434441024778,0.258,0.359,1.78001106377756e-95,"GALNT1","Higher_in_TotalCell",-0.101
4.86119924427241e-21,-1.64341726242087,0.094,0.135,1.20873719208834e-16,"ASH2L","Higher_in_TotalCell",-0.041
8.01558730323309e-33,-1.64300929169676,0.09,0.147,1.99307578294891e-28,"TBL1X","Higher_in_TotalCell",-0.057
1.98447216115817e-33,-1.64286432005782,0.11,0.168,4.93439002871978e-29,"TAF10","Higher_in_TotalCell",-0.058
1.90377106765197e-32,-1.64219882617678,0.106,0.162,4.73372675971663e-28,"MAPK3","Higher_in_TotalCell",-0.056
1.05424400180931e-277,-1.64085121693708,0.476,0.59,2.62137771049885e-273,"BAG1","Higher_in_TotalCell",-0.114
1.08006954763401e-214,-1.64084801044339,0.46,0.555,2.68559293019196e-210,"MTHFD2","Higher_in_TotalCell",-0.095
3.7468283554518e-29,-1.63814823671971,0.097,0.15,9.31648870583091e-25,"B4GALT2","Higher_in_TotalCell",-0.053
2.89782563817429e-70,-1.63752220564781,0.227,0.309,7.20544344932038e-66,"ADGRG1","Higher_in_TotalCell",-0.082
1.49015359622787e-53,-1.63614703446824,0.199,0.27,3.7052669170206e-49,"COQ9","Higher_in_TotalCell",-0.071
7.75939726381713e-171,-1.63605710299322,0.384,0.487,1.92937412964813e-166,"KDSR","Higher_in_TotalCell",-0.103
3.28481694966332e-49,-1.63603249816235,0.202,0.269,8.16769734533785e-45,"MVD","Higher_in_TotalCell",-0.067
1.10648452908508e-44,-1.63330649895348,0.131,0.202,2.75127378157004e-40,"C8orf82","Higher_in_TotalCell",-0.071
9.0032577010451e-225,-1.63232503072238,0.426,0.54,2.23866002736487e-220,"CETN2","Higher_in_TotalCell",-0.114
1.70284755907008e-214,-1.62998226897132,0.431,0.534,4.23413045562774e-210,"FAM96A","Higher_in_TotalCell",-0.103
4.08147038397853e-19,-1.62845561098077,0.095,0.134,1.01485761097626e-14,"MYO5B","Higher_in_TotalCell",-0.039
6.1569293324588e-129,-1.62742255664763,0.246,0.378,1.53092047851588e-124,"IRS2","Higher_in_TotalCell",-0.132
1.38476202078161e-107,-1.62671904357782,0.281,0.386,3.44321076467346e-103,"NMB","Higher_in_TotalCell",-0.105
6.14562061816573e-82,-1.62530631353025,0.18,0.285,1.52810856670691e-77,"HAPLN3","Higher_in_TotalCell",-0.105
3.38414554035862e-40,-1.6247717354794,0.204,0.261,8.41467788610171e-36,"FAM43A","Higher_in_TotalCell",-0.057
4.71699813352307e-22,-1.62303423625374,0.087,0.13,1.17288158590051e-17,"IGF1R","Higher_in_TotalCell",-0.043
1.92147042198853e-24,-1.62078405428779,0.091,0.137,4.77773620427448e-20,"RPP21","Higher_in_TotalCell",-0.046
1.70885116797389e-57,-1.61926091521632,0.152,0.235,4.24905842916708e-53,"CYBC1","Higher_in_TotalCell",-0.083
9.73746304232283e-279,-1.61850989368592,0.471,0.583,2.42122018547357e-274,"THOC7","Higher_in_TotalCell",-0.112
2.01683969585122e-199,-1.61766272256498,0.432,0.526,5.01487190373405e-195,"LAD1","Higher_in_TotalCell",-0.094
6.88100172601601e-80,-1.61740269700328,0.375,0.416,1.71096107917388e-75,"NFIB","Higher_in_TotalCell",-0.041
9.7862956663898e-118,-1.61666544112459,0.312,0.407,2.43336241744782e-113,"TMEM256","Higher_in_TotalCell",-0.095
1.31113113566023e-25,-1.6161799859468,0.076,0.124,3.26012756881917e-21,"PHKG1","Higher_in_TotalCell",-0.048
1.65191161371004e-28,-1.61361945878102,0.18,0.224,4.10747822749002e-24,"LRRC8A","Higher_in_TotalCell",-0.044
2.67241428136124e-16,-1.61189288690031,0.086,0.121,6.64495811060472e-12,"BIVM","Higher_in_TotalCell",-0.035
2.85544634941687e-19,-1.61119180633216,0.117,0.155,7.10006734782506e-15,"NCAPG2","Higher_in_TotalCell",-0.038
4.72272668673402e-19,-1.60916220947727,0.134,0.171,1.17430599065641e-14,"CCNE2","Higher_in_TotalCell",-0.037
1.5444890330008e-269,-1.60841020487711,0.649,0.717,3.84037198055648e-265,"RARRES1","Higher_in_TotalCell",-0.0679999999999999
1.41792128768633e-21,-1.60785245353425,0.086,0.128,3.52566128183206e-17,"MOCOS","Higher_in_TotalCell",-0.042
6.90778542415105e-127,-1.60585895525736,0.359,0.443,1.71762084571516e-122,"EBP","Higher_in_TotalCell",-0.084
0,-1.60521100766573,0.882,0.928,0,"RHEB","Higher_in_TotalCell",-0.046
0,-1.60477156291021,0.783,0.873,0,"KDELR2","Higher_in_TotalCell",-0.09
2.69007082013018e-65,-1.60468521236945,0.074,0.164,6.68886109425369e-61,"SPHK1","Higher_in_TotalCell",-0.09
7.57424673053161e-23,-1.60423965565755,0.089,0.133,1.88333644954669e-18,"ELK1","Higher_in_TotalCell",-0.044
2.09710220491388e-17,-1.60230232570085,0.077,0.113,5.21444463251837e-13,"USP11","Higher_in_TotalCell",-0.036
1.32001934791511e-52,-1.60124755233661,0.181,0.256,3.28222810859093e-48,"SUN1","Higher_in_TotalCell",-0.075
8.33380339355323e-15,-1.6007672044181,0.074,0.106,2.07220021380701e-10,"CENPB","Higher_in_TotalCell",-0.032
5.98174767975202e-32,-1.60048670085732,0.131,0.187,1.48736156057034e-27,"FZD6","Higher_in_TotalCell",-0.056
3.98514176365847e-71,-1.59857897177631,0.24,0.321,9.90905499533677e-67,"NT5C3A","Higher_in_TotalCell",-0.081
1.78316707921178e-36,-1.598207345517,0.133,0.194,4.43384494246009e-32,"LUZP1","Higher_in_TotalCell",-0.061
8.56816216251211e-54,-1.59542138701679,0.218,0.287,2.13047352170864e-49,"LMO7","Higher_in_TotalCell",-0.069
0,-1.59523958470402,0.456,0.669,0,"ANXA1","Higher_in_TotalCell",-0.213
9.43019496918304e-21,-1.593943993407,0.226,0.25,2.34481797908736e-16,"TENT5B","Higher_in_TotalCell",-0.024
8.33595064270791e-118,-1.59386424959337,0.434,0.514,2.07273412730932e-113,"MT1E","Higher_in_TotalCell",-0.08
9.12972431432852e-18,-1.5914613510361,0.122,0.157,2.27010595075779e-13,"ATG4D","Higher_in_TotalCell",-0.035
1.49195848954698e-15,-1.59107047657107,0.111,0.143,3.70975478425857e-11,"STRN3","Higher_in_TotalCell",-0.032
5.87924584767969e-11,-1.59086722099583,0.117,0.142,1.46187448002556e-06,"EPPK1","Higher_in_TotalCell",-0.025
0,-1.58979881462734,0.076,0.392,0,"HLA-DRB1","Higher_in_TotalCell",-0.316
8.88598152874668e-26,-1.58685447967922,0.08,0.128,2.20949930712286e-21,"GCAT","Higher_in_TotalCell",-0.048
1.7903976848544e-32,-1.58647604518532,0.1,0.157,4.45182384339048e-28,"HYI","Higher_in_TotalCell",-0.057
8.49744429363335e-93,-1.58484249751326,0.171,0.289,2.11288952361193e-88,"GLRX","Higher_in_TotalCell",-0.118
1.53398565163249e-21,-1.58371917278023,0.1,0.143,3.8142553227842e-17,"HOMER2","Higher_in_TotalCell",-0.043
1.85466486248635e-34,-1.58121192328813,0.123,0.181,4.61162418057231e-30,"TSR2","Higher_in_TotalCell",-0.058
5.9457246799955e-30,-1.58054701449523,0.115,0.169,1.47840444168088e-25,"CHD7","Higher_in_TotalCell",-0.054
4.28650640689721e-29,-1.57844251802637,0.149,0.199,1.06583981807499e-24,"ANTXR1","Higher_in_TotalCell",-0.05
2.16935946087768e-40,-1.57823661874877,0.155,0.218,5.39411229947236e-36,"PPP2R3C","Higher_in_TotalCell",-0.063
2.66171126781495e-17,-1.57815026753607,0.083,0.119,6.61834506742186e-13,"NCOA2","Higher_in_TotalCell",-0.036
0,-1.57801964250946,0.625,0.699,0,"SNRPA1","Higher_in_TotalCell",-0.074
3.86325317854392e-27,-1.57581462316361,0.128,0.177,9.60597902844945e-23,"UBE3C","Higher_in_TotalCell",-0.049
2.01340703419672e-125,-1.57551431857752,0.324,0.424,5.00633659053014e-121,"CD151","Higher_in_TotalCell",-0.1
3.74395072451814e-35,-1.57521843721109,0.137,0.196,9.30933347651436e-31,"NEDD4L","Higher_in_TotalCell",-0.059
9.84330757451714e-110,-1.57414332491463,0.303,0.396,2.44753842840369e-105,"PQBP1","Higher_in_TotalCell",-0.093
2.55176106759804e-60,-1.57363896499892,0.055,0.137,6.34495389458252e-56,"TACC1","Higher_in_TotalCell",-0.082
8.14404382550727e-15,-1.57232221493329,0.086,0.118,2.02501649721238e-10,"MIRLET7BHG","Higher_in_TotalCell",-0.032
1.52311103163636e-24,-1.57188688800971,0.119,0.165,3.7872155801638e-20,"PLK3","Higher_in_TotalCell",-0.046
2.56897663568324e-16,-1.56923663179915,0.088,0.123,6.38776040462638e-12,"FAM76A","Higher_in_TotalCell",-0.035
1.13120686999428e-25,-1.56882797509729,0.093,0.141,2.81274588224077e-21,"CLMN","Higher_in_TotalCell",-0.048
6.00568248390806e-20,-1.56866862831028,0.128,0.166,1.49331294962374e-15,"CXorf56","Higher_in_TotalCell",-0.038
5.63516517306551e-50,-1.56787132438167,0.183,0.254,1.40118382028274e-45,"CSNK1E","Higher_in_TotalCell",-0.071
4.77650649700527e-24,-1.56754764983831,0.098,0.145,1.18767834048036e-19,"NPR3","Higher_in_TotalCell",-0.047
5.95386487061977e-41,-1.56555173221626,0.147,0.214,1.48042850007961e-36,"MEF2A","Higher_in_TotalCell",-0.067
3.47653141297356e-19,-1.56530500076158,0.068,0.106,8.64439535835876e-15,"GFER","Higher_in_TotalCell",-0.038
4.8395844615015e-34,-1.56516212702977,0.11,0.17,1.20336267635235e-29,"UNC45A","Higher_in_TotalCell",-0.06
3.07598980025473e-215,-1.56399066890671,0.389,0.521,7.64844863833338e-211,"ZNF593","Higher_in_TotalCell",-0.132
7.88076825936654e-73,-1.56375675443547,0.187,0.282,1.95955302769149e-68,"C1GALT1","Higher_in_TotalCell",-0.095
7.50970033739474e-19,-1.56275338392977,0.103,0.141,1.8672869888932e-14,"TMEM185A","Higher_in_TotalCell",-0.038
1.40301295241595e-39,-1.56179514573393,0.177,0.236,3.48859170618225e-35,"RAD1","Higher_in_TotalCell",-0.059
3.97215893704599e-75,-1.56128149700408,0.347,0.397,9.87677319696485e-71,"EZH2","Higher_in_TotalCell",-0.05
1.40686154618747e-40,-1.5595749095736,0.117,0.185,3.49816123459514e-36,"KHDRBS3","Higher_in_TotalCell",-0.068
2.36447487867703e-95,-1.55735301673482,0.305,0.386,5.87926678583043e-91,"TMEM248","Higher_in_TotalCell",-0.081
7.31181250832087e-82,-1.55235488331867,0.266,0.35,1.81808218019398e-77,"ING1","Higher_in_TotalCell",-0.084
4.70551244473473e-10,-1.55174276421048,0.079,0.103,1.17002566938329e-05,"C2CD4D","Higher_in_TotalCell",-0.024
3.59345857214766e-15,-1.55140447391855,0.071,0.103,8.93513473964515e-11,"SWAP70","Higher_in_TotalCell",-0.032
1.56206985245418e-76,-1.55033956407399,0.156,0.262,3.88408668812732e-72,"PBK","Higher_in_TotalCell",-0.106
1.60891979629636e-11,-1.54599156277161,0.1,0.127,4.0005790734909e-07,"AL451165.2","Higher_in_TotalCell",-0.027
4.68879962565625e-48,-1.54598634558399,0.175,0.245,1.16587002691943e-43,"GCLM","Higher_in_TotalCell",-0.07
1.23846291792692e-23,-1.54471117597193,0.125,0.169,3.07943804542529e-19,"AKT1","Higher_in_TotalCell",-0.044
1.38666463324382e-104,-1.54332157525782,0.354,0.424,3.44794161056075e-100,"DHRS1","Higher_in_TotalCell",-0.07
2.25881009705553e-16,-1.54203737839634,0.085,0.12,5.61653130632859e-12,"RASGEF1B","Higher_in_TotalCell",-0.035
4.31049415693492e-17,-1.54159017542173,0.089,0.125,1.07180437212187e-12,"MAGI1","Higher_in_TotalCell",-0.036
5.51696773139493e-50,-1.54116272498562,0.183,0.254,1.37179402641135e-45,"SZRD1","Higher_in_TotalCell",-0.071
2.35411723729635e-58,-1.54103189259917,0.202,0.28,5.85351251053736e-54,"YARS","Higher_in_TotalCell",-0.078
1.4916326339391e-120,-1.53916358001228,0.333,0.427,3.70894454428956e-116,"PSMG3","Higher_in_TotalCell",-0.094
1.90316842951334e-73,-1.53910195656414,0.273,0.346,4.73222829998493e-69,"ECI1","Higher_in_TotalCell",-0.073
0,-1.53685389706298,0.781,0.832,0,"ARGLU1","Higher_in_TotalCell",-0.0509999999999999
3.49796984955008e-31,-1.53566265149816,0.162,0.213,8.69770203090628e-27,"DTWD1","Higher_in_TotalCell",-0.051
7.3722026552057e-51,-1.53401181682756,0.209,0.275,1.8330981902169e-46,"RBFA","Higher_in_TotalCell",-0.066
8.48988224934891e-32,-1.53393246852287,0.108,0.165,2.11100922130061e-27,"FAM234A","Higher_in_TotalCell",-0.057
9.83058513765585e-32,-1.53273900973476,0.159,0.211,2.44437499447813e-27,"SLC25A26","Higher_in_TotalCell",-0.052
2.86687436601463e-61,-1.53196569562175,0.115,0.206,7.12848311109538e-57,"NDC80","Higher_in_TotalCell",-0.091
0,-1.53071365486898,0.761,0.839,0,"RPL39L","Higher_in_TotalCell",-0.078
3.54029590855879e-41,-1.53004265111373,0.132,0.2,8.80294577663144e-37,"TINAGL1","Higher_in_TotalCell",-0.068
4.60158047952852e-36,-1.52960198690738,0.184,0.238,1.14418298623477e-31,"MRPL46","Higher_in_TotalCell",-0.054
2.06282188483046e-46,-1.52902427518726,0.216,0.277,5.12920661663095e-42,"CFAP97","Higher_in_TotalCell",-0.061
2.92109453358113e-09,-1.52814744371203,0.082,0.104,7.26330155774948e-05,"ATP6V1E2","Higher_in_TotalCell",-0.022
1.07644200670519e-16,-1.52798072744755,0.096,0.131,2.67657304967245e-12,"DDX19B","Higher_in_TotalCell",-0.035
8.80643829807562e-22,-1.52793258357929,0.092,0.135,2.1897208828165e-17,"LMF2","Higher_in_TotalCell",-0.043
4.35799359522805e-23,-1.52696030395618,0.073,0.117,1.08361510745345e-18,"PEX19","Higher_in_TotalCell",-0.044
9.38140147023723e-31,-1.52662437729069,0.155,0.207,2.33268547557449e-26,"TM2D2","Higher_in_TotalCell",-0.052
5.02914527186517e-27,-1.52644786011538,0.149,0.197,1.25049697184927e-22,"QPCT","Higher_in_TotalCell",-0.048
4.68623473916593e-16,-1.52569843312899,0.072,0.106,1.16523226789361e-11,"TOM1","Higher_in_TotalCell",-0.034
2.1377996077726e-16,-1.52561970559623,0.13,0.163,5.31563872472657e-12,"SKP2","Higher_in_TotalCell",-0.033
2.0841813389737e-68,-1.52548984717928,0.344,0.389,5.1823168993581e-64,"AK3","Higher_in_TotalCell",-0.045
0,-1.52546996824968,0.715,0.781,0,"DUT","Higher_in_TotalCell",-0.0660000000000001
7.51840790760401e-37,-1.52353816294985,0.104,0.168,1.86945212622574e-32,"GTSE1","Higher_in_TotalCell",-0.064
4.55306550042235e-38,-1.52342790851909,0.166,0.226,1.13211973668002e-33,"ABHD11","Higher_in_TotalCell",-0.06
1.50170995204335e-12,-1.52335718121016,0.083,0.112,3.7340017957558e-08,"ST5","Higher_in_TotalCell",-0.029
2.9708234388935e-307,-1.52138784654567,0.542,0.644,7.3869524808087e-303,"SDCBP","Higher_in_TotalCell",-0.102
8.6939177374803e-17,-1.51852334598506,0.075,0.11,2.16174264542448e-12,"ABHD2","Higher_in_TotalCell",-0.035
3.55114937614165e-13,-1.51781334808603,0.076,0.105,8.82993292377622e-09,"UBXN2B","Higher_in_TotalCell",-0.029
1.00663911037624e-20,-1.51736954289223,0.135,0.174,2.50300814795052e-16,"PAQR4","Higher_in_TotalCell",-0.039
2.44614531907009e-241,-1.51719589687345,0.484,0.578,6.08234033586778e-237,"UBAC2","Higher_in_TotalCell",-0.094
3.95161740135081e-55,-1.51693291010603,0.24,0.305,9.82569666845879e-51,"HDAC3","Higher_in_TotalCell",-0.065
1.53379034615906e-48,-1.51644910107092,0.201,0.267,3.8137696957245e-44,"TPMT","Higher_in_TotalCell",-0.066
3.07425487804173e-40,-1.5148495213044,0.185,0.244,7.64413475425076e-36,"IST1","Higher_in_TotalCell",-0.059
1.48420233056927e-260,-1.51410049371822,0.518,0.612,3.69046909496049e-256,"CENPX","Higher_in_TotalCell",-0.094
1.21109608810316e-42,-1.51156407076016,0.2,0.26,3.01139042306852e-38,"MAP7D1","Higher_in_TotalCell",-0.06
5.90217494683795e-40,-1.51124269238672,0.108,0.175,1.46757580053126e-35,"MAP3K8","Higher_in_TotalCell",-0.067
4.29137742004946e-21,-1.51058202861859,0.142,0.181,1.0670509954953e-16,"MKNK1","Higher_in_TotalCell",-0.039
5.67076663198758e-124,-1.5102652925856,0.343,0.435,1.41003612304371e-119,"EIF4H","Higher_in_TotalCell",-0.092
0,-1.5096402385156,0.609,0.697,0,"PSME2","Higher_in_TotalCell",-0.088
6.78470145364999e-13,-1.50797311385713,0.095,0.125,1.68701601645007e-08,"PPP3R1","Higher_in_TotalCell",-0.03
2.54331852043105e-187,-1.50649620804886,0.441,0.532,6.3239615010518e-183,"TMEM208","Higher_in_TotalCell",-0.091
5.61394690322004e-37,-1.50591201025789,0.172,0.23,1.39590789748566e-32,"NECAP2","Higher_in_TotalCell",-0.058
1.83060677690022e-103,-1.50493487865132,0.447,0.487,4.5518037507624e-99,"EIF5A","Higher_in_TotalCell",-0.04
1.08295563679696e-23,-1.50477628694911,0.191,0.227,2.69276919089565e-19,"EGFR","Higher_in_TotalCell",-0.036
0,-1.50408217183908,0.672,0.759,0,"RNPS1","Higher_in_TotalCell",-0.087
3.76864959575906e-20,-1.50380475469814,0.14,0.178,9.37074721985491e-16,"MRM2","Higher_in_TotalCell",-0.038
4.61867998577302e-33,-1.50369484796424,0.141,0.197,1.14843477846246e-28,"SH3GL1","Higher_in_TotalCell",-0.056
9.90319428019774e-213,-1.50224314704401,0.306,0.519,2.46242925777117e-208,"ID3","Higher_in_TotalCell",-0.213
4.21590421955776e-16,-1.50207663761424,0.079,0.113,1.04828458419304e-11,"DNAJC5","Higher_in_TotalCell",-0.034
8.54804539177615e-79,-1.50132446314999,0.337,0.394,2.12547148666514e-74,"CD82","Higher_in_TotalCell",-0.057
5.25415623700723e-81,-1.50078192997487,0.312,0.38,1.30644594833185e-76,"ARMC10","Higher_in_TotalCell",-0.068
9.36408154646181e-13,-1.5007547009683,0.098,0.126,2.32837887652773e-08,"HIVEP3","Higher_in_TotalCell",-0.028
1.12455111776627e-16,-1.50064824522552,0.12,0.155,2.79619635432582e-12,"DEDD","Higher_in_TotalCell",-0.035
0,-1.50052576511847,0.734,0.823,0,"ATP5ME","Higher_in_TotalCell",-0.089
4.70170610334372e-74,-1.50000001235316,0.265,0.342,1.16907922259642e-69,"POLR2C","Higher_in_TotalCell",-0.077
0,-1.49876316108258,0.987,0.995,0,"ACTB","Higher_in_TotalCell",-0.00800000000000001
5.36313667478502e-22,-1.49754713183722,0.125,0.167,1.3335439341853e-17,"RCC1L","Higher_in_TotalCell",-0.042
3.92185576376314e-26,-1.49754007552638,0.176,0.218,9.75169435659706e-22,"MTURN","Higher_in_TotalCell",-0.042
5.49431310289714e-83,-1.49627901973271,0.247,0.34,1.36616095303537e-78,"RNASEH2C","Higher_in_TotalCell",-0.093
3.68376230662851e-17,-1.49362096947214,0.129,0.163,9.15967497543179e-13,"XPNPEP1","Higher_in_TotalCell",-0.034
4.90840224363814e-27,-1.49187568168874,0.112,0.163,1.22047421788062e-22,"MGAT4B","Higher_in_TotalCell",-0.051
4.25557944967665e-41,-1.49186853275415,0.199,0.259,1.0581498301621e-36,"GLG1","Higher_in_TotalCell",-0.06
3.62040427605466e-21,-1.48543301097762,0.126,0.167,9.00213523240991e-17,"ANKH","Higher_in_TotalCell",-0.041
5.31395884077846e-25,-1.48238760048101,0.106,0.154,1.32131586575956e-20,"PRR11","Higher_in_TotalCell",-0.048
4.03031775833289e-16,-1.48148722973784,0.105,0.139,1.00213851060947e-11,"TUBGCP3","Higher_in_TotalCell",-0.034
2.08346923552841e-08,-1.47928967408227,0.097,0.117,0.000518054625414139,"AGA","Higher_in_TotalCell",-0.02
2.62968358871235e-24,-1.47868254690441,0.172,0.213,6.53870824333326e-20,"CCND3","Higher_in_TotalCell",-0.041
6.14026871149374e-13,-1.47661860094857,0.074,0.103,1.52677781511292e-08,"PIP4P2","Higher_in_TotalCell",-0.029
1.70731342267166e-20,-1.47593843585601,0.16,0.197,4.24523482547308e-16,"GALNT11","Higher_in_TotalCell",-0.037
3.98358455019668e-58,-1.47541433338286,0.253,0.319,9.90518298406405e-54,"FAM120AOS","Higher_in_TotalCell",-0.066
1.03627575091108e-11,-1.47537084717761,0.099,0.125,2.57669965464039e-07,"CENPQ","Higher_in_TotalCell",-0.026
4.86197323775252e-101,-1.47472817852869,0.413,0.469,1.20892964556716e-96,"LYPD3","Higher_in_TotalCell",-0.056
3.27452353797731e-40,-1.47373299642882,0.158,0.222,8.14210277718057e-36,"POR","Higher_in_TotalCell",-0.064
4.56840149368203e-17,-1.47344209277883,0.124,0.159,1.13593303140404e-12,"ANKRD54","Higher_in_TotalCell",-0.035
1.0905723271651e-17,-1.47298128073936,0.078,0.114,2.71170809149601e-13,"TBL2","Higher_in_TotalCell",-0.036
1.57145194566215e-12,-1.47293968300739,0.123,0.15,3.90741526288893e-08,"SLC44A3","Higher_in_TotalCell",-0.027
1.02399299362822e-26,-1.47274901683284,0.174,0.218,2.54615857865658e-22,"TMEM170A","Higher_in_TotalCell",-0.044
1.59353922795029e-54,-1.4709381063684,0.254,0.315,3.96233529029839e-50,"TSR3","Higher_in_TotalCell",-0.061
4.01592028623769e-39,-1.46978349705973,0.175,0.235,9.98558579173001e-35,"FOPNL","Higher_in_TotalCell",-0.06
0,-1.46949658444565,0.871,0.913,0,"PPIB","Higher_in_TotalCell",-0.042
8.15484758873856e-21,-1.4688300097475,0.109,0.151,2.02770285293984e-16,"CASK","Higher_in_TotalCell",-0.042
0,-1.46734285585022,0.668,0.71,0,"CIB1","Higher_in_TotalCell",-0.0419999999999999
7.77124823006914e-66,-1.46685656114462,0.261,0.33,1.93232087240669e-61,"TIMM17B","Higher_in_TotalCell",-0.069
3.98215834909925e-38,-1.46544548737853,0.216,0.267,9.90163673503527e-34,"RFC2","Higher_in_TotalCell",-0.051
7.81826778496154e-297,-1.46513376718965,0.574,0.641,1.94401228473069e-292,"RALY","Higher_in_TotalCell",-0.0670000000000001
3.6586685190236e-19,-1.4649372202345,0.147,0.184,9.09727927255217e-15,"SLC34A2","Higher_in_TotalCell",-0.037
1.43605351033604e-13,-1.46431511718828,0.07,0.1,3.57074705345056e-09,"TBL3","Higher_in_TotalCell",-0.03
1.33149985475868e-08,-1.46347518486106,0.1,0.121,0.000331077438885745,"FANCA","Higher_in_TotalCell",-0.021
3.86745509735054e-234,-1.46338430440389,0.482,0.581,9.61642709956212e-230,"HDGF","Higher_in_TotalCell",-0.099
0,-1.46172425743162,0.77,0.828,0,"BCAP31","Higher_in_TotalCell",-0.0579999999999999
7.23924734814117e-50,-1.46145402787904,0.157,0.234,1.8000388531153e-45,"HCFC1R1","Higher_in_TotalCell",-0.077
6.00016299321421e-111,-1.45921371289816,0.375,0.442,1.49194052826271e-106,"MRPL43","Higher_in_TotalCell",-0.067
7.90171185474542e-12,-1.45770493210194,0.095,0.122,1.96476065268245e-07,"ULK3","Higher_in_TotalCell",-0.027
2.17851876252168e-122,-1.45730695092212,0.293,0.408,5.41688690301016e-118,"FLNA","Higher_in_TotalCell",-0.115
2.04395467049856e-60,-1.45714011935967,0.253,0.324,5.08229328819467e-56,"AKAP13","Higher_in_TotalCell",-0.071
3.27411071396701e-08,-1.45568801884341,0.081,0.102,0.000814107629027896,"CLN8","Higher_in_TotalCell",-0.021
6.55875915732637e-85,-1.4552459075984,0.372,0.427,1.6308354644692e-80,"PYCARD","Higher_in_TotalCell",-0.055
1.15163174906449e-14,-1.45435136003175,0.074,0.106,2.86353234404886e-10,"GALNS","Higher_in_TotalCell",-0.032
0,-1.45378148726216,0.946,0.938,0,"JUNB","Higher_in_TotalCell",0.00800000000000001
2.11911017716747e-44,-1.45159756874306,0.242,0.296,5.26916745552692e-40,"SIRT7","Higher_in_TotalCell",-0.054
4.60976202473092e-13,-1.45151150805918,0.075,0.104,1.14621732744934e-08,"RNF121","Higher_in_TotalCell",-0.029
6.38585892051562e-130,-1.45102571458992,0.426,0.486,1.58784382058621e-125,"ASAH1","Higher_in_TotalCell",-0.06
2.09141690346093e-175,-1.45046369890975,0.447,0.528,5.20030813045561e-171,"PIN4","Higher_in_TotalCell",-0.081
2.30060137942755e-19,-1.44942958777835,0.112,0.152,5.72044532994659e-15,"CYB5R1","Higher_in_TotalCell",-0.04
3.88650714274101e-156,-1.44903124360947,0.447,0.518,9.66380001042553e-152,"ATP6AP1","Higher_in_TotalCell",-0.071
2.53568255357697e-102,-1.44867777922209,0.369,0.434,6.30497466946913e-98,"F11R","Higher_in_TotalCell",-0.065
3.6985334491488e-16,-1.44653956079472,0.115,0.149,9.19640342130848e-12,"CHCHD6","Higher_in_TotalCell",-0.034
1.34268025148407e-16,-1.4464176890281,0.123,0.157,3.33857444531513e-12,"DGCR2","Higher_in_TotalCell",-0.034
2.99839804099224e-246,-1.44612320351759,0.229,0.46,7.45551672892722e-242,"GJB2","Higher_in_TotalCell",-0.231
6.55113818633659e-31,-1.44488838935066,0.207,0.251,1.62894051003259e-26,"BLCAP","Higher_in_TotalCell",-0.044
2.0077364636896e-13,-1.44123784253553,0.146,0.172,4.9922367169642e-09,"TXNDC16","Higher_in_TotalCell",-0.026
1.41221680002578e-21,-1.44078566367986,0.149,0.189,3.5114770732641e-17,"LZTS2","Higher_in_TotalCell",-0.04
7.29591527229711e-21,-1.4405066429741,0.148,0.187,1.81412933245668e-16,"INTS14","Higher_in_TotalCell",-0.039
2.2971792797538e-08,-1.43940652068799,0.085,0.106,0.000571193627910781,"OSBPL3","Higher_in_TotalCell",-0.021
1.29815415948704e-91,-1.43873945599788,0.295,0.389,3.22786031756453e-87,"RAP2B","Higher_in_TotalCell",-0.094
6.33307906926299e-189,-1.43824172934704,0.562,0.596,1.57472011057224e-184,"GGH","Higher_in_TotalCell",-0.0339999999999999
2.19319106217875e-44,-1.43454338399323,0.196,0.261,5.45336957610745e-40,"PRSS8","Higher_in_TotalCell",-0.065
2.18454714041514e-30,-1.4342101497093,0.254,0.288,5.43187646464223e-26,"ADAM17","Higher_in_TotalCell",-0.034
4.59893400624485e-17,-1.43383599721786,0.195,0.222,1.14352494065278e-12,"TNFAIP2","Higher_in_TotalCell",-0.027
1.14370308074907e-13,-1.43166110798882,0.099,0.131,2.84381771028257e-09,"HIST1H2BG","Higher_in_TotalCell",-0.032
1.66060820555706e-23,-1.42987347723516,0.146,0.19,4.12910230311764e-19,"TRIM56","Higher_in_TotalCell",-0.044
3.95108111906689e-19,-1.42861050162909,0.164,0.198,9.82436320255983e-15,"HRAS","Higher_in_TotalCell",-0.034
7.45618016347171e-103,-1.42853916613006,0.365,0.434,1.85397919764724e-98,"SLC44A2","Higher_in_TotalCell",-0.069
7.37259162981132e-26,-1.42776121681193,0.167,0.211,1.83319490875259e-21,"CNOT1","Higher_in_TotalCell",-0.044
0,-1.42736015382502,0.747,0.801,0,"ARF6","Higher_in_TotalCell",-0.054
5.54744667911834e-18,-1.42605598701587,0.154,0.188,1.37937261676278e-13,"NT5C2","Higher_in_TotalCell",-0.034
4.24353878265002e-39,-1.42584302861302,0.102,0.168,1.05515591830593e-34,"ARHGDIB","Higher_in_TotalCell",-0.066
1.99587966196944e-49,-1.42524789072965,0.036,0.102,4.96275477948701e-45,"PMP22","Higher_in_TotalCell",-0.066
8.39656129438631e-189,-1.42428746616418,0.522,0.575,2.08780496584916e-184,"RBP7","Higher_in_TotalCell",-0.0529999999999999
2.22486705220608e-15,-1.4240815212508,0.11,0.143,5.53213192531041e-11,"NAA60","Higher_in_TotalCell",-0.033
2.646744930403e-41,-1.42367818478978,0.213,0.269,6.58113126944705e-37,"APMAP","Higher_in_TotalCell",-0.056
6.34978380499201e-39,-1.42108860872981,0.23,0.28,1.57887374311126e-34,"BNIP2","Higher_in_TotalCell",-0.05
6.8440991146279e-65,-1.4196229585895,0.311,0.367,1.70178524485223e-60,"GLUD1","Higher_in_TotalCell",-0.056
3.45536972921365e-20,-1.4184439500446,0.153,0.19,8.59177683168973e-16,"MTUS1","Higher_in_TotalCell",-0.037
1.48213955755658e-26,-1.41595986871233,0.212,0.25,3.68534000986444e-22,"ILF3-DT","Higher_in_TotalCell",-0.038
9.49337559810301e-13,-1.41571484612236,0.165,0.187,2.36052784246831e-08,"APEX2","Higher_in_TotalCell",-0.022
2.75380668813318e-175,-1.41453713277334,0.461,0.533,6.84734033004315e-171,"RGS10","Higher_in_TotalCell",-0.072
3.39679921084092e-23,-1.41276558724159,0.131,0.176,8.44614123775594e-19,"ABHD3","Higher_in_TotalCell",-0.045
0,-1.41108786760236,0.982,0.994,0,"SERF2","Higher_in_TotalCell",-0.012
4.22106298691584e-22,-1.41025363002739,0.171,0.209,1.04956731169662e-17,"ABCF2.1","Higher_in_TotalCell",-0.038
0,-1.40965830504816,0.999,1,0,"RPLP1","Higher_in_TotalCell",-0.001
1.63635376079099e-47,-1.40925862856707,0.25,0.306,4.06879362620679e-43,"LTBR","Higher_in_TotalCell",-0.056
1.42956206350788e-173,-1.40787196788059,0.401,0.511,3.55460607091234e-169,"IQGAP1","Higher_in_TotalCell",-0.11
1.13978296661827e-37,-1.40743140206643,0.265,0.304,2.83407034649632e-33,"TAX1BP3","Higher_in_TotalCell",-0.039
3.17928963002192e-32,-1.40615999260803,0.2,0.246,7.90530366504951e-28,"FAM3A","Higher_in_TotalCell",-0.046
1.07828459287736e-40,-1.40525585034271,0.176,0.24,2.68115464018956e-36,"ABL2","Higher_in_TotalCell",-0.064
6.84748423733854e-74,-1.40489560619742,0.327,0.398,1.70262695561423e-69,"GADD45B","Higher_in_TotalCell",-0.071
6.08612982351371e-314,-1.40307545828607,0.651,0.718,1.51331618061668e-309,"S100A14","Higher_in_TotalCell",-0.0669999999999999
3.51362518834851e-18,-1.40298124147636,0.107,0.145,8.73662903082858e-14,"ZFAND2A","Higher_in_TotalCell",-0.038
2.02816535295254e-07,-1.40218010551628,0.087,0.106,0.0050430331501165,"SLC9A3","Higher_in_TotalCell",-0.019
4.90901442366009e-26,-1.40203076728217,0.072,0.12,1.22062643644308e-21,"CBX4","Higher_in_TotalCell",-0.048
0,-1.40150560282766,0.976,0.996,0,"MT-CO2","Higher_in_TotalCell",-0.02
2.9284406875535e-08,-1.39970480428997,0.093,0.114,0.000728156776960178,"PSD3","Higher_in_TotalCell",-0.021
1.8805417103625e-40,-1.39957892500166,0.258,0.303,4.67596696281637e-36,"KCMF1","Higher_in_TotalCell",-0.045
8.88915933574924e-27,-1.39892907695402,0.181,0.224,2.21028946883405e-22,"SCAMP3","Higher_in_TotalCell",-0.043
1.86331680993926e-25,-1.39602114536536,0.221,0.254,4.63313724791396e-21,"NSDHL","Higher_in_TotalCell",-0.033
1.10616311718784e-20,-1.39509818469606,0.207,0.237,2.75047459088755e-16,"JOSD1","Higher_in_TotalCell",-0.03
1.58092314600697e-198,-1.39432495716235,0.667,0.66,3.93096540254632e-194,"TMEM45A","Higher_in_TotalCell",0.00700000000000001
5.54422194325925e-22,-1.39168613664632,0.131,0.174,1.37857078619141e-17,"RGMA","Higher_in_TotalCell",-0.043
8.31799072479471e-25,-1.39158686555413,0.093,0.141,2.0682683937202e-20,"CELF2","Higher_in_TotalCell",-0.048
6.71747876307771e-14,-1.39147032103982,0.15,0.177,1.67030109443927e-09,"MANSC1","Higher_in_TotalCell",-0.027
1.0845098086159e-22,-1.39065701463539,0.133,0.177,2.69663363912343e-18,"RFC3","Higher_in_TotalCell",-0.044
1.8957408967541e-103,-1.39044847015097,0.419,0.464,4.71375973977908e-99,"VPS4B","Higher_in_TotalCell",-0.045
7.87023885432819e-11,-1.39031821357593,0.089,0.114,1.9569348911287e-06,"METTL4","Higher_in_TotalCell",-0.025
7.74481809584607e-128,-1.38957580225844,0.505,0.532,1.92574901953213e-123,"DHCR24","Higher_in_TotalCell",-0.027
1.61846067344643e-73,-1.38840626638378,0.362,0.405,4.02430246452454e-69,"CCZ1","Higher_in_TotalCell",-0.043
8.6794996975526e-08,-1.38672297150538,0.106,0.125,0.00215815759979645,"ABCC4","Higher_in_TotalCell",-0.019
5.82237231667373e-199,-1.3865096178809,0.584,0.642,1.44773287654092e-194,"ARL6IP1","Higher_in_TotalCell",-0.0580000000000001
8.18397175193209e-67,-1.38615407711053,0.319,0.375,2.03494457611791e-62,"URI1","Higher_in_TotalCell",-0.056
2.3193802180778e-34,-1.38592057948697,0.195,0.248,5.76713891225046e-30,"LRP10","Higher_in_TotalCell",-0.053
1.17726738606339e-46,-1.38542103579119,0.269,0.318,2.92727535544662e-42,"TSPAN3","Higher_in_TotalCell",-0.049
5.54541005216799e-14,-1.38368841084491,0.125,0.155,1.37886620947157e-09,"RBM15B","Higher_in_TotalCell",-0.03
3.57927521312681e-08,-1.38349126164362,0.086,0.107,0.00088998678174398,"ERLIN1","Higher_in_TotalCell",-0.021
1.2211160469834e-44,-1.38335823908606,0.284,0.325,3.03630505082423e-40,"PPP1R11","Higher_in_TotalCell",-0.041
5.77406194956309e-17,-1.38206645455248,0.134,0.168,1.43572050375886e-12,"TMEM132A","Higher_in_TotalCell",-0.034
4.79781228922008e-20,-1.38204568398804,0.125,0.166,1.19297602571457e-15,"TRIP13","Higher_in_TotalCell",-0.041
1.79145570869558e-07,-1.3815128067912,0.134,0.15,0.00445445461967156,"CARMIL1","Higher_in_TotalCell",-0.016
1.77861429532412e-09,-1.38145197974633,0.083,0.107,4.42252444532344e-05,"TMEM51","Higher_in_TotalCell",-0.024
2.0582802160439e-20,-1.38118302610123,0.167,0.202,5.11791375719315e-16,"NUDT15","Higher_in_TotalCell",-0.035
9.30516805521263e-22,-1.37894353032698,0.162,0.201,2.31373003692862e-17,"PRMT5","Higher_in_TotalCell",-0.039
2.48979985305058e-81,-1.37653543353337,0.338,0.401,6.19088733461027e-77,"AKR7A2","Higher_in_TotalCell",-0.063
7.21885428292592e-15,-1.37647516689034,0.113,0.145,1.79496811744953e-10,"CRYZ","Higher_in_TotalCell",-0.032
6.33534915694509e-12,-1.37467399361433,0.124,0.15,1.5752845678744e-07,"RASSF7","Higher_in_TotalCell",-0.026
3.37299294879876e-205,-1.37417487014297,0.524,0.593,8.38694696718812e-201,"BNIP3L","Higher_in_TotalCell",-0.069
2.19095451010273e-39,-1.37255899332509,0.191,0.251,5.44780838937043e-35,"MRPL28","Higher_in_TotalCell",-0.06
7.12138421031134e-12,-1.37231509883737,0.078,0.105,1.77073218389391e-07,"MPRIP","Higher_in_TotalCell",-0.027
3.17529351092375e-12,-1.37151342744829,0.098,0.126,7.89536731491191e-08,"MRAS","Higher_in_TotalCell",-0.028
8.27454773018883e-27,-1.37126088240181,0.217,0.253,2.05746629311145e-22,"BRCC3","Higher_in_TotalCell",-0.036
2.19855300983533e-79,-1.36949517878496,0.339,0.4,5.46670205895555e-75,"COMMD1","Higher_in_TotalCell",-0.061
7.17125796866566e-19,-1.36715420711389,0.173,0.206,1.78313329390872e-14,"FAM45A","Higher_in_TotalCell",-0.033
1.05481317537726e-08,-1.366549913977,0.111,0.131,0.000262279296057554,"NCK1-DT","Higher_in_TotalCell",-0.02
1.73954957588556e-114,-1.36625284998066,0.389,0.461,4.32539002043944e-110,"CNIH1","Higher_in_TotalCell",-0.072
7.71939766377261e-56,-1.36542627680117,0.298,0.35,1.91942822909706e-51,"SNAPIN","Higher_in_TotalCell",-0.052
9.74090831223634e-10,-1.36495738629907,0.121,0.143,2.42207685183757e-05,"EFS","Higher_in_TotalCell",-0.022
0,-1.364606373861,0.795,0.818,0,"GGCT","Higher_in_TotalCell",-0.0229999999999999
3.3180200643531e-22,-1.36351425964209,0.182,0.218,8.25025689001398e-18,"NUP93","Higher_in_TotalCell",-0.036
7.25662088889016e-12,-1.36310109125854,0.133,0.159,1.80435878402254e-07,"PTGFRN","Higher_in_TotalCell",-0.026
1.29006609852794e-93,-1.36260970591252,0.396,0.444,3.20774935398972e-89,"NELFE","Higher_in_TotalCell",-0.048
1.15310748147254e-23,-1.36260611215554,0.179,0.219,2.86720175268148e-19,"UBE2W","Higher_in_TotalCell",-0.04
5.57159196307431e-07,-1.36222703492487,0.1,0.118,0.0138537634161843,"PDCD11","Higher_in_TotalCell",-0.018
0,-1.36012817238819,0.631,0.703,0,"RPS19BP1","Higher_in_TotalCell",-0.072
0,-1.35985440636429,0.872,0.898,0,"NDUFA1","Higher_in_TotalCell",-0.026
8.57157266629791e-15,-1.35945856324856,0.121,0.153,2.13132154347498e-10,"GPT2","Higher_in_TotalCell",-0.032
3.0399639439819e-48,-1.35910239597215,0.278,0.327,7.55887034671098e-44,"CMC2","Higher_in_TotalCell",-0.049
4.08973229221429e-29,-1.3582011212469,0.225,0.264,1.01691193445908e-24,"BET1","Higher_in_TotalCell",-0.039
1.48908478269791e-55,-1.3579922276997,0.307,0.357,3.70260931217834e-51,"KNOP1","Higher_in_TotalCell",-0.05
1.20194563271365e-12,-1.35783305090509,0.148,0.174,2.9886378157425e-08,"RAB30-AS1","Higher_in_TotalCell",-0.026
1.17407074913355e-18,-1.3536718186037,0.125,0.163,2.91932691772057e-14,"POLDIP3","Higher_in_TotalCell",-0.038
1.69078171688599e-36,-1.35332783924092,0.215,0.266,4.20412873903703e-32,"CNPY3","Higher_in_TotalCell",-0.051
4.75515552382301e-14,-1.35264740880194,0.129,0.159,1.18236942099859e-09,"BIN3","Higher_in_TotalCell",-0.03
5.68286846249594e-25,-1.35251780771264,0.255,0.28,1.41304524319962e-20,"ALDH3B2","Higher_in_TotalCell",-0.025
8.14924364069386e-17,-1.3523608562372,0.156,0.187,2.02630943125853e-12,"VAMP7","Higher_in_TotalCell",-0.031
1.65687823061838e-62,-1.35235660901213,0.167,0.265,4.11982772043261e-58,"SPC25","Higher_in_TotalCell",-0.098
7.23033001776259e-09,-1.35188174883897,0.107,0.128,0.000179782155891667,"TNIP2","Higher_in_TotalCell",-0.021
2.40647923027736e-13,-1.35156009970738,0.144,0.171,5.98371060608465e-09,"SERTAD2","Higher_in_TotalCell",-0.027
2.21196544950394e-50,-1.35151572877983,0.34,0.381,5.50005209019154e-46,"ADIRF","Higher_in_TotalCell",-0.041
7.2898012214508e-155,-1.35032254026242,0.512,0.552,1.81260907371374e-150,"FSCN1","Higher_in_TotalCell",-0.04
7.82842693660638e-24,-1.34887816081152,0.168,0.21,1.94653835778718e-19,"ITFG1","Higher_in_TotalCell",-0.042
2.30018465843204e-16,-1.34604489229956,0.135,0.168,5.71940915319128e-12,"SLC25A17","Higher_in_TotalCell",-0.033
4.03839914666736e-18,-1.3453543450339,0.209,0.234,1.00414794781884e-13,"MINDY2","Higher_in_TotalCell",-0.025
7.84128839326432e-16,-1.34457941628924,0.085,0.12,1.94973635898517e-11,"CDCA5","Higher_in_TotalCell",-0.035
1.72352786892553e-19,-1.34379648505745,0.156,0.193,4.28555204608333e-15,"ATP6V1C1","Higher_in_TotalCell",-0.037
8.84174490654803e-61,-1.34345383675014,0.321,0.37,2.19849987101317e-56,"MRPS18B","Higher_in_TotalCell",-0.049
7.46012641947715e-37,-1.34169672735518,0.284,0.317,1.85496043420299e-32,"RUNX3","Higher_in_TotalCell",-0.033
0,-1.34131411018063,0.679,0.731,0,"UBE2I","Higher_in_TotalCell",-0.0519999999999999
4.8406536200908e-17,-1.34123059018221,0.175,0.205,1.20362852263558e-12,"MMP14","Higher_in_TotalCell",-0.03
8.38447404449555e-24,-1.3398030322577,0.18,0.22,2.08479947116382e-19,"TMED1","Higher_in_TotalCell",-0.04
2.15991509555526e-140,-1.33971657493775,0.448,0.51,5.37062888509816e-136,"COA4","Higher_in_TotalCell",-0.062
1.92752308428399e-13,-1.33950106338645,0.138,0.166,4.79278614907214e-09,"SNX12","Higher_in_TotalCell",-0.028
4.75276033897802e-31,-1.33940948397402,0.149,0.205,1.18177385828688e-26,"ANXA3","Higher_in_TotalCell",-0.056
1.24839330199136e-11,-1.33529200067283,0.106,0.133,3.10412994540152e-07,"KIFC1","Higher_in_TotalCell",-0.027
3.4628436161695e-21,-1.33502014987363,0.161,0.201,8.61036065160546e-17,"FRMD4A","Higher_in_TotalCell",-0.04
9.65479033649828e-187,-1.33479536195514,0.565,0.592,2.4006636171703e-182,"BUD31","Higher_in_TotalCell",-0.027
1.14451765501918e-18,-1.33421131717263,0.155,0.191,2.8458431492052e-14,"PRRG4","Higher_in_TotalCell",-0.036
1.57916296818473e-16,-1.3322895165487,0.447,0.399,3.92658872039134e-12,"CTNNB1","Higher_in_TotalCell",0.048
5.83573794040182e-17,-1.3315828636609,0.208,0.23,1.45105623888091e-12,"THAP11","Higher_in_TotalCell",-0.022
8.37727842642085e-121,-1.33119271114748,0.469,0.511,2.08301028072954e-116,"PDIA4","Higher_in_TotalCell",-0.042
5.86298545555491e-17,-1.32964708299077,0.199,0.224,1.45783133352373e-12,"AC023043.1","Higher_in_TotalCell",-0.025
2.99728655316613e-18,-1.32810589846667,0.154,0.189,7.45275301444757e-14,"THOC6","Higher_in_TotalCell",-0.035
9.80619578890374e-45,-1.32738693074118,0.239,0.296,2.43831058291092e-40,"TMEM126A","Higher_in_TotalCell",-0.057
1.35049840481577e-07,-1.32718803432475,0.094,0.114,0.00335801428357442,"OVOL1","Higher_in_TotalCell",-0.02
2.52490321975333e-31,-1.32713939505865,0.177,0.231,6.27817185591665e-27,"C1orf56","Higher_in_TotalCell",-0.054
1.83110215447007e-11,-1.32661865146637,0.079,0.106,4.55303550708984e-07,"YTHDF1","Higher_in_TotalCell",-0.027
9.5890405453354e-31,-1.32656710405152,0.26,0.293,2.38431493159765e-26,"SAE1","Higher_in_TotalCell",-0.033
4.41179957658181e-34,-1.32535204873119,0.165,0.221,1.09699396471707e-29,"MLST8","Higher_in_TotalCell",-0.056
2.73240876515663e-11,-1.32364078173151,0.141,0.164,6.79413439456197e-07,"TMEM243","Higher_in_TotalCell",-0.023
8.75570815597041e-07,-1.32080026272753,0.09,0.108,0.0217710683298204,"TENT4A","Higher_in_TotalCell",-0.018
2.25636143875859e-12,-1.3179382963282,0.122,0.149,5.61044271747323e-08,"BCL2L13","Higher_in_TotalCell",-0.027
7.90505033345994e-323,-1.31643451832675,0.666,0.701,1.96559076541482e-318,"LAMP2","Higher_in_TotalCell",-0.0349999999999999
2.22870070132755e-44,-1.31600721360131,0.321,0.355,5.54166429385096e-40,"NFATC3","Higher_in_TotalCell",-0.034
1.09558531306534e-38,-1.31549886052673,0.252,0.299,2.72417288093697e-34,"P4HA2","Higher_in_TotalCell",-0.047
2.07803280803619e-19,-1.31545768743876,0.077,0.117,5.16702857718199e-15,"RAI14","Higher_in_TotalCell",-0.04
4.62951687057322e-13,-1.3148569565813,0.14,0.166,1.15112936986803e-08,"CORO1A","Higher_in_TotalCell",-0.026
9.71232201003532e-20,-1.31114876219282,0.12,0.161,2.41496886779528e-15,"ASNS","Higher_in_TotalCell",-0.041
2.65357057949679e-12,-1.31049472932854,0.133,0.159,6.59810324591877e-08,"SPNS1","Higher_in_TotalCell",-0.026
7.73912494109608e-98,-1.31032675877921,0.441,0.474,1.92433341660354e-93,"CYSTM1","Higher_in_TotalCell",-0.033
2.4404059828221e-13,-1.30971313641206,0.23,0.241,6.06806947628714e-09,"LIMCH1","Higher_in_TotalCell",-0.011
1.38719974489511e-36,-1.30956446457873,0.323,0.344,3.44927216568168e-32,"MBOAT2","Higher_in_TotalCell",-0.021
1.58911663107813e-19,-1.30750549210926,0.165,0.201,3.95133850317578e-15,"CISD3","Higher_in_TotalCell",-0.036
0,-1.30584322229987,0.836,0.836,0,"LSM5","Higher_in_TotalCell",0
2.0645128160265e-18,-1.30494327733106,0.195,0.223,5.13341111704989e-14,"ARHGEF35","Higher_in_TotalCell",-0.028
5.30692999937076e-117,-1.30443172533062,0.392,0.469,1.31956814434354e-112,"CTSD","Higher_in_TotalCell",-0.077
1.98135159972701e-163,-1.30440229247569,0.542,0.573,4.9266307527212e-159,"SPINT1","Higher_in_TotalCell",-0.0309999999999999
4.97783691194183e-14,-1.30364825989754,0.159,0.185,1.23773914815434e-09,"PITPNA","Higher_in_TotalCell",-0.026
2.16780831344559e-59,-1.300658265161,0.276,0.341,5.39025537138245e-55,"CSRP1","Higher_in_TotalCell",-0.065
4.03573870656569e-12,-1.29982814070544,0.124,0.151,1.00348642938756e-07,"PIR","Higher_in_TotalCell",-0.027
1.62084557309325e-37,-1.29934568083186,0.268,0.309,4.03023251749638e-33,"SNRNP25","Higher_in_TotalCell",-0.041
0,-1.29661984640271,0.987,0.998,0,"MT-CO3","Higher_in_TotalCell",-0.011
3.88720266395851e-09,-1.29605168349237,0.094,0.117,9.66552942393284e-05,"SLC20A2","Higher_in_TotalCell",-0.023
5.1261254161954e-173,-1.29472432395493,0.795,0.79,1.27461108473699e-168,"HES1","Higher_in_TotalCell",0.005
1.15386964761027e-28,-1.29449613174872,0.208,0.251,2.86909687878294e-24,"CTSA","Higher_in_TotalCell",-0.043
2.28582003343088e-74,-1.29219519919759,0.356,0.409,5.68369151312589e-70,"NCK1","Higher_in_TotalCell",-0.053
6.31508578012522e-18,-1.29118156178092,0.172,0.204,1.57024607922814e-13,"NOL3","Higher_in_TotalCell",-0.032
4.86255150347688e-88,-1.29084951956447,0.385,0.439,1.20907343133953e-83,"HTATSF1","Higher_in_TotalCell",-0.054
7.79542258105249e-08,-1.29004949907371,0.128,0.147,0.0019383318247787,"IFITM2","Higher_in_TotalCell",-0.019
1.08868874246087e-223,-1.2884885880699,0.595,0.662,2.70702455812896e-219,"PHLDA2","Higher_in_TotalCell",-0.0670000000000001
1.76671756085161e-17,-1.28846277283459,0.126,0.163,4.39294321505753e-13,"CDC34","Higher_in_TotalCell",-0.037
9.85265987676108e-11,-1.28838016921504,0.175,0.193,2.44986387835664e-06,"ZDHHC21","Higher_in_TotalCell",-0.018
1.16443248516164e-15,-1.28783206436508,0.337,0.323,2.89536137435443e-11,"AL445524.1","Higher_in_TotalCell",0.014
5.86610745366264e-25,-1.28753466730175,0.162,0.207,1.45860761835322e-20,"TNIP1","Higher_in_TotalCell",-0.045
2.62510982178723e-08,-1.28722569351967,0.116,0.136,0.000652733557187395,"TMEM65","Higher_in_TotalCell",-0.02
8.89720664752211e-24,-1.28549665028126,0.234,0.263,2.21229043290637e-19,"ZDHHC4","Higher_in_TotalCell",-0.029
2.21968224299167e-13,-1.28431665937865,0.095,0.126,5.51923989719879e-09,"FAM92A","Higher_in_TotalCell",-0.031
8.59864330296496e-15,-1.28413778367282,0.217,0.235,2.13805265728224e-10,"LIMK2","Higher_in_TotalCell",-0.018
8.49606314532938e-19,-1.28329709133816,0.19,0.221,2.11254610108615e-14,"LINC00467","Higher_in_TotalCell",-0.031
9.442858506878e-70,-1.28286683127228,0.584,0.556,2.34796676773521e-65,"PPP1R15A","Higher_in_TotalCell",0.0279999999999999
3.84006908153932e-135,-1.28247504538636,0.51,0.541,9.54833177124752e-131,"IMPA2","Higher_in_TotalCell",-0.031
6.55804995188928e-24,-1.28077375732671,0.22,0.253,1.63065912053727e-19,"YIF1B","Higher_in_TotalCell",-0.033
3.06621805759882e-137,-1.28074979464697,0.479,0.521,7.62415120021946e-133,"NUTF2","Higher_in_TotalCell",-0.042
6.49631627361634e-59,-1.28001571970584,0.454,0.458,1.6153090414347e-54,"TOB1","Higher_in_TotalCell",-0.004
1.19310211904408e-08,-1.27793668224199,0.117,0.138,0.000296664841900311,"ARRDC1","Higher_in_TotalCell",-0.021
3.90750277976118e-18,-1.2763755255201,0.229,0.249,9.71600566187616e-14,"TMEM60","Higher_in_TotalCell",-0.02
5.73542007035461e-19,-1.27583305631426,0.159,0.195,1.42611220049367e-14,"NT5C","Higher_in_TotalCell",-0.036
1.7302833349914e-31,-1.27474630048791,0.288,0.314,4.30234951245611e-27,"GRTP1","Higher_in_TotalCell",-0.026
3.19652956791994e-168,-1.27460891178088,0.602,0.613,7.94817077063293e-164,"NINJ1","Higher_in_TotalCell",-0.011
4.95329725722261e-22,-1.27436411980041,0.254,0.274,1.2316373630084e-17,"RPP30","Higher_in_TotalCell",-0.02
3.81098239116533e-180,-1.27360526716681,0.591,0.609,9.47600771563259e-176,"HACD3","Higher_in_TotalCell",-0.018
1.17065005450543e-06,-1.27328458565648,0.086,0.104,0.0291082136052774,"TYSND1","Higher_in_TotalCell",-0.018
6.18578206141855e-16,-1.27318319995335,0.208,0.23,1.53809470957172e-11,"CTBS","Higher_in_TotalCell",-0.022
1.63208388184537e-09,-1.26866267772833,0.159,0.177,4.05817657220852e-05,"ZCCHC10","Higher_in_TotalCell",-0.018
2.33718964420226e-08,-1.26779140710275,0.13,0.148,0.000581142205030892,"TMEM222","Higher_in_TotalCell",-0.018
1.63315086739188e-18,-1.26441406996138,0.204,0.231,4.06082963176991e-14,"EEF1AKMT2","Higher_in_TotalCell",-0.027
0,-1.26401767493311,0.808,0.835,0,"EIF2S2","Higher_in_TotalCell",-0.0269999999999999
1.63030293623866e-18,-1.26383595415799,0.07,0.109,4.05374825095742e-14,"NFKB1","Higher_in_TotalCell",-0.039
1.32848378887197e-46,-1.26310598910795,0.273,0.323,3.30327494103014e-42,"DAZAP1","Higher_in_TotalCell",-0.05
6.70994378698931e-07,-1.26196808944997,0.096,0.114,0.0166842752263489,"SLC39A11","Higher_in_TotalCell",-0.018
2.78570926342625e-22,-1.26129716736284,0.209,0.242,6.92666608350937e-18,"CIAPIN1","Higher_in_TotalCell",-0.033
0,-1.26058070875143,0.894,0.918,0,"RPS17","Higher_in_TotalCell",-0.024
5.66194095218548e-14,-1.25896361616238,0.231,0.244,1.40784161776092e-09,"FAM89B","Higher_in_TotalCell",-0.013
6.04675302809833e-11,-1.25842281350567,0.178,0.196,1.50352514043665e-06,"TPP2","Higher_in_TotalCell",-0.018
1.28439257787081e-26,-1.25769814485052,0.278,0.301,3.19364214487576e-22,"RSBN1L","Higher_in_TotalCell",-0.023
5.64547963913214e-27,-1.25714036138931,0.305,0.319,1.40374851227021e-22,"NUDT8","Higher_in_TotalCell",-0.014
2.25903440611728e-53,-1.25606701993693,0.343,0.38,5.61708905081061e-49,"CALM3","Higher_in_TotalCell",-0.037
3.34386806996283e-08,-1.25420971865465,0.128,0.147,0.000831452795596258,"TNRC6A","Higher_in_TotalCell",-0.019
7.23849175889964e-12,-1.25327096197794,0.161,0.184,1.79985097585039e-07,"DCAF11","Higher_in_TotalCell",-0.023
1.18834391055326e-314,-1.25275889707595,0.698,0.717,2.95481713359067e-310,"YWHAH","Higher_in_TotalCell",-0.019
2.46771806992949e-149,-1.25274490408085,0.525,0.565,6.13598098087968e-145,"RBBP4","Higher_in_TotalCell",-0.0399999999999999
5.58621254779686e-08,-1.25211854370207,0.127,0.146,0.00138901175000969,"FAT1","Higher_in_TotalCell",-0.019
4.97035640896373e-07,-1.25192078087416,0.098,0.116,0.0123587912108883,"OGT","Higher_in_TotalCell",-0.018
7.93942210379594e-13,-1.25010179641905,0.184,0.205,1.97413730610886e-08,"ZBED1","Higher_in_TotalCell",-0.021
2.20719728004566e-16,-1.24974753649098,0.213,0.235,5.48819603683353e-12,"TPRA1","Higher_in_TotalCell",-0.022
0,-1.24932135382611,0.958,0.965,0,"MYL12A","Higher_in_TotalCell",-0.00700000000000001
0,-1.24803744026223,0.986,0.998,0,"MT-CO1","Higher_in_TotalCell",-0.012
1.7673143105814e-38,-1.24712837837695,0.395,0.417,4.39442703326066e-34,"RCAN1","Higher_in_TotalCell",-0.022
0,-1.24704132949955,0.791,0.803,0,"ATP5MF","Higher_in_TotalCell",-0.012
9.3592126114029e-13,-1.24703759468237,0.177,0.199,2.32716821582533e-08,"SLC41A3","Higher_in_TotalCell",-0.022
7.74354593297362e-179,-1.24682125610348,0.586,0.62,1.92543269623389e-174,"TGIF1","Higher_in_TotalCell",-0.034
2.12455606966098e-10,-1.24579863634153,0.161,0.18,5.28270866721202e-06,"ALDH18A1","Higher_in_TotalCell",-0.019
3.54351953809134e-48,-1.24537395253658,0.317,0.356,8.81096133146413e-44,"OXLD1","Higher_in_TotalCell",-0.039
1.16042222556452e-10,-1.24526276871748,0.114,0.14,2.88538986386617e-06,"IGSF3","Higher_in_TotalCell",-0.026
1.25055285826185e-78,-1.24502059430493,0.469,0.486,3.10949968206809e-74,"TNFRSF12A","Higher_in_TotalCell",-0.017
0,-1.24320734309391,0.693,0.724,0,"FAM96B","Higher_in_TotalCell",-0.031
1.14121659029479e-14,-1.24278210546342,0.161,0.189,2.83763505176799e-10,"PDZD11","Higher_in_TotalCell",-0.028
5.80772770478732e-169,-1.24153140016021,0.52,0.574,1.44409149379537e-164,"PDXK","Higher_in_TotalCell",-0.0539999999999999
1.17017194060985e-12,-1.23968703224461,0.163,0.188,2.90963253032638e-08,"VPS37A","Higher_in_TotalCell",-0.025
8.34600546056914e-32,-1.23916781066513,0.226,0.273,2.07523425777052e-27,"KDELR3","Higher_in_TotalCell",-0.047
8.85945016456615e-219,-1.23744568733629,0.567,0.625,2.20290228341937e-214,"PSME1","Higher_in_TotalCell",-0.0580000000000001
4.91672509992835e-13,-1.23724793979159,0.101,0.132,1.22254369609718e-08,"ANLN","Higher_in_TotalCell",-0.031
2.87119718133088e-20,-1.23665165960443,0.201,0.233,7.13923179137924e-16,"BRMS1","Higher_in_TotalCell",-0.032
1.53578172636951e-17,-1.23612740420976,0.225,0.248,3.81872126261779e-13,"NUB1","Higher_in_TotalCell",-0.023
5.31127837823929e-07,-1.2359156938225,0.192,0.197,0.013206493687492,"RMI2","Higher_in_TotalCell",-0.005
5.36041543957244e-37,-1.23463762049583,0.484,0.448,1.33286729904969e-32,"CTSC","Higher_in_TotalCell",0.036
9.02093166058328e-273,-1.23425151767655,0.634,0.672,2.24305465740403e-268,"SNRPB2","Higher_in_TotalCell",-0.038
7.90189927108413e-10,-1.2340786215846,0.111,0.134,1.96480725375507e-05,"SORBS3","Higher_in_TotalCell",-0.023
7.86781684723118e-49,-1.23386566422756,0.351,0.378,1.95633265906403e-44,"SMDT1","Higher_in_TotalCell",-0.027
5.10836669643592e-29,-1.23329050834882,0.309,0.326,1.27019537906879e-24,"TMEM189","Higher_in_TotalCell",-0.017
3.92475775490360e-11,-1.2328085274585,0.214,0.226,9.75891015756781e-07,"CTSF","Higher_in_TotalCell",-0.012
0,-1.23185880085526,0.395,0.627,0,"MT-ND4L","Higher_in_TotalCell",-0.232
9.57345014082594e-10,-1.23036850184445,0.122,0.145,2.38043837751637e-05,"PICALM","Higher_in_TotalCell",-0.023
1.54440337704436e-06,-1.22988050153839,0.129,0.144,0.038401589970208,"FAM98C","Higher_in_TotalCell",-0.015
2.79329602550934e-29,-1.22489023988762,0.286,0.311,6.94553056742897e-25,"MITD1","Higher_in_TotalCell",-0.025
2.95548564186354e-31,-1.22460852724791,0.226,0.279,7.3488150484937e-27,"CCNB2","Higher_in_TotalCell",-0.053
7.98566430794258e-63,-1.22365748296833,0.411,0.43,1.98563543016992e-58,"BCL7C","Higher_in_TotalCell",-0.019
2.71346004639779e-62,-1.22001702311866,0.393,0.422,6.7470184053681e-58,"MKRN1","Higher_in_TotalCell",-0.029
4.7521950910259e-32,-1.21901871348334,0.32,0.337,1.18163330938359e-27,"FASTK","Higher_in_TotalCell",-0.017
2.23349537921129e-20,-1.21846081038238,0.232,0.257,5.55358626040886e-16,"SCAMP2","Higher_in_TotalCell",-0.025
1.17594630336855e-39,-1.21777225179403,0.312,0.346,2.92399048332589e-35,"REL","Higher_in_TotalCell",-0.034
4.38749081630973e-12,-1.21556208149237,0.211,0.224,1.09094959147541e-07,"RASEF","Higher_in_TotalCell",-0.013
4.36565628392576e-22,-1.21510830952833,0.291,0.307,1.08552043499814e-17,"MT1F","Higher_in_TotalCell",-0.016
4.77542763924624e-68,-1.21506259517443,0.336,0.393,1.18741008249858e-63,"TRIM29","Higher_in_TotalCell",-0.057
6.83913101924496e-51,-1.2146379451441,0.369,0.394,1.70054992793526e-46,"ACO2","Higher_in_TotalCell",-0.025
2.74531247824572e-11,-1.21408861212596,0.203,0.218,6.82621947715797e-07,"SSBP3","Higher_in_TotalCell",-0.015
1.64781680713941e-16,-1.21195324108179,0.172,0.203,4.09729649095213e-12,"CRB3","Higher_in_TotalCell",-0.031
1.12642186910575e-25,-1.21181387435016,0.096,0.149,2.80084797753145e-21,"UBE2L6","Higher_in_TotalCell",-0.053
1.07505894853019e-06,-1.21091462798787,0.117,0.133,0.0267313407552032,"MUM1","Higher_in_TotalCell",-0.016
2.3175939773268e-10,-1.20952232563478,0.168,0.186,5.7626974246231e-06,"PURA","Higher_in_TotalCell",-0.018
3.30896519368832e-11,-1.20863316495727,0.146,0.169,8.227741954106e-07,"GOT2","Higher_in_TotalCell",-0.023
5.93616207159799e-16,-1.20833951708238,0.204,0.227,1.47602669910284e-11,"LRPAP1","Higher_in_TotalCell",-0.023
4.25948417638839e-235,-1.20822872282617,0.675,0.691,1.05912074045897e-230,"SOX9","Higher_in_TotalCell",-0.0159999999999999
1.04904898588623e-115,-1.20782467865933,0.503,0.525,2.60846030340611e-111,"ANP32A","Higher_in_TotalCell",-0.022
1.17089750786602e-09,-1.20675779967898,0.184,0.198,2.91143665330886e-05,"MCMBP","Higher_in_TotalCell",-0.014
0,-1.20625554166449,0.824,0.851,0,"ANAPC16","Higher_in_TotalCell",-0.027
1.56555514706553e-06,-1.20292993674567,0.134,0.148,0.0389275287317845,"HOOK3","Higher_in_TotalCell",-0.014
1.16078391725396e-08,-1.20234063702894,0.107,0.129,0.000288628921025196,"ASXL1","Higher_in_TotalCell",-0.022
3.3164481420687e-16,-1.1994649484468,0.33,0.321,8.24634830525384e-12,"HELLS","Higher_in_TotalCell",0.00900000000000001
1.58686236534423e-21,-1.19943799105815,0.276,0.293,3.94573327142842e-17,"AKAP17A","Higher_in_TotalCell",-0.017
8.31787954742941e-12,-1.19819279261442,0.138,0.164,2.06824074946832e-07,"FMR1","Higher_in_TotalCell",-0.026
1.52236707524802e-13,-1.19685028961094,0.097,0.128,3.78536573260421e-09,"FAH","Higher_in_TotalCell",-0.031
1.18291018066185e-07,-1.1968224789119,0.193,0.201,0.0029413061642157,"DAG1","Higher_in_TotalCell",-0.00800000000000001
0,-1.19667645534899,0.915,0.927,0,"SEM1","Higher_in_TotalCell",-0.012
0,-1.19651662522316,0.853,0.874,0,"COX7B","Higher_in_TotalCell",-0.021
3.56726597559406e-34,-1.19619771758808,0.331,0.349,8.87000684831464e-30,"CACUL1","Higher_in_TotalCell",-0.018
4.91557158224562e-09,-1.19586793648634,0.129,0.15,0.000122225687392537,"ALG8","Higher_in_TotalCell",-0.021
3.00531793042947e-12,-1.19448562042045,0.169,0.192,7.47272303401287e-08,"PIAS1","Higher_in_TotalCell",-0.023
1.33448412674676e-40,-1.19352309205195,0.303,0.337,3.31819478115583e-36,"YIPF6","Higher_in_TotalCell",-0.034
8.1190233581475e-24,-1.19241874742376,0.312,0.32,2.01879515800338e-19,"TM7SF3","Higher_in_TotalCell",-0.00800000000000001
4.68267673936104e-25,-1.19005210682626,0.315,0.324,1.16434757124212e-20,"TMUB1","Higher_in_TotalCell",-0.00900000000000001
1.03712383475816e-18,-1.18943927784343,0.153,0.192,2.57880841512617e-14,"STK3","Higher_in_TotalCell",-0.039
3.14746043057835e-13,-1.18792021100173,0.195,0.216,7.82616036063306e-09,"ARHGEF7","Higher_in_TotalCell",-0.021
5.58634206965238e-11,-1.18781610262479,0.168,0.19,1.38904395561907e-06,"PLXNB2","Higher_in_TotalCell",-0.022
4.23710216842615e-76,-1.18727358912475,0.45,0.466,1.05355545417916e-71,"MCUR1","Higher_in_TotalCell",-0.016
4.80942852508095e-09,-1.18726667356389,0.202,0.211,0.000119586440276138,"RNF138","Higher_in_TotalCell",-0.00899999999999998
2.98824944327051e-230,-1.18624038817056,0.625,0.655,7.43028224069212e-226,"COX17","Higher_in_TotalCell",-0.03
1.80775391304983e-17,-1.1861445011792,0.224,0.246,4.49498010479841e-13,"MECP2","Higher_in_TotalCell",-0.022
3.09782403555426e-11,-1.18557922595012,0.264,0.263,7.70273946440567e-07,"FAM241B","Higher_in_TotalCell",0.001
6.49947514132849e-38,-1.18534069082996,0.339,0.37,1.61609449389133e-33,"ZWINT","Higher_in_TotalCell",-0.031
1.00170662151816e-16,-1.18466923108515,0.242,0.258,2.49074351440491e-12,"REPIN1","Higher_in_TotalCell",-0.016
1.8681471863699e-11,-1.18287262045164,0.176,0.195,4.64514797890875e-07,"ACOT7","Higher_in_TotalCell",-0.019
1.53073793404978e-09,-1.18286430317901,0.118,0.141,3.80617987301477e-05,"ANKRD49","Higher_in_TotalCell",-0.023
2.26936673732125e-58,-1.182526952254,0.411,0.427,5.64278039234929e-54,"KARS","Higher_in_TotalCell",-0.016
1.98173787106383e-28,-1.18247457912408,0.297,0.318,4.92759121640021e-24,"STAMBP","Higher_in_TotalCell",-0.021
2.45775354176177e-16,-1.18214248344018,0.079,0.115,6.11120418159064e-12,"MFSD12","Higher_in_TotalCell",-0.036
1.11514470068817e-14,-1.18128164930743,0.24,0.252,2.77280729826113e-10,"ANAPC15","Higher_in_TotalCell",-0.012
2.7365479401107e-09,-1.1806753449806,0.171,0.187,6.80442645308524e-05,"SLC35A2","Higher_in_TotalCell",-0.016
6.4233044262669e-21,-1.17956304842848,0.256,0.277,1.59715464559126e-16,"B4GALT3","Higher_in_TotalCell",-0.021
2.62304945355191e-13,-1.17775628759061,0.245,0.254,6.52221246625683e-09,"NDUFAF6","Higher_in_TotalCell",-0.00900000000000001
1.01609298974247e-261,-1.17775013910256,0.288,0.549,2.52651521899465e-257,"UBE2C","Higher_in_TotalCell",-0.261
3.55084213622652e-09,-1.17503079801267,0.091,0.114,8.82916897172725e-05,"MND1","Higher_in_TotalCell",-0.023
3.55801843847454e-07,-1.17426200609833,0.11,0.128,0.00884701284726695,"OSGIN2","Higher_in_TotalCell",-0.018
7.19701482616839e-07,-1.17372314990225,0.151,0.164,0.0178953773652677,"MSL3","Higher_in_TotalCell",-0.013
1.06468673910934e-38,-1.17349764022073,0.3,0.346,2.64734357679538e-34,"VEGFA","Higher_in_TotalCell",-0.046
2.99514457290936e-159,-1.17331929939095,0.569,0.584,7.44742698053912e-155,"HSD17B10","Higher_in_TotalCell",-0.015
9.89079835064255e-15,-1.17300042171215,0.123,0.156,2.45934700988727e-10,"SHISA5","Higher_in_TotalCell",-0.033
7.41038521600215e-48,-1.17258261646934,0.39,0.403,1.84259228395893e-43,"PFDN1","Higher_in_TotalCell",-0.013
4.60373043209164e-85,-1.17171538431465,0.448,0.483,1.14471757193959e-80,"WTAP","Higher_in_TotalCell",-0.035
8.34266043912165e-26,-1.17081822223862,0.346,0.349,2.0744025181876e-21,"C6orf132","Higher_in_TotalCell",-0.003
5.79183866945391e-12,-1.1705361676003,0.21,0.227,1.44014068515972e-07,"VSNL1","Higher_in_TotalCell",-0.017
2.69225333533415e-08,-1.1704790311276,0.152,0.169,0.000669428791830836,"C16orf87","Higher_in_TotalCell",-0.017
9.29434813556354e-14,-1.16928351998816,0.232,0.245,2.31103966390787e-09,"GDI1","Higher_in_TotalCell",-0.013
2.77226442823463e-31,-1.16896934877064,0.337,0.35,6.89323550080542e-27,"CUL4A","Higher_in_TotalCell",-0.013
1.66400477800129e-06,-1.16434455637708,0.167,0.177,0.0413754788050022,"BARX2","Higher_in_TotalCell",-0.00999999999999998
5.71180350642653e-11,-1.16322972234117,0.215,0.226,1.42023994187296e-06,"SLC2A4RG","Higher_in_TotalCell",-0.011
4.02247847720314e-24,-1.16308820648232,0.32,0.327,1.00018927335656e-19,"WBP11","Higher_in_TotalCell",-0.00700000000000001
3.55548453051956e-12,-1.16296300185051,0.213,0.229,8.84071228513688e-08,"GOLT1B","Higher_in_TotalCell",-0.016
6.3948787249099e-07,-1.16167122164933,0.12,0.136,0.0159008659494885,"EFHD2","Higher_in_TotalCell",-0.016
1.69409159443845e-53,-1.16145618298841,0.35,0.387,4.21235874957121e-49,"FAM133B","Higher_in_TotalCell",-0.037
1.94817909118977e-12,-1.16113008785839,0.194,0.214,4.84414731024337e-08,"AFDN","Higher_in_TotalCell",-0.02
7.53461229542036e-12,-1.15948328245645,0.23,0.239,1.87348134725627e-07,"ISY1","Higher_in_TotalCell",-0.00899999999999998
9.18118846618366e-07,-1.15919753651401,0.24,0.235,0.0228290251211657,"TUSC1","Higher_in_TotalCell",0.005
9.74696674953089e-35,-1.15888299809808,0.323,0.347,2.42358328227086e-30,"RAB40B","Higher_in_TotalCell",-0.024
2.67283624056631e-09,-1.15855145184635,0.182,0.196,6.64600731216813e-05,"SORD","Higher_in_TotalCell",-0.014
8.69719080757612e-07,-1.15798144097206,0.159,0.17,0.021625564943038,"CUX1","Higher_in_TotalCell",-0.011
6.6602481871347e-08,-1.15790109065062,0.16,0.174,0.00165607071173104,"SDR39U1","Higher_in_TotalCell",-0.014
1.75676015728544e-28,-1.15652038864813,0.325,0.337,4.36818413109025e-24,"C15orf61","Higher_in_TotalCell",-0.012
4.22368095167493e-112,-1.15518021793606,0.49,0.523,1.05021826863397e-107,"NARS","Higher_in_TotalCell",-0.033
1.25096105710648e-140,-1.15363432340081,0.041,0.19,3.11051466849527e-136,"HLA-DPA1","Higher_in_TotalCell",-0.149
2.39561320418889e-52,-1.15345072200069,0.387,0.409,5.95669223221568e-48,"SEPT9","Higher_in_TotalCell",-0.022
7.69970550484062e-26,-1.15230484121935,0.385,0.372,1.91453177377862e-21,"HNRNPL","Higher_in_TotalCell",0.013
9.22056999545132e-08,-1.15142682000534,0.206,0.212,0.00229269472936897,"ADAM10","Higher_in_TotalCell",-0.00600000000000001
2.51239929812395e-162,-1.15071807587387,0.608,0.609,6.24708085478521e-158,"RALBP1","Higher_in_TotalCell",-0.001
7.16799882554727e-163,-1.14916861220254,0.624,0.623,1.78232290797233e-158,"WASF2","Higher_in_TotalCell",0.001
5.79466350332694e-20,-1.14910979163849,0.327,0.326,1.44084308010224e-15,"TARS","Higher_in_TotalCell",0.001
7.58976253534056e-151,-1.14907358062811,0.583,0.593,1.88719445441243e-146,"NDUFB6","Higher_in_TotalCell",-0.01
8.37453646433376e-48,-1.14859549285035,0.169,0.254,2.08232849185659e-43,"MKI67","Higher_in_TotalCell",-0.085
4.76394919977785e-40,-1.14763002931911,0.313,0.347,1.18455596852476e-35,"YWHAG","Higher_in_TotalCell",-0.034
2.01024740580013e-202,-1.14527799034923,0.655,0.692,4.99848017452202e-198,"HIST1H4C","Higher_in_TotalCell",-0.0369999999999999
2.1619320361821e-09,-1.14476240208376,0.114,0.137,5.37564400796679e-05,"JMJD4","Higher_in_TotalCell",-0.023
3.65840350896038e-58,-1.14423757065929,0.388,0.414,9.09662032502999e-54,"IDH3G","Higher_in_TotalCell",-0.026
1.10411883952456e-23,-1.14269444798228,0.32,0.325,2.74539149447782e-19,"LCMT1","Higher_in_TotalCell",-0.005
1.78355186461998e-290,-1.14225341360076,0.689,0.708,4.43480171137759e-286,"TXNL4A","Higher_in_TotalCell",-0.019
1.73859225600474e-312,-1.14215299621927,0.711,0.719,4.32300964455579e-308,"AP2S1","Higher_in_TotalCell",-0.00800000000000001
2.59002066861888e-25,-1.14085553474203,0.329,0.336,6.44008639252084e-21,"PDLIM2","Higher_in_TotalCell",-0.00700000000000001
2.36368205460076e-24,-1.14057599693163,0.331,0.335,5.8772954287648e-20,"NKAP","Higher_in_TotalCell",-0.004
0,-1.1389177464646,0.868,0.834,0,"IDH2","Higher_in_TotalCell",0.034
6.04872724589867e-15,-1.13877446730873,0.17,0.2,1.5040160296927e-10,"ARIH1","Higher_in_TotalCell",-0.03
0,-1.13859302206658,0.831,0.831,0,"ATP1B3","Higher_in_TotalCell",0
9.05356368058946e-11,-1.13715792745845,0.118,0.144,2.25116860917857e-06,"WEE1","Higher_in_TotalCell",-0.026
7.18707213457507e-257,-1.1369098301396,0.69,0.693,1.78706548626209e-252,"POLR2J","Higher_in_TotalCell",-0.003
5.92843316953042e-67,-1.13518371369671,0.44,0.454,1.47410490760374e-62,"PPP2CA","Higher_in_TotalCell",-0.014
6.99492632202258e-60,-1.13482558207985,0.415,0.432,1.73928842997091e-55,"SLC39A1","Higher_in_TotalCell",-0.017
5.41911743608547e-12,-1.13476099575391,0.172,0.194,1.34746355048265e-07,"VKORC1L1","Higher_in_TotalCell",-0.022
1.91071010778492e-53,-1.13437333098815,0.422,0.432,4.75098068300719e-49,"NSD3","Higher_in_TotalCell",-0.01
0,-1.1336457858448,0.993,0.998,0,"TMSB10","Higher_in_TotalCell",-0.005
6.86926173284644e-75,-1.13165925945852,0.432,0.459,1.70804192987227e-70,"CYB5R3","Higher_in_TotalCell",-0.027
0,-1.13092228163947,0.953,0.958,0,"SUB1","Higher_in_TotalCell",-0.005
5.03254650326969e-10,-1.12967357324295,0.245,0.247,1.25134268803801e-05,"SIGMAR1","Higher_in_TotalCell",-0.002
3.68911963879754e-10,-1.12763228469905,0.217,0.227,9.17299598187008e-06,"HAGH","Higher_in_TotalCell",-0.01
9.48664701978307e-41,-1.12734912629168,0.48,0.45,2.35885478146906e-36,"ARPC1B","Higher_in_TotalCell",0.03
1.86161194244894e-89,-1.12491787270916,0.566,0.559,4.62889809489929e-85,"RND3","Higher_in_TotalCell",0.0069999999999999
9.53676884974927e-08,-1.1242068608007,0.147,0.163,0.00237131757449016,"ANKRD13D","Higher_in_TotalCell",-0.016
1.35030700909323e-07,-1.12414166511713,0.098,0.118,0.00335753837811031,"PREP","Higher_in_TotalCell",-0.02
0,-1.12335924059366,0.999,1,0,"RPL39","Higher_in_TotalCell",-0.001
1.2408253538834e-34,-1.12327520144024,0.385,0.386,3.08531224243109e-30,"DYNC1LI2","Higher_in_TotalCell",-0.001
0,-1.12273641246091,0.849,0.834,0,"TSTD1","Higher_in_TotalCell",0.015
8.25961275550414e-08,-1.12039890849623,0.118,0.137,0.0020537527116561,"PCK2","Higher_in_TotalCell",-0.019
8.22568359033221e-10,-1.11996220943264,0.18,0.196,2.0453162247361e-05,"IGSF8","Higher_in_TotalCell",-0.016
3.39984550819978e-29,-1.1197746297492,0.454,0.296,8.45371585613876e-25,"IGFBP3","Higher_in_TotalCell",0.158
1.52496471421892e-285,-1.11970399802333,0.708,0.708,3.79182476190535e-281,"SEC11A","Higher_in_TotalCell",0
6.57014928752492e-10,-1.11871302693178,0.18,0.196,1.63366762034307e-05,"UBL7","Higher_in_TotalCell",-0.016
7.28155209013644e-09,-1.11855357723822,0.099,0.122,0.000181055792721243,"TAP2","Higher_in_TotalCell",-0.023
1.11523962717162e-39,-1.11851015681638,0.353,0.377,2.77304333296222e-35,"ANKRD10","Higher_in_TotalCell",-0.024
6.335321765489e-09,-1.11498580721756,0.136,0.156,0.000157527775698884,"NPLOC4","Higher_in_TotalCell",-0.02
1.27239233565687e-229,-1.11386710520642,0.706,0.691,3.16380354261081e-225,"CD99","Higher_in_TotalCell",0.015
6.7373871222682e-09,-1.10689413981596,0.092,0.116,0.000167525130795199,"KIF2C","Higher_in_TotalCell",-0.024
5.57158445840355e-22,-1.10645050977908,0.219,0.253,1.38537447558204e-17,"CAPN2","Higher_in_TotalCell",-0.034
3.52572241500851e-102,-1.10580148266894,0.545,0.548,8.76670878491866e-98,"CKLF","Higher_in_TotalCell",-0.003
4.97326596890423e-111,-1.1057427212367,0.627,0.606,1.23660258316804e-106,"SFN","Higher_in_TotalCell",0.021
2.94543034116336e-89,-1.10557678150343,0.424,0.47,7.32381254330269e-85,"MRPL12","Higher_in_TotalCell",-0.046
0,-1.10513406188461,0.835,0.85,0,"CYCS","Higher_in_TotalCell",-0.015
5.13895141019926e-09,-1.10120820613408,0.242,0.244,0.000127780026814605,"CT83","Higher_in_TotalCell",-0.002
7.26515463431997e-28,-1.10078459718394,0.354,0.358,1.80648069982366e-23,"NUDT1","Higher_in_TotalCell",-0.004
6.49202275797886e-08,-1.100573067547,0.213,0.219,0.00161424145877144,"RPRD1A","Higher_in_TotalCell",-0.00600000000000001
0,-1.1003509062288,0.914,0.913,0,"UQCRQ","Higher_in_TotalCell",0.001
0,-1.09786662458511,0.931,0.941,0,"DSTN","Higher_in_TotalCell",-0.0099999999999999
5.432705418209e-32,-1.09657388029572,0.386,0.382,1.35084220223767e-27,"CMAS","Higher_in_TotalCell",0.004
4.66513996201164e-08,-1.09536976412614,0.096,0.119,0.00115998705155419,"PLK1","Higher_in_TotalCell",-0.023
7.39313031424371e-13,-1.09451990011264,0.302,0.296,1.8383018526367e-08,"SGCE","Higher_in_TotalCell",0.00600000000000001
0,-1.092505730303,0.901,0.881,0,"EMP2","Higher_in_TotalCell",0.02
2.48617784616125e-54,-1.08919052948336,0.438,0.441,6.18188121447995e-50,"BUD23","Higher_in_TotalCell",-0.003
7.04956433032734e-216,-1.08894975776358,0.639,0.663,1.75287417073589e-211,"EIF5B","Higher_in_TotalCell",-0.024
1.57432318974215e-115,-1.08887457724699,0.58,0.565,3.91455461129386e-111,"TPGS2","Higher_in_TotalCell",0.015
8.22935869231131e-07,-1.08842935038402,0.244,0.238,0.0204623003884321,"RHNO1","Higher_in_TotalCell",0.00600000000000001
2.09280021361142e-203,-1.08750068843688,0.677,0.674,5.20374773114481e-199,"CALD1","Higher_in_TotalCell",0.003
5.94926523820604e-97,-1.08222871460091,0.582,0.562,1.47928480147993e-92,"BACE2","Higher_in_TotalCell",0.0199999999999999
3.67862607810916e-08,-1.08057948318372,0.142,0.16,0.000914690374321842,"MSRB1","Higher_in_TotalCell",-0.018
1.93985027728161e-152,-1.08038718835613,0.626,0.626,4.82343771446072e-148,"SPTSSA","Higher_in_TotalCell",0
0,-1.08026260009624,0.941,0.934,0,"CD24","Higher_in_TotalCell",0.0069999999999999
5.01143749127716e-18,-1.07833117274745,0.281,0.291,1.24609393220606e-13,"SLC25A1","Higher_in_TotalCell",-0.00999999999999995
1.03317338997605e-79,-1.07756296290536,0.478,0.49,2.56898563417544e-75,"UBE2V2","Higher_in_TotalCell",-0.012
1.67723827873774e-07,-1.07721320236883,0.222,0.226,0.0041704529800814,"ERRFI1","Higher_in_TotalCell",-0.004
1.25009516684224e-23,-1.07704099918932,0.411,0.39,3.10836163235322e-19,"DHCR7","Higher_in_TotalCell",0.021
4.45912465817371e-15,-1.07547507096758,0.3,0.299,1.10876134625489e-10,"TOX4","Higher_in_TotalCell",0.001
1.79822836666718e-13,-1.07281542505536,0.308,0.301,4.47129483371793e-09,"RPA2","Higher_in_TotalCell",0.00700000000000001
1.33238264744954e-08,-1.07189817175173,0.27,0.266,0.000331296945288328,"CHP1","Higher_in_TotalCell",0.004
2.00485582362132e-24,-1.07156514182243,0.321,0.333,4.98507400543441e-20,"CRELD2","Higher_in_TotalCell",-0.012
1.23561595535806e-60,-1.07114395423137,0.462,0.466,3.07235907299781e-56,"CARD19","Higher_in_TotalCell",-0.004
5.83705663058848e-283,-1.07112452832159,0.787,0.765,1.45138413119583e-278,"CNN3","Higher_in_TotalCell",0.022
3.77899814126895e-31,-1.07027529014271,0.145,0.208,9.39647887826525e-27,"AURKB","Higher_in_TotalCell",-0.063
5.17693242215019e-19,-1.06995479332395,0.238,0.262,1.28724424676764e-14,"NECTIN2","Higher_in_TotalCell",-0.024
1.4006550418258e-09,-1.06988672511557,0.242,0.245,3.48272876149986e-05,"PPAN","Higher_in_TotalCell",-0.003
9.11770851709801e-07,-1.06942269135528,0.149,0.163,0.0226711822277642,"DBF4","Higher_in_TotalCell",-0.014
1.63342333674409e-13,-1.06938046752911,0.221,0.239,4.06150712681419e-09,"PRKX","Higher_in_TotalCell",-0.018
1.68059557100654e-11,-1.06813228454335,0.278,0.278,4.17880088730777e-07,"SPSB3","Higher_in_TotalCell",0
6.57689862074219e-15,-1.0678848502791,0.27,0.278,1.63534584204755e-10,"CDK16","Higher_in_TotalCell",-0.00800000000000001
3.12340112862607e-57,-1.06358573424293,0.423,0.441,7.76633690632871e-53,"PYCR1","Higher_in_TotalCell",-0.018
1.82649069194199e-07,-1.0628139829815,0.19,0.199,0.00454156910551376,"FGFR1OP2","Higher_in_TotalCell",-0.00900000000000001
9.71001091789728e-13,-1.06240460877966,0.247,0.257,2.41439421473516e-08,"RAB6A","Higher_in_TotalCell",-0.01
9.46892797657692e-139,-1.06009062723116,0.603,0.603,2.35444894137585e-134,"CDC37","Higher_in_TotalCell",0
2.53310619053021e-168,-1.05966023851335,0.643,0.635,6.29856854275337e-164,"LAMTOR1","Higher_in_TotalCell",0.00800000000000001
1.37287364258317e-17,-1.05965798155297,0.307,0.311,3.41365031228304e-13,"NARF","Higher_in_TotalCell",-0.004
3.38063707593641e-10,-1.05886477494895,0.105,0.131,8.40595408931588e-06,"USP53","Higher_in_TotalCell",-0.026
5.17061002717555e-09,-1.0586843853977,0.242,0.243,0.00012856721832572,"TMEM126B","Higher_in_TotalCell",-0.001
5.76024099755747e-129,-1.05866619143359,0.726,0.688,1.43228392404267e-124,"HMGB2","Higher_in_TotalCell",0.038
4.24963481644489e-53,-1.05623343139585,0.458,0.457,1.05667169710902e-48,"IK","Higher_in_TotalCell",0.001
8.73209940898806e-85,-1.05531334877377,0.549,0.546,2.17123651804488e-80,"HERPUD1","Higher_in_TotalCell",0.003
0,-1.05027978931097,0.944,0.985,0,"MT-ND3","Higher_in_TotalCell",-0.041
1.65214202835541e-97,-1.0500951488972,0.571,0.554,4.10805115350574e-93,"ADIPOR1","Higher_in_TotalCell",0.0169999999999999
2.04790229443025e-07,-1.04969520533149,0.399,0.351,0.00509210905510082,"CDC42SE1","Higher_in_TotalCell",0.048
3.37552807607905e-32,-1.04938158106228,0.362,0.382,8.39325056117055e-28,"MIA","Higher_in_TotalCell",-0.02
4.4591436521909e-09,-1.04573441732324,0.266,0.261,0.000110876606911727,"CHTF8","Higher_in_TotalCell",0.005
9.58213071100382e-51,-1.04557755972322,0.479,0.462,2.3825968012911e-46,"NXT1","Higher_in_TotalCell",0.017
0,-1.04472872517904,0.879,0.859,0,"S100A16","Higher_in_TotalCell",0.02
4.50294646805306e-290,-1.04463777661252,0.757,0.749,1.11965763928139e-285,"SRRM2","Higher_in_TotalCell",0.00800000000000001
1.56011271119776e-11,-1.04408339972018,0.293,0.286,3.87922025639324e-07,"TBC1D7","Higher_in_TotalCell",0.00700000000000001
3.6627748288372e-54,-1.04396196304186,0.585,0.536,9.10748961190369e-50,"CDKN1A","Higher_in_TotalCell",0.0489999999999999
7.62761319643812e-09,-1.04261953248913,0.236,0.239,0.000189660602129434,"UBN1","Higher_in_TotalCell",-0.003
5.89408395777763e-27,-1.03865242654211,0.186,0.236,1.46556397610141e-22,"PDLIM5","Higher_in_TotalCell",-0.05
2.01279650761134e-17,-1.03791957452953,0.339,0.331,5.0048185161756e-13,"GOLPH3","Higher_in_TotalCell",0.00800000000000001
3.26286119023621e-100,-1.0355027685661,0.598,0.572,8.11310434952233e-96,"RALA","Higher_in_TotalCell",0.026
1.43515725382333e-10,-1.029665288535,0.271,0.271,3.56851851163172e-06,"OXR1","Higher_in_TotalCell",0
1.60051482220615e-17,-1.02907330434105,0.103,0.142,3.9796801054156e-13,"KIF23","Higher_in_TotalCell",-0.039
4.98753266401401e-85,-1.02813854798785,0.514,0.519,1.24014999690708e-80,"MPG","Higher_in_TotalCell",-0.005
1.24520575770152e-72,-1.02713661326072,0.527,0.517,3.09620411652483e-68,"UAP1","Higher_in_TotalCell",0.01
1.94474645704308e-06,-1.02641084465236,0.274,0.26,0.0483561206543761,"NDFIP2","Higher_in_TotalCell",0.014
9.35152947288677e-64,-1.02573385343496,0.499,0.486,2.32525780343329e-59,"GLRX3","Higher_in_TotalCell",0.013
0,-1.02292412159158,0.985,0.995,0,"MT-ND4","Higher_in_TotalCell",-0.01
0,-1.02224369002474,0.942,0.955,0,"SNRPG","Higher_in_TotalCell",-0.013
5.37513597820487e-27,-1.01767958870264,0.348,0.358,1.33652756098064e-22,"CHMP4C","Higher_in_TotalCell",-0.01
2.0476656654894e-13,-1.01704855041269,0.303,0.3,5.09152067723939e-09,"ARMC1","Higher_in_TotalCell",0.003
6.92968739410517e-49,-1.01696589481195,0.258,0.327,1.72306677054425e-44,"PSMB8","Higher_in_TotalCell",-0.069
1.51742796176859e-247,-1.01631351937987,0.742,0.722,3.77308462693759e-243,"PSMA2","Higher_in_TotalCell",0.02
9.02287138220438e-07,-1.01462212196975,0.218,0.221,0.0224353696918512,"RIDA","Higher_in_TotalCell",-0.003
4.92925987479975e-65,-1.01460888613139,0.505,0.492,1.22566046786896e-60,"AUP1","Higher_in_TotalCell",0.013
0,-1.01428188793796,0.922,0.916,0,"LDHA","Higher_in_TotalCell",0.00600000000000001
1.8911658837853e-256,-1.01185628041731,0.776,0.763,4.70238397003215e-252,"SH3BGRL3","Higher_in_TotalCell",0.013
4.94748921853881e-09,-1.01164945395731,0.238,0.242,0.000123019319418967,"ABHD13","Higher_in_TotalCell",-0.004
6.74329521180276e-268,-1.01071792732346,0.848,0.834,1.67672035441476e-263,"ELF3","Higher_in_TotalCell",0.014
0,-1.00901736274726,0.918,0.915,0,"RPL36A","Higher_in_TotalCell",0.003
1.46184105981148e-10,-1.00743695955016,0.28,0.276,3.63486779522125e-06,"COPS2","Higher_in_TotalCell",0.004
4.59993666073072e-43,-1.0060660859871,0.451,0.439,1.14377425069069e-38,"PHF5A","Higher_in_TotalCell",0.012
7.03170136448512e-17,-1.00434198205219,0.353,0.34,1.74843254427923e-12,"SMIM12","Higher_in_TotalCell",0.013
6.44627830575417e-10,-1.00182701052003,0.343,0.319,1.60286710072578e-05,"INO80C","Higher_in_TotalCell",0.024
1.05300458162433e-42,-0.998757869701364,0.504,0.467,2.61829589220889e-38,"RPA3","Higher_in_TotalCell",0.037
3.17868244737952e-35,-0.998497295473878,0.453,0.43,7.90379390540916e-31,"BRIX1","Higher_in_TotalCell",0.023
0,-0.998443124649784,0.815,0.796,0,"VDAC1","Higher_in_TotalCell",0.0189999999999999
7.88649793049098e-17,-0.99793574384062,0.362,0.345,1.96097771041658e-12,"C7orf50","Higher_in_TotalCell",0.017
5.06595852216774e-18,-0.997749823388624,0.283,0.301,1.25965058653701e-13,"DLX5","Higher_in_TotalCell",-0.018
1.78945557931432e-61,-0.997035258335683,0.494,0.489,4.44948129796505e-57,"BUB3","Higher_in_TotalCell",0.005
1.53267925627705e-07,-0.996570319412475,0.246,0.244,0.00381100697073288,"SEZ6L2","Higher_in_TotalCell",0.002
2.09456144112302e-08,-0.99656457451293,0.235,0.239,0.000520812702335239,"PDXDC1","Higher_in_TotalCell",-0.004
3.23338480811116e-08,-0.992992753171695,0.267,0.262,0.00080398113253684,"MAGT1","Higher_in_TotalCell",0.005
1.15025528698934e-08,-0.992934242141461,0.346,0.316,0.000286010977109899,"SRD5A3","Higher_in_TotalCell",0.03
0,-0.992533370961891,0.826,0.849,0,"MIF","Higher_in_TotalCell",-0.023
1.18328311962389e-45,-0.991525307972918,0.567,0.52,2.9422334769448e-41,"SDF2L1","Higher_in_TotalCell",0.0469999999999999
3.32673037927981e-18,-0.986672954392607,0.358,0.346,8.27191508807924e-14,"HEBP1","Higher_in_TotalCell",0.012
7.79127866435043e-07,-0.981277627556074,0.304,0.284,0.0193730143989074,"APOO","Higher_in_TotalCell",0.02
3.50957978176987e-65,-0.98099778135061,0.542,0.517,8.72657012737079e-61,"CMSS1","Higher_in_TotalCell",0.025
2.54306851269416e-307,-0.977319506033849,0.839,0.808,6.32333985681402e-303,"MAP3K13","Higher_in_TotalCell",0.0309999999999999
7.48500116484813e-82,-0.977025082746328,0.576,0.546,1.86114553963949e-77,"MEA1","Higher_in_TotalCell",0.0299999999999999
5.17879078639582e-08,-0.975032171695747,0.278,0.27,0.00128770632903732,"PNRC2","Higher_in_TotalCell",0.00800000000000001
1.57297938384756e-07,-0.974852281550143,0.097,0.118,0.00391121323793696,"FAM173A","Higher_in_TotalCell",-0.021
7.45917743984024e-25,-0.974451640067622,0.367,0.367,1.85472447041628e-20,"TMEM70","Higher_in_TotalCell",0
8.86244740645506e-12,-0.973945352551151,0.332,0.318,2.20364754761505e-07,"PRPF6","Higher_in_TotalCell",0.014
8.53115754508605e-39,-0.973675190398024,0.167,0.244,2.12127232358565e-34,"CDCA3","Higher_in_TotalCell",-0.077
3.857099247915e-10,-0.973534827984607,0.35,0.324,9.59067727994064e-06,"HMGXB4","Higher_in_TotalCell",0.026
1.72515566601845e-15,-0.972976590817434,0.391,0.362,4.28959956355487e-11,"EAPP","Higher_in_TotalCell",0.029
6.06716837700079e-62,-0.972898476592395,0.533,0.505,1.50860141694125e-57,"EMD","Higher_in_TotalCell",0.028
9.32282247436835e-184,-0.969741140062584,0.692,0.678,2.31811980825169e-179,"NUDC","Higher_in_TotalCell",0.0139999999999999
2.78174604430706e-286,-0.968330673676388,0.793,0.76,6.9168115391695e-282,"RHOA","Higher_in_TotalCell",0.033
1.12646967251804e-321,-0.963559709658127,0.895,0.87,2.80096684071611e-317,"ZFP36L1","Higher_in_TotalCell",0.025
1.45481015765379e-157,-0.961892679550534,0.733,0.685,3.61738545700614e-153,"RSL24D1","Higher_in_TotalCell",0.0479999999999999
6.07608623476796e-07,-0.960895265358304,0.364,0.325,0.0151081884227505,"CRIP2","Higher_in_TotalCell",0.039
9.33959337049827e-17,-0.960105561701561,0.386,0.361,2.3222898915744e-12,"NPM3","Higher_in_TotalCell",0.025
3.58366751693948e-202,-0.959830524046922,0.764,0.722,8.91078928087001e-198,"GIPC1","Higher_in_TotalCell",0.042
1.20200412736962e-24,-0.95878007433778,0.435,0.406,2.98878326270457e-20,"OSTF1","Higher_in_TotalCell",0.029
3.23111550294482e-160,-0.958558581424224,0.702,0.663,8.03416869807229e-156,"CMPK1","Higher_in_TotalCell",0.0389999999999999
3.48729161156511e-11,-0.958263061619862,0.326,0.31,8.67115059215664e-07,"SRA1","Higher_in_TotalCell",0.016
2.20965950398e-07,-0.95686256994176,0.231,0.232,0.00549431835664627,"DESI1","Higher_in_TotalCell",-0.001
2.58750025642445e-60,-0.956226038622742,0.503,0.49,6.4338193875994e-56,"VDAC3","Higher_in_TotalCell",0.013
6.89951472837808e-08,-0.955342897428575,0.3,0.284,0.00171556433721121,"PLBD1","Higher_in_TotalCell",0.016
3.06594263727601e-29,-0.955332674535736,0.42,0.408,7.62346636758681e-25,"ZCCHC17","Higher_in_TotalCell",0.012
6.61241008584664e-20,-0.954877547097823,0.442,0.402,1.64417576784577e-15,"NDUFAF3","Higher_in_TotalCell",0.04
8.69255706047018e-12,-0.95482523214287,0.304,0.3,2.16140431308591e-07,"PALLD","Higher_in_TotalCell",0.004
9.19878039557419e-31,-0.954432993110604,0.12,0.18,2.28727674535952e-26,"IRF1","Higher_in_TotalCell",-0.06
2.00211849839022e-121,-0.95392399549355,0.671,0.63,4.97826764624728e-117,"UBE2B","Higher_in_TotalCell",0.041
5.19623296320876e-20,-0.953827538848995,0.452,0.421,1.29204332630186e-15,"DNAJC3","Higher_in_TotalCell",0.031
5.77281254714668e-22,-0.953081626243236,0.429,0.4,1.43540983984802e-17,"SFT2D2","Higher_in_TotalCell",0.029
4.67949440980618e-10,-0.952060269965826,0.304,0.293,1.16355628499831e-05,"HSD17B12","Higher_in_TotalCell",0.011
4.78559965264024e-80,-0.951768742063962,0.592,0.555,1.18993935362899e-75,"SMARCA4","Higher_in_TotalCell",0.0369999999999999
0,-0.950301219463858,0.845,0.83,0,"SNU13","Higher_in_TotalCell",0.015
2.59958108257651e-10,-0.949845432534276,0.272,0.272,6.4638583618265e-06,"TPD52L2","Higher_in_TotalCell",0
5.34269060956627e-08,-0.948522986110603,0.254,0.253,0.00132846002006865,"CREB3","Higher_in_TotalCell",0.001
8.95364753938957e-35,-0.948275011001321,0.261,0.32,2.22632446066922e-30,"NUSAP1","Higher_in_TotalCell",-0.059
1.0268613190184e-54,-0.942412838629294,0.509,0.487,2.55329066973925e-50,"VBP1","Higher_in_TotalCell",0.022
9.43068962852406e-32,-0.942114782665579,0.452,0.43,2.34494097613251e-27,"OAZ2","Higher_in_TotalCell",0.022
2.52420473926647e-10,-0.941969746751008,0.323,0.309,6.27643508418609e-06,"TPBG","Higher_in_TotalCell",0.014
2.06602858565104e-07,-0.940857440678127,0.31,0.289,0.00513718007822132,"NMRAL1","Higher_in_TotalCell",0.021
7.98223098904207e-86,-0.937327243925664,0.631,0.588,1.98478173542531e-81,"CD47","Higher_in_TotalCell",0.043
5.37761223880525e-14,-0.93671033023779,0.383,0.354,1.33714328317892e-09,"DGCR6L","Higher_in_TotalCell",0.029
3.39114338020757e-16,-0.935175451835489,0.296,0.309,8.43207801488612e-12,"GPNMB","Higher_in_TotalCell",-0.013
1.61066478280639e-11,-0.93263862141075,0.381,0.351,4.00491798244809e-07,"SAV1","Higher_in_TotalCell",0.03
2.58565273642442e-17,-0.932018198431542,0.346,0.34,6.42922552911931e-13,"CCDC85B","Higher_in_TotalCell",0.00599999999999995
1.31801626490794e-16,-0.9316708599335,0.431,0.39,3.27724744269359e-12,"PUM3","Higher_in_TotalCell",0.041
1.5551595014551e-13,-0.9308988757982,0.361,0.339,3.86690410036811e-09,"COPRS","Higher_in_TotalCell",0.022
1.17292469321378e-185,-0.930581471019445,0.723,0.693,2.91647724967606e-181,"UBE2D2","Higher_in_TotalCell",0.03
7.95799103268083e-40,-0.93023444144089,0.471,0.452,1.97875447027609e-35,"FAM207A","Higher_in_TotalCell",0.019
7.79085600104879e-129,-0.930180868142615,0.711,0.656,1.93719634466078e-124,"ARPC1A","Higher_in_TotalCell",0.0549999999999999
4.4907990938359e-299,-0.930163698774388,0.828,0.791,1.1166371946823e-294,"MDH2","Higher_in_TotalCell",0.0369999999999999
9.20081276117273e-55,-0.929536639645709,0.477,0.472,2.2877820930656e-50,"ZFAND6","Higher_in_TotalCell",0.005
4.26735896901544e-95,-0.926860894684263,0.581,0.573,1.06107880764569e-90,"FXYD5","Higher_in_TotalCell",0.00800000000000001
1.81103502049145e-15,-0.926634161968559,0.363,0.348,4.503138578452e-11,"SH3BGRL","Higher_in_TotalCell",0.015
0,-0.926469854186442,0.987,0.998,0,"RPS20","Higher_in_TotalCell",-0.011
2.07645381641421e-20,-0.926314287834375,0.183,0.118,5.16310241451393e-16,"COTL1","Higher_in_TotalCell",0.065
3.41440458781027e-52,-0.9246738947293,0.478,0.47,8.48991700759023e-48,"TIMM13","Higher_in_TotalCell",0.00800000000000001
3.89164133023426e-56,-0.924130495735001,0.717,0.646,9.67656616762749e-52,"IER3","Higher_in_TotalCell",0.071
9.55100216391557e-71,-0.922887706275363,0.334,0.403,2.37485668805761e-66,"CD44","Higher_in_TotalCell",-0.069
1.56069756825141e-45,-0.922271166728369,0.552,0.505,3.88067450345714e-41,"PKP1","Higher_in_TotalCell",0.047
0,-0.921454599053958,0.863,0.838,0,"PPDPF","Higher_in_TotalCell",0.025
2.13356741886469e-07,-0.918030736141483,0.292,0.278,0.00530511538700704,"SMAD2","Higher_in_TotalCell",0.014
1.09896277595702e-83,-0.914812740150756,0.579,0.568,2.73257094241714e-79,"TPD52L1","Higher_in_TotalCell",0.011
2.81850751286805e-39,-0.907094401802679,0.534,0.483,7.0082189307464e-35,"PRPF38A","Higher_in_TotalCell",0.051
8.0291548891087e-30,-0.907017138791145,0.481,0.444,1.99644936317688e-25,"TMED3","Higher_in_TotalCell",0.037
1.2060041661637e-18,-0.906448168621632,0.454,0.409,2.99872935916604e-14,"GSTO1","Higher_in_TotalCell",0.045
3.93118823947851e-18,-0.904499691394617,0.398,0.377,9.77489955746332e-14,"SPATS2L","Higher_in_TotalCell",0.021
5.06908781375713e-51,-0.903731909950285,0.558,0.515,1.26042868489071e-46,"SRSF4","Higher_in_TotalCell",0.043
0,-0.902383530254346,0.873,0.86,0,"LMNA","Higher_in_TotalCell",0.013
6.39510103609509e-82,-0.902155519643772,0.633,0.581,1.59014187262505e-77,"NAA20","Higher_in_TotalCell",0.052
3.1821699843706e-16,-0.901007870933301,0.401,0.373,7.91246566613749e-12,"MIEN1","Higher_in_TotalCell",0.028
1.14174958715637e-32,-0.900902487500811,0.489,0.456,2.83896034846433e-28,"SVIP","Higher_in_TotalCell",0.033
2.37885933788232e-294,-0.8989877017255,0.846,0.805,5.91503374364438e-290,"PSMD8","Higher_in_TotalCell",0.0409999999999999
7.52493299116125e-10,-0.897784217180258,0.368,0.338,1.87107458825225e-05,"C1orf35","Higher_in_TotalCell",0.03
1.42015163352345e-12,-0.89603040437216,0.384,0.353,3.53120703675606e-08,"ETF1","Higher_in_TotalCell",0.031
6.58268661083212e-12,-0.894692599276019,0.396,0.36,1.63678502578341e-07,"DNTTIP1","Higher_in_TotalCell",0.036
3.98321617671108e-18,-0.893408399122023,0.489,0.434,9.90426702339209e-14,"PLIN2","Higher_in_TotalCell",0.055
7.31540116270441e-146,-0.893105945267659,0.711,0.667,1.81897449910645e-141,"GTF2A2","Higher_in_TotalCell",0.0439999999999999
1.62573149651117e-18,-0.888567918215974,0.452,0.413,4.04238136607502e-14,"AKAP9","Higher_in_TotalCell",0.039
9.40366121873276e-11,-0.887520741311002,0.367,0.34,2.3382203620379e-06,"HEXB","Higher_in_TotalCell",0.027
2.88430362753978e-173,-0.882346084831053,0.743,0.702,7.17182096987766e-169,"GABARAPL2","Higher_in_TotalCell",0.041
7.46058272549263e-24,-0.881784484910768,0.465,0.427,1.85507389469374e-19,"CCDC25","Higher_in_TotalCell",0.038
3.81515003797121e-07,-0.88142669593972,0.304,0.287,0.0094863705694154,"TMEM160","Higher_in_TotalCell",0.017
3.52826583411632e-127,-0.881078776476397,0.728,0.67,8.77303299653024e-123,"NDUFB1","Higher_in_TotalCell",0.0579999999999999
2.0666287837137e-09,-0.879006077408965,0.386,0.349,5.13867247070412e-05,"INTS10","Higher_in_TotalCell",0.037
3.73126852008562e-86,-0.877917421023261,0.63,0.592,9.27779917519289e-82,"UPF3A","Higher_in_TotalCell",0.038
1.15316273402391e-39,-0.876446359079054,0.559,0.502,2.86733913815045e-35,"COPS6","Higher_in_TotalCell",0.0570000000000001
1.85123137515166e-20,-0.875629001703713,0.428,0.399,4.60308681431459e-16,"SBDS","Higher_in_TotalCell",0.029
8.78571932468879e-45,-0.872072658218453,0.565,0.506,2.18456911008387e-40,"MRPL13","Higher_in_TotalCell",0.0589999999999999
4.50232796764215e-19,-0.870730950897693,0.462,0.417,1.11950384915422e-14,"TAF12","Higher_in_TotalCell",0.045
5.39082901880524e-203,-0.870633627353393,0.969,0.942,1.34042963552592e-198,"IER2","Higher_in_TotalCell",0.027
7.82956245198293e-308,-0.870325286828318,0.9,0.863,1.94682070368555e-303,"DEK","Higher_in_TotalCell",0.037
2.05138669701453e-25,-0.86933063944636,0.537,0.473,5.10077302212663e-21,"SARS","Higher_in_TotalCell",0.0640000000000001
9.75154062566386e-08,-0.865204125518595,0.101,0.125,0.00242472057657132,"NMU","Higher_in_TotalCell",-0.024
1.16191015067394e-06,-0.864888198737676,0.335,0.308,0.0288908958965075,"LYPLA2","Higher_in_TotalCell",0.027
4.52826096561674e-21,-0.864325468968521,0.389,0.377,1.1259520891006e-16,"PET100","Higher_in_TotalCell",0.012
2.25623674563607e-201,-0.863905057948915,0.779,0.738,5.61013266802408e-197,"UQCR11","Higher_in_TotalCell",0.041
1.09639503518062e-09,-0.863481896967029,0.412,0.365,2.72618625497661e-05,"SMIM19","Higher_in_TotalCell",0.047
6.71337867305901e-15,-0.86250155015609,0.217,0.242,1.66928160705612e-10,"AZIN1","Higher_in_TotalCell",-0.025
4.56251413413132e-25,-0.859189127989383,0.494,0.443,1.13446913945175e-20,"TXN2","Higher_in_TotalCell",0.051
3.80819905566856e-09,-0.85904892926331,0.396,0.352,9.46908695191988e-05,"MAPRE1","Higher_in_TotalCell",0.044
5.76256361660454e-270,-0.85853510223035,0.9,0.886,1.43286144326872e-265,"FOS","Higher_in_TotalCell",0.014
5.26075926701948e-07,-0.857315093162578,0.399,0.359,0.0130808779174439,"ATAD2","Higher_in_TotalCell",0.04
1.75838094317593e-31,-0.854834013256205,0.495,0.456,4.37221421520694e-27,"GSPT1","Higher_in_TotalCell",0.039
4.92113608708037e-07,-0.854513024523892,0.41,0.358,0.0122364048805253,"HSBP1L1","Higher_in_TotalCell",0.052
1.12557682380307e-292,-0.852713937779641,0.878,0.84,2.79874677238633e-288,"NDUFS6","Higher_in_TotalCell",0.038
1.27434085886363e-50,-0.851586191266566,0.586,0.533,3.1686485455644e-46,"ATP6AP2","Higher_in_TotalCell",0.0529999999999999
8.71659574954958e-09,-0.849543837880149,0.402,0.357,0.00021673815331255,"EMG1","Higher_in_TotalCell",0.045
0,-0.848669460568646,0.969,0.962,0,"TPI1","Higher_in_TotalCell",0.00700000000000001
8.05285244024318e-266,-0.842080359593521,0.807,0.792,2.00234175926647e-261,"ELOC","Higher_in_TotalCell",0.015
1.25943220879627e-33,-0.840498456787948,0.546,0.493,3.13157818717193e-29,"ANXA7","Higher_in_TotalCell",0.053
6.41269985282156e-46,-0.839814554457456,0.587,0.527,1.59451781840408e-41,"UBE2A","Higher_in_TotalCell",0.0599999999999999
2.94070215734367e-217,-0.835682450786986,0.796,0.756,7.31205591423504e-213,"STOML2","Higher_in_TotalCell",0.04
6.32797797743453e-31,-0.833988337073322,0.542,0.483,1.5734517240891e-26,"LYPLA1","Higher_in_TotalCell",0.0590000000000001
3.73416976281191e-64,-0.832881513977029,0.629,0.567,9.28501311523182e-60,"SMS","Higher_in_TotalCell",0.0620000000000001
1.17889707949908e-11,-0.832716944897105,0.437,0.389,2.93132758817445e-07,"CCDC167","Higher_in_TotalCell",0.048
2.06558202370556e-157,-0.832348594385798,0.761,0.755,5.13606970194389e-153,"SLC25A37","Higher_in_TotalCell",0.00600000000000001
4.05556534887197e-10,-0.831377967594428,0.411,0.367,1.00841632399702e-05,"FLOT1","Higher_in_TotalCell",0.044
4.29972014774734e-58,-0.829547788132869,0.637,0.569,1.06912541473738e-53,"SELENOK","Higher_in_TotalCell",0.0680000000000001
2.03237296425347e-52,-0.826830323510731,0.587,0.533,5.05349537561626e-48,"NDUFA2","Higher_in_TotalCell",0.0539999999999999
4.47628284251397e-50,-0.825549189087706,0.574,0.525,1.1130277287911e-45,"DDX18","Higher_in_TotalCell",0.0489999999999999
9.30264693695321e-09,-0.82518847457188,0.224,0.235,0.000231310316087342,"RNF213","Higher_in_TotalCell",-0.011
4.96687457517086e-288,-0.824778091917761,0.838,0.826,1.23501336311623e-283,"RAB2A","Higher_in_TotalCell",0.012
3.51275968240869e-46,-0.823011823855306,0.614,0.545,8.7344769503092e-42,"SMCO4","Higher_in_TotalCell",0.069
5.16471971306936e-37,-0.821398502116392,0.571,0.508,1.2842075566547e-32,"PRDX3","Higher_in_TotalCell",0.0629999999999999
1.69896434513998e-11,-0.82069356329606,0.454,0.396,4.22447484419055e-07,"ARL3","Higher_in_TotalCell",0.058
2.21043963809204e-132,-0.813218616332288,0.748,0.685,5.49625816011585e-128,"EIF3G","Higher_in_TotalCell",0.0629999999999999
3.03265159376368e-71,-0.811685651949591,0.671,0.609,7.54068818789339e-67,"C9orf16","Higher_in_TotalCell",0.0620000000000001
0,-0.811377755672459,0.97,0.952,0,"TAGLN2","Higher_in_TotalCell",0.018
1.51760232352214e-259,-0.809283397921476,0.893,0.87,3.7735181774378e-255,"HMGN2","Higher_in_TotalCell",0.023
7.84240979198503e-11,-0.808277394521428,0.479,0.412,1.95001519477708e-06,"IMP3","Higher_in_TotalCell",0.067
1.65154214769668e-07,-0.806710559155369,0.33,0.308,0.00410655955024781,"TERF1","Higher_in_TotalCell",0.022
8.38816983885434e-58,-0.8039243227218,0.621,0.561,2.08571843043113e-53,"SARAF","Higher_in_TotalCell",0.0599999999999999
6.4048373091637e-59,-0.800719718341234,0.635,0.57,1.59256279692355e-54,"PSMD7","Higher_in_TotalCell",0.0650000000000001
1.09652987595311e-24,-0.798657563376085,0.51,0.468,2.72652153655741e-20,"HMGB3","Higher_in_TotalCell",0.042
0,-0.795850514634685,0.998,0.999,0,"RPS27","Higher_in_TotalCell",-0.001
1.26793486409786e-44,-0.795389172961841,0.61,0.552,3.15272003957933e-40,"CAPZA1","Higher_in_TotalCell",0.0579999999999999
2.6982320477257e-13,-0.79480445962604,0.404,0.371,6.70915398666996e-09,"ELAVL1","Higher_in_TotalCell",0.033
1.2945697653655e-09,-0.793580183303395,0.384,0.352,3.21894772158132e-05,"DCXR","Higher_in_TotalCell",0.032
2.36266580074571e-46,-0.791603857595259,0.241,0.33,5.87476851355422e-42,"CDKN3","Higher_in_TotalCell",-0.089
0,-0.789884391294845,0.996,0.996,0,"RPL37","Higher_in_TotalCell",0
8.01388288911519e-57,-0.789880619085049,0.631,0.561,1.99265198037849e-52,"TOMM22","Higher_in_TotalCell",0.07
1.65636805838481e-59,-0.787785069395089,0.635,0.573,4.11855917717384e-55,"EIF3I","Higher_in_TotalCell",0.0620000000000001
1.16861209304947e-140,-0.786875503181046,0.792,0.719,2.90575396936752e-136,"CAPG","Higher_in_TotalCell",0.0730000000000001
1.50582330807645e-39,-0.785670198075707,0.583,0.521,3.7442296555321e-35,"SH3GLB1","Higher_in_TotalCell",0.0619999999999999
1.02499617019465e-66,-0.78411426206492,0.68,0.612,2.548652977189e-62,"SRI","Higher_in_TotalCell",0.0680000000000001
1.34164387154749e-08,-0.781352379568672,0.392,0.353,0.000333599748660284,"CTNNBIP1","Higher_in_TotalCell",0.039
3.67740068128196e-111,-0.779744148208597,0.733,0.674,9.14385679400759e-107,"SRRM1","Higher_in_TotalCell",0.0589999999999999
2.99286447173664e-243,-0.779463259392399,0.861,0.815,7.44175750897315e-239,"GUK1","Higher_in_TotalCell",0.046
2.59837820993753e-72,-0.779198151957842,0.638,0.595,6.46086741900967e-68,"TRAM1","Higher_in_TotalCell",0.043
1.11685389252486e-241,-0.778523973309147,0.993,0.994,2.77705720376306e-237,"CSTB","Higher_in_TotalCell",-0.001
1.08769500854003e-10,-0.778392825291908,0.475,0.419,2.7045536387348e-06,"PSAT1","Higher_in_TotalCell",0.056
9.59731334026702e-08,-0.778111738457578,0.449,0.389,0.0023863719620574,"GARS","Higher_in_TotalCell",0.06
1.50045262254609e-115,-0.776301273944078,0.711,0.665,3.73087544596084e-111,"TMEM50A","Higher_in_TotalCell",0.0459999999999999
0,-0.77502134389561,0.909,0.897,0,"ENY2","Higher_in_TotalCell",0.012
4.54181533742162e-302,-0.771645845922484,0.751,0.765,1.12932238364988e-297,"YWHAZ","Higher_in_TotalCell",-0.014
1.47959436824563e-20,-0.771208547792338,0.553,0.475,3.67901139664275e-16,"ANXA11","Higher_in_TotalCell",0.0780000000000001
2.60039393117127e-19,-0.768512243120829,0.561,0.481,6.46587950985737e-15,"MFSD10","Higher_in_TotalCell",0.0800000000000001
3.12650322307404e-108,-0.766283899764895,0.721,0.699,7.77405026417359e-104,"PNRC1","Higher_in_TotalCell",0.022
5.4132905694973e-52,-0.764037858389935,0.649,0.572,1.3460147001055e-47,"EIF6","Higher_in_TotalCell",0.0770000000000001
3.36273473750518e-26,-0.763650561571122,0.61,0.522,8.36143992480663e-22,"GSTK1","Higher_in_TotalCell",0.088
5.18598894196668e-41,-0.761024271648452,0.581,0.526,1.28949615042001e-36,"NONO","Higher_in_TotalCell",0.0549999999999999
6.0634504545423e-192,-0.759272649853475,0.825,0.766,1.50767695552194e-187,"NEDD8","Higher_in_TotalCell",0.0589999999999999
2.95127488806278e-09,-0.758295001172417,0.458,0.399,7.3383450091681e-05,"FAM210B","Higher_in_TotalCell",0.059
2.45940016384408e-129,-0.756561070987538,0.672,0.659,6.1152985073983e-125,"PTMS","Higher_in_TotalCell",0.013
1.49498017556841e-16,-0.755917997151754,0.217,0.252,3.71726820655086e-12,"TPX2","Higher_in_TotalCell",-0.035
1.67286052058798e-64,-0.755360764280599,0.354,0.419,4.15956768444202e-60,"BGN","Higher_in_TotalCell",-0.065
5.79133594157942e-165,-0.754298469283581,0.821,0.758,1.44001568187372e-160,"TMCO1","Higher_in_TotalCell",0.0629999999999999
9.93783175761925e-12,-0.751523836461885,0.497,0.428,2.47104186653203e-07,"POP7","Higher_in_TotalCell",0.069
5.92696481705686e-227,-0.750774348118319,0.856,0.805,1.47373980176119e-222,"SPCS2","Higher_in_TotalCell",0.0509999999999999
1.66586977155154e-121,-0.750201928142702,0.781,0.71,4.1421851869629e-117,"ATP1A1","Higher_in_TotalCell",0.0710000000000001
5.56927506182977e-11,-0.748870839915763,0.402,0.367,1.38480024412397e-06,"USP14","Higher_in_TotalCell",0.035
2.23954838938777e-65,-0.747718961709437,0.733,0.638,5.56863707021268e-61,"TMEM14A","Higher_in_TotalCell",0.095
2.08667658738924e-296,-0.746647591885438,0.825,0.864,5.18852133454335e-292,"KRT6B","Higher_in_TotalCell",-0.039
0,-0.742887481890561,0.996,0.997,0,"RPS29","Higher_in_TotalCell",-0.001
3.80549465573256e-36,-0.741580746523034,0.616,0.542,9.46236246147901e-32,"FAM213A","Higher_in_TotalCell",0.074
2.88052261694712e-09,-0.739897280802971,0.479,0.409,7.16241948703902e-05,"RTF2","Higher_in_TotalCell",0.07
6.25382344590128e-138,-0.73917800989807,0.81,0.741,1.55501319982335e-133,"LSR","Higher_in_TotalCell",0.0690000000000001
1.95725334067347e-109,-0.739138278313982,0.756,0.689,4.86671043158459e-105,"TRA2B","Higher_in_TotalCell",0.0670000000000001
3.1669380472682e-11,-0.738682806976179,0.497,0.427,7.87459145453237e-07,"DDR1","Higher_in_TotalCell",0.07
1.02445657247715e-09,-0.73774403075174,0.428,0.393,2.54731126746444e-05,"H1F0","Higher_in_TotalCell",0.035
7.65534806003633e-52,-0.736878679938861,0.636,0.57,1.90350229512803e-47,"MRPL55","Higher_in_TotalCell",0.0660000000000001
2.40183628809332e-32,-0.736286330625989,0.591,0.521,5.97216593034403e-28,"DKC1","Higher_in_TotalCell",0.07
3.49929734240428e-14,-0.733959200746652,0.154,0.103,8.70100284188824e-10,"RNF152","Higher_in_TotalCell",0.051
1.62820330487206e-35,-0.732213888456019,0.623,0.543,4.04852751756437e-31,"SYAP1","Higher_in_TotalCell",0.08
6.48001106380516e-36,-0.731249900937176,0.631,0.546,1.61125475101515e-31,"DNAJC8","Higher_in_TotalCell",0.085
4.18120970011963e-26,-0.730761756447222,0.59,0.51,1.03965779193475e-21,"PAIP2","Higher_in_TotalCell",0.08
1.23486738567248e-186,-0.730074940041352,0.829,0.767,3.07049775447461e-182,"MORF4L1","Higher_in_TotalCell",0.0619999999999999
3.55316569767313e-77,-0.729693836468432,0.707,0.627,8.83494650726423e-73,"NDUFS8","Higher_in_TotalCell",0.08
9.84133570950494e-07,-0.727751709935004,0.176,0.133,0.024470481241684,"CBX6","Higher_in_TotalCell",0.043
0,-0.725323369114888,0.945,0.924,0,"COX6C","Higher_in_TotalCell",0.0209999999999999
4.90941394806384e-35,-0.72517366268331,0.639,0.555,1.22072577818607e-30,"TCEA1","Higher_in_TotalCell",0.084
2.74310698613338e-13,-0.723445221190534,0.235,0.163,6.82073552102064e-09,"AL355075.4","Higher_in_TotalCell",0.072
1.41362287051163e-18,-0.72285488727476,0.547,0.475,3.51497326752716e-14,"SAR1A","Higher_in_TotalCell",0.0720000000000001
8.06849298625223e-08,-0.721862097702271,0.136,0.099,0.00200623078103162,"MCM2","Higher_in_TotalCell",0.037
1.45412961768896e-06,-0.721834623684062,0.492,0.414,0.0361569329438359,"SLBP","Higher_in_TotalCell",0.078
6.01674758849592e-199,-0.720861807412643,0.87,0.818,1.49606428787951e-194,"PGK1","Higher_in_TotalCell",0.052
0,-0.719688669256137,0.954,0.929,0,"NDUFA4","Higher_in_TotalCell",0.0249999999999999
1.75092907783366e-38,-0.71950024926261,0.725,0.604,4.3536851520334e-34,"DMAC1","Higher_in_TotalCell",0.121
2.65831987671885e-18,-0.718852045533648,0.558,0.491,6.60991237346143e-14,"NR4A1","Higher_in_TotalCell",0.0670000000000001
1.56572731479765e-16,-0.716339338051728,0.575,0.482,3.89318096824437e-12,"RPL17","Higher_in_TotalCell",0.093
5.3805559765849e-09,-0.713965752800861,0.134,0.159,0.000133787524357783,"CCNA2","Higher_in_TotalCell",-0.025
1.00406133963808e-41,-0.712064553885717,0.551,0.515,2.49659852101009e-37,"IRF2BP2","Higher_in_TotalCell",0.036
9.2044883897249e-32,-0.711450497299152,0.097,0.159,2.2886960381051e-27,"GJB6","Higher_in_TotalCell",-0.062
2.11415011817853e-08,-0.71082307011789,0.478,0.408,0.000525683426885092,"PSMC5","Higher_in_TotalCell",0.07
8.65985775426129e-21,-0.708308248239997,0.615,0.52,2.15327363059707e-16,"SYF2","Higher_in_TotalCell",0.095
8.11369120198815e-37,-0.708187212875423,0.474,0.475,2.01746931737435e-32,"PLSCR1","Higher_in_TotalCell",-0.001
7.68053921577129e-46,-0.70654821100426,0.663,0.579,1.90976607600153e-41,"RNF181","Higher_in_TotalCell",0.0840000000000001
1.4087523324367e-09,-0.699624294810005,0.538,0.447,3.50286267460385e-05,"DARS","Higher_in_TotalCell",0.091
1.32580602282279e-45,-0.695032970419036,0.665,0.587,3.29661667574887e-41,"MRPL4","Higher_in_TotalCell",0.0780000000000001
9.62494887674e-09,-0.692429425351726,0.537,0.453,0.00023932435382014,"MALL","Higher_in_TotalCell",0.084
0,-0.691509224880046,0.931,0.91,0,"RBX1","Higher_in_TotalCell",0.021
6.43085725939883e-319,-0.688496956464376,0.94,0.91,1.59903265754952e-314,"SKP1","Higher_in_TotalCell",0.0299999999999999
6.62834530081163e-17,-0.68754276517041,0.575,0.488,1.64813805904681e-12,"ALG3","Higher_in_TotalCell",0.087
4.69609742546278e-07,-0.686577032126566,0.208,0.155,0.0116768462484132,"EPHX3","Higher_in_TotalCell",0.053
8.38264241954875e-180,-0.682734933398194,0.849,0.785,2.0843440376208e-175,"ST13","Higher_in_TotalCell",0.0639999999999999
1.94812392380303e-293,-0.67437912216273,0.897,0.868,4.84401013653623e-289,"SSR4","Higher_in_TotalCell",0.029
6.64920946889822e-07,-0.6738743716179,0.192,0.144,0.0165332593444154,"IFT22","Higher_in_TotalCell",0.048
3.53849603353554e-297,-0.671170981381148,0.933,0.896,8.79847038738613e-293,"TMEM59","Higher_in_TotalCell",0.037
2.78130095778424e-57,-0.669790138817504,0.774,0.66,6.9157048315305e-53,"TAX1BP1","Higher_in_TotalCell",0.114
0,-0.669130831703281,0.859,0.892,0,"MT-ND5","Higher_in_TotalCell",-0.033
1.8400095913059e-07,-0.667840594421489,0.317,0.234,0.00457518384878212,"SDC2","Higher_in_TotalCell",0.083
3.14710147500141e-225,-0.666844571227567,0.905,0.873,7.82526781759101e-221,"TM4SF1","Higher_in_TotalCell",0.032
3.40744458122224e-45,-0.662810238508946,0.749,0.638,8.47261095120909e-41,"TMEM165","Higher_in_TotalCell",0.111
3.76593703939699e-129,-0.658373204769784,0.806,0.747,9.36400244846061e-125,"PGAM1","Higher_in_TotalCell",0.0590000000000001
3.000882424946e-60,-0.656378411324385,0.707,0.635,7.46169414962824e-56,"DDX21","Higher_in_TotalCell",0.072
1.70847107920278e-24,-0.654350913280838,0.594,0.511,4.24811333843772e-20,"NDUFA12","Higher_in_TotalCell",0.083
0,-0.653735442330219,0.968,0.961,0,"ATP5F1E","Higher_in_TotalCell",0.00700000000000001
2.86575358381769e-07,-0.653306686395952,0.105,0.077,0.00712569628616269,"BCAS4","Higher_in_TotalCell",0.028
3.59350806394052e-42,-0.65085805347635,0.679,0.589,8.93525780098811e-38,"MRPL37","Higher_in_TotalCell",0.0900000000000001
1.08921733784052e-98,-0.648139443323909,0.809,0.72,2.70833891054044e-94,"PDIA3","Higher_in_TotalCell",0.0890000000000001
3.13360790426324e-10,-0.647464517349441,0.237,0.17,7.79171605395055e-06,"LINC01588","Higher_in_TotalCell",0.067
3.98099467121095e-61,-0.644307513491911,0.293,0.416,9.89874324996604e-57,"IFI27","Higher_in_TotalCell",-0.123
3.56842412740564e-07,-0.644129272390235,0.216,0.161,0.00887288659279411,"GALK2","Higher_in_TotalCell",0.055
2.31557330498085e-195,-0.643540469586734,0.95,0.925,5.75767302283489e-191,"SLPI","Higher_in_TotalCell",0.0249999999999999
1.8151090381223e-49,-0.643387757107838,0.743,0.64,4.51326862329111e-45,"ZNF706","Higher_in_TotalCell",0.103
2.7466461844205e-07,-0.641211142858134,0.179,0.134,0.00682953573756156,"KIAA1147","Higher_in_TotalCell",0.045
2.77971597205512e-15,-0.64058655646251,0.604,0.504,6.91176376451506e-11,"UQCRC2","Higher_in_TotalCell",0.1
2.64753514683312e-67,-0.639789439322804,0.783,0.695,6.58309614260056e-63,"HSPB11","Higher_in_TotalCell",0.0880000000000001
5.79036288609976e-248,-0.638878566607496,0.911,0.874,1.43977373162871e-243,"OAZ1","Higher_in_TotalCell",0.037
4.68761806112564e-07,-0.636825000083378,0.3,0.222,0.0116557623089889,"CTNND1","Higher_in_TotalCell",0.078
1.73657226758641e-120,-0.636733992620223,0.838,0.758,4.3179869433536e-116,"CBX3","Higher_in_TotalCell",0.08
2.85775824167865e-304,-0.632691661291779,0.956,0.934,7.10581586793395e-300,"MYL12B","Higher_in_TotalCell",0.0219999999999999
9.37336617759469e-08,-0.630151168293851,0.125,0.091,0.00233068750005892,"SLC18B1","Higher_in_TotalCell",0.034
3.3493627124658e-224,-0.628855003933491,0.92,0.876,8.32819038454622e-220,"PFDN2","Higher_in_TotalCell",0.044
1.86410449470701e-07,-0.626059719349447,0.164,0.122,0.00463509582608898,"CCDC51","Higher_in_TotalCell",0.042
1.64153853735568e-06,-0.625527405803805,0.186,0.14,0.0408168557313489,"ARFRP1","Higher_in_TotalCell",0.046
5.38471252127478e-180,-0.62381736994958,0.889,0.849,1.33890876841497e-175,"ATP5IF1","Higher_in_TotalCell",0.04
5.16042555691237e-15,-0.623730974466895,0.608,0.509,1.28313981472626e-10,"ANXA4","Higher_in_TotalCell",0.099
5.82263434426646e-16,-0.622789765135148,0.58,0.493,1.44779802970186e-11,"BRD4","Higher_in_TotalCell",0.087
7.21623072071707e-49,-0.622524935730262,0.701,0.618,1.7943157687063e-44,"UGP2","Higher_in_TotalCell",0.083
3.47176392593644e-10,-0.621046575363,0.134,0.095,8.63254100184095e-06,"CBWD3","Higher_in_TotalCell",0.039
1.39853872691268e-76,-0.617874124241454,0.801,0.704,3.47746654446838e-72,"RBM39","Higher_in_TotalCell",0.0970000000000001
1.24501378667464e-06,-0.617732503209481,0.587,0.472,0.030957267805665,"RTL8A","Higher_in_TotalCell",0.115
4.62136299612883e-08,-0.617160587565255,0.113,0.081,0.00114910190898743,"TMEM250","Higher_in_TotalCell",0.032
6.00934760313467e-09,-0.615696473919257,0.222,0.162,0.000149422428151944,"FAM210A","Higher_in_TotalCell",0.06
1.58190397379977e-09,-0.615340832860107,0.601,0.488,3.93340423085312e-05,"CHMP4B","Higher_in_TotalCell",0.113
0,-0.614958376594884,0.941,0.927,0,"PSMA7","Higher_in_TotalCell",0.0139999999999999
2.52125001019853e-08,-0.61425784985034,0.148,0.108,0.000626908815035865,"SEPT6","Higher_in_TotalCell",0.04
7.31021534781926e-12,-0.614253575973857,0.579,0.484,1.81768504623526e-07,"ACTR2","Higher_in_TotalCell",0.095
4.23186666854986e-12,-0.613940937554608,0.496,0.438,1.05225364713492e-07,"COX20","Higher_in_TotalCell",0.058
2.98315482248069e-07,-0.612664310932519,0.186,0.14,0.00741761446609823,"DNAL4","Higher_in_TotalCell",0.046
4.4202181525997e-11,-0.610210492131877,0.591,0.493,1.09908724364392e-06,"ERLEC1","Higher_in_TotalCell",0.098
1.51047695370244e-11,-0.60935197979701,0.61,0.506,3.75580094538112e-07,"SYPL1","Higher_in_TotalCell",0.104
1.03927304862776e-78,-0.606668812534377,0.82,0.728,2.58415243541292e-74,"PPP1CA","Higher_in_TotalCell",0.092
1.92230170507819e-22,-0.605748428316845,0.656,0.548,4.77980318967692e-18,"ARL6IP4","Higher_in_TotalCell",0.108
1.47741776771911e-06,-0.604360591484947,0.259,0.196,0.0367359927943357,"PRELP","Higher_in_TotalCell",0.063
1.02643851393905e-07,-0.60317991541611,0.137,0.101,0.00255223936490946,"CCDC117","Higher_in_TotalCell",0.036
2.30105419026771e-08,-0.602955011810409,0.152,0.111,0.000572157124410065,"CTDSPL2","Higher_in_TotalCell",0.041
1.57213288766484e-06,-0.601640925333544,0.216,0.164,0.0390910842517863,"TRADD","Higher_in_TotalCell",0.052
1.94493874129611e-06,-0.600785163147508,0.109,0.082,0.0483609018023277,"KIAA1671","Higher_in_TotalCell",0.027
1.23531712710008e-21,-0.600687240517625,0.647,0.543,3.07161603653435e-17,"TUFM","Higher_in_TotalCell",0.104
1.93370406932063e-15,-0.598075871224205,0.634,0.524,4.80815516836574e-11,"TCF25","Higher_in_TotalCell",0.11
2.03484470623856e-90,-0.597701458673898,0.805,0.718,5.05964136206218e-86,"PSMA4","Higher_in_TotalCell",0.0870000000000001
3.2353261213731e-16,-0.597363041767799,0.65,0.541,8.0446384007942e-12,"CD164","Higher_in_TotalCell",0.109
1.40919634985413e-09,-0.593598968737506,0.139,0.099,3.5039667239123e-05,"TBC1D16","Higher_in_TotalCell",0.04
5.35108704456832e-11,-0.593357937758738,0.199,0.142,1.33054779363191e-06,"CWC25","Higher_in_TotalCell",0.057
4.87838312624176e-35,-0.591851395417044,0.412,0.424,1.21300996434001e-30,"JUND","Higher_in_TotalCell",-0.012
1.04097438551807e-06,-0.590545467930381,0.219,0.166,0.0258838280959067,"DPCD","Higher_in_TotalCell",0.053
2.89631279503706e-08,-0.590056287797721,0.191,0.141,0.000720168176485965,"FBXL3","Higher_in_TotalCell",0.05
8.60484120435363e-43,-0.588924235839395,0.728,0.641,2.13959376546253e-38,"BTG3","Higher_in_TotalCell",0.087
3.55470821609924e-36,-0.588639307703255,0.714,0.613,8.83878197933076e-32,"CHMP5","Higher_in_TotalCell",0.101
2.98076256516498e-16,-0.588611782345268,0.674,0.566,7.41166611828273e-12,"TMEM106C","Higher_in_TotalCell",0.108
1.2544718826624e-09,-0.587036239656447,0.263,0.192,3.11924433624007e-05,"HECTD1","Higher_in_TotalCell",0.071
1.05619740239861e-08,-0.585396083263602,0.221,0.161,0.000262623484106413,"MRPL35","Higher_in_TotalCell",0.06
1.36725707874168e-10,-0.585127466204973,0.154,0.109,3.39968472629118e-06,"JAG1","Higher_in_TotalCell",0.045
9.36337885419319e-126,-0.584912046028751,0.866,0.796,2.32820415209514e-121,"ATP6V0B","Higher_in_TotalCell",0.07
7.77717339037684e-07,-0.583955058825052,0.222,0.167,0.019337941635172,"RHOG","Higher_in_TotalCell",0.055
2.63030813918327e-09,-0.583061531738786,0.23,0.167,6.54026118807919e-05,"GPANK1","Higher_in_TotalCell",0.063
2.37519857926571e-191,-0.582769947542582,0.927,0.881,5.90593126734419e-187,"UBC","Higher_in_TotalCell",0.046
7.66374113574004e-09,-0.581618798815238,0.157,0.114,0.000190558923340176,"DDX11","Higher_in_TotalCell",0.043
1.0964423657627e-06,-0.58157038371697,0.293,0.219,0.0272630394246895,"CRYL1","Higher_in_TotalCell",0.074
7.38990770603985e-35,-0.580835663538078,0.926,0.825,1.83750055110681e-30,"STMN1","Higher_in_TotalCell",0.101
7.14797898698401e-07,-0.579776333887904,0.106,0.078,0.0177734497511357,"TCF12","Higher_in_TotalCell",0.028
3.22268128802909e-169,-0.579753388631762,0.925,0.856,8.01319702268433e-165,"UQCR10","Higher_in_TotalCell",0.0690000000000001
6.0662151138776e-07,-0.575312109200085,0.194,0.146,0.0150836438806567,"WBP4","Higher_in_TotalCell",0.048
1.33072166550132e-06,-0.574510372736152,0.112,0.084,0.0330883942126903,"THOP1","Higher_in_TotalCell",0.028
5.16947184304491e-07,-0.574216924342212,0.156,0.118,0.0128538917377312,"BOD1L1","Higher_in_TotalCell",0.038
9.66998785628493e-10,-0.573773344711291,0.19,0.137,2.40444248046525e-05,"NKIRAS2","Higher_in_TotalCell",0.053
1.15926480102518e-92,-0.571598431741898,0.822,0.731,2.88251192774912e-88,"NDUFAB1","Higher_in_TotalCell",0.091
2.20368722618962e-13,-0.570741509861618,0.17,0.116,5.4794682879205e-09,"EYA2","Higher_in_TotalCell",0.054
1.44598214632779e-08,-0.570462373734923,0.259,0.191,0.000359543460684404,"DYRK4","Higher_in_TotalCell",0.068
0,-0.569447826868778,0.973,0.951,0,"COX7A2","Higher_in_TotalCell",0.022
1.50152597321044e-10,-0.569185596034992,0.232,0.167,3.73354433238777e-06,"SKAP2","Higher_in_TotalCell",0.065
2.35433792802054e-101,-0.56887625804552,0.831,0.749,5.85406125802307e-97,"CSNK2B","Higher_in_TotalCell",0.082
4.62370759121255e-07,-0.568846556880315,0.12,0.089,0.01149684892555,"EPS15","Higher_in_TotalCell",0.031
8.80833068819189e-08,-0.568600999214169,0.134,0.099,0.00219019142561891,"FOXJ3","Higher_in_TotalCell",0.035
8.74353168754324e-09,-0.56756540358216,0.193,0.142,0.000217407915410763,"ATAD1","Higher_in_TotalCell",0.051
1.05253791655617e-16,-0.567402608165974,0.69,0.57,2.61713552951692e-12,"NECTIN4","Higher_in_TotalCell",0.12
5.16805471503687e-09,-0.566748631169857,0.134,0.097,0.000128503680489392,"ZNF518A","Higher_in_TotalCell",0.037
3.70531624741738e-08,-0.564275288446229,0.21,0.156,0.000921326884920332,"MICU1","Higher_in_TotalCell",0.054
9.91006966385256e-10,-0.563972542336465,0.418,0.397,2.46413882191694e-05,"SLC2A1","Higher_in_TotalCell",0.021
6.82540047120208e-99,-0.563029459506919,0.845,0.759,1.6971358271644e-94,"MTCH1","Higher_in_TotalCell",0.086
3.21821814420714e-08,-0.561973694455701,0.405,0.29,0.000800209941557105,"KCTD1","Higher_in_TotalCell",0.115
1.94397588655182e-09,-0.561722800660765,0.136,0.097,4.83369604191111e-05,"ESS2","Higher_in_TotalCell",0.039
8.07764954964188e-07,-0.560864755092517,0.183,0.138,0.0200850756051845,"CORO1C","Higher_in_TotalCell",0.045
1.31904242130524e-12,-0.560224184289662,0.105,0.069,3.27979898057548e-08,"RPRD1B","Higher_in_TotalCell",0.036
8.98286124664035e-11,-0.559841549442681,0.264,0.189,2.23358844897712e-06,"CDK13","Higher_in_TotalCell",0.075
3.2138703464634e-26,-0.559070897457089,0.718,0.597,7.99128861648125e-22,"SMIM26","Higher_in_TotalCell",0.121
4.95245291809935e-11,-0.558895190297719,0.147,0.103,1.2314274180854e-06,"PAIP2B","Higher_in_TotalCell",0.044
9.55485496700761e-11,-0.5582951511079,0.187,0.134,2.37581468754644e-06,"PDIA5","Higher_in_TotalCell",0.053
7.97305794971099e-11,-0.557701586680696,0.268,0.191,1.98250085919564e-06,"TMEM97","Higher_in_TotalCell",0.077
2.71949498753351e-17,-0.554906202176872,0.191,0.127,6.76202428650208e-13,"ITGA6","Higher_in_TotalCell",0.064
1.5421490669412e-49,-0.554405467940953,0.715,0.632,3.8345536549493e-45,"DNAJB1","Higher_in_TotalCell",0.083
3.84987015221365e-09,-0.554002168729114,0.446,0.412,9.57270213347925e-05,"KPNA2","Higher_in_TotalCell",0.034
1.2272316941262e-12,-0.551794622756351,0.141,0.096,3.0515116074448e-08,"C1QTNF2","Higher_in_TotalCell",0.045
2.08349204854981e-11,-0.550846015845279,0.212,0.152,5.18060297871911e-07,"SH3PXD2A","Higher_in_TotalCell",0.06
1.89932413205287e-07,-0.550343712194707,0.27,0.201,0.00472266945434946,"IFT57","Higher_in_TotalCell",0.069
2.70837985457204e-09,-0.550247021024246,0.156,0.113,6.73438650839338e-05,"HMBOX1","Higher_in_TotalCell",0.043
4.05695282994582e-12,-0.549654625925551,0.235,0.166,1.00876132116603e-07,"REV1","Higher_in_TotalCell",0.069
3.95287249324968e-10,-0.5492665202766,0.238,0.173,9.82881745446532e-06,"KHDC4","Higher_in_TotalCell",0.065
3.69119509889614e-38,-0.548947728127749,0.749,0.642,9.17815661340525e-34,"RAB5IF","Higher_in_TotalCell",0.107
3.19113770961035e-09,-0.548317927552261,0.123,0.088,7.93476391494612e-05,"TRIP4","Higher_in_TotalCell",0.035
2.14871022972826e-55,-0.54749800694154,0.757,0.666,5.34276798621933e-51,"CACYBP","Higher_in_TotalCell",0.091
1.2764387179694e-146,-0.547152109868073,0.902,0.851,3.17386487223092e-142,"RTN4","Higher_in_TotalCell",0.051
1.90974963717795e-08,-0.544241222567332,0.224,0.166,0.000474859247284296,"METTL13","Higher_in_TotalCell",0.058
1.06728076608384e-15,-0.54131603845651,0.141,0.092,2.65379362486746e-11,"DNAJC17","Higher_in_TotalCell",0.049
2.70541508691899e-67,-0.540032359612423,0.817,0.713,6.72701461362408e-63,"NDUFC2","Higher_in_TotalCell",0.104
3.17639420263359e-15,-0.539391727363356,0.357,0.374,7.89810418484842e-11,"CENPW","Higher_in_TotalCell",-0.017
8.33945377788317e-07,-0.539312804628498,0.442,0.316,0.0207360518187065,"NBEAL1","Higher_in_TotalCell",0.126
8.06200961537592e-14,-0.539141733220383,0.214,0.148,2.00461869086322e-09,"CLN5","Higher_in_TotalCell",0.066
2.03707141444444e-09,-0.539118795029591,0.138,0.099,5.06517807201609e-05,"MRS2","Higher_in_TotalCell",0.039
2.59288426393864e-09,-0.538589821525633,0.186,0.135,6.44720672228343e-05,"CDC37L1","Higher_in_TotalCell",0.051
8.85851393984011e-11,-0.535481428727877,0.209,0.149,2.20266949114124e-06,"KHSRP","Higher_in_TotalCell",0.06
7.40156052187755e-08,-0.535426040243814,0.301,0.222,0.00184039802376485,"ARL16","Higher_in_TotalCell",0.079
1.0393607614413e-06,-0.534731157761597,0.263,0.198,0.0258437053332379,"CREB3L2","Higher_in_TotalCell",0.065
1.81744445336786e-19,-0.53451076974795,0.244,0.162,4.51907563329917e-15,"IRF2BPL","Higher_in_TotalCell",0.082
3.00841877768075e-08,-0.533089097769647,0.155,0.114,0.000748043329070318,"ZNF672","Higher_in_TotalCell",0.041
6.51727815998287e-245,-0.532399314525621,0.974,0.951,1.62052121447974e-240,"COX6B1","Higher_in_TotalCell",0.023
1.1116129664564e-115,-0.532386060267786,0.887,0.805,2.76402564109385e-111,"SNRPD2","Higher_in_TotalCell",0.082
2.12142812985073e-08,-0.532346667813722,0.146,0.107,0.000527493104487385,"TRAF3IP2","Higher_in_TotalCell",0.039
2.66657773209301e-10,-0.53220185322434,0.11,0.076,6.63044553084926e-06,"DLEU2","Higher_in_TotalCell",0.034
7.64820808280597e-07,-0.531379841652931,0.106,0.078,0.019017269397897,"ERAL1","Higher_in_TotalCell",0.028
4.56623297316808e-09,-0.531041054572897,0.19,0.139,0.000113539382877824,"CCDC127","Higher_in_TotalCell",0.051
1.50139101166702e-09,-0.530918209784393,0.183,0.133,3.73320875051005e-05,"RYK","Higher_in_TotalCell",0.05
1.6791707423459e-09,-0.530738881814504,0.18,0.131,4.17525805084309e-05,"KLHL7","Higher_in_TotalCell",0.049
7.4402951657166e-10,-0.53009415645374,0.107,0.075,1.85002939295543e-05,"TRIM4","Higher_in_TotalCell",0.032
7.89543384856711e-11,-0.529764432069788,0.15,0.105,1.96319962644621e-06,"GLMP","Higher_in_TotalCell",0.045
9.85438316377309e-13,-0.529459769769075,0.125,0.084,2.45029237367218e-08,"DNAJC3-DT","Higher_in_TotalCell",0.041
7.91036439513424e-13,-0.528925374210031,0.304,0.212,1.96691210685013e-08,"TAF6","Higher_in_TotalCell",0.092
3.7458483062181e-10,-0.528366318346589,0.119,0.083,9.31405181341132e-06,"TSPAN5","Higher_in_TotalCell",0.036
1.73222900428079e-06,-0.528285523901241,0.274,0.207,0.0430718741914418,"PPP1R8","Higher_in_TotalCell",0.067
2.56155401697756e-23,-0.527313579305089,0.297,0.194,6.36930406321471e-19,"MDM4","Higher_in_TotalCell",0.103
1.50870296862678e-11,-0.527232436010835,0.202,0.144,3.7513899314905e-07,"ZDHHC20","Higher_in_TotalCell",0.058
5.26286827313676e-21,-0.526991048233953,0.239,0.157,1.30861219611546e-16,"SERINC5","Higher_in_TotalCell",0.082
4.72199778319691e-08,-0.52685535169838,0.134,0.098,0.00117412474879191,"ELP6","Higher_in_TotalCell",0.036
4.25359494994327e-10,-0.526726184215988,0.139,0.099,1.0576563843034e-05,"TRIM16","Higher_in_TotalCell",0.04
6.14470808474686e-09,-0.526315982878302,0.218,0.16,0.000152788166527231,"SNAPC3","Higher_in_TotalCell",0.058
1.96638729305347e-07,-0.525265735994289,0.323,0.239,0.00488942200417745,"CLDND1","Higher_in_TotalCell",0.084
1.87363875493306e-15,-0.525213909586731,0.713,0.589,4.65880276414104e-11,"ZFAND5","Higher_in_TotalCell",0.124
1.17210798936547e-12,-0.524821607610169,0.117,0.079,2.91444651555724e-08,"SUSD6","Higher_in_TotalCell",0.038
1.03120795433075e-07,-0.52414628442957,0.144,0.107,0.0025640985784434,"SGTA","Higher_in_TotalCell",0.037
6.84876417715493e-13,-0.52345796037679,0.1,0.065,1.70294521264957e-08,"FANCD2","Higher_in_TotalCell",0.035
1.00914811874651e-13,-0.523173004563729,0.143,0.096,2.50924679726319e-09,"SGPL1","Higher_in_TotalCell",0.047
1.04739980499094e-08,-0.522510361722821,0.138,0.1,0.000260435961510997,"NCOR2","Higher_in_TotalCell",0.038
5.36364233988165e-09,-0.522177791512586,0.225,0.165,0.000133366966781157,"ZDHHC9","Higher_in_TotalCell",0.06
1.36259338243814e-10,-0.522025295786635,0.347,0.246,3.38808844543244e-06,"PLEKHA1","Higher_in_TotalCell",0.101
1.78733726336716e-285,-0.521385907419283,0.985,0.98,4.44421410536244e-281,"RPL4","Higher_in_TotalCell",0.005
4.27801751696811e-10,-0.521329634722125,0.6,0.504,1.06372905559412e-05,"VMP1","Higher_in_TotalCell",0.096
4.80427481789012e-08,-0.52077524361155,0.175,0.13,0.00119458293346838,"EXOC7","Higher_in_TotalCell",0.045
1.61609188500989e-09,-0.519511729610293,0.662,0.548,4.01841247207708e-05,"SEC11C","Higher_in_TotalCell",0.114
1.96882857042544e-11,-0.519337861402211,0.116,0.079,4.89549224036284e-07,"ERN1","Higher_in_TotalCell",0.037
1.04536188592075e-34,-0.517831219511337,0.737,0.633,2.59929232934196e-30,"NAA10","Higher_in_TotalCell",0.104
1.99774215289862e-22,-0.516952358102408,0.69,0.577,4.96738586318242e-18,"NDUFA11","Higher_in_TotalCell",0.113
2.43308925927691e-10,-0.516902240868224,0.256,0.184,6.04987644319204e-06,"CANT1","Higher_in_TotalCell",0.072
6.31395311310351e-07,-0.515210445817534,0.275,0.207,0.0156996444157319,"ARL8A","Higher_in_TotalCell",0.068
8.38457928991009e-50,-0.514603600676295,0.736,0.655,2.08482564043614e-45,"HEBP2","Higher_in_TotalCell",0.081
3.54020389934554e-12,-0.514442721975166,0.26,0.185,8.80271699572269e-08,"UBE2G1","Higher_in_TotalCell",0.075
2.18849639382084e-11,-0.514253007520185,0.183,0.13,5.44169628323552e-07,"EIF2B1","Higher_in_TotalCell",0.053
8.90594290206897e-08,-0.513924120057003,0.241,0.181,0.00221446270259945,"ZNF451","Higher_in_TotalCell",0.06
6.41900380945235e-09,-0.513879937121859,0.21,0.154,0.000159608529722033,"DCAF15","Higher_in_TotalCell",0.056
1.17281145734358e-92,-0.509651629872681,0.86,0.774,2.91619568868481e-88,"CNBP","Higher_in_TotalCell",0.086
1.63617673560982e-10,-0.50930931439301,0.228,0.164,4.06835345309381e-06,"SMYD2","Higher_in_TotalCell",0.064
3.67369272734283e-12,-0.508802194112507,0.251,0.177,9.13463696653795e-08,"NUP85","Higher_in_TotalCell",0.074
3.7344864160053e-09,-0.508555636165827,0.393,0.281,9.28580047339717e-05,"RUSC1","Higher_in_TotalCell",0.112
6.40894361507393e-10,-0.508255076154223,0.166,0.119,1.59358382988813e-05,"LEO1","Higher_in_TotalCell",0.047
1.09376959102504e-14,-0.507346289247481,0.126,0.083,2.71965808808376e-10,"FAM221A","Higher_in_TotalCell",0.043
2.22859784195582e-07,-0.507011185470026,0.102,0.074,0.00554140853402313,"TCF20","Higher_in_TotalCell",0.028
1.69625114752351e-08,-0.506641599573757,0.216,0.16,0.000421772847831722,"SNAP47","Higher_in_TotalCell",0.056
2.19081855814732e-14,-0.506224930224779,0.155,0.104,5.4474703448333e-10,"ZDHHC13","Higher_in_TotalCell",0.051
3.28583231502147e-09,-0.50533606094901,0.333,0.241,8.17022205130089e-05,"NSRP1","Higher_in_TotalCell",0.092
1.06872479327293e-11,-0.503864987573478,0.205,0.146,2.65738419847315e-07,"FAM53C","Higher_in_TotalCell",0.059
3.26491478626417e-09,-0.502363822639367,0.286,0.207,8.11821061604586e-05,"TMEM11","Higher_in_TotalCell",0.079
4.11542716684164e-12,-0.501990677433581,0.267,0.19,1.02330096503517e-07,"SVIL","Higher_in_TotalCell",0.077
3.31503539001963e-08,-0.501840965400618,0.172,0.128,0.000824283549728381,"SMG1","Higher_in_TotalCell",0.044
1.69486400748977e-10,-0.50179493927362,0.203,0.146,4.21427935462331e-06,"BFAR","Higher_in_TotalCell",0.057
1.69890090391215e-10,-0.501254276741894,0.137,0.096,4.22431709757756e-06,"ZNF76","Higher_in_TotalCell",0.041
3.74638908794993e-36,-0.500520979790897,0.804,0.681,9.31539646718749e-32,"H2AFY","Higher_in_TotalCell",0.123
5.45286176823139e-08,-0.500397567462323,0.108,0.078,0.00135585407867073,"NSUN4","Higher_in_TotalCell",0.03
7.01587790397422e-09,-0.500200959592178,0.137,0.1,0.000174449804082319,"RC3H1","Higher_in_TotalCell",0.037
4.33264120840755e-11,-0.499576045038628,0.175,0.125,1.07731123647054e-06,"WWC3","Higher_in_TotalCell",0.05
2.8076681633887e-09,-0.499353819819234,0.114,0.08,6.98126688826601e-05,"FLVCR1","Higher_in_TotalCell",0.034
7.1905306394683e-16,-0.498472435503666,0.245,0.167,1.78792544350379e-11,"KRIT1","Higher_in_TotalCell",0.078
1.33947934116819e-228,-0.49768020465044,0.961,0.94,3.3306153818147e-224,"TSPO","Higher_in_TotalCell",0.021
2.74364656940746e-19,-0.497249013579485,0.749,0.608,6.82207719483166e-15,"TXNL1","Higher_in_TotalCell",0.141
9.16044382268022e-10,-0.495974271244838,0.259,0.189,2.27774435650944e-05,"GTF3C5","Higher_in_TotalCell",0.07
1.74794288684813e-08,-0.495337128775522,0.235,0.174,0.000434625998814788,"CBY1","Higher_in_TotalCell",0.061
7.83108483943208e-13,-0.492730828670777,0.139,0.094,1.94719924532479e-08,"C6orf136","Higher_in_TotalCell",0.045
2.11369352756267e-08,-0.491811579848747,0.119,0.086,0.000525569895628458,"FBXW11","Higher_in_TotalCell",0.033
7.04845727716594e-15,-0.49169048184725,0.233,0.159,1.75259890196731e-10,"UTP14A","Higher_in_TotalCell",0.074
6.29766752825615e-09,-0.491186458613848,0.295,0.216,0.000156591503090089,"MARCH5","Higher_in_TotalCell",0.079
3.47247122260478e-318,-0.490967617497777,0.989,0.984,8.63429969500679e-314,"EIF1","Higher_in_TotalCell",0.005
6.25926937003868e-35,-0.489919627174077,0.785,0.667,1.55636732886012e-30,"LAMTOR4","Higher_in_TotalCell",0.118
1.83420226141846e-10,-0.489825956134399,0.364,0.26,4.56074392301701e-06,"BICDL2","Higher_in_TotalCell",0.104
1.15850209974337e-06,-0.489151227561525,0.624,0.503,0.0288061547101189,"SSU72","Higher_in_TotalCell",0.121
8.78360357001058e-09,-0.488654971857802,0.106,0.075,0.000218404302768313,"PISD","Higher_in_TotalCell",0.031
1.10423993571256e-12,-0.487719560112908,0.222,0.156,2.74569260014928e-08,"FBXO25","Higher_in_TotalCell",0.066
8.34952466010648e-13,-0.487309535824759,0.124,0.083,2.07610930673548e-08,"SFI1","Higher_in_TotalCell",0.041
6.8374631457629e-08,-0.484648268513468,0.336,0.247,0.00170013521119395,"PNP","Higher_in_TotalCell",0.089
8.12077313815263e-07,-0.4840034309481,0.289,0.218,0.0201923024080165,"CCPG1","Higher_in_TotalCell",0.071
1.9527014604258e-12,-0.48258526318408,0.372,0.262,4.85539218134874e-08,"LGMN","Higher_in_TotalCell",0.11
6.74091194358188e-11,-0.48219503864266,0.124,0.086,1.67612775477164e-06,"XPO5","Higher_in_TotalCell",0.038
1.1999022245012e-35,-0.482011998122231,0.737,0.628,2.98355688122224e-31,"NDUFB10","Higher_in_TotalCell",0.109
5.36777242353402e-65,-0.481753934986137,0.87,0.773,1.33469661311173e-60,"SRSF2","Higher_in_TotalCell",0.097
1.73567075498003e-80,-0.48167109881547,0.872,0.777,4.31574533225784e-76,"YWHAB","Higher_in_TotalCell",0.095
8.77278410467034e-38,-0.481535671505897,0.825,0.7,2.18135276762628e-33,"PGRMC1","Higher_in_TotalCell",0.125
7.44979532130931e-07,-0.48139433544572,0.118,0.088,0.0185239160664356,"CUL4B","Higher_in_TotalCell",0.03
1.11051203490118e-13,-0.480113756725078,0.15,0.102,2.76128817478179e-09,"VPS41","Higher_in_TotalCell",0.048
2.37593611081749e-11,-0.478783752544223,0.15,0.105,5.90776513954768e-07,"FDXR","Higher_in_TotalCell",0.045
1.82811917784315e-10,-0.47826308461213,0.238,0.172,4.54561833570699e-06,"CHEK2","Higher_in_TotalCell",0.066
5.28859740985314e-10,-0.47824725501342,0.211,0.153,1.31500974595998e-05,"STK26","Higher_in_TotalCell",0.058
1.87165794068245e-06,-0.478132974846515,0.101,0.076,0.0465387746950691,"NEK7","Higher_in_TotalCell",0.025
8.49014048841562e-09,-0.477954107249678,0.175,0.129,0.000211107343244454,"FNIP1","Higher_in_TotalCell",0.046
2.79558901307651e-12,-0.477952625348253,0.156,0.108,6.95123208101475e-08,"PARD3","Higher_in_TotalCell",0.048
7.95617117592586e-16,-0.477619790411952,0.742,0.601,1.97830196289397e-11,"ACTN4","Higher_in_TotalCell",0.141
3.93943514230957e-17,-0.477582126180975,0.186,0.124,9.79540548135275e-13,"UGCG","Higher_in_TotalCell",0.062
3.97685297719009e-13,-0.47749308334724,0.183,0.127,9.88844492778316e-09,"LIMD2","Higher_in_TotalCell",0.056
8.84138535470689e-20,-0.477273958102748,0.131,0.081,2.19841046844787e-15,"IQCK","Higher_in_TotalCell",0.05
5.7752781088349e-17,-0.476610634753465,0.244,0.165,1.4360229017618e-12,"RYBP","Higher_in_TotalCell",0.079
4.23392093120149e-296,-0.476556686303384,0.953,0.983,1.05276443954325e-291,"S100A10","Higher_in_TotalCell",-0.03
2.84244099530475e-23,-0.475740995625987,0.191,0.253,7.06772953482525e-19,"TOP2A","Higher_in_TotalCell",-0.062
2.35234759484712e-12,-0.475006926744047,0.176,0.124,5.84911229458735e-08,"G2E3","Higher_in_TotalCell",0.052
9.56522866313475e-12,-0.474765644427774,0.165,0.115,2.37839410708846e-07,"ISOC1","Higher_in_TotalCell",0.05
4.67978156236755e-11,-0.474038741316484,0.284,0.204,1.16362768548269e-06,"RMND5A","Higher_in_TotalCell",0.08
5.96574435658131e-12,-0.472774468253076,0.118,0.08,1.48338233426394e-07,"NDRG3","Higher_in_TotalCell",0.038
4.51189616402396e-08,-0.472471745994192,0.158,0.117,0.00112188298118456,"PLXDC2","Higher_in_TotalCell",0.041
2.67152110267561e-18,-0.471562214878948,0.29,0.196,6.64273722180291e-14,"BROX","Higher_in_TotalCell",0.094
1.88519651349131e-10,-0.471554936779173,0.182,0.131,4.68754113079615e-06,"PTAR1","Higher_in_TotalCell",0.051
1.29045187147231e-15,-0.471341974499949,0.246,0.168,3.2087085784159e-11,"LPCAT3","Higher_in_TotalCell",0.078
3.73741898497114e-13,-0.471275889284475,0.143,0.097,9.29309230613074e-09,"MRPL30","Higher_in_TotalCell",0.046
2.21634377464586e-16,-0.470604509467309,0.837,0.687,5.51093879565694e-12,"CKS1B","Higher_in_TotalCell",0.15
4.3281608329813e-12,-0.470559551827911,0.194,0.137,1.0761971911208e-07,"ALG6","Higher_in_TotalCell",0.057
4.23220954614501e-09,-0.470135591259652,0.116,0.082,0.000105233890364896,"ZNF703","Higher_in_TotalCell",0.034
1.76786626559172e-13,-0.470070716719105,0.303,0.212,4.3957994693938e-09,"RAB22A","Higher_in_TotalCell",0.091
6.61304771380516e-12,-0.468666499635097,0.304,0.216,1.64433431403765e-07,"DTD1","Higher_in_TotalCell",0.088
2.27038052857507e-22,-0.468178555711958,0.756,0.641,5.64530118430192e-18,"TPD52","Higher_in_TotalCell",0.115
1.21824261540035e-09,-0.467943681331247,0.261,0.191,3.02916026319298e-05,"CDC16","Higher_in_TotalCell",0.07
2.98163221582009e-10,-0.467111815563866,0.14,0.1,7.41382850463666e-06,"UBP1","Higher_in_TotalCell",0.04
9.52668951516062e-09,-0.466880382841845,0.31,0.227,0.000236881134794469,"CHD9","Higher_in_TotalCell",0.083
1.74359698158086e-16,-0.466250777199894,0.207,0.14,4.3354538947008e-12,"CTBP1","Higher_in_TotalCell",0.067
1.53586822548198e-08,-0.465940089226977,0.115,0.083,0.000381893634266095,"USP7","Higher_in_TotalCell",0.032
3.14657615647935e-08,-0.465647540086863,0.343,0.252,0.00078239616130859,"JAK1","Higher_in_TotalCell",0.091
4.14303987709639e-17,-0.464750622930419,0.711,0.587,1.03016686544002e-12,"RAB13","Higher_in_TotalCell",0.124
7.39117461307303e-14,-0.464069950942264,0.344,0.24,1.83781556754061e-09,"SMCHD1","Higher_in_TotalCell",0.104
0,-0.463682410590338,0.972,0.985,0,"MT-CYB","Higher_in_TotalCell",-0.013
3.96117139098137e-12,-0.46364279698521,0.237,0.168,9.84945266367518e-08,"MCM5","Higher_in_TotalCell",0.069
7.44772397919635e-08,-0.463603254998653,0.437,0.314,0.00185187656742717,"RAMMET","Higher_in_TotalCell",0.123
3.98222415676277e-08,-0.463307566850085,0.296,0.22,0.000990180036579063,"CPNE1","Higher_in_TotalCell",0.076
2.00952601656857e-07,-0.463213991951456,0.401,0.291,0.00499668644019774,"SNAP29","Higher_in_TotalCell",0.11
5.99709258664111e-17,-0.462051783448946,0.354,0.241,1.49117707166831e-12,"C6orf62","Higher_in_TotalCell",0.113
3.65143304441404e-13,-0.461677574309027,0.182,0.127,9.0792882649355e-09,"UBE2Q2","Higher_in_TotalCell",0.055
3.82718083306504e-12,-0.461644184688468,0.23,0.163,9.51628514141621e-08,"TAOK3","Higher_in_TotalCell",0.067
8.04066614714564e-09,-0.460950835867933,0.393,0.283,0.000199931163748776,"DNAJA2","Higher_in_TotalCell",0.11
0,-0.46075376343027,0.994,0.998,0,"RPS15A","Higher_in_TotalCell",-0.004
5.73842332747571e-09,-0.459793082447431,0.107,0.075,0.000142685896037684,"USP13","Higher_in_TotalCell",0.032
1.18499593416938e-13,-0.459606329068448,0.145,0.098,2.94649239031215e-09,"DPH2","Higher_in_TotalCell",0.047
1.0822627733841e-06,-0.459477731591667,0.669,0.536,0.0269104638601956,"SRSF10","Higher_in_TotalCell",0.133
5.55561243627532e-07,-0.458950538309638,0.101,0.075,0.0138140303227986,"PCAT6","Higher_in_TotalCell",0.026
1.15421136280057e-08,-0.457879447416573,0.339,0.247,0.000286994655360362,"HDHD5","Higher_in_TotalCell",0.092
4.95961318732983e-38,-0.456812940291072,0.772,0.666,1.23320781902956e-33,"POLR2K","Higher_in_TotalCell",0.106
2.66362847498744e-07,-0.456639160413193,0.122,0.091,0.00662311220305628,"PDLIM7","Higher_in_TotalCell",0.031
6.5728688520867e-14,-0.456113600798376,0.356,0.247,1.63434384007136e-09,"GMCL1","Higher_in_TotalCell",0.109
3.20984362941394e-15,-0.45565742202397,0.167,0.112,7.98127618453775e-11,"TTF2","Higher_in_TotalCell",0.055
1.93150653657724e-15,-0.45530637711675,0.367,0.251,4.8026910031993e-11,"SDHAF3","Higher_in_TotalCell",0.116
1.29436028560956e-11,-0.454720245745222,0.19,0.135,3.21842685016818e-07,"CA8","Higher_in_TotalCell",0.055
1.42160745450544e-11,-0.454464858152241,0.35,0.248,3.53482693562776e-07,"CASP4","Higher_in_TotalCell",0.102
3.1678190134326e-24,-0.45316448900358,0.183,0.114,7.87678197690016e-20,"RBM6","Higher_in_TotalCell",0.069
7.6763917792468e-10,-0.44990187739279,0.4,0.285,1.90873481590972e-05,"TIAL1","Higher_in_TotalCell",0.115
8.08570835257075e-12,-0.449245512550402,0.31,0.221,2.01051138186672e-07,"WAC-AS1","Higher_in_TotalCell",0.089
3.67691994731222e-08,-0.449086458849418,0.467,0.331,0.000914266144899184,"TMX1","Higher_in_TotalCell",0.136
6.06842514982403e-49,-0.448646997744809,0.821,0.72,1.50891391350374e-44,"TMEM147","Higher_in_TotalCell",0.101
3.60472187820991e-22,-0.447329558830025,0.292,0.191,8.96314095016894e-18,"SAMD1","Higher_in_TotalCell",0.101
1.29278064632323e-09,-0.447083901268509,0.256,0.187,3.2144990770827e-05,"PTK7","Higher_in_TotalCell",0.069
2.35867957233051e-10,-0.446598822113637,0.38,0.27,5.86485675659981e-06,"ATPAF1","Higher_in_TotalCell",0.11
1.59245520143205e-19,-0.446415913443962,0.267,0.178,3.95963985836078e-15,"ZNF106","Higher_in_TotalCell",0.089
4.25197971667499e-105,-0.446119756963224,0.94,0.884,1.05725475655124e-100,"EIF3K","Higher_in_TotalCell",0.0559999999999999
1.15764486390822e-09,-0.445658986857392,0.222,0.162,2.8784839541078e-05,"DPM2","Higher_in_TotalCell",0.06
2.98947449797508e-16,-0.44436165139746,0.358,0.247,7.43332833921505e-12,"SEC22B","Higher_in_TotalCell",0.111
5.3878867927403e-16,-0.443352606290866,0.217,0.148,1.33969805101487e-11,"TLDC1","Higher_in_TotalCell",0.069
3.58338433705499e-12,-0.44162034811146,0.381,0.268,8.91008515408723e-08,"KMT2E","Higher_in_TotalCell",0.113
5.87054899913635e-15,-0.441109865398212,0.242,0.167,1.45971200863525e-10,"SERPINB1","Higher_in_TotalCell",0.075
6.58574252348271e-13,-0.441105242189176,0.341,0.241,1.63754487846397e-08,"IPO5","Higher_in_TotalCell",0.1
2.80351608714197e-08,-0.440698711067488,0.227,0.169,0.00069709427506785,"TRIM44","Higher_in_TotalCell",0.058
5.52998731518577e-12,-0.440014335230732,0.128,0.088,1.37503134592094e-07,"NFX1","Higher_in_TotalCell",0.04
2.37536018927978e-17,-0.439303444424252,0.293,0.199,5.90633311064417e-13,"LINC01315","Higher_in_TotalCell",0.094
4.64977701942973e-16,-0.439223655519207,0.278,0.19,1.1561670558812e-11,"NUPL2","Higher_in_TotalCell",0.088
2.45493275431864e-14,-0.438675425024357,0.734,0.596,6.10419029361331e-10,"DYNLRB1","Higher_in_TotalCell",0.138
2.77064706596055e-12,-0.438141074697209,0.252,0.18,6.88921392951092e-08,"AFTPH","Higher_in_TotalCell",0.072
2.1854994613491e-12,-0.437929577353112,0.166,0.115,5.43424441064453e-08,"WDR5","Higher_in_TotalCell",0.051
1.94230644569787e-18,-0.437728129324287,0.265,0.178,4.82954497722775e-14,"LTA4H","Higher_in_TotalCell",0.087
3.63863639858666e-19,-0.437649321013999,0.181,0.118,9.04746940508572e-15,"TRMT6","Higher_in_TotalCell",0.063
1.19932113198331e-10,-0.437430526951359,0.118,0.082,2.9821119946765e-06,"FBXO8","Higher_in_TotalCell",0.036
6.06595918650071e-305,-0.43740623339129,0.997,0.997,1.5083007517234e-300,"GAPDH","Higher_in_TotalCell",0
9.23951885384042e-10,-0.437299202420652,0.141,0.101,2.29740636300742e-05,"UVRAG","Higher_in_TotalCell",0.04
7.8608121547205e-13,-0.437277828783662,0.22,0.154,1.95459094227125e-08,"TXNDC15","Higher_in_TotalCell",0.066
2.18995937161321e-100,-0.43688277149545,0.969,0.955,5.44533397751625e-96,"SLC25A6","Higher_in_TotalCell",0.014
9.62083808391019e-17,-0.436145423959461,0.253,0.172,2.39222138956427e-12,"POLR3GL","Higher_in_TotalCell",0.081
1.98620883903056e-07,-0.435971102750405,0.674,0.549,0.00493870827824948,"C1orf122","Higher_in_TotalCell",0.125
2.74116483793439e-07,-0.435929642797534,0.699,0.504,0.00681590636952387,"CLDN3","Higher_in_TotalCell",0.195
7.90278961351463e-17,-0.435824510916774,0.258,0.176,1.96502863740041e-12,"FXN","Higher_in_TotalCell",0.082
1.36692050186985e-14,-0.4350028984226,0.299,0.208,3.39884782789938e-10,"BAG6","Higher_in_TotalCell",0.091
1.26644608376921e-14,-0.434527102433973,0.161,0.109,3.14901818729215e-10,"RBM33","Higher_in_TotalCell",0.052
4.56411274829013e-10,-0.432469104362955,0.152,0.108,1.13486663486234e-05,"METTL3","Higher_in_TotalCell",0.044
1.37597405261087e-07,-0.431845270897662,0.121,0.089,0.00342135948181692,"PRPS1","Higher_in_TotalCell",0.032
2.16758835700992e-22,-0.431747797221836,0.154,0.095,5.38970844970516e-18,"DGUOK-AS1","Higher_in_TotalCell",0.059
3.64791854195719e-14,-0.431709605379438,0.161,0.11,9.07054945457655e-10,"PTRH1","Higher_in_TotalCell",0.051
4.34253023053024e-16,-0.431071460606893,0.22,0.15,1.07977014182134e-11,"ZMYND8","Higher_in_TotalCell",0.07
1.03695494512013e-40,-0.430887011488801,0.894,0.789,2.57838847104121e-36,"SELENOM","Higher_in_TotalCell",0.105
4.31376394838099e-42,-0.430783424780555,0.804,0.695,1.07261740576493e-37,"TPM3","Higher_in_TotalCell",0.109
1.1869714410957e-35,-0.430402758095395,0.834,0.71,2.95140448828447e-31,"POLR2I","Higher_in_TotalCell",0.124
1.2905569782863e-06,-0.430361018798544,0.121,0.091,0.0320896992650888,"CHMP7","Higher_in_TotalCell",0.03
3.74429990613950e-10,-0.43027337961601,0.1,0.069,9.31020171661585e-06,"GRAMD2B","Higher_in_TotalCell",0.031
4.33800611790523e-09,-0.429274281659362,0.451,0.322,0.000107864522121714,"MAPK13","Higher_in_TotalCell",0.129
1.5289026976132e-07,-0.428348989154968,0.437,0.315,0.00380161655761523,"RNF13","Higher_in_TotalCell",0.122
1.5434938454765e-15,-0.427444941492589,0.181,0.122,3.83789744677733e-11,"ETFRF1","Higher_in_TotalCell",0.059
1.01922643842805e-13,-0.426890529269373,0.122,0.081,2.53430653915134e-09,"TBCD","Higher_in_TotalCell",0.041
4.32253816054428e-20,-0.426691754022731,0.291,0.193,1.07479911361934e-15,"KIAA2026","Higher_in_TotalCell",0.098
1.00997665149646e-11,-0.426210298402141,0.284,0.203,2.51130694394594e-07,"CCS","Higher_in_TotalCell",0.081
3.94056143149871e-18,-0.426067185415438,0.232,0.155,9.79820599942154e-14,"ICA1","Higher_in_TotalCell",0.077
5.92551612206299e-20,-0.425925986399337,0.232,0.153,1.47337958375096e-15,"CENPH","Higher_in_TotalCell",0.079
1.23076671038081e-11,-0.424500930808575,0.142,0.099,3.06030142536188e-07,"CREBBP","Higher_in_TotalCell",0.043
1.12005444252008e-14,-0.424442303310292,0.149,0.1,2.78501537132617e-10,"METAP1","Higher_in_TotalCell",0.049
8.90585007997192e-18,-0.424335601605345,0.139,0.089,2.21443962238502e-13,"HIST1H2AE","Higher_in_TotalCell",0.05
8.02120679859858e-14,-0.424330077551354,0.283,0.198,1.99447307047154e-09,"IFRD2","Higher_in_TotalCell",0.085
1.01108856491872e-07,-0.424145713933072,0.167,0.125,0.0025140717166704,"DPH3","Higher_in_TotalCell",0.042
1.19616609851037e-18,-0.423171201979719,0.239,0.159,2.97426700394603e-14,"LRR1","Higher_in_TotalCell",0.08
3.02521865344329e-14,-0.422730372677812,0.121,0.08,7.52220618178673e-10,"ZC3H7A","Higher_in_TotalCell",0.041
1.19569912328116e-50,-0.422643036109116,0.153,0.241,2.97310587003861e-46,"MTRNR2L8","Higher_in_TotalCell",-0.088
5.23694688610755e-12,-0.422431499431438,0.106,0.071,1.30216684323064e-07,"LAMA5","Higher_in_TotalCell",0.035
1.46378577062574e-13,-0.422428436943754,0.126,0.084,3.63970331866091e-09,"TFEB","Higher_in_TotalCell",0.042
1.1353136822329e-18,-0.420237696364405,0.269,0.182,2.82295747087211e-14,"TBC1D10A","Higher_in_TotalCell",0.087
9.35462290757034e-13,-0.41997635826792,0.101,0.067,2.32602698596737e-08,"PLXNA1","Higher_in_TotalCell",0.034
1.19114620186174e-120,-0.419975207125296,0.954,0.91,2.96178503092922e-116,"TOMM7","Higher_in_TotalCell",0.0439999999999999
3.86247048636174e-241,-0.418595868273525,0.989,0.99,9.60403286433847e-237,"RPL38","Higher_in_TotalCell",-0.001
2.12044213784092e-15,-0.418332007092861,0.235,0.162,5.27247937574144e-11,"KIAA1143","Higher_in_TotalCell",0.073
0,-0.41822050673828,0.992,0.992,0,"H3F3B","Higher_in_TotalCell",0
6.96603642012771e-129,-0.417182014842704,0.957,0.94,1.73210495586476e-124,"SLC25A5","Higher_in_TotalCell",0.017
7.29209874011417e-25,-0.416251299585142,0.181,0.112,1.81318035172939e-20,"CAMKK2","Higher_in_TotalCell",0.069
1.26175708486956e-11,-0.415847414289695,0.31,0.221,3.13735899152817e-07,"PES1","Higher_in_TotalCell",0.089
2.47224035992591e-15,-0.415461894852231,0.297,0.206,6.14722565495578e-11,"CDIPT","Higher_in_TotalCell",0.091
1.14246874228342e-06,-0.415146423940877,0.458,0.331,0.0284074852768773,"MED4","Higher_in_TotalCell",0.127
2.5759699366175e-22,-0.414847772812597,0.193,0.122,6.40514924739941e-18,"MPP6","Higher_in_TotalCell",0.071
4.66535534075215e-17,-0.413859406643074,0.159,0.104,1.16004060547802e-12,"RETREG2","Higher_in_TotalCell",0.055
1.29217545385042e-09,-0.413151283289678,0.121,0.086,3.21299426599908e-05,"ITGA2","Higher_in_TotalCell",0.035
6.783680109965e-10,-0.412488783056623,0.386,0.277,1.6867620593428e-05,"HMG20B","Higher_in_TotalCell",0.109
3.62229557525563e-15,-0.412286482958038,0.207,0.142,9.00683794787313e-11,"TMEM106B","Higher_in_TotalCell",0.065
2.50010847560197e-17,-0.411745116033775,0.112,0.07,6.21651972458431e-13,"TAF8","Higher_in_TotalCell",0.042
5.10881555795825e-11,-0.411704140102465,0.137,0.097,1.27030698848632e-06,"WARS","Higher_in_TotalCell",0.04
2.16427063913147e-23,-0.411614571899623,0.218,0.139,5.38145894420039e-19,"C9orf85","Higher_in_TotalCell",0.079
7.54082785351261e-16,-0.41115654241222,0.324,0.223,1.87502684577591e-11,"POLDIP2","Higher_in_TotalCell",0.101
1.48928313254272e-36,-0.411147118222098,0.841,0.729,3.70310250906748e-32,"SEC62","Higher_in_TotalCell",0.112
1.97232871171011e-24,-0.411029253610231,0.761,0.654,4.90419534166719e-20,"POLR2F","Higher_in_TotalCell",0.107
2.5034924726935e-12,-0.410474782651029,0.155,0.108,6.2249340333524e-08,"TMEM241","Higher_in_TotalCell",0.047
3.53421493489283e-16,-0.410103984505,0.198,0.134,8.78782543561101e-12,"KIAA1191","Higher_in_TotalCell",0.064
6.41290263429564e-19,-0.410064845531635,0.186,0.122,1.59456824001761e-14,"MGAT5","Higher_in_TotalCell",0.064
8.14833576488681e-15,-0.409596814531821,0.317,0.22,2.02608368793911e-10,"VPS36","Higher_in_TotalCell",0.097
1.98539136807337e-07,-0.408535965352355,0.681,0.548,0.00493667563671444,"BSG","Higher_in_TotalCell",0.133
5.68752404910619e-16,-0.408247108459653,0.731,0.605,1.41420285481026e-11,"NHP2","Higher_in_TotalCell",0.126
2.74681639892784e-10,-0.408156749727058,0.128,0.09,6.82995897593407e-06,"CPQ","Higher_in_TotalCell",0.038
2.23331225321154e-14,-0.407340749495369,0.212,0.148,5.55313091761049e-10,"RBM47","Higher_in_TotalCell",0.064
4.62250535936344e-20,-0.407105845007506,0.241,0.159,1.14938595760572e-15,"MAP3K11","Higher_in_TotalCell",0.082
5.64952932040461e-13,-0.407060845653176,0.111,0.074,1.40475546551861e-08,"LIN7B","Higher_in_TotalCell",0.037
6.26049966310855e-10,-0.40680774668197,0.216,0.157,1.55667324123194e-05,"PSMF1","Higher_in_TotalCell",0.059
2.84726633723431e-13,-0.406535567772192,0.125,0.084,7.07972774753311e-09,"B4GALT7","Higher_in_TotalCell",0.041
6.91581770027009e-22,-0.406290169096215,0.824,0.681,1.71961807117216e-17,"NDUFB11","Higher_in_TotalCell",0.143
3.4566947253643e-41,-0.406283222271103,0.839,0.735,8.59507143461834e-37,"NENF","Higher_in_TotalCell",0.104
5.18553217191765e-23,-0.402279775632167,0.238,0.153,1.28938257454732e-18,"SRRT","Higher_in_TotalCell",0.085
9.73808721635454e-07,-0.4018966126155,0.262,0.203,0.0242137538634656,"GPSM2","Higher_in_TotalCell",0.059
9.16196389467888e-17,-0.401532926570516,0.263,0.179,2.2781223224119e-12,"VAPB","Higher_in_TotalCell",0.084
1.64559097137969e-09,-0.400540748876958,0.367,0.265,4.09176195033559e-05,"STARD7","Higher_in_TotalCell",0.102
9.85601091015264e-12,-0.399844771208576,0.241,0.172,2.45069711280945e-07,"MGAT1","Higher_in_TotalCell",0.069
3.77240113015967e-16,-0.399467718869609,0.15,0.099,9.38007541014203e-12,"TTC17","Higher_in_TotalCell",0.051
3.24509401351068e-13,-0.39917347421069,0.105,0.069,8.0689262645943e-09,"QRSL1","Higher_in_TotalCell",0.036
1.49609055322953e-17,-0.39865061464049,0.138,0.088,3.72002916060522e-13,"C11orf68","Higher_in_TotalCell",0.05
4.96917996215352e-09,-0.398579846212775,0.343,0.252,0.000123558659758947,"LRRFIP2","Higher_in_TotalCell",0.091
1.46145441607796e-112,-0.398106519065497,0.985,0.973,3.63390640557786e-108,"CALM2","Higher_in_TotalCell",0.012
7.69806166371396e-16,-0.398088206371135,0.358,0.247,1.91412303268248e-11,"SUDS3","Higher_in_TotalCell",0.111
6.75773524621843e-15,-0.397306171751764,0.28,0.194,1.68031086897221e-10,"HDGFL2","Higher_in_TotalCell",0.086
1.4773836305279e-12,-0.396800743476533,0.423,0.294,3.67351439730762e-08,"PABPC4","Higher_in_TotalCell",0.129
3.30983765056243e-20,-0.396683169354066,0.252,0.167,8.22991131812347e-16,"DVL3","Higher_in_TotalCell",0.085
4.07705900746216e-14,-0.396633306710509,0.142,0.096,1.01376072220547e-09,"LASP1","Higher_in_TotalCell",0.046
1.04387341501902e-14,-0.395868795535893,0.19,0.131,2.5955912464448e-10,"CNN2","Higher_in_TotalCell",0.059
2.85860979143931e-20,-0.394997669446636,0.156,0.098,7.10793324641384e-16,"MICA","Higher_in_TotalCell",0.058
3.23314070801654e-10,-0.394899411790272,0.353,0.255,8.03920437048313e-06,"PITHD1","Higher_in_TotalCell",0.098
4.30295311693115e-27,-0.394839794567766,0.826,0.697,1.06992929252493e-22,"BTF3L4","Higher_in_TotalCell",0.129
1.32721097633381e-13,-0.394357612420728,0.138,0.093,3.30011009265401e-09,"C18orf25","Higher_in_TotalCell",0.045
3.89267626553181e-22,-0.393668523907512,0.427,0.28,9.67913953424484e-18,"STAG2","Higher_in_TotalCell",0.147
4.23556496477649e-13,-0.393417521991426,0.143,0.098,1.05317322849168e-08,"TM9SF4","Higher_in_TotalCell",0.045
9.16754287045175e-07,-0.393144029470241,0.749,0.593,0.0227950953473783,"MPLKIP","Higher_in_TotalCell",0.156
4.64150552685905e-15,-0.39300736620447,0.192,0.131,1.1541103492535e-10,"NNT-AS1","Higher_in_TotalCell",0.061
3.57273757923179e-13,-0.391501057778421,0.124,0.083,8.88361199075984e-09,"SPSB1","Higher_in_TotalCell",0.041
5.10769907423702e-17,-0.390811198023901,0.269,0.183,1.27002937480904e-12,"ATP6V0D1","Higher_in_TotalCell",0.086
1.02166199199285e-13,-0.389062375412225,0.164,0.113,2.54036254309022e-09,"MYLIP","Higher_in_TotalCell",0.051
1.92986674172718e-14,-0.38894863030012,0.185,0.127,4.79861365330464e-10,"ERGIC1","Higher_in_TotalCell",0.058
2.27456777729326e-12,-0.388776694130064,0.12,0.081,5.6557127782397e-08,"THOC5","Higher_in_TotalCell",0.039
3.51787571138577e-18,-0.387287487652559,0.401,0.268,8.74719795636072e-14,"TIMM10","Higher_in_TotalCell",0.133
2.49684257430033e-17,-0.386952823304182,0.383,0.261,6.20839906099776e-13,"RNF11","Higher_in_TotalCell",0.122
3.90355271125877e-10,-0.386468007374752,0.104,0.072,9.70618381654493e-06,"OBSL1","Higher_in_TotalCell",0.032
5.91371627267848e-17,-0.386353402910254,0.218,0.148,1.4704455512015e-12,"SECISBP2","Higher_in_TotalCell",0.07
4.06352913417632e-12,-0.384225546137807,0.37,0.261,1.01039651921294e-07,"IMMT","Higher_in_TotalCell",0.109
1.86497285079779e-07,-0.383298369235523,0.235,0.179,0.00463725499350871,"PSME4","Higher_in_TotalCell",0.056
1.39790965802411e-16,-0.383207147351888,0.341,0.233,3.47590236467695e-12,"COMMD4","Higher_in_TotalCell",0.108
3.55651576058055e-12,-0.382688448061174,0.153,0.107,8.84327643868353e-08,"DCUN1D4","Higher_in_TotalCell",0.046
1.80616153419633e-21,-0.382377644860457,0.111,0.065,4.49102065477918e-17,"ING3","Higher_in_TotalCell",0.046
8.83109719243286e-22,-0.381875843029995,0.845,0.712,2.19585231689843e-17,"VAMP8","Higher_in_TotalCell",0.133
2.48886990626451e-11,-0.381794724599013,0.752,0.614,6.18857502192671e-07,"PRRC2C","Higher_in_TotalCell",0.138
2.7061199834311e-16,-0.380794722323967,0.219,0.149,6.72876733880143e-12,"SLC50A1","Higher_in_TotalCell",0.07
3.80864198147711e-25,-0.380037797596594,0.356,0.232,9.47018828694284e-21,"SRSF6","Higher_in_TotalCell",0.124
1.16026736743789e-07,-0.379797541663129,0.471,0.341,0.00288500480913432,"IMPDH2","Higher_in_TotalCell",0.13
9.24555455029973e-08,-0.379665943660131,0.494,0.354,0.00229890713893203,"ASPH","Higher_in_TotalCell",0.14
7.58106793052773e-59,-0.379572488170376,0.066,0.154,1.88503254092572e-54,"BIRC3","Higher_in_TotalCell",-0.088
7.03027898976454e-20,-0.378378560252715,0.381,0.254,1.74807887080495e-15,"TWISTNB","Higher_in_TotalCell",0.127
1.10398312332872e-24,-0.378236168852411,0.146,0.088,2.74505403615687e-20,"DDAH1","Higher_in_TotalCell",0.058
3.96595591335302e-13,-0.378027992982044,0.383,0.27,9.86134937855229e-09,"SRPRB","Higher_in_TotalCell",0.113
4.82388723787915e-17,-0.377510457102371,0.1,0.061,1.19945956169865e-12,"PAAF1","Higher_in_TotalCell",0.039
1.00079207531347e-10,-0.377129905566815,0.119,0.083,2.48846949526694e-06,"XPO7","Higher_in_TotalCell",0.036
2.62946703645687e-23,-0.377102678854797,0.199,0.126,6.53816978615e-19,"CYFIP1","Higher_in_TotalCell",0.073
1.21082534291429e-25,-0.37710140123581,0.4,0.26,3.01071721515639e-21,"SUMF2","Higher_in_TotalCell",0.14
3.14821199776789e-18,-0.376820151690436,0.364,0.246,7.82802913244985e-14,"PNPLA4","Higher_in_TotalCell",0.118
5.51023695735794e-14,-0.375728218298732,0.155,0.105,1.37012041944705e-09,"NELFB","Higher_in_TotalCell",0.05
3.57120410376296e-18,-0.375374239208621,0.179,0.118,8.87979900400659e-14,"MBIP","Higher_in_TotalCell",0.061
1.09747255410991e-07,-0.375352879876982,0.749,0.605,0.00272886550579429,"CAP1","Higher_in_TotalCell",0.144
1.3884212685866e-14,-0.374701010707054,0.136,0.091,3.45230948434058e-10,"AGO1","Higher_in_TotalCell",0.045
6.47915951613604e-11,-0.373489393556918,0.451,0.318,1.61104301368723e-06,"SNX6","Higher_in_TotalCell",0.133
1.00015900758002e-21,-0.37277618869709,0.249,0.164,2.48689537234772e-17,"UACA","Higher_in_TotalCell",0.085
2.9450762060232e-17,-0.372714815183793,0.352,0.24,7.3229319862767e-13,"OSER1","Higher_in_TotalCell",0.112
2.40266501439558e-21,-0.371424460763267,0.326,0.217,5.97422655829461e-17,"DDX42","Higher_in_TotalCell",0.109
2.20189858227985e-14,-0.369504968759669,0.351,0.246,5.47502082483884e-10,"PEX2","Higher_in_TotalCell",0.105
2.89984433967248e-19,-0.369156381146419,0.175,0.114,7.21046295059562e-15,"MOGS","Higher_in_TotalCell",0.061
6.18885807386135e-18,-0.368855686679481,0.42,0.285,1.53885956006562e-13,"MRPL48","Higher_in_TotalCell",0.135
7.25061062184908e-15,-0.367782842128479,0.373,0.262,1.80286433112277e-10,"GALNT3","Higher_in_TotalCell",0.111
2.45787034050814e-12,-0.367280597882418,0.439,0.306,6.11149460167349e-08,"PMVK","Higher_in_TotalCell",0.133
1.88115990391066e-16,-0.367239386404634,0.146,0.096,4.67750410107386e-12,"PQLC3","Higher_in_TotalCell",0.05
3.88654952913169e-15,-0.367069173293378,0.172,0.117,9.66390540418596e-11,"TRIM11","Higher_in_TotalCell",0.055
4.56264411791684e-25,-0.364841497442608,0.346,0.226,1.13450145992002e-20,"TOR1AIP2","Higher_in_TotalCell",0.12
4.13567887950712e-80,-0.364507927682309,0.484,0.586,1.02833655338945e-75,"MMP7","Higher_in_TotalCell",-0.102
4.47543513153208e-17,-0.363594184889337,0.188,0.127,1.11281694545545e-12,"WDR82","Higher_in_TotalCell",0.061
1.49212539204666e-17,-0.363506153670069,0.221,0.149,3.71016978732401e-13,"DCAF12","Higher_in_TotalCell",0.072
7.20732513390804e-29,-0.363389504204931,0.867,0.755,1.79210139454624e-24,"FUS","Higher_in_TotalCell",0.112
2.90113866906401e-22,-0.362878610946105,0.178,0.112,7.21368130062767e-18,"HTRA2","Higher_in_TotalCell",0.066
1.9200695848694e-15,-0.362416085078102,0.101,0.063,4.77425302277776e-11,"POGLUT1","Higher_in_TotalCell",0.038
4.72826694925548e-18,-0.36219379351048,0.107,0.065,1.17568357693237e-13,"RALGDS","Higher_in_TotalCell",0.042
2.33707387868538e-14,-0.362040635498187,0.282,0.198,5.8111341993512e-10,"YAP1","Higher_in_TotalCell",0.084
6.98618420270622e-17,-0.361361890112108,0.138,0.089,1.7371147020029e-12,"TXNL4B","Higher_in_TotalCell",0.049
2.79386935104363e-34,-0.360374216801686,0.217,0.127,6.94695614136998e-30,"ITPR3","Higher_in_TotalCell",0.09
3.25157978757783e-07,-0.360173575422575,0.49,0.355,0.00808505314181227,"COPA","Higher_in_TotalCell",0.135
3.97945210062998e-11,-0.359312387701968,0.142,0.1,9.89490764821644e-07,"C19orf25","Higher_in_TotalCell",0.042
1.76960503230613e-18,-0.359282845184966,0.129,0.081,4.40012291282918e-14,"NUP153","Higher_in_TotalCell",0.048
4.93914170034081e-17,-0.359013223392113,0.121,0.076,1.22811758378974e-12,"NFS1","Higher_in_TotalCell",0.045
4.86982780479236e-24,-0.358567270548668,0.257,0.165,1.21088268366162e-19,"STK4","Higher_in_TotalCell",0.092
1.42417843810229e-22,-0.357994695868988,0.305,0.2,3.54121968634135e-18,"RNF139","Higher_in_TotalCell",0.105
9.41997170178935e-15,-0.35741722092662,0.115,0.075,2.34227596364992e-10,"RNF4","Higher_in_TotalCell",0.04
6.46861655908674e-23,-0.356779122177045,0.176,0.111,1.60842150741692e-18,"MTA1","Higher_in_TotalCell",0.065
6.46224332080494e-16,-0.356420356370453,0.281,0.194,1.60683680171815e-11,"TMEM18","Higher_in_TotalCell",0.087
3.0768246883132e-24,-0.35589175872309,0.301,0.196,7.65052458749077e-20,"MFAP1","Higher_in_TotalCell",0.105
1.06748472446595e-19,-0.354932085322024,0.111,0.067,2.65430076738458e-15,"TRMT10A","Higher_in_TotalCell",0.044
1.20135815326038e-18,-0.354371700485932,0.123,0.076,2.98717704808194e-14,"RNASEH1-AS1","Higher_in_TotalCell",0.047
3.11762572565858e-27,-0.353855932655557,0.889,0.794,7.75197636685006e-23,"LAGE3","Higher_in_TotalCell",0.095
2.94221066310553e-16,-0.353455804213886,0.157,0.104,7.31580681381191e-12,"SNAP23","Higher_in_TotalCell",0.053
8.7944859233954e-16,-0.353349444854897,0.327,0.226,2.18674892485226e-11,"DHRS4L2","Higher_in_TotalCell",0.101
2.01268057955516e-26,-0.353166739624978,0.442,0.288,5.00453026106391e-22,"CCDC34","Higher_in_TotalCell",0.154
1.57451156404029e-43,-0.352290308262756,0.37,0.225,3.91502300398619e-39,"TSC22D3","Higher_in_TotalCell",0.145
3.83901904721391e-09,-0.350978624462582,0.477,0.341,9.5457208608974e-05,"RRP1","Higher_in_TotalCell",0.136
4.01480809113431e-23,-0.350844819496233,0.18,0.113,9.98282031860547e-19,"R3HCC1","Higher_in_TotalCell",0.067
1.29340519890261e-19,-0.35060213104785,0.133,0.083,3.21605202707133e-15,"CTDSP1","Higher_in_TotalCell",0.05
2.51872347397088e-18,-0.349964128661847,0.168,0.11,6.26280591802859e-14,"PM20D2","Higher_in_TotalCell",0.058
3.19856986223957e-21,-0.349525281463893,0.287,0.191,7.95324396245869e-17,"DERL2","Higher_in_TotalCell",0.096
2.17819648414735e-13,-0.348789336994822,0.111,0.073,5.41608555783238e-09,"ZFHX3","Higher_in_TotalCell",0.038
1.11036679959267e-13,-0.348680791069393,0.122,0.081,2.76092704718718e-09,"PTPRA","Higher_in_TotalCell",0.041
4.89179237308583e-19,-0.348352822122697,0.127,0.079,1.21634417356779e-14,"NECAP1","Higher_in_TotalCell",0.048
4.51754342653543e-24,-0.34798502643405,0.315,0.205,1.12328717300804e-19,"TEX264","Higher_in_TotalCell",0.11
1.12803644390774e-15,-0.347714729077368,0.205,0.141,2.80486261777661e-11,"CDC45","Higher_in_TotalCell",0.064
5.7833521986585e-10,-0.347016395899012,0.494,0.349,1.43803052419644e-05,"CCDC47","Higher_in_TotalCell",0.145
4.89676445391185e-25,-0.346974015243867,0.332,0.215,1.21758048146518e-20,"ACOT13","Higher_in_TotalCell",0.117
1.33952201296938e-24,-0.346869123856654,0.345,0.225,3.33072148524836e-20,"ABI1","Higher_in_TotalCell",0.12
2.24151466957922e-17,-0.346674604439101,0.338,0.233,5.57352622590873e-13,"RIOK3","Higher_in_TotalCell",0.105
1.07808460876564e-20,-0.345823502485521,0.281,0.187,2.68065737969577e-16,"COP1","Higher_in_TotalCell",0.094
1.96808002770563e-29,-0.34476480115552,0.362,0.232,4.89363098889005e-25,"CD109","Higher_in_TotalCell",0.13
1.09649126973284e-19,-0.343465203125579,0.206,0.135,2.7264255421907e-15,"SUCLA2","Higher_in_TotalCell",0.071
4.61287356877343e-14,-0.343454641961534,0.116,0.077,1.14699101287551e-09,"RNF14","Higher_in_TotalCell",0.039
9.9920943921366e-21,-0.34305849100411,0.153,0.096,2.48453427060477e-16,"DCAF8","Higher_in_TotalCell",0.057
8.07765122374669e-14,-0.341984538126263,0.166,0.114,2.00850797678461e-09,"PPP1R13L","Higher_in_TotalCell",0.052
1.1961086158677e-13,-0.341555129064695,0.127,0.085,2.97412407335505e-09,"KLHDC4","Higher_in_TotalCell",0.042
6.75565666173836e-17,-0.341189215108365,0.337,0.232,1.67979402894124e-12,"NQO2","Higher_in_TotalCell",0.105
1.00924123047958e-19,-0.34061592327327,0.401,0.27,2.50947831958747e-15,"PPP2R2A","Higher_in_TotalCell",0.131
2.01627774591329e-26,-0.340466578443443,0.18,0.109,5.01347461521339e-22,"OVOL2","Higher_in_TotalCell",0.071
1.36677085018558e-21,-0.33923692150006,0.171,0.109,3.39847571898645e-17,"BAG2","Higher_in_TotalCell",0.062
2.11350342666786e-26,-0.339000115405,0.335,0.217,5.25522627040964e-22,"KMT2C","Higher_in_TotalCell",0.118
8.94014140424076e-19,-0.338663652366077,0.136,0.086,2.22296616016446e-14,"SLC25A19","Higher_in_TotalCell",0.05
7.10137743730623e-93,-0.338579905662365,0.97,0.941,1.76575749978619e-88,"SEC61G","Higher_in_TotalCell",0.029
4.70858976078608e-22,-0.338516540523705,0.224,0.146,1.17079084401946e-17,"CHID1","Higher_in_TotalCell",0.078
1.11037360563283e-19,-0.33718551965564,0.179,0.116,2.76094397040604e-15,"PDK3","Higher_in_TotalCell",0.063
8.88013486744918e-12,-0.337071495355258,0.118,0.081,2.20804553479124e-07,"XPNPEP3","Higher_in_TotalCell",0.037
2.52934197811929e-18,-0.336855860652308,0.193,0.129,6.28920882859362e-14,"EGLN1","Higher_in_TotalCell",0.064
6.37805979736209e-20,-0.335906726671427,0.279,0.187,1.58590456861408e-15,"TAF9","Higher_in_TotalCell",0.092
2.85288081738757e-19,-0.335639662441387,0.875,0.742,7.09368815243419e-15,"C12orf57","Higher_in_TotalCell",0.133
5.94572366344327e-23,-0.33553141943608,0.346,0.227,1.47840418891517e-18,"C1orf131","Higher_in_TotalCell",0.119
9.69424804762596e-25,-0.335023982866576,0.207,0.13,2.41047477704219e-20,"STX16","Higher_in_TotalCell",0.077
1.1267466140963e-11,-0.334689734962542,0.121,0.083,2.80165545595045e-07,"COMMD9","Higher_in_TotalCell",0.038
2.80098652911721e-16,-0.334370883795472,0.156,0.103,6.96465300464995e-12,"STEAP3","Higher_in_TotalCell",0.053
8.60549350784589e-14,-0.334022321557276,0.123,0.081,2.13975596072588e-09,"SHROOM3","Higher_in_TotalCell",0.042
1.79373078062369e-06,-0.33328026938354,0.579,0.414,0.044601115860208,"VPS35","Higher_in_TotalCell",0.165
1.0862000207826e-27,-0.333032175282752,0.242,0.152,2.70083635167594e-23,"SENP2","Higher_in_TotalCell",0.09
4.31430674658726e-24,-0.332811505369019,0.142,0.085,1.07275237253892e-19,"CHD3","Higher_in_TotalCell",0.057
2.39984973440054e-14,-0.332333972754129,0.343,0.242,5.96722636458695e-10,"SLC35E1","Higher_in_TotalCell",0.101
1.4734849945967e-16,-0.332086957391224,0.408,0.279,3.6638204390647e-12,"EMC7","Higher_in_TotalCell",0.129
2.06988393799342e-15,-0.330610796311706,0.103,0.065,5.14676641182064e-11,"TMEM115","Higher_in_TotalCell",0.038
2.49351950410832e-32,-0.330419676946853,0.271,0.167,6.20013624696534e-28,"KLHL23","Higher_in_TotalCell",0.104
9.23556905102499e-20,-0.330358867701934,0.117,0.071,2.29642424453736e-15,"SLC5A1","Higher_in_TotalCell",0.046
2.58183410246308e-22,-0.330071525903323,0.336,0.222,6.41973049577444e-18,"NIPA2","Higher_in_TotalCell",0.114
5.19156111728817e-08,-0.32989964415126,0.472,0.344,0.0012908816718137,"OPTN","Higher_in_TotalCell",0.128
1.95350759301151e-16,-0.329602224362197,0.125,0.081,4.85739663002312e-12,"ATXN2L","Higher_in_TotalCell",0.044
4.67567631845896e-12,-0.329453410892747,0.126,0.086,1.16260691658482e-07,"KCNN4","Higher_in_TotalCell",0.04
6.60498957673949e-24,-0.329296930297222,0.315,0.206,1.64233065825627e-19,"DUSP11","Higher_in_TotalCell",0.109
2.10153536561142e-23,-0.329270568675608,0.217,0.139,5.22546768659279e-19,"FAM122A","Higher_in_TotalCell",0.078
1.87537251455979e-21,-0.328873828069441,0.17,0.108,4.66311375745293e-17,"GALNT2","Higher_in_TotalCell",0.062
1.30509017120963e-15,-0.328858362679788,0.832,0.701,3.24510671071275e-11,"SNX3","Higher_in_TotalCell",0.131
0,-0.327786579400668,0.967,0.985,0,"MT-ATP6","Higher_in_TotalCell",-0.018
2.907197546133e-08,-0.326513816517489,0.135,0.1,0.00072287466984597,"KNSTRN","Higher_in_TotalCell",0.035
5.83003865627568e-23,-0.326303893141234,0.129,0.077,1.44963911188295e-18,"WNT2B","Higher_in_TotalCell",0.052
2.88106639310354e-86,-0.326146457450161,0.52,0.286,7.16377158645195e-82,"TRPS1","Higher_in_TotalCell",0.234
8.83268924488397e-16,-0.32593669206795,0.159,0.107,2.1962481807404e-11,"DHX30","Higher_in_TotalCell",0.052
1.74056731398258e-07,-0.325224891571739,0.799,0.655,0.00432792062621769,"LSM2","Higher_in_TotalCell",0.144
2.07602981082198e-18,-0.325220054816723,0.1,0.06,5.16204812460886e-14,"MNT","Higher_in_TotalCell",0.04
1.51622234893138e-21,-0.324997395910033,0.163,0.103,3.77008687061788e-17,"EHBP1","Higher_in_TotalCell",0.06
2.52029013323187e-23,-0.324785628449263,0.226,0.146,6.26670141628103e-19,"THUMPD1","Higher_in_TotalCell",0.08
3.77756090891815e-21,-0.324122150931933,0.173,0.11,9.39290520002499e-17,"CREBZF","Higher_in_TotalCell",0.063
8.56739231287937e-22,-0.323675609027942,0.125,0.075,2.13028209859746e-17,"ADO","Higher_in_TotalCell",0.05
7.12510186231549e-21,-0.32352420262281,0.348,0.232,1.77165657806475e-16,"DNAJC2","Higher_in_TotalCell",0.116
5.49395546538354e-26,-0.323188434852919,0.17,0.103,1.36607202646762e-21,"POLR2D","Higher_in_TotalCell",0.067
3.35271674555671e-23,-0.322730198039386,0.24,0.155,8.33653018782675e-19,"AZI2","Higher_in_TotalCell",0.085
1.46735537209687e-23,-0.322479011021437,0.279,0.182,3.64857913271886e-19,"TMEM203","Higher_in_TotalCell",0.097
4.08478925574947e-25,-0.32169553439246,0.408,0.267,1.01568284844211e-20,"BAZ1B","Higher_in_TotalCell",0.141
6.96012959017651e-13,-0.320583897886941,0.113,0.075,1.73063622259739e-08,"KBTBD2","Higher_in_TotalCell",0.038
4.19814891372428e-23,-0.320425727085232,0.278,0.183,1.04386972739754e-18,"ZFAND3","Higher_in_TotalCell",0.095
4.88294210880465e-26,-0.320250518177111,0.295,0.19,1.21414355535428e-21,"ATF6","Higher_in_TotalCell",0.105
5.63599685086111e-194,-0.319721034403291,0.959,0.952,1.40139061696661e-189,"NEAT1","Higher_in_TotalCell",0.00700000000000001
1.06424395030009e-18,-0.319191985988896,0.416,0.283,2.64624258242118e-14,"ZNF24","Higher_in_TotalCell",0.133
1.94920129215999e-19,-0.318993795076847,0.398,0.269,4.84668901295581e-15,"THAP7","Higher_in_TotalCell",0.129
1.3249607938309e-19,-0.318522521653676,0.19,0.124,3.29451501386053e-15,"MRPL1","Higher_in_TotalCell",0.066
9.03692442763019e-18,-0.317988680721933,0.327,0.225,2.24703125893025e-13,"ILVBL","Higher_in_TotalCell",0.102
8.46756171563017e-20,-0.317435320108618,0.1,0.059,2.10545922059144e-15,"CNPY4","Higher_in_TotalCell",0.041
7.94531611819531e-24,-0.317334922212436,0.251,0.163,1.97560285278926e-19,"HUWE1","Higher_in_TotalCell",0.088
1.29403405947448e-20,-0.316499846546898,0.282,0.187,3.2176156888833e-16,"TRAF7","Higher_in_TotalCell",0.095
1.24312551248107e-21,-0.316437835860627,0.178,0.113,3.09103158678419e-17,"CEP63","Higher_in_TotalCell",0.065
5.53693802179771e-17,-0.315926912096974,0.449,0.306,1.37675963912e-12,"PPP1R7","Higher_in_TotalCell",0.143
1.39844923425118e-17,-0.315289060169448,0.123,0.077,3.47724402096557e-13,"SNX24","Higher_in_TotalCell",0.046
3.16599918698615e-14,-0.314510440379375,0.162,0.111,7.87225697844106e-10,"IPO7","Higher_in_TotalCell",0.051
5.91789467881332e-13,-0.314274378189977,0.141,0.098,1.47148451188693e-08,"AQP5","Higher_in_TotalCell",0.043
4.30224468138695e-11,-0.313008920812601,0.827,0.676,1.06975314002686e-06,"VAPA","Higher_in_TotalCell",0.151
1.50253649404381e-28,-0.312823470909774,0.264,0.165,3.73605699243992e-24,"RELA","Higher_in_TotalCell",0.099
2.58934878522766e-09,-0.312069189638049,0.507,0.362,6.43841575446857e-05,"NDFIP1","Higher_in_TotalCell",0.145
2.36914986000342e-25,-0.312032857280481,0.314,0.204,5.89089112689851e-21,"NSFL1C","Higher_in_TotalCell",0.11
2.99681616378423e-25,-0.311987951501254,0.133,0.078,7.45158339124949e-21,"TEAD3","Higher_in_TotalCell",0.055
4.49178021109137e-17,-0.311945783627035,0.409,0.28,1.11688114948787e-12,"PPCS","Higher_in_TotalCell",0.129
1.2165673685746e-23,-0.31135600705878,0.162,0.1,3.02499476196074e-19,"ARL5A","Higher_in_TotalCell",0.062
2.52398281738365e-17,-0.310109391964075,0.364,0.249,6.27588327542443e-13,"C9orf78","Higher_in_TotalCell",0.115
7.92364401597847e-21,-0.309987339080364,0.23,0.152,1.97021408457305e-16,"ESF1","Higher_in_TotalCell",0.078
4.99991243852612e-24,-0.309957691628058,0.273,0.178,1.24322822783952e-19,"TMEM30A","Higher_in_TotalCell",0.095
8.15249278452377e-23,-0.309418663712556,0.189,0.12,2.02711733087183e-18,"CLPX","Higher_in_TotalCell",0.069
4.27794407441328e-11,-0.309274884198959,0.115,0.079,1.06371079410286e-06,"RLIM","Higher_in_TotalCell",0.036
4.12143271832725e-22,-0.309264469591943,0.16,0.1,1.02479424541207e-17,"UXS1","Higher_in_TotalCell",0.06
3.3708765989034e-199,-0.309259556169418,0.997,0.999,8.38168466317332e-195,"RPS2","Higher_in_TotalCell",-0.002
2.78996733432415e-28,-0.308578258469486,0.13,0.073,6.937253776797e-24,"VSIG10","Higher_in_TotalCell",0.057
5.79377174957432e-17,-0.308422403052112,0.397,0.272,1.44062134553165e-12,"ZBTB8OS","Higher_in_TotalCell",0.125
1.81318680198415e-17,-0.307958560536168,0.102,0.063,4.5084889831336e-13,"RABL3","Higher_in_TotalCell",0.039
3.74177727160755e-29,-0.307724615349717,0.27,0.169,9.30392918585217e-25,"ABHD14B","Higher_in_TotalCell",0.101
4.98611010175087e-30,-0.30737579625806,0.185,0.11,1.23979627680035e-25,"LINC01003","Higher_in_TotalCell",0.075
6.28247030252085e-27,-0.307057535554854,0.143,0.083,1.56213624072181e-22,"AL392172.1","Higher_in_TotalCell",0.06
2.55344349526607e-22,-0.306639967112898,0.172,0.108,6.34913725097908e-18,"ELK4","Higher_in_TotalCell",0.064
4.34598886210191e-21,-0.306237749577368,0.212,0.138,1.08063013056164e-16,"CMTM7","Higher_in_TotalCell",0.074
3.69055953340633e-25,-0.306216893235753,0.161,0.097,9.17657627981484e-21,"LRRC8D","Higher_in_TotalCell",0.064
4.51252395231557e-19,-0.306156179957825,0.136,0.086,1.12203908074327e-14,"TMUB2","Higher_in_TotalCell",0.05
1.3999292359093e-22,-0.306084731935483,0.126,0.075,3.48092404508849e-18,"AP006621.3","Higher_in_TotalCell",0.051
1.09466274011749e-07,-0.305999057418323,0.83,0.685,0.00272187890330214,"TALDO1","Higher_in_TotalCell",0.145
1.90859104695505e-20,-0.305670769377287,0.134,0.083,4.74571163825373e-16,"CYBRD1","Higher_in_TotalCell",0.051
5.0804681690342e-15,-0.305345142671095,0.263,0.185,1.26325841023035e-10,"PLOD2","Higher_in_TotalCell",0.078
5.12807882842409e-18,-0.304114424913142,0.305,0.21,1.27509680068765e-13,"KIF22","Higher_in_TotalCell",0.095
1.53117555518371e-21,-0.303968825674419,0.132,0.08,3.80726801796429e-17,"CAMKMT","Higher_in_TotalCell",0.052
3.4486059729212e-20,-0.303968794415041,0.11,0.066,8.57495875166857e-16,"RREB1","Higher_in_TotalCell",0.044
5.09004490232171e-32,-0.303599759069596,0.207,0.125,1.26563966496229e-27,"PLOD1","Higher_in_TotalCell",0.082
2.83089047563379e-34,-0.303490573544789,0.14,0.076,7.03900916766341e-30,"DCAKD","Higher_in_TotalCell",0.064
8.81374376566574e-72,-0.302999276921615,0.979,0.985,2.19153738733279e-67,"MT-ND2","Higher_in_TotalCell",-0.00600000000000001
5.31092226905353e-19,-0.301790589839809,0.385,0.261,1.32056082220016e-14,"MED8","Higher_in_TotalCell",0.124
8.87537049335292e-20,-0.300932062046176,0.111,0.067,2.2068608731722e-15,"APOM","Higher_in_TotalCell",0.044
2.82072034659576e-22,-0.300674993371842,0.112,0.065,7.01372114181036e-18,"APTR","Higher_in_TotalCell",0.047
7.8664897281051e-08,-0.299887455635596,0.472,0.347,0.00195600267089333,"CDK2AP2","Higher_in_TotalCell",0.125
1.82695629502791e-07,-0.299738662604469,0.579,0.412,0.00454272682758689,"PSMC1","Higher_in_TotalCell",0.167
4.13511281628451e-09,-0.299510812270635,0.127,0.092,0.000102819580176914,"PSRC1","Higher_in_TotalCell",0.035
1.71596261777461e-25,-0.299472562246108,0.389,0.254,4.26674104909656e-21,"PYCR2","Higher_in_TotalCell",0.135
5.86626866447943e-29,-0.299357285855798,0.437,0.282,1.45864770342281e-24,"FNDC3B","Higher_in_TotalCell",0.155
6.4645180489744e-26,-0.299258028114271,0.341,0.22,1.60740241287749e-21,"ST20","Higher_in_TotalCell",0.121
1.7498278251376e-20,-0.299027334480066,0.155,0.098,4.35094688720464e-16,"TNFAIP1","Higher_in_TotalCell",0.057
8.11814884369789e-32,-0.298957994493233,0.245,0.149,2.01857770998548e-27,"ATP6V0E2","Higher_in_TotalCell",0.096
4.76804256807206e-19,-0.297932405898391,0.343,0.233,1.18557378455112e-14,"TMX2","Higher_in_TotalCell",0.11
8.37635465066047e-21,-0.297741314587218,0.231,0.152,2.08278058388673e-16,"UBE2F","Higher_in_TotalCell",0.079
5.85299267676494e-38,-0.297518245271491,0.193,0.109,1.4553466290776e-33,"NUDT19","Higher_in_TotalCell",0.084
8.68257620659005e-31,-0.297498891465602,0.315,0.198,2.15892257376861e-26,"ADD3","Higher_in_TotalCell",0.117
1.49024809826566e-14,-0.29710492341739,0.127,0.084,3.70550189633757e-10,"CLUAP1","Higher_in_TotalCell",0.043
4.51566283721172e-28,-0.297040842792068,0.252,0.159,1.12281956447269e-23,"ENDOV","Higher_in_TotalCell",0.093
9.02680042022401e-16,-0.296829008246797,0.483,0.329,2.2445139244887e-11,"PFDN6","Higher_in_TotalCell",0.154
1.07866450495245e-18,-0.296717493886544,0.466,0.313,2.68209929156426e-14,"RBMX2","Higher_in_TotalCell",0.153
7.4105994562218e-31,-0.296414811172542,0.295,0.185,1.84264555478955e-26,"RARS2","Higher_in_TotalCell",0.11
9.75856292007561e-24,-0.296200690248466,0.151,0.092,2.4264666700768e-19,"CSTF2","Higher_in_TotalCell",0.059
3.39025732741777e-24,-0.295785125093425,0.17,0.105,8.42987484462427e-20,"TMC6","Higher_in_TotalCell",0.065
4.09258111776091e-13,-0.295747440897682,0.916,0.873,1.01762029493125e-08,"JUN","Higher_in_TotalCell",0.043
1.56167937386304e-20,-0.29559051745695,0.134,0.083,3.88311576311045e-16,"BCR","Higher_in_TotalCell",0.051
6.4637125579474e-229,-0.295488189936876,0.996,0.995,1.60720212753362e-224,"RPS28","Higher_in_TotalCell",0.001
8.64108018562756e-24,-0.295144497758153,0.146,0.089,2.14860458815629e-19,"PEX26","Higher_in_TotalCell",0.057
1.49311122895195e-25,-0.294597720230535,0.276,0.178,3.71262107078901e-21,"SRP68","Higher_in_TotalCell",0.098
3.37940731223742e-25,-0.294571560118179,0.306,0.199,8.40289628187836e-21,"TES","Higher_in_TotalCell",0.107
2.94809585875689e-21,-0.294205790911192,0.199,0.129,7.33044035279901e-17,"NUDCD1","Higher_in_TotalCell",0.07
8.04198009317808e-20,-0.294200815209612,0.105,0.062,1.99963835016873e-15,"TFAP4","Higher_in_TotalCell",0.043
1.44272981417002e-20,-0.292829602464999,0.412,0.276,3.58734768293375e-16,"WDR61","Higher_in_TotalCell",0.136
4.69596554173131e-28,-0.292075649478446,0.201,0.123,1.16765183195149e-23,"ZMIZ1","Higher_in_TotalCell",0.078
4.66380272223956e-19,-0.291935007509222,0.487,0.33,1.15965454688487e-14,"WAC","Higher_in_TotalCell",0.157
3.26435375304964e-26,-0.291901695802824,0.362,0.236,8.11681560695793e-22,"C1orf52","Higher_in_TotalCell",0.126
2.02990326893264e-17,-0.291453972277349,0.1,0.061,5.047354478201e-13,"METTL2B","Higher_in_TotalCell",0.039
1.41943416774365e-19,-0.290975455465318,0.357,0.241,3.52942305809458e-15,"CCDC12","Higher_in_TotalCell",0.116
1.82348632622739e-13,-0.290877521608713,0.149,0.102,4.5340987501644e-09,"STX4","Higher_in_TotalCell",0.047
1.7226220753187e-17,-0.290514271110515,0.171,0.114,4.28329979027994e-13,"ZNF330","Higher_in_TotalCell",0.057
5.79840479995743e-35,-0.290349222930363,0.175,0.099,1.44177335350942e-30,"HMGN5","Higher_in_TotalCell",0.076
4.52386150851742e-17,-0.289857164506796,0.163,0.108,1.12485816409286e-12,"SHC1","Higher_in_TotalCell",0.055
1.26122060651021e-24,-0.28980919800501,0.195,0.122,3.13602503808764e-20,"MAP7","Higher_in_TotalCell",0.073
1.12378659187999e-24,-0.289779661002599,0.165,0.101,2.7942953607096e-20,"PEX16","Higher_in_TotalCell",0.064
1.32572227240664e-19,-0.289671350524467,0.146,0.093,3.29640843033911e-15,"SRRD","Higher_in_TotalCell",0.053
1.79460870714893e-23,-0.288391291976781,0.146,0.089,4.4622945503258e-19,"RITA1","Higher_in_TotalCell",0.057
4.38803815023939e-30,-0.287571746336213,0.425,0.271,1.09108568605703e-25,"MTF2","Higher_in_TotalCell",0.154
7.44041861834056e-30,-0.287376899757891,0.267,0.167,1.85006008945038e-25,"TULP3","Higher_in_TotalCell",0.1
7.0381214110723e-31,-0.287099555298701,0.153,0.087,1.75002888886313e-26,"GCFC2","Higher_in_TotalCell",0.066
3.18633819130791e-24,-0.286875548727953,0.333,0.22,7.92282991268711e-20,"RBBP6","Higher_in_TotalCell",0.113
2.71798258234461e-18,-0.286414138856261,0.122,0.076,6.75826369099986e-14,"CPTP","Higher_in_TotalCell",0.046
1.10033510901064e-09,-0.286364909761757,0.535,0.377,2.73598324855495e-05,"NAXE","Higher_in_TotalCell",0.158
1.00394166499637e-26,-0.285661533530408,0.285,0.183,2.49630095001348e-22,"APOPT1","Higher_in_TotalCell",0.102
1.38776869046362e-27,-0.285190911631531,0.295,0.189,3.45068684883779e-23,"SREK1IP1","Higher_in_TotalCell",0.106
1.75057057492102e-26,-0.284531019755492,0.919,0.825,4.35279373454113e-22,"ARPC5","Higher_in_TotalCell",0.0940000000000001
5.42458626803162e-19,-0.283973482251211,0.145,0.093,1.34882337554606e-14,"SLC37A3","Higher_in_TotalCell",0.052
1.54385287331545e-22,-0.283971205657732,0.125,0.074,3.83879016949888e-18,"KBTBD3","Higher_in_TotalCell",0.051
2.48259322849994e-18,-0.283931230089879,0.46,0.312,6.17296806266509e-14,"COMMD2","Higher_in_TotalCell",0.148
4.17881769715642e-29,-0.2838888743934,0.31,0.196,1.03906302039794e-24,"TIMM8A","Higher_in_TotalCell",0.114
1.97151740369064e-11,-0.283662768553339,0.453,0.32,4.90217802427678e-07,"RNF114","Higher_in_TotalCell",0.133
7.06619778175467e-24,-0.28326302458869,0.192,0.121,1.7570100784333e-19,"RAC3","Higher_in_TotalCell",0.071
1.10260505740577e-19,-0.282805822147588,0.107,0.064,2.74162747523945e-15,"POLE2","Higher_in_TotalCell",0.043
4.1685990986432e-30,-0.282734866358748,0.163,0.095,1.03652216587763e-25,"LPCAT2","Higher_in_TotalCell",0.068
3.27929491612295e-10,-0.28273108826927,0.214,0.157,8.15396680893971e-06,"SNHG9","Higher_in_TotalCell",0.057
6.90635386852326e-156,-0.282592513242256,0.993,0.991,1.71726488940831e-151,"RPS21","Higher_in_TotalCell",0.002
5.47908881322748e-20,-0.282028885708145,0.455,0.306,1.36237543340901e-15,"COPS3","Higher_in_TotalCell",0.149
5.00704002658963e-19,-0.281181161073888,0.127,0.079,1.24500050261151e-14,"SDHAF4","Higher_in_TotalCell",0.048
4.10526856266662e-17,-0.279770080537124,0.275,0.192,1.02077502810705e-12,"KLF4","Higher_in_TotalCell",0.083
2.02959474841514e-34,-0.279737486746619,0.312,0.191,5.04658734193424e-30,"TTC32","Higher_in_TotalCell",0.121
8.93040401168785e-26,-0.279728449835047,0.155,0.093,2.22054495750619e-21,"UBQLN4","Higher_in_TotalCell",0.062
1.1320667299169e-20,-0.279455596659627,0.413,0.277,2.81488392393838e-16,"POP4","Higher_in_TotalCell",0.136
2.43541329645016e-23,-0.279100821384135,0.378,0.252,6.05565516162333e-19,"TSEN15","Higher_in_TotalCell",0.126
1.20863596260934e-29,-0.279095076482399,0.182,0.109,3.00527332102812e-25,"ZBTB7B","Higher_in_TotalCell",0.073
5.2115978364865e-18,-0.278656995239106,0.336,0.23,1.29586380204237e-13,"SSSCA1","Higher_in_TotalCell",0.106
3.95858656063863e-29,-0.2784735157228,0.344,0.219,9.84302548302796e-25,"RNASEH2B","Higher_in_TotalCell",0.125
6.33634825519356e-39,-0.278276484811226,0.961,0.905,1.57553299365388e-34,"PABPC1","Higher_in_TotalCell",0.0559999999999999
2.56148462460036e-18,-0.278049343399168,0.127,0.079,6.36913151906879e-14,"INTS13","Higher_in_TotalCell",0.048
3.11000020812048e-26,-0.277895150946046,0.186,0.114,7.73301551749158e-22,"LRRC47","Higher_in_TotalCell",0.072
8.13782138804468e-08,-0.276183549376497,0.599,0.427,0.00202346928813731,"MRPL21","Higher_in_TotalCell",0.172
8.36736741154239e-23,-0.275398831586779,0.304,0.201,2.08054590688002e-18,"ELOVL1","Higher_in_TotalCell",0.103
7.13874453298492e-24,-0.27487200049566,0.261,0.169,1.7750488281267e-19,"ATP2C1","Higher_in_TotalCell",0.092
1.95734126568593e-24,-0.274808832904232,0.137,0.081,4.86692905712807e-20,"ZCCHC8","Higher_in_TotalCell",0.056
2.27019191498098e-30,-0.273774527965904,0.26,0.162,5.64483219660019e-26,"WAPL","Higher_in_TotalCell",0.098
7.33070977269264e-27,-0.273141973634062,0.317,0.206,1.82278098498003e-22,"LDLR","Higher_in_TotalCell",0.111
1.96244311610146e-27,-0.272983119412034,0.16,0.095,4.87961480818628e-23,"C11orf54","Higher_in_TotalCell",0.065
2.10474498471045e-34,-0.272845697461436,0.263,0.159,5.23344840448253e-30,"MED31","Higher_in_TotalCell",0.104
8.75263505906957e-29,-0.272728812401651,0.191,0.116,2.17634270743765e-24,"RASAL2","Higher_in_TotalCell",0.075
2.87044783726603e-16,-0.27271258786625,0.118,0.075,7.13736854736199e-12,"AL441992.1","Higher_in_TotalCell",0.043
1.3202716359626e-19,-0.272458640828657,0.136,0.086,3.28285542282101e-15,"MASTL","Higher_in_TotalCell",0.05
3.98908484275165e-24,-0.272226173539389,0.159,0.097,9.91885946150197e-20,"KYAT3","Higher_in_TotalCell",0.062
1.54898826800249e-18,-0.271479212594609,0.115,0.071,3.85155932838819e-14,"MED14","Higher_in_TotalCell",0.044
3.60254766961994e-18,-0.271077134860419,0.137,0.087,8.95773478050997e-14,"MAPK8","Higher_in_TotalCell",0.05
6.06027292368239e-34,-0.2706507860019,0.276,0.169,1.50688686247363e-29,"CCDC137","Higher_in_TotalCell",0.107
7.59269216207542e-28,-0.269383764656345,0.109,0.059,1.88792290610005e-23,"LINC01290","Higher_in_TotalCell",0.05
1.33424579396901e-28,-0.269153493579589,0.177,0.106,3.31760216670395e-24,"FBXO21","Higher_in_TotalCell",0.071
1.44341466816953e-26,-0.268645152935443,0.311,0.2,3.58905057240353e-22,"STAP2","Higher_in_TotalCell",0.111
2.8553480108137e-12,-0.268334516203207,0.552,0.386,7.09982282888825e-08,"MRPS10","Higher_in_TotalCell",0.166
6.71004457431922e-20,-0.267052903592985,0.148,0.093,1.66845258340447e-15,"GSKIP","Higher_in_TotalCell",0.055
6.59956960900835e-08,-0.266989195559121,0.662,0.463,0.00164098298327993,"METTL9","Higher_in_TotalCell",0.199
9.04647606022482e-30,-0.26698704129944,0.396,0.252,2.2494062723749e-25,"ABT1","Higher_in_TotalCell",0.144
3.70515629364858e-31,-0.266032706756782,0.193,0.115,9.21287112415718e-27,"ATXN3","Higher_in_TotalCell",0.078
3.52508095292912e-09,-0.265484290507656,0.923,0.8,8.76511378945825e-05,"MGST1","Higher_in_TotalCell",0.123
1.03412859629944e-25,-0.26537243767751,0.458,0.3,2.57136075469857e-21,"PMF1","Higher_in_TotalCell",0.158
3.22771950561555e-26,-0.265190643964088,0.305,0.197,8.02572455071307e-22,"FAM104A","Higher_in_TotalCell",0.108
4.91550352969941e-23,-0.264878066686358,0.174,0.109,1.22223995265976e-18,"STYX","Higher_in_TotalCell",0.065
3.84749405768765e-27,-0.264764042285674,0.178,0.107,9.56679397444034e-23,"CEP95","Higher_in_TotalCell",0.071
5.65177570621153e-15,-0.264746531575235,0.109,0.07,1.4053140293495e-10,"P3H1","Higher_in_TotalCell",0.039
1.72545348956958e-31,-0.264419931039314,0.24,0.147,4.29034010181476e-27,"PLAA","Higher_in_TotalCell",0.093
1.10548795207069e-14,-0.264373517802401,0.587,0.401,2.74879579282376e-10,"MPHOSPH8","Higher_in_TotalCell",0.186
1.78838348594621e-40,-0.264280546914941,0.29,0.171,4.44681553780524e-36,"SSX2IP","Higher_in_TotalCell",0.119
1.6039426435106e-37,-0.262826173572473,0.257,0.152,3.98820338308911e-33,"CNOT9","Higher_in_TotalCell",0.105
6.81867499170995e-35,-0.262114622022301,0.333,0.206,1.69546353668868e-30,"FLYWCH2","Higher_in_TotalCell",0.127
1.59556385576556e-23,-0.262108232153283,0.46,0.303,3.96736952736107e-19,"RAP1A","Higher_in_TotalCell",0.157
6.39641807886094e-23,-0.261821648673349,0.202,0.129,1.59046935530877e-18,"ME2","Higher_in_TotalCell",0.073
3.60163059764707e-22,-0.26178847672326,0.144,0.089,8.95545448104944e-18,"KDM5C","Higher_in_TotalCell",0.055
6.15014018650439e-23,-0.261044563909362,0.276,0.182,1.52923235737432e-18,"AKIRIN2","Higher_in_TotalCell",0.094
1.36718476381345e-20,-0.260977287013366,0.48,0.318,3.39950491522214e-16,"UQCRC1","Higher_in_TotalCell",0.162
1.03607505847612e-23,-0.260550386516476,0.119,0.069,2.57620063290086e-19,"SOS2","Higher_in_TotalCell",0.05
1.59179383278172e-33,-0.260360070933384,0.316,0.196,3.95799536521173e-29,"CYB561","Higher_in_TotalCell",0.12
1.75761475216112e-17,-0.260212291981408,0.118,0.074,4.37030908124864e-13,"FAM229B","Higher_in_TotalCell",0.044
4.1497279116994e-28,-0.260179031708542,0.163,0.097,1.03182984524406e-23,"BICD2","Higher_in_TotalCell",0.066
4.39545788218634e-16,-0.259391368156706,0.172,0.117,1.09293060240563e-11,"TCF7L1","Higher_in_TotalCell",0.055
1.75604226341016e-28,-0.257222978437465,0.307,0.196,4.36639908796936e-24,"RRP15","Higher_in_TotalCell",0.111
9.81217484062496e-29,-0.257157461492638,0.176,0.105,2.4397972741214e-24,"YAE1D1","Higher_in_TotalCell",0.071
1.75369795972507e-24,-0.256850126770734,0.434,0.286,4.36056997685639e-20,"LYRM2","Higher_in_TotalCell",0.148
2.14554891072336e-29,-0.255562998034003,0.295,0.186,5.33490736651364e-25,"RRP36","Higher_in_TotalCell",0.109
1.26718723927656e-38,-0.254376617701728,0.316,0.19,3.15086107046117e-34,"GFOD1","Higher_in_TotalCell",0.126
1.32477830397511e-23,-0.254322209912763,0.208,0.133,3.29406125283411e-19,"CHPF","Higher_in_TotalCell",0.075
1.11867505010394e-22,-0.254100803882926,0.146,0.09,2.78158551208344e-18,"ARFGEF1","Higher_in_TotalCell",0.056
4.30800762499264e-25,-0.253723949816542,0.497,0.324,1.07118609595442e-20,"PABPN1","Higher_in_TotalCell",0.173
2.18281183927879e-17,-0.253217337491491,0.123,0.078,5.4275616383667e-13,"STARD3","Higher_in_TotalCell",0.045
4.40452405294132e-34,-0.252107224350456,0.284,0.175,1.09518490576386e-29,"CENPV","Higher_in_TotalCell",0.109
1.66541911330273e-14,-0.252030154506573,0.585,0.401,4.14106462522724e-10,"MRPL32","Higher_in_TotalCell",0.184
5.52962352680562e-32,-0.251968197812411,0.242,0.148,1.37494088994022e-27,"CCDC88A","Higher_in_TotalCell",0.094
6.16878594349015e-27,-0.251798971025521,0.193,0.119,1.53386862484883e-22,"FAM20B","Higher_in_TotalCell",0.074
2.47166985166753e-16,-0.250894497919382,0.1,0.062,6.14580708617132e-12,"RNGTT","Higher_in_TotalCell",0.038
3.96157880354926e-34,-0.250805831471865,0.204,0.12,9.85046569502523e-30,"KTI12","Higher_in_TotalCell",0.084
3.24433396752621e-27,-0.25069582567901,0.159,0.095,8.06703641025392e-23,"C15orf40","Higher_in_TotalCell",0.064
1.02725320153103e-20,-0.250567082580615,0.959,0.895,2.55426508560691e-16,"TMA7","Higher_in_TotalCell",0.0639999999999999
5.01196884750416e-29,-0.250435032326148,0.408,0.263,1.24622605393191e-24,"SUCLG2","Higher_in_TotalCell",0.145
8.33773712388384e-36,-0.250145252565651,0.417,0.26,2.07317833585372e-31,"SLC44A1","Higher_in_TotalCell",0.157
