"p_val","avg_log2FC","pct.1","pct.2","p_val_adj","gene","DEG_direction","delta_pct"
0,11.800770391276,0.248,0,0,"LINC02562","Higher_in_BRCA1_tumour",0.248
0,9.78018448445174,0.601,0.001,0,"CALML3","Higher_in_BRCA1_tumour",0.6
0,7.1040792417094,0.216,0.001,0,"CHST1","Higher_in_BRCA1_tumour",0.215
0,6.87861557086008,0.414,0.002,0,"RASIP1","Higher_in_BRCA1_tumour",0.412
0,6.61058946072835,0.139,0.001,0,"CHL1","Higher_in_BRCA1_tumour",0.138
0,6.51802215534215,0.401,0.003,0,"FAM178B","Higher_in_BRCA1_tumour",0.398
0,6.18627724775614,0.12,0.001,0,"MECOM","Higher_in_BRCA1_tumour",0.119
0,6.02801133812665,0.141,0.001,0,"WNT5B","Higher_in_BRCA1_tumour",0.14
0,5.84613566899312,0.104,0.001,0,"ZNF98","Higher_in_BRCA1_tumour",0.103
0,5.77292657513277,0.777,0.018,0,"VCAN","Higher_in_BRCA1_tumour",0.759
0,5.64089500744315,0.115,0.001,0,"ENPEP","Higher_in_BRCA1_tumour",0.114
0,5.56870217884055,0.154,0.002,0,"APCDD1L","Higher_in_BRCA1_tumour",0.152
0,5.55366885136225,0.251,0.004,0,"HOXB2","Higher_in_BRCA1_tumour",0.247
1.28468720002441e-313,5.44308123872115,0.101,0.001,3.19437472286069e-309,"SKAP1","Higher_in_BRCA1_tumour",0.1
0,5.42576295405276,0.224,0.004,0,"EMB","Higher_in_BRCA1_tumour",0.22
0,5.11737100756085,0.19,0.004,0,"USH1C","Higher_in_BRCA1_tumour",0.186
0,5.11433526839637,0.108,0.002,0,"PLAGL1","Higher_in_BRCA1_tumour",0.106
0,5.0696484991392,0.567,0.021,0,"CXCL14","Higher_in_BRCA1_tumour",0.546
0,5.06355095501477,0.313,0.007,0,"DLGAP1","Higher_in_BRCA1_tumour",0.306
0,5.04611914939772,0.863,0.108,0,"IGFBP5","Higher_in_BRCA1_tumour",0.755
0,5.04382878765841,0.111,0.001,0,"HOXB3","Higher_in_BRCA1_tumour",0.11
0,5.03903167157891,0.359,0.01,0,"SERPINB6","Higher_in_BRCA1_tumour",0.349
0,5.03022471716619,0.29,0.011,0,"ALDH1A1","Higher_in_BRCA1_tumour",0.279
0,5.00557595630501,0.12,0.004,0,"BEST4","Higher_in_BRCA1_tumour",0.116
0,4.86099421827207,0.136,0.004,0,"FZD2","Higher_in_BRCA1_tumour",0.132
0,4.83421459376988,0.199,0.005,0,"LRRC34","Higher_in_BRCA1_tumour",0.194
0,4.56155050530356,0.567,0.018,0,"SELENOP","Higher_in_BRCA1_tumour",0.549
0,4.40960138960434,0.153,0.004,0,"ADGRV1","Higher_in_BRCA1_tumour",0.149
0,4.39295495338076,0.267,0.011,0,"GPR160","Higher_in_BRCA1_tumour",0.256
0,4.32197985878146,0.154,0.005,0,"HOXB7","Higher_in_BRCA1_tumour",0.149
0,4.26968375266441,0.359,0.016,0,"GJA1","Higher_in_BRCA1_tumour",0.343
0,4.26345019197974,0.629,0.032,0,"BASP1","Higher_in_BRCA1_tumour",0.597
0,4.25289362295965,0.206,0.009,0,"PIK3CD-AS2","Higher_in_BRCA1_tumour",0.197
0,4.24924948270263,0.137,0.005,0,"CMYA5","Higher_in_BRCA1_tumour",0.132
0,4.22414056229736,0.259,0.012,0,"GPX3","Higher_in_BRCA1_tumour",0.247
0,4.1968483248216,0.142,0.008,0,"AL139393.2","Higher_in_BRCA1_tumour",0.134
0,4.19639935183697,0.445,0.015,0,"CHST9","Higher_in_BRCA1_tumour",0.43
0,4.19582056030307,0.497,0.023,0,"SNRPN","Higher_in_BRCA1_tumour",0.474
0,4.18748986354131,0.33,0.022,0,"RBP4","Higher_in_BRCA1_tumour",0.308
0,4.12446168789277,0.365,0.015,0,"ASPG","Higher_in_BRCA1_tumour",0.35
0,3.93083964236857,0.127,0.005,0,"SLURP1","Higher_in_BRCA1_tumour",0.122
0,3.92802524109522,0.187,0.008,0,"PYGL","Higher_in_BRCA1_tumour",0.179
0,3.85558724808599,0.187,0.01,0,"CCDC8","Higher_in_BRCA1_tumour",0.177
0,3.84597037123436,0.195,0.008,0,"ATP11C","Higher_in_BRCA1_tumour",0.187
0,3.80874065662552,0.426,0.024,0,"HSD17B1","Higher_in_BRCA1_tumour",0.402
1.82642811123001e-291,3.7902849459694,0.106,0.004,4.54141349857342e-287,"GULP1","Higher_in_BRCA1_tumour",0.102
0,3.72401107840508,0.305,0.017,0,"GMPR","Higher_in_BRCA1_tumour",0.288
0,3.6821641724438,0.204,0.009,0,"MAPT","Higher_in_BRCA1_tumour",0.195
0,3.65370930784124,0.533,0.051,0,"HEY1","Higher_in_BRCA1_tumour",0.482
0,3.64537685952516,0.141,0.006,0,"RASL10A","Higher_in_BRCA1_tumour",0.135
0,3.63665896242923,0.187,0.011,0,"SLC40A1","Higher_in_BRCA1_tumour",0.176
2.17424576178661e-288,3.63400752951491,0.105,0.004,5.40626208668241e-284,"PARP8","Higher_in_BRCA1_tumour",0.101
0,3.617234691494,0.39,0.022,0,"MXRA8","Higher_in_BRCA1_tumour",0.368
0,3.58424643060963,0.228,0.014,0,"C6orf141","Higher_in_BRCA1_tumour",0.214
0,3.51976217036929,0.883,0.127,0,"S100A1","Higher_in_BRCA1_tumour",0.756
3.10301197788672e-309,3.50102669506183,0.113,0.005,7.71563928301532e-305,"NUAK1","Higher_in_BRCA1_tumour",0.108
0,3.48433298171077,0.607,0.057,0,"NPW","Higher_in_BRCA1_tumour",0.55
0,3.47701107626931,0.192,0.009,0,"GATD3A","Higher_in_BRCA1_tumour",0.183
0,3.46388748993943,0.436,0.027,0,"KIT","Higher_in_BRCA1_tumour",0.409
0,3.43101269087738,0.836,0.102,0,"TUBA1A","Higher_in_BRCA1_tumour",0.734
0,3.41523363459024,0.183,0.014,0,"SPART","Higher_in_BRCA1_tumour",0.169
2.82714323886529e-264,3.40239105289866,0.103,0.006,7.02969166343855e-260,"POMC","Higher_in_BRCA1_tumour",0.097
3.95252516672997e-323,3.32607693624421,0.136,0.01,9.82795382707408e-319,"CYP1B1","Higher_in_BRCA1_tumour",0.126
0,3.25789815325341,0.262,0.017,0,"MARC1","Higher_in_BRCA1_tumour",0.245
0,3.24981525204685,0.536,0.037,0,"FXYD6","Higher_in_BRCA1_tumour",0.499
0,3.24627947258689,0.229,0.017,0,"GPX8","Higher_in_BRCA1_tumour",0.212
0,3.19675553154526,0.129,0.008,0,"KCNC3","Higher_in_BRCA1_tumour",0.121
5.73116149175846e-322,3.19615774094257,0.138,0.011,1.42505330492574e-317,"ARL9","Higher_in_BRCA1_tumour",0.127
0,3.18039308176751,0.249,0.019,0,"PLTP","Higher_in_BRCA1_tumour",0.23
0,3.17586665848685,0.512,0.044,0,"SELENBP1","Higher_in_BRCA1_tumour",0.468
0,3.16380553388541,0.418,0.035,0,"NES","Higher_in_BRCA1_tumour",0.383
0,3.15283564304991,0.385,0.031,0,"TMC4","Higher_in_BRCA1_tumour",0.354
0,3.14921551427936,0.283,0.019,0,"EXPH5","Higher_in_BRCA1_tumour",0.264
0,3.07275733503255,0.157,0.013,0,"NRN1","Higher_in_BRCA1_tumour",0.144
8.50186487177203e-228,3.07185784037222,0.102,0.009,2.11398870036612e-223,"EPB41L2","Higher_in_BRCA1_tumour",0.093
5.92878775009496e-323,3.0399321470144,0.136,0.01,1.47419307406111e-318,"PLEKHG4B","Higher_in_BRCA1_tumour",0.126
0,2.99922956750893,0.644,0.071,0,"SIX1","Higher_in_BRCA1_tumour",0.573
0,2.99653820404611,0.153,0.011,0,"ZNF708","Higher_in_BRCA1_tumour",0.142
0,2.98372062430679,0.841,0.166,0,"TCTEX1D2","Higher_in_BRCA1_tumour",0.675
0,2.96064569238133,0.179,0.014,0,"AC011247.1","Higher_in_BRCA1_tumour",0.165
0,2.94464998059201,0.622,0.071,0,"HEXIM1","Higher_in_BRCA1_tumour",0.551
1.74553012708734e-265,2.92153191206109,0.111,0.008,4.34026066100266e-261,"HOXA9","Higher_in_BRCA1_tumour",0.103
0,2.90888037985415,0.867,0.253,0,"TTYH1","Higher_in_BRCA1_tumour",0.614
0,2.89303506107615,0.515,0.056,0,"LRRC59","Higher_in_BRCA1_tumour",0.459
2.73812352439364e-256,2.89058724921355,0.117,0.011,6.8083441434048e-252,"MAP9","Higher_in_BRCA1_tumour",0.106
2.7850709969445e-293,2.81911732729785,0.128,0.01,6.92507903390251e-289,"ACSL4","Higher_in_BRCA1_tumour",0.118
0,2.80234527991588,0.219,0.018,0,"THBS3","Higher_in_BRCA1_tumour",0.201
0,2.79899679334354,0.246,0.021,0,"SPACA6","Higher_in_BRCA1_tumour",0.225
0,2.75683838091484,0.146,0.012,0,"LINC00461","Higher_in_BRCA1_tumour",0.134
9.2434533905084e-313,2.75152959672183,0.134,0.01,2.29838468554991e-308,"DTX3","Higher_in_BRCA1_tumour",0.124
6.35600842685161e-244,2.74164226231658,0.122,0.014,1.58042149533665e-239,"RRAS2","Higher_in_BRCA1_tumour",0.108
5.32470564650895e-262,2.73935765194897,0.125,0.013,1.32398805900445e-257,"C5orf38","Higher_in_BRCA1_tumour",0.112
1.67495058903949e-314,2.72886332174214,0.144,0.013,4.16476463964669e-310,"ADAMTS1","Higher_in_BRCA1_tumour",0.131
0,2.71157776613071,0.286,0.026,0,"KDELC2","Higher_in_BRCA1_tumour",0.26
0,2.70458160943158,0.499,0.073,0,"CADM1","Higher_in_BRCA1_tumour",0.426
0,2.7023681078521,0.503,0.054,0,"MEX3A","Higher_in_BRCA1_tumour",0.449
0,2.68457725461934,0.16,0.016,0,"LINC01006","Higher_in_BRCA1_tumour",0.144
8.15257507121943e-269,2.67536855634499,0.122,0.011,2.02713779145871e-264,"ZNF8","Higher_in_BRCA1_tumour",0.111
0,2.67250093361824,0.551,0.084,0,"ATF5","Higher_in_BRCA1_tumour",0.467
0,2.66873905579523,0.37,0.041,0,"TM7SF2","Higher_in_BRCA1_tumour",0.329
0,2.66866530736307,0.278,0.024,0,"SORL1","Higher_in_BRCA1_tumour",0.254
0,2.65606901546542,0.338,0.032,0,"SPPL3","Higher_in_BRCA1_tumour",0.306
0,2.65241402678201,0.355,0.042,0,"HSPA2","Higher_in_BRCA1_tumour",0.313
0,2.64030018899036,0.603,0.077,0,"YBEY","Higher_in_BRCA1_tumour",0.526
0,2.63062261363852,0.53,0.069,0,"SHKBP1","Higher_in_BRCA1_tumour",0.461
0,2.61369910486242,0.148,0.013,0,"CDA","Higher_in_BRCA1_tumour",0.135
0,2.60758974255216,0.692,0.09,0,"CRABP1","Higher_in_BRCA1_tumour",0.602
0,2.59207724934898,0.465,0.055,0,"FUNDC1","Higher_in_BRCA1_tumour",0.41
0,2.59160714156855,0.586,0.088,0,"MYADM","Higher_in_BRCA1_tumour",0.498
0,2.57685275252329,0.522,0.15,0,"ISG15","Higher_in_BRCA1_tumour",0.372
0,2.56351160035076,0.252,0.023,0,"BX284668.5","Higher_in_BRCA1_tumour",0.229
2.04942302387479e-246,2.55184691266004,0.11,0.01,5.09589034886466e-242,"AP006623.1","Higher_in_BRCA1_tumour",0.1
2.87295655526675e-313,2.54537290782658,0.143,0.013,7.14360647467078e-309,"GDF11","Higher_in_BRCA1_tumour",0.13
0,2.54499779758533,0.214,0.022,0,"HSPB2","Higher_in_BRCA1_tumour",0.192
0,2.52914575418505,0.156,0.014,0,"ZNF675","Higher_in_BRCA1_tumour",0.142
0,2.51801209520542,0.552,0.091,0,"FAM3B","Higher_in_BRCA1_tumour",0.461
0,2.51489095532688,0.544,0.083,0,"ZNF581","Higher_in_BRCA1_tumour",0.461
0,2.51084436628847,0.926,0.458,0,"TSEN34","Higher_in_BRCA1_tumour",0.468
0,2.51055971685402,0.457,0.058,0,"LTBP4","Higher_in_BRCA1_tumour",0.399
0,2.50713191600025,0.958,0.294,0,"MGP","Higher_in_BRCA1_tumour",0.664
0,2.50686174274486,0.39,0.05,0,"MME","Higher_in_BRCA1_tumour",0.34
0,2.4981346336482,0.395,0.045,0,"ATXN7L3B","Higher_in_BRCA1_tumour",0.35
0,2.49079798436124,0.495,0.073,0,"SH3BGR","Higher_in_BRCA1_tumour",0.422
0,2.47973702580357,0.185,0.017,0,"ATP6V0A4","Higher_in_BRCA1_tumour",0.168
3.84776087035604e-233,2.46558582351187,0.113,0.012,9.5674574041403e-229,"TJP3","Higher_in_BRCA1_tumour",0.101
7.14971800358258e-204,2.44555895892644,0.103,0.012,1.77777738159081e-199,"MCOLN3","Higher_in_BRCA1_tumour",0.091
0,2.44362457077544,0.336,0.04,0,"PRIM1","Higher_in_BRCA1_tumour",0.296
0,2.44296859816188,0.264,0.035,0,"MX2","Higher_in_BRCA1_tumour",0.229
0,2.43321482762519,0.206,0.021,0,"APC","Higher_in_BRCA1_tumour",0.185
0,2.42540789722193,0.998,0.976,0,"RPL28","Higher_in_BRCA1_tumour",0.022
0,2.42277316210535,0.411,0.056,0,"ISYNA1","Higher_in_BRCA1_tumour",0.355
0,2.41887374740493,0.772,0.164,0,"NFIX","Higher_in_BRCA1_tumour",0.608
0,2.41450273480211,0.168,0.016,0,"YJEFN3","Higher_in_BRCA1_tumour",0.152
0,2.41135979060226,0.591,0.092,0,"RHOBTB3","Higher_in_BRCA1_tumour",0.499
1.24337688649772e-257,2.40854384585284,0.126,0.014,3.09165662827658e-253,"SOX11","Higher_in_BRCA1_tumour",0.112
0,2.40746033851476,0.259,0.032,0,"HPN","Higher_in_BRCA1_tumour",0.227
7.97130075114498e-236,2.40087570136621,0.129,0.017,1.9820639317722e-231,"FXYD1","Higher_in_BRCA1_tumour",0.112
0,2.39260925222853,0.197,0.023,0,"COL18A1","Higher_in_BRCA1_tumour",0.174
1.27698461983859e-295,2.39025926582419,0.136,0.013,3.17522225722865e-291,"LINC01473","Higher_in_BRCA1_tumour",0.123
0,2.38713233983049,0.191,0.021,0,"NBAS","Higher_in_BRCA1_tumour",0.17
0,2.38536442261829,0.215,0.023,0,"IFT81","Higher_in_BRCA1_tumour",0.192
4.91231900363208e-289,2.37539083675211,0.14,0.015,1.22144812025312e-284,"B9D2","Higher_in_BRCA1_tumour",0.125
5.39896733207347e-287,2.37331833897508,0.14,0.015,1.34245322712007e-282,"ADGRG6","Higher_in_BRCA1_tumour",0.125
0,2.36462774591319,0.169,0.017,0,"HEXIM2","Higher_in_BRCA1_tumour",0.152
0,2.35487533640317,0.181,0.023,0,"NEFH","Higher_in_BRCA1_tumour",0.158
3.41009936509671e-232,2.33855600392411,0.228,0.065,8.47921207131298e-228,"TF","Higher_in_BRCA1_tumour",0.163
0,2.33266466852945,0.199,0.023,0,"SELENOI","Higher_in_BRCA1_tumour",0.176
0,2.32285358876376,0.401,0.044,0,"TNIK","Higher_in_BRCA1_tumour",0.357
0,2.31589554097328,0.976,0.691,0,"CD63","Higher_in_BRCA1_tumour",0.285
0,2.31400525743468,0.187,0.02,0,"ZSCAN5A","Higher_in_BRCA1_tumour",0.167
0,2.31385800327826,0.718,0.141,0,"HADHB","Higher_in_BRCA1_tumour",0.577
4.11714515050092e-252,2.30702183141082,0.137,0.018,1.02372814167205e-247,"ECI2","Higher_in_BRCA1_tumour",0.119
0,2.30678461413621,0.69,0.131,0,"PTRHD1","Higher_in_BRCA1_tumour",0.559
1.43651106248574e-246,2.30318364588189,0.133,0.017,3.57188475687079e-242,"CLMP","Higher_in_BRCA1_tumour",0.116
0,2.29264857006903,0.231,0.027,0,"FMNL2","Higher_in_BRCA1_tumour",0.204
0,2.2906239398667,0.315,0.073,0,"CA2","Higher_in_BRCA1_tumour",0.242
0,2.28769188316881,0.417,0.055,0,"ALDH16A1","Higher_in_BRCA1_tumour",0.362
0,2.27940274234589,0.338,0.046,0,"SYNE4","Higher_in_BRCA1_tumour",0.292
0,2.27470566290784,0.17,0.019,0,"ANXA2R","Higher_in_BRCA1_tumour",0.151
0,2.27246439062672,0.431,0.059,0,"CACNA1A","Higher_in_BRCA1_tumour",0.372
4.67311009416683e-262,2.26578400217132,0.15,0.022,1.16196882491458e-257,"CNTD2","Higher_in_BRCA1_tumour",0.128
0,2.25404013655749,0.175,0.02,0,"EVI5","Higher_in_BRCA1_tumour",0.155
0,2.2475620887268,0.696,0.137,0,"HADHA","Higher_in_BRCA1_tumour",0.559
0,2.24511362348514,0.697,0.117,0,"AZGP1","Higher_in_BRCA1_tumour",0.58
0,2.24180373419639,0.186,0.02,0,"ELOVL4","Higher_in_BRCA1_tumour",0.166
6.6533076778408e-249,2.23933136380824,0.133,0.017,1.65434495409511e-244,"ERVK3-1","Higher_in_BRCA1_tumour",0.116
0,2.23566873701821,0.178,0.021,0,"A2ML1","Higher_in_BRCA1_tumour",0.157
0,2.23442106607018,0.275,0.033,0,"CLDN8","Higher_in_BRCA1_tumour",0.242
0,2.22995292052284,0.92,0.369,0,"ABRACL","Higher_in_BRCA1_tumour",0.551
2.92910903125256e-235,2.21919734391216,0.124,0.015,7.2832296062095e-231,"CCDC106","Higher_in_BRCA1_tumour",0.109
1.07664510321434e-199,2.21442155829806,0.11,0.015,2.67707804914246e-195,"CCL28","Higher_in_BRCA1_tumour",0.095
0,2.20258880822093,0.442,0.054,0,"ELF5","Higher_in_BRCA1_tumour",0.388
0,2.19944926496757,0.997,0.984,0,"RPS23","Higher_in_BRCA1_tumour",0.013
0,2.19835269171306,0.472,0.086,0,"FBXO2","Higher_in_BRCA1_tumour",0.386
0,2.19801765684858,0.483,0.076,0,"SRPRA","Higher_in_BRCA1_tumour",0.407
0,2.19008090624282,0.951,0.459,0,"VIM","Higher_in_BRCA1_tumour",0.492
0,2.18947776231623,0.389,0.062,0,"PPP1R1B","Higher_in_BRCA1_tumour",0.327
0,2.15551833977123,0.994,0.976,0,"RPS5","Higher_in_BRCA1_tumour",0.018
0,2.15272233092189,0.354,0.051,0,"DDX10","Higher_in_BRCA1_tumour",0.303
0,2.15261865438965,0.237,0.03,0,"MORC4","Higher_in_BRCA1_tumour",0.207
1.40406392280022e-226,2.15104158728867,0.115,0.013,3.49120494404275e-222,"ZNF837","Higher_in_BRCA1_tumour",0.102
0,2.14843908786149,0.22,0.032,0,"FKBP7","Higher_in_BRCA1_tumour",0.188
1.14297344300237e-210,2.14807347441885,0.12,0.017,2.8420034660254e-206,"ALDH1L2","Higher_in_BRCA1_tumour",0.103
0,2.1475996179863,0.503,0.069,0,"EFHD1","Higher_in_BRCA1_tumour",0.434
2.23503991459765e-199,2.14170459487498,0.102,0.012,5.55742674764706e-195,"GEN1","Higher_in_BRCA1_tumour",0.09
9.4123809289e-259,2.14149600209788,0.138,0.017,2.34038851797099e-254,"PHLDB1","Higher_in_BRCA1_tumour",0.121
0,2.13946155330046,0.567,0.106,0,"EPB41L4A-AS1","Higher_in_BRCA1_tumour",0.461
0,2.11938652715254,0.557,0.101,0,"G3BP2","Higher_in_BRCA1_tumour",0.456
0,2.11929651344969,0.348,0.052,0,"AMMECR1","Higher_in_BRCA1_tumour",0.296
0,2.11164431593839,0.805,0.221,0,"PIGP","Higher_in_BRCA1_tumour",0.584
6.50982977449401e-238,2.10818921283588,0.125,0.015,1.61866917342794e-233,"HID1","Higher_in_BRCA1_tumour",0.11
0,2.10700656736057,0.737,0.175,0,"GTPBP4","Higher_in_BRCA1_tumour",0.562
0,2.1018409075596,0.918,0.351,0,"SNHG8","Higher_in_BRCA1_tumour",0.567
0,2.10077819046561,0.912,0.358,0,"TTC3","Higher_in_BRCA1_tumour",0.554
0,2.10065283077397,0.967,0.679,0,"KRT8","Higher_in_BRCA1_tumour",0.288
0,2.09777494236043,0.398,0.062,0,"QPRT","Higher_in_BRCA1_tumour",0.336
0,2.09724914914944,0.791,0.21,0,"EIF4B","Higher_in_BRCA1_tumour",0.581
4.78643585767883e-201,2.09071361692969,0.116,0.017,1.19014727601184e-196,"ADGRE5","Higher_in_BRCA1_tumour",0.099
0,2.08668850215629,0.623,0.122,0,"NET1","Higher_in_BRCA1_tumour",0.501
0,2.08376580805818,0.202,0.029,0,"CYB561D2","Higher_in_BRCA1_tumour",0.173
0,2.08166134214779,0.247,0.031,0,"ANKRD36C","Higher_in_BRCA1_tumour",0.216
0,2.07671567421546,0.977,0.728,0,"EEF1B2","Higher_in_BRCA1_tumour",0.249
0,2.0733741766077,0.232,0.03,0,"ANKRD36","Higher_in_BRCA1_tumour",0.202
9.44981159685991e-298,2.07230572745236,0.158,0.02,2.34969565355922e-293,"KCNK7","Higher_in_BRCA1_tumour",0.138
0,2.07076990767909,0.423,0.066,0,"H2AFY2","Higher_in_BRCA1_tumour",0.357
0,2.06724524236449,0.262,0.034,0,"TFB1M","Higher_in_BRCA1_tumour",0.228
0,2.05942592775027,0.199,0.026,0,"MAPK10","Higher_in_BRCA1_tumour",0.173
0,2.05414771898779,0.36,0.053,0,"ZNF83","Higher_in_BRCA1_tumour",0.307
0,2.05390863749463,0.391,0.056,0,"NPDC1","Higher_in_BRCA1_tumour",0.335
1.91066012967951e-223,2.05351874208146,0.133,0.02,4.75085641244811e-219,"NAAA","Higher_in_BRCA1_tumour",0.113
2.30307258219196e-272,2.04638857918366,0.147,0.019,5.7265899756203e-268,"AC067852.2","Higher_in_BRCA1_tumour",0.128
0,2.04614748693981,0.376,0.059,0,"HBS1L","Higher_in_BRCA1_tumour",0.317
9.55936119751928e-305,2.04342011759137,0.164,0.021,2.37693516176317e-300,"CAD","Higher_in_BRCA1_tumour",0.143
0,2.03440772648023,0.842,0.271,0,"RAB10","Higher_in_BRCA1_tumour",0.571
0,2.03348883997056,0.32,0.05,0,"FAM98A","Higher_in_BRCA1_tumour",0.27
1.85124416646402e-220,2.02905142970328,0.123,0.017,4.60311861991277e-216,"ZNF254","Higher_in_BRCA1_tumour",0.106
0,2.02227275797076,0.191,0.026,0,"SIX4","Higher_in_BRCA1_tumour",0.165
1.67920884641309e-195,2.01602174239607,0.104,0.013,4.17535279660614e-191,"TSLP","Higher_in_BRCA1_tumour",0.091
0,2.01511048681177,0.384,0.066,0,"SSBP4","Higher_in_BRCA1_tumour",0.318
0,2.01447564687494,0.333,0.053,0,"HRASLS","Higher_in_BRCA1_tumour",0.28
0,2.01347161793829,0.285,0.041,0,"PFKM","Higher_in_BRCA1_tumour",0.244
0,2.01171116388932,0.308,0.047,0,"ZNF444","Higher_in_BRCA1_tumour",0.261
0,2.01121812647462,0.33,0.054,0,"SLC16A1","Higher_in_BRCA1_tumour",0.276
0,2.00988141625301,0.567,0.115,0,"MBOAT7","Higher_in_BRCA1_tumour",0.452
0,2.00856040635465,0.998,0.982,0,"RPS16","Higher_in_BRCA1_tumour",0.016
0,2.00328459231941,0.761,0.206,0,"PRPF31","Higher_in_BRCA1_tumour",0.555
0,2.0001354148983,0.623,0.128,0,"TRAPPC4","Higher_in_BRCA1_tumour",0.495
0,1.98804687480614,0.666,0.172,0,"SNHG7","Higher_in_BRCA1_tumour",0.494
0,1.9878517511891,0.415,0.066,0,"EHF","Higher_in_BRCA1_tumour",0.349
0,1.98765457894888,0.505,0.099,0,"HSPBP1","Higher_in_BRCA1_tumour",0.406
8.57325979387238e-192,1.98394698781499,0.106,0.014,2.13174104774637e-187,"ZNF552","Higher_in_BRCA1_tumour",0.092
0,1.98142309306384,0.182,0.023,0,"ANKRD36B","Higher_in_BRCA1_tumour",0.159
0,1.97675726631013,0.977,0.754,0,"RPS26","Higher_in_BRCA1_tumour",0.223
2.03011204689824e-271,1.97646903364373,0.139,0.016,5.04787360461248e-267,"CST6","Higher_in_BRCA1_tumour",0.123
0,1.97480513350017,0.279,0.042,0,"MELTF-AS1","Higher_in_BRCA1_tumour",0.237
7.6858949421909e-278,1.97287116710338,0.159,0.023,1.91109777737577e-273,"CLIC3","Higher_in_BRCA1_tumour",0.136
0,1.96910854961331,0.953,0.595,0,"ATP5F1C","Higher_in_BRCA1_tumour",0.358
0,1.96815333829451,0.882,0.363,0,"ETFB","Higher_in_BRCA1_tumour",0.519
1.46864074920602e-272,1.96624318834739,0.142,0.017,3.65177522290078e-268,"SYDE2","Higher_in_BRCA1_tumour",0.125
1.92421797176691e-283,1.96328387296474,0.158,0.021,4.78456798679843e-279,"SOS1","Higher_in_BRCA1_tumour",0.137
4.21685997585298e-225,1.95896959698428,0.133,0.02,1.04852223299584e-220,"ABHD14A","Higher_in_BRCA1_tumour",0.113
0,1.95420726050611,0.351,0.062,0,"MFSD2A","Higher_in_BRCA1_tumour",0.289
0,1.95265170065939,0.278,0.045,0,"MAN2A1","Higher_in_BRCA1_tumour",0.233
0,1.95130910308125,0.64,0.137,0,"BCLAF1","Higher_in_BRCA1_tumour",0.503
2.59923957669047e-272,1.93563463470457,0.154,0.021,6.46300920744086e-268,"MLH3","Higher_in_BRCA1_tumour",0.133
0,1.93552562521963,0.295,0.055,0,"RAB32","Higher_in_BRCA1_tumour",0.24
0,1.93408132822473,0.353,0.058,0,"TRIP11","Higher_in_BRCA1_tumour",0.295
0,1.93227614622918,0.782,0.256,0,"TSTA3","Higher_in_BRCA1_tumour",0.526
1.91642488923475e-229,1.9321825018816,0.13,0.018,4.7651904870822e-225,"ACVR1B","Higher_in_BRCA1_tumour",0.112
0,1.92442824226731,0.773,0.253,0,"ODC1","Higher_in_BRCA1_tumour",0.52
0,1.92404775799705,0.993,0.953,0,"RPL7A","Higher_in_BRCA1_tumour",0.04
0,1.9183000167134,0.384,0.067,0,"MORN2","Higher_in_BRCA1_tumour",0.317
1.89908494241317e-266,1.91676622230062,0.156,0.023,4.72207470931035e-262,"SCAF8","Higher_in_BRCA1_tumour",0.133
0,1.91651712084342,0.942,0.496,0,"HSPD1","Higher_in_BRCA1_tumour",0.446
0,1.9142718269859,0.324,0.051,0,"HLCS","Higher_in_BRCA1_tumour",0.273
4.0926134264568e-231,1.91008371718223,0.135,0.02,1.01762832848848e-226,"ZNF43","Higher_in_BRCA1_tumour",0.115
0,1.90778788961333,0.945,0.323,0,"MDK","Higher_in_BRCA1_tumour",0.622
0,1.90636125547602,0.397,0.071,0,"NUP107","Higher_in_BRCA1_tumour",0.326
0,1.90314276954993,0.794,0.349,0,"KLF6","Higher_in_BRCA1_tumour",0.445
0,1.90212769978064,0.214,0.031,0,"PLPPR2","Higher_in_BRCA1_tumour",0.183
0,1.90143426161441,0.521,0.104,0,"YEATS4","Higher_in_BRCA1_tumour",0.417
0,1.90033299358264,0.655,0.148,0,"NEBL","Higher_in_BRCA1_tumour",0.507
0,1.89825588178539,0.377,0.064,0,"CRACR2B","Higher_in_BRCA1_tumour",0.313
0,1.89213442853569,0.209,0.03,0,"YTHDC2","Higher_in_BRCA1_tumour",0.179
0,1.89127418974915,0.268,0.042,0,"ASXL2","Higher_in_BRCA1_tumour",0.226
3.61461185430976e-177,1.88499327987397,0.109,0.017,8.98773237574123e-173,"ZNF480","Higher_in_BRCA1_tumour",0.092
3.81234358146589e-211,1.88193380806693,0.119,0.016,9.47939231531493e-207,"NIFK-AS1","Higher_in_BRCA1_tumour",0.103
0,1.88173490386637,0.247,0.034,0,"IL1R2","Higher_in_BRCA1_tumour",0.213
0,1.87753101907082,0.289,0.045,0,"PCNT","Higher_in_BRCA1_tumour",0.244
0,1.87458862975433,0.324,0.053,0,"CNOT3","Higher_in_BRCA1_tumour",0.271
0,1.87210152338628,0.499,0.094,0,"JOSD2","Higher_in_BRCA1_tumour",0.405
0,1.86655877949861,0.41,0.072,0,"CHEK1","Higher_in_BRCA1_tumour",0.338
0,1.85430275249425,0.261,0.042,0,"PPM1A","Higher_in_BRCA1_tumour",0.219
0,1.85157307086082,0.941,0.629,0,"ATP5F1B","Higher_in_BRCA1_tumour",0.312
0,1.85145321411326,0.804,0.264,0,"ISOC2","Higher_in_BRCA1_tumour",0.54
0,1.85052112313763,0.315,0.055,0,"SNHG25","Higher_in_BRCA1_tumour",0.26
0,1.84747511937845,0.234,0.036,0,"CWC22","Higher_in_BRCA1_tumour",0.198
0,1.84382539483084,0.364,0.067,0,"TLE4","Higher_in_BRCA1_tumour",0.297
0,1.84376821862768,0.733,0.213,0,"PPIC","Higher_in_BRCA1_tumour",0.52
0,1.84351003151885,0.482,0.096,0,"KIN","Higher_in_BRCA1_tumour",0.386
0,1.84140319801164,0.294,0.046,0,"NREP","Higher_in_BRCA1_tumour",0.248
0,1.84107158527839,0.508,0.099,0,"MTHFD2L","Higher_in_BRCA1_tumour",0.409
0,1.84004347847843,0.917,0.472,0,"FBL","Higher_in_BRCA1_tumour",0.445
0,1.83924913751728,0.909,0.675,0,"KRT5","Higher_in_BRCA1_tumour",0.234
0,1.8350655513038,0.368,0.069,0,"HEY2","Higher_in_BRCA1_tumour",0.299
0,1.83376103627334,0.248,0.041,0,"WDR75","Higher_in_BRCA1_tumour",0.207
0,1.83203136406605,0.36,0.066,0,"ASNSD1","Higher_in_BRCA1_tumour",0.294
1.41786924881133e-171,1.82858462784499,0.102,0.015,3.52553188716936e-167,"CMBL","Higher_in_BRCA1_tumour",0.087
0,1.82850671659013,0.404,0.082,0,"SERTAD4-AS1","Higher_in_BRCA1_tumour",0.322
1.19336240841223e-207,1.82843490021978,0.137,0.024,2.96729562851702e-203,"FADS3","Higher_in_BRCA1_tumour",0.113
2.27804169722505e-202,1.82731429676421,0.125,0.02,5.66435068015009e-198,"MIPEP","Higher_in_BRCA1_tumour",0.105
6.97073835627737e-182,1.82722424082582,0.104,0.015,1.73327409228837e-177,"HHAT","Higher_in_BRCA1_tumour",0.089
0,1.82714437503187,0.422,0.076,0,"AP3B1","Higher_in_BRCA1_tumour",0.346
9.64348709629422e-212,1.82538387943825,0.119,0.016,2.39785306649356e-207,"NUDT12","Higher_in_BRCA1_tumour",0.103
0,1.82401660346271,0.321,0.052,0,"BAZ2B","Higher_in_BRCA1_tumour",0.269
8.60456625137314e-262,1.81758880363266,0.165,0.027,2.13952539840393e-257,"BRCA2","Higher_in_BRCA1_tumour",0.138
2.45370481914601e-261,1.81752370650753,0.153,0.022,6.10113703280656e-257,"STON2","Higher_in_BRCA1_tumour",0.131
0,1.81472630535407,0.269,0.043,0,"PMS1","Higher_in_BRCA1_tumour",0.226
0,1.81439926710373,0.232,0.036,0,"ARHGAP18","Higher_in_BRCA1_tumour",0.196
0,1.8115475136693,0.408,0.082,0,"ASF1A","Higher_in_BRCA1_tumour",0.326
0,1.80911068375845,0.598,0.134,0,"TSFM","Higher_in_BRCA1_tumour",0.464
2.08790510825364e-179,1.80570305303819,0.116,0.02,5.19157605167268e-175,"SPA17","Higher_in_BRCA1_tumour",0.096
3.2472387403724e-261,1.80475984742488,0.443,0.186,8.07425912793597e-257,"MX1","Higher_in_BRCA1_tumour",0.257
3.26388997225207e-270,1.80114016197334,0.179,0.032,8.11566241600478e-266,"AC109322.1","Higher_in_BRCA1_tumour",0.147
0,1.80046620255889,0.993,0.965,0,"NACA","Higher_in_BRCA1_tumour",0.028
0,1.79867038747481,0.35,0.061,0,"ATP23","Higher_in_BRCA1_tumour",0.289
0,1.79788962968537,0.227,0.04,0,"TXNRD1","Higher_in_BRCA1_tumour",0.187
1.16664427664904e-302,1.79537240026987,0.182,0.028,2.90086099388785e-298,"PEX3","Higher_in_BRCA1_tumour",0.154
0,1.79492485922729,0.566,0.138,0,"PPP1R16A","Higher_in_BRCA1_tumour",0.428
0,1.79453835366846,0.418,0.082,0,"TET1","Higher_in_BRCA1_tumour",0.336
0,1.79368535383999,0.255,0.041,0,"FAM215B","Higher_in_BRCA1_tumour",0.214
7.00370747173286e-305,1.78950119908877,0.199,0.035,1.74147186284637e-300,"BCAM","Higher_in_BRCA1_tumour",0.164
0,1.78702123870574,0.46,0.087,0,"CHD1","Higher_in_BRCA1_tumour",0.373
0,1.78466595269031,0.392,0.074,0,"NOA1","Higher_in_BRCA1_tumour",0.318
0,1.77899329077381,0.355,0.064,0,"ROCK2","Higher_in_BRCA1_tumour",0.291
0,1.77737077031835,0.343,0.062,0,"GUCY1A1","Higher_in_BRCA1_tumour",0.281
0,1.77590717776719,0.323,0.059,0,"XPOT","Higher_in_BRCA1_tumour",0.264
1.32542032836013e-151,1.77414221616558,0.101,0.018,3.29565764646747e-147,"RAB15","Higher_in_BRCA1_tumour",0.083
0,1.77354366569755,0.21,0.036,0,"AC084033.3","Higher_in_BRCA1_tumour",0.174
6.09094813564923e-211,1.77203684209648,0.137,0.023,1.51451425392918e-206,"AGPS","Higher_in_BRCA1_tumour",0.114
1.18205681481892e-291,1.77005185349222,0.201,0.038,2.93918427004725e-287,"PPM1K","Higher_in_BRCA1_tumour",0.163
0,1.76530713779578,0.351,0.067,0,"TNNT1","Higher_in_BRCA1_tumour",0.284
0,1.76456556689518,0.288,0.049,0,"ZMYND11","Higher_in_BRCA1_tumour",0.239
0,1.76292266367117,0.31,0.058,0,"ZNF766","Higher_in_BRCA1_tumour",0.252
4.82182032801132e-181,1.76232326516345,0.105,0.015,1.19894562456001e-176,"CCDC153","Higher_in_BRCA1_tumour",0.09
0,1.76166211517017,0.7,0.195,0,"PIH1D1","Higher_in_BRCA1_tumour",0.505
5.98163928575341e-208,1.75860562254714,0.126,0.02,1.48733460840259e-203,"C2orf88","Higher_in_BRCA1_tumour",0.106
0,1.7543000709149,0.919,0.388,0,"S100A13","Higher_in_BRCA1_tumour",0.531
8.33350218768524e-269,1.74961847017607,0.164,0.026,2.07212531896794e-264,"RMND1","Higher_in_BRCA1_tumour",0.138
1.66114119994391e-256,1.74937487463177,0.163,0.027,4.13042759366052e-252,"ARMCX2","Higher_in_BRCA1_tumour",0.136
0,1.74920316483065,0.465,0.097,0,"CCNH","Higher_in_BRCA1_tumour",0.368
0,1.74773645599618,0.49,0.104,0,"KDM5B","Higher_in_BRCA1_tumour",0.386
0,1.74743062696074,0.432,0.086,0,"PPIL4","Higher_in_BRCA1_tumour",0.346
0,1.74431506108596,0.227,0.037,0,"NWD1","Higher_in_BRCA1_tumour",0.19
0,1.74316266582693,0.331,0.061,0,"DNAJC10","Higher_in_BRCA1_tumour",0.27
1.29049216791244e-290,1.74010217197933,0.178,0.028,3.20880877551429e-286,"DEGS2","Higher_in_BRCA1_tumour",0.15
0,1.73664553036365,0.409,0.084,0,"ARCN1","Higher_in_BRCA1_tumour",0.325
0,1.73643706806501,0.267,0.049,0,"MSI2","Higher_in_BRCA1_tumour",0.218
0,1.73613932433194,0.274,0.049,0,"PPIP5K2","Higher_in_BRCA1_tumour",0.225
1.67428617756315e-301,1.73601067799112,0.188,0.031,4.16311258051077e-297,"DIXDC1","Higher_in_BRCA1_tumour",0.157
2.84378215249282e-309,1.73552602394976,0.195,0.032,7.07106432217339e-305,"LRCH3","Higher_in_BRCA1_tumour",0.163
0,1.73546220881647,0.326,0.059,0,"KMT5C","Higher_in_BRCA1_tumour",0.267
0,1.73503804664849,0.505,0.111,0,"PIK3R1","Higher_in_BRCA1_tumour",0.394
0,1.73450514686211,0.989,0.937,0,"RPS11","Higher_in_BRCA1_tumour",0.0519999999999999
0,1.73003429319707,0.25,0.043,0,"SRFBP1","Higher_in_BRCA1_tumour",0.207
0,1.72761944802559,0.874,0.369,0,"COMT","Higher_in_BRCA1_tumour",0.505
1.61924102272195e-221,1.72620567201796,0.14,0.023,4.02624280299813e-217,"PITRM1","Higher_in_BRCA1_tumour",0.117
0,1.72439822530203,0.256,0.044,0,"CSNK1G3","Higher_in_BRCA1_tumour",0.212
0,1.72052210994997,0.939,0.755,0,"CALML5","Higher_in_BRCA1_tumour",0.184
0,1.71920563853107,0.656,0.186,0,"TMEM213","Higher_in_BRCA1_tumour",0.47
0,1.71737269376289,0.994,0.96,0,"RPS9","Higher_in_BRCA1_tumour",0.034
0,1.71446888404295,0.274,0.049,0,"ALDH3A2","Higher_in_BRCA1_tumour",0.225
0,1.71412162586575,0.325,0.065,0,"AKR1C3","Higher_in_BRCA1_tumour",0.26
0,1.71247055796779,0.211,0.036,0,"AC008124.1","Higher_in_BRCA1_tumour",0.175
9.49532936063238e-303,1.71199437503557,0.204,0.037,2.36101364552124e-298,"DCAF5","Higher_in_BRCA1_tumour",0.167
0,1.71183152221491,0.859,0.335,0,"GDI2","Higher_in_BRCA1_tumour",0.524
0,1.70812024515865,0.993,0.995,0,"RPL13A","Higher_in_BRCA1_tumour",-0.002
0,1.70765623297662,0.969,0.695,0,"OST4","Higher_in_BRCA1_tumour",0.274
0,1.7005802866048,0.245,0.046,0,"ARMCX1","Higher_in_BRCA1_tumour",0.199
0,1.69632302437711,0.226,0.04,0,"LHFPL2","Higher_in_BRCA1_tumour",0.186
0,1.69559965270824,0.964,0.681,0,"PFDN5","Higher_in_BRCA1_tumour",0.283
0,1.69440247967419,0.307,0.058,0,"ATL2","Higher_in_BRCA1_tumour",0.249
0,1.69148699916236,0.726,0.247,0,"C19orf48","Higher_in_BRCA1_tumour",0.479
0,1.68734119798188,0.963,0.574,0,"KRT19","Higher_in_BRCA1_tumour",0.389
7.00642540448624e-308,1.68413650740765,0.184,0.028,1.7421476768255e-303,"PEX7","Higher_in_BRCA1_tumour",0.156
1.90352419591058e-204,1.68356872169768,0.133,0.023,4.73311291313166e-200,"CASC15","Higher_in_BRCA1_tumour",0.11
1.34226053054389e-215,1.68175575139087,0.132,0.021,3.33753080919739e-211,"DIP2C","Higher_in_BRCA1_tumour",0.111
0,1.67759763398622,0.37,0.072,0,"ATM","Higher_in_BRCA1_tumour",0.298
0,1.67675385491397,0.292,0.053,0,"TAF1B","Higher_in_BRCA1_tumour",0.239
0,1.67617678802723,0.998,0.996,0,"RPL35A","Higher_in_BRCA1_tumour",0.002
0,1.67603073265137,0.431,0.083,0,"HSD17B4","Higher_in_BRCA1_tumour",0.348
0,1.6752262740764,0.891,0.423,0,"POLR1D","Higher_in_BRCA1_tumour",0.468
1.06702884379747e-245,1.67207202342427,0.163,0.029,2.6531672201024e-241,"AGBL5","Higher_in_BRCA1_tumour",0.134
0,1.66891272753372,0.328,0.065,0,"TFCP2L1","Higher_in_BRCA1_tumour",0.263
1.86498640416544e-226,1.66655098016593,0.145,0.024,4.63728869395738e-222,"HSD17B6","Higher_in_BRCA1_tumour",0.121
4.2023067701777e-192,1.6645337007942,0.11,0.015,1.04490357840468e-187,"CCDC122","Higher_in_BRCA1_tumour",0.095
0,1.66263728810137,0.247,0.047,0,"TKFC","Higher_in_BRCA1_tumour",0.2
0,1.66226446237788,0.861,0.331,0,"NDUFB3","Higher_in_BRCA1_tumour",0.53
0,1.66121428943885,0.574,0.137,0,"YIPF4","Higher_in_BRCA1_tumour",0.437
4.74035869712179e-204,1.6610600007558,0.15,0.03,1.17869019003933e-199,"HYLS1","Higher_in_BRCA1_tumour",0.12
6.45108346911761e-263,1.65611364260959,0.165,0.027,1.60406190459609e-258,"DEPTOR","Higher_in_BRCA1_tumour",0.138
0,1.65310114598736,0.439,0.099,0,"FADS2","Higher_in_BRCA1_tumour",0.34
0,1.65233698033854,0.267,0.049,0,"ZNF274","Higher_in_BRCA1_tumour",0.218
4.01725363445248e-276,1.65207068858182,0.177,0.03,9.98890116206609e-272,"TAB2","Higher_in_BRCA1_tumour",0.147
1.17553160861312e-196,1.65168706742252,0.125,0.021,2.92295934481653e-192,"SLC35D1","Higher_in_BRCA1_tumour",0.104
0,1.65093276259434,0.397,0.085,0,"DST","Higher_in_BRCA1_tumour",0.312
2.84847317171133e-165,1.64521927499335,0.108,0.019,7.08272854146023e-161,"VASH2","Higher_in_BRCA1_tumour",0.089
0,1.64332186529421,0.526,0.121,0,"KIAA1324","Higher_in_BRCA1_tumour",0.405
0,1.63933980531983,0.966,0.757,0,"SF3B6","Higher_in_BRCA1_tumour",0.209
0,1.63886756194169,0.475,0.099,0,"TEAD2","Higher_in_BRCA1_tumour",0.376
3.44586097318863e-171,1.63806004349392,0.112,0.019,8.56813330983352e-167,"FCHO1","Higher_in_BRCA1_tumour",0.093
0,1.63754152396726,0.503,0.113,0,"PAK4","Higher_in_BRCA1_tumour",0.39
0,1.63652758705788,0.332,0.066,0,"MAIP1","Higher_in_BRCA1_tumour",0.266
0,1.63577335108801,0.324,0.063,0,"VRK3","Higher_in_BRCA1_tumour",0.261
0,1.63506408714435,0.855,0.355,0,"HDAC2","Higher_in_BRCA1_tumour",0.5
1.38229148255839e-271,1.63240213310464,0.174,0.029,3.43706777138144e-267,"BIN2","Higher_in_BRCA1_tumour",0.145
0,1.62920908351178,0.529,0.12,0,"SYNE2","Higher_in_BRCA1_tumour",0.409
0,1.62799366806927,0.308,0.061,0,"PPIL3","Higher_in_BRCA1_tumour",0.247
0,1.62626239601461,0.242,0.048,0,"TMEM263","Higher_in_BRCA1_tumour",0.194
2.35942317465229e-144,1.62557044996007,0.105,0.021,5.86670572377291e-140,"FAM71E1","Higher_in_BRCA1_tumour",0.084
0,1.62550074538138,0.801,0.296,0,"REEP5","Higher_in_BRCA1_tumour",0.505
0,1.62508825078294,0.249,0.046,0,"SLF1","Higher_in_BRCA1_tumour",0.203
2.33854139837131e-243,1.62477595789102,0.166,0.03,5.81478318705026e-239,"MCAM","Higher_in_BRCA1_tumour",0.136
0,1.6240191911148,0.999,0.999,0,"RPL41","Higher_in_BRCA1_tumour",0
7.47125651328166e-251,1.62356542985042,0.174,0.032,1.85772793202748e-246,"MPP5","Higher_in_BRCA1_tumour",0.142
5.220373620184e-204,1.62327209912689,0.135,0.024,1.29804590065875e-199,"LGR4","Higher_in_BRCA1_tumour",0.111
1.02247879379319e-305,1.62082269954201,0.214,0.041,2.54239352076676e-301,"MFSD5","Higher_in_BRCA1_tumour",0.173
0,1.61826960912952,0.51,0.116,0,"NR1H2","Higher_in_BRCA1_tumour",0.394
5.11188835217373e-256,1.61516626853183,0.162,0.027,1.271071038768e-251,"ZNF429","Higher_in_BRCA1_tumour",0.135
0,1.61317612755808,0.458,0.098,0,"MVB12A","Higher_in_BRCA1_tumour",0.36
2.95553326029814e-257,1.61137426092854,0.166,0.028,7.34893345173133e-253,"ZBTB11","Higher_in_BRCA1_tumour",0.138
0,1.61015075783146,0.841,0.285,0,"THUMPD3-AS1","Higher_in_BRCA1_tumour",0.556
0,1.6094666983507,0.56,0.137,0,"SLC38A1","Higher_in_BRCA1_tumour",0.423
0,1.6091423828173,0.746,0.243,0,"UTP11","Higher_in_BRCA1_tumour",0.503
2.20639392437572e-183,1.60884812514371,0.133,0.026,5.48619849296024e-179,"CEP170","Higher_in_BRCA1_tumour",0.107
0,1.60659976212529,0.437,0.071,0,"FAM208B","Higher_in_BRCA1_tumour",0.366
2.28616480761133e-219,1.59911262497741,0.146,0.026,5.68454879412557e-215,"CEP97","Higher_in_BRCA1_tumour",0.12
0,1.59674882946101,0.475,0.108,0,"ZNF580","Higher_in_BRCA1_tumour",0.367
0,1.59653633077259,0.996,0.972,0,"RPS25","Higher_in_BRCA1_tumour",0.024
0,1.59237889301641,0.428,0.094,0,"PRRC1","Higher_in_BRCA1_tumour",0.334
0,1.59105689025749,0.352,0.075,0,"CLEC7A","Higher_in_BRCA1_tumour",0.277
0,1.5896253727069,0.993,0.979,0,"RPL24","Higher_in_BRCA1_tumour",0.014
0,1.58285057415842,0.272,0.053,0,"NUMBL","Higher_in_BRCA1_tumour",0.219
0,1.58214097444683,0.699,0.203,0,"SINHCAF","Higher_in_BRCA1_tumour",0.496
1.43726501454373e-160,1.57965690982744,0.121,0.025,3.57375945866298e-156,"CERS4","Higher_in_BRCA1_tumour",0.096
0,1.57869495835922,0.229,0.041,0,"IQANK1","Higher_in_BRCA1_tumour",0.188
0,1.57853943678812,0.34,0.067,0,"IL17RC","Higher_in_BRCA1_tumour",0.273
0,1.57835509637841,0.654,0.229,0,"PEPD","Higher_in_BRCA1_tumour",0.425
4.82243861681339e-175,1.57674517926956,0.12,0.022,1.19909936207065e-170,"ZNF85","Higher_in_BRCA1_tumour",0.098
0,1.57199453400804,0.33,0.064,0,"ZMYM4","Higher_in_BRCA1_tumour",0.266
1.54392323253862e-204,1.56912670300346,0.142,0.026,3.83896511770729e-200,"SPAST","Higher_in_BRCA1_tumour",0.116
6.38936123016124e-183,1.56735513580912,0.129,0.024,1.58871466987959e-178,"CEP290","Higher_in_BRCA1_tumour",0.105
6.48177912294096e-177,1.56499045078023,0.123,0.023,1.61169437891927e-172,"DMXL1","Higher_in_BRCA1_tumour",0.1
0,1.56323854245878,0.903,0.496,0,"C6orf48","Higher_in_BRCA1_tumour",0.407
0,1.56018606125725,0.446,0.108,0,"A1BG","Higher_in_BRCA1_tumour",0.338
1.00211434315958e-270,1.55976027703487,0.182,0.033,2.49175731426629e-266,"MAP3K4","Higher_in_BRCA1_tumour",0.149
8.70331314052118e-166,1.55834948294208,0.105,0.017,2.16407881239059e-161,"ZNF415","Higher_in_BRCA1_tumour",0.088
3.45641027801772e-303,1.55561293837634,0.207,0.038,8.59436415629107e-299,"MBD6","Higher_in_BRCA1_tumour",0.169
0,1.55560042072614,0.682,0.196,0,"SF3B1","Higher_in_BRCA1_tumour",0.486
1.55210819759897e-253,1.55374804036256,0.213,0.05,3.85931703332984e-249,"PFKFB3","Higher_in_BRCA1_tumour",0.163
0,1.55332117386342,0.492,0.127,0,"SERTAD4","Higher_in_BRCA1_tumour",0.365
1.18164661269073e-297,1.55315515999146,0.219,0.044,2.93816430245549e-293,"SHMT1","Higher_in_BRCA1_tumour",0.175
0,1.55245680797849,0.922,0.526,0,"SLC25A3","Higher_in_BRCA1_tumour",0.396
0,1.55091202121063,0.996,0.984,0,"RPL21","Higher_in_BRCA1_tumour",0.012
8.49772028791698e-207,1.54967723084835,0.145,0.027,2.11295814959056e-202,"MON2","Higher_in_BRCA1_tumour",0.118
0,1.54726087914468,0.402,0.085,0,"GON7","Higher_in_BRCA1_tumour",0.317
0,1.54511777631004,0.748,0.244,0,"SRP19","Higher_in_BRCA1_tumour",0.504
0,1.54459190993631,0.301,0.062,0,"BIRC6","Higher_in_BRCA1_tumour",0.239
0,1.54195105930403,0.37,0.078,0,"NOL10","Higher_in_BRCA1_tumour",0.292
0,1.54176108405646,0.997,0.965,0,"TPT1","Higher_in_BRCA1_tumour",0.032
9.01712087985207e-147,1.53519540354626,0.125,0.029,2.24210710677522e-142,"NABP1","Higher_in_BRCA1_tumour",0.096
3.58125038952219e-165,1.53282657234808,0.109,0.019,8.90477909354692e-161,"FAM228B","Higher_in_BRCA1_tumour",0.09
0,1.53156168388496,0.381,0.084,0,"ANKRD17","Higher_in_BRCA1_tumour",0.297
1.15309934379831e-270,1.53124964931841,0.186,0.034,2.8671815183545e-266,"URB1","Higher_in_BRCA1_tumour",0.152
0,1.52974110225746,0.269,0.055,0,"CASP6","Higher_in_BRCA1_tumour",0.214
1.02519551746986e-239,1.52895120219376,0.163,0.03,2.54914865418881e-235,"LEMD3","Higher_in_BRCA1_tumour",0.133
0,1.52668207494283,0.538,0.116,0,"PLD3","Higher_in_BRCA1_tumour",0.422
0,1.52509524667854,0.554,0.142,0,"SEPHS2","Higher_in_BRCA1_tumour",0.412
0,1.52308758488988,0.241,0.048,0,"ABCC5","Higher_in_BRCA1_tumour",0.193
1.36511754663755e-174,1.52199474812548,0.107,0.017,3.39436477971428e-170,"CALHM2","Higher_in_BRCA1_tumour",0.09
5.16718847542327e-308,1.51988154019888,0.234,0.049,1.284821414414e-303,"ATF7IP","Higher_in_BRCA1_tumour",0.185
0,1.51934282298413,0.403,0.093,0,"HIBCH","Higher_in_BRCA1_tumour",0.31
0,1.51919991404781,0.301,0.061,0,"UTP3","Higher_in_BRCA1_tumour",0.24
0,1.51811364964636,0.607,0.159,0,"EBLN3P","Higher_in_BRCA1_tumour",0.448
0,1.51370173333102,0.832,0.357,0,"PCMT1","Higher_in_BRCA1_tumour",0.475
0,1.51306310185825,0.288,0.055,0,"UTRN","Higher_in_BRCA1_tumour",0.233
0,1.51248267473984,0.852,0.406,0,"CDK4","Higher_in_BRCA1_tumour",0.446
3.77957163217017e-159,1.51112511241599,0.114,0.022,9.39790486339113e-155,"ZUP1","Higher_in_BRCA1_tumour",0.092
4.60569968384084e-231,1.51012976811109,0.159,0.029,1.14520722638703e-226,"LARGE2","Higher_in_BRCA1_tumour",0.13
1.80429651091523e-159,1.50897833171098,0.109,0.02,4.48638327439072e-155,"SLC25A45","Higher_in_BRCA1_tumour",0.089
0,1.50616741268273,0.923,0.489,0,"ILF2","Higher_in_BRCA1_tumour",0.434
0,1.50616235638718,0.288,0.055,0,"NPAT","Higher_in_BRCA1_tumour",0.233
0,1.50304201470367,0.311,0.069,0,"CTSL","Higher_in_BRCA1_tumour",0.242
0,1.50287571145223,0.364,0.076,0,"ZNF652","Higher_in_BRCA1_tumour",0.288
0,1.50227429143959,0.32,0.066,0,"CHML","Higher_in_BRCA1_tumour",0.254
3.91977057214555e-176,1.5017520380296,0.123,0.023,9.7465095276399e-172,"ATAD2B","Higher_in_BRCA1_tumour",0.1
2.09260430689863e-210,1.50080613145335,0.142,0.025,5.20326060910345e-206,"NFIA","Higher_in_BRCA1_tumour",0.117
0,1.5003210543394,0.611,0.164,0,"TFPT","Higher_in_BRCA1_tumour",0.447
0,1.49512306100321,0.829,0.368,0,"CBR3","Higher_in_BRCA1_tumour",0.461
6.31141559344569e-273,1.49444229405838,0.447,0.186,1.56933348731027e-268,"BST2","Higher_in_BRCA1_tumour",0.261
0,1.49077175554129,0.423,0.104,0,"SMARCA5","Higher_in_BRCA1_tumour",0.319
0,1.49031534786891,0.722,0.269,0,"ID2","Higher_in_BRCA1_tumour",0.453
0,1.4876336591481,0.292,0.061,0,"USP15","Higher_in_BRCA1_tumour",0.231
1.38613372844948e-272,1.48555154670505,0.203,0.041,3.44662151578964e-268,"SETMAR","Higher_in_BRCA1_tumour",0.162
0,1.48489096955873,0.452,0.103,0,"PYM1","Higher_in_BRCA1_tumour",0.349
0,1.48477384819366,0.375,0.088,0,"C4orf48","Higher_in_BRCA1_tumour",0.287
0,1.48177092635857,0.311,0.069,0,"LETMD1","Higher_in_BRCA1_tumour",0.242
0,1.48059039609082,0.331,0.073,0,"SMARCA1","Higher_in_BRCA1_tumour",0.258
0,1.47554725734719,0.434,0.096,0,"ZHX1","Higher_in_BRCA1_tumour",0.338
0,1.47552950607166,0.413,0.098,0,"IQCG","Higher_in_BRCA1_tumour",0.315
0,1.47437177484412,0.415,0.098,0,"ROPN1","Higher_in_BRCA1_tumour",0.317
1.16970901977975e-147,1.47396301269733,0.109,0.022,2.90848147768235e-143,"PRKCD","Higher_in_BRCA1_tumour",0.087
0,1.47261673528922,0.979,0.699,0,"HSPE1","Higher_in_BRCA1_tumour",0.28
3.01002134196491e-252,1.47216997548903,0.198,0.043,7.48441806679576e-248,"DNAH14","Higher_in_BRCA1_tumour",0.155
0,1.47130278110292,0.326,0.07,0,"PTPN11","Higher_in_BRCA1_tumour",0.256
0,1.46848385434282,0.85,0.373,0,"CNPY2","Higher_in_BRCA1_tumour",0.477
4.99983883068185e-290,1.46836176392666,0.728,0.395,1.24320992524904e-285,"UBE2S","Higher_in_BRCA1_tumour",0.333
2.22349471125156e-212,1.46811927868235,0.15,0.028,5.52871959952699e-208,"PTPN4","Higher_in_BRCA1_tumour",0.122
0,1.46781202825245,0.947,0.545,0,"LMO4","Higher_in_BRCA1_tumour",0.402
2.25672732139459e-278,1.46618870874321,0.206,0.042,5.61135248464766e-274,"LENG8","Higher_in_BRCA1_tumour",0.164
0,1.46559813219682,0.417,0.096,0,"CS","Higher_in_BRCA1_tumour",0.321
0,1.46501319031322,0.308,0.065,0,"TTC37","Higher_in_BRCA1_tumour",0.243
1.40582623648143e-126,1.46344827224939,0.116,0.029,3.49558693701106e-122,"CTNNAL1","Higher_in_BRCA1_tumour",0.087
2.98454445701006e-229,1.46261862890415,0.175,0.036,7.42106979235551e-225,"TCTN1","Higher_in_BRCA1_tumour",0.139
8.22345482453616e-151,1.46230682676404,0.108,0.021,2.04476204212092e-146,"ZNF347","Higher_in_BRCA1_tumour",0.087
0,1.46178818622061,0.703,0.217,0,"SCAF11","Higher_in_BRCA1_tumour",0.486
0,1.46102250477795,0.368,0.088,0,"ECHDC3","Higher_in_BRCA1_tumour",0.28
0,1.46054921520841,0.395,0.09,0,"BAZ2A","Higher_in_BRCA1_tumour",0.305
0,1.46022640648705,0.763,0.256,0,"N4BP2L2","Higher_in_BRCA1_tumour",0.507
0,1.45901504754854,0.252,0.051,0,"AGL","Higher_in_BRCA1_tumour",0.201
2.83122038721443e-165,1.45734363290422,0.118,0.023,7.03982949280867e-161,"ZNF836","Higher_in_BRCA1_tumour",0.095
0,1.45577469422607,0.497,0.125,0,"EIF2D","Higher_in_BRCA1_tumour",0.372
0,1.45505728871086,0.996,0.983,0,"RPL18","Higher_in_BRCA1_tumour",0.013
0,1.45266199863242,0.533,0.156,0,"FAM84A","Higher_in_BRCA1_tumour",0.377
7.21997262356323e-144,1.45127179162388,0.102,0.019,1.795246192849e-139,"STAT5A","Higher_in_BRCA1_tumour",0.083
5.16045034496033e-277,1.44825208617409,0.206,0.042,1.28314597827439e-272,"ZNF738","Higher_in_BRCA1_tumour",0.164
3.67951645785359e-169,1.44076914486255,0.125,0.025,9.14911767245294e-165,"SLC39A10","Higher_in_BRCA1_tumour",0.1
0,1.44062731394774,0.543,0.147,0,"LTBP3","Higher_in_BRCA1_tumour",0.396
1.78754603227907e-226,1.43956525490074,0.165,0.033,4.4447332092619e-222,"RNF214","Higher_in_BRCA1_tumour",0.132
0,1.43716484096053,0.476,0.12,0,"PHAX","Higher_in_BRCA1_tumour",0.356
0,1.43668958606246,0.306,0.065,0,"FBH1","Higher_in_BRCA1_tumour",0.241
1.54611486041258e-206,1.43640014286855,0.149,0.029,3.84441460041587e-202,"EGOT","Higher_in_BRCA1_tumour",0.12
0,1.43318250905373,0.326,0.075,0,"AK4","Higher_in_BRCA1_tumour",0.251
0,1.43198628553549,0.565,0.154,0,"LARS","Higher_in_BRCA1_tumour",0.411
0,1.42897979323859,0.717,0.234,0,"HNRNPUL1","Higher_in_BRCA1_tumour",0.483
1.54921291082816e-262,1.42888068956399,0.203,0.043,3.85211790277422e-258,"XRCC4","Higher_in_BRCA1_tumour",0.16
0,1.42772801353952,0.806,0.307,0,"STAT3","Higher_in_BRCA1_tumour",0.499
1.75846691125279e-168,1.42766425549687,0.13,0.027,4.37242797483005e-164,"MAPRE3","Higher_in_BRCA1_tumour",0.103
0,1.42749706634166,0.268,0.053,0,"FAM172A","Higher_in_BRCA1_tumour",0.215
0,1.42411029449478,0.398,0.098,0,"IDH1","Higher_in_BRCA1_tumour",0.3
0,1.42179517227251,0.998,0.991,0,"RPL32","Higher_in_BRCA1_tumour",0.00700000000000001
1.69594662351825e-211,1.42145099339855,0.153,0.03,4.21697127937814e-207,"MCM3AP-AS1","Higher_in_BRCA1_tumour",0.123
0,1.42127248467658,0.445,0.106,0,"ZNF524","Higher_in_BRCA1_tumour",0.339
2.9328851146867e-295,1.42035810998131,0.232,0.05,7.29261883766847e-291,"CDC27","Higher_in_BRCA1_tumour",0.182
0,1.41876787107982,0.312,0.074,0,"FKBP11","Higher_in_BRCA1_tumour",0.238
6.6963173605952e-278,1.41672108204152,0.209,0.043,1.665039311712e-273,"TIMELESS","Higher_in_BRCA1_tumour",0.166
0,1.41665233422808,0.578,0.151,0,"POLR2B","Higher_in_BRCA1_tumour",0.427
0,1.41649266929252,0.377,0.086,0,"LTN1","Higher_in_BRCA1_tumour",0.291
0,1.41642314122115,0.363,0.08,0,"ANKRD26","Higher_in_BRCA1_tumour",0.283
0,1.41252306894939,0.283,0.068,0,"KIF21A","Higher_in_BRCA1_tumour",0.215
0,1.41142124116969,0.997,0.991,0,"RPS14","Higher_in_BRCA1_tumour",0.00600000000000001
0,1.4112128474504,0.607,0.177,0,"JAGN1","Higher_in_BRCA1_tumour",0.43
2.12069510104264e-166,1.41116139561249,0.122,0.024,5.27310836874252e-162,"SLC37A4","Higher_in_BRCA1_tumour",0.098
0,1.41097086490195,0.252,0.053,0,"PPP6R1","Higher_in_BRCA1_tumour",0.199
0,1.41024294489716,0.248,0.051,0,"LINC00960","Higher_in_BRCA1_tumour",0.197
1.8384468390254e-178,1.410236910734,0.123,0.023,4.57129806523665e-174,"RAB11B-AS1","Higher_in_BRCA1_tumour",0.1
0,1.40990801473398,0.976,0.779,0,"SOD1","Higher_in_BRCA1_tumour",0.197
0,1.40693612475733,0.271,0.062,0,"ACLY","Higher_in_BRCA1_tumour",0.209
0,1.40646399521042,0.796,0.365,0,"TMEM205","Higher_in_BRCA1_tumour",0.431
1.78565634855234e-264,1.40635253893046,0.219,0.05,4.44003451067541e-260,"CPSF1","Higher_in_BRCA1_tumour",0.169
0,1.40614124639142,0.526,0.158,0,"CKB","Higher_in_BRCA1_tumour",0.368
8.04681706044739e-184,1.40609911512661,0.136,0.027,2.00084106208024e-179,"RPUSD4","Higher_in_BRCA1_tumour",0.109
2.30719283255872e-205,1.40398993544989,0.152,0.031,5.73683497815725e-201,"IL17RE","Higher_in_BRCA1_tumour",0.121
0,1.40390579663257,0.965,0.791,0,"LAPTM4A","Higher_in_BRCA1_tumour",0.174
2.97219490293881e-209,1.40380207020094,0.159,0.033,7.39036262615736e-205,"ZNF587","Higher_in_BRCA1_tumour",0.126
0,1.40142630197363,0.818,0.327,0,"ZC3H15","Higher_in_BRCA1_tumour",0.491
4.03356044079683e-301,1.40097469283498,0.23,0.048,1.00294480360413e-296,"LARP4","Higher_in_BRCA1_tumour",0.182
1.75040957975348e-234,1.4007255839422,0.177,0.036,4.35239342005702e-230,"GABPA","Higher_in_BRCA1_tumour",0.141
0,1.40023970889136,0.249,0.05,0,"MBD5","Higher_in_BRCA1_tumour",0.199
0,1.40023166002484,0.413,0.099,0,"AKT2","Higher_in_BRCA1_tumour",0.314
0,1.40014926770125,0.333,0.075,0,"LPGAT1","Higher_in_BRCA1_tumour",0.258
3.12974205279702e-256,1.40000266338438,0.191,0.039,7.78210361427978e-252,"SLC25A46","Higher_in_BRCA1_tumour",0.152
3.49064126499734e-258,1.39947510047575,0.196,0.04,8.67947950541589e-254,"CWH43","Higher_in_BRCA1_tumour",0.156
1.09580175960563e-309,1.39872392422164,0.251,0.056,2.72471107525941e-305,"ESCO1","Higher_in_BRCA1_tumour",0.195
0,1.39817715325612,0.642,0.187,0,"SPATS2","Higher_in_BRCA1_tumour",0.455
0,1.3960858156137,0.863,0.443,0,"TUBA1C","Higher_in_BRCA1_tumour",0.42
4.79064995174889e-223,1.39567673156551,0.163,0.032,1.19119511050236e-218,"DOPEY2","Higher_in_BRCA1_tumour",0.131
0,1.39451206161651,0.963,0.764,0,"ATP5PO","Higher_in_BRCA1_tumour",0.199
0,1.39322018755195,0.999,0.996,0,"RPL18A","Higher_in_BRCA1_tumour",0.003
1.13538358095484e-185,1.39288426823412,0.154,0.035,2.82313127404421e-181,"NACA2","Higher_in_BRCA1_tumour",0.119
0,1.39178750004079,0.303,0.068,0,"RABEP1","Higher_in_BRCA1_tumour",0.235
1.02967999887271e-131,1.39066384037309,0.102,0.021,2.56029931719699e-127,"PLCB4","Higher_in_BRCA1_tumour",0.081
0,1.39053490214148,0.881,0.412,0,"PSMB4","Higher_in_BRCA1_tumour",0.469
3.96016109342671e-169,1.39014841957604,0.12,0.023,9.84694055880552e-165,"KIAA0586","Higher_in_BRCA1_tumour",0.097
0,1.38888258618469,0.718,0.238,0,"PAM","Higher_in_BRCA1_tumour",0.48
0,1.388795634738,0.266,0.055,0,"MYO1B","Higher_in_BRCA1_tumour",0.211
0,1.3870958442588,0.498,0.13,0,"MNAT1","Higher_in_BRCA1_tumour",0.368
0,1.38523077544955,0.581,0.167,0,"CD46","Higher_in_BRCA1_tumour",0.414
9.66304443549493e-287,1.38516530368125,0.222,0.047,2.40271599888581e-282,"RNF41","Higher_in_BRCA1_tumour",0.175
0,1.383458275562,0.34,0.078,0,"RDH14","Higher_in_BRCA1_tumour",0.262
0,1.38307619027544,0.597,0.169,0,"AC010642.2","Higher_in_BRCA1_tumour",0.428
5.22268454593952e-166,1.38206695404578,0.124,0.025,1.29862051234786e-161,"SLC29A2","Higher_in_BRCA1_tumour",0.099
0,1.38168492009989,0.338,0.077,0,"UBXN7","Higher_in_BRCA1_tumour",0.261
0,1.38157620708364,0.835,0.366,0,"RBM17","Higher_in_BRCA1_tumour",0.469
0,1.3815106299683,0.377,0.086,0,"ZBTB44","Higher_in_BRCA1_tumour",0.291
1.19893726143206e-255,1.38087693688228,0.213,0.049,2.98115750055082e-251,"CLIP4","Higher_in_BRCA1_tumour",0.164
4.00753293608146e-300,1.37853898830892,0.23,0.048,9.96473064556654e-296,"UNK","Higher_in_BRCA1_tumour",0.182
0,1.37731902481999,0.434,0.104,0,"SGCB","Higher_in_BRCA1_tumour",0.33
3.06060879475573e-215,1.37615044030291,0.165,0.034,7.61020376816013e-211,"PUS3","Higher_in_BRCA1_tumour",0.131
0,1.37497954837637,0.94,0.612,0,"KRT18","Higher_in_BRCA1_tumour",0.328
8.60436638211097e-211,1.37465227673886,0.164,0.034,2.13947570091189e-206,"HACL1","Higher_in_BRCA1_tumour",0.13
1.08925511281654e-280,1.37404680456197,0.22,0.048,2.70843283801833e-276,"ALDH6A1","Higher_in_BRCA1_tumour",0.172
0,1.3739169184711,0.735,0.268,0,"CFAP298","Higher_in_BRCA1_tumour",0.467
0,1.37312953695036,0.555,0.148,0,"CAND1","Higher_in_BRCA1_tumour",0.407
4.95222616572107e-194,1.37285643462466,0.162,0.037,1.23137103610654e-189,"AC245014.3","Higher_in_BRCA1_tumour",0.125
0,1.37035455583504,0.803,0.346,0,"PPP2R1A","Higher_in_BRCA1_tumour",0.457
8.20111751300551e-170,1.3699023851532,0.135,0.03,2.03920786960882e-165,"MAL","Higher_in_BRCA1_tumour",0.105
0,1.36916928213456,0.713,0.253,0,"CBX5","Higher_in_BRCA1_tumour",0.46
4.1653920591125e-161,1.3684887409785,0.115,0.022,1.03572473549832e-156,"BCDIN3D","Higher_in_BRCA1_tumour",0.093
2.05121532500618e-300,1.36610210761662,0.258,0.062,5.10034690562786e-296,"CCNG2","Higher_in_BRCA1_tumour",0.196
0,1.36524966764511,0.675,0.225,0,"EPRS","Higher_in_BRCA1_tumour",0.45
0,1.35875418378594,0.274,0.062,0,"GSDMC","Higher_in_BRCA1_tumour",0.212
9.48315679724347e-293,1.35873412340982,0.232,0.051,2.35798693763459e-288,"GADD45G","Higher_in_BRCA1_tumour",0.181
3.06070252329365e-272,1.35793803569503,0.214,0.046,7.61043682416967e-268,"BMPR2","Higher_in_BRCA1_tumour",0.168
2.15278682908572e-172,1.35789599937605,0.134,0.028,5.35290445052164e-168,"ARL17A","Higher_in_BRCA1_tumour",0.106
0,1.35455348363944,0.954,0.664,0,"ZFAS1","Higher_in_BRCA1_tumour",0.29
0,1.35411582305041,0.402,0.095,0,"PAXBP1","Higher_in_BRCA1_tumour",0.307
0,1.35379689993103,0.99,0.952,0,"RPL6","Higher_in_BRCA1_tumour",0.038
0,1.35343067125058,0.882,0.435,0,"KDELR1","Higher_in_BRCA1_tumour",0.447
0,1.35336864544826,0.595,0.171,0,"PPHLN1","Higher_in_BRCA1_tumour",0.424
0,1.35122066740188,0.319,0.075,0,"AC005261.1","Higher_in_BRCA1_tumour",0.244
0,1.35065103201653,0.922,0.604,0,"NDUFB5","Higher_in_BRCA1_tumour",0.318
0,1.34994796085176,0.513,0.148,0,"HSPA14.1","Higher_in_BRCA1_tumour",0.365
4.91907259965593e-307,1.3490308499571,0.234,0.048,1.22312740190445e-302,"MEIS2","Higher_in_BRCA1_tumour",0.186
0,1.34708906215948,0.95,0.676,0,"ERH","Higher_in_BRCA1_tumour",0.274
1.12889009870377e-201,1.34645741953849,0.154,0.032,2.80698523042692e-197,"PRH1","Higher_in_BRCA1_tumour",0.122
1.24578535053217e-147,1.34473580256832,0.108,0.021,3.09764527409824e-143,"HOXA5","Higher_in_BRCA1_tumour",0.087
0,1.343539877279,0.566,0.169,0,"NIPSNAP3A","Higher_in_BRCA1_tumour",0.397
1.25563293799385e-181,1.34284159364059,0.135,0.027,3.1221313003217e-177,"MB21D2","Higher_in_BRCA1_tumour",0.108
0,1.34273815028886,0.815,0.359,0,"CCT2","Higher_in_BRCA1_tumour",0.456
0,1.34260887951681,0.838,0.35,0,"PGLS","Higher_in_BRCA1_tumour",0.488
0,1.34114157500461,0.999,0.99,0,"RPS24","Higher_in_BRCA1_tumour",0.00900000000000001
3.1808926608322e-289,1.33825770684349,0.231,0.051,7.90928960115927e-285,"MSH3","Higher_in_BRCA1_tumour",0.18
0,1.33785013468833,0.999,0.992,0,"RPS12","Higher_in_BRCA1_tumour",0.00700000000000001
3.08447081368105e-143,1.33636154958868,0.115,0.025,7.66953667821792e-139,"ZNF701","Higher_in_BRCA1_tumour",0.09
0,1.33626975368171,0.402,0.103,0,"SCARB2","Higher_in_BRCA1_tumour",0.299
0,1.33557948774931,0.415,0.099,0,"KMT2A","Higher_in_BRCA1_tumour",0.316
0,1.33436799740142,0.366,0.09,0,"EFR3A","Higher_in_BRCA1_tumour",0.276
0,1.33336836865387,0.351,0.087,0,"MRPL44","Higher_in_BRCA1_tumour",0.264
0,1.3333465362425,0.338,0.08,0,"IWS1","Higher_in_BRCA1_tumour",0.258
2.29048330210274e-176,1.33160136818101,0.139,0.03,5.69528673067847e-172,"IFT46","Higher_in_BRCA1_tumour",0.109
1.61859630537806e-128,1.33157306778611,0.116,0.028,4.02463971332255e-124,"PARPBP","Higher_in_BRCA1_tumour",0.088
4.16438496891899e-237,1.33136762471101,0.189,0.041,1.03547432252171e-232,"MTR","Higher_in_BRCA1_tumour",0.148
0,1.33108810299344,0.816,0.369,0,"CDC123","Higher_in_BRCA1_tumour",0.447
1.25135994044982e-168,1.3277876507267,0.128,0.026,3.11150649192847e-164,"MYL5","Higher_in_BRCA1_tumour",0.102
0,1.32730486906662,0.802,0.328,0,"PUF60","Higher_in_BRCA1_tumour",0.474
0,1.32679379198146,0.335,0.075,0,"DCBLD2","Higher_in_BRCA1_tumour",0.26
0,1.32647223994737,0.363,0.087,0,"GPC4","Higher_in_BRCA1_tumour",0.276
0,1.32570427490376,0.298,0.067,0,"WDR3","Higher_in_BRCA1_tumour",0.231
1.20426462894913e-286,1.3248890457121,0.236,0.053,2.99440399988201e-282,"MORC3","Higher_in_BRCA1_tumour",0.183
1.93617326344078e-141,1.32463659058469,0.113,0.025,4.8142948195455e-137,"LOX","Higher_in_BRCA1_tumour",0.088
5.76200009212742e-289,1.32462788133833,0.233,0.052,1.43272132290748e-284,"ZNF439","Higher_in_BRCA1_tumour",0.181
7.65263024319649e-195,1.32446313511281,0.156,0.034,1.90282650997081e-190,"NPEPL1","Higher_in_BRCA1_tumour",0.122
0,1.32445505121079,0.333,0.08,0,"STT3A","Higher_in_BRCA1_tumour",0.253
2.09934332694075e-161,1.32404162796007,0.115,0.022,5.22001718243818e-157,"CLCF1","Higher_in_BRCA1_tumour",0.093
1.61955583595012e-287,1.32306517311783,0.23,0.051,4.02702558608998e-283,"ZFYVE16","Higher_in_BRCA1_tumour",0.179
8.16466010173619e-201,1.32283111063143,0.159,0.034,2.0301427342967e-196,"THAP2","Higher_in_BRCA1_tumour",0.125
3.17698751357795e-166,1.32237700986433,0.127,0.026,7.89957945251156e-162,"ERCC6L2","Higher_in_BRCA1_tumour",0.101
3.19441418590965e-247,1.32139610044907,0.188,0.039,7.94291087326435e-243,"AL050341.2","Higher_in_BRCA1_tumour",0.149
7.27858511926126e-204,1.32056029615401,0.177,0.042,1.80982018990431e-199,"UBE2E2","Higher_in_BRCA1_tumour",0.135
0,1.32024982191756,0.773,0.326,0,"DDX39A","Higher_in_BRCA1_tumour",0.447
0,1.3202236364062,0.435,0.111,0,"THUMPD3","Higher_in_BRCA1_tumour",0.324
0,1.320008976608,0.999,0.994,0,"RPS7","Higher_in_BRCA1_tumour",0.005
0,1.31884139651384,0.318,0.077,0,"PDCL","Higher_in_BRCA1_tumour",0.241
1.22113406115477e-208,1.31659200214613,0.171,0.038,3.03634984306135e-204,"TMEM25","Higher_in_BRCA1_tumour",0.133
0,1.31643510276132,0.355,0.089,0,"MCRS1","Higher_in_BRCA1_tumour",0.266
0,1.31631317267514,0.958,0.703,0,"EIF4A2","Higher_in_BRCA1_tumour",0.255
0,1.31600326149548,0.734,0.258,0,"PAK2","Higher_in_BRCA1_tumour",0.476
0,1.3135066249513,0.947,0.604,0,"PDIA6","Higher_in_BRCA1_tumour",0.343
0,1.31284759870749,0.727,0.28,0,"CCSER2","Higher_in_BRCA1_tumour",0.447
0,1.31263311765166,0.319,0.08,0,"BPNT1","Higher_in_BRCA1_tumour",0.239
0,1.31008713029088,0.489,0.129,0,"PLEKHA3","Higher_in_BRCA1_tumour",0.36
1.49409284119021e-243,1.31007262993168,0.19,0.04,3.71506184961946e-239,"ZFC3H1","Higher_in_BRCA1_tumour",0.15
1.0318588752053e-131,1.30902702760826,0.104,0.022,2.56571709319797e-127,"TRDMT1","Higher_in_BRCA1_tumour",0.082
5.35599709047083e-184,1.30822805619112,0.146,0.032,1.33176867654557e-179,"COQ8B","Higher_in_BRCA1_tumour",0.114
3.89670642602086e-167,1.30648626315937,0.134,0.029,9.68916052830086e-163,"LRP1","Higher_in_BRCA1_tumour",0.105
0,1.30554669706799,0.406,0.106,0,"C12orf10","Higher_in_BRCA1_tumour",0.3
0,1.30502311348894,0.829,0.378,0,"NOP53","Higher_in_BRCA1_tumour",0.451
0,1.30387598137225,0.833,0.373,0,"RABAC1","Higher_in_BRCA1_tumour",0.46
0,1.30244034688875,0.749,0.282,0,"NCBP2-AS2","Higher_in_BRCA1_tumour",0.467
0,1.30192066958649,0.364,0.089,0,"ATF1","Higher_in_BRCA1_tumour",0.275
0,1.30188372344005,0.31,0.078,0,"TMED7","Higher_in_BRCA1_tumour",0.232
0,1.30083123538575,0.336,0.084,0,"NDUFS1","Higher_in_BRCA1_tumour",0.252
0,1.29508907900433,0.718,0.342,0,"TNFSF10","Higher_in_BRCA1_tumour",0.376
0,1.29502880464284,0.401,0.097,0,"RAB5B","Higher_in_BRCA1_tumour",0.304
0,1.29412631473952,0.441,0.118,0,"SNX2","Higher_in_BRCA1_tumour",0.323
3.49762499969573e-142,1.29313227050347,0.103,0.02,8.69684456174343e-138,"NANOS3","Higher_in_BRCA1_tumour",0.083
0,1.29244167076966,0.851,0.381,0,"ARL6IP5","Higher_in_BRCA1_tumour",0.47
0,1.29137500123294,0.986,0.893,0,"HMGN1","Higher_in_BRCA1_tumour",0.093
0,1.29071890769181,0.884,0.454,0,"REXO2","Higher_in_BRCA1_tumour",0.43
0,1.28903377773594,0.307,0.075,0,"PHYH","Higher_in_BRCA1_tumour",0.232
0,1.2885073447799,0.936,0.578,0,"EPCAM","Higher_in_BRCA1_tumour",0.358
0,1.28830915778293,0.317,0.073,0,"NCAPD3","Higher_in_BRCA1_tumour",0.244
4.91501088917945e-230,1.28728115497556,0.205,0.05,1.22211745759447e-225,"LOXL1","Higher_in_BRCA1_tumour",0.155
1.04190174925564e-190,1.28684618053674,0.166,0.04,2.59068869952416e-186,"RNF6","Higher_in_BRCA1_tumour",0.126
0,1.28561570176981,0.609,0.193,0,"MRPL42","Higher_in_BRCA1_tumour",0.416
0,1.28560195090964,0.937,0.625,0,"DYNLT1","Higher_in_BRCA1_tumour",0.312
3.83458268328453e-205,1.28543200529343,0.17,0.038,9.53468984198699e-201,"SNHG10","Higher_in_BRCA1_tumour",0.132
1.27684349248628e-318,1.28537002897416,0.265,0.06,3.17487134406714e-314,"SHPRH","Higher_in_BRCA1_tumour",0.205
1.1862777175654e-157,1.28481477528486,0.114,0.022,2.94967954472637e-153,"MBTD1","Higher_in_BRCA1_tumour",0.092
0,1.2821721232284,0.324,0.08,0,"ANKRD35","Higher_in_BRCA1_tumour",0.244
0,1.2811838696289,0.359,0.088,0,"PHF3","Higher_in_BRCA1_tumour",0.271
9.80308102550077e-151,1.27589518293033,0.123,0.027,2.43753609699077e-146,"G6PC3","Higher_in_BRCA1_tumour",0.096
3.38134214605563e-147,1.27543124753588,0.132,0.032,8.40770724616734e-143,"SMOC1","Higher_in_BRCA1_tumour",0.1
7.40004326754153e-312,1.2740183117617,0.283,0.071,1.8400207584742e-307,"UBXN2A","Higher_in_BRCA1_tumour",0.212
7.90441707864104e-297,1.27225980707174,0.244,0.055,1.96543330660409e-292,"NACC1","Higher_in_BRCA1_tumour",0.189
0,1.27222137905972,0.865,0.441,0,"SLC3A2","Higher_in_BRCA1_tumour",0.424
4.37225004468196e-229,1.2714010849556,0.198,0.047,1.08715997361017e-224,"C21orf2","Higher_in_BRCA1_tumour",0.151
0,1.26924062761536,0.396,0.099,0,"MARCH7","Higher_in_BRCA1_tumour",0.297
3.3909498779545e-256,1.2675560844746,0.2,0.043,8.43159687153387e-252,"CENPC","Higher_in_BRCA1_tumour",0.157
2.46761560523137e-144,1.26707163441442,0.106,0.021,6.13572620240781e-140,"ADGRE2","Higher_in_BRCA1_tumour",0.085
0,1.26533005694311,0.289,0.068,0,"KAT6B","Higher_in_BRCA1_tumour",0.221
4.30387655713852e-303,1.2651810005792,0.261,0.062,1.07015890593249e-298,"TMEM216","Higher_in_BRCA1_tumour",0.199
3.84437243953272e-146,1.26504698059392,0.11,0.022,9.55903207089812e-142,"TRPV6","Higher_in_BRCA1_tumour",0.088
0,1.26399824980784,0.966,0.799,0,"HNRNPA1","Higher_in_BRCA1_tumour",0.167
0,1.26337663139992,0.399,0.101,0,"SMC6","Higher_in_BRCA1_tumour",0.298
2.1639881763334e-278,1.26325157587954,0.251,0.062,5.38075660045299e-274,"DBP","Higher_in_BRCA1_tumour",0.189
1.16224994316646e-179,1.26175489951223,0.143,0.031,2.88993448368341e-175,"ZNF160","Higher_in_BRCA1_tumour",0.112
2.19913780800296e-263,1.26169235681863,0.224,0.052,5.46815615959935e-259,"DYRK2","Higher_in_BRCA1_tumour",0.172
1.09583460834898e-190,1.25978089072303,0.16,0.037,2.72479275365975e-186,"KIF1BP","Higher_in_BRCA1_tumour",0.123
0,1.25963124809204,0.878,0.501,0,"RPL22L1","Higher_in_BRCA1_tumour",0.377
1.08773175596067e-127,1.25936627441827,0.109,0.025,2.70464501119621e-123,"SPPL2B","Higher_in_BRCA1_tumour",0.084
3.68919240640571e-71,1.25913700053593,0.1,0.035,9.17317691852779e-67,"MAP1B","Higher_in_BRCA1_tumour",0.065
0,1.25631131321383,0.361,0.085,0,"VAV3","Higher_in_BRCA1_tumour",0.276
8.2441078886813e-68,1.25102188959698,0.2,0.106,2.0498974265206e-63,"CENPA","Higher_in_BRCA1_tumour",0.094
0,1.24993776354139,0.296,0.068,0,"MOCS2","Higher_in_BRCA1_tumour",0.228
0,1.24925625700714,0.415,0.112,0,"GAS2L1","Higher_in_BRCA1_tumour",0.303
0,1.24866403882073,0.607,0.247,0,"KRT16","Higher_in_BRCA1_tumour",0.36
0,1.2483010089348,0.827,0.343,0,"BEX3","Higher_in_BRCA1_tumour",0.484
0,1.24820475887267,0.36,0.09,0,"PREB","Higher_in_BRCA1_tumour",0.27
7.97759605104877e-287,1.24605190109101,0.242,0.056,1.98362925809328e-282,"PPP2R3A","Higher_in_BRCA1_tumour",0.186
8.27904944060144e-287,1.24571393881633,0.264,0.067,2.05858564340555e-282,"FAM111B","Higher_in_BRCA1_tumour",0.197
3.05885102827051e-239,1.2440709204218,0.202,0.047,7.60583308179463e-235,"SPRYD4","Higher_in_BRCA1_tumour",0.155
0,1.24345096828432,0.618,0.207,0,"PDCD2","Higher_in_BRCA1_tumour",0.411
0,1.2429975021367,0.773,0.311,0,"PSMC4","Higher_in_BRCA1_tumour",0.462
1.34801896773748e-251,1.24262463348469,0.238,0.061,3.35184916327925e-247,"NAT14","Higher_in_BRCA1_tumour",0.177
3.34799662236326e-251,1.24230116484175,0.233,0.059,8.32479360150624e-247,"SLC4A1AP","Higher_in_BRCA1_tumour",0.174
1.30314806057924e-257,1.24187851316717,0.207,0.045,3.24027765263028e-253,"RMI1","Higher_in_BRCA1_tumour",0.162
0,1.24004993757627,0.25,0.051,0,"DNMT3A","Higher_in_BRCA1_tumour",0.199
0,1.23850037342794,0.417,0.112,0,"FAM84B","Higher_in_BRCA1_tumour",0.305
0,1.23792923370242,0.572,0.181,0,"GRSF1","Higher_in_BRCA1_tumour",0.391
0,1.23640359510207,0.956,0.684,0,"EEF2","Higher_in_BRCA1_tumour",0.272
0,1.23483091102167,0.585,0.191,0,"ALDH7A1","Higher_in_BRCA1_tumour",0.394
0,1.23455239945925,0.471,0.125,0,"OSBPL8","Higher_in_BRCA1_tumour",0.346
0,1.23430107127319,0.836,0.412,0,"ACTL6A","Higher_in_BRCA1_tumour",0.424
0,1.2334458484404,0.387,0.096,0,"MFN1","Higher_in_BRCA1_tumour",0.291
1.51474364358077e-263,1.23254312156929,0.214,0.048,3.76641006976357e-259,"PPFIA3","Higher_in_BRCA1_tumour",0.166
0,1.2322827112377,0.818,0.358,0,"PARP1","Higher_in_BRCA1_tumour",0.46
0,1.23187530269574,0.448,0.122,0,"RBM7","Higher_in_BRCA1_tumour",0.326
0,1.23187049763324,0.981,0.876,0,"SEC61B","Higher_in_BRCA1_tumour",0.105
1.3419809835376e-215,1.23015995898091,0.188,0.045,3.33683571556624e-211,"TENT2","Higher_in_BRCA1_tumour",0.143
3.10346950477464e-136,1.2295020274862,0.124,0.031,7.71677692362215e-132,"LRRN1","Higher_in_BRCA1_tumour",0.093
0,1.22637257375263,0.41,0.108,0,"HLTF","Higher_in_BRCA1_tumour",0.302
1.66828894843816e-55,1.22582915182909,0.143,0.071,4.14820047029148e-51,"ASPM","Higher_in_BRCA1_tumour",0.072
0,1.22451024530686,0.483,0.151,0,"BSPRY","Higher_in_BRCA1_tumour",0.332
3.04261445001114e-293,1.22248104844807,0.268,0.067,7.5654608299527e-289,"WDR12","Higher_in_BRCA1_tumour",0.201
8.34808884315909e-209,1.22122158014049,0.18,0.042,2.07575229085151e-204,"CDK5RAP2","Higher_in_BRCA1_tumour",0.138
1.19322315948054e-201,1.22121689642164,0.18,0.044,2.96694938604835e-197,"BUD13","Higher_in_BRCA1_tumour",0.136
0,1.2212050725587,0.531,0.16,0,"MRPL16","Higher_in_BRCA1_tumour",0.371
0,1.22077178536437,0.451,0.125,0,"TOP1MT","Higher_in_BRCA1_tumour",0.326
1.12503739268348e-180,1.21959586807795,0.156,0.037,2.79740547690748e-176,"OCEL1","Higher_in_BRCA1_tumour",0.119
0,1.21930154433718,0.787,0.317,0,"FXR1","Higher_in_BRCA1_tumour",0.47
5.73555319595651e-239,1.21786465532041,0.232,0.061,1.42614530217459e-234,"RASL11B","Higher_in_BRCA1_tumour",0.171
0,1.21669896255649,0.513,0.179,0,"BCL2L12","Higher_in_BRCA1_tumour",0.334
6.84889151792615e-228,1.21427886584855,0.2,0.048,1.70297687593234e-223,"NAALADL2","Higher_in_BRCA1_tumour",0.152
0,1.21309044717399,0.328,0.079,0,"PLEKHB1","Higher_in_BRCA1_tumour",0.249
0,1.21239834149278,0.653,0.228,0,"TRMT10C","Higher_in_BRCA1_tumour",0.425
0,1.21119827139372,0.425,0.117,0,"CDK5RAP3","Higher_in_BRCA1_tumour",0.308
0,1.20905102844738,0.803,0.366,0,"XRCC5","Higher_in_BRCA1_tumour",0.437
0,1.20891487051331,0.674,0.219,0,"PCMTD1","Higher_in_BRCA1_tumour",0.455
1.43287101539199e-127,1.20875101981804,0.111,0.026,3.56283377977218e-123,"ZNF124","Higher_in_BRCA1_tumour",0.085
0,1.20875003339615,0.469,0.141,0,"MRPL39","Higher_in_BRCA1_tumour",0.328
1.13831151208455e-304,1.20773554225429,0.287,0.074,2.83041157479823e-300,"CEBPZOS","Higher_in_BRCA1_tumour",0.213
0,1.20771950742419,0.305,0.077,0,"RXYLT1","Higher_in_BRCA1_tumour",0.228
0,1.20569122630908,0.514,0.149,0,"MTIF3","Higher_in_BRCA1_tumour",0.365
1.97626258336499e-323,1.20568470580799,0.281,0.067,4.91397691353704e-319,"TTLL7","Higher_in_BRCA1_tumour",0.214
0,1.20471621713711,0.397,0.107,0,"FHL3","Higher_in_BRCA1_tumour",0.29
0,1.20340246103228,0.296,0.068,0,"MLLT11","Higher_in_BRCA1_tumour",0.228
0,1.20169910577528,0.359,0.09,0,"PUS7L","Higher_in_BRCA1_tumour",0.269
0,1.20110278407292,0.778,0.333,0,"DCUN1D5","Higher_in_BRCA1_tumour",0.445
0,1.20099640674894,0.37,0.101,0,"GOLPH3L","Higher_in_BRCA1_tumour",0.269
0,1.20078738369587,0.412,0.111,0,"CSAD","Higher_in_BRCA1_tumour",0.301
2.03587871704815e-235,1.19994934781464,0.219,0.056,5.06221242994022e-231,"PJA2","Higher_in_BRCA1_tumour",0.163
0,1.1983374483572,0.338,0.086,0,"NUDT14","Higher_in_BRCA1_tumour",0.252
0,1.19828884052023,0.314,0.076,0,"BCAT2","Higher_in_BRCA1_tumour",0.238
4.51180726506302e-289,1.19797694171054,0.268,0.068,1.12186087645792e-284,"BOC","Higher_in_BRCA1_tumour",0.2
1.18123456403186e-277,1.19796323740535,0.255,0.064,2.93713974346521e-273,"LARP4B","Higher_in_BRCA1_tumour",0.191
0,1.19771310679382,0.305,0.076,0,"TCAF1","Higher_in_BRCA1_tumour",0.229
6.7213011706972e-182,1.19692354065619,0.158,0.037,1.67125153609386e-177,"NUP35","Higher_in_BRCA1_tumour",0.121
0,1.19676461628547,0.427,0.118,0,"RCOR3","Higher_in_BRCA1_tumour",0.309
0,1.19667018299852,0.312,0.074,0,"KIF2A","Higher_in_BRCA1_tumour",0.238
0,1.19648172877039,0.427,0.12,0,"EIPR1","Higher_in_BRCA1_tumour",0.307
0,1.19632468016991,0.435,0.132,0,"GATA3","Higher_in_BRCA1_tumour",0.303
4.37055443331725e-253,1.19547995086808,0.235,0.059,1.08673835984434e-248,"RNF146","Higher_in_BRCA1_tumour",0.176
0,1.19265312214843,0.529,0.155,0,"SMIM15","Higher_in_BRCA1_tumour",0.374
3.64942738980326e-185,1.19011290032675,0.154,0.035,9.07430120474581e-181,"ZNF71","Higher_in_BRCA1_tumour",0.119
0,1.18730028927356,0.865,0.405,0,"LAMTOR2","Higher_in_BRCA1_tumour",0.46
4.17978434638756e-137,1.18703964640513,0.114,0.026,1.03930337772927e-132,"THAP6","Higher_in_BRCA1_tumour",0.088
0,1.18586305341884,0.358,0.088,0,"LINC00885","Higher_in_BRCA1_tumour",0.27
3.81276815277365e-220,1.18540010240517,0.185,0.043,9.48044801187168e-216,"CCDC88C","Higher_in_BRCA1_tumour",0.142
7.98416316162324e-77,1.18524064691785,0.155,0.067,1.98526217013762e-72,"IFI44","Higher_in_BRCA1_tumour",0.088
0,1.18463590820081,0.285,0.067,0,"RPRD2","Higher_in_BRCA1_tumour",0.218
0,1.1845175024474,0.343,0.086,0,"NINJ2","Higher_in_BRCA1_tumour",0.257
0,1.18381117130621,0.964,0.798,0,"TRIR","Higher_in_BRCA1_tumour",0.166
0,1.18360829950687,0.314,0.08,0,"SMOX","Higher_in_BRCA1_tumour",0.234
0,1.18260098395741,0.331,0.085,0,"GCC2","Higher_in_BRCA1_tumour",0.246
0,1.18216594468044,0.516,0.156,0,"GTF2F2","Higher_in_BRCA1_tumour",0.36
0,1.17926339091787,0.644,0.213,0,"GPBP1","Higher_in_BRCA1_tumour",0.431
2.09070233527318e-213,1.17921088490587,0.188,0.045,5.19853135665676e-209,"YLPM1","Higher_in_BRCA1_tumour",0.143
6.81703288572648e-103,1.17842096902811,0.133,0.043,1.69505522703589e-98,"EMP3","Higher_in_BRCA1_tumour",0.09
0,1.17812406711373,0.473,0.139,0,"ACTR6","Higher_in_BRCA1_tumour",0.334
7.06162880217729e-210,1.17655349404376,0.193,0.048,1.75587400166138e-205,"HINT3","Higher_in_BRCA1_tumour",0.145
4.26241438034987e-184,1.1760679046114,0.155,0.036,1.05984933567399e-179,"PCNX4","Higher_in_BRCA1_tumour",0.119
4.52227351087972e-264,1.17548655059812,0.25,0.065,1.12446330848024e-259,"FAM174A","Higher_in_BRCA1_tumour",0.185
3.94090345816911e-316,1.17411830820887,0.273,0.064,9.79905644873748e-312,"VPS13A","Higher_in_BRCA1_tumour",0.209
0,1.17386455188915,0.702,0.277,0,"BLVRB","Higher_in_BRCA1_tumour",0.425
2.92284706697765e-223,1.17264462250035,0.212,0.055,7.26765923203993e-219,"YARS2","Higher_in_BRCA1_tumour",0.157
0,1.17232683527719,0.423,0.116,0,"CTDSP2","Higher_in_BRCA1_tumour",0.307
2.97597050824302e-143,1.17193399754676,0.121,0.028,7.39975066874628e-139,"TBC1D8B","Higher_in_BRCA1_tumour",0.093
0,1.17097168461929,0.428,0.119,0,"CUL5","Higher_in_BRCA1_tumour",0.309
4.24179396902238e-136,1.17074281362159,0.118,0.028,1.05472207039741e-131,"FRS2","Higher_in_BRCA1_tumour",0.09
0,1.16889017219026,0.404,0.116,0,"USO1","Higher_in_BRCA1_tumour",0.288
0,1.16876250007259,0.435,0.12,0,"PRPF4B","Higher_in_BRCA1_tumour",0.315
1.19321183260981e-147,1.16843188577747,0.116,0.025,2.96692122178428e-143,"C2orf54","Higher_in_BRCA1_tumour",0.091
0,1.16828227606263,0.772,0.322,0,"PAFAH1B3","Higher_in_BRCA1_tumour",0.45
0,1.16806604063596,0.858,0.441,0,"HIGD2A","Higher_in_BRCA1_tumour",0.417
0,1.16791073293096,0.528,0.154,0,"ZNF428","Higher_in_BRCA1_tumour",0.374
0,1.16763265053484,0.974,0.789,0,"NUCKS1","Higher_in_BRCA1_tumour",0.185
0,1.16605308314853,0.676,0.256,0,"ATG101","Higher_in_BRCA1_tumour",0.42
7.92736268459997e-136,1.16564630733549,0.111,0.025,1.97113873152578e-131,"ATR","Higher_in_BRCA1_tumour",0.086
5.09500883298462e-210,1.16344891799908,0.181,0.042,1.26687394632163e-205,"SNIP1","Higher_in_BRCA1_tumour",0.139
0,1.16298773162099,0.404,0.114,0,"PSPC1","Higher_in_BRCA1_tumour",0.29
1.57252192052889e-150,1.1629588050793,0.129,0.03,3.91007575539509e-146,"TARS2","Higher_in_BRCA1_tumour",0.099
0,1.16113881825511,0.405,0.113,0,"LINC02001","Higher_in_BRCA1_tumour",0.292
9.11428183637143e-296,1.1606913931039,0.266,0.065,2.26626617861376e-291,"PCGF2","Higher_in_BRCA1_tumour",0.201
0,1.15923607693199,0.951,0.67,0,"COPE","Higher_in_BRCA1_tumour",0.281
2.83921167242254e-155,1.15865982657998,0.136,0.033,7.05969982347864e-151,"PNPO","Higher_in_BRCA1_tumour",0.103
0,1.15831905941885,0.314,0.082,0,"KATNA1","Higher_in_BRCA1_tumour",0.232
0,1.1569700406441,0.632,0.208,0,"GTF2H5","Higher_in_BRCA1_tumour",0.424
1.42496449696296e-206,1.15639611562687,0.193,0.049,3.54317422169841e-202,"SCYL2","Higher_in_BRCA1_tumour",0.144
0,1.15478822581775,0.734,0.275,0,"KCNQ1OT1","Higher_in_BRCA1_tumour",0.459
0,1.15411295154295,0.515,0.161,0,"UROD","Higher_in_BRCA1_tumour",0.354
5.24587719749955e-259,1.15352429391823,0.239,0.06,1.30438736515826e-254,"PAF1","Higher_in_BRCA1_tumour",0.179
4.24625995565555e-198,1.15239424223254,0.185,0.047,1.05583253797375e-193,"CAPN7","Higher_in_BRCA1_tumour",0.138
0,1.15233681309882,0.585,0.189,0,"PRKRA","Higher_in_BRCA1_tumour",0.396
1.57288995059753e-151,1.14984208802874,0.129,0.03,3.91099086216077e-147,"ZMYM1","Higher_in_BRCA1_tumour",0.099
6.21748636470597e-179,1.14957080481063,0.16,0.039,1.54597798458414e-174,"ST6GALNAC4","Higher_in_BRCA1_tumour",0.121
1.64836075048796e-267,1.14924607003674,0.283,0.08,4.09864900608832e-263,"DPAGT1","Higher_in_BRCA1_tumour",0.203
0,1.14819668725788,0.714,0.282,0,"CHCHD1","Higher_in_BRCA1_tumour",0.432
1.08628510459935e-148,1.14817374922861,0.123,0.028,2.70104791258629e-144,"POLR3G","Higher_in_BRCA1_tumour",0.095
0,1.14816526316881,0.932,0.626,0,"CCT8","Higher_in_BRCA1_tumour",0.306
2.14911523809391e-236,1.14804955251992,0.208,0.05,5.34377503952051e-232,"MCM3AP","Higher_in_BRCA1_tumour",0.158
1.77490284861561e-120,1.14798906916969,0.128,0.036,4.4132959330827e-116,"TSPYL5","Higher_in_BRCA1_tumour",0.092
0,1.14664740290106,0.96,0.737,0,"BRK1","Higher_in_BRCA1_tumour",0.223
1.42601198408869e-177,1.14531029464717,0.159,0.038,3.54577879843653e-173,"SIPA1L1","Higher_in_BRCA1_tumour",0.121
0,1.14490460173728,0.452,0.14,0,"PLK2","Higher_in_BRCA1_tumour",0.312
8.58261694227988e-245,1.14416659064107,0.388,0.148,2.13406770269789e-240,"STAT1","Higher_in_BRCA1_tumour",0.24
2.13036688952836e-165,1.14331596037869,0.147,0.035,5.29715727081226e-161,"PGGT1B","Higher_in_BRCA1_tumour",0.112
0,1.14270797446871,0.693,0.269,0,"MRPL58","Higher_in_BRCA1_tumour",0.424
3.38325372731456e-121,1.14174238637636,0.1,0.022,8.41246039296766e-117,"SLC16A11","Higher_in_BRCA1_tumour",0.078
1.31522654625159e-174,1.14077271573042,0.147,0.034,3.27031080725459e-170,"ZNF579","Higher_in_BRCA1_tumour",0.113
8.75460784709473e-214,1.1404272471448,0.218,0.06,2.17683324118011e-209,"KIF1B","Higher_in_BRCA1_tumour",0.158
3.79784615272502e-285,1.13978229757424,0.272,0.071,9.44334445875077e-281,"ARHGEF12","Higher_in_BRCA1_tumour",0.201
0,1.13846312348247,0.953,0.689,0,"PSMB1","Higher_in_BRCA1_tumour",0.264
2.07008615373429e-184,1.13844861898601,0.185,0.05,5.1472692212603e-180,"RGCC","Higher_in_BRCA1_tumour",0.135
0,1.13788840495781,0.94,0.602,0,"SSR2","Higher_in_BRCA1_tumour",0.338
8.90235220155723e-217,1.13693842061136,0.202,0.051,2.21356987491721e-212,"AP5M1","Higher_in_BRCA1_tumour",0.151
3.7233837592178e-108,1.13640318753775,0.105,0.028,9.25819371729506e-104,"TET2","Higher_in_BRCA1_tumour",0.077
0,1.1363747738171,0.984,0.966,0,"RPL27","Higher_in_BRCA1_tumour",0.018
0,1.13593750805472,0.668,0.289,0,"IDI1","Higher_in_BRCA1_tumour",0.379
9.48423624978478e-118,1.13531837780176,0.101,0.023,2.35825534350899e-113,"STX17-AS1","Higher_in_BRCA1_tumour",0.078
0,1.13343967495076,0.99,0.944,0,"RACK1","Higher_in_BRCA1_tumour",0.046
0,1.13287168352895,0.787,0.325,0,"EIF4G1","Higher_in_BRCA1_tumour",0.462
1.74650662640573e-147,1.13131642165578,0.127,0.03,4.34268872655785e-143,"ZNF324","Higher_in_BRCA1_tumour",0.097
1.34396023937414e-142,1.13111745912386,0.126,0.03,3.34175713520381e-138,"TRMT5","Higher_in_BRCA1_tumour",0.096
6.12000075888704e-161,1.12977146722894,0.136,0.031,1.52173818869726e-156,"IRAK4","Higher_in_BRCA1_tumour",0.105
7.30842019135768e-233,1.12815140212493,0.202,0.047,1.81723868058109e-228,"LRP11","Higher_in_BRCA1_tumour",0.155
0,1.12707217075488,0.508,0.161,0,"RRP1B","Higher_in_BRCA1_tumour",0.347
0,1.1269231707003,0.322,0.086,0,"TBPL1","Higher_in_BRCA1_tumour",0.236
1.85312459704178e-304,1.12550919799219,0.295,0.078,4.60779431054439e-300,"PART1","Higher_in_BRCA1_tumour",0.217
0,1.12433282306389,0.386,0.109,0,"SERTAD3","Higher_in_BRCA1_tumour",0.277
9.38077501102316e-318,1.12361418537124,0.322,0.088,2.33252970649091e-313,"TMX4","Higher_in_BRCA1_tumour",0.234
0,1.12270922155104,0.462,0.15,0,"PFKP","Higher_in_BRCA1_tumour",0.312
2.39163497268777e-173,1.1206454402193,0.154,0.037,5.94680035958814e-169,"C3orf58","Higher_in_BRCA1_tumour",0.117
7.16683725951111e-185,1.12008903456672,0.18,0.047,1.78203408457744e-180,"GOLGA5","Higher_in_BRCA1_tumour",0.133
0,1.11842347619774,0.401,0.114,0,"GLI4","Higher_in_BRCA1_tumour",0.287
0,1.11819894656261,0.666,0.235,0,"SCPEP1","Higher_in_BRCA1_tumour",0.431
0,1.11463254515075,0.45,0.14,0,"U2AF2","Higher_in_BRCA1_tumour",0.31
0,1.1145857435715,0.676,0.256,0,"ENAH","Higher_in_BRCA1_tumour",0.42
2.59932392580976e-280,1.11308110495521,0.258,0.065,6.46321894152596e-276,"NKAPD1","Higher_in_BRCA1_tumour",0.193
0,1.11290729221402,0.857,0.453,0,"DPY30","Higher_in_BRCA1_tumour",0.404
2.90092584115292e-148,1.11261117411546,0.131,0.031,7.21315210402674e-144,"POLD1","Higher_in_BRCA1_tumour",0.1
0,1.11154587554802,0.421,0.124,0,"SUGP2","Higher_in_BRCA1_tumour",0.297
6.20367701350495e-174,1.1107128358814,0.164,0.042,1.54254428940801e-169,"TRMT61B","Higher_in_BRCA1_tumour",0.122
0,1.11024675913924,0.906,0.529,0,"SF3B5","Higher_in_BRCA1_tumour",0.377
0,1.1097255398012,0.738,0.289,0,"UBE2E3","Higher_in_BRCA1_tumour",0.449
0,1.10709393302171,0.772,0.358,0,"PRMT1","Higher_in_BRCA1_tumour",0.414
0,1.10684492025219,0.32,0.083,0,"MRI1","Higher_in_BRCA1_tumour",0.237
8.4616038076048e-196,1.10648022575624,0.174,0.042,2.10397778676093e-191,"HOXA10","Higher_in_BRCA1_tumour",0.132
0,1.10564500925775,0.93,0.603,0,"HSPA8","Higher_in_BRCA1_tumour",0.327
6.41255253554941e-134,1.10483092537993,0.14,0.039,1.59448118796436e-129,"CEMIP2","Higher_in_BRCA1_tumour",0.101
0,1.1043193524889,0.955,0.743,0,"ATP5MC2","Higher_in_BRCA1_tumour",0.212
1.44842435599426e-277,1.10425540768817,0.282,0.077,3.60150716117972e-273,"FBXO17","Higher_in_BRCA1_tumour",0.205
4.1447967975232e-295,1.10373177892964,0.346,0.107,1.03060372370414e-290,"MIS18BP1","Higher_in_BRCA1_tumour",0.239
1.99935317831214e-94,1.10305374157004,0.101,0.029,4.97139167787313e-90,"TIGAR","Higher_in_BRCA1_tumour",0.072
3.66926768067914e-234,1.10231128110779,0.216,0.054,9.12363408800867e-230,"ZNF431","Higher_in_BRCA1_tumour",0.162
2.20427408561015e-149,1.10175972107988,0.135,0.033,5.48092751386965e-145,"CCNO","Higher_in_BRCA1_tumour",0.102
6.96321160361303e-229,1.099206016374,0.235,0.064,1.73140256523838e-224,"DBN1","Higher_in_BRCA1_tumour",0.171
1.95242890347573e-159,1.09886035994452,0.153,0.04,4.85471446849241e-155,"GTF3C3","Higher_in_BRCA1_tumour",0.113
0,1.0982696932411,0.84,0.414,0,"TMED10","Higher_in_BRCA1_tumour",0.426
5.18835148353869e-170,1.09796100794134,0.169,0.045,1.2900835963819e-165,"NAV2","Higher_in_BRCA1_tumour",0.124
1.35617072606828e-211,1.09731492211177,0.193,0.048,3.37211851036879e-207,"KHDC1","Higher_in_BRCA1_tumour",0.145
1.43975872884155e-276,1.09676707601263,0.271,0.071,3.57996007926452e-272,"RALB","Higher_in_BRCA1_tumour",0.2
1.1908354377605e-152,1.09606042000489,0.128,0.029,2.96101231599149e-148,"FNDC3A","Higher_in_BRCA1_tumour",0.099
1.22967389210936e-261,1.09535112208939,0.258,0.069,3.05758413272992e-257,"DTNB","Higher_in_BRCA1_tumour",0.189
0,1.09379908564022,0.64,0.24,0,"NIFK","Higher_in_BRCA1_tumour",0.4
0,1.08959293487341,0.875,0.486,0,"SLC9A3R1","Higher_in_BRCA1_tumour",0.389
2.12673614511833e-227,1.08957473655914,0.221,0.058,5.28812942483672e-223,"METTL21A","Higher_in_BRCA1_tumour",0.163
0,1.08948713832901,0.95,0.705,0,"ATP6V1G1","Higher_in_BRCA1_tumour",0.245
0,1.0888565937367,0.395,0.11,0,"ZMYM2","Higher_in_BRCA1_tumour",0.285
4.06703420734404e-124,1.0888078678998,0.123,0.033,1.0112680556561e-119,"PROSER2","Higher_in_BRCA1_tumour",0.09
4.77009096843097e-148,1.08743504544968,0.136,0.034,1.18608311930036e-143,"TEFM","Higher_in_BRCA1_tumour",0.102
5.26433409614262e-246,1.08553636247246,0.26,0.074,1.30897667300586e-241,"PRRC2B","Higher_in_BRCA1_tumour",0.186
0,1.08345649319425,0.555,0.181,0,"EIF2B5","Higher_in_BRCA1_tumour",0.374
0,1.08337386057499,0.451,0.133,0,"WRB","Higher_in_BRCA1_tumour",0.318
1.24057572855419e-252,1.08243575437661,0.248,0.066,3.08469154905e-248,"VAT1","Higher_in_BRCA1_tumour",0.182
0,1.08073995570242,0.774,0.351,0,"PPP4C","Higher_in_BRCA1_tumour",0.423
0,1.07983334502687,0.777,0.318,0,"VPS28","Higher_in_BRCA1_tumour",0.459
3.18853668008046e-284,1.07763747428552,0.249,0.059,7.92829645502006e-280,"BCL9L","Higher_in_BRCA1_tumour",0.19
2.01696235263731e-264,1.07704585434564,0.251,0.064,5.01517688983267e-260,"STK40","Higher_in_BRCA1_tumour",0.187
3.76997779190455e-318,1.07648513878024,0.323,0.088,9.37404977957066e-314,"MTF1","Higher_in_BRCA1_tumour",0.235
1.76637102359202e-231,1.07421471771911,0.224,0.058,4.39208155016156e-227,"SCAMP1","Higher_in_BRCA1_tumour",0.166
0,1.07397982056989,0.6,0.217,0,"ARID4B","Higher_in_BRCA1_tumour",0.383
0,1.07246730015948,0.851,0.434,0,"PSMA5","Higher_in_BRCA1_tumour",0.417
0,1.07183234960475,1,0.999,0,"EEF1A1","Higher_in_BRCA1_tumour",0.001
1.01596658754829e-139,1.0705030067633,0.135,0.035,2.52620091993882e-135,"TMTC3","Higher_in_BRCA1_tumour",0.1
7.26484033866303e-161,1.07050236707069,0.15,0.038,1.80640255020856e-156,"PTP4A3","Higher_in_BRCA1_tumour",0.112
5.15409430950874e-137,1.0702161362402,0.139,0.038,1.28156555005935e-132,"C11orf71","Higher_in_BRCA1_tumour",0.101
0,1.06989449065009,0.568,0.193,0,"FUBP1","Higher_in_BRCA1_tumour",0.375
0,1.06885413653663,0.658,0.253,0,"MSRB2","Higher_in_BRCA1_tumour",0.405
0,1.06827335625859,0.417,0.125,0,"EPN1","Higher_in_BRCA1_tumour",0.292
1.4993972542664e-158,1.06826560527047,0.129,0.029,3.72825127273341e-154,"PEG3","Higher_in_BRCA1_tumour",0.1
2.97063796786741e-259,1.06819762949272,0.28,0.08,7.38649130710232e-255,"MARS","Higher_in_BRCA1_tumour",0.2
8.68323651572722e-156,1.0670687704869,0.148,0.038,2.15908675963557e-151,"FAM120B","Higher_in_BRCA1_tumour",0.11
0,1.06554249874496,0.766,0.346,0,"NDUFA8","Higher_in_BRCA1_tumour",0.42
1.94439385663374e-186,1.06534601766024,0.195,0.055,4.83473532451978e-182,"CHDH","Higher_in_BRCA1_tumour",0.14
0,1.06527158882881,0.917,0.619,0,"POLR2H","Higher_in_BRCA1_tumour",0.298
1.14164588214535e-262,1.06436033887314,0.252,0.065,2.83870248595442e-258,"TGIF2","Higher_in_BRCA1_tumour",0.187
1.83438733513697e-286,1.06329884105114,0.423,0.155,4.56120410881809e-282,"EIF2AK2","Higher_in_BRCA1_tumour",0.268
0,1.06246104007993,0.552,0.18,0,"DLG1","Higher_in_BRCA1_tumour",0.372
0,1.06139273395658,0.53,0.18,0,"RNPEP","Higher_in_BRCA1_tumour",0.35
0,1.06097165310399,0.422,0.132,0,"RPP38","Higher_in_BRCA1_tumour",0.29
0,1.06014232416819,0.545,0.182,0,"ARMCX3","Higher_in_BRCA1_tumour",0.363
0,1.05907004412325,0.849,0.46,0,"MRPS15","Higher_in_BRCA1_tumour",0.389
0,1.05874028040392,0.579,0.207,0,"MRPS23","Higher_in_BRCA1_tumour",0.372
4.99367082435682e-181,1.05867265137554,0.183,0.05,1.24167625047632e-176,"NIF3L1","Higher_in_BRCA1_tumour",0.133
0,1.05704711601386,0.599,0.21,0,"DCTN2","Higher_in_BRCA1_tumour",0.389
0,1.05659936815557,0.45,0.141,0,"ARL5B","Higher_in_BRCA1_tumour",0.309
0,1.05614298623303,0.371,0.11,0,"ARL4C","Higher_in_BRCA1_tumour",0.261
0,1.05539187422189,0.852,0.447,0,"ERP29","Higher_in_BRCA1_tumour",0.405
8.31831546974826e-210,1.05510047583528,0.196,0.049,2.0683491415529e-205,"UBL3","Higher_in_BRCA1_tumour",0.147
1.65041930055095e-104,1.05498265745221,0.12,0.036,4.10376759081993e-100,"CA11","Higher_in_BRCA1_tumour",0.084
0,1.0545501412372,0.454,0.144,0,"NUP62","Higher_in_BRCA1_tumour",0.31
0,1.05424154758406,0.589,0.222,0,"SHMT2","Higher_in_BRCA1_tumour",0.367
0,1.05313844399695,0.544,0.195,0,"FDX1","Higher_in_BRCA1_tumour",0.349
1.25981562389478e-120,1.05255375670779,0.107,0.026,3.13253154881437e-116,"TBCE","Higher_in_BRCA1_tumour",0.081
3.79185417375327e-141,1.05247594309775,0.14,0.037,9.42844540303749e-137,"GPR137","Higher_in_BRCA1_tumour",0.103
0,1.05084569749709,0.363,0.107,0,"INTS11","Higher_in_BRCA1_tumour",0.256
1.93435507142784e-119,1.04992358739484,0.108,0.026,4.80977388510532e-115,"FKBP15","Higher_in_BRCA1_tumour",0.082
0,1.04989563393493,0.524,0.171,0,"UBE2E1","Higher_in_BRCA1_tumour",0.353
2.3314040548723e-190,1.04961961071232,0.186,0.049,5.79703618243997e-186,"SUPT7L","Higher_in_BRCA1_tumour",0.137
0,1.04961914006552,0.996,0.99,0,"H3F3A","Higher_in_BRCA1_tumour",0.00600000000000001
0,1.04884143876009,0.984,0.918,0,"ATP5MG","Higher_in_BRCA1_tumour",0.0659999999999999
0,1.04856100282296,0.385,0.115,0,"DDB1","Higher_in_BRCA1_tumour",0.27
1.33997576473722e-313,1.04833862852749,0.356,0.107,3.3318497390191e-309,"SERTAD1","Higher_in_BRCA1_tumour",0.249
0,1.04792828894235,0.372,0.112,0,"SDAD1","Higher_in_BRCA1_tumour",0.26
0,1.04781164017723,0.648,0.234,0,"COMMD3","Higher_in_BRCA1_tumour",0.414
0,1.04770585739332,0.733,0.296,0,"SELENOT","Higher_in_BRCA1_tumour",0.437
0,1.04729441907999,0.513,0.162,0,"FNBP1L","Higher_in_BRCA1_tumour",0.351
1.00916898421888e-179,1.04679698922043,0.18,0.048,2.50929867926024e-175,"ZNF33B","Higher_in_BRCA1_tumour",0.132
0,1.04449713738575,0.5,0.161,0,"TMF1","Higher_in_BRCA1_tumour",0.339
1.01098535169966e-171,1.04419345565335,0.163,0.042,2.5138150770012e-167,"SART3","Higher_in_BRCA1_tumour",0.121
0,1.04378472757292,0.809,0.393,0,"HSPA5","Higher_in_BRCA1_tumour",0.416
1.15990622504629e-168,1.04291575242598,0.168,0.045,2.88410682857759e-164,"NCOA1","Higher_in_BRCA1_tumour",0.123
8.36778963429191e-239,1.04233831693742,0.25,0.07,2.08065089256668e-234,"MAP3K2","Higher_in_BRCA1_tumour",0.18
0,1.04123602260783,0.805,0.366,0,"FKBP8","Higher_in_BRCA1_tumour",0.439
0,1.04030409757547,0.63,0.238,0,"PPA2","Higher_in_BRCA1_tumour",0.392
3.57217565461666e-304,1.03942373226882,0.295,0.077,8.88221476520433e-300,"ATXN2","Higher_in_BRCA1_tumour",0.218
0,1.03881992915762,0.658,0.259,0,"LSM10","Higher_in_BRCA1_tumour",0.399
2.27722097951699e-195,1.03782759559538,0.179,0.044,5.662309965569e-191,"WDR53","Higher_in_BRCA1_tumour",0.135
1.98349951851397e-193,1.03732856591167,0.196,0.053,4.93197155278499e-189,"KLHDC10","Higher_in_BRCA1_tumour",0.143
0,1.0370652093094,0.957,0.659,0,"CRYAB","Higher_in_BRCA1_tumour",0.298
6.76783363916028e-236,1.03509300687386,0.253,0.071,1.6828218343772e-231,"FBXW9","Higher_in_BRCA1_tumour",0.182
7.75147864938947e-144,1.03449132170409,0.143,0.038,1.92740516617069e-139,"SKI","Higher_in_BRCA1_tumour",0.105
3.23801533140701e-252,1.03420609562175,0.25,0.066,8.05132512154354e-248,"EXTL2","Higher_in_BRCA1_tumour",0.184
0,1.03389299454874,0.57,0.214,0,"FOSB","Higher_in_BRCA1_tumour",0.356
5.49575830122105e-141,1.03332027223129,0.135,0.035,1.36652030159861e-136,"GUF1","Higher_in_BRCA1_tumour",0.1
0,1.03307876577049,0.978,0.868,0,"NPM1","Higher_in_BRCA1_tumour",0.11
0,1.03181190789556,0.504,0.159,0,"ORC4","Higher_in_BRCA1_tumour",0.345
0,1.02972615132297,0.987,0.979,0,"RPL23A","Higher_in_BRCA1_tumour",0.00800000000000001
0,1.02833950477794,0.675,0.259,0,"EXOSC4","Higher_in_BRCA1_tumour",0.416
2.68320465024837e-114,1.0280186769578,0.119,0.033,6.67178836284257e-110,"SLC30A6","Higher_in_BRCA1_tumour",0.086
6.08069640286177e-162,1.02769510518969,0.148,0.037,1.51196516057158e-157,"AC008556.1","Higher_in_BRCA1_tumour",0.111
1.72131546302346e-298,1.02699749432647,0.311,0.086,4.28005089880784e-294,"AC245297.3","Higher_in_BRCA1_tumour",0.225
0,1.02697780008402,0.426,0.125,0,"FGD5-AS1","Higher_in_BRCA1_tumour",0.301
0,1.02683183126068,0.408,0.119,0,"POGZ","Higher_in_BRCA1_tumour",0.289
0,1.02672574979089,0.402,0.121,0,"ZNF638","Higher_in_BRCA1_tumour",0.281
4.22334137245354e-287,1.02629177893052,0.273,0.07,1.05013383226057e-282,"URB1-AS1","Higher_in_BRCA1_tumour",0.203
1.54507678866106e-134,1.02468173507528,0.136,0.037,3.84183343500572e-130,"AP1AR","Higher_in_BRCA1_tumour",0.099
1.44459775527436e-226,1.02263308588584,0.222,0.058,3.5919923184897e-222,"ITSN1","Higher_in_BRCA1_tumour",0.164
0,1.02174560176605,0.594,0.213,0,"TMBIM4","Higher_in_BRCA1_tumour",0.381
1.66295258594061e-262,1.02146320809502,0.269,0.074,4.13493160494132e-258,"MAGI3","Higher_in_BRCA1_tumour",0.195
1.31389166851089e-151,1.0206736204416,0.146,0.038,3.26699163375233e-147,"TMEM116","Higher_in_BRCA1_tumour",0.108
0,1.02065328216485,0.378,0.114,0,"ZNF33A","Higher_in_BRCA1_tumour",0.264
1.50728915641647e-250,1.02001069067048,0.255,0.069,3.74787448742956e-246,"GEMIN6","Higher_in_BRCA1_tumour",0.186
0,1.01865124575569,0.941,0.685,0,"TBCA","Higher_in_BRCA1_tumour",0.256
1.4092703980038e-224,1.01853962230169,0.248,0.072,3.50415084463646e-220,"SUV39H2","Higher_in_BRCA1_tumour",0.176
0,1.01851736912914,0.994,0.999,0,"MALAT1","Higher_in_BRCA1_tumour",-0.005
0,1.01846493775711,0.803,0.379,0,"PSMA3","Higher_in_BRCA1_tumour",0.424
1.57466432815765e-162,1.01706743869838,0.16,0.042,3.91540285196401e-158,"RIOK2","Higher_in_BRCA1_tumour",0.118
1.34046194064676e-209,1.01659452487973,0.231,0.067,3.33305861541816e-205,"RLF","Higher_in_BRCA1_tumour",0.164
3.34987647917546e-108,1.01645608670637,0.114,0.032,8.32946786546977e-104,"PPP2R1B","Higher_in_BRCA1_tumour",0.082
1.59066661081608e-159,1.01644361326442,0.174,0.05,3.95519252779418e-155,"UBE4A","Higher_in_BRCA1_tumour",0.124
4.06203522133659e-194,1.01625777156463,0.196,0.053,1.01002505778534e-189,"CBL","Higher_in_BRCA1_tumour",0.143
0,1.01592876473464,0.424,0.128,0,"TUT4","Higher_in_BRCA1_tumour",0.296
5.71298220654475e-139,1.01572698498093,0.124,0.03,1.42053302565735e-134,"TLR5","Higher_in_BRCA1_tumour",0.094
0,1.01536052662674,0.872,0.477,0,"APLP2","Higher_in_BRCA1_tumour",0.395
0,1.01518376258158,0.387,0.121,0,"COPB1","Higher_in_BRCA1_tumour",0.266
0,1.01479318219877,0.497,0.176,0,"RUVBL2","Higher_in_BRCA1_tumour",0.321
0,1.01389454338001,0.917,0.588,0,"KRT7","Higher_in_BRCA1_tumour",0.329
1.16437262825287e-221,1.01303903516388,0.21,0.053,2.89521254015076e-217,"AASDH","Higher_in_BRCA1_tumour",0.157
0,1.01303288672732,0.698,0.288,0,"ARL1","Higher_in_BRCA1_tumour",0.41
2.02384709471033e-306,1.01286302536528,0.325,0.092,5.03229580099724e-302,"ZNF91","Higher_in_BRCA1_tumour",0.233
1.21192633988491e-143,1.01267133531329,0.139,0.036,3.01345484412383e-139,"TMEM136","Higher_in_BRCA1_tumour",0.103
3.20478490277205e-11,1.01226632780065,0.155,0.116,7.96869766074271e-07,"MTRNR2L12","Higher_in_BRCA1_tumour",0.039
0,1.01180575976916,0.895,0.57,0,"NUDT5","Higher_in_BRCA1_tumour",0.325
0,1.01152464185267,0.856,0.479,0,"TCP1","Higher_in_BRCA1_tumour",0.377
1.35822874346593e-123,1.01148916498737,0.111,0.027,3.37723577062803e-119,"ATG4A","Higher_in_BRCA1_tumour",0.084
0,1.01138448978247,0.433,0.132,0,"CCDC50","Higher_in_BRCA1_tumour",0.301
5.26463438581368e-275,1.0111314681781,0.289,0.081,1.30905134003257e-270,"PUM2","Higher_in_BRCA1_tumour",0.208
1.45690636936871e-312,1.00982381619278,0.351,0.104,3.6225976874353e-308,"DONSON","Higher_in_BRCA1_tumour",0.247
1.11088707517951e-226,1.00975576793783,0.228,0.061,2.76222071243386e-222,"ARID4A","Higher_in_BRCA1_tumour",0.167
0,1.00934783934675,0.496,0.168,0,"GOLGB1","Higher_in_BRCA1_tumour",0.328
5.22368289962883e-132,1.00857728634423,0.124,0.031,1.29886875299271e-127,"GPCPD1","Higher_in_BRCA1_tumour",0.093
0,1.00750783674579,0.999,0.998,0,"RPL8","Higher_in_BRCA1_tumour",0.001
0,1.00453218163941,0.742,0.325,0,"CISD1","Higher_in_BRCA1_tumour",0.417
0,1.00450051383806,0.708,0.292,0,"NCBP2","Higher_in_BRCA1_tumour",0.416
2.21059974752602e-144,1.00417271403776,0.143,0.038,5.49665627222344e-140,"ARHGEF19","Higher_in_BRCA1_tumour",0.105
5.27968627653025e-157,1.00235400414154,0.155,0.041,1.31279399265925e-152,"C5orf63","Higher_in_BRCA1_tumour",0.114
5.35326710182142e-174,1.00224687436534,0.181,0.05,1.33108986486789e-169,"USP6NL","Higher_in_BRCA1_tumour",0.131
3.26722559283158e-226,1.00028411901279,0.229,0.062,8.12395643657573e-222,"SAT2","Higher_in_BRCA1_tumour",0.167
4.25461735804482e-126,1.00015281386323,0.12,0.031,1.05791060607784e-121,"ZNF561","Higher_in_BRCA1_tumour",0.089
2.487763224052e-163,0.999573669108154,0.16,0.042,6.18582325660529e-159,"RBL1","Higher_in_BRCA1_tumour",0.118
1.99772128233518e-141,0.998629943728244,0.13,0.032,4.96733396852643e-137,"CPEB4","Higher_in_BRCA1_tumour",0.098
0,0.996602401922248,0.409,0.122,0,"NECTIN1","Higher_in_BRCA1_tumour",0.287
7.36659303279016e-235,0.99560836209132,0.248,0.069,1.83170335760327e-230,"SLC35B3","Higher_in_BRCA1_tumour",0.179
1.08968855752524e-134,0.995078584515914,0.143,0.041,2.70951059828651e-130,"EXOC4","Higher_in_BRCA1_tumour",0.102
0,0.994427349399778,0.724,0.323,0,"GRN","Higher_in_BRCA1_tumour",0.401
5.33706523611505e-67,0.993770244986153,0.14,0.061,1.32706127096001e-62,"OAS1","Higher_in_BRCA1_tumour",0.079
1.02540491928121e-225,0.991779078392294,0.212,0.054,2.54966933179272e-221,"EEA1","Higher_in_BRCA1_tumour",0.158
4.39689665061044e-223,0.990131860606986,0.255,0.076,1.09328835217429e-218,"TMEM99","Higher_in_BRCA1_tumour",0.179
2.1035556077417e-112,0.988014740602888,0.1,0.024,5.23049101864973e-108,"TMEM131L","Higher_in_BRCA1_tumour",0.076
8.28444898160173e-136,0.987444423152793,0.135,0.036,2.05992823927527e-131,"TAMM41","Higher_in_BRCA1_tumour",0.099
0,0.987148759755109,0.473,0.155,0,"RNF168","Higher_in_BRCA1_tumour",0.318
2.19822672384488e-153,0.98646621663707,0.144,0.036,5.4658907488403e-149,"FASTKD2","Higher_in_BRCA1_tumour",0.108
3.10529856077929e-154,0.986323062069781,0.16,0.044,7.72132487137771e-150,"CCDC97","Higher_in_BRCA1_tumour",0.116
0,0.985554000280532,0.73,0.318,0,"GPAA1","Higher_in_BRCA1_tumour",0.412
9.001172238996e-313,0.985496121161591,0.353,0.105,2.23814147722635e-308,"BECN1","Higher_in_BRCA1_tumour",0.248
7.84922959487434e-183,0.985185185262099,0.179,0.047,1.9517109387655e-178,"LNPEP","Higher_in_BRCA1_tumour",0.132
1.53937012796082e-141,0.985146723863907,0.146,0.04,3.82764382317458e-137,"PRR7","Higher_in_BRCA1_tumour",0.106
9.96582580087112e-211,0.985084143676981,0.233,0.067,2.4780025853866e-206,"LTV1","Higher_in_BRCA1_tumour",0.166
0,0.984778603412786,0.416,0.122,0,"REST","Higher_in_BRCA1_tumour",0.294
1.85495225506068e-144,0.984716945554308,0.126,0.03,4.61233878220838e-140,"MDM1","Higher_in_BRCA1_tumour",0.096
2.91213784045159e-125,0.983437976166189,0.131,0.036,7.24103074028287e-121,"ATP6V0A1","Higher_in_BRCA1_tumour",0.095
4.55745663780647e-167,0.983131665483095,0.178,0.05,1.13321159299058e-162,"ASB16-AS1","Higher_in_BRCA1_tumour",0.128
0,0.981991527275994,0.814,0.42,0,"CBR1","Higher_in_BRCA1_tumour",0.394
6.15724716664168e-256,0.981454665930143,0.322,0.104,1.53099950798545e-251,"DDX6","Higher_in_BRCA1_tumour",0.218
5.33514010069262e-208,0.980884266564848,0.228,0.065,1.32658258603722e-203,"RCHY1","Higher_in_BRCA1_tumour",0.163
0,0.980165042442512,0.668,0.295,0,"HES4","Higher_in_BRCA1_tumour",0.373
0,0.979966957978329,0.759,0.345,0,"PTS","Higher_in_BRCA1_tumour",0.414
4.11639838878261e-106,0.97924554502489,0.111,0.031,1.0235424593708e-101,"SMARCAD1","Higher_in_BRCA1_tumour",0.08
5.13828271674896e-322,0.977636930906379,0.377,0.115,1.27763399751963e-317,"PDCD2L","Higher_in_BRCA1_tumour",0.262
6.73705046694907e-202,0.977312106652821,0.214,0.06,1.67516759860689e-197,"GAPVD1","Higher_in_BRCA1_tumour",0.154
1.53366769145793e-257,0.977196502594545,0.282,0.081,3.81346471481015e-253,"TMEM251","Higher_in_BRCA1_tumour",0.201
1.99587884648846e-283,0.976658945328055,0.309,0.088,4.96275275179354e-279,"SNX9","Higher_in_BRCA1_tumour",0.221
4.5387052955225e-126,0.976317985173102,0.13,0.036,1.12854907173167e-121,"METTL6","Higher_in_BRCA1_tumour",0.094
3.8638520336779e-166,0.976279182962541,0.155,0.039,9.6074680817401e-162,"LTBP1","Higher_in_BRCA1_tumour",0.116
1.39291687334086e-232,0.975756655475766,0.24,0.066,3.46348780556205e-228,"AHCTF1","Higher_in_BRCA1_tumour",0.174
7.47624980484677e-224,0.975530873037897,0.228,0.062,1.85896951397515e-219,"SETD4","Higher_in_BRCA1_tumour",0.166
0,0.975498468500414,0.706,0.291,0,"UBXN1","Higher_in_BRCA1_tumour",0.415
0,0.973728424329124,0.991,0.944,0,"PRDX1","Higher_in_BRCA1_tumour",0.047
9.60168434660691e-155,0.97252118960487,0.153,0.04,2.38745881278381e-150,"THG1L","Higher_in_BRCA1_tumour",0.113
0,0.971394537735509,0.473,0.155,0,"ECHDC1","Higher_in_BRCA1_tumour",0.318
4.13692006202322e-123,0.968439362108132,0.13,0.036,1.02864517342207e-118,"SCRN3","Higher_in_BRCA1_tumour",0.094
0,0.96752062511005,0.81,0.407,0,"GMPS","Higher_in_BRCA1_tumour",0.403
2.74880743725352e-98,0.967041023762886,0.102,0.028,6.83490969273087e-94,"ZNF574","Higher_in_BRCA1_tumour",0.074
0,0.966242567066625,0.479,0.167,0,"HSPH1","Higher_in_BRCA1_tumour",0.312
2.87806849139361e-104,0.96575778958892,0.113,0.032,7.1563173038502e-100,"STIM2","Higher_in_BRCA1_tumour",0.081
0,0.965612156304891,0.535,0.187,0,"MOB4","Higher_in_BRCA1_tumour",0.348
0,0.963857777592404,0.879,0.618,0,"FABP5","Higher_in_BRCA1_tumour",0.261
2.27343611484318e-193,0.963214937848141,0.19,0.05,5.65289889955757e-189,"WARS2","Higher_in_BRCA1_tumour",0.14
2.24675901732402e-122,0.963102126777286,0.107,0.026,5.58656629657616e-118,"CAPN12","Higher_in_BRCA1_tumour",0.081
9.59638181738588e-156,0.962120018873479,0.168,0.048,2.386140338893e-151,"SETD2","Higher_in_BRCA1_tumour",0.12
0,0.9616631090464,0.522,0.181,0,"MRPS25","Higher_in_BRCA1_tumour",0.341
0,0.960968533311397,0.941,0.665,0,"CCNI","Higher_in_BRCA1_tumour",0.276
0,0.960626132317352,0.845,0.467,0,"TMEM167A","Higher_in_BRCA1_tumour",0.378
2.3211980851245e-158,0.95938080606952,0.16,0.043,5.77165903866206e-154,"NFRKB","Higher_in_BRCA1_tumour",0.117
5.13315793731328e-78,0.959023184606581,0.113,0.04,1.27635972111295e-73,"TUBB2A","Higher_in_BRCA1_tumour",0.073
3.09087513996904e-174,0.958125176815498,0.193,0.056,7.68546103553302e-170,"CAMSAP2","Higher_in_BRCA1_tumour",0.137
6.26233725981625e-241,0.958014831328778,0.264,0.077,1.55713015965331e-236,"RANBP2","Higher_in_BRCA1_tumour",0.187
5.31464997759478e-298,0.957080147516051,0.343,0.103,1.32148771692894e-293,"UFL1","Higher_in_BRCA1_tumour",0.24
0,0.956370997912241,0.764,0.356,0,"PPM1G","Higher_in_BRCA1_tumour",0.408
0,0.956238572387035,0.496,0.161,0,"C1D","Higher_in_BRCA1_tumour",0.335
4.09541062699122e-179,0.954164708607069,0.182,0.049,1.01832385240137e-174,"BPGM","Higher_in_BRCA1_tumour",0.133
3.88589566034915e-256,0.953104767946891,0.285,0.083,9.66227955945817e-252,"SLC35E3","Higher_in_BRCA1_tumour",0.202
1.51152454203547e-224,0.950980739979697,0.242,0.069,3.75840577377119e-220,"GIGYF2","Higher_in_BRCA1_tumour",0.173
0,0.950921266491242,0.703,0.3,0,"BBX","Higher_in_BRCA1_tumour",0.403
0,0.950461018911848,0.681,0.295,0,"HDDC2","Higher_in_BRCA1_tumour",0.386
9.18764991220258e-121,0.950258000717379,0.109,0.026,2.28450915066917e-116,"OXGR1","Higher_in_BRCA1_tumour",0.083
3.65546581170859e-115,0.949475220039793,0.12,0.033,9.0893157408134e-111,"MTERF2","Higher_in_BRCA1_tumour",0.087
1.93242548880523e-195,0.947683285664666,0.224,0.067,4.80497597791422e-191,"MIA3","Higher_in_BRCA1_tumour",0.157
2.19350624866168e-140,0.947223772037345,0.147,0.041,5.45415328729727e-136,"ZNF714","Higher_in_BRCA1_tumour",0.106
0,0.947012840128072,0.761,0.358,0,"MDFI","Higher_in_BRCA1_tumour",0.403
0,0.94603758230441,0.999,0.997,0,"RPS19","Higher_in_BRCA1_tumour",0.002
1.52623183112648e-206,0.94438816245394,0.215,0.059,3.794975448096e-202,"ZNF544","Higher_in_BRCA1_tumour",0.156
3.56259245952375e-294,0.944380699893904,0.382,0.125,8.85838615060581e-290,"MRPS9","Higher_in_BRCA1_tumour",0.257
4.94461898715103e-118,0.940576446341662,0.112,0.029,1.2294795111551e-113,"CIC","Higher_in_BRCA1_tumour",0.083
1.13651059067587e-212,0.939896002425892,0.233,0.067,2.82593358371554e-208,"MTERF4","Higher_in_BRCA1_tumour",0.166
2.4822421593642e-244,0.93984147842767,0.298,0.093,6.17209512925909e-240,"SNX27","Higher_in_BRCA1_tumour",0.205
0,0.939811770418142,0.897,0.581,0,"MRPL47","Higher_in_BRCA1_tumour",0.316
1.11026439927113e-175,0.939034419655848,0.175,0.047,2.76067242878766e-171,"TRIM37","Higher_in_BRCA1_tumour",0.128
1.69214547055899e-210,0.938833733562824,0.233,0.067,4.20751971254492e-206,"CPSF7","Higher_in_BRCA1_tumour",0.166
6.64462545146416e-133,0.938802554434586,0.129,0.034,1.65218611850656e-128,"TMEM79","Higher_in_BRCA1_tumour",0.095
0,0.938756486091957,0.456,0.148,0,"NT5C3B","Higher_in_BRCA1_tumour",0.308
1.31983145491285e-204,0.938594027618156,0.228,0.067,3.2817609126408e-200,"DIP2A","Higher_in_BRCA1_tumour",0.161
6.67789920258131e-103,0.936970204778913,0.109,0.03,1.66045963672184e-98,"ACAD8","Higher_in_BRCA1_tumour",0.079
0,0.935946154204923,0.49,0.168,0,"THYN1","Higher_in_BRCA1_tumour",0.322
1.11536799544736e-145,0.933689029776821,0.174,0.053,2.77336252067987e-141,"C2orf49","Higher_in_BRCA1_tumour",0.121
1.45892989170711e-102,0.933602398420831,0.117,0.035,3.62762917572973e-98,"MAP1S","Higher_in_BRCA1_tumour",0.082
0,0.933308839907162,0.42,0.136,0,"CCDC130","Higher_in_BRCA1_tumour",0.284
0,0.93274214162721,0.463,0.155,0,"PWP1","Higher_in_BRCA1_tumour",0.308
1.84275748184471e-249,0.932041117273874,0.31,0.098,4.58201647860686e-245,"THOC3","Higher_in_BRCA1_tumour",0.212
4.6732838081504e-138,0.930423217006631,0.132,0.034,1.1620120188966e-133,"ALAD","Higher_in_BRCA1_tumour",0.098
5.7221940962233e-255,0.927725627511267,0.81,0.587,1.42282356202592e-250,"CCND1","Higher_in_BRCA1_tumour",0.223
2.04327763512398e-99,0.927431902925375,0.108,0.031,5.08060983973577e-95,"ZNF827","Higher_in_BRCA1_tumour",0.077
1.34041543994226e-107,0.926618761897627,0.112,0.031,3.33294299141644e-103,"INO80D","Higher_in_BRCA1_tumour",0.081
6.29300718192774e-302,0.926263235721226,0.373,0.118,1.56475623578633e-297,"TUT7","Higher_in_BRCA1_tumour",0.255
0,0.925718202420708,0.726,0.327,0,"PAICS","Higher_in_BRCA1_tumour",0.399
1.34762025187891e-269,0.925348832341647,0.311,0.093,3.3508577562969e-265,"BAG5","Higher_in_BRCA1_tumour",0.218
1.58087899307977e-198,0.924449872310228,0.213,0.06,3.93085561629285e-194,"EHMT1","Higher_in_BRCA1_tumour",0.153
2.63910737386045e-266,0.924379107536421,0.32,0.098,6.562140485104e-262,"CHAF1B","Higher_in_BRCA1_tumour",0.222
3.74894776366819e-149,0.923951148193086,0.156,0.043,9.32175861436094e-145,"GALNT6","Higher_in_BRCA1_tumour",0.113
9.83625698494695e-134,0.921947715950618,0.154,0.046,2.44578529930706e-129,"ARG2","Higher_in_BRCA1_tumour",0.108
3.18171845994201e-214,0.920787370070152,0.24,0.07,7.91134295064582e-210,"SLC25A29","Higher_in_BRCA1_tumour",0.17
1.07173924004064e-191,0.919737834252613,0.222,0.067,2.66487962036106e-187,"EIF2B2","Higher_in_BRCA1_tumour",0.155
0,0.919231458278639,0.676,0.282,0,"PSENEN","Higher_in_BRCA1_tumour",0.394
1.68954182917182e-255,0.918610511125302,0.327,0.106,4.20104575823573e-251,"KANSL1","Higher_in_BRCA1_tumour",0.221
1.70648397866483e-162,0.918600390323669,0.174,0.049,4.24317241295011e-158,"CSKMT","Higher_in_BRCA1_tumour",0.125
1.95251434528078e-175,0.918565230810095,0.203,0.061,4.85492691954066e-171,"PELO","Higher_in_BRCA1_tumour",0.142
8.74895752326872e-160,0.918489793585122,0.181,0.053,2.17542828816077e-155,"CPSF2","Higher_in_BRCA1_tumour",0.128
1.06588607471658e-177,0.917972792702872,0.185,0.051,2.65032572478277e-173,"SYT7","Higher_in_BRCA1_tumour",0.134
1.19162704989159e-318,0.917615517040324,0.397,0.126,2.96298065955543e-314,"LYPLAL1","Higher_in_BRCA1_tumour",0.271
6.66393080440474e-238,0.916509529264945,0.261,0.075,1.65698639451524e-233,"KIDINS220","Higher_in_BRCA1_tumour",0.186
0,0.916263771315282,1,1,0,"RPS18","Higher_in_BRCA1_tumour",0
1.37895837748582e-173,0.915778149662783,0.194,0.057,3.42878000561849e-169,"TAOK1","Higher_in_BRCA1_tumour",0.137
5.61848409272612e-232,0.915734533529448,0.268,0.08,1.39703606965635e-227,"SSBP2","Higher_in_BRCA1_tumour",0.188
0,0.914833225496531,0.714,0.297,0,"MAGEF1","Higher_in_BRCA1_tumour",0.417
4.72124979824941e-164,0.914444690019709,0.168,0.046,1.17393876233472e-159,"IQGAP2","Higher_in_BRCA1_tumour",0.122
1.03189909117748e-182,0.914079122305596,0.187,0.051,2.56581709021282e-178,"MDM2","Higher_in_BRCA1_tumour",0.136
0,0.913491884781832,0.75,0.348,0,"MRPL9","Higher_in_BRCA1_tumour",0.402
4.74719389921968e-215,0.913451250426441,0.248,0.074,1.18038976304097e-210,"FKBP5","Higher_in_BRCA1_tumour",0.174
7.72705155850414e-285,0.911554196356376,0.359,0.115,1.92133137002205e-280,"PAXX","Higher_in_BRCA1_tumour",0.244
0,0.909644105911502,0.942,0.714,0,"ANP32B","Higher_in_BRCA1_tumour",0.228
6.21779716194862e-309,0.909487169885133,0.393,0.128,1.54605526431852e-304,"MSH6","Higher_in_BRCA1_tumour",0.265
0,0.908459882998607,0.628,0.256,0,"PPP1CC","Higher_in_BRCA1_tumour",0.372
6.26099896640733e-208,0.907083237808309,0.234,0.069,1.55679739299718e-203,"DCP2","Higher_in_BRCA1_tumour",0.165
1.42379690187442e-155,0.906854678884392,0.225,0.079,3.54027099651075e-151,"TENT5A","Higher_in_BRCA1_tumour",0.146
0,0.905830351759504,0.982,0.889,0,"HSP90AA1","Higher_in_BRCA1_tumour",0.093
3.65093288105658e-241,0.904778289744182,0.288,0.089,9.0780446087472e-237,"DPF2","Higher_in_BRCA1_tumour",0.199
8.09632170678761e-216,0.904764138598788,0.23,0.064,2.01315039239274e-211,"TIPARP","Higher_in_BRCA1_tumour",0.166
1.18783389100949e-197,0.904097267985211,0.225,0.066,2.95354896999511e-193,"NT5DC1","Higher_in_BRCA1_tumour",0.159
2.59290481467819e-151,0.903991640261755,0.164,0.047,6.44725782169731e-147,"RIMKLB","Higher_in_BRCA1_tumour",0.117
2.46793906809757e-260,0.90377390780812,0.288,0.083,6.13653049282462e-256,"HNRNPH2","Higher_in_BRCA1_tumour",0.205
0,0.90373886053816,0.522,0.193,0,"CCAR1","Higher_in_BRCA1_tumour",0.329
3.9681700441965e-228,0.90170259228537,0.266,0.08,9.86685481489461e-224,"NUFIP2","Higher_in_BRCA1_tumour",0.186
0,0.901662984501666,0.601,0.241,0,"TRIM28","Higher_in_BRCA1_tumour",0.36
0,0.900133736225052,0.966,0.857,0,"CDKN2A","Higher_in_BRCA1_tumour",0.109
5.58056708948779e-234,0.900132050133339,0.263,0.077,1.38760800680114e-229,"GATAD2B","Higher_in_BRCA1_tumour",0.186
0,0.899414853744961,0.495,0.179,0,"EXOSC5","Higher_in_BRCA1_tumour",0.316
1.82400255591494e-288,0.898242693137138,0.414,0.145,4.53538235528249e-284,"NUP37","Higher_in_BRCA1_tumour",0.269
1.15556279952185e-308,0.897738061007602,0.425,0.145,2.87330690101109e-304,"GPM6B","Higher_in_BRCA1_tumour",0.28
1.64918473184338e-178,0.897607815531021,0.188,0.052,4.10069783572857e-174,"EPC2","Higher_in_BRCA1_tumour",0.136
0,0.897358571064767,0.49,0.163,0,"GSTM3","Higher_in_BRCA1_tumour",0.327
0,0.896870895400665,0.48,0.162,0,"CHRAC1","Higher_in_BRCA1_tumour",0.318
0,0.895338381795279,0.977,0.808,0,"TUBA1B","Higher_in_BRCA1_tumour",0.169
2.00333875011119e-134,0.89481228476836,0.136,0.037,4.98130180215148e-130,"MSANTD4","Higher_in_BRCA1_tumour",0.099
6.44805576313164e-283,0.894230052049704,0.359,0.115,1.60330906550268e-278,"SMIM20","Higher_in_BRCA1_tumour",0.244
5.41350406298611e-222,0.893944930271728,0.46,0.208,1.3460677852615e-217,"COL8A1","Higher_in_BRCA1_tumour",0.252
2.63292705301176e-186,0.893404855344647,0.211,0.062,6.54677311731373e-182,"ACBD5","Higher_in_BRCA1_tumour",0.149
4.25005318866819e-190,0.893072212420205,0.208,0.06,1.05677572536234e-185,"PKP2","Higher_in_BRCA1_tumour",0.148
0,0.892051958224077,0.515,0.177,0,"RABGGTB","Higher_in_BRCA1_tumour",0.338
1.53051992520932e-174,0.891219685138573,0.175,0.047,3.80563779403299e-170,"AL591895.1","Higher_in_BRCA1_tumour",0.128
0,0.891133138391108,0.559,0.208,0,"ACADM","Higher_in_BRCA1_tumour",0.351
6.23297951733741e-130,0.890795379051065,0.137,0.038,1.54983035698595e-125,"TIPARP-AS1","Higher_in_BRCA1_tumour",0.099
5.34611705835723e-214,0.890162228432526,0.24,0.07,1.32931200656053e-209,"RUFY3","Higher_in_BRCA1_tumour",0.17
3.32012797667715e-226,0.888512383999928,0.246,0.07,8.25549821400774e-222,"BMI1","Higher_in_BRCA1_tumour",0.176
3.18541721106639e-120,0.886885194908878,0.12,0.032,7.92053989531659e-116,"CLP1","Higher_in_BRCA1_tumour",0.088
0,0.886331789155625,0.856,0.487,0,"LSM3","Higher_in_BRCA1_tumour",0.369
0,0.88612171379329,0.537,0.196,0,"RAB14","Higher_in_BRCA1_tumour",0.341
4.24598549033098e-97,0.886021017765783,0.103,0.029,1.0557642921708e-92,"DCAF4","Higher_in_BRCA1_tumour",0.074
0,0.885772078584135,0.632,0.255,0,"BHLHE40","Higher_in_BRCA1_tumour",0.377
1.68197432581942e-156,0.885559069315754,0.198,0.063,4.18222916115e-152,"C3","Higher_in_BRCA1_tumour",0.135
6.37142696758906e-239,0.8851499561987,0.288,0.089,1.58425531549102e-234,"WRAP73","Higher_in_BRCA1_tumour",0.199
5.04606106570186e-101,0.884929300275002,0.126,0.04,1.25470308398677e-96,"MED25","Higher_in_BRCA1_tumour",0.086
5.01399886424277e-238,0.884672650643993,0.259,0.074,1.24673081759397e-233,"SWSAP1","Higher_in_BRCA1_tumour",0.185
0,0.883529266210147,0.758,0.387,0,"UCHL3","Higher_in_BRCA1_tumour",0.371
2.91444896096466e-222,0.882782302115038,0.258,0.077,7.24677734143863e-218,"NSD1","Higher_in_BRCA1_tumour",0.181
1.45989992481298e-103,0.882682758148053,0.114,0.033,3.63004116304747e-99,"MIB2","Higher_in_BRCA1_tumour",0.081
6.41079458527891e-295,0.882618513391216,0.371,0.118,1.5940440736296e-290,"HNRNPA1P48","Higher_in_BRCA1_tumour",0.253
1.16158416777292e-121,0.881587643718336,0.113,0.028,2.88827903316737e-117,"MIPOL1","Higher_in_BRCA1_tumour",0.085
0,0.88083463067949,0.935,0.654,0,"PCBP2","Higher_in_BRCA1_tumour",0.281
0,0.879645003338691,0.946,0.717,0,"NAP1L1","Higher_in_BRCA1_tumour",0.229
0,0.878758053132558,0.632,0.257,0,"ORMDL1","Higher_in_BRCA1_tumour",0.375
6.25247879949967e-207,0.878573711235231,0.262,0.084,1.55467885349559e-202,"CCNL2","Higher_in_BRCA1_tumour",0.178
1.53796237774353e-244,0.877764253668545,0.317,0.102,3.82414345225928e-240,"TRMT1","Higher_in_BRCA1_tumour",0.215
9.50309751173303e-102,0.877728981863148,0.107,0.03,2.36294519629242e-97,"PQLC2L","Higher_in_BRCA1_tumour",0.077
7.90619106860067e-262,0.876603238992374,0.345,0.113,1.96587440920756e-257,"LYRM4","Higher_in_BRCA1_tumour",0.232
0,0.876575688321629,0.401,0.127,0,"EFNA5","Higher_in_BRCA1_tumour",0.274
0,0.876423276470399,0.64,0.258,0,"WNK1","Higher_in_BRCA1_tumour",0.382
0,0.875607924269204,0.63,0.258,0,"COPB2","Higher_in_BRCA1_tumour",0.372
3.51548338006531e-176,0.875159350165138,0.198,0.058,8.7412494245324e-172,"DYRK1A","Higher_in_BRCA1_tumour",0.14
2.71467907182813e-209,0.874956048395045,0.227,0.065,6.75004951210064e-205,"BCL2L11","Higher_in_BRCA1_tumour",0.162
0,0.873309861240558,0.721,0.322,0,"LUC7L3","Higher_in_BRCA1_tumour",0.399
0,0.872552967933834,0.808,0.421,0,"BABAM1","Higher_in_BRCA1_tumour",0.387
3.76999353087938e-193,0.872524323513486,0.231,0.071,9.37408891453157e-189,"MCEE","Higher_in_BRCA1_tumour",0.16
3.21238276276335e-93,0.871749501768396,0.108,0.033,7.98758973961108e-89,"DNAAF5","Higher_in_BRCA1_tumour",0.075
0,0.871188146859582,0.915,0.617,0,"SSB","Higher_in_BRCA1_tumour",0.298
0,0.870739606509946,0.885,0.505,0,"GPX4","Higher_in_BRCA1_tumour",0.38
1.1084848061264e-302,0.870730701069838,0.39,0.126,2.75624747043329e-298,"AKAP8L","Higher_in_BRCA1_tumour",0.264
8.09802887692933e-223,0.869867601138717,0.273,0.086,2.01357488024848e-218,"LMTK3","Higher_in_BRCA1_tumour",0.187
1.00983706869285e-184,0.869808130128361,0.225,0.07,2.51095987130476e-180,"DPH5","Higher_in_BRCA1_tumour",0.155
1.1970480242469e-171,0.869451410891406,0.202,0.061,2.97645991228991e-167,"CDK7","Higher_in_BRCA1_tumour",0.141
4.98756202867741e-204,0.869381342853781,0.24,0.073,1.24015729843064e-199,"ATF7","Higher_in_BRCA1_tumour",0.167
2.71069003675141e-163,0.869224252567841,0.178,0.05,6.74013077638237e-159,"KANSL2","Higher_in_BRCA1_tumour",0.128
2.99201736523445e-179,0.86820790314831,0.209,0.063,7.43965117865547e-175,"JRK","Higher_in_BRCA1_tumour",0.146
1.02793000780523e-280,0.866840929355884,0.379,0.127,2.55594796440771e-276,"MICU2","Higher_in_BRCA1_tumour",0.252
0,0.866124286698918,0.631,0.266,0,"AHSA1","Higher_in_BRCA1_tumour",0.365
5.85337722020548e-127,0.863682669160749,0.136,0.038,1.45544224580409e-122,"TARBP2","Higher_in_BRCA1_tumour",0.098
1.12654993827692e-247,0.863355337281734,0.333,0.111,2.80116642152556e-243,"HDHD3","Higher_in_BRCA1_tumour",0.222
5.25448147793761e-105,0.863009691303849,0.13,0.041,1.30652681948919e-100,"PHYKPL","Higher_in_BRCA1_tumour",0.089
0,0.861744722030497,0.988,0.958,0,"RPL26","Higher_in_BRCA1_tumour",0.03
5.57263928984019e-126,0.859886063179587,0.132,0.037,1.38563675941876e-121,"RBSN","Higher_in_BRCA1_tumour",0.095
0,0.859883080376807,0.765,0.345,0,"CLDN7","Higher_in_BRCA1_tumour",0.42
5.63234836259021e-322,0.859014845757517,0.484,0.175,1.40048342035806e-317,"ATP6V1D","Higher_in_BRCA1_tumour",0.309
1.08843290382465e-147,0.859004703368222,0.152,0.042,2.70638841536e-143,"PLA2R1","Higher_in_BRCA1_tumour",0.11
1.38413224680911e-282,0.858174369484294,0.461,0.174,3.44164483169084e-278,"SKA2","Higher_in_BRCA1_tumour",0.287
5.49946721961219e-108,0.857713981136962,0.109,0.03,1.36744252415657e-103,"AGGF1","Higher_in_BRCA1_tumour",0.079
0,0.857225988622998,0.609,0.237,0,"ERBB3","Higher_in_BRCA1_tumour",0.372
2.00225170381989e-137,0.857086001164475,0.153,0.044,4.97859886154817e-133,"STAT6","Higher_in_BRCA1_tumour",0.109
1.09570948974174e-128,0.856405100802566,0.199,0.073,2.72448164624283e-124,"COL9A2","Higher_in_BRCA1_tumour",0.126
0,0.856267471919454,0.868,0.522,0,"MMADHC","Higher_in_BRCA1_tumour",0.346
1.53469548533781e-189,0.855939592301567,0.225,0.069,3.81602032429247e-185,"ZMYM5","Higher_in_BRCA1_tumour",0.156
4.46215568998005e-313,0.855785224510606,0.398,0.128,1.10951501231354e-308,"PRKAR2A","Higher_in_BRCA1_tumour",0.27
2.41958408422287e-148,0.855741610050087,0.179,0.055,6.01629582542017e-144,"FKBPL","Higher_in_BRCA1_tumour",0.124
1.45566657151629e-194,0.853864900608417,0.217,0.063,3.61951493007526e-190,"QTRT2","Higher_in_BRCA1_tumour",0.154
0,0.853742819962854,0.631,0.248,0,"CHD4","Higher_in_BRCA1_tumour",0.383
6.26043338293967e-90,0.853079269949677,0.109,0.034,1.55665676066795e-85,"ZBTB21","Higher_in_BRCA1_tumour",0.075
5.04318576299316e-229,0.852356392453218,0.282,0.088,1.25398813996825e-224,"FAIM","Higher_in_BRCA1_tumour",0.194
1.06567433049514e-149,0.851905297027828,0.159,0.045,2.64979922277617e-145,"ZNF250","Higher_in_BRCA1_tumour",0.114
4.16278066837225e-244,0.850950294120562,0.318,0.103,1.03507541319076e-239,"CCNG1","Higher_in_BRCA1_tumour",0.215
6.91691904177745e-323,0.8506445677189,0.426,0.141,1.71989191973796e-318,"LSM12","Higher_in_BRCA1_tumour",0.285
2.1242829901478e-180,0.850413746822416,0.217,0.066,5.28202965500249e-176,"TXNRD2","Higher_in_BRCA1_tumour",0.151
7.10384467153566e-182,0.850075804059073,0.205,0.06,1.76637097757734e-177,"PIK3CA","Higher_in_BRCA1_tumour",0.145
7.7156698411654e-95,0.849060015730519,0.105,0.03,1.91850130600578e-90,"AC012360.3","Higher_in_BRCA1_tumour",0.075
2.95064201445645e-136,0.847907921493363,0.163,0.05,7.33677136894596e-132,"SETDB1","Higher_in_BRCA1_tumour",0.113
0,0.847719808032693,0.828,0.495,0,"NME1","Higher_in_BRCA1_tumour",0.333
1.24315069030372e-251,0.847682457663002,0.341,0.114,3.09109419144019e-247,"OPA1","Higher_in_BRCA1_tumour",0.227
1.88370409770838e-43,0.847115805251929,0.12,0.059,4.68383023895189e-39,"HMMR","Higher_in_BRCA1_tumour",0.061
1.13044539345721e-105,0.846735759149658,0.122,0.037,2.81085247083135e-101,"COL27A1","Higher_in_BRCA1_tumour",0.085
0,0.846293062002556,0.743,0.342,0,"RTN3","Higher_in_BRCA1_tumour",0.401
1.01854768858042e-163,0.84595289964585,0.172,0.048,2.53261882765521e-159,"WDR36","Higher_in_BRCA1_tumour",0.124
5.24026529310641e-262,0.845715645813403,0.346,0.114,1.30299196513091e-257,"IRF3","Higher_in_BRCA1_tumour",0.232
0,0.844743512484953,0.974,0.901,0,"BTF3","Higher_in_BRCA1_tumour",0.073
1.21320346725465e-293,0.84444330727235,0.44,0.157,3.01663042132868e-289,"DHRS7","Higher_in_BRCA1_tumour",0.283
1.71087330783622e-236,0.844164661728534,0.32,0.107,4.25408647993477e-232,"SPTAN1","Higher_in_BRCA1_tumour",0.213
1.29236693079691e-223,0.843926503293955,0.27,0.083,3.21347037342652e-219,"TBC1D23","Higher_in_BRCA1_tumour",0.187
5.11362445211228e-181,0.842303256558789,0.174,0.045,1.27150272001772e-176,"ZNF121","Higher_in_BRCA1_tumour",0.129
0,0.841915616546706,0.783,0.394,0,"MAP1LC3B","Higher_in_BRCA1_tumour",0.389
4.08489749306721e-206,0.841487687550366,0.245,0.074,1.01570976165116e-201,"ADGRL1","Higher_in_BRCA1_tumour",0.171
0,0.841096966960269,0.697,0.295,0,"TBL1XR1","Higher_in_BRCA1_tumour",0.402
3.79987596698387e-220,0.840566478825069,0.263,0.08,9.44839159190539e-216,"VEZT","Higher_in_BRCA1_tumour",0.183
0,0.840216740462511,0.528,0.197,0,"FYTTD1","Higher_in_BRCA1_tumour",0.331
7.51619207372259e-312,0.839777875309372,0.461,0.164,1.86890115913112e-307,"PSMG4","Higher_in_BRCA1_tumour",0.297
0,0.839664730027716,0.947,0.718,0,"AP2M1","Higher_in_BRCA1_tumour",0.229
9.31352135956961e-164,0.839268384244562,0.188,0.056,2.31580708605698e-159,"TC2N","Higher_in_BRCA1_tumour",0.132
1.13976097603165e-98,0.838847506827261,0.105,0.03,2.8340156669027e-94,"SRBD1","Higher_in_BRCA1_tumour",0.075
0,0.838634322267715,0.932,0.686,0,"ATP5PD","Higher_in_BRCA1_tumour",0.246
2.34104783826035e-112,0.838468255135338,0.124,0.036,5.82101544983436e-108,"MGA","Higher_in_BRCA1_tumour",0.088
0,0.837713709008759,0.793,0.431,0,"GTF3A","Higher_in_BRCA1_tumour",0.362
0,0.837066748297368,0.512,0.181,0,"RIF1","Higher_in_BRCA1_tumour",0.331
0,0.837048545843532,0.703,0.309,0,"RBM25","Higher_in_BRCA1_tumour",0.394
4.06684764418495e-263,0.836063886762229,0.406,0.148,1.01122166672659e-258,"YPEL5","Higher_in_BRCA1_tumour",0.258
1.28649987172046e-279,0.836047161029768,0.364,0.118,3.19888193103294e-275,"DIMT1","Higher_in_BRCA1_tumour",0.246
1.23124918743614e-116,0.835907117971274,0.129,0.037,3.06150110455996e-112,"ZNF800","Higher_in_BRCA1_tumour",0.092
0,0.835896604777107,0.942,0.717,0,"PTGES3","Higher_in_BRCA1_tumour",0.225
3.86474752090829e-304,0.835813977767744,0.481,0.179,9.60969471073847e-300,"PDCL3","Higher_in_BRCA1_tumour",0.302
6.73647883652483e-254,0.835122427898918,0.337,0.111,1.6750254627019e-249,"PCYT1A","Higher_in_BRCA1_tumour",0.226
2.03254591952384e-147,0.834844780710859,0.182,0.057,5.05392542889603e-143,"ARID2","Higher_in_BRCA1_tumour",0.125
2.7463224009764e-89,0.834625932985068,0.121,0.041,6.82873065002782e-85,"LRRC75A","Higher_in_BRCA1_tumour",0.08
2.63345172697401e-148,0.834444715647345,0.158,0.044,6.54807771912086e-144,"MINDY3","Higher_in_BRCA1_tumour",0.114
0,0.833418491416712,0.575,0.219,0,"ACTR10","Higher_in_BRCA1_tumour",0.356
3.86336600509192e-114,0.8333440049954,0.135,0.041,9.60625957166106e-110,"RUFY2","Higher_in_BRCA1_tumour",0.094
3.41994262971362e-110,0.833025570076506,0.121,0.035,8.50368734878291e-106,"AC068888.1","Higher_in_BRCA1_tumour",0.086
2.19429911167067e-220,0.832873206079243,0.279,0.089,5.45612474116911e-216,"HAUS6","Higher_in_BRCA1_tumour",0.19
1.13253709196973e-97,0.832217669628356,0.12,0.038,2.81605347918274e-93,"NUP214","Higher_in_BRCA1_tumour",0.082
1.81670412918009e-112,0.831828103099451,0.145,0.047,4.51723481720629e-108,"STK16","Higher_in_BRCA1_tumour",0.098
3.34777893490737e-318,0.831725851705758,0.482,0.174,8.32425232164717e-314,"KRR1","Higher_in_BRCA1_tumour",0.308
4.93847597052035e-246,0.830096974724549,0.305,0.096,1.22795205006989e-241,"TOMM70","Higher_in_BRCA1_tumour",0.209
7.32796006168627e-304,0.829747322195451,0.476,0.176,1.82209726933829e-299,"PSMD1","Higher_in_BRCA1_tumour",0.3
2.20562382873398e-106,0.826757868845346,0.154,0.054,5.48428365014705e-102,"SP110","Higher_in_BRCA1_tumour",0.1
0,0.824444624297332,0.767,0.395,0,"RER1","Higher_in_BRCA1_tumour",0.372
0,0.823937930826244,0.615,0.257,0,"ESD","Higher_in_BRCA1_tumour",0.358
1.77863632502849e-322,0.823510894240636,0.439,0.147,4.42257922218333e-318,"SNX7","Higher_in_BRCA1_tumour",0.292
0,0.822967877481276,0.68,0.298,0,"FIBP","Higher_in_BRCA1_tumour",0.382
5.46919976911825e-261,0.822823765725557,0.347,0.115,1.35991652259125e-256,"SAMD4B","Higher_in_BRCA1_tumour",0.232
0,0.821930560929929,0.969,0.795,0,"SERP1","Higher_in_BRCA1_tumour",0.174
2.17785137788917e-184,0.821791596533397,0.197,0.055,5.41522745112142e-180,"EXOC5","Higher_in_BRCA1_tumour",0.142
0,0.821252271023911,0.528,0.199,0,"ARMCX6","Higher_in_BRCA1_tumour",0.329
1.90304417379193e-245,0.820691576694946,0.32,0.103,4.73191933813363e-241,"CETN3","Higher_in_BRCA1_tumour",0.217
1.25748460774081e-312,0.820629532615099,0.485,0.176,3.12673547714753e-308,"ZNF639","Higher_in_BRCA1_tumour",0.309
2.24905482962848e-115,0.820429214123978,0.128,0.037,5.59227483387121e-111,"PPM1L","Higher_in_BRCA1_tumour",0.091
3.26083326255223e-321,0.820346543761024,0.465,0.162,8.10806190733611e-317,"ZNF146","Higher_in_BRCA1_tumour",0.303
6.76892634329364e-102,0.817764493333673,0.227,0.102,1.68309353525996e-97,"ECT2","Higher_in_BRCA1_tumour",0.125
4.44700298624697e-134,0.81708772727857,0.176,0.058,1.10574729253031e-129,"BABAM2","Higher_in_BRCA1_tumour",0.118
4.27526867216754e-133,0.81597261568599,0.156,0.047,1.06304555533446e-128,"ATG4C","Higher_in_BRCA1_tumour",0.109
0,0.814364159048836,0.535,0.203,0,"ANAPC5","Higher_in_BRCA1_tumour",0.332
1.14338920118392e-220,0.814186656769921,0.274,0.086,2.84303724874381e-216,"DDX23","Higher_in_BRCA1_tumour",0.188
6.96242784154431e-272,0.813682044220753,0.358,0.117,1.73120768279999e-267,"ARRDC3","Higher_in_BRCA1_tumour",0.241
0,0.813552535663243,0.776,0.39,0,"AKR1A1","Higher_in_BRCA1_tumour",0.386
3.16914178996395e-165,0.812704230138498,0.199,0.061,7.88007106074536e-161,"LENG1","Higher_in_BRCA1_tumour",0.138
1.77916668639286e-177,0.81253320237677,0.211,0.064,4.42389796571584e-173,"SLC25A24","Higher_in_BRCA1_tumour",0.147
2.8784743669739e-173,0.812105152123691,0.242,0.082,7.1573265134806e-169,"TOP2B","Higher_in_BRCA1_tumour",0.16
6.32042926125139e-131,0.81196793949832,0.171,0.056,1.57157473581016e-126,"ESYT1","Higher_in_BRCA1_tumour",0.115
2.55199811031197e-98,0.811549898643401,0.119,0.037,6.34554330129071e-94,"TRMT12","Higher_in_BRCA1_tumour",0.082
4.34221167713314e-303,0.811148435727653,0.711,0.349,1.07969093351916e-298,"CHMP2A","Higher_in_BRCA1_tumour",0.362
0,0.810063294848927,0.752,0.363,0,"EBPL","Higher_in_BRCA1_tumour",0.389
0,0.809502738347732,0.797,0.436,0,"SYNCRIP","Higher_in_BRCA1_tumour",0.361
0,0.808998532168321,0.973,0.885,0,"RPL23","Higher_in_BRCA1_tumour",0.088
3.01694443685481e-136,0.80845256231349,0.173,0.056,7.50163234223949e-132,"C5orf30","Higher_in_BRCA1_tumour",0.117
2.70761552424513e-129,0.808018738951503,0.142,0.041,6.73248600103551e-125,"AC007952.4","Higher_in_BRCA1_tumour",0.101
4.62947319735413e-127,0.80788117555378,0.141,0.041,1.1511185105221e-122,"TRAPPC13","Higher_in_BRCA1_tumour",0.1
2.27184744114707e-235,0.807395688329076,0.305,0.098,5.6489486624122e-231,"SMARCC2","Higher_in_BRCA1_tumour",0.207
1.30795344610281e-127,0.807199414515404,0.169,0.056,3.25222624373463e-123,"TRNT1","Higher_in_BRCA1_tumour",0.113
6.24747914566569e-280,0.806681556897578,0.42,0.149,1.55343568956977e-275,"DHX9","Higher_in_BRCA1_tumour",0.271
5.8844246501645e-136,0.806032413996748,0.163,0.05,1.4631621892634e-131,"THUMPD2","Higher_in_BRCA1_tumour",0.113
4.98162108583248e-284,0.80589573749399,0.376,0.123,1.23868008299225e-279,"AKT1S1","Higher_in_BRCA1_tumour",0.253
7.24362409577128e-203,0.804321702179577,0.247,0.076,1.80112713141353e-198,"ZC3H8","Higher_in_BRCA1_tumour",0.171
2.67615069724659e-151,0.804114781397919,0.213,0.073,6.65424870870364e-147,"TMEM242","Higher_in_BRCA1_tumour",0.14
2.68391159363892e-279,0.803912950403086,0.409,0.144,6.67354617758318e-275,"LLPH","Higher_in_BRCA1_tumour",0.265
9.19534661799226e-275,0.802985636702576,0.366,0.121,2.28642293656378e-270,"MLLT10","Higher_in_BRCA1_tumour",0.245
0,0.801870442823817,0.947,0.706,0,"SSR3","Higher_in_BRCA1_tumour",0.241
0,0.801708226261889,0.813,0.437,0,"ATP5F1D","Higher_in_BRCA1_tumour",0.376
0,0.801297781390588,0.782,0.408,0,"DDAH2","Higher_in_BRCA1_tumour",0.374
1.63110339330535e-189,0.801201667455088,0.236,0.074,4.05573858745375e-185,"C12orf29","Higher_in_BRCA1_tumour",0.162
1.42877086523055e-258,0.799852187437396,0.329,0.105,3.55263875639575e-254,"C2orf76","Higher_in_BRCA1_tumour",0.224
1.62194694170413e-183,0.799201156063976,0.22,0.067,4.03297107054731e-179,"TRMT13","Higher_in_BRCA1_tumour",0.153
0,0.798816381927466,0.684,0.298,0,"TCEAL9","Higher_in_BRCA1_tumour",0.386
0,0.798013219129537,0.942,0.708,0,"PSMB2","Higher_in_BRCA1_tumour",0.234
4.04036186274373e-196,0.797974928158673,0.253,0.082,1.00463597717123e-191,"CDK12","Higher_in_BRCA1_tumour",0.171
4.12292994903174e-277,0.797969241697484,0.412,0.146,1.02516653182674e-272,"PRPF18","Higher_in_BRCA1_tumour",0.266
0,0.797544835664366,0.958,0.776,0,"SNRPE","Higher_in_BRCA1_tumour",0.182
4.21870626128926e-91,0.796868439160588,0.106,0.032,1.04898131186957e-86,"PLCH1","Higher_in_BRCA1_tumour",0.074
1.99242468338319e-178,0.796705301612612,0.258,0.089,4.95416397523231e-174,"NFE2L3","Higher_in_BRCA1_tumour",0.169
2.32157099203118e-316,0.795001755916224,0.576,0.235,5.77258627168554e-312,"NUDCD2","Higher_in_BRCA1_tumour",0.341
7.75385310624873e-233,0.794838907899867,0.299,0.096,1.92799557486875e-228,"SPOP","Higher_in_BRCA1_tumour",0.203
9.01939892794893e-110,0.794782902341792,0.154,0.053,2.2426735434345e-105,"ZNF664","Higher_in_BRCA1_tumour",0.101
0,0.794323746160989,0.64,0.269,0,"HDLBP","Higher_in_BRCA1_tumour",0.371
5.02967961384099e-253,0.794088630614859,0.344,0.115,1.25062983598156e-248,"RAF1","Higher_in_BRCA1_tumour",0.229
1.55731703738027e-237,0.793973322221936,0.306,0.098,3.87226881344605e-233,"UBA6","Higher_in_BRCA1_tumour",0.208
0,0.793757449466616,0.517,0.189,0,"CDC26","Higher_in_BRCA1_tumour",0.328
1.81932328529853e-286,0.793704842057029,0.499,0.197,4.5237473488948e-282,"ITGB1BP1","Higher_in_BRCA1_tumour",0.302
6.06495148610579e-105,0.793265853331259,0.138,0.045,1.5080501870202e-100,"PPP1R3B","Higher_in_BRCA1_tumour",0.093
1.24813777656162e-295,0.792415103877914,0.45,0.162,3.10349458142047e-291,"MYH14","Higher_in_BRCA1_tumour",0.288
3.73233168426724e-82,0.79241110870278,0.104,0.033,9.2804427329305e-78,"ORC2","Higher_in_BRCA1_tumour",0.071
2.65662351994948e-96,0.792366899415929,0.107,0.031,6.60569438235439e-92,"DNAJC14","Higher_in_BRCA1_tumour",0.076
0,0.792309010948892,0.967,0.839,0,"MARCKSL1","Higher_in_BRCA1_tumour",0.128
2.88337886588726e-195,0.791187075766442,0.324,0.122,7.16952155002867e-191,"C11orf1","Higher_in_BRCA1_tumour",0.202
9.4912528740871e-112,0.790890486506096,0.125,0.036,2.36000002714176e-107,"SATB1","Higher_in_BRCA1_tumour",0.089
5.68509756355874e-254,0.789806364214911,0.426,0.163,1.41359950917888e-249,"ACADVL","Higher_in_BRCA1_tumour",0.263
4.24266499242937e-173,0.78882249116393,0.227,0.074,1.05493865036756e-168,"CCDC112","Higher_in_BRCA1_tumour",0.153
2.72497729709354e-253,0.788726475113185,0.324,0.103,6.77565604922309e-249,"SCAF4","Higher_in_BRCA1_tumour",0.221
4.94065645841247e-323,0.788408895900806,0.564,0.221,1.22849422838426e-318,"TMEM179B","Higher_in_BRCA1_tumour",0.343
4.18672351509238e-253,0.787637158657305,0.364,0.126,1.04102880202772e-248,"FLAD1","Higher_in_BRCA1_tumour",0.238
2.60020008788312e-126,0.786398899372733,0.134,0.037,6.46539751852138e-122,"AL355001.2","Higher_in_BRCA1_tumour",0.097
1.11600399972309e-151,0.785344521650885,0.171,0.05,2.77494394531146e-147,"MTMR4","Higher_in_BRCA1_tumour",0.121
1.02107344929867e-262,0.785038639566854,0.378,0.131,2.53889913168114e-258,"SDHAF2","Higher_in_BRCA1_tumour",0.247
8.20506308894142e-76,0.78406138038501,0.11,0.039,2.04018893706528e-71,"HIST2H2AC","Higher_in_BRCA1_tumour",0.071
4.90148180857212e-172,0.783501534845338,0.2,0.06,1.21875345170146e-167,"C11orf74","Higher_in_BRCA1_tumour",0.14
0,0.783315021590346,0.705,0.314,0,"SEPT2","Higher_in_BRCA1_tumour",0.391
0,0.782720131864989,0.978,0.957,0,"MT-ND1","Higher_in_BRCA1_tumour",0.021
1.77461756106502e-116,0.782632885327126,0.147,0.047,4.41258656558817e-112,"FAM118B","Higher_in_BRCA1_tumour",0.1
5.12795236766675e-127,0.781084499631949,0.129,0.035,1.27506535622034e-122,"TRAF3IP1","Higher_in_BRCA1_tumour",0.094
3.24264001745854e-232,0.780954466812704,0.346,0.123,8.06282440341066e-228,"UNG","Higher_in_BRCA1_tumour",0.223
0,0.780579651721748,0.493,0.172,0,"SETD5","Higher_in_BRCA1_tumour",0.321
2.63305085416178e-232,0.780477181111788,0.292,0.092,6.54708094887327e-228,"PSMA3-AS1","Higher_in_BRCA1_tumour",0.2
0,0.780102322521313,0.968,0.835,0,"PRDX2","Higher_in_BRCA1_tumour",0.133
1.38094870221615e-142,0.779951637221594,0.157,0.045,3.43372894806045e-138,"ZNF566","Higher_in_BRCA1_tumour",0.112
8.57694732187422e-133,0.779532987916523,0.149,0.043,2.13265795158402e-128,"LRIG3","Higher_in_BRCA1_tumour",0.106
2.59478848643403e-108,0.779300272917347,0.11,0.03,6.45194157151822e-104,"AC005726.5","Higher_in_BRCA1_tumour",0.08
6.44459228435322e-320,0.779173926818253,0.607,0.256,1.60244787150443e-315,"MRPL50","Higher_in_BRCA1_tumour",0.351
0,0.77876609698269,0.659,0.285,0,"VPS72","Higher_in_BRCA1_tumour",0.374
4.59133240955908e-185,0.778367903680049,0.339,0.136,1.14163480363687e-180,"TRIB1","Higher_in_BRCA1_tumour",0.203
0,0.777781578913592,0.683,0.297,0,"SUPT4H1","Higher_in_BRCA1_tumour",0.386
1.41221323479938e-311,0.777162362726112,0.536,0.208,3.51146820832865e-307,"CHURC1","Higher_in_BRCA1_tumour",0.328
2.13718226000638e-192,0.776909246114172,0.25,0.081,5.31410368950587e-188,"BRAF","Higher_in_BRCA1_tumour",0.169
0,0.775271757024116,0.967,0.813,0,"SERBP1","Higher_in_BRCA1_tumour",0.154
2.60730908694805e-194,0.774109016986587,0.268,0.09,6.48307404469632e-190,"CNOT11","Higher_in_BRCA1_tumour",0.178
2.35201683251206e-218,0.773974345428519,0.269,0.083,5.84828985404124e-214,"TRIM24","Higher_in_BRCA1_tumour",0.186
0,0.773736230317481,0.993,0.978,0,"RPL19","Higher_in_BRCA1_tumour",0.015
2.87524185656117e-194,0.773528519792367,0.282,0.098,7.14928887633935e-190,"STXBP3","Higher_in_BRCA1_tumour",0.184
9.87956007867129e-125,0.773100047103839,0.154,0.048,2.45655261356162e-120,"RAD18","Higher_in_BRCA1_tumour",0.106
8.92012104236996e-150,0.773007823674224,0.177,0.054,2.21798809718529e-145,"TMEM47","Higher_in_BRCA1_tumour",0.123
8.09097913843603e-118,0.772491887206173,0.136,0.041,2.01182196277212e-113,"CYP20A1","Higher_in_BRCA1_tumour",0.095
0,0.772032230393473,0.955,0.763,0,"TMEM123","Higher_in_BRCA1_tumour",0.192
8.48084227752024e-190,0.7710481513237,0.243,0.078,2.10876143230541e-185,"DMAC2","Higher_in_BRCA1_tumour",0.165
1.01318678904933e-146,0.770941612062504,0.177,0.055,2.51928895097117e-142,"MKLN1","Higher_in_BRCA1_tumour",0.122
6.51208198015363e-83,0.770786466727395,0.103,0.033,1.6192291843652e-78,"ACSF2","Higher_in_BRCA1_tumour",0.07
2.57813179560188e-116,0.770632273835358,0.13,0.038,6.41052470976406e-112,"C1orf53","Higher_in_BRCA1_tumour",0.092
6.63899342502041e-249,0.769993825401178,0.43,0.166,1.65078571513132e-244,"RFK","Higher_in_BRCA1_tumour",0.264
7.10714059444703e-113,0.769771857167223,0.143,0.046,1.76719050880925e-108,"MAGEH1","Higher_in_BRCA1_tumour",0.097
1.40689613453882e-130,0.769023486555471,0.193,0.068,3.49824723853077e-126,"RNF26","Higher_in_BRCA1_tumour",0.125
4.52378378431301e-105,0.767636463145178,0.123,0.037,1.12483883796943e-100,"FAM173B","Higher_in_BRCA1_tumour",0.086
4.22925209065039e-298,0.767392483824713,0.548,0.225,1.05160353234022e-293,"ZDHHC12","Higher_in_BRCA1_tumour",0.323
8.9346831393931e-320,0.766037548245969,0.64,0.276,2.22160896261009e-315,"FAAP20","Higher_in_BRCA1_tumour",0.364
5.38130580079328e-82,0.765837099520467,0.108,0.035,1.33806168736725e-77,"COQ2","Higher_in_BRCA1_tumour",0.073
0,0.765376846269037,0.977,0.883,0,"COX7C","Higher_in_BRCA1_tumour",0.094
6.95872545520936e-219,0.76505194700904,0.312,0.107,1.73028708443781e-214,"FUCA2","Higher_in_BRCA1_tumour",0.205
0,0.764881888870696,0.945,0.718,0,"UBL5","Higher_in_BRCA1_tumour",0.227
3.17798706157163e-227,0.764653198112031,0.298,0.096,7.90206482859786e-223,"DICER1","Higher_in_BRCA1_tumour",0.202
0,0.764484452642138,0.899,0.591,0,"CALM1","Higher_in_BRCA1_tumour",0.308
0,0.76275951654682,0.983,0.923,0,"MYL6","Higher_in_BRCA1_tumour",0.0599999999999999
1.14042934094701e-263,0.762029364055788,0.365,0.122,2.83567755626474e-259,"LXN","Higher_in_BRCA1_tumour",0.243
1.42348360070555e-237,0.761213177163629,0.33,0.111,3.53949197315435e-233,"MAPKAP1","Higher_in_BRCA1_tumour",0.219
1.97626258336499e-323,0.761088400664857,0.815,0.456,4.91397691353704e-319,"SH3YL1","Higher_in_BRCA1_tumour",0.359
2.24296313666014e-87,0.760766881708684,0.117,0.039,5.57712783930544e-83,"HEATR1","Higher_in_BRCA1_tumour",0.078
8.24014567804963e-62,0.760470377835294,0.102,0.039,2.04891222284704e-57,"HERC5","Higher_in_BRCA1_tumour",0.063
4.69732289145837e-152,0.759809551819564,0.202,0.066,1.16798933696112e-147,"TRIP12","Higher_in_BRCA1_tumour",0.136
1.02900266683922e-258,0.759774837669076,0.31,0.094,2.55861513109571e-254,"LIMA1","Higher_in_BRCA1_tumour",0.216
1.75314941846459e-227,0.759771877370444,0.319,0.107,4.3592060290122e-223,"MRPL45","Higher_in_BRCA1_tumour",0.212
5.34418737405741e-130,0.758260475120547,0.152,0.046,1.32883219055937e-125,"CCDC93","Higher_in_BRCA1_tumour",0.106
3.304435492984e-156,0.758210120584922,0.207,0.068,8.21647885330473e-152,"STX7","Higher_in_BRCA1_tumour",0.139
3.60950249782455e-105,0.756613115970885,0.163,0.06,8.97502796084074e-101,"SPEN","Higher_in_BRCA1_tumour",0.103
0,0.756178477368248,0.995,0.954,0,"FTL","Higher_in_BRCA1_tumour",0.041
1.13759101506211e-216,0.755916541866884,0.28,0.09,2.82862005895194e-212,"RDH13","Higher_in_BRCA1_tumour",0.19
5.05186075397841e-318,0.754509530062567,0.333,0.093,1.25614517647673e-313,"LINC01436","Higher_in_BRCA1_tumour",0.24
2.91077701969711e-100,0.754466040404147,0.122,0.038,7.23764705947688e-96,"NBR1","Higher_in_BRCA1_tumour",0.084
4.65586944752497e-252,0.754425599934185,0.394,0.143,1.15768193812708e-247,"LARP1","Higher_in_BRCA1_tumour",0.251
0,0.754162227433978,0.995,0.987,0,"RPL5","Higher_in_BRCA1_tumour",0.00800000000000001
0,0.752610481445909,0.888,0.584,0,"SRSF7","Higher_in_BRCA1_tumour",0.304
4.29049861518841e-210,0.75242205785345,0.31,0.109,1.0668324806666e-205,"LMNB1","Higher_in_BRCA1_tumour",0.201
1.88037479964738e-150,0.752322750257636,0.188,0.059,4.67555193932321e-146,"MTMR14","Higher_in_BRCA1_tumour",0.129
8.30541708774168e-175,0.751624912317755,0.246,0.084,2.06514195886697e-170,"UBA5","Higher_in_BRCA1_tumour",0.162
1.70221440210598e-110,0.751450895351643,0.141,0.045,4.23255611083652e-106,"JMY","Higher_in_BRCA1_tumour",0.096
3.71544456317682e-281,0.750712789089134,0.455,0.17,9.23845290633915e-277,"WDR43","Higher_in_BRCA1_tumour",0.285
6.74077631667319e-138,0.750701446565371,0.17,0.053,1.67609403114079e-133,"SPACA9","Higher_in_BRCA1_tumour",0.117
5.95851746526593e-303,0.750589587954335,0.508,0.194,1.48158536773837e-298,"BRWD1","Higher_in_BRCA1_tumour",0.314
2.68926448202421e-235,0.749901151933682,0.349,0.122,6.68685613455321e-231,"NAA35","Higher_in_BRCA1_tumour",0.227
6.2357922537062e-307,0.749856857128736,0.548,0.218,1.55052974388405e-302,"ZKSCAN1","Higher_in_BRCA1_tumour",0.33
5.41224393684487e-151,0.749303631401339,0.191,0.061,1.34575445489648e-146,"SLC39A9","Higher_in_BRCA1_tumour",0.13
3.09566276474864e-254,0.749282412970761,0.389,0.139,7.69736546454749e-250,"TP53RK","Higher_in_BRCA1_tumour",0.25
2.0284446344786e-162,0.747803962539854,0.225,0.076,5.04372758363105e-158,"SPTLC2","Higher_in_BRCA1_tumour",0.149
1.06356993202729e-299,0.747729766774031,0.539,0.215,2.64456663598586e-295,"GOLGA4","Higher_in_BRCA1_tumour",0.324
2.53925097324837e-282,0.747248812418416,0.516,0.205,6.31384754498207e-278,"RPAIN","Higher_in_BRCA1_tumour",0.311
7.65786270100586e-186,0.746854078606157,0.242,0.078,1.90412756060511e-181,"AKAP8","Higher_in_BRCA1_tumour",0.164
1.25099992808777e-176,0.745769112165306,0.229,0.074,3.11061132119023e-172,"CRYBG1","Higher_in_BRCA1_tumour",0.155
2.51284827051642e-109,0.745099657535277,0.153,0.052,6.24819722463908e-105,"DENND1B","Higher_in_BRCA1_tumour",0.101
3.71647974489408e-61,0.744330287855453,0.137,0.062,9.24102688567912e-57,"C2orf40","Higher_in_BRCA1_tumour",0.075
6.58297073252741e-100,0.743751893118012,0.149,0.053,1.63685567264294e-95,"INTS3","Higher_in_BRCA1_tumour",0.096
0,0.743477705155844,0.91,0.63,0,"CCT3","Higher_in_BRCA1_tumour",0.28
7.2724529533019e-108,0.742713857109062,0.127,0.038,1.80829542683852e-103,"IDNK","Higher_in_BRCA1_tumour",0.089
0,0.741289450760698,0.992,0.969,0,"RPL9","Higher_in_BRCA1_tumour",0.023
2.48755178057563e-125,0.741082292491881,0.164,0.053,6.18529750240131e-121,"FAM222B","Higher_in_BRCA1_tumour",0.111
2.57733195012132e-163,0.741005819451169,0.235,0.081,6.40853589397667e-159,"TMEM138","Higher_in_BRCA1_tumour",0.154
2.13453505954975e-304,0.740844335714751,0.594,0.248,5.30752142557045e-300,"SDHD","Higher_in_BRCA1_tumour",0.346
1.72796269031676e-102,0.740170821076499,0.1,0.026,4.29657922947263e-98,"AC092279.1","Higher_in_BRCA1_tumour",0.074
5.27039898038493e-137,0.739680165016202,0.176,0.057,1.31048470647271e-132,"ASB8","Higher_in_BRCA1_tumour",0.119
6.98262427582771e-228,0.739061402300083,0.33,0.114,1.73622952618456e-223,"WASHC3","Higher_in_BRCA1_tumour",0.216
8.03769245231389e-113,0.738972844591578,0.156,0.052,1.99857222826785e-108,"GPALPP1","Higher_in_BRCA1_tumour",0.104
1.02222667001934e-236,0.7381124174287,0.324,0.108,2.54176661500309e-232,"HIF1A","Higher_in_BRCA1_tumour",0.216
4.47990533298697e-315,0.738030059437038,0.578,0.234,1.11392846104721e-310,"MAGED2","Higher_in_BRCA1_tumour",0.344
1.16259038221637e-312,0.73799966651806,0.672,0.302,2.89078098538099e-308,"NDUFS4","Higher_in_BRCA1_tumour",0.37
4.81386176927412e-222,0.737947480445044,0.304,0.101,1.19696672893001e-217,"PPP4R3A","Higher_in_BRCA1_tumour",0.203
2.23890423003443e-242,0.737818945341548,0.331,0.11,5.5670353679806e-238,"ZNF503","Higher_in_BRCA1_tumour",0.221
1.53417875939784e-165,0.737768133346936,0.218,0.071,3.81473548524274e-161,"DYNC2LI1","Higher_in_BRCA1_tumour",0.147
1.12845440317135e-198,0.737600324687491,0.296,0.104,2.80590187348557e-194,"MACROD1","Higher_in_BRCA1_tumour",0.192
6.94143039748716e-103,0.736843951160726,0.129,0.041,1.72598666833518e-98,"HCG11","Higher_in_BRCA1_tumour",0.088
7.60729868686343e-132,0.736693801970881,0.179,0.059,1.89155481848859e-127,"BCL11B","Higher_in_BRCA1_tumour",0.12
0,0.736168243965152,0.922,0.647,0,"ARPC3","Higher_in_BRCA1_tumour",0.275
1.01218494699885e-211,0.736041623315027,0.261,0.08,2.51679787071263e-207,"WDR83","Higher_in_BRCA1_tumour",0.181
6.59894375665473e-92,0.735925633786649,0.11,0.034,1.6408273650922e-87,"EPHA4","Higher_in_BRCA1_tumour",0.076
4.75996529126426e-62,0.735536966327836,0.103,0.04,1.18356536967286e-57,"SEC24D","Higher_in_BRCA1_tumour",0.063
1.77564895310835e-294,0.735457729379251,0.523,0.206,4.41515112190391e-290,"DNAJC7","Higher_in_BRCA1_tumour",0.317
4.44659081257122e-322,0.735254192656428,0.889,0.597,1.10564480554583e-317,"LSM4","Higher_in_BRCA1_tumour",0.292
8.29242465630355e-249,0.73512015188539,0.357,0.122,2.06191139078988e-244,"CWC27","Higher_in_BRCA1_tumour",0.235
1.59564087783914e-151,0.73467644831737,0.2,0.066,3.96756104274701e-147,"EHD1","Higher_in_BRCA1_tumour",0.134
3.39864994353516e-244,0.734652341130819,0.645,0.321,8.45074308460017e-240,"NUCB2","Higher_in_BRCA1_tumour",0.324
2.32568708101452e-229,0.734610888826754,0.326,0.111,5.7828209269426e-225,"USP10","Higher_in_BRCA1_tumour",0.215
2.09228855674194e-87,0.734317259497756,0.115,0.037,5.20247549633884e-83,"ZNF507","Higher_in_BRCA1_tumour",0.078
1.81858370627457e-181,0.733919034981582,0.254,0.086,4.52190838565172e-177,"MFSD3","Higher_in_BRCA1_tumour",0.168
2.23303272664189e-136,0.733074468342164,0.185,0.062,5.55243587479507e-132,"GPATCH2L","Higher_in_BRCA1_tumour",0.123
1.1363951740669e-280,0.732633276758563,0.462,0.173,2.82564660031735e-276,"RUNX1","Higher_in_BRCA1_tumour",0.289
8.45757880456535e-243,0.732430542670691,0.337,0.114,2.10297696975517e-238,"SENP6","Higher_in_BRCA1_tumour",0.223
4.71440978963645e-180,0.731790061559861,0.265,0.093,1.1722379941931e-175,"DCK","Higher_in_BRCA1_tumour",0.172
1.37513143000506e-251,0.731264821089705,0.389,0.141,3.41926430070759e-247,"PPP2R5E","Higher_in_BRCA1_tumour",0.248
2.04177585626766e-206,0.731090325056129,0.279,0.092,5.07687566660953e-202,"AL031058.1","Higher_in_BRCA1_tumour",0.187
5.20134125263665e-201,0.729692055978831,0.302,0.107,1.2933135024681e-196,"BDP1","Higher_in_BRCA1_tumour",0.195
2.04498037659262e-213,0.729328490056887,0.294,0.098,5.08484370639754e-209,"SLC33A1","Higher_in_BRCA1_tumour",0.196
6.53837121585889e-85,0.729320054023481,0.117,0.04,1.62576600282331e-80,"TP53I11","Higher_in_BRCA1_tumour",0.077
1.58944150939141e-101,0.728756318468722,0.111,0.032,3.95214631310173e-97,"EPN3","Higher_in_BRCA1_tumour",0.079
1.77113357673879e-157,0.728325934198043,0.2,0.063,4.403923638561e-153,"AAAS","Higher_in_BRCA1_tumour",0.137
5.89962002429787e-193,0.727980655915259,0.278,0.095,1.46694051904167e-188,"VTA1","Higher_in_BRCA1_tumour",0.183
5.64268913705429e-100,0.727757616638343,0.117,0.035,1.40305465392855e-95,"GPATCH11","Higher_in_BRCA1_tumour",0.082
0,0.72710541346111,0.946,0.762,0,"RPS10","Higher_in_BRCA1_tumour",0.184
8.07790230548161e-221,0.72563994408787,0.312,0.106,2.008570408258e-216,"NUDT3","Higher_in_BRCA1_tumour",0.206
6.90870510212246e-218,0.725422008384092,0.327,0.116,1.71784952364275e-213,"ATP2B4","Higher_in_BRCA1_tumour",0.211
5.81844084992108e-293,0.724967684799144,0.699,0.334,1.44675531733288e-288,"SSR1","Higher_in_BRCA1_tumour",0.365
3.71118086768018e-177,0.723492685246756,0.255,0.089,9.22785122748677e-173,"VEZF1","Higher_in_BRCA1_tumour",0.166
1.81129277770905e-125,0.723373069024445,0.173,0.059,4.50377949177355e-121,"NF1","Higher_in_BRCA1_tumour",0.114
1.87113582473803e-264,0.723151946599537,0.429,0.159,4.65257922821112e-260,"TFDP2","Higher_in_BRCA1_tumour",0.27
8.50726542722398e-171,0.722727245063762,0.208,0.064,2.11533154847924e-166,"VPS26B","Higher_in_BRCA1_tumour",0.144
2.08828998604529e-299,0.722120535594448,0.734,0.364,5.19253305030161e-295,"SEC13","Higher_in_BRCA1_tumour",0.37
1.55788560213311e-218,0.721376354277953,0.294,0.097,3.87368254970399e-214,"CUL2","Higher_in_BRCA1_tumour",0.197
1.62588467126107e-105,0.721206694786868,0.146,0.049,4.04276223509065e-101,"PATZ1","Higher_in_BRCA1_tumour",0.097
6.49160425187066e-251,0.720929749819098,0.402,0.147,1.61413739722764e-246,"TAF15","Higher_in_BRCA1_tumour",0.255
9.81182196968039e-295,0.719365425125404,0.623,0.274,2.43970953276103e-290,"SMAGP","Higher_in_BRCA1_tumour",0.349
3.99145753962226e-319,0.718371285893221,0.775,0.398,9.92475917227076e-315,"SRSF5","Higher_in_BRCA1_tumour",0.377
1.58001290596954e-117,0.71736815791191,0.163,0.055,3.92870209069325e-113,"PIP4K2C","Higher_in_BRCA1_tumour",0.108
7.51577859851325e-114,0.717051240651132,0.157,0.053,1.86879834852032e-109,"ANO6","Higher_in_BRCA1_tumour",0.104
6.55230786787373e-90,0.71700062441921,0.128,0.044,1.6292313513468e-85,"CASP8","Higher_in_BRCA1_tumour",0.084
1.31409366312529e-294,0.716660574425861,0.713,0.353,3.26749389336103e-290,"BAX","Higher_in_BRCA1_tumour",0.36
6.56270646835814e-110,0.715895959430836,0.186,0.071,1.63181696335725e-105,"NRIP1","Higher_in_BRCA1_tumour",0.115
3.91546885630063e-293,0.715356499907018,0.743,0.379,9.73581331119151e-289,"MAF1","Higher_in_BRCA1_tumour",0.364
1.35913933763042e-150,0.715274417836197,0.242,0.09,3.37949996301803e-146,"ITGAV","Higher_in_BRCA1_tumour",0.152
6.26304292415165e-263,0.7151230278208,0.878,0.573,1.55730562309031e-258,"PSAP","Higher_in_BRCA1_tumour",0.305
8.87282843294151e-246,0.714586503913878,0.344,0.116,2.20622878985091e-241,"TNPO2","Higher_in_BRCA1_tumour",0.228
0,0.714249592905774,0.911,0.636,0,"HNRNPDL","Higher_in_BRCA1_tumour",0.275
3.15460740264726e-243,0.713813300408606,0.406,0.153,7.84393130668241e-239,"M6PR","Higher_in_BRCA1_tumour",0.253
3.63629821583558e-134,0.713501430256544,0.194,0.067,9.04165551367516e-130,"PDSS1","Higher_in_BRCA1_tumour",0.127
6.044904058381e-217,0.713321857714149,0.311,0.107,1.50306539411643e-212,"VANGL1","Higher_in_BRCA1_tumour",0.204
1.18627994545793e-173,0.713135249337611,0.242,0.081,2.94968508438115e-169,"GSTZ1","Higher_in_BRCA1_tumour",0.161
8.53531255498277e-154,0.712960194493044,0.188,0.058,2.12230546679647e-149,"PCNX3","Higher_in_BRCA1_tumour",0.13
3.58631074121651e-92,0.712717027959981,0.135,0.048,8.91736165803485e-88,"FBXO28","Higher_in_BRCA1_tumour",0.087
3.04356346364948e-162,0.711704908418276,0.208,0.066,7.56782055236443e-158,"NAA25","Higher_in_BRCA1_tumour",0.142
2.12169894905791e-157,0.71162064625439,0.193,0.06,5.27560443683251e-153,"ZNF883","Higher_in_BRCA1_tumour",0.133
4.62953341461698e-137,0.711427498964785,0.176,0.057,1.15113348354451e-132,"ZNF430","Higher_in_BRCA1_tumour",0.119
6.75938371925508e-85,0.710587297265977,0.109,0.035,1.68072076179278e-80,"NUP133","Higher_in_BRCA1_tumour",0.074
4.8768270098061e-168,0.70996934344658,0.205,0.063,1.21262303598829e-163,"TRIM13","Higher_in_BRCA1_tumour",0.142
0,0.709782182459986,0.907,0.617,0,"SUMO1","Higher_in_BRCA1_tumour",0.29
8.75587178973116e-209,0.709623638402334,0.315,0.112,2.17714752051665e-204,"NOTCH2","Higher_in_BRCA1_tumour",0.203
4.67287796403305e-282,0.709581835884245,0.694,0.334,1.16191110575682e-277,"UBE2N","Higher_in_BRCA1_tumour",0.36
4.04019274358411e-277,0.709481798121996,0.56,0.235,1.00459392569219e-272,"NME4","Higher_in_BRCA1_tumour",0.325
2.22921980821701e-195,0.709370892021521,0.274,0.093,5.5429550531316e-191,"PRR14L","Higher_in_BRCA1_tumour",0.181
1.41796586192828e-286,0.709025273146223,0.816,0.495,3.52577211568466e-282,"MRPS6","Higher_in_BRCA1_tumour",0.321
1.23552416553782e-89,0.708989297941638,0.118,0.039,3.0721308376098e-85,"WNK2","Higher_in_BRCA1_tumour",0.079
2.10243766291104e-147,0.708530591925034,0.197,0.065,5.2277112488283e-143,"UCKL1","Higher_in_BRCA1_tumour",0.132
3.7803883664483e-157,0.708272492058331,0.213,0.071,9.39993567317371e-153,"LZIC","Higher_in_BRCA1_tumour",0.142
2.4202545670828e-109,0.705336153263857,0.166,0.06,6.01796298105137e-105,"SIGIRR","Higher_in_BRCA1_tumour",0.106
4.27214139431636e-129,0.704704098027363,0.171,0.056,1.06226795769676e-124,"TCF3","Higher_in_BRCA1_tumour",0.115
5.16852642830281e-148,0.7036156182968,0.197,0.065,1.28515409639749e-143,"PPAT","Higher_in_BRCA1_tumour",0.132
2.46667061318233e-218,0.703587924332457,0.322,0.112,6.13337647967787e-214,"SPAG16","Higher_in_BRCA1_tumour",0.21
3.01359931802075e-108,0.70304309542059,0.142,0.046,7.49331470425861e-104,"FAM171A1","Higher_in_BRCA1_tumour",0.096
1.40087903243485e-143,0.702974808049162,0.186,0.06,3.48328571414925e-139,"MAU2","Higher_in_BRCA1_tumour",0.126
7.8803639404237e-120,0.702891425154833,0.135,0.039,1.95945249378635e-115,"CYYR1","Higher_in_BRCA1_tumour",0.096
7.32400655013454e-121,0.70234407231699,0.154,0.049,1.82111422869095e-116,"MRRF","Higher_in_BRCA1_tumour",0.105
0,0.702228821394988,0.995,0.969,0,"FAU","Higher_in_BRCA1_tumour",0.026
9.45605611342342e-179,0.701899280614867,0.223,0.07,2.35124835260273e-174,"TCEAL1","Higher_in_BRCA1_tumour",0.153
3.46796112563616e-280,0.701409845553175,0.496,0.192,8.6230853388943e-276,"CCNB1IP1","Higher_in_BRCA1_tumour",0.304
6.11633824016034e-114,0.700903118050124,0.152,0.05,1.52082750341587e-109,"WASHC5","Higher_in_BRCA1_tumour",0.102
4.59749110485877e-222,0.700599719191904,0.324,0.112,1.14316616322313e-217,"IFT43","Higher_in_BRCA1_tumour",0.212
1.51000486890688e-232,0.700278221681764,0.388,0.145,3.75462710653696e-228,"ALKBH2","Higher_in_BRCA1_tumour",0.243
1.51649225607423e-84,0.700202209330896,0.107,0.034,3.77075799472858e-80,"GXYLT1","Higher_in_BRCA1_tumour",0.073
1.60710447164097e-143,0.700073859346394,0.205,0.071,3.99606526873527e-139,"SLC11A2","Higher_in_BRCA1_tumour",0.134
5.35548759360692e-213,0.700025121854007,0.31,0.107,1.33164199015036e-208,"CYB561A3","Higher_in_BRCA1_tumour",0.203
1.24488269042486e-213,0.699548599863847,0.569,0.27,3.09540080974142e-209,"RDX","Higher_in_BRCA1_tumour",0.299
2.0533176839017e-168,0.699242441563269,0.244,0.084,5.10557442102159e-164,"LPAR2","Higher_in_BRCA1_tumour",0.16
2.25561756761499e-162,0.699052762687642,0.219,0.072,5.60859308187467e-158,"STAM","Higher_in_BRCA1_tumour",0.147
1.14536196410589e-216,0.698858799397811,0.297,0.099,2.8479425237493e-212,"ELF1","Higher_in_BRCA1_tumour",0.198
1.04070022353178e-90,0.698519161780582,0.125,0.043,2.58770110581177e-86,"SETX","Higher_in_BRCA1_tumour",0.082
4.13538109051161e-276,0.698412720749588,0.503,0.199,1.02826250815571e-271,"ISCU","Higher_in_BRCA1_tumour",0.304
0,0.697991260946475,0.955,0.817,0,"PPA1","Higher_in_BRCA1_tumour",0.138
2.53719129606979e-119,0.697147053524132,0.161,0.053,6.30872615767753e-115,"FOXRED1","Higher_in_BRCA1_tumour",0.108
6.790904969945e-242,0.696858151678223,0.583,0.273,1.68855852077682e-237,"WDR34","Higher_in_BRCA1_tumour",0.31
8.35188962457249e-161,0.696440911016005,0.243,0.086,2.07669735514995e-156,"TMEM214","Higher_in_BRCA1_tumour",0.157
3.47157923677662e-243,0.695725760302283,0.385,0.14,8.63208177224507e-239,"FRMD4B","Higher_in_BRCA1_tumour",0.245
4.31746317602456e-147,0.695665900226954,0.184,0.058,1.07353721871851e-142,"AGPAT3","Higher_in_BRCA1_tumour",0.126
4.34024421682027e-171,0.695491861898834,0.285,0.106,1.07920172451236e-166,"DNAJC4","Higher_in_BRCA1_tumour",0.179
1.1470680449998e-106,0.694477438106307,0.134,0.042,2.85218469389201e-102,"RUFY1","Higher_in_BRCA1_tumour",0.092
2.9313394368618e-268,0.694374930172244,0.52,0.216,7.28877550975687e-264,"CAVIN1","Higher_in_BRCA1_tumour",0.304
3.66377160933439e-225,0.693933709664962,0.373,0.139,9.10996810660995e-221,"COMTD1","Higher_in_BRCA1_tumour",0.234
4.06164861548927e-127,0.6938503347779,0.161,0.051,1.00992892824141e-122,"CACNB3","Higher_in_BRCA1_tumour",0.11
5.01596683354371e-187,0.693341277740586,0.305,0.113,1.24722015316064e-182,"C8orf76","Higher_in_BRCA1_tumour",0.192
3.27523637336611e-281,0.693238437042725,0.528,0.212,8.14387524237483e-277,"BPTF","Higher_in_BRCA1_tumour",0.316
6.02205019247771e-288,0.693029796401152,0.599,0.259,1.49738278035958e-283,"DDX1","Higher_in_BRCA1_tumour",0.34
3.52605848181909e-157,0.692420063601208,0.207,0.067,8.76754441504316e-153,"PIBF1","Higher_in_BRCA1_tumour",0.14
1.8453752453044e-296,0.691784682091178,0.549,0.219,4.58852554744938e-292,"NDUFV3","Higher_in_BRCA1_tumour",0.33
3.69873233622967e-127,0.690329117852585,0.167,0.054,9.19689795403507e-123,"TMEM185B","Higher_in_BRCA1_tumour",0.113
3.25587694489419e-178,0.690308885591003,0.224,0.071,8.0957380234794e-174,"TMEM218","Higher_in_BRCA1_tumour",0.153
1.56713564483192e-154,0.690206809289708,0.205,0.067,3.89668278087458e-150,"MMD","Higher_in_BRCA1_tumour",0.138
3.91446452029468e-285,0.68928884774132,0.752,0.39,9.73331602971271e-281,"EWSR1","Higher_in_BRCA1_tumour",0.362
1.31704093339932e-170,0.688920134302019,0.24,0.081,3.27482228089741e-166,"TAF3","Higher_in_BRCA1_tumour",0.159
2.66644234074111e-261,0.68872207022926,0.417,0.152,6.63010888025276e-257,"ZCCHC7","Higher_in_BRCA1_tumour",0.265
4.40018720247755e-155,0.688395359193764,0.248,0.091,1.09410654789604e-150,"ZC3HAV1","Higher_in_BRCA1_tumour",0.157
3.48872613432299e-288,0.688051188920214,0.671,0.311,8.67471753299413e-284,"SFT2D1","Higher_in_BRCA1_tumour",0.36
1.23942614996285e-232,0.685451406963693,0.366,0.133,3.08183312188262e-228,"PPP6C","Higher_in_BRCA1_tumour",0.233
7.5998354549799e-133,0.682700761818158,0.159,0.049,1.88969908588075e-128,"OMA1","Higher_in_BRCA1_tumour",0.11
3.71084974903104e-89,0.682254390548115,0.11,0.034,9.22702790096568e-85,"TDRD3","Higher_in_BRCA1_tumour",0.076
3.54237307619087e-291,0.680779157750124,0.807,0.448,8.80811065394859e-287,"PRPF40A","Higher_in_BRCA1_tumour",0.359
4.69001907116478e-219,0.680687587520145,0.336,0.12,1.16617324204512e-214,"CRBN","Higher_in_BRCA1_tumour",0.216
1.34247233523463e-82,0.680662194335135,0.122,0.043,3.3380574615609e-78,"RHPN2","Higher_in_BRCA1_tumour",0.079
5.51755317402885e-130,0.679255146837966,0.161,0.051,1.37193959672227e-125,"TBK1","Higher_in_BRCA1_tumour",0.11
3.47244283773179e-163,0.679183571842613,0.219,0.072,8.63422911602009e-159,"DDX52","Higher_in_BRCA1_tumour",0.147
0,0.677007743998291,0.996,0.983,0,"RPS3A","Higher_in_BRCA1_tumour",0.013
9.1166238649932e-153,0.676724753549074,0.208,0.069,2.26684852403056e-148,"LSS","Higher_in_BRCA1_tumour",0.139
4.79942462352555e-125,0.675723449419889,0.18,0.062,1.19337693263963e-120,"METTL2A","Higher_in_BRCA1_tumour",0.118
1.88030665954362e-84,0.675217346728734,0.118,0.04,4.67538250895522e-80,"GNS","Higher_in_BRCA1_tumour",0.078
1.65552659207673e-262,0.6742681822094,0.451,0.171,4.11646687119879e-258,"TADA3","Higher_in_BRCA1_tumour",0.28
5.78441162350475e-132,0.674256840775766,0.149,0.044,1.43829395018446e-127,"TMEM161B","Higher_in_BRCA1_tumour",0.105
9.69215663112075e-291,0.674034554404823,0.868,0.542,2.40995474632818e-286,"UBXN4","Higher_in_BRCA1_tumour",0.326
2.89481466249003e-149,0.673490685841129,0.209,0.071,7.19795665828145e-145,"SOX10","Higher_in_BRCA1_tumour",0.138
3.4678375627435e-218,0.67339856637738,0.379,0.145,8.62277809976172e-214,"MAD2L2","Higher_in_BRCA1_tumour",0.234
1.50335455317996e-247,0.673320326528042,0.406,0.149,3.73809109648197e-243,"AIG1","Higher_in_BRCA1_tumour",0.257
2.92191140584236e-255,0.673249875941235,0.337,0.108,7.26533271062703e-251,"GPX7","Higher_in_BRCA1_tumour",0.229
1.14759040924621e-106,0.673207093106315,0.129,0.04,2.8534835525907e-102,"KHK","Higher_in_BRCA1_tumour",0.089
1.93321516248562e-283,0.673102676363023,0.512,0.201,4.8069395015205e-279,"SUPT5H","Higher_in_BRCA1_tumour",0.311
7.69566168309088e-165,0.671925859527224,0.222,0.073,1.91352627750055e-160,"ZBTB43","Higher_in_BRCA1_tumour",0.149
1.51332799346094e-148,0.671814741988349,0.183,0.057,3.76289005574064e-144,"AC025159.1","Higher_in_BRCA1_tumour",0.126
1.82161343228428e-198,0.670772982489511,0.265,0.086,4.52944179937486e-194,"ATP2B1","Higher_in_BRCA1_tumour",0.179
7.27523268635809e-149,0.669668234989954,0.21,0.071,1.80898660746294e-144,"PHF23","Higher_in_BRCA1_tumour",0.139
2.96282138566994e-156,0.669158532070877,0.245,0.089,7.3670553754683e-152,"FBXW2","Higher_in_BRCA1_tumour",0.156
9.14483689652632e-243,0.668099144697794,0.711,0.382,2.27386369432127e-238,"SDC1","Higher_in_BRCA1_tumour",0.329
3.00781919881151e-170,0.666740773534465,0.25,0.087,7.47894243784481e-166,"HAUS8","Higher_in_BRCA1_tumour",0.163
3.29545620026262e-100,0.666568299094151,0.125,0.04,8.194151841953e-96,"SARNP","Higher_in_BRCA1_tumour",0.085
4.87939693419425e-72,0.666354951490743,0.123,0.047,1.2132620476874e-67,"STK17B","Higher_in_BRCA1_tumour",0.076
1.90975651006579e-79,0.665203047104506,0.119,0.042,4.74860956227859e-75,"PHTF1","Higher_in_BRCA1_tumour",0.077
5.24230954276244e-189,0.665163713585609,0.277,0.096,1.30350026780788e-184,"ASCC3","Higher_in_BRCA1_tumour",0.181
7.16047599912952e-94,0.664478564196091,0.123,0.04,1.78045235718355e-89,"NLN","Higher_in_BRCA1_tumour",0.083
1.53652563630217e-171,0.6643997876615,0.235,0.078,3.82057099466536e-167,"R3HDM1","Higher_in_BRCA1_tumour",0.157
6.24518594895377e-102,0.664308650729632,0.129,0.041,1.55286548620736e-97,"INTS5","Higher_in_BRCA1_tumour",0.088
3.44375072776217e-103,0.664035905551476,0.158,0.057,8.56288618458064e-99,"PPP1R15B","Higher_in_BRCA1_tumour",0.101
1.15859348378499e-124,0.663663930638794,0.162,0.052,2.88084269743138e-120,"KIF3A","Higher_in_BRCA1_tumour",0.11
2.22773834792462e-239,0.66221794823756,0.567,0.256,5.53927140211458e-235,"NFE2L2","Higher_in_BRCA1_tumour",0.311
0,0.662159823167054,0.956,0.822,0,"EIF3H","Higher_in_BRCA1_tumour",0.134
2.1798350731888e-150,0.662111332970757,0.845,0.591,5.42015990948396e-146,"FDPS","Higher_in_BRCA1_tumour",0.254
2.07617565177601e-219,0.661463454370341,0.329,0.116,5.16241075814106e-215,"SUCO","Higher_in_BRCA1_tumour",0.213
2.35506179950118e-123,0.660717813717355,0.169,0.057,5.8558611644597e-119,"PDE4DIP","Higher_in_BRCA1_tumour",0.112
2.83612675056632e-232,0.660708962021839,0.387,0.145,7.05202916528315e-228,"SLU7","Higher_in_BRCA1_tumour",0.242
1.41760488084125e-86,0.659401772805113,0.109,0.035,3.52487453621177e-82,"NAA30","Higher_in_BRCA1_tumour",0.074
3.42290516747758e-188,0.659081370214525,0.273,0.094,8.511053698933e-184,"COPS7B","Higher_in_BRCA1_tumour",0.179
8.58442833465575e-217,0.659065106458145,0.342,0.124,2.13451810541215e-212,"CRYZL1","Higher_in_BRCA1_tumour",0.218
3.07997138336764e-121,0.659054113584895,0.235,0.096,7.65834884474364e-117,"SP100","Higher_in_BRCA1_tumour",0.139
2.03457024313033e-205,0.657146931300346,0.343,0.128,5.05895890954358e-201,"SYNJ2","Higher_in_BRCA1_tumour",0.215
3.218056996385e-89,0.656762547933937,0.109,0.034,8.0016987215113e-85,"AC022144.1","Higher_in_BRCA1_tumour",0.075
3.9722910206316e-288,0.655670359639592,0.714,0.343,9.87710162280047e-284,"STAU1","Higher_in_BRCA1_tumour",0.371
6.76428094094262e-102,0.65532074711312,0.152,0.054,1.68193845596538e-97,"CDC42BPA","Higher_in_BRCA1_tumour",0.098
1.29782879777123e-132,0.654584341231878,0.188,0.064,3.22705130565816e-128,"MPV17L2","Higher_in_BRCA1_tumour",0.124
8.42089150076244e-216,0.6539121055754,0.369,0.139,2.09385467166458e-211,"RTCA","Higher_in_BRCA1_tumour",0.23
3.87854463352136e-279,0.653596785582398,0.456,0.168,9.64400123125086e-275,"CSTF3","Higher_in_BRCA1_tumour",0.288
4.35899121196457e-292,0.653302890795975,0.76,0.386,1.08386316485499e-287,"MRPL33","Higher_in_BRCA1_tumour",0.374
1.11858552132755e-172,0.653245143824864,0.262,0.093,2.78136289878094e-168,"KCTD20","Higher_in_BRCA1_tumour",0.169
0,0.652100157177797,0.994,0.985,0,"RPL10A","Higher_in_BRCA1_tumour",0.00900000000000001
0,0.65128245599439,0.963,0.81,0,"RPL36AL","Higher_in_BRCA1_tumour",0.153
9.60920273896457e-263,0.651092625220136,0.624,0.283,2.38932826104354e-258,"VGLL4","Higher_in_BRCA1_tumour",0.341
4.66348963958787e-166,0.651065996101627,0.231,0.077,1.15957669888352e-161,"SLC7A1","Higher_in_BRCA1_tumour",0.154
6.22232871210535e-143,0.650215320152584,0.193,0.064,1.547182034265e-138,"ELOVL6","Higher_in_BRCA1_tumour",0.129
1.86538956564376e-166,0.650018474605714,0.263,0.095,4.63829115497321e-162,"WDR4","Higher_in_BRCA1_tumour",0.168
8.14591363460531e-201,0.649652295277208,0.347,0.132,2.02548142524461e-196,"PGM3","Higher_in_BRCA1_tumour",0.215
1.20858472398272e-160,0.648875588000239,0.246,0.087,3.00514591618304e-156,"RIOX2","Higher_in_BRCA1_tumour",0.159
3.28603804398358e-157,0.648532304810029,0.243,0.089,8.17073359636516e-153,"INHBA","Higher_in_BRCA1_tumour",0.154
0,0.64757361193784,0.744,0.328,0,"SELENOH","Higher_in_BRCA1_tumour",0.416
5.80498718611122e-242,0.647545547016313,0.351,0.12,1.44341006382655e-237,"AC008771.1","Higher_in_BRCA1_tumour",0.231
0,0.647478119608392,0.67,0.27,0,"DSC2","Higher_in_BRCA1_tumour",0.4
5.74144926808062e-258,0.647274687389722,0.501,0.202,1.42761136050825e-253,"SNW1","Higher_in_BRCA1_tumour",0.299
4.25857866197405e-122,0.646439483744037,0.157,0.05,1.05889558429985e-117,"FAM208A","Higher_in_BRCA1_tumour",0.107
3.85212730046911e-256,0.646406312246277,0.692,0.345,9.57831453261644e-252,"MTPN","Higher_in_BRCA1_tumour",0.347
2.23324789424981e-247,0.646212667448548,0.444,0.173,5.55297088905216e-243,"CMTM8","Higher_in_BRCA1_tumour",0.271
8.82037580749391e-263,0.645893767818474,0.547,0.231,2.19318644453336e-258,"UBE2K","Higher_in_BRCA1_tumour",0.316
1.10060175388916e-108,0.645629865779795,0.137,0.044,2.7366462610454e-104,"ZNF264","Higher_in_BRCA1_tumour",0.093
9.4346761034908e-163,0.644948066512952,0.227,0.076,2.34593221313299e-158,"EXOSC9","Higher_in_BRCA1_tumour",0.151
1.34655631238111e-198,0.644831761878435,0.306,0.109,3.34821227073564e-194,"TWF1","Higher_in_BRCA1_tumour",0.197
4.74823877510173e-76,0.644335903229077,0.105,0.036,1.18064957142904e-71,"ORAI3","Higher_in_BRCA1_tumour",0.069
7.42466632899966e-156,0.643836422246599,0.228,0.08,1.84614328270577e-151,"PIP5K1A","Higher_in_BRCA1_tumour",0.148
7.76283392131367e-128,0.643804486264226,0.193,0.069,1.93022865453464e-123,"CASC8","Higher_in_BRCA1_tumour",0.124
3.93596097121815e-173,0.643354722442964,0.266,0.095,9.78676695493392e-169,"MAPKAPK5","Higher_in_BRCA1_tumour",0.171
5.2129540207276e-256,0.643152181159418,0.537,0.226,1.29620101725392e-251,"TIMM9","Higher_in_BRCA1_tumour",0.311
1.16844978606264e-259,0.642425550998204,0.492,0.197,2.90535039304475e-255,"ARL8B","Higher_in_BRCA1_tumour",0.295
1.92343822065158e-106,0.641555880788911,0.174,0.065,4.78262913565016e-102,"BDH2","Higher_in_BRCA1_tumour",0.109
5.01459593924106e-134,0.640565428490453,0.188,0.064,1.24687928029229e-129,"MCCC2","Higher_in_BRCA1_tumour",0.124
3.35253162143905e-161,0.63985797784918,0.426,0.199,8.33606987670821e-157,"NCOA7","Higher_in_BRCA1_tumour",0.227
3.49860236199644e-75,0.639812275366129,0.106,0.037,8.69927477310415e-71,"CDK8","Higher_in_BRCA1_tumour",0.069
8.85614252594327e-190,0.639566420453601,0.321,0.12,2.2020798390758e-185,"SURF1","Higher_in_BRCA1_tumour",0.201
4.85937893126735e-130,0.639513088059052,0.183,0.062,1.20828457125963e-125,"FBXW7","Higher_in_BRCA1_tumour",0.121
0,0.639470918700515,0.992,0.973,0,"RPL29","Higher_in_BRCA1_tumour",0.019
2.1169183394188e-263,0.639335246512112,0.547,0.232,5.26371745096484e-259,"GOPC","Higher_in_BRCA1_tumour",0.315
1.79871343684392e-213,0.639107112954409,0.34,0.124,4.4725009607124e-209,"ZC3H13","Higher_in_BRCA1_tumour",0.216
2.68739101256305e-219,0.639011469648939,0.424,0.17,6.68219775273802e-215,"GNPNAT1","Higher_in_BRCA1_tumour",0.254
5.54758808799335e-172,0.638923796249334,0.252,0.087,1.37940777807955e-167,"FBXL12","Higher_in_BRCA1_tumour",0.165
1.67115588836216e-220,0.638900771050648,0.854,0.553,4.15532911641251e-216,"CYB5A","Higher_in_BRCA1_tumour",0.301
3.1345577274685e-252,0.637935029525481,0.431,0.163,7.79407778935042e-248,"NABP2","Higher_in_BRCA1_tumour",0.268
3.70659160239876e-90,0.637870617005873,0.112,0.035,9.21644001936451e-86,"TFCP2","Higher_in_BRCA1_tumour",0.077
1.47409992190842e-221,0.637505869938152,0.439,0.179,3.66534945582529e-217,"TIMM50","Higher_in_BRCA1_tumour",0.26
4.394515943304e-293,0.637215180307831,0.735,0.371,1.09269638930254e-288,"CSRP2","Higher_in_BRCA1_tumour",0.364
1.03521669418358e-129,0.637204794676459,0.215,0.08,2.57406631008746e-125,"ATP11B","Higher_in_BRCA1_tumour",0.135
8.71360006160587e-149,0.63531823469178,0.18,0.055,2.1666366553183e-144,"SP1","Higher_in_BRCA1_tumour",0.125
1.16273146914237e-115,0.635074111234131,0.159,0.054,2.89113179802251e-111,"NOL4L","Higher_in_BRCA1_tumour",0.105
5.85709651563843e-91,0.634012611505581,0.125,0.042,1.45636704861349e-86,"OXSM","Higher_in_BRCA1_tumour",0.083
9.05127318950336e-282,0.633991537876963,0.889,0.603,2.25059907857001e-277,"APRT","Higher_in_BRCA1_tumour",0.286
1.30755853070636e-244,0.632811222011591,0.47,0.189,3.25124428660137e-240,"OSGEP","Higher_in_BRCA1_tumour",0.281
2.10628943384719e-256,0.632500972921154,0.606,0.276,5.23728867726104e-252,"DESI2","Higher_in_BRCA1_tumour",0.33
1.8698497747375e-239,0.632475020446653,0.649,0.314,4.6493814648848e-235,"TPRKB","Higher_in_BRCA1_tumour",0.335
2.34920448399702e-173,0.630882589773924,0.287,0.106,5.84129694945859e-169,"AKAP1","Higher_in_BRCA1_tumour",0.181
8.65149100352865e-260,0.630159198103724,0.66,0.313,2.1511932380274e-255,"NDUFS2","Higher_in_BRCA1_tumour",0.347
4.41147132334971e-235,0.629495164222197,0.356,0.125,1.0969123445509e-230,"DPP7","Higher_in_BRCA1_tumour",0.231
2.93580716245509e-131,0.62824647540226,0.186,0.063,7.29988450944458e-127,"C12orf73","Higher_in_BRCA1_tumour",0.123
1.26037963554114e-126,0.628188061813214,0.164,0.053,3.13393396377305e-122,"ZSWIM8","Higher_in_BRCA1_tumour",0.111
2.30333961750332e-83,0.627942055124713,0.127,0.046,5.72725395892201e-79,"SDE2","Higher_in_BRCA1_tumour",0.081
7.68691585198882e-281,0.627611093299326,0.852,0.504,1.91135162659702e-276,"CSNK1A1","Higher_in_BRCA1_tumour",0.348
3.39846941773519e-159,0.627180336956251,0.219,0.073,8.45029420719854e-155,"CCDC43","Higher_in_BRCA1_tumour",0.146
1.33737078316965e-248,0.627003277952562,0.5,0.206,3.32537245235133e-244,"GART","Higher_in_BRCA1_tumour",0.294
2.0436675174666e-83,0.62675024810933,0.114,0.038,5.08157928218071e-79,"HINFP","Higher_in_BRCA1_tumour",0.076
5.87571619036738e-305,0.623974327729837,0.736,0.358,1.46099683073485e-300,"TXNIP","Higher_in_BRCA1_tumour",0.378
6.3850993902832e-259,0.623877654913779,0.539,0.228,1.58765496339392e-254,"UQCC3","Higher_in_BRCA1_tumour",0.311
4.17935418509396e-140,0.623397634683823,0.201,0.069,1.03919641812361e-135,"RBM18","Higher_in_BRCA1_tumour",0.132
2.32104644445387e-146,0.62287255015438,0.241,0.09,5.77128198413455e-142,"CEP70","Higher_in_BRCA1_tumour",0.151
0,0.622412452278313,0.979,0.909,0,"HINT1","Higher_in_BRCA1_tumour",0.07
6.09315937031671e-162,0.62222223397899,0.259,0.095,1.51506407742925e-157,"KPNA3","Higher_in_BRCA1_tumour",0.164
4.0705353506977e-123,0.622053746060869,0.183,0.064,1.01213861495098e-118,"TFB2M","Higher_in_BRCA1_tumour",0.119
4.14017571485401e-199,0.62133899869446,0.326,0.12,1.02945469149845e-194,"TCEA2","Higher_in_BRCA1_tumour",0.206
1.16111529583289e-80,0.621289220833456,0.108,0.036,2.88711318308848e-76,"CDK11A","Higher_in_BRCA1_tumour",0.072
1.78681067684362e-116,0.621267324486267,0.126,0.036,4.44290474797167e-112,"GPR12","Higher_in_BRCA1_tumour",0.09
8.53355233612742e-102,0.620269373713845,0.166,0.062,2.12186778837808e-97,"CDR2L","Higher_in_BRCA1_tumour",0.104
2.88942111627274e-200,0.620127675611266,0.345,0.13,7.18454560561216e-196,"CERS6","Higher_in_BRCA1_tumour",0.215
7.75154791163266e-34,0.619951846296796,0.812,0.723,1.92742238822746e-29,"NDUFA4L2","Higher_in_BRCA1_tumour",0.0890000000000001
2.5136281332961e-207,0.619617076442078,0.386,0.153,6.25013635344075e-203,"MRPS2","Higher_in_BRCA1_tumour",0.233
2.5148774447079e-191,0.619470702816333,0.304,0.111,6.2532427662662e-187,"CYTH2","Higher_in_BRCA1_tumour",0.193
3.41335768851923e-219,0.618377104463624,0.376,0.142,8.48731389250306e-215,"STRBP","Higher_in_BRCA1_tumour",0.234
5.62411857256052e-197,0.61801587658615,0.366,0.144,1.39843708306717e-192,"ABCE1","Higher_in_BRCA1_tumour",0.222
3.62102135365885e-106,0.616260409526731,0.137,0.044,9.00366959587272e-102,"PLXNA3","Higher_in_BRCA1_tumour",0.093
6.73790713201121e-90,0.616220680552908,0.14,0.051,1.67538060837459e-85,"KDM6B","Higher_in_BRCA1_tumour",0.089
2.86100772846625e-177,0.615928786533171,0.288,0.106,7.11389571683132e-173,"FAF2","Higher_in_BRCA1_tumour",0.182
5.25003444323541e-147,0.615748577805046,0.196,0.065,1.30542106431048e-142,"AC023157.3","Higher_in_BRCA1_tumour",0.131
0,0.615667084261863,0.97,0.868,0,"DBI","Higher_in_BRCA1_tumour",0.102
1.15684902308186e-232,0.614556716345519,0.863,0.583,2.87650509589304e-228,"HOOK2","Higher_in_BRCA1_tumour",0.28
1.25593073584073e-122,0.613829230143251,0.179,0.062,3.12287177466797e-118,"PPP1R12B","Higher_in_BRCA1_tumour",0.117
5.55279718364682e-77,0.613790735330758,0.106,0.036,1.38070301971378e-72,"USP12","Higher_in_BRCA1_tumour",0.07
1.14969670894594e-113,0.613697486221281,0.164,0.057,2.85872086679409e-109,"PIGH","Higher_in_BRCA1_tumour",0.107
0,0.613599312687542,0.925,0.65,0,"PEBP1","Higher_in_BRCA1_tumour",0.275
2.80497257005854e-294,0.613207709112533,0.936,0.743,6.97456429545056e-290,"YWHAQ","Higher_in_BRCA1_tumour",0.193
2.10111791478872e-111,0.613121887209081,0.161,0.056,5.22442969512214e-107,"KIF9","Higher_in_BRCA1_tumour",0.105
1.69099301146375e-162,0.613066942818517,0.372,0.165,4.20465412300461e-158,"FCGRT","Higher_in_BRCA1_tumour",0.207
2.01110334188226e-180,0.612140986592993,0.344,0.137,5.00060845959023e-176,"LARP7","Higher_in_BRCA1_tumour",0.207
3.51410588536658e-253,0.611792816337576,0.808,0.461,8.737824283964e-249,"ECH1","Higher_in_BRCA1_tumour",0.347
4.02910550999832e-88,0.611211449967415,0.151,0.058,1.00183708506108e-83,"CRELD1","Higher_in_BRCA1_tumour",0.093
7.28720118829653e-71,0.610823719209778,0.106,0.038,1.81196257546993e-66,"TATDN3","Higher_in_BRCA1_tumour",0.068
3.69001633442099e-264,0.61019514595945,0.517,0.209,9.1752256155378e-260,"PAFAH1B2","Higher_in_BRCA1_tumour",0.308
1.10786177808532e-176,0.609939556673092,0.304,0.115,2.75469831120914e-172,"PPP1R12A","Higher_in_BRCA1_tumour",0.189
2.31202982235845e-163,0.609346233297307,0.278,0.105,5.74886215329428e-159,"SNAPC1","Higher_in_BRCA1_tumour",0.173
2.55604924783379e-148,0.609082811586023,0.226,0.08,6.35561645473871e-144,"ZC3H14","Higher_in_BRCA1_tumour",0.146
1.63091792367604e-184,0.608610548361328,0.303,0.112,4.05527741722047e-180,"CNOT4","Higher_in_BRCA1_tumour",0.191
5.01878333731009e-164,0.60850369268455,0.247,0.087,1.24792047682215e-159,"BRD3","Higher_in_BRCA1_tumour",0.16
3.28327422296928e-97,0.608476506088623,0.132,0.044,8.1638613554131e-93,"TGM5","Higher_in_BRCA1_tumour",0.088
3.51721051222339e-80,0.608205789339511,0.125,0.046,8.74554393864346e-76,"ARMT1","Higher_in_BRCA1_tumour",0.079
2.75104784768064e-117,0.607124240359827,0.166,0.057,6.84048047325791e-113,"COQ6","Higher_in_BRCA1_tumour",0.109
1.88486509555815e-173,0.607114905750984,0.264,0.093,4.68671706010534e-169,"HELZ","Higher_in_BRCA1_tumour",0.171
4.99002027587774e-235,0.606933107777888,0.607,0.286,1.240768541597e-230,"EMC6","Higher_in_BRCA1_tumour",0.321
2.87643030699034e-104,0.606554461244077,0.163,0.059,7.15224395833148e-100,"NOTCH1","Higher_in_BRCA1_tumour",0.104
2.40322612232035e-197,0.605954117208711,0.29,0.1,5.97562175314954e-193,"KANK2","Higher_in_BRCA1_tumour",0.19
2.45949350477471e-161,0.605432701209063,0.286,0.11,6.11553059962231e-157,"TMEM161A","Higher_in_BRCA1_tumour",0.176
4.65463873504128e-130,0.604954092416472,0.166,0.053,1.15737592146802e-125,"PARD6B","Higher_in_BRCA1_tumour",0.113
9.41313598220684e-223,0.604898247187917,0.41,0.161,2.34057626197573e-218,"SLC25A33","Higher_in_BRCA1_tumour",0.249
2.41928104267715e-86,0.60470752120758,0.11,0.035,6.01554231261674e-82,"ZFP82","Higher_in_BRCA1_tumour",0.075
3.49113167256385e-124,0.604639740008975,0.188,0.067,8.68069890383e-120,"SC5D","Higher_in_BRCA1_tumour",0.121
1.0318147373969e-261,0.604318997692142,0.835,0.499,2.5656073445374e-257,"NASP","Higher_in_BRCA1_tumour",0.336
4.9635778735848e-256,0.604257840205514,0.905,0.621,1.23419363826686e-251,"TMBIM6","Higher_in_BRCA1_tumour",0.284
4.27293033849939e-82,0.604110787249231,0.135,0.051,1.06246412866787e-77,"TRIM25","Higher_in_BRCA1_tumour",0.084
3.22353364979006e-185,0.603218094295965,0.3,0.11,8.01531642020298e-181,"B3GNT5","Higher_in_BRCA1_tumour",0.19
2.26286724971978e-90,0.602194178477935,0.145,0.054,5.62661941642824e-86,"ATF2","Higher_in_BRCA1_tumour",0.091
5.56031446439863e-146,0.60164736928036,0.215,0.075,1.38257219157272e-141,"PRUNE1","Higher_in_BRCA1_tumour",0.14
4.92135864164531e-249,0.600943646153259,0.61,0.276,1.22369582624511e-244,"CBX1","Higher_in_BRCA1_tumour",0.334
7.77218633232745e-84,0.600237934086652,0.122,0.043,1.93255413153322e-79,"C1orf50","Higher_in_BRCA1_tumour",0.079
1.35867902108361e-235,0.599793795323603,0.596,0.277,3.37835538592439e-231,"MPZL2","Higher_in_BRCA1_tumour",0.319
6.15189746866474e-266,0.598737069635606,0.907,0.624,1.52966930558349e-261,"SRP9","Higher_in_BRCA1_tumour",0.283
6.93255221391833e-83,0.598229769357792,0.11,0.036,1.72377910799079e-78,"PARG","Higher_in_BRCA1_tumour",0.074
2.53004200048587e-228,0.598086045624961,0.42,0.164,6.29094943420811e-224,"VASP","Higher_in_BRCA1_tumour",0.256
6.2033244009141e-84,0.597751968237972,0.138,0.052,1.54245661228729e-79,"DLAT","Higher_in_BRCA1_tumour",0.086
1.12248924727729e-178,0.597713089903587,0.326,0.127,2.79106951335498e-174,"TCERG1","Higher_in_BRCA1_tumour",0.199
9.62335872822898e-151,0.596690419229976,0.216,0.074,2.39284814777414e-146,"AC020915.3","Higher_in_BRCA1_tumour",0.142
1.24476591913579e-254,0.59644619770421,0.511,0.21,3.09511045793114e-250,"GGNBP2","Higher_in_BRCA1_tumour",0.301
1.17306660105954e-143,0.595884022435356,0.185,0.059,2.91683010353454e-139,"BTBD7","Higher_in_BRCA1_tumour",0.126
2.08231269481777e-225,0.595600859936668,0.773,0.44,5.17767051566438e-221,"MRPL34","Higher_in_BRCA1_tumour",0.333
5.90312655367301e-153,0.595382014432983,0.24,0.086,1.46781241757079e-148,"HNRNPLL","Higher_in_BRCA1_tumour",0.154
1.90894550184992e-94,0.595292819932746,0.135,0.047,4.74659299034983e-90,"GTF3C2","Higher_in_BRCA1_tumour",0.088
4.11360803651291e-133,0.594669447908281,0.222,0.083,1.02284863827893e-128,"SSFA2","Higher_in_BRCA1_tumour",0.139
7.21813470838737e-212,0.593573061347018,0.365,0.137,1.79478919524052e-207,"GTPBP3","Higher_in_BRCA1_tumour",0.228
2.81786327913902e-219,0.592739484309406,0.525,0.234,7.00661704357918e-215,"MAGOHB","Higher_in_BRCA1_tumour",0.291
4.09851788919221e-253,0.592001612206908,0.636,0.292,1.01909647314764e-248,"YME1L1","Higher_in_BRCA1_tumour",0.344
7.94056763774799e-226,0.591573231494359,0.829,0.505,1.97442214312604e-221,"RHOC","Higher_in_BRCA1_tumour",0.324
3.00360108307815e-173,0.591348694102975,0.273,0.098,7.46845409307382e-169,"RBM4B","Higher_in_BRCA1_tumour",0.175
1.2055359791681e-208,0.591123423539611,0.349,0.129,2.99756521220148e-204,"VPS26C","Higher_in_BRCA1_tumour",0.22
5.67672147926329e-143,0.59095608028961,0.223,0.08,1.41151679581882e-138,"TRUB2","Higher_in_BRCA1_tumour",0.143
1.73274311509366e-88,0.59091713713494,0.142,0.053,4.30846575568039e-84,"RFT1","Higher_in_BRCA1_tumour",0.089
2.95567608990964e-210,0.590252254387091,0.275,0.088,7.34928859756032e-206,"R3HDM2","Higher_in_BRCA1_tumour",0.187
2.07238739294886e-253,0.59015356956373,0.565,0.246,5.15299125256735e-249,"SLC39A6","Higher_in_BRCA1_tumour",0.319
2.16736069559709e-237,0.589160373086246,0.884,0.6,5.38914236960216e-233,"DSP","Higher_in_BRCA1_tumour",0.284
3.20321083885572e-220,0.588712524229677,0.643,0.318,7.96478375081474e-216,"BZW1","Higher_in_BRCA1_tumour",0.325
1.33539640704292e-170,0.588621584414412,0.252,0.087,3.32046316611223e-166,"ERC1","Higher_in_BRCA1_tumour",0.165
0,0.58842972666743,0.99,0.952,0,"RPL22","Higher_in_BRCA1_tumour",0.038
4.40940693597358e-110,0.588297116698393,0.176,0.064,1.09639903462983e-105,"ANAPC7","Higher_in_BRCA1_tumour",0.112
9.89384095779141e-93,0.58744023652998,0.136,0.048,2.46010355415483e-88,"MED7","Higher_in_BRCA1_tumour",0.088
1.8459910278856e-137,0.586867481633248,0.207,0.073,4.59005669083755e-133,"NCBP1","Higher_in_BRCA1_tumour",0.134
1.26921196354261e-222,0.58606711132036,0.489,0.208,3.15589554734871e-218,"ASH1L","Higher_in_BRCA1_tumour",0.281
2.95879612267632e-251,0.586045787503489,0.648,0.306,7.35704655903466e-247,"EIF2A","Higher_in_BRCA1_tumour",0.342
8.59031920020947e-122,0.584776788326838,0.187,0.067,2.13598286913208e-117,"VPS45","Higher_in_BRCA1_tumour",0.12
2.94575466022856e-239,0.583510114049271,0.495,0.207,7.32461896265831e-235,"JMJD1C","Higher_in_BRCA1_tumour",0.288
6.01710640599371e-80,0.583448194685904,0.12,0.043,1.49615350785034e-75,"ZNF16","Higher_in_BRCA1_tumour",0.077
1.37920809245243e-185,0.582810683585492,0.331,0.127,3.42940092188298e-181,"TMEM237","Higher_in_BRCA1_tumour",0.204
5.89755269515073e-105,0.582444622597895,0.163,0.059,1.46642647764923e-100,"REV3L","Higher_in_BRCA1_tumour",0.104
0,0.582257855276239,0.969,0.868,0,"SRP14","Higher_in_BRCA1_tumour",0.101
4.61634882125539e-231,0.58209280316548,0.699,0.353,1.14785513440515e-226,"ZCRB1","Higher_in_BRCA1_tumour",0.346
1.21091513537166e-32,0.581982182464778,0.12,0.066,3.01094048410163e-28,"SGO2","Higher_in_BRCA1_tumour",0.054
2.51532186400362e-176,0.581536219012797,0.332,0.133,6.25434781484499e-172,"KLHL24","Higher_in_BRCA1_tumour",0.199
3.7432415945956e-245,0.581042866600119,0.889,0.603,9.30757022496195e-241,"CCT6A","Higher_in_BRCA1_tumour",0.286
2.45757149964321e-79,0.580811980724957,0.124,0.046,6.11075153386285e-75,"SPATA13","Higher_in_BRCA1_tumour",0.078
2.83044720590953e-238,0.579463359369714,0.675,0.334,7.03790697749406e-234,"KXD1","Higher_in_BRCA1_tumour",0.341
9.49272354879936e-249,0.579204157385203,0.513,0.212,2.36036571040896e-244,"MAN1A2","Higher_in_BRCA1_tumour",0.301
3.88462280314927e-116,0.578882101008192,0.482,0.271,9.65911460003066e-112,"P4HA1","Higher_in_BRCA1_tumour",0.211
1.16411706815958e-141,0.578849863567556,0.221,0.08,2.89457708997879e-137,"ABCD3","Higher_in_BRCA1_tumour",0.141
4.52235392691789e-155,0.578732576648444,0.299,0.12,1.12448330392813e-150,"WDR41","Higher_in_BRCA1_tumour",0.179
0,0.578717810657593,0.994,0.987,0,"RPL15","Higher_in_BRCA1_tumour",0.00700000000000001
0,0.578204609932026,0.996,0.997,0,"RPS8","Higher_in_BRCA1_tumour",-0.001
6.48296942016369e-199,0.578073189194128,0.372,0.147,1.6119903463237e-194,"ROCK1","Higher_in_BRCA1_tumour",0.225
1.08847618174212e-96,0.577680353317602,0.178,0.071,2.70649602590179e-92,"USP3","Higher_in_BRCA1_tumour",0.107
1.79825929146316e-206,0.57767192781177,0.38,0.148,4.47137172822315e-202,"ECSIT","Higher_in_BRCA1_tumour",0.232
1.05195325153934e-162,0.577431029212779,0.28,0.107,2.61568175995256e-158,"DCAF6","Higher_in_BRCA1_tumour",0.173
2.74115457120511e-181,0.577195429067045,0.32,0.122,6.8158808413015e-177,"COPS7A","Higher_in_BRCA1_tumour",0.198
7.01938465157019e-104,0.575767364780307,0.143,0.048,1.74536999361293e-99,"RANBP17","Higher_in_BRCA1_tumour",0.095
9.78757381220799e-149,0.575465856902428,0.225,0.079,2.43368022840552e-144,"ZNF770","Higher_in_BRCA1_tumour",0.146
3.61616543364589e-205,0.575214836961367,0.464,0.201,8.9915953507605e-201,"SDF4","Higher_in_BRCA1_tumour",0.263
6.27945431271781e-89,0.574466049883715,0.124,0.042,1.56138631485728e-84,"ANKS1A","Higher_in_BRCA1_tumour",0.082
7.57815707166837e-236,0.574409418952814,0.733,0.386,1.88430875587034e-231,"NQO1","Higher_in_BRCA1_tumour",0.347
1.89625442494634e-122,0.574347544316881,0.178,0.062,4.71503662762908e-118,"DDX39B","Higher_in_BRCA1_tumour",0.116
1.46241979586824e-236,0.574218006283525,0.475,0.195,3.63630682242639e-232,"NCKAP1","Higher_in_BRCA1_tumour",0.28
5.46536765956291e-113,0.57289257679405,0.149,0.049,1.35896366855032e-108,"ZBTB1","Higher_in_BRCA1_tumour",0.1
2.37688053399155e-73,0.571679685672408,0.119,0.044,5.91011344776998e-69,"KAT2A","Higher_in_BRCA1_tumour",0.075
4.18754308279361e-67,0.571305893633442,0.108,0.04,1.04123258753663e-62,"ACACA","Higher_in_BRCA1_tumour",0.068
1.52465447566344e-234,0.57081004212644,0.562,0.25,3.79105335373713e-230,"SLC39A4","Higher_in_BRCA1_tumour",0.312
8.90898582672686e-209,0.570739283173947,0.416,0.168,2.21521932581563e-204,"USE1","Higher_in_BRCA1_tumour",0.248
6.31047472539779e-181,0.570391484572059,0.308,0.116,1.56909954047016e-176,"NOL8","Higher_in_BRCA1_tumour",0.192
5.28978364753992e-134,0.569908077673307,0.208,0.074,1.3153047039608e-129,"TRMT2A","Higher_in_BRCA1_tumour",0.134
1.45196982435604e-127,0.56977114121073,0.21,0.078,3.6103229682613e-123,"SLC35F6","Higher_in_BRCA1_tumour",0.132
1.96466111786679e-120,0.56943115657501,0.176,0.061,4.88512986957577e-116,"RPS6KA5","Higher_in_BRCA1_tumour",0.115
1.05121972468384e-155,0.569302184815431,0.327,0.138,2.61385784542637e-151,"SESTD1","Higher_in_BRCA1_tumour",0.189
8.88844762533865e-100,0.567923978159052,0.125,0.04,2.21011250204045e-95,"TRMO","Higher_in_BRCA1_tumour",0.085
5.83791354398999e-76,0.567843224313211,0.107,0.037,1.45159720271311e-71,"KIAA1551","Higher_in_BRCA1_tumour",0.07
7.74262909427109e-172,0.567713380043928,0.287,0.106,1.92520472429051e-167,"GPATCH2","Higher_in_BRCA1_tumour",0.181
3.63247344406461e-144,0.566844163661991,0.212,0.074,9.03214521866666e-140,"NADK","Higher_in_BRCA1_tumour",0.138
0,0.565926398920715,0.996,0.987,0,"UBA52","Higher_in_BRCA1_tumour",0.00900000000000001
3.38311777566574e-205,0.565865019445482,0.814,0.472,8.41212234919286e-201,"OSTC","Higher_in_BRCA1_tumour",0.342
0,0.565407460409533,0.956,0.756,0,"EIF3E","Higher_in_BRCA1_tumour",0.2
2.24976649227114e-113,0.565081124268703,0.173,0.062,5.59404438303218e-109,"ENC1","Higher_in_BRCA1_tumour",0.111
1.46069355385664e-109,0.564255500029486,0.189,0.073,3.63201452166454e-105,"TMEM181","Higher_in_BRCA1_tumour",0.116
1.22404484864157e-94,0.564249830016259,0.139,0.048,3.04358751614728e-90,"PPP3CB","Higher_in_BRCA1_tumour",0.091
2.2175195348076e-57,0.563969277504406,0.102,0.041,5.5138623232991e-53,"ISLR","Higher_in_BRCA1_tumour",0.061
4.04865848777168e-100,0.563921445810478,0.142,0.049,1.00669893298443e-95,"IPP","Higher_in_BRCA1_tumour",0.093
1.9258223029584e-130,0.563362184522754,0.194,0.068,4.78855715630605e-126,"PRKD3","Higher_in_BRCA1_tumour",0.126
5.40402196509618e-214,0.563175837796986,0.558,0.259,1.34371006162116e-209,"NOP58","Higher_in_BRCA1_tumour",0.299
1.50618879452799e-92,0.563037350688308,0.121,0.04,3.74513843759384e-88,"YPEL2","Higher_in_BRCA1_tumour",0.081
1.10544209977e-144,0.562858832124954,0.245,0.092,2.74868178107811e-140,"ZNF7","Higher_in_BRCA1_tumour",0.153
1.63114881739073e-184,0.562672478884164,0.487,0.226,4.05585153444206e-180,"RUVBL1","Higher_in_BRCA1_tumour",0.261
3.41312876745987e-94,0.562526089457778,0.163,0.063,8.48674468028897e-90,"MLLT6","Higher_in_BRCA1_tumour",0.1
1.06961620907885e-234,0.562455140428371,0.782,0.434,2.65960070387456e-230,"SRP72","Higher_in_BRCA1_tumour",0.348
5.95224406198734e-223,0.562411512182515,0.643,0.314,1.48002548601315e-218,"YIPF3","Higher_in_BRCA1_tumour",0.329
9.85381117134472e-99,0.562306421254736,0.171,0.066,2.45015014775487e-94,"XRN1","Higher_in_BRCA1_tumour",0.105
3.23264255134186e-90,0.561514054394801,0.129,0.045,8.03796570391154e-86,"GTF2A1","Higher_in_BRCA1_tumour",0.084
6.75320534939681e-169,0.561420890664523,0.268,0.097,1.67918451012752e-164,"TMEM107","Higher_in_BRCA1_tumour",0.171
6.66377250903845e-142,0.56119357899923,0.216,0.077,1.65694703437241e-137,"B3GALNT2","Higher_in_BRCA1_tumour",0.139
8.48123946411765e-74,0.560641554747959,0.13,0.051,2.10886019275285e-69,"IBTK","Higher_in_BRCA1_tumour",0.079
2.97944461365152e-107,0.560549483373671,0.183,0.07,7.40838903184451e-103,"PRLR","Higher_in_BRCA1_tumour",0.113
7.20314777395551e-183,0.560489611038745,0.312,0.117,1.79106269399404e-178,"AGO3","Higher_in_BRCA1_tumour",0.195
4.61695158247955e-69,0.559662240561507,0.105,0.038,1.14800501098354e-64,"CRY1","Higher_in_BRCA1_tumour",0.067
4.82784649484023e-153,0.559515917489696,0.237,0.085,1.20044403094202e-148,"DDB2","Higher_in_BRCA1_tumour",0.152
2.89307341082025e-150,0.558897280383505,0.235,0.085,7.19362703600456e-146,"TNK2","Higher_in_BRCA1_tumour",0.15
8.59222062224117e-135,0.558120608032791,0.211,0.076,2.13645565772027e-130,"NAB2","Higher_in_BRCA1_tumour",0.135
4.53600804959763e-146,0.55797310258491,0.242,0.09,1.12787840153245e-141,"HERC4","Higher_in_BRCA1_tumour",0.152
4.27078619710549e-131,0.55780813943709,0.177,0.058,1.06193098791028e-126,"PWWP2A","Higher_in_BRCA1_tumour",0.119
2.09835610777095e-108,0.557641354463438,0.14,0.045,5.21756246197246e-104,"UGGT1","Higher_in_BRCA1_tumour",0.095
3.12048845232234e-120,0.557402475891997,0.205,0.078,7.75909453669949e-116,"NUMB","Higher_in_BRCA1_tumour",0.127
1.07407620054389e-79,0.557046422476296,0.146,0.058,2.67069047265238e-75,"TSC22D2","Higher_in_BRCA1_tumour",0.088
4.00525132777944e-84,0.555306940982618,0.129,0.046,9.95905742652358e-80,"MLH1","Higher_in_BRCA1_tumour",0.083
2.01023078395e-192,0.554872440091212,0.402,0.168,4.99843884429167e-188,"UBE2H","Higher_in_BRCA1_tumour",0.234
1.65687647927985e-184,0.554581497432516,0.312,0.116,4.11982336572934e-180,"XXYLT1","Higher_in_BRCA1_tumour",0.196
2.81257117532419e-182,0.55453732643053,0.38,0.158,6.99345822744359e-178,"KDM5A","Higher_in_BRCA1_tumour",0.222
1.77053853077805e-209,0.554002394686253,0.839,0.528,4.40244405677962e-205,"PSMD2","Higher_in_BRCA1_tumour",0.311
3.17446582357474e-121,0.553517507444321,0.226,0.09,7.8933092703186e-117,"BMS1","Higher_in_BRCA1_tumour",0.136
2.39433745649193e-78,0.552987204066223,0.111,0.038,5.95352008556719e-74,"CGN","Higher_in_BRCA1_tumour",0.073
5.25168916262913e-205,0.552852242980856,0.504,0.226,1.30583251028773e-200,"PAIP1","Higher_in_BRCA1_tumour",0.278
1.39766414776193e-164,0.552563134089562,0.455,0.217,3.47529190341003e-160,"MIS18A","Higher_in_BRCA1_tumour",0.238
1.40818823100797e-72,0.552072660748273,0.1,0.034,3.50146003640131e-68,"RNPC3","Higher_in_BRCA1_tumour",0.066
1.01048698634002e-85,0.551980342897046,0.15,0.058,2.51257589153447e-81,"NPC1","Higher_in_BRCA1_tumour",0.092
1.72113142046162e-202,0.550552975992992,0.431,0.181,4.27959327697781e-198,"MFSD1","Higher_in_BRCA1_tumour",0.25
9.80241086740254e-160,0.549571522074595,0.303,0.12,2.43736946217964e-155,"SNX17","Higher_in_BRCA1_tumour",0.183
9.67804464218682e-168,0.54925784506038,0.297,0.114,2.40644580027975e-163,"RPE","Higher_in_BRCA1_tumour",0.183
3.35363141403013e-219,0.549212437476185,0.73,0.385,8.33880451098591e-215,"TIMM8B","Higher_in_BRCA1_tumour",0.345
4.71451808243352e-82,0.549187045060676,0.128,0.047,1.17226492119709e-77,"PRRG2","Higher_in_BRCA1_tumour",0.081
4.48598042419334e-204,0.548703424124296,0.41,0.167,1.11543903247567e-199,"VTI1B","Higher_in_BRCA1_tumour",0.243
2.35039073198926e-144,0.54766961835642,0.251,0.095,5.84424655509129e-140,"TRMT11","Higher_in_BRCA1_tumour",0.156
1.28291728028403e-113,0.546637817130851,0.187,0.07,3.18997381742625e-109,"MIB1","Higher_in_BRCA1_tumour",0.117
6.06893444759458e-276,0.546234004527987,0.963,0.922,1.50904055039439e-271,"FXYD3","Higher_in_BRCA1_tumour",0.0409999999999999
8.40827157865829e-171,0.545325808263021,0.346,0.142,2.09071672803338e-166,"RNF149","Higher_in_BRCA1_tumour",0.204
3.20196185532583e-183,0.545129276421069,0.378,0.156,7.96167815326766e-179,"RDH11","Higher_in_BRCA1_tumour",0.222
3.26449915221948e-185,0.543604917836817,0.332,0.127,8.11717714199374e-181,"DHX29","Higher_in_BRCA1_tumour",0.205
1.26687495683008e-170,0.543358881310179,0.304,0.116,3.150084580158e-166,"GPN1","Higher_in_BRCA1_tumour",0.188
3.0415902020165e-195,0.543269575732683,0.475,0.212,7.56291403731403e-191,"ATIC","Higher_in_BRCA1_tumour",0.263
1.98537442921521e-181,0.543094997448453,0.329,0.128,4.93663351824363e-177,"ATP6V1A","Higher_in_BRCA1_tumour",0.201
1.94931778551437e-98,0.542973069052154,0.159,0.059,4.84697867368149e-94,"YEATS2","Higher_in_BRCA1_tumour",0.1
2.48941925516447e-213,0.542565878073342,0.885,0.606,6.18994097796645e-209,"CCT4","Higher_in_BRCA1_tumour",0.279
7.6059734467528e-231,0.54244332667469,0.658,0.321,1.89122529753508e-226,"SF3A3","Higher_in_BRCA1_tumour",0.337
2.45228803664436e-188,0.542135238959241,0.797,0.491,6.09761420311621e-184,"HNRNPH3","Higher_in_BRCA1_tumour",0.306
4.66858028805849e-143,0.541786763994533,0.234,0.086,1.16084248862574e-138,"MRPS30","Higher_in_BRCA1_tumour",0.148
4.87899052928792e-154,0.540840510156727,0.29,0.115,1.21316099510744e-149,"TMEM101","Higher_in_BRCA1_tumour",0.175
7.46738108908986e-183,0.539993709951845,0.318,0.12,1.85676430780219e-178,"EDEM2","Higher_in_BRCA1_tumour",0.198
3.00596311335209e-204,0.539759744347456,0.434,0.181,7.47432728134998e-200,"NDUFA5","Higher_in_BRCA1_tumour",0.253
2.09242931663643e-215,0.538569666363276,0.705,0.372,5.20282549581648e-211,"TPR","Higher_in_BRCA1_tumour",0.333
5.08476948969898e-222,0.537722672368093,0.51,0.221,1.26432793361365e-217,"SHARPIN","Higher_in_BRCA1_tumour",0.289
3.3313456706165e-161,0.537641821161487,0.294,0.115,8.28339100998792e-157,"CREB3L4","Higher_in_BRCA1_tumour",0.179
5.0986518579124e-210,0.537369004199784,0.423,0.172,1.26777978446992e-205,"GNPTAB","Higher_in_BRCA1_tumour",0.251
1.49989329401174e-113,0.536756320424844,0.176,0.064,3.7294846755602e-109,"PHC3","Higher_in_BRCA1_tumour",0.112
1.42257904982965e-185,0.535520071126949,0.714,0.403,3.53724280740143e-181,"MRPL18","Higher_in_BRCA1_tumour",0.311
3.03596311736775e-180,0.535050931902814,0.323,0.124,7.54892229133492e-176,"DNAAF2","Higher_in_BRCA1_tumour",0.199
3.22586856115338e-227,0.53502008967205,0.855,0.518,8.02112217730787e-223,"SPCS1","Higher_in_BRCA1_tumour",0.337
2.58717955623573e-169,0.534940378309847,0.309,0.12,6.43302196658013e-165,"MED19","Higher_in_BRCA1_tumour",0.189
4.92846481847099e-242,0.534466174557023,0.509,0.211,1.22546277711281e-237,"DCUN1D1","Higher_in_BRCA1_tumour",0.298
9.18561870041507e-165,0.534313560198972,0.298,0.115,2.28400408985821e-160,"PI4KB","Higher_in_BRCA1_tumour",0.183
4.57199650905774e-202,0.534000292571777,0.472,0.205,1.13682693197721e-197,"MPHOSPH10","Higher_in_BRCA1_tumour",0.267
9.00375644248237e-163,0.533294804082261,0.277,0.105,2.23878403942324e-158,"USP9X","Higher_in_BRCA1_tumour",0.172
2.85151947547924e-230,0.532967125069307,0.549,0.244,7.09030317577913e-226,"ZNF22","Higher_in_BRCA1_tumour",0.305
2.43216971605634e-154,0.532840500521134,0.298,0.12,6.04758999897409e-150,"NPEPPS","Higher_in_BRCA1_tumour",0.178
6.81624186566103e-171,0.532829607414743,0.342,0.139,1.69485853989661e-166,"TAF2","Higher_in_BRCA1_tumour",0.203
1.08183787585929e-159,0.532671557514354,0.628,0.352,2.68998987832411e-155,"PSMG1","Higher_in_BRCA1_tumour",0.276
3.14933868363691e-88,0.53264658707725,0.143,0.053,7.83083063686317e-84,"ABLIM1","Higher_in_BRCA1_tumour",0.09
1.56068722531017e-224,0.532231664442002,0.755,0.409,3.88064878573374e-220,"COX14","Higher_in_BRCA1_tumour",0.346
6.50298069424906e-210,0.531588777859775,0.704,0.365,1.61696614962503e-205,"COPZ1","Higher_in_BRCA1_tumour",0.339
1.25363608154357e-143,0.531575707752641,0.237,0.088,3.1171661167581e-139,"ITSN2","Higher_in_BRCA1_tumour",0.149
4.77043208599058e-209,0.531511787118361,0.628,0.314,1.18616793818156e-204,"EXOSC3","Higher_in_BRCA1_tumour",0.314
3.3781931955678e-96,0.531175120169474,0.145,0.052,8.39987738077935e-92,"ZNF700","Higher_in_BRCA1_tumour",0.093
2.05308584271344e-96,0.529443144357379,0.129,0.042,5.10499794790696e-92,"MICU3","Higher_in_BRCA1_tumour",0.087
1.03731286058981e-160,0.529336643721795,0.288,0.111,2.57927842785657e-156,"MBTPS1","Higher_in_BRCA1_tumour",0.177
9.65176729288337e-212,0.529264353096411,0.465,0.198,2.39991193737545e-207,"ATG12","Higher_in_BRCA1_tumour",0.267
5.73014240893776e-103,0.528647241922458,0.194,0.078,1.42479990998238e-98,"ST3GAL6","Higher_in_BRCA1_tumour",0.116
1.64669276403573e-226,0.528574986242732,0.638,0.305,4.09450155777484e-222,"MRPL41","Higher_in_BRCA1_tumour",0.333
2.51822968490239e-283,0.528244905136134,0.995,0.992,6.26157811150979e-279,"S100A11","Higher_in_BRCA1_tumour",0.003
1.717036436592e-210,0.528221065297732,0.896,0.635,4.269411099586e-206,"BTG1","Higher_in_BRCA1_tumour",0.261
4.29853881902479e-124,0.528081365146794,0.218,0.084,1.06883167735052e-119,"B3GALNT1","Higher_in_BRCA1_tumour",0.134
6.66939545828989e-232,0.528054929788332,0.779,0.436,1.65834518070378e-227,"CYBA","Higher_in_BRCA1_tumour",0.343
7.66708101805312e-219,0.527647575063863,0.677,0.338,1.90641969513891e-214,"DDX24","Higher_in_BRCA1_tumour",0.339
3.05685904467348e-187,0.527593497022818,0.355,0.141,7.60088001458061e-183,"ABHD5","Higher_in_BRCA1_tumour",0.214
2.01958775075284e-237,0.527556113784676,0.748,0.406,5.02170494224695e-233,"NDRG2","Higher_in_BRCA1_tumour",0.342
2.68695650271942e-255,0.52733094268129,0.936,0.741,6.68111734401184e-251,"LDHB","Higher_in_BRCA1_tumour",0.195
2.00265061625888e-145,0.527330213415309,0.235,0.086,4.9795907573277e-141,"HOMER1","Higher_in_BRCA1_tumour",0.149
2.45407231958775e-164,0.525982754390282,0.31,0.122,6.10205082265494e-160,"MPV17","Higher_in_BRCA1_tumour",0.188
7.07061818205747e-214,0.525766462549296,0.333,0.118,1.75810921096859e-209,"SULT2B1","Higher_in_BRCA1_tumour",0.215
1.62994365359502e-200,0.525041636354074,0.339,0.127,4.05285489466402e-196,"TRIM2","Higher_in_BRCA1_tumour",0.212
1.02212524059596e-192,0.524392308421369,0.438,0.189,2.54151441074185e-188,"DYNC1H1","Higher_in_BRCA1_tumour",0.249
4.20156055234047e-171,0.523383074046497,0.673,0.377,1.04471803133946e-166,"DNASE2","Higher_in_BRCA1_tumour",0.296
2.4352799719397e-158,0.523346501026638,0.275,0.104,6.05532365022806e-154,"RARG","Higher_in_BRCA1_tumour",0.171
6.45638707988012e-212,0.522936705343447,0.563,0.259,1.60538064741219e-207,"CDC5L","Higher_in_BRCA1_tumour",0.304
3.89289344026889e-202,0.522533086274157,0.405,0.165,9.6796795392286e-198,"CD2AP","Higher_in_BRCA1_tumour",0.24
1.28195832112881e-194,0.522496446029374,0.503,0.229,3.18758936548678e-190,"EIF2S1","Higher_in_BRCA1_tumour",0.274
5.66853123050129e-16,0.522368861192419,0.108,0.07,1.40948029046415e-11,"IFIH1","Higher_in_BRCA1_tumour",0.038
2.50315287776146e-125,0.522065912036398,0.187,0.066,6.22408963055387e-121,"CDK11B","Higher_in_BRCA1_tumour",0.121
5.31366252992271e-114,0.52153302462365,0.164,0.056,1.32124218806528e-109,"AC097376.2","Higher_in_BRCA1_tumour",0.108
1.51575369189691e-200,0.521360273667086,0.403,0.163,3.76892155490167e-196,"ARV1","Higher_in_BRCA1_tumour",0.24
1.92951691008184e-124,0.52117898889937,0.194,0.07,4.79774379691851e-120,"KCTD3","Higher_in_BRCA1_tumour",0.124
1.42299937379039e-204,0.5211286266283,0.413,0.168,3.5382879429298e-200,"HIBADH","Higher_in_BRCA1_tumour",0.245
5.9825179116814e-117,0.520361647670462,0.194,0.072,1.48755307873958e-112,"REPS1","Higher_in_BRCA1_tumour",0.122
2.47141015094258e-99,0.520041206025998,0.157,0.057,6.14516134031873e-95,"DHRS11","Higher_in_BRCA1_tumour",0.1
7.63767348017424e-98,0.52001063062749,0.156,0.057,1.89910751084532e-93,"SUMF1","Higher_in_BRCA1_tumour",0.099
7.01587533354639e-93,0.519803297120572,0.141,0.05,1.74449740168631e-88,"MTREX","Higher_in_BRCA1_tumour",0.091
9.14079264915739e-114,0.518946315409785,0.202,0.078,2.27285809221298e-109,"PRR15L","Higher_in_BRCA1_tumour",0.124
3.44010348932165e-147,0.518639160946865,0.277,0.11,8.55381732619828e-143,"COIL","Higher_in_BRCA1_tumour",0.167
5.75919628063618e-176,0.51807353082791,0.333,0.131,1.43202415518019e-171,"C6orf203","Higher_in_BRCA1_tumour",0.202
5.31910331359774e-204,0.51748896291962,0.475,0.205,1.32259503892608e-199,"COMMD5","Higher_in_BRCA1_tumour",0.27
3.5118896776949e-92,0.517205696851441,0.13,0.044,8.73231368358837e-88,"SUGP1","Higher_in_BRCA1_tumour",0.086
7.26024105752624e-213,0.515955914106377,0.569,0.266,1.8052589389539e-208,"AHNAK","Higher_in_BRCA1_tumour",0.303
1.75705584800267e-92,0.515678120864731,0.122,0.04,4.36891936605863e-88,"SPATA6","Higher_in_BRCA1_tumour",0.082
7.85585727411083e-166,0.51500085074245,0.352,0.147,1.95335891120766e-161,"IMP4","Higher_in_BRCA1_tumour",0.205
1.96915949896678e-192,0.514279438716055,0.671,0.352,4.8963150941809e-188,"POLR2G","Higher_in_BRCA1_tumour",0.319
2.44245603233502e-130,0.514179558541878,0.246,0.098,6.07316692440103e-126,"TBRG1","Higher_in_BRCA1_tumour",0.148
1.56372138461674e-69,0.514048010504962,0.138,0.058,3.88819322284951e-65,"FBXO3","Higher_in_BRCA1_tumour",0.08
8.09338362974811e-196,0.513777897556089,0.627,0.315,2.01241983953687e-191,"BLOC1S1","Higher_in_BRCA1_tumour",0.312
5.12840997848017e-176,0.513452532088136,0.613,0.325,1.27517914114909e-171,"RFC4","Higher_in_BRCA1_tumour",0.288
8.72150279772711e-133,0.513321136166842,0.252,0.1,2.16860167065485e-128,"POLR1E","Higher_in_BRCA1_tumour",0.152
5.89148110082782e-121,0.512780687635276,0.197,0.072,1.46491677572084e-116,"ZNF562","Higher_in_BRCA1_tumour",0.125
2.61417971469173e-196,0.51193736293508,0.432,0.184,6.50015786058098e-192,"AKIRIN1","Higher_in_BRCA1_tumour",0.248
1.1604297896559e-198,0.51185772282567,0.695,0.367,2.8854086719794e-194,"FKBP4","Higher_in_BRCA1_tumour",0.328
1.1510725615944e-202,0.511197160465177,0.463,0.199,2.86214192440448e-198,"TTC14","Higher_in_BRCA1_tumour",0.264
7.19107173583866e-97,0.510485012509356,0.134,0.045,1.78805998711628e-92,"RBM41","Higher_in_BRCA1_tumour",0.089
1.92867289543326e-203,0.510356416812051,0.741,0.407,4.7956451544948e-199,"PAPOLA","Higher_in_BRCA1_tumour",0.334
9.44672808465462e-184,0.510057122261071,0.325,0.124,2.34892893824937e-179,"TRIM38","Higher_in_BRCA1_tumour",0.201
7.08997550039564e-185,0.509754100045009,0.761,0.451,1.76292240817338e-180,"AP3S1","Higher_in_BRCA1_tumour",0.31
3.90048236305337e-159,0.50968110068984,0.448,0.215,9.69854939573221e-155,"DHFR","Higher_in_BRCA1_tumour",0.233
8.21628998877695e-167,0.50953201539975,0.365,0.154,2.04298050570939e-162,"RAE1","Higher_in_BRCA1_tumour",0.211
1.01818715070553e-87,0.509165496204563,0.135,0.049,2.5317223502293e-83,"AL135925.1","Higher_in_BRCA1_tumour",0.086
1.03423382679497e-158,0.508921017866941,0.845,0.605,2.5716224103257e-154,"RBP1","Higher_in_BRCA1_tumour",0.24
3.42975758899708e-156,0.508862349111018,0.359,0.155,8.52809224504124e-152,"RRM1","Higher_in_BRCA1_tumour",0.204
3.57541201116351e-199,0.508101775491106,0.64,0.32,8.89026196575808e-195,"RFXANK","Higher_in_BRCA1_tumour",0.32
1.46091715730688e-163,0.507563842315851,0.312,0.124,3.63257051164356e-159,"RBM22","Higher_in_BRCA1_tumour",0.188
2.63927097597248e-207,0.507319592038743,0.901,0.679,6.56254728175557e-203,"SNRPF","Higher_in_BRCA1_tumour",0.222
6.40553858620537e-66,0.50662598342068,0.107,0.04,1.59273716945996e-61,"FBXL5","Higher_in_BRCA1_tumour",0.067
2.62223050851295e-232,0.506436181767003,0.454,0.181,6.52017615941745e-228,"PEX13","Higher_in_BRCA1_tumour",0.273
2.2915997006023e-83,0.506028971445629,0.135,0.05,5.69806265554762e-79,"SCRIB","Higher_in_BRCA1_tumour",0.085
6.43685317114698e-62,0.505414662560252,0.103,0.039,1.6005235410057e-57,"UGT8","Higher_in_BRCA1_tumour",0.064
4.20617485899831e-75,0.505353645929393,0.109,0.038,1.04586537868993e-70,"ZBTB5","Higher_in_BRCA1_tumour",0.071
1.84728787120466e-180,0.505278271049681,0.536,0.259,4.59328129175038e-176,"SSNA1","Higher_in_BRCA1_tumour",0.277
2.25974523248593e-181,0.504853208427211,0.412,0.176,5.61885652057626e-177,"STK25","Higher_in_BRCA1_tumour",0.236
4.35486947042411e-154,0.504680250427243,0.285,0.112,1.08283829382095e-149,"ESRRA","Higher_in_BRCA1_tumour",0.173
1.80171490313081e-127,0.50412652806529,0.209,0.077,4.47996410663476e-123,"FRMD8","Higher_in_BRCA1_tumour",0.132
1.55839919835728e-133,0.504033713722994,0.277,0.116,3.87495960671536e-129,"TRAPPC2B","Higher_in_BRCA1_tumour",0.161
1.99821051809527e-199,0.503880828155211,0.482,0.214,4.9685504532439e-195,"MAX","Higher_in_BRCA1_tumour",0.268
1.67423365002462e-67,0.503299454733328,0.102,0.036,4.16298197078621e-63,"ZDHHC14","Higher_in_BRCA1_tumour",0.066
5.34063548123675e-189,0.502856430661944,0.485,0.219,1.32794901240952e-184,"ISCA1","Higher_in_BRCA1_tumour",0.266
4.88613585815998e-166,0.502213482038345,0.324,0.131,1.21493768113148e-161,"ALG2","Higher_in_BRCA1_tumour",0.193
6.80076137638041e-187,0.502191996829176,0.905,0.682,1.69100931623699e-182,"NCL","Higher_in_BRCA1_tumour",0.223
1.1240307234435e-183,0.50212722868673,0.826,0.513,2.79490239384226e-179,"PSMD4","Higher_in_BRCA1_tumour",0.313
1.3835944942202e-73,0.501618659652997,0.115,0.042,3.44030770987852e-69,"ARHGAP12","Higher_in_BRCA1_tumour",0.073
3.54780503848935e-116,0.501260921329296,0.176,0.062,8.82161722820377e-112,"GSEC","Higher_in_BRCA1_tumour",0.114
2.36403519550693e-122,0.50084601861526,0.21,0.08,5.87817351362798e-118,"PHF11","Higher_in_BRCA1_tumour",0.13
2.87315698450131e-191,0.50020080707399,0.688,0.365,7.1441048419625e-187,"PARL","Higher_in_BRCA1_tumour",0.323
1.6074575193723e-47,0.499811498607329,0.33,0.22,3.99694312191922e-43,"IFI6","Higher_in_BRCA1_tumour",0.11
1.04321293276164e-81,0.499712548880462,0.135,0.051,2.59394895731181e-77,"GSR","Higher_in_BRCA1_tumour",0.084
1.59919308108488e-69,0.499691160298952,0.11,0.041,3.97639359611755e-65,"PRKACB","Higher_in_BRCA1_tumour",0.069
5.88185434468533e-60,0.499139971763988,0.107,0.042,1.46252308280601e-55,"NNT","Higher_in_BRCA1_tumour",0.065
4.92863833099632e-185,0.499127722943019,0.409,0.173,1.22550592100223e-180,"NIPSNAP1","Higher_in_BRCA1_tumour",0.236
3.92599910130687e-137,0.498825634671195,0.237,0.091,9.76199676539952e-133,"SLFN5","Higher_in_BRCA1_tumour",0.146
1.29051984212481e-201,0.497787601256627,0.44,0.185,3.20887758744333e-197,"SDF2","Higher_in_BRCA1_tumour",0.255
2.17598912678418e-133,0.497688604158796,0.213,0.078,5.41059696374885e-129,"PREPL","Higher_in_BRCA1_tumour",0.135
6.98940470345037e-180,0.497676552340131,0.518,0.245,1.73791547951294e-175,"NOSIP","Higher_in_BRCA1_tumour",0.273
1.32370359744591e-171,0.497201693847381,0.826,0.549,3.29138899504926e-167,"PA2G4","Higher_in_BRCA1_tumour",0.277
5.01823274764793e-227,0.496322307720882,0.654,0.313,1.24778357270266e-222,"ZRANB2","Higher_in_BRCA1_tumour",0.341
5.30758665462182e-176,0.496179740070327,0.439,0.196,1.31973142167172e-171,"UBE2J2","Higher_in_BRCA1_tumour",0.243
3.74633867764028e-187,0.495903374258031,0.426,0.182,9.31527112195255e-183,"DCPS","Higher_in_BRCA1_tumour",0.244
4.13288641164483e-109,0.495728086030904,0.184,0.069,1.02764220625549e-104,"RERE","Higher_in_BRCA1_tumour",0.115
1.18865768730384e-175,0.495680359090497,0.495,0.234,2.955597339481e-171,"NDUFAF4","Higher_in_BRCA1_tumour",0.261
1.94922368434561e-188,0.495183243710308,0.873,0.597,4.84674469112536e-184,"UQCRFS1","Higher_in_BRCA1_tumour",0.276
7.1153468829652e-68,0.494749809943805,0.1,0.035,1.7692310024493e-63,"KIAA1549","Higher_in_BRCA1_tumour",0.065
2.18433847090345e-117,0.494374264928286,0.234,0.096,5.43135760790143e-113,"CITED2","Higher_in_BRCA1_tumour",0.138
5.74147188399645e-90,0.494333329256842,0.137,0.049,1.42761698395572e-85,"ZNF623","Higher_in_BRCA1_tumour",0.088
1.09825926797993e-177,0.49318856603611,0.751,0.435,2.7308216698321e-173,"RAD23B","Higher_in_BRCA1_tumour",0.316
0,0.492668150924597,0.995,0.999,0,"RPS6","Higher_in_BRCA1_tumour",-0.004
3.48310812584792e-85,0.492180224366572,0.146,0.056,8.66074835492085e-81,"ZW10","Higher_in_BRCA1_tumour",0.09
2.42383017520909e-140,0.491345437294916,0.411,0.198,6.0268537306574e-136,"AGPAT2","Higher_in_BRCA1_tumour",0.213
2.83125077171695e-148,0.490580527127805,0.274,0.108,7.03990504387419e-144,"ALG14","Higher_in_BRCA1_tumour",0.166
1.03945613904481e-100,0.490054369754847,0.154,0.055,2.58460768973492e-96,"ZNF692","Higher_in_BRCA1_tumour",0.099
5.39244613234804e-125,0.489675545111992,0.242,0.097,1.34083173080834e-120,"CENPK","Higher_in_BRCA1_tumour",0.145
6.51459589905849e-61,0.488841921824274,0.102,0.039,1.61985427030089e-56,"GAL3ST4","Higher_in_BRCA1_tumour",0.063
1.13112203145189e-172,0.488802517871834,0.315,0.122,2.81253493120514e-168,"TMPRSS2","Higher_in_BRCA1_tumour",0.193
1.2673396888961e-83,0.488528375656337,0.144,0.055,3.15124013644015e-79,"MED26","Higher_in_BRCA1_tumour",0.089
6.50489857607967e-161,0.487746933964857,0.314,0.125,1.61744303094221e-156,"NUDT22","Higher_in_BRCA1_tumour",0.189
6.53409332475058e-126,0.487676359670673,0.267,0.111,1.62470230519923e-121,"GGA1","Higher_in_BRCA1_tumour",0.156
7.59308024734023e-91,0.486924347070228,0.156,0.059,1.88801940350115e-86,"TGFBR1","Higher_in_BRCA1_tumour",0.097
7.17847989762801e-178,0.486697544052389,0.376,0.157,1.78492902654521e-173,"CCDC6","Higher_in_BRCA1_tumour",0.219
4.11978840411472e-102,0.486599306668094,0.163,0.059,1.02438538668313e-97,"TMEM80","Higher_in_BRCA1_tumour",0.104
4.39253481813963e-159,0.486524328202669,0.859,0.58,1.09220378253042e-154,"HNRNPU","Higher_in_BRCA1_tumour",0.279
1.36298819772842e-105,0.486290827864593,0.344,0.172,3.38907015365172e-101,"CFLAR","Higher_in_BRCA1_tumour",0.172
3.74391365232495e-68,0.485902839231536,0.108,0.04,9.309241296506e-64,"WDSUB1","Higher_in_BRCA1_tumour",0.068
1.52318804480383e-150,0.485664640496625,0.255,0.095,3.78740707340473e-146,"FBXO27","Higher_in_BRCA1_tumour",0.16
8.21519358218224e-151,0.485577941464887,0.814,0.517,2.04270788420961e-146,"JPT1","Higher_in_BRCA1_tumour",0.297
1.8248692841221e-202,0.485287500024094,0.606,0.296,4.5375374749696e-198,"SKIL","Higher_in_BRCA1_tumour",0.31
2.18280574512069e-199,0.485223703207748,0.631,0.314,5.4275464852426e-195,"KPNB1","Higher_in_BRCA1_tumour",0.317
2.83711022007118e-185,0.485025760541509,0.402,0.168,7.05447456220698e-181,"CDC73","Higher_in_BRCA1_tumour",0.234
5.60317031083382e-81,0.484898093420031,0.137,0.052,1.39322829778883e-76,"VIM-AS1","Higher_in_BRCA1_tumour",0.085
6.67553978461799e-156,0.484176938922074,0.337,0.142,1.65987296744526e-151,"GPR180","Higher_in_BRCA1_tumour",0.195
1.94494503330073e-177,0.484099679985314,0.399,0.17,4.83610582530227e-173,"COPG1","Higher_in_BRCA1_tumour",0.229
5.39006434327206e-135,0.483339149125005,0.236,0.089,1.3402394989546e-130,"COQ3","Higher_in_BRCA1_tumour",0.147
3.67801479083579e-272,0.483067849365373,0.968,0.895,9.14538377741319e-268,"ATP5PF","Higher_in_BRCA1_tumour",0.073
2.38983963481582e-181,0.482874011800051,0.7,0.377,5.94233625196955e-177,"RWDD1","Higher_in_BRCA1_tumour",0.323
2.59543714602632e-188,0.482856493627534,0.393,0.162,6.45355446359445e-184,"SCYL1","Higher_in_BRCA1_tumour",0.231
2.47211626184776e-181,0.480596369625582,0.317,0.12,6.14691708508445e-177,"CCDC58","Higher_in_BRCA1_tumour",0.197
1.64963268172288e-156,0.480409885887777,0.311,0.126,4.10181166310394e-152,"APIP","Higher_in_BRCA1_tumour",0.185
1.41575880476775e-155,0.480272894346365,0.278,0.106,3.520284268055e-151,"SAFB2","Higher_in_BRCA1_tumour",0.172
1.54308596452725e-74,0.479502681493773,0.114,0.041,3.83688325079701e-70,"ZNF426","Higher_in_BRCA1_tumour",0.073
5.32838005417745e-88,0.479415892100992,0.123,0.042,1.32490170047122e-83,"NBPF19","Higher_in_BRCA1_tumour",0.081
1.12299250165293e-192,0.47912126797011,0.408,0.17,2.79232085536e-188,"SNHG19","Higher_in_BRCA1_tumour",0.238
1.20881401955257e-199,0.479112485606939,0.918,0.689,3.00571605961746e-195,"RAD23A","Higher_in_BRCA1_tumour",0.229
1.46747813315231e-197,0.479048475075031,0.847,0.522,3.64888437808321e-193,"MPC2","Higher_in_BRCA1_tumour",0.325
8.83943165944427e-152,0.478747964789114,0.267,0.102,2.19792468212082e-147,"DSCC1","Higher_in_BRCA1_tumour",0.165
1.03774323103118e-114,0.478579567161147,0.193,0.073,2.58034854395902e-110,"TRAPPC12","Higher_in_BRCA1_tumour",0.12
1.08027679614199e-115,0.478298445222196,0.162,0.055,2.68610825360706e-111,"NFXL1","Higher_in_BRCA1_tumour",0.107
2.95691092209857e-137,0.477596240323364,0.226,0.083,7.35235900779809e-133,"N4BP2L1","Higher_in_BRCA1_tumour",0.143
1.49995372931822e-114,0.477066120294661,0.25,0.107,3.72963494794975e-110,"PPID","Higher_in_BRCA1_tumour",0.143
1.68084538281342e-58,0.476705895804078,0.102,0.04,4.17942204436558e-54,"TP53I3","Higher_in_BRCA1_tumour",0.062
3.90863772943614e-211,0.476254436397372,0.941,0.753,9.71882771424296e-207,"HNRNPA3","Higher_in_BRCA1_tumour",0.188
7.07738135073398e-84,0.475693337385921,0.15,0.059,1.75979087286e-79,"VARS","Higher_in_BRCA1_tumour",0.091
3.70408261293155e-189,0.475619917001164,0.547,0.262,9.2102014170543e-185,"ARL6IP6","Higher_in_BRCA1_tumour",0.285
8.8395826402816e-130,0.475602326827665,0.222,0.084,2.19796222350602e-125,"PTER","Higher_in_BRCA1_tumour",0.138
4.83776983586394e-73,0.475596151488443,0.126,0.048,1.20291146968757e-68,"PPTC7","Higher_in_BRCA1_tumour",0.078
9.29149434540073e-196,0.475526816680642,0.686,0.358,2.31033006898389e-191,"LSM8","Higher_in_BRCA1_tumour",0.328
2.81724711583349e-163,0.474982113617882,0.788,0.487,7.00508495351996e-159,"DPM1","Higher_in_BRCA1_tumour",0.301
2.43841019268473e-74,0.47491319442214,0.118,0.044,6.06310694411058e-70,"CCNT1","Higher_in_BRCA1_tumour",0.074
4.63222358735714e-165,0.474460201300142,0.785,0.488,1.15180239499635e-160,"ADI1","Higher_in_BRCA1_tumour",0.297
3.02856366817508e-198,0.474354213793621,0.533,0.243,7.53052356091733e-194,"DDX49","Higher_in_BRCA1_tumour",0.29
8.82878568401086e-158,0.473474023102439,0.29,0.113,2.1952775603293e-153,"AGPAT1","Higher_in_BRCA1_tumour",0.177
4.65163400097797e-256,0.471995067132903,0.948,0.79,1.15662879434317e-251,"CUTA","Higher_in_BRCA1_tumour",0.158
2.28195896262213e-183,0.470713479708709,0.403,0.17,5.67409096055993e-179,"OTUB1","Higher_in_BRCA1_tumour",0.233
4.46111235353492e-166,0.469810039267932,0.459,0.214,1.10925558670646e-161,"OS9","Higher_in_BRCA1_tumour",0.245
1.44435941064499e-158,0.469229813023948,0.974,0.885,3.59139967456878e-154,"HMGB1","Higher_in_BRCA1_tumour",0.089
3.74482002265859e-160,0.466644864180257,0.713,0.409,9.31149498634059e-156,"GTF3C6","Higher_in_BRCA1_tumour",0.304
1.21406048077572e-113,0.466467378292741,0.205,0.08,3.01876138544883e-109,"AC118549.1","Higher_in_BRCA1_tumour",0.125
1.92904039999776e-126,0.466296589816804,0.211,0.078,4.79655895459443e-122,"RNF219","Higher_in_BRCA1_tumour",0.133
2.110659679197e-94,0.465941109432446,0.181,0.073,5.24815529232334e-90,"PCDHB2","Higher_in_BRCA1_tumour",0.108
3.45468349962605e-170,0.463291390584964,0.52,0.25,8.59007052182017e-166,"PHPT1","Higher_in_BRCA1_tumour",0.27
1.56630869111269e-74,0.462887564416074,0.107,0.037,3.89462656045169e-70,"MEMO1","Higher_in_BRCA1_tumour",0.07
6.47639351009567e-154,0.462462412038208,0.829,0.594,1.61035524628529e-149,"MYC","Higher_in_BRCA1_tumour",0.235
4.50150605354965e-192,0.462324185998486,0.939,0.757,1.11929948021512e-187,"POMP","Higher_in_BRCA1_tumour",0.182
1.78311950226783e-197,0.461934309625228,0.653,0.33,4.43372664238896e-193,"USP16","Higher_in_BRCA1_tumour",0.323
4.11026535226967e-163,0.461433115426205,0.406,0.18,1.02201747984185e-158,"QARS","Higher_in_BRCA1_tumour",0.226
2.32809257503715e-205,0.461318367484888,0.536,0.241,5.78880218782988e-201,"TDG","Higher_in_BRCA1_tumour",0.295
6.45556139547161e-78,0.46084012263825,0.132,0.05,1.60517534098402e-73,"DZIP1","Higher_in_BRCA1_tumour",0.082
1.24431412236038e-70,0.460801230821123,0.114,0.043,3.09398706524908e-66,"SYMPK","Higher_in_BRCA1_tumour",0.071
3.45601280610581e-187,0.460484476405122,0.925,0.696,8.59337584238211e-183,"TECR","Higher_in_BRCA1_tumour",0.229
2.07616315010036e-64,0.460410267344727,0.102,0.037,5.16237967272456e-60,"ZNF823","Higher_in_BRCA1_tumour",0.065
2.10413821232458e-160,0.460353620238378,0.65,0.349,5.23193966494507e-156,"TIMM17A","Higher_in_BRCA1_tumour",0.301
5.14153326024255e-74,0.459563843602671,0.102,0.034,1.27844224515931e-69,"DYRK3","Higher_in_BRCA1_tumour",0.068
2.02636160377814e-136,0.4593299619411,0.244,0.094,5.03854812779435e-132,"IQCB1","Higher_in_BRCA1_tumour",0.15
2.11356540011327e-165,0.458490501658952,0.313,0.123,5.25538036738164e-161,"PBRM1","Higher_in_BRCA1_tumour",0.19
3.73373493806371e-202,0.458355164777224,0.744,0.41,9.28393192349543e-198,"PTTG1IP","Higher_in_BRCA1_tumour",0.334
1.79981678379775e-151,0.457018850519779,0.298,0.12,4.4752444329131e-147,"GPATCH8","Higher_in_BRCA1_tumour",0.178
2.45715802099234e-160,0.456980252117789,0.364,0.156,6.10972341919745e-156,"LBR","Higher_in_BRCA1_tumour",0.208
2.3196134889022e-131,0.456768064225546,0.295,0.126,5.76771894015533e-127,"PGD","Higher_in_BRCA1_tumour",0.169
3.19132161580153e-108,0.456646251862078,0.222,0.092,7.93522119769051e-104,"RIT1","Higher_in_BRCA1_tumour",0.13
2.73944528990012e-138,0.455987697622433,0.262,0.104,6.81163071333665e-134,"PTPA","Higher_in_BRCA1_tumour",0.158
3.54036195997735e-183,0.45547168484064,0.34,0.132,8.80311001348369e-179,"CASP8AP2","Higher_in_BRCA1_tumour",0.208
6.78330474396474e-178,0.4552131267377,0.416,0.181,1.68666872458683e-173,"CHIC2","Higher_in_BRCA1_tumour",0.235
6.24208829088731e-180,0.455087673593694,0.394,0.165,1.55209525352913e-175,"SLC25A36","Higher_in_BRCA1_tumour",0.229
1.57918653905579e-92,0.45484235191394,0.24,0.111,3.92664732936222e-88,"MARCH3","Higher_in_BRCA1_tumour",0.129
3.58842365226512e-82,0.454423985467829,0.164,0.068,8.92261541135723e-78,"NXF1","Higher_in_BRCA1_tumour",0.096
3.40175881364213e-107,0.45437604588146,0.159,0.055,8.45847329012116e-103,"NDUFAF1","Higher_in_BRCA1_tumour",0.104
2.06833285852302e-167,0.45388399016286,0.359,0.15,5.1429096527175e-163,"POLR1C","Higher_in_BRCA1_tumour",0.209
2.13283020009122e-173,0.453557251997874,0.46,0.211,5.30328229252681e-169,"LMCD1","Higher_in_BRCA1_tumour",0.249
3.97330102871792e-173,0.453334347695832,0.375,0.158,9.87961300790711e-169,"GGPS1","Higher_in_BRCA1_tumour",0.217
0,0.4530277886637,0.992,0.986,0,"UQCRH","Higher_in_BRCA1_tumour",0.00600000000000001
1.44614528691036e-102,0.45271051729746,0.166,0.061,3.59584025590262e-98,"ZFP14","Higher_in_BRCA1_tumour",0.105
8.15668837550517e-179,0.451403324647291,0.689,0.368,2.02816056456936e-174,"STX10","Higher_in_BRCA1_tumour",0.321
0,0.451049609067799,0.999,0.999,0,"RPS27A","Higher_in_BRCA1_tumour",0
3.50259613006658e-159,0.450929384465887,0.756,0.445,8.70920527741055e-155,"ARPC5L","Higher_in_BRCA1_tumour",0.311
1.79315079954689e-180,0.450867812847604,0.668,0.35,4.45866946307334e-176,"ERGIC2","Higher_in_BRCA1_tumour",0.318
1.58082476014311e-174,0.450563280937798,0.421,0.185,3.93072076609585e-170,"SWI5","Higher_in_BRCA1_tumour",0.236
3.00697176527865e-105,0.450360565067057,0.182,0.069,7.47683529436536e-101,"ATG10","Higher_in_BRCA1_tumour",0.113
1.02290469152211e-174,0.44974470353744,0.382,0.161,2.54345251546973e-170,"ZBTB20","Higher_in_BRCA1_tumour",0.221
1.17361456682413e-201,0.449238029067725,0.736,0.398,2.9181926204082e-197,"PNN","Higher_in_BRCA1_tumour",0.338
3.97698614728325e-175,0.448212439750424,0.637,0.332,9.88877605521981e-171,"MLEC","Higher_in_BRCA1_tumour",0.305
2.6827193661268e-127,0.447164095400423,0.249,0.101,6.67058170387428e-123,"ASCC1","Higher_in_BRCA1_tumour",0.148
7.71698754441287e-85,0.447028544052982,0.17,0.07,1.91882895291826e-80,"NGLY1","Higher_in_BRCA1_tumour",0.1
6.40897615988669e-168,0.446908532181478,0.917,0.719,1.59359192215583e-163,"CYC1","Higher_in_BRCA1_tumour",0.198
5.81614191514785e-178,0.446639117762971,0.579,0.286,1.44618368720151e-173,"GNL2","Higher_in_BRCA1_tumour",0.293
1.6776330086848e-155,0.446616464194759,0.354,0.152,4.17143447609475e-151,"ARID1B","Higher_in_BRCA1_tumour",0.202
0,0.445804936540559,0.98,0.967,0,"RPL31","Higher_in_BRCA1_tumour",0.013
5.48051165890943e-180,0.445422178850525,0.849,0.538,1.36272922398783e-175,"CSDE1","Higher_in_BRCA1_tumour",0.311
1.6979150774317e-149,0.445321980732667,0.753,0.454,4.22186584003391e-145,"PHB","Higher_in_BRCA1_tumour",0.299
7.76771020495399e-54,0.445018701152053,0.133,0.061,1.93144114246181e-49,"CKAP5","Higher_in_BRCA1_tumour",0.072
7.30406396450506e-127,0.444912132629883,0.258,0.106,1.81615550477418e-122,"WDR74","Higher_in_BRCA1_tumour",0.152
4.92336700565072e-156,0.444772108513868,0.356,0.153,1.22419520595505e-151,"AASDHPPT","Higher_in_BRCA1_tumour",0.203
4.97811669428484e-151,0.443727605556824,0.423,0.197,1.23780871603392e-146,"STIP1","Higher_in_BRCA1_tumour",0.226
2.75842059912727e-150,0.443045802729694,0.327,0.138,6.85881281972996e-146,"MSH2","Higher_in_BRCA1_tumour",0.189
7.5967597725382e-159,0.442933223760481,0.361,0.155,1.88893431744162e-154,"PRPF19","Higher_in_BRCA1_tumour",0.206
1.81150894302106e-70,0.442809393304079,0.113,0.042,4.50431698682186e-66,"CERS5","Higher_in_BRCA1_tumour",0.071
0,0.442764596637256,0.997,0.998,0,"RPL7","Higher_in_BRCA1_tumour",-0.001
5.45971312477556e-138,0.442756651651479,0.222,0.081,1.35755766847544e-133,"DAPK1","Higher_in_BRCA1_tumour",0.141
1.11841670073753e-193,0.442638488032288,0.578,0.275,2.78094312638387e-189,"CCDC59","Higher_in_BRCA1_tumour",0.303
3.65545376463521e-67,0.442472433232743,0.12,0.047,9.08928578576546e-63,"ADCK5","Higher_in_BRCA1_tumour",0.073
7.08655183422239e-74,0.442026843717658,0.116,0.042,1.7620711135794e-69,"USP37","Higher_in_BRCA1_tumour",0.074
2.41029765048947e-101,0.441444940947727,0.255,0.115,5.99320510794206e-97,"PNPT1","Higher_in_BRCA1_tumour",0.14
2.13814486450018e-153,0.441029235576814,0.336,0.142,5.3164972055797e-149,"C18orf21","Higher_in_BRCA1_tumour",0.194
1.25991502125976e-136,0.440821626568749,0.365,0.167,3.1327787003624e-132,"GMDS","Higher_in_BRCA1_tumour",0.198
1.75787809330272e-65,0.44070294985416,0.115,0.045,4.37096387899722e-61,"SSH2","Higher_in_BRCA1_tumour",0.07
1.77740777126351e-67,0.43984406528502,0.129,0.052,4.41952442324672e-63,"PKN1","Higher_in_BRCA1_tumour",0.077
3.28893874450401e-135,0.439427505241655,0.264,0.106,8.17794618820922e-131,"CTTNBP2NL","Higher_in_BRCA1_tumour",0.158
4.11849040063389e-111,0.439383351000454,0.192,0.073,1.02406263811762e-106,"RPAP3","Higher_in_BRCA1_tumour",0.119
8.12466671003539e-172,0.437886080945201,0.893,0.629,2.0201983774503e-167,"PHGDH","Higher_in_BRCA1_tumour",0.264
8.32544331947432e-147,0.437827957039013,0.441,0.213,2.07012148138729e-142,"HIST3H2A","Higher_in_BRCA1_tumour",0.228
2.31146268380727e-53,0.436921525759393,0.178,0.092,5.74745196328677e-49,"PARP9","Higher_in_BRCA1_tumour",0.086
3.35880543371219e-79,0.435151722718085,0.156,0.064,8.35166971092536e-75,"IL6ST","Higher_in_BRCA1_tumour",0.092
7.79483054067485e-199,0.435046179502727,0.627,0.31,1.9381846139388e-194,"PTBP3","Higher_in_BRCA1_tumour",0.317
1.19594807865661e-171,0.434338510395949,0.563,0.279,2.97372489757966e-167,"EMC3","Higher_in_BRCA1_tumour",0.284
2.94954899568466e-77,0.43425957909629,0.13,0.05,7.33405357776991e-73,"MYSM1","Higher_in_BRCA1_tumour",0.08
3.08260230058114e-75,0.433998268944085,0.113,0.04,7.66489062039499e-71,"NAA16","Higher_in_BRCA1_tumour",0.073
4.29318589003032e-130,0.433873378042372,0.218,0.081,1.06750067155604e-125,"SMARCD1","Higher_in_BRCA1_tumour",0.137
4.14583622523214e-172,0.433638005270922,0.401,0.173,1.03086217740397e-167,"C1orf123","Higher_in_BRCA1_tumour",0.228
1.81644402874143e-39,0.432838796882629,0.1,0.047,4.51658807746557e-35,"NR1D2","Higher_in_BRCA1_tumour",0.053
4.2488457999037e-109,0.429785916937156,0.223,0.093,1.05647550814605e-104,"ERF","Higher_in_BRCA1_tumour",0.13
3.31266454974265e-159,0.428843353507,0.778,0.472,8.23694040293511e-155,"MEAF6","Higher_in_BRCA1_tumour",0.306
8.34481733699313e-113,0.428734314619142,0.214,0.085,2.07493883084334e-108,"THEM4","Higher_in_BRCA1_tumour",0.129
9.00406480747187e-63,0.428455618802617,0.108,0.042,2.23886071437788e-58,"TSGA10","Higher_in_BRCA1_tumour",0.066
0,0.428052365944769,0.991,0.955,0,"RPL14","Higher_in_BRCA1_tumour",0.036
3.5657976614225e-156,0.427890611161408,0.487,0.235,8.86635588512705e-152,"SEPHS1","Higher_in_BRCA1_tumour",0.252
0,0.427640784846617,0.991,0.98,0,"RPLP0","Higher_in_BRCA1_tumour",0.011
9.46267677666752e-66,0.427572230649218,0.119,0.047,2.35289458051838e-61,"INTS7","Higher_in_BRCA1_tumour",0.072
1.96854468235886e-161,0.427203121909096,0.883,0.616,4.89478635268531e-157,"BANF1","Higher_in_BRCA1_tumour",0.267
9.3052009470411e-102,0.426501317286214,0.196,0.078,2.31373821548177e-97,"TRIM14","Higher_in_BRCA1_tumour",0.118
1.65411910543603e-146,0.42646642288083,0.5,0.251,4.11296715566669e-142,"GAR1","Higher_in_BRCA1_tumour",0.249
3.84377902425077e-176,0.426255189063656,0.503,0.233,9.55755654379955e-172,"MRPL27","Higher_in_BRCA1_tumour",0.27
5.82297797567687e-90,0.425060678015095,0.165,0.065,1.44788347365205e-85,"RABGAP1","Higher_in_BRCA1_tumour",0.1
1.2088950917545e-172,0.424914890401371,0.54,0.261,3.00591764564757e-168,"MTX2","Higher_in_BRCA1_tumour",0.279
0,0.424889101282471,0.991,0.979,0,"RPS13","Higher_in_BRCA1_tumour",0.012
2.38116668210616e-134,0.424737624774031,0.272,0.111,5.92077095505697e-130,"MYCBP","Higher_in_BRCA1_tumour",0.161
2.0223884565626e-156,0.424519176559192,0.382,0.169,5.02866889724291e-152,"SEPT11","Higher_in_BRCA1_tumour",0.213
4.76374088945304e-47,0.424309622781445,0.105,0.047,1.1845041721625e-42,"CTSS","Higher_in_BRCA1_tumour",0.058
8.01300231985752e-132,0.42419287111857,0.292,0.125,1.99243302683257e-127,"IFT27","Higher_in_BRCA1_tumour",0.167
5.03065799724935e-68,0.424157100217072,0.131,0.053,1.25087311101605e-63,"MAP3K1","Higher_in_BRCA1_tumour",0.078
2.78677828743873e-90,0.423758738327443,0.142,0.052,6.9293242117164e-86,"RC3H2","Higher_in_BRCA1_tumour",0.09
7.07121964971092e-74,0.423516390621131,0.14,0.057,1.75825876590062e-69,"KDM3A","Higher_in_BRCA1_tumour",0.083
1.4206586672053e-139,0.423381025773271,0.789,0.506,3.53246777600599e-135,"C1QBP","Higher_in_BRCA1_tumour",0.283
2.94364660605381e-164,0.423350752051097,0.37,0.158,7.31937728595279e-160,"ACSL3","Higher_in_BRCA1_tumour",0.212
5.20618729571597e-93,0.422426639127669,0.177,0.071,1.29451847107978e-88,"DPH7","Higher_in_BRCA1_tumour",0.106
1.37553694286388e-132,0.419726384381867,0.31,0.135,3.42027260843104e-128,"GPN3","Higher_in_BRCA1_tumour",0.175
6.75256766456422e-131,0.419261392028619,0.227,0.086,1.67902594979389e-126,"SFSWAP","Higher_in_BRCA1_tumour",0.141
6.39869582463298e-89,0.419191841895131,0.169,0.068,1.59103571679499e-84,"C6orf106","Higher_in_BRCA1_tumour",0.101
3.42118785179653e-104,0.418788757108937,0.189,0.074,8.50678359349206e-100,"TBC1D15","Higher_in_BRCA1_tumour",0.115
1.81101863227402e-57,0.418408524771424,0.102,0.04,4.50309782914936e-53,"DNASE1","Higher_in_BRCA1_tumour",0.062
1.70956065621374e-122,0.41834112771193,0.214,0.081,4.25082257167545e-118,"ARHGAP32","Higher_in_BRCA1_tumour",0.133
1.14448188892935e-87,0.418212932831143,0.156,0.061,2.84575421682283e-83,"SEL1L","Higher_in_BRCA1_tumour",0.095
2.44125503369589e-98,0.418020994014706,0.167,0.063,6.07018064128483e-94,"ADARB1","Higher_in_BRCA1_tumour",0.104
4.251424342449e-173,0.416531416934284,0.519,0.245,1.05711666274994e-168,"EIF2AK1","Higher_in_BRCA1_tumour",0.274
2.20796857859041e-134,0.415954145082974,0.779,0.508,5.49011387066504e-130,"ZFP36","Higher_in_BRCA1_tumour",0.271
6.35289138925348e-170,0.415840269985921,0.44,0.198,1.57964644393788e-165,"NAGK","Higher_in_BRCA1_tumour",0.242
1.00473537239268e-134,0.41558479501474,0.276,0.113,2.49827450345439e-130,"NIPBL","Higher_in_BRCA1_tumour",0.163
2.98355548251096e-177,0.413464420669549,0.482,0.219,7.41861070726349e-173,"PHF6","Higher_in_BRCA1_tumour",0.263
4.0826627210603e-157,0.413380048451385,0.455,0.215,1.01515408559164e-152,"FOXC1","Higher_in_BRCA1_tumour",0.24
4.78999210754201e-80,0.413370372256887,0.133,0.05,1.19103153754032e-75,"ZNF493","Higher_in_BRCA1_tumour",0.083
6.91430605797588e-171,0.41328019278041,0.502,0.236,1.7192422013157e-166,"YTHDC1","Higher_in_BRCA1_tumour",0.266
4.63528864446027e-69,0.412964939503293,0.151,0.066,1.15256452144505e-64,"STAT2","Higher_in_BRCA1_tumour",0.085
3.31010591048123e-157,0.412916375852479,0.423,0.194,8.23057834641158e-153,"AAMP","Higher_in_BRCA1_tumour",0.229
4.86277490289387e-108,0.412848010652239,0.203,0.08,1.20912897960456e-103,"PCCB","Higher_in_BRCA1_tumour",0.123
1.02623191030697e-102,0.412221834640872,0.196,0.079,2.55172564497829e-98,"RAB29","Higher_in_BRCA1_tumour",0.117
2.76769971584637e-153,0.412193131244315,0.924,0.698,6.88188534345201e-149,"COX8A","Higher_in_BRCA1_tumour",0.226
4.80200098684419e-125,0.411479176852565,0.351,0.165,1.19401754537881e-120,"SEC31A","Higher_in_BRCA1_tumour",0.186
6.49143603562836e-140,0.411314653171186,0.309,0.131,1.61409557025899e-135,"NUP54","Higher_in_BRCA1_tumour",0.178
1.01738276384953e-80,0.410918719509713,0.149,0.06,2.52972224231184e-76,"SMPDL3B","Higher_in_BRCA1_tumour",0.089
1.56003101847348e-64,0.410904915227399,0.112,0.043,3.87901712743431e-60,"CNOT6","Higher_in_BRCA1_tumour",0.069
5.73503051558523e-88,0.410665441345682,0.71,0.466,1.42601533770027e-83,"FAM162A","Higher_in_BRCA1_tumour",0.244
2.86223871994831e-134,0.41022739586237,0.238,0.091,7.11695657715149e-130,"CDK2","Higher_in_BRCA1_tumour",0.147
3.03530598731878e-68,0.409710261299915,0.103,0.037,7.54728833746814e-64,"SAMD8","Higher_in_BRCA1_tumour",0.066
2.54313421585454e-69,0.409497458232464,0.139,0.058,6.32350322772231e-65,"ANKZF1","Higher_in_BRCA1_tumour",0.081
4.25259784397475e-178,0.409311533538943,0.615,0.311,1.05740845390432e-173,"TFAM","Higher_in_BRCA1_tumour",0.304
9.95720997308957e-124,0.408351239132783,0.797,0.491,2.47586025980872e-119,"ANXA5","Higher_in_BRCA1_tumour",0.306
1.40236850003551e-94,0.407944061689545,0.173,0.068,3.4869892753383e-90,"E2F6","Higher_in_BRCA1_tumour",0.105
1.30229907649334e-153,0.407885155371676,0.817,0.51,3.2381666537007e-149,"STMP1","Higher_in_BRCA1_tumour",0.307
1.18677721028869e-108,0.407757299847813,0.246,0.107,2.95092153338283e-104,"INSIG2","Higher_in_BRCA1_tumour",0.139
3.24073970222948e-60,0.407659440204426,0.116,0.048,8.0580992695936e-56,"NUFIP1","Higher_in_BRCA1_tumour",0.068
1.08602689474182e-137,0.407289990085002,0.873,0.63,2.70040587377553e-133,"SUMO3","Higher_in_BRCA1_tumour",0.243
1.13661676558074e-82,0.407257017227903,0.153,0.061,2.82619758761652e-78,"EDEM3","Higher_in_BRCA1_tumour",0.092
1.49475577394595e-152,0.406987759245307,0.574,0.3,3.7167102319166e-148,"ERG28","Higher_in_BRCA1_tumour",0.274
3.05453370688353e-81,0.406744482292108,0.145,0.057,7.59509806216591e-77,"CEP104","Higher_in_BRCA1_tumour",0.088
3.60357878147806e-160,0.406571492819576,0.676,0.365,8.9602986401452e-156,"METTL5","Higher_in_BRCA1_tumour",0.311
3.01222314353744e-150,0.406438087101992,0.727,0.419,7.48989284640585e-146,"CAST","Higher_in_BRCA1_tumour",0.308
5.27208326407395e-70,0.4061804206495,0.128,0.05,1.31090350361199e-65,"BCL2","Higher_in_BRCA1_tumour",0.078
8.79829695222283e-132,0.405549520168009,0.285,0.119,2.18769653717021e-127,"MTIF2","Higher_in_BRCA1_tumour",0.166
6.41118774255991e-142,0.405382713233647,0.287,0.117,1.59414183218752e-137,"COX11","Higher_in_BRCA1_tumour",0.17
3.31243563683611e-135,0.404022284649202,0.302,0.129,8.236371210993e-131,"WIZ","Higher_in_BRCA1_tumour",0.173
8.76012993426851e-156,0.403224547148253,0.446,0.211,2.17820630815586e-151,"FEN1","Higher_in_BRCA1_tumour",0.235
4.13970463388918e-140,0.402451772735941,0.865,0.611,1.02933755721654e-135,"SNRPB","Higher_in_BRCA1_tumour",0.254
6.04263965830883e-75,0.402393587287598,0.127,0.049,1.50250235103849e-70,"RASSF10","Higher_in_BRCA1_tumour",0.078
1.51795537003688e-109,0.401969687767348,0.228,0.094,3.7743960275967e-105,"COPS4","Higher_in_BRCA1_tumour",0.134
4.03184447825923e-115,0.401429867156241,0.254,0.108,1.00251812951916e-110,"PSME3","Higher_in_BRCA1_tumour",0.146
1.04983985603248e-109,0.399487702081175,0.382,0.196,2.61042680202475e-105,"DDIT3","Higher_in_BRCA1_tumour",0.186
7.540707786925e-126,0.399256943011087,0.25,0.101,1.8749969912189e-121,"GPRC5C","Higher_in_BRCA1_tumour",0.149
2.84825839451595e-158,0.399106163437142,0.908,0.691,7.08219449796391e-154,"PDCD6","Higher_in_BRCA1_tumour",0.217
3.16947611613489e-162,0.398967740855481,0.376,0.163,7.8809023627694e-158,"PALMD","Higher_in_BRCA1_tumour",0.213
3.46392762592643e-161,0.398734324657521,0.328,0.133,8.61305604186607e-157,"UBE3A","Higher_in_BRCA1_tumour",0.195
1.27185340691513e-173,0.398488097693943,0.577,0.286,3.16246349629447e-169,"ADSS","Higher_in_BRCA1_tumour",0.291
1.90288239260446e-157,0.397590870965413,0.334,0.138,4.73151706921099e-153,"C12orf45","Higher_in_BRCA1_tumour",0.196
7.69239918100839e-162,0.397473542918782,0.461,0.214,1.91271505635774e-157,"PRCC","Higher_in_BRCA1_tumour",0.247
2.01411386955661e-98,0.397335052897579,0.149,0.053,5.0080941366525e-94,"RHPN1","Higher_in_BRCA1_tumour",0.096
1.27368316686285e-115,0.396912848269322,0.197,0.074,3.16701319440449e-111,"C19orf57","Higher_in_BRCA1_tumour",0.123
8.49109457750177e-81,0.396902316366876,0.124,0.045,2.11131066669582e-76,"FTX","Higher_in_BRCA1_tumour",0.079
9.34127620891562e-144,0.395736696033273,0.927,0.728,2.32270832934687e-139,"GNAS","Higher_in_BRCA1_tumour",0.199
5.06004245053433e-96,0.395587275936248,0.204,0.086,1.25817955532536e-91,"PNKP","Higher_in_BRCA1_tumour",0.118
5.23016687454757e-162,0.395275164628396,0.506,0.242,1.30048099335625e-157,"FIP1L1","Higher_in_BRCA1_tumour",0.264
8.69493192579299e-124,0.394702522554358,0.828,0.555,2.16199482334843e-119,"AURKAIP1","Higher_in_BRCA1_tumour",0.273
2.0341798172795e-83,0.394543780217816,0.16,0.065,5.05798811566548e-79,"TRPT1","Higher_in_BRCA1_tumour",0.095
3.64833223831295e-102,0.393764059099176,0.221,0.094,9.07157811056515e-98,"MLX","Higher_in_BRCA1_tumour",0.127
4.3482796986246e-152,0.3929353946212,0.642,0.35,1.08119974706301e-147,"HAT1","Higher_in_BRCA1_tumour",0.292
9.52424359314848e-84,0.392491924430645,0.133,0.049,2.36820316943637e-79,"PAN3","Higher_in_BRCA1_tumour",0.084
7.31954281021441e-101,0.392458250332448,0.173,0.066,1.82000431975981e-96,"DDX59","Higher_in_BRCA1_tumour",0.107
1.17536140071289e-172,0.39224131084342,0.484,0.224,2.92253612287261e-168,"APPL1","Higher_in_BRCA1_tumour",0.26
1.34569537788185e-54,0.392172921784145,0.108,0.045,3.34607155710321e-50,"ELP5","Higher_in_BRCA1_tumour",0.063
8.21498915185926e-185,0.391049829363039,0.968,0.916,2.0426570526098e-180,"SPINT2","Higher_in_BRCA1_tumour",0.0519999999999999
4.01498552022968e-100,0.390857476043657,0.18,0.07,9.98326149605109e-96,"LIG1","Higher_in_BRCA1_tumour",0.11
3.39641666867262e-166,0.390070882851443,0.622,0.319,8.44519004665447e-162,"RAB4A","Higher_in_BRCA1_tumour",0.303
1.13097975200898e-171,0.389992173723968,0.433,0.191,2.81218115337034e-167,"MYCBP2","Higher_in_BRCA1_tumour",0.242
3.62100738644396e-96,0.389848192091522,0.186,0.075,9.0036348663929e-92,"NCBP3","Higher_in_BRCA1_tumour",0.111
3.68271414092431e-157,0.387437806959495,0.482,0.229,9.15706871140829e-153,"GLRX2","Higher_in_BRCA1_tumour",0.253
5.22690350161019e-59,0.387320980939499,0.1,0.038,1.29966955567537e-54,"KDM6A","Higher_in_BRCA1_tumour",0.062
1.27751075627615e-85,0.386920715799637,0.125,0.044,3.17653049548066e-81,"FAM161A","Higher_in_BRCA1_tumour",0.081
2.47253781681492e-81,0.386755027395921,0.157,0.064,6.14796528151031e-77,"QSER1","Higher_in_BRCA1_tumour",0.093
1.20607433342947e-67,0.38651233319138,0.124,0.05,2.99890383007238e-63,"TBC1D17","Higher_in_BRCA1_tumour",0.074
6.90224633302495e-84,0.38624142082862,0.132,0.048,1.71624355070665e-79,"SLC16A1-AS1","Higher_in_BRCA1_tumour",0.084
2.6788376527794e-127,0.386235629338187,0.253,0.102,6.66092982363597e-123,"MACO1","Higher_in_BRCA1_tumour",0.151
2.43399391994549e-169,0.385906277392603,0.51,0.24,6.05212588194447e-165,"SMARCC1","Higher_in_BRCA1_tumour",0.27
1.17603497986314e-172,0.385244981336977,0.62,0.316,2.9242109774297e-168,"TANK","Higher_in_BRCA1_tumour",0.304
7.08999709339178e-81,0.38469031437233,0.141,0.055,1.76292777727187e-76,"MPZL3","Higher_in_BRCA1_tumour",0.086
4.58988580752064e-86,0.384587962616623,0.143,0.054,1.14127510604001e-81,"KDM4A","Higher_in_BRCA1_tumour",0.089
1.63153567223751e-134,0.384496129349726,0.836,0.548,4.05681344901857e-130,"ATOX1","Higher_in_BRCA1_tumour",0.288
1.13343266253028e-139,0.384477076583466,0.289,0.119,2.81828031538154e-135,"SEPT10","Higher_in_BRCA1_tumour",0.17
5.59635403642979e-147,0.383639484965389,0.326,0.138,1.39153343115827e-142,"SAYSD1","Higher_in_BRCA1_tumour",0.188
5.16554334290769e-197,0.383001848442633,0.486,0.213,1.284412352214e-192,"ARID5B","Higher_in_BRCA1_tumour",0.273
4.02224455195645e-47,0.382805317323569,0.111,0.051,1.00013110784397e-42,"ARFGEF3","Higher_in_BRCA1_tumour",0.06
4.73790292154157e-70,0.382620944060928,0.122,0.048,1.17807956144131e-65,"GTF3C4","Higher_in_BRCA1_tumour",0.074
3.85755139957867e-140,0.381987426484096,0.509,0.259,9.59180155505236e-136,"PIN1","Higher_in_BRCA1_tumour",0.25
5.01997938092224e-153,0.381359444061696,0.533,0.265,1.24821787306632e-148,"AHCY","Higher_in_BRCA1_tumour",0.268
1.2550312959995e-116,0.380774660182019,0.227,0.091,3.12063531750276e-112,"AP2A1","Higher_in_BRCA1_tumour",0.136
1.00073176833773e-197,0.380688129957172,0.974,0.893,2.48831954197177e-193,"DYNLL1","Higher_in_BRCA1_tumour",0.081
1.344035146117e-133,0.380293157944765,0.885,0.664,3.34194339081992e-129,"EIF3L","Higher_in_BRCA1_tumour",0.221
3.05141193592438e-99,0.379903603910258,0.201,0.083,7.58733577867598e-95,"ARID5A","Higher_in_BRCA1_tumour",0.118
3.87137421843161e-49,0.379302760587498,0.103,0.044,9.6261719941302e-45,"IMPDH1","Higher_in_BRCA1_tumour",0.059
2.46670702038724e-164,0.37911960472523,0.695,0.382,6.13346700619288e-160,"THRAP3","Higher_in_BRCA1_tumour",0.313
6.60058453675384e-164,0.37904205647514,0.547,0.269,1.64123534506384e-159,"ODF2L","Higher_in_BRCA1_tumour",0.278
4.71650699779012e-68,0.37848174267754,0.126,0.05,1.17275946500051e-63,"TOE1","Higher_in_BRCA1_tumour",0.076
5.4643265928025e-169,0.37728503871211,0.442,0.198,1.35870480730034e-164,"SPATC1L","Higher_in_BRCA1_tumour",0.244
0,0.377116936172775,0.996,0.997,0,"RPLP2","Higher_in_BRCA1_tumour",-0.001
4.94113417637854e-101,0.376455320606455,0.171,0.064,1.22861301295652e-96,"HSF2","Higher_in_BRCA1_tumour",0.107
2.802820130139e-127,0.376388534024456,0.269,0.113,6.96921225359062e-123,"INHBB","Higher_in_BRCA1_tumour",0.156
3.16121941010007e-65,0.376204659129382,0.107,0.04,7.86037206321383e-61,"DDHD1","Higher_in_BRCA1_tumour",0.067
1.12635699196071e-113,0.376181015537267,0.897,0.714,2.80068666051031e-109,"PDCD5","Higher_in_BRCA1_tumour",0.183
6.1116576502279e-114,0.375532983390099,0.243,0.102,1.51966367472917e-109,"FBLIM1","Higher_in_BRCA1_tumour",0.141
4.91285396470595e-166,0.375322169537597,0.55,0.27,1.22158113832413e-161,"KRCC1","Higher_in_BRCA1_tumour",0.28
2.87960366054983e-100,0.374823845727229,0.154,0.055,7.16013450195715e-96,"MT1M","Higher_in_BRCA1_tumour",0.099
4.56605597152049e-141,0.374284240506289,0.692,0.394,1.13534981731857e-136,"FKBP3","Higher_in_BRCA1_tumour",0.298
9.36002899435681e-160,0.373720968940397,0.533,0.261,2.32737120944682e-155,"EIF4E2","Higher_in_BRCA1_tumour",0.272
2.98750905349532e-111,0.373463346268935,0.265,0.116,7.42844126151611e-107,"PRKAG1","Higher_in_BRCA1_tumour",0.149
1.96422329927609e-95,0.373282887813331,0.193,0.08,4.88404123365e-91,"METTL8","Higher_in_BRCA1_tumour",0.113
1.67282622100624e-141,0.372632553663781,0.384,0.176,4.15948239853203e-137,"CSE1L","Higher_in_BRCA1_tumour",0.208
2.68146945364761e-125,0.372542076541686,0.263,0.109,6.66747379649479e-121,"C1orf174","Higher_in_BRCA1_tumour",0.154
3.66356854099714e-66,0.371782887260331,0.119,0.047,9.10946317718938e-62,"MED1","Higher_in_BRCA1_tumour",0.072
7.88525158589058e-80,0.371528851555873,0.12,0.042,1.96066780683169e-75,"FBXO4","Higher_in_BRCA1_tumour",0.078
8.65895496249483e-146,0.371475345168474,0.925,0.716,2.15304915142434e-141,"LAMTOR5","Higher_in_BRCA1_tumour",0.209
5.83252824154395e-87,0.37097287263794,0.186,0.079,1.4502581472599e-82,"CDKN2AIPNL","Higher_in_BRCA1_tumour",0.107
9.97592637114651e-136,0.370895200764365,0.351,0.159,2.48051409218558e-131,"FNBP4","Higher_in_BRCA1_tumour",0.192
8.62471702944061e-134,0.37048919235601,0.906,0.674,2.14453588937041e-129,"COX7A2L","Higher_in_BRCA1_tumour",0.232
2.40861935109365e-169,0.370488044375624,0.734,0.405,5.98903201649436e-165,"TCEAL4","Higher_in_BRCA1_tumour",0.329
8.56845206884817e-105,0.369605947628147,0.214,0.088,2.1305456069191e-100,"DSTYK","Higher_in_BRCA1_tumour",0.126
4.97817982236884e-121,0.36957386882302,0.696,0.414,1.23782441283201e-116,"HNRNPAB","Higher_in_BRCA1_tumour",0.282
1.28762645171422e-148,0.369514146143124,0.448,0.213,3.20168317218741e-144,"NFIC","Higher_in_BRCA1_tumour",0.235
2.47275194250944e-145,0.368968473745,0.323,0.137,6.14849770504971e-141,"SUZ12","Higher_in_BRCA1_tumour",0.186
4.52611757100828e-93,0.368955494998053,0.191,0.079,1.12541913403121e-88,"ABHD8","Higher_in_BRCA1_tumour",0.112
1.19986924928352e-245,0.368564336670426,0.989,0.94,2.98347488834348e-241,"HSP90AB1","Higher_in_BRCA1_tumour",0.049
2.48940299348745e-162,0.368051880020888,0.423,0.19,6.18990054330653e-158,"ASRGL1","Higher_in_BRCA1_tumour",0.233
1.47444012414539e-172,0.367842053646201,0.559,0.271,3.66619536868752e-168,"AGO2","Higher_in_BRCA1_tumour",0.288
5.34745709139119e-134,0.367760262482534,0.39,0.184,1.32964520577442e-129,"ZFYVE21","Higher_in_BRCA1_tumour",0.206
1.47938222181972e-133,0.367307212927115,0.718,0.42,3.67848389455474e-129,"RBMX","Higher_in_BRCA1_tumour",0.298
5.72148845624487e-118,0.365182103804181,0.26,0.11,1.42264810464529e-113,"C2orf74","Higher_in_BRCA1_tumour",0.15
2.013517801699e-118,0.36381619957178,0.826,0.555,5.00661201392457e-114,"KRT10","Higher_in_BRCA1_tumour",0.271
2.65001812655747e-146,0.363582549363882,0.568,0.292,6.58927007168515e-142,"SNF8","Higher_in_BRCA1_tumour",0.276
5.65713887540122e-92,0.363488481284787,0.152,0.056,1.40664758136851e-87,"TTC5","Higher_in_BRCA1_tumour",0.096
6.2702622379381e-64,0.362860125588888,0.149,0.067,1.55910070546331e-59,"ARL14EP","Higher_in_BRCA1_tumour",0.082
3.52025232934507e-66,0.362718379994155,0.136,0.057,8.75310741691653e-62,"DSE","Higher_in_BRCA1_tumour",0.079
7.20877934276692e-104,0.361941642524171,0.202,0.082,1.792462983579e-99,"C21orf91","Higher_in_BRCA1_tumour",0.12
3.98054733018457e-72,0.361922611924951,0.129,0.05,9.89763093650394e-68,"RUNDC1","Higher_in_BRCA1_tumour",0.079
5.92259749206449e-113,0.361029491799765,0.235,0.097,1.47265386640184e-108,"COASY","Higher_in_BRCA1_tumour",0.138
7.8516084333176e-83,0.360852132340308,0.142,0.054,1.95230243694442e-78,"CSGALNACT2","Higher_in_BRCA1_tumour",0.088
5.08605431025568e-68,0.359517546560045,0.118,0.045,1.26464740424507e-63,"CCDC159","Higher_in_BRCA1_tumour",0.073
8.21147145106231e-60,0.35950575849291,0.12,0.05,2.04178237630664e-55,"WDR6","Higher_in_BRCA1_tumour",0.07
1.99305673353379e-102,0.359297320435891,0.207,0.085,4.95573556793176e-98,"SLC17A5","Higher_in_BRCA1_tumour",0.122
2.96036374949737e-52,0.358250557849691,0.157,0.077,7.36094446312522e-48,"FAM129A","Higher_in_BRCA1_tumour",0.08
5.6995892992129e-139,0.358004204131895,0.615,0.334,1.41720287924929e-134,"SNRNP70","Higher_in_BRCA1_tumour",0.281
9.65829157007796e-98,0.356629941737958,0.154,0.056,2.40153419889989e-93,"PKNOX1","Higher_in_BRCA1_tumour",0.098
1.86682309214814e-56,0.356052471187899,0.102,0.04,4.64185561862636e-52,"TSPAN31","Higher_in_BRCA1_tumour",0.062
3.11659333679836e-98,0.355777706628611,0.115,0.034,7.74940933194913e-94,"ATF7IP2","Higher_in_BRCA1_tumour",0.081
4.62510866054479e-123,0.355183101347128,0.67,0.383,1.15003326844446e-118,"NDUFC1","Higher_in_BRCA1_tumour",0.287
3.70508875843067e-73,0.355155801867182,0.129,0.05,9.21270319783786e-69,"GDAP2","Higher_in_BRCA1_tumour",0.079
4.43310463516469e-87,0.354509425540301,0.145,0.054,1.1022914675337e-82,"JRKL","Higher_in_BRCA1_tumour",0.091
2.682276091944e-61,0.353976422139381,0.116,0.047,6.66947950261876e-57,"IGSF9","Higher_in_BRCA1_tumour",0.069
1.74900873001653e-80,0.353852982629101,0.157,0.064,4.34891020718609e-76,"HS6ST1","Higher_in_BRCA1_tumour",0.093
2.7060400124571e-122,0.353645834575688,0.814,0.537,6.72856849097458e-118,"MRPS12","Higher_in_BRCA1_tumour",0.277
9.94307749715227e-158,0.353289702085882,0.527,0.257,2.47234621966691e-153,"PSMD12","Higher_in_BRCA1_tumour",0.27
9.05910417598559e-109,0.353231577284069,0.255,0.112,2.25254625335882e-104,"FADS1","Higher_in_BRCA1_tumour",0.143
7.98639388632418e-150,0.352683984238669,0.606,0.32,1.98581683983451e-145,"DNAJC1","Higher_in_BRCA1_tumour",0.286
2.23566104442866e-145,0.35259108753167,0.436,0.206,5.55897118697187e-141,"ORMDL2","Higher_in_BRCA1_tumour",0.23
8.58372809889099e-141,0.351669179267541,0.473,0.231,2.13434399178924e-136,"IVNS1ABP","Higher_in_BRCA1_tumour",0.242
3.01303822208043e-109,0.351551059409746,0.232,0.097,7.491919539203e-105,"COMMD10","Higher_in_BRCA1_tumour",0.135
4.67425966101501e-81,0.351239444105357,0.134,0.05,1.16225466471138e-76,"METTL7A","Higher_in_BRCA1_tumour",0.084
7.13023384665945e-144,0.349974807635225,0.632,0.344,1.77293264597187e-139,"CRIPT","Higher_in_BRCA1_tumour",0.288
2.05015672646156e-144,0.349707194203922,0.379,0.171,5.09771470034668e-140,"LRRCC1","Higher_in_BRCA1_tumour",0.208
1.05335683945667e-127,0.349499962627334,0.7,0.402,2.61917178130902e-123,"ACTR3","Higher_in_BRCA1_tumour",0.298
4.578026654685e-82,0.349363159338066,0.157,0.064,1.13832632768742e-77,"PHF10","Higher_in_BRCA1_tumour",0.093
1.11263837814091e-151,0.349271440478525,0.566,0.288,2.76657532724738e-147,"OFD1","Higher_in_BRCA1_tumour",0.278
2.65823990854619e-30,0.349262433024535,0.688,0.491,6.60971353260011e-26,"CKS2","Higher_in_BRCA1_tumour",0.197
3.05076420105028e-65,0.348388828953426,0.11,0.042,7.58572518591152e-61,"BICD1","Higher_in_BRCA1_tumour",0.068
7.36524779156897e-54,0.348147895758752,0.11,0.046,1.83136886337363e-49,"EDEM1","Higher_in_BRCA1_tumour",0.064
1.33111778699792e-159,0.347934736195981,0.374,0.161,3.30982437737034e-155,"MCCC1","Higher_in_BRCA1_tumour",0.213
3.51235775367514e-116,0.34772941940638,0.735,0.454,8.73347755451322e-112,"MRPL3","Higher_in_BRCA1_tumour",0.281
3.32186691900364e-144,0.347378892156892,0.429,0.202,8.25982209410255e-140,"CPSF6","Higher_in_BRCA1_tumour",0.227
9.20391674772839e-117,0.347107800932158,0.284,0.125,2.28855389932267e-112,"ABHD17A","Higher_in_BRCA1_tumour",0.159
1.19493772446974e-135,0.346939322405263,0.37,0.17,2.971212651894e-131,"C6orf89","Higher_in_BRCA1_tumour",0.2
6.90193823260401e-73,0.346394703321682,0.143,0.058,1.71616694153699e-68,"P4HTM","Higher_in_BRCA1_tumour",0.085
6.51962492827185e-137,0.346391862801565,0.717,0.414,1.6211047384148e-132,"YY1","Higher_in_BRCA1_tumour",0.303
3.57289334211102e-143,0.345711870467915,0.458,0.221,8.88399929515906e-139,"NKTR","Higher_in_BRCA1_tumour",0.237
2.58443728905165e-71,0.344996502611351,0.139,0.057,6.42620331922692e-67,"UBR2","Higher_in_BRCA1_tumour",0.082
1.15896279062373e-53,0.344738801926594,0.105,0.043,2.88176097888591e-49,"KAT7","Higher_in_BRCA1_tumour",0.062
6.93394607421041e-131,0.344597675276735,0.962,0.845,1.72412569135242e-126,"HNRNPA2B1","Higher_in_BRCA1_tumour",0.117
9.53619597622791e-118,0.343903169941672,0.745,0.454,2.37117512948907e-113,"PLPP2","Higher_in_BRCA1_tumour",0.291
8.37821241633793e-123,0.343793899263484,0.252,0.103,2.08324251732243e-118,"SLAIN2","Higher_in_BRCA1_tumour",0.149
3.24279082532645e-112,0.342860451274227,0.89,0.656,8.06319938717422e-108,"SON","Higher_in_BRCA1_tumour",0.234
9.5243532822874e-63,0.342485285451932,0.108,0.042,2.36823044364076e-58,"EXD3","Higher_in_BRCA1_tumour",0.066
2.40078137638572e-151,0.342326495198306,0.426,0.196,5.9695428923831e-147,"TSG101","Higher_in_BRCA1_tumour",0.23
5.62658569326035e-125,0.341849149509253,0.281,0.12,1.39905053262919e-120,"TBC1D4","Higher_in_BRCA1_tumour",0.161
3.88108616206527e-127,0.341525700043568,0.919,0.722,9.6503207419753e-123,"CLIC1","Higher_in_BRCA1_tumour",0.197
8.93635025364711e-108,0.341012514634661,0.905,0.688,2.22202349056935e-103,"GADD45GIP1","Higher_in_BRCA1_tumour",0.217
1.32235740141497e-53,0.340511054176654,0.13,0.06,3.28804167861833e-49,"TP53BP2","Higher_in_BRCA1_tumour",0.07
9.86130156872203e-97,0.340191540212572,0.185,0.074,2.45201263506273e-92,"RMDN3","Higher_in_BRCA1_tumour",0.111
4.40385672173562e-67,0.339932727718532,0.123,0.049,1.09501897385956e-62,"PRPF40B","Higher_in_BRCA1_tumour",0.074
6.26931683950964e-91,0.339840069700715,0.208,0.091,1.55886563214407e-86,"BDH1","Higher_in_BRCA1_tumour",0.117
3.78224487022002e-146,0.338773416866873,0.512,0.257,9.40455186980207e-142,"FAM120A","Higher_in_BRCA1_tumour",0.255
4.92643433772425e-118,0.338462998784746,0.248,0.102,1.22495789807514e-113,"HOOK1","Higher_in_BRCA1_tumour",0.146
2.15527737162989e-56,0.338211562962969,0.118,0.05,5.35909718455772e-52,"LRRC40","Higher_in_BRCA1_tumour",0.068
1.34860326897573e-142,0.337448330500013,0.577,0.3,3.35330202830816e-138,"NIT2","Higher_in_BRCA1_tumour",0.277
1.73270196753137e-115,0.337398866489239,0.22,0.087,4.30836344226676e-111,"SCMH1","Higher_in_BRCA1_tumour",0.133
2.01713360910497e-138,0.337173707385205,0.32,0.137,5.0156027190395e-134,"UBTF","Higher_in_BRCA1_tumour",0.183
7.87932226841991e-133,0.337071198538613,0.687,0.386,1.95919348204261e-128,"CANX","Higher_in_BRCA1_tumour",0.301
1.04377579354816e-61,0.336798636773728,0.115,0.046,2.59534851065751e-57,"HDAC7","Higher_in_BRCA1_tumour",0.069
2.53060079099382e-117,0.336461403236946,0.314,0.144,6.29233886680614e-113,"MLXIP","Higher_in_BRCA1_tumour",0.17
1.64983460559807e-78,0.336112609985104,0.178,0.078,4.10231374681961e-74,"CD320","Higher_in_BRCA1_tumour",0.1
1.97368127394699e-144,0.336087370640117,0.374,0.167,4.90755848766918e-140,"ZNF622","Higher_in_BRCA1_tumour",0.207
2.14898659975798e-141,0.335721526842363,0.395,0.182,5.34345518029822e-137,"PAFAH1B1","Higher_in_BRCA1_tumour",0.213
5.12888562210423e-95,0.335611411210047,0.392,0.21,1.27529740993622e-90,"MT-ND6","Higher_in_BRCA1_tumour",0.182
1.54502819001362e-158,0.335205140211129,0.51,0.245,3.84171259446886e-154,"MBD4","Higher_in_BRCA1_tumour",0.265
0,0.334952685524459,0.999,0.999,0,"RPL13","Higher_in_BRCA1_tumour",0
9.12941677055635e-99,0.334927964313258,0.906,0.674,2.27002947999884e-94,"HSP90B1","Higher_in_BRCA1_tumour",0.232
5.16000834092979e-114,0.334884032030291,0.285,0.127,1.28303607397219e-109,"CEP78","Higher_in_BRCA1_tumour",0.158
5.33502254937181e-45,0.334521073414459,0.109,0.05,1.3265533569013e-40,"EXOSC10","Higher_in_BRCA1_tumour",0.059
1.37527931857591e-123,0.3343990067688,0.871,0.642,3.419632025639e-119,"HMGA1","Higher_in_BRCA1_tumour",0.229
6.92179239388569e-106,0.33439132940888,0.685,0.418,1.72110367873968e-101,"EBNA1BP2","Higher_in_BRCA1_tumour",0.267
5.42895945928502e-76,0.334037963907883,0.171,0.074,1.34991076955122e-71,"SETD3","Higher_in_BRCA1_tumour",0.097
1.32864107579466e-79,0.333859961758948,0.184,0.081,3.30366603496341e-75,"TNPO1","Higher_in_BRCA1_tumour",0.103
3.69463641114622e-103,0.332809846749336,0.886,0.658,9.18671343631507e-99,"PRELID1","Higher_in_BRCA1_tumour",0.228
1.0422522470582e-164,0.331743786513802,0.965,0.848,2.59156021231021e-160,"MGST3","Higher_in_BRCA1_tumour",0.117
9.8661755181694e-124,0.331588016961742,0.404,0.197,2.45322454259282e-119,"ATRX","Higher_in_BRCA1_tumour",0.207
3.04435776383871e-158,0.33097543066978,0.406,0.181,7.56979557978495e-154,"CDCA7","Higher_in_BRCA1_tumour",0.225
4.79511961597777e-125,0.330717576805431,0.294,0.128,1.19230649251287e-120,"MELTF","Higher_in_BRCA1_tumour",0.166
1.29282676835979e-88,0.330437999945494,0.186,0.078,3.21461375952661e-84,"IFT172","Higher_in_BRCA1_tumour",0.108
1.11627161398964e-113,0.330347486757803,0.84,0.578,2.77560936818525e-109,"APEX1","Higher_in_BRCA1_tumour",0.262
2.78961442508816e-51,0.330300989523711,0.115,0.051,6.9363762679817e-47,"FZD8","Higher_in_BRCA1_tumour",0.064
1.04342054560879e-128,0.330036273475433,0.469,0.237,2.59446518665626e-124,"NOP56","Higher_in_BRCA1_tumour",0.232
7.17187797276037e-54,0.329512015398023,0.105,0.044,1.78328745792687e-49,"ECPAS","Higher_in_BRCA1_tumour",0.061
9.13357488284858e-260,0.329461836073517,0.985,0.942,2.2710633946203e-255,"RPSA","Higher_in_BRCA1_tumour",0.043
2.73877504458059e-65,0.328258205586625,0.212,0.107,6.80996414834963e-61,"EPHX1","Higher_in_BRCA1_tumour",0.105
4.37987282153236e-104,0.327793851918361,0.222,0.093,1.08905537707402e-99,"EXOC1","Higher_in_BRCA1_tumour",0.129
4.98940746344454e-135,0.327791530180326,0.648,0.359,1.24061616578548e-130,"PRPF38B","Higher_in_BRCA1_tumour",0.289
5.6361629936193e-155,0.327684415162651,0.496,0.238,1.40143192836344e-150,"IFNAR1","Higher_in_BRCA1_tumour",0.258
3.04682134940181e-116,0.327500697203347,0.895,0.66,7.57592128528759e-112,"HNRNPF","Higher_in_BRCA1_tumour",0.235
8.15040719019331e-112,0.327447047177683,0.209,0.082,2.02659874784157e-107,"MSRA","Higher_in_BRCA1_tumour",0.127
4.49683452924078e-80,0.327240963104325,0.221,0.104,1.11813790569572e-75,"CNFN","Higher_in_BRCA1_tumour",0.117
1.29218159925563e-69,0.327045403375097,0.187,0.088,3.21300954654913e-65,"F12","Higher_in_BRCA1_tumour",0.099
9.01279444962914e-75,0.326873948226305,0.146,0.06,2.24103133990028e-70,"CORO2A","Higher_in_BRCA1_tumour",0.086
6.90314226425439e-59,0.326814578727121,0.103,0.04,1.71646632400685e-54,"CHM","Higher_in_BRCA1_tumour",0.063
1.18139169579387e-114,0.326516027446246,0.805,0.519,2.93753045159146e-110,"ATRAID","Higher_in_BRCA1_tumour",0.286
4.47994211254797e-131,0.326504555957201,0.323,0.143,1.11393760628505e-126,"RAB3D","Higher_in_BRCA1_tumour",0.18
1.72212542996484e-71,0.326216730997394,0.147,0.062,4.28206488160757e-67,"VPS8","Higher_in_BRCA1_tumour",0.085
3.75739104516492e-94,0.325962433015083,0.203,0.086,9.34275283380256e-90,"ZNF37A","Higher_in_BRCA1_tumour",0.117
2.65014017201887e-135,0.325884264934432,0.389,0.181,6.58957353772493e-131,"ZNF90","Higher_in_BRCA1_tumour",0.208
7.16739493859294e-54,0.325838921559564,0.108,0.045,1.78217275148113e-49,"JADE1","Higher_in_BRCA1_tumour",0.063
3.21519694643391e-121,0.325212644046674,0.249,0.102,7.99458720730791e-117,"ACOT8","Higher_in_BRCA1_tumour",0.147
4.42035468335101e-47,0.324599740737607,0.117,0.054,1.09912119201523e-42,"MKRN2","Higher_in_BRCA1_tumour",0.063
6.2661382135662e-50,0.324377497617718,0.117,0.053,1.55807526680324e-45,"SLC35F5","Higher_in_BRCA1_tumour",0.064
2.33457796163278e-144,0.324273757990781,0.39,0.176,5.80492810159992e-140,"SPAG7","Higher_in_BRCA1_tumour",0.214
1.54048785910825e-53,0.324124855503481,0.105,0.043,3.83042306167265e-49,"RPUSD2","Higher_in_BRCA1_tumour",0.062
1.19838852713423e-121,0.323903996519918,0.279,0.12,2.97979307271927e-117,"CNP","Higher_in_BRCA1_tumour",0.159
1.21647470761162e-130,0.323811360384831,0.453,0.226,3.0247643604763e-126,"TMEM50B","Higher_in_BRCA1_tumour",0.227
3.0582708319724e-99,0.323677695036882,0.219,0.094,7.60439042369938e-95,"DOCK7","Higher_in_BRCA1_tumour",0.125
3.62904484837578e-151,0.323137588211267,0.334,0.14,9.02362001548637e-147,"NSUN6","Higher_in_BRCA1_tumour",0.194
3.74081257632393e-122,0.322293198044623,0.403,0.198,9.30153047102945e-118,"TLE1","Higher_in_BRCA1_tumour",0.205
3.03555279007284e-95,0.321087989499846,0.879,0.659,7.54790201251611e-91,"ATP5MC1","Higher_in_BRCA1_tumour",0.22
1.82287708377073e-116,0.319907759780569,0.278,0.122,4.53258386879591e-112,"SYCP2","Higher_in_BRCA1_tumour",0.156
6.44754750624928e-111,0.319302765765336,0.246,0.105,1.60318268742888e-106,"APPBP2","Higher_in_BRCA1_tumour",0.141
1.61741358674274e-102,0.319277145429793,0.238,0.103,4.02169888343584e-98,"NUP58","Higher_in_BRCA1_tumour",0.135
1.27527031197846e-104,0.315236783366313,0.807,0.541,3.17095963073443e-100,"SFPQ","Higher_in_BRCA1_tumour",0.266
1.28975893042579e-55,0.315015627088283,0.132,0.059,3.20698558050372e-51,"PRDM2","Higher_in_BRCA1_tumour",0.073
3.85040492333647e-91,0.314517911229621,0.179,0.073,9.57403184187613e-87,"C6orf226","Higher_in_BRCA1_tumour",0.106
2.2816048403482e-59,0.314510112886721,0.137,0.061,5.6732104355258e-55,"KANK1","Higher_in_BRCA1_tumour",0.076
1.54294827089596e-251,0.314312154961573,0.994,0.986,3.83654087558281e-247,"RPL35","Higher_in_BRCA1_tumour",0.00800000000000001
1.21585628061459e-109,0.313831740988476,0.265,0.117,3.02322664174817e-105,"HCFC1","Higher_in_BRCA1_tumour",0.148
1.93435386703841e-112,0.313811843665216,0.732,0.445,4.80977089039101e-108,"SEC63","Higher_in_BRCA1_tumour",0.287
2.02085814858412e-62,0.313347283944667,0.138,0.06,5.02486378645443e-58,"STRN","Higher_in_BRCA1_tumour",0.078
1.13169016352551e-100,0.313335639476368,0.199,0.081,2.81394759160619e-96,"SPRTN","Higher_in_BRCA1_tumour",0.118
3.50421486595114e-134,0.313152861585849,0.327,0.142,8.71323026418752e-130,"HSDL2","Higher_in_BRCA1_tumour",0.185
1.16003504599109e-61,0.313145500263174,0.16,0.074,2.88442714185685e-57,"AC097534.2","Higher_in_BRCA1_tumour",0.086
2.2474156457229e-138,0.312971053706152,0.448,0.216,5.58819900309e-134,"TXNDC9","Higher_in_BRCA1_tumour",0.232
5.88427960420472e-53,0.31227066175619,0.107,0.045,1.4631261235855e-48,"C17orf75","Higher_in_BRCA1_tumour",0.062
1.73694152412477e-59,0.312235594647854,0.15,0.069,4.31890509973625e-55,"RRAGD","Higher_in_BRCA1_tumour",0.081
3.11825892101793e-124,0.311634571566051,0.644,0.361,7.7535508071111e-120,"ASNA1","Higher_in_BRCA1_tumour",0.283
3.84027936955841e-57,0.311555983480592,0.122,0.052,9.54885465240698e-53,"OTUD4","Higher_in_BRCA1_tumour",0.07
6.85624071383518e-87,0.311422199550403,0.911,0.732,1.70480425349512e-82,"APP","Higher_in_BRCA1_tumour",0.179
3.80547648056726e-123,0.311398365787843,0.277,0.118,9.46231726893049e-119,"PRRC2A","Higher_in_BRCA1_tumour",0.159
1.79847616563239e-140,0.310993252847854,0.465,0.225,4.47191098584493e-136,"DCAF7","Higher_in_BRCA1_tumour",0.24
1.94774184013469e-121,0.310545716987659,0.375,0.179,4.84306008549491e-117,"GINM1","Higher_in_BRCA1_tumour",0.196
5.8434448611361e-130,0.310446431997211,0.433,0.213,1.45297256472149e-125,"WWTR1","Higher_in_BRCA1_tumour",0.22
6.90165583274016e-98,0.310329665514061,0.221,0.095,1.71609672281084e-93,"MFSD11","Higher_in_BRCA1_tumour",0.126
6.09658969277138e-89,0.310164727973563,0.186,0.078,1.5159170271076e-84,"CDC42SE2","Higher_in_BRCA1_tumour",0.108
2.75603381129702e-83,0.309860031182049,0.177,0.075,6.85287807179004e-79,"GABPB2","Higher_in_BRCA1_tumour",0.102
7.23222362134379e-76,0.309779607032665,0.157,0.066,1.79829240344713e-71,"IGF2R","Higher_in_BRCA1_tumour",0.091
9.01017400830528e-122,0.30957294469735,0.608,0.337,2.24037976716511e-117,"NDUFA10","Higher_in_BRCA1_tumour",0.271
2.69965274704869e-105,0.309559695548395,0.425,0.223,6.71268655553657e-101,"LAP3","Higher_in_BRCA1_tumour",0.202
1.8595377196167e-66,0.309015764954562,0.143,0.061,4.62374053982693e-62,"NUP88","Higher_in_BRCA1_tumour",0.082
2.23366426237962e-100,0.308797567453421,0.23,0.1,5.55400618840692e-96,"MAD2L1BP","Higher_in_BRCA1_tumour",0.13
2.22420949603875e-111,0.308641282223918,0.288,0.13,5.53049691190036e-107,"TMEM125","Higher_in_BRCA1_tumour",0.158
8.27864105716501e-84,0.307762044069671,0.149,0.058,2.05848409886408e-79,"GTF2H3","Higher_in_BRCA1_tumour",0.091
7.85606685643643e-111,0.307679932334545,0.73,0.439,1.95341102385292e-106,"EIF3M","Higher_in_BRCA1_tumour",0.291
3.85764475308281e-52,0.307540733590569,0.107,0.045,9.59203367854041e-48,"WDR20","Higher_in_BRCA1_tumour",0.062
1.19214785183853e-61,0.307257830045376,0.114,0.045,2.9642756335965e-57,"HMGXB3","Higher_in_BRCA1_tumour",0.069
1.11403368996682e-112,0.307239092807992,0.78,0.489,2.77004477010249e-108,"PPIG","Higher_in_BRCA1_tumour",0.291
1.06550183343722e-79,0.307201037417727,0.192,0.086,2.64937030884164e-75,"ARHGEF1","Higher_in_BRCA1_tumour",0.106
1.10126159759836e-99,0.307017724797534,0.792,0.519,2.73828696242832e-95,"EIF3D","Higher_in_BRCA1_tumour",0.273
4.49246478363262e-197,0.305923312414027,0.985,0.946,1.11705136845025e-192,"SUMO2","Higher_in_BRCA1_tumour",0.039
6.38232434436347e-146,0.3053636497142,0.403,0.186,1.58696494822598e-141,"SLC38A2","Higher_in_BRCA1_tumour",0.217
1.7690958551774e-124,0.305351848735185,0.3,0.131,4.3988568438986e-120,"CPSF3","Higher_in_BRCA1_tumour",0.169
4.97062339425414e-82,0.3047260036036,0.182,0.079,1.23594550698129e-77,"CCNK","Higher_in_BRCA1_tumour",0.103
1.6480676941118e-79,0.304568184622314,0.166,0.07,4.09792032140899e-75,"AP3M1","Higher_in_BRCA1_tumour",0.096
4.71689436208791e-135,0.30394915177735,0.38,0.177,1.17285578313316e-130,"FAM114A1","Higher_in_BRCA1_tumour",0.203
9.78406186763998e-48,0.303436131740312,0.1,0.043,2.43280698338868e-43,"UIMC1","Higher_in_BRCA1_tumour",0.057
4.38505294787512e-53,0.303372914337465,0.12,0.053,1.09034341548915e-48,"SMARCE1","Higher_in_BRCA1_tumour",0.067
1.19898090654727e-134,0.303284617546674,0.429,0.206,2.98126602412979e-130,"WDR33","Higher_in_BRCA1_tumour",0.223
2.2359466773566e-168,0.303200624758118,0.532,0.252,5.55968141324719e-164,"PBX1","Higher_in_BRCA1_tumour",0.28
9.29300813673626e-143,0.30313812294406,0.433,0.206,2.31070647319947e-138,"FERMT2","Higher_in_BRCA1_tumour",0.227
1.17427704855062e-247,0.302881638344199,0.999,0.996,2.91983988122113e-243,"RPL11","Higher_in_BRCA1_tumour",0.003
1.29400403493855e-66,0.302756006479532,0.125,0.05,3.2175410328747e-62,"TMEM131","Higher_in_BRCA1_tumour",0.075
2.07572368397362e-193,0.302121881395169,0.995,0.988,5.16128694020041e-189,"RPL34","Higher_in_BRCA1_tumour",0.00700000000000001
6.34875624593448e-67,0.302119456178214,0.154,0.068,1.57861824055161e-62,"EPB41L5","Higher_in_BRCA1_tumour",0.086
9.63849244483285e-145,0.301445540613856,0.407,0.187,2.39661114640769e-140,"UBA3","Higher_in_BRCA1_tumour",0.22
3.08066023757914e-82,0.301095760293995,0.188,0.082,7.66006168074052e-78,"PRTFDC1","Higher_in_BRCA1_tumour",0.106
5.6637314031883e-135,0.30105960647915,0.417,0.198,1.40828681340277e-130,"MRPS36","Higher_in_BRCA1_tumour",0.219
1.01742413819173e-104,0.300505822787853,0.242,0.105,2.52982511961373e-100,"KATNBL1","Higher_in_BRCA1_tumour",0.137
5.41810479224419e-144,0.300468169508069,0.407,0.187,1.34721175659152e-139,"CDC40","Higher_in_BRCA1_tumour",0.22
2.19230052929936e-95,0.300319958459547,0.83,0.563,5.45115526610285e-91,"HNRNPM","Higher_in_BRCA1_tumour",0.267
4.62899731303114e-58,0.300280006451974,0.128,0.056,1.15100018188519e-53,"RNF38","Higher_in_BRCA1_tumour",0.072
5.7624699218141e-128,0.300279929340833,0.613,0.333,1.43283814605908e-123,"MRPL22","Higher_in_BRCA1_tumour",0.28
3.57668737518631e-104,0.300006070866176,0.529,0.292,8.89343315840077e-100,"CCDC124","Higher_in_BRCA1_tumour",0.237
5.19411254507096e-149,0.299619608302321,0.395,0.177,1.29151608433189e-144,"JPX","Higher_in_BRCA1_tumour",0.218
2.29560147125281e-129,0.299162734449704,0.313,0.136,5.70801305827012e-125,"TMEM63A","Higher_in_BRCA1_tumour",0.177
1.04342079035923e-46,0.298884407686288,0.28,0.167,2.59446579522823e-42,"RNF19A","Higher_in_BRCA1_tumour",0.113
8.75161328237706e-64,0.298742398884391,0.125,0.051,2.17608864266306e-59,"ABCD4","Higher_in_BRCA1_tumour",0.074
3.28951680935548e-147,0.29847912709277,0.4,0.182,8.17938354646241e-143,"ZFR","Higher_in_BRCA1_tumour",0.218
2.49277136318022e-83,0.297925582769199,0.19,0.083,6.19827599454761e-79,"ZNF532","Higher_in_BRCA1_tumour",0.107
5.11749004868011e-70,0.297733296743984,0.152,0.065,1.27246390060431e-65,"MYO19","Higher_in_BRCA1_tumour",0.087
1.91875497581573e-137,0.297543685685136,0.564,0.293,4.77098424736581e-133,"TGOLN2","Higher_in_BRCA1_tumour",0.271
1.49497215143719e-52,0.296096199954574,0.272,0.157,3.71724825454856e-48,"BIRC2","Higher_in_BRCA1_tumour",0.115
2.93834247647239e-125,0.295834518995712,0.331,0.149,7.3061885677486e-121,"UMPS","Higher_in_BRCA1_tumour",0.182
5.80120271512933e-119,0.295136552599561,0.289,0.127,1.44246905511691e-114,"MED6","Higher_in_BRCA1_tumour",0.162
1.16345804762179e-131,0.295054456055022,0.445,0.219,2.89293843541158e-127,"UBE2G2","Higher_in_BRCA1_tumour",0.226
4.09694523359657e-114,0.294920037064812,0.355,0.171,1.01870543233379e-109,"UTP18","Higher_in_BRCA1_tumour",0.184
2.33513974512091e-133,0.29452983757174,0.494,0.249,5.80632497624315e-129,"ACAT1","Higher_in_BRCA1_tumour",0.245
4.57447895802614e-59,0.294154713810716,0.129,0.056,1.1374441929132e-54,"TNPO3","Higher_in_BRCA1_tumour",0.073
8.28400071110586e-86,0.294097111743777,0.244,0.115,2.05981677681647e-81,"KIAA2013","Higher_in_BRCA1_tumour",0.129
1.63483431244824e-80,0.2939108324316,0.147,0.058,4.06501551790254e-76,"KLF12","Higher_in_BRCA1_tumour",0.089
5.829627703296e-44,0.29345106646893,0.1,0.045,1.44953692842455e-39,"CCDC32","Higher_in_BRCA1_tumour",0.055
1.13213795520869e-127,0.29344072908753,0.612,0.333,2.8150610256264e-123,"PRMT2","Higher_in_BRCA1_tumour",0.279
4.83108372229033e-79,0.292817978123891,0.2,0.091,1.20124896754749e-74,"NUS1","Higher_in_BRCA1_tumour",0.109
5.3462701103248e-148,0.292569590612362,0.495,0.24,1.32935006293226e-143,"DDX3X","Higher_in_BRCA1_tumour",0.255
1.02974043314049e-134,0.292405086450078,0.414,0.196,2.56044958700382e-130,"RARS","Higher_in_BRCA1_tumour",0.218
1.60792071838213e-116,0.292308601010761,0.252,0.107,3.99809486625716e-112,"GLYATL2","Higher_in_BRCA1_tumour",0.145
7.46752106115048e-77,0.291844443943029,0.889,0.655,1.85679911185507e-72,"ITM2B","Higher_in_BRCA1_tumour",0.234
1.64285443721889e-235,0.291661452914076,0.991,0.972,4.08495755814477e-231,"CHCHD2","Higher_in_BRCA1_tumour",0.019
3.5882858681288e-150,0.29106745765087,0.434,0.2,8.92227281110225e-146,"FMC1","Higher_in_BRCA1_tumour",0.234
1.61398095581703e-114,0.29070904470607,0.369,0.179,4.01316364663905e-110,"NMD3","Higher_in_BRCA1_tumour",0.19
6.78875091981877e-57,0.290609493602075,0.122,0.052,1.68802291621294e-52,"ATAD5","Higher_in_BRCA1_tumour",0.07
6.15534462117608e-137,0.290440858502361,0.452,0.22,1.53052644005543e-132,"SRSF1","Higher_in_BRCA1_tumour",0.232
1.21477043524466e-97,0.289881281481037,0.826,0.556,3.02052668723586e-93,"DNAJC19","Higher_in_BRCA1_tumour",0.27
6.10919985542431e-92,0.289851071434409,0.852,0.619,1.51905254405126e-87,"SIVA1","Higher_in_BRCA1_tumour",0.233
2.39070377668607e-104,0.289594252832651,0.205,0.082,5.94448494072991e-100,"SGMS1","Higher_in_BRCA1_tumour",0.123
3.8168921625657e-65,0.289563246747834,0.132,0.055,9.49070236221962e-61,"TMPRSS13","Higher_in_BRCA1_tumour",0.077
3.36513720118655e-74,0.289377540786806,0.179,0.08,8.36741365075035e-70,"PPIL2","Higher_in_BRCA1_tumour",0.099
9.91377000461914e-57,0.289268523627582,0.116,0.049,2.46505891164855e-52,"MDN1","Higher_in_BRCA1_tumour",0.067
2.00262774034694e-180,0.289256853926028,0.997,0.994,4.97953387637268e-176,"RPL30","Higher_in_BRCA1_tumour",0.003
4.08838971493495e-69,0.288657279725577,0.215,0.107,1.01657810261858e-64,"FBXO5","Higher_in_BRCA1_tumour",0.108
1.48006169842193e-137,0.288100342582578,0.445,0.216,3.68017341312614e-133,"VTCN1","Higher_in_BRCA1_tumour",0.229
1.08533297364252e-96,0.287898156803129,0.543,0.318,2.69868043896213e-92,"CXCR4","Higher_in_BRCA1_tumour",0.225
1.33530730223813e-101,0.28783243655164,0.228,0.098,3.32024160701512e-97,"MGAT2","Higher_in_BRCA1_tumour",0.13
3.31819444542454e-98,0.287738281170959,0.243,0.108,8.25069048854812e-94,"MIA2","Higher_in_BRCA1_tumour",0.135
3.91824229054753e-74,0.286814882684661,0.142,0.058,9.74270945544643e-70,"SAAL1","Higher_in_BRCA1_tumour",0.084
9.60707186232345e-123,0.286582661804091,0.694,0.399,2.38879841856673e-118,"METAP2","Higher_in_BRCA1_tumour",0.295
1.66444219752245e-51,0.286057304794349,0.871,0.657,4.13863552413957e-47,"XBP1","Higher_in_BRCA1_tumour",0.214
1.44080973076556e-128,0.285982956511341,0.95,0.8,3.58257339554856e-124,"NDUFS5","Higher_in_BRCA1_tumour",0.15
9.90476331418868e-121,0.285529317853927,0.328,0.15,2.46281939807302e-116,"AHNAK2","Higher_in_BRCA1_tumour",0.178
3.56868980309421e-124,0.285488211598167,0.229,0.088,8.87354719539375e-120,"CNTLN","Higher_in_BRCA1_tumour",0.141
2.97011507815335e-86,0.284562188742691,0.192,0.083,7.3851911418283e-82,"C3orf38","Higher_in_BRCA1_tumour",0.109
9.43074143025269e-67,0.284549758339581,0.729,0.483,2.34495385663233e-62,"TUBB4B","Higher_in_BRCA1_tumour",0.246
2.54978837286711e-144,0.283597942218944,0.59,0.303,6.34004878913408e-140,"SS18L2","Higher_in_BRCA1_tumour",0.287
6.60352313048521e-69,0.283480203687363,0.153,0.066,1.64196602639515e-64,"SNRNP35","Higher_in_BRCA1_tumour",0.087
1.30079277288758e-86,0.283456555927647,0.169,0.068,3.23442122978496e-82,"SCRN2","Higher_in_BRCA1_tumour",0.101
3.16030348706424e-83,0.283217864219486,0.921,0.752,7.85809462058523e-79,"MRPL51","Higher_in_BRCA1_tumour",0.169
6.10142283179012e-156,0.282856781611813,0.488,0.23,1.51711878712461e-151,"ACAA2","Higher_in_BRCA1_tumour",0.258
6.01575779940032e-67,0.282649300680111,0.135,0.056,1.49581817682089e-62,"DBT","Higher_in_BRCA1_tumour",0.079
6.80703145638396e-95,0.282613805564973,0.287,0.138,1.69256837162987e-90,"SPAG9","Higher_in_BRCA1_tumour",0.149
1.72647268291565e-125,0.282550184295099,0.543,0.286,4.29287432606976e-121,"TSN","Higher_in_BRCA1_tumour",0.257
2.66965179372069e-122,0.282081237234529,0.337,0.154,6.63808918508649e-118,"PDHB","Higher_in_BRCA1_tumour",0.183
7.26848420812132e-105,0.281837955564153,0.248,0.108,1.80730859834937e-100,"PATJ","Higher_in_BRCA1_tumour",0.14
1.23179071576057e-88,0.281671475826257,0.184,0.077,3.06284761473866e-84,"BANP","Higher_in_BRCA1_tumour",0.107
8.51118512000067e-66,0.281664283201535,0.12,0.047,2.11630618008817e-61,"POU2F3","Higher_in_BRCA1_tumour",0.073
2.41701578400465e-97,0.281253631701616,0.238,0.106,6.00990974692757e-93,"STX6","Higher_in_BRCA1_tumour",0.132
4.13799823744947e-129,0.281230549459244,0.427,0.207,1.02891326174181e-124,"NCOR1","Higher_in_BRCA1_tumour",0.22
1.46564439368641e-138,0.281100535652248,0.426,0.201,3.64432478490126e-134,"CMC1","Higher_in_BRCA1_tumour",0.225
1.30082269131305e-92,0.281059441854179,0.228,0.102,3.2344956219499e-88,"INAFM1","Higher_in_BRCA1_tumour",0.126
2.22904931429217e-103,0.281010934582937,0.237,0.102,5.54253111998749e-99,"PARP2","Higher_in_BRCA1_tumour",0.135
5.30206599803228e-148,0.280757923191864,0.452,0.213,1.31835871041073e-143,"SMC5","Higher_in_BRCA1_tumour",0.239
1.18773373080249e-96,0.280622992909554,0.224,0.098,2.9532999216404e-92,"SUPT20H","Higher_in_BRCA1_tumour",0.126
3.2035366331258e-105,0.28026245555531,0.696,0.413,7.96559383826729e-101,"SMIM7","Higher_in_BRCA1_tumour",0.283
9.16448898605022e-51,0.280197498617197,0.151,0.074,2.27875018638139e-46,"CRIP1","Higher_in_BRCA1_tumour",0.077
4.46097742817027e-114,0.27978700768249,0.308,0.141,1.10922203751454e-109,"SPIN1","Higher_in_BRCA1_tumour",0.167
9.7183192547668e-150,0.278659643510261,0.459,0.215,2.41646008269776e-145,"EMC10","Higher_in_BRCA1_tumour",0.244
9.60369932351492e-94,0.278161934325963,0.246,0.112,2.38795983679199e-89,"GFM1","Higher_in_BRCA1_tumour",0.134
3.3103767981737e-97,0.277984704850818,0.777,0.497,8.23125190865891e-93,"TXNDC17","Higher_in_BRCA1_tumour",0.28
1.43964885033263e-63,0.276979131051085,0.125,0.051,3.57968686635207e-59,"PPWD1","Higher_in_BRCA1_tumour",0.074
1.58460671072178e-49,0.276876621211129,0.65,0.425,3.94012458620971e-45,"SQSTM1","Higher_in_BRCA1_tumour",0.225
5.41352630379043e-107,0.27662918455237,0.769,0.477,1.34607331543749e-102,"OCIAD1","Higher_in_BRCA1_tumour",0.292
3.1235371047848e-64,0.276183355816589,0.156,0.07,7.76667501104741e-60,"PUSL1","Higher_in_BRCA1_tumour",0.086
1.38000749086412e-104,0.275849533427686,0.626,0.362,3.43138862603364e-100,"EZR","Higher_in_BRCA1_tumour",0.264
3.42656760840053e-117,0.27537913399804,0.683,0.397,8.52016035828791e-113,"MRPL11","Higher_in_BRCA1_tumour",0.286
8.71606736621684e-66,0.274359030954166,0.139,0.059,2.16725015060982e-61,"RFX1","Higher_in_BRCA1_tumour",0.08
1.06969326452728e-101,0.274051195818758,0.719,0.436,2.65979230224709e-97,"GRHPR","Higher_in_BRCA1_tumour",0.283
1.08976169727779e-76,0.273635485645341,0.176,0.077,2.70969246028121e-72,"SEC14L1","Higher_in_BRCA1_tumour",0.099
3.2844505147858e-65,0.27313896785002,0.115,0.045,8.1667862050149e-61,"CEP57L1","Higher_in_BRCA1_tumour",0.07
8.66651283783124e-128,0.272919545178066,0.966,0.88,2.15492841712674e-123,"C19orf53","Higher_in_BRCA1_tumour",0.086
4.58866084512832e-55,0.272905035186498,0.136,0.062,1.14097051914116e-50,"ARFIP1","Higher_in_BRCA1_tumour",0.074
5.77516743355567e-104,0.272314077976139,0.249,0.109,1.43599538235362e-99,"MED29","Higher_in_BRCA1_tumour",0.14
2.24877710103158e-102,0.272051182489808,0.323,0.157,5.59158426171503e-98,"NOP16","Higher_in_BRCA1_tumour",0.166
1.32764577951575e-124,0.271981602805273,0.362,0.17,3.30119123076591e-120,"TMEM69","Higher_in_BRCA1_tumour",0.192
5.2833849555999e-107,0.271867463406851,0.24,0.102,1.31371366920992e-102,"AP4M1","Higher_in_BRCA1_tumour",0.138
6.97257426674796e-44,0.271810365339237,0.121,0.058,1.73373059142688e-39,"AC091271.1","Higher_in_BRCA1_tumour",0.063
6.51472251961506e-137,0.271705432231826,0.539,0.274,1.61988575450228e-132,"PHF20L1","Higher_in_BRCA1_tumour",0.265
3.80188787670839e-113,0.271510426149552,0.435,0.223,9.45339420543541e-109,"HTATIP2","Higher_in_BRCA1_tumour",0.212
3.79021993430355e-97,0.271227398962452,0.778,0.493,9.42438186664577e-93,"MRPS16","Higher_in_BRCA1_tumour",0.285
2.91211321496376e-101,0.270709441568189,0.813,0.524,7.24096950900739e-97,"SF3B2","Higher_in_BRCA1_tumour",0.289
2.88940459402033e-140,0.270696531273415,0.48,0.235,7.18450452303155e-136,"PRKCI","Higher_in_BRCA1_tumour",0.245
2.58029188734214e-84,0.270460936519584,0.225,0.104,6.41589577787622e-80,"PLEC","Higher_in_BRCA1_tumour",0.121
2.588298994036e-88,0.270030422136358,0.2,0.086,6.4358054486705e-84,"PNPLA2","Higher_in_BRCA1_tumour",0.114
5.0462657243917e-45,0.269758116293469,0.105,0.047,1.25475397237e-40,"IPO8","Higher_in_BRCA1_tumour",0.058
4.20039081326994e-126,0.269678800390826,0.467,0.234,1.04442717571957e-121,"ARF3","Higher_in_BRCA1_tumour",0.233
1.83191752808699e-93,0.269444819498861,0.235,0.106,4.5550629335883e-89,"KMT5B","Higher_in_BRCA1_tumour",0.129
5.716744235848e-126,0.269099882218819,0.448,0.223,1.42146845424361e-121,"DCAF10","Higher_in_BRCA1_tumour",0.225
2.21067089198505e-105,0.26906072216365,0.383,0.193,5.49683317292082e-101,"FKBP10","Higher_in_BRCA1_tumour",0.19
3.18121858591136e-120,0.269025802612622,0.651,0.362,7.91010001386859e-116,"RBM42","Higher_in_BRCA1_tumour",0.289
7.72740517256695e-68,0.268607053485972,0.175,0.08,1.92141929615877e-63,"GSTA4","Higher_in_BRCA1_tumour",0.095
7.92856088601426e-117,0.26852374665136,0.382,0.185,1.97143666430744e-112,"ZNF148","Higher_in_BRCA1_tumour",0.197
6.6056032646474e-136,0.268457295249955,0.467,0.227,1.64248325175458e-131,"KLHDC2","Higher_in_BRCA1_tumour",0.24
1.23034434746281e-98,0.268344723579152,0.712,0.433,3.05925121996628e-94,"MYDGF","Higher_in_BRCA1_tumour",0.279
9.89600018728772e-68,0.267987601554172,0.155,0.068,2.46064044656909e-63,"ERBIN","Higher_in_BRCA1_tumour",0.087
5.17655833783106e-72,0.267644513504058,0.147,0.061,1.28715123070169e-67,"NRDE2","Higher_in_BRCA1_tumour",0.086
4.20017758316404e-91,0.267585622047614,0.231,0.104,1.04437415605374e-86,"UBAP2L","Higher_in_BRCA1_tumour",0.127
2.25272636504261e-99,0.267534750766744,0.728,0.446,5.60140410667844e-95,"LMAN2","Higher_in_BRCA1_tumour",0.282
1.68675695629119e-103,0.267527758731236,0.633,0.368,4.19412117181803e-99,"NDUFA9","Higher_in_BRCA1_tumour",0.265
5.34009345667085e-65,0.266711286294016,0.129,0.053,1.32781423800121e-60,"DNAJC12","Higher_in_BRCA1_tumour",0.076
7.59519922118519e-90,0.264602850694322,0.231,0.104,1.8885462863477e-85,"ACAA1","Higher_in_BRCA1_tumour",0.127
2.36798335708097e-122,0.26424619784885,0.538,0.283,5.88799061738183e-118,"KLHDC3","Higher_in_BRCA1_tumour",0.255
2.47387328941664e-77,0.263291540796047,0.874,0.653,6.15128593413447e-73,"ACP1","Higher_in_BRCA1_tumour",0.221
5.72241331036026e-115,0.263214360153788,0.406,0.201,1.42287806962108e-110,"GNAI2","Higher_in_BRCA1_tumour",0.205
6.66907355341703e-92,0.262279162778627,0.858,0.608,1.65826513905714e-87,"ATF4","Higher_in_BRCA1_tumour",0.25
1.95709348115293e-26,0.262241397826749,0.175,0.111,4.86631294088676e-22,"CA9","Higher_in_BRCA1_tumour",0.064
7.19357270004114e-102,0.261679972702597,0.233,0.101,1.78868185186523e-97,"FAM189B","Higher_in_BRCA1_tumour",0.132
1.12677049408426e-68,0.261631284350149,0.159,0.07,2.80171483354051e-64,"CABIN1","Higher_in_BRCA1_tumour",0.089
2.7913631768495e-110,0.261429421839896,0.262,0.115,6.94072453923629e-106,"TTC9C","Higher_in_BRCA1_tumour",0.147
2.0838008171861e-45,0.260913868562924,0.104,0.046,5.18137073193323e-41,"TMEM177","Higher_in_BRCA1_tumour",0.058
3.61230553255436e-55,0.260533325087266,0.127,0.057,8.98199770669642e-51,"MB","Higher_in_BRCA1_tumour",0.07
1.4744068830284e-130,0.260463696127784,0.496,0.25,3.66611271465012e-126,"LRRC41","Higher_in_BRCA1_tumour",0.246
2.25897197999496e-89,0.260425582018108,0.193,0.082,5.61693382825747e-85,"NAB1","Higher_in_BRCA1_tumour",0.111
2.19373557116042e-114,0.259750016310814,0.66,0.377,5.45472349769039e-110,"U2SURP","Higher_in_BRCA1_tumour",0.283
1.6298593812138e-68,0.259555787728632,0.156,0.069,4.05264535138812e-64,"MAN1B1","Higher_in_BRCA1_tumour",0.087
5.76800013686722e-120,0.259303734950634,0.367,0.175,1.43421323403203e-115,"FBXO9","Higher_in_BRCA1_tumour",0.192
2.15195586570012e-85,0.258765104052585,0.763,0.488,5.35083826006335e-81,"VPS29","Higher_in_BRCA1_tumour",0.275
1.77849959653148e-117,0.258714657803613,0.368,0.177,4.42223924677554e-113,"CORO1B","Higher_in_BRCA1_tumour",0.191
1.86825282237342e-56,0.258526838210115,0.104,0.041,4.6454106428315e-52,"WDHD1","Higher_in_BRCA1_tumour",0.063
1.69767182007423e-81,0.258510773854017,0.237,0.114,4.22126098061458e-77,"NFE2L1","Higher_in_BRCA1_tumour",0.123
8.76960002857746e-82,0.257417767540819,0.808,0.537,2.18056104710578e-77,"KIF5B","Higher_in_BRCA1_tumour",0.271
1.35034195811773e-65,0.256973176557649,0.173,0.08,3.35762527885972e-61,"GLT8D1","Higher_in_BRCA1_tumour",0.093
9.74987369590534e-66,0.256437363202171,0.122,0.049,2.42430609448686e-61,"SND1-IT1","Higher_in_BRCA1_tumour",0.073
1.07858646214395e-69,0.255636947175602,0.162,0.072,2.68190523812092e-65,"CDK9","Higher_in_BRCA1_tumour",0.09
1.4038047623471e-109,0.255351023621529,0.678,0.395,3.49056054157605e-105,"RAB18","Higher_in_BRCA1_tumour",0.283
3.98275881609243e-113,0.255312264835443,0.269,0.117,9.90312979621384e-109,"C1orf109","Higher_in_BRCA1_tumour",0.152
2.47455026536332e-129,0.254539553611783,0.513,0.264,6.15296923482591e-125,"RSRP1","Higher_in_BRCA1_tumour",0.249
2.10560891307482e-130,0.254332640951037,0.344,0.155,5.23559656236055e-126,"DIS3","Higher_in_BRCA1_tumour",0.189
1.43392145191121e-105,0.253999790142514,0.267,0.12,3.56544569017722e-101,"WRNIP1","Higher_in_BRCA1_tumour",0.147
7.3054449723611e-87,0.253939607136012,0.292,0.145,1.81649889237759e-82,"MCRIP1","Higher_in_BRCA1_tumour",0.147
1.54220104621071e-120,0.253896181631048,0.444,0.222,3.83468290140292e-116,"TMEM87A","Higher_in_BRCA1_tumour",0.222
8.71010058843992e-113,0.252996894530126,0.352,0.169,2.16576651131559e-108,"ALKBH5","Higher_in_BRCA1_tumour",0.183
4.32091953496893e-71,0.252743609843536,0.179,0.082,1.07439664237002e-66,"TSR1","Higher_in_BRCA1_tumour",0.097
1.84829949595787e-87,0.251826160457158,0.243,0.114,4.59579669669924e-83,"AIDA","Higher_in_BRCA1_tumour",0.129
1.04194802119425e-88,0.251405352810533,0.21,0.092,2.59080375469951e-84,"DUSP14","Higher_in_BRCA1_tumour",0.118
3.52021929646637e-53,0.250292332732163,0.122,0.054,8.75302528066363e-49,"ANGEL2","Higher_in_BRCA1_tumour",0.068
8.33773712388384e-36,-0.250145252565651,0.417,0.26,2.07317833585372e-31,"SLC44A1","Higher_in_TotalCell",0.157
5.01196884750416e-29,-0.250435032326148,0.408,0.263,1.24622605393191e-24,"SUCLG2","Higher_in_TotalCell",0.145
1.02725320153103e-20,-0.250567082580615,0.959,0.895,2.55426508560691e-16,"TMA7","Higher_in_TotalCell",0.0639999999999999
3.24433396752621e-27,-0.25069582567901,0.159,0.095,8.06703641025392e-23,"C15orf40","Higher_in_TotalCell",0.064
3.96157880354926e-34,-0.250805831471865,0.204,0.12,9.85046569502523e-30,"KTI12","Higher_in_TotalCell",0.084
2.47166985166753e-16,-0.250894497919382,0.1,0.062,6.14580708617132e-12,"RNGTT","Higher_in_TotalCell",0.038
6.16878594349015e-27,-0.251798971025521,0.193,0.119,1.53386862484883e-22,"FAM20B","Higher_in_TotalCell",0.074
5.52962352680562e-32,-0.251968197812411,0.242,0.148,1.37494088994022e-27,"CCDC88A","Higher_in_TotalCell",0.094
1.66541911330273e-14,-0.252030154506573,0.585,0.401,4.14106462522724e-10,"MRPL32","Higher_in_TotalCell",0.184
4.40452405294132e-34,-0.252107224350456,0.284,0.175,1.09518490576386e-29,"CENPV","Higher_in_TotalCell",0.109
2.18281183927879e-17,-0.253217337491491,0.123,0.078,5.4275616383667e-13,"STARD3","Higher_in_TotalCell",0.045
4.30800762499264e-25,-0.253723949816542,0.497,0.324,1.07118609595442e-20,"PABPN1","Higher_in_TotalCell",0.173
1.11867505010394e-22,-0.254100803882926,0.146,0.09,2.78158551208344e-18,"ARFGEF1","Higher_in_TotalCell",0.056
1.32477830397511e-23,-0.254322209912763,0.208,0.133,3.29406125283411e-19,"CHPF","Higher_in_TotalCell",0.075
1.26718723927656e-38,-0.254376617701728,0.316,0.19,3.15086107046117e-34,"GFOD1","Higher_in_TotalCell",0.126
2.14554891072336e-29,-0.255562998034003,0.295,0.186,5.33490736651364e-25,"RRP36","Higher_in_TotalCell",0.109
1.75369795972507e-24,-0.256850126770734,0.434,0.286,4.36056997685639e-20,"LYRM2","Higher_in_TotalCell",0.148
9.81217484062496e-29,-0.257157461492638,0.176,0.105,2.4397972741214e-24,"YAE1D1","Higher_in_TotalCell",0.071
1.75604226341016e-28,-0.257222978437465,0.307,0.196,4.36639908796936e-24,"RRP15","Higher_in_TotalCell",0.111
4.39545788218634e-16,-0.259391368156706,0.172,0.117,1.09293060240563e-11,"TCF7L1","Higher_in_TotalCell",0.055
4.1497279116994e-28,-0.260179031708542,0.163,0.097,1.03182984524406e-23,"BICD2","Higher_in_TotalCell",0.066
1.75761475216112e-17,-0.260212291981408,0.118,0.074,4.37030908124864e-13,"FAM229B","Higher_in_TotalCell",0.044
1.59179383278172e-33,-0.260360070933384,0.316,0.196,3.95799536521173e-29,"CYB561","Higher_in_TotalCell",0.12
1.03607505847612e-23,-0.260550386516476,0.119,0.069,2.57620063290086e-19,"SOS2","Higher_in_TotalCell",0.05
1.36718476381345e-20,-0.260977287013366,0.48,0.318,3.39950491522214e-16,"UQCRC1","Higher_in_TotalCell",0.162
6.15014018650439e-23,-0.261044563909362,0.276,0.182,1.52923235737432e-18,"AKIRIN2","Higher_in_TotalCell",0.094
3.60163059764707e-22,-0.26178847672326,0.144,0.089,8.95545448104944e-18,"KDM5C","Higher_in_TotalCell",0.055
6.39641807886094e-23,-0.261821648673349,0.202,0.129,1.59046935530877e-18,"ME2","Higher_in_TotalCell",0.073
1.59556385576556e-23,-0.262108232153283,0.46,0.303,3.96736952736107e-19,"RAP1A","Higher_in_TotalCell",0.157
6.81867499170995e-35,-0.262114622022301,0.333,0.206,1.69546353668868e-30,"FLYWCH2","Higher_in_TotalCell",0.127
1.6039426435106e-37,-0.262826173572473,0.257,0.152,3.98820338308911e-33,"CNOT9","Higher_in_TotalCell",0.105
1.78838348594621e-40,-0.264280546914941,0.29,0.171,4.44681553780524e-36,"SSX2IP","Higher_in_TotalCell",0.119
1.10548795207069e-14,-0.264373517802401,0.587,0.401,2.74879579282376e-10,"MPHOSPH8","Higher_in_TotalCell",0.186
1.72545348956958e-31,-0.264419931039314,0.24,0.147,4.29034010181476e-27,"PLAA","Higher_in_TotalCell",0.093
5.65177570621153e-15,-0.264746531575235,0.109,0.07,1.4053140293495e-10,"P3H1","Higher_in_TotalCell",0.039
3.84749405768765e-27,-0.264764042285674,0.178,0.107,9.56679397444034e-23,"CEP95","Higher_in_TotalCell",0.071
4.91550352969941e-23,-0.264878066686358,0.174,0.109,1.22223995265976e-18,"STYX","Higher_in_TotalCell",0.065
3.22771950561555e-26,-0.265190643964088,0.305,0.197,8.02572455071307e-22,"FAM104A","Higher_in_TotalCell",0.108
1.03412859629944e-25,-0.26537243767751,0.458,0.3,2.57136075469857e-21,"PMF1","Higher_in_TotalCell",0.158
3.52508095292912e-09,-0.265484290507656,0.923,0.8,8.76511378945825e-05,"MGST1","Higher_in_TotalCell",0.123
3.70515629364858e-31,-0.266032706756782,0.193,0.115,9.21287112415718e-27,"ATXN3","Higher_in_TotalCell",0.078
9.04647606022482e-30,-0.26698704129944,0.396,0.252,2.2494062723749e-25,"ABT1","Higher_in_TotalCell",0.144
6.59956960900835e-08,-0.266989195559121,0.662,0.463,0.00164098298327993,"METTL9","Higher_in_TotalCell",0.199
6.71004457431922e-20,-0.267052903592985,0.148,0.093,1.66845258340447e-15,"GSKIP","Higher_in_TotalCell",0.055
2.8553480108137e-12,-0.268334516203207,0.552,0.386,7.09982282888825e-08,"MRPS10","Higher_in_TotalCell",0.166
1.44341466816953e-26,-0.268645152935443,0.311,0.2,3.58905057240353e-22,"STAP2","Higher_in_TotalCell",0.111
1.33424579396901e-28,-0.269153493579589,0.177,0.106,3.31760216670395e-24,"FBXO21","Higher_in_TotalCell",0.071
7.59269216207542e-28,-0.269383764656345,0.109,0.059,1.88792290610005e-23,"LINC01290","Higher_in_TotalCell",0.05
6.06027292368239e-34,-0.2706507860019,0.276,0.169,1.50688686247363e-29,"CCDC137","Higher_in_TotalCell",0.107
3.60254766961994e-18,-0.271077134860419,0.137,0.087,8.95773478050997e-14,"MAPK8","Higher_in_TotalCell",0.05
1.54898826800249e-18,-0.271479212594609,0.115,0.071,3.85155932838819e-14,"MED14","Higher_in_TotalCell",0.044
3.98908484275165e-24,-0.272226173539389,0.159,0.097,9.91885946150197e-20,"KYAT3","Higher_in_TotalCell",0.062
1.3202716359626e-19,-0.272458640828657,0.136,0.086,3.28285542282101e-15,"MASTL","Higher_in_TotalCell",0.05
2.87044783726603e-16,-0.27271258786625,0.118,0.075,7.13736854736199e-12,"AL441992.1","Higher_in_TotalCell",0.043
8.75263505906957e-29,-0.272728812401651,0.191,0.116,2.17634270743765e-24,"RASAL2","Higher_in_TotalCell",0.075
2.10474498471045e-34,-0.272845697461436,0.263,0.159,5.23344840448253e-30,"MED31","Higher_in_TotalCell",0.104
1.96244311610146e-27,-0.272983119412034,0.16,0.095,4.87961480818628e-23,"C11orf54","Higher_in_TotalCell",0.065
7.33070977269264e-27,-0.273141973634062,0.317,0.206,1.82278098498003e-22,"LDLR","Higher_in_TotalCell",0.111
2.27019191498098e-30,-0.273774527965904,0.26,0.162,5.64483219660019e-26,"WAPL","Higher_in_TotalCell",0.098
1.95734126568593e-24,-0.274808832904232,0.137,0.081,4.86692905712807e-20,"ZCCHC8","Higher_in_TotalCell",0.056
7.13874453298492e-24,-0.27487200049566,0.261,0.169,1.7750488281267e-19,"ATP2C1","Higher_in_TotalCell",0.092
8.36736741154239e-23,-0.275398831586779,0.304,0.201,2.08054590688002e-18,"ELOVL1","Higher_in_TotalCell",0.103
8.13782138804468e-08,-0.276183549376497,0.599,0.427,0.00202346928813731,"MRPL21","Higher_in_TotalCell",0.172
3.11000020812048e-26,-0.277895150946046,0.186,0.114,7.73301551749158e-22,"LRRC47","Higher_in_TotalCell",0.072
2.56148462460036e-18,-0.278049343399168,0.127,0.079,6.36913151906879e-14,"INTS13","Higher_in_TotalCell",0.048
6.33634825519356e-39,-0.278276484811226,0.961,0.905,1.57553299365388e-34,"PABPC1","Higher_in_TotalCell",0.0559999999999999
3.95858656063863e-29,-0.2784735157228,0.344,0.219,9.84302548302796e-25,"RNASEH2B","Higher_in_TotalCell",0.125
5.2115978364865e-18,-0.278656995239106,0.336,0.23,1.29586380204237e-13,"SSSCA1","Higher_in_TotalCell",0.106
1.20863596260934e-29,-0.279095076482399,0.182,0.109,3.00527332102812e-25,"ZBTB7B","Higher_in_TotalCell",0.073
2.43541329645016e-23,-0.279100821384135,0.378,0.252,6.05565516162333e-19,"TSEN15","Higher_in_TotalCell",0.126
1.1320667299169e-20,-0.279455596659627,0.413,0.277,2.81488392393838e-16,"POP4","Higher_in_TotalCell",0.136
8.93040401168785e-26,-0.279728449835047,0.155,0.093,2.22054495750619e-21,"UBQLN4","Higher_in_TotalCell",0.062
2.02959474841514e-34,-0.279737486746619,0.312,0.191,5.04658734193424e-30,"TTC32","Higher_in_TotalCell",0.121
4.10526856266662e-17,-0.279770080537124,0.275,0.192,1.02077502810705e-12,"KLF4","Higher_in_TotalCell",0.083
5.00704002658963e-19,-0.281181161073888,0.127,0.079,1.24500050261151e-14,"SDHAF4","Higher_in_TotalCell",0.048
5.47908881322748e-20,-0.282028885708145,0.455,0.306,1.36237543340901e-15,"COPS3","Higher_in_TotalCell",0.149
6.90635386852326e-156,-0.282592513242256,0.993,0.991,1.71726488940831e-151,"RPS21","Higher_in_TotalCell",0.002
3.27929491612295e-10,-0.28273108826927,0.214,0.157,8.15396680893971e-06,"SNHG9","Higher_in_TotalCell",0.057
4.1685990986432e-30,-0.282734866358748,0.163,0.095,1.03652216587763e-25,"LPCAT2","Higher_in_TotalCell",0.068
1.10260505740577e-19,-0.282805822147588,0.107,0.064,2.74162747523945e-15,"POLE2","Higher_in_TotalCell",0.043
7.06619778175467e-24,-0.28326302458869,0.192,0.121,1.7570100784333e-19,"RAC3","Higher_in_TotalCell",0.071
1.97151740369064e-11,-0.283662768553339,0.453,0.32,4.90217802427678e-07,"RNF114","Higher_in_TotalCell",0.133
4.17881769715642e-29,-0.2838888743934,0.31,0.196,1.03906302039794e-24,"TIMM8A","Higher_in_TotalCell",0.114
2.48259322849994e-18,-0.283931230089879,0.46,0.312,6.17296806266509e-14,"COMMD2","Higher_in_TotalCell",0.148
1.54385287331545e-22,-0.283971205657732,0.125,0.074,3.83879016949888e-18,"KBTBD3","Higher_in_TotalCell",0.051
5.42458626803162e-19,-0.283973482251211,0.145,0.093,1.34882337554606e-14,"SLC37A3","Higher_in_TotalCell",0.052
1.75057057492102e-26,-0.284531019755492,0.919,0.825,4.35279373454113e-22,"ARPC5","Higher_in_TotalCell",0.0940000000000001
1.38776869046362e-27,-0.285190911631531,0.295,0.189,3.45068684883779e-23,"SREK1IP1","Higher_in_TotalCell",0.106
1.00394166499637e-26,-0.285661533530408,0.285,0.183,2.49630095001348e-22,"APOPT1","Higher_in_TotalCell",0.102
1.10033510901064e-09,-0.286364909761757,0.535,0.377,2.73598324855495e-05,"NAXE","Higher_in_TotalCell",0.158
2.71798258234461e-18,-0.286414138856261,0.122,0.076,6.75826369099986e-14,"CPTP","Higher_in_TotalCell",0.046
3.18633819130791e-24,-0.286875548727953,0.333,0.22,7.92282991268711e-20,"RBBP6","Higher_in_TotalCell",0.113
7.0381214110723e-31,-0.287099555298701,0.153,0.087,1.75002888886313e-26,"GCFC2","Higher_in_TotalCell",0.066
7.44041861834056e-30,-0.287376899757891,0.267,0.167,1.85006008945038e-25,"TULP3","Higher_in_TotalCell",0.1
4.38803815023939e-30,-0.287571746336213,0.425,0.271,1.09108568605703e-25,"MTF2","Higher_in_TotalCell",0.154
1.79460870714893e-23,-0.288391291976781,0.146,0.089,4.4622945503258e-19,"RITA1","Higher_in_TotalCell",0.057
1.32572227240664e-19,-0.289671350524467,0.146,0.093,3.29640843033911e-15,"SRRD","Higher_in_TotalCell",0.053
1.12378659187999e-24,-0.289779661002599,0.165,0.101,2.7942953607096e-20,"PEX16","Higher_in_TotalCell",0.064
1.26122060651021e-24,-0.28980919800501,0.195,0.122,3.13602503808764e-20,"MAP7","Higher_in_TotalCell",0.073
4.52386150851742e-17,-0.289857164506796,0.163,0.108,1.12485816409286e-12,"SHC1","Higher_in_TotalCell",0.055
5.79840479995743e-35,-0.290349222930363,0.175,0.099,1.44177335350942e-30,"HMGN5","Higher_in_TotalCell",0.076
1.7226220753187e-17,-0.290514271110515,0.171,0.114,4.28329979027994e-13,"ZNF330","Higher_in_TotalCell",0.057
1.82348632622739e-13,-0.290877521608713,0.149,0.102,4.5340987501644e-09,"STX4","Higher_in_TotalCell",0.047
1.41943416774365e-19,-0.290975455465318,0.357,0.241,3.52942305809458e-15,"CCDC12","Higher_in_TotalCell",0.116
2.02990326893264e-17,-0.291453972277349,0.1,0.061,5.047354478201e-13,"METTL2B","Higher_in_TotalCell",0.039
3.26435375304964e-26,-0.291901695802824,0.362,0.236,8.11681560695793e-22,"C1orf52","Higher_in_TotalCell",0.126
4.66380272223956e-19,-0.291935007509222,0.487,0.33,1.15965454688487e-14,"WAC","Higher_in_TotalCell",0.157
4.69596554173131e-28,-0.292075649478446,0.201,0.123,1.16765183195149e-23,"ZMIZ1","Higher_in_TotalCell",0.078
1.44272981417002e-20,-0.292829602464999,0.412,0.276,3.58734768293375e-16,"WDR61","Higher_in_TotalCell",0.136
8.04198009317808e-20,-0.294200815209612,0.105,0.062,1.99963835016873e-15,"TFAP4","Higher_in_TotalCell",0.043
2.94809585875689e-21,-0.294205790911192,0.199,0.129,7.33044035279901e-17,"NUDCD1","Higher_in_TotalCell",0.07
3.37940731223742e-25,-0.294571560118179,0.306,0.199,8.40289628187836e-21,"TES","Higher_in_TotalCell",0.107
1.49311122895195e-25,-0.294597720230535,0.276,0.178,3.71262107078901e-21,"SRP68","Higher_in_TotalCell",0.098
8.64108018562756e-24,-0.295144497758153,0.146,0.089,2.14860458815629e-19,"PEX26","Higher_in_TotalCell",0.057
6.4637125579474e-229,-0.295488189936876,0.996,0.995,1.60720212753362e-224,"RPS28","Higher_in_TotalCell",0.001
1.56167937386304e-20,-0.29559051745695,0.134,0.083,3.88311576311045e-16,"BCR","Higher_in_TotalCell",0.051
4.09258111776091e-13,-0.295747440897682,0.916,0.873,1.01762029493125e-08,"JUN","Higher_in_TotalCell",0.043
3.39025732741777e-24,-0.295785125093425,0.17,0.105,8.42987484462427e-20,"TMC6","Higher_in_TotalCell",0.065
9.75856292007561e-24,-0.296200690248466,0.151,0.092,2.4264666700768e-19,"CSTF2","Higher_in_TotalCell",0.059
7.4105994562218e-31,-0.296414811172542,0.295,0.185,1.84264555478955e-26,"RARS2","Higher_in_TotalCell",0.11
1.07866450495245e-18,-0.296717493886544,0.466,0.313,2.68209929156426e-14,"RBMX2","Higher_in_TotalCell",0.153
9.02680042022401e-16,-0.296829008246797,0.483,0.329,2.2445139244887e-11,"PFDN6","Higher_in_TotalCell",0.154
4.51566283721172e-28,-0.297040842792068,0.252,0.159,1.12281956447269e-23,"ENDOV","Higher_in_TotalCell",0.093
1.49024809826566e-14,-0.29710492341739,0.127,0.084,3.70550189633757e-10,"CLUAP1","Higher_in_TotalCell",0.043
8.68257620659005e-31,-0.297498891465602,0.315,0.198,2.15892257376861e-26,"ADD3","Higher_in_TotalCell",0.117
5.85299267676494e-38,-0.297518245271491,0.193,0.109,1.4553466290776e-33,"NUDT19","Higher_in_TotalCell",0.084
8.37635465066047e-21,-0.297741314587218,0.231,0.152,2.08278058388673e-16,"UBE2F","Higher_in_TotalCell",0.079
4.76804256807206e-19,-0.297932405898391,0.343,0.233,1.18557378455112e-14,"TMX2","Higher_in_TotalCell",0.11
8.11814884369789e-32,-0.298957994493233,0.245,0.149,2.01857770998548e-27,"ATP6V0E2","Higher_in_TotalCell",0.096
1.7498278251376e-20,-0.299027334480066,0.155,0.098,4.35094688720464e-16,"TNFAIP1","Higher_in_TotalCell",0.057
6.4645180489744e-26,-0.299258028114271,0.341,0.22,1.60740241287749e-21,"ST20","Higher_in_TotalCell",0.121
5.86626866447943e-29,-0.299357285855798,0.437,0.282,1.45864770342281e-24,"FNDC3B","Higher_in_TotalCell",0.155
1.71596261777461e-25,-0.299472562246108,0.389,0.254,4.26674104909656e-21,"PYCR2","Higher_in_TotalCell",0.135
4.13511281628451e-09,-0.299510812270635,0.127,0.092,0.000102819580176914,"PSRC1","Higher_in_TotalCell",0.035
1.82695629502791e-07,-0.299738662604469,0.579,0.412,0.00454272682758689,"PSMC1","Higher_in_TotalCell",0.167
7.8664897281051e-08,-0.299887455635596,0.472,0.347,0.00195600267089333,"CDK2AP2","Higher_in_TotalCell",0.125
2.82072034659576e-22,-0.300674993371842,0.112,0.065,7.01372114181036e-18,"APTR","Higher_in_TotalCell",0.047
8.87537049335292e-20,-0.300932062046176,0.111,0.067,2.2068608731722e-15,"APOM","Higher_in_TotalCell",0.044
5.31092226905353e-19,-0.301790589839809,0.385,0.261,1.32056082220016e-14,"MED8","Higher_in_TotalCell",0.124
8.81374376566574e-72,-0.302999276921615,0.979,0.985,2.19153738733279e-67,"MT-ND2","Higher_in_TotalCell",-0.00600000000000001
2.83089047563379e-34,-0.303490573544789,0.14,0.076,7.03900916766341e-30,"DCAKD","Higher_in_TotalCell",0.064
5.09004490232171e-32,-0.303599759069596,0.207,0.125,1.26563966496229e-27,"PLOD1","Higher_in_TotalCell",0.082
3.4486059729212e-20,-0.303968794415041,0.11,0.066,8.57495875166857e-16,"RREB1","Higher_in_TotalCell",0.044
1.53117555518371e-21,-0.303968825674419,0.132,0.08,3.80726801796429e-17,"CAMKMT","Higher_in_TotalCell",0.052
5.12807882842409e-18,-0.304114424913142,0.305,0.21,1.27509680068765e-13,"KIF22","Higher_in_TotalCell",0.095
5.0804681690342e-15,-0.305345142671095,0.263,0.185,1.26325841023035e-10,"PLOD2","Higher_in_TotalCell",0.078
1.90859104695505e-20,-0.305670769377287,0.134,0.083,4.74571163825373e-16,"CYBRD1","Higher_in_TotalCell",0.051
1.09466274011749e-07,-0.305999057418323,0.83,0.685,0.00272187890330214,"TALDO1","Higher_in_TotalCell",0.145
1.3999292359093e-22,-0.306084731935483,0.126,0.075,3.48092404508849e-18,"AP006621.3","Higher_in_TotalCell",0.051
4.51252395231557e-19,-0.306156179957825,0.136,0.086,1.12203908074327e-14,"TMUB2","Higher_in_TotalCell",0.05
3.69055953340633e-25,-0.306216893235753,0.161,0.097,9.17657627981484e-21,"LRRC8D","Higher_in_TotalCell",0.064
4.34598886210191e-21,-0.306237749577368,0.212,0.138,1.08063013056164e-16,"CMTM7","Higher_in_TotalCell",0.074
2.55344349526607e-22,-0.306639967112898,0.172,0.108,6.34913725097908e-18,"ELK4","Higher_in_TotalCell",0.064
6.28247030252085e-27,-0.307057535554854,0.143,0.083,1.56213624072181e-22,"AL392172.1","Higher_in_TotalCell",0.06
4.98611010175087e-30,-0.30737579625806,0.185,0.11,1.23979627680035e-25,"LINC01003","Higher_in_TotalCell",0.075
3.74177727160755e-29,-0.307724615349717,0.27,0.169,9.30392918585217e-25,"ABHD14B","Higher_in_TotalCell",0.101
1.81318680198415e-17,-0.307958560536168,0.102,0.063,4.5084889831336e-13,"RABL3","Higher_in_TotalCell",0.039
5.79377174957432e-17,-0.308422403052112,0.397,0.272,1.44062134553165e-12,"ZBTB8OS","Higher_in_TotalCell",0.125
2.78996733432415e-28,-0.308578258469486,0.13,0.073,6.937253776797e-24,"VSIG10","Higher_in_TotalCell",0.057
3.3708765989034e-199,-0.309259556169418,0.997,0.999,8.38168466317332e-195,"RPS2","Higher_in_TotalCell",-0.002
4.12143271832725e-22,-0.309264469591943,0.16,0.1,1.02479424541207e-17,"UXS1","Higher_in_TotalCell",0.06
4.27794407441328e-11,-0.309274884198959,0.115,0.079,1.06371079410286e-06,"RLIM","Higher_in_TotalCell",0.036
8.15249278452377e-23,-0.309418663712556,0.189,0.12,2.02711733087183e-18,"CLPX","Higher_in_TotalCell",0.069
4.99991243852612e-24,-0.309957691628058,0.273,0.178,1.24322822783952e-19,"TMEM30A","Higher_in_TotalCell",0.095
7.92364401597847e-21,-0.309987339080364,0.23,0.152,1.97021408457305e-16,"ESF1","Higher_in_TotalCell",0.078
2.52398281738365e-17,-0.310109391964075,0.364,0.249,6.27588327542443e-13,"C9orf78","Higher_in_TotalCell",0.115
1.2165673685746e-23,-0.31135600705878,0.162,0.1,3.02499476196074e-19,"ARL5A","Higher_in_TotalCell",0.062
4.49178021109137e-17,-0.311945783627035,0.409,0.28,1.11688114948787e-12,"PPCS","Higher_in_TotalCell",0.129
2.99681616378423e-25,-0.311987951501254,0.133,0.078,7.45158339124949e-21,"TEAD3","Higher_in_TotalCell",0.055
2.36914986000342e-25,-0.312032857280481,0.314,0.204,5.89089112689851e-21,"NSFL1C","Higher_in_TotalCell",0.11
2.58934878522766e-09,-0.312069189638049,0.507,0.362,6.43841575446857e-05,"NDFIP1","Higher_in_TotalCell",0.145
1.50253649404381e-28,-0.312823470909774,0.264,0.165,3.73605699243992e-24,"RELA","Higher_in_TotalCell",0.099
4.30224468138695e-11,-0.313008920812601,0.827,0.676,1.06975314002686e-06,"VAPA","Higher_in_TotalCell",0.151
5.91789467881332e-13,-0.314274378189977,0.141,0.098,1.47148451188693e-08,"AQP5","Higher_in_TotalCell",0.043
3.16599918698615e-14,-0.314510440379375,0.162,0.111,7.87225697844106e-10,"IPO7","Higher_in_TotalCell",0.051
1.39844923425118e-17,-0.315289060169448,0.123,0.077,3.47724402096557e-13,"SNX24","Higher_in_TotalCell",0.046
5.53693802179771e-17,-0.315926912096974,0.449,0.306,1.37675963912e-12,"PPP1R7","Higher_in_TotalCell",0.143
1.24312551248107e-21,-0.316437835860627,0.178,0.113,3.09103158678419e-17,"CEP63","Higher_in_TotalCell",0.065
1.29403405947448e-20,-0.316499846546898,0.282,0.187,3.2176156888833e-16,"TRAF7","Higher_in_TotalCell",0.095
7.94531611819531e-24,-0.317334922212436,0.251,0.163,1.97560285278926e-19,"HUWE1","Higher_in_TotalCell",0.088
8.46756171563017e-20,-0.317435320108618,0.1,0.059,2.10545922059144e-15,"CNPY4","Higher_in_TotalCell",0.041
9.03692442763019e-18,-0.317988680721933,0.327,0.225,2.24703125893025e-13,"ILVBL","Higher_in_TotalCell",0.102
1.3249607938309e-19,-0.318522521653676,0.19,0.124,3.29451501386053e-15,"MRPL1","Higher_in_TotalCell",0.066
1.94920129215999e-19,-0.318993795076847,0.398,0.269,4.84668901295581e-15,"THAP7","Higher_in_TotalCell",0.129
1.06424395030009e-18,-0.319191985988896,0.416,0.283,2.64624258242118e-14,"ZNF24","Higher_in_TotalCell",0.133
5.63599685086111e-194,-0.319721034403291,0.959,0.952,1.40139061696661e-189,"NEAT1","Higher_in_TotalCell",0.00700000000000001
4.88294210880465e-26,-0.320250518177111,0.295,0.19,1.21414355535428e-21,"ATF6","Higher_in_TotalCell",0.105
4.19814891372428e-23,-0.320425727085232,0.278,0.183,1.04386972739754e-18,"ZFAND3","Higher_in_TotalCell",0.095
6.96012959017651e-13,-0.320583897886941,0.113,0.075,1.73063622259739e-08,"KBTBD2","Higher_in_TotalCell",0.038
4.08478925574947e-25,-0.32169553439246,0.408,0.267,1.01568284844211e-20,"BAZ1B","Higher_in_TotalCell",0.141
1.46735537209687e-23,-0.322479011021437,0.279,0.182,3.64857913271886e-19,"TMEM203","Higher_in_TotalCell",0.097
3.35271674555671e-23,-0.322730198039386,0.24,0.155,8.33653018782675e-19,"AZI2","Higher_in_TotalCell",0.085
5.49395546538354e-26,-0.323188434852919,0.17,0.103,1.36607202646762e-21,"POLR2D","Higher_in_TotalCell",0.067
7.12510186231549e-21,-0.32352420262281,0.348,0.232,1.77165657806475e-16,"DNAJC2","Higher_in_TotalCell",0.116
8.56739231287937e-22,-0.323675609027942,0.125,0.075,2.13028209859746e-17,"ADO","Higher_in_TotalCell",0.05
3.77756090891815e-21,-0.324122150931933,0.173,0.11,9.39290520002499e-17,"CREBZF","Higher_in_TotalCell",0.063
2.52029013323187e-23,-0.324785628449263,0.226,0.146,6.26670141628103e-19,"THUMPD1","Higher_in_TotalCell",0.08
1.51622234893138e-21,-0.324997395910033,0.163,0.103,3.77008687061788e-17,"EHBP1","Higher_in_TotalCell",0.06
2.07602981082198e-18,-0.325220054816723,0.1,0.06,5.16204812460886e-14,"MNT","Higher_in_TotalCell",0.04
1.74056731398258e-07,-0.325224891571739,0.799,0.655,0.00432792062621769,"LSM2","Higher_in_TotalCell",0.144
8.83268924488397e-16,-0.32593669206795,0.159,0.107,2.1962481807404e-11,"DHX30","Higher_in_TotalCell",0.052
2.88106639310354e-86,-0.326146457450161,0.52,0.286,7.16377158645195e-82,"TRPS1","Higher_in_TotalCell",0.234
5.83003865627568e-23,-0.326303893141234,0.129,0.077,1.44963911188295e-18,"WNT2B","Higher_in_TotalCell",0.052
2.907197546133e-08,-0.326513816517489,0.135,0.1,0.00072287466984597,"KNSTRN","Higher_in_TotalCell",0.035
0,-0.327786579400668,0.967,0.985,0,"MT-ATP6","Higher_in_TotalCell",-0.018
1.30509017120963e-15,-0.328858362679788,0.832,0.701,3.24510671071275e-11,"SNX3","Higher_in_TotalCell",0.131
1.87537251455979e-21,-0.328873828069441,0.17,0.108,4.66311375745293e-17,"GALNT2","Higher_in_TotalCell",0.062
2.10153536561142e-23,-0.329270568675608,0.217,0.139,5.22546768659279e-19,"FAM122A","Higher_in_TotalCell",0.078
6.60498957673949e-24,-0.329296930297222,0.315,0.206,1.64233065825627e-19,"DUSP11","Higher_in_TotalCell",0.109
4.67567631845896e-12,-0.329453410892747,0.126,0.086,1.16260691658482e-07,"KCNN4","Higher_in_TotalCell",0.04
1.95350759301151e-16,-0.329602224362197,0.125,0.081,4.85739663002312e-12,"ATXN2L","Higher_in_TotalCell",0.044
5.19156111728817e-08,-0.32989964415126,0.472,0.344,0.0012908816718137,"OPTN","Higher_in_TotalCell",0.128
2.58183410246308e-22,-0.330071525903323,0.336,0.222,6.41973049577444e-18,"NIPA2","Higher_in_TotalCell",0.114
9.23556905102499e-20,-0.330358867701934,0.117,0.071,2.29642424453736e-15,"SLC5A1","Higher_in_TotalCell",0.046
2.49351950410832e-32,-0.330419676946853,0.271,0.167,6.20013624696534e-28,"KLHL23","Higher_in_TotalCell",0.104
2.06988393799342e-15,-0.330610796311706,0.103,0.065,5.14676641182064e-11,"TMEM115","Higher_in_TotalCell",0.038
1.4734849945967e-16,-0.332086957391224,0.408,0.279,3.6638204390647e-12,"EMC7","Higher_in_TotalCell",0.129
2.39984973440054e-14,-0.332333972754129,0.343,0.242,5.96722636458695e-10,"SLC35E1","Higher_in_TotalCell",0.101
4.31430674658726e-24,-0.332811505369019,0.142,0.085,1.07275237253892e-19,"CHD3","Higher_in_TotalCell",0.057
1.0862000207826e-27,-0.333032175282752,0.242,0.152,2.70083635167594e-23,"SENP2","Higher_in_TotalCell",0.09
1.79373078062369e-06,-0.33328026938354,0.579,0.414,0.044601115860208,"VPS35","Higher_in_TotalCell",0.165
8.60549350784589e-14,-0.334022321557276,0.123,0.081,2.13975596072588e-09,"SHROOM3","Higher_in_TotalCell",0.042
2.80098652911721e-16,-0.334370883795472,0.156,0.103,6.96465300464995e-12,"STEAP3","Higher_in_TotalCell",0.053
1.1267466140963e-11,-0.334689734962542,0.121,0.083,2.80165545595045e-07,"COMMD9","Higher_in_TotalCell",0.038
9.69424804762596e-25,-0.335023982866576,0.207,0.13,2.41047477704219e-20,"STX16","Higher_in_TotalCell",0.077
5.94572366344327e-23,-0.33553141943608,0.346,0.227,1.47840418891517e-18,"C1orf131","Higher_in_TotalCell",0.119
2.85288081738757e-19,-0.335639662441387,0.875,0.742,7.09368815243419e-15,"C12orf57","Higher_in_TotalCell",0.133
6.37805979736209e-20,-0.335906726671427,0.279,0.187,1.58590456861408e-15,"TAF9","Higher_in_TotalCell",0.092
2.52934197811929e-18,-0.336855860652308,0.193,0.129,6.28920882859362e-14,"EGLN1","Higher_in_TotalCell",0.064
8.88013486744918e-12,-0.337071495355258,0.118,0.081,2.20804553479124e-07,"XPNPEP3","Higher_in_TotalCell",0.037
1.11037360563283e-19,-0.33718551965564,0.179,0.116,2.76094397040604e-15,"PDK3","Higher_in_TotalCell",0.063
4.70858976078608e-22,-0.338516540523705,0.224,0.146,1.17079084401946e-17,"CHID1","Higher_in_TotalCell",0.078
7.10137743730623e-93,-0.338579905662365,0.97,0.941,1.76575749978619e-88,"SEC61G","Higher_in_TotalCell",0.029
8.94014140424076e-19,-0.338663652366077,0.136,0.086,2.22296616016446e-14,"SLC25A19","Higher_in_TotalCell",0.05
2.11350342666786e-26,-0.339000115405,0.335,0.217,5.25522627040964e-22,"KMT2C","Higher_in_TotalCell",0.118
1.36677085018558e-21,-0.33923692150006,0.171,0.109,3.39847571898645e-17,"BAG2","Higher_in_TotalCell",0.062
2.01627774591329e-26,-0.340466578443443,0.18,0.109,5.01347461521339e-22,"OVOL2","Higher_in_TotalCell",0.071
1.00924123047958e-19,-0.34061592327327,0.401,0.27,2.50947831958747e-15,"PPP2R2A","Higher_in_TotalCell",0.131
6.75565666173836e-17,-0.341189215108365,0.337,0.232,1.67979402894124e-12,"NQO2","Higher_in_TotalCell",0.105
1.1961086158677e-13,-0.341555129064695,0.127,0.085,2.97412407335505e-09,"KLHDC4","Higher_in_TotalCell",0.042
8.07765122374669e-14,-0.341984538126263,0.166,0.114,2.00850797678461e-09,"PPP1R13L","Higher_in_TotalCell",0.052
9.9920943921366e-21,-0.34305849100411,0.153,0.096,2.48453427060477e-16,"DCAF8","Higher_in_TotalCell",0.057
4.61287356877343e-14,-0.343454641961534,0.116,0.077,1.14699101287551e-09,"RNF14","Higher_in_TotalCell",0.039
1.09649126973284e-19,-0.343465203125579,0.206,0.135,2.7264255421907e-15,"SUCLA2","Higher_in_TotalCell",0.071
1.96808002770563e-29,-0.34476480115552,0.362,0.232,4.89363098889005e-25,"CD109","Higher_in_TotalCell",0.13
1.07808460876564e-20,-0.345823502485521,0.281,0.187,2.68065737969577e-16,"COP1","Higher_in_TotalCell",0.094
2.24151466957922e-17,-0.346674604439101,0.338,0.233,5.57352622590873e-13,"RIOK3","Higher_in_TotalCell",0.105
1.33952201296938e-24,-0.346869123856654,0.345,0.225,3.33072148524836e-20,"ABI1","Higher_in_TotalCell",0.12
4.89676445391185e-25,-0.346974015243867,0.332,0.215,1.21758048146518e-20,"ACOT13","Higher_in_TotalCell",0.117
5.7833521986585e-10,-0.347016395899012,0.494,0.349,1.43803052419644e-05,"CCDC47","Higher_in_TotalCell",0.145
1.12803644390774e-15,-0.347714729077368,0.205,0.141,2.80486261777661e-11,"CDC45","Higher_in_TotalCell",0.064
4.51754342653543e-24,-0.34798502643405,0.315,0.205,1.12328717300804e-19,"TEX264","Higher_in_TotalCell",0.11
4.89179237308583e-19,-0.348352822122697,0.127,0.079,1.21634417356779e-14,"NECAP1","Higher_in_TotalCell",0.048
1.11036679959267e-13,-0.348680791069393,0.122,0.081,2.76092704718718e-09,"PTPRA","Higher_in_TotalCell",0.041
2.17819648414735e-13,-0.348789336994822,0.111,0.073,5.41608555783238e-09,"ZFHX3","Higher_in_TotalCell",0.038
3.19856986223957e-21,-0.349525281463893,0.287,0.191,7.95324396245869e-17,"DERL2","Higher_in_TotalCell",0.096
2.51872347397088e-18,-0.349964128661847,0.168,0.11,6.26280591802859e-14,"PM20D2","Higher_in_TotalCell",0.058
1.29340519890261e-19,-0.35060213104785,0.133,0.083,3.21605202707133e-15,"CTDSP1","Higher_in_TotalCell",0.05
4.01480809113431e-23,-0.350844819496233,0.18,0.113,9.98282031860547e-19,"R3HCC1","Higher_in_TotalCell",0.067
3.83901904721391e-09,-0.350978624462582,0.477,0.341,9.5457208608974e-05,"RRP1","Higher_in_TotalCell",0.136
1.57451156404029e-43,-0.352290308262756,0.37,0.225,3.91502300398619e-39,"TSC22D3","Higher_in_TotalCell",0.145
2.01268057955516e-26,-0.353166739624978,0.442,0.288,5.00453026106391e-22,"CCDC34","Higher_in_TotalCell",0.154
8.7944859233954e-16,-0.353349444854897,0.327,0.226,2.18674892485226e-11,"DHRS4L2","Higher_in_TotalCell",0.101
2.94221066310553e-16,-0.353455804213886,0.157,0.104,7.31580681381191e-12,"SNAP23","Higher_in_TotalCell",0.053
3.11762572565858e-27,-0.353855932655557,0.889,0.794,7.75197636685006e-23,"LAGE3","Higher_in_TotalCell",0.095
1.20135815326038e-18,-0.354371700485932,0.123,0.076,2.98717704808194e-14,"RNASEH1-AS1","Higher_in_TotalCell",0.047
1.06748472446595e-19,-0.354932085322024,0.111,0.067,2.65430076738458e-15,"TRMT10A","Higher_in_TotalCell",0.044
3.0768246883132e-24,-0.35589175872309,0.301,0.196,7.65052458749077e-20,"MFAP1","Higher_in_TotalCell",0.105
6.46224332080494e-16,-0.356420356370453,0.281,0.194,1.60683680171815e-11,"TMEM18","Higher_in_TotalCell",0.087
6.46861655908674e-23,-0.356779122177045,0.176,0.111,1.60842150741692e-18,"MTA1","Higher_in_TotalCell",0.065
9.41997170178935e-15,-0.35741722092662,0.115,0.075,2.34227596364992e-10,"RNF4","Higher_in_TotalCell",0.04
1.42417843810229e-22,-0.357994695868988,0.305,0.2,3.54121968634135e-18,"RNF139","Higher_in_TotalCell",0.105
4.86982780479236e-24,-0.358567270548668,0.257,0.165,1.21088268366162e-19,"STK4","Higher_in_TotalCell",0.092
4.93914170034081e-17,-0.359013223392113,0.121,0.076,1.22811758378974e-12,"NFS1","Higher_in_TotalCell",0.045
1.76960503230613e-18,-0.359282845184966,0.129,0.081,4.40012291282918e-14,"NUP153","Higher_in_TotalCell",0.048
3.97945210062998e-11,-0.359312387701968,0.142,0.1,9.89490764821644e-07,"C19orf25","Higher_in_TotalCell",0.042
3.25157978757783e-07,-0.360173575422575,0.49,0.355,0.00808505314181227,"COPA","Higher_in_TotalCell",0.135
2.79386935104363e-34,-0.360374216801686,0.217,0.127,6.94695614136998e-30,"ITPR3","Higher_in_TotalCell",0.09
6.98618420270622e-17,-0.361361890112108,0.138,0.089,1.7371147020029e-12,"TXNL4B","Higher_in_TotalCell",0.049
2.33707387868538e-14,-0.362040635498187,0.282,0.198,5.8111341993512e-10,"YAP1","Higher_in_TotalCell",0.084
4.72826694925548e-18,-0.36219379351048,0.107,0.065,1.17568357693237e-13,"RALGDS","Higher_in_TotalCell",0.042
1.9200695848694e-15,-0.362416085078102,0.101,0.063,4.77425302277776e-11,"POGLUT1","Higher_in_TotalCell",0.038
2.90113866906401e-22,-0.362878610946105,0.178,0.112,7.21368130062767e-18,"HTRA2","Higher_in_TotalCell",0.066
7.20732513390804e-29,-0.363389504204931,0.867,0.755,1.79210139454624e-24,"FUS","Higher_in_TotalCell",0.112
1.49212539204666e-17,-0.363506153670069,0.221,0.149,3.71016978732401e-13,"DCAF12","Higher_in_TotalCell",0.072
4.47543513153208e-17,-0.363594184889337,0.188,0.127,1.11281694545545e-12,"WDR82","Higher_in_TotalCell",0.061
4.13567887950712e-80,-0.364507927682309,0.484,0.586,1.02833655338945e-75,"MMP7","Higher_in_TotalCell",-0.102
4.56264411791684e-25,-0.364841497442608,0.346,0.226,1.13450145992002e-20,"TOR1AIP2","Higher_in_TotalCell",0.12
3.88654952913169e-15,-0.367069173293378,0.172,0.117,9.66390540418596e-11,"TRIM11","Higher_in_TotalCell",0.055
1.88115990391066e-16,-0.367239386404634,0.146,0.096,4.67750410107386e-12,"PQLC3","Higher_in_TotalCell",0.05
2.45787034050814e-12,-0.367280597882418,0.439,0.306,6.11149460167349e-08,"PMVK","Higher_in_TotalCell",0.133
7.25061062184908e-15,-0.367782842128479,0.373,0.262,1.80286433112277e-10,"GALNT3","Higher_in_TotalCell",0.111
6.18885807386135e-18,-0.368855686679481,0.42,0.285,1.53885956006562e-13,"MRPL48","Higher_in_TotalCell",0.135
2.89984433967248e-19,-0.369156381146419,0.175,0.114,7.21046295059562e-15,"MOGS","Higher_in_TotalCell",0.061
2.20189858227985e-14,-0.369504968759669,0.351,0.246,5.47502082483884e-10,"PEX2","Higher_in_TotalCell",0.105
2.40266501439558e-21,-0.371424460763267,0.326,0.217,5.97422655829461e-17,"DDX42","Higher_in_TotalCell",0.109
2.9450762060232e-17,-0.372714815183793,0.352,0.24,7.3229319862767e-13,"OSER1","Higher_in_TotalCell",0.112
1.00015900758002e-21,-0.37277618869709,0.249,0.164,2.48689537234772e-17,"UACA","Higher_in_TotalCell",0.085
6.47915951613604e-11,-0.373489393556918,0.451,0.318,1.61104301368723e-06,"SNX6","Higher_in_TotalCell",0.133
1.3884212685866e-14,-0.374701010707054,0.136,0.091,3.45230948434058e-10,"AGO1","Higher_in_TotalCell",0.045
1.09747255410991e-07,-0.375352879876982,0.749,0.605,0.00272886550579429,"CAP1","Higher_in_TotalCell",0.144
3.57120410376296e-18,-0.375374239208621,0.179,0.118,8.87979900400659e-14,"MBIP","Higher_in_TotalCell",0.061
5.51023695735794e-14,-0.375728218298732,0.155,0.105,1.37012041944705e-09,"NELFB","Higher_in_TotalCell",0.05
3.14821199776789e-18,-0.376820151690436,0.364,0.246,7.82802913244985e-14,"PNPLA4","Higher_in_TotalCell",0.118
1.21082534291429e-25,-0.37710140123581,0.4,0.26,3.01071721515639e-21,"SUMF2","Higher_in_TotalCell",0.14
2.62946703645687e-23,-0.377102678854797,0.199,0.126,6.53816978615e-19,"CYFIP1","Higher_in_TotalCell",0.073
1.00079207531347e-10,-0.377129905566815,0.119,0.083,2.48846949526694e-06,"XPO7","Higher_in_TotalCell",0.036
4.82388723787915e-17,-0.377510457102371,0.1,0.061,1.19945956169865e-12,"PAAF1","Higher_in_TotalCell",0.039
3.96595591335302e-13,-0.378027992982044,0.383,0.27,9.86134937855229e-09,"SRPRB","Higher_in_TotalCell",0.113
1.10398312332872e-24,-0.378236168852411,0.146,0.088,2.74505403615687e-20,"DDAH1","Higher_in_TotalCell",0.058
7.03027898976454e-20,-0.378378560252715,0.381,0.254,1.74807887080495e-15,"TWISTNB","Higher_in_TotalCell",0.127
7.58106793052773e-59,-0.379572488170376,0.066,0.154,1.88503254092572e-54,"BIRC3","Higher_in_TotalCell",-0.088
9.24555455029973e-08,-0.379665943660131,0.494,0.354,0.00229890713893203,"ASPH","Higher_in_TotalCell",0.14
1.16026736743789e-07,-0.379797541663129,0.471,0.341,0.00288500480913432,"IMPDH2","Higher_in_TotalCell",0.13
3.80864198147711e-25,-0.380037797596594,0.356,0.232,9.47018828694284e-21,"SRSF6","Higher_in_TotalCell",0.124
2.7061199834311e-16,-0.380794722323967,0.219,0.149,6.72876733880143e-12,"SLC50A1","Higher_in_TotalCell",0.07
2.48886990626451e-11,-0.381794724599013,0.752,0.614,6.18857502192671e-07,"PRRC2C","Higher_in_TotalCell",0.138
8.83109719243286e-22,-0.381875843029995,0.845,0.712,2.19585231689843e-17,"VAMP8","Higher_in_TotalCell",0.133
1.80616153419633e-21,-0.382377644860457,0.111,0.065,4.49102065477918e-17,"ING3","Higher_in_TotalCell",0.046
3.55651576058055e-12,-0.382688448061174,0.153,0.107,8.84327643868353e-08,"DCUN1D4","Higher_in_TotalCell",0.046
1.39790965802411e-16,-0.383207147351888,0.341,0.233,3.47590236467695e-12,"COMMD4","Higher_in_TotalCell",0.108
1.86497285079779e-07,-0.383298369235523,0.235,0.179,0.00463725499350871,"PSME4","Higher_in_TotalCell",0.056
4.06352913417632e-12,-0.384225546137807,0.37,0.261,1.01039651921294e-07,"IMMT","Higher_in_TotalCell",0.109
5.91371627267848e-17,-0.386353402910254,0.218,0.148,1.4704455512015e-12,"SECISBP2","Higher_in_TotalCell",0.07
3.90355271125877e-10,-0.386468007374752,0.104,0.072,9.70618381654493e-06,"OBSL1","Higher_in_TotalCell",0.032
2.49684257430033e-17,-0.386952823304182,0.383,0.261,6.20839906099776e-13,"RNF11","Higher_in_TotalCell",0.122
3.51787571138577e-18,-0.387287487652559,0.401,0.268,8.74719795636072e-14,"TIMM10","Higher_in_TotalCell",0.133
2.27456777729326e-12,-0.388776694130064,0.12,0.081,5.6557127782397e-08,"THOC5","Higher_in_TotalCell",0.039
1.92986674172718e-14,-0.38894863030012,0.185,0.127,4.79861365330464e-10,"ERGIC1","Higher_in_TotalCell",0.058
1.02166199199285e-13,-0.389062375412225,0.164,0.113,2.54036254309022e-09,"MYLIP","Higher_in_TotalCell",0.051
5.10769907423702e-17,-0.390811198023901,0.269,0.183,1.27002937480904e-12,"ATP6V0D1","Higher_in_TotalCell",0.086
3.57273757923179e-13,-0.391501057778421,0.124,0.083,8.88361199075984e-09,"SPSB1","Higher_in_TotalCell",0.041
4.64150552685905e-15,-0.39300736620447,0.192,0.131,1.1541103492535e-10,"NNT-AS1","Higher_in_TotalCell",0.061
9.16754287045175e-07,-0.393144029470241,0.749,0.593,0.0227950953473783,"MPLKIP","Higher_in_TotalCell",0.156
4.23556496477649e-13,-0.393417521991426,0.143,0.098,1.05317322849168e-08,"TM9SF4","Higher_in_TotalCell",0.045
3.89267626553181e-22,-0.393668523907512,0.427,0.28,9.67913953424484e-18,"STAG2","Higher_in_TotalCell",0.147
1.32721097633381e-13,-0.394357612420728,0.138,0.093,3.30011009265401e-09,"C18orf25","Higher_in_TotalCell",0.045
4.30295311693115e-27,-0.394839794567766,0.826,0.697,1.06992929252493e-22,"BTF3L4","Higher_in_TotalCell",0.129
3.23314070801654e-10,-0.394899411790272,0.353,0.255,8.03920437048313e-06,"PITHD1","Higher_in_TotalCell",0.098
2.85860979143931e-20,-0.394997669446636,0.156,0.098,7.10793324641384e-16,"MICA","Higher_in_TotalCell",0.058
1.04387341501902e-14,-0.395868795535893,0.19,0.131,2.5955912464448e-10,"CNN2","Higher_in_TotalCell",0.059
4.07705900746216e-14,-0.396633306710509,0.142,0.096,1.01376072220547e-09,"LASP1","Higher_in_TotalCell",0.046
3.30983765056243e-20,-0.396683169354066,0.252,0.167,8.22991131812347e-16,"DVL3","Higher_in_TotalCell",0.085
1.4773836305279e-12,-0.396800743476533,0.423,0.294,3.67351439730762e-08,"PABPC4","Higher_in_TotalCell",0.129
6.75773524621843e-15,-0.397306171751764,0.28,0.194,1.68031086897221e-10,"HDGFL2","Higher_in_TotalCell",0.086
7.69806166371396e-16,-0.398088206371135,0.358,0.247,1.91412303268248e-11,"SUDS3","Higher_in_TotalCell",0.111
1.46145441607796e-112,-0.398106519065497,0.985,0.973,3.63390640557786e-108,"CALM2","Higher_in_TotalCell",0.012
4.96917996215352e-09,-0.398579846212775,0.343,0.252,0.000123558659758947,"LRRFIP2","Higher_in_TotalCell",0.091
1.49609055322953e-17,-0.39865061464049,0.138,0.088,3.72002916060522e-13,"C11orf68","Higher_in_TotalCell",0.05
3.24509401351068e-13,-0.39917347421069,0.105,0.069,8.0689262645943e-09,"QRSL1","Higher_in_TotalCell",0.036
3.77240113015967e-16,-0.399467718869609,0.15,0.099,9.38007541014203e-12,"TTC17","Higher_in_TotalCell",0.051
9.85601091015264e-12,-0.399844771208576,0.241,0.172,2.45069711280945e-07,"MGAT1","Higher_in_TotalCell",0.069
1.64559097137969e-09,-0.400540748876958,0.367,0.265,4.09176195033559e-05,"STARD7","Higher_in_TotalCell",0.102
9.16196389467888e-17,-0.401532926570516,0.263,0.179,2.2781223224119e-12,"VAPB","Higher_in_TotalCell",0.084
9.73808721635454e-07,-0.4018966126155,0.262,0.203,0.0242137538634656,"GPSM2","Higher_in_TotalCell",0.059
5.18553217191765e-23,-0.402279775632167,0.238,0.153,1.28938257454732e-18,"SRRT","Higher_in_TotalCell",0.085
3.4566947253643e-41,-0.406283222271103,0.839,0.735,8.59507143461834e-37,"NENF","Higher_in_TotalCell",0.104
6.91581770027009e-22,-0.406290169096215,0.824,0.681,1.71961807117216e-17,"NDUFB11","Higher_in_TotalCell",0.143
2.84726633723431e-13,-0.406535567772192,0.125,0.084,7.07972774753311e-09,"B4GALT7","Higher_in_TotalCell",0.041
6.26049966310855e-10,-0.40680774668197,0.216,0.157,1.55667324123194e-05,"PSMF1","Higher_in_TotalCell",0.059
5.64952932040461e-13,-0.407060845653176,0.111,0.074,1.40475546551861e-08,"LIN7B","Higher_in_TotalCell",0.037
4.62250535936344e-20,-0.407105845007506,0.241,0.159,1.14938595760572e-15,"MAP3K11","Higher_in_TotalCell",0.082
2.23331225321154e-14,-0.407340749495369,0.212,0.148,5.55313091761049e-10,"RBM47","Higher_in_TotalCell",0.064
2.74681639892784e-10,-0.408156749727058,0.128,0.09,6.82995897593407e-06,"CPQ","Higher_in_TotalCell",0.038
5.68752404910619e-16,-0.408247108459653,0.731,0.605,1.41420285481026e-11,"NHP2","Higher_in_TotalCell",0.126
1.98539136807337e-07,-0.408535965352355,0.681,0.548,0.00493667563671444,"BSG","Higher_in_TotalCell",0.133
8.14833576488681e-15,-0.409596814531821,0.317,0.22,2.02608368793911e-10,"VPS36","Higher_in_TotalCell",0.097
6.41290263429564e-19,-0.410064845531635,0.186,0.122,1.59456824001761e-14,"MGAT5","Higher_in_TotalCell",0.064
3.53421493489283e-16,-0.410103984505,0.198,0.134,8.78782543561101e-12,"KIAA1191","Higher_in_TotalCell",0.064
2.5034924726935e-12,-0.410474782651029,0.155,0.108,6.2249340333524e-08,"TMEM241","Higher_in_TotalCell",0.047
1.97232871171011e-24,-0.411029253610231,0.761,0.654,4.90419534166719e-20,"POLR2F","Higher_in_TotalCell",0.107
1.48928313254272e-36,-0.411147118222098,0.841,0.729,3.70310250906748e-32,"SEC62","Higher_in_TotalCell",0.112
7.54082785351261e-16,-0.41115654241222,0.324,0.223,1.87502684577591e-11,"POLDIP2","Higher_in_TotalCell",0.101
2.16427063913147e-23,-0.411614571899623,0.218,0.139,5.38145894420039e-19,"C9orf85","Higher_in_TotalCell",0.079
5.10881555795825e-11,-0.411704140102465,0.137,0.097,1.27030698848632e-06,"WARS","Higher_in_TotalCell",0.04
2.50010847560197e-17,-0.411745116033775,0.112,0.07,6.21651972458431e-13,"TAF8","Higher_in_TotalCell",0.042
3.62229557525563e-15,-0.412286482958038,0.207,0.142,9.00683794787313e-11,"TMEM106B","Higher_in_TotalCell",0.065
6.783680109965e-10,-0.412488783056623,0.386,0.277,1.6867620593428e-05,"HMG20B","Higher_in_TotalCell",0.109
1.29217545385042e-09,-0.413151283289678,0.121,0.086,3.21299426599908e-05,"ITGA2","Higher_in_TotalCell",0.035
4.66535534075215e-17,-0.413859406643074,0.159,0.104,1.16004060547802e-12,"RETREG2","Higher_in_TotalCell",0.055
2.5759699366175e-22,-0.414847772812597,0.193,0.122,6.40514924739941e-18,"MPP6","Higher_in_TotalCell",0.071
1.14246874228342e-06,-0.415146423940877,0.458,0.331,0.0284074852768773,"MED4","Higher_in_TotalCell",0.127
2.47224035992591e-15,-0.415461894852231,0.297,0.206,6.14722565495578e-11,"CDIPT","Higher_in_TotalCell",0.091
1.26175708486956e-11,-0.415847414289695,0.31,0.221,3.13735899152817e-07,"PES1","Higher_in_TotalCell",0.089
7.29209874011417e-25,-0.416251299585142,0.181,0.112,1.81318035172939e-20,"CAMKK2","Higher_in_TotalCell",0.069
6.96603642012771e-129,-0.417182014842704,0.957,0.94,1.73210495586476e-124,"SLC25A5","Higher_in_TotalCell",0.017
0,-0.41822050673828,0.992,0.992,0,"H3F3B","Higher_in_TotalCell",0
2.12044213784092e-15,-0.418332007092861,0.235,0.162,5.27247937574144e-11,"KIAA1143","Higher_in_TotalCell",0.073
3.86247048636174e-241,-0.418595868273525,0.989,0.99,9.60403286433847e-237,"RPL38","Higher_in_TotalCell",-0.001
1.19114620186174e-120,-0.419975207125296,0.954,0.91,2.96178503092922e-116,"TOMM7","Higher_in_TotalCell",0.0439999999999999
9.35462290757034e-13,-0.41997635826792,0.101,0.067,2.32602698596737e-08,"PLXNA1","Higher_in_TotalCell",0.034
1.1353136822329e-18,-0.420237696364405,0.269,0.182,2.82295747087211e-14,"TBC1D10A","Higher_in_TotalCell",0.087
1.46378577062574e-13,-0.422428436943754,0.126,0.084,3.63970331866091e-09,"TFEB","Higher_in_TotalCell",0.042
5.23694688610755e-12,-0.422431499431438,0.106,0.071,1.30216684323064e-07,"LAMA5","Higher_in_TotalCell",0.035
1.19569912328116e-50,-0.422643036109116,0.153,0.241,2.97310587003861e-46,"MTRNR2L8","Higher_in_TotalCell",-0.088
3.02521865344329e-14,-0.422730372677812,0.121,0.08,7.52220618178673e-10,"ZC3H7A","Higher_in_TotalCell",0.041
1.19616609851037e-18,-0.423171201979719,0.239,0.159,2.97426700394603e-14,"LRR1","Higher_in_TotalCell",0.08
1.01108856491872e-07,-0.424145713933072,0.167,0.125,0.0025140717166704,"DPH3","Higher_in_TotalCell",0.042
8.02120679859858e-14,-0.424330077551354,0.283,0.198,1.99447307047154e-09,"IFRD2","Higher_in_TotalCell",0.085
8.90585007997192e-18,-0.424335601605345,0.139,0.089,2.21443962238502e-13,"HIST1H2AE","Higher_in_TotalCell",0.05
1.12005444252008e-14,-0.424442303310292,0.149,0.1,2.78501537132617e-10,"METAP1","Higher_in_TotalCell",0.049
1.23076671038081e-11,-0.424500930808575,0.142,0.099,3.06030142536188e-07,"CREBBP","Higher_in_TotalCell",0.043
5.92551612206299e-20,-0.425925986399337,0.232,0.153,1.47337958375096e-15,"CENPH","Higher_in_TotalCell",0.079
3.94056143149871e-18,-0.426067185415438,0.232,0.155,9.79820599942154e-14,"ICA1","Higher_in_TotalCell",0.077
1.00997665149646e-11,-0.426210298402141,0.284,0.203,2.51130694394594e-07,"CCS","Higher_in_TotalCell",0.081
4.32253816054428e-20,-0.426691754022731,0.291,0.193,1.07479911361934e-15,"KIAA2026","Higher_in_TotalCell",0.098
1.01922643842805e-13,-0.426890529269373,0.122,0.081,2.53430653915134e-09,"TBCD","Higher_in_TotalCell",0.041
1.5434938454765e-15,-0.427444941492589,0.181,0.122,3.83789744677733e-11,"ETFRF1","Higher_in_TotalCell",0.059
1.5289026976132e-07,-0.428348989154968,0.437,0.315,0.00380161655761523,"RNF13","Higher_in_TotalCell",0.122
4.33800611790523e-09,-0.429274281659362,0.451,0.322,0.000107864522121714,"MAPK13","Higher_in_TotalCell",0.129
3.74429990613950e-10,-0.43027337961601,0.1,0.069,9.31020171661585e-06,"GRAMD2B","Higher_in_TotalCell",0.031
1.2905569782863e-06,-0.430361018798544,0.121,0.091,0.0320896992650888,"CHMP7","Higher_in_TotalCell",0.03
1.1869714410957e-35,-0.430402758095395,0.834,0.71,2.95140448828447e-31,"POLR2I","Higher_in_TotalCell",0.124
4.31376394838099e-42,-0.430783424780555,0.804,0.695,1.07261740576493e-37,"TPM3","Higher_in_TotalCell",0.109
1.03695494512013e-40,-0.430887011488801,0.894,0.789,2.57838847104121e-36,"SELENOM","Higher_in_TotalCell",0.105
4.34253023053024e-16,-0.431071460606893,0.22,0.15,1.07977014182134e-11,"ZMYND8","Higher_in_TotalCell",0.07
3.64791854195719e-14,-0.431709605379438,0.161,0.11,9.07054945457655e-10,"PTRH1","Higher_in_TotalCell",0.051
2.16758835700992e-22,-0.431747797221836,0.154,0.095,5.38970844970516e-18,"DGUOK-AS1","Higher_in_TotalCell",0.059
1.37597405261087e-07,-0.431845270897662,0.121,0.089,0.00342135948181692,"PRPS1","Higher_in_TotalCell",0.032
4.56411274829013e-10,-0.432469104362955,0.152,0.108,1.13486663486234e-05,"METTL3","Higher_in_TotalCell",0.044
1.26644608376921e-14,-0.434527102433973,0.161,0.109,3.14901818729215e-10,"RBM33","Higher_in_TotalCell",0.052
1.36692050186985e-14,-0.4350028984226,0.299,0.208,3.39884782789938e-10,"BAG6","Higher_in_TotalCell",0.091
7.90278961351463e-17,-0.435824510916774,0.258,0.176,1.96502863740041e-12,"FXN","Higher_in_TotalCell",0.082
2.74116483793439e-07,-0.435929642797534,0.699,0.504,0.00681590636952387,"CLDN3","Higher_in_TotalCell",0.195
1.98620883903056e-07,-0.435971102750405,0.674,0.549,0.00493870827824948,"C1orf122","Higher_in_TotalCell",0.125
9.62083808391019e-17,-0.436145423959461,0.253,0.172,2.39222138956427e-12,"POLR3GL","Higher_in_TotalCell",0.081
2.18995937161321e-100,-0.43688277149545,0.969,0.955,5.44533397751625e-96,"SLC25A6","Higher_in_TotalCell",0.014
7.8608121547205e-13,-0.437277828783662,0.22,0.154,1.95459094227125e-08,"TXNDC15","Higher_in_TotalCell",0.066
9.23951885384042e-10,-0.437299202420652,0.141,0.101,2.29740636300742e-05,"UVRAG","Higher_in_TotalCell",0.04
6.06595918650071e-305,-0.43740623339129,0.997,0.997,1.5083007517234e-300,"GAPDH","Higher_in_TotalCell",0
1.19932113198331e-10,-0.437430526951359,0.118,0.082,2.9821119946765e-06,"FBXO8","Higher_in_TotalCell",0.036
3.63863639858666e-19,-0.437649321013999,0.181,0.118,9.04746940508572e-15,"TRMT6","Higher_in_TotalCell",0.063
1.94230644569787e-18,-0.437728129324287,0.265,0.178,4.82954497722775e-14,"LTA4H","Higher_in_TotalCell",0.087
2.1854994613491e-12,-0.437929577353112,0.166,0.115,5.43424441064453e-08,"WDR5","Higher_in_TotalCell",0.051
2.77064706596055e-12,-0.438141074697209,0.252,0.18,6.88921392951092e-08,"AFTPH","Higher_in_TotalCell",0.072
2.45493275431864e-14,-0.438675425024357,0.734,0.596,6.10419029361331e-10,"DYNLRB1","Higher_in_TotalCell",0.138
4.64977701942973e-16,-0.439223655519207,0.278,0.19,1.1561670558812e-11,"NUPL2","Higher_in_TotalCell",0.088
2.37536018927978e-17,-0.439303444424252,0.293,0.199,5.90633311064417e-13,"LINC01315","Higher_in_TotalCell",0.094
5.52998731518577e-12,-0.440014335230732,0.128,0.088,1.37503134592094e-07,"NFX1","Higher_in_TotalCell",0.04
2.80351608714197e-08,-0.440698711067488,0.227,0.169,0.00069709427506785,"TRIM44","Higher_in_TotalCell",0.058
6.58574252348271e-13,-0.441105242189176,0.341,0.241,1.63754487846397e-08,"IPO5","Higher_in_TotalCell",0.1
5.87054899913635e-15,-0.441109865398212,0.242,0.167,1.45971200863525e-10,"SERPINB1","Higher_in_TotalCell",0.075
3.58338433705499e-12,-0.44162034811146,0.381,0.268,8.91008515408723e-08,"KMT2E","Higher_in_TotalCell",0.113
5.3878867927403e-16,-0.443352606290866,0.217,0.148,1.33969805101487e-11,"TLDC1","Higher_in_TotalCell",0.069
2.98947449797508e-16,-0.44436165139746,0.358,0.247,7.43332833921505e-12,"SEC22B","Higher_in_TotalCell",0.111
1.15764486390822e-09,-0.445658986857392,0.222,0.162,2.8784839541078e-05,"DPM2","Higher_in_TotalCell",0.06
4.25197971667499e-105,-0.446119756963224,0.94,0.884,1.05725475655124e-100,"EIF3K","Higher_in_TotalCell",0.0559999999999999
1.59245520143205e-19,-0.446415913443962,0.267,0.178,3.95963985836078e-15,"ZNF106","Higher_in_TotalCell",0.089
2.35867957233051e-10,-0.446598822113637,0.38,0.27,5.86485675659981e-06,"ATPAF1","Higher_in_TotalCell",0.11
1.29278064632323e-09,-0.447083901268509,0.256,0.187,3.2144990770827e-05,"PTK7","Higher_in_TotalCell",0.069
3.60472187820991e-22,-0.447329558830025,0.292,0.191,8.96314095016894e-18,"SAMD1","Higher_in_TotalCell",0.101
6.06842514982403e-49,-0.448646997744809,0.821,0.72,1.50891391350374e-44,"TMEM147","Higher_in_TotalCell",0.101
3.67691994731222e-08,-0.449086458849418,0.467,0.331,0.000914266144899184,"TMX1","Higher_in_TotalCell",0.136
8.08570835257075e-12,-0.449245512550402,0.31,0.221,2.01051138186672e-07,"WAC-AS1","Higher_in_TotalCell",0.089
7.6763917792468e-10,-0.44990187739279,0.4,0.285,1.90873481590972e-05,"TIAL1","Higher_in_TotalCell",0.115
3.1678190134326e-24,-0.45316448900358,0.183,0.114,7.87678197690016e-20,"RBM6","Higher_in_TotalCell",0.069
1.42160745450544e-11,-0.454464858152241,0.35,0.248,3.53482693562776e-07,"CASP4","Higher_in_TotalCell",0.102
1.29436028560956e-11,-0.454720245745222,0.19,0.135,3.21842685016818e-07,"CA8","Higher_in_TotalCell",0.055
1.93150653657724e-15,-0.45530637711675,0.367,0.251,4.8026910031993e-11,"SDHAF3","Higher_in_TotalCell",0.116
3.20984362941394e-15,-0.45565742202397,0.167,0.112,7.98127618453775e-11,"TTF2","Higher_in_TotalCell",0.055
6.5728688520867e-14,-0.456113600798376,0.356,0.247,1.63434384007136e-09,"GMCL1","Higher_in_TotalCell",0.109
2.66362847498744e-07,-0.456639160413193,0.122,0.091,0.00662311220305628,"PDLIM7","Higher_in_TotalCell",0.031
4.95961318732983e-38,-0.456812940291072,0.772,0.666,1.23320781902956e-33,"POLR2K","Higher_in_TotalCell",0.106
1.15421136280057e-08,-0.457879447416573,0.339,0.247,0.000286994655360362,"HDHD5","Higher_in_TotalCell",0.092
5.55561243627532e-07,-0.458950538309638,0.101,0.075,0.0138140303227986,"PCAT6","Higher_in_TotalCell",0.026
1.0822627733841e-06,-0.459477731591667,0.669,0.536,0.0269104638601956,"SRSF10","Higher_in_TotalCell",0.133
1.18499593416938e-13,-0.459606329068448,0.145,0.098,2.94649239031215e-09,"DPH2","Higher_in_TotalCell",0.047
5.73842332747571e-09,-0.459793082447431,0.107,0.075,0.000142685896037684,"USP13","Higher_in_TotalCell",0.032
0,-0.46075376343027,0.994,0.998,0,"RPS15A","Higher_in_TotalCell",-0.004
8.04066614714564e-09,-0.460950835867933,0.393,0.283,0.000199931163748776,"DNAJA2","Higher_in_TotalCell",0.11
3.82718083306504e-12,-0.461644184688468,0.23,0.163,9.51628514141621e-08,"TAOK3","Higher_in_TotalCell",0.067
3.65143304441404e-13,-0.461677574309027,0.182,0.127,9.0792882649355e-09,"UBE2Q2","Higher_in_TotalCell",0.055
5.99709258664111e-17,-0.462051783448946,0.354,0.241,1.49117707166831e-12,"C6orf62","Higher_in_TotalCell",0.113
2.00952601656857e-07,-0.463213991951456,0.401,0.291,0.00499668644019774,"SNAP29","Higher_in_TotalCell",0.11
3.98222415676277e-08,-0.463307566850085,0.296,0.22,0.000990180036579063,"CPNE1","Higher_in_TotalCell",0.076
7.44772397919635e-08,-0.463603254998653,0.437,0.314,0.00185187656742717,"RAMMET","Higher_in_TotalCell",0.123
3.96117139098137e-12,-0.46364279698521,0.237,0.168,9.84945266367518e-08,"MCM5","Higher_in_TotalCell",0.069
0,-0.463682410590338,0.972,0.985,0,"MT-CYB","Higher_in_TotalCell",-0.013
7.39117461307303e-14,-0.464069950942264,0.344,0.24,1.83781556754061e-09,"SMCHD1","Higher_in_TotalCell",0.104
4.14303987709639e-17,-0.464750622930419,0.711,0.587,1.03016686544002e-12,"RAB13","Higher_in_TotalCell",0.124
3.14657615647935e-08,-0.465647540086863,0.343,0.252,0.00078239616130859,"JAK1","Higher_in_TotalCell",0.091
1.53586822548198e-08,-0.465940089226977,0.115,0.083,0.000381893634266095,"USP7","Higher_in_TotalCell",0.032
1.74359698158086e-16,-0.466250777199894,0.207,0.14,4.3354538947008e-12,"CTBP1","Higher_in_TotalCell",0.067
9.52668951516062e-09,-0.466880382841845,0.31,0.227,0.000236881134794469,"CHD9","Higher_in_TotalCell",0.083
2.98163221582009e-10,-0.467111815563866,0.14,0.1,7.41382850463666e-06,"UBP1","Higher_in_TotalCell",0.04
1.21824261540035e-09,-0.467943681331247,0.261,0.191,3.02916026319298e-05,"CDC16","Higher_in_TotalCell",0.07
2.27038052857507e-22,-0.468178555711958,0.756,0.641,5.64530118430192e-18,"TPD52","Higher_in_TotalCell",0.115
6.61304771380516e-12,-0.468666499635097,0.304,0.216,1.64433431403765e-07,"DTD1","Higher_in_TotalCell",0.088
1.76786626559172e-13,-0.470070716719105,0.303,0.212,4.3957994693938e-09,"RAB22A","Higher_in_TotalCell",0.091
4.23220954614501e-09,-0.470135591259652,0.116,0.082,0.000105233890364896,"ZNF703","Higher_in_TotalCell",0.034
4.3281608329813e-12,-0.470559551827911,0.194,0.137,1.0761971911208e-07,"ALG6","Higher_in_TotalCell",0.057
2.21634377464586e-16,-0.470604509467309,0.837,0.687,5.51093879565694e-12,"CKS1B","Higher_in_TotalCell",0.15
3.73741898497114e-13,-0.471275889284475,0.143,0.097,9.29309230613074e-09,"MRPL30","Higher_in_TotalCell",0.046
1.29045187147231e-15,-0.471341974499949,0.246,0.168,3.2087085784159e-11,"LPCAT3","Higher_in_TotalCell",0.078
1.88519651349131e-10,-0.471554936779173,0.182,0.131,4.68754113079615e-06,"PTAR1","Higher_in_TotalCell",0.051
2.67152110267561e-18,-0.471562214878948,0.29,0.196,6.64273722180291e-14,"BROX","Higher_in_TotalCell",0.094
4.51189616402396e-08,-0.472471745994192,0.158,0.117,0.00112188298118456,"PLXDC2","Higher_in_TotalCell",0.041
5.96574435658131e-12,-0.472774468253076,0.118,0.08,1.48338233426394e-07,"NDRG3","Higher_in_TotalCell",0.038
4.67978156236755e-11,-0.474038741316484,0.284,0.204,1.16362768548269e-06,"RMND5A","Higher_in_TotalCell",0.08
9.56522866313475e-12,-0.474765644427774,0.165,0.115,2.37839410708846e-07,"ISOC1","Higher_in_TotalCell",0.05
2.35234759484712e-12,-0.475006926744047,0.176,0.124,5.84911229458735e-08,"G2E3","Higher_in_TotalCell",0.052
2.84244099530475e-23,-0.475740995625987,0.191,0.253,7.06772953482525e-19,"TOP2A","Higher_in_TotalCell",-0.062
4.23392093120149e-296,-0.476556686303384,0.953,0.983,1.05276443954325e-291,"S100A10","Higher_in_TotalCell",-0.03
5.7752781088349e-17,-0.476610634753465,0.244,0.165,1.4360229017618e-12,"RYBP","Higher_in_TotalCell",0.079
8.84138535470689e-20,-0.477273958102748,0.131,0.081,2.19841046844787e-15,"IQCK","Higher_in_TotalCell",0.05
3.97685297719009e-13,-0.47749308334724,0.183,0.127,9.88844492778316e-09,"LIMD2","Higher_in_TotalCell",0.056
3.93943514230957e-17,-0.477582126180975,0.186,0.124,9.79540548135275e-13,"UGCG","Higher_in_TotalCell",0.062
7.95617117592586e-16,-0.477619790411952,0.742,0.601,1.97830196289397e-11,"ACTN4","Higher_in_TotalCell",0.141
2.79558901307651e-12,-0.477952625348253,0.156,0.108,6.95123208101475e-08,"PARD3","Higher_in_TotalCell",0.048
8.49014048841562e-09,-0.477954107249678,0.175,0.129,0.000211107343244454,"FNIP1","Higher_in_TotalCell",0.046
1.87165794068245e-06,-0.478132974846515,0.101,0.076,0.0465387746950691,"NEK7","Higher_in_TotalCell",0.025
5.28859740985314e-10,-0.47824725501342,0.211,0.153,1.31500974595998e-05,"STK26","Higher_in_TotalCell",0.058
1.82811917784315e-10,-0.47826308461213,0.238,0.172,4.54561833570699e-06,"CHEK2","Higher_in_TotalCell",0.066
2.37593611081749e-11,-0.478783752544223,0.15,0.105,5.90776513954768e-07,"FDXR","Higher_in_TotalCell",0.045
1.11051203490118e-13,-0.480113756725078,0.15,0.102,2.76128817478179e-09,"VPS41","Higher_in_TotalCell",0.048
7.44979532130931e-07,-0.48139433544572,0.118,0.088,0.0185239160664356,"CUL4B","Higher_in_TotalCell",0.03
8.77278410467034e-38,-0.481535671505897,0.825,0.7,2.18135276762628e-33,"PGRMC1","Higher_in_TotalCell",0.125
1.73567075498003e-80,-0.48167109881547,0.872,0.777,4.31574533225784e-76,"YWHAB","Higher_in_TotalCell",0.095
5.36777242353402e-65,-0.481753934986137,0.87,0.773,1.33469661311173e-60,"SRSF2","Higher_in_TotalCell",0.097
1.1999022245012e-35,-0.482011998122231,0.737,0.628,2.98355688122224e-31,"NDUFB10","Higher_in_TotalCell",0.109
6.74091194358188e-11,-0.48219503864266,0.124,0.086,1.67612775477164e-06,"XPO5","Higher_in_TotalCell",0.038
1.9527014604258e-12,-0.48258526318408,0.372,0.262,4.85539218134874e-08,"LGMN","Higher_in_TotalCell",0.11
8.12077313815263e-07,-0.4840034309481,0.289,0.218,0.0201923024080165,"CCPG1","Higher_in_TotalCell",0.071
6.8374631457629e-08,-0.484648268513468,0.336,0.247,0.00170013521119395,"PNP","Higher_in_TotalCell",0.089
8.34952466010648e-13,-0.487309535824759,0.124,0.083,2.07610930673548e-08,"SFI1","Higher_in_TotalCell",0.041
1.10423993571256e-12,-0.487719560112908,0.222,0.156,2.74569260014928e-08,"FBXO25","Higher_in_TotalCell",0.066
8.78360357001058e-09,-0.488654971857802,0.106,0.075,0.000218404302768313,"PISD","Higher_in_TotalCell",0.031
1.15850209974337e-06,-0.489151227561525,0.624,0.503,0.0288061547101189,"SSU72","Higher_in_TotalCell",0.121
1.83420226141846e-10,-0.489825956134399,0.364,0.26,4.56074392301701e-06,"BICDL2","Higher_in_TotalCell",0.104
6.25926937003868e-35,-0.489919627174077,0.785,0.667,1.55636732886012e-30,"LAMTOR4","Higher_in_TotalCell",0.118
3.47247122260478e-318,-0.490967617497777,0.989,0.984,8.63429969500679e-314,"EIF1","Higher_in_TotalCell",0.005
6.29766752825615e-09,-0.491186458613848,0.295,0.216,0.000156591503090089,"MARCH5","Higher_in_TotalCell",0.079
7.04845727716594e-15,-0.49169048184725,0.233,0.159,1.75259890196731e-10,"UTP14A","Higher_in_TotalCell",0.074
2.11369352756267e-08,-0.491811579848747,0.119,0.086,0.000525569895628458,"FBXW11","Higher_in_TotalCell",0.033
7.83108483943208e-13,-0.492730828670777,0.139,0.094,1.94719924532479e-08,"C6orf136","Higher_in_TotalCell",0.045
1.74794288684813e-08,-0.495337128775522,0.235,0.174,0.000434625998814788,"CBY1","Higher_in_TotalCell",0.061
9.16044382268022e-10,-0.495974271244838,0.259,0.189,2.27774435650944e-05,"GTF3C5","Higher_in_TotalCell",0.07
2.74364656940746e-19,-0.497249013579485,0.749,0.608,6.82207719483166e-15,"TXNL1","Higher_in_TotalCell",0.141
1.33947934116819e-228,-0.49768020465044,0.961,0.94,3.3306153818147e-224,"TSPO","Higher_in_TotalCell",0.021
7.1905306394683e-16,-0.498472435503666,0.245,0.167,1.78792544350379e-11,"KRIT1","Higher_in_TotalCell",0.078
2.8076681633887e-09,-0.499353819819234,0.114,0.08,6.98126688826601e-05,"FLVCR1","Higher_in_TotalCell",0.034
4.33264120840755e-11,-0.499576045038628,0.175,0.125,1.07731123647054e-06,"WWC3","Higher_in_TotalCell",0.05
7.01587790397422e-09,-0.500200959592178,0.137,0.1,0.000174449804082319,"RC3H1","Higher_in_TotalCell",0.037
5.45286176823139e-08,-0.500397567462323,0.108,0.078,0.00135585407867073,"NSUN4","Higher_in_TotalCell",0.03
3.74638908794993e-36,-0.500520979790897,0.804,0.681,9.31539646718749e-32,"H2AFY","Higher_in_TotalCell",0.123
1.69890090391215e-10,-0.501254276741894,0.137,0.096,4.22431709757756e-06,"ZNF76","Higher_in_TotalCell",0.041
1.69486400748977e-10,-0.50179493927362,0.203,0.146,4.21427935462331e-06,"BFAR","Higher_in_TotalCell",0.057
3.31503539001963e-08,-0.501840965400618,0.172,0.128,0.000824283549728381,"SMG1","Higher_in_TotalCell",0.044
4.11542716684164e-12,-0.501990677433581,0.267,0.19,1.02330096503517e-07,"SVIL","Higher_in_TotalCell",0.077
3.26491478626417e-09,-0.502363822639367,0.286,0.207,8.11821061604586e-05,"TMEM11","Higher_in_TotalCell",0.079
1.06872479327293e-11,-0.503864987573478,0.205,0.146,2.65738419847315e-07,"FAM53C","Higher_in_TotalCell",0.059
3.28583231502147e-09,-0.50533606094901,0.333,0.241,8.17022205130089e-05,"NSRP1","Higher_in_TotalCell",0.092
2.19081855814732e-14,-0.506224930224779,0.155,0.104,5.4474703448333e-10,"ZDHHC13","Higher_in_TotalCell",0.051
1.69625114752351e-08,-0.506641599573757,0.216,0.16,0.000421772847831722,"SNAP47","Higher_in_TotalCell",0.056
2.22859784195582e-07,-0.507011185470026,0.102,0.074,0.00554140853402313,"TCF20","Higher_in_TotalCell",0.028
1.09376959102504e-14,-0.507346289247481,0.126,0.083,2.71965808808376e-10,"FAM221A","Higher_in_TotalCell",0.043
6.40894361507393e-10,-0.508255076154223,0.166,0.119,1.59358382988813e-05,"LEO1","Higher_in_TotalCell",0.047
3.7344864160053e-09,-0.508555636165827,0.393,0.281,9.28580047339717e-05,"RUSC1","Higher_in_TotalCell",0.112
3.67369272734283e-12,-0.508802194112507,0.251,0.177,9.13463696653795e-08,"NUP85","Higher_in_TotalCell",0.074
1.63617673560982e-10,-0.50930931439301,0.228,0.164,4.06835345309381e-06,"SMYD2","Higher_in_TotalCell",0.064
1.17281145734358e-92,-0.509651629872681,0.86,0.774,2.91619568868481e-88,"CNBP","Higher_in_TotalCell",0.086
6.41900380945235e-09,-0.513879937121859,0.21,0.154,0.000159608529722033,"DCAF15","Higher_in_TotalCell",0.056
8.90594290206897e-08,-0.513924120057003,0.241,0.181,0.00221446270259945,"ZNF451","Higher_in_TotalCell",0.06
2.18849639382084e-11,-0.514253007520185,0.183,0.13,5.44169628323552e-07,"EIF2B1","Higher_in_TotalCell",0.053
3.54020389934554e-12,-0.514442721975166,0.26,0.185,8.80271699572269e-08,"UBE2G1","Higher_in_TotalCell",0.075
8.38457928991009e-50,-0.514603600676295,0.736,0.655,2.08482564043614e-45,"HEBP2","Higher_in_TotalCell",0.081
6.31395311310351e-07,-0.515210445817534,0.275,0.207,0.0156996444157319,"ARL8A","Higher_in_TotalCell",0.068
2.43308925927691e-10,-0.516902240868224,0.256,0.184,6.04987644319204e-06,"CANT1","Higher_in_TotalCell",0.072
1.99774215289862e-22,-0.516952358102408,0.69,0.577,4.96738586318242e-18,"NDUFA11","Higher_in_TotalCell",0.113
1.04536188592075e-34,-0.517831219511337,0.737,0.633,2.59929232934196e-30,"NAA10","Higher_in_TotalCell",0.104
1.96882857042544e-11,-0.519337861402211,0.116,0.079,4.89549224036284e-07,"ERN1","Higher_in_TotalCell",0.037
1.61609188500989e-09,-0.519511729610293,0.662,0.548,4.01841247207708e-05,"SEC11C","Higher_in_TotalCell",0.114
4.80427481789012e-08,-0.52077524361155,0.175,0.13,0.00119458293346838,"EXOC7","Higher_in_TotalCell",0.045
4.27801751696811e-10,-0.521329634722125,0.6,0.504,1.06372905559412e-05,"VMP1","Higher_in_TotalCell",0.096
1.78733726336716e-285,-0.521385907419283,0.985,0.98,4.44421410536244e-281,"RPL4","Higher_in_TotalCell",0.005
1.36259338243814e-10,-0.522025295786635,0.347,0.246,3.38808844543244e-06,"PLEKHA1","Higher_in_TotalCell",0.101
5.36364233988165e-09,-0.522177791512586,0.225,0.165,0.000133366966781157,"ZDHHC9","Higher_in_TotalCell",0.06
1.04739980499094e-08,-0.522510361722821,0.138,0.1,0.000260435961510997,"NCOR2","Higher_in_TotalCell",0.038
1.00914811874651e-13,-0.523173004563729,0.143,0.096,2.50924679726319e-09,"SGPL1","Higher_in_TotalCell",0.047
6.84876417715493e-13,-0.52345796037679,0.1,0.065,1.70294521264957e-08,"FANCD2","Higher_in_TotalCell",0.035
1.03120795433075e-07,-0.52414628442957,0.144,0.107,0.0025640985784434,"SGTA","Higher_in_TotalCell",0.037
1.17210798936547e-12,-0.524821607610169,0.117,0.079,2.91444651555724e-08,"SUSD6","Higher_in_TotalCell",0.038
1.87363875493306e-15,-0.525213909586731,0.713,0.589,4.65880276414104e-11,"ZFAND5","Higher_in_TotalCell",0.124
1.96638729305347e-07,-0.525265735994289,0.323,0.239,0.00488942200417745,"CLDND1","Higher_in_TotalCell",0.084
6.14470808474686e-09,-0.526315982878302,0.218,0.16,0.000152788166527231,"SNAPC3","Higher_in_TotalCell",0.058
4.25359494994327e-10,-0.526726184215988,0.139,0.099,1.0576563843034e-05,"TRIM16","Higher_in_TotalCell",0.04
4.72199778319691e-08,-0.52685535169838,0.134,0.098,0.00117412474879191,"ELP6","Higher_in_TotalCell",0.036
5.26286827313676e-21,-0.526991048233953,0.239,0.157,1.30861219611546e-16,"SERINC5","Higher_in_TotalCell",0.082
1.50870296862678e-11,-0.527232436010835,0.202,0.144,3.7513899314905e-07,"ZDHHC20","Higher_in_TotalCell",0.058
2.56155401697756e-23,-0.527313579305089,0.297,0.194,6.36930406321471e-19,"MDM4","Higher_in_TotalCell",0.103
1.73222900428079e-06,-0.528285523901241,0.274,0.207,0.0430718741914418,"PPP1R8","Higher_in_TotalCell",0.067
3.7458483062181e-10,-0.528366318346589,0.119,0.083,9.31405181341132e-06,"TSPAN5","Higher_in_TotalCell",0.036
7.91036439513424e-13,-0.528925374210031,0.304,0.212,1.96691210685013e-08,"TAF6","Higher_in_TotalCell",0.092
9.85438316377309e-13,-0.529459769769075,0.125,0.084,2.45029237367218e-08,"DNAJC3-DT","Higher_in_TotalCell",0.041
7.89543384856711e-11,-0.529764432069788,0.15,0.105,1.96319962644621e-06,"GLMP","Higher_in_TotalCell",0.045
7.4402951657166e-10,-0.53009415645374,0.107,0.075,1.85002939295543e-05,"TRIM4","Higher_in_TotalCell",0.032
1.6791707423459e-09,-0.530738881814504,0.18,0.131,4.17525805084309e-05,"KLHL7","Higher_in_TotalCell",0.049
1.50139101166702e-09,-0.530918209784393,0.183,0.133,3.73320875051005e-05,"RYK","Higher_in_TotalCell",0.05
4.56623297316808e-09,-0.531041054572897,0.19,0.139,0.000113539382877824,"CCDC127","Higher_in_TotalCell",0.051
7.64820808280597e-07,-0.531379841652931,0.106,0.078,0.019017269397897,"ERAL1","Higher_in_TotalCell",0.028
2.66657773209301e-10,-0.53220185322434,0.11,0.076,6.63044553084926e-06,"DLEU2","Higher_in_TotalCell",0.034
2.12142812985073e-08,-0.532346667813722,0.146,0.107,0.000527493104487385,"TRAF3IP2","Higher_in_TotalCell",0.039
1.1116129664564e-115,-0.532386060267786,0.887,0.805,2.76402564109385e-111,"SNRPD2","Higher_in_TotalCell",0.082
6.51727815998287e-245,-0.532399314525621,0.974,0.951,1.62052121447974e-240,"COX6B1","Higher_in_TotalCell",0.023
3.00841877768075e-08,-0.533089097769647,0.155,0.114,0.000748043329070318,"ZNF672","Higher_in_TotalCell",0.041
1.81744445336786e-19,-0.53451076974795,0.244,0.162,4.51907563329917e-15,"IRF2BPL","Higher_in_TotalCell",0.082
1.0393607614413e-06,-0.534731157761597,0.263,0.198,0.0258437053332379,"CREB3L2","Higher_in_TotalCell",0.065
7.40156052187755e-08,-0.535426040243814,0.301,0.222,0.00184039802376485,"ARL16","Higher_in_TotalCell",0.079
8.85851393984011e-11,-0.535481428727877,0.209,0.149,2.20266949114124e-06,"KHSRP","Higher_in_TotalCell",0.06
2.59288426393864e-09,-0.538589821525633,0.186,0.135,6.44720672228343e-05,"CDC37L1","Higher_in_TotalCell",0.051
2.03707141444444e-09,-0.539118795029591,0.138,0.099,5.06517807201609e-05,"MRS2","Higher_in_TotalCell",0.039
8.06200961537592e-14,-0.539141733220383,0.214,0.148,2.00461869086322e-09,"CLN5","Higher_in_TotalCell",0.066
8.33945377788317e-07,-0.539312804628498,0.442,0.316,0.0207360518187065,"NBEAL1","Higher_in_TotalCell",0.126
3.17639420263359e-15,-0.539391727363356,0.357,0.374,7.89810418484842e-11,"CENPW","Higher_in_TotalCell",-0.017
2.70541508691899e-67,-0.540032359612423,0.817,0.713,6.72701461362408e-63,"NDUFC2","Higher_in_TotalCell",0.104
1.06728076608384e-15,-0.54131603845651,0.141,0.092,2.65379362486746e-11,"DNAJC17","Higher_in_TotalCell",0.049
1.90974963717795e-08,-0.544241222567332,0.224,0.166,0.000474859247284296,"METTL13","Higher_in_TotalCell",0.058
1.2764387179694e-146,-0.547152109868073,0.902,0.851,3.17386487223092e-142,"RTN4","Higher_in_TotalCell",0.051
2.14871022972826e-55,-0.54749800694154,0.757,0.666,5.34276798621933e-51,"CACYBP","Higher_in_TotalCell",0.091
3.19113770961035e-09,-0.548317927552261,0.123,0.088,7.93476391494612e-05,"TRIP4","Higher_in_TotalCell",0.035
3.69119509889614e-38,-0.548947728127749,0.749,0.642,9.17815661340525e-34,"RAB5IF","Higher_in_TotalCell",0.107
3.95287249324968e-10,-0.5492665202766,0.238,0.173,9.82881745446532e-06,"KHDC4","Higher_in_TotalCell",0.065
4.05695282994582e-12,-0.549654625925551,0.235,0.166,1.00876132116603e-07,"REV1","Higher_in_TotalCell",0.069
2.70837985457204e-09,-0.550247021024246,0.156,0.113,6.73438650839338e-05,"HMBOX1","Higher_in_TotalCell",0.043
1.89932413205287e-07,-0.550343712194707,0.27,0.201,0.00472266945434946,"IFT57","Higher_in_TotalCell",0.069
2.08349204854981e-11,-0.550846015845279,0.212,0.152,5.18060297871911e-07,"SH3PXD2A","Higher_in_TotalCell",0.06
1.2272316941262e-12,-0.551794622756351,0.141,0.096,3.0515116074448e-08,"C1QTNF2","Higher_in_TotalCell",0.045
3.84987015221365e-09,-0.554002168729114,0.446,0.412,9.57270213347925e-05,"KPNA2","Higher_in_TotalCell",0.034
1.5421490669412e-49,-0.554405467940953,0.715,0.632,3.8345536549493e-45,"DNAJB1","Higher_in_TotalCell",0.083
2.71949498753351e-17,-0.554906202176872,0.191,0.127,6.76202428650208e-13,"ITGA6","Higher_in_TotalCell",0.064
7.97305794971099e-11,-0.557701586680696,0.268,0.191,1.98250085919564e-06,"TMEM97","Higher_in_TotalCell",0.077
9.55485496700761e-11,-0.5582951511079,0.187,0.134,2.37581468754644e-06,"PDIA5","Higher_in_TotalCell",0.053
4.95245291809935e-11,-0.558895190297719,0.147,0.103,1.2314274180854e-06,"PAIP2B","Higher_in_TotalCell",0.044
3.2138703464634e-26,-0.559070897457089,0.718,0.597,7.99128861648125e-22,"SMIM26","Higher_in_TotalCell",0.121
8.98286124664035e-11,-0.559841549442681,0.264,0.189,2.23358844897712e-06,"CDK13","Higher_in_TotalCell",0.075
1.31904242130524e-12,-0.560224184289662,0.105,0.069,3.27979898057548e-08,"RPRD1B","Higher_in_TotalCell",0.036
8.07764954964188e-07,-0.560864755092517,0.183,0.138,0.0200850756051845,"CORO1C","Higher_in_TotalCell",0.045
1.94397588655182e-09,-0.561722800660765,0.136,0.097,4.83369604191111e-05,"ESS2","Higher_in_TotalCell",0.039
3.21821814420714e-08,-0.561973694455701,0.405,0.29,0.000800209941557105,"KCTD1","Higher_in_TotalCell",0.115
6.82540047120208e-99,-0.563029459506919,0.845,0.759,1.6971358271644e-94,"MTCH1","Higher_in_TotalCell",0.086
9.91006966385256e-10,-0.563972542336465,0.418,0.397,2.46413882191694e-05,"SLC2A1","Higher_in_TotalCell",0.021
3.70531624741738e-08,-0.564275288446229,0.21,0.156,0.000921326884920332,"MICU1","Higher_in_TotalCell",0.054
5.16805471503687e-09,-0.566748631169857,0.134,0.097,0.000128503680489392,"ZNF518A","Higher_in_TotalCell",0.037
1.05253791655617e-16,-0.567402608165974,0.69,0.57,2.61713552951692e-12,"NECTIN4","Higher_in_TotalCell",0.12
8.74353168754324e-09,-0.56756540358216,0.193,0.142,0.000217407915410763,"ATAD1","Higher_in_TotalCell",0.051
8.80833068819189e-08,-0.568600999214169,0.134,0.099,0.00219019142561891,"FOXJ3","Higher_in_TotalCell",0.035
4.62370759121255e-07,-0.568846556880315,0.12,0.089,0.01149684892555,"EPS15","Higher_in_TotalCell",0.031
2.35433792802054e-101,-0.56887625804552,0.831,0.749,5.85406125802307e-97,"CSNK2B","Higher_in_TotalCell",0.082
1.50152597321044e-10,-0.569185596034992,0.232,0.167,3.73354433238777e-06,"SKAP2","Higher_in_TotalCell",0.065
0,-0.569447826868778,0.973,0.951,0,"COX7A2","Higher_in_TotalCell",0.022
1.44598214632779e-08,-0.570462373734923,0.259,0.191,0.000359543460684404,"DYRK4","Higher_in_TotalCell",0.068
2.20368722618962e-13,-0.570741509861618,0.17,0.116,5.4794682879205e-09,"EYA2","Higher_in_TotalCell",0.054
1.15926480102518e-92,-0.571598431741898,0.822,0.731,2.88251192774912e-88,"NDUFAB1","Higher_in_TotalCell",0.091
9.66998785628493e-10,-0.573773344711291,0.19,0.137,2.40444248046525e-05,"NKIRAS2","Higher_in_TotalCell",0.053
5.16947184304491e-07,-0.574216924342212,0.156,0.118,0.0128538917377312,"BOD1L1","Higher_in_TotalCell",0.038
1.33072166550132e-06,-0.574510372736152,0.112,0.084,0.0330883942126903,"THOP1","Higher_in_TotalCell",0.028
6.0662151138776e-07,-0.575312109200085,0.194,0.146,0.0150836438806567,"WBP4","Higher_in_TotalCell",0.048
3.22268128802909e-169,-0.579753388631762,0.925,0.856,8.01319702268433e-165,"UQCR10","Higher_in_TotalCell",0.0690000000000001
7.14797898698401e-07,-0.579776333887904,0.106,0.078,0.0177734497511357,"TCF12","Higher_in_TotalCell",0.028
7.38990770603985e-35,-0.580835663538078,0.926,0.825,1.83750055110681e-30,"STMN1","Higher_in_TotalCell",0.101
1.0964423657627e-06,-0.58157038371697,0.293,0.219,0.0272630394246895,"CRYL1","Higher_in_TotalCell",0.074
7.66374113574004e-09,-0.581618798815238,0.157,0.114,0.000190558923340176,"DDX11","Higher_in_TotalCell",0.043
2.37519857926571e-191,-0.582769947542582,0.927,0.881,5.90593126734419e-187,"UBC","Higher_in_TotalCell",0.046
2.63030813918327e-09,-0.583061531738786,0.23,0.167,6.54026118807919e-05,"GPANK1","Higher_in_TotalCell",0.063
7.77717339037684e-07,-0.583955058825052,0.222,0.167,0.019337941635172,"RHOG","Higher_in_TotalCell",0.055
9.36337885419319e-126,-0.584912046028751,0.866,0.796,2.32820415209514e-121,"ATP6V0B","Higher_in_TotalCell",0.07
1.36725707874168e-10,-0.585127466204973,0.154,0.109,3.39968472629118e-06,"JAG1","Higher_in_TotalCell",0.045
1.05619740239861e-08,-0.585396083263602,0.221,0.161,0.000262623484106413,"MRPL35","Higher_in_TotalCell",0.06
1.2544718826624e-09,-0.587036239656447,0.263,0.192,3.11924433624007e-05,"HECTD1","Higher_in_TotalCell",0.071
2.98076256516498e-16,-0.588611782345268,0.674,0.566,7.41166611828273e-12,"TMEM106C","Higher_in_TotalCell",0.108
3.55470821609924e-36,-0.588639307703255,0.714,0.613,8.83878197933076e-32,"CHMP5","Higher_in_TotalCell",0.101
8.60484120435363e-43,-0.588924235839395,0.728,0.641,2.13959376546253e-38,"BTG3","Higher_in_TotalCell",0.087
2.89631279503706e-08,-0.590056287797721,0.191,0.141,0.000720168176485965,"FBXL3","Higher_in_TotalCell",0.05
1.04097438551807e-06,-0.590545467930381,0.219,0.166,0.0258838280959067,"DPCD","Higher_in_TotalCell",0.053
4.87838312624176e-35,-0.591851395417044,0.412,0.424,1.21300996434001e-30,"JUND","Higher_in_TotalCell",-0.012
5.35108704456832e-11,-0.593357937758738,0.199,0.142,1.33054779363191e-06,"CWC25","Higher_in_TotalCell",0.057
1.40919634985413e-09,-0.593598968737506,0.139,0.099,3.5039667239123e-05,"TBC1D16","Higher_in_TotalCell",0.04
3.2353261213731e-16,-0.597363041767799,0.65,0.541,8.0446384007942e-12,"CD164","Higher_in_TotalCell",0.109
2.03484470623856e-90,-0.597701458673898,0.805,0.718,5.05964136206218e-86,"PSMA4","Higher_in_TotalCell",0.0870000000000001
1.93370406932063e-15,-0.598075871224205,0.634,0.524,4.80815516836574e-11,"TCF25","Higher_in_TotalCell",0.11
1.23531712710008e-21,-0.600687240517625,0.647,0.543,3.07161603653435e-17,"TUFM","Higher_in_TotalCell",0.104
1.94493874129611e-06,-0.600785163147508,0.109,0.082,0.0483609018023277,"KIAA1671","Higher_in_TotalCell",0.027
1.57213288766484e-06,-0.601640925333544,0.216,0.164,0.0390910842517863,"TRADD","Higher_in_TotalCell",0.052
2.30105419026771e-08,-0.602955011810409,0.152,0.111,0.000572157124410065,"CTDSPL2","Higher_in_TotalCell",0.041
1.02643851393905e-07,-0.60317991541611,0.137,0.101,0.00255223936490946,"CCDC117","Higher_in_TotalCell",0.036
1.47741776771911e-06,-0.604360591484947,0.259,0.196,0.0367359927943357,"PRELP","Higher_in_TotalCell",0.063
1.92230170507819e-22,-0.605748428316845,0.656,0.548,4.77980318967692e-18,"ARL6IP4","Higher_in_TotalCell",0.108
1.03927304862776e-78,-0.606668812534377,0.82,0.728,2.58415243541292e-74,"PPP1CA","Higher_in_TotalCell",0.092
1.51047695370244e-11,-0.60935197979701,0.61,0.506,3.75580094538112e-07,"SYPL1","Higher_in_TotalCell",0.104
4.4202181525997e-11,-0.610210492131877,0.591,0.493,1.09908724364392e-06,"ERLEC1","Higher_in_TotalCell",0.098
2.98315482248069e-07,-0.612664310932519,0.186,0.14,0.00741761446609823,"DNAL4","Higher_in_TotalCell",0.046
4.23186666854986e-12,-0.613940937554608,0.496,0.438,1.05225364713492e-07,"COX20","Higher_in_TotalCell",0.058
7.31021534781926e-12,-0.614253575973857,0.579,0.484,1.81768504623526e-07,"ACTR2","Higher_in_TotalCell",0.095
2.52125001019853e-08,-0.61425784985034,0.148,0.108,0.000626908815035865,"SEPT6","Higher_in_TotalCell",0.04
0,-0.614958376594884,0.941,0.927,0,"PSMA7","Higher_in_TotalCell",0.0139999999999999
1.58190397379977e-09,-0.615340832860107,0.601,0.488,3.93340423085312e-05,"CHMP4B","Higher_in_TotalCell",0.113
6.00934760313467e-09,-0.615696473919257,0.222,0.162,0.000149422428151944,"FAM210A","Higher_in_TotalCell",0.06
4.62136299612883e-08,-0.617160587565255,0.113,0.081,0.00114910190898743,"TMEM250","Higher_in_TotalCell",0.032
1.24501378667464e-06,-0.617732503209481,0.587,0.472,0.030957267805665,"RTL8A","Higher_in_TotalCell",0.115
1.39853872691268e-76,-0.617874124241454,0.801,0.704,3.47746654446838e-72,"RBM39","Higher_in_TotalCell",0.0970000000000001
3.47176392593644e-10,-0.621046575363,0.134,0.095,8.63254100184095e-06,"CBWD3","Higher_in_TotalCell",0.039
7.21623072071707e-49,-0.622524935730262,0.701,0.618,1.7943157687063e-44,"UGP2","Higher_in_TotalCell",0.083
5.82263434426646e-16,-0.622789765135148,0.58,0.493,1.44779802970186e-11,"BRD4","Higher_in_TotalCell",0.087
5.16042555691237e-15,-0.623730974466895,0.608,0.509,1.28313981472626e-10,"ANXA4","Higher_in_TotalCell",0.099
5.38471252127478e-180,-0.62381736994958,0.889,0.849,1.33890876841497e-175,"ATP5IF1","Higher_in_TotalCell",0.04
1.64153853735568e-06,-0.625527405803805,0.186,0.14,0.0408168557313489,"ARFRP1","Higher_in_TotalCell",0.046
1.86410449470701e-07,-0.626059719349447,0.164,0.122,0.00463509582608898,"CCDC51","Higher_in_TotalCell",0.042
3.3493627124658e-224,-0.628855003933491,0.92,0.876,8.32819038454622e-220,"PFDN2","Higher_in_TotalCell",0.044
9.37336617759469e-08,-0.630151168293851,0.125,0.091,0.00233068750005892,"SLC18B1","Higher_in_TotalCell",0.034
2.85775824167865e-304,-0.632691661291779,0.956,0.934,7.10581586793395e-300,"MYL12B","Higher_in_TotalCell",0.0219999999999999
1.73657226758641e-120,-0.636733992620223,0.838,0.758,4.3179869433536e-116,"CBX3","Higher_in_TotalCell",0.08
4.68761806112564e-07,-0.636825000083378,0.3,0.222,0.0116557623089889,"CTNND1","Higher_in_TotalCell",0.078
5.79036288609976e-248,-0.638878566607496,0.911,0.874,1.43977373162871e-243,"OAZ1","Higher_in_TotalCell",0.037
2.64753514683312e-67,-0.639789439322804,0.783,0.695,6.58309614260056e-63,"HSPB11","Higher_in_TotalCell",0.0880000000000001
2.77971597205512e-15,-0.64058655646251,0.604,0.504,6.91176376451506e-11,"UQCRC2","Higher_in_TotalCell",0.1
2.7466461844205e-07,-0.641211142858134,0.179,0.134,0.00682953573756156,"KIAA1147","Higher_in_TotalCell",0.045
1.8151090381223e-49,-0.643387757107838,0.743,0.64,4.51326862329111e-45,"ZNF706","Higher_in_TotalCell",0.103
2.31557330498085e-195,-0.643540469586734,0.95,0.925,5.75767302283489e-191,"SLPI","Higher_in_TotalCell",0.0249999999999999
3.56842412740564e-07,-0.644129272390235,0.216,0.161,0.00887288659279411,"GALK2","Higher_in_TotalCell",0.055
3.98099467121095e-61,-0.644307513491911,0.293,0.416,9.89874324996604e-57,"IFI27","Higher_in_TotalCell",-0.123
3.13360790426324e-10,-0.647464517349441,0.237,0.17,7.79171605395055e-06,"LINC01588","Higher_in_TotalCell",0.067
1.08921733784052e-98,-0.648139443323909,0.809,0.72,2.70833891054044e-94,"PDIA3","Higher_in_TotalCell",0.0890000000000001
3.59350806394052e-42,-0.65085805347635,0.679,0.589,8.93525780098811e-38,"MRPL37","Higher_in_TotalCell",0.0900000000000001
2.86575358381769e-07,-0.653306686395952,0.105,0.077,0.00712569628616269,"BCAS4","Higher_in_TotalCell",0.028
0,-0.653735442330219,0.968,0.961,0,"ATP5F1E","Higher_in_TotalCell",0.00700000000000001
1.70847107920278e-24,-0.654350913280838,0.594,0.511,4.24811333843772e-20,"NDUFA12","Higher_in_TotalCell",0.083
3.000882424946e-60,-0.656378411324385,0.707,0.635,7.46169414962824e-56,"DDX21","Higher_in_TotalCell",0.072
3.76593703939699e-129,-0.658373204769784,0.806,0.747,9.36400244846061e-125,"PGAM1","Higher_in_TotalCell",0.0590000000000001
3.40744458122224e-45,-0.662810238508946,0.749,0.638,8.47261095120909e-41,"TMEM165","Higher_in_TotalCell",0.111
3.14710147500141e-225,-0.666844571227567,0.905,0.873,7.82526781759101e-221,"TM4SF1","Higher_in_TotalCell",0.032
1.8400095913059e-07,-0.667840594421489,0.317,0.234,0.00457518384878212,"SDC2","Higher_in_TotalCell",0.083
0,-0.669130831703281,0.859,0.892,0,"MT-ND5","Higher_in_TotalCell",-0.033
2.78130095778424e-57,-0.669790138817504,0.774,0.66,6.9157048315305e-53,"TAX1BP1","Higher_in_TotalCell",0.114
3.53849603353554e-297,-0.671170981381148,0.933,0.896,8.79847038738613e-293,"TMEM59","Higher_in_TotalCell",0.037
6.64920946889822e-07,-0.6738743716179,0.192,0.144,0.0165332593444154,"IFT22","Higher_in_TotalCell",0.048
1.94812392380303e-293,-0.67437912216273,0.897,0.868,4.84401013653623e-289,"SSR4","Higher_in_TotalCell",0.029
8.38264241954875e-180,-0.682734933398194,0.849,0.785,2.0843440376208e-175,"ST13","Higher_in_TotalCell",0.0639999999999999
4.69609742546278e-07,-0.686577032126566,0.208,0.155,0.0116768462484132,"EPHX3","Higher_in_TotalCell",0.053
6.62834530081163e-17,-0.68754276517041,0.575,0.488,1.64813805904681e-12,"ALG3","Higher_in_TotalCell",0.087
6.43085725939883e-319,-0.688496956464376,0.94,0.91,1.59903265754952e-314,"SKP1","Higher_in_TotalCell",0.0299999999999999
0,-0.691509224880046,0.931,0.91,0,"RBX1","Higher_in_TotalCell",0.021
9.62494887674e-09,-0.692429425351726,0.537,0.453,0.00023932435382014,"MALL","Higher_in_TotalCell",0.084
1.32580602282279e-45,-0.695032970419036,0.665,0.587,3.29661667574887e-41,"MRPL4","Higher_in_TotalCell",0.0780000000000001
1.4087523324367e-09,-0.699624294810005,0.538,0.447,3.50286267460385e-05,"DARS","Higher_in_TotalCell",0.091
7.68053921577129e-46,-0.70654821100426,0.663,0.579,1.90976607600153e-41,"RNF181","Higher_in_TotalCell",0.0840000000000001
8.11369120198815e-37,-0.708187212875423,0.474,0.475,2.01746931737435e-32,"PLSCR1","Higher_in_TotalCell",-0.001
8.65985775426129e-21,-0.708308248239997,0.615,0.52,2.15327363059707e-16,"SYF2","Higher_in_TotalCell",0.095
2.11415011817853e-08,-0.71082307011789,0.478,0.408,0.000525683426885092,"PSMC5","Higher_in_TotalCell",0.07
9.2044883897249e-32,-0.711450497299152,0.097,0.159,2.2886960381051e-27,"GJB6","Higher_in_TotalCell",-0.062
1.00406133963808e-41,-0.712064553885717,0.551,0.515,2.49659852101009e-37,"IRF2BP2","Higher_in_TotalCell",0.036
5.3805559765849e-09,-0.713965752800861,0.134,0.159,0.000133787524357783,"CCNA2","Higher_in_TotalCell",-0.025
1.56572731479765e-16,-0.716339338051728,0.575,0.482,3.89318096824437e-12,"RPL17","Higher_in_TotalCell",0.093
2.65831987671885e-18,-0.718852045533648,0.558,0.491,6.60991237346143e-14,"NR4A1","Higher_in_TotalCell",0.0670000000000001
1.75092907783366e-38,-0.71950024926261,0.725,0.604,4.3536851520334e-34,"DMAC1","Higher_in_TotalCell",0.121
0,-0.719688669256137,0.954,0.929,0,"NDUFA4","Higher_in_TotalCell",0.0249999999999999
6.01674758849592e-199,-0.720861807412643,0.87,0.818,1.49606428787951e-194,"PGK1","Higher_in_TotalCell",0.052
1.45412961768896e-06,-0.721834623684062,0.492,0.414,0.0361569329438359,"SLBP","Higher_in_TotalCell",0.078
8.06849298625223e-08,-0.721862097702271,0.136,0.099,0.00200623078103162,"MCM2","Higher_in_TotalCell",0.037
1.41362287051163e-18,-0.72285488727476,0.547,0.475,3.51497326752716e-14,"SAR1A","Higher_in_TotalCell",0.0720000000000001
2.74310698613338e-13,-0.723445221190534,0.235,0.163,6.82073552102064e-09,"AL355075.4","Higher_in_TotalCell",0.072
4.90941394806384e-35,-0.72517366268331,0.639,0.555,1.22072577818607e-30,"TCEA1","Higher_in_TotalCell",0.084
0,-0.725323369114888,0.945,0.924,0,"COX6C","Higher_in_TotalCell",0.0209999999999999
9.84133570950494e-07,-0.727751709935004,0.176,0.133,0.024470481241684,"CBX6","Higher_in_TotalCell",0.043
3.55316569767313e-77,-0.729693836468432,0.707,0.627,8.83494650726423e-73,"NDUFS8","Higher_in_TotalCell",0.08
1.23486738567248e-186,-0.730074940041352,0.829,0.767,3.07049775447461e-182,"MORF4L1","Higher_in_TotalCell",0.0619999999999999
4.18120970011963e-26,-0.730761756447222,0.59,0.51,1.03965779193475e-21,"PAIP2","Higher_in_TotalCell",0.08
6.48001106380516e-36,-0.731249900937176,0.631,0.546,1.61125475101515e-31,"DNAJC8","Higher_in_TotalCell",0.085
1.62820330487206e-35,-0.732213888456019,0.623,0.543,4.04852751756437e-31,"SYAP1","Higher_in_TotalCell",0.08
3.49929734240428e-14,-0.733959200746652,0.154,0.103,8.70100284188824e-10,"RNF152","Higher_in_TotalCell",0.051
2.40183628809332e-32,-0.736286330625989,0.591,0.521,5.97216593034403e-28,"DKC1","Higher_in_TotalCell",0.07
7.65534806003633e-52,-0.736878679938861,0.636,0.57,1.90350229512803e-47,"MRPL55","Higher_in_TotalCell",0.0660000000000001
1.02445657247715e-09,-0.73774403075174,0.428,0.393,2.54731126746444e-05,"H1F0","Higher_in_TotalCell",0.035
3.1669380472682e-11,-0.738682806976179,0.497,0.427,7.87459145453237e-07,"DDR1","Higher_in_TotalCell",0.07
1.95725334067347e-109,-0.739138278313982,0.756,0.689,4.86671043158459e-105,"TRA2B","Higher_in_TotalCell",0.0670000000000001
6.25382344590128e-138,-0.73917800989807,0.81,0.741,1.55501319982335e-133,"LSR","Higher_in_TotalCell",0.0690000000000001
2.88052261694712e-09,-0.739897280802971,0.479,0.409,7.16241948703902e-05,"RTF2","Higher_in_TotalCell",0.07
3.80549465573256e-36,-0.741580746523034,0.616,0.542,9.46236246147901e-32,"FAM213A","Higher_in_TotalCell",0.074
0,-0.742887481890561,0.996,0.997,0,"RPS29","Higher_in_TotalCell",-0.001
2.08667658738924e-296,-0.746647591885438,0.825,0.864,5.18852133454335e-292,"KRT6B","Higher_in_TotalCell",-0.039
2.23954838938777e-65,-0.747718961709437,0.733,0.638,5.56863707021268e-61,"TMEM14A","Higher_in_TotalCell",0.095
5.56927506182977e-11,-0.748870839915763,0.402,0.367,1.38480024412397e-06,"USP14","Higher_in_TotalCell",0.035
1.66586977155154e-121,-0.750201928142702,0.781,0.71,4.1421851869629e-117,"ATP1A1","Higher_in_TotalCell",0.0710000000000001
5.92696481705686e-227,-0.750774348118319,0.856,0.805,1.47373980176119e-222,"SPCS2","Higher_in_TotalCell",0.0509999999999999
9.93783175761925e-12,-0.751523836461885,0.497,0.428,2.47104186653203e-07,"POP7","Higher_in_TotalCell",0.069
5.79133594157942e-165,-0.754298469283581,0.821,0.758,1.44001568187372e-160,"TMCO1","Higher_in_TotalCell",0.0629999999999999
1.67286052058798e-64,-0.755360764280599,0.354,0.419,4.15956768444202e-60,"BGN","Higher_in_TotalCell",-0.065
1.49498017556841e-16,-0.755917997151754,0.217,0.252,3.71726820655086e-12,"TPX2","Higher_in_TotalCell",-0.035
2.45940016384408e-129,-0.756561070987538,0.672,0.659,6.1152985073983e-125,"PTMS","Higher_in_TotalCell",0.013
2.95127488806278e-09,-0.758295001172417,0.458,0.399,7.3383450091681e-05,"FAM210B","Higher_in_TotalCell",0.059
6.0634504545423e-192,-0.759272649853475,0.825,0.766,1.50767695552194e-187,"NEDD8","Higher_in_TotalCell",0.0589999999999999
5.18598894196668e-41,-0.761024271648452,0.581,0.526,1.28949615042001e-36,"NONO","Higher_in_TotalCell",0.0549999999999999
3.36273473750518e-26,-0.763650561571122,0.61,0.522,8.36143992480663e-22,"GSTK1","Higher_in_TotalCell",0.088
5.4132905694973e-52,-0.764037858389935,0.649,0.572,1.3460147001055e-47,"EIF6","Higher_in_TotalCell",0.0770000000000001
3.12650322307404e-108,-0.766283899764895,0.721,0.699,7.77405026417359e-104,"PNRC1","Higher_in_TotalCell",0.022
2.60039393117127e-19,-0.768512243120829,0.561,0.481,6.46587950985737e-15,"MFSD10","Higher_in_TotalCell",0.0800000000000001
1.47959436824563e-20,-0.771208547792338,0.553,0.475,3.67901139664275e-16,"ANXA11","Higher_in_TotalCell",0.0780000000000001
4.54181533742162e-302,-0.771645845922484,0.751,0.765,1.12932238364988e-297,"YWHAZ","Higher_in_TotalCell",-0.014
0,-0.77502134389561,0.909,0.897,0,"ENY2","Higher_in_TotalCell",0.012
1.50045262254609e-115,-0.776301273944078,0.711,0.665,3.73087544596084e-111,"TMEM50A","Higher_in_TotalCell",0.0459999999999999
9.59731334026702e-08,-0.778111738457578,0.449,0.389,0.0023863719620574,"GARS","Higher_in_TotalCell",0.06
1.08769500854003e-10,-0.778392825291908,0.475,0.419,2.7045536387348e-06,"PSAT1","Higher_in_TotalCell",0.056
1.11685389252486e-241,-0.778523973309147,0.993,0.994,2.77705720376306e-237,"CSTB","Higher_in_TotalCell",-0.001
2.59837820993753e-72,-0.779198151957842,0.638,0.595,6.46086741900967e-68,"TRAM1","Higher_in_TotalCell",0.043
2.99286447173664e-243,-0.779463259392399,0.861,0.815,7.44175750897315e-239,"GUK1","Higher_in_TotalCell",0.046
3.67740068128196e-111,-0.779744148208597,0.733,0.674,9.14385679400759e-107,"SRRM1","Higher_in_TotalCell",0.0589999999999999
1.34164387154749e-08,-0.781352379568672,0.392,0.353,0.000333599748660284,"CTNNBIP1","Higher_in_TotalCell",0.039
1.02499617019465e-66,-0.78411426206492,0.68,0.612,2.548652977189e-62,"SRI","Higher_in_TotalCell",0.0680000000000001
1.50582330807645e-39,-0.785670198075707,0.583,0.521,3.7442296555321e-35,"SH3GLB1","Higher_in_TotalCell",0.0619999999999999
1.16861209304947e-140,-0.786875503181046,0.792,0.719,2.90575396936752e-136,"CAPG","Higher_in_TotalCell",0.0730000000000001
1.65636805838481e-59,-0.787785069395089,0.635,0.573,4.11855917717384e-55,"EIF3I","Higher_in_TotalCell",0.0620000000000001
8.01388288911519e-57,-0.789880619085049,0.631,0.561,1.99265198037849e-52,"TOMM22","Higher_in_TotalCell",0.07
0,-0.789884391294845,0.996,0.996,0,"RPL37","Higher_in_TotalCell",0
2.36266580074571e-46,-0.791603857595259,0.241,0.33,5.87476851355422e-42,"CDKN3","Higher_in_TotalCell",-0.089
1.2945697653655e-09,-0.793580183303395,0.384,0.352,3.21894772158132e-05,"DCXR","Higher_in_TotalCell",0.032
2.6982320477257e-13,-0.79480445962604,0.404,0.371,6.70915398666996e-09,"ELAVL1","Higher_in_TotalCell",0.033
1.26793486409786e-44,-0.795389172961841,0.61,0.552,3.15272003957933e-40,"CAPZA1","Higher_in_TotalCell",0.0579999999999999
0,-0.795850514634685,0.998,0.999,0,"RPS27","Higher_in_TotalCell",-0.001
1.09652987595311e-24,-0.798657563376085,0.51,0.468,2.72652153655741e-20,"HMGB3","Higher_in_TotalCell",0.042
6.4048373091637e-59,-0.800719718341234,0.635,0.57,1.59256279692355e-54,"PSMD7","Higher_in_TotalCell",0.0650000000000001
8.38816983885434e-58,-0.8039243227218,0.621,0.561,2.08571843043113e-53,"SARAF","Higher_in_TotalCell",0.0599999999999999
1.65154214769668e-07,-0.806710559155369,0.33,0.308,0.00410655955024781,"TERF1","Higher_in_TotalCell",0.022
7.84240979198503e-11,-0.808277394521428,0.479,0.412,1.95001519477708e-06,"IMP3","Higher_in_TotalCell",0.067
1.51760232352214e-259,-0.809283397921476,0.893,0.87,3.7735181774378e-255,"HMGN2","Higher_in_TotalCell",0.023
0,-0.811377755672459,0.97,0.952,0,"TAGLN2","Higher_in_TotalCell",0.018
3.03265159376368e-71,-0.811685651949591,0.671,0.609,7.54068818789339e-67,"C9orf16","Higher_in_TotalCell",0.0620000000000001
2.21043963809204e-132,-0.813218616332288,0.748,0.685,5.49625816011585e-128,"EIF3G","Higher_in_TotalCell",0.0629999999999999
1.69896434513998e-11,-0.82069356329606,0.454,0.396,4.22447484419055e-07,"ARL3","Higher_in_TotalCell",0.058
5.16471971306936e-37,-0.821398502116392,0.571,0.508,1.2842075566547e-32,"PRDX3","Higher_in_TotalCell",0.0629999999999999
3.51275968240869e-46,-0.823011823855306,0.614,0.545,8.7344769503092e-42,"SMCO4","Higher_in_TotalCell",0.069
4.96687457517086e-288,-0.824778091917761,0.838,0.826,1.23501336311623e-283,"RAB2A","Higher_in_TotalCell",0.012
9.30264693695321e-09,-0.82518847457188,0.224,0.235,0.000231310316087342,"RNF213","Higher_in_TotalCell",-0.011
4.47628284251397e-50,-0.825549189087706,0.574,0.525,1.1130277287911e-45,"DDX18","Higher_in_TotalCell",0.0489999999999999
2.03237296425347e-52,-0.826830323510731,0.587,0.533,5.05349537561626e-48,"NDUFA2","Higher_in_TotalCell",0.0539999999999999
4.29972014774734e-58,-0.829547788132869,0.637,0.569,1.06912541473738e-53,"SELENOK","Higher_in_TotalCell",0.0680000000000001
4.05556534887197e-10,-0.831377967594428,0.411,0.367,1.00841632399702e-05,"FLOT1","Higher_in_TotalCell",0.044
2.06558202370556e-157,-0.832348594385798,0.761,0.755,5.13606970194389e-153,"SLC25A37","Higher_in_TotalCell",0.00600000000000001
1.17889707949908e-11,-0.832716944897105,0.437,0.389,2.93132758817445e-07,"CCDC167","Higher_in_TotalCell",0.048
3.73416976281191e-64,-0.832881513977029,0.629,0.567,9.28501311523182e-60,"SMS","Higher_in_TotalCell",0.0620000000000001
6.32797797743453e-31,-0.833988337073322,0.542,0.483,1.5734517240891e-26,"LYPLA1","Higher_in_TotalCell",0.0590000000000001
2.94070215734367e-217,-0.835682450786986,0.796,0.756,7.31205591423504e-213,"STOML2","Higher_in_TotalCell",0.04
6.41269985282156e-46,-0.839814554457456,0.587,0.527,1.59451781840408e-41,"UBE2A","Higher_in_TotalCell",0.0599999999999999
1.25943220879627e-33,-0.840498456787948,0.546,0.493,3.13157818717193e-29,"ANXA7","Higher_in_TotalCell",0.053
8.05285244024318e-266,-0.842080359593521,0.807,0.792,2.00234175926647e-261,"ELOC","Higher_in_TotalCell",0.015
0,-0.848669460568646,0.969,0.962,0,"TPI1","Higher_in_TotalCell",0.00700000000000001
8.71659574954958e-09,-0.849543837880149,0.402,0.357,0.00021673815331255,"EMG1","Higher_in_TotalCell",0.045
1.27434085886363e-50,-0.851586191266566,0.586,0.533,3.1686485455644e-46,"ATP6AP2","Higher_in_TotalCell",0.0529999999999999
1.12557682380307e-292,-0.852713937779641,0.878,0.84,2.79874677238633e-288,"NDUFS6","Higher_in_TotalCell",0.038
4.92113608708037e-07,-0.854513024523892,0.41,0.358,0.0122364048805253,"HSBP1L1","Higher_in_TotalCell",0.052
1.75838094317593e-31,-0.854834013256205,0.495,0.456,4.37221421520694e-27,"GSPT1","Higher_in_TotalCell",0.039
5.26075926701948e-07,-0.857315093162578,0.399,0.359,0.0130808779174439,"ATAD2","Higher_in_TotalCell",0.04
5.76256361660454e-270,-0.85853510223035,0.9,0.886,1.43286144326872e-265,"FOS","Higher_in_TotalCell",0.014
3.80819905566856e-09,-0.85904892926331,0.396,0.352,9.46908695191988e-05,"MAPRE1","Higher_in_TotalCell",0.044
4.56251413413132e-25,-0.859189127989383,0.494,0.443,1.13446913945175e-20,"TXN2","Higher_in_TotalCell",0.051
6.71337867305901e-15,-0.86250155015609,0.217,0.242,1.66928160705612e-10,"AZIN1","Higher_in_TotalCell",-0.025
1.09639503518062e-09,-0.863481896967029,0.412,0.365,2.72618625497661e-05,"SMIM19","Higher_in_TotalCell",0.047
2.25623674563607e-201,-0.863905057948915,0.779,0.738,5.61013266802408e-197,"UQCR11","Higher_in_TotalCell",0.041
4.52826096561674e-21,-0.864325468968521,0.389,0.377,1.1259520891006e-16,"PET100","Higher_in_TotalCell",0.012
1.16191015067394e-06,-0.864888198737676,0.335,0.308,0.0288908958965075,"LYPLA2","Higher_in_TotalCell",0.027
9.75154062566386e-08,-0.865204125518595,0.101,0.125,0.00242472057657132,"NMU","Higher_in_TotalCell",-0.024
2.05138669701453e-25,-0.86933063944636,0.537,0.473,5.10077302212663e-21,"SARS","Higher_in_TotalCell",0.0640000000000001
7.82956245198293e-308,-0.870325286828318,0.9,0.863,1.94682070368555e-303,"DEK","Higher_in_TotalCell",0.037
5.39082901880524e-203,-0.870633627353393,0.969,0.942,1.34042963552592e-198,"IER2","Higher_in_TotalCell",0.027
4.50232796764215e-19,-0.870730950897693,0.462,0.417,1.11950384915422e-14,"TAF12","Higher_in_TotalCell",0.045
8.78571932468879e-45,-0.872072658218453,0.565,0.506,2.18456911008387e-40,"MRPL13","Higher_in_TotalCell",0.0589999999999999
1.85123137515166e-20,-0.875629001703713,0.428,0.399,4.60308681431459e-16,"SBDS","Higher_in_TotalCell",0.029
1.15316273402391e-39,-0.876446359079054,0.559,0.502,2.86733913815045e-35,"COPS6","Higher_in_TotalCell",0.0570000000000001
3.73126852008562e-86,-0.877917421023261,0.63,0.592,9.27779917519289e-82,"UPF3A","Higher_in_TotalCell",0.038
2.0666287837137e-09,-0.879006077408965,0.386,0.349,5.13867247070412e-05,"INTS10","Higher_in_TotalCell",0.037
3.52826583411632e-127,-0.881078776476397,0.728,0.67,8.77303299653024e-123,"NDUFB1","Higher_in_TotalCell",0.0579999999999999
3.81515003797121e-07,-0.88142669593972,0.304,0.287,0.0094863705694154,"TMEM160","Higher_in_TotalCell",0.017
7.46058272549263e-24,-0.881784484910768,0.465,0.427,1.85507389469374e-19,"CCDC25","Higher_in_TotalCell",0.038
2.88430362753978e-173,-0.882346084831053,0.743,0.702,7.17182096987766e-169,"GABARAPL2","Higher_in_TotalCell",0.041
9.40366121873276e-11,-0.887520741311002,0.367,0.34,2.3382203620379e-06,"HEXB","Higher_in_TotalCell",0.027
1.62573149651117e-18,-0.888567918215974,0.452,0.413,4.04238136607502e-14,"AKAP9","Higher_in_TotalCell",0.039
7.31540116270441e-146,-0.893105945267659,0.711,0.667,1.81897449910645e-141,"GTF2A2","Higher_in_TotalCell",0.0439999999999999
3.98321617671108e-18,-0.893408399122023,0.489,0.434,9.90426702339209e-14,"PLIN2","Higher_in_TotalCell",0.055
6.58268661083212e-12,-0.894692599276019,0.396,0.36,1.63678502578341e-07,"DNTTIP1","Higher_in_TotalCell",0.036
1.42015163352345e-12,-0.89603040437216,0.384,0.353,3.53120703675606e-08,"ETF1","Higher_in_TotalCell",0.031
7.52493299116125e-10,-0.897784217180258,0.368,0.338,1.87107458825225e-05,"C1orf35","Higher_in_TotalCell",0.03
2.37885933788232e-294,-0.8989877017255,0.846,0.805,5.91503374364438e-290,"PSMD8","Higher_in_TotalCell",0.0409999999999999
1.14174958715637e-32,-0.900902487500811,0.489,0.456,2.83896034846433e-28,"SVIP","Higher_in_TotalCell",0.033
3.1821699843706e-16,-0.901007870933301,0.401,0.373,7.91246566613749e-12,"MIEN1","Higher_in_TotalCell",0.028
6.39510103609509e-82,-0.902155519643772,0.633,0.581,1.59014187262505e-77,"NAA20","Higher_in_TotalCell",0.052
0,-0.902383530254346,0.873,0.86,0,"LMNA","Higher_in_TotalCell",0.013
5.06908781375713e-51,-0.903731909950285,0.558,0.515,1.26042868489071e-46,"SRSF4","Higher_in_TotalCell",0.043
3.93118823947851e-18,-0.904499691394617,0.398,0.377,9.77489955746332e-14,"SPATS2L","Higher_in_TotalCell",0.021
1.2060041661637e-18,-0.906448168621632,0.454,0.409,2.99872935916604e-14,"GSTO1","Higher_in_TotalCell",0.045
8.0291548891087e-30,-0.907017138791145,0.481,0.444,1.99644936317688e-25,"TMED3","Higher_in_TotalCell",0.037
2.81850751286805e-39,-0.907094401802679,0.534,0.483,7.0082189307464e-35,"PRPF38A","Higher_in_TotalCell",0.051
1.09896277595702e-83,-0.914812740150756,0.579,0.568,2.73257094241714e-79,"TPD52L1","Higher_in_TotalCell",0.011
2.13356741886469e-07,-0.918030736141483,0.292,0.278,0.00530511538700704,"SMAD2","Higher_in_TotalCell",0.014
0,-0.921454599053958,0.863,0.838,0,"PPDPF","Higher_in_TotalCell",0.025
1.56069756825141e-45,-0.922271166728369,0.552,0.505,3.88067450345714e-41,"PKP1","Higher_in_TotalCell",0.047
9.55100216391557e-71,-0.922887706275363,0.334,0.403,2.37485668805761e-66,"CD44","Higher_in_TotalCell",-0.069
3.89164133023426e-56,-0.924130495735001,0.717,0.646,9.67656616762749e-52,"IER3","Higher_in_TotalCell",0.071
3.41440458781027e-52,-0.9246738947293,0.478,0.47,8.48991700759023e-48,"TIMM13","Higher_in_TotalCell",0.00800000000000001
2.07645381641421e-20,-0.926314287834375,0.183,0.118,5.16310241451393e-16,"COTL1","Higher_in_TotalCell",0.065
0,-0.926469854186442,0.987,0.998,0,"RPS20","Higher_in_TotalCell",-0.011
1.81103502049145e-15,-0.926634161968559,0.363,0.348,4.503138578452e-11,"SH3BGRL","Higher_in_TotalCell",0.015
4.26735896901544e-95,-0.926860894684263,0.581,0.573,1.06107880764569e-90,"FXYD5","Higher_in_TotalCell",0.00800000000000001
9.20081276117273e-55,-0.929536639645709,0.477,0.472,2.2877820930656e-50,"ZFAND6","Higher_in_TotalCell",0.005
4.4907990938359e-299,-0.930163698774388,0.828,0.791,1.1166371946823e-294,"MDH2","Higher_in_TotalCell",0.0369999999999999
7.79085600104879e-129,-0.930180868142615,0.711,0.656,1.93719634466078e-124,"ARPC1A","Higher_in_TotalCell",0.0549999999999999
7.95799103268083e-40,-0.93023444144089,0.471,0.452,1.97875447027609e-35,"FAM207A","Higher_in_TotalCell",0.019
1.17292469321378e-185,-0.930581471019445,0.723,0.693,2.91647724967606e-181,"UBE2D2","Higher_in_TotalCell",0.03
1.5551595014551e-13,-0.9308988757982,0.361,0.339,3.86690410036811e-09,"COPRS","Higher_in_TotalCell",0.022
1.31801626490794e-16,-0.9316708599335,0.431,0.39,3.27724744269359e-12,"PUM3","Higher_in_TotalCell",0.041
2.58565273642442e-17,-0.932018198431542,0.346,0.34,6.42922552911931e-13,"CCDC85B","Higher_in_TotalCell",0.00599999999999995
1.61066478280639e-11,-0.93263862141075,0.381,0.351,4.00491798244809e-07,"SAV1","Higher_in_TotalCell",0.03
3.39114338020757e-16,-0.935175451835489,0.296,0.309,8.43207801488612e-12,"GPNMB","Higher_in_TotalCell",-0.013
5.37761223880525e-14,-0.93671033023779,0.383,0.354,1.33714328317892e-09,"DGCR6L","Higher_in_TotalCell",0.029
7.98223098904207e-86,-0.937327243925664,0.631,0.588,1.98478173542531e-81,"CD47","Higher_in_TotalCell",0.043
2.06602858565104e-07,-0.940857440678127,0.31,0.289,0.00513718007822132,"NMRAL1","Higher_in_TotalCell",0.021
2.52420473926647e-10,-0.941969746751008,0.323,0.309,6.27643508418609e-06,"TPBG","Higher_in_TotalCell",0.014
9.43068962852406e-32,-0.942114782665579,0.452,0.43,2.34494097613251e-27,"OAZ2","Higher_in_TotalCell",0.022
1.0268613190184e-54,-0.942412838629294,0.509,0.487,2.55329066973925e-50,"VBP1","Higher_in_TotalCell",0.022
8.95364753938957e-35,-0.948275011001321,0.261,0.32,2.22632446066922e-30,"NUSAP1","Higher_in_TotalCell",-0.059
5.34269060956627e-08,-0.948522986110603,0.254,0.253,0.00132846002006865,"CREB3","Higher_in_TotalCell",0.001
2.59958108257651e-10,-0.949845432534276,0.272,0.272,6.4638583618265e-06,"TPD52L2","Higher_in_TotalCell",0
0,-0.950301219463858,0.845,0.83,0,"SNU13","Higher_in_TotalCell",0.015
4.78559965264024e-80,-0.951768742063962,0.592,0.555,1.18993935362899e-75,"SMARCA4","Higher_in_TotalCell",0.0369999999999999
4.67949440980618e-10,-0.952060269965826,0.304,0.293,1.16355628499831e-05,"HSD17B12","Higher_in_TotalCell",0.011
5.77281254714668e-22,-0.953081626243236,0.429,0.4,1.43540983984802e-17,"SFT2D2","Higher_in_TotalCell",0.029
5.19623296320876e-20,-0.953827538848995,0.452,0.421,1.29204332630186e-15,"DNAJC3","Higher_in_TotalCell",0.031
2.00211849839022e-121,-0.95392399549355,0.671,0.63,4.97826764624728e-117,"UBE2B","Higher_in_TotalCell",0.041
9.19878039557419e-31,-0.954432993110604,0.12,0.18,2.28727674535952e-26,"IRF1","Higher_in_TotalCell",-0.06
8.69255706047018e-12,-0.95482523214287,0.304,0.3,2.16140431308591e-07,"PALLD","Higher_in_TotalCell",0.004
6.61241008584664e-20,-0.954877547097823,0.442,0.402,1.64417576784577e-15,"NDUFAF3","Higher_in_TotalCell",0.04
3.06594263727601e-29,-0.955332674535736,0.42,0.408,7.62346636758681e-25,"ZCCHC17","Higher_in_TotalCell",0.012
6.89951472837808e-08,-0.955342897428575,0.3,0.284,0.00171556433721121,"PLBD1","Higher_in_TotalCell",0.016
2.58750025642445e-60,-0.956226038622742,0.503,0.49,6.4338193875994e-56,"VDAC3","Higher_in_TotalCell",0.013
2.20965950398e-07,-0.95686256994176,0.231,0.232,0.00549431835664627,"DESI1","Higher_in_TotalCell",-0.001
3.48729161156511e-11,-0.958263061619862,0.326,0.31,8.67115059215664e-07,"SRA1","Higher_in_TotalCell",0.016
3.23111550294482e-160,-0.958558581424224,0.702,0.663,8.03416869807229e-156,"CMPK1","Higher_in_TotalCell",0.0389999999999999
1.20200412736962e-24,-0.95878007433778,0.435,0.406,2.98878326270457e-20,"OSTF1","Higher_in_TotalCell",0.029
3.58366751693948e-202,-0.959830524046922,0.764,0.722,8.91078928087001e-198,"GIPC1","Higher_in_TotalCell",0.042
9.33959337049827e-17,-0.960105561701561,0.386,0.361,2.3222898915744e-12,"NPM3","Higher_in_TotalCell",0.025
6.07608623476796e-07,-0.960895265358304,0.364,0.325,0.0151081884227505,"CRIP2","Higher_in_TotalCell",0.039
1.45481015765379e-157,-0.961892679550534,0.733,0.685,3.61738545700614e-153,"RSL24D1","Higher_in_TotalCell",0.0479999999999999
1.12646967251804e-321,-0.963559709658127,0.895,0.87,2.80096684071611e-317,"ZFP36L1","Higher_in_TotalCell",0.025
2.78174604430706e-286,-0.968330673676388,0.793,0.76,6.9168115391695e-282,"RHOA","Higher_in_TotalCell",0.033
9.32282247436835e-184,-0.969741140062584,0.692,0.678,2.31811980825169e-179,"NUDC","Higher_in_TotalCell",0.0139999999999999
6.06716837700079e-62,-0.972898476592395,0.533,0.505,1.50860141694125e-57,"EMD","Higher_in_TotalCell",0.028
1.72515566601845e-15,-0.972976590817434,0.391,0.362,4.28959956355487e-11,"EAPP","Higher_in_TotalCell",0.029
3.857099247915e-10,-0.973534827984607,0.35,0.324,9.59067727994064e-06,"HMGXB4","Higher_in_TotalCell",0.026
8.53115754508605e-39,-0.973675190398024,0.167,0.244,2.12127232358565e-34,"CDCA3","Higher_in_TotalCell",-0.077
8.86244740645506e-12,-0.973945352551151,0.332,0.318,2.20364754761505e-07,"PRPF6","Higher_in_TotalCell",0.014
7.45917743984024e-25,-0.974451640067622,0.367,0.367,1.85472447041628e-20,"TMEM70","Higher_in_TotalCell",0
1.57297938384756e-07,-0.974852281550143,0.097,0.118,0.00391121323793696,"FAM173A","Higher_in_TotalCell",-0.021
5.17879078639582e-08,-0.975032171695747,0.278,0.27,0.00128770632903732,"PNRC2","Higher_in_TotalCell",0.00800000000000001
7.48500116484813e-82,-0.977025082746328,0.576,0.546,1.86114553963949e-77,"MEA1","Higher_in_TotalCell",0.0299999999999999
2.54306851269416e-307,-0.977319506033849,0.839,0.808,6.32333985681402e-303,"MAP3K13","Higher_in_TotalCell",0.0309999999999999
3.50957978176987e-65,-0.98099778135061,0.542,0.517,8.72657012737079e-61,"CMSS1","Higher_in_TotalCell",0.025
7.79127866435043e-07,-0.981277627556074,0.304,0.284,0.0193730143989074,"APOO","Higher_in_TotalCell",0.02
3.32673037927981e-18,-0.986672954392607,0.358,0.346,8.27191508807924e-14,"HEBP1","Higher_in_TotalCell",0.012
1.18328311962389e-45,-0.991525307972918,0.567,0.52,2.9422334769448e-41,"SDF2L1","Higher_in_TotalCell",0.0469999999999999
0,-0.992533370961891,0.826,0.849,0,"MIF","Higher_in_TotalCell",-0.023
1.15025528698934e-08,-0.992934242141461,0.346,0.316,0.000286010977109899,"SRD5A3","Higher_in_TotalCell",0.03
3.23338480811116e-08,-0.992992753171695,0.267,0.262,0.00080398113253684,"MAGT1","Higher_in_TotalCell",0.005
2.09456144112302e-08,-0.99656457451293,0.235,0.239,0.000520812702335239,"PDXDC1","Higher_in_TotalCell",-0.004
1.53267925627705e-07,-0.996570319412475,0.246,0.244,0.00381100697073288,"SEZ6L2","Higher_in_TotalCell",0.002
1.78945557931432e-61,-0.997035258335683,0.494,0.489,4.44948129796505e-57,"BUB3","Higher_in_TotalCell",0.005
5.06595852216774e-18,-0.997749823388624,0.283,0.301,1.25965058653701e-13,"DLX5","Higher_in_TotalCell",-0.018
7.88649793049098e-17,-0.99793574384062,0.362,0.345,1.96097771041658e-12,"C7orf50","Higher_in_TotalCell",0.017
0,-0.998443124649784,0.815,0.796,0,"VDAC1","Higher_in_TotalCell",0.0189999999999999
3.17868244737952e-35,-0.998497295473878,0.453,0.43,7.90379390540916e-31,"BRIX1","Higher_in_TotalCell",0.023
1.05300458162433e-42,-0.998757869701364,0.504,0.467,2.61829589220889e-38,"RPA3","Higher_in_TotalCell",0.037
6.44627830575417e-10,-1.00182701052003,0.343,0.319,1.60286710072578e-05,"INO80C","Higher_in_TotalCell",0.024
7.03170136448512e-17,-1.00434198205219,0.353,0.34,1.74843254427923e-12,"SMIM12","Higher_in_TotalCell",0.013
4.59993666073072e-43,-1.0060660859871,0.451,0.439,1.14377425069069e-38,"PHF5A","Higher_in_TotalCell",0.012
1.46184105981148e-10,-1.00743695955016,0.28,0.276,3.63486779522125e-06,"COPS2","Higher_in_TotalCell",0.004
0,-1.00901736274726,0.918,0.915,0,"RPL36A","Higher_in_TotalCell",0.003
6.74329521180276e-268,-1.01071792732346,0.848,0.834,1.67672035441476e-263,"ELF3","Higher_in_TotalCell",0.014
4.94748921853881e-09,-1.01164945395731,0.238,0.242,0.000123019319418967,"ABHD13","Higher_in_TotalCell",-0.004
1.8911658837853e-256,-1.01185628041731,0.776,0.763,4.70238397003215e-252,"SH3BGRL3","Higher_in_TotalCell",0.013
0,-1.01428188793796,0.922,0.916,0,"LDHA","Higher_in_TotalCell",0.00600000000000001
4.92925987479975e-65,-1.01460888613139,0.505,0.492,1.22566046786896e-60,"AUP1","Higher_in_TotalCell",0.013
9.02287138220438e-07,-1.01462212196975,0.218,0.221,0.0224353696918512,"RIDA","Higher_in_TotalCell",-0.003
1.51742796176859e-247,-1.01631351937987,0.742,0.722,3.77308462693759e-243,"PSMA2","Higher_in_TotalCell",0.02
6.92968739410517e-49,-1.01696589481195,0.258,0.327,1.72306677054425e-44,"PSMB8","Higher_in_TotalCell",-0.069
2.0476656654894e-13,-1.01704855041269,0.303,0.3,5.09152067723939e-09,"ARMC1","Higher_in_TotalCell",0.003
5.37513597820487e-27,-1.01767958870264,0.348,0.358,1.33652756098064e-22,"CHMP4C","Higher_in_TotalCell",-0.01
0,-1.02224369002474,0.942,0.955,0,"SNRPG","Higher_in_TotalCell",-0.013
0,-1.02292412159158,0.985,0.995,0,"MT-ND4","Higher_in_TotalCell",-0.01
9.35152947288677e-64,-1.02573385343496,0.499,0.486,2.32525780343329e-59,"GLRX3","Higher_in_TotalCell",0.013
1.94474645704308e-06,-1.02641084465236,0.274,0.26,0.0483561206543761,"NDFIP2","Higher_in_TotalCell",0.014
1.24520575770152e-72,-1.02713661326072,0.527,0.517,3.09620411652483e-68,"UAP1","Higher_in_TotalCell",0.01
4.98753266401401e-85,-1.02813854798785,0.514,0.519,1.24014999690708e-80,"MPG","Higher_in_TotalCell",-0.005
1.60051482220615e-17,-1.02907330434105,0.103,0.142,3.9796801054156e-13,"KIF23","Higher_in_TotalCell",-0.039
1.43515725382333e-10,-1.029665288535,0.271,0.271,3.56851851163172e-06,"OXR1","Higher_in_TotalCell",0
3.26286119023621e-100,-1.0355027685661,0.598,0.572,8.11310434952233e-96,"RALA","Higher_in_TotalCell",0.026
2.01279650761134e-17,-1.03791957452953,0.339,0.331,5.0048185161756e-13,"GOLPH3","Higher_in_TotalCell",0.00800000000000001
5.89408395777763e-27,-1.03865242654211,0.186,0.236,1.46556397610141e-22,"PDLIM5","Higher_in_TotalCell",-0.05
7.62761319643812e-09,-1.04261953248913,0.236,0.239,0.000189660602129434,"UBN1","Higher_in_TotalCell",-0.003
3.6627748288372e-54,-1.04396196304186,0.585,0.536,9.10748961190369e-50,"CDKN1A","Higher_in_TotalCell",0.0489999999999999
1.56011271119776e-11,-1.04408339972018,0.293,0.286,3.87922025639324e-07,"TBC1D7","Higher_in_TotalCell",0.00700000000000001
4.50294646805306e-290,-1.04463777661252,0.757,0.749,1.11965763928139e-285,"SRRM2","Higher_in_TotalCell",0.00800000000000001
0,-1.04472872517904,0.879,0.859,0,"S100A16","Higher_in_TotalCell",0.02
9.58213071100382e-51,-1.04557755972322,0.479,0.462,2.3825968012911e-46,"NXT1","Higher_in_TotalCell",0.017
4.4591436521909e-09,-1.04573441732324,0.266,0.261,0.000110876606911727,"CHTF8","Higher_in_TotalCell",0.005
3.37552807607905e-32,-1.04938158106228,0.362,0.382,8.39325056117055e-28,"MIA","Higher_in_TotalCell",-0.02
2.04790229443025e-07,-1.04969520533149,0.399,0.351,0.00509210905510082,"CDC42SE1","Higher_in_TotalCell",0.048
1.65214202835541e-97,-1.0500951488972,0.571,0.554,4.10805115350574e-93,"ADIPOR1","Higher_in_TotalCell",0.0169999999999999
0,-1.05027978931097,0.944,0.985,0,"MT-ND3","Higher_in_TotalCell",-0.041
8.73209940898806e-85,-1.05531334877377,0.549,0.546,2.17123651804488e-80,"HERPUD1","Higher_in_TotalCell",0.003
4.24963481644489e-53,-1.05623343139585,0.458,0.457,1.05667169710902e-48,"IK","Higher_in_TotalCell",0.001
5.76024099755747e-129,-1.05866619143359,0.726,0.688,1.43228392404267e-124,"HMGB2","Higher_in_TotalCell",0.038
5.17061002717555e-09,-1.0586843853977,0.242,0.243,0.00012856721832572,"TMEM126B","Higher_in_TotalCell",-0.001
3.38063707593641e-10,-1.05886477494895,0.105,0.131,8.40595408931588e-06,"USP53","Higher_in_TotalCell",-0.026
1.37287364258317e-17,-1.05965798155297,0.307,0.311,3.41365031228304e-13,"NARF","Higher_in_TotalCell",-0.004
2.53310619053021e-168,-1.05966023851335,0.643,0.635,6.29856854275337e-164,"LAMTOR1","Higher_in_TotalCell",0.00800000000000001
9.46892797657692e-139,-1.06009062723116,0.603,0.603,2.35444894137585e-134,"CDC37","Higher_in_TotalCell",0
9.71001091789728e-13,-1.06240460877966,0.247,0.257,2.41439421473516e-08,"RAB6A","Higher_in_TotalCell",-0.01
1.82649069194199e-07,-1.0628139829815,0.19,0.199,0.00454156910551376,"FGFR1OP2","Higher_in_TotalCell",-0.00900000000000001
3.12340112862607e-57,-1.06358573424293,0.423,0.441,7.76633690632871e-53,"PYCR1","Higher_in_TotalCell",-0.018
6.57689862074219e-15,-1.0678848502791,0.27,0.278,1.63534584204755e-10,"CDK16","Higher_in_TotalCell",-0.00800000000000001
1.68059557100654e-11,-1.06813228454335,0.278,0.278,4.17880088730777e-07,"SPSB3","Higher_in_TotalCell",0
1.63342333674409e-13,-1.06938046752911,0.221,0.239,4.06150712681419e-09,"PRKX","Higher_in_TotalCell",-0.018
9.11770851709801e-07,-1.06942269135528,0.149,0.163,0.0226711822277642,"DBF4","Higher_in_TotalCell",-0.014
1.4006550418258e-09,-1.06988672511557,0.242,0.245,3.48272876149986e-05,"PPAN","Higher_in_TotalCell",-0.003
5.17693242215019e-19,-1.06995479332395,0.238,0.262,1.28724424676764e-14,"NECTIN2","Higher_in_TotalCell",-0.024
3.77899814126895e-31,-1.07027529014271,0.145,0.208,9.39647887826525e-27,"AURKB","Higher_in_TotalCell",-0.063
5.83705663058848e-283,-1.07112452832159,0.787,0.765,1.45138413119583e-278,"CNN3","Higher_in_TotalCell",0.022
1.23561595535806e-60,-1.07114395423137,0.462,0.466,3.07235907299781e-56,"CARD19","Higher_in_TotalCell",-0.004
2.00485582362132e-24,-1.07156514182243,0.321,0.333,4.98507400543441e-20,"CRELD2","Higher_in_TotalCell",-0.012
1.33238264744954e-08,-1.07189817175173,0.27,0.266,0.000331296945288328,"CHP1","Higher_in_TotalCell",0.004
1.79822836666718e-13,-1.07281542505536,0.308,0.301,4.47129483371793e-09,"RPA2","Higher_in_TotalCell",0.00700000000000001
4.45912465817371e-15,-1.07547507096758,0.3,0.299,1.10876134625489e-10,"TOX4","Higher_in_TotalCell",0.001
1.25009516684224e-23,-1.07704099918932,0.411,0.39,3.10836163235322e-19,"DHCR7","Higher_in_TotalCell",0.021
1.67723827873774e-07,-1.07721320236883,0.222,0.226,0.0041704529800814,"ERRFI1","Higher_in_TotalCell",-0.004
1.03317338997605e-79,-1.07756296290536,0.478,0.49,2.56898563417544e-75,"UBE2V2","Higher_in_TotalCell",-0.012
5.01143749127716e-18,-1.07833117274745,0.281,0.291,1.24609393220606e-13,"SLC25A1","Higher_in_TotalCell",-0.00999999999999995
0,-1.08026260009624,0.941,0.934,0,"CD24","Higher_in_TotalCell",0.0069999999999999
1.93985027728161e-152,-1.08038718835613,0.626,0.626,4.82343771446072e-148,"SPTSSA","Higher_in_TotalCell",0
3.67862607810916e-08,-1.08057948318372,0.142,0.16,0.000914690374321842,"MSRB1","Higher_in_TotalCell",-0.018
5.94926523820604e-97,-1.08222871460091,0.582,0.562,1.47928480147993e-92,"BACE2","Higher_in_TotalCell",0.0199999999999999
2.09280021361142e-203,-1.08750068843688,0.677,0.674,5.20374773114481e-199,"CALD1","Higher_in_TotalCell",0.003
8.22935869231131e-07,-1.08842935038402,0.244,0.238,0.0204623003884321,"RHNO1","Higher_in_TotalCell",0.00600000000000001
1.57432318974215e-115,-1.08887457724699,0.58,0.565,3.91455461129386e-111,"TPGS2","Higher_in_TotalCell",0.015
7.04956433032734e-216,-1.08894975776358,0.639,0.663,1.75287417073589e-211,"EIF5B","Higher_in_TotalCell",-0.024
2.48617784616125e-54,-1.08919052948336,0.438,0.441,6.18188121447995e-50,"BUD23","Higher_in_TotalCell",-0.003
0,-1.092505730303,0.901,0.881,0,"EMP2","Higher_in_TotalCell",0.02
7.39313031424371e-13,-1.09451990011264,0.302,0.296,1.8383018526367e-08,"SGCE","Higher_in_TotalCell",0.00600000000000001
4.66513996201164e-08,-1.09536976412614,0.096,0.119,0.00115998705155419,"PLK1","Higher_in_TotalCell",-0.023
5.432705418209e-32,-1.09657388029572,0.386,0.382,1.35084220223767e-27,"CMAS","Higher_in_TotalCell",0.004
0,-1.09786662458511,0.931,0.941,0,"DSTN","Higher_in_TotalCell",-0.0099999999999999
0,-1.1003509062288,0.914,0.913,0,"UQCRQ","Higher_in_TotalCell",0.001
6.49202275797886e-08,-1.100573067547,0.213,0.219,0.00161424145877144,"RPRD1A","Higher_in_TotalCell",-0.00600000000000001
7.26515463431997e-28,-1.10078459718394,0.354,0.358,1.80648069982366e-23,"NUDT1","Higher_in_TotalCell",-0.004
5.13895141019926e-09,-1.10120820613408,0.242,0.244,0.000127780026814605,"CT83","Higher_in_TotalCell",-0.002
0,-1.10513406188461,0.835,0.85,0,"CYCS","Higher_in_TotalCell",-0.015
2.94543034116336e-89,-1.10557678150343,0.424,0.47,7.32381254330269e-85,"MRPL12","Higher_in_TotalCell",-0.046
4.97326596890423e-111,-1.1057427212367,0.627,0.606,1.23660258316804e-106,"SFN","Higher_in_TotalCell",0.021
3.52572241500851e-102,-1.10580148266894,0.545,0.548,8.76670878491866e-98,"CKLF","Higher_in_TotalCell",-0.003
5.57158445840355e-22,-1.10645050977908,0.219,0.253,1.38537447558204e-17,"CAPN2","Higher_in_TotalCell",-0.034
6.7373871222682e-09,-1.10689413981596,0.092,0.116,0.000167525130795199,"KIF2C","Higher_in_TotalCell",-0.024
1.27239233565687e-229,-1.11386710520642,0.706,0.691,3.16380354261081e-225,"CD99","Higher_in_TotalCell",0.015
6.335321765489e-09,-1.11498580721756,0.136,0.156,0.000157527775698884,"NPLOC4","Higher_in_TotalCell",-0.02
1.11523962717162e-39,-1.11851015681638,0.353,0.377,2.77304333296222e-35,"ANKRD10","Higher_in_TotalCell",-0.024
7.28155209013644e-09,-1.11855357723822,0.099,0.122,0.000181055792721243,"TAP2","Higher_in_TotalCell",-0.023
6.57014928752492e-10,-1.11871302693178,0.18,0.196,1.63366762034307e-05,"UBL7","Higher_in_TotalCell",-0.016
1.52496471421892e-285,-1.11970399802333,0.708,0.708,3.79182476190535e-281,"SEC11A","Higher_in_TotalCell",0
3.39984550819978e-29,-1.1197746297492,0.454,0.296,8.45371585613876e-25,"IGFBP3","Higher_in_TotalCell",0.158
8.22568359033221e-10,-1.11996220943264,0.18,0.196,2.0453162247361e-05,"IGSF8","Higher_in_TotalCell",-0.016
8.25961275550414e-08,-1.12039890849623,0.118,0.137,0.0020537527116561,"PCK2","Higher_in_TotalCell",-0.019
0,-1.12273641246091,0.849,0.834,0,"TSTD1","Higher_in_TotalCell",0.015
1.2408253538834e-34,-1.12327520144024,0.385,0.386,3.08531224243109e-30,"DYNC1LI2","Higher_in_TotalCell",-0.001
0,-1.12335924059366,0.999,1,0,"RPL39","Higher_in_TotalCell",-0.001
1.35030700909323e-07,-1.12414166511713,0.098,0.118,0.00335753837811031,"PREP","Higher_in_TotalCell",-0.02
9.53676884974927e-08,-1.1242068608007,0.147,0.163,0.00237131757449016,"ANKRD13D","Higher_in_TotalCell",-0.016
1.86161194244894e-89,-1.12491787270916,0.566,0.559,4.62889809489929e-85,"RND3","Higher_in_TotalCell",0.0069999999999999
9.48664701978307e-41,-1.12734912629168,0.48,0.45,2.35885478146906e-36,"ARPC1B","Higher_in_TotalCell",0.03
3.68911963879754e-10,-1.12763228469905,0.217,0.227,9.17299598187008e-06,"HAGH","Higher_in_TotalCell",-0.01
5.03254650326969e-10,-1.12967357324295,0.245,0.247,1.25134268803801e-05,"SIGMAR1","Higher_in_TotalCell",-0.002
0,-1.13092228163947,0.953,0.958,0,"SUB1","Higher_in_TotalCell",-0.005
6.86926173284644e-75,-1.13165925945852,0.432,0.459,1.70804192987227e-70,"CYB5R3","Higher_in_TotalCell",-0.027
0,-1.1336457858448,0.993,0.998,0,"TMSB10","Higher_in_TotalCell",-0.005
1.91071010778492e-53,-1.13437333098815,0.422,0.432,4.75098068300719e-49,"NSD3","Higher_in_TotalCell",-0.01
5.41911743608547e-12,-1.13476099575391,0.172,0.194,1.34746355048265e-07,"VKORC1L1","Higher_in_TotalCell",-0.022
6.99492632202258e-60,-1.13482558207985,0.415,0.432,1.73928842997091e-55,"SLC39A1","Higher_in_TotalCell",-0.017
5.92843316953042e-67,-1.13518371369671,0.44,0.454,1.47410490760374e-62,"PPP2CA","Higher_in_TotalCell",-0.014
7.18707213457507e-257,-1.1369098301396,0.69,0.693,1.78706548626209e-252,"POLR2J","Higher_in_TotalCell",-0.003
9.05356368058946e-11,-1.13715792745845,0.118,0.144,2.25116860917857e-06,"WEE1","Higher_in_TotalCell",-0.026
0,-1.13859302206658,0.831,0.831,0,"ATP1B3","Higher_in_TotalCell",0
6.04872724589867e-15,-1.13877446730873,0.17,0.2,1.5040160296927e-10,"ARIH1","Higher_in_TotalCell",-0.03
0,-1.1389177464646,0.868,0.834,0,"IDH2","Higher_in_TotalCell",0.034
2.36368205460076e-24,-1.14057599693163,0.331,0.335,5.8772954287648e-20,"NKAP","Higher_in_TotalCell",-0.004
2.59002066861888e-25,-1.14085553474203,0.329,0.336,6.44008639252084e-21,"PDLIM2","Higher_in_TotalCell",-0.00700000000000001
1.73859225600474e-312,-1.14215299621927,0.711,0.719,4.32300964455579e-308,"AP2S1","Higher_in_TotalCell",-0.00800000000000001
1.78355186461998e-290,-1.14225341360076,0.689,0.708,4.43480171137759e-286,"TXNL4A","Higher_in_TotalCell",-0.019
1.10411883952456e-23,-1.14269444798228,0.32,0.325,2.74539149447782e-19,"LCMT1","Higher_in_TotalCell",-0.005
3.65840350896038e-58,-1.14423757065929,0.388,0.414,9.09662032502999e-54,"IDH3G","Higher_in_TotalCell",-0.026
2.1619320361821e-09,-1.14476240208376,0.114,0.137,5.37564400796679e-05,"JMJD4","Higher_in_TotalCell",-0.023
2.01024740580013e-202,-1.14527799034923,0.655,0.692,4.99848017452202e-198,"HIST1H4C","Higher_in_TotalCell",-0.0369999999999999
4.76394919977785e-40,-1.14763002931911,0.313,0.347,1.18455596852476e-35,"YWHAG","Higher_in_TotalCell",-0.034
8.37453646433376e-48,-1.14859549285035,0.169,0.254,2.08232849185659e-43,"MKI67","Higher_in_TotalCell",-0.085
7.58976253534056e-151,-1.14907358062811,0.583,0.593,1.88719445441243e-146,"NDUFB6","Higher_in_TotalCell",-0.01
5.79466350332694e-20,-1.14910979163849,0.327,0.326,1.44084308010224e-15,"TARS","Higher_in_TotalCell",0.001
7.16799882554727e-163,-1.14916861220254,0.624,0.623,1.78232290797233e-158,"WASF2","Higher_in_TotalCell",0.001
2.51239929812395e-162,-1.15071807587387,0.608,0.609,6.24708085478521e-158,"RALBP1","Higher_in_TotalCell",-0.001
9.22056999545132e-08,-1.15142682000534,0.206,0.212,0.00229269472936897,"ADAM10","Higher_in_TotalCell",-0.00600000000000001
7.69970550484062e-26,-1.15230484121935,0.385,0.372,1.91453177377862e-21,"HNRNPL","Higher_in_TotalCell",0.013
2.39561320418889e-52,-1.15345072200069,0.387,0.409,5.95669223221568e-48,"SEPT9","Higher_in_TotalCell",-0.022
1.25096105710648e-140,-1.15363432340081,0.041,0.19,3.11051466849527e-136,"HLA-DPA1","Higher_in_TotalCell",-0.149
4.22368095167493e-112,-1.15518021793606,0.49,0.523,1.05021826863397e-107,"NARS","Higher_in_TotalCell",-0.033
1.75676015728544e-28,-1.15652038864813,0.325,0.337,4.36818413109025e-24,"C15orf61","Higher_in_TotalCell",-0.012
6.6602481871347e-08,-1.15790109065062,0.16,0.174,0.00165607071173104,"SDR39U1","Higher_in_TotalCell",-0.014
8.69719080757612e-07,-1.15798144097206,0.159,0.17,0.021625564943038,"CUX1","Higher_in_TotalCell",-0.011
2.67283624056631e-09,-1.15855145184635,0.182,0.196,6.64600731216813e-05,"SORD","Higher_in_TotalCell",-0.014
9.74696674953089e-35,-1.15888299809808,0.323,0.347,2.42358328227086e-30,"RAB40B","Higher_in_TotalCell",-0.024
9.18118846618366e-07,-1.15919753651401,0.24,0.235,0.0228290251211657,"TUSC1","Higher_in_TotalCell",0.005
7.53461229542036e-12,-1.15948328245645,0.23,0.239,1.87348134725627e-07,"ISY1","Higher_in_TotalCell",-0.00899999999999998
1.94817909118977e-12,-1.16113008785839,0.194,0.214,4.84414731024337e-08,"AFDN","Higher_in_TotalCell",-0.02
1.69409159443845e-53,-1.16145618298841,0.35,0.387,4.21235874957121e-49,"FAM133B","Higher_in_TotalCell",-0.037
6.3948787249099e-07,-1.16167122164933,0.12,0.136,0.0159008659494885,"EFHD2","Higher_in_TotalCell",-0.016
3.55548453051956e-12,-1.16296300185051,0.213,0.229,8.84071228513688e-08,"GOLT1B","Higher_in_TotalCell",-0.016
4.02247847720314e-24,-1.16308820648232,0.32,0.327,1.00018927335656e-19,"WBP11","Higher_in_TotalCell",-0.00700000000000001
5.71180350642653e-11,-1.16322972234117,0.215,0.226,1.42023994187296e-06,"SLC2A4RG","Higher_in_TotalCell",-0.011
1.66400477800129e-06,-1.16434455637708,0.167,0.177,0.0413754788050022,"BARX2","Higher_in_TotalCell",-0.00999999999999998
2.77226442823463e-31,-1.16896934877064,0.337,0.35,6.89323550080542e-27,"CUL4A","Higher_in_TotalCell",-0.013
9.29434813556354e-14,-1.16928351998816,0.232,0.245,2.31103966390787e-09,"GDI1","Higher_in_TotalCell",-0.013
2.69225333533415e-08,-1.1704790311276,0.152,0.169,0.000669428791830836,"C16orf87","Higher_in_TotalCell",-0.017
5.79183866945391e-12,-1.1705361676003,0.21,0.227,1.44014068515972e-07,"VSNL1","Higher_in_TotalCell",-0.017
8.34266043912165e-26,-1.17081822223862,0.346,0.349,2.0744025181876e-21,"C6orf132","Higher_in_TotalCell",-0.003
4.60373043209164e-85,-1.17171538431465,0.448,0.483,1.14471757193959e-80,"WTAP","Higher_in_TotalCell",-0.035
7.41038521600215e-48,-1.17258261646934,0.39,0.403,1.84259228395893e-43,"PFDN1","Higher_in_TotalCell",-0.013
9.89079835064255e-15,-1.17300042171215,0.123,0.156,2.45934700988727e-10,"SHISA5","Higher_in_TotalCell",-0.033
2.99514457290936e-159,-1.17331929939095,0.569,0.584,7.44742698053912e-155,"HSD17B10","Higher_in_TotalCell",-0.015
1.06468673910934e-38,-1.17349764022073,0.3,0.346,2.64734357679538e-34,"VEGFA","Higher_in_TotalCell",-0.046
7.19701482616839e-07,-1.17372314990225,0.151,0.164,0.0178953773652677,"MSL3","Higher_in_TotalCell",-0.013
3.55801843847454e-07,-1.17426200609833,0.11,0.128,0.00884701284726695,"OSGIN2","Higher_in_TotalCell",-0.018
3.55084213622652e-09,-1.17503079801267,0.091,0.114,8.82916897172725e-05,"MND1","Higher_in_TotalCell",-0.023
1.01609298974247e-261,-1.17775013910256,0.288,0.549,2.52651521899465e-257,"UBE2C","Higher_in_TotalCell",-0.261
2.62304945355191e-13,-1.17775628759061,0.245,0.254,6.52221246625683e-09,"NDUFAF6","Higher_in_TotalCell",-0.00900000000000001
6.4233044262669e-21,-1.17956304842848,0.256,0.277,1.59715464559126e-16,"B4GALT3","Higher_in_TotalCell",-0.021
2.7365479401107e-09,-1.1806753449806,0.171,0.187,6.80442645308524e-05,"SLC35A2","Higher_in_TotalCell",-0.016
1.11514470068817e-14,-1.18128164930743,0.24,0.252,2.77280729826113e-10,"ANAPC15","Higher_in_TotalCell",-0.012
2.45775354176177e-16,-1.18214248344018,0.079,0.115,6.11120418159064e-12,"MFSD12","Higher_in_TotalCell",-0.036
1.98173787106383e-28,-1.18247457912408,0.297,0.318,4.92759121640021e-24,"STAMBP","Higher_in_TotalCell",-0.021
2.26936673732125e-58,-1.182526952254,0.411,0.427,5.64278039234929e-54,"KARS","Higher_in_TotalCell",-0.016
1.53073793404978e-09,-1.18286430317901,0.118,0.141,3.80617987301477e-05,"ANKRD49","Higher_in_TotalCell",-0.023
1.8681471863699e-11,-1.18287262045164,0.176,0.195,4.64514797890875e-07,"ACOT7","Higher_in_TotalCell",-0.019
1.00170662151816e-16,-1.18466923108515,0.242,0.258,2.49074351440491e-12,"REPIN1","Higher_in_TotalCell",-0.016
6.49947514132849e-38,-1.18534069082996,0.339,0.37,1.61609449389133e-33,"ZWINT","Higher_in_TotalCell",-0.031
3.09782403555426e-11,-1.18557922595012,0.264,0.263,7.70273946440567e-07,"FAM241B","Higher_in_TotalCell",0.001
1.80775391304983e-17,-1.1861445011792,0.224,0.246,4.49498010479841e-13,"MECP2","Higher_in_TotalCell",-0.022
2.98824944327051e-230,-1.18624038817056,0.625,0.655,7.43028224069212e-226,"COX17","Higher_in_TotalCell",-0.03
4.80942852508095e-09,-1.18726667356389,0.202,0.211,0.000119586440276138,"RNF138","Higher_in_TotalCell",-0.00899999999999998
4.23710216842615e-76,-1.18727358912475,0.45,0.466,1.05355545417916e-71,"MCUR1","Higher_in_TotalCell",-0.016
5.58634206965238e-11,-1.18781610262479,0.168,0.19,1.38904395561907e-06,"PLXNB2","Higher_in_TotalCell",-0.022
3.14746043057835e-13,-1.18792021100173,0.195,0.216,7.82616036063306e-09,"ARHGEF7","Higher_in_TotalCell",-0.021
1.03712383475816e-18,-1.18943927784343,0.153,0.192,2.57880841512617e-14,"STK3","Higher_in_TotalCell",-0.039
4.68267673936104e-25,-1.19005210682626,0.315,0.324,1.16434757124212e-20,"TMUB1","Higher_in_TotalCell",-0.00900000000000001
8.1190233581475e-24,-1.19241874742376,0.312,0.32,2.01879515800338e-19,"TM7SF3","Higher_in_TotalCell",-0.00800000000000001
1.33448412674676e-40,-1.19352309205195,0.303,0.337,3.31819478115583e-36,"YIPF6","Higher_in_TotalCell",-0.034
3.00531793042947e-12,-1.19448562042045,0.169,0.192,7.47272303401287e-08,"PIAS1","Higher_in_TotalCell",-0.023
4.91557158224562e-09,-1.19586793648634,0.129,0.15,0.000122225687392537,"ALG8","Higher_in_TotalCell",-0.021
3.56726597559406e-34,-1.19619771758808,0.331,0.349,8.87000684831464e-30,"CACUL1","Higher_in_TotalCell",-0.018
0,-1.19651662522316,0.853,0.874,0,"COX7B","Higher_in_TotalCell",-0.021
0,-1.19667645534899,0.915,0.927,0,"SEM1","Higher_in_TotalCell",-0.012
1.18291018066185e-07,-1.1968224789119,0.193,0.201,0.0029413061642157,"DAG1","Higher_in_TotalCell",-0.00800000000000001
1.52236707524802e-13,-1.19685028961094,0.097,0.128,3.78536573260421e-09,"FAH","Higher_in_TotalCell",-0.031
8.31787954742941e-12,-1.19819279261442,0.138,0.164,2.06824074946832e-07,"FMR1","Higher_in_TotalCell",-0.026
1.58686236534423e-21,-1.19943799105815,0.276,0.293,3.94573327142842e-17,"AKAP17A","Higher_in_TotalCell",-0.017
3.3164481420687e-16,-1.1994649484468,0.33,0.321,8.24634830525384e-12,"HELLS","Higher_in_TotalCell",0.00900000000000001
1.16078391725396e-08,-1.20234063702894,0.107,0.129,0.000288628921025196,"ASXL1","Higher_in_TotalCell",-0.022
1.56555514706553e-06,-1.20292993674567,0.134,0.148,0.0389275287317845,"HOOK3","Higher_in_TotalCell",-0.014
0,-1.20625554166449,0.824,0.851,0,"ANAPC16","Higher_in_TotalCell",-0.027
1.17089750786602e-09,-1.20675779967898,0.184,0.198,2.91143665330886e-05,"MCMBP","Higher_in_TotalCell",-0.014
1.04904898588623e-115,-1.20782467865933,0.503,0.525,2.60846030340611e-111,"ANP32A","Higher_in_TotalCell",-0.022
4.25948417638839e-235,-1.20822872282617,0.675,0.691,1.05912074045897e-230,"SOX9","Higher_in_TotalCell",-0.0159999999999999
5.93616207159799e-16,-1.20833951708238,0.204,0.227,1.47602669910284e-11,"LRPAP1","Higher_in_TotalCell",-0.023
3.30896519368832e-11,-1.20863316495727,0.146,0.169,8.227741954106e-07,"GOT2","Higher_in_TotalCell",-0.023
2.3175939773268e-10,-1.20952232563478,0.168,0.186,5.7626974246231e-06,"PURA","Higher_in_TotalCell",-0.018
1.07505894853019e-06,-1.21091462798787,0.117,0.133,0.0267313407552032,"MUM1","Higher_in_TotalCell",-0.016
1.12642186910575e-25,-1.21181387435016,0.096,0.149,2.80084797753145e-21,"UBE2L6","Higher_in_TotalCell",-0.053
1.64781680713941e-16,-1.21195324108179,0.172,0.203,4.09729649095213e-12,"CRB3","Higher_in_TotalCell",-0.031
2.74531247824572e-11,-1.21408861212596,0.203,0.218,6.82621947715797e-07,"SSBP3","Higher_in_TotalCell",-0.015
6.83913101924496e-51,-1.2146379451441,0.369,0.394,1.70054992793526e-46,"ACO2","Higher_in_TotalCell",-0.025
4.77542763924624e-68,-1.21506259517443,0.336,0.393,1.18741008249858e-63,"TRIM29","Higher_in_TotalCell",-0.057
4.36565628392576e-22,-1.21510830952833,0.291,0.307,1.08552043499814e-17,"MT1F","Higher_in_TotalCell",-0.016
4.38749081630973e-12,-1.21556208149237,0.211,0.224,1.09094959147541e-07,"RASEF","Higher_in_TotalCell",-0.013
1.17594630336855e-39,-1.21777225179403,0.312,0.346,2.92399048332589e-35,"REL","Higher_in_TotalCell",-0.034
2.23349537921129e-20,-1.21846081038238,0.232,0.257,5.55358626040886e-16,"SCAMP2","Higher_in_TotalCell",-0.025
4.7521950910259e-32,-1.21901871348334,0.32,0.337,1.18163330938359e-27,"FASTK","Higher_in_TotalCell",-0.017
2.71346004639779e-62,-1.22001702311866,0.393,0.422,6.7470184053681e-58,"MKRN1","Higher_in_TotalCell",-0.029
7.98566430794258e-63,-1.22365748296833,0.411,0.43,1.98563543016992e-58,"BCL7C","Higher_in_TotalCell",-0.019
2.95548564186354e-31,-1.22460852724791,0.226,0.279,7.3488150484937e-27,"CCNB2","Higher_in_TotalCell",-0.053
2.79329602550934e-29,-1.22489023988762,0.286,0.311,6.94553056742897e-25,"MITD1","Higher_in_TotalCell",-0.025
1.54440337704436e-06,-1.22988050153839,0.129,0.144,0.038401589970208,"FAM98C","Higher_in_TotalCell",-0.015
9.57345014082594e-10,-1.23036850184445,0.122,0.145,2.38043837751637e-05,"PICALM","Higher_in_TotalCell",-0.023
0,-1.23185880085526,0.395,0.627,0,"MT-ND4L","Higher_in_TotalCell",-0.232
3.92475775490360e-11,-1.2328085274585,0.214,0.226,9.75891015756781e-07,"CTSF","Higher_in_TotalCell",-0.012
5.10836669643592e-29,-1.23329050834882,0.309,0.326,1.27019537906879e-24,"TMEM189","Higher_in_TotalCell",-0.017
7.86781684723118e-49,-1.23386566422756,0.351,0.378,1.95633265906403e-44,"SMDT1","Higher_in_TotalCell",-0.027
7.90189927108413e-10,-1.2340786215846,0.111,0.134,1.96480725375507e-05,"SORBS3","Higher_in_TotalCell",-0.023
9.02093166058328e-273,-1.23425151767655,0.634,0.672,2.24305465740403e-268,"SNRPB2","Higher_in_TotalCell",-0.038
5.36041543957244e-37,-1.23463762049583,0.484,0.448,1.33286729904969e-32,"CTSC","Higher_in_TotalCell",0.036
5.31127837823929e-07,-1.2359156938225,0.192,0.197,0.013206493687492,"RMI2","Higher_in_TotalCell",-0.005
1.53578172636951e-17,-1.23612740420976,0.225,0.248,3.81872126261779e-13,"NUB1","Higher_in_TotalCell",-0.023
2.87119718133088e-20,-1.23665165960443,0.201,0.233,7.13923179137924e-16,"BRMS1","Higher_in_TotalCell",-0.032
4.91672509992835e-13,-1.23724793979159,0.101,0.132,1.22254369609718e-08,"ANLN","Higher_in_TotalCell",-0.031
8.85945016456615e-219,-1.23744568733629,0.567,0.625,2.20290228341937e-214,"PSME1","Higher_in_TotalCell",-0.0580000000000001
8.34600546056914e-32,-1.23916781066513,0.226,0.273,2.07523425777052e-27,"KDELR3","Higher_in_TotalCell",-0.047
1.17017194060985e-12,-1.23968703224461,0.163,0.188,2.90963253032638e-08,"VPS37A","Higher_in_TotalCell",-0.025
5.80772770478732e-169,-1.24153140016021,0.52,0.574,1.44409149379537e-164,"PDXK","Higher_in_TotalCell",-0.0539999999999999
1.14121659029479e-14,-1.24278210546342,0.161,0.189,2.83763505176799e-10,"PDZD11","Higher_in_TotalCell",-0.028
0,-1.24320734309391,0.693,0.724,0,"FAM96B","Higher_in_TotalCell",-0.031
1.25055285826185e-78,-1.24502059430493,0.469,0.486,3.10949968206809e-74,"TNFRSF12A","Higher_in_TotalCell",-0.017
1.16042222556452e-10,-1.24526276871748,0.114,0.14,2.88538986386617e-06,"IGSF3","Higher_in_TotalCell",-0.026
3.54351953809134e-48,-1.24537395253658,0.317,0.356,8.81096133146413e-44,"OXLD1","Higher_in_TotalCell",-0.039
2.12455606966098e-10,-1.24579863634153,0.161,0.18,5.28270866721202e-06,"ALDH18A1","Higher_in_TotalCell",-0.019
7.74354593297362e-179,-1.24682125610348,0.586,0.62,1.92543269623389e-174,"TGIF1","Higher_in_TotalCell",-0.034
9.3592126114029e-13,-1.24703759468237,0.177,0.199,2.32716821582533e-08,"SLC41A3","Higher_in_TotalCell",-0.022
0,-1.24704132949955,0.791,0.803,0,"ATP5MF","Higher_in_TotalCell",-0.012
1.7673143105814e-38,-1.24712837837695,0.395,0.417,4.39442703326066e-34,"RCAN1","Higher_in_TotalCell",-0.022
0,-1.24803744026223,0.986,0.998,0,"MT-CO1","Higher_in_TotalCell",-0.012
0,-1.24932135382611,0.958,0.965,0,"MYL12A","Higher_in_TotalCell",-0.00700000000000001
2.20719728004566e-16,-1.24974753649098,0.213,0.235,5.48819603683353e-12,"TPRA1","Higher_in_TotalCell",-0.022
7.93942210379594e-13,-1.25010179641905,0.184,0.205,1.97413730610886e-08,"ZBED1","Higher_in_TotalCell",-0.021
4.97035640896373e-07,-1.25192078087416,0.098,0.116,0.0123587912108883,"OGT","Higher_in_TotalCell",-0.018
5.58621254779686e-08,-1.25211854370207,0.127,0.146,0.00138901175000969,"FAT1","Higher_in_TotalCell",-0.019
2.46771806992949e-149,-1.25274490408085,0.525,0.565,6.13598098087968e-145,"RBBP4","Higher_in_TotalCell",-0.0399999999999999
1.18834391055326e-314,-1.25275889707595,0.698,0.717,2.95481713359067e-310,"YWHAH","Higher_in_TotalCell",-0.019
7.23849175889964e-12,-1.25327096197794,0.161,0.184,1.79985097585039e-07,"DCAF11","Higher_in_TotalCell",-0.023
3.34386806996283e-08,-1.25420971865465,0.128,0.147,0.000831452795596258,"TNRC6A","Higher_in_TotalCell",-0.019
2.25903440611728e-53,-1.25606701993693,0.343,0.38,5.61708905081061e-49,"CALM3","Higher_in_TotalCell",-0.037
5.64547963913214e-27,-1.25714036138931,0.305,0.319,1.40374851227021e-22,"NUDT8","Higher_in_TotalCell",-0.014
1.28439257787081e-26,-1.25769814485052,0.278,0.301,3.19364214487576e-22,"RSBN1L","Higher_in_TotalCell",-0.023
6.04675302809833e-11,-1.25842281350567,0.178,0.196,1.50352514043665e-06,"TPP2","Higher_in_TotalCell",-0.018
5.66194095218548e-14,-1.25896361616238,0.231,0.244,1.40784161776092e-09,"FAM89B","Higher_in_TotalCell",-0.013
0,-1.26058070875143,0.894,0.918,0,"RPS17","Higher_in_TotalCell",-0.024
2.78570926342625e-22,-1.26129716736284,0.209,0.242,6.92666608350937e-18,"CIAPIN1","Higher_in_TotalCell",-0.033
6.70994378698931e-07,-1.26196808944997,0.096,0.114,0.0166842752263489,"SLC39A11","Higher_in_TotalCell",-0.018
1.32848378887197e-46,-1.26310598910795,0.273,0.323,3.30327494103014e-42,"DAZAP1","Higher_in_TotalCell",-0.05
1.63030293623866e-18,-1.26383595415799,0.07,0.109,4.05374825095742e-14,"NFKB1","Higher_in_TotalCell",-0.039
0,-1.26401767493311,0.808,0.835,0,"EIF2S2","Higher_in_TotalCell",-0.0269999999999999
1.63315086739188e-18,-1.26441406996138,0.204,0.231,4.06082963176991e-14,"EEF1AKMT2","Higher_in_TotalCell",-0.027
2.33718964420226e-08,-1.26779140710275,0.13,0.148,0.000581142205030892,"TMEM222","Higher_in_TotalCell",-0.018
1.63208388184537e-09,-1.26866267772833,0.159,0.177,4.05817657220852e-05,"ZCCHC10","Higher_in_TotalCell",-0.018
6.18578206141855e-16,-1.27318319995335,0.208,0.23,1.53809470957172e-11,"CTBS","Higher_in_TotalCell",-0.022
1.17065005450543e-06,-1.27328458565648,0.086,0.104,0.0291082136052774,"TYSND1","Higher_in_TotalCell",-0.018
3.81098239116533e-180,-1.27360526716681,0.591,0.609,9.47600771563259e-176,"HACD3","Higher_in_TotalCell",-0.018
4.95329725722261e-22,-1.27436411980041,0.254,0.274,1.2316373630084e-17,"RPP30","Higher_in_TotalCell",-0.02
3.19652956791994e-168,-1.27460891178088,0.602,0.613,7.94817077063293e-164,"NINJ1","Higher_in_TotalCell",-0.011
1.7302833349914e-31,-1.27474630048791,0.288,0.314,4.30234951245611e-27,"GRTP1","Higher_in_TotalCell",-0.026
5.73542007035461e-19,-1.27583305631426,0.159,0.195,1.42611220049367e-14,"NT5C","Higher_in_TotalCell",-0.036
3.90750277976118e-18,-1.2763755255201,0.229,0.249,9.71600566187616e-14,"TMEM60","Higher_in_TotalCell",-0.02
1.19310211904408e-08,-1.27793668224199,0.117,0.138,0.000296664841900311,"ARRDC1","Higher_in_TotalCell",-0.021
6.49631627361634e-59,-1.28001571970584,0.454,0.458,1.6153090414347e-54,"TOB1","Higher_in_TotalCell",-0.004
3.06621805759882e-137,-1.28074979464697,0.479,0.521,7.62415120021946e-133,"NUTF2","Higher_in_TotalCell",-0.042
6.55804995188928e-24,-1.28077375732671,0.22,0.253,1.63065912053727e-19,"YIF1B","Higher_in_TotalCell",-0.033
3.84006908153932e-135,-1.28247504538636,0.51,0.541,9.54833177124752e-131,"IMPA2","Higher_in_TotalCell",-0.031
9.442858506878e-70,-1.28286683127228,0.584,0.556,2.34796676773521e-65,"PPP1R15A","Higher_in_TotalCell",0.0279999999999999
8.49606314532938e-19,-1.28329709133816,0.19,0.221,2.11254610108615e-14,"LINC00467","Higher_in_TotalCell",-0.031
8.59864330296496e-15,-1.28413778367282,0.217,0.235,2.13805265728224e-10,"LIMK2","Higher_in_TotalCell",-0.018
2.21968224299167e-13,-1.28431665937865,0.095,0.126,5.51923989719879e-09,"FAM92A","Higher_in_TotalCell",-0.031
8.89720664752211e-24,-1.28549665028126,0.234,0.263,2.21229043290637e-19,"ZDHHC4","Higher_in_TotalCell",-0.029
2.62510982178723e-08,-1.28722569351967,0.116,0.136,0.000652733557187395,"TMEM65","Higher_in_TotalCell",-0.02
5.86610745366264e-25,-1.28753466730175,0.162,0.207,1.45860761835322e-20,"TNIP1","Higher_in_TotalCell",-0.045
1.16443248516164e-15,-1.28783206436508,0.337,0.323,2.89536137435443e-11,"AL445524.1","Higher_in_TotalCell",0.014
9.85265987676108e-11,-1.28838016921504,0.175,0.193,2.44986387835664e-06,"ZDHHC21","Higher_in_TotalCell",-0.018
1.76671756085161e-17,-1.28846277283459,0.126,0.163,4.39294321505753e-13,"CDC34","Higher_in_TotalCell",-0.037
1.08868874246087e-223,-1.2884885880699,0.595,0.662,2.70702455812896e-219,"PHLDA2","Higher_in_TotalCell",-0.0670000000000001
7.79542258105249e-08,-1.29004949907371,0.128,0.147,0.0019383318247787,"IFITM2","Higher_in_TotalCell",-0.019
4.86255150347688e-88,-1.29084951956447,0.385,0.439,1.20907343133953e-83,"HTATSF1","Higher_in_TotalCell",-0.054
6.31508578012522e-18,-1.29118156178092,0.172,0.204,1.57024607922814e-13,"NOL3","Higher_in_TotalCell",-0.032
2.28582003343088e-74,-1.29219519919759,0.356,0.409,5.68369151312589e-70,"NCK1","Higher_in_TotalCell",-0.053
1.15386964761027e-28,-1.29449613174872,0.208,0.251,2.86909687878294e-24,"CTSA","Higher_in_TotalCell",-0.043
5.1261254161954e-173,-1.29472432395493,0.795,0.79,1.27461108473699e-168,"HES1","Higher_in_TotalCell",0.005
3.88720266395851e-09,-1.29605168349237,0.094,0.117,9.66552942393284e-05,"SLC20A2","Higher_in_TotalCell",-0.023
0,-1.29661984640271,0.987,0.998,0,"MT-CO3","Higher_in_TotalCell",-0.011
1.62084557309325e-37,-1.29934568083186,0.268,0.309,4.03023251749638e-33,"SNRNP25","Higher_in_TotalCell",-0.041
4.03573870656569e-12,-1.29982814070544,0.124,0.151,1.00348642938756e-07,"PIR","Higher_in_TotalCell",-0.027
2.16780831344559e-59,-1.300658265161,0.276,0.341,5.39025537138245e-55,"CSRP1","Higher_in_TotalCell",-0.065
4.97783691194183e-14,-1.30364825989754,0.159,0.185,1.23773914815434e-09,"PITPNA","Higher_in_TotalCell",-0.026
1.98135159972701e-163,-1.30440229247569,0.542,0.573,4.9266307527212e-159,"SPINT1","Higher_in_TotalCell",-0.0309999999999999
5.30692999937076e-117,-1.30443172533062,0.392,0.469,1.31956814434354e-112,"CTSD","Higher_in_TotalCell",-0.077
2.0645128160265e-18,-1.30494327733106,0.195,0.223,5.13341111704989e-14,"ARHGEF35","Higher_in_TotalCell",-0.028
0,-1.30584322229987,0.836,0.836,0,"LSM5","Higher_in_TotalCell",0
1.58911663107813e-19,-1.30750549210926,0.165,0.201,3.95133850317578e-15,"CISD3","Higher_in_TotalCell",-0.036
1.38719974489511e-36,-1.30956446457873,0.323,0.344,3.44927216568168e-32,"MBOAT2","Higher_in_TotalCell",-0.021
2.4404059828221e-13,-1.30971313641206,0.23,0.241,6.06806947628714e-09,"LIMCH1","Higher_in_TotalCell",-0.011
7.73912494109608e-98,-1.31032675877921,0.441,0.474,1.92433341660354e-93,"CYSTM1","Higher_in_TotalCell",-0.033
2.65357057949679e-12,-1.31049472932854,0.133,0.159,6.59810324591877e-08,"SPNS1","Higher_in_TotalCell",-0.026
9.71232201003532e-20,-1.31114876219282,0.12,0.161,2.41496886779528e-15,"ASNS","Higher_in_TotalCell",-0.041
4.62951687057322e-13,-1.3148569565813,0.14,0.166,1.15112936986803e-08,"CORO1A","Higher_in_TotalCell",-0.026
2.07803280803619e-19,-1.31545768743876,0.077,0.117,5.16702857718199e-15,"RAI14","Higher_in_TotalCell",-0.04
1.09558531306534e-38,-1.31549886052673,0.252,0.299,2.72417288093697e-34,"P4HA2","Higher_in_TotalCell",-0.047
2.22870070132755e-44,-1.31600721360131,0.321,0.355,5.54166429385096e-40,"NFATC3","Higher_in_TotalCell",-0.034
7.90505033345994e-323,-1.31643451832675,0.666,0.701,1.96559076541482e-318,"LAMP2","Higher_in_TotalCell",-0.0349999999999999
2.25636143875859e-12,-1.3179382963282,0.122,0.149,5.61044271747323e-08,"BCL2L13","Higher_in_TotalCell",-0.027
8.75570815597041e-07,-1.32080026272753,0.09,0.108,0.0217710683298204,"TENT4A","Higher_in_TotalCell",-0.018
2.73240876515663e-11,-1.32364078173151,0.141,0.164,6.79413439456197e-07,"TMEM243","Higher_in_TotalCell",-0.023
4.41179957658181e-34,-1.32535204873119,0.165,0.221,1.09699396471707e-29,"MLST8","Higher_in_TotalCell",-0.056
9.5890405453354e-31,-1.32656710405152,0.26,0.293,2.38431493159765e-26,"SAE1","Higher_in_TotalCell",-0.033
1.83110215447007e-11,-1.32661865146637,0.079,0.106,4.55303550708984e-07,"YTHDF1","Higher_in_TotalCell",-0.027
2.52490321975333e-31,-1.32713939505865,0.177,0.231,6.27817185591665e-27,"C1orf56","Higher_in_TotalCell",-0.054
1.35049840481577e-07,-1.32718803432475,0.094,0.114,0.00335801428357442,"OVOL1","Higher_in_TotalCell",-0.02
9.80619578890374e-45,-1.32738693074118,0.239,0.296,2.43831058291092e-40,"TMEM126A","Higher_in_TotalCell",-0.057
2.99728655316613e-18,-1.32810589846667,0.154,0.189,7.45275301444757e-14,"THOC6","Higher_in_TotalCell",-0.035
5.86298545555491e-17,-1.32964708299077,0.199,0.224,1.45783133352373e-12,"AC023043.1","Higher_in_TotalCell",-0.025
8.37727842642085e-121,-1.33119271114748,0.469,0.511,2.08301028072954e-116,"PDIA4","Higher_in_TotalCell",-0.042
5.83573794040182e-17,-1.3315828636609,0.208,0.23,1.45105623888091e-12,"THAP11","Higher_in_TotalCell",-0.022
1.57916296818473e-16,-1.3322895165487,0.447,0.399,3.92658872039134e-12,"CTNNB1","Higher_in_TotalCell",0.048
1.14451765501918e-18,-1.33421131717263,0.155,0.191,2.8458431492052e-14,"PRRG4","Higher_in_TotalCell",-0.036
9.65479033649828e-187,-1.33479536195514,0.565,0.592,2.4006636171703e-182,"BUD31","Higher_in_TotalCell",-0.027
3.4628436161695e-21,-1.33502014987363,0.161,0.201,8.61036065160546e-17,"FRMD4A","Higher_in_TotalCell",-0.04
1.24839330199136e-11,-1.33529200067283,0.106,0.133,3.10412994540152e-07,"KIFC1","Higher_in_TotalCell",-0.027
4.75276033897802e-31,-1.33940948397402,0.149,0.205,1.18177385828688e-26,"ANXA3","Higher_in_TotalCell",-0.056
1.92752308428399e-13,-1.33950106338645,0.138,0.166,4.79278614907214e-09,"SNX12","Higher_in_TotalCell",-0.028
2.15991509555526e-140,-1.33971657493775,0.448,0.51,5.37062888509816e-136,"COA4","Higher_in_TotalCell",-0.062
8.38447404449555e-24,-1.3398030322577,0.18,0.22,2.08479947116382e-19,"TMED1","Higher_in_TotalCell",-0.04
4.8406536200908e-17,-1.34123059018221,0.175,0.205,1.20362852263558e-12,"MMP14","Higher_in_TotalCell",-0.03
0,-1.34131411018063,0.679,0.731,0,"UBE2I","Higher_in_TotalCell",-0.0519999999999999
7.46012641947715e-37,-1.34169672735518,0.284,0.317,1.85496043420299e-32,"RUNX3","Higher_in_TotalCell",-0.033
8.84174490654803e-61,-1.34345383675014,0.321,0.37,2.19849987101317e-56,"MRPS18B","Higher_in_TotalCell",-0.049
1.72352786892553e-19,-1.34379648505745,0.156,0.193,4.28555204608333e-15,"ATP6V1C1","Higher_in_TotalCell",-0.037
7.84128839326432e-16,-1.34457941628924,0.085,0.12,1.94973635898517e-11,"CDCA5","Higher_in_TotalCell",-0.035
4.03839914666736e-18,-1.3453543450339,0.209,0.234,1.00414794781884e-13,"MINDY2","Higher_in_TotalCell",-0.025
2.30018465843204e-16,-1.34604489229956,0.135,0.168,5.71940915319128e-12,"SLC25A17","Higher_in_TotalCell",-0.033
7.82842693660638e-24,-1.34887816081152,0.168,0.21,1.94653835778718e-19,"ITFG1","Higher_in_TotalCell",-0.042
7.2898012214508e-155,-1.35032254026242,0.512,0.552,1.81260907371374e-150,"FSCN1","Higher_in_TotalCell",-0.04
2.21196544950394e-50,-1.35151572877983,0.34,0.381,5.50005209019154e-46,"ADIRF","Higher_in_TotalCell",-0.041
2.40647923027736e-13,-1.35156009970738,0.144,0.171,5.98371060608465e-09,"SERTAD2","Higher_in_TotalCell",-0.027
7.23033001776259e-09,-1.35188174883897,0.107,0.128,0.000179782155891667,"TNIP2","Higher_in_TotalCell",-0.021
1.65687823061838e-62,-1.35235660901213,0.167,0.265,4.11982772043261e-58,"SPC25","Higher_in_TotalCell",-0.098
8.14924364069386e-17,-1.3523608562372,0.156,0.187,2.02630943125853e-12,"VAMP7","Higher_in_TotalCell",-0.031
5.68286846249594e-25,-1.35251780771264,0.255,0.28,1.41304524319962e-20,"ALDH3B2","Higher_in_TotalCell",-0.025
4.75515552382301e-14,-1.35264740880194,0.129,0.159,1.18236942099859e-09,"BIN3","Higher_in_TotalCell",-0.03
1.69078171688599e-36,-1.35332783924092,0.215,0.266,4.20412873903703e-32,"CNPY3","Higher_in_TotalCell",-0.051
1.17407074913355e-18,-1.3536718186037,0.125,0.163,2.91932691772057e-14,"POLDIP3","Higher_in_TotalCell",-0.038
1.20194563271365e-12,-1.35783305090509,0.148,0.174,2.9886378157425e-08,"RAB30-AS1","Higher_in_TotalCell",-0.026
1.48908478269791e-55,-1.3579922276997,0.307,0.357,3.70260931217834e-51,"KNOP1","Higher_in_TotalCell",-0.05
4.08973229221429e-29,-1.3582011212469,0.225,0.264,1.01691193445908e-24,"BET1","Higher_in_TotalCell",-0.039
3.0399639439819e-48,-1.35910239597215,0.278,0.327,7.55887034671098e-44,"CMC2","Higher_in_TotalCell",-0.049
8.57157266629791e-15,-1.35945856324856,0.121,0.153,2.13132154347498e-10,"GPT2","Higher_in_TotalCell",-0.032
0,-1.35985440636429,0.872,0.898,0,"NDUFA1","Higher_in_TotalCell",-0.026
0,-1.36012817238819,0.631,0.703,0,"RPS19BP1","Higher_in_TotalCell",-0.072
5.57159196307431e-07,-1.36222703492487,0.1,0.118,0.0138537634161843,"PDCD11","Higher_in_TotalCell",-0.018
1.15310748147254e-23,-1.36260611215554,0.179,0.219,2.86720175268148e-19,"UBE2W","Higher_in_TotalCell",-0.04
1.29006609852794e-93,-1.36260970591252,0.396,0.444,3.20774935398972e-89,"NELFE","Higher_in_TotalCell",-0.048
7.25662088889016e-12,-1.36310109125854,0.133,0.159,1.80435878402254e-07,"PTGFRN","Higher_in_TotalCell",-0.026
3.3180200643531e-22,-1.36351425964209,0.182,0.218,8.25025689001398e-18,"NUP93","Higher_in_TotalCell",-0.036
0,-1.364606373861,0.795,0.818,0,"GGCT","Higher_in_TotalCell",-0.0229999999999999
9.74090831223634e-10,-1.36495738629907,0.121,0.143,2.42207685183757e-05,"EFS","Higher_in_TotalCell",-0.022
7.71939766377261e-56,-1.36542627680117,0.298,0.35,1.91942822909706e-51,"SNAPIN","Higher_in_TotalCell",-0.052
1.73954957588556e-114,-1.36625284998066,0.389,0.461,4.32539002043944e-110,"CNIH1","Higher_in_TotalCell",-0.072
1.05481317537726e-08,-1.366549913977,0.111,0.131,0.000262279296057554,"NCK1-DT","Higher_in_TotalCell",-0.02
7.17125796866566e-19,-1.36715420711389,0.173,0.206,1.78313329390872e-14,"FAM45A","Higher_in_TotalCell",-0.033
2.19855300983533e-79,-1.36949517878496,0.339,0.4,5.46670205895555e-75,"COMMD1","Higher_in_TotalCell",-0.061
8.27454773018883e-27,-1.37126088240181,0.217,0.253,2.05746629311145e-22,"BRCC3","Higher_in_TotalCell",-0.036
3.17529351092375e-12,-1.37151342744829,0.098,0.126,7.89536731491191e-08,"MRAS","Higher_in_TotalCell",-0.028
7.12138421031134e-12,-1.37231509883737,0.078,0.105,1.77073218389391e-07,"MPRIP","Higher_in_TotalCell",-0.027
2.19095451010273e-39,-1.37255899332509,0.191,0.251,5.44780838937043e-35,"MRPL28","Higher_in_TotalCell",-0.06
3.37299294879876e-205,-1.37417487014297,0.524,0.593,8.38694696718812e-201,"BNIP3L","Higher_in_TotalCell",-0.069
6.33534915694509e-12,-1.37467399361433,0.124,0.15,1.5752845678744e-07,"RASSF7","Higher_in_TotalCell",-0.026
7.21885428292592e-15,-1.37647516689034,0.113,0.145,1.79496811744953e-10,"CRYZ","Higher_in_TotalCell",-0.032
2.48979985305058e-81,-1.37653543353337,0.338,0.401,6.19088733461027e-77,"AKR7A2","Higher_in_TotalCell",-0.063
9.30516805521263e-22,-1.37894353032698,0.162,0.201,2.31373003692862e-17,"PRMT5","Higher_in_TotalCell",-0.039
2.0582802160439e-20,-1.38118302610123,0.167,0.202,5.11791375719315e-16,"NUDT15","Higher_in_TotalCell",-0.035
1.77861429532412e-09,-1.38145197974633,0.083,0.107,4.42252444532344e-05,"TMEM51","Higher_in_TotalCell",-0.024
1.79145570869558e-07,-1.3815128067912,0.134,0.15,0.00445445461967156,"CARMIL1","Higher_in_TotalCell",-0.016
4.79781228922008e-20,-1.38204568398804,0.125,0.166,1.19297602571457e-15,"TRIP13","Higher_in_TotalCell",-0.041
5.77406194956309e-17,-1.38206645455248,0.134,0.168,1.43572050375886e-12,"TMEM132A","Higher_in_TotalCell",-0.034
1.2211160469834e-44,-1.38335823908606,0.284,0.325,3.03630505082423e-40,"PPP1R11","Higher_in_TotalCell",-0.041
3.57927521312681e-08,-1.38349126164362,0.086,0.107,0.00088998678174398,"ERLIN1","Higher_in_TotalCell",-0.021
5.54541005216799e-14,-1.38368841084491,0.125,0.155,1.37886620947157e-09,"RBM15B","Higher_in_TotalCell",-0.03
1.17726738606339e-46,-1.38542103579119,0.269,0.318,2.92727535544662e-42,"TSPAN3","Higher_in_TotalCell",-0.049
2.3193802180778e-34,-1.38592057948697,0.195,0.248,5.76713891225046e-30,"LRP10","Higher_in_TotalCell",-0.053
8.18397175193209e-67,-1.38615407711053,0.319,0.375,2.03494457611791e-62,"URI1","Higher_in_TotalCell",-0.056
5.82237231667373e-199,-1.3865096178809,0.584,0.642,1.44773287654092e-194,"ARL6IP1","Higher_in_TotalCell",-0.0580000000000001
8.6794996975526e-08,-1.38672297150538,0.106,0.125,0.00215815759979645,"ABCC4","Higher_in_TotalCell",-0.019
1.61846067344643e-73,-1.38840626638378,0.362,0.405,4.02430246452454e-69,"CCZ1","Higher_in_TotalCell",-0.043
7.74481809584607e-128,-1.38957580225844,0.505,0.532,1.92574901953213e-123,"DHCR24","Higher_in_TotalCell",-0.027
7.87023885432819e-11,-1.39031821357593,0.089,0.114,1.9569348911287e-06,"METTL4","Higher_in_TotalCell",-0.025
1.8957408967541e-103,-1.39044847015097,0.419,0.464,4.71375973977908e-99,"VPS4B","Higher_in_TotalCell",-0.045
1.0845098086159e-22,-1.39065701463539,0.133,0.177,2.69663363912343e-18,"RFC3","Higher_in_TotalCell",-0.044
6.71747876307771e-14,-1.39147032103982,0.15,0.177,1.67030109443927e-09,"MANSC1","Higher_in_TotalCell",-0.027
8.31799072479471e-25,-1.39158686555413,0.093,0.141,2.0682683937202e-20,"CELF2","Higher_in_TotalCell",-0.048
5.54422194325925e-22,-1.39168613664632,0.131,0.174,1.37857078619141e-17,"RGMA","Higher_in_TotalCell",-0.043
1.58092314600697e-198,-1.39432495716235,0.667,0.66,3.93096540254632e-194,"TMEM45A","Higher_in_TotalCell",0.00700000000000001
1.10616311718784e-20,-1.39509818469606,0.207,0.237,2.75047459088755e-16,"JOSD1","Higher_in_TotalCell",-0.03
1.86331680993926e-25,-1.39602114536536,0.221,0.254,4.63313724791396e-21,"NSDHL","Higher_in_TotalCell",-0.033
8.88915933574924e-27,-1.39892907695402,0.181,0.224,2.21028946883405e-22,"SCAMP3","Higher_in_TotalCell",-0.043
1.8805417103625e-40,-1.39957892500166,0.258,0.303,4.67596696281637e-36,"KCMF1","Higher_in_TotalCell",-0.045
2.9284406875535e-08,-1.39970480428997,0.093,0.114,0.000728156776960178,"PSD3","Higher_in_TotalCell",-0.021
0,-1.40150560282766,0.976,0.996,0,"MT-CO2","Higher_in_TotalCell",-0.02
4.90901442366009e-26,-1.40203076728217,0.072,0.12,1.22062643644308e-21,"CBX4","Higher_in_TotalCell",-0.048
2.02816535295254e-07,-1.40218010551628,0.087,0.106,0.0050430331501165,"SLC9A3","Higher_in_TotalCell",-0.019
3.51362518834851e-18,-1.40298124147636,0.107,0.145,8.73662903082858e-14,"ZFAND2A","Higher_in_TotalCell",-0.038
6.08612982351371e-314,-1.40307545828607,0.651,0.718,1.51331618061668e-309,"S100A14","Higher_in_TotalCell",-0.0669999999999999
6.84748423733854e-74,-1.40489560619742,0.327,0.398,1.70262695561423e-69,"GADD45B","Higher_in_TotalCell",-0.071
1.07828459287736e-40,-1.40525585034271,0.176,0.24,2.68115464018956e-36,"ABL2","Higher_in_TotalCell",-0.064
3.17928963002192e-32,-1.40615999260803,0.2,0.246,7.90530366504951e-28,"FAM3A","Higher_in_TotalCell",-0.046
1.13978296661827e-37,-1.40743140206643,0.265,0.304,2.83407034649632e-33,"TAX1BP3","Higher_in_TotalCell",-0.039
1.42956206350788e-173,-1.40787196788059,0.401,0.511,3.55460607091234e-169,"IQGAP1","Higher_in_TotalCell",-0.11
1.63635376079099e-47,-1.40925862856707,0.25,0.306,4.06879362620679e-43,"LTBR","Higher_in_TotalCell",-0.056
0,-1.40965830504816,0.999,1,0,"RPLP1","Higher_in_TotalCell",-0.001
4.22106298691584e-22,-1.41025363002739,0.171,0.209,1.04956731169662e-17,"ABCF2.1","Higher_in_TotalCell",-0.038
0,-1.41108786760236,0.982,0.994,0,"SERF2","Higher_in_TotalCell",-0.012
3.39679921084092e-23,-1.41276558724159,0.131,0.176,8.44614123775594e-19,"ABHD3","Higher_in_TotalCell",-0.045
2.75380668813318e-175,-1.41453713277334,0.461,0.533,6.84734033004315e-171,"RGS10","Higher_in_TotalCell",-0.072
9.49337559810301e-13,-1.41571484612236,0.165,0.187,2.36052784246831e-08,"APEX2","Higher_in_TotalCell",-0.022
1.48213955755658e-26,-1.41595986871233,0.212,0.25,3.68534000986444e-22,"ILF3-DT","Higher_in_TotalCell",-0.038
3.45536972921365e-20,-1.4184439500446,0.153,0.19,8.59177683168973e-16,"MTUS1","Higher_in_TotalCell",-0.037
6.8440991146279e-65,-1.4196229585895,0.311,0.367,1.70178524485223e-60,"GLUD1","Higher_in_TotalCell",-0.056
6.34978380499201e-39,-1.42108860872981,0.23,0.28,1.57887374311126e-34,"BNIP2","Higher_in_TotalCell",-0.05
2.646744930403e-41,-1.42367818478978,0.213,0.269,6.58113126944705e-37,"APMAP","Higher_in_TotalCell",-0.056
2.22486705220608e-15,-1.4240815212508,0.11,0.143,5.53213192531041e-11,"NAA60","Higher_in_TotalCell",-0.033
8.39656129438631e-189,-1.42428746616418,0.522,0.575,2.08780496584916e-184,"RBP7","Higher_in_TotalCell",-0.0529999999999999
1.99587966196944e-49,-1.42524789072965,0.036,0.102,4.96275477948701e-45,"PMP22","Higher_in_TotalCell",-0.066
4.24353878265002e-39,-1.42584302861302,0.102,0.168,1.05515591830593e-34,"ARHGDIB","Higher_in_TotalCell",-0.066
5.54744667911834e-18,-1.42605598701587,0.154,0.188,1.37937261676278e-13,"NT5C2","Higher_in_TotalCell",-0.034
0,-1.42736015382502,0.747,0.801,0,"ARF6","Higher_in_TotalCell",-0.054
7.37259162981132e-26,-1.42776121681193,0.167,0.211,1.83319490875259e-21,"CNOT1","Higher_in_TotalCell",-0.044
7.45618016347171e-103,-1.42853916613006,0.365,0.434,1.85397919764724e-98,"SLC44A2","Higher_in_TotalCell",-0.069
3.95108111906689e-19,-1.42861050162909,0.164,0.198,9.82436320255983e-15,"HRAS","Higher_in_TotalCell",-0.034
1.66060820555706e-23,-1.42987347723516,0.146,0.19,4.12910230311764e-19,"TRIM56","Higher_in_TotalCell",-0.044
1.14370308074907e-13,-1.43166110798882,0.099,0.131,2.84381771028257e-09,"HIST1H2BG","Higher_in_TotalCell",-0.032
4.59893400624485e-17,-1.43383599721786,0.195,0.222,1.14352494065278e-12,"TNFAIP2","Higher_in_TotalCell",-0.027
2.18454714041514e-30,-1.4342101497093,0.254,0.288,5.43187646464223e-26,"ADAM17","Higher_in_TotalCell",-0.034
2.19319106217875e-44,-1.43454338399323,0.196,0.261,5.45336957610745e-40,"PRSS8","Higher_in_TotalCell",-0.065
6.33307906926299e-189,-1.43824172934704,0.562,0.596,1.57472011057224e-184,"GGH","Higher_in_TotalCell",-0.0339999999999999
1.29815415948704e-91,-1.43873945599788,0.295,0.389,3.22786031756453e-87,"RAP2B","Higher_in_TotalCell",-0.094
2.2971792797538e-08,-1.43940652068799,0.085,0.106,0.000571193627910781,"OSBPL3","Higher_in_TotalCell",-0.021
7.29591527229711e-21,-1.4405066429741,0.148,0.187,1.81412933245668e-16,"INTS14","Higher_in_TotalCell",-0.039
1.41221680002578e-21,-1.44078566367986,0.149,0.189,3.5114770732641e-17,"LZTS2","Higher_in_TotalCell",-0.04
2.0077364636896e-13,-1.44123784253553,0.146,0.172,4.9922367169642e-09,"TXNDC16","Higher_in_TotalCell",-0.026
6.55113818633659e-31,-1.44488838935066,0.207,0.251,1.62894051003259e-26,"BLCAP","Higher_in_TotalCell",-0.044
2.99839804099224e-246,-1.44612320351759,0.229,0.46,7.45551672892722e-242,"GJB2","Higher_in_TotalCell",-0.231
1.34268025148407e-16,-1.4464176890281,0.123,0.157,3.33857444531513e-12,"DGCR2","Higher_in_TotalCell",-0.034
3.6985334491488e-16,-1.44653956079472,0.115,0.149,9.19640342130848e-12,"CHCHD6","Higher_in_TotalCell",-0.034
2.53568255357697e-102,-1.44867777922209,0.369,0.434,6.30497466946913e-98,"F11R","Higher_in_TotalCell",-0.065
3.88650714274101e-156,-1.44903124360947,0.447,0.518,9.66380001042553e-152,"ATP6AP1","Higher_in_TotalCell",-0.071
2.30060137942755e-19,-1.44942958777835,0.112,0.152,5.72044532994659e-15,"CYB5R1","Higher_in_TotalCell",-0.04
2.09141690346093e-175,-1.45046369890975,0.447,0.528,5.20030813045561e-171,"PIN4","Higher_in_TotalCell",-0.081
6.38585892051562e-130,-1.45102571458992,0.426,0.486,1.58784382058621e-125,"ASAH1","Higher_in_TotalCell",-0.06
4.60976202473092e-13,-1.45151150805918,0.075,0.104,1.14621732744934e-08,"RNF121","Higher_in_TotalCell",-0.029
2.11911017716747e-44,-1.45159756874306,0.242,0.296,5.26916745552692e-40,"SIRT7","Higher_in_TotalCell",-0.054
0,-1.45378148726216,0.946,0.938,0,"JUNB","Higher_in_TotalCell",0.00800000000000001
1.15163174906449e-14,-1.45435136003175,0.074,0.106,2.86353234404886e-10,"GALNS","Higher_in_TotalCell",-0.032
6.55875915732637e-85,-1.4552459075984,0.372,0.427,1.6308354644692e-80,"PYCARD","Higher_in_TotalCell",-0.055
3.27411071396701e-08,-1.45568801884341,0.081,0.102,0.000814107629027896,"CLN8","Higher_in_TotalCell",-0.021
2.04395467049856e-60,-1.45714011935967,0.253,0.324,5.08229328819467e-56,"AKAP13","Higher_in_TotalCell",-0.071
2.17851876252168e-122,-1.45730695092212,0.293,0.408,5.41688690301016e-118,"FLNA","Higher_in_TotalCell",-0.115
7.90171185474542e-12,-1.45770493210194,0.095,0.122,1.96476065268245e-07,"ULK3","Higher_in_TotalCell",-0.027
6.00016299321421e-111,-1.45921371289816,0.375,0.442,1.49194052826271e-106,"MRPL43","Higher_in_TotalCell",-0.067
7.23924734814117e-50,-1.46145402787904,0.157,0.234,1.8000388531153e-45,"HCFC1R1","Higher_in_TotalCell",-0.077
0,-1.46172425743162,0.77,0.828,0,"BCAP31","Higher_in_TotalCell",-0.0579999999999999
3.86745509735054e-234,-1.46338430440389,0.482,0.581,9.61642709956212e-230,"HDGF","Higher_in_TotalCell",-0.099
1.33149985475868e-08,-1.46347518486106,0.1,0.121,0.000331077438885745,"FANCA","Higher_in_TotalCell",-0.021
1.43605351033604e-13,-1.46431511718828,0.07,0.1,3.57074705345056e-09,"TBL3","Higher_in_TotalCell",-0.03
3.6586685190236e-19,-1.4649372202345,0.147,0.184,9.09727927255217e-15,"SLC34A2","Higher_in_TotalCell",-0.037
7.81826778496154e-297,-1.46513376718965,0.574,0.641,1.94401228473069e-292,"RALY","Higher_in_TotalCell",-0.0670000000000001
3.98215834909925e-38,-1.46544548737853,0.216,0.267,9.90163673503527e-34,"RFC2","Higher_in_TotalCell",-0.051
7.77124823006914e-66,-1.46685656114462,0.261,0.33,1.93232087240669e-61,"TIMM17B","Higher_in_TotalCell",-0.069
0,-1.46734285585022,0.668,0.71,0,"CIB1","Higher_in_TotalCell",-0.0419999999999999
8.15484758873856e-21,-1.4688300097475,0.109,0.151,2.02770285293984e-16,"CASK","Higher_in_TotalCell",-0.042
0,-1.46949658444565,0.871,0.913,0,"PPIB","Higher_in_TotalCell",-0.042
4.01592028623769e-39,-1.46978349705973,0.175,0.235,9.98558579173001e-35,"FOPNL","Higher_in_TotalCell",-0.06
1.59353922795029e-54,-1.4709381063684,0.254,0.315,3.96233529029839e-50,"TSR3","Higher_in_TotalCell",-0.061
1.02399299362822e-26,-1.47274901683284,0.174,0.218,2.54615857865658e-22,"TMEM170A","Higher_in_TotalCell",-0.044
1.57145194566215e-12,-1.47293968300739,0.123,0.15,3.90741526288893e-08,"SLC44A3","Higher_in_TotalCell",-0.027
1.0905723271651e-17,-1.47298128073936,0.078,0.114,2.71170809149601e-13,"TBL2","Higher_in_TotalCell",-0.036
4.56840149368203e-17,-1.47344209277883,0.124,0.159,1.13593303140404e-12,"ANKRD54","Higher_in_TotalCell",-0.035
3.27452353797731e-40,-1.47373299642882,0.158,0.222,8.14210277718057e-36,"POR","Higher_in_TotalCell",-0.064
4.86197323775252e-101,-1.47472817852869,0.413,0.469,1.20892964556716e-96,"LYPD3","Higher_in_TotalCell",-0.056
1.03627575091108e-11,-1.47537084717761,0.099,0.125,2.57669965464039e-07,"CENPQ","Higher_in_TotalCell",-0.026
3.98358455019668e-58,-1.47541433338286,0.253,0.319,9.90518298406405e-54,"FAM120AOS","Higher_in_TotalCell",-0.066
1.70731342267166e-20,-1.47593843585601,0.16,0.197,4.24523482547308e-16,"GALNT11","Higher_in_TotalCell",-0.037
6.14026871149374e-13,-1.47661860094857,0.074,0.103,1.52677781511292e-08,"PIP4P2","Higher_in_TotalCell",-0.029
2.62968358871235e-24,-1.47868254690441,0.172,0.213,6.53870824333326e-20,"CCND3","Higher_in_TotalCell",-0.041
2.08346923552841e-08,-1.47928967408227,0.097,0.117,0.000518054625414139,"AGA","Higher_in_TotalCell",-0.02
4.03031775833289e-16,-1.48148722973784,0.105,0.139,1.00213851060947e-11,"TUBGCP3","Higher_in_TotalCell",-0.034
5.31395884077846e-25,-1.48238760048101,0.106,0.154,1.32131586575956e-20,"PRR11","Higher_in_TotalCell",-0.048
3.62040427605466e-21,-1.48543301097762,0.126,0.167,9.00213523240991e-17,"ANKH","Higher_in_TotalCell",-0.041
4.25557944967665e-41,-1.49186853275415,0.199,0.259,1.0581498301621e-36,"GLG1","Higher_in_TotalCell",-0.06
4.90840224363814e-27,-1.49187568168874,0.112,0.163,1.22047421788062e-22,"MGAT4B","Higher_in_TotalCell",-0.051
3.68376230662851e-17,-1.49362096947214,0.129,0.163,9.15967497543179e-13,"XPNPEP1","Higher_in_TotalCell",-0.034
5.49431310289714e-83,-1.49627901973271,0.247,0.34,1.36616095303537e-78,"RNASEH2C","Higher_in_TotalCell",-0.093
3.92185576376314e-26,-1.49754007552638,0.176,0.218,9.75169435659706e-22,"MTURN","Higher_in_TotalCell",-0.042
5.36313667478502e-22,-1.49754713183722,0.125,0.167,1.3335439341853e-17,"RCC1L","Higher_in_TotalCell",-0.042
0,-1.49876316108258,0.987,0.995,0,"ACTB","Higher_in_TotalCell",-0.00800000000000001
4.70170610334372e-74,-1.50000001235316,0.265,0.342,1.16907922259642e-69,"POLR2C","Higher_in_TotalCell",-0.077
0,-1.50052576511847,0.734,0.823,0,"ATP5ME","Higher_in_TotalCell",-0.089
1.12455111776627e-16,-1.50064824522552,0.12,0.155,2.79619635432582e-12,"DEDD","Higher_in_TotalCell",-0.035
9.36408154646181e-13,-1.5007547009683,0.098,0.126,2.32837887652773e-08,"HIVEP3","Higher_in_TotalCell",-0.028
5.25415623700723e-81,-1.50078192997487,0.312,0.38,1.30644594833185e-76,"ARMC10","Higher_in_TotalCell",-0.068
8.54804539177615e-79,-1.50132446314999,0.337,0.394,2.12547148666514e-74,"CD82","Higher_in_TotalCell",-0.057
4.21590421955776e-16,-1.50207663761424,0.079,0.113,1.04828458419304e-11,"DNAJC5","Higher_in_TotalCell",-0.034
9.90319428019774e-213,-1.50224314704401,0.306,0.519,2.46242925777117e-208,"ID3","Higher_in_TotalCell",-0.213
4.61867998577302e-33,-1.50369484796424,0.141,0.197,1.14843477846246e-28,"SH3GL1","Higher_in_TotalCell",-0.056
3.76864959575906e-20,-1.50380475469814,0.14,0.178,9.37074721985491e-16,"MRM2","Higher_in_TotalCell",-0.038
0,-1.50408217183908,0.672,0.759,0,"RNPS1","Higher_in_TotalCell",-0.087
1.08295563679696e-23,-1.50477628694911,0.191,0.227,2.69276919089565e-19,"EGFR","Higher_in_TotalCell",-0.036
1.83060677690022e-103,-1.50493487865132,0.447,0.487,4.5518037507624e-99,"EIF5A","Higher_in_TotalCell",-0.04
5.61394690322004e-37,-1.50591201025789,0.172,0.23,1.39590789748566e-32,"NECAP2","Higher_in_TotalCell",-0.058
2.54331852043105e-187,-1.50649620804886,0.441,0.532,6.3239615010518e-183,"TMEM208","Higher_in_TotalCell",-0.091
6.78470145364999e-13,-1.50797311385713,0.095,0.125,1.68701601645007e-08,"PPP3R1","Higher_in_TotalCell",-0.03
0,-1.5096402385156,0.609,0.697,0,"PSME2","Higher_in_TotalCell",-0.088
5.67076663198758e-124,-1.5102652925856,0.343,0.435,1.41003612304371e-119,"EIF4H","Higher_in_TotalCell",-0.092
4.29137742004946e-21,-1.51058202861859,0.142,0.181,1.0670509954953e-16,"MKNK1","Higher_in_TotalCell",-0.039
5.90217494683795e-40,-1.51124269238672,0.108,0.175,1.46757580053126e-35,"MAP3K8","Higher_in_TotalCell",-0.067
1.21109608810316e-42,-1.51156407076016,0.2,0.26,3.01139042306852e-38,"MAP7D1","Higher_in_TotalCell",-0.06
1.48420233056927e-260,-1.51410049371822,0.518,0.612,3.69046909496049e-256,"CENPX","Higher_in_TotalCell",-0.094
3.07425487804173e-40,-1.5148495213044,0.185,0.244,7.64413475425076e-36,"IST1","Higher_in_TotalCell",-0.059
1.53379034615906e-48,-1.51644910107092,0.201,0.267,3.8137696957245e-44,"TPMT","Higher_in_TotalCell",-0.066
3.95161740135081e-55,-1.51693291010603,0.24,0.305,9.82569666845879e-51,"HDAC3","Higher_in_TotalCell",-0.065
2.44614531907009e-241,-1.51719589687345,0.484,0.578,6.08234033586778e-237,"UBAC2","Higher_in_TotalCell",-0.094
1.00663911037624e-20,-1.51736954289223,0.135,0.174,2.50300814795052e-16,"PAQR4","Higher_in_TotalCell",-0.039
3.55114937614165e-13,-1.51781334808603,0.076,0.105,8.82993292377622e-09,"UBXN2B","Higher_in_TotalCell",-0.029
8.6939177374803e-17,-1.51852334598506,0.075,0.11,2.16174264542448e-12,"ABHD2","Higher_in_TotalCell",-0.035
2.9708234388935e-307,-1.52138784654567,0.542,0.644,7.3869524808087e-303,"SDCBP","Higher_in_TotalCell",-0.102
1.50170995204335e-12,-1.52335718121016,0.083,0.112,3.7340017957558e-08,"ST5","Higher_in_TotalCell",-0.029
4.55306550042235e-38,-1.52342790851909,0.166,0.226,1.13211973668002e-33,"ABHD11","Higher_in_TotalCell",-0.06
7.51840790760401e-37,-1.52353816294985,0.104,0.168,1.86945212622574e-32,"GTSE1","Higher_in_TotalCell",-0.064
0,-1.52546996824968,0.715,0.781,0,"DUT","Higher_in_TotalCell",-0.0660000000000001
2.0841813389737e-68,-1.52548984717928,0.344,0.389,5.1823168993581e-64,"AK3","Higher_in_TotalCell",-0.045
2.1377996077726e-16,-1.52561970559623,0.13,0.163,5.31563872472657e-12,"SKP2","Higher_in_TotalCell",-0.033
4.68623473916593e-16,-1.52569843312899,0.072,0.106,1.16523226789361e-11,"TOM1","Higher_in_TotalCell",-0.034
5.02914527186517e-27,-1.52644786011538,0.149,0.197,1.25049697184927e-22,"QPCT","Higher_in_TotalCell",-0.048
9.38140147023723e-31,-1.52662437729069,0.155,0.207,2.33268547557449e-26,"TM2D2","Higher_in_TotalCell",-0.052
4.35799359522805e-23,-1.52696030395618,0.073,0.117,1.08361510745345e-18,"PEX19","Higher_in_TotalCell",-0.044
8.80643829807562e-22,-1.52793258357929,0.092,0.135,2.1897208828165e-17,"LMF2","Higher_in_TotalCell",-0.043
1.07644200670519e-16,-1.52798072744755,0.096,0.131,2.67657304967245e-12,"DDX19B","Higher_in_TotalCell",-0.035
2.92109453358113e-09,-1.52814744371203,0.082,0.104,7.26330155774948e-05,"ATP6V1E2","Higher_in_TotalCell",-0.022
2.06282188483046e-46,-1.52902427518726,0.216,0.277,5.12920661663095e-42,"CFAP97","Higher_in_TotalCell",-0.061
4.60158047952852e-36,-1.52960198690738,0.184,0.238,1.14418298623477e-31,"MRPL46","Higher_in_TotalCell",-0.054
3.54029590855879e-41,-1.53004265111373,0.132,0.2,8.80294577663144e-37,"TINAGL1","Higher_in_TotalCell",-0.068
0,-1.53071365486898,0.761,0.839,0,"RPL39L","Higher_in_TotalCell",-0.078
2.86687436601463e-61,-1.53196569562175,0.115,0.206,7.12848311109538e-57,"NDC80","Higher_in_TotalCell",-0.091
9.83058513765585e-32,-1.53273900973476,0.159,0.211,2.44437499447813e-27,"SLC25A26","Higher_in_TotalCell",-0.052
8.48988224934891e-32,-1.53393246852287,0.108,0.165,2.11100922130061e-27,"FAM234A","Higher_in_TotalCell",-0.057
7.3722026552057e-51,-1.53401181682756,0.209,0.275,1.8330981902169e-46,"RBFA","Higher_in_TotalCell",-0.066
3.49796984955008e-31,-1.53566265149816,0.162,0.213,8.69770203090628e-27,"DTWD1","Higher_in_TotalCell",-0.051
0,-1.53685389706298,0.781,0.832,0,"ARGLU1","Higher_in_TotalCell",-0.0509999999999999
1.90316842951334e-73,-1.53910195656414,0.273,0.346,4.73222829998493e-69,"ECI1","Higher_in_TotalCell",-0.073
1.4916326339391e-120,-1.53916358001228,0.333,0.427,3.70894454428956e-116,"PSMG3","Higher_in_TotalCell",-0.094
2.35411723729635e-58,-1.54103189259917,0.202,0.28,5.85351251053736e-54,"YARS","Higher_in_TotalCell",-0.078
5.51696773139493e-50,-1.54116272498562,0.183,0.254,1.37179402641135e-45,"SZRD1","Higher_in_TotalCell",-0.071
4.31049415693492e-17,-1.54159017542173,0.089,0.125,1.07180437212187e-12,"MAGI1","Higher_in_TotalCell",-0.036
2.25881009705553e-16,-1.54203737839634,0.085,0.12,5.61653130632859e-12,"RASGEF1B","Higher_in_TotalCell",-0.035
1.38666463324382e-104,-1.54332157525782,0.354,0.424,3.44794161056075e-100,"DHRS1","Higher_in_TotalCell",-0.07
1.23846291792692e-23,-1.54471117597193,0.125,0.169,3.07943804542529e-19,"AKT1","Higher_in_TotalCell",-0.044
4.68879962565625e-48,-1.54598634558399,0.175,0.245,1.16587002691943e-43,"GCLM","Higher_in_TotalCell",-0.07
1.60891979629636e-11,-1.54599156277161,0.1,0.127,4.0005790734909e-07,"AL451165.2","Higher_in_TotalCell",-0.027
1.56206985245418e-76,-1.55033956407399,0.156,0.262,3.88408668812732e-72,"PBK","Higher_in_TotalCell",-0.106
3.59345857214766e-15,-1.55140447391855,0.071,0.103,8.93513473964515e-11,"SWAP70","Higher_in_TotalCell",-0.032
4.70551244473473e-10,-1.55174276421048,0.079,0.103,1.17002566938329e-05,"C2CD4D","Higher_in_TotalCell",-0.024
7.31181250832087e-82,-1.55235488331867,0.266,0.35,1.81808218019398e-77,"ING1","Higher_in_TotalCell",-0.084
2.36447487867703e-95,-1.55735301673482,0.305,0.386,5.87926678583043e-91,"TMEM248","Higher_in_TotalCell",-0.081
1.40686154618747e-40,-1.5595749095736,0.117,0.185,3.49816123459514e-36,"KHDRBS3","Higher_in_TotalCell",-0.068
3.97215893704599e-75,-1.56128149700408,0.347,0.397,9.87677319696485e-71,"EZH2","Higher_in_TotalCell",-0.05
1.40301295241595e-39,-1.56179514573393,0.177,0.236,3.48859170618225e-35,"RAD1","Higher_in_TotalCell",-0.059
7.50970033739474e-19,-1.56275338392977,0.103,0.141,1.8672869888932e-14,"TMEM185A","Higher_in_TotalCell",-0.038
7.88076825936654e-73,-1.56375675443547,0.187,0.282,1.95955302769149e-68,"C1GALT1","Higher_in_TotalCell",-0.095
3.07598980025473e-215,-1.56399066890671,0.389,0.521,7.64844863833338e-211,"ZNF593","Higher_in_TotalCell",-0.132
4.8395844615015e-34,-1.56516212702977,0.11,0.17,1.20336267635235e-29,"UNC45A","Higher_in_TotalCell",-0.06
3.47653141297356e-19,-1.56530500076158,0.068,0.106,8.64439535835876e-15,"GFER","Higher_in_TotalCell",-0.038
5.95386487061977e-41,-1.56555173221626,0.147,0.214,1.48042850007961e-36,"MEF2A","Higher_in_TotalCell",-0.067
4.77650649700527e-24,-1.56754764983831,0.098,0.145,1.18767834048036e-19,"NPR3","Higher_in_TotalCell",-0.047
5.63516517306551e-50,-1.56787132438167,0.183,0.254,1.40118382028274e-45,"CSNK1E","Higher_in_TotalCell",-0.071
6.00568248390806e-20,-1.56866862831028,0.128,0.166,1.49331294962374e-15,"CXorf56","Higher_in_TotalCell",-0.038
1.13120686999428e-25,-1.56882797509729,0.093,0.141,2.81274588224077e-21,"CLMN","Higher_in_TotalCell",-0.048
2.56897663568324e-16,-1.56923663179915,0.088,0.123,6.38776040462638e-12,"FAM76A","Higher_in_TotalCell",-0.035
1.52311103163636e-24,-1.57188688800971,0.119,0.165,3.7872155801638e-20,"PLK3","Higher_in_TotalCell",-0.046
8.14404382550727e-15,-1.57232221493329,0.086,0.118,2.02501649721238e-10,"MIRLET7BHG","Higher_in_TotalCell",-0.032
2.55176106759804e-60,-1.57363896499892,0.055,0.137,6.34495389458252e-56,"TACC1","Higher_in_TotalCell",-0.082
9.84330757451714e-110,-1.57414332491463,0.303,0.396,2.44753842840369e-105,"PQBP1","Higher_in_TotalCell",-0.093
3.74395072451814e-35,-1.57521843721109,0.137,0.196,9.30933347651436e-31,"NEDD4L","Higher_in_TotalCell",-0.059
2.01340703419672e-125,-1.57551431857752,0.324,0.424,5.00633659053014e-121,"CD151","Higher_in_TotalCell",-0.1
3.86325317854392e-27,-1.57581462316361,0.128,0.177,9.60597902844945e-23,"UBE3C","Higher_in_TotalCell",-0.049
0,-1.57801964250946,0.625,0.699,0,"SNRPA1","Higher_in_TotalCell",-0.074
2.66171126781495e-17,-1.57815026753607,0.083,0.119,6.61834506742186e-13,"NCOA2","Higher_in_TotalCell",-0.036
2.16935946087768e-40,-1.57823661874877,0.155,0.218,5.39411229947236e-36,"PPP2R3C","Higher_in_TotalCell",-0.063
4.28650640689721e-29,-1.57844251802637,0.149,0.199,1.06583981807499e-24,"ANTXR1","Higher_in_TotalCell",-0.05
5.9457246799955e-30,-1.58054701449523,0.115,0.169,1.47840444168088e-25,"CHD7","Higher_in_TotalCell",-0.054
1.85466486248635e-34,-1.58121192328813,0.123,0.181,4.61162418057231e-30,"TSR2","Higher_in_TotalCell",-0.058
1.53398565163249e-21,-1.58371917278023,0.1,0.143,3.8142553227842e-17,"HOMER2","Higher_in_TotalCell",-0.043
8.49744429363335e-93,-1.58484249751326,0.171,0.289,2.11288952361193e-88,"GLRX","Higher_in_TotalCell",-0.118
1.7903976848544e-32,-1.58647604518532,0.1,0.157,4.45182384339048e-28,"HYI","Higher_in_TotalCell",-0.057
8.88598152874668e-26,-1.58685447967922,0.08,0.128,2.20949930712286e-21,"GCAT","Higher_in_TotalCell",-0.048
0,-1.58979881462734,0.076,0.392,0,"HLA-DRB1","Higher_in_TotalCell",-0.316
5.87924584767969e-11,-1.59086722099583,0.117,0.142,1.46187448002556e-06,"EPPK1","Higher_in_TotalCell",-0.025
1.49195848954698e-15,-1.59107047657107,0.111,0.143,3.70975478425857e-11,"STRN3","Higher_in_TotalCell",-0.032
9.12972431432852e-18,-1.5914613510361,0.122,0.157,2.27010595075779e-13,"ATG4D","Higher_in_TotalCell",-0.035
8.33595064270791e-118,-1.59386424959337,0.434,0.514,2.07273412730932e-113,"MT1E","Higher_in_TotalCell",-0.08
9.43019496918304e-21,-1.593943993407,0.226,0.25,2.34481797908736e-16,"TENT5B","Higher_in_TotalCell",-0.024
0,-1.59523958470402,0.456,0.669,0,"ANXA1","Higher_in_TotalCell",-0.213
8.56816216251211e-54,-1.59542138701679,0.218,0.287,2.13047352170864e-49,"LMO7","Higher_in_TotalCell",-0.069
1.78316707921178e-36,-1.598207345517,0.133,0.194,4.43384494246009e-32,"LUZP1","Higher_in_TotalCell",-0.061
3.98514176365847e-71,-1.59857897177631,0.24,0.321,9.90905499533677e-67,"NT5C3A","Higher_in_TotalCell",-0.081
5.98174767975202e-32,-1.60048670085732,0.131,0.187,1.48736156057034e-27,"FZD6","Higher_in_TotalCell",-0.056
8.33380339355323e-15,-1.6007672044181,0.074,0.106,2.07220021380701e-10,"CENPB","Higher_in_TotalCell",-0.032
1.32001934791511e-52,-1.60124755233661,0.181,0.256,3.28222810859093e-48,"SUN1","Higher_in_TotalCell",-0.075
2.09710220491388e-17,-1.60230232570085,0.077,0.113,5.21444463251837e-13,"USP11","Higher_in_TotalCell",-0.036
7.57424673053161e-23,-1.60423965565755,0.089,0.133,1.88333644954669e-18,"ELK1","Higher_in_TotalCell",-0.044
2.69007082013018e-65,-1.60468521236945,0.074,0.164,6.68886109425369e-61,"SPHK1","Higher_in_TotalCell",-0.09
0,-1.60477156291021,0.783,0.873,0,"KDELR2","Higher_in_TotalCell",-0.09
0,-1.60521100766573,0.882,0.928,0,"RHEB","Higher_in_TotalCell",-0.046
6.90778542415105e-127,-1.60585895525736,0.359,0.443,1.71762084571516e-122,"EBP","Higher_in_TotalCell",-0.084
1.41792128768633e-21,-1.60785245353425,0.086,0.128,3.52566128183206e-17,"MOCOS","Higher_in_TotalCell",-0.042
1.5444890330008e-269,-1.60841020487711,0.649,0.717,3.84037198055648e-265,"RARRES1","Higher_in_TotalCell",-0.0679999999999999
4.72272668673402e-19,-1.60916220947727,0.134,0.171,1.17430599065641e-14,"CCNE2","Higher_in_TotalCell",-0.037
2.85544634941687e-19,-1.61119180633216,0.117,0.155,7.10006734782506e-15,"NCAPG2","Higher_in_TotalCell",-0.038
2.67241428136124e-16,-1.61189288690031,0.086,0.121,6.64495811060472e-12,"BIVM","Higher_in_TotalCell",-0.035
1.65191161371004e-28,-1.61361945878102,0.18,0.224,4.10747822749002e-24,"LRRC8A","Higher_in_TotalCell",-0.044
1.31113113566023e-25,-1.6161799859468,0.076,0.124,3.26012756881917e-21,"PHKG1","Higher_in_TotalCell",-0.048
9.7862956663898e-118,-1.61666544112459,0.312,0.407,2.43336241744782e-113,"TMEM256","Higher_in_TotalCell",-0.095
6.88100172601601e-80,-1.61740269700328,0.375,0.416,1.71096107917388e-75,"NFIB","Higher_in_TotalCell",-0.041
2.01683969585122e-199,-1.61766272256498,0.432,0.526,5.01487190373405e-195,"LAD1","Higher_in_TotalCell",-0.094
9.73746304232283e-279,-1.61850989368592,0.471,0.583,2.42122018547357e-274,"THOC7","Higher_in_TotalCell",-0.112
1.70885116797389e-57,-1.61926091521632,0.152,0.235,4.24905842916708e-53,"CYBC1","Higher_in_TotalCell",-0.083
1.92147042198853e-24,-1.62078405428779,0.091,0.137,4.77773620427448e-20,"RPP21","Higher_in_TotalCell",-0.046
4.71699813352307e-22,-1.62303423625374,0.087,0.13,1.17288158590051e-17,"IGF1R","Higher_in_TotalCell",-0.043
3.38414554035862e-40,-1.6247717354794,0.204,0.261,8.41467788610171e-36,"FAM43A","Higher_in_TotalCell",-0.057
6.14562061816573e-82,-1.62530631353025,0.18,0.285,1.52810856670691e-77,"HAPLN3","Higher_in_TotalCell",-0.105
1.38476202078161e-107,-1.62671904357782,0.281,0.386,3.44321076467346e-103,"NMB","Higher_in_TotalCell",-0.105
6.1569293324588e-129,-1.62742255664763,0.246,0.378,1.53092047851588e-124,"IRS2","Higher_in_TotalCell",-0.132
4.08147038397853e-19,-1.62845561098077,0.095,0.134,1.01485761097626e-14,"MYO5B","Higher_in_TotalCell",-0.039
1.70284755907008e-214,-1.62998226897132,0.431,0.534,4.23413045562774e-210,"FAM96A","Higher_in_TotalCell",-0.103
9.0032577010451e-225,-1.63232503072238,0.426,0.54,2.23866002736487e-220,"CETN2","Higher_in_TotalCell",-0.114
1.10648452908508e-44,-1.63330649895348,0.131,0.202,2.75127378157004e-40,"C8orf82","Higher_in_TotalCell",-0.071
3.28481694966332e-49,-1.63603249816235,0.202,0.269,8.16769734533785e-45,"MVD","Higher_in_TotalCell",-0.067
7.75939726381713e-171,-1.63605710299322,0.384,0.487,1.92937412964813e-166,"KDSR","Higher_in_TotalCell",-0.103
1.49015359622787e-53,-1.63614703446824,0.199,0.27,3.7052669170206e-49,"COQ9","Higher_in_TotalCell",-0.071
2.89782563817429e-70,-1.63752220564781,0.227,0.309,7.20544344932038e-66,"ADGRG1","Higher_in_TotalCell",-0.082
3.7468283554518e-29,-1.63814823671971,0.097,0.15,9.31648870583091e-25,"B4GALT2","Higher_in_TotalCell",-0.053
1.08006954763401e-214,-1.64084801044339,0.46,0.555,2.68559293019196e-210,"MTHFD2","Higher_in_TotalCell",-0.095
1.05424400180931e-277,-1.64085121693708,0.476,0.59,2.62137771049885e-273,"BAG1","Higher_in_TotalCell",-0.114
1.90377106765197e-32,-1.64219882617678,0.106,0.162,4.73372675971663e-28,"MAPK3","Higher_in_TotalCell",-0.056
1.98447216115817e-33,-1.64286432005782,0.11,0.168,4.93439002871978e-29,"TAF10","Higher_in_TotalCell",-0.058
8.01558730323309e-33,-1.64300929169676,0.09,0.147,1.99307578294891e-28,"TBL1X","Higher_in_TotalCell",-0.057
4.86119924427241e-21,-1.64341726242087,0.094,0.135,1.20873719208834e-16,"ASH2L","Higher_in_TotalCell",-0.041
7.15870124181605e-100,-1.6434441024778,0.258,0.359,1.78001106377756e-95,"GALNT1","Higher_in_TotalCell",-0.101
2.64075079828349e-125,-1.64585662696844,0.278,0.395,6.5662268599319e-121,"SERINC2","Higher_in_TotalCell",-0.117
1.48224894420125e-32,-1.64594650875103,0.136,0.191,3.68561199975641e-28,"UTP4","Higher_in_TotalCell",-0.055
1.17064446906361e-76,-1.64717354015042,0.237,0.322,2.91080747232667e-72,"RPP25","Higher_in_TotalCell",-0.085
2.68673767230545e-24,-1.64801002080572,0.127,0.172,6.6805732221875e-20,"PLEKHA5","Higher_in_TotalCell",-0.045
2.9362188518367e-48,-1.64944627942007,0.194,0.262,7.30090817509195e-44,"FKBP9","Higher_in_TotalCell",-0.068
3.99719455512485e-33,-1.65036157045957,0.132,0.189,9.93902426131795e-29,"IGF2BP2","Higher_in_TotalCell",-0.057
5.775563257397e-145,-1.65159350451915,0.026,0.164,1.43609380395176e-140,"SPP1","Higher_in_TotalCell",-0.138
3.88452106239539e-179,-1.6515978871018,0.328,0.462,9.65886162164613e-175,"CREG1","Higher_in_TotalCell",-0.134
1.89763744437468e-47,-1.65183884874766,0.156,0.226,4.71847550543764e-43,"HPS1","Higher_in_TotalCell",-0.07
3.4394579825504e-40,-1.65245149582778,0.131,0.196,8.55221227361158e-36,"PLEKHF2","Higher_in_TotalCell",-0.065
2.80358464097354e-16,-1.65358871911348,0.085,0.119,6.97111320978071e-12,"PIGU","Higher_in_TotalCell",-0.034
7.26536225053322e-160,-1.65388847923228,0.441,0.522,1.80653232359508e-155,"INSIG1","Higher_in_TotalCell",-0.081
1.22626701982138e-24,-1.65419920509667,0.084,0.13,3.04911294478585e-20,"FANCI","Higher_in_TotalCell",-0.046
1.52654998374057e-37,-1.65422609509517,0.094,0.156,3.79576653457092e-33,"G6PD","Higher_in_TotalCell",-0.062
2.36006748224367e-59,-1.65511332804404,0.167,0.25,5.86830779459888e-55,"DHRSX","Higher_in_TotalCell",-0.083
5.28292160997638e-145,-1.65697016778784,0.345,0.446,1.31359845832063e-140,"MRPS11","Higher_in_TotalCell",-0.101
0,-1.65722402995622,0.842,0.929,0,"ELOB","Higher_in_TotalCell",-0.0870000000000001
3.44972571695685e-154,-1.65877136327686,0.189,0.357,8.5777429952132e-150,"BIRC5","Higher_in_TotalCell",-0.168
9.99990619227983e-60,-1.66118175460737,0.193,0.27,2.48647667471038e-55,"BCAP29","Higher_in_TotalCell",-0.077
0,-1.66309411306289,0.961,0.954,0,"TACSTD2","Higher_in_TotalCell",0.00700000000000001
6.17038375768714e-55,-1.66378895946192,0.161,0.24,1.53426592134891e-50,"PACSIN3","Higher_in_TotalCell",-0.079
5.39586804012483e-60,-1.66418882328326,0.169,0.251,1.34168258817704e-55,"MRTO4","Higher_in_TotalCell",-0.082
2.02318650766747e-17,-1.66439322932454,0.07,0.105,5.03065325131515e-13,"FBXW4","Higher_in_TotalCell",-0.035
3.03870134860402e-17,-1.66494539867755,0.075,0.11,7.5557309033039e-13,"FAM118A","Higher_in_TotalCell",-0.035
2.81119692849194e-58,-1.66558249678757,0.185,0.269,6.99004116269522e-54,"FBXO32","Higher_in_TotalCell",-0.084
0,-1.66620776579014,0.498,0.627,0,"NDUFB8","Higher_in_TotalCell",-0.129
8.46717149714522e-15,-1.66783900917968,0.069,0.1,2.10536219276516e-10,"ZP3","Higher_in_TotalCell",-0.031
5.1578739702402e-119,-1.66999250328094,0.277,0.384,1.28250536270023e-114,"GLRX5","Higher_in_TotalCell",-0.107
1.24880996592454e-85,-1.67070750992032,0.223,0.321,3.10516598027138e-81,"PPP1R14C","Higher_in_TotalCell",-0.098
4.42272126100475e-32,-1.67193887438764,0.08,0.136,1.09970964154883e-27,"TAZ","Higher_in_TotalCell",-0.056
5.3957848390381e-214,-1.67211711112153,0.438,0.536,1.34166190022682e-209,"JUP","Higher_in_TotalCell",-0.098
3.22881506349313e-12,-1.67244422359956,0.076,0.103,8.02844865537568e-08,"MTFMT","Higher_in_TotalCell",-0.027
0,-1.67351987581009,0.546,0.699,0,"ROMO1","Higher_in_TotalCell",-0.153
7.61409585335843e-17,-1.67399582665337,0.069,0.104,1.89324493393757e-12,"PSMA6","Higher_in_TotalCell",-0.035
1.77617833359752e-26,-1.67464974874944,0.093,0.142,4.41646742649022e-22,"IER5L","Higher_in_TotalCell",-0.049
0,-1.67471245369684,0.614,0.716,0,"EGR1","Higher_in_TotalCell",-0.102
6.01484546114288e-85,-1.67539052655814,0.09,0.201,1.49559132391318e-80,"C1R","Higher_in_TotalCell",-0.111
3.84184346114354e-245,-1.68000391604992,0.48,0.576,9.55274376613342e-241,"KLF5","Higher_in_TotalCell",-0.096
6.33441213052789e-16,-1.68035187831205,0.081,0.115,1.57505157625576e-11,"CSNK2A2","Higher_in_TotalCell",-0.034
1.23327108511428e-297,-1.68277304143634,0.474,0.592,3.06652855313667e-293,"FAM136A","Higher_in_TotalCell",-0.118
2.18370938054177e-18,-1.68333422571593,0.084,0.121,5.4297933747171e-14,"TMEM154","Higher_in_TotalCell",-0.037
2.42148833675566e-53,-1.68394177922798,0.151,0.23,6.02103074934294e-49,"STARD10","Higher_in_TotalCell",-0.079
6.53364648394029e-68,-1.68426565925008,0.225,0.303,1.62459119823175e-63,"CD58","Higher_in_TotalCell",-0.078
6.92178026537267e-17,-1.68460304189147,0.069,0.103,1.72110066298491e-12,"F8","Higher_in_TotalCell",-0.034
0,-1.68562114039343,0.856,0.922,0,"ATP5MD","Higher_in_TotalCell",-0.0660000000000001
1.04136892621837e-49,-1.68567604710219,0.167,0.238,2.58936383504199e-45,"E2F4","Higher_in_TotalCell",-0.071
8.63672236319506e-16,-1.68693277720811,0.067,0.1,2.14752101560845e-11,"PAXIP1","Higher_in_TotalCell",-0.033
1.02760810534265e-150,-1.68805165386295,0.33,0.444,2.55514755393449e-146,"BID","Higher_in_TotalCell",-0.114
1.25885026107234e-233,-1.69021400606301,0.437,0.547,3.13013117415638e-229,"IRF6","Higher_in_TotalCell",-0.11
3.69666098380813e-23,-1.6910287070741,0.061,0.104,9.19174753623891e-19,"CMTM3","Higher_in_TotalCell",-0.043
2.92982336089645e-70,-1.69159594888554,0.244,0.322,7.28500578686903e-66,"INTS6","Higher_in_TotalCell",-0.078
1.24428239434112e-27,-1.69177640545129,0.131,0.181,3.09390817352919e-23,"CASP2","Higher_in_TotalCell",-0.05
6.10384447256554e-35,-1.69350165736133,0.118,0.177,1.51772092810342e-30,"AKTIP","Higher_in_TotalCell",-0.059
7.65840185238063e-220,-1.69387616761236,0.366,0.503,1.90426162059444e-215,"ATP6V1E1","Higher_in_TotalCell",-0.137
1.93411468696415e-96,-1.6941181084227,0.243,0.343,4.80917616913636e-92,"TCEA3","Higher_in_TotalCell",-0.1
8.6234534540539e-50,-1.69479227476356,0.184,0.253,2.1442217013505e-45,"WDFY2","Higher_in_TotalCell",-0.069
2.47243349167366e-83,-1.69522379745955,0.206,0.304,6.14770587704655e-79,"CCNQ","Higher_in_TotalCell",-0.098
5.24624168857302e-24,-1.69537662411542,0.068,0.112,1.30447799586368e-19,"ZDHHC18","Higher_in_TotalCell",-0.044
4.17591310790242e-138,-1.69591411075903,0.335,0.434,1.03834079427994e-133,"TMOD3","Higher_in_TotalCell",-0.099
6.61547210844372e-98,-1.69777113715327,0.279,0.369,1.64493713976453e-93,"SPPL2A","Higher_in_TotalCell",-0.09
3.88048391462963e-231,-1.69892682366626,0.368,0.514,9.64882325372658e-227,"MLF1","Higher_in_TotalCell",-0.146
4.34839724270045e-64,-1.69944949359621,0.197,0.279,1.08122897439747e-59,"BAIAP2","Higher_in_TotalCell",-0.082
3.17703709726513e-32,-1.70024757493984,0.115,0.171,7.89970274234974e-28,"GNB5","Higher_in_TotalCell",-0.056
2.3476301316947e-85,-1.70052231755206,0.191,0.296,5.83738232245888e-81,"RNF145","Higher_in_TotalCell",-0.105
7.14032458824285e-41,-1.70178556122026,0.162,0.224,1.77544170886659e-36,"RCL1","Higher_in_TotalCell",-0.062
8.00546997609858e-260,-1.70211488124247,0.425,0.55,1.99056010955691e-255,"ECHS1","Higher_in_TotalCell",-0.125
0,-1.70231213919425,0.62,0.753,0,"KTN1","Higher_in_TotalCell",-0.133
1.3611154187415e-105,-1.70373398565021,0.256,0.359,3.38441348870075e-101,"ZNF511","Higher_in_TotalCell",-0.103
0,-1.70470062089808,0.798,0.893,0,"PCBP1","Higher_in_TotalCell",-0.095
2.91378114531142e-30,-1.70516586482119,0.103,0.158,7.24511681781684e-26,"PDLIM3","Higher_in_TotalCell",-0.055
9.56967679124879e-76,-1.7055248689095,0.172,0.272,2.37950013414401e-71,"NFKBIZ","Higher_in_TotalCell",-0.1
2.58960795344286e-85,-1.70637018581498,0.205,0.304,6.43906017623568e-81,"JPT2","Higher_in_TotalCell",-0.099
4.47939561909922e-24,-1.7065493402213,0.082,0.127,1.11380172068902e-19,"AKIP1","Higher_in_TotalCell",-0.045
7.07611056648657e-30,-1.70723113971665,0.169,0.22,1.75947489235689e-25,"ANKRD37","Higher_in_TotalCell",-0.051
4.13678514940641e-39,-1.7076692878402,0.058,0.118,1.0286116273999e-34,"NFKBIE","Higher_in_TotalCell",-0.06
1.94376722457544e-104,-1.70815567819675,0.414,0.471,4.83317720390682e-100,"NR4A2","Higher_in_TotalCell",-0.057
3.69531022191577e-117,-1.70837598541448,0.275,0.382,9.18838886679356e-113,"ARL2BP","Higher_in_TotalCell",-0.107
3.20164670455483e-125,-1.7098861320117,0.326,0.429,7.96089453087558e-121,"TK1","Higher_in_TotalCell",-0.103
5.67931875045073e-149,-1.71049338209003,0.356,0.452,1.41216260729957e-144,"PLGRKT","Higher_in_TotalCell",-0.096
3.18061328208055e-71,-1.71184448968405,0.207,0.294,7.90859492589329e-67,"RHBDL2","Higher_in_TotalCell",-0.087
8.74612937872935e-59,-1.71271507301992,0.181,0.262,2.17472507002105e-54,"PRNP","Higher_in_TotalCell",-0.081
2.35353905506738e-213,-1.71276589574145,0.393,0.513,5.85207486042505e-209,"PEF1","Higher_in_TotalCell",-0.12
8.62448967034975e-70,-1.713773224755,0.174,0.265,2.14447935653246e-65,"USB1","Higher_in_TotalCell",-0.091
1.24093157656049e-90,-1.71400405140544,0.222,0.323,3.08557636511765e-86,"AAK1","Higher_in_TotalCell",-0.101
6.64592400089192e-72,-1.71417180466369,0.222,0.306,1.65250900282178e-67,"PELI1","Higher_in_TotalCell",-0.084
0,-1.71421006387207,0.632,0.773,0,"NDUFA6","Higher_in_TotalCell",-0.141
1.54367274591898e-40,-1.71653271905946,0.132,0.197,3.83834228272754e-36,"SNX1","Higher_in_TotalCell",-0.065
1.70301965728634e-21,-1.71686768509708,0.078,0.119,4.23455837784248e-17,"PCGF6","Higher_in_TotalCell",-0.041
3.74897190928466e-36,-1.71964579996985,0.088,0.149,9.32181865243632e-32,"SLK","Higher_in_TotalCell",-0.061
0,-1.71972141898561,0.899,0.961,0,"MT1X","Higher_in_TotalCell",-0.0619999999999999
2.48179586817824e-25,-1.7281643710127,0.086,0.133,6.1709854262252e-21,"FAM20C","Higher_in_TotalCell",-0.047
8.38554202782372e-132,-1.72927686125792,0.276,0.393,2.08506502521837e-127,"GOLGA7","Higher_in_TotalCell",-0.117
2.97299120483807e-44,-1.72950208491589,0.138,0.207,7.39234263082986e-40,"SLC51A","Higher_in_TotalCell",-0.069
8.40648633833693e-123,-1.72976287232375,0.278,0.387,2.09027282802748e-118,"UBE2M","Higher_in_TotalCell",-0.109
6.18671789514193e-15,-1.73134434172592,0.074,0.105,1.53832740462704e-10,"AL627171.1","Higher_in_TotalCell",-0.031
1.93754379250063e-35,-1.73233692867306,0.084,0.143,4.81770264005281e-31,"TRMU","Higher_in_TotalCell",-0.059
3.01759722921006e-66,-1.73285387529835,0.168,0.256,7.50325551043082e-62,"ADPGK","Higher_in_TotalCell",-0.088
6.51914498204086e-188,-1.73680332532696,0.309,0.455,1.62098539978446e-183,"TAPBP","Higher_in_TotalCell",-0.146
9.55021853532851e-45,-1.73764182384277,0.101,0.172,2.37466183880943e-40,"ILK","Higher_in_TotalCell",-0.071
6.01366618793053e-24,-1.73929259635546,0.061,0.105,1.49529809762893e-19,"ENTPD6","Higher_in_TotalCell",-0.044
0,-1.73972433888862,0.52,0.654,0,"SPG21","Higher_in_TotalCell",-0.134
1.13033605411059e-32,-1.74029466244433,0.109,0.165,2.81058059854599e-28,"ADAL","Higher_in_TotalCell",-0.056
2.97138069116448e-49,-1.74113631627622,0.044,0.112,7.38833808858047e-45,"APOL6","Higher_in_TotalCell",-0.068
4.40850951117322e-72,-1.74144028363565,0.146,0.243,1.09617588995322e-67,"UBE2Q1","Higher_in_TotalCell",-0.097
5.01008626280565e-61,-1.74485791851635,0.156,0.24,1.24575794924662e-56,"RP9","Higher_in_TotalCell",-0.084
2.04827047972211e-78,-1.74769492714268,0.18,0.278,5.09302454782902e-74,"UROS","Higher_in_TotalCell",-0.098
1.42445820881548e-110,-1.74882312499632,0.289,0.384,3.54191533621968e-106,"SQOR","Higher_in_TotalCell",-0.095
7.08734630416504e-25,-1.74929045821711,0.076,0.122,1.76226865853064e-20,"RYR1","Higher_in_TotalCell",-0.046
7.24020275125648e-73,-1.74994213759143,0.159,0.255,1.80027641409992e-68,"DNAJA3","Higher_in_TotalCell",-0.096
6.71911527390818e-265,-1.75073298264381,0.38,0.534,1.67070801285727e-260,"ZNHIT1","Higher_in_TotalCell",-0.154
2.06848829700768e-48,-1.75338622667802,0.191,0.257,5.1432961505096e-44,"CCDC91","Higher_in_TotalCell",-0.066
3.75796838236981e-161,-1.75479144276648,0.326,0.444,9.34418838276252e-157,"SNRNP27","Higher_in_TotalCell",-0.118
6.11932911436978e-123,-1.75666483362469,0.236,0.366,1.52157118428805e-118,"CTSV","Higher_in_TotalCell",-0.13
4.19275693240856e-23,-1.75694714143639,0.076,0.119,1.04252901124339e-18,"BORCS5","Higher_in_TotalCell",-0.043
6.77570945090995e-40,-1.75803089991506,0.107,0.172,1.68478015496876e-35,"INAVA","Higher_in_TotalCell",-0.065
3.06997797987196e-159,-1.76096734036975,0.166,0.337,7.63350024695163e-155,"TGFBI","Higher_in_TotalCell",-0.171
2.17867411395554e-22,-1.76339031814958,0.093,0.136,5.41727318435046e-18,"ANXA8L1","Higher_in_TotalCell",-0.043
6.56720054754353e-42,-1.7646931405503,0.118,0.185,1.6329344161467e-37,"TINF2","Higher_in_TotalCell",-0.067
3.19248585070845e-21,-1.76556569913636,0.063,0.103,7.93811606778655e-17,"LINC00685","Higher_in_TotalCell",-0.04
4.22928604341991e-229,-1.76620795091039,0.302,0.478,1.05161197469636e-224,"HP1BP3","Higher_in_TotalCell",-0.176
0,-1.76731029795099,0.893,0.928,0,"LGALS3","Higher_in_TotalCell",-0.035
0,-1.77001228357051,0.486,0.651,0,"POLR2L","Higher_in_TotalCell",-0.165
1.08112957570709e-38,-1.77087670408347,0.104,0.168,2.68822868999567e-34,"FOXK1","Higher_in_TotalCell",-0.064
1.10626750518306e-51,-1.77117202122061,0.048,0.12,2.75073415163768e-47,"PADI2","Higher_in_TotalCell",-0.072
6.31889690526338e-38,-1.77370030520532,0.113,0.176,1.57119371549374e-33,"SLC4A2","Higher_in_TotalCell",-0.063
1.12531439463698e-129,-1.77450915058561,0.149,0.3,2.79809424226485e-125,"NTRK2","Higher_in_TotalCell",-0.151
5.02277595138494e-84,-1.77472833671667,0.196,0.296,1.24891324031187e-79,"PGP","Higher_in_TotalCell",-0.1
5.4337775452703e-142,-1.77636578791698,0.151,0.308,1.35110878663146e-137,"RAB11FIP1","Higher_in_TotalCell",-0.157
0,-1.77681585242354,0.716,0.812,0,"RAB11A","Higher_in_TotalCell",-0.0960000000000001
1.67926828032785e-145,-1.77749259375761,0.15,0.311,4.17550057903521e-141,"SGK1","Higher_in_TotalCell",-0.161
1.52413597906026e-20,-1.77957283094245,0.098,0.138,3.78976411193334e-16,"TMTC4","Higher_in_TotalCell",-0.04
1.15699203159237e-164,-1.78075413939463,0.3,0.429,2.87686068655442e-160,"PPIF","Higher_in_TotalCell",-0.129
6.34401090091033e-208,-1.78325899321889,0.349,0.492,1.57743831051135e-203,"PDLIM4","Higher_in_TotalCell",-0.143
0,-1.78462086803978,0.53,0.686,0,"DUSP23","Higher_in_TotalCell",-0.156
2.1028580960849e-116,-1.78610456350134,0.423,0.485,5.22875665591511e-112,"B4GALT1","Higher_in_TotalCell",-0.062
1.46845331645847e-118,-1.78674303511636,0.215,0.34,3.65130917137398e-114,"EIF3B","Higher_in_TotalCell",-0.125
1.62130299833686e-64,-1.78749311329196,0.148,0.237,4.03136990536459e-60,"BAG3","Higher_in_TotalCell",-0.089
9.13050163645199e-79,-1.7880425573841,0.078,0.183,2.27029923190379e-74,"USP18","Higher_in_TotalCell",-0.105
1.73629439322346e-147,-1.79156997814528,0.274,0.402,4.31729600875014e-143,"TM2D3","Higher_in_TotalCell",-0.128
5.13260429139884e-51,-1.79205913012407,0.056,0.128,1.27622205705632e-46,"STK17A","Higher_in_TotalCell",-0.072
1.40839367369838e-34,-1.7927116608019,0.088,0.146,3.50197086965102e-30,"VEGFB","Higher_in_TotalCell",-0.058
9.33390248248555e-117,-1.79692825740667,0.193,0.321,2.32087485227003e-112,"PEA15","Higher_in_TotalCell",-0.128
1.18813013537185e-49,-1.79810000153179,0.12,0.195,2.95428558160211e-45,"AC244090.1","Higher_in_TotalCell",-0.075
0,-1.79844889196534,0.43,0.647,0,"CDC42","Higher_in_TotalCell",-0.217
5.4642259447464e-22,-1.79876441689474,0.06,0.1,1.35867978116119e-17,"PARP6","Higher_in_TotalCell",-0.04
2.84559774683915e-23,-1.80281441099022,0.062,0.104,7.07557879751554e-19,"FZD1","Higher_in_TotalCell",-0.042
7.85211972749594e-24,-1.80326915902211,0.063,0.106,1.95242957024187e-19,"TMCO4","Higher_in_TotalCell",-0.043
1.16673476638178e-30,-1.80373050611041,0.077,0.13,2.90108599660828e-26,"NCCRP1","Higher_in_TotalCell",-0.053
2.53825733907698e-67,-1.80566845163712,0.125,0.218,6.31137687361492e-63,"TEN1","Higher_in_TotalCell",-0.093
9.94398091597315e-39,-1.8063902567101,0.113,0.176,2.47257085475672e-34,"GATAD1","Higher_in_TotalCell",-0.063
2.47998142385966e-51,-1.80754923792848,0.126,0.203,6.16647381042704e-47,"PAK1","Higher_in_TotalCell",-0.077
2.83424361619468e-125,-1.80779463837433,0.209,0.34,7.04734675166807e-121,"TIMM44","Higher_in_TotalCell",-0.131
2.5045638157691e-49,-1.80783061116192,0.118,0.193,6.22759792790986e-45,"KLF9","Higher_in_TotalCell",-0.075
4.81881750752007e-44,-1.80901477338209,0.067,0.134,1.19819897324487e-39,"CSK","Higher_in_TotalCell",-0.067
3.09432214900528e-114,-1.81053084862764,0.181,0.312,7.69403202350162e-110,"VOPP1","Higher_in_TotalCell",-0.131
1.18852556052427e-29,-1.81234535355666,0.089,0.141,2.9552688062436e-25,"ATMIN","Higher_in_TotalCell",-0.052
8.02174374808962e-78,-1.81677105706123,0.151,0.253,1.99460658296248e-73,"CDKN2D","Higher_in_TotalCell",-0.102
5.96798335024711e-111,-1.81765639532319,0.257,0.367,1.48393906003894e-106,"MSMO1","Higher_in_TotalCell",-0.11
0,-1.81972637646768,0.464,0.627,0,"SYNGR2","Higher_in_TotalCell",-0.163
1.34858210706411e-17,-1.81979413011315,0.076,0.112,3.35324940921491e-13,"BLNK","Higher_in_TotalCell",-0.036
1.12983268627515e-48,-1.82030229206808,0.108,0.182,2.80932897442317e-44,"NR3C1","Higher_in_TotalCell",-0.074
4.12165972184358e-28,-1.82051403725048,0.054,0.102,1.02485068983641e-23,"TIMM10B","Higher_in_TotalCell",-0.048
6.36727921635915e-22,-1.82085130247225,0.075,0.117,1.5832239771477e-17,"ZNF185","Higher_in_TotalCell",-0.042
3.61655980080918e-151,-1.82100179417188,0.278,0.406,8.99257594471202e-147,"LLGL2","Higher_in_TotalCell",-0.128
0,-1.82144467420485,0.644,0.894,0,"HLA-C","Higher_in_TotalCell",-0.25
5.67702545862908e-220,-1.8224377188021,0.325,0.48,1.41159238028812e-215,"CLIC4","Higher_in_TotalCell",-0.155
1.72545657177093e-27,-1.82625021855614,0.071,0.12,4.29034776570841e-23,"RPUSD1","Higher_in_TotalCell",-0.049
0,-1.82654415478299,0.804,0.971,0,"KRT17","Higher_in_TotalCell",-0.167
7.70214381296625e-55,-1.82862591836879,0.153,0.231,1.91513805909406e-50,"MXI1","Higher_in_TotalCell",-0.078
1.28867735685394e-49,-1.83011229911846,0.107,0.182,3.20429624781732e-45,"LACTB","Higher_in_TotalCell",-0.075
0,-1.83065995740498,0.617,0.758,0,"AK2","Higher_in_TotalCell",-0.141
7.76224396268481e-47,-1.83389550699402,0.094,0.167,1.93008196132158e-42,"ZYX","Higher_in_TotalCell",-0.073
2.8791345442599e-82,-1.83718340520508,0.175,0.276,7.15896804430224e-78,"SIAH1","Higher_in_TotalCell",-0.101
3.93212145088831e-101,-1.83718406713673,0.245,0.351,9.77721998763377e-97,"SCD","Higher_in_TotalCell",-0.106
1.21625846336079e-275,-1.83731555599516,0.365,0.529,3.02422666914662e-271,"ARPP19","Higher_in_TotalCell",-0.164
1.90683586251996e-114,-1.83827403421339,0.239,0.353,4.74134737215588e-110,"B4GALT4","Higher_in_TotalCell",-0.114
0,-1.83948836455535,0.956,0.981,0,"SAT1","Higher_in_TotalCell",-0.025
0,-1.83986273928275,0.889,0.947,0,"PKM","Higher_in_TotalCell",-0.0579999999999999
4.25906637136591e-133,-1.84091275112119,0.266,0.385,1.05901685324013e-128,"MPHOSPH6","Higher_in_TotalCell",-0.119
1.19608249526276e-53,-1.84616035114763,0.103,0.182,2.97405912447085e-49,"AAGAB","Higher_in_TotalCell",-0.079
3.152461838756e-40,-1.84788991589795,0.105,0.17,7.8385963620668e-36,"ZDHHC16","Higher_in_TotalCell",-0.065
1.57534889530256e-29,-1.8485567731274,0.076,0.127,3.91710502816981e-25,"PRKRIP1","Higher_in_TotalCell",-0.051
8.8799163992584e-38,-1.85150849718181,0.088,0.15,2.2079912126756e-33,"ACSL1","Higher_in_TotalCell",-0.062
3.86199235001491e-27,-1.85337954561893,0.078,0.127,9.60284397831206e-23,"UFSP2","Higher_in_TotalCell",-0.049
1.93572990653035e-64,-1.85577321754299,0.116,0.207,4.81319241258773e-60,"NFATC2IP","Higher_in_TotalCell",-0.091
2.66533110616989e-62,-1.85636314994507,0.157,0.241,6.62734579549143e-58,"PROM2","Higher_in_TotalCell",-0.084
0,-1.85651302655783,0.613,0.765,0,"IER3IP1","Higher_in_TotalCell",-0.152
3.80715999900857e-54,-1.85778254558332,0.12,0.199,9.46650333753481e-50,"KLHL42","Higher_in_TotalCell",-0.079
3.30292076233893e-38,-1.85947262497498,0.106,0.168,8.21271247555575e-34,"CIB2","Higher_in_TotalCell",-0.062
4.98072090588181e-31,-1.85989374691015,0.097,0.151,1.23845625324751e-26,"ARL4D","Higher_in_TotalCell",-0.054
0,-1.86086400534445,0.57,0.753,0,"S100A4","Higher_in_TotalCell",-0.183
1.36218070535944e-129,-1.86175699895248,0.249,0.37,3.38706232387624e-125,"SLC25A4","Higher_in_TotalCell",-0.121
2.79753856093282e-44,-1.86526814577343,0.09,0.16,6.95607963175946e-40,"RASSF4","Higher_in_TotalCell",-0.07
1.66646758076278e-37,-1.86672265704505,0.105,0.167,4.14367163956665e-33,"TLE3","Higher_in_TotalCell",-0.062
4.71334488276566e-45,-1.86882060918042,0.096,0.166,1.17197320509968e-40,"RANBP9","Higher_in_TotalCell",-0.07
3.54601855838306e-21,-1.86882101052453,0.062,0.102,8.81717514541948e-17,"EFNB1","Higher_in_TotalCell",-0.04
6.91778108659906e-19,-1.86967568309015,0.071,0.108,1.72010626718286e-14,"AC007906.2","Higher_in_TotalCell",-0.037
0,-1.87212224212763,0.466,0.631,0,"FAM177A1","Higher_in_TotalCell",-0.165
5.38324445210622e-63,-1.87312427450962,0.127,0.215,1.33854373301621e-58,"DNM2","Higher_in_TotalCell",-0.088
0,-1.87557383613474,0.845,0.923,0,"CLDN4","Higher_in_TotalCell",-0.0780000000000001
9.41792665852345e-42,-1.87647509983398,0.114,0.181,2.34176746364186e-37,"AL162411.1","Higher_in_TotalCell",-0.067
4.29728491476066e-102,-1.87767253579363,0.197,0.311,1.06851989405524e-97,"MED21","Higher_in_TotalCell",-0.114
4.29355692199951e-20,-1.87827801742565,0.065,0.104,1.06759292865518e-15,"ZSWIM4","Higher_in_TotalCell",-0.039
0,-1.87870277980693,0.591,0.754,0,"H2AFV","Higher_in_TotalCell",-0.163
1.96427218636835e-24,-1.87945833110201,0.069,0.113,4.88416279140489e-20,"ERP27","Higher_in_TotalCell",-0.044
9.62888950701633e-47,-1.87994579169189,0.091,0.162,2.39422337591961e-42,"RBM38","Higher_in_TotalCell",-0.071
2.60802412094181e-57,-1.88019474850468,0.163,0.243,6.48485197672181e-53,"EFNB2","Higher_in_TotalCell",-0.08
6.86920412802589e-191,-1.88199220237596,0.278,0.431,1.70802760643364e-186,"UBALD2","Higher_in_TotalCell",-0.153
3.0641557711227e-89,-1.88605454284795,0.192,0.296,7.61902332489659e-85,"GJB3","Higher_in_TotalCell",-0.104
1.98228062975073e-57,-1.88614066363568,0.096,0.179,4.9289407858752e-53,"IDH3A","Higher_in_TotalCell",-0.083
1.47581879787636e-92,-1.88665652421698,0.178,0.288,3.66962344091957e-88,"B3GNT2","Higher_in_TotalCell",-0.11
2.46493793290186e-77,-1.88674805990985,0.195,0.287,6.12906817016047e-73,"SLC10A3","Higher_in_TotalCell",-0.092
1.96682955546558e-197,-1.88679754572176,0.218,0.4,4.89052168966515e-193,"KLF10","Higher_in_TotalCell",-0.182
6.7507091640635e-66,-1.88898903183173,0.12,0.211,1.67856383364439e-61,"YPEL3","Higher_in_TotalCell",-0.091
3.86136184637552e-64,-1.89316998665348,0.146,0.233,9.60127623101273e-60,"EVA1C","Higher_in_TotalCell",-0.087
3.4447398477654e-281,-1.89711592786895,0.332,0.514,8.56534563146866e-277,"CFDP1","Higher_in_TotalCell",-0.182
3.47204185047958e-304,-1.90156515432914,0.428,0.571,8.63323206121748e-300,"TEX30","Higher_in_TotalCell",-0.143
0,-1.90274889126874,0.491,0.677,0,"PPP1R14B","Higher_in_TotalCell",-0.186
1.10877457820108e-48,-1.90682544975238,0.107,0.185,2.756967988697e-44,"C15orf48","Higher_in_TotalCell",-0.078
3.39512443435633e-42,-1.90889652745723,0.074,0.14,8.44197690602701e-38,"CRTC3","Higher_in_TotalCell",-0.066
4.26921749826551e-39,-1.91007257194709,0.081,0.143,1.06154093094372e-34,"BRI3BP","Higher_in_TotalCell",-0.062
4.42686864126157e-112,-1.91231665819442,0.198,0.32,1.10074088764969e-107,"MAP2K1","Higher_in_TotalCell",-0.122
5.48325088850502e-139,-1.91394112655824,0.246,0.374,1.36341033342677e-134,"PRPS2","Higher_in_TotalCell",-0.128
1.53768329049781e-33,-1.91441329948559,0.061,0.115,3.8234495018228e-29,"ICAM3","Higher_in_TotalCell",-0.054
9.92522969196469e-34,-1.91683340033191,0.071,0.126,2.46790836290702e-29,"SPIDR","Higher_in_TotalCell",-0.055
0,-1.91806184517587,0.441,0.642,0,"WDR45B","Higher_in_TotalCell",-0.201
5.94444796408243e-73,-1.91845243705394,0.157,0.251,1.4780869862691e-68,"KAZN","Higher_in_TotalCell",-0.094
8.19267611154564e-256,-1.92089219490347,0.231,0.459,2.03710891513582e-251,"CTHRC1","Higher_in_TotalCell",-0.228
1.35215290580407e-37,-1.92138419097219,0.084,0.145,3.36212820028182e-33,"NFIL3","Higher_in_TotalCell",-0.061
8.79885789266553e-223,-1.92559964249615,0.272,0.455,2.18783601501128e-218,"CTTN","Higher_in_TotalCell",-0.183
3.77641823972431e-114,-1.92828878787321,0.334,0.43,9.39006395307451e-110,"CYR61","Higher_in_TotalCell",-0.096
2.43143127296264e-55,-1.92888947175092,0.138,0.218,6.0457538602216e-51,"ROPN1B","Higher_in_TotalCell",-0.08
2.50391185558057e-44,-1.92967355584517,0.083,0.151,6.22597682890108e-40,"RANGAP1","Higher_in_TotalCell",-0.068
5.39093800254913e-78,-1.93243793457989,0.143,0.244,1.34045673433384e-73,"BRD9","Higher_in_TotalCell",-0.101
1.9579846118391e-84,-1.93345006719805,0.151,0.257,4.86852873733793e-80,"VPS4A","Higher_in_TotalCell",-0.106
6.01241733658863e-73,-1.93561699290933,0.088,0.186,1.49498757074276e-68,"MAP1LC3A","Higher_in_TotalCell",-0.098
1.32312071787748e-34,-1.94105932327519,0.08,0.137,3.28993966500234e-30,"LRFN4","Higher_in_TotalCell",-0.057
9.88131291682493e-323,-1.94163854481263,0.396,0.567,2.45698845676852e-318,"POLR2J3.1","Higher_in_TotalCell",-0.171
1.06005642699875e-203,-1.94168243357648,0.28,0.44,2.63583030573239e-199,"CDC42EP1","Higher_in_TotalCell",-0.16
5.0249605265254e-49,-1.94234570624451,0.074,0.146,1.24945643492054e-44,"ZNF598","Higher_in_TotalCell",-0.072
3.3049569291588e-82,-1.94305221554882,0.113,0.22,8.21777540435336e-78,"DUS1L","Higher_in_TotalCell",-0.107
6.27946394375734e-26,-1.94391000162218,0.064,0.109,1.56138870961526e-21,"HES2","Higher_in_TotalCell",-0.045
2.77590730376651e-74,-1.94577586659493,0.081,0.178,6.90229351081543e-70,"DBNL","Higher_in_TotalCell",-0.097
7.49656144571517e-50,-1.9479628731558,0.045,0.113,1.86402000347708e-45,"CYB5R2","Higher_in_TotalCell",-0.068
9.27239710052162e-78,-1.94901749802816,0.149,0.249,2.3055815390447e-73,"RCCD1","Higher_in_TotalCell",-0.1
1.07164796284614e-50,-1.94994283454644,0.101,0.176,2.66465265961693e-46,"PPP1R18","Higher_in_TotalCell",-0.075
1.94577317186889e-93,-1.95450062874767,0.243,0.338,4.838164991852e-89,"TMEM159","Higher_in_TotalCell",-0.095
9.89206459741741e-166,-1.95541744451813,0.212,0.37,2.45966186214784e-161,"SPCS3","Higher_in_TotalCell",-0.158
1.76922393883861e-191,-1.95597253068517,0.228,0.401,4.39917532392221e-187,"CYTOR","Higher_in_TotalCell",-0.173
4.77299225169013e-62,-1.95706040635325,0.105,0.192,1.18680452338275e-57,"BCL2L1","Higher_in_TotalCell",-0.087
0,-1.95989222249966,0.957,0.985,0,"PPIA","Higher_in_TotalCell",-0.028
3.15559969953289e-302,-1.96046907012182,0.156,0.434,7.84639865288854e-298,"LY6D","Higher_in_TotalCell",-0.278
3.46368041702444e-33,-1.96251734323346,0.089,0.144,8.61244135693127e-29,"PLPP1","Higher_in_TotalCell",-0.055
8.82951424952301e-31,-1.96283980161963,0.074,0.126,2.1954587181439e-26,"RFWD3","Higher_in_TotalCell",-0.052
1.60990519144488e-53,-1.96363773344978,0.082,0.161,4.0030292585277e-49,"PROM1","Higher_in_TotalCell",-0.079
1.27631788315891e-83,-1.96566221245126,0.143,0.249,3.17356441647463e-79,"IL13RA1","Higher_in_TotalCell",-0.106
1.57889782790375e-58,-1.96882670950567,0.121,0.203,3.92592944908266e-54,"IKBKG","Higher_in_TotalCell",-0.082
2.87983466579989e-27,-1.96943476371962,0.062,0.109,7.16070889651144e-23,"STN1","Higher_in_TotalCell",-0.047
5.90400341861395e-70,-1.96971182830382,0.123,0.216,1.46803045003836e-65,"NCAPH2","Higher_in_TotalCell",-0.093
3.6832849517826e-92,-1.9703812138694,0.153,0.265,9.15848803260744e-88,"MAPK6","Higher_in_TotalCell",-0.112
0,-1.9712877488154,0.081,0.479,0,"IL32","Higher_in_TotalCell",-0.398
1.7652160164262e-60,-1.97300676878662,0.102,0.187,4.38920962484375e-56,"BAIAP2L1","Higher_in_TotalCell",-0.085
2.76468925033216e-148,-1.97708687734049,0.231,0.369,6.87439982095092e-144,"MGMT","Higher_in_TotalCell",-0.138
7.30995731835196e-222,-1.97725246769548,0.209,0.406,1.81762088720821e-217,"IRAK1","Higher_in_TotalCell",-0.197
6.78868794592066e-135,-1.97906775491282,0.201,0.337,1.68800725775317e-130,"RWDD4","Higher_in_TotalCell",-0.136
7.70267100816704e-44,-1.98208377838741,0.057,0.121,1.91526914618074e-39,"PRR34-AS1","Higher_in_TotalCell",-0.064
0,-1.98259115775769,0.599,0.771,0,"PDZK1IP1","Higher_in_TotalCell",-0.172
8.03890972057367e-51,-1.98274489911998,0.105,0.18,1.99887490202064e-46,"TEAD4","Higher_in_TotalCell",-0.075
1.47576339441963e-48,-1.98279683564776,0.132,0.205,3.6694856802244e-44,"C2orf68","Higher_in_TotalCell",-0.073
1.72999182880117e-117,-1.98530554729622,0.185,0.312,4.30162468231411e-113,"TMEM98","Higher_in_TotalCell",-0.127
0,-1.98613664867555,0.568,0.751,0,"MINOS1","Higher_in_TotalCell",-0.183
1.05021435090829e-26,-1.99516613825976,0.055,0.1,2.61135798353346e-22,"ATP13A2","Higher_in_TotalCell",-0.045
1.09964164952052e-57,-1.99528233425293,0.058,0.137,2.73425896153278e-53,"TRIB3","Higher_in_TotalCell",-0.079
6.86579742355901e-69,-1.99574865384747,0.098,0.192,1.70718052936795e-64,"SNAI2","Higher_in_TotalCell",-0.094
2.71205261249191e-40,-1.99964295815987,0.049,0.107,6.74351882096114e-36,"EMC1","Higher_in_TotalCell",-0.058
1.99662153431489e-77,-2.00583719269583,0.115,0.216,4.96459944507397e-73,"STARD3NL","Higher_in_TotalCell",-0.101
0,-2.00936641442232,0.381,0.6,0,"MRPL52","Higher_in_TotalCell",-0.219
0,-2.00977416542273,0.608,0.778,0,"GNB2","Higher_in_TotalCell",-0.17
8.94825303991428e-47,-2.01017011829948,0.087,0.157,2.22498311837469e-42,"ACD","Higher_in_TotalCell",-0.07
2.55184652831156e-70,-2.01145801337177,0.074,0.167,6.3451663926467e-66,"HGSNAT","Higher_in_TotalCell",-0.093
6.70506475971836e-63,-2.01587869406069,0.105,0.193,1.66721435250397e-58,"ECE1","Higher_in_TotalCell",-0.088
0,-2.0179129447162,0.437,0.625,0,"TMEM54","Higher_in_TotalCell",-0.188
6.46861913688797e-96,-2.02388899416606,0.165,0.279,1.60842214838719e-91,"LIPH","Higher_in_TotalCell",-0.114
6.89151152357083e-75,-2.02848210784127,0.107,0.206,1.71357434033589e-70,"PACSIN2","Higher_in_TotalCell",-0.099
1.1168143231617e-164,-2.03176431479378,0.24,0.387,2.77695881454156e-160,"FN3KRP","Higher_in_TotalCell",-0.147
3.91004151199222e-102,-2.03664955138097,0.139,0.262,9.72231821956865e-98,"TIMP2","Higher_in_TotalCell",-0.123
1.01369720988646e-51,-2.05074115449795,0.036,0.103,2.52055811238267e-47,"ADM","Higher_in_TotalCell",-0.067
2.35010122353038e-34,-2.0533315793277,0.048,0.1,5.8435266923083e-30,"MPI","Higher_in_TotalCell",-0.052
6.08345685387e-44,-2.05359810538576,0.068,0.134,1.51265154671477e-39,"ANKRD9","Higher_in_TotalCell",-0.066
3.74764877415186e-46,-2.05972882127101,0.099,0.169,9.31852867692859e-42,"WDR76","Higher_in_TotalCell",-0.07
8.25693247717085e-49,-2.06064173700205,0.076,0.148,2.05308626044853e-44,"DDX19A","Higher_in_TotalCell",-0.072
9.90555904385524e-42,-2.06414804311743,0.058,0.12,2.46301725625461e-37,"FUOM","Higher_in_TotalCell",-0.062
4.08715725562634e-72,-2.06552510825808,0.107,0.203,1.01627165161149e-67,"KCTD5","Higher_in_TotalCell",-0.096
3.23225816944706e-286,-2.06589964731384,0.306,0.497,8.03700993833012e-282,"FAM50A","Higher_in_TotalCell",-0.191
3.2122780687187e-27,-2.06623316918163,0.06,0.106,7.98732941786905e-23,"C17orf58","Higher_in_TotalCell",-0.046
9.18924872397761e-37,-2.06664587539537,0.063,0.12,2.28490669521703e-32,"PDGFRL","Higher_in_TotalCell",-0.057
4.58801720472904e-122,-2.06760361160833,0.194,0.325,1.14081047795588e-117,"CDKN2C","Higher_in_TotalCell",-0.131
4.12651477002285e-56,-2.0692102983948,0.034,0.104,1.02605789756618e-51,"ZMIZ2","Higher_in_TotalCell",-0.07
0,-2.06989981609777,0.556,0.709,0,"SERPINB5","Higher_in_TotalCell",-0.153
7.83883812444424e-83,-2.07226395411371,0.131,0.235,1.94912709964306e-78,"PAXIP1-AS1","Higher_in_TotalCell",-0.104
6.3118101788784e-48,-2.07349310530231,0.077,0.148,1.56943160097811e-43,"CPSF4","Higher_in_TotalCell",-0.071
1.12257083139486e-43,-2.0773675720729,0.053,0.116,2.79127237226332e-39,"PARVA","Higher_in_TotalCell",-0.063
0,-2.07904147906639,0.109,0.665,0,"CD74","Higher_in_TotalCell",-0.556
1.74254330779074e-103,-2.07938684485508,0.09,0.213,4.33283393482166e-99,"TST","Higher_in_TotalCell",-0.123
1.89300441000672e-183,-2.07967127336935,0.288,0.444,4.70695546548171e-179,"AARD","Higher_in_TotalCell",-0.156
4.21479469929486e-102,-2.0803539565717,0.164,0.283,1.04800870197967e-97,"ORC6","Higher_in_TotalCell",-0.119
0,-2.08095155904324,0.548,0.767,0,"NUPR1","Higher_in_TotalCell",-0.219
9.88702918324273e-42,-2.08105078758463,0.089,0.154,2.4584098064133e-37,"CEBPA","Higher_in_TotalCell",-0.065
9.91959482176421e-294,-2.08432781788262,0.18,0.448,2.46650725243167e-289,"FGFBP2","Higher_in_TotalCell",-0.268
3.0236459673884e-24,-2.08809818604058,0.063,0.106,7.51829569791125e-20,"H6PD","Higher_in_TotalCell",-0.043
6.66327962043226e-237,-2.09427454796552,0.523,0.608,1.65682447762048e-232,"PCLAF","Higher_in_TotalCell",-0.085
5.9809291412677e-58,-2.09738959050883,0.068,0.147,1.48715803097621e-53,"HACD1","Higher_in_TotalCell",-0.079
0,-2.09871734664367,0.508,0.647,0,"GPRC5A","Higher_in_TotalCell",-0.139
2.57446087192691e-35,-2.09911996795698,0.066,0.122,6.40139695804627e-31,"DMRT2","Higher_in_TotalCell",-0.056
1.20134524682134e-54,-2.09947179290712,0.096,0.174,2.98714495622125e-50,"ZWILCH","Higher_in_TotalCell",-0.078
5.20845395544538e-144,-2.10148376032656,0.155,0.308,1.29508207602149e-139,"VAMP5","Higher_in_TotalCell",-0.153
2.00879915403099e-240,-2.10274281674905,0.198,0.41,4.99487909649806e-236,"LEMD1","Higher_in_TotalCell",-0.212
4.50225987186031e-62,-2.10403346448869,0.091,0.178,1.11948691713807e-57,"TP53TG1","Higher_in_TotalCell",-0.087
5.17349432851667e-63,-2.10681626358373,0.069,0.154,1.28638936478567e-58,"YKT6","Higher_in_TotalCell",-0.085
1.62022409875832e-90,-2.10790577717471,0.145,0.255,4.02868722156256e-86,"GOT1","Higher_in_TotalCell",-0.11
0,-2.11376851230505,0.368,0.603,0,"PDAP1","Higher_in_TotalCell",-0.235
2.05466261664521e-37,-2.11758311574607,0.079,0.138,5.1089185962883e-33,"E2F2","Higher_in_TotalCell",-0.059
1.2585939119874e-34,-2.11778008721734,0.054,0.108,3.12949376215668e-30,"DAPK2","Higher_in_TotalCell",-0.054
3.79113712768981e-104,-2.11906957802814,0.115,0.239,9.42666246800071e-100,"CDV3","Higher_in_TotalCell",-0.124
2.7014026948512e-35,-2.12275686617841,0.061,0.117,6.71703780074751e-31,"DDX28","Higher_in_TotalCell",-0.056
1.28086868706174e-57,-2.12357528665876,0.066,0.145,3.18487999037902e-53,"PYGB","Higher_in_TotalCell",-0.079
2.75945945033168e-102,-2.12613734210318,0.144,0.265,6.86139592324972e-98,"DEFB1","Higher_in_TotalCell",-0.121
1.00127336377086e-157,-2.12674003941837,0.169,0.331,2.48966621901623e-153,"PLA2G16","Higher_in_TotalCell",-0.162
2.06131071494723e-35,-2.1270085957941,0.047,0.1,5.12544909271627e-31,"PPP2R2D","Higher_in_TotalCell",-0.053
2.02941221862454e-110,-2.12977594069868,0.151,0.277,5.04613348160991e-106,"SMTN","Higher_in_TotalCell",-0.126
3.9559080202518e-262,-2.13029291029854,0.291,0.473,9.8363652923561e-258,"CYB5B","Higher_in_TotalCell",-0.182
5.22529978428062e-48,-2.13213355040585,0.056,0.124,1.29927079136138e-43,"FDX2","Higher_in_TotalCell",-0.068
1.51020077193557e-80,-2.13235702120903,0.123,0.226,3.75511421941779e-76,"EPS8","Higher_in_TotalCell",-0.103
1.32752637467104e-119,-2.13296120607159,0.141,0.276,3.30089433061955e-115,"TBRG4","Higher_in_TotalCell",-0.135
0,-2.13467154323439,0.081,0.381,0,"PSMB9","Higher_in_TotalCell",-0.3
0,-2.13573779342175,0.731,0.886,0,"LAMP1","Higher_in_TotalCell",-0.155
5.29202574890139e-118,-2.13582901630727,0.069,0.203,1.31586220246433e-113,"C19orf66","Higher_in_TotalCell",-0.134
0,-2.13599142223748,0.388,0.619,0,"DAP","Higher_in_TotalCell",-0.231
8.0527649710856e-56,-2.13944997550316,0.046,0.12,2.00232001006043e-51,"CHSY1","Higher_in_TotalCell",-0.074
4.49436139999908e-91,-2.14088328974113,0.115,0.227,1.11752296210977e-86,"FURIN","Higher_in_TotalCell",-0.112
9.03513606950899e-64,-2.14093926380943,0.127,0.214,2.24658658368341e-59,"CDT1","Higher_in_TotalCell",-0.087
1.50090545701864e-182,-2.14302024221543,0.249,0.4,3.73200141887686e-178,"SRD5A1","Higher_in_TotalCell",-0.151
4.50527845891535e-273,-2.14807450367112,0.324,0.499,1.1202374888093e-268,"PON2","Higher_in_TotalCell",-0.175
0,-2.14818594860046,0.282,0.504,0,"POLD2","Higher_in_TotalCell",-0.222
2.81309177705679e-69,-2.15161089128067,0.085,0.178,6.99475270365171e-65,"PIMREG","Higher_in_TotalCell",-0.093
2.29639036366367e-205,-2.1530534578163,0.159,0.352,5.70997463924973e-201,"SRM","Higher_in_TotalCell",-0.193
3.86854749463153e-189,-2.15673268066076,0.258,0.417,9.61914334540129e-185,"ZC3H12A","Higher_in_TotalCell",-0.159
1.36518953938298e-67,-2.15781733576253,0.09,0.181,3.39454378967579e-63,"ITGB5","Higher_in_TotalCell",-0.091
0,-2.16117466473359,0.295,0.519,0,"ISG20","Higher_in_TotalCell",-0.224
2.88287937283362e-165,-2.1623611860389,0.263,0.405,7.1682795605508e-161,"ASF1B","Higher_in_TotalCell",-0.142
0,-2.16463026848099,0.293,0.542,0,"MSN","Higher_in_TotalCell",-0.249
8.80515993777902e-64,-2.16480703686059,0.078,0.165,2.18940301852875e-59,"IRF2","Higher_in_TotalCell",-0.087
3.80546338246099e-74,-2.16675241692022,0.056,0.148,9.46228470048924e-70,"CASP1","Higher_in_TotalCell",-0.092
2.14943780837168e-53,-2.16762417867316,0.05,0.123,5.34457711051618e-49,"ADAM9","Higher_in_TotalCell",-0.073
3.07197748727133e-71,-2.16833246291362,0.1,0.195,7.63847202210016e-67,"CASP3","Higher_in_TotalCell",-0.095
1.51203726458766e-77,-2.168345191009,0.088,0.188,3.75968065839723e-73,"LYSMD2","Higher_in_TotalCell",-0.1
2.45923537448689e-61,-2.16932994158147,0.078,0.161,6.11488875866166e-57,"LHPP","Higher_in_TotalCell",-0.083
0,-2.17366159905129,0.369,0.644,0,"CTSB","Higher_in_TotalCell",-0.275
8.02219976823203e-107,-2.17384678044932,0.053,0.172,1.99471997237089e-102,"RELB","Higher_in_TotalCell",-0.119
3.80076737935215e-169,-2.17790463364909,0.198,0.357,9.45060808875912e-165,"ALYREF","Higher_in_TotalCell",-0.159
0,-2.17912254799545,0.359,0.599,0,"PIM3","Higher_in_TotalCell",-0.24
1.10469081664247e-118,-2.179570573849,0.162,0.295,2.74681371558149e-114,"MYBL2","Higher_in_TotalCell",-0.133
0,-2.18046712443312,0.402,0.641,0,"NDRG1","Higher_in_TotalCell",-0.239
3.10343851067082e-51,-2.18128015496261,0.064,0.136,7.71669985678299e-47,"XG","Higher_in_TotalCell",-0.072
1.73301052116943e-60,-2.18570187151279,0.061,0.142,4.30913066088778e-56,"BBC3","Higher_in_TotalCell",-0.081
0,-2.18835032276092,0.461,0.693,0,"EIF4EBP1","Higher_in_TotalCell",-0.232
2.36848966768133e-73,-2.18941521261063,0.095,0.191,5.88924955868962e-69,"SMIM13","Higher_in_TotalCell",-0.096
0,-2.19048228373473,0.531,0.738,0,"EFNA1","Higher_in_TotalCell",-0.207
1.39141727854636e-97,-2.19093059653563,0.112,0.23,3.45975906310553e-93,"ASMTL","Higher_in_TotalCell",-0.118
8.41617945700285e-185,-2.19133807995491,0.191,0.361,2.09268302198376e-180,"UBL4A","Higher_in_TotalCell",-0.17
3.07734460171155e-38,-2.19241698208425,0.063,0.122,7.65181735215576e-34,"SLC12A2","Higher_in_TotalCell",-0.059
3.46799124064757e-65,-2.1958267997608,0.09,0.178,8.62316021987018e-61,"LIPA","Higher_in_TotalCell",-0.088
3.54885658515094e-185,-2.1985362306134,0.231,0.391,8.82423189897781e-181,"CTSH","Higher_in_TotalCell",-0.16
0,-2.20261869018789,0.372,0.612,0,"EIF3J","Higher_in_TotalCell",-0.24
2.03439204092511e-49,-2.20416687694272,0.044,0.111,5.05851580976029e-45,"OTUD5","Higher_in_TotalCell",-0.067
1.17263173675532e-108,-2.20431430650924,0.097,0.224,2.9157488134421e-104,"BCL3","Higher_in_TotalCell",-0.127
2.17016244019144e-53,-2.20615809738906,0.09,0.168,5.39610890753602e-49,"DUOX1","Higher_in_TotalCell",-0.078
0,-2.20860310122131,0.599,0.816,0,"DNAJB6","Higher_in_TotalCell",-0.217
0,-2.20967012085383,0.717,0.873,0,"MAL2","Higher_in_TotalCell",-0.156
2.21820970842618e-94,-2.21319929105479,0.11,0.226,5.5155784400017e-90,"MYOF","Higher_in_TotalCell",-0.116
0,-2.21703534235777,0.645,0.84,0,"MT2A","Higher_in_TotalCell",-0.195
3.51612881569166e-98,-2.22159474585389,0.105,0.223,8.7428543002173e-94,"DDX56","Higher_in_TotalCell",-0.118
9.13866069271718e-76,-2.22469667494798,0.08,0.178,2.27232798124413e-71,"STYXL1","Higher_in_TotalCell",-0.098
1.70275756505812e-74,-2.22547767468063,0.101,0.198,4.23390668551701e-70,"CENPN","Higher_in_TotalCell",-0.097
5.70456820690174e-95,-2.22987767463391,0.093,0.211,1.41844088464612e-90,"EDN1","Higher_in_TotalCell",-0.118
0,-2.23161543780508,0.285,0.509,0,"TXNDC12","Higher_in_TotalCell",-0.224
5.11241743412839e-50,-2.23288448299231,0.043,0.11,1.27120259499602e-45,"SDC3","Higher_in_TotalCell",-0.067
3.89248856041209e-287,-2.23531377560581,0.257,0.465,9.67867280546465e-283,"TMA16","Higher_in_TotalCell",-0.208
2.9428091708728e-143,-2.24050682625279,0.16,0.308,7.31729500337523e-139,"CAV2","Higher_in_TotalCell",-0.148
7.6990467612786e-147,-2.24240943704304,0.138,0.293,1.91436797719192e-142,"ATP6V1B2","Higher_in_TotalCell",-0.155
0,-2.24317758101271,0.392,0.718,0,"ATP1B1","Higher_in_TotalCell",-0.326
3.89526798843683e-46,-2.24329498999831,0.06,0.127,9.68558385324818e-42,"PTPRU","Higher_in_TotalCell",-0.067
0,-2.24511849848879,0.66,0.873,0,"S100P","Higher_in_TotalCell",-0.213
0,-2.24537558064836,0.45,0.673,0,"GADD45A","Higher_in_TotalCell",-0.223
2.93253816001251e-57,-2.24824283152383,0.05,0.125,7.2917561348711e-53,"INPP5F","Higher_in_TotalCell",-0.075
8.01323335490258e-166,-2.24994558221802,0.147,0.314,1.99249047369653e-161,"RHBDD2","Higher_in_TotalCell",-0.167
4.68343058007341e-61,-2.25197686920836,0.068,0.15,1.16453501373525e-56,"BCAR1","Higher_in_TotalCell",-0.082
7.54175701016315e-50,-2.25447391271316,0.043,0.11,1.87525788057707e-45,"PPP2R3B","Higher_in_TotalCell",-0.067
2.37998052005596e-56,-2.25536665144024,0.043,0.115,5.91782156311914e-52,"TMEM120A","Higher_in_TotalCell",-0.072
8.60587454599776e-218,-2.25690654000866,0.212,0.398,2.13985070586234e-213,"C3orf14","Higher_in_TotalCell",-0.186
4.40298301665648e-44,-2.25928491818442,0.053,0.116,1.09480172709163e-39,"PHTF2","Higher_in_TotalCell",-0.063
1.67362541904944e-209,-2.26630750908173,0.23,0.405,4.16146960446644e-205,"PIM1","Higher_in_TotalCell",-0.175
1.22452779813954e-173,-2.26806386346411,0.139,0.314,3.04478837007397e-169,"PLAUR","Higher_in_TotalCell",-0.175
1.18333138797413e-64,-2.26915794640537,0.033,0.11,2.94235349619768e-60,"RBPMS","Higher_in_TotalCell",-0.077
0,-2.26993123756277,0.582,0.812,0,"LITAF","Higher_in_TotalCell",-0.23
6.84478380209329e-56,-2.27312186098031,0.043,0.115,1.7019554923905e-51,"VWA1","Higher_in_TotalCell",-0.072
3.28214138755309e-153,-2.27631107640231,0.129,0.289,8.16104456015075e-149,"C1orf21","Higher_in_TotalCell",-0.16
5.44547131370832e-38,-2.27658420412149,0.049,0.105,1.35401644215357e-33,"LYPD6B","Higher_in_TotalCell",-0.056
1.36323885617599e-46,-2.27894091283269,0.045,0.109,3.38969341588161e-42,"ATP2C2","Higher_in_TotalCell",-0.064
0,-2.27996392672526,0.461,0.672,0,"TFDP1","Higher_in_TotalCell",-0.211
0,-2.28223619211287,0.5,0.767,0,"ID1","Higher_in_TotalCell",-0.267
2.16341883780021e-82,-2.28312221607789,0.091,0.195,5.37934094019022e-78,"ABCA5","Higher_in_TotalCell",-0.104
1.06679878236197e-140,-2.284677794742,0.138,0.287,2.65259517234304e-136,"ING2","Higher_in_TotalCell",-0.149
2.21320179271579e-84,-2.28588011529419,0.11,0.216,5.50312625758782e-80,"C9orf3","Higher_in_TotalCell",-0.106
4.00547176258281e-59,-2.28644114959046,0.065,0.145,9.95960553766215e-55,"CLN6","Higher_in_TotalCell",-0.08
9.25689379280329e-90,-2.28653809562442,0.076,0.185,2.30172664158054e-85,"CDC25B","Higher_in_TotalCell",-0.109
1.33317434964191e-36,-2.28885541357219,0.046,0.1,3.31493802038461e-32,"SDCBP2","Higher_in_TotalCell",-0.054
6.79039663412234e-98,-2.290914743523,0.108,0.226,1.68843212307452e-93,"SHC4","Higher_in_TotalCell",-0.118
6.06038791836889e-51,-2.29102240425661,0.07,0.142,1.50691545590242e-46,"S1PR5","Higher_in_TotalCell",-0.072
1.86022705405064e-151,-2.2927615985641,0.125,0.283,4.62545456989691e-147,"MAP2K2","Higher_in_TotalCell",-0.158
1.36554645417678e-273,-2.29548819680449,0.105,0.352,3.39543125831055e-269,"TAP1","Higher_in_TotalCell",-0.247
0,-2.29840360368279,0.553,0.769,0,"CLTB","Higher_in_TotalCell",-0.216
3.41357203920055e-66,-2.30426934187404,0.053,0.137,8.48784687547217e-62,"AAED1","Higher_in_TotalCell",-0.084
4.53727379116893e-50,-2.30459699652533,0.052,0.121,1.12819312817415e-45,"NMNAT3","Higher_in_TotalCell",-0.069
0,-2.30469489813228,0.329,0.635,0,"TYMP","Higher_in_TotalCell",-0.306
9.38405183778964e-307,-2.30756524606586,0.244,0.473,2.33334448946639e-302,"EMP1","Higher_in_TotalCell",-0.229
2.80171237298155e-123,-2.31020065986659,0.116,0.253,6.96645781541863e-119,"PLPBP","Higher_in_TotalCell",-0.137
0,-2.31039808920439,0.905,0.971,0,"HSPB1","Higher_in_TotalCell",-0.0659999999999999
3.88910692635702e-56,-2.31280191878832,0.072,0.149,9.67026437238674e-52,"SH3BP1","Higher_in_TotalCell",-0.077
2.44624622800169e-51,-2.31764383773464,0.05,0.119,6.0825912459262e-47,"TTLL12","Higher_in_TotalCell",-0.069
0,-2.32798173060825,0.23,0.6,0,"H1FX","Higher_in_TotalCell",-0.37
0,-2.3282645892799,0.085,0.388,0,"LGALS3BP","Higher_in_TotalCell",-0.303
0,-2.33095086996051,0.549,0.819,0,"SELENOS","Higher_in_TotalCell",-0.27
2.11431438479113e-55,-2.33107565528359,0.057,0.132,5.25724271778313e-51,"RIN2","Higher_in_TotalCell",-0.075
1.10410689901274e-46,-2.33659423806785,0.038,0.1,2.74536180439518e-42,"ASPHD1","Higher_in_TotalCell",-0.062
2.08250822008727e-66,-2.33801696086265,0.076,0.164,5.178156689247e-62,"NFKBID","Higher_in_TotalCell",-0.088
2.88329317896662e-117,-2.34023333036002,0.057,0.187,7.1693084895005e-113,"SYNM","Higher_in_TotalCell",-0.13
0,-2.34364121178481,0.956,0.987,0,"ANXA2","Higher_in_TotalCell",-0.031
3.13626660792346e-52,-2.34410471933471,0.051,0.121,7.79832692060169e-48,"ASL","Higher_in_TotalCell",-0.07
1.71304027051832e-67,-2.34986329941995,0.075,0.164,4.25947463264379e-63,"CEACAM1","Higher_in_TotalCell",-0.089
6.5799007100403e-88,-2.35124276844664,0.04,0.139,1.63609231155152e-83,"ITGB4","Higher_in_TotalCell",-0.099
6.85190386473607e-93,-2.35345149872426,0.065,0.175,1.70372589596662e-88,"NDE1","Higher_in_TotalCell",-0.11
0,-2.35346196178398,0.97,0.996,0,"B2M","Higher_in_TotalCell",-0.026
0,-2.35484351568208,0.395,0.651,0,"CHPT1","Higher_in_TotalCell",-0.256
1.00261115084655e-95,-2.3663552492677,0.088,0.202,2.49299262657994e-91,"TLNRD1","Higher_in_TotalCell",-0.114
2.48857455120804e-182,-2.37080507436596,0.043,0.218,6.1878406215788e-178,"NRP2","Higher_in_TotalCell",-0.175
1.18062817923357e-244,-2.37182798725213,0.184,0.391,2.93563196766426e-240,"IMPAD1","Higher_in_TotalCell",-0.207
1.46547348505167e-100,-2.37270313287364,0.036,0.144,3.64389982058098e-96,"KLHDC7B","Higher_in_TotalCell",-0.108
8.83721374611233e-224,-2.37285312946113,0.186,0.383,2.19737319797083e-219,"DSC3","Higher_in_TotalCell",-0.197
6.96840126405924e-62,-2.37499347648857,0.046,0.123,1.73269297430833e-57,"SEMA4B","Higher_in_TotalCell",-0.077
4.92284191722284e-194,-2.37778531428006,0.129,0.319,1.22406464271746e-189,"SORBS2","Higher_in_TotalCell",-0.19
6.79160810237755e-95,-2.38047103728357,0.079,0.192,1.68873335465618e-90,"PLEKHF1","Higher_in_TotalCell",-0.113
9.92555633993782e-112,-2.38096783614795,0.099,0.226,2.46798958392554e-107,"DCTD","Higher_in_TotalCell",-0.127
0,-2.38194005218608,0.329,0.618,0,"HLA-E","Higher_in_TotalCell",-0.289
4.05675842120015e-141,-2.38237075533023,0.136,0.285,1.00871298143142e-136,"CBFB","Higher_in_TotalCell",-0.149
1.0935627552049e-41,-2.38336685900538,0.047,0.105,2.71914379081699e-37,"SLC25A40","Higher_in_TotalCell",-0.058
6.58921863953853e-73,-2.38646299110906,0.075,0.169,1.63840921472125e-68,"CPNE2","Higher_in_TotalCell",-0.094
6.8977880698315e-95,-2.38874440620098,0.067,0.179,1.7151350035636e-90,"SNX8","Higher_in_TotalCell",-0.112
2.57485286640134e-53,-2.39013943034461,0.045,0.114,6.40237165230693e-49,"FOXD1","Higher_in_TotalCell",-0.069
7.11907495496079e-104,-2.39103692068811,0.098,0.22,1.770157987551e-99,"CD83","Higher_in_TotalCell",-0.122
7.46823791942415e-99,-2.39312340189225,0.101,0.218,1.85697735866481e-94,"YRDC","Higher_in_TotalCell",-0.117
1.27791108601609e-278,-2.39328891131135,0.208,0.428,3.177525915379e-274,"FRG1","Higher_in_TotalCell",-0.22
1.33711803293205e-95,-2.39487328689818,0.09,0.205,3.32474398888554e-91,"LGALSL","Higher_in_TotalCell",-0.115
1.29892189549766e-252,-2.39608461057344,0.184,0.397,3.22976929315493e-248,"DNAJC21","Higher_in_TotalCell",-0.213
0,-2.40049737946131,0.056,0.487,0,"HLA-DRA","Higher_in_TotalCell",-0.431
8.90477116907507e-76,-2.40420662073735,0.055,0.148,2.21417135119052e-71,"JMJD8","Higher_in_TotalCell",-0.093
4.64932615017114e-163,-2.40549552075139,0.089,0.256,1.15605494724006e-158,"ODF3B","Higher_in_TotalCell",-0.167
2.14970658551159e-228,-2.40600017168925,0.168,0.371,5.34524542487456e-224,"FHL2","Higher_in_TotalCell",-0.203
1.13157488828772e-49,-2.41146005383157,0.04,0.104,2.81366095972742e-45,"CREBL2","Higher_in_TotalCell",-0.064
0,-2.41535196483128,0.59,0.861,0,"YBX3","Higher_in_TotalCell",-0.271
0,-2.41801413225059,0.334,0.607,0,"STK24","Higher_in_TotalCell",-0.273
1.68384197069442e-194,-2.41932358078542,0.134,0.32,4.18687306013167e-190,"PQLC1","Higher_in_TotalCell",-0.186
7.56586881086813e-71,-2.4219927543703,0.05,0.137,1.88125327982236e-66,"OGDH","Higher_in_TotalCell",-0.087
4.41337867172939e-298,-2.42437834072768,0.223,0.451,1.09738660672551e-293,"MYH9","Higher_in_TotalCell",-0.228
2.03697174341916e-09,-2.43061822057113,0.085,0.107,5.06493024001174e-05,"ACTG2","Higher_in_TotalCell",-0.022
8.19661639971246e-85,-2.43167270993671,0.081,0.185,2.0380886677885e-80,"ZNRF1","Higher_in_TotalCell",-0.104
5.3860574579397e-79,-2.43224765254451,0.06,0.161,1.33924318691671e-74,"TAGLN","Higher_in_TotalCell",-0.101
1.16701883182965e-60,-2.43495566341426,0.059,0.139,2.90179232534443e-56,"HRK","Higher_in_TotalCell",-0.08
0,-2.43707582514434,0.701,0.902,0,"RPS27L","Higher_in_TotalCell",-0.201
0,-2.43804254313565,0.631,0.847,0,"CEBPB","Higher_in_TotalCell",-0.216
1.60131072047451e-127,-2.43866395453506,0.099,0.241,3.98165910645986e-123,"STK38L","Higher_in_TotalCell",-0.142
5.01485249852713e-104,-2.44031952822394,0.094,0.215,1.24694307375877e-99,"RAB27A","Higher_in_TotalCell",-0.121
3.66180174333206e-203,-2.44157147308678,0.184,0.365,9.10507003479516e-199,"PRKAG2","Higher_in_TotalCell",-0.181
5.43656703214026e-47,-2.44161850196678,0.041,0.103,1.35180239254168e-42,"KCNS3","Higher_in_TotalCell",-0.062
5.45514217916345e-57,-2.45032438247898,0.062,0.14,1.35642110284899e-52,"ROCR","Higher_in_TotalCell",-0.078
0,-2.45078980014761,0.297,0.53,0,"TYMS","Higher_in_TotalCell",-0.233
6.35697737112477e-57,-2.45283365138486,0.035,0.105,1.58066242333017e-52,"LAMA4","Higher_in_TotalCell",-0.07
3.8205884814167e-117,-2.45656241252332,0.093,0.226,9.49989325904263e-113,"ESYT2","Higher_in_TotalCell",-0.133
5.54956040324578e-198,-2.46044614952918,0.194,0.369,1.37989819426706e-193,"CENPU","Higher_in_TotalCell",-0.175
4.97268866678442e-241,-2.46402007441282,0.185,0.389,1.23645903699595e-236,"MBP","Higher_in_TotalCell",-0.204
9.53596182050466e-217,-2.46797919755506,0.233,0.424,2.37111690666848e-212,"HIST1H1C","Higher_in_TotalCell",-0.191
1.33300744427947e-54,-2.46872055206285,0.045,0.116,3.31452301020091e-50,"CCDC71L","Higher_in_TotalCell",-0.071
5.27800744593589e-155,-2.47092297742494,0.112,0.272,1.31237655143196e-150,"MAFG","Higher_in_TotalCell",-0.16
1.74202038609437e-100,-2.47292806744755,0.079,0.198,4.33153369002366e-96,"KLK11","Higher_in_TotalCell",-0.119
1.70214765693436e-86,-2.47683609307198,0.054,0.156,4.23239014896728e-82,"PCYT2","Higher_in_TotalCell",-0.102
7.46190862745866e-93,-2.47925923403558,0.097,0.208,1.8554035802176e-88,"DTX2","Higher_in_TotalCell",-0.111
1.05280436083157e-139,-2.48433216916061,0.097,0.245,2.6177980432077e-135,"ABHD12","Higher_in_TotalCell",-0.148
1.28737812116944e-99,-2.48450198818297,0.045,0.155,3.20106569828782e-95,"NUDCD3","Higher_in_TotalCell",-0.11
0,-2.49339728698215,0.381,0.63,0,"SDC4","Higher_in_TotalCell",-0.249
7.32822022587208e-128,-2.49546406940415,0.084,0.224,1.82216195916309e-123,"SUN2","Higher_in_TotalCell",-0.14
1.00552677940848e-106,-2.4964626700165,0.039,0.153,2.50024233699919e-102,"ARHGAP29","Higher_in_TotalCell",-0.114
1.34992403352054e-130,-2.49743695150674,0.099,0.241,3.35658610934883e-126,"CEP55","Higher_in_TotalCell",-0.142
2.32627947229907e-76,-2.49813291914874,0.072,0.167,5.78429390787164e-72,"PARD6A","Higher_in_TotalCell",-0.095
2.43729537617709e-136,-2.50057112689814,0.096,0.242,6.06033495286434e-132,"PIGBOS1","Higher_in_TotalCell",-0.146
1.92264306813831e-272,-2.51974390699577,0.17,0.394,4.7806519889259e-268,"MBD2","Higher_in_TotalCell",-0.224
3.01560428338223e-120,-2.52106098789297,0.04,0.165,7.49830005062992e-116,"RNASE1","Higher_in_TotalCell",-0.125
7.54577971829966e-142,-2.52333921715028,0.096,0.247,1.87625812695521e-137,"PURB","Higher_in_TotalCell",-0.151
3.77298816021934e-282,-2.52537633964204,0.176,0.415,9.38153506038539e-278,"DEPP1","Higher_in_TotalCell",-0.239
0,-2.52771292136574,0.547,0.789,0,"DUSP1","Higher_in_TotalCell",-0.242
6.7132553864406e-155,-2.5293122470805,0.096,0.257,1.66925095183845e-150,"MIR4458HG","Higher_in_TotalCell",-0.161
1.95566299008692e-131,-2.53018398483738,0.086,0.228,4.86275602485112e-127,"SNAPC5","Higher_in_TotalCell",-0.142
1.13267195157471e-61,-2.53205049621731,0.037,0.112,2.81638880759051e-57,"CHMP6","Higher_in_TotalCell",-0.075
3.25885211017195e-163,-2.53471511247399,0.113,0.278,8.10313577194256e-159,"TRIOBP","Higher_in_TotalCell",-0.165
3.79290568585103e-83,-2.53576474707088,0.073,0.175,9.43105998786858e-79,"EXOSC6","Higher_in_TotalCell",-0.102
0,-2.53658284834849,0.341,0.594,0,"SCCPDH","Higher_in_TotalCell",-0.253
0,-2.53705867259827,0.249,0.504,0,"SYNGR1","Higher_in_TotalCell",-0.255
0,-2.5406143207489,0.264,0.52,0,"SOCS3","Higher_in_TotalCell",-0.256
0,-2.54224746464129,0.399,0.722,0,"CAPZB","Higher_in_TotalCell",-0.323
1.12622213679151e-230,-2.54599131367742,0.187,0.384,2.80035134313208e-226,"CENPM","Higher_in_TotalCell",-0.197
1.43258030776065e-78,-2.54769798430301,0.036,0.125,3.56211093524684e-74,"TARSL2","Higher_in_TotalCell",-0.089
6.76044983887501e-88,-2.54827929651698,0.066,0.171,1.68098585243627e-83,"SLC1A4","Higher_in_TotalCell",-0.105
1.94801521723893e-91,-2.54834770415532,0.074,0.183,4.84373983766459e-87,"PAPSS2","Higher_in_TotalCell",-0.109
4.66275950333089e-71,-2.54923317000148,0.035,0.117,1.15939515050323e-66,"DSEL","Higher_in_TotalCell",-0.082
0,-2.54991571340256,0.267,0.599,0,"MPST","Higher_in_TotalCell",-0.332
9.38542774437428e-62,-2.55752292130733,0.035,0.108,2.33368660863866e-57,"GRK6","Higher_in_TotalCell",-0.073
2.44302105666165e-123,-2.55814709940371,0.076,0.211,6.07457185738919e-119,"TMEM173","Higher_in_TotalCell",-0.135
1.3895778304927e-50,-2.56030317818503,0.044,0.111,3.4551852755201e-46,"MAP3K6","Higher_in_TotalCell",-0.067
0,-2.56145593636284,0.528,0.825,0,"WFDC2","Higher_in_TotalCell",-0.297
4.68499975540738e-230,-2.56450644487278,0.112,0.323,1.16492518918204e-225,"GTPBP6","Higher_in_TotalCell",-0.211
3.48033030007882e-69,-2.57629752992856,0.034,0.115,8.65384129114598e-65,"CARD16","Higher_in_TotalCell",-0.081
3.6604798859341e-89,-2.5818068284128,0.062,0.167,9.10178323637515e-85,"SMC1B","Higher_in_TotalCell",-0.105
6.66658419255092e-168,-2.58529650157902,0.093,0.262,1.65764615947779e-163,"HDGFL3","Higher_in_TotalCell",-0.169
0,-2.58641347309871,0.41,0.787,0,"SFRP1","Higher_in_TotalCell",-0.377
1.22024342577674e-98,-2.58646644979586,0.119,0.236,3.03413527819386e-94,"LIF","Higher_in_TotalCell",-0.117
1.41771121676981e-51,-2.58703326834388,0.038,0.104,3.52513894049813e-47,"AC027031.2","Higher_in_TotalCell",-0.066
8.44663739256458e-77,-2.58785653420875,0.055,0.147,2.10025638766118e-72,"MARVELD1","Higher_in_TotalCell",-0.092
0,-2.58798299840069,0.18,0.444,0,"COA1","Higher_in_TotalCell",-0.264
2.64804055394078e-207,-2.58898814687721,0.119,0.315,6.58435283737376e-203,"IDS","Higher_in_TotalCell",-0.196
1.68782702606378e-119,-2.5939352486824,0.029,0.149,4.1967819003076e-115,"LAMC2","Higher_in_TotalCell",-0.12
0,-2.59549650242307,0.61,0.966,0,"HLA-B","Higher_in_TotalCell",-0.356
7.08672103969131e-71,-2.60400311285571,0.024,0.102,1.76211318651924e-66,"RASGRP1","Higher_in_TotalCell",-0.078
5.18467770266092e-65,-2.6044443370395,0.047,0.128,1.28917011076664e-60,"PET117","Higher_in_TotalCell",-0.081
3.82251858531604e-48,-2.60505212488648,0.037,0.1,9.50469246238834e-44,"SUSD3","Higher_in_TotalCell",-0.063
6.6463848975348e-51,-2.60845400753801,0.041,0.107,1.65262360477203e-46,"SHF","Higher_in_TotalCell",-0.066
1.14811450137181e-147,-2.61260963005274,0.112,0.265,2.85478670766101e-143,"SSPN","Higher_in_TotalCell",-0.153
1.30843682774562e-280,-2.6134189536819,0.226,0.448,3.25342817218949e-276,"MT1G","Higher_in_TotalCell",-0.222
9.95386190243792e-114,-2.61391215579318,0.074,0.203,2.47502776204119e-109,"KRT23","Higher_in_TotalCell",-0.129
6.23444504596845e-54,-2.6154804687378,0.039,0.107,1.55019476068006e-49,"ZMYND19","Higher_in_TotalCell",-0.068
1.10706065254894e-66,-2.61804230184431,0.047,0.129,2.75270631256294e-62,"EVA1A","Higher_in_TotalCell",-0.082
0,-2.62019002890728,0.235,0.502,0,"BRD7","Higher_in_TotalCell",-0.267
5.31298512575327e-96,-2.62024777779158,0.074,0.186,1.32107375151855e-91,"DOCK9","Higher_in_TotalCell",-0.112
4.87484451349139e-76,-2.62414064406179,0.106,0.206,1.21213008827963e-71,"EDN2","Higher_in_TotalCell",-0.1
0,-2.62489517665671,0.598,0.814,0,"ZFP36L2","Higher_in_TotalCell",-0.216
7.21551808265563e-84,-2.63092125103459,0.048,0.145,1.79413857125232e-79,"PKMYT1","Higher_in_TotalCell",-0.097
2.89040141824758e-173,-2.63173331613602,0.102,0.273,7.18698312647262e-169,"FAF1","Higher_in_TotalCell",-0.171
2.85574245677957e-130,-2.63490492531082,0.075,0.214,7.1008036187824e-126,"TSPAN9","Higher_in_TotalCell",-0.139
0,-2.63700278566912,0.25,0.527,0,"TMED4","Higher_in_TotalCell",-0.277
7.85681861485325e-75,-2.63863902398836,0.05,0.14,1.95359794858326e-70,"LRRC28","Higher_in_TotalCell",-0.09
5.34581232700819e-138,-2.63865281246517,0.076,0.222,1.32923623511059e-133,"KCNK6","Higher_in_TotalCell",-0.146
1.99160609235871e-228,-2.6447500405326,0.043,0.247,4.95212854864994e-224,"HLA-DQB1","Higher_in_TotalCell",-0.204
1.20298043576008e-169,-2.6478070895387,0.061,0.229,2.99121085351745e-165,"KRT81","Higher_in_TotalCell",-0.168
2.38867215902242e-296,-2.65081598402704,0.18,0.414,5.93943332340924e-292,"PTPN12","Higher_in_TotalCell",-0.234
1.90821314222041e-171,-2.65665326221014,0.08,0.251,4.74477197813105e-167,"PRC1","Higher_in_TotalCell",-0.171
1.0186141365482e-96,-2.66787765674752,0.047,0.154,2.53278405052709e-92,"IL20RB","Higher_in_TotalCell",-0.107
3.62124927552911e-68,-2.66986030118207,0.038,0.119,9.00423632360314e-64,"HSPG2","Higher_in_TotalCell",-0.081
1.57032559302037e-184,-2.67458612669471,0.098,0.282,3.90461458704514e-180,"PSORS1C2","Higher_in_TotalCell",-0.184
4.19941193770316e-180,-2.68179074688924,0.162,0.341,1.04418377830989e-175,"KRT15","Higher_in_TotalCell",-0.179
1.05873852608239e-66,-2.68463326422907,0.038,0.117,2.63255334510385e-62,"KIAA0040","Higher_in_TotalCell",-0.079
2.50321625602974e-77,-2.68913461095058,0.032,0.118,6.22424722061795e-73,"APOBEC3C","Higher_in_TotalCell",-0.086
1.7601779952381e-84,-2.6975973952855,0.053,0.152,4.37668258515954e-80,"CCDC80","Higher_in_TotalCell",-0.099
1.09572885422335e-65,-2.70606716829524,0.04,0.119,2.72452979602636e-61,"AC004951.1","Higher_in_TotalCell",-0.079
9.77125969942518e-67,-2.7060776889799,0.033,0.111,2.42962372426207e-62,"APOLD1","Higher_in_TotalCell",-0.078
2.65650575843e-283,-2.71315713490583,0.124,0.364,6.60540156833619e-279,"IFI27L2","Higher_in_TotalCell",-0.24
1.13311398476709e-162,-2.7200286402429,0.084,0.248,2.81748792312337e-158,"GLCE","Higher_in_TotalCell",-0.164
6.56926966929755e-81,-2.72204729443056,0.041,0.134,1.63344890327084e-76,"GK","Higher_in_TotalCell",-0.093
1.99396980819338e-121,-2.72658453465716,0.065,0.196,4.95800592807284e-117,"PHC2","Higher_in_TotalCell",-0.131
1.0700618746608e-215,-2.72828323912438,0.127,0.323,2.66070885134408e-211,"PCCA","Higher_in_TotalCell",-0.196
1.60042133667531e-103,-2.72919535268601,0.057,0.172,3.97944765364316e-99,"PDZD2","Higher_in_TotalCell",-0.115
6.9280733053233e-74,-2.73203941499795,0.033,0.116,1.72266542736864e-69,"RORA","Higher_in_TotalCell",-0.083
3.5878439575994e-201,-2.73293115441539,0.122,0.311,8.92117400057091e-197,"HR","Higher_in_TotalCell",-0.189
0,-2.73861100110038,0.15,0.427,0,"MYL9","Higher_in_TotalCell",-0.277
0,-2.74635513232558,0.275,0.615,0,"LY6K","Higher_in_TotalCell",-0.34
1.41512119294491e-234,-2.74696921790241,0.097,0.31,3.51869884625752e-230,"DPYSL2","Higher_in_TotalCell",-0.213
1.10972901349254e-117,-2.7470322330874,0.076,0.205,2.7593411920492e-113,"PCDH1","Higher_in_TotalCell",-0.129
1.67829298272162e-89,-2.75530962764528,0.042,0.142,4.1730755015373e-85,"SNTB2","Higher_in_TotalCell",-0.1
1.02056022293456e-65,-2.7559429721714,0.031,0.106,2.53762299432678e-61,"TNS3","Higher_in_TotalCell",-0.075
0,-2.75620709254345,0.939,0.996,0,"TMSB4X","Higher_in_TotalCell",-0.0570000000000001
1.47165495333813e-171,-2.75905485486552,0.128,0.297,3.65927004147527e-167,"SLC6A14","Higher_in_TotalCell",-0.169
2.45402083125214e-270,-2.75963223219807,0.14,0.374,6.10192279690845e-266,"IGFBP7","Higher_in_TotalCell",-0.234
3.89231307142284e-72,-2.76115732135048,0.04,0.124,9.67823645209289e-68,"AEN","Higher_in_TotalCell",-0.084
4.80064838299379e-168,-2.76275429072543,0.137,0.308,1.19368122043141e-163,"RASD1","Higher_in_TotalCell",-0.171
7.46222347350171e-69,-2.764643420356,0.054,0.139,1.8554818666862e-64,"CEP152","Higher_in_TotalCell",-0.085
0,-2.77295620338522,0.218,0.525,0,"PLS3","Higher_in_TotalCell",-0.307
0,-2.78141648437573,0.379,0.74,0,"CARHSP1","Higher_in_TotalCell",-0.361
3.34921582368878e-64,-2.78765673754225,0.039,0.117,8.32782514560214e-60,"FGFBP1","Higher_in_TotalCell",-0.078
0,-2.79206327614479,0.254,0.587,0,"CLPTM1L","Higher_in_TotalCell",-0.333
5.61147557584494e-94,-2.79748707349783,0.054,0.162,1.39529340193384e-89,"UNC5B-AS1","Higher_in_TotalCell",-0.108
2.05867110396948e-130,-2.79833923862337,0.041,0.174,5.11888570002011e-126,"IGFBP4","Higher_in_TotalCell",-0.133
6.9383722041372e-142,-2.80612150387152,0.056,0.2,1.72522624855871e-137,"NXN","Higher_in_TotalCell",-0.144
2.58320919312594e-84,-2.80896032753501,0.061,0.161,6.42314965870766e-80,"MYLPF","Higher_in_TotalCell",-0.1
9.17347040384636e-133,-2.81056790341371,0.066,0.205,2.2809834159164e-128,"RHBDF2","Higher_in_TotalCell",-0.139
1.0378997168187e-116,-2.81502938345831,0.023,0.136,2.58073764586969e-112,"METRN","Higher_in_TotalCell",-0.113
4.90587957098429e-62,-2.81598493721451,0.035,0.109,1.21984695532524e-57,"GINS4","Higher_in_TotalCell",-0.074
4.1574100376994e-66,-2.81619779812199,0.032,0.109,1.03374000587395e-61,"HBEGF","Higher_in_TotalCell",-0.077
1.23969406020958e-130,-2.82267157952576,0.064,0.202,3.08249928071113e-126,"IL34","Higher_in_TotalCell",-0.138
0,-2.82372686974009,0.518,0.88,0,"TPM1","Higher_in_TotalCell",-0.362
0,-2.82605994761505,0.287,0.719,0,"PMAIP1","Higher_in_TotalCell",-0.432
1.15665844962555e-121,-2.82688560104067,0.034,0.157,2.87603123499392e-117,"PCGF5","Higher_in_TotalCell",-0.123
0,-2.8324879413176,0.33,0.717,0,"PTP4A2","Higher_in_TotalCell",-0.387
0,-2.83319037452246,0.198,0.531,0,"CXCL17","Higher_in_TotalCell",-0.333
9.34222557992404e-130,-2.8353198563146,0.06,0.195,2.32294439044811e-125,"AGAP3","Higher_in_TotalCell",-0.135
0,-2.8410786308411,0.117,0.423,0,"MAFF","Higher_in_TotalCell",-0.306
4.30364961152502e-92,-2.84164272899984,0.042,0.143,1.0701024759057e-87,"HUS1","Higher_in_TotalCell",-0.101
0,-2.84281545355948,0.176,0.482,0,"CHCHD7","Higher_in_TotalCell",-0.306
3.54646227642103e-110,-2.84960615926139,0.063,0.185,8.8182784503209e-106,"AMFR","Higher_in_TotalCell",-0.122
0,-2.86156832101729,0.2,0.49,0,"CHI3L2","Higher_in_TotalCell",-0.29
0,-2.8658288099687,0.225,0.646,0,"SOD2","Higher_in_TotalCell",-0.421
1.48597340343781e-62,-2.8665051336994,0.034,0.108,3.69487286764812e-58,"ELMO1","Higher_in_TotalCell",-0.074
0,-2.87567077992881,0.153,0.448,0,"CXCL16","Higher_in_TotalCell",-0.295
2.73044423220747e-64,-2.87696308591808,0.037,0.114,6.78924958338388e-60,"AL117339.5","Higher_in_TotalCell",-0.077
1.45865769684401e-82,-2.88235341386703,0.044,0.139,3.62695236320263e-78,"HSPB8","Higher_in_TotalCell",-0.095
3.39738151215151e-125,-2.88329535332804,0.051,0.182,8.44758912996472e-121,"OPN3","Higher_in_TotalCell",-0.131
0,-2.8846400661294,0.528,0.781,0,"RHOV","Higher_in_TotalCell",-0.253
0,-2.8858594831858,0.474,0.749,0,"DMKN","Higher_in_TotalCell",-0.275
0,-2.88855820231308,0.195,0.521,0,"NBDY","Higher_in_TotalCell",-0.326
1.00344662946017e-164,-2.89038162080151,0.121,0.285,2.49507004415271e-160,"GAN","Higher_in_TotalCell",-0.164
0,-2.90018133554541,0.667,0.904,0,"NFKBIA","Higher_in_TotalCell",-0.237
2.62430482217743e-177,-2.90513086293884,0.055,0.224,6.52533394034418e-173,"BIK","Higher_in_TotalCell",-0.169
0,-2.90635154777019,0.168,0.465,0,"IER5","Higher_in_TotalCell",-0.297
6.09114463679268e-91,-2.90653846125334,0.026,0.121,1.5145631139385e-86,"AGT","Higher_in_TotalCell",-0.095
8.82502508105567e-123,-2.91924597520886,0.045,0.172,2.19434248640449e-118,"TPST2","Higher_in_TotalCell",-0.127
8.5224857148964e-97,-2.92184660772565,0.058,0.167,2.11911607300899e-92,"SLC39A14","Higher_in_TotalCell",-0.109
2.01627376948376e-127,-2.9291498025647,0.052,0.184,5.01346472782136e-123,"SHB","Higher_in_TotalCell",-0.132
5.53958899939522e-300,-2.9312458569974,0.125,0.371,1.37741880469962e-295,"PPP1R35","Higher_in_TotalCell",-0.246
3.65010952660869e-78,-2.93723903534792,0.035,0.123,9.0759973379125e-74,"ARHGAP8","Higher_in_TotalCell",-0.088
0,-2.93984532958415,0.239,0.574,0,"CHI3L1","Higher_in_TotalCell",-0.335
0,-2.9423441694783,0.059,0.432,0,"NNMT","Higher_in_TotalCell",-0.373
2.18566676544928e-134,-2.95010043029587,0.047,0.183,5.43466041228964e-130,"SYCE1L","Higher_in_TotalCell",-0.136
5.36729290573236e-222,-2.95221064001706,0.108,0.309,1.33457738101035e-217,"PRKAG2-AS1","Higher_in_TotalCell",-0.201
2.25162308375552e-105,-2.95794345573429,0.043,0.156,5.59866079775809e-101,"SNN","Higher_in_TotalCell",-0.113
0,-2.97062637678726,0.055,0.331,0,"TIMP1","Higher_in_TotalCell",-0.276
1.4454846625582e-81,-2.97895241397242,0.03,0.118,3.59419761345095e-77,"FAM69C","Higher_in_TotalCell",-0.088
7.69640605092941e-79,-2.98066679942265,0.034,0.121,1.9137113645636e-74,"GPC1","Higher_in_TotalCell",-0.087
1.77373155909786e-131,-2.98090608170794,0.059,0.194,4.41038352169683e-127,"PPL","Higher_in_TotalCell",-0.135
5.5695030694491e-104,-2.98526397432484,0.046,0.159,1.38485693821852e-99,"ETV5","Higher_in_TotalCell",-0.113
2.53748175604413e-198,-2.98835739572341,0.069,0.254,6.30944838640372e-194,"LYN","Higher_in_TotalCell",-0.185
0,-2.99426206514816,0.067,0.441,0,"C1S","Higher_in_TotalCell",-0.374
1.61178864420274e-259,-2.99899715816311,0.047,0.271,4.00771246381012e-255,"HLA-DMA","Higher_in_TotalCell",-0.224
2.33398907378576e-98,-3.0029516479781,0.036,0.141,5.8034638319683e-94,"KIF13A","Higher_in_TotalCell",-0.105
5.24266854179726e-238,-3.00297271485566,0.086,0.298,1.30358953291789e-233,"BLVRA","Higher_in_TotalCell",-0.212
1.93578989067589e-102,-3.00517586714127,0.034,0.141,4.81334156316561e-98,"CASP7","Higher_in_TotalCell",-0.107
1.26248228285907e-64,-3.00727405967653,0.033,0.108,3.13916219632909e-60,"FAM107A","Higher_in_TotalCell",-0.075
3.86865563275573e-105,-3.01656945113962,0.011,0.108,9.61941223084713e-101,"SPESP1","Higher_in_TotalCell",-0.097
0,-3.02197158400339,0.043,0.347,0,"SAA2","Higher_in_TotalCell",-0.304
1.93485573618743e-297,-3.02810446285396,0.095,0.343,4.81101878803004e-293,"HEXA","Higher_in_TotalCell",-0.248
1.08826566830698e-295,-3.0347184115436,0.121,0.364,2.7059725842453e-291,"PTEN","Higher_in_TotalCell",-0.243
0,-3.03878720351488,0.735,0.951,0,"RAC1","Higher_in_TotalCell",-0.216
0,-3.04999977337033,0.22,0.582,0,"CD81","Higher_in_TotalCell",-0.362
1.91836839011779e-121,-3.05048444792438,0.044,0.169,4.77002300202789e-117,"SERPINB8","Higher_in_TotalCell",-0.125
0,-3.06353055145665,0.112,0.38,0,"NR2F2","Higher_in_TotalCell",-0.268
1.62364752201004e-66,-3.06386196906456,0.028,0.103,4.03719956347796e-62,"POLM","Higher_in_TotalCell",-0.075
0,-3.0796102856668,0.14,0.443,0,"CLDN1","Higher_in_TotalCell",-0.303
0,-3.09009915792615,0.519,0.954,0,"HLA-A","Higher_in_TotalCell",-0.435
0,-3.1070315228173,0.059,0.393,0,"SMIM22","Higher_in_TotalCell",-0.334
3.60244760211904e-197,-3.11672303998552,0.057,0.239,8.95748596266899e-193,"TAPBPL","Higher_in_TotalCell",-0.182
2.004072734458e-147,-3.11930244733947,0.049,0.195,4.98312685422983e-143,"CAMK1D","Higher_in_TotalCell",-0.146
2.2192005628049e-237,-3.11980640653837,0.053,0.262,5.51804219941439e-233,"NAPRT","Higher_in_TotalCell",-0.209
0,-3.12108019653907,0.203,0.533,0,"PITX1","Higher_in_TotalCell",-0.33
1.40899704692797e-114,-3.13894994369292,0.025,0.137,3.5034711571864e-110,"OSMR","Higher_in_TotalCell",-0.112
1.1034552405931e-105,-3.14035149891278,0.039,0.15,2.74374145573473e-101,"RAPGEF5","Higher_in_TotalCell",-0.111
0,-3.14244489371903,0.372,0.778,0,"TPM2","Higher_in_TotalCell",-0.406
2.07472226313058e-117,-3.1436331346383,0.024,0.139,5.15879690727418e-113,"AMOTL2","Higher_in_TotalCell",-0.115
7.94127998213455e-224,-3.14471227479811,0.073,0.273,1.97459926755776e-219,"DHRS4","Higher_in_TotalCell",-0.2
1.50481634755019e-176,-3.15603344020966,0.046,0.212,3.74172584818356e-172,"IRX4","Higher_in_TotalCell",-0.166
6.10604493552317e-156,-3.16153706126555,0.028,0.174,1.51826807321784e-151,"TNF","Higher_in_TotalCell",-0.146
1.21106484050609e-84,-3.16625878067124,0.03,0.121,3.01131272591839e-80,"IL1RAP","Higher_in_TotalCell",-0.091
7.39195385932099e-294,-3.16920009216864,0.069,0.315,1.83800932712016e-289,"CDH3","Higher_in_TotalCell",-0.246
0,-3.18120391751801,0.111,0.39,0,"LINC00667","Higher_in_TotalCell",-0.279
2.09561576228494e-71,-3.18176720046246,0.023,0.1,5.21074859292151e-67,"CDH11","Higher_in_TotalCell",-0.077
0,-3.18513744712842,0.21,0.772,0,"KRT6A","Higher_in_TotalCell",-0.562
4.18845656303121e-172,-3.18573353702035,0.024,0.179,1.04145972439771e-167,"TMPRSS3","Higher_in_TotalCell",-0.155
1.19329842640117e-120,-3.18950457370249,0.057,0.184,2.9671365372465e-116,"CCNE1","Higher_in_TotalCell",-0.127
2.65487189721736e-181,-3.19761143684624,0.081,0.254,6.60133897243098e-177,"AVPI1","Higher_in_TotalCell",-0.173
4.39689421725312e-193,-3.201483083965,0.049,0.226,1.09328774711999e-188,"ABHD17C","Higher_in_TotalCell",-0.177
0,-3.20395315664676,0.566,0.889,0,"CST3","Higher_in_TotalCell",-0.323
0,-3.20975946406294,0.122,0.41,0,"RRP7A","Higher_in_TotalCell",-0.288
1.73968078333792e-105,-3.22628538913261,0.027,0.133,4.32571626776973e-101,"MICALL1","Higher_in_TotalCell",-0.106
1.42419243468245e-134,-3.23401155963585,0.036,0.168,3.54125448883792e-130,"RFNG","Higher_in_TotalCell",-0.132
0,-3.23920405973298,0.134,0.515,0,"DSG3","Higher_in_TotalCell",-0.381
8.26728373405445e-169,-3.24008021454347,0.044,0.203,2.05566010047264e-164,"BHLHE41","Higher_in_TotalCell",-0.159
2.42068563994734e-170,-3.24462134283185,0.049,0.211,6.01903484372907e-166,"MYO1E","Higher_in_TotalCell",-0.162
0,-3.25023779286526,0.109,0.386,0,"ID4","Higher_in_TotalCell",-0.277
2.53854890985352e-206,-3.2563245577332,0.06,0.247,6.31210186435077e-202,"CCM2","Higher_in_TotalCell",-0.187
0,-3.26474140294092,0.155,0.524,0,"SNHG15","Higher_in_TotalCell",-0.369
5.39815609310037e-86,-3.28101216451341,0.04,0.135,1.34225151254941e-81,"TPPP3","Higher_in_TotalCell",-0.095
3.34882880260516e-103,-3.28738889872904,0.024,0.127,8.32686281767774e-99,"SEPT3","Higher_in_TotalCell",-0.103
2.36672314689554e-147,-3.28814120517672,0.044,0.188,5.88485710475575e-143,"PROS1","Higher_in_TotalCell",-0.144
3.95345121231143e-104,-3.28919306609677,0.024,0.127,9.83025643941236e-100,"ENO2","Higher_in_TotalCell",-0.103
3.58414229622983e-84,-3.2971715684664,0.019,0.104,8.91196981957547e-80,"ETV7","Higher_in_TotalCell",-0.085
5.8775328772201e-84,-3.32020256475356,0.023,0.11,1.46144854992078e-79,"PSMB8-AS1","Higher_in_TotalCell",-0.087
0,-3.35264658322048,0.117,0.416,0,"LINC01133","Higher_in_TotalCell",-0.299
3.01309661960832e-118,-3.35732612006938,0.01,0.116,7.49206474465609e-114,"SULF1","Higher_in_TotalCell",-0.106
3.75028918195234e-223,-3.37195266477763,0.069,0.27,9.3250940509245e-219,"HIST1H2BJ","Higher_in_TotalCell",-0.201
2.5111829218531e-230,-3.37463291326376,0.064,0.268,6.24405633518774e-226,"FGFR1","Higher_in_TotalCell",-0.204
1.76896493523936e-119,-3.37567114763206,0.021,0.134,4.39853131147266e-115,"UBE2D4","Higher_in_TotalCell",-0.113
4.30411126443294e-97,-3.38615577036229,0.013,0.105,1.07021726590125e-92,"THEMIS2","Higher_in_TotalCell",-0.092
6.71396405625959e-144,-3.39023012159524,0.037,0.175,1.66942716258895e-139,"GPR143","Higher_in_TotalCell",-0.138
9.46101168702392e-301,-3.39104239754351,0.073,0.32,2.3524805559785e-296,"SIAH2","Higher_in_TotalCell",-0.247
0,-3.40339599358828,0.073,0.335,0,"RNF187","Higher_in_TotalCell",-0.262
0,-3.40817442756184,0.759,0.968,0,"DDIT4","Higher_in_TotalCell",-0.209
3.20911327403233e-85,-3.41723177942113,0.028,0.119,7.97946015588139e-81,"PTPRE","Higher_in_TotalCell",-0.091
1.42356870405201e-118,-3.42288064334542,0.025,0.14,3.53970358262533e-114,"CAV1","Higher_in_TotalCell",-0.115
6.63319805634875e-161,-3.42413850112202,0.03,0.178,1.64934469671112e-156,"GLIPR2","Higher_in_TotalCell",-0.148
0,-3.42561370856848,0.177,0.553,0,"SH3KBP1","Higher_in_TotalCell",-0.376
9.59827176142081e-155,-3.43070780483995,0.024,0.166,2.38661027347729e-150,"BEX2","Higher_in_TotalCell",-0.142
1.57367425098708e-286,-3.43646135195058,0.069,0.307,3.91294102507937e-282,"ACP5","Higher_in_TotalCell",-0.238
3.33696255805172e-96,-3.45293895969845,0.022,0.118,8.2973574005956e-92,"BTBD6","Higher_in_TotalCell",-0.096
7.03079991157608e-100,-3.46106229164339,0.019,0.117,1.74820839801339e-95,"ARTN","Higher_in_TotalCell",-0.098
4.64356480613434e-199,-3.46911265080179,0.054,0.235,1.1546223890453e-194,"GJB5","Higher_in_TotalCell",-0.181
0,-3.4896607448193,0.247,0.577,0,"CSTA","Higher_in_TotalCell",-0.33
0,-3.49834190658168,0.15,0.505,0,"C19orf33","Higher_in_TotalCell",-0.355
0,-3.51054296082093,0.304,0.788,0,"MFGE8","Higher_in_TotalCell",-0.484
0,-3.51782322754515,0.092,0.391,0,"PDCD7","Higher_in_TotalCell",-0.299
5.23513786376274e-316,-3.51782927749889,0.07,0.325,1.30171702982461e-311,"TPST1","Higher_in_TotalCell",-0.255
6.12709234699409e-89,-3.54375491115911,0.017,0.105,1.52350151208008e-84,"FOXI1","Higher_in_TotalCell",-0.088
0,-3.54382256267067,0.298,0.688,0,"MAFB","Higher_in_TotalCell",-0.39
1.50630076126885e-94,-3.57612533623684,0.021,0.115,3.74541684289499e-90,"TNFAIP8L3","Higher_in_TotalCell",-0.094
2.64596222876223e-115,-3.57877366393844,0.027,0.14,6.57918508181728e-111,"PTGES","Higher_in_TotalCell",-0.113
9.05136522211579e-90,-3.60233272018888,0.019,0.108,2.25062196247909e-85,"ENDOG","Higher_in_TotalCell",-0.089
5.48198364448648e-211,-3.61141725548139,0.043,0.229,1.36309523320156e-206,"BCAR3","Higher_in_TotalCell",-0.186
2.26910053526045e-255,-3.616128997948,0.064,0.281,5.6421184809251e-251,"PRRX2","Higher_in_TotalCell",-0.217
7.943284330728e-314,-3.61965766200653,0.064,0.317,1.97509764883552e-309,"PSTPIP2","Higher_in_TotalCell",-0.253
1.22268104015517e-88,-3.63489792946835,0.026,0.118,3.04019640634583e-84,"LAMA3","Higher_in_TotalCell",-0.092
4.1325514443161e-106,-3.64199792567423,0.023,0.127,1.0275589166292e-101,"TRAF3IP3","Higher_in_TotalCell",-0.104
0,-3.64940560362175,0.078,0.368,0,"RNF144B","Higher_in_TotalCell",-0.29
1.93442322997842e-308,-3.6556567504359,0.042,0.29,4.80994336134134e-304,"UPP1","Higher_in_TotalCell",-0.248
7.65109111030334e-123,-3.66196360985263,0.026,0.144,1.90244380457693e-118,"HSD17B2","Higher_in_TotalCell",-0.118
1.2740263062743e-175,-3.67511776717797,0.043,0.205,3.16786641055106e-171,"E2F1","Higher_in_TotalCell",-0.162
1.33863654590212e-133,-3.68700742137754,0.009,0.125,3.32851977138562e-129,"GPAT2","Higher_in_TotalCell",-0.116
8.6045561216163e-225,-3.6880897474417,0.033,0.226,2.13952287963989e-220,"F8A1","Higher_in_TotalCell",-0.193
0,-3.71046990975849,0.07,0.375,0,"PHLDA3","Higher_in_TotalCell",-0.305
2.78354547438041e-162,-3.72361074854795,0.016,0.159,6.9212858220469e-158,"ALDH2","Higher_in_TotalCell",-0.143
0,-3.7530475708828,0.263,0.778,0,"BRI3","Higher_in_TotalCell",-0.515
6.31027975376309e-88,-3.75474592267677,0.019,0.106,1.56905106077319e-83,"CKMT1B","Higher_in_TotalCell",-0.087
1.84646972941733e-111,-3.7714789182542,0.015,0.118,4.59124698219618e-107,"ITPRIP","Higher_in_TotalCell",-0.103
0,-3.77699434869425,0.407,0.773,0,"BTG2","Higher_in_TotalCell",-0.366
6.48575179221786e-121,-3.78319234536468,0.019,0.132,1.61268218313497e-116,"IGFL2-AS1","Higher_in_TotalCell",-0.113
0,-3.78709004275113,0.059,0.349,0,"STC2","Higher_in_TotalCell",-0.29
2.93889746462563e-246,-3.79863763399592,0.034,0.242,7.30756854579162e-242,"FAM107B","Higher_in_TotalCell",-0.208
0,-3.82547182854855,0.063,0.333,0,"SAP30","Higher_in_TotalCell",-0.27
6.9541591862257e-182,-3.82913848908185,0.023,0.183,1.72915168165502e-177,"TMEM158","Higher_in_TotalCell",-0.16
7.04769473329125e-99,-3.82927341235103,0.016,0.11,1.75240929543287e-94,"DANT1","Higher_in_TotalCell",-0.094
2.32529580340394e-165,-3.88343949741904,0.024,0.172,5.78184801516389e-161,"C16orf74","Higher_in_TotalCell",-0.148
0,-3.90807137109724,0.044,0.302,0,"CP","Higher_in_TotalCell",-0.258
0,-3.9181387717277,0.116,0.825,0,"SAA1","Higher_in_TotalCell",-0.709
1.69453004431321e-156,-3.99616060408602,0.012,0.147,4.2134489551848e-152,"FSTL1","Higher_in_TotalCell",-0.135
1.152466410038e-109,-4.03535451990651,0.013,0.113,2.86560772855948e-105,"FAM174B","Higher_in_TotalCell",-0.1
2.0836431772035e-115,-4.04626705805708,0.02,0.13,5.1809787601165e-111,"STC1","Higher_in_TotalCell",-0.11
4.38786317840725e-223,-4.05980719039632,0.008,0.188,1.09104217931096e-218,"CALB2","Higher_in_TotalCell",-0.18
0,-4.08284672734086,0.178,0.743,0,"CEBPD","Higher_in_TotalCell",-0.565
0,-4.17649308931076,0.037,0.34,0,"SNX10","Higher_in_TotalCell",-0.303
1.83896690019731e-110,-4.18874713690477,0.012,0.113,4.57259119734062e-106,"GSAP","Higher_in_TotalCell",-0.101
3.57320934971669e-136,-4.30638479331452,0.012,0.132,8.88478504807056e-132,"DENND2C","Higher_in_TotalCell",-0.12
2.60721666789616e-125,-4.32807894966409,0.012,0.124,6.48284424472381e-121,"IGFBP2","Higher_in_TotalCell",-0.112
2.26181375216668e-317,-4.33539496973917,0.007,0.246,5.62399989476246e-313,"IDO1","Higher_in_TotalCell",-0.239
1.58311159231464e-308,-4.36311193275482,0.018,0.258,3.93640697429035e-304,"A4GALT","Higher_in_TotalCell",-0.24
0,-4.37770555017716,0.034,0.416,0,"SERPINE2","Higher_in_TotalCell",-0.382
0,-4.46322221248328,0.048,0.468,0,"CITED4","Higher_in_TotalCell",-0.42
1.64986843932502e-313,-4.46739656478113,0.031,0.277,4.10239787438166e-309,"KCNG1","Higher_in_TotalCell",-0.246
1.59301434007619e-120,-4.46774368685057,0.01,0.117,3.96103015659945e-116,"LAT","Higher_in_TotalCell",-0.107
5.2648281023843e-222,-4.48371053263116,0.011,0.191,1.30909950765786e-217,"SLCO3A1","Higher_in_TotalCell",-0.18
1.21285535557704e-115,-4.50408062039193,0.005,0.105,3.01576484164232e-111,"CCL2","Higher_in_TotalCell",-0.1
6.24321206286497e-105,-4.51719913527226,0.007,0.1,1.55237467943137e-100,"MNS1","Higher_in_TotalCell",-0.093
0,-4.55385467546687,0.064,0.486,0,"LCN2","Higher_in_TotalCell",-0.422
6.94455564480384e-113,-4.5927374071267,0.008,0.107,1.72676376108047e-108,"CDC42EP5","Higher_in_TotalCell",-0.099
3.37330811857163e-99,-4.60963895096201,0.011,0.101,8.38773063682837e-95,"RNFT2","Higher_in_TotalCell",-0.09
0,-4.63671564897164,0.043,0.366,0,"NOV","Higher_in_TotalCell",-0.323
0,-4.64645358291804,0.028,0.288,0,"FRAT2","Higher_in_TotalCell",-0.26
0,-4.68700677644147,0.037,0.384,0,"EGLN3","Higher_in_TotalCell",-0.347
0,-4.70391632094316,0.174,0.732,0,"S100A9","Higher_in_TotalCell",-0.558
1.48120880623206e-320,-4.70690699208925,0.04,0.293,3.68302569669601e-316,"RHCG","Higher_in_TotalCell",-0.253
1.32525998595328e-271,-4.7705501192567,0.014,0.228,3.29525895507284e-267,"GPC6","Higher_in_TotalCell",-0.214
6.01573657862097e-290,-4.78061482979745,0.015,0.241,1.4958129002741e-285,"TINCR","Higher_in_TotalCell",-0.226
1.87784675647575e-108,-4.79264953475565,0.008,0.103,4.66926595997696e-104,"MANEAL","Higher_in_TotalCell",-0.095
0,-4.7985368522258,0.019,0.709,0,"FDCSP","Higher_in_TotalCell",-0.69
0,-4.8189618071323,0.014,0.294,0,"VGLL1","Higher_in_TotalCell",-0.28
7.79032336407642e-130,-4.8668650442206,0.01,0.123,1.9370639044776e-125,"NOD2","Higher_in_TotalCell",-0.113
8.39878823171874e-151,-4.88021573366853,0.006,0.133,2.08835869381686e-146,"PGBD5","Higher_in_TotalCell",-0.127
0,-4.93702619862272,0.053,0.494,0,"GAS6","Higher_in_TotalCell",-0.441
2.15100274694144e-139,-4.98114106442604,0.006,0.123,5.34846833026989e-135,"CKMT1A","Higher_in_TotalCell",-0.117
0,-4.98408355356753,0.018,0.314,0,"HLA-F","Higher_in_TotalCell",-0.296
3.94264251369668e-215,-5.01337608478694,0.009,0.182,9.80338061030679e-211,"METRNL","Higher_in_TotalCell",-0.173
5.13797526363756e-202,-5.01887935390129,0.008,0.173,1.27755754930348e-197,"ACTA2","Higher_in_TotalCell",-0.165
1.06181450736079e-137,-5.03268597286143,0.006,0.122,2.64020177255261e-133,"HLA-DRB5","Higher_in_TotalCell",-0.116
0,-5.1024367911555,0.033,0.557,0,"ICAM1","Higher_in_TotalCell",-0.524
9.87002583027283e-156,-5.1295660749403,0.009,0.141,2.45418192269734e-151,"KCNMB1","Higher_in_TotalCell",-0.132
2.10752728098338e-180,-5.159645765125,0.011,0.163,5.24036658416517e-176,"CXCL1","Higher_in_TotalCell",-0.152
1.7821864867089e-245,-5.23863192896296,0.009,0.203,4.43140669920167e-241,"DUSP5","Higher_in_TotalCell",-0.194
3.72384527360363e-243,-5.2584740855417,0.016,0.211,9.25934127281543e-239,"PGLYRP4","Higher_in_TotalCell",-0.195
4.21053860011522e-122,-5.31402707855116,0.009,0.116,1.04695042291865e-117,"STEAP4","Higher_in_TotalCell",-0.107
8.28747797909983e-235,-5.36397067811089,0.011,0.199,2.06068139950317e-230,"KYNU","Higher_in_TotalCell",-0.188
0,-5.38255150891161,0.009,0.267,0,"CCL20","Higher_in_TotalCell",-0.258
7.66564990608206e-268,-5.5001484891297,0.01,0.219,1.9060638491473e-263,"FOXC2","Higher_in_TotalCell",-0.209
5.75396952479362e-245,-5.5090597832395,0.007,0.199,1.43072452233993e-240,"LUM","Higher_in_TotalCell",-0.192
3.38394001889995e-123,-5.51385997050312,0.002,0.103,8.41416685699473e-119,"THBD","Higher_in_TotalCell",-0.101
0,-5.56756435321212,0.03,0.491,0,"MYLK","Higher_in_TotalCell",-0.461
4.80365531337054e-200,-5.60561023867064,0.005,0.165,1.19442889366958e-195,"NDN","Higher_in_TotalCell",-0.16
0,-5.63928426678416,0.015,0.307,0,"KLK10","Higher_in_TotalCell",-0.292
0,-5.71545102548067,0.026,0.578,0,"NBL1","Higher_in_TotalCell",-0.552
2.86821104513625e-280,-5.92509103491643,0.009,0.225,7.13180676373128e-276,"PLAU","Higher_in_TotalCell",-0.216
0,-5.96412631178412,0.028,0.52,0,"SDR16C5","Higher_in_TotalCell",-0.492
0,-5.98516182107822,0.055,0.579,0,"TNFAIP6","Higher_in_TotalCell",-0.524
1.33457330323207e-268,-5.99345265213075,0.007,0.215,3.31841651848655e-264,"TM4SF18","Higher_in_TotalCell",-0.208
1.65675374558532e-114,-6.05725637456328,0.003,0.1,4.11951818839789e-110,"ZFPM1","Higher_in_TotalCell",-0.097
6.596175870343e-176,-6.10068846232761,0.004,0.146,1.64013913016079e-171,"VNN1","Higher_in_TotalCell",-0.142
1.58826653673218e-190,-6.1654444414247,0.006,0.16,3.94922474358457e-186,"FOXQ1","Higher_in_TotalCell",-0.154
0,-6.28178381746828,0.01,0.265,0,"HMSD","Higher_in_TotalCell",-0.255
0,-6.33731103103917,0.007,0.409,0,"PI3","Higher_in_TotalCell",-0.402
2.89392522154336e-167,-6.50474761054844,0.002,0.137,7.19574506336757e-163,"IRX1","Higher_in_TotalCell",-0.135
0,-6.59893303485672,0.015,0.369,0,"MFAP5","Higher_in_TotalCell",-0.354
1.37616695189451e-286,-6.60803502654679,0.005,0.222,3.42183912588571e-282,"STEAP1","Higher_in_TotalCell",-0.217
6.19472376973776e-293,-6.61531007078682,0.023,0.252,1.54031806534529e-288,"KRTDAP","Higher_in_TotalCell",-0.229
5.87857126943494e-138,-6.7174399958341,0.002,0.115,1.461706746145e-133,"PPP1R1A","Higher_in_TotalCell",-0.113
0,-6.83245081236982,0.015,0.515,0,"S100A8","Higher_in_TotalCell",-0.5
0,-6.93252675037136,0.007,0.371,0,"TMEM176B","Higher_in_TotalCell",-0.364
1.30815103620792e-247,-7.22030288220076,0.003,0.193,3.252717551531e-243,"SERPINB2","Higher_in_TotalCell",-0.19
1.03582162487512e-203,-7.26859336956842,0.002,0.162,2.57557047025198e-199,"LPL","Higher_in_TotalCell",-0.16
4.31784612962426e-164,-7.69488006221976,0.001,0.132,1.07363244013107e-159,"IL36RN","Higher_in_TotalCell",-0.131
1.19586693102155e-210,-7.77605999580368,0.003,0.168,2.97352312398508e-206,"AC239800.2","Higher_in_TotalCell",-0.165
5.20788623258174e-227,-7.79118347756392,0.002,0.179,1.29494091173145e-222,"CLCA2","Higher_in_TotalCell",-0.177
0,-7.86878643004161,0.004,0.381,0,"TMEM176A","Higher_in_TotalCell",-0.377
0,-8.19104137334308,0.006,0.287,0,"SBSN","Higher_in_TotalCell",-0.281
2.51144080600236e-182,-8.60644616999878,0.001,0.145,6.24469756412487e-178,"FFAR2","Higher_in_TotalCell",-0.144
0,-8.7968602827579,0.006,0.599,0,"APOD","Higher_in_TotalCell",-0.593
8.83605946649765e-141,-8.80331607058236,0,0.114,2.19708618634464e-136,"CES1","Higher_in_TotalCell",-0.114
2.74624982513408e-125,-8.93573358919363,0,0.102,6.82855019019588e-121,"DSG1","Higher_in_TotalCell",-0.102
2.48825253639236e-190,-9.47346089649142,0.003,0.154,6.18703993173959e-186,"S100A7","Higher_in_TotalCell",-0.151
0,-9.64401230033163,0.001,0.271,0,"SPRR2A","Higher_in_TotalCell",-0.27
2.86641788408423e-205,-9.85603928236809,0,0.16,7.12734806877544e-201,"IL36G","Higher_in_TotalCell",-0.16
8.79386864707665e-125,-10.4201298299569,0,0.101,2.18659543909561e-120,"C10orf99","Higher_in_TotalCell",-0.101
2.62226641131087e-153,-12.3300290505144,0,0.122,6.52026543172448e-149,"SPRR2D","Higher_in_TotalCell",-0.122
