"Cell","Pseudotime"
"Total1_AACTTTCTCCTGCTTG-1",5.43507218980398
"Total1_ATTTCTGAGTCGATAA-1",5.34654959159416
"Total1_CACATAGCACCAGATT-1",2.69567514491642
"Total1_CCGTTCAAGCAATCTC-1",5.34655028755904
"Total1_CCTACCAAGAAAGTGG-1",2.57486952651985
"Total1_CGTTCTGAGACGCAAC-1",5.34655098352392
"Total1_GAAACTCGTACCGGCT-1",5.3465516794888
"Total1_GCACATAAGGTCATCT-1",2.5852904816998
"Total1_GGAATAACAGCTGCAC-1",5.34655237545368
"Total1_GGCTGGTCAACCGCCA-1",7.92238984622319
"Total1_GTCACGGTCAATCACG-1",0.293125863319821
"Total1_GTGGGTCTCCGAGCCA-1",4.8364764042971
"Total1_TATTACCCAACACCTA-1",5.34655307141856
"Total1_TCAATCTCAAGAAGAG-1",5.34655376738344
"Total1_TCAGATGTCCTAGGGC-1",2.47996166111652
"Total1_TGAGCATGTTCCACGG-1",5.34655446334832
"Total2_AGCGTATTCATCGATG-1",4.59513511687805
"Total2_ATCTGCCTCTAAGCCA-1",4.59513581284293
"Total2_GCGAGAACAGTCGTGC-1",5.85690719074085
"Total2_GTTACAGTCGCCTGAG-1",4.59513650880781
"Total2_GTTCGGGAGATGTCGG-1",1.77973612416116
"Total2_TCATTACGTTATGCGT-1",5.42375489372033
"Total3_AACTTTCCATCGATTG-1",8.28846172501501
"Total3_ACACCAAGTCCGTGAC-1",5.4394393311883
"Total3_ACAGCTACACAAGCCC-1",0.0440020789429383
"Total3_ACTATCTGTTATCACG-1",0.122187765818503
"Total3_ACTGTCCTCCGGGTGT-1",8.29799140918082
"Total3_AGATCTGTCTTGTACT-1",1.77973682012604
"Total3_AGCGTCGGTCCGTCAG-1",10.7540250973342
"Total3_AGTGGGAGTCTGATTG-1",1.77973751609092
"Total3_CATATTCAGCTCCTTC-1",1.78689076873273
"Total3_CATATTCAGTTCCACA-1",2.85075872373756
"Total3_CATTCGCGTCAGGACA-1",0.0151374183517845
"Total3_CCACCTATCCCAAGAT-1",4.83647710026198
"Total3_CCCAATCTCGTTGCCT-1",1.79623392587494
"Total3_CGATCGGCACATCTTT-1",7.91029630700585
"Total3_CGCTGGATCCCAAGTA-1",1.78553392965417
"Total3_CGTAGCGCAATACGCT-1",5.3465551593132
"Total3_CGTCCATGTACTCTCC-1",0.318663341407273
"Total3_CTAACTTCAGTCAGCC-1",1.79884775964291
"Total3_CTAATGGAGCAGGCTA-1",0.0522996095390376
"Total3_CTCACACAGCCAACAG-1",4.83647779622686
"Total3_CTCTGGTTCATCTGTT-1",1.78557306317978
"Total3_GACACGCTCCTGTAGA-1",1.79524371105035
"Total3_GACGGCTTCTATCCTA-1",5.34655585527808
"Total3_GATCTAGTCACGAAGG-1",0.015138114316664
"Total3_GCAAACTCACGACTCG-1",5.34655655124296
"Total3_GCGACCAAGGTGACCA-1",0.0151388102815435
"Total3_GCTGGGTTCTCTGCTG-1",4.83647849219174
"Total3_GGACAGAGTGGTCCGT-1",1.7797382120558
"Total3_GGACAGATCTCAACTT-1",4.83647918815662
"Total3_GTAACTGCACATGTGT-1",0.00726141736153618
"Total3_GTAACTGCATTAGCCA-1",0.00302897293426785
"Total3_GTCGTAACAAGCGATG-1",1.80405100402359
"Total3_GTGCATAGTTCAGGCC-1",2.54975676245135
"Total3_GTGGGTCGTCGTGGCT-1",1.77973890802068
"Total3_TAAGTGCGTAGTAGTA-1",1.62873050838186
"Total3_TACACGAAGCGAGAAA-1",2.85075941970244
"Total3_TACCTATAGCCTTGAT-1",5.34655724720784
"Total3_TACTCGCTCAGGCGAA-1",2.67549864993252
"Total3_TCAACGATCTACCAGA-1",6.28983923829521
"Total3_TCAATCTCATGCCTAA-1",1.7866027195732
"Total3_TCAGATGTCGGTTAAC-1",2.59447189113155
"Total3_TCCCGATAGCTCAACT-1",0.015139506246423
"Total3_TGAAAGAAGGGAAACA-1",1.77973960398556
"Total3_TGACTTTAGAAGGTTT-1",5.34655794317272
"Total3_TGAGGGATCAACCAAC-1",0.0151402022113025
"Total3_TGCCCATCAACAACCT-1",2.68247712386781
"Total3_TGCGTGGGTCTCTCTG-1",2.85076011566732
"Total3_TTTGCGCAGTCATGCT-1",5.94987845929362
"Total4_AACCATGCATCTCCCA-1",1.79272615217574
"Total4_AAGGAGCGTGTCAATC-1",1.77974029995044
"Total4_AAGGTTCTCAACGGGA-1",1.75514301310084
"Total4_AAGTCTGCATCCTAGA-1",1.77974099591532
"Total4_ACCGTAACAAGGCTCC-1",0.00585327710087657
"Total4_ACGAGGACATACCATG-1",0.015140898176182
"Total4_ACGCAGCGTATATGAG-1",0.0151415941410615
"Total4_ACGGGTCAGGATGGTC-1",0.015142290105941
"Total4_ACTGTCCGTAAGAGAG-1",0.136452701826389
"Total4_ACTTGTTTCTATCGCC-1",0.0811259577988874
"Total4_AGCGTCGCACCCAGTG-1",0.0151429860708205
"Total4_AGCTCTCGTTGGACCC-1",0.0151436820357
"Total4_AGGGATGAGTACGACG-1",0.0151443780005796
"Total4_AGGTCATTCAGCATGT-1",0.0151450739654591
"Total4_AGTGAGGTCTTGTTTG-1",1.7797416918802
"Total4_ATCTGCCGTCTCGTTC-1",1.77974238784508
"Total4_ATTTCTGCACATTCGA-1",0
"Total4_CAACCTCTCCATGAAC-1",1.78800648784078
"Total4_CAAGAAACACCTTGTC-1",0.205858784561832
"Total4_CAGAATCCAAGAGTCG-1",1.77974308380996
"Total4_CAGCCGATCCAAGTAC-1",1.77974377977484
"Total4_CAGTAACCAAGACGTG-1",1.77974447573972
"Total4_CATCGGGGTGAACCTT-1",1.7797451717046
"Total4_CATTCGCGTGGCTCCA-1",2.8507608116322
"Total4_CCAATCCGTAGCCTCG-1",0.0151457699303386
"Total4_CCATTCGGTATCGCAT-1",0.0151464658952181
"Total4_CCCAATCAGCGTCAAG-1",1.79824065470824
"Total4_CCTAAAGAGAGTACAT-1",1.67580584051993
"Total4_CCTTCCCCATCCGTGG-1",1.78915821914777
"Total4_CGACTTCGTCCGAGTC-1",1.77974586766948
"Total4_CGATGGCCAAGAAGAG-1",0.0151471618600976
"Total4_CGTCCATAGCTACCTA-1",1.77974656363436
"Total4_CGTCTACTCTAACTTC-1",0.344873279183198
"Total4_CTACCCATCTCCTATA-1",0.0151478578249771
"Total4_CTCCTAGGTGCTCTTC-1",0.0151485537898566
"Total4_CTCGGGATCTGGTGTA-1",1.77974725959923
"Total4_CTCGTACCACATTAGC-1",0.0151492497547361
"Total4_CTCTAATCATTCGACA-1",0.0151499457196156
"Total4_CTCTAATTCCTCTAGC-1",1.80451144563039
"Total4_CTGATCCTCAGCAACT-1",0.0151506416844951
"Total4_GAAACTCGTCTGGAGA-1",1.78768946392059
"Total4_GAATAAGCAATGCCAT-1",5.81018284514566
"Total4_GAATGAACACGACGAA-1",1.71125741575504
"Total4_GACGTTACACGAAACG-1",1.78369112483553
"Total4_GACTAACGTGGCGAAT-1",0.0151513376493746
"Total4_GAGCAGATCGCTTAGA-1",0.0151520336142541
"Total4_GAGTCCGTCCTCAACC-1",0.10308334986852
"Total4_GCATGATGTCTGATTG-1",0.0151527295791336
"Total4_GCATGCGCACCGGAAA-1",0.0151534255440131
"Total4_GCCAAATTCTTCTGGC-1",0.0151541215088926
"Total4_GCGCGATTCCTAGGGC-1",1.77974795556411
"Total4_GCTTCCATCAGGTTCA-1",1.79297885980431
"Total4_GGACATTAGCGAGAAA-1",0.0151548174737721
"Total4_GGATTACCAATAGAGT-1",0.0151555134386516
"Total4_GGCGTGTAGATGTGGC-1",0.183808233202412
"Total4_GGGACCTGTCAGGACA-1",0.0151562094035311
"Total4_GTATTCTAGAAGATTC-1",0.0151569053684106
"Total4_GTCTTCGAGATGCGAC-1",2.85076150759708
"Total4_GTTCATTAGGATCGCA-1",6.38894382495086
"Total4_TAAGTGCGTTCTGAAC-1",2.85076220356196
"Total4_TAAGTGCTCCAAGCCG-1",0.0151576013332901
"Total4_TACGGATCACAGGTTT-1",0.0151582972981696
"Total4_TAGGCATGTGGGTATG-1",1.78511626201137
"Total4_TCAATCTAGTGACTCT-1",1.77974865152899
"Total4_TCACGAACAGGGTACA-1",0.0151589932630491
"Total4_TCAGATGCATAAAGGT-1",0.0151596892279287
"Total4_TCGGGACGTCACACGC-1",0.0151603851928082
"Total4_TCTATTGGTGATAAGT-1",0.0151610811576877
"Total4_TCTCTAAAGGGTCTCC-1",0.0151617771225672
"Total4_TGAAAGATCTGCGTAA-1",2.7369253388942
"Total4_TGCACCTGTTTGGGCC-1",0.323772436508373
"Total4_TGCTGCTCAGCTGTGC-1",0.412843900775794
"Total4_TGGACGCAGGCGTACA-1",2.50677718199638
"Total4_TGGCCAGAGTAAGTAC-1",0.0511524185193704
"Total4_TGTCCCAAGCTCCCAG-1",0.0151624730874467
"Total4_TGTCCCACAAATACAG-1",0.0151631690523262
"Total4_TTAACTCCACATTCGA-1",0.0151638650172057
"Total4_TTGACTTTCACCTCGT-1",0.0151645609820852
"Total4_TTGGCAATCATGGTCA-1",1.71633265330505
"BRCA1_1_AAACCTGAGAGGTAGA-1",12.0587860219682
"BRCA1_1_AAACCTGCAATAAGCA-1",13.0213708236568
"BRCA1_1_AAACCTGCAATGCCAT-1",9.00097176468218
"BRCA1_1_AAACCTGCATCGATTG-1",13.7097699906871
"BRCA1_1_AAACCTGCATTGGTAC-1",17.808032829768
"BRCA1_1_AAACCTGCATTTCACT-1",25.8347471820254
"BRCA1_1_AAACCTGGTCATGCCG-1",14.3560215220234
"BRCA1_1_AAACCTGGTGATGTCT-1",18.6417924554334
"BRCA1_1_AAACCTGTCCGCTGTT-1",21.7277850119262
"BRCA1_1_AAACCTGTCGTGGACC-1",13.5905441354124
"BRCA1_1_AAACCTGTCTAGAGTC-1",11.8110038055753
"BRCA1_1_AAACCTGTCTGACCTC-1",13.6227821567146
"BRCA1_1_AAACGGGAGACAGGCT-1",22.9537180757301
"BRCA1_1_AAACGGGAGAGGACGG-1",23.5326575125277
"BRCA1_1_AAACGGGAGATAGTCA-1",13.7097706866519
"BRCA1_1_AAACGGGAGGTAGCCA-1",16.8959211418305
"BRCA1_1_AAACGGGCATGGTCAT-1",13.7097713826168
"BRCA1_1_AAACGGGTCACTGGGC-1",13.7097720785817
"BRCA1_1_AAACGGGTCCCATTTA-1",3.44981104476284
"BRCA1_1_AAAGATGCAAACGTGG-1",16.3082732670202
"BRCA1_1_AAAGATGCACTGCCAG-1",22.2183203330824
"BRCA1_1_AAAGATGCATCTCCCA-1",18.4030170542984
"BRCA1_1_AAAGATGGTAAACGCG-1",14.9141897569431
"BRCA1_1_AAAGATGGTATAGTAG-1",15.107121813174
"BRCA1_1_AAAGCAAAGGCTCTTA-1",19.4214743319079
"BRCA1_1_AAAGCAACACAGGCCT-1",21.5699497039262
"BRCA1_1_AAAGCAACAGCTGCAC-1",16.9902561417252
"BRCA1_1_AAAGCAACAGTCAGCC-1",17.7655384975515
"BRCA1_1_AAAGCAAGTATAATGG-1",25.9819737406024
"BRCA1_1_AAAGCAAGTCATACTG-1",15.3828535847672
"BRCA1_1_AAAGCAAGTCGAGATG-1",11.1783857934905
"BRCA1_1_AAAGCAAGTGAGGCTA-1",11.6324286797566
"BRCA1_1_AAAGCAAGTGTGGCTC-1",12.9321484825658
"BRCA1_1_AAAGCAAGTTGAACTC-1",16.9902568376901
"BRCA1_1_AAAGCAATCCGAGCCA-1",18.8151662032603
"BRCA1_1_AAAGTAGAGAGCTGGT-1",9.3659623377878
"BRCA1_1_AAAGTAGAGCTGCGAA-1",25.5020485017101
"BRCA1_1_AAAGTAGCATCAGTCA-1",13.7097727745466
"BRCA1_1_AAAGTAGGTAAATACG-1",16.9902575336549
"BRCA1_1_AAAGTAGTCACATAGC-1",16.9902582296198
"BRCA1_1_AAAGTAGTCCGCAGTG-1",16.9902589255847
"BRCA1_1_AAAGTAGTCTCGCATC-1",13.609435486228
"BRCA1_1_AAAGTAGTCTGTCAAG-1",18.0817102185051
"BRCA1_1_AAATGCCAGCAATCTC-1",12.8170846889095
"BRCA1_1_AAATGCCAGGATGTAT-1",12.1645421506784
"BRCA1_1_AAATGCCAGTAGGTGC-1",18.0473518233647
"BRCA1_1_AAATGCCAGTCCGTAT-1",15.8438995395964
"BRCA1_1_AAATGCCCAAGACACG-1",20.1535032365806
"BRCA1_1_AAATGCCCACGACGAA-1",17.938487264292
"BRCA1_1_AAATGCCCATGGGACA-1",16.2528367593072
"BRCA1_1_AAATGCCGTAGAAAGG-1",9.39761094940602
"BRCA1_1_AAATGCCGTCATCCCT-1",16.2437988332396
"BRCA1_1_AAATGCCGTGCTTCTC-1",25.9819744365673
"BRCA1_1_AAATGCCTCATCGGAT-1",16.8959218377954
"BRCA1_1_AAATGCCTCCCTAATT-1",24.6907982899245
"BRCA1_1_AAATGCCTCTTTCCTC-1",20.5286552890542
"BRCA1_1_AACACGTAGTAGCCGA-1",16.9902596215496
"BRCA1_1_AACACGTCAAGGACTG-1",14.5248289587669
"BRCA1_1_AACACGTCACAGGCCT-1",14.914190452908
"BRCA1_1_AACACGTCACCTGGTG-1",13.7097734705115
"BRCA1_1_AACACGTCAGACTCGC-1",16.3035661806376
"BRCA1_1_AACACGTCATGAACCT-1",16.9902603175144
"BRCA1_1_AACACGTGTAGGAGTC-1",16.8959225337603
"BRCA1_1_AACACGTGTCAACATC-1",22.3608097370701
"BRCA1_1_AACACGTGTCATCCCT-1",18.4030177502633
"BRCA1_1_AACACGTGTCCAAGTT-1",22.4543085805494
"BRCA1_1_AACACGTGTTGTGGAG-1",24.6068327804935
"BRCA1_1_AACACGTTCACATACG-1",21.4706791120992
"BRCA1_1_AACACGTTCCCAGGTG-1",16.8959232297252
"BRCA1_1_AACACGTTCCGTTGCT-1",22.6771267864985
"BRCA1_1_AACACGTTCTGTTTGT-1",23.5212609099647
"BRCA1_1_AACCATGAGAGGGCTT-1",13.7097741664763
"BRCA1_1_AACCATGAGCCACCTG-1",13.7097748624412
"BRCA1_1_AACCATGCACAGGTTT-1",13.7097755584061
"BRCA1_1_AACCATGCACATCCGG-1",17.9129848800146
"BRCA1_1_AACCATGCAGGGTTAG-1",25.6599973917633
"BRCA1_1_AACCATGCATCGACGC-1",13.8820990838473
"BRCA1_1_AACCATGGTAGCGATG-1",18.4030184462281
"BRCA1_1_AACCATGGTATCTGCA-1",22.4015930220134
"BRCA1_1_AACCATGGTCAGCTAT-1",20.6023580555385
"BRCA1_1_AACCATGGTCCGAACC-1",13.3455854619394
"BRCA1_1_AACCATGGTCTCACCT-1",16.2577467410523
"BRCA1_1_AACCATGGTCTTGCGG-1",24.7182442612926
"BRCA1_1_AACCATGGTGGCCCTA-1",10.7540257932991
"BRCA1_1_AACCATGTCAACACAC-1",25.8409997510327
"BRCA1_1_AACCATGTCCATGAAC-1",13.709776254371
"BRCA1_1_AACCGCGCAATCGAAA-1",19.170457987674
"BRCA1_1_AACCGCGCACATCCAA-1",13.7097769503358
"BRCA1_1_AACCGCGCACGGTAGA-1",15.8872087670196
"BRCA1_1_AACCGCGGTACGAAAT-1",11.6753211887873
"BRCA1_1_AACCGCGGTATAAACG-1",13.7097776463007
"BRCA1_1_AACCGCGGTTGCGTTA-1",16.86628278842
"BRCA1_1_AACCGCGTCACAACGT-1",15.8872094629845
"BRCA1_1_AACCGCGTCACTATTC-1",19.4149921311216
"BRCA1_1_AACCGCGTCAGTTCGA-1",13.7097783422656
"BRCA1_1_AACCGCGTCCGTACAA-1",13.7097790382305
"BRCA1_1_AACCGCGTCGTACGGC-1",21.7509418242363
"BRCA1_1_AACCGCGTCTTACCTA-1",20.7425855797636
"BRCA1_1_AACGTTGAGGATGGTC-1",13.7097797341954
"BRCA1_1_AACGTTGAGGCTAGGT-1",15.3792796922889
"BRCA1_1_AACGTTGAGGTGCAAC-1",17.7821215579446
"BRCA1_1_AACGTTGAGTCGTTTG-1",14.23231654206
"BRCA1_1_AACGTTGCACGGCCAT-1",13.8098824577664
"BRCA1_1_AACGTTGGTAAACGCG-1",13.7097804301602
"BRCA1_1_AACGTTGGTCCCTACT-1",13.7097811261251
"BRCA1_1_AACGTTGGTGAGTATA-1",21.132106446734
"BRCA1_1_AACGTTGGTTAAAGTG-1",25.9819751325322
"BRCA1_1_AACTCAGAGAGTCGGT-1",13.70978182209
"BRCA1_1_AACTCAGCATGACATC-1",18.1665225700065
"BRCA1_1_AACTCAGCATTTGCCC-1",9.01211867344562
"BRCA1_1_AACTCAGTCCCATTTA-1",16.8959239256901
"BRCA1_1_AACTCAGTCGCAAGCC-1",20.7054793957501
"BRCA1_1_AACTCAGTCTCAAGTG-1",15.1375107655957
"BRCA1_1_AACTCCCAGAGTCGGT-1",22.2756242600874
"BRCA1_1_AACTCCCAGGACATTA-1",13.6227828526795
"BRCA1_1_AACTCCCAGGCACATG-1",11.807770086749
"BRCA1_1_AACTCCCAGGCTCATT-1",12.243702962734
"BRCA1_1_AACTCCCCACGTCAGC-1",22.233872513221
"BRCA1_1_AACTCCCCAGCTCGCA-1",23.616663078855
"BRCA1_1_AACTCCCCATGGTCTA-1",22.2111769657678
"BRCA1_1_AACTCCCGTACGCTGC-1",24.0107114927996
"BRCA1_1_AACTCCCGTTTGCATG-1",21.9767610820291
"BRCA1_1_AACTCCCTCAAAGACA-1",20.98056192659
"BRCA1_1_AACTCCCTCACAATGC-1",11.1468303791476
"BRCA1_1_AACTCCCTCACCCTCA-1",13.3977284749461
"BRCA1_1_AACTCCCTCAGGCCCA-1",9.82880963160071
"BRCA1_1_AACTCCCTCGCGGATC-1",18.403019142193
"BRCA1_1_AACTCTTAGGAATCGC-1",10.7744306622316
"BRCA1_1_AACTCTTAGGGATGGG-1",18.3502121568812
"BRCA1_1_AACTCTTCAAGTACCT-1",13.7097825180549
"BRCA1_1_AACTCTTCAATTCCTT-1",8.20062616730908
"BRCA1_1_AACTCTTCACAGAGGT-1",21.7991241344715
"BRCA1_1_AACTCTTCAGCTCGCA-1",19.3825568849025
"BRCA1_1_AACTCTTCAGGGTACA-1",22.5443983330682
"BRCA1_1_AACTCTTCAGTCCTTC-1",13.7097832140198
"BRCA1_1_AACTCTTGTTCCTCCA-1",14.9141911488729
"BRCA1_1_AACTCTTGTTGTGGAG-1",12.7937934875117
"BRCA1_1_AACTCTTTCACATAGC-1",21.5226358103843
"BRCA1_1_AACTCTTTCCTTAATC-1",17.7473087746718
"BRCA1_1_AACTCTTTCTAACTCT-1",16.3801949800838
"BRCA1_1_AACTGGTAGTTGTAGA-1",25.2881024788651
"BRCA1_1_AACTGGTCAAGTCTGT-1",13.7097839099846
"BRCA1_1_AACTGGTCAGTCCTTC-1",13.9494529164807
"BRCA1_1_AACTGGTGTCTCTCTG-1",25.3593851976235
"BRCA1_1_AACTGGTGTTTGGCGC-1",25.6599980877281
"BRCA1_1_AACTGGTTCCTGCTTG-1",17.910759227912
"BRCA1_1_AACTGGTTCGTACGGC-1",25.9819758284971
"BRCA1_1_AACTTTCAGACAGGCT-1",22.4896648292163
"BRCA1_1_AACTTTCAGAGATGAG-1",25.659998783693
"BRCA1_1_AACTTTCAGCTCCTTC-1",13.7097846059495
"BRCA1_1_AACTTTCCAACTGCTA-1",12.9116103477428
"BRCA1_1_AACTTTCCACCAGTTA-1",13.9229122324359
"BRCA1_1_AACTTTCCATACGCTA-1",13.0213715196217
"BRCA1_1_AACTTTCGTAGCGCTC-1",14.8588372682704
"BRCA1_1_AACTTTCGTAGGGTAC-1",23.5212616059296
"BRCA1_1_AACTTTCGTCCGAATT-1",16.7776980494628
"BRCA1_1_AACTTTCGTTGGTTTG-1",15.8872101589493
"BRCA1_1_AACTTTCTCCGCAGTG-1",20.5255548286895
"BRCA1_1_AACTTTCTCTTCGGTC-1",23.5212623018945
"BRCA1_1_AACTTTCTCTTGTACT-1",12.070072587562
"BRCA1_1_AAGACCTCAATGAAAC-1",25.6599994796579
"BRCA1_1_AAGACCTCACCTGGTG-1",22.3336453194614
"BRCA1_1_AAGACCTCAGTACACT-1",23.933870644844
"BRCA1_1_AAGACCTGTATAAACG-1",11.7733157622714
"BRCA1_1_AAGACCTGTCACCTAA-1",22.201118113293
"BRCA1_1_AAGACCTTCCGTTGCT-1",13.6227835486443
"BRCA1_1_AAGACCTTCGACGGAA-1",11.1783864894554
"BRCA1_1_AAGACCTTCGGCATCG-1",12.7466981054698
"BRCA1_1_AAGCCGCCACAACGCC-1",17.9107599238769
"BRCA1_1_AAGCCGCGTACGAAAT-1",14.5194357670215
"BRCA1_1_AAGCCGCGTCGACTGC-1",13.0505300450644
"BRCA1_1_AAGCCGCGTGAAATCA-1",22.231141888448
"BRCA1_1_AAGCCGCGTGTTTGTG-1",16.7115370725681
"BRCA1_1_AAGCCGCGTTGCTCCT-1",11.8213523327975
"BRCA1_1_AAGCCGCTCATGGTCA-1",24.7182449572574
"BRCA1_1_AAGCCGCTCCCACTTG-1",13.6636838923492
"BRCA1_1_AAGCCGCTCGCAAGCC-1",16.8959246216549
"BRCA1_1_AAGCCGCTCGGTTAAC-1",13.6227842446092
"BRCA1_1_AAGGAGCAGTAGATGT-1",23.9066583792457
"BRCA1_1_AAGGAGCCAGGAACGT-1",25.6600001756228
"BRCA1_1_AAGGAGCGTTTCGCTC-1",17.6085515744111
"BRCA1_1_AAGGAGCTCAGTTTGG-1",17.9107606198417
"BRCA1_1_AAGGAGCTCATCGATG-1",11.0838714279623
"BRCA1_1_AAGGAGCTCCGAATGT-1",13.9521211910004
"BRCA1_1_AAGGAGCTCTCTAGGA-1",16.9902610134793
"BRCA1_1_AAGGCAGAGAAGAAGC-1",15.6649151471276
"BRCA1_1_AAGGCAGAGACTAAGT-1",7.25768632509976
"BRCA1_1_AAGGCAGAGCTTATCG-1",14.8921137850469
"BRCA1_1_AAGGCAGAGGACTGGT-1",17.0170714413567
"BRCA1_1_AAGGCAGAGGAGTTTA-1",22.2485381655608
"BRCA1_1_AAGGCAGCACCCATTC-1",19.1557229709054
"BRCA1_1_AAGGCAGCAGGTGCCT-1",13.6740821232875
"BRCA1_1_AAGGCAGGTATTCTCT-1",18.1523313756944
"BRCA1_1_AAGGCAGGTCTGGTCG-1",11.665349186549
"BRCA1_1_AAGGCAGGTTGTGGAG-1",17.6461706282102
"BRCA1_1_AAGGCAGTCCCGGATG-1",13.7097853019144
"BRCA1_1_AAGGCAGTCTTGACGA-1",13.5688867348816
"BRCA1_1_AAGGTTCAGTGGAGTC-1",12.0537868497456
"BRCA1_1_AAGGTTCAGTGGCACA-1",19.3801721220106
"BRCA1_1_AAGGTTCCAGCTGTGC-1",19.1102418783078
"BRCA1_1_AAGGTTCCAGTTCATG-1",13.6492357590483
"BRCA1_1_AAGGTTCTCAGTCAGT-1",18.1790209372443
"BRCA1_1_AAGGTTCTCTGTTGAG-1",23.3379757000903
"BRCA1_1_AAGTCTGAGAAGATTC-1",23.6553630330312
"BRCA1_1_AAGTCTGAGACTAGGC-1",17.9107613158066
"BRCA1_1_AAGTCTGAGTGTCCAT-1",22.2011188092579
"BRCA1_1_AAGTCTGAGTGTGGCA-1",22.9855481022532
"BRCA1_1_AAGTCTGCAATCCAAC-1",13.6821275150674
"BRCA1_1_AAGTCTGCACTTAAGC-1",19.4507227295016
"BRCA1_1_AAGTCTGCAGACGCAA-1",15.8122822680453
"BRCA1_1_AAGTCTGCAGCTGCAC-1",25.2266150601026
"BRCA1_1_AAGTCTGCAGGAATGC-1",12.2722454188026
"BRCA1_1_AAGTCTGGTGACAAAT-1",13.7097859978793
"BRCA1_1_AAGTCTGTCATATCGG-1",19.152536181073
"BRCA1_1_AAGTCTGTCTACCTGC-1",19.031093480211
"BRCA1_1_AATCCAGAGATACACA-1",11.6314876465811
"BRCA1_1_AATCCAGAGGCATTGG-1",25.8449991147168
"BRCA1_1_AATCCAGCAGCCACCA-1",18.4030198381579
"BRCA1_1_AATCCAGCATGACGGA-1",10.0726346937028
"BRCA1_1_AATCCAGGTATATGGA-1",16.1843670158462
"BRCA1_1_AATCCAGGTATCACCA-1",16.9902617094442
"BRCA1_1_AATCCAGGTATGAAAC-1",12.8933659139105
"BRCA1_1_AATCCAGGTCGTCTTC-1",25.9477899840649
"BRCA1_1_AATCCAGGTTCAGCGC-1",23.4200876204911
"BRCA1_1_AATCCAGTCAGCCTAA-1",22.9917802856459
"BRCA1_1_AATCCAGTCAGGATCT-1",18.3021086034563
"BRCA1_1_AATCCAGTCCGTCAAA-1",19.0780289965099
"BRCA1_1_AATCCAGTCTCAAACG-1",20.5747959721492
"BRCA1_1_AATCGGTAGATATGGT-1",18.4284913236378
"BRCA1_1_AATCGGTAGTACGCCC-1",13.8918660794616
"BRCA1_1_AATCGGTAGTGCGATG-1",16.9093295356341
"BRCA1_1_AATCGGTCAAAGTCAA-1",23.0076342112039
"BRCA1_1_AATCGGTCATCCCATC-1",13.7097866938441
"BRCA1_1_AATCGGTGTGCACTTA-1",16.4654401873222
"BRCA1_1_AATCGGTGTTCAGGCC-1",16.9902624054091
"BRCA1_1_AATCGGTTCAACCAAC-1",13.0213722155865
"BRCA1_1_AATCGGTTCAGTTGAC-1",25.9518378514389
"BRCA1_1_AATCGGTTCGCGTTTC-1",13.709787389809
"BRCA1_1_AATCGGTTCTCATTCA-1",21.4332131112292
"BRCA1_1_ACACCAAAGATGCCAG-1",13.9430536361892
"BRCA1_1_ACACCAAAGTAGGCCA-1",13.7097880857739
"BRCA1_1_ACACCAAAGTTTCCTT-1",18.4030205341228
"BRCA1_1_ACACCAAGTACTCTCC-1",12.8589509701027
"BRCA1_1_ACACCAATCAGCAACT-1",21.0214090774652
"BRCA1_1_ACACCAATCCGTCAAA-1",20.1887081403437
"BRCA1_1_ACACCCTCAAGCTGTT-1",22.3090446301581
"BRCA1_1_ACACCCTGTAAGTAGT-1",13.7097887817388
"BRCA1_1_ACACCCTGTAGCTGCC-1",14.9141918448377
"BRCA1_1_ACACCCTGTGGACGAT-1",13.7097894777037
"BRCA1_1_ACACCCTGTTTGTTTC-1",14.8921144810118
"BRCA1_1_ACACCCTTCATGCAAC-1",13.6094361821929
"BRCA1_1_ACACCCTTCCCAACGG-1",13.7097901736685
"BRCA1_1_ACACCCTTCCCAAGAT-1",21.9360153419043
"BRCA1_1_ACACCCTTCCCATTTA-1",16.3443369222955
"BRCA1_1_ACACCGGAGGGTCTCC-1",16.7905312803431
"BRCA1_1_ACACCGGAGTCCGGTC-1",13.0809703910283
"BRCA1_1_ACACCGGCAATCCGAT-1",18.8315784050639
"BRCA1_1_ACACCGGCAGATAATG-1",13.3455861579042
"BRCA1_1_ACACCGGGTAGTACCT-1",18.4030212300877
"BRCA1_1_ACACCGGGTTCCCTTG-1",12.9510090075307
"BRCA1_1_ACACCGGTCACTCTTA-1",14.4916634785378
"BRCA1_1_ACACCGGTCGGAAACG-1",1.69285806200013
"BRCA1_1_ACACCGGTCTCCAACC-1",13.7097908696334
"BRCA1_1_ACACCGGTCTCGCATC-1",17.9377849311368
"BRCA1_1_ACACCGGTCTGGTTCC-1",11.7733164582363
"BRCA1_1_ACACTGAAGTCGTACT-1",18.4630525849509
"BRCA1_1_ACACTGACAATGAATG-1",0.153749806690075
"BRCA1_1_ACACTGACAGGCTCAC-1",3.44791928247858
"BRCA1_1_ACACTGAGTAAATGTG-1",16.8959253176198
"BRCA1_1_ACACTGAGTCACCCAG-1",25.8346824709811
"BRCA1_1_ACACTGAGTTGCGCAC-1",24.1908631826427
"BRCA1_1_ACACTGATCCTTTCGG-1",23.9152107225012
"BRCA1_1_ACAGCCGAGGGAACGG-1",13.7097915655983
"BRCA1_1_ACAGCCGAGTGAACGC-1",21.8233893700084
"BRCA1_1_ACAGCCGCAGCCAATT-1",24.7182456532223
"BRCA1_1_ACAGCCGGTAATCACC-1",16.3300883023284
"BRCA1_1_ACAGCCGGTGTGAATA-1",20.5659236865493
"BRCA1_1_ACAGCCGTCAGTCCCT-1",14.9141925408026
"BRCA1_1_ACAGCCGTCGTTGACA-1",17.6372943694209
"BRCA1_1_ACAGCTAAGAGACTAT-1",19.477482934449
"BRCA1_1_ACAGCTAAGCAGCCTC-1",13.4478177080526
"BRCA1_1_ACAGCTAAGGTGCTAG-1",16.990263101374
"BRCA1_1_ACAGCTAAGTGTGAAT-1",12.2423400091021
"BRCA1_1_ACAGCTACAGCTGTAT-1",24.6862449492583
"BRCA1_1_ACAGCTACATCTCGCT-1",15.6626932826051
"BRCA1_1_ACAGCTAGTACTTAGC-1",13.7097922615632
"BRCA1_1_ACAGCTAGTCCCTACT-1",16.8301336399801
"BRCA1_1_ACAGCTAGTTACGTCA-1",23.896514657473
"BRCA1_1_ACAGCTATCATTGCCC-1",21.4162760985708
"BRCA1_1_ACAGCTATCTCTAGGA-1",18.4030219260525
"BRCA1_1_ACATACGCAAGGCTCC-1",23.4761466220179
"BRCA1_1_ACATACGCAAGTAGTA-1",13.7097929575281
"BRCA1_1_ACATACGGTGCCTGCA-1",13.7097936534929
"BRCA1_1_ACATACGTCGTGGGAA-1",13.7097943494578
"BRCA1_1_ACATCAGAGTCAAGCG-1",16.4064247544848
"BRCA1_1_ACATCAGCAGTCGATT-1",23.5212629978594
"BRCA1_1_ACATCAGGTAAGTAGT-1",13.0971461108455
"BRCA1_1_ACATCAGGTCCGACGT-1",13.7097950454227
"BRCA1_1_ACATCAGGTCTCTCGT-1",21.8739349642715
"BRCA1_1_ACATCAGGTTGAGTTC-1",25.9819765244619
"BRCA1_1_ACATCAGTCATCGGAT-1",15.1580455584095
"BRCA1_1_ACATCAGTCCGCGCAA-1",15.8872108549142
"BRCA1_1_ACATCAGTCTTTACGT-1",18.208675956331
"BRCA1_1_ACATGGTAGACTTTCG-1",13.7097957413876
"BRCA1_1_ACATGGTAGTGGAGTC-1",18.4030226220174
"BRCA1_1_ACATGGTCACACAGAG-1",22.6998881773839
"BRCA1_1_ACATGGTCACACATGT-1",21.4128783222686
"BRCA1_1_ACATGGTCAGTTCATG-1",20.5757331482859
"BRCA1_1_ACATGGTCATTAACCG-1",16.8959260135847
"BRCA1_1_ACATGGTGTACTCAAC-1",17.9668449457423
"BRCA1_1_ACATGGTGTCTAGCCG-1",20.6878682960956
"BRCA1_1_ACATGGTGTTTGGCGC-1",18.1405514634911
"BRCA1_1_ACCAGTAAGAGCCTAG-1",23.3931155724699
"BRCA1_1_ACCAGTAAGCCGCCTA-1",13.7097964373524
"BRCA1_1_ACCAGTAAGTGTTGAA-1",15.1722880477726
"BRCA1_1_ACCAGTACAAGGACTG-1",25.6600008715876
"BRCA1_1_ACCAGTAGTCCGAGTC-1",24.0480030970819
"BRCA1_1_ACCAGTAGTCTAACGT-1",17.003705108834
"BRCA1_1_ACCAGTAGTGCACGAA-1",17.6694932960894
"BRCA1_1_ACCAGTAGTTGAGTTC-1",16.8959267095496
"BRCA1_1_ACCAGTAGTTGATTCG-1",13.6227849405741
"BRCA1_1_ACCAGTATCCACGAAT-1",20.9246571596438
"BRCA1_1_ACCAGTATCTGTACGA-1",16.3897613303485
"BRCA1_1_ACCCACTAGAGTACCG-1",23.5212636938243
"BRCA1_1_ACCCACTAGGCTCAGA-1",12.1645428466433
"BRCA1_1_ACCCACTGTAACGTTC-1",17.9179134102744
"BRCA1_1_ACCCACTGTATATCCG-1",21.6657844925622
"BRCA1_1_ACCCACTTCGGACAAG-1",13.7097971333173
"BRCA1_1_ACCCACTTCTAGAGTC-1",18.4928346307404
"BRCA1_1_ACCCACTTCTAGCACA-1",22.270340048477
"BRCA1_1_ACCGTAAAGCCGATTT-1",16.9902637973388
"BRCA1_1_ACCGTAAAGGAGTCTG-1",23.3797413551603
"BRCA1_1_ACCGTAAAGTCGTACT-1",9.90576941871338
"BRCA1_1_ACCGTAAAGTGTACTC-1",17.9107620117715
"BRCA1_1_ACCGTAACAGACAAAT-1",24.0741701476794
"BRCA1_1_ACCGTAACAGCCTATA-1",14.9141932367675
"BRCA1_1_ACCGTAACATCGGACC-1",15.4540538490694
"BRCA1_1_ACCGTAAGTAGCGATG-1",16.184367711811
"BRCA1_1_ACCGTAAGTGAGGGTT-1",19.0403773463837
"BRCA1_1_ACCGTAATCGCTGATA-1",18.5369414775166
"BRCA1_1_ACCGTAATCGTCCAGG-1",16.2560649944337
"BRCA1_1_ACCGTAATCTACCTGC-1",25.9819772204268
"BRCA1_1_ACCGTAATCTTGTATC-1",21.4842758783354
"BRCA1_1_ACCTTTAAGGGAACGG-1",11.8425228009042
"BRCA1_1_ACCTTTAAGGTACTCT-1",24.623143591354
"BRCA1_1_ACCTTTAAGTCAATAG-1",23.5212643897891
"BRCA1_1_ACCTTTACAATAAGCA-1",13.7097978292822
"BRCA1_1_ACCTTTAGTATATGGA-1",17.1980104406859
"BRCA1_1_ACCTTTAGTCGACTGC-1",15.8439002355613
"BRCA1_1_ACCTTTAGTCGGCTCA-1",22.5499031791584
"BRCA1_1_ACCTTTATCATAACCG-1",24.5181974431838
"BRCA1_1_ACGAGCCAGCTACCGC-1",9.48719453996774
"BRCA1_1_ACGAGCCCAACTGGCC-1",16.8959274055144
"BRCA1_1_ACGAGCCCAAGCGATG-1",21.9891850223804
"BRCA1_1_ACGAGCCGTACCGGCT-1",18.7915254756416
"BRCA1_1_ACGAGCCGTCCAACTA-1",25.6600015675525
"BRCA1_1_ACGAGCCGTCTGCGGT-1",19.1397986117564
"BRCA1_1_ACGAGCCGTGTGGCTC-1",23.9246193604135
"BRCA1_1_ACGAGCCGTTGGACCC-1",17.9509731689197
"BRCA1_1_ACGAGCCTCCGAGCCA-1",25.9819779163917
"BRCA1_1_ACGAGCCTCTCTGCTG-1",18.6829079330685
"BRCA1_1_ACGAGGAAGCGCCTCA-1",19.1704586836389
"BRCA1_1_ACGAGGAAGTACCGGA-1",13.7097985252471
"BRCA1_1_ACGAGGACAAGAGGCT-1",18.4043030915275
"BRCA1_1_ACGAGGAGTACAAGTA-1",14.9141939327324
"BRCA1_1_ACGAGGAGTACCGAGA-1",17.9107627077364
"BRCA1_1_ACGAGGAGTATGAAAC-1",17.6458172376415
"BRCA1_1_ACGAGGAGTGATAAAC-1",14.3535287371187
"BRCA1_1_ACGAGGAGTGCAACGA-1",13.709799221212
"BRCA1_1_ACGAGGAGTGTTTGGT-1",16.3905367781718
"BRCA1_1_ACGAGGATCACCACCT-1",13.7097999171768
"BRCA1_1_ACGAGGATCTTGAGAC-1",21.7508156279367
"BRCA1_1_ACGATACAGCAACGGT-1",13.3888496817778
"BRCA1_1_ACGATACAGTACGTAA-1",22.2011195052228
"BRCA1_1_ACGATACAGTCATCCA-1",19.3933035787509
"BRCA1_1_ACGATACCACATCCAA-1",22.6998888733488
"BRCA1_1_ACGATACCAGTAAGAT-1",22.4453021489643
"BRCA1_1_ACGATACCATGCTGGC-1",11.6491811015244
"BRCA1_1_ACGATACGTTTGACTG-1",19.1442503592991
"BRCA1_1_ACGATACTCCTAGGGC-1",20.5932735897765
"BRCA1_1_ACGATACTCTGTTGAG-1",15.6317586745119
"BRCA1_1_ACGATGTAGCACCGTC-1",21.9360160378692
"BRCA1_1_ACGATGTCAACTTGAC-1",22.4967236648129
"BRCA1_1_ACGATGTCACGAAAGC-1",17.9107634037013
"BRCA1_1_ACGATGTCACTGAAGG-1",17.9107640996661
"BRCA1_1_ACGATGTCATTTGCTT-1",13.7098006131417
"BRCA1_1_ACGATGTGTAGCGTCC-1",11.9127269163527
"BRCA1_1_ACGATGTTCAACACGT-1",12.2667615282658
"BRCA1_1_ACGATGTTCCTTGACC-1",25.8642883896146
"BRCA1_1_ACGATGTTCGATCCCT-1",18.0074042595789
"BRCA1_1_ACGCAGCAGCATCATC-1",13.7098013091066
"BRCA1_1_ACGCAGCAGGAGTTGC-1",15.7384828851093
"BRCA1_1_ACGCAGCAGTGTACGG-1",13.7098020050715
"BRCA1_1_ACGCAGCAGTTAACGA-1",14.2240112957615
"BRCA1_1_ACGCAGCCAAAGTGCG-1",13.7098027010364
"BRCA1_1_ACGCAGCGTAAAGGAG-1",13.7098033970012
"BRCA1_1_ACGCAGCTCCGGGTGT-1",21.6145385102967
"BRCA1_1_ACGCAGCTCGAGCCCA-1",18.626660529706
"BRCA1_1_ACGCCAGAGACTAAGT-1",13.6094368781578
"BRCA1_1_ACGCCAGAGGTTACCT-1",23.0504692584533
"BRCA1_1_ACGCCAGCAACGATCT-1",14.6424690800718
"BRCA1_1_ACGCCAGCAAGGGTCA-1",19.4508017496441
"BRCA1_1_ACGCCAGCAGACAAAT-1",25.8491708790351
"BRCA1_1_ACGCCAGCATATACGC-1",21.14922161351
"BRCA1_1_ACGCCAGCATGATCCA-1",20.6878689920605
"BRCA1_1_ACGCCAGGTCAACATC-1",18.8704223778573
"BRCA1_1_ACGCCAGTCCAGTATG-1",13.622785636539
"BRCA1_1_ACGCCAGTCCGAATGT-1",13.7098040929661
"BRCA1_1_ACGCCAGTCTGCCCTA-1",13.709804788931
"BRCA1_1_ACGCCAGTCTTGCAAG-1",25.9109105902315
"BRCA1_1_ACGCCGAAGAGTAATC-1",11.6782564671204
"BRCA1_1_ACGCCGACAAGTTAAG-1",21.7618377897374
"BRCA1_1_ACGCCGACACAGCCCA-1",21.9317141214281
"BRCA1_1_ACGCCGATCCCAACGG-1",21.193623994275
"BRCA1_1_ACGCCGATCCTTTACA-1",13.7098054848959
"BRCA1_1_ACGCCGATCGTAGATC-1",13.7098061808607
"BRCA1_1_ACGGAGAAGGAATTAC-1",23.4137064301036
"BRCA1_1_ACGGAGAAGGTGCTTT-1",20.6878696880253
"BRCA1_1_ACGGAGAAGTTCGCAT-1",25.8776599239036
"BRCA1_1_ACGGAGAAGTTCGCGC-1",16.9902644933037
"BRCA1_1_ACGGAGACAGCTGCTG-1",17.797628104074
"BRCA1_1_ACGGAGAGTGCGCTTG-1",11.1783871854203
"BRCA1_1_ACGGAGAGTGGTAACG-1",20.6109035352035
"BRCA1_1_ACGGAGAGTTCGGCAC-1",18.5969054861648
"BRCA1_1_ACGGAGATCGGCCGAT-1",13.7098068768256
"BRCA1_1_ACGGCCAAGCGATAGC-1",13.4552181860191
"BRCA1_1_ACGGCCAAGCTGAACG-1",16.8959281014793
"BRCA1_1_ACGGCCAAGTAACCCT-1",17.9789137332047
"BRCA1_1_ACGGCCACAAGGGTCA-1",18.5089627864704
"BRCA1_1_ACGGCCACAGGCAGTA-1",14.8921151769767
"BRCA1_1_ACGGCCACATTCTCAT-1",25.6600022635174
"BRCA1_1_ACGGCCAGTGTCCTCT-1",12.9519706863496
"BRCA1_1_ACGGCCAGTTTAGCTG-1",23.521265085754
"BRCA1_1_ACGGCCATCTGAAAGA-1",24.0844065381088
"BRCA1_1_ACGGGCTAGCCCAGCT-1",23.4476971724742
"BRCA1_1_ACGGGCTCAAACTGCT-1",13.7098075727905
"BRCA1_1_ACGGGCTCACACCGAC-1",16.1856046332171
"BRCA1_1_ACGGGCTCATCGACGC-1",13.7098082687554
"BRCA1_1_ACGGGCTGTCAATACC-1",18.7050867607019
"BRCA1_1_ACGGGCTGTGTTGGGA-1",21.8171621865226
"BRCA1_1_ACGGGCTTCCCATTTA-1",18.1409115093194
"BRCA1_1_ACGGGCTTCCTTGGTC-1",16.8959287974442
"BRCA1_1_ACGGGCTTCTGTCCGT-1",17.7701188235023
"BRCA1_1_ACGGGCTTCTTTAGTC-1",11.1471437643865
"BRCA1_1_ACGGGTCAGCCAGTAG-1",17.7328858393591
"BRCA1_1_ACGGGTCAGCCTTGAT-1",25.6600029594823
"BRCA1_1_ACGGGTCCAATGTTGC-1",23.5212657817189
"BRCA1_1_ACGGGTCCAGCCTTTC-1",23.2975432301419
"BRCA1_1_ACGGGTCCATCCAACA-1",13.0370962541759
"BRCA1_1_ACGGGTCCATGCAATC-1",13.0691641810837
"BRCA1_1_ACGGGTCGTACATGTC-1",13.6094375741227
"BRCA1_1_ACGGGTCGTCATGCCG-1",15.8439009315262
"BRCA1_1_ACGGGTCGTCTTTCAT-1",24.0319624479598
"BRCA1_1_ACGGGTCTCGGATGTT-1",11.6604402233877
"BRCA1_1_ACGTCAACATCCTAGA-1",16.9902651892686
"BRCA1_1_ACGTCAACATGAAGTA-1",25.8714929508267
"BRCA1_1_ACGTCAAGTGAAAGAG-1",19.1704593796037
"BRCA1_1_ACGTCAAGTGAAATCA-1",25.0182221453847
"BRCA1_1_ACGTCAAGTGCTCTTC-1",20.4632526095936
"BRCA1_1_ACGTCAAGTTACGGAG-1",21.5972430680941
"BRCA1_1_ACGTCAATCAAGGCTT-1",14.9141946286973
"BRCA1_1_ACGTCAATCATAACCG-1",14.8921158729416
"BRCA1_1_ACGTCAATCGTAGGAG-1",24.9754962913436
"BRCA1_1_ACTATCTAGCTCTCGG-1",13.7098089647203
"BRCA1_1_ACTATCTAGGTGCTAG-1",13.7098096606851
"BRCA1_1_ACTATCTAGTCGATAA-1",17.910764795631
"BRCA1_1_ACTATCTAGTGGGATC-1",13.70981035665
"BRCA1_1_ACTATCTCAAGTCTAC-1",13.0651529295481
"BRCA1_1_ACTATCTGTACTTAGC-1",25.0436205585139
"BRCA1_1_ACTATCTGTCGGGTCT-1",24.6753563551539
"BRCA1_1_ACTATCTGTCTAGTGT-1",21.5542190987953
"BRCA1_1_ACTATCTGTTCACGGC-1",13.7098110526149
"BRCA1_1_ACTATCTTCACAGTAC-1",8.35796588829745
"BRCA1_1_ACTATCTTCGGCGCTA-1",13.7098117485798
"BRCA1_1_ACTATCTTCGTCACGG-1",12.1645435426082
"BRCA1_1_ACTATCTTCTCAACTT-1",18.2018113693472
"BRCA1_1_ACTGAACAGGCACATG-1",13.7098124445447
"BRCA1_1_ACTGAACAGTTCCACA-1",21.6278450092095
"BRCA1_1_ACTGAACCAAGAAGAG-1",13.7098131405095
"BRCA1_1_ACTGAACCATTAGGCT-1",25.8946328245591
"BRCA1_1_ACTGAACGTAAGTGGC-1",14.6756884720066
"BRCA1_1_ACTGAACGTACTCAAC-1",13.7098138364744
"BRCA1_1_ACTGAACGTCTCACCT-1",16.2338956957345
"BRCA1_1_ACTGAACGTGCGAAAC-1",16.8959294934091
"BRCA1_1_ACTGAACGTTCAGACT-1",13.7098145324393
"BRCA1_1_ACTGAACTCAACGGCC-1",22.3628843742563
"BRCA1_1_ACTGAACTCATTATCC-1",22.2011202011876
"BRCA1_1_ACTGAACTCCGAATGT-1",25.6600036554472
"BRCA1_1_ACTGAACTCCTTGACC-1",21.5187425524886
"BRCA1_1_ACTGAACTCTGTGCAA-1",13.7098152284042
"BRCA1_1_ACTGAGTCAAGGACAC-1",13.709815924369
"BRCA1_1_ACTGAGTCAGCTCGCA-1",16.895930189374
"BRCA1_1_ACTGAGTCAGTAAGAT-1",24.4782463103523
"BRCA1_1_ACTGAGTGTCTTCGTC-1",23.5212664776838
"BRCA1_1_ACTGAGTGTGAGTGAC-1",19.0278487675754
"BRCA1_1_ACTGAGTGTGTTTGGT-1",17.9777046345939
"BRCA1_1_ACTGAGTTCAGTTCGA-1",24.0803570087623
"BRCA1_1_ACTGAGTTCATGCTCC-1",16.9902658852335
"BRCA1_1_ACTGATGAGATACACA-1",23.5212671736487
"BRCA1_1_ACTGATGAGCAGGCTA-1",13.7098166203339
"BRCA1_1_ACTGATGAGCATGGCA-1",14.9117926769329
"BRCA1_1_ACTGATGAGCGCTCCA-1",16.8959308853388
"BRCA1_1_ACTGATGAGTGCAAGC-1",20.9433797962343
"BRCA1_1_ACTGATGCACATGGGA-1",24.5811547975067
"BRCA1_1_ACTGATGCACCACCAG-1",21.5403292970014
"BRCA1_1_ACTGATGCAGTCGTGC-1",24.5233213521597
"BRCA1_1_ACTGATGCATCCGGGT-1",13.7098173162988
"BRCA1_1_ACTGATGGTCGCGGTT-1",19.3931451320257
"BRCA1_1_ACTGATGTCGGAGCAA-1",11.1783878813852
"BRCA1_1_ACTGATGTCGGATGGA-1",16.1861095286335
"BRCA1_1_ACTGATGTCTTAGCCC-1",13.9052096756458
"BRCA1_1_ACTGCTCAGATCCGAG-1",16.1871461343342
"BRCA1_1_ACTGCTCAGTGCGATG-1",15.8439016274911
"BRCA1_1_ACTGCTCCAATCTACG-1",18.4030233179823
"BRCA1_1_ACTGCTCGTACATCCA-1",25.6562914202951
"BRCA1_1_ACTGCTCGTAGCTCCG-1",23.655363728996
"BRCA1_1_ACTGCTCGTATAGGGC-1",15.2139294282201
"BRCA1_1_ACTGCTCGTCGAGATG-1",16.220746303357
"BRCA1_1_ACTGCTCGTGGTTTCA-1",23.6553644249609
"BRCA1_1_ACTGCTCTCGATCCCT-1",24.0729907587698
"BRCA1_1_ACTGCTCTCGCGATCG-1",25.660004351412
"BRCA1_1_ACTGCTCTCTCATTCA-1",19.0708774261527
"BRCA1_1_ACTGCTCTCTGTACGA-1",21.7018256787246
"BRCA1_1_ACTGTCCAGCAGCCTC-1",18.4203370006571
"BRCA1_1_ACTGTCCCACGAAGCA-1",18.4030240139472
"BRCA1_1_ACTGTCCCAGCGTAAG-1",25.6600050473769
"BRCA1_1_ACTGTCCCATACGCCG-1",19.3846691191554
"BRCA1_1_ACTGTCCCATTACGAC-1",25.9819786123566
"BRCA1_1_ACTGTCCCATTCTCAT-1",23.4784836140379
"BRCA1_1_ACTGTCCGTACTTGAC-1",13.7098180122637
"BRCA1_1_ACTGTCCGTCAGATAA-1",17.6268155250116
"BRCA1_1_ACTGTCCGTCCTAGCG-1",25.9819793083214
"BRCA1_1_ACTGTCCTCGTGTAGT-1",13.7098187082286
"BRCA1_1_ACTTACTAGTTATCGC-1",15.7501281740016
"BRCA1_1_ACTTACTCAATAGCGG-1",21.6080238384325
"BRCA1_1_ACTTACTCATTAACCG-1",16.8959315813037
"BRCA1_1_ACTTACTGTAGCACGA-1",17.9107654915959
"BRCA1_1_ACTTGTTAGATGTGGC-1",21.491364474047
"BRCA1_1_ACTTGTTAGCCACTAT-1",13.7098194041934
"BRCA1_1_ACTTGTTAGGCCATAG-1",20.5074253240779
"BRCA1_1_ACTTGTTAGTAGCCGA-1",17.8869080488918
"BRCA1_1_ACTTGTTCAAGTCATC-1",25.633943836274
"BRCA1_1_ACTTGTTCACGAAATA-1",12.8010082990749
"BRCA1_1_ACTTGTTCATAGAAAC-1",15.8036631317667
"BRCA1_1_ACTTGTTGTGATAAGT-1",22.2194942110403
"BRCA1_1_ACTTGTTGTTTGTTTC-1",19.0403780423486
"BRCA1_1_ACTTGTTTCGCGCCAA-1",21.7877902299536
"BRCA1_1_ACTTGTTTCTCTAGGA-1",23.4629178359864
"BRCA1_1_ACTTGTTTCTGATTCT-1",23.3706972532649
"BRCA1_1_ACTTTCAAGATACACA-1",16.8959322772686
"BRCA1_1_ACTTTCACAGGTCTCG-1",11.9271994392783
"BRCA1_1_ACTTTCAGTAGGGACT-1",16.1866607121491
"BRCA1_1_ACTTTCATCTGGCGAC-1",9.00242231894065
"BRCA1_1_AGAATAGAGGCTCTTA-1",14.9141953246621
"BRCA1_1_AGAATAGCAAGCCCAC-1",17.9107661875608
"BRCA1_1_AGAATAGCACAAGACG-1",13.7098201001583
"BRCA1_1_AGAATAGCACAGGAGT-1",14.2367929288761
"BRCA1_1_AGAATAGCATCACAAC-1",17.9107668835257
"BRCA1_1_AGAATAGCATCTCCCA-1",16.1843684077759
"BRCA1_1_AGAATAGGTAACGTTC-1",18.3502128528461
"BRCA1_1_AGAATAGGTCGTTGTA-1",17.656370606986
"BRCA1_1_AGAATAGGTGCGAAAC-1",15.3959391527976
"BRCA1_1_AGAATAGTCAGGCCCA-1",22.2048086904887
"BRCA1_1_AGAATAGTCCAAGCCG-1",22.560191147443
"BRCA1_1_AGAATAGTCCGGGTGT-1",13.7098207961232
"BRCA1_1_AGACGTTAGGTTCCTA-1",13.7098214920881
"BRCA1_1_AGACGTTAGTATTGGA-1",22.6998895693137
"BRCA1_1_AGACGTTCAATGCCAT-1",21.9891857183453
"BRCA1_1_AGACGTTCACGTCTCT-1",22.5107735065124
"BRCA1_1_AGACGTTCACTGTCGG-1",15.6948419788347
"BRCA1_1_AGACGTTCAGCTGCAC-1",16.9902665811984
"BRCA1_1_AGACGTTCAGTCTTCC-1",12.907371698291
"BRCA1_1_AGACGTTGTAAATGTG-1",13.6094382700875
"BRCA1_1_AGACGTTGTCACCCAG-1",13.709822188053
"BRCA1_1_AGACGTTGTCGATTGT-1",18.4030247099121
"BRCA1_1_AGACGTTTCAAGGTAA-1",17.7747413006982
"BRCA1_1_AGACGTTTCGGTTAAC-1",15.8544080797738
"BRCA1_1_AGACGTTTCGTCGTTC-1",13.908538338458
"BRCA1_1_AGACGTTTCTGTTTGT-1",21.9354958523251
"BRCA1_1_AGAGCGAAGAAGCCCA-1",21.0676297740874
"BRCA1_1_AGAGCGAAGGTAGCTG-1",16.1853860363137
"BRCA1_1_AGAGCGAAGTACACCT-1",13.7098228840178
"BRCA1_1_AGAGCGAAGTGGTAGC-1",16.8959329732335
"BRCA1_1_AGAGCGAGTCTAGAGG-1",21.7494476589806
"BRCA1_1_AGAGCGAGTGTTCGAT-1",16.2321463363489
"BRCA1_1_AGAGCGAGTTTCCACC-1",21.5476781253422
"BRCA1_1_AGAGCGATCCAAGTAC-1",13.7098235799827
"BRCA1_1_AGAGCGATCCTGCCAT-1",25.8543115549979
"BRCA1_1_AGAGCTTAGAAGATTC-1",16.8756380674469
"BRCA1_1_AGAGCTTAGAGGTAGA-1",19.0945322883865
"BRCA1_1_AGAGCTTAGCTACCTA-1",17.8053862823373
"BRCA1_1_AGAGCTTAGGAGTCTG-1",22.9553353023541
"BRCA1_1_AGAGCTTCAATCACAC-1",21.7946988733615
"BRCA1_1_AGAGCTTCACCAGCAC-1",25.6600057433418
"BRCA1_1_AGAGCTTCATCATCCC-1",13.7098242759476
"BRCA1_1_AGAGCTTGTAAACGCG-1",15.2396295701324
"BRCA1_1_AGAGCTTTCAGTGCAT-1",13.4267003120048
"BRCA1_1_AGAGCTTTCCGCATAA-1",14.743088439325
"BRCA1_1_AGAGCTTTCGCAGGCT-1",11.7860893742624
"BRCA1_1_AGAGCTTTCTTACCTA-1",17.9107675794905
"BRCA1_1_AGAGTGGAGCCGATTT-1",16.8959336691984
"BRCA1_1_AGAGTGGAGGATGTAT-1",20.5669005515547
"BRCA1_1_AGAGTGGAGTCTCCTC-1",21.7266428435552
"BRCA1_1_AGAGTGGCAAGCGTAG-1",20.6878703839902
"BRCA1_1_AGAGTGGCAATGGAGC-1",13.7098249719125
"BRCA1_1_AGAGTGGCAGGCTCAC-1",8.87489517088005
"BRCA1_1_AGAGTGGTCCTTTACA-1",12.9439954472254
"BRCA1_1_AGAGTGGTCTGACCTC-1",14.8921165689065
"BRCA1_1_AGATCTGAGCTGATAA-1",13.7098256678773
"BRCA1_1_AGATCTGAGGATGGAA-1",15.4540545450343
"BRCA1_1_AGATCTGCACCTCGTT-1",11.8440340360214
"BRCA1_1_AGATCTGCACGAAAGC-1",18.0025717252862
"BRCA1_1_AGATCTGCAGTCGATT-1",16.9902672771632
"BRCA1_1_AGATCTGGTAGCACGA-1",16.9902679731281
"BRCA1_1_AGATCTGTCACGACTA-1",13.7098263638422
"BRCA1_1_AGATTGCAGATCCGAG-1",25.6043641177818
"BRCA1_1_AGATTGCAGCCCGAAA-1",14.6001246060236
"BRCA1_1_AGATTGCAGGACAGAA-1",16.324287731842
"BRCA1_1_AGATTGCAGTGTTGAA-1",25.9819800042863
"BRCA1_1_AGATTGCAGTTTCCTT-1",25.6600064393067
"BRCA1_1_AGATTGCCACATTAGC-1",13.7098270598071
"BRCA1_1_AGATTGCCACCGTTGG-1",15.1124385097723
"BRCA1_1_AGATTGCCACGGTGTC-1",23.3029121191268
"BRCA1_1_AGATTGCGTGATGTCT-1",25.8788988169131
"BRCA1_1_AGATTGCGTTTAAGCC-1",11.8411013505075
"BRCA1_1_AGATTGCTCAACCAAC-1",20.6878710799551
"BRCA1_1_AGATTGCTCATGGTCA-1",13.709827755772
"BRCA1_1_AGATTGCTCCGTCAAA-1",13.7098284517369
"BRCA1_1_AGATTGCTCTACTCAT-1",16.8959343651632
"BRCA1_1_AGATTGCTCTAGCACA-1",13.0427158469632
"BRCA1_1_AGCAGCCCAAGGACTG-1",11.17838857735
"BRCA1_1_AGCAGCCCACGCTTTC-1",23.6553651209258
"BRCA1_1_AGCAGCCCAGTCTTCC-1",13.0213729115514
"BRCA1_1_AGCAGCCCATTCCTGC-1",13.7098291477017
"BRCA1_1_AGCAGCCGTAGAAAGG-1",17.9107682754554
"BRCA1_1_AGCAGCCGTCTGCAAT-1",23.4612438949803
"BRCA1_1_AGCAGCCTCCTCGCAT-1",14.3372800371256
"BRCA1_1_AGCATACAGACCTTTG-1",16.990268669093
"BRCA1_1_AGCATACAGACTAGGC-1",12.7279940578654
"BRCA1_1_AGCATACAGCGTTCCG-1",22.6998902652786
"BRCA1_1_AGCATACAGGCAATTA-1",17.2198515367182
"BRCA1_1_AGCATACAGTGGACGT-1",19.4881188954659
"BRCA1_1_AGCATACCACGGTAGA-1",16.306037988982
"BRCA1_1_AGCATACCATGTCGAT-1",22.340754092462
"BRCA1_1_AGCATACGTAGCGTGA-1",16.8959350611281
"BRCA1_1_AGCATACTCAACGAAA-1",16.269229122883
"BRCA1_1_AGCCTAAAGAAGGACA-1",23.9593771963224
"BRCA1_1_AGCCTAAAGACTAGGC-1",13.6227863325038
"BRCA1_1_AGCCTAAAGGGCATGT-1",15.6317593704768
"BRCA1_1_AGCCTAACAGCATACT-1",15.8826527653705
"BRCA1_1_AGCCTAAGTACGACCC-1",15.1548903867641
"BRCA1_1_AGCCTAAGTATTCTCT-1",14.8921172648713
"BRCA1_1_AGCCTAAGTCCTCTTG-1",18.4030254058769
"BRCA1_1_AGCCTAAGTCGCCATG-1",25.6600071352716
"BRCA1_1_AGCCTAAGTGTAATGA-1",21.7982118417623
"BRCA1_1_AGCCTAAGTGTTGAGG-1",19.0403787383135
"BRCA1_1_AGCCTAATCTTTCCTC-1",13.4550757794968
"BRCA1_1_AGCGGTCCACAACTGT-1",16.1843691037408
"BRCA1_1_AGCGGTCCACCACGTG-1",14.914196020627
"BRCA1_1_AGCGGTCCAGGTCCAC-1",18.4276503128851
"BRCA1_1_AGCGGTCCATCAGTCA-1",16.9902693650579
"BRCA1_1_AGCGGTCCATGATCCA-1",16.895935757093
"BRCA1_1_AGCGGTCGTATAGTAG-1",11.9026871581554
"BRCA1_1_AGCGGTCGTCTCATCC-1",21.0271793254063
"BRCA1_1_AGCGGTCTCGCGATCG-1",13.7098298436666
"BRCA1_1_AGCGGTCTCGGGAGTA-1",17.9107689714203
"BRCA1_1_AGCGGTCTCGTTTAGG-1",13.7098305396315
"BRCA1_1_AGCGTATAGACTTGAA-1",20.8941764060661
"BRCA1_1_AGCGTATAGCTTATCG-1",16.9902700610227
"BRCA1_1_AGCGTATAGGGTGTGT-1",13.6897032201825
"BRCA1_1_AGCGTATCACGCCAGT-1",16.2019796440482
"BRCA1_1_AGCGTATCATCCTAGA-1",13.7098312355964
"BRCA1_1_AGCGTATGTCACCTAA-1",17.9107696673852
"BRCA1_1_AGCGTATGTCTCCCTA-1",13.3948306016092
"BRCA1_1_AGCGTATGTCTCGTTC-1",25.8779876733048
"BRCA1_1_AGCGTATGTTCGAATC-1",13.7098319315613
"BRCA1_1_AGCGTATTCGGAATCT-1",25.5906564954755
"BRCA1_1_AGCGTCGAGACAATAC-1",19.1704600755686
"BRCA1_1_AGCGTCGAGGGTCTCC-1",13.3455868538691
"BRCA1_1_AGCGTCGCACCGCTAG-1",13.7098326275261
"BRCA1_1_AGCGTCGCAGGAATCG-1",25.6600078312364
"BRCA1_1_AGCGTCGCAGTATAAG-1",9.50305166543192
"BRCA1_1_AGCGTCGGTATATGGA-1",22.5401732940191
"BRCA1_1_AGCGTCGGTCGAATCT-1",15.4243792993811
"BRCA1_1_AGCGTCGGTCTGGTCG-1",16.310695801094
"BRCA1_1_AGCGTCGGTTGCTCCT-1",19.4660545764935
"BRCA1_1_AGCGTCGTCCTGCCAT-1",12.0537875457105
"BRCA1_1_AGCGTCGTCTTGTATC-1",20.5757338442507
"BRCA1_1_AGCTCCTAGAAGGTTT-1",11.6157645077552
"BRCA1_1_AGCTCCTAGGGTTCCC-1",18.4650153181198
"BRCA1_1_AGCTCCTCAAGTTAAG-1",18.0770463548213
"BRCA1_1_AGCTCCTCACAGATTC-1",25.922877947155
"BRCA1_1_AGCTCCTCATATGCTG-1",16.2303153798181
"BRCA1_1_AGCTCCTCATGTCCTC-1",16.9902707569876
"BRCA1_1_AGCTCTCAGACGCTTT-1",16.9902714529525
"BRCA1_1_AGCTCTCAGCAGCGTA-1",22.6312313322807
"BRCA1_1_AGCTCTCAGTAGTGCG-1",14.7082683267189
"BRCA1_1_AGCTCTCCAAGCCATT-1",21.7954444511916
"BRCA1_1_AGCTCTCCAAGGACTG-1",15.6938111277756
"BRCA1_1_AGCTCTCCAGCGTTCG-1",22.2534135301658
"BRCA1_1_AGCTCTCCATATACGC-1",13.709833323491
"BRCA1_1_AGCTCTCCATCATCCC-1",13.7098340194559
"BRCA1_1_AGCTCTCCATCTCGCT-1",17.91077036335
"BRCA1_1_AGCTCTCCATTTCACT-1",13.7098347154208
"BRCA1_1_AGCTCTCGTAGGGACT-1",22.6998909612434
"BRCA1_1_AGCTCTCGTCTTGCGG-1",15.7410851451564
"BRCA1_1_AGCTCTCGTGCACGAA-1",25.6600085272013
"BRCA1_1_AGCTCTCTCTTCCTTC-1",9.21508056844122
"BRCA1_1_AGCTTGAAGAAACGCC-1",25.6293020220995
"BRCA1_1_AGCTTGAAGCTAGTGG-1",17.7711169215268
"BRCA1_1_AGCTTGAAGCTGAAAT-1",17.9107710593149
"BRCA1_1_AGCTTGACACGGTGTC-1",13.7098354113856
"BRCA1_1_AGCTTGACAGTAGAGC-1",20.6808709040753
"BRCA1_1_AGCTTGACATCACGAT-1",13.4128146846909
"BRCA1_1_AGCTTGACATGAAGTA-1",13.345587549834
"BRCA1_1_AGCTTGAGTAGGGACT-1",13.6276384895871
"BRCA1_1_AGCTTGAGTCCGACGT-1",15.3409238785697
"BRCA1_1_AGCTTGAGTCTAGAGG-1",18.4030261018418
"BRCA1_1_AGCTTGAGTGATAAGT-1",17.9107717552798
"BRCA1_1_AGCTTGAGTTGCGCAC-1",13.6837034427755
"BRCA1_1_AGCTTGATCACAGGCC-1",16.2418539006349
"BRCA1_1_AGGCCACAGTAGCCGA-1",25.6395490490475
"BRCA1_1_AGGCCACAGTTAAGTG-1",17.9107724512447
"BRCA1_1_AGGCCACGTCGTTGTA-1",13.6476026307779
"BRCA1_1_AGGCCACTCAACTCTT-1",24.1656902049924
"BRCA1_1_AGGCCACTCACATAGC-1",20.5766198484304
"BRCA1_1_AGGCCACTCGGAGCAA-1",12.1645442385731
"BRCA1_1_AGGCCACTCGTTTAGG-1",21.6377440840831
"BRCA1_1_AGGCCGTAGCTGCGAA-1",13.7098361073505
"BRCA1_1_AGGCCGTAGCTGGAAC-1",13.6770847915918
"BRCA1_1_AGGCCGTAGTGTCCCG-1",15.717477504774
"BRCA1_1_AGGCCGTCAGCTTAAC-1",15.6317600664416
"BRCA1_1_AGGCCGTCATCGTCGG-1",17.9107731472096
"BRCA1_1_AGGCCGTGTACGAAAT-1",10.754026489264
"BRCA1_1_AGGCCGTGTTGGTGGA-1",16.7104675025259
"BRCA1_1_AGGCCGTTCGCACTCT-1",22.5214293641868
"BRCA1_1_AGGGAGTAGGCATGTG-1",12.1590341031645
"BRCA1_1_AGGGAGTAGGGCTTCC-1",14.753430469115
"BRCA1_1_AGGGAGTAGGTAGCCA-1",13.7098368033154
"BRCA1_1_AGGGAGTCACGACTCG-1",13.7098374992803
"BRCA1_1_AGGGAGTGTAGCGTGA-1",3.49607935145305
"BRCA1_1_AGGGAGTGTCAGAGGT-1",18.7505477009159
"BRCA1_1_AGGGAGTTCCAAACAC-1",18.5432330867808
"BRCA1_1_AGGGAGTTCGTCTGAA-1",20.4736867201765
"BRCA1_1_AGGGAGTTCTCCCTGA-1",19.0632235686825
"BRCA1_1_AGGGAGTTCTGCTGCT-1",18.5930817394753
"BRCA1_1_AGGGAGTTCTTGTACT-1",17.6990983563677
"BRCA1_1_AGGGATGAGCCAGAAC-1",13.6227870284687
"BRCA1_1_AGGGATGCACAGACTT-1",13.7008131462337
"BRCA1_1_AGGGATGCAGAGTGTG-1",24.7182463491872
"BRCA1_1_AGGGATGCATCCGGGT-1",15.2415891205762
"BRCA1_1_AGGGATGGTCAGAATA-1",22.4072543965651
"BRCA1_1_AGGGATGGTCTCATCC-1",22.2877392472905
"BRCA1_1_AGGGATGGTTCAGTAC-1",12.0115175155486
"BRCA1_1_AGGGATGGTTGCGTTA-1",25.6600092231662
"BRCA1_1_AGGGATGTCAGTTGAC-1",24.6245264922562
"BRCA1_1_AGGGATGTCCGTTGCT-1",21.6320022044884
"BRCA1_1_AGGGATGTCCTCGCAT-1",19.0403794342784
"BRCA1_1_AGGGTGAAGATGCCTT-1",19.1195773183409
"BRCA1_1_AGGGTGAAGGAGTTTA-1",13.6094389660524
"BRCA1_1_AGGGTGAAGGGTTCCC-1",16.8959364530579
"BRCA1_1_AGGGTGAAGTGAAGAG-1",1.62697041883885
"BRCA1_1_AGGGTGACAATCGGTT-1",22.9375688669159
"BRCA1_1_AGGGTGACACCTATCC-1",0.457786186815459
"BRCA1_1_AGGGTGAGTAAATGAC-1",18.4030267978067
"BRCA1_1_AGGGTGAGTAAGAGGA-1",22.2105549996847
"BRCA1_1_AGGGTGAGTCAGAAGC-1",19.162751121922
"BRCA1_1_AGGGTGAGTCCGTTAA-1",24.9594674343942
"BRCA1_1_AGGGTGAGTGCGATAG-1",18.6452060935063
"BRCA1_1_AGGGTGAGTTCCCGAG-1",1.7871201275663
"BRCA1_1_AGGGTGATCACGAAGG-1",16.7398982180064
"BRCA1_1_AGGGTGATCGTTTATC-1",16.9902721489174
"BRCA1_1_AGGTCATAGCTGCAAG-1",13.7098381952452
"BRCA1_1_AGGTCATAGGACGAAA-1",13.70983889121
"BRCA1_1_AGGTCATAGTCAAGCG-1",18.4030274937716
"BRCA1_1_AGGTCATCACACATGT-1",14.9141967165919
"BRCA1_1_AGGTCATCAGGTCCAC-1",19.4247904192189
"BRCA1_1_AGGTCATGTGCTGTAT-1",13.7098395871749
"BRCA1_1_AGGTCATTCATGTCTT-1",17.1200555306553
"BRCA1_1_AGGTCCGAGCCAGTAG-1",11.6619818977644
"BRCA1_1_AGGTCCGAGTGAACAT-1",12.015780084192
"BRCA1_1_AGGTCCGAGTGGGCTA-1",25.6600099191311
"BRCA1_1_AGGTCCGCAAGCCGCT-1",12.1457787027096
"BRCA1_1_AGGTCCGCAGGGATTG-1",25.3327266806915
"BRCA1_1_AGGTCCGCAGGGTACA-1",17.7033314652515
"BRCA1_1_AGGTCCGGTGAAATCA-1",17.8150176845486
"BRCA1_1_AGGTCCGGTTCGTTGA-1",13.5300348956666
"BRCA1_1_AGGTCCGTCACGACTA-1",16.9902728448823
"BRCA1_1_AGGTCCGTCAGTGTTG-1",17.2089341802777
"BRCA1_1_AGGTCCGTCATCGATG-1",16.8618357488083
"BRCA1_1_AGGTCCGTCATTCACT-1",13.7098402831398
"BRCA1_1_AGGTCCGTCCTATGTT-1",16.7639811202297
"BRCA1_1_AGGTCCGTCTCAAACG-1",13.9464255458057
"BRCA1_1_AGGTCCGTCTTCGAGA-1",24.5520036046698
"BRCA1_1_AGTAGTCAGAACTCGG-1",17.9107738431744
"BRCA1_1_AGTAGTCAGCACAGGT-1",22.2312025301772
"BRCA1_1_AGTAGTCAGCCAGTTT-1",21.6139458639777
"BRCA1_1_AGTAGTCAGTCGAGTG-1",17.6455651990069
"BRCA1_1_AGTAGTCAGTGTACGG-1",16.9902735408471
"BRCA1_1_AGTAGTCCAACTGCGC-1",17.9107745391393
"BRCA1_1_AGTAGTCCACATTTCT-1",17.9107752351042
"BRCA1_1_AGTAGTCCAGATTGCT-1",24.1698115636163
"BRCA1_1_AGTAGTCCAGCCAGAA-1",24.7182470451521
"BRCA1_1_AGTAGTCCATGCCTTC-1",0.457785490850579
"BRCA1_1_AGTAGTCGTACAGTTC-1",16.9885873044112
"BRCA1_1_AGTAGTCGTAGCGTCC-1",22.6998916572083
"BRCA1_1_AGTAGTCTCACTTATC-1",22.2011208971525
"BRCA1_1_AGTAGTCTCCATTCTA-1",13.7098409791047
"BRCA1_1_AGTAGTCTCGGTGTCG-1",18.4030281897364
"BRCA1_1_AGTAGTCTCGTCCAGG-1",19.4692137461336
"BRCA1_1_AGTCTTTAGAACAACT-1",20.9557927645044
"BRCA1_1_AGTCTTTAGAGACTTA-1",16.3044101396124
"BRCA1_1_AGTCTTTAGGGTCTCC-1",17.9107759310691
"BRCA1_1_AGTCTTTAGTCATGCT-1",14.8584928670884
"BRCA1_1_AGTCTTTCAGGATTGG-1",18.4030288857013
"BRCA1_1_AGTCTTTCATTTGCCC-1",18.4030295816662
"BRCA1_1_AGTCTTTGTGACGCCT-1",11.1271819332495
"BRCA1_1_AGTCTTTGTGGTCTCG-1",22.2011215931174
"BRCA1_1_AGTCTTTTCCGAATGT-1",16.8586984347541
"BRCA1_1_AGTCTTTTCGATGAGG-1",17.6873574611078
"BRCA1_1_AGTGAGGAGAGCAATT-1",25.6600106150959
"BRCA1_1_AGTGAGGAGTTGTAGA-1",20.5757345402156
"BRCA1_1_AGTGAGGCACTAAGTC-1",16.990274236812
"BRCA1_1_AGTGAGGCATGGTTGT-1",12.8909439507276
"BRCA1_1_AGTGAGGCATTCACTT-1",19.0433061532739
"BRCA1_1_AGTGAGGGTCCGAAGA-1",16.9902749327769
"BRCA1_1_AGTGAGGGTGTCGCTG-1",21.6253166678385
"BRCA1_1_AGTGAGGGTTGCCTCT-1",13.5554774672919
"BRCA1_1_AGTGAGGTCCCTTGTG-1",20.2037228750232
"BRCA1_1_AGTGAGGTCCTATGTT-1",15.16339699059
"BRCA1_1_AGTGGGAAGCGTTTAC-1",13.6227877244336
"BRCA1_1_AGTGGGAAGGCAATTA-1",22.2252146202147
"BRCA1_1_AGTGGGACACTATCTT-1",18.3391592476479
"BRCA1_1_AGTGGGACAGCCACCA-1",13.4807028688337
"BRCA1_1_AGTGGGACATGGGACA-1",16.7104681984908
"BRCA1_1_AGTGGGAGTCACCCAG-1",15.8439023234559
"BRCA1_1_AGTGGGAGTGCCTTGG-1",22.2011222890823
"BRCA1_1_AGTGGGAGTGTGCGTC-1",23.5212678696135
"BRCA1_1_AGTGGGATCAACACAC-1",21.6759788123617
"BRCA1_1_AGTGTCAAGCAATATG-1",9.8450128157943
"BRCA1_1_AGTGTCACAATGGAGC-1",15.2314189726541
"BRCA1_1_AGTGTCACACAACGTT-1",13.7098416750696
"BRCA1_1_AGTGTCACACCGGAAA-1",17.910776627034
"BRCA1_1_AGTGTCACAGCCAGAA-1",11.1783892733149
"BRCA1_1_AGTGTCACAGTCAGAG-1",13.7098423710344
"BRCA1_1_AGTGTCACATTCCTCG-1",16.8959371490227
"BRCA1_1_AGTGTCAGTCGTCTTC-1",17.7160103915206
"BRCA1_1_AGTGTCAGTTACGTCA-1",22.2011229850472
"BRCA1_1_AGTGTCATCATAAAGG-1",16.1843697997057
"BRCA1_1_AGTGTCATCCGCTGTT-1",13.7098430669993
"BRCA1_1_AGTGTCATCGGCTACG-1",13.7098437629642
"BRCA1_1_AGTTGGTAGACTTGAA-1",23.3184640065586
"BRCA1_1_AGTTGGTAGATGTGTA-1",14.8540665697395
"BRCA1_1_AGTTGGTAGCACCGTC-1",14.8160384735351
"BRCA1_1_AGTTGGTCACATCCAA-1",20.6404601848699
"BRCA1_1_AGTTGGTCATCCAACA-1",12.2462831795368
"BRCA1_1_AGTTGGTCATTAGCCA-1",22.201123681012
"BRCA1_1_AGTTGGTTCACCGGGT-1",13.3455882457989
"BRCA1_1_AGTTGGTTCCGTTGTC-1",13.7098444589291
"BRCA1_1_AGTTGGTTCGCCGTGA-1",25.9819807002512
"BRCA1_1_ATAACGCAGGTCGGAT-1",13.7098451548939
"BRCA1_1_ATAACGCCACAGATTC-1",16.8959378449876
"BRCA1_1_ATAACGCCAGGAATGC-1",13.7243413298897
"BRCA1_1_ATAACGCGTCAATGTC-1",16.9902756287418
"BRCA1_1_ATAACGCGTTAAAGAC-1",13.7098458508588
"BRCA1_1_ATAACGCGTTAAAGTG-1",18.4030302776311
"BRCA1_1_ATAACGCGTTGATTGC-1",18.1277263583842
"BRCA1_1_ATAACGCGTTGTCGCG-1",25.9360241367615
"BRCA1_1_ATAACGCTCCAAAGTC-1",20.5804871804192
"BRCA1_1_ATAACGCTCCATGAAC-1",24.5434926649844
"BRCA1_1_ATAACGCTCCGGGTGT-1",17.9107773229988
"BRCA1_1_ATAACGCTCTGTCTAT-1",21.5946750187481
"BRCA1_1_ATAACGCTCTTTACGT-1",17.9107780189637
"BRCA1_1_ATAAGAGCAAGAAAGG-1",21.6502042853762
"BRCA1_1_ATAAGAGCAGACGTAG-1",25.97708115867
"BRCA1_1_ATAAGAGCAGATGGCA-1",19.0403801302432
"BRCA1_1_ATAAGAGGTAGCTCCG-1",16.3391117712163
"BRCA1_1_ATAAGAGGTATCTGCA-1",13.7098465468237
"BRCA1_1_ATAAGAGGTGTCGCTG-1",16.8959385409525
"BRCA1_1_ATAAGAGGTTCAGACT-1",16.7104688944556
"BRCA1_1_ATAGACCAGACGCACA-1",22.2140976289239
"BRCA1_1_ATAGACCAGATGTGTA-1",12.8834261956956
"BRCA1_1_ATAGACCAGTCGTACT-1",12.836313959949
"BRCA1_1_ATAGACCCATGTAGTC-1",16.2878000751846
"BRCA1_1_ATAGACCGTAGTAGTA-1",18.403030973596
"BRCA1_1_ATAGACCGTCACCTAA-1",21.3875447619908
"BRCA1_1_ATAGACCGTCTCGTTC-1",18.0024943239504
"BRCA1_1_ATAGACCGTCTCTCTG-1",12.164544934538
"BRCA1_1_ATAGACCTCGCGGATC-1",9.96952647639912
"BRCA1_1_ATCACGAAGAGCTGGT-1",12.237480937077
"BRCA1_1_ATCACGAAGCTCCTTC-1",17.9243925695236
"BRCA1_1_ATCACGACAAGGCTCC-1",17.9107787149286
"BRCA1_1_ATCACGACACCCATTC-1",25.4832175570791
"BRCA1_1_ATCACGACACCTGGTG-1",13.7098472427886
"BRCA1_1_ATCACGACACTAGTAC-1",16.3841534754414
"BRCA1_1_ATCACGACATAGACTC-1",12.0537882416754
"BRCA1_1_ATCACGAGTTAGAACA-1",24.700954580184
"BRCA1_1_ATCACGAGTTGAACTC-1",13.7098479387535
"BRCA1_1_ATCACGATCAGTTAGC-1",9.39966860950837
"BRCA1_1_ATCACGATCCAGGGCT-1",10.0155510376035
"BRCA1_1_ATCACGATCGGAATCT-1",19.5241172220844
"BRCA1_1_ATCATCTAGCATGGCA-1",18.4030316695608
"BRCA1_1_ATCATCTAGCCATCGC-1",15.8872115508791
"BRCA1_1_ATCATCTAGCGTCTAT-1",17.9107794108935
"BRCA1_1_ATCATCTAGGACCACA-1",16.8538031822809
"BRCA1_1_ATCATCTCATAGTAAG-1",21.5955049319908
"BRCA1_1_ATCATCTGTCGGATCC-1",23.9819765760952
"BRCA1_1_ATCATCTTCAACCAAC-1",11.7733171542011
"BRCA1_1_ATCATCTTCACAAACC-1",17.9107801068584
"BRCA1_1_ATCATCTTCAGTTCGA-1",20.68787177592
"BRCA1_1_ATCATCTTCATGCATG-1",22.4239118513963
"BRCA1_1_ATCATCTTCGTACGGC-1",25.6600113110608
"BRCA1_1_ATCATCTTCTGCCCTA-1",1.785952016175
"BRCA1_1_ATCATGGAGAGTCTGG-1",13.7098486347183
"BRCA1_1_ATCATGGAGGTGTGGT-1",16.8959392369174
"BRCA1_1_ATCATGGAGTGGTAGC-1",11.9526282875161
"BRCA1_1_ATCATGGCAACTGCTA-1",23.4370925660518
"BRCA1_1_ATCATGGCACATCCAA-1",17.7467147834488
"BRCA1_1_ATCATGGGTTGCGCAC-1",25.9819813962161
"BRCA1_1_ATCCACCAGTCGTACT-1",19.495829930813
"BRCA1_1_ATCCACCAGTTAGCGG-1",25.6600120070257
"BRCA1_1_ATCCACCAGTTCGATC-1",13.7098493306832
"BRCA1_1_ATCCACCCAAAGTCAA-1",14.2376260154619
"BRCA1_1_ATCCACCTCGTTACGA-1",13.7098500266481
"BRCA1_1_ATCCGAAAGGAGTTTA-1",20.5757352361805
"BRCA1_1_ATCCGAAAGGCCATAG-1",22.390837629819
"BRCA1_1_ATCCGAAAGTGAACAT-1",18.3105238936989
"BRCA1_1_ATCCGAACAAAGCAAT-1",13.709850722613
"BRCA1_1_ATCCGAAGTCCTGCTT-1",11.7936359362541
"BRCA1_1_ATCCGAAGTGGACGAT-1",13.0213736075163
"BRCA1_1_ATCCGAAGTTACAGAA-1",25.6600127029906
"BRCA1_1_ATCCGAATCTACTCAT-1",11.8557217902786
"BRCA1_1_ATCGAGTAGATCCGAG-1",15.6338703976793
"BRCA1_1_ATCGAGTAGGACTGGT-1",24.6099246372787
"BRCA1_1_ATCGAGTAGTGTTAGA-1",21.936016733834
"BRCA1_1_ATCGAGTCAACTGCTA-1",11.1783899692798
"BRCA1_1_ATCGAGTCACAGACAG-1",20.6263851889935
"BRCA1_1_ATCGAGTCACGAGAGT-1",25.6600133989555
"BRCA1_1_ATCGAGTCAGATTGCT-1",21.7798429379263
"BRCA1_1_ATCGAGTCATGGGACA-1",14.8921179608362
"BRCA1_1_ATCGAGTCATGGTAGG-1",18.4030323655257
"BRCA1_1_ATCGAGTGTGCAGACA-1",0.273380966188279
"BRCA1_1_ATCGAGTGTGTTCGAT-1",25.6600140949203
"BRCA1_1_ATCTACTAGACACTAA-1",15.3421077004032
"BRCA1_1_ATCTACTAGACGCAAC-1",25.9267175715154
"BRCA1_1_ATCTACTAGTAGGTGC-1",22.332019799635
"BRCA1_1_ATCTACTAGTGACTCT-1",13.7098514185779
"BRCA1_1_ATCTACTAGTGTACGG-1",1.78762153280539
"BRCA1_1_ATCTACTCAATGGAAT-1",25.6600147908852
"BRCA1_1_ATCTACTCACCATGTA-1",21.9216253204201
"BRCA1_1_ATCTACTCAGTCGATT-1",17.9107808028232
"BRCA1_1_ATCTACTCAGTGGAGT-1",22.2011243769769
"BRCA1_1_ATCTACTGTAAAGTCA-1",16.8959399328823
"BRCA1_1_ATCTACTGTCCCTACT-1",13.7098521145427
"BRCA1_1_ATCTACTGTCGGCACT-1",20.6878724718848
"BRCA1_1_ATCTACTGTCTAAAGA-1",13.6092890391539
"BRCA1_1_ATCTACTGTGAGGCTA-1",13.4529528754332
"BRCA1_1_ATCTACTGTGCAGTAG-1",25.2266157560675
"BRCA1_1_ATCTACTGTGTCCTCT-1",13.7098528105076
"BRCA1_1_ATCTACTGTGTTTGTG-1",13.3455889417638
"BRCA1_1_ATCTACTTCGAGAGCA-1",16.1843704956705
"BRCA1_1_ATCTACTTCTGCCCTA-1",22.4896455731355
"BRCA1_1_ATCTACTTCTTGAGAC-1",17.9107814987881
"BRCA1_1_ATCTGCCAGATATACG-1",14.8543021674536
"BRCA1_1_ATCTGCCAGCAGCGTA-1",17.6513884078562
"BRCA1_1_ATCTGCCCAGCTGTTA-1",14.4916641745026
"BRCA1_1_ATCTGCCGTGTGAAAT-1",18.2749664294132
"BRCA1_1_ATCTGCCTCCAGTATG-1",17.910782194753
"BRCA1_1_ATGAGGGAGATGCCTT-1",13.7098535064725
"BRCA1_1_ATGAGGGAGCTAACAA-1",11.6076748172452
"BRCA1_1_ATGAGGGCACTTACGA-1",13.4307339812859
"BRCA1_1_ATGAGGGCAGTTCCCT-1",17.6818017259243
"BRCA1_1_ATGAGGGCATACAGCT-1",2.66493687646357
"BRCA1_1_ATGAGGGCATCATCCC-1",16.8959406288471
"BRCA1_1_ATGAGGGGTCGATTGT-1",8.80089906630981
"BRCA1_1_ATGAGGGGTTGATTGC-1",21.9891864143102
"BRCA1_1_ATGAGGGTCTCCGGTT-1",17.9107828907179
"BRCA1_1_ATGCGATAGACGACGT-1",20.8985437807964
"BRCA1_1_ATGCGATAGACTGGGT-1",16.7104695904205
"BRCA1_1_ATGCGATAGGTGATTA-1",17.6950424030106
"BRCA1_1_ATGCGATCAAGTTGTC-1",16.9902763247067
"BRCA1_1_ATGCGATCAGGGAGAG-1",12.7921676892533
"BRCA1_1_ATGCGATCATGTTGAC-1",11.5628819507369
"BRCA1_1_ATGCGATCATTTCACT-1",15.3827066547976
"BRCA1_1_ATGCGATGTAGCCTAT-1",25.3477699708399
"BRCA1_1_ATGCGATGTGATGATA-1",13.7098542024374
"BRCA1_1_ATGCGATTCGGAATCT-1",20.6878731678497
"BRCA1_1_ATGGGAGAGTTAGGTA-1",18.4030330614906
"BRCA1_1_ATGGGAGCAGCTGTGC-1",12.8333536965709
"BRCA1_1_ATGGGAGGTATTAGCC-1",18.4042513011475
"BRCA1_1_ATGGGAGGTTTGGCGC-1",20.8489349249508
"BRCA1_1_ATGGGAGTCCGAATGT-1",18.2310924191439
"BRCA1_1_ATGGGAGTCGATAGAA-1",17.9107835866827
"BRCA1_1_ATGGGAGTCGCAAGCC-1",16.2142036521928
"BRCA1_1_ATGTGTGCACGCGAAA-1",14.4994519947982
"BRCA1_1_ATGTGTGCACGTAAGG-1",12.880540393786
"BRCA1_1_ATGTGTGCATGCGCAC-1",21.7211462469745
"BRCA1_1_ATGTGTGGTAGAGTGC-1",9.6206361465987
"BRCA1_1_ATGTGTGGTCATCGGC-1",16.1843711916354
"BRCA1_1_ATGTGTGGTCTCAACA-1",18.2416513597584
"BRCA1_1_ATGTGTGGTCTGCAAT-1",13.0820857733528
"BRCA1_1_ATGTGTGGTGGTTTCA-1",16.895941324812
"BRCA1_1_ATGTGTGGTTCGCTAA-1",13.7098548984022
"BRCA1_1_ATTACTCCAAGTCTGT-1",13.6094396620173
"BRCA1_1_ATTACTCCAATAAGCA-1",23.2805458802346
"BRCA1_1_ATTACTCCATAGACTC-1",25.9683260036684
"BRCA1_1_ATTACTCGTGATGTGG-1",13.7098555943671
"BRCA1_1_ATTACTCGTGCAGGTA-1",23.8853406647165
"BRCA1_1_ATTACTCGTGTTTGGT-1",18.2464311491531
"BRCA1_1_ATTACTCGTTACGTCA-1",25.651293955759
"BRCA1_1_ATTACTCTCATGTAGC-1",17.7903348387505
"BRCA1_1_ATTACTCTCCTGCCAT-1",17.9107842826476
"BRCA1_1_ATTATCCCAGCCAATT-1",23.4418306750248
"BRCA1_1_ATTATCCCATCCGGGT-1",20.6878738638146
"BRCA1_1_ATTATCCGTCTGCCAG-1",23.5212685655784
"BRCA1_1_ATTATCCGTTCAGTAC-1",17.8030377304318
"BRCA1_1_ATTATCCTCTCGTATT-1",17.7419622241137
"BRCA1_1_ATTATCCTCTGTTGAG-1",17.9107849786125
"BRCA1_1_ATTCTACAGAACAACT-1",8.53270290174149
"BRCA1_1_ATTCTACAGAGACTTA-1",13.709856290332
"BRCA1_1_ATTCTACCAGGCAGTA-1",8.49857208986007
"BRCA1_1_ATTCTACTCAGTCAGT-1",19.1061856362926
"BRCA1_1_ATTCTACTCATCATTC-1",24.647375595083
"BRCA1_1_ATTCTACTCCTCATTA-1",16.9902770206715
"BRCA1_1_ATTCTACTCCTCTAGC-1",21.417375705162
"BRCA1_1_ATTCTACTCTCTTATG-1",13.7098569862969
"BRCA1_1_ATTGGACCACGCTTTC-1",13.7098576822618
"BRCA1_1_ATTGGACCACGGCCAT-1",11.0491651715077
"BRCA1_1_ATTGGACGTCCGCTGA-1",22.4846088017554
"BRCA1_1_ATTGGACGTTAAGAAC-1",15.4248088057855
"BRCA1_1_ATTGGACGTTACAGAA-1",13.7098583782266
"BRCA1_1_ATTGGACTCATTGCGA-1",13.7098590741915
"BRCA1_1_ATTGGTGAGACGCACA-1",11.849527677157
"BRCA1_1_ATTGGTGAGGGCATGT-1",20.3060513345997
"BRCA1_1_ATTGGTGAGTCCCACG-1",13.6808808141633
"BRCA1_1_ATTGGTGCACACTGCG-1",24.6305916508946
"BRCA1_1_ATTGGTGCAGCCTATA-1",14.8921186568011
"BRCA1_1_ATTGGTGCAGGTTTCA-1",16.7577777269608
"BRCA1_1_ATTGGTGGTACTCAAC-1",24.5379395178445
"BRCA1_1_ATTGGTGGTTATCACG-1",15.6317607624065
"BRCA1_1_ATTGGTGTCAAGATCC-1",13.7098597701564
"BRCA1_1_ATTGGTGTCATTATCC-1",16.7508404448653
"BRCA1_1_ATTGGTGTCCGTACAA-1",18.0191475752685
"BRCA1_1_ATTTCTGAGAGCAATT-1",21.989187110275
"BRCA1_1_ATTTCTGAGAGTACCG-1",19.0403808262081
"BRCA1_1_ATTTCTGAGAGTCGGT-1",1.47592919170197
"BRCA1_1_ATTTCTGAGCTCTCGG-1",18.4030337574555
"BRCA1_1_ATTTCTGAGGCCGAAT-1",23.068642566383
"BRCA1_1_ATTTCTGAGTAGGCCA-1",17.681112566077
"BRCA1_1_ATTTCTGAGTATCTCG-1",16.7303039489267
"BRCA1_1_ATTTCTGGTAGAAGGA-1",13.7098604661213
"BRCA1_1_ATTTCTGGTGTAACGG-1",13.7098611620862
"BRCA1_1_ATTTCTGGTTTACTCT-1",16.1843718876003
"BRCA1_1_ATTTCTGTCCATTCTA-1",22.2011250729418
"BRCA1_1_ATTTCTGTCCGTACAA-1",18.6417449668083
"BRCA1_1_ATTTCTGTCGGTTCGG-1",25.6475214996478
"BRCA1_1_CAACCAACAAGCTGGA-1",21.0727563761424
"BRCA1_1_CAACCAACAATCTGCA-1",17.9107856745774
"BRCA1_1_CAACCAACATTGCGGC-1",13.709861858051
"BRCA1_1_CAACCAAGTAGGACAC-1",16.7993412923287
"BRCA1_1_CAACCAAGTGAGTATA-1",13.7098625540159
"BRCA1_1_CAACCAATCCAGTAGT-1",24.010650729946
"BRCA1_1_CAACCAATCCCTAATT-1",20.7016189336519
"BRCA1_1_CAACCAATCCGCGGTA-1",9.33161356972857
"BRCA1_1_CAACCAATCTTAGAGC-1",17.684228323921
"BRCA1_1_CAACCTCAGAGTCTGG-1",11.8341018629653
"BRCA1_1_CAACCTCAGCAGATCG-1",13.7098632499808
"BRCA1_1_CAACCTCCAACCGCCA-1",22.2116409529242
"BRCA1_1_CAACCTCCACCCAGTG-1",17.790062780828
"BRCA1_1_CAACCTCGTATATGAG-1",13.0213743034812
"BRCA1_1_CAACCTCGTGTAATGA-1",19.46754345458
"BRCA1_1_CAACCTCTCATGCATG-1",18.4030344534204
"BRCA1_1_CAACTAGAGAAACGAG-1",17.9107863705423
"BRCA1_1_CAACTAGAGTCAAGGC-1",15.3788563707253
"BRCA1_1_CAACTAGCAATCCGAT-1",16.9902777166364
"BRCA1_1_CAACTAGCAGCAGTTT-1",13.434186167618
"BRCA1_1_CAACTAGCAGGGAGAG-1",17.9107870665071
"BRCA1_1_CAACTAGGTAGCTCCG-1",13.6928588319822
"BRCA1_1_CAACTAGGTGGTGTAG-1",0.4577847948857
"BRCA1_1_CAACTAGGTTTGGGCC-1",15.4154577671412
"BRCA1_1_CAACTAGTCAACACGT-1",18.9970226716048
"BRCA1_1_CAACTAGTCCATGAAC-1",16.9902784126013
"BRCA1_1_CAAGAAAAGCGTGAGT-1",23.4278418096179
"BRCA1_1_CAAGAAACAGAAGCAC-1",13.021374999446
"BRCA1_1_CAAGAAACAGGATTGG-1",17.9497211894606
"BRCA1_1_CAAGAAACATCACGAT-1",12.1410065321356
"BRCA1_1_CAAGAAAGTGGTGTAG-1",24.9935337274042
"BRCA1_1_CAAGAAAGTGTGAATA-1",21.7370831139354
"BRCA1_1_CAAGAAAGTTCACGGC-1",23.5212692615433
"BRCA1_1_CAAGAAAGTTGTCTTT-1",17.910787762472
"BRCA1_1_CAAGAAATCAGTGCAT-1",17.688826927682
"BRCA1_1_CAAGAAATCATTGCCC-1",13.1016752736073
"BRCA1_1_CAAGAAATCCTAAGTG-1",21.7874807092087
"BRCA1_1_CAAGAAATCCTTGGTC-1",17.9107884584369
"BRCA1_1_CAAGAAATCTATGTGG-1",19.502964723349
"BRCA1_1_CAAGAAATCTCTGCTG-1",13.7098639459457
"BRCA1_1_CAAGATCAGATCTGCT-1",16.9902791085662
"BRCA1_1_CAAGATCAGCAATCTC-1",18.6475975406894
"BRCA1_1_CAAGATCAGTTAACGA-1",15.8792788959931
"BRCA1_1_CAAGATCCAAGAAAGG-1",16.8609954773441
"BRCA1_1_CAAGATCCACCGCTAG-1",13.7098646419105
"BRCA1_1_CAAGATCCAGGACGTA-1",16.8959420207769
"BRCA1_1_CAAGATCGTCTCCCTA-1",21.9891878062399
"BRCA1_1_CAAGATCGTTACCAGT-1",22.2953982339554
"BRCA1_1_CAAGATCTCCACGCAG-1",18.350213548811
"BRCA1_1_CAAGATCTCTTACCGC-1",19.1606442713834
"BRCA1_1_CAAGATCTCTTAGAGC-1",13.6975789320766
"BRCA1_1_CAAGGCCAGAGGGATA-1",23.3299434110828
"BRCA1_1_CAAGGCCAGATCTGCT-1",22.2368176549857
"BRCA1_1_CAAGGCCAGGCCCGTT-1",14.9141974125568
"BRCA1_1_CAAGGCCAGGCTCAGA-1",20.6878745597795
"BRCA1_1_CAAGGCCAGGGCTTCC-1",16.8959427167418
"BRCA1_1_CAAGGCCCAAATTGCC-1",13.7098653378754
"BRCA1_1_CAAGGCCCAAGCCGTC-1",21.4989075338131
"BRCA1_1_CAAGGCCCAATGAAAC-1",14.9141981085217
"BRCA1_1_CAAGGCCCAATGGACG-1",13.7098660338403
"BRCA1_1_CAAGGCCCAATTCCTT-1",17.9571807821605
"BRCA1_1_CAAGGCCCATGGAATA-1",22.4477310269356
"BRCA1_1_CAAGGCCGTAGGAGTC-1",20.7222868460832
"BRCA1_1_CAAGGCCGTATATGGA-1",14.2470247523485
"BRCA1_1_CAAGGCCGTCATATGC-1",7.24148595146869
"BRCA1_1_CAAGGCCGTTCCACTC-1",23.0440832407177
"BRCA1_1_CAAGGCCTCACGGTTA-1",22.2011257689067
"BRCA1_1_CAAGTTGAGCCGATTT-1",18.0560722162183
"BRCA1_1_CAAGTTGCATCTATGG-1",22.2987120712701
"BRCA1_1_CAAGTTGGTAAGAGGA-1",18.4785997708432
"BRCA1_1_CAAGTTGGTATTCTCT-1",13.7098667298052
"BRCA1_1_CAAGTTGGTCCGAACC-1",16.4031752976906
"BRCA1_1_CAAGTTGGTGCCTGCA-1",17.808282522226
"BRCA1_1_CAAGTTGGTGTCCTCT-1",23.4422846207018
"BRCA1_1_CAAGTTGTCACCATAG-1",20.8323281093367
"BRCA1_1_CAAGTTGTCAGGCAAG-1",20.6878752557444
"BRCA1_1_CAAGTTGTCCAATGGT-1",25.6600154868501
"BRCA1_1_CAAGTTGTCCTCAATT-1",22.2180508488493
"BRCA1_1_CACAAACAGGCTACGA-1",12.901127964454
"BRCA1_1_CACAAACCAACTGCGC-1",13.4679076841596
"BRCA1_1_CACAAACGTCTTCAAG-1",25.981982092181
"BRCA1_1_CACAAACTCCGGCACA-1",23.3725836205415
"BRCA1_1_CACAAACTCGTGGTCG-1",13.0446587551079
"BRCA1_1_CACAAACTCTAACCGA-1",12.9585339550111
"BRCA1_1_CACAAACTCTCTGCTG-1",16.990279804531
"BRCA1_1_CACAAACTCTTATCTG-1",22.5891845553293
"BRCA1_1_CACACAAAGAGTCTGG-1",12.0537889376403
"BRCA1_1_CACACAAAGGTGCAAC-1",16.9902805004959
"BRCA1_1_CACACAAAGTAGATGT-1",25.9819827881458
"BRCA1_1_CACACAAAGTGGCACA-1",23.048619485404
"BRCA1_1_CACACAACAAACCCAT-1",13.7098674257701
"BRCA1_1_CACACAACACACCGCA-1",18.7056846074223
"BRCA1_1_CACACAAGTAATAGCA-1",18.4030351493852
"BRCA1_1_CACACAATCATTTGGG-1",17.9107891544018
"BRCA1_1_CACACAATCCTCAACC-1",16.8959434127067
"BRCA1_1_CACACAATCCTCCTAG-1",13.7098681217349
"BRCA1_1_CACACCTAGACTACAA-1",13.7098688176998
"BRCA1_1_CACACCTAGCGATATA-1",21.8118483059204
"BRCA1_1_CACACCTAGCTGCCCA-1",17.9107898503667
"BRCA1_1_CACACCTCAAGCTGAG-1",15.4540552409991
"BRCA1_1_CACACCTCAATCTACG-1",18.3502142447759
"BRCA1_1_CACACCTCACATCTTT-1",21.9360174297989
"BRCA1_1_CACACCTGTAAGTGGC-1",18.4030358453501
"BRCA1_1_CACACCTGTAGCGATG-1",16.9902811964608
"BRCA1_1_CACACCTGTGCTAGCC-1",24.0353594031969
"BRCA1_1_CACACCTTCAAGATCC-1",0.0151652569469647
"BRCA1_1_CACACCTTCCAATGGT-1",21.9360181257638
"BRCA1_1_CACACCTTCGACGGAA-1",19.4300603368521
"BRCA1_1_CACACTCAGAAAGTGG-1",25.8431567606572
"BRCA1_1_CACACTCAGACTACAA-1",15.6317614583714
"BRCA1_1_CACACTCAGAGTGACC-1",11.5833280967159
"BRCA1_1_CACACTCAGATATACG-1",18.403036541315
"BRCA1_1_CACACTCAGTGGGTTG-1",12.0537896336052
"BRCA1_1_CACACTCAGTTGTAGA-1",25.9443586622957
"BRCA1_1_CACACTCCAACACCCG-1",18.4030372372799
"BRCA1_1_CACACTCCAGCTGCAC-1",13.0100876131419
"BRCA1_1_CACACTCCAGGGATTG-1",13.7098695136647
"BRCA1_1_CACACTCCATTCACTT-1",25.644169820221
"BRCA1_1_CACACTCGTGAAGGCT-1",19.0411557014458
"BRCA1_1_CACACTCGTGCAGTAG-1",25.9819834841107
"BRCA1_1_CACACTCTCACCACCT-1",19.3778702801898
"BRCA1_1_CACACTCTCACCGTAA-1",21.6406477084324
"BRCA1_1_CACACTCTCCTCATTA-1",16.8478775114973
"BRCA1_1_CACACTCTCGCCATAA-1",18.4030379332448
"BRCA1_1_CACAGGCCACGGATAG-1",16.8959441086715
"BRCA1_1_CACAGGCCATCCCATC-1",25.660016182815
"BRCA1_1_CACAGGCCATGGAATA-1",16.1843725835652
"BRCA1_1_CACAGGCCATTCCTGC-1",18.5529130241755
"BRCA1_1_CACAGGCGTATAGGGC-1",20.3253061575796
"BRCA1_1_CACAGGCGTATAGTAG-1",13.9163925491416
"BRCA1_1_CACAGGCTCCAGAAGG-1",22.219004052978
"BRCA1_1_CACAGGCTCCCGGATG-1",18.6934370180399
"BRCA1_1_CACAGGCTCGACAGCC-1",21.6268918763074
"BRCA1_1_CACAGTAAGTAACCCT-1",15.8825344530591
"BRCA1_1_CACAGTAAGTCCGGTC-1",14.4928098189756
"BRCA1_1_CACAGTACAACTGCGC-1",24.7148439282701
"BRCA1_1_CACAGTACAGCAGTTT-1",12.05379032957
"BRCA1_1_CACAGTACAGTAAGCG-1",23.4753828533857
"BRCA1_1_CACAGTAGTAGCGCAA-1",13.7098702096296
"BRCA1_1_CACAGTAGTATAGGGC-1",20.5757359321454
"BRCA1_1_CACAGTAGTATATGGA-1",13.7098709055945
"BRCA1_1_CACAGTAGTTAAGATG-1",22.2011264648716
"BRCA1_1_CACAGTATCCAAACAC-1",25.6600168787799
"BRCA1_1_CACAGTATCTCGCTTG-1",25.9819841800756
"BRCA1_1_CACAGTATCTTGTCAT-1",23.5491097887428
"BRCA1_1_CACATAGAGGATGCGT-1",25.503388021998
"BRCA1_1_CACATAGAGTAGGTGC-1",13.9394284760806
"BRCA1_1_CACATAGCAAGCTGTT-1",13.7098716015593
"BRCA1_1_CACATAGCAAGTAGTA-1",17.9107905463315
"BRCA1_1_CACATAGCAGGGTACA-1",18.1481710684714
"BRCA1_1_CACATAGCATATGGTC-1",11.6218958267924
"BRCA1_1_CACATAGCATCAGTCA-1",18.0698135406779
"BRCA1_1_CACATAGGTACACCGC-1",16.8959448046364
"BRCA1_1_CACATAGGTAGGACAC-1",16.359965597358
"BRCA1_1_CACATAGGTAGGGACT-1",22.3683522393474
"BRCA1_1_CACATAGGTAGGGTAC-1",15.3372686612996
"BRCA1_1_CACATAGGTCAACATC-1",12.0303831744727
"BRCA1_1_CACATAGTCCACTCCA-1",9.47322834578899
"BRCA1_1_CACATAGTCTCTGAGA-1",13.6580901695795
"BRCA1_1_CACATTTAGAGTGACC-1",24.5106070145749
"BRCA1_1_CACATTTAGCACCGTC-1",14.7499430035864
"BRCA1_1_CACATTTAGGCCCGTT-1",13.6427270526749
"BRCA1_1_CACATTTAGTAGGCCA-1",13.7098722975242
"BRCA1_1_CACATTTCAAACCCAT-1",18.0254262356947
"BRCA1_1_CACATTTCACATTAGC-1",13.9254266298273
"BRCA1_1_CACATTTCACCTTGTC-1",15.8439030194208
"BRCA1_1_CACATTTCAGATCCAT-1",16.9902818924257
"BRCA1_1_CACATTTGTAGGGTAC-1",18.4224969234192
"BRCA1_1_CACATTTGTTTGTTTC-1",11.8240496797874
"BRCA1_1_CACATTTTCGGCATCG-1",13.7098729934891
"BRCA1_1_CACATTTTCTCTGTCG-1",20.9493669516835
"BRCA1_1_CACATTTTCTGGCGTG-1",18.6722041185138
"BRCA1_1_CACCACTAGAAGCCCA-1",15.7155022212813
"BRCA1_1_CACCACTAGCTGAAAT-1",16.2430071982593
"BRCA1_1_CACCACTAGCTGTCTA-1",22.2011271608364
"BRCA1_1_CACCACTAGGACACCA-1",17.9107912422964
"BRCA1_1_CACCACTAGGATCGCA-1",14.595543977115
"BRCA1_1_CACCACTCACAACGTT-1",16.8374474280168
"BRCA1_1_CACCACTCAGCCACCA-1",12.9708392593201
"BRCA1_1_CACCACTGTAAAGTCA-1",12.2593921310141
"BRCA1_1_CACCACTGTGCACCAC-1",13.709873689454
"BRCA1_1_CACCACTGTTTGTGTG-1",11.6381081219907
"BRCA1_1_CACCACTTCGCATGGC-1",13.0342115413055
"BRCA1_1_CACCACTTCTCTAAGG-1",23.5120130628157
"BRCA1_1_CACCAGGAGGACATTA-1",24.2276181752207
"BRCA1_1_CACCAGGAGGCAAAGA-1",23.3898546652748
"BRCA1_1_CACCAGGAGTGGTCCC-1",25.5839259662467
"BRCA1_1_CACCAGGCAATCTACG-1",22.2399993413479
"BRCA1_1_CACCAGGCACCAGTTA-1",12.7951118002284
"BRCA1_1_CACCAGGCATCGATTG-1",15.8372980420237
"BRCA1_1_CACCAGGCATTACGAC-1",24.028073336357
"BRCA1_1_CACCAGGGTGGTACAG-1",21.7364347207618
"BRCA1_1_CACCAGGTCCTATGTT-1",17.0956597721853
"BRCA1_1_CACCAGGTCGTAGGTT-1",11.5757560856825
"BRCA1_1_CACCAGGTCTTCTGGC-1",13.5716130447177
"BRCA1_1_CACCTTGAGACGCACA-1",13.6227884203985
"BRCA1_1_CACCTTGAGTGTTAGA-1",15.454055936964
"BRCA1_1_CACCTTGCAAAGAATC-1",17.6897705376893
"BRCA1_1_CACCTTGCAATAGAGT-1",13.7098743854188
"BRCA1_1_CACCTTGCAATCTGCA-1",24.7182477411169
"BRCA1_1_CACCTTGCACAAGACG-1",17.2198522326831
"BRCA1_1_CACCTTGCACCCAGTG-1",16.9902825883906
"BRCA1_1_CACCTTGCAGGTCCAC-1",8.60636939744403
"BRCA1_1_CACCTTGGTAGCCTCG-1",15.3888201624007
"BRCA1_1_CACCTTGTCCCTTGTG-1",18.4774145939532
"BRCA1_1_CACCTTGTCTTTACAC-1",11.5811622592287
"BRCA1_1_CACTCCAAGAGTACAT-1",12.8017604857182
"BRCA1_1_CACTCCACATCCCATC-1",9.27467371777806
"BRCA1_1_CACTCCACATGCCACG-1",21.7040482834422
"BRCA1_1_CACTCCAGTCACCTAA-1",13.0213756954109
"BRCA1_1_CACTCCAGTCCAACTA-1",18.0929113123498
"BRCA1_1_CACTCCAGTGCAACGA-1",13.9448382198923
"BRCA1_1_CACTCCAGTGTAATGA-1",13.7098750813837
"BRCA1_1_CACTCCATCACAACGT-1",25.8736333808894
"BRCA1_1_CACTCCATCCATGAGT-1",10.7739789370885
"BRCA1_1_CACTCCATCCATGCTC-1",13.7098757773486
"BRCA1_1_CAGAATCAGCACCGCT-1",15.4540566329289
"BRCA1_1_CAGAATCCATACCATG-1",25.3470057033559
"BRCA1_1_CAGAATCGTGCTTCTC-1",13.0531268162825
"BRCA1_1_CAGAATCTCAACGGCC-1",20.9423704595121
"BRCA1_1_CAGAATCTCCAATGGT-1",19.5069722499897
"BRCA1_1_CAGAATCTCCTTTCTC-1",18.0500001340493
"BRCA1_1_CAGAATCTCTTCGGTC-1",20.6921154482721
"BRCA1_1_CAGAGAGAGCGTCAAG-1",22.2011278568013
"BRCA1_1_CAGAGAGAGTCCAGGA-1",24.0218547816778
"BRCA1_1_CAGAGAGCACGGCGTT-1",19.3937848388227
"BRCA1_1_CAGAGAGCAGTTTACG-1",21.5416190674861
"BRCA1_1_CAGAGAGGTCAAGCGA-1",13.6094403579822
"BRCA1_1_CAGAGAGGTTGATTGC-1",18.1681163619112
"BRCA1_1_CAGAGAGGTTTACTCT-1",21.9891885022048
"BRCA1_1_CAGAGAGTCAAAGTAG-1",13.7098764733135
"BRCA1_1_CAGAGAGTCATGCTCC-1",17.7995462597337
"BRCA1_1_CAGAGAGTCCAAATGC-1",21.4701345699882
"BRCA1_1_CAGATCAAGGTAGCCA-1",23.6553658168907
"BRCA1_1_CAGATCAAGTGTTAGA-1",22.938463158428
"BRCA1_1_CAGATCACACAGGAGT-1",8.42574129954294
"BRCA1_1_CAGATCACACCGAAAG-1",18.498404878864
"BRCA1_1_CAGATCACAGTATGCT-1",16.8959455006013
"BRCA1_1_CAGATCACATGTTGAC-1",16.9902832843554
"BRCA1_1_CAGATCATCTGCGTAA-1",17.7311556599854
"BRCA1_1_CAGCAGCAGACCTAGG-1",17.9107919382613
"BRCA1_1_CAGCAGCAGTCTCGGC-1",13.7098771692784
"BRCA1_1_CAGCAGCCACAGATTC-1",16.8959461965662
"BRCA1_1_CAGCAGCGTAAGGGCT-1",21.4033516195284
"BRCA1_1_CAGCAGCGTAGCGCTC-1",12.9430985391731
"BRCA1_1_CAGCAGCGTAGGACAC-1",22.2352826281425
"BRCA1_1_CAGCAGCGTATAGTAG-1",22.2332816695439
"BRCA1_1_CAGCAGCGTCTTCTCG-1",19.0712962362752
"BRCA1_1_CAGCAGCGTGCTGTAT-1",16.8959468925311
"BRCA1_1_CAGCAGCTCAAAGTAG-1",25.9819848760405
"BRCA1_1_CAGCATAAGGCGTACA-1",13.7098778652432
"BRCA1_1_CAGCATAAGGCTACGA-1",17.6319199533623
"BRCA1_1_CAGCATAAGGGTGTGT-1",13.7098785612081
"BRCA1_1_CAGCATACAATACGCT-1",14.8954467243575
"BRCA1_1_CAGCATATCACAGGCC-1",11.575798755735
"BRCA1_1_CAGCATATCGAGAACG-1",11.9972834672397
"BRCA1_1_CAGCATATCTCGATGA-1",22.3267300538812
"BRCA1_1_CAGCCGAAGGGCTCTC-1",11.6760137153635
"BRCA1_1_CAGCCGAAGGGTCTCC-1",23.5212699575082
"BRCA1_1_CAGCCGAAGTGTACCT-1",15.4215851722251
"BRCA1_1_CAGCCGACAATTCCTT-1",8.72412137952161
"BRCA1_1_CAGCCGACACAACTGT-1",13.709879257173
"BRCA1_1_CAGCCGACAGTGGGAT-1",15.843121877735
"BRCA1_1_CAGCCGAGTACCGTAT-1",17.0038257240433
"BRCA1_1_CAGCCGAGTAGTGAAT-1",17.9107926342262
"BRCA1_1_CAGCCGAGTCGCCATG-1",21.3854236283073
"BRCA1_1_CAGCCGAGTTACGTCA-1",17.910793330191
"BRCA1_1_CAGCCGAGTTAGAACA-1",13.94854617349
"BRCA1_1_CAGCCGAGTTATCCGA-1",16.9902839803203
"BRCA1_1_CAGCCGAGTTCGCGAC-1",10.8254629102367
"BRCA1_1_CAGCCGAGTTTGTTGG-1",21.9342010416214
"BRCA1_1_CAGCCGATCACCAGGC-1",14.3850379915321
"BRCA1_1_CAGCCGATCACGGTTA-1",16.9902846762852
"BRCA1_1_CAGCGACAGAGCAATT-1",23.4183008796328
"BRCA1_1_CAGCGACAGGCTAGCA-1",23.3604800499552
"BRCA1_1_CAGCGACAGGTTCCTA-1",14.2976931318976
"BRCA1_1_CAGCGACCATAGACTC-1",17.7165819592294
"BRCA1_1_CAGCGACGTCCGAATT-1",12.2286695861686
"BRCA1_1_CAGCGACGTCTCCACT-1",15.8439037153857
"BRCA1_1_CAGCGACGTCTGATCA-1",9.37908595940226
"BRCA1_1_CAGCGACGTTACCGAT-1",21.5489295791311
"BRCA1_1_CAGCGACTCAGCGATT-1",14.2248524178505
"BRCA1_1_CAGCTAAAGGCAGGTT-1",13.7098799531379
"BRCA1_1_CAGCTAAAGGCTATCT-1",15.887212246844
"BRCA1_1_CAGCTAAAGTACACCT-1",11.8360691443059
"BRCA1_1_CAGCTAACACCGTTGG-1",25.8752894916283
"BRCA1_1_CAGCTAACAGGGTTAG-1",21.9360188217287
"BRCA1_1_CAGCTAACATTGGTAC-1",13.7098806491028
"BRCA1_1_CAGCTAAGTAGATTAG-1",18.4030386292096
"BRCA1_1_CAGCTAAGTCGAACAG-1",15.4454911767605
"BRCA1_1_CAGCTAATCACGATGT-1",13.7098813450676
"BRCA1_1_CAGCTAATCAGCGACC-1",15.1520008660962
"BRCA1_1_CAGCTAATCAGTACGT-1",16.9902853722501
"BRCA1_1_CAGCTGGAGCCAGGAT-1",22.2011285527662
"BRCA1_1_CAGCTGGAGCTACCTA-1",22.2195324384766
"BRCA1_1_CAGCTGGAGGACAGAA-1",0.263209991583477
"BRCA1_1_CAGCTGGAGGCTATCT-1",23.3399609516986
"BRCA1_1_CAGCTGGCAGGGCATA-1",13.6227891163634
"BRCA1_1_CAGCTGGCATCGGTTA-1",17.9107940261559
"BRCA1_1_CAGCTGGGTATAGGTA-1",22.4555517119532
"BRCA1_1_CAGCTGGGTCCGAAGA-1",11.8693890852678
"BRCA1_1_CAGCTGGGTCCTAGCG-1",13.5792097268627
"BRCA1_1_CAGCTGGGTGAAAGAG-1",11.9101046762675
"BRCA1_1_CAGCTGGGTGTCCTCT-1",11.1548228560294
"BRCA1_1_CAGCTGGTCAGTTTGG-1",10.7540271852289
"BRCA1_1_CAGCTGGTCTGGCGTG-1",23.4025714200975
"BRCA1_1_CAGGTGCAGAAGAAGC-1",14.9141988044865
"BRCA1_1_CAGGTGCAGAGCTTCT-1",13.8543586288395
"BRCA1_1_CAGGTGCAGGATTCGG-1",24.1365629834407
"BRCA1_1_CAGGTGCCACGGTGTC-1",13.7098820410325
"BRCA1_1_CAGGTGCGTCCATGAT-1",12.9134360237424
"BRCA1_1_CAGGTGCGTTCTCATT-1",13.954073537558
"BRCA1_1_CAGGTGCTCAAGATCC-1",16.2547419493197
"BRCA1_1_CAGTAACAGGCATGGT-1",20.6260895035533
"BRCA1_1_CAGTAACAGTGGAGAA-1",13.7098827369974
"BRCA1_1_CAGTAACCAAGGTTCT-1",24.5511132342925
"BRCA1_1_CAGTAACCACCTCGGA-1",14.892119352766
"BRCA1_1_CAGTAACCACGAGGTA-1",13.6227898123282
"BRCA1_1_CAGTAACGTACCATCA-1",12.7579632822549
"BRCA1_1_CAGTAACGTTATCCGA-1",16.990286068215
"BRCA1_1_CAGTAACTCCTACAGA-1",14.7602966503564
"BRCA1_1_CAGTCCTGTACAGTGG-1",11.0977894499133
"BRCA1_1_CAGTCCTGTGCGGTAA-1",17.9107947221208
"BRCA1_1_CAGTCCTTCAACACCA-1",16.9902867641798
"BRCA1_1_CAGTCCTTCCCTAACC-1",11.6600051297664
"BRCA1_1_CAGTCCTTCGCGCCAA-1",12.1645456305028
"BRCA1_1_CAGTCCTTCGTTTGCC-1",18.2301040586618
"BRCA1_1_CAGTCCTTCTCAAACG-1",13.6094410539471
"BRCA1_1_CAGTCCTTCTCCCTGA-1",14.9141995004514
"BRCA1_1_CAGTCCTTCTGAAAGA-1",9.3958814629447
"BRCA1_1_CATATGGAGAAGGCCT-1",13.0657034053506
"BRCA1_1_CATATGGAGACTACAA-1",13.0370969501408
"BRCA1_1_CATATGGAGAGCTGGT-1",13.7098834329623
"BRCA1_1_CATATGGCAATAACGA-1",20.4232883379841
"BRCA1_1_CATATGGCACCATGTA-1",16.9902874601447
"BRCA1_1_CATATGGCATTGCGGC-1",24.9933464017831
"BRCA1_1_CATATGGGTAAAGGAG-1",16.1843732795301
"BRCA1_1_CATATGGGTAAGGATT-1",18.2238605219696
"BRCA1_1_CATATGGGTAGGACAC-1",5.98060647187151
"BRCA1_1_CATATGGGTAGGAGTC-1",11.5589973821931
"BRCA1_1_CATATGGGTCAAAGCG-1",11.5751236880765
"BRCA1_1_CATATGGGTTAGGGTG-1",22.9646237968741
"BRCA1_1_CATATGGTCAAGATCC-1",11.8683349615478
"BRCA1_1_CATATGGTCACGAAGG-1",21.6741938548288
"BRCA1_1_CATATTCAGACCCACC-1",22.3624029940284
"BRCA1_1_CATATTCCAATCGAAA-1",13.6094417499119
"BRCA1_1_CATATTCCACCACCAG-1",22.526541384373
"BRCA1_1_CATATTCCACTGAAGG-1",16.9902881561096
"BRCA1_1_CATATTCGTGATAAGT-1",22.3162429061968
"BRCA1_1_CATCAAGAGACTGTAA-1",25.8490064641778
"BRCA1_1_CATCAAGAGGGTTCCC-1",22.2294996065413
"BRCA1_1_CATCAAGAGTGAACGC-1",13.9558157250645
"BRCA1_1_CATCAAGCATCACGAT-1",25.8411508021763
"BRCA1_1_CATCAAGCATGACGGA-1",13.7061290244954
"BRCA1_1_CATCAAGCATGGATGG-1",25.6600175747447
"BRCA1_1_CATCAAGGTCTAGCGC-1",15.1259099956776
"BRCA1_1_CATCAAGGTCTCTCGT-1",18.4030393251745
"BRCA1_1_CATCAAGGTTCGAATC-1",13.7098841289272
"BRCA1_1_CATCAAGGTTGAGTTC-1",25.08207532573
"BRCA1_1_CATCAAGGTTGGACCC-1",14.9142001964163
"BRCA1_1_CATCAAGGTTGTGGCC-1",16.1843739754949
"BRCA1_1_CATCAAGTCTCTTATG-1",25.1101587960173
"BRCA1_1_CATCAGAAGCGATCCC-1",16.9902888520745
"BRCA1_1_CATCAGAAGGCATGTG-1",11.6374080941681
"BRCA1_1_CATCAGACAGTCACTA-1",13.709884824892
"BRCA1_1_CATCAGACATCACGAT-1",25.3589830946162
"BRCA1_1_CATCAGACATTAGGCT-1",12.2589585343256
"BRCA1_1_CATCAGAGTTGGTAAA-1",16.8959475884959
"BRCA1_1_CATCAGATCCGTTGTC-1",14.3352303384731
"BRCA1_1_CATCAGATCTACTATC-1",19.1189368601876
"BRCA1_1_CATCCACAGATATACG-1",11.8005882314261
"BRCA1_1_CATCCACAGCCCGAAA-1",17.9999499612672
"BRCA1_1_CATCCACAGGACACCA-1",13.0529753049876
"BRCA1_1_CATCCACCAACTGGCC-1",18.4557893562901
"BRCA1_1_CATCCACCAAGAGTCG-1",21.4524900153633
"BRCA1_1_CATCCACGTAGTACCT-1",17.8258063779066
"BRCA1_1_CATCCACGTCACCTAA-1",14.1944076366682
"BRCA1_1_CATCCACGTCCAGTGC-1",13.9035330135893
"BRCA1_1_CATCCACTCACGGTTA-1",14.7508277983209
"BRCA1_1_CATCCACTCCGCAGTG-1",15.4286961484988
"BRCA1_1_CATCGAAAGAACAATC-1",13.7098855208569
"BRCA1_1_CATCGAAAGACTAGGC-1",21.7249892778508
"BRCA1_1_CATCGAAAGTATCGAA-1",11.6667683838365
"BRCA1_1_CATCGAAAGTTTGCGT-1",18.2895275242793
"BRCA1_1_CATCGAACAAAGAATC-1",25.9145265996739
"BRCA1_1_CATCGAACAAGCTGAG-1",23.3603500115393
"BRCA1_1_CATCGAACAGTATCTG-1",12.0223727470347
"BRCA1_1_CATCGAAGTAGAAGGA-1",19.1373182717478
"BRCA1_1_CATCGAAGTAGCGATG-1",13.7098862168218
"BRCA1_1_CATCGAAGTGTAACGG-1",11.8745732898202
"BRCA1_1_CATCGAAGTTGAACTC-1",16.2224040552553
"BRCA1_1_CATCGAAGTTGTCTTT-1",16.9902895480393
"BRCA1_1_CATCGAATCACTATTC-1",18.4030400211394
"BRCA1_1_CATCGAATCGGCGCTA-1",13.7098869127867
"BRCA1_1_CATCGAATCGGCGGTT-1",16.9902902440042
"BRCA1_1_CATCGGGAGATAGTCA-1",24.6593388055117
"BRCA1_1_CATCGGGAGATGTAAC-1",11.6384874656609
"BRCA1_1_CATCGGGAGCTGATAA-1",13.7098876087515
"BRCA1_1_CATCGGGCATGTCGAT-1",23.3730205801975
"BRCA1_1_CATCGGGGTTGATTGC-1",17.9107954180857
"BRCA1_1_CATCGGGGTTGCCTCT-1",22.6306803644098
"BRCA1_1_CATCGGGTCCAAATGC-1",12.9248159176301
"BRCA1_1_CATCGGGTCGCGATCG-1",11.9847941586132
"BRCA1_1_CATGACAAGAGGTAGA-1",12.0006965025716
"BRCA1_1_CATGACAAGGACTGGT-1",23.3430615673694
"BRCA1_1_CATGACACAAGCCGTC-1",25.2266164520323
"BRCA1_1_CATGACACACAGGTTT-1",17.9107961140506
"BRCA1_1_CATGACACACGCTTTC-1",13.5675533182352
"BRCA1_1_CATGACACATGTCTCC-1",13.7098883047164
"BRCA1_1_CATGACACATTCTCAT-1",18.4030407171043
"BRCA1_1_CATGACAGTACGCACC-1",21.7913990770694
"BRCA1_1_CATGACAGTCCTCCAT-1",12.0160014413442
"BRCA1_1_CATGACAGTGAGTGAC-1",25.6600182707096
"BRCA1_1_CATGACAGTTCAGACT-1",11.8472529046994
"BRCA1_1_CATGACATCAGAGACG-1",14.2552504277644
"BRCA1_1_CATGACATCGTCTGCT-1",19.381407405271
"BRCA1_1_CATGCCTAGGGATACC-1",11.8535520641665
"BRCA1_1_CATGCCTAGGGCACTA-1",25.8406776637473
"BRCA1_1_CATGCCTAGTCCTCCT-1",20.7561726104388
"BRCA1_1_CATGCCTCAAGAGTCG-1",12.0198226103089
"BRCA1_1_CATGCCTCACTTAACG-1",16.8959482844608
"BRCA1_1_CATGCCTCAGCGAACA-1",21.7480956009608
"BRCA1_1_CATGCCTCATGGAATA-1",16.2417035525196
"BRCA1_1_CATGCCTGTCTTTCAT-1",12.0537910255349
"BRCA1_1_CATGCCTGTTACCGAT-1",17.9275471448569
"BRCA1_1_CATGCCTGTTAGAACA-1",21.9891891981697
"BRCA1_1_CATGCCTGTTCGCTAA-1",11.1783906652447
"BRCA1_1_CATGCCTTCTCAACTT-1",13.935751363844
"BRCA1_1_CATGGCGAGACGCACA-1",13.7098890006813
"BRCA1_1_CATGGCGAGATCCCGC-1",14.2883157517857
"BRCA1_1_CATGGCGAGATCTGAA-1",13.6824533911616
"BRCA1_1_CATGGCGAGGAGTACC-1",14.6953397811295
"BRCA1_1_CATGGCGAGGTTCCTA-1",25.6600189666745
"BRCA1_1_CATGGCGCACTTACGA-1",16.8959489804257
"BRCA1_1_CATGGCGCAGCCAATT-1",16.9902909399691
"BRCA1_1_CATGGCGCAGCTCGCA-1",10.883953869877
"BRCA1_1_CATGGCGCAGGGTACA-1",19.1704607715335
"BRCA1_1_CATGGCGCATCCTTGC-1",12.0106624680059
"BRCA1_1_CATGGCGGTATGCTTG-1",12.8544068501179
"BRCA1_1_CATGGCGGTCCATGAT-1",24.5347042034029
"BRCA1_1_CATGGCGTCAACGAAA-1",20.3364896389507
"BRCA1_1_CATGGCGTCACATGCA-1",11.0844678601595
"BRCA1_1_CATGGCGTCATGTCTT-1",13.7098896966462
"BRCA1_1_CATGGCGTCCAAACAC-1",20.5757366281103
"BRCA1_1_CATGGCGTCCATGAGT-1",14.8921200487309
"BRCA1_1_CATGGCGTCCGCAGTG-1",17.9107968100154
"BRCA1_1_CATGGCGTCGTGGGAA-1",15.8872129428088
"BRCA1_1_CATGGCGTCTTGACGA-1",11.5660608663885
"BRCA1_1_CATTATCAGACCACGA-1",13.6587668951407
"BRCA1_1_CATTATCAGATATGGT-1",25.8354584926983
"BRCA1_1_CATTATCAGGAATGGA-1",13.6094424458768
"BRCA1_1_CATTATCCAGTAACGG-1",13.6486714984946
"BRCA1_1_CATTATCCATATACCG-1",18.2920647204502
"BRCA1_1_CATTATCGTCAAAGCG-1",24.0075402945592
"BRCA1_1_CATTATCGTGTCAATC-1",18.6152325126867
"BRCA1_1_CATTATCGTGTGGCTC-1",17.9107975059803
"BRCA1_1_CATTATCTCCATGCTC-1",18.6113045133445
"BRCA1_1_CATTATCTCTGCTGTC-1",18.4030414130691
"BRCA1_1_CATTCGCAGACCTTTG-1",21.9360195176936
"BRCA1_1_CATTCGCCAAGGCTCC-1",13.7098903926111
"BRCA1_1_CATTCGCCACAGGTTT-1",16.990291635934
"BRCA1_1_CATTCGCCAGGCTCAC-1",24.6480017799784
"BRCA1_1_CATTCGCCAGTGAGTG-1",10.9059845425905
"BRCA1_1_CATTCGCCATCACGAT-1",22.2074430206192
"BRCA1_1_CATTCGCGTAAACCTC-1",25.9698140709971
"BRCA1_1_CATTCGCGTACCCAAT-1",20.3614436428301
"BRCA1_1_CATTCGCGTAGCGTGA-1",9.46647610493348
"BRCA1_1_CATTCGCGTTCGTCTC-1",14.7166989825421
"BRCA1_1_CATTCGCTCAAACCAC-1",25.900106398774
"BRCA1_1_CATTCGCTCGTTTATC-1",24.7182484370818
"BRCA1_1_CATTCGCTCTGGGCCA-1",13.0176053454044
"BRCA1_1_CCAATCCAGATGTAAC-1",23.4288975359105
"BRCA1_1_CCAATCCAGGTAGCCA-1",13.5817692865247
"BRCA1_1_CCAATCCAGGTTCCTA-1",1.64616243924119
"BRCA1_1_CCAATCCAGTAGTGCG-1",25.6322673016123
"BRCA1_1_CCAATCCAGTTAACGA-1",15.7583504879613
"BRCA1_1_CCAATCCCAGTAAGCG-1",11.6334198635206
"BRCA1_1_CCAATCCGTGTGACCC-1",17.9107982019452
"BRCA1_1_CCAATCCGTGTTTGTG-1",16.2100290110127
"BRCA1_1_CCAATCCGTTGTCGCG-1",18.1047696935956
"BRCA1_1_CCAATCCTCCGCGGTA-1",13.6433214997574
"BRCA1_1_CCAATCCTCGGCGCTA-1",15.8439044113506
"BRCA1_1_CCAATCCTCTTGTTTG-1",24.5480641068399
"BRCA1_1_CCACCTAAGACAGAGA-1",13.7098910885759
"BRCA1_1_CCACCTAAGAGTCGGT-1",13.7098917845408
"BRCA1_1_CCACCTAAGCCTTGAT-1",25.634130448352
"BRCA1_1_CCACCTAAGGCGATAC-1",18.3502149407408
"BRCA1_1_CCACCTAAGGCTCAGA-1",11.6260845015482
"BRCA1_1_CCACCTAAGGTAGCCA-1",19.040381522173
"BRCA1_1_CCACCTAAGTGAACAT-1",18.8303052898297
"BRCA1_1_CCACCTACAAATCCGT-1",21.4840769206011
"BRCA1_1_CCACCTACAATAGCGG-1",13.7098924805057
"BRCA1_1_CCACCTAGTAAAGGAG-1",13.7098931764706
"BRCA1_1_CCACCTAGTAGCGCAA-1",10.777391064041
"BRCA1_1_CCACCTAGTCCCTACT-1",14.9142008923812
"BRCA1_1_CCACCTATCCTTCAAT-1",23.8721988701104
"BRCA1_1_CCACGGACATCCTAGA-1",15.6317621543363
"BRCA1_1_CCACGGAGTCAATGTC-1",13.7098938724355
"BRCA1_1_CCACGGAGTTGGTAAA-1",18.403042109034
"BRCA1_1_CCACGGAGTTTGCATG-1",9.32851054394113
"BRCA1_1_CCACGGATCACGACTA-1",14.8921207446957
"BRCA1_1_CCACGGATCCGCATCT-1",21.4624638389931
"BRCA1_1_CCACGGATCTTATCTG-1",8.95153324825934
"BRCA1_1_CCACTACAGATATACG-1",14.7884167914551
"BRCA1_1_CCACTACCACTCTGTC-1",24.7182491330467
"BRCA1_1_CCACTACCAGACTCGC-1",13.7098945684003
"BRCA1_1_CCACTACGTCCGCTGA-1",13.7098952643652
"BRCA1_1_CCACTACTCCACTCCA-1",14.5661586404435
"BRCA1_1_CCACTACTCCTTTCTC-1",13.7098959603301
"BRCA1_1_CCACTACTCGCCTGTT-1",12.0537917214998
"BRCA1_1_CCAGCGAAGTTGCAGG-1",16.8959496763906
"BRCA1_1_CCAGCGACAGGAATGC-1",18.2785003364282
"BRCA1_1_CCAGCGAGTAGAGTGC-1",16.8959503723554
"BRCA1_1_CCAGCGAGTTCCCGAG-1",9.36524787793164
"BRCA1_1_CCAGCGATCAACACGT-1",16.9833247721417
"BRCA1_1_CCAGCGATCCTAAGTG-1",20.5853055517386
"BRCA1_1_CCAGCGATCGCGTTTC-1",22.2020958004153
"BRCA1_1_CCAGCGATCGGAGCAA-1",20.5854258855318
"BRCA1_1_CCAGCGATCGGAGGTA-1",25.6600196626394
"BRCA1_1_CCAGCGATCGGCGCTA-1",18.7853099138951
"BRCA1_1_CCATGTCAGCAGCGTA-1",17.9107988979101
"BRCA1_1_CCATGTCCAGCTATTG-1",17.9267549958057
"BRCA1_1_CCATGTCCATCGACGC-1",21.9891898941345
"BRCA1_1_CCATGTCGTACCGCTG-1",25.9819855720054
"BRCA1_1_CCATGTCGTCAAAGCG-1",21.1867680352118
"BRCA1_1_CCATGTCGTCTCCATC-1",16.2413013578442
"BRCA1_1_CCATGTCGTTCTCATT-1",13.576480775864
"BRCA1_1_CCATGTCGTTTGTTTC-1",16.9902923318989
"BRCA1_1_CCATGTCTCCCTAATT-1",16.8959510683203
"BRCA1_1_CCATTCGAGATCCGAG-1",16.1843746714598
"BRCA1_1_CCATTCGAGCGTCTAT-1",19.0403822181379
"BRCA1_1_CCATTCGAGGATGTAT-1",18.2827745771264
"BRCA1_1_CCATTCGCAGAAGCAC-1",13.0213763913758
"BRCA1_1_CCATTCGCAGTCAGCC-1",12.9128025997541
"BRCA1_1_CCATTCGCATCACCCT-1",13.9359318842567
"BRCA1_1_CCATTCGGTAGTGAAT-1",22.2011292487311
"BRCA1_1_CCATTCGGTCTTGCGG-1",25.623699140999
"BRCA1_1_CCATTCGGTGAGCGAT-1",18.1811883851818
"BRCA1_1_CCATTCGGTGCAGTAG-1",19.1387614155062
"BRCA1_1_CCATTCGGTGGACGAT-1",22.6362865186792
"BRCA1_1_CCATTCGTCTGGTGTA-1",13.6667729730183
"BRCA1_1_CCCAATCAGCGGATCA-1",25.5033887179629
"BRCA1_1_CCCAATCAGCTTTGGT-1",13.709896656295
"BRCA1_1_CCCAATCAGGGATCTG-1",13.7098973522598
"BRCA1_1_CCCAATCAGTAATCCC-1",8.75746015439228
"BRCA1_1_CCCAATCAGTACGATA-1",24.6296231503945
"BRCA1_1_CCCAATCAGTCGTTTG-1",21.6990747866172
"BRCA1_1_CCCAATCCACGGTAGA-1",25.6600203586042
"BRCA1_1_CCCAATCCAGATCCAT-1",15.7329919867023
"BRCA1_1_CCCAATCGTCTTGATG-1",19.1177294898529
"BRCA1_1_CCCAATCGTGAAATCA-1",25.8468682327459
"BRCA1_1_CCCAATCGTTCCATGA-1",11.8087271758695
"BRCA1_1_CCCAATCTCCTGTACC-1",16.8959517642852
"BRCA1_1_CCCAGTTAGAAACCGC-1",11.6049214052816
"BRCA1_1_CCCAGTTAGATTACCC-1",18.4030428049989
"BRCA1_1_CCCAGTTAGCACACAG-1",13.7098980482247
"BRCA1_1_CCCAGTTAGCCACGCT-1",15.4540573288938
"BRCA1_1_CCCAGTTAGCGTTGCC-1",16.8959524602501
"BRCA1_1_CCCAGTTCACGGATAG-1",16.895953156215
"BRCA1_1_CCCAGTTCAGATCGGA-1",25.6499779005944
"BRCA1_1_CCCAGTTCAGGTCCAC-1",18.1873733541677
"BRCA1_1_CCCAGTTCAGTAAGAT-1",12.0537924174647
"BRCA1_1_CCCAGTTCATTGGGCC-1",24.6619052437814
"BRCA1_1_CCCAGTTGTCTAGAGG-1",17.6081562421972
"BRCA1_1_CCCAGTTGTGGCCCTA-1",14.914201588346
"BRCA1_1_CCCAGTTGTGTTTGGT-1",24.9909927571302
"BRCA1_1_CCCAGTTGTTTGACTG-1",16.9212369202829
"BRCA1_1_CCCAGTTTCAAACCAC-1",17.910799593875
"BRCA1_1_CCCATACCAATGACCT-1",16.198898300209
"BRCA1_1_CCCATACCATAAGACA-1",13.7098987441896
"BRCA1_1_CCCATACCATTTCACT-1",25.8819837102212
"BRCA1_1_CCCATACGTATAAACG-1",12.8055358301325
"BRCA1_1_CCCATACGTTAAGATG-1",16.8959538521798
"BRCA1_1_CCCATACGTTACGGAG-1",16.2770750059104
"BRCA1_1_CCCATACGTTAGGGTG-1",13.0608550007041
"BRCA1_1_CCCATACTCACTGGGC-1",15.8439051073154
"BRCA1_1_CCCATACTCCTGTAGA-1",16.8959545481447
"BRCA1_1_CCCATACTCTCTTATG-1",16.9902930278637
"BRCA1_1_CCCTCCTAGACTGGGT-1",18.4030435009638
"BRCA1_1_CCCTCCTGTCAGTGGA-1",15.253663317602
"BRCA1_1_CCCTCCTGTGCCTGTG-1",16.9938659096985
"BRCA1_1_CCCTCCTGTTCTGTTT-1",8.57979638192072
"BRCA1_1_CCCTCCTTCCTCCTAG-1",23.2805465761995
"BRCA1_1_CCCTCCTTCGTCCAGG-1",16.8959552441096
"BRCA1_1_CCCTCCTTCTTGTCAT-1",13.7098994401545
"BRCA1_1_CCGGGATAGCCAGAAC-1",14.9142022843109
"BRCA1_1_CCGGGATAGTGAACAT-1",13.6094431418417
"BRCA1_1_CCGGGATAGTGGGTTG-1",22.2093140700088
"BRCA1_1_CCGGGATCAGATGAGC-1",22.6998923531732
"BRCA1_1_CCGGGATCATGGGACA-1",24.621582265056
"BRCA1_1_CCGGGATCATTTCAGG-1",13.4708418492833
"BRCA1_1_CCGGGATGTCTAAAGA-1",11.0579614580336
"BRCA1_1_CCGGGATGTGAAATCA-1",12.0537931134296
"BRCA1_1_CCGGGATGTGCCTTGG-1",13.7099001361194
"BRCA1_1_CCGGGATTCCCAACGG-1",21.4065066588736
"BRCA1_1_CCGGGATTCGCAAGCC-1",16.9902937238286
"BRCA1_1_CCGGTAGAGGAGCGTT-1",15.1436457297143
"BRCA1_1_CCGGTAGAGGTGCTAG-1",13.7099008320842
"BRCA1_1_CCGGTAGCAATAAGCA-1",23.555381572657
"BRCA1_1_CCGGTAGCACTGTGTA-1",18.4030441969287
"BRCA1_1_CCGGTAGCAGTACACT-1",22.2049349073535
"BRCA1_1_CCGGTAGCATCCGTGG-1",21.664179401947
"BRCA1_1_CCGGTAGCATCGGACC-1",19.1307136244337
"BRCA1_1_CCGGTAGCATTGGTAC-1",16.8959559400745
"BRCA1_1_CCGGTAGGTCAAGCGA-1",18.4030448928935
"BRCA1_1_CCGGTAGGTGAGGCTA-1",18.8636133729207
"BRCA1_1_CCGGTAGGTGGCTCCA-1",12.7713226125324
"BRCA1_1_CCGGTAGGTTGGTTTG-1",25.8708655388234
"BRCA1_1_CCGGTAGTCACCATAG-1",13.7099015280491
"BRCA1_1_CCGTACTAGAATGTTG-1",11.993534605992
"BRCA1_1_CCGTACTAGATCTGCT-1",22.5371010367819
"BRCA1_1_CCGTACTAGCACGCCT-1",20.8015363757419
"BRCA1_1_CCGTACTAGCCCAACC-1",18.4030455888584
"BRCA1_1_CCGTACTCAAAGTCAA-1",25.8955189133784
"BRCA1_1_CCGTACTCAAGAGTCG-1",18.4030462848233
"BRCA1_1_CCGTACTGTCCCGACA-1",13.709902224014
"BRCA1_1_CCGTACTGTTCAGTAC-1",18.0237513344978
"BRCA1_1_CCGTACTGTTGGGACA-1",20.6429556217851
"BRCA1_1_CCGTACTTCACATACG-1",21.5231838276665
"BRCA1_1_CCGTACTTCCAAACAC-1",17.9870151051904
"BRCA1_1_CCGTACTTCTCAAGTG-1",18.2539700848761
"BRCA1_1_CCGTACTTCTTCGGTC-1",14.6066982256666
"BRCA1_1_CCGTACTTCTTGAGGT-1",14.2473979928339
"BRCA1_1_CCGTGGAAGAATTCCC-1",25.9819862679702
"BRCA1_1_CCGTGGACATAAAGGT-1",13.7099029199789
"BRCA1_1_CCGTGGACATAGAAAC-1",13.7099036159438
"BRCA1_1_CCGTGGACATAGGATA-1",17.9108002898398
"BRCA1_1_CCGTGGACATCTACGA-1",13.7099043119086
"BRCA1_1_CCGTGGAGTATAGGTA-1",13.7099050078735
"BRCA1_1_CCGTGGAGTCCAGTGC-1",18.2725235477617
"BRCA1_1_CCGTGGATCTGGTGTA-1",24.4833189490572
"BRCA1_1_CCGTTCAAGAGAACAG-1",15.6904277285362
"BRCA1_1_CCGTTCAAGAGTGACC-1",13.6678579101288
"BRCA1_1_CCGTTCAAGGAGCGTT-1",21.9891905900994
"BRCA1_1_CCGTTCAAGTTACGGG-1",25.6600210545691
"BRCA1_1_CCGTTCACAAGTAGTA-1",12.0791273767175
"BRCA1_1_CCGTTCACAATGAATG-1",11.5653814379524
"BRCA1_1_CCGTTCACACTCGACG-1",13.7099057038384
"BRCA1_1_CCGTTCACAGCTGTGC-1",14.276098290984
"BRCA1_1_CCGTTCAGTAGATTAG-1",23.4527698403749
"BRCA1_1_CCGTTCATCCCAAGAT-1",17.0042215291438
"BRCA1_1_CCGTTCATCGGCGCAT-1",25.660021750534
"BRCA1_1_CCTAAAGCAAGAAGAG-1",18.1534699657109
"BRCA1_1_CCTAAAGCAAGCCGCT-1",13.7099063998033
"BRCA1_1_CCTAAAGGTACTTCTT-1",20.6820874804761
"BRCA1_1_CCTAAAGGTCTTTCAT-1",17.9108009858047
"BRCA1_1_CCTAAAGGTTACGACT-1",25.8490258633767
"BRCA1_1_CCTAAAGTCTGGGCCA-1",16.8959566360394
"BRCA1_1_CCTAAAGTCTTTACGT-1",13.5271962082607
"BRCA1_1_CCTACACAGGGTGTGT-1",25.2266171479972
"BRCA1_1_CCTACACCACTTCGAA-1",14.2725867460894
"BRCA1_1_CCTACACCAGACGTAG-1",17.7894156170222
"BRCA1_1_CCTACACCATTTCAGG-1",11.8833486890408
"BRCA1_1_CCTACACGTCTTGATG-1",12.9573045669634
"BRCA1_1_CCTACACTCATGCATG-1",20.6878759517092
"BRCA1_1_CCTACACTCCCTAATT-1",13.6094438378066
"BRCA1_1_CCTACACTCGAACTGT-1",25.933491609364
"BRCA1_1_CCTACACTCGTAGGTT-1",25.6600224464989
"BRCA1_1_CCTACACTCTTGAGAC-1",18.4030469807882
"BRCA1_1_CCTACACTCTTGTCAT-1",22.2011299446959
"BRCA1_1_CCTACCAAGTTAACGA-1",15.6345471494342
"BRCA1_1_CCTACCAGTCACTTCC-1",17.9108016817696
"BRCA1_1_CCTACCATCCCTAACC-1",19.405236897056
"BRCA1_1_CCTAGCTAGAGATGAG-1",25.3626709348912
"BRCA1_1_CCTAGCTAGAGGGATA-1",23.521270653473
"BRCA1_1_CCTAGCTAGTGGCACA-1",18.3502156367056
"BRCA1_1_CCTAGCTCAAGTAGTA-1",18.3269621972697
"BRCA1_1_CCTAGCTCAAGTTCTG-1",25.8492639680477
"BRCA1_1_CCTAGCTCAGATAATG-1",23.3179944345395
"BRCA1_1_CCTAGCTCAGCTGGCT-1",21.4649890230651
"BRCA1_1_CCTAGCTGTACTTAGC-1",11.1350775715516
"BRCA1_1_CCTAGCTGTCACTGGC-1",18.3501553379737
"BRCA1_1_CCTAGCTGTCGTCTTC-1",23.5578010606333
"BRCA1_1_CCTAGCTTCAGCACAT-1",13.7099070957681
"BRCA1_1_CCTAGCTTCATTGCCC-1",22.9788510861408
"BRCA1_1_CCTATTAAGAATTGTG-1",17.9108023777345
"BRCA1_1_CCTATTACAACTGCTA-1",21.3854243242722
"BRCA1_1_CCTATTACACCAGGCT-1",18.6428859462661
"BRCA1_1_CCTATTACAGGTGGAT-1",14.2869624046883
"BRCA1_1_CCTATTACAGTCAGCC-1",12.270933955468
"BRCA1_1_CCTATTACATAAGACA-1",18.1370164071628
"BRCA1_1_CCTATTACATCATCCC-1",22.2465517026951
"BRCA1_1_CCTATTAGTCAGAATA-1",24.1574611010625
"BRCA1_1_CCTATTAGTGATGTGG-1",16.7668563912394
"BRCA1_1_CCTATTAGTGGCAAAC-1",19.1041436996061
"BRCA1_1_CCTATTATCAGTTAGC-1",11.8275238712374
"BRCA1_1_CCTATTATCGTGGGAA-1",13.3455896377286
"BRCA1_1_CCTCAGTAGAAACGAG-1",21.5320202847436
"BRCA1_1_CCTCAGTAGATCGGGT-1",22.6248281206998
"BRCA1_1_CCTCAGTAGCACCGTC-1",13.5093050921682
"BRCA1_1_CCTCAGTAGGTGCAAC-1",17.9108030736993
"BRCA1_1_CCTCAGTCAGACACTT-1",18.9364187264773
"BRCA1_1_CCTCAGTGTCGCCATG-1",24.5671924101054
"BRCA1_1_CCTCAGTGTGCACGAA-1",17.8106351012615
"BRCA1_1_CCTCAGTGTTGTACAC-1",13.6285132872567
"BRCA1_1_CCTCAGTGTTGTCGCG-1",19.1548924790886
"BRCA1_1_CCTCAGTTCAAACCGT-1",18.6199388241084
"BRCA1_1_CCTCAGTTCATGTCTT-1",16.2888190679072
"BRCA1_1_CCTCTGAAGGATCGCA-1",18.8013179438225
"BRCA1_1_CCTCTGAAGTAGCCGA-1",20.6878766476741
"BRCA1_1_CCTCTGAAGTTAGCGG-1",21.422551757821
"BRCA1_1_CCTCTGACAAGTTCTG-1",16.8959573320042
"BRCA1_1_CCTCTGACAATCGGTT-1",13.709907791733
"BRCA1_1_CCTCTGACAGTAAGAT-1",19.1640925633568
"BRCA1_1_CCTCTGACATAGGATA-1",13.7099084876979
"BRCA1_1_CCTCTGAGTCACCCAG-1",17.8110793048491
"BRCA1_1_CCTCTGAGTCCAGTGC-1",13.6677803321914
"BRCA1_1_CCTCTGAGTTGCGTTA-1",16.8959580279691
"BRCA1_1_CCTCTGATCAACGGCC-1",25.9819869639351
"BRCA1_1_CCTCTGATCAACGGGA-1",25.9819876599
"BRCA1_1_CCTCTGATCACAGGCC-1",18.4030476767531
"BRCA1_1_CCTCTGATCCGCGTTT-1",21.9360202136584
"BRCA1_1_CCTCTGATCCTAGGGC-1",14.2240234336459
"BRCA1_1_CCTCTGATCTGTTGAG-1",17.7214491532633
"BRCA1_1_CCTTACGAGGAATGGA-1",13.3455903336935
"BRCA1_1_CCTTACGAGGCCGAAT-1",11.5827019325376
"BRCA1_1_CCTTACGAGGTGGGTT-1",13.7099091836628
"BRCA1_1_CCTTACGCAACACCTA-1",21.9891912860643
"BRCA1_1_CCTTACGCACAACGCC-1",18.4030483727179
"BRCA1_1_CCTTACGCAGCGTAAG-1",23.3354373299768
"BRCA1_1_CCTTACGGTAGAGGAA-1",18.2521136469227
"BRCA1_1_CCTTACGGTTATCCGA-1",17.9108037696642
"BRCA1_1_CCTTACGGTTATGCGT-1",12.8351832856862
"BRCA1_1_CCTTACGTCACTGGGC-1",17.9108044656291
"BRCA1_1_CCTTACGTCAGTCCCT-1",22.2289112747391
"BRCA1_1_CCTTCCCAGAAACCAT-1",21.9891919820292
"BRCA1_1_CCTTCCCAGGTGACCA-1",16.9090843775841
"BRCA1_1_CCTTCCCCAATGGAAT-1",13.7099098796277
"BRCA1_1_CCTTCCCCAGCCTGTG-1",17.910805161594
"BRCA1_1_CCTTCCCCAGGAACGT-1",18.8301536804196
"BRCA1_1_CCTTCCCCATGGAATA-1",18.1201357940764
"BRCA1_1_CCTTCCCGTCAGAATA-1",7.33560489758775
"BRCA1_1_CCTTCCCGTGTGAATA-1",19.1704614674984
"BRCA1_1_CCTTCCCTCTCTAAGG-1",22.232217136099
"BRCA1_1_CCTTCGAAGCGTAATA-1",18.4030490686828
"BRCA1_1_CCTTCGACAGCCTTGG-1",11.1783913612096
"BRCA1_1_CCTTCGAGTAGCGCAA-1",1.64959997882544
"BRCA1_1_CCTTCGAGTCTTGCGG-1",22.33626117337
"BRCA1_1_CCTTCGATCTGTCTAT-1",13.7099105755925
"BRCA1_1_CCTTTCTAGACTGTAA-1",14.8921214406606
"BRCA1_1_CCTTTCTAGAGCTTCT-1",12.1645463264677
"BRCA1_1_CCTTTCTAGGGTCTCC-1",24.596947404626
"BRCA1_1_CCTTTCTAGTACGTTC-1",0.133150320775959
"BRCA1_1_CCTTTCTAGTGTTAGA-1",16.9902944197935
"BRCA1_1_CCTTTCTAGTTATCGC-1",16.895958723934
"BRCA1_1_CCTTTCTAGTTCCACA-1",21.9360209096233
"BRCA1_1_CCTTTCTCATGCATGT-1",17.9108058575589
"BRCA1_1_CCTTTCTGTATAGGGC-1",13.0609479874794
"BRCA1_1_CCTTTCTGTGTGCCTG-1",21.6696722848153
"BRCA1_1_CCTTTCTTCAGCGATT-1",24.7182498290116
"BRCA1_1_CCTTTCTTCTCTTATG-1",20.687877343639
"BRCA1_1_CGAACATAGAGATGAG-1",2.52483265626381
"BRCA1_1_CGAACATAGTATGACA-1",13.7099112715574
"BRCA1_1_CGAACATAGTGCGATG-1",25.2266178439621
"BRCA1_1_CGAACATAGTTACCCA-1",22.2118246942644
"BRCA1_1_CGAACATAGTTCCACA-1",21.9360216055882
"BRCA1_1_CGAACATCAATGTAAG-1",14.8175678437517
"BRCA1_1_CGAACATCATCCGCGA-1",21.5601113538672
"BRCA1_1_CGAACATGTCATCGGC-1",3.54099743375005
"BRCA1_1_CGAACATGTCGCGGTT-1",25.4086279955592
"BRCA1_1_CGAACATGTGGACGAT-1",13.7099119675223
"BRCA1_1_CGAACATTCAATAAGG-1",23.5212713494379
"BRCA1_1_CGAACATTCCTCATTA-1",16.9902951157584
"BRCA1_1_CGAACATTCGAGCCCA-1",12.0899875978826
"BRCA1_1_CGAATGTAGAGACGAA-1",25.2246790643774
"BRCA1_1_CGAATGTAGCTGATAA-1",25.9819883558649
"BRCA1_1_CGAATGTAGTCCAGGA-1",14.8753299679138
"BRCA1_1_CGAATGTCACAAGCCC-1",19.3858135473185
"BRCA1_1_CGAATGTCACGGTAAG-1",19.1486776244826
"BRCA1_1_CGAATGTTCAGAGGTG-1",14.742470354258
"BRCA1_1_CGAATGTTCGTGTAGT-1",18.4030497646477
"BRCA1_1_CGAATGTTCTCCAACC-1",15.4540580248587
"BRCA1_1_CGACCTTCACCAGGTC-1",11.5596990205547
"BRCA1_1_CGACCTTCACGGATAG-1",11.8557224862435
"BRCA1_1_CGACCTTCACTTAAGC-1",19.0728682190101
"BRCA1_1_CGACCTTCAGACGCTC-1",20.844495664361
"BRCA1_1_CGACCTTCAGAGTGTG-1",22.2138732902319
"BRCA1_1_CGACCTTCAGGGTTAG-1",17.9108065535237
"BRCA1_1_CGACCTTCATCGGTTA-1",14.8921221366255
"BRCA1_1_CGACCTTCATTGGCGC-1",25.6600231424638
"BRCA1_1_CGACCTTGTATATGAG-1",18.4030504606126
"BRCA1_1_CGACCTTGTTAAGTAG-1",14.6962002648147
"BRCA1_1_CGACCTTGTTAGATGA-1",13.7099126634872
"BRCA1_1_CGACCTTTCCACGACG-1",13.7099133594521
"BRCA1_1_CGACCTTTCCTTTACA-1",21.7541529947651
"BRCA1_1_CGACTTCAGATAGGAG-1",20.6878780396039
"BRCA1_1_CGACTTCAGTTACGGG-1",23.5177181248371
"BRCA1_1_CGACTTCCAACGATCT-1",9.47153456273315
"BRCA1_1_CGACTTCCACCGAAAG-1",19.0403829141027
"BRCA1_1_CGACTTCCACGAAAGC-1",13.6227905082931
"BRCA1_1_CGACTTCCAGACGCCT-1",21.7455051663472
"BRCA1_1_CGACTTCCAGAGTGTG-1",17.9108072494886
"BRCA1_1_CGACTTCCATCTATGG-1",21.9891926779941
"BRCA1_1_CGACTTCGTGACGCCT-1",24.9938878546631
"BRCA1_1_CGAGAAGAGCATCATC-1",18.1874540313664
"BRCA1_1_CGAGAAGAGGTTCCTA-1",17.7511460462255
"BRCA1_1_CGAGAAGCACACAGAG-1",18.4918504408272
"BRCA1_1_CGAGAAGGTATGAATG-1",23.3498415873452
"BRCA1_1_CGAGAAGGTGTAACGG-1",18.4627398667803
"BRCA1_1_CGAGAAGGTTAAAGTG-1",13.7099140554169
"BRCA1_1_CGAGAAGGTTCCACGG-1",16.9902958117233
"BRCA1_1_CGAGAAGGTTCGCGAC-1",11.6311722190258
"BRCA1_1_CGAGAAGGTTTCCACC-1",16.7104702863854
"BRCA1_1_CGAGAAGGTTTGCATG-1",10.8764755431895
"BRCA1_1_CGAGAAGTCAATCACG-1",22.6998930491381
"BRCA1_1_CGAGAAGTCGGATGGA-1",9.74752655071038
"BRCA1_1_CGAGAAGTCTGGCGAC-1",24.7182505249765
"BRCA1_1_CGAGAAGTCTTTCCTC-1",21.9891933739589
"BRCA1_1_CGAGCACAGTGGTAGC-1",22.2504010818409
"BRCA1_1_CGAGCACCAGCTGCAC-1",13.7099147513818
"BRCA1_1_CGAGCACGTATCTGCA-1",21.9360223015531
"BRCA1_1_CGAGCACGTCATATGC-1",18.4030511565774
"BRCA1_1_CGAGCACTCCCTCAGT-1",13.7099154473467
"BRCA1_1_CGAGCCAAGACGCAAC-1",22.2145902058472
"BRCA1_1_CGAGCCAAGGGAGTAA-1",23.2892537036017
"BRCA1_1_CGAGCCAAGGTCGGAT-1",18.9789896869754
"BRCA1_1_CGAGCCACAAATACAG-1",13.7099161433116
"BRCA1_1_CGAGCCAGTACACCGC-1",13.7099168392764
"BRCA1_1_CGAGCCAGTATTCGTG-1",24.7182512209413
"BRCA1_1_CGAGCCAGTGACGCCT-1",18.1277186164251
"BRCA1_1_CGAGCCAGTTGCCTCT-1",23.2893002740317
"BRCA1_1_CGAGCCATCAAAGTAG-1",13.7099175352413
"BRCA1_1_CGATCGGAGCCCTAAT-1",20.6878787355688
"BRCA1_1_CGATCGGCAAGCCGCT-1",25.0640495329812
"BRCA1_1_CGATCGGCACGCCAGT-1",15.8872136387737
"BRCA1_1_CGATCGGGTAATTGGA-1",25.6600238384286
"BRCA1_1_CGATCGGGTCCGTGAC-1",25.9724612451809
"BRCA1_1_CGATCGGTCCCTAATT-1",17.9108079454535
"BRCA1_1_CGATGGCAGAAGGTGA-1",25.8491490222007
"BRCA1_1_CGATGGCAGCAGCCTC-1",24.4701031504749
"BRCA1_1_CGATGGCAGGCACATG-1",13.7099182312062
"BRCA1_1_CGATGGCAGGCGACAT-1",20.6908071416763
"BRCA1_1_CGATGGCCAAACGTGG-1",21.8717705268085
"BRCA1_1_CGATGGCCAATGTTGC-1",21.9891940699238
"BRCA1_1_CGATGGCGTAACGCGA-1",12.0120903347854
"BRCA1_1_CGATGGCGTGGTACAG-1",13.622791204258
"BRCA1_1_CGATGGCTCATGCATG-1",16.9902965076881
"BRCA1_1_CGATGGCTCGTCACGG-1",25.9127476599827
"BRCA1_1_CGATGTAAGCTTATCG-1",14.8708100959814
"BRCA1_1_CGATGTACATGAGCGA-1",13.7099189271711
"BRCA1_1_CGATGTACATTACGAC-1",16.8959594198989
"BRCA1_1_CGATGTAGTTAAGAAC-1",21.936022997518
"BRCA1_1_CGATGTAGTTGCCTCT-1",14.5271180039574
"BRCA1_1_CGATGTATCACATAGC-1",16.3012320742125
"BRCA1_1_CGATGTATCAGGCGAA-1",13.709919623136
"BRCA1_1_CGATGTATCATCATTC-1",17.9108086414184
"BRCA1_1_CGATGTATCGCCAGCA-1",19.4352305286027
"BRCA1_1_CGATTGACAAGTTGTC-1",13.9575862420888
"BRCA1_1_CGATTGACATCTACGA-1",12.9343688419189
"BRCA1_1_CGATTGAGTACATGTC-1",23.5212720454028
"BRCA1_1_CGATTGAGTCAATGTC-1",15.1614019243053
"BRCA1_1_CGATTGAGTCGAGATG-1",13.9466220828701
"BRCA1_1_CGATTGATCAACACGT-1",18.2193966375951
"BRCA1_1_CGATTGATCAGCTTAG-1",23.5212727413677
"BRCA1_1_CGCCAAGAGAAGGTGA-1",24.6362457657949
"BRCA1_1_CGCCAAGAGCTGTCTA-1",13.5246129860282
"BRCA1_1_CGCCAAGAGGAGTTTA-1",21.8977718449846
"BRCA1_1_CGCCAAGAGTTACGGG-1",16.3138106925058
"BRCA1_1_CGCCAAGCACTTCTGC-1",17.9108093373833
"BRCA1_1_CGCCAAGCAGCATGAG-1",11.5582276955692
"BRCA1_1_CGCCAAGCATCACGTA-1",17.627408817651
"BRCA1_1_CGCCAAGGTCTCAACA-1",16.990297203653
"BRCA1_1_CGCCAAGGTTCACCTC-1",21.0156152516539
"BRCA1_1_CGCCAAGTCATGCATG-1",25.6344221755184
"BRCA1_1_CGCCAAGTCGGATGGA-1",25.3452426623852
"BRCA1_1_CGCCAAGTCTCCAACC-1",13.6094445337714
"BRCA1_1_CGCGGTAAGAACAATC-1",14.3267677979908
"BRCA1_1_CGCGGTAAGTCGTACT-1",16.2111937861797
"BRCA1_1_CGCGGTACACACGCTG-1",18.173934097451
"BRCA1_1_CGCGGTACAGATGGCA-1",18.3502163326705
"BRCA1_1_CGCGGTATCAGTGTTG-1",25.8429717205785
"BRCA1_1_CGCGGTATCGAGCCCA-1",15.4540587208235
"BRCA1_1_CGCGTTTAGCTATGCT-1",15.8439058032803
"BRCA1_1_CGCGTTTCAGGAACGT-1",21.7860692366723
"BRCA1_1_CGCGTTTCATTACGAC-1",14.2103013815227
"BRCA1_1_CGCGTTTCATTCCTCG-1",16.9902978996179
"BRCA1_1_CGCGTTTGTAAATACG-1",21.9025421023929
"BRCA1_1_CGCGTTTTCACCCTCA-1",17.9108100333481
"BRCA1_1_CGCGTTTTCATTATCC-1",24.09801261864
"BRCA1_1_CGCGTTTTCGTGGGAA-1",16.258885271465
"BRCA1_1_CGCTATCAGACCTTTG-1",16.9902985955828
"BRCA1_1_CGCTATCAGATCCCGC-1",23.5212734373326
"BRCA1_1_CGCTATCAGATCTGAA-1",14.9142029802758
"BRCA1_1_CGCTATCAGGCATTGG-1",13.7099203191008
"BRCA1_1_CGCTATCCAAGCGCTC-1",20.6162831895586
"BRCA1_1_CGCTATCCAGACAAAT-1",13.7099210150657
"BRCA1_1_CGCTATCCATTTGCCC-1",13.4248627264679
"BRCA1_1_CGCTATCGTCTGGTCG-1",20.6878794315336
"BRCA1_1_CGCTATCTCATCTGCC-1",20.871312857291
"BRCA1_1_CGCTGGAAGACTACAA-1",16.8959601158637
"BRCA1_1_CGCTGGAAGATGCCAG-1",17.6713038091127
"BRCA1_1_CGCTGGAAGCCGATTT-1",17.910810729313
"BRCA1_1_CGCTGGACATTAGGCT-1",13.7099217110306
"BRCA1_1_CGCTGGACATTATCTC-1",14.9142036762407
"BRCA1_1_CGCTGGAGTACGACCC-1",9.24185688160627
"BRCA1_1_CGCTGGAGTCGGGTCT-1",20.6772945282684
"BRCA1_1_CGCTGGAGTGAGGGTT-1",12.7599827329354
"BRCA1_1_CGCTGGAGTTGACGTT-1",16.3835368163084
"BRCA1_1_CGCTGGATCCTCATTA-1",18.4030518525423
"BRCA1_1_CGCTTCAAGGCGCTCT-1",25.8362025142974
"BRCA1_1_CGCTTCAAGTAGTGCG-1",25.3462616332493
"BRCA1_1_CGCTTCACATCATCCC-1",25.4418692328373
"BRCA1_1_CGCTTCAGTCCGTTAA-1",20.6878801274985
"BRCA1_1_CGCTTCAGTCGACTAT-1",11.1544216730303
"BRCA1_1_CGCTTCAGTGCATCTA-1",25.4895081827517
"BRCA1_1_CGCTTCAGTGTCTGAT-1",15.6317628503011
"BRCA1_1_CGCTTCATCAAAGACA-1",13.7099224069955
"BRCA1_1_CGCTTCATCGACCAGC-1",21.6284933100944
"BRCA1_1_CGCTTCATCTCTAAGG-1",20.6302656790712
"BRCA1_1_CGGACACAGAAGGGTA-1",22.52321724092
"BRCA1_1_CGGACACCAAGTTAAG-1",17.9108114252779
"BRCA1_1_CGGACACCATATACGC-1",25.6600245343935
"BRCA1_1_CGGACACGTATAGGGC-1",19.519203841912
"BRCA1_1_CGGACACGTCTCACCT-1",18.2660374676376
"BRCA1_1_CGGACACTCGAGCCCA-1",17.9108121212428
"BRCA1_1_CGGACGTAGCTACCTA-1",23.9679270438049
"BRCA1_1_CGGACGTAGCTGGAAC-1",13.7065970284567
"BRCA1_1_CGGACGTAGCTGTTCA-1",20.5047106405174
"BRCA1_1_CGGACGTAGGTTACCT-1",22.6456666169889
"BRCA1_1_CGGACGTAGTAGTGCG-1",18.5242667705832
"BRCA1_1_CGGACGTCACACGCTG-1",12.0537938093944
"BRCA1_1_CGGACGTCAGCGTCCA-1",15.7752152670584
"BRCA1_1_CGGACGTCAGCTCGAC-1",13.0341754447829
"BRCA1_1_CGGACGTCATACAGCT-1",21.8759372800192
"BRCA1_1_CGGACGTCATCTGGTA-1",11.8511065456133
"BRCA1_1_CGGACGTGTACCAGTT-1",16.8959608118286
"BRCA1_1_CGGACGTGTACCGCTG-1",18.8928613656427
"BRCA1_1_CGGACGTGTATGAAAC-1",14.708708673847
"BRCA1_1_CGGACGTGTATGCTTG-1",16.9902992915476
"BRCA1_1_CGGACGTGTCATCCCT-1",16.2641249298905
"BRCA1_1_CGGACGTGTGCACGAA-1",22.3267101317095
"BRCA1_1_CGGACGTGTGGACGAT-1",13.0274723979494
"BRCA1_1_CGGACGTTCAAGAAGT-1",21.6946188787585
"BRCA1_1_CGGACGTTCCAACCAA-1",20.6878808234634
"BRCA1_1_CGGACTGCACATGACT-1",13.7099231029604
"BRCA1_1_CGGACTGCACTCAGGC-1",15.3889101790139
"BRCA1_1_CGGACTGCATGAAGTA-1",15.1535759974495
"BRCA1_1_CGGACTGGTGAGTGAC-1",15.2362336111622
"BRCA1_1_CGGACTGGTTTGGGCC-1",21.1936246902398
"BRCA1_1_CGGACTGTCAGCTCGG-1",17.9108128172076
"BRCA1_1_CGGACTGTCAGTGCAT-1",18.7802044703504
"BRCA1_1_CGGACTGTCGAATGGG-1",25.9206649745042
"BRCA1_1_CGGACTGTCTGCGTAA-1",15.660165830559
"BRCA1_1_CGGACTGTCTGGGCCA-1",18.6105473962239
"BRCA1_1_CGGAGCTAGACTGTAA-1",15.6996536428541
"BRCA1_1_CGGAGCTAGATGTAAC-1",19.1704621634633
"BRCA1_1_CGGAGCTAGGACGAAA-1",16.9902999875125
"BRCA1_1_CGGAGCTCATTGGTAC-1",22.553791277881
"BRCA1_1_CGGAGCTGTCAACTGT-1",18.6788929560036
"BRCA1_1_CGGAGCTGTCTACCTC-1",15.1539924912492
"BRCA1_1_CGGAGCTGTTCGGCAC-1",11.1783920571744
"BRCA1_1_CGGAGCTTCGATCCCT-1",18.9354297516091
"BRCA1_1_CGGAGCTTCGGTCTAA-1",25.8490353814317
"BRCA1_1_CGGAGCTTCTAACTCT-1",15.4540594167884
"BRCA1_1_CGGAGTCAGCTTTGGT-1",11.7438849077445
"BRCA1_1_CGGAGTCAGGCTAGGT-1",16.8959615077935
"BRCA1_1_CGGAGTCAGTGAAGAG-1",24.6416754222234
"BRCA1_1_CGGAGTCGTAGCCTAT-1",16.4563519118284
"BRCA1_1_CGGAGTCTCCATGAGT-1",23.3384983647493
"BRCA1_1_CGGAGTCTCGAGAGCA-1",13.6227919002229
"BRCA1_1_CGGCTAGAGAATCTCC-1",13.6575970240318
"BRCA1_1_CGGCTAGAGCGCTCCA-1",13.7099237989252
"BRCA1_1_CGGCTAGAGCTAGTTC-1",16.8959622037584
"BRCA1_1_CGGCTAGCACCGAATT-1",22.2011306406608
"BRCA1_1_CGGCTAGCATGGAATA-1",17.7926476119548
"BRCA1_1_CGGCTAGGTAGCACGA-1",25.9016374191699
"BRCA1_1_CGGCTAGGTCCGACGT-1",14.9142043722056
"BRCA1_1_CGGCTAGGTCTAACGT-1",11.6444769315933
"BRCA1_1_CGGCTAGGTGATAAAC-1",16.9903006834774
"BRCA1_1_CGGCTAGTCCGCGGTA-1",17.9108135131725
"BRCA1_1_CGGGTCAAGCTGCAAG-1",14.9142050681704
"BRCA1_1_CGGGTCAAGTAATCCC-1",24.068535975904
"BRCA1_1_CGGGTCAAGTACGCCC-1",21.6818594890497
"BRCA1_1_CGGGTCAAGTACGTTC-1",19.0403836100676
"BRCA1_1_CGGGTCAAGTTAACGA-1",23.5212741332974
"BRCA1_1_CGGGTCAAGTTAAGTG-1",18.1724017679022
"BRCA1_1_CGGGTCACAGATGAGC-1",17.9108142091374
"BRCA1_1_CGGGTCACAGTCAGCC-1",16.8959628997233
"BRCA1_1_CGGGTCACAGTCGATT-1",19.0446456953467
"BRCA1_1_CGGGTCACAGTCGTGC-1",16.7104709823503
"BRCA1_1_CGGGTCACATAAGACA-1",13.7099244948901
"BRCA1_1_CGGGTCACATTACCTT-1",24.5255876473167
"BRCA1_1_CGGGTCAGTACAGTGG-1",19.3936998780655
"BRCA1_1_CGGGTCAGTCCGTTAA-1",13.709925190855
"BRCA1_1_CGGGTCAGTCCTCCAT-1",13.6094452297363
"BRCA1_1_CGGGTCAGTCGTTGTA-1",11.8557231822084
"BRCA1_1_CGGGTCAGTCTCTTTA-1",13.4916358453772
"BRCA1_1_CGGGTCAGTTACCAGT-1",11.0820772740897
"BRCA1_1_CGGGTCATCAGGCGAA-1",25.8479842457957
"BRCA1_1_CGGGTCATCCAGTAGT-1",13.4833074191419
"BRCA1_1_CGGGTCATCCATTCTA-1",19.1381384829646
"BRCA1_1_CGGGTCATCCGAAGAG-1",25.9819890518297
"BRCA1_1_CGGGTCATCCTATGTT-1",10.9533509536043
"BRCA1_1_CGGGTCATCCTGTAGA-1",1.69064810357219
"BRCA1_1_CGGTTAACAGACGCTC-1",14.6599072188759
"BRCA1_1_CGGTTAATCACAGGCC-1",20.1367175057513
"BRCA1_1_CGGTTAATCAGTTAGC-1",13.7099258868199
"BRCA1_1_CGGTTAATCGTTTATC-1",16.9903013794423
"BRCA1_1_CGGTTAATCTGGTTCC-1",11.6092402680174
"BRCA1_1_CGTAGCGAGACTCGGA-1",15.66009694467
"BRCA1_1_CGTAGCGAGAGTGAGA-1",18.2914612239273
"BRCA1_1_CGTAGCGAGCGTGTCC-1",20.6878815194283
"BRCA1_1_CGTAGCGAGTACGTAA-1",12.2394354455022
"BRCA1_1_CGTAGCGAGTGGCACA-1",13.8940439117361
"BRCA1_1_CGTAGCGCAGTGGGAT-1",11.0865309852112
"BRCA1_1_CGTAGCGGTACCAGTT-1",24.7084298076466
"BRCA1_1_CGTAGCGGTACTCAAC-1",23.9489507648449
"BRCA1_1_CGTAGCGGTCAGAATA-1",14.8921228325904
"BRCA1_1_CGTAGCGGTCTCCCTA-1",13.7099265827847
"BRCA1_1_CGTAGCGGTGCGGTAA-1",15.8439064992452
"BRCA1_1_CGTAGCGGTGGCAAAC-1",14.6381080839744
"BRCA1_1_CGTAGCGGTTATGCGT-1",23.6553665128555
"BRCA1_1_CGTAGCGTCGGAGCAA-1",16.8959635956881
"BRCA1_1_CGTAGGCAGCCGCCTA-1",19.0403843060325
"BRCA1_1_CGTAGGCAGGGCTCTC-1",11.8935060548728
"BRCA1_1_CGTAGGCGTACAGTGG-1",24.4809878520104
"BRCA1_1_CGTAGGCGTACCGCTG-1",12.0852601221441
"BRCA1_1_CGTAGGCGTAGGGTAC-1",24.0225689761041
"BRCA1_1_CGTAGGCGTGCCTGGT-1",16.895964291653
"BRCA1_1_CGTAGGCTCAAGGCTT-1",13.6586046324621
"BRCA1_1_CGTAGGCTCCGGCACA-1",13.7099272787496
"BRCA1_1_CGTAGGCTCCTGCAGG-1",25.6600252303584
"BRCA1_1_CGTAGGCTCGCATGAT-1",16.1843753674247
"BRCA1_1_CGTCACTAGCGTGAGT-1",21.6759842283507
"BRCA1_1_CGTCACTAGTGGTCCC-1",21.5181148133143
"BRCA1_1_CGTCACTAGTTTCCTT-1",11.0026708141346
"BRCA1_1_CGTCACTCACGAAACG-1",21.8550654956207
"BRCA1_1_CGTCACTCAGCTGTTA-1",18.4562574576657
"BRCA1_1_CGTCACTGTCAGGACA-1",13.0370976461056
"BRCA1_1_CGTCACTGTCGCTTCT-1",20.743441978005
"BRCA1_1_CGTCACTGTCTGCGGT-1",17.9108149051023
"BRCA1_1_CGTCACTGTGAGGCTA-1",0.3897798225653
"BRCA1_1_CGTCACTTCAGCTCGG-1",16.9903020754072
"BRCA1_1_CGTCACTTCCGGCACA-1",16.990302771372
"BRCA1_1_CGTCACTTCCTTTCGG-1",19.3940284307323
"BRCA1_1_CGTCACTTCTTTAGGG-1",18.4030525485072
"BRCA1_1_CGTCAGGAGACCCACC-1",18.7739525728593
"BRCA1_1_CGTCAGGAGGAGTTTA-1",15.8439071952101
"BRCA1_1_CGTCAGGCACCTTGTC-1",13.8535737438726
"BRCA1_1_CGTCAGGCACGCGAAA-1",13.7099279747145
"BRCA1_1_CGTCAGGCATATACCG-1",18.4935971668221
"BRCA1_1_CGTCAGGCATTGTGCA-1",14.8921235285552
"BRCA1_1_CGTCAGGGTATGGTTC-1",14.8921242245201
"BRCA1_1_CGTCAGGGTGCGGTAA-1",20.4532140673162
"BRCA1_1_CGTCAGGGTTCGGCAC-1",19.0403850019974
"BRCA1_1_CGTCAGGTCAACTCTT-1",13.6227925961878
"BRCA1_1_CGTCAGGTCCTTCAAT-1",11.8839337710234
"BRCA1_1_CGTCAGGTCGTCCAGG-1",24.6611616531653
"BRCA1_1_CGTCAGGTCTCTGAGA-1",14.892124920485
"BRCA1_1_CGTCAGGTCTTGAGAC-1",13.7099286706794
"BRCA1_1_CGTCCATAGATATACG-1",20.2855912580479
"BRCA1_1_CGTCCATCACATCCAA-1",15.4540601127533
"BRCA1_1_CGTCCATCAGCCAATT-1",16.3236937288503
"BRCA1_1_CGTCCATCATGAACCT-1",13.6729037811435
"BRCA1_1_CGTCCATGTAAATGAC-1",20.6878822153931
"BRCA1_1_CGTCCATGTCTAGTGT-1",24.7182519169062
"BRCA1_1_CGTCCATGTCTCTCTG-1",20.6833023931828
"BRCA1_1_CGTCCATGTTTGTTGG-1",14.9142057641353
"BRCA1_1_CGTCCATTCCTTCAAT-1",16.2476183746278
"BRCA1_1_CGTCCATTCGGTTAAC-1",24.4672591509752
"BRCA1_1_CGTCCATTCTATCGCC-1",14.9142064601002
"BRCA1_1_CGTCTACAGCTATGCT-1",17.757202834326
"BRCA1_1_CGTCTACAGGATGGAA-1",16.9903034673369
"BRCA1_1_CGTCTACAGTGCGATG-1",15.6987420797411
"BRCA1_1_CGTCTACCACCTGGTG-1",13.764826554039
"BRCA1_1_CGTCTACCAGGCTGAA-1",24.56979943797
"BRCA1_1_CGTCTACCATATACGC-1",21.6230742857063
"BRCA1_1_CGTCTACGTGACTCAT-1",16.8788130003501
"BRCA1_1_CGTCTACGTTCGAATC-1",16.2462708263686
"BRCA1_1_CGTCTACTCGAACTGT-1",13.3455910296584
"BRCA1_1_CGTCTACTCGTGGGAA-1",13.7099293666443
"BRCA1_1_CGTGAGCAGAATTGTG-1",14.7527133518619
"BRCA1_1_CGTGAGCAGATCCCAT-1",11.1691523692807
"BRCA1_1_CGTGAGCAGCAGACTG-1",13.7099300626091
"BRCA1_1_CGTGAGCAGCAGGTCA-1",17.9108156010672
"BRCA1_1_CGTGAGCAGGATGGTC-1",16.9903041633018
"BRCA1_1_CGTGAGCAGGTAAACT-1",15.843907891175
"BRCA1_1_CGTGAGCCAAGCGATG-1",14.9142071560651
"BRCA1_1_CGTGAGCCACATGACT-1",18.1061772337153
"BRCA1_1_CGTGAGCCACGGCGTT-1",23.5212748292623
"BRCA1_1_CGTGAGCCACGTTGGC-1",13.709930758574
"BRCA1_1_CGTGAGCCAGGAATGC-1",21.7663742912052
"BRCA1_1_CGTGAGCCAGTCAGCC-1",13.7099314545389
"BRCA1_1_CGTGAGCCATGTTGAC-1",18.2378495324497
"BRCA1_1_CGTGAGCGTACCGGCT-1",16.8959649876179
"BRCA1_1_CGTGAGCGTACGAAAT-1",13.7099321505038
"BRCA1_1_CGTGAGCGTATCGCAT-1",18.8182574105669
"BRCA1_1_CGTGAGCGTCTAGCGC-1",16.8959656835828
"BRCA1_1_CGTGAGCGTTCAACCA-1",17.910816297032
"BRCA1_1_CGTGAGCGTTCCACAA-1",13.7099328464687
"BRCA1_1_CGTGAGCTCCGAAGAG-1",13.7099335424335
"BRCA1_1_CGTGTAAAGATGCCTT-1",19.1704628594281
"BRCA1_1_CGTGTAAAGCTCCTTC-1",23.4789293179557
"BRCA1_1_CGTGTAAAGTTGAGTA-1",16.8959663795477
"BRCA1_1_CGTGTAACAAGTTGTC-1",23.8721995660753
"BRCA1_1_CGTGTAAGTACAAGTA-1",13.7099342383984
"BRCA1_1_CGTGTAAGTCAAACTC-1",16.1843760633896
"BRCA1_1_CGTGTAAGTCATATCG-1",21.6823976251396
"BRCA1_1_CGTGTAATCCCTCAGT-1",17.7135427878051
"BRCA1_1_CGTGTAATCGCACTCT-1",25.2879852040853
"BRCA1_1_CGTGTAATCTTTCCTC-1",21.9891947658887
"BRCA1_1_CGTGTCTAGACTAGAT-1",14.8921256164499
"BRCA1_1_CGTGTCTAGAGTAATC-1",17.7648361517177
"BRCA1_1_CGTGTCTCAACACCTA-1",11.6481478180714
"BRCA1_1_CGTGTCTCAGGGTTAG-1",17.0166199857425
"BRCA1_1_CGTGTCTGTACTTGAC-1",20.7533593763776
"BRCA1_1_CGTGTCTGTAGCTCCG-1",17.7571969427126
"BRCA1_1_CGTGTCTGTAGCTTGT-1",11.773317850166
"BRCA1_1_CGTGTCTGTCTGGAGA-1",15.4540608087182
"BRCA1_1_CGTGTCTGTTCATGGT-1",24.5060069174138
"BRCA1_1_CGTGTCTGTTGCGTTA-1",23.4805444076631
"BRCA1_1_CGTGTCTTCTACCAGA-1",17.219852928648
"BRCA1_1_CGTGTCTTCTTGTCAT-1",21.5793439350134
"BRCA1_1_CGTTAGAAGTACGCGA-1",22.2759982575407
"BRCA1_1_CGTTAGACAACTGCTA-1",18.3182584241981
"BRCA1_1_CGTTAGACACGAAACG-1",20.966489262816
"BRCA1_1_CGTTAGACAGGGTTAG-1",14.91420785203
"BRCA1_1_CGTTAGACAGTATGCT-1",21.9360236934828
"BRCA1_1_CGTTAGACATACTCTT-1",25.6346922844896
"BRCA1_1_CGTTAGAGTACGCACC-1",17.9108169929969
"BRCA1_1_CGTTCTGAGAGTGAGA-1",3.40290954114266
"BRCA1_1_CGTTCTGAGGACAGCT-1",25.575237802339
"BRCA1_1_CGTTCTGAGTTGTAGA-1",7.20495958350845
"BRCA1_1_CGTTCTGGTCTCACCT-1",23.0098170361056
"BRCA1_1_CGTTCTGGTTGGTAAA-1",25.8588960129478
"BRCA1_1_CGTTCTGTCACGCATA-1",13.4900547085987
"BRCA1_1_CGTTCTGTCTGCGACG-1",22.4041739304607
"BRCA1_1_CGTTCTGTCTTAACCT-1",18.9049117002679
"BRCA1_1_CGTTGGGAGCTCAACT-1",13.7099349343633
"BRCA1_1_CGTTGGGAGTAACCCT-1",18.3502170286354
"BRCA1_1_CGTTGGGCACACATGT-1",22.4283055652421
"BRCA1_1_CGTTGGGCAGTAAGAT-1",22.2039615019105
"BRCA1_1_CGTTGGGCATTCACTT-1",23.0205596326164
"BRCA1_1_CGTTGGGGTAAGAGGA-1",17.7793590250849
"BRCA1_1_CGTTGGGTCGCGTAGC-1",13.7099356303282
"BRCA1_1_CTAACTTAGGAGCGAG-1",13.709936326293
"BRCA1_1_CTAACTTAGGAGTTTA-1",24.461556325659
"BRCA1_1_CTAACTTAGGGAGTAA-1",13.7099370222579
"BRCA1_1_CTAACTTGTATCTGCA-1",13.6094459257012
"BRCA1_1_CTAACTTGTATTAGCC-1",18.164061928944
"BRCA1_1_CTAACTTGTCTCTCGT-1",25.9306851941046
"BRCA1_1_CTAACTTGTCTGCCAG-1",23.4515986715909
"BRCA1_1_CTAACTTTCTTGTCAT-1",22.522143853651
"BRCA1_1_CTAAGACAGAGCCCAA-1",16.8959670755125
"BRCA1_1_CTAAGACAGCAACGGT-1",21.9891954618536
"BRCA1_1_CTAAGACAGGACTGGT-1",17.7670283707916
"BRCA1_1_CTAAGACAGGTGCAAC-1",17.9108176889618
"BRCA1_1_CTAAGACCACAGCCCA-1",22.2011313366257
"BRCA1_1_CTAAGACGTAAATACG-1",13.7099377182228
"BRCA1_1_CTAAGACGTACAAGTA-1",6.17756649570126
"BRCA1_1_CTAAGACGTACCGGCT-1",24.5726662467887
"BRCA1_1_CTAAGACGTGAAGGCT-1",12.1645470224326
"BRCA1_1_CTAAGACTCACGACTA-1",13.4252023404585
"BRCA1_1_CTAAGACTCTTCTGGC-1",13.6227932921526
"BRCA1_1_CTAATGGAGAAGGTTT-1",21.9109452311689
"BRCA1_1_CTAATGGAGATATGCA-1",20.687882911358
"BRCA1_1_CTAATGGAGCCGCCTA-1",17.7677418527978
"BRCA1_1_CTAATGGAGGACGAAA-1",18.4030532444721
"BRCA1_1_CTAATGGAGTGCTGCC-1",11.8015398109679
"BRCA1_1_CTAATGGGTACTCGCG-1",18.5486167077222
"BRCA1_1_CTAATGGGTCTCGTTC-1",16.1843767593545
"BRCA1_1_CTAATGGGTCTTCTCG-1",13.9376693487881
"BRCA1_1_CTAATGGTCGCCTGAG-1",11.9347705377718
"BRCA1_1_CTACACCCACCGATAT-1",18.403053940437
"BRCA1_1_CTACACCCACGCGAAA-1",17.6808128853703
"BRCA1_1_CTACACCCACGGCCAT-1",22.699893745103
"BRCA1_1_CTACACCCAGCATACT-1",21.1936253862047
"BRCA1_1_CTACACCGTATCAGTC-1",14.6437038185586
"BRCA1_1_CTACACCGTTATGCGT-1",13.7099384141877
"BRCA1_1_CTACACCGTTGGACCC-1",14.353115477426
"BRCA1_1_CTACACCTCAGAGGTG-1",17.9108183849267
"BRCA1_1_CTACACCTCTGGCGAC-1",13.7099391101526
"BRCA1_1_CTACATTAGAGGGATA-1",12.8254145142394
"BRCA1_1_CTACATTAGAGGTACC-1",13.7099398061174
"BRCA1_1_CTACATTAGCAGACTG-1",20.9826816579083
"BRCA1_1_CTACATTAGGCGATAC-1",14.8921263124148
"BRCA1_1_CTACATTGTGCCTGTG-1",17.9108190808916
"BRCA1_1_CTACATTTCACCGTAA-1",18.3502177246003
"BRCA1_1_CTACATTTCCGAACGC-1",13.7099405020823
"BRCA1_1_CTACCCAAGGCTACGA-1",22.6998944410678
"BRCA1_1_CTACCCACAGGATCGA-1",14.9142085479948
"BRCA1_1_CTACCCACATCTACGA-1",7.30215519412848
"BRCA1_1_CTACCCACATTTGCCC-1",16.1843774553193
"BRCA1_1_CTACCCAGTAGAAAGG-1",12.987985158492
"BRCA1_1_CTACCCAGTCCGAGTC-1",16.9903048592667
"BRCA1_1_CTACCCAGTTAGTGGG-1",22.221683334345
"BRCA1_1_CTACCCATCAGTACGT-1",15.8872143347386
"BRCA1_1_CTACCCATCCTAGGGC-1",14.9142092439597
"BRCA1_1_CTACGTCAGAGTACAT-1",19.1044352114797
"BRCA1_1_CTACGTCAGCCCAATT-1",13.7099411980472
"BRCA1_1_CTACGTCAGCGTGAAC-1",16.8959677714774
"BRCA1_1_CTACGTCAGGGCACTA-1",16.9903055552316
"BRCA1_1_CTACGTCAGTCGCCGT-1",13.7099418940121
"BRCA1_1_CTACGTCCATCTGGTA-1",25.9819897477946
"BRCA1_1_CTACGTCTCATAACCG-1",25.9687044058705
"BRCA1_1_CTACGTCTCGTTTAGG-1",19.499731948971
"BRCA1_1_CTACGTCTCTCTTGAT-1",16.9903062511964
"BRCA1_1_CTACGTCTCTTATCTG-1",14.1964983014534
"BRCA1_1_CTAGAGTAGACTACAA-1",25.8333563950108
"BRCA1_1_CTAGAGTAGCGATTCT-1",15.8439085871398
"BRCA1_1_CTAGAGTAGGGTCGAT-1",13.709942589977
"BRCA1_1_CTAGAGTAGTCCATAC-1",14.4916648704675
"BRCA1_1_CTAGAGTAGTGTTGAA-1",10.7540278811938
"BRCA1_1_CTAGAGTCATAAAGGT-1",21.4994749230893
"BRCA1_1_CTAGAGTGTCGCGGTT-1",25.6600259263233
"BRCA1_1_CTAGAGTGTTCACCTC-1",20.3174488837258
"BRCA1_1_CTAGAGTGTTCCACGG-1",17.9108197768564
"BRCA1_1_CTAGAGTTCTGGTATG-1",13.072967742163
"BRCA1_1_CTAGCCTAGAGTCTGG-1",13.6227939881175
"BRCA1_1_CTAGCCTAGCTGATAA-1",20.6878836073229
"BRCA1_1_CTAGCCTAGGAATGGA-1",11.6221757813182
"BRCA1_1_CTAGCCTAGGTGCACA-1",14.9142099399246
"BRCA1_1_CTAGCCTCACCTATCC-1",12.225267470404
"BRCA1_1_CTAGCCTCACGAAGCA-1",12.957858260033
"BRCA1_1_CTAGCCTCAGATGAGC-1",18.4030546364018
"BRCA1_1_CTAGCCTCAGTAAGCG-1",19.0441593309158
"BRCA1_1_CTAGCCTGTAGCTTGT-1",25.008846964425
"BRCA1_1_CTAGCCTGTCGGCTCA-1",13.9238344962715
"BRCA1_1_CTAGCCTGTGTAACGG-1",11.967339640488
"BRCA1_1_CTAGCCTGTTACAGAA-1",15.7592565453987
"BRCA1_1_CTAGCCTTCCTTTACA-1",23.3387867040293
"BRCA1_1_CTAGTGAAGAAAGTGG-1",17.9108204728213
"BRCA1_1_CTAGTGAAGCCTTGAT-1",13.7099432859418
"BRCA1_1_CTAGTGAAGTACGACG-1",24.6545475378824
"BRCA1_1_CTAGTGACACAACGTT-1",13.3542943112412
"BRCA1_1_CTAGTGACAGACAGGT-1",13.6227946840824
"BRCA1_1_CTAGTGACAGACGCCT-1",24.6836795554532
"BRCA1_1_CTAGTGACAGACGCTC-1",19.0403856979623
"BRCA1_1_CTAGTGACATCAGTCA-1",23.9407708248642
"BRCA1_1_CTAGTGAGTAAACCTC-1",18.2709012984647
"BRCA1_1_CTAGTGAGTCCGCTGA-1",15.4540615046831
"BRCA1_1_CTAGTGATCCTAGTGA-1",13.7099439819067
"BRCA1_1_CTAGTGATCTGCAGTA-1",12.9142137022617
"BRCA1_1_CTAGTGATCTGGTGTA-1",23.9996956759276
"BRCA1_1_CTCACACCACTTAAGC-1",17.9108211687862
"BRCA1_1_CTCACACCATGTCGAT-1",15.4370975683886
"BRCA1_1_CTCACACGTACTTAGC-1",23.5212755252272
"BRCA1_1_CTCACACGTCCGTCAG-1",13.7099446778716
"BRCA1_1_CTCACACGTCTCCACT-1",11.6635005041009
"BRCA1_1_CTCACACGTGTAATGA-1",24.9611256734503
"BRCA1_1_CTCACACGTTCGAATC-1",17.9108218647511
"BRCA1_1_CTCACACTCCTATTCA-1",16.1843781512842
"BRCA1_1_CTCACACTCTTGACGA-1",17.8272599782067
"BRCA1_1_CTCAGAAAGCCCAATT-1",13.3455917256233
"BRCA1_1_CTCAGAAAGTAATCCC-1",22.9406614698472
"BRCA1_1_CTCAGAAAGTGGCACA-1",11.6368408670784
"BRCA1_1_CTCAGAACACACTGCG-1",13.7099453738365
"BRCA1_1_CTCAGAACACATTAGC-1",23.9464029421269
"BRCA1_1_CTCAGAACATTACCTT-1",15.8439092831047
"BRCA1_1_CTCAGAAGTCAAAGAT-1",16.9903069471613
"BRCA1_1_CTCAGAAGTGAAGGCT-1",18.4030553323667
"BRCA1_1_CTCAGAAGTGCGCTTG-1",13.9108111321583
"BRCA1_1_CTCAGAAGTGTAATGA-1",16.3426001987668
"BRCA1_1_CTCAGAAGTTCAGCGC-1",16.8959684674423
"BRCA1_1_CTCAGAATCCTAGAAC-1",11.5671882447615
"BRCA1_1_CTCAGAATCGGAAATA-1",15.8168896132807
"BRCA1_1_CTCAGAATCGGAGGTA-1",21.9891961578185
"BRCA1_1_CTCAGAATCTGCTGCT-1",23.9291177150346
"BRCA1_1_CTCAGAATCTGCTTGC-1",24.5318229791104
"BRCA1_1_CTCATTAAGAAAGTGG-1",13.7099460698013
"BRCA1_1_CTCATTAAGACCGGAT-1",12.1142916567487
"BRCA1_1_CTCATTAAGGACCACA-1",25.9819904437595
"BRCA1_1_CTCATTACAATAACGA-1",23.6553672088204
"BRCA1_1_CTCATTACAGACAAAT-1",15.8439099790696
"BRCA1_1_CTCATTACAGCGTCCA-1",13.7099467657662
"BRCA1_1_CTCATTAGTCAACATC-1",8.67132868949391
"BRCA1_1_CTCATTAGTTGCGTTA-1",13.7099474617311
"BRCA1_1_CTCATTATCAGTCCCT-1",15.631763546266
"BRCA1_1_CTCCTAGAGCTCAACT-1",13.709948157696
"BRCA1_1_CTCCTAGAGTAGGTGC-1",14.5835671483655
"BRCA1_1_CTCCTAGCATCTATGG-1",20.7755727099159
"BRCA1_1_CTCCTAGGTAAGTTCC-1",24.0221743455662
"BRCA1_1_CTCCTAGGTATAGTAG-1",9.18947701609207
"BRCA1_1_CTCCTAGGTGATGCCC-1",23.6506269395463
"BRCA1_1_CTCCTAGGTGGTGTAG-1",16.9903076431262
"BRCA1_1_CTCCTAGTCAGTCAGT-1",13.7099488536609
"BRCA1_1_CTCCTAGTCCCTCAGT-1",21.6561640627027
"BRCA1_1_CTCGAAAAGCACGCCT-1",16.2480447452967
"BRCA1_1_CTCGAAAAGTATCTCG-1",25.6568092981588
"BRCA1_1_CTCGAAACAGGCTGAA-1",24.4651231952062
"BRCA1_1_CTCGAAACAGTAAGCG-1",24.7182526128711
"BRCA1_1_CTCGAAACATGTCTCC-1",13.5328450656086
"BRCA1_1_CTCGAAAGTCACCCAG-1",17.9108225607159
"BRCA1_1_CTCGAAAGTCGGCACT-1",25.8612377742551
"BRCA1_1_CTCGAAAGTCTGGTCG-1",17.6983160975026
"BRCA1_1_CTCGAAAGTGTGAAAT-1",20.9386759804083
"BRCA1_1_CTCGAAAGTTAAGAAC-1",18.4240549910917
"BRCA1_1_CTCGAAAGTTCCACTC-1",15.6317642422309
"BRCA1_1_CTCGAAAGTTCCGGCA-1",21.9891968537833
"BRCA1_1_CTCGAAATCATGTGGT-1",25.4824505668662
"BRCA1_1_CTCGAGGAGGAATCGC-1",17.7747768137414
"BRCA1_1_CTCGAGGAGTACGCGA-1",15.8439106750345
"BRCA1_1_CTCGAGGAGTGTGGCA-1",25.9819911397244
"BRCA1_1_CTCGAGGCAACGATCT-1",10.7540285771586
"BRCA1_1_CTCGAGGCAGCTCGAC-1",16.9903083390911
"BRCA1_1_CTCGAGGCAGGTTTCA-1",16.8959691634072
"BRCA1_1_CTCGAGGCATAAAGGT-1",17.1483689451495
"BRCA1_1_CTCGAGGGTAAGTTCC-1",4.85992213729761
"BRCA1_1_CTCGAGGGTCCATGAT-1",24.0500855054083
"BRCA1_1_CTCGAGGGTGACTACT-1",13.7099495496257
"BRCA1_1_CTCGAGGGTGCAGTAG-1",20.6837257524275
"BRCA1_1_CTCGAGGGTGTCTGAT-1",16.9903090350559
"BRCA1_1_CTCGAGGTCCTTAATC-1",14.5797144018952
"BRCA1_1_CTCGAGGTCGGCGGTT-1",12.2579324936643
"BRCA1_1_CTCGAGGTCTTTACAC-1",13.7099502455906
"BRCA1_1_CTCGGAGGTGAAGGCT-1",23.3237309361845
"BRCA1_1_CTCGGAGTCAACCATG-1",11.8296134920087
"BRCA1_1_CTCGGAGTCACAAACC-1",15.3744706280381
"BRCA1_1_CTCGGAGTCAGGCAAG-1",16.9903097310208
"BRCA1_1_CTCGGAGTCTTGAGGT-1",20.6346484877368
"BRCA1_1_CTCGGGAAGTACGATA-1",13.7099509415555
"BRCA1_1_CTCGGGACATGAGCGA-1",18.4844607464853
"BRCA1_1_CTCGGGACATTGGGCC-1",14.8921270083796
"BRCA1_1_CTCGGGAGTACAGCAG-1",13.6580188294481
"BRCA1_1_CTCGGGATCTTTACAC-1",14.3203736008875
"BRCA1_1_CTCGTACAGAGACTTA-1",14.8921277043445
"BRCA1_1_CTCGTACAGGCAATTA-1",23.0384048578459
"BRCA1_1_CTCGTACAGGTGGGTT-1",20.4670345283417
"BRCA1_1_CTCGTACAGGTGTGGT-1",24.5488730666609
"BRCA1_1_CTCGTACAGTCCATAC-1",17.9108232566808
"BRCA1_1_CTCGTACAGTGTCTCA-1",17.7695583111122
"BRCA1_1_CTCGTACCACAGATTC-1",15.2573031479551
"BRCA1_1_CTCGTACCACGCCAGT-1",21.554766916835
"BRCA1_1_CTCGTACCATAAAGGT-1",13.7099516375204
"BRCA1_1_CTCGTACGTAATCGTC-1",13.7099523334853
"BRCA1_1_CTCGTACGTACAGTGG-1",13.0370983420705
"BRCA1_1_CTCGTACGTCATGCCG-1",24.085627327462
"BRCA1_1_CTCGTACGTGCCTGTG-1",19.0925558566576
"BRCA1_1_CTCGTACTCACTATTC-1",17.9108239526457
"BRCA1_1_CTCGTACTCGCACTCT-1",16.1843788472491
"BRCA1_1_CTCGTACTCGTGACAT-1",18.5528819993949
"BRCA1_1_CTCGTCACAGCCTTTC-1",13.7099530294501
"BRCA1_1_CTCGTCACAGTATCTG-1",18.4030560283316
"BRCA1_1_CTCGTCAGTAGCTCCG-1",19.0934553112428
"BRCA1_1_CTCGTCAGTATCTGCA-1",19.1335942551995
"BRCA1_1_CTCGTCATCCAGAAGG-1",24.718253308836
"BRCA1_1_CTCGTCATCTGTCCGT-1",22.5234880279797
"BRCA1_1_CTCTAATAGCGATGAC-1",25.6313284611829
"BRCA1_1_CTCTAATCACCAGGCT-1",21.41671095314
"BRCA1_1_CTCTAATCATGACATC-1",14.6159545045296
"BRCA1_1_CTCTAATGTACAGTGG-1",13.709953725415
"BRCA1_1_CTCTAATTCCTATTCA-1",17.9108246486106
"BRCA1_1_CTCTAATTCTTGTATC-1",16.9444743000855
"BRCA1_1_CTCTACGAGAGGACGG-1",23.9522642338175
"BRCA1_1_CTCTACGAGGCGTACA-1",25.2205053419882
"BRCA1_1_CTCTACGAGTGCAAGC-1",25.6600266222882
"BRCA1_1_CTCTACGAGTGCGTGA-1",18.0738809964331
"BRCA1_1_CTCTACGCACATGACT-1",21.7293424093312
"BRCA1_1_CTCTACGCAGCCACCA-1",17.9280337303345
"BRCA1_1_CTCTACGGTTCAGGCC-1",8.59420158982477
"BRCA1_1_CTCTACGGTTGAGGTG-1",14.5348334597894
"BRCA1_1_CTCTACGTCAAACAAG-1",25.8958593077789
"BRCA1_1_CTCTACGTCGGATGGA-1",16.184379543214
"BRCA1_1_CTCTGGTCACCCATTC-1",16.7615973943894
"BRCA1_1_CTCTGGTCAGCTGTTA-1",17.7973562134342
"BRCA1_1_CTCTGGTCAGTGGAGT-1",13.7099544213799
"BRCA1_1_CTCTGGTGTGGCTCCA-1",13.7099551173448
"BRCA1_1_CTCTGGTGTTCACGGC-1",19.0945963746928
"BRCA1_1_CTCTGGTGTTCGGGCT-1",13.6227953800473
"BRCA1_1_CTCTGGTTCCGAGCCA-1",16.9903104269857
"BRCA1_1_CTGAAACCACAGAGGT-1",19.4956378337708
"BRCA1_1_CTGAAACCAGATCCAT-1",25.660027318253
"BRCA1_1_CTGAAACCAGGGAGAG-1",18.1297959829079
"BRCA1_1_CTGAAACCAGTCTTCC-1",13.7099558133096
"BRCA1_1_CTGAAACCATGAGCGA-1",12.0537945053593
"BRCA1_1_CTGAAACGTACAGACG-1",14.8921284003094
"BRCA1_1_CTGAAACGTACTTCTT-1",25.6600280142179
"BRCA1_1_CTGAAACGTGATGCCC-1",13.0370990380354
"BRCA1_1_CTGAAACGTTCCTCCA-1",14.5805690501869
"BRCA1_1_CTGAAACGTTGATTCG-1",20.6878843032878
"BRCA1_1_CTGAAACTCCGCAGTG-1",24.5772200058773
"BRCA1_1_CTGAAACTCGACAGCC-1",25.6600287101828
"BRCA1_1_CTGAAACTCTGGGCCA-1",16.9903111229506
"BRCA1_1_CTGAAGTAGAGCCTAG-1",16.2747292858642
"BRCA1_1_CTGAAGTAGATATGGT-1",19.0403863939271
"BRCA1_1_CTGAAGTAGCGATGAC-1",24.6587831998609
"BRCA1_1_CTGAAGTCAGCATACT-1",14.9142106358895
"BRCA1_1_CTGAAGTGTTATCCGA-1",13.0454826967058
"BRCA1_1_CTGAAGTGTTTGGGCC-1",16.9903118189155
"BRCA1_1_CTGAAGTTCAGTCCCT-1",13.6766791571966
"BRCA1_1_CTGAAGTTCGTCTGAA-1",17.9108253445755
"BRCA1_1_CTGAAGTTCTCTGAGA-1",16.1843802391788
"BRCA1_1_CTGATAGAGGACGAAA-1",22.4321336534626
"BRCA1_1_CTGATAGCAGTAGAGC-1",25.6381494708993
"BRCA1_1_CTGATAGGTAGGGTAC-1",18.1233944504951
"BRCA1_1_CTGATAGGTCGCTTCT-1",18.0831214354012
"BRCA1_1_CTGATAGGTGGGTATG-1",16.9903125148803
"BRCA1_1_CTGATAGTCAACCATG-1",9.25089140888494
"BRCA1_1_CTGATAGTCTTGCCGT-1",20.8812975738331
"BRCA1_1_CTGATCCAGCTATGCT-1",14.5338975437097
"BRCA1_1_CTGATCCCAGGGATTG-1",21.4242465313475
"BRCA1_1_CTGATCCCATATGAGA-1",18.2341457863125
"BRCA1_1_CTGATCCCATTGCGGC-1",16.8669272772041
"BRCA1_1_CTGATCCGTCAACATC-1",18.0741778244649
"BRCA1_1_CTGATCCGTGGCGAAT-1",13.7099565092745
"BRCA1_1_CTGATCCTCACAATGC-1",21.5546749210674
"BRCA1_1_CTGATCCTCAGGATCT-1",20.5328240487786
"BRCA1_1_CTGATCCTCAGGTTCA-1",17.9514177362053
"BRCA1_1_CTGATCCTCCGCGCAA-1",25.9819918356893
"BRCA1_1_CTGATCCTCTTTACGT-1",18.6588117711957
"BRCA1_1_CTGCCTAAGTACGCCC-1",17.6967294012173
"BRCA1_1_CTGCCTACAAGAAGAG-1",19.0916178408722
"BRCA1_1_CTGCCTACATCCGGGT-1",16.7199707891184
"BRCA1_1_CTGCCTACATCGGGTC-1",13.6527298573582
"BRCA1_1_CTGCCTAGTCTCAACA-1",13.6094466216661
"BRCA1_1_CTGCCTAGTGTTTGTG-1",19.4788872241233
"BRCA1_1_CTGCCTAGTTATCGGT-1",13.5068434419693
"BRCA1_1_CTGCCTATCAGTTCGA-1",15.6319541180932
"BRCA1_1_CTGCCTATCCCTTGCA-1",16.895969859372
"BRCA1_1_CTGCCTATCCGGCACA-1",20.71906204173
"BRCA1_1_CTGCGGACAAGCTGGA-1",13.7099572052394
"BRCA1_1_CTGCGGACAGCGTCCA-1",21.4053172143215
"BRCA1_1_CTGCGGACATTGAGCT-1",21.7787689088148
"BRCA1_1_CTGCGGAGTACCTACA-1",1.47033878149113
"BRCA1_1_CTGCGGAGTCGCCATG-1",13.7099579012043
"BRCA1_1_CTGCGGAGTCTCACCT-1",16.8959705553369
"BRCA1_1_CTGCGGAGTGTTGAGG-1",22.586718296419
"BRCA1_1_CTGCGGAGTTAGATGA-1",17.7619658287743
"BRCA1_1_CTGCGGAGTTCCACAA-1",25.6600294061477
"BRCA1_1_CTGCGGATCAGGTTCA-1",11.6146949375639
"BRCA1_1_CTGCGGATCCAAACTG-1",15.6317649381958
"BRCA1_1_CTGCGGATCCACTCCA-1",13.0370997340003
"BRCA1_1_CTGCTGTAGGATTCGG-1",20.6878849992527
"BRCA1_1_CTGCTGTAGGCAGGTT-1",13.7079043781323
"BRCA1_1_CTGCTGTAGGCGCTCT-1",25.6600301021126
"BRCA1_1_CTGCTGTCAACACGCC-1",23.8722002620402
"BRCA1_1_CTGCTGTCATTGGTAC-1",17.7370884773084
"BRCA1_1_CTGCTGTGTACAGACG-1",22.2351507101538
"BRCA1_1_CTGCTGTGTAGTGAAT-1",25.9819925316541
"BRCA1_1_CTGCTGTGTCCGAGTC-1",13.6732044698404
"BRCA1_1_CTGCTGTGTCGTCTTC-1",23.872200958005
"BRCA1_1_CTGCTGTGTTACGTCA-1",23.4983156196431
"BRCA1_1_CTGCTGTGTTATGCGT-1",24.4763570736781
"BRCA1_1_CTGCTGTGTTCCCTTG-1",13.6227960760122
"BRCA1_1_CTGCTGTTCACTCCTG-1",20.6878856952175
"BRCA1_1_CTGGTCTAGATGGCGT-1",13.7099585971692
"BRCA1_1_CTGGTCTAGCCAGGAT-1",25.6600307980774
"BRCA1_1_CTGGTCTAGTGTACGG-1",18.3502184205652
"BRCA1_1_CTGGTCTCAAAGAATC-1",15.8439113709994
"BRCA1_1_CTGGTCTCAGATAATG-1",24.4646308328508
"BRCA1_1_CTGGTCTGTTCGGGCT-1",21.8927750985858
"BRCA1_1_CTGGTCTGTTCTGTTT-1",13.709959293134
"BRCA1_1_CTGGTCTTCTGTCAAG-1",13.7099599890989
"BRCA1_1_CTGGTCTTCTTACCTA-1",16.3665999649832
"BRCA1_1_CTGTGCTAGGTACTCT-1",22.2011320325906
"BRCA1_1_CTGTGCTCAGCTGTGC-1",18.35021911653
"BRCA1_1_CTGTGCTGTGAAAGAG-1",23.5212762211921
"BRCA1_1_CTGTTTAAGTGGAGAA-1",19.1308351000179
"BRCA1_1_CTGTTTAAGTTTCCTT-1",25.6600314940423
"BRCA1_1_CTGTTTACAAGCGCTC-1",13.7099606850638
"BRCA1_1_CTGTTTACAGCCAATT-1",16.8959712513018
"BRCA1_1_CTGTTTACAGGTCCAC-1",13.7099613810287
"BRCA1_1_CTGTTTAGTCTAGCCG-1",13.609447317631
"BRCA1_1_CTGTTTAGTGTCCTCT-1",13.7099620769936
"BRCA1_1_CTGTTTATCCCGACTT-1",15.8439120669642
"BRCA1_1_CTGTTTATCTACTTAC-1",22.384672782599
"BRCA1_1_CTGTTTATCTGGCGTG-1",11.8412373013653
"BRCA1_1_CTTAACTAGAATAGGG-1",17.9108260405403
"BRCA1_1_CTTAACTAGCGCCTTG-1",25.593745934546
"BRCA1_1_CTTAACTAGCTAAGAT-1",16.9350361002082
"BRCA1_1_CTTAACTAGGTGCACA-1",18.0738259694225
"BRCA1_1_CTTAACTAGGTGCTAG-1",11.9786269820574
"BRCA1_1_CTTAACTAGTACGCGA-1",24.9431331801516
"BRCA1_1_CTTAACTCACGTCTCT-1",22.2011327285555
"BRCA1_1_CTTAACTCAGTGGAGT-1",17.9108267365052
"BRCA1_1_CTTAACTCATACTACG-1",18.4030567242965
"BRCA1_1_CTTAACTCATCCTTGC-1",25.6600321900072
"BRCA1_1_CTTAACTCATCTCGCT-1",22.3466387565876
"BRCA1_1_CTTAACTGTACTCAAC-1",13.6341540265703
"BRCA1_1_CTTAACTGTAGAGTGC-1",19.040387089892
"BRCA1_1_CTTAACTGTATTCGTG-1",17.736264544851
"BRCA1_1_CTTAACTGTCTAAAGA-1",21.78971476601
"BRCA1_1_CTTAACTTCACCCTCA-1",25.8911672964168
"BRCA1_1_CTTAACTTCAGGCAAG-1",13.7099627729584
"BRCA1_1_CTTAACTTCTCCAACC-1",14.8237129957486
"BRCA1_1_CTTAACTTCTTACCTA-1",13.7099634689233
"BRCA1_1_CTTACCGAGCCCAATT-1",18.1057333802778
"BRCA1_1_CTTACCGCACGAAATA-1",24.5848007063139
"BRCA1_1_CTTACCGGTGTAACGG-1",22.3548702306465
"BRCA1_1_CTTACCGTCAGGCCCA-1",13.7099641648882
"BRCA1_1_CTTACCGTCAGTCAGT-1",12.0445689358792
"BRCA1_1_CTTACCGTCTTGAGAC-1",19.1615889232557
"BRCA1_1_CTTAGGAAGTAACCCT-1",12.9238452691356
"BRCA1_1_CTTAGGACAGCTCCGA-1",13.3455924215881
"BRCA1_1_CTTAGGACAGGACCCT-1",20.9735112220719
"BRCA1_1_CTTAGGACAGGTGCCT-1",18.0095280726773
"BRCA1_1_CTTAGGAGTACAGTTC-1",11.5910058007502
"BRCA1_1_CTTAGGAGTTATGCGT-1",16.8959719472667
"BRCA1_1_CTTAGGATCACCGTAA-1",13.7099648608531
"BRCA1_1_CTTAGGATCCCTAATT-1",14.9142113318544
"BRCA1_1_CTTAGGATCCTTTCGG-1",13.0213770873407
"BRCA1_1_CTTAGGATCGTACCGG-1",12.9342631468863
"BRCA1_1_CTTAGGATCGTGACAT-1",25.8442659002552
"BRCA1_1_CTTAGGATCTCGCTTG-1",25.6600328859721
"BRCA1_1_CTTCTCTCAAGCGCTC-1",13.7099655568179
"BRCA1_1_CTTCTCTCAATACGCT-1",20.6878863911824
"BRCA1_1_CTTCTCTGTAAATGTG-1",14.8921290962743
"BRCA1_1_CTTCTCTGTCCGTCAG-1",19.0403877858569
"BRCA1_1_CTTCTCTGTCGCTTTC-1",21.4556580241881
"BRCA1_1_CTTCTCTGTCTGATTG-1",11.8086226122057
"BRCA1_1_CTTCTCTGTGCCTTGG-1",17.9795258402762
"BRCA1_1_CTTCTCTTCACAAACC-1",12.0537952013242
"BRCA1_1_CTTCTCTTCACTCCTG-1",19.3765273931888
"BRCA1_1_CTTCTCTTCCGCTGTT-1",13.7099662527828
"BRCA1_1_CTTCTCTTCGCGTTTC-1",25.6600335819369
"BRCA1_1_CTTCTCTTCGGCTTGG-1",17.9108274324701
"BRCA1_1_CTTCTCTTCTAGCACA-1",17.7254667415334
"BRCA1_1_CTTGGCTAGATGAGAG-1",18.4030574202614
"BRCA1_1_CTTGGCTAGCTGTCTA-1",22.2011334245203
"BRCA1_1_CTTGGCTAGGACATTA-1",22.9714788647782
"BRCA1_1_CTTGGCTAGTTGCAGG-1",24.5080539198109
"BRCA1_1_CTTGGCTCAAACCCAT-1",11.8557238781733
"BRCA1_1_CTTGGCTCACCCTATC-1",16.4145304511169
"BRCA1_1_CTTGGCTCATCTGGTA-1",16.2188397356009
"BRCA1_1_CTTGGCTGTAGCGCTC-1",16.8959726432316
"BRCA1_1_CTTGGCTGTTAGGGTG-1",19.0403884818218
"BRCA1_1_CTTGGCTGTTCAACCA-1",17.910828128435
"BRCA1_1_CTTGGCTTCACGACTA-1",18.2996709182839
"BRCA1_1_CTTGGCTTCTCTAGGA-1",13.7099669487477
"BRCA1_1_CTTTGCGAGCGCTTAT-1",13.6841446700287
"BRCA1_1_CTTTGCGAGGGCTTCC-1",18.162886857812
"BRCA1_1_CTTTGCGAGGTGCTTT-1",14.8921297922392
"BRCA1_1_CTTTGCGAGTTTGCGT-1",20.5797718370816
"BRCA1_1_CTTTGCGCATCTCGCT-1",16.8959733391964
"BRCA1_1_CTTTGCGGTCCGTCAG-1",18.4030581162262
"BRCA1_1_CTTTGCGTCATCTGTT-1",13.7099676447126
"BRCA1_1_CTTTGCGTCCTTTACA-1",20.74884954398
"BRCA1_1_GAAACTCAGCTGCCCA-1",17.9108288243999
"BRCA1_1_GAAACTCCACAAGTAA-1",15.8439127629291
"BRCA1_1_GAAACTCCACCATCCT-1",17.93809661261
"BRCA1_1_GAAACTCCATCACGAT-1",10.0984214088084
"BRCA1_1_GAAACTCTCTTGGGTA-1",14.9142120278192
"BRCA1_1_GAAATGAAGAACAATC-1",15.8872150307035
"BRCA1_1_GAAATGAAGCGCCTTG-1",19.0978698826009
"BRCA1_1_GAAATGACAAGAAGAG-1",15.7797668211901
"BRCA1_1_GAAATGACAAGAGGCT-1",23.8722016539699
"BRCA1_1_GAAATGAGTACCAGTT-1",16.7104716783151
"BRCA1_1_GAAATGATCAACTCTT-1",15.3644781289097
"BRCA1_1_GAAATGATCCAGAGGA-1",13.7099683406775
"BRCA1_1_GAAATGATCTACGAGT-1",13.9115268125144
"BRCA1_1_GAAATGATCTGTACGA-1",18.5114804536579
"BRCA1_1_GAACATCAGATACACA-1",15.4487239073309
"BRCA1_1_GAACATCAGTACGTTC-1",11.139637822472
"BRCA1_1_GAACATCAGTGCTGCC-1",24.6542045290394
"BRCA1_1_GAACATCCAAACTGCT-1",16.8959740351613
"BRCA1_1_GAACATCCAACACCCG-1",19.4693455671185
"BRCA1_1_GAACATCGTCCGAAGA-1",18.7895699358167
"BRCA1_1_GAACATCGTGTGTGCC-1",22.3312186089893
"BRCA1_1_GAACATCTCAAAGTAG-1",0.408732908197725
"BRCA1_1_GAACATCTCCGCTGTT-1",13.7099690366423
"BRCA1_1_GAACATCTCTTATCTG-1",21.9360243894477
"BRCA1_1_GAACCTAAGCGCCTCA-1",25.6396810716706
"BRCA1_1_GAACCTAAGCTAAACA-1",13.7099697326072
"BRCA1_1_GAACCTAAGGCACATG-1",16.9903132108452
"BRCA1_1_GAACCTAAGGCTCAGA-1",23.2805472721644
"BRCA1_1_GAACCTAAGTATCTCG-1",12.8065074036524
"BRCA1_1_GAACCTACAGGGATTG-1",21.3973473340889
"BRCA1_1_GAACCTAGTGGAAAGA-1",24.5702184917518
"BRCA1_1_GAACCTAGTGTGACCC-1",18.5055913612777
"BRCA1_1_GAACCTATCAGCTCTC-1",11.8115001265054
"BRCA1_1_GAACCTATCCCATTTA-1",16.8959747311262
"BRCA1_1_GAACGGAAGCGTTGCC-1",22.2011341204852
"BRCA1_1_GAACGGAAGTACCGGA-1",18.4030588121911
"BRCA1_1_GAACGGACAAGAGGCT-1",15.1662174726768
"BRCA1_1_GAACGGACAATCTACG-1",13.7099704285721
"BRCA1_1_GAACGGACAGGAACGT-1",16.8959754270911
"BRCA1_1_GAACGGAGTCCTGCTT-1",25.6268328511859
"BRCA1_1_GAACGGAGTTCAGACT-1",20.6878870871473
"BRCA1_1_GAACGGAGTTCCTCCA-1",16.2439896160137
"BRCA1_1_GAACGGATCACTCCTG-1",18.2724880897522
"BRCA1_1_GAACGGATCAGGCGAA-1",13.709971124537
"BRCA1_1_GAACGGATCATGTAGC-1",24.6471662400381
"BRCA1_1_GAACGGATCCTGCCAT-1",11.7733185461309
"BRCA1_1_GAACGGATCCTTAATC-1",16.4371534904515
"BRCA1_1_GAACGGATCTTCTGGC-1",13.9384067020132
"BRCA1_1_GAAGCAGAGCGTCAAG-1",18.403059508156
"BRCA1_1_GAAGCAGAGGTGGGTT-1",11.1552574502485
"BRCA1_1_GAAGCAGAGTGTACCT-1",21.4919933819851
"BRCA1_1_GAAGCAGCACTTGGAT-1",17.6693563632739
"BRCA1_1_GAAGCAGCATGCCTAA-1",15.4397373916217
"BRCA1_1_GAAGCAGGTACAGCAG-1",25.4461050818059
"BRCA1_1_GAAGCAGGTATGGTTC-1",13.7099718205019
"BRCA1_1_GAATAAGAGCTGATAA-1",14.9142127237841
"BRCA1_1_GAATAAGAGTACACCT-1",18.8096490055205
"BRCA1_1_GAATAAGCAAGCTGAG-1",13.7099725164667
"BRCA1_1_GAATAAGCACAGACAG-1",13.6094480135958
"BRCA1_1_GAATAAGCACCATGTA-1",18.4030602041209
"BRCA1_1_GAATAAGCACGGTTTA-1",11.0634239275328
"BRCA1_1_GAATAAGCAGGGTACA-1",16.9903139068101
"BRCA1_1_GAATAAGCAGTCGATT-1",12.0537958972891
"BRCA1_1_GAATAAGCATGTAAGA-1",19.1457913963456
"BRCA1_1_GAATAAGGTTATGCGT-1",23.524612857768
"BRCA1_1_GAATAAGGTTGGTGGA-1",16.990314602775
"BRCA1_1_GAATAAGTCGCCGTGA-1",13.7099732124316
"BRCA1_1_GAATAAGTCTGGTATG-1",17.9108295203647
"BRCA1_1_GAATAAGTCTGTCAAG-1",15.2483661750087
"BRCA1_1_GAATGAAAGACTTGAA-1",13.7099739083965
"BRCA1_1_GAATGAACAAGGTGTG-1",13.345593117553
"BRCA1_1_GAATGAACACATGACT-1",17.9108302163296
"BRCA1_1_GAATGAACACCGAATT-1",25.856919298271
"BRCA1_1_GAATGAACACTTACGA-1",19.4254497117096
"BRCA1_1_GAATGAAGTAAGGGAA-1",16.3295734881989
"BRCA1_1_GAATGAAGTACCCAAT-1",18.0595851722795
"BRCA1_1_GAATGAAGTCCGAATT-1",21.8811577088492
"BRCA1_1_GAATGAAGTCCTAGCG-1",24.0593968603773
"BRCA1_1_GAATGAAGTCTAGAGG-1",13.8932590643784
"BRCA1_1_GAATGAAGTGTGAATA-1",18.4902738045797
"BRCA1_1_GAATGAATCCACGAAT-1",13.7099746043614
"BRCA1_1_GAATGAATCCCTAACC-1",17.7594388632035
"BRCA1_1_GACACGCAGTTCGCGC-1",14.914213419749
"BRCA1_1_GACACGCGTCGAATCT-1",18.67910006483
"BRCA1_1_GACACGCTCACATAGC-1",21.9891975497482
"BRCA1_1_GACACGCTCATGCATG-1",21.1144794499564
"BRCA1_1_GACACGCTCTACTATC-1",13.6094487095607
"BRCA1_1_GACAGAGAGAAAGTGG-1",25.6600342779018
"BRCA1_1_GACAGAGAGCGCTCCA-1",25.8914626861931
"BRCA1_1_GACAGAGAGTTCGCAT-1",17.9108309122945
"BRCA1_1_GACAGAGGTATCAGTC-1",19.5112492285752
"BRCA1_1_GACAGAGGTTTGCATG-1",11.1374372685718
"BRCA1_1_GACCAATAGAGCTGCA-1",21.9360250854126
"BRCA1_1_GACCAATAGCGCTCCA-1",10.1203444245996
"BRCA1_1_GACCAATAGTTGTCGT-1",11.1494145622224
"BRCA1_1_GACCAATCAAGAAGAG-1",11.0443342220531
"BRCA1_1_GACCAATCACCGAAAG-1",14.892130488204
"BRCA1_1_GACCAATCACTCGACG-1",11.9880419946941
"BRCA1_1_GACCAATCACTGAAGG-1",18.4030609000857
"BRCA1_1_GACCAATCAGAGCCAA-1",21.143328438873
"BRCA1_1_GACCAATCAGATCGGA-1",19.1663512473046
"BRCA1_1_GACCAATGTCTGCGGT-1",21.5123922001852
"BRCA1_1_GACCAATTCACCAGGC-1",20.7212272750637
"BRCA1_1_GACCTGGAGACCACGA-1",19.062081654607
"BRCA1_1_GACCTGGAGGAATTAC-1",22.2068573073503
"BRCA1_1_GACCTGGAGTGAATTG-1",13.0012879871156
"BRCA1_1_GACCTGGCAAGCCATT-1",18.4030615960506
"BRCA1_1_GACCTGGCAAGCTGGA-1",24.017831363187
"BRCA1_1_GACCTGGCACACGCTG-1",18.4030622920155
"BRCA1_1_GACCTGGCATCTCGCT-1",13.7099753003262
"BRCA1_1_GACCTGGCATTGTGCA-1",13.7099759962911
"BRCA1_1_GACCTGGGTGTTTGGT-1",7.5392135340123
"BRCA1_1_GACCTGGTCGAATGGG-1",17.9108316082594
"BRCA1_1_GACCTGGTCTCACATT-1",8.00790359524162
"BRCA1_1_GACCTGGTCTGTCAAG-1",8.29959588064342
"BRCA1_1_GACGCGTAGAGGGCTT-1",13.709976692256
"BRCA1_1_GACGCGTAGGGAGTAA-1",13.7099773882209
"BRCA1_1_GACGCGTAGTGTCTCA-1",25.8662907951828
"BRCA1_1_GACGCGTCAAAGTCAA-1",17.6695475366989
"BRCA1_1_GACGCGTCATATACGC-1",13.356008853465
"BRCA1_1_GACGCGTGTAATCGTC-1",24.067583215097
"BRCA1_1_GACGCGTGTACTTAGC-1",22.3311740401705
"BRCA1_1_GACGCGTGTGCCTGGT-1",2.56026992849038
"BRCA1_1_GACGCGTGTGCGCTTG-1",19.5141143366725
"BRCA1_1_GACGCGTGTTCGGCAC-1",21.8687790356862
"BRCA1_1_GACGCGTTCTTGCCGT-1",21.0778700549333
"BRCA1_1_GACGGCTAGTACGTAA-1",18.7641827392256
"BRCA1_1_GACGGCTCAATTGCTG-1",21.8371123882489
"BRCA1_1_GACGGCTCACCAGGCT-1",9.44469779121448
"BRCA1_1_GACGGCTGTGCCTGCA-1",2.4669337261212
"BRCA1_1_GACGGCTTCTTAACCT-1",21.4843602634393
"BRCA1_1_GACGTGCCAATGAAAC-1",23.5874816823358
"BRCA1_1_GACGTGCCACATGTGT-1",16.9903152987399
"BRCA1_1_GACGTGCCAGCATACT-1",18.3502198124949
"BRCA1_1_GACGTGCGTACAGACG-1",25.226618539927
"BRCA1_1_GACGTGCGTCATGCCG-1",20.3270968526519
"BRCA1_1_GACGTGCTCAAAGACA-1",11.6441599086301
"BRCA1_1_GACGTGCTCAGTTCGA-1",17.0266627334818
"BRCA1_1_GACGTGCTCCGAAGAG-1",17.6860024366619
"BRCA1_1_GACGTTACAGTTTACG-1",13.4895286780422
"BRCA1_1_GACGTTAGTAATTGGA-1",16.895976123056
"BRCA1_1_GACGTTATCCAACCAA-1",19.0403891777867
"BRCA1_1_GACGTTATCCCTTGTG-1",0.45778409892082
"BRCA1_1_GACGTTATCCGATATG-1",13.0251284362607
"BRCA1_1_GACGTTATCTGCCCTA-1",18.5286441220308
"BRCA1_1_GACTAACAGACTGGGT-1",24.0991804971817
"BRCA1_1_GACTAACAGCCACGTC-1",11.6487495191599
"BRCA1_1_GACTAACAGCTGGAAC-1",21.4732426121069
"BRCA1_1_GACTAACAGTAATCCC-1",23.9944855549181
"BRCA1_1_GACTAACAGTTAGGTA-1",10.7540292731235
"BRCA1_1_GACTAACCAAATTGCC-1",17.9108323042242
"BRCA1_1_GACTAACCATCAGTAC-1",25.6287382372797
"BRCA1_1_GACTAACGTAATCACC-1",17.9108330001891
"BRCA1_1_GACTAACGTGAGGCTA-1",11.8253331894773
"BRCA1_1_GACTAACGTGAGGGAG-1",16.8959768190208
"BRCA1_1_GACTAACGTTATTCTC-1",13.6654154369213
"BRCA1_1_GACTAACTCACATGCA-1",16.9903159947047
"BRCA1_1_GACTAACTCCTCGCAT-1",11.8446999924202
"BRCA1_1_GACTACAAGTGTCCAT-1",14.8921311841689
"BRCA1_1_GACTACACACATGACT-1",13.6896204735893
"BRCA1_1_GACTACACAGTGACAG-1",25.6600349738667
"BRCA1_1_GACTACACATGAAGTA-1",15.0928884400422
"BRCA1_1_GACTACATCCACGTTC-1",13.6094494055256
"BRCA1_1_GACTACATCGACAGCC-1",9.40177226177226
"BRCA1_1_GACTACATCTAGCACA-1",13.7099780841858
"BRCA1_1_GACTACATCTCGTATT-1",21.9360257813775
"BRCA1_1_GACTGCGAGGGATACC-1",11.6017881195536
"BRCA1_1_GACTGCGAGTGAACGC-1",13.5129963306371
"BRCA1_1_GACTGCGCAAGCCGTC-1",13.7192023731272
"BRCA1_1_GACTGCGCATCATCCC-1",14.8628150212358
"BRCA1_1_GACTGCGGTAGCAAAT-1",23.521276917157
"BRCA1_1_GACTGCGGTCAGAAGC-1",25.981993227619
"BRCA1_1_GACTGCGGTGAGCGAT-1",18.1471413494686
"BRCA1_1_GACTGCGGTTGCGCAC-1",23.6553679047853
"BRCA1_1_GACTGCGTCAGAGCTT-1",25.6600356698316
"BRCA1_1_GACTGCGTCCAGTAGT-1",13.7099787801506
"BRCA1_1_GACTGCGTCGCACTCT-1",25.6600363657965
"BRCA1_1_GAGCAGAAGAGCTATA-1",22.4722442590095
"BRCA1_1_GAGCAGACACCTCGGA-1",16.3240389888495
"BRCA1_1_GAGCAGAGTACGCACC-1",18.2260817890354
"BRCA1_1_GAGCAGAGTTACGACT-1",18.4030629879804
"BRCA1_1_GAGCAGATCAAAGTAG-1",25.000154497389
"BRCA1_1_GAGCAGATCAAGATCC-1",16.8289018353159
"BRCA1_1_GAGCAGATCCCATTAT-1",22.2289728219355
"BRCA1_1_GAGCAGATCCGTCATC-1",17.910833696154
"BRCA1_1_GAGCAGATCTGTCTCG-1",18.5891243188683
"BRCA1_1_GAGCAGATCTTCGGTC-1",20.6878877831122
"BRCA1_1_GAGGTGAAGGATATAC-1",16.8959775149857
"BRCA1_1_GAGGTGAAGGCAGTCA-1",13.7099794761155
"BRCA1_1_GAGGTGACACAGTCGC-1",18.0501755863393
"BRCA1_1_GAGGTGACAGATGAGC-1",25.6600370617613
"BRCA1_1_GAGGTGAGTACTTAGC-1",22.2011348164501
"BRCA1_1_GAGGTGAGTCGGCTCA-1",11.1001091046179
"BRCA1_1_GAGGTGAGTGCACTTA-1",13.7099801720804
"BRCA1_1_GAGGTGATCCGAATGT-1",16.71047237428
"BRCA1_1_GAGGTGATCGAATGCT-1",14.5449190413695
"BRCA1_1_GAGGTGATCGACGGAA-1",22.6998951370327
"BRCA1_1_GAGGTGATCGATGAGG-1",15.4441869152948
"BRCA1_1_GAGTCCGAGACTACAA-1",13.0371004299651
"BRCA1_1_GAGTCCGGTAACGACG-1",15.6373885517534
"BRCA1_1_GAGTCCGGTCACAAGG-1",19.1077625999296
"BRCA1_1_GAGTCCGGTCACTGGC-1",23.8899479387514
"BRCA1_1_GAGTCCGGTTACCAGT-1",21.9360264773423
"BRCA1_1_GAGTCCGTCAGGCAAG-1",16.9903166906696
"BRCA1_1_GAGTCCGTCAGGCCCA-1",11.8557245741382
"BRCA1_1_GAGTCCGTCCTTTACA-1",14.888419860041
"BRCA1_1_GATCAGTAGGACAGCT-1",15.843913458894
"BRCA1_1_GATCAGTCAACACGCC-1",13.7099808680453
"BRCA1_1_GATCAGTCAATCTGCA-1",13.7099815640102
"BRCA1_1_GATCAGTGTATCAGTC-1",15.2052500680606
"BRCA1_1_GATCAGTGTTAAGACA-1",21.6522052075605
"BRCA1_1_GATCAGTGTTAGAACA-1",13.709982259975
"BRCA1_1_GATCAGTTCATCGGAT-1",23.4773968344685
"BRCA1_1_GATCAGTTCTCCAACC-1",13.7099829559399
"BRCA1_1_GATCGATAGATCCCGC-1",13.0213777833056
"BRCA1_1_GATCGATAGTTAGGTA-1",16.2931904105927
"BRCA1_1_GATCGATCAAGACGTG-1",16.9903173866345
"BRCA1_1_GATCGATCACTTGGAT-1",3.52078383870677
"BRCA1_1_GATCGATCATAAGACA-1",16.1875966442419
"BRCA1_1_GATCGATCATCTGGTA-1",22.6998958329976
"BRCA1_1_GATCGATCATTGCGGC-1",13.5290593456715
"BRCA1_1_GATCGATTCCTATGTT-1",25.6408186506192
"BRCA1_1_GATCGATTCTGTCCGT-1",14.9142141157139
"BRCA1_1_GATCGCGAGAGCAATT-1",13.7099836519048
"BRCA1_1_GATCGCGAGCTAACAA-1",13.7099843478697
"BRCA1_1_GATCGCGAGCTAGCCC-1",9.40986260747698
"BRCA1_1_GATCGCGCAAACTGTC-1",16.8959782109506
"BRCA1_1_GATCGCGCACTGTTAG-1",21.6367150409118
"BRCA1_1_GATCGCGCATCGATTG-1",13.7099850438345
"BRCA1_1_GATCGCGGTCTGGAGA-1",20.6878884790771
"BRCA1_1_GATCGCGGTGACGCCT-1",12.9621767927682
"BRCA1_1_GATCGCGGTGTGTGCC-1",18.0733328324853
"BRCA1_1_GATCGCGTCGCTAGCG-1",10.9236051541702
"BRCA1_1_GATCGCGTCTGTCAAG-1",22.6635292241375
"BRCA1_1_GATCGCGTCTTGCATT-1",12.097211041136
"BRCA1_1_GATCGTAAGACTGTAA-1",23.3801783304383
"BRCA1_1_GATCGTAAGATGGGTC-1",6.30476461334029
"BRCA1_1_GATCGTAAGGACAGCT-1",14.5864712690053
"BRCA1_1_GATCGTACAGGAATGC-1",12.0537965932539
"BRCA1_1_GATCGTAGTAGAGGAA-1",17.7209892066419
"BRCA1_1_GATCGTATCACCTCGT-1",13.3577868429333
"BRCA1_1_GATCGTATCTCAAACG-1",10.9704801460911
"BRCA1_1_GATCTAGAGGCTCATT-1",21.4612891271591
"BRCA1_1_GATCTAGAGGGAACGG-1",11.6714438602413
"BRCA1_1_GATCTAGAGGGTGTTG-1",17.9108343921189
"BRCA1_1_GATCTAGCACAGATTC-1",24.0963379151819
"BRCA1_1_GATCTAGGTCCTCTTG-1",18.3502205084598
"BRCA1_1_GATCTAGGTTAAGTAG-1",17.9108350880838
"BRCA1_1_GATCTAGTCACAATGC-1",22.2333079473475
"BRCA1_1_GATCTAGTCATTTGGG-1",18.641196446031
"BRCA1_1_GATCTAGTCCCACTTG-1",13.9406118707064
"BRCA1_1_GATCTAGTCCTAGTGA-1",16.7104730702449
"BRCA1_1_GATCTAGTCGCGGATC-1",14.9142148116787
"BRCA1_1_GATCTAGTCTACCAGA-1",13.4226910421579
"BRCA1_1_GATCTAGTCTTGTCAT-1",16.2341630021324
"BRCA1_1_GATGAAAAGCGTTTAC-1",25.6600377577262
"BRCA1_1_GATGAAAAGGTGGGTT-1",13.5564915022886
"BRCA1_1_GATGAAACACACCGCA-1",15.7564971084095
"BRCA1_1_GATGAAACACTTAACG-1",18.6483444394586
"BRCA1_1_GATGAAAGTATGAAAC-1",12.0537972892188
"BRCA1_1_GATGAAAGTCGGATCC-1",12.1292359133379
"BRCA1_1_GATGAAAGTGGTTTCA-1",24.6596403497
"BRCA1_1_GATGAAATCCTTCAAT-1",21.885225296479
"BRCA1_1_GATGAAATCGCATGGC-1",16.8959789069155
"BRCA1_1_GATGAAATCGTCTGCT-1",15.4540622006479
"BRCA1_1_GATGAAATCTTGCATT-1",22.3603578246939
"BRCA1_1_GATGAGGAGCGACGTA-1",18.0523696548584
"BRCA1_1_GATGAGGAGCGATCCC-1",25.6600384536911
"BRCA1_1_GATGAGGCAGTAACGG-1",13.7099857397994
"BRCA1_1_GATGAGGCATGGTCAT-1",17.0858794147208
"BRCA1_1_GATGAGGGTGGTCTCG-1",17.6661583134075
"BRCA1_1_GATGAGGTCCTTGGTC-1",20.6635914656493
"BRCA1_1_GATGAGGTCGTACGGC-1",17.9367649395055
"BRCA1_1_GATGAGGTCTGCGACG-1",15.2073488834543
"BRCA1_1_GATGCTAAGAGCCTAG-1",19.5112597797375
"BRCA1_1_GATGCTAAGATATGCA-1",25.9819939235839
"BRCA1_1_GATGCTAAGATCTGAA-1",18.4189537931861
"BRCA1_1_GATGCTACACTACAGT-1",14.9142155076436
"BRCA1_1_GATGCTAGTTGCGCAC-1",21.9360271733072
"BRCA1_1_GATGCTAGTTGGTTTG-1",16.1843809351437
"BRCA1_1_GATGCTATCAGCAACT-1",17.8577867767739
"BRCA1_1_GATGCTATCAGGCAAG-1",12.9731945929325
"BRCA1_1_GATGCTATCTTTAGGG-1",13.7099864357643
"BRCA1_1_GATTCAGAGCAGGTCA-1",24.7016006471752
"BRCA1_1_GATTCAGAGGCCATAG-1",14.323893283977
"BRCA1_1_GATTCAGCATACTCTT-1",20.7046348847054
"BRCA1_1_GATTCAGCATCACAAC-1",17.8765651314248
"BRCA1_1_GATTCAGCATCTCGCT-1",24.6142280627909
"BRCA1_1_GATTCAGGTAGCGTGA-1",24.9285751351903
"BRCA1_1_GATTCAGGTTGGAGGT-1",24.7017694804963
"BRCA1_1_GATTCAGTCAACACAC-1",13.7099871317292
"BRCA1_1_GATTCAGTCCGCAAGC-1",15.8439141548589
"BRCA1_1_GATTCAGTCGAACTGT-1",11.6391012681222
"BRCA1_1_GCAAACTAGAGACGAA-1",13.7701708231203
"BRCA1_1_GCAAACTAGCACGCCT-1",13.7099878276941
"BRCA1_1_GCAAACTAGCCGATTT-1",13.624804876471
"BRCA1_1_GCAAACTCAACGCACC-1",18.9002229034016
"BRCA1_1_GCAAACTCACCGCTAG-1",17.802505158185
"BRCA1_1_GCAAACTCACTGTCGG-1",15.6426222048971
"BRCA1_1_GCAAACTCAGTAACGG-1",12.7803040974721
"BRCA1_1_GCAAACTCAGTCAGCC-1",15.1143855061729
"BRCA1_1_GCAAACTGTCGTCTTC-1",17.6966077982161
"BRCA1_1_GCAAACTGTGTAATGA-1",18.4030636839453
"BRCA1_1_GCAAACTGTGTGCGTC-1",22.606321410351
"BRCA1_1_GCAAACTGTTTACTCT-1",18.0371938164102
"BRCA1_1_GCAAACTTCGCTTAGA-1",18.0652630980674
"BRCA1_1_GCAAACTTCTGCGTAA-1",13.7099885236589
"BRCA1_1_GCAATCAAGGCCCTTG-1",21.6097789219996
"BRCA1_1_GCAATCAAGGGTGTGT-1",17.9108357840486
"BRCA1_1_GCAATCAAGTCAAGGC-1",16.9903180825994
"BRCA1_1_GCAATCAAGTGAAGAG-1",20.5942522419621
"BRCA1_1_GCAATCAAGTGAAGTT-1",13.7099892196238
"BRCA1_1_GCAATCAGTCGGCATC-1",13.6332932725252
"BRCA1_1_GCAATCAGTTGCCTCT-1",13.7099899155887
"BRCA1_1_GCACATAAGAAACGCC-1",18.2896661806985
"BRCA1_1_GCACATACACCTGGTG-1",24.7182540048009
"BRCA1_1_GCACATACACGAAATA-1",21.9360278692721
"BRCA1_1_GCACATACAGCCACCA-1",20.6878891750419
"BRCA1_1_GCACATACAGGAATCG-1",18.1447081885271
"BRCA1_1_GCACATACATACTCTT-1",15.3940835260091
"BRCA1_1_GCACATACATTGAGCT-1",15.8010536145001
"BRCA1_1_GCACATAGTGTTAAGA-1",13.7099906115536
"BRCA1_1_GCACATAGTTAAGTAG-1",11.6428954935103
"BRCA1_1_GCACATAGTTGTCGCG-1",24.6100665661948
"BRCA1_1_GCACATATCCCTCAGT-1",14.7042046853522
"BRCA1_1_GCACTCTAGAAACGAG-1",25.4711506675889
"BRCA1_1_GCACTCTAGTCAAGCG-1",13.4219658734764
"BRCA1_1_GCACTCTAGTCCTCCT-1",21.7240401487202
"BRCA1_1_GCACTCTAGTGGTAAT-1",24.5081791022097
"BRCA1_1_GCACTCTCAACGCACC-1",16.8959796028803
"BRCA1_1_GCACTCTCAATTGCTG-1",16.9751662164136
"BRCA1_1_GCACTCTGTGCGAAAC-1",11.7859959854791
"BRCA1_1_GCACTCTTCCTCAATT-1",21.1277739132652
"BRCA1_1_GCACTCTTCGAGAGCA-1",24.5511627009816
"BRCA1_1_GCAGCCAAGATCTGCT-1",20.7472155159615
"BRCA1_1_GCAGCCACACGAAAGC-1",15.7521446186513
"BRCA1_1_GCAGCCACACTGTCGG-1",22.6998965289625
"BRCA1_1_GCAGCCAGTCTAAACC-1",21.9891982457131
"BRCA1_1_GCAGCCAGTGCACCAC-1",13.7099913075185
"BRCA1_1_GCAGCCAGTTAAGTAG-1",17.9108364800135
"BRCA1_1_GCAGCCAGTTACAGAA-1",13.7099920034833
"BRCA1_1_GCAGCCATCACGGTTA-1",17.9108371759784
"BRCA1_1_GCAGCCATCCTTTCGG-1",17.9108378719433
"BRCA1_1_GCAGCCATCGTCCAGG-1",13.0252982901997
"BRCA1_1_GCAGTTAAGATGTCGG-1",21.5629538636629
"BRCA1_1_GCAGTTAAGGGCATGT-1",13.7099926994482
"BRCA1_1_GCAGTTAGTCATACTG-1",11.7756672954763
"BRCA1_1_GCAGTTAGTTTGACTG-1",23.8729191311941
"BRCA1_1_GCAGTTATCAACACTG-1",13.87188071237
"BRCA1_1_GCAGTTATCTTTCCTC-1",23.8783152362662
"BRCA1_1_GCATACAAGATCTGAA-1",20.6878898710068
"BRCA1_1_GCATACAAGCTACCTA-1",13.9380621100392
"BRCA1_1_GCATACAAGGATGCGT-1",13.7099933954131
"BRCA1_1_GCATACAAGGCATTGG-1",20.6878905669717
"BRCA1_1_GCATACACACGGACAA-1",18.5959154428304
"BRCA1_1_GCATACACAGCAGTTT-1",22.462812020949
"BRCA1_1_GCATACAGTAAGCACG-1",18.9324040153665
"BRCA1_1_GCATACAGTGCTGTAT-1",9.0121193694105
"BRCA1_1_GCATACATCCTGTAGA-1",20.8839641775411
"BRCA1_1_GCATGATAGCCCGAAA-1",21.6846696361306
"BRCA1_1_GCATGATAGGACTGGT-1",13.709994091378
"BRCA1_1_GCATGATAGTATTGGA-1",13.6537856232913
"BRCA1_1_GCATGATAGTTAACGA-1",14.9142162036085
"BRCA1_1_GCATGATCATCACGTA-1",16.8959802988452
"BRCA1_1_GCATGATCATCCGTGG-1",16.9903187785642
"BRCA1_1_GCATGATGTCTAACGT-1",25.8970505530253
"BRCA1_1_GCATGATGTCTCTTTA-1",16.8959809948101
"BRCA1_1_GCATGATGTTGGAGGT-1",13.6888975139055
"BRCA1_1_GCATGATGTTGGTAAA-1",22.2632283772237
"BRCA1_1_GCATGATTCAAGCCTA-1",13.7099947873429
"BRCA1_1_GCATGATTCGCAGGCT-1",13.7099954833077
"BRCA1_1_GCATGCGAGAGTGACC-1",13.7099961792726
"BRCA1_1_GCATGCGAGCCCTAAT-1",16.9903194745291
"BRCA1_1_GCATGCGAGCTGGAAC-1",21.936028565237
"BRCA1_1_GCATGCGAGGAGTACC-1",20.6878912629366
"BRCA1_1_GCATGCGAGGGCATGT-1",13.7099968752375
"BRCA1_1_GCATGCGAGGGTGTTG-1",13.6746814716244
"BRCA1_1_GCATGCGCAACTTGAC-1",22.240733904918
"BRCA1_1_GCATGCGCACCTATCC-1",13.0213784792704
"BRCA1_1_GCATGCGCAGGGCATA-1",14.643185327765
"BRCA1_1_GCATGCGCATCGACGC-1",16.1843816311086
"BRCA1_1_GCATGCGGTCGTGGCT-1",13.7099975712024
"BRCA1_1_GCATGCGTCAGAAATG-1",11.1529245065716
"BRCA1_1_GCATGCGTCGATGAGG-1",15.4091867870031
"BRCA1_1_GCATGTAAGAAACGCC-1",16.2128266126252
"BRCA1_1_GCATGTAAGCAGGCTA-1",18.4112893789711
"BRCA1_1_GCATGTAAGGAGTCTG-1",11.1783927531393
"BRCA1_1_GCATGTACAGGGAGAG-1",18.560439533585
"BRCA1_1_GCATGTAGTCTCAACA-1",17.9108385679082
"BRCA1_1_GCATGTATCAAGGCTT-1",13.7099982671672
"BRCA1_1_GCATGTATCTCGTATT-1",16.990320170494
"BRCA1_1_GCCAAATAGACCTAGG-1",21.0444199287884
"BRCA1_1_GCCAAATAGAGCCCAA-1",17.7475177175892
"BRCA1_1_GCCAAATAGAGTAAGG-1",11.6767554131186
"BRCA1_1_GCCAAATAGATGCCTT-1",21.9360292612019
"BRCA1_1_GCCAAATAGGCTATCT-1",21.6622324345461
"BRCA1_1_GCCAAATAGGGTTTCT-1",18.0688090534833
"BRCA1_1_GCCAAATCACAAGACG-1",25.9819946195488
"BRCA1_1_GCCAAATCACTGCCAG-1",23.986165436895
"BRCA1_1_GCCAAATTCAAAGTAG-1",10.9150143866409
"BRCA1_1_GCCAAATTCCCAACGG-1",18.0321958498625
"BRCA1_1_GCCAAATTCGGTGTCG-1",13.7099989631321
"BRCA1_1_GCCAAATTCTGCTTGC-1",24.1096834455175
"BRCA1_1_GCCTCTAAGAAGCCCA-1",13.709999659097
"BRCA1_1_GCCTCTAAGCCACTAT-1",22.6998972249274
"BRCA1_1_GCCTCTAAGCTAGTTC-1",16.895981690775
"BRCA1_1_GCCTCTAAGCTGATAA-1",24.0461732969609
"BRCA1_1_GCCTCTAAGGAATTAC-1",16.8959823867399
"BRCA1_1_GCCTCTACAATAAGCA-1",13.5778345785391
"BRCA1_1_GCCTCTACACAACGCC-1",19.0403898737515
"BRCA1_1_GCCTCTACAGCCTTGG-1",16.3274170331346
"BRCA1_1_GCCTCTAGTAGCGTGA-1",17.1681482439288
"BRCA1_1_GCCTCTAGTGTGACGA-1",0.0151659529118442
"BRCA1_1_GCCTCTAGTTATGCGT-1",16.2801034954607
"BRCA1_1_GCCTCTAGTTGGACCC-1",18.5085211044984
"BRCA1_1_GCCTCTAGTTGTTTGG-1",22.2137045293163
"BRCA1_1_GCCTCTATCAACGGGA-1",18.8098703391608
"BRCA1_1_GCCTCTATCGTCTGAA-1",21.9360299571667
"BRCA1_1_GCGACCACACCCATTC-1",11.7823421628585
"BRCA1_1_GCGACCACATACGCTA-1",16.9903208664589
"BRCA1_1_GCGACCAGTAGCGTGA-1",16.7104737662098
"BRCA1_1_GCGACCAGTCCGAAGA-1",15.4309156911299
"BRCA1_1_GCGACCAGTTGGTAAA-1",13.1016759695722
"BRCA1_1_GCGACCAGTTTGTTTC-1",22.6998979208922
"BRCA1_1_GCGACCATCCCACTTG-1",23.3378762580523
"BRCA1_1_GCGACCATCCGAATGT-1",22.2208654575933
"BRCA1_1_GCGACCATCCGTCATC-1",16.7447432721112
"BRCA1_1_GCGACCATCGCGATCG-1",11.6493401352823
"BRCA1_1_GCGACCATCGGTGTTA-1",23.507515990551
"BRCA1_1_GCGACCATCTATCCCG-1",21.8765505861843
"BRCA1_1_GCGACCATCTCGCTTG-1",15.8872157266684
"BRCA1_1_GCGACCATCTTATCTG-1",10.8559947925094
"BRCA1_1_GCGAGAAAGATCGATA-1",18.3502212044247
"BRCA1_1_GCGAGAAAGCGATCCC-1",13.5411174868439
"BRCA1_1_GCGAGAAAGCGTCAAG-1",17.1348148142083
"BRCA1_1_GCGAGAAAGGGCTTGA-1",22.215515380962
"BRCA1_1_GCGAGAAAGTCGATAA-1",13.6094501014905
"BRCA1_1_GCGAGAAAGTGCCATT-1",18.3479427814961
"BRCA1_1_GCGAGAACACCGCTAG-1",22.201135512415
"BRCA1_1_GCGAGAACACTCGACG-1",19.0403905697164
"BRCA1_1_GCGAGAAGTATAATGG-1",20.6878919589014
"BRCA1_1_GCGAGAAGTGTGCGTC-1",14.6145692906182
"BRCA1_1_GCGAGAAGTGTTTGTG-1",18.0322407644935
"BRCA1_1_GCGAGAAGTTACCGAT-1",21.7250699961516
"BRCA1_1_GCGAGAATCAAACCAC-1",14.2639162218314
"BRCA1_1_GCGAGAATCAAAGACA-1",12.2288850423392
"BRCA1_1_GCGCAACAGAAACCTA-1",20.6221431717486
"BRCA1_1_GCGCAACAGTTCGATC-1",20.4399066565221
"BRCA1_1_GCGCAACCAAGCTGAG-1",16.3503657278226
"BRCA1_1_GCGCAACCAGATGGCA-1",21.6754469904435
"BRCA1_1_GCGCAACCAGTCAGAG-1",17.910839263873
"BRCA1_1_GCGCAACCATAGAAAC-1",23.0089352137833
"BRCA1_1_GCGCAACCATTGCGGC-1",13.7100003550619
"BRCA1_1_GCGCAACGTACTCTCC-1",21.989198941678
"BRCA1_1_GCGCAACGTCGAATCT-1",18.2363655802789
"BRCA1_1_GCGCAACGTGACAAAT-1",13.7100010510268
"BRCA1_1_GCGCAACGTTACTGAC-1",25.9819953155137
"BRCA1_1_GCGCAACTCTTATCTG-1",10.8523540025894
"BRCA1_1_GCGCAGTAGCTAACTC-1",25.4964325281308
"BRCA1_1_GCGCAGTAGTGATCGG-1",25.660039149656
"BRCA1_1_GCGCAGTCAACTGGCC-1",19.0740049605315
"BRCA1_1_GCGCAGTCAATGGAGC-1",14.2562202249963
"BRCA1_1_GCGCAGTCACATGGGA-1",22.3941944044127
"BRCA1_1_GCGCAGTGTAGCTGCC-1",25.9249902476482
"BRCA1_1_GCGCAGTGTATCAGTC-1",11.673384629596
"BRCA1_1_GCGCAGTGTCCTCCAT-1",25.6332747641391
"BRCA1_1_GCGCAGTTCCTAAGTG-1",22.2052120953771
"BRCA1_1_GCGCAGTTCTTCCTTC-1",16.8959830827047
"BRCA1_1_GCGCCAAAGAACAATC-1",10.7540299690884
"BRCA1_1_GCGCCAAAGATAGCAT-1",13.7100017469916
"BRCA1_1_GCGCCAAAGATCCCAT-1",24.4722928510697
"BRCA1_1_GCGCCAAAGCTGTTCA-1",13.7100024429565
"BRCA1_1_GCGCCAAAGGAATCGC-1",18.4030643799101
"BRCA1_1_GCGCCAAGTCGCTTCT-1",18.403065075875
"BRCA1_1_GCGCCAAGTGATAAAC-1",17.9108399598379
"BRCA1_1_GCGCCAAGTTCAGACT-1",18.4030657718399
"BRCA1_1_GCGCCAATCAATACCG-1",17.6652166906514
"BRCA1_1_GCGCCAATCACTTATC-1",16.8959837786696
"BRCA1_1_GCGCCAATCGTCACGG-1",13.6372480472435
"BRCA1_1_GCGCCAATCGTGACAT-1",13.7100031389214
"BRCA1_1_GCGCCAATCTCCAACC-1",22.6086072076947
"BRCA1_1_GCGCCAATCTTTACGT-1",16.4306542781394
"BRCA1_1_GCGCGATAGATATGGT-1",13.7100038348863
"BRCA1_1_GCGCGATAGCACAGGT-1",11.1684682678988
"BRCA1_1_GCGCGATAGTGTCTCA-1",16.9903215624238
"BRCA1_1_GCGCGATCATCTATGG-1",24.7182547007657
"BRCA1_1_GCGCGATCATTCTCAT-1",25.6600398456209
"BRCA1_1_GCGCGATTCCAAACTG-1",25.6600405415857
"BRCA1_1_GCGCGATTCTCGAGTA-1",13.622796771977
"BRCA1_1_GCGGGTTCAATAAGCA-1",14.8877517112834
"BRCA1_1_GCGGGTTCACGGCGTT-1",20.3601221580815
"BRCA1_1_GCGGGTTCAGGGCATA-1",14.6387862090973
"BRCA1_1_GCGGGTTCAGTATGCT-1",12.9750670531953
"BRCA1_1_GCGGGTTGTCGGATCC-1",16.8959844746345
"BRCA1_1_GCGGGTTGTGTGACGA-1",25.6600412375506
"BRCA1_1_GCGGGTTGTTATGCGT-1",23.4924164779021
"BRCA1_1_GCGGGTTTCAACCAAC-1",20.6878926548663
"BRCA1_1_GCGGGTTTCACTTCAT-1",19.1272621854336
"BRCA1_1_GCGGGTTTCCAAATGC-1",16.9759738323146
"BRCA1_1_GCGGGTTTCTCAACTT-1",13.7100045308512
"BRCA1_1_GCTCCTAAGAGACTTA-1",20.2448869282052
"BRCA1_1_GCTCCTAAGATAGGAG-1",13.5645471499312
"BRCA1_1_GCTCCTACAAAGCAAT-1",23.9525666664062
"BRCA1_1_GCTCCTACACCTTGTC-1",17.9108406558028
"BRCA1_1_GCTCCTACAGTGGGAT-1",16.3434352791972
"BRCA1_1_GCTCCTACATCCTTGC-1",25.1583406574437
"BRCA1_1_GCTCCTACATGAACCT-1",17.9108413517677
"BRCA1_1_GCTCCTACATTAGCCA-1",14.248444112584
"BRCA1_1_GCTCCTAGTATGAATG-1",18.5012172911104
"BRCA1_1_GCTCCTAGTCCCGACA-1",11.8489983779278
"BRCA1_1_GCTCCTAGTCGAGTTT-1",21.6657938149816
"BRCA1_1_GCTCCTAGTTGCGTTA-1",25.8394164345597
"BRCA1_1_GCTCCTAGTTGTCTTT-1",16.9903222583886
"BRCA1_1_GCTCCTATCGCACTCT-1",13.710005226816
"BRCA1_1_GCTCTGTAGCACAGGT-1",13.9348566205315
"BRCA1_1_GCTCTGTAGCAGGCTA-1",22.5450307278891
"BRCA1_1_GCTCTGTCAAGGCTCC-1",18.9500667610551
"BRCA1_1_GCTCTGTCAGACAAGC-1",14.6787608889757
"BRCA1_1_GCTCTGTCAGATCGGA-1",22.3706298281065
"BRCA1_1_GCTCTGTCAGTTAACC-1",14.7756358224522
"BRCA1_1_GCTCTGTGTAAGCACG-1",24.5442189917113
"BRCA1_1_GCTCTGTGTACCATCA-1",25.8365313793387
"BRCA1_1_GCTCTGTGTTCAGACT-1",16.2582737540446
"BRCA1_1_GCTCTGTGTTTGTTTC-1",12.8160499607961
"BRCA1_1_GCTCTGTTCATATCGG-1",18.3306407079822
"BRCA1_1_GCTCTGTTCTGGAGCC-1",1.79127420329675
"BRCA1_1_GCTGCAGAGGATGGAA-1",13.0213791752353
"BRCA1_1_GCTGCAGCAGTCACTA-1",13.7100059227809
"BRCA1_1_GCTGCAGCATCCGGGT-1",14.7729686216571
"BRCA1_1_GCTGCAGCATGTCTCC-1",23.0219504533897
"BRCA1_1_GCTGCAGGTAATTGGA-1",25.5813796276831
"BRCA1_1_GCTGCAGGTGCATCTA-1",25.6600419335155
"BRCA1_1_GCTGCAGGTGTAATGA-1",15.4146018431603
"BRCA1_1_GCTGCAGTCATCTGTT-1",21.5303090724151
"BRCA1_1_GCTGCAGTCCAACCAA-1",13.6471070886497
"BRCA1_1_GCTGCGAAGCCAGTTT-1",24.5480885513586
"BRCA1_1_GCTGCGACAATGTTGC-1",16.8959851705994
"BRCA1_1_GCTGCGAGTATTACCG-1",25.9175597496924
"BRCA1_1_GCTGCGAGTCAAAGAT-1",24.9381404530613
"BRCA1_1_GCTGCGAGTGCCTTGG-1",14.9142168995734
"BRCA1_1_GCTGCGAGTTAGGGTG-1",22.5234194100504
"BRCA1_1_GCTGCGAGTTGTGGAG-1",16.8959858665643
"BRCA1_1_GCTGCGATCAACGAAA-1",16.8959865625291
"BRCA1_1_GCTGCGATCACCCGAG-1",25.6600426294804
"BRCA1_1_GCTGCGATCTCGGACG-1",15.1918627854965
"BRCA1_1_GCTGCGATCTTCTGGC-1",13.7100066187458
"BRCA1_1_GCTGCTTAGTGCAAGC-1",12.767768158628
"BRCA1_1_GCTGCTTCACACAGAG-1",13.7100073147107
"BRCA1_1_GCTGCTTCAGCTCGAC-1",22.6998986168571
"BRCA1_1_GCTGCTTCATAACCTG-1",25.2266192358919
"BRCA1_1_GCTGCTTTCAGCTCGG-1",16.3987297089467
"BRCA1_1_GCTGCTTTCTTACCGC-1",17.2004721773759
"BRCA1_1_GCTGGGTAGACAGAGA-1",13.7100080106755
"BRCA1_1_GCTGGGTAGACTACAA-1",13.5067479479024
"BRCA1_1_GCTGGGTCATAGACTC-1",22.2983808589164
"BRCA1_1_GCTGGGTCATCACAAC-1",13.3455938135179
"BRCA1_1_GCTGGGTGTAATTGGA-1",16.1843823270735
"BRCA1_1_GCTGGGTGTCTAAACC-1",11.5930894864404
"BRCA1_1_GCTGGGTGTGATGTGG-1",16.1913406667825
"BRCA1_1_GCTGGGTGTTAGAACA-1",25.9434722569734
"BRCA1_1_GCTGGGTTCCGAACGC-1",13.6094507974554
"BRCA1_1_GCTGGGTTCCTGTAGA-1",15.8416606255059
"BRCA1_1_GCTGGGTTCGAGCCCA-1",25.8498670951781
"BRCA1_1_GCTTCCAAGCAGACTG-1",25.627022715353
"BRCA1_1_GCTTCCAAGCGAAGGG-1",25.8618573728594
"BRCA1_1_GCTTCCAAGCGATGAC-1",18.2978625652659
"BRCA1_1_GCTTCCAAGGAATCGC-1",20.6878933508312
"BRCA1_1_GCTTCCACATAACCTG-1",15.4255233450993
"BRCA1_1_GCTTCCACATTCGACA-1",14.9142175955383
"BRCA1_1_GCTTCCAGTACTTGAC-1",14.9142182915031
"BRCA1_1_GCTTCCAGTAGGCTGA-1",19.0997846606172
"BRCA1_1_GCTTCCAGTCAACTGT-1",13.7100087066404
"BRCA1_1_GCTTCCAGTGTGACCC-1",16.3389305807477
"BRCA1_1_GCTTCCAGTTGCGTTA-1",13.6992952720561
"BRCA1_1_GCTTCCATCCCTTGTG-1",13.7100094026053
"BRCA1_1_GCTTCCATCGGCGCAT-1",16.1843830230384
"BRCA1_1_GCTTCCATCGGCGCTA-1",17.9108420477325
"BRCA1_1_GCTTGAACAAAGGCGT-1",22.3403437508453
"BRCA1_1_GCTTGAACAATAGAGT-1",13.0213798712002
"BRCA1_1_GCTTGAAGTGGGTATG-1",19.0403912656813
"BRCA1_1_GCTTGAATCACTATTC-1",17.7279847615785
"BRCA1_1_GCTTGAATCAGAAATG-1",13.7100100985702
"BRCA1_1_GCTTGAATCTTTACGT-1",22.2299920943185
"BRCA1_1_GGAAAGCAGCCGGTAA-1",13.7100107945351
"BRCA1_1_GGAAAGCAGGACTGGT-1",11.6732882989348
"BRCA1_1_GGAAAGCCAGATCTGT-1",13.7100114904999
"BRCA1_1_GGAAAGCCATGAGCGA-1",15.8872164226332
"BRCA1_1_GGAAAGCGTATATGGA-1",18.0623311940261
"BRCA1_1_GGAAAGCGTGCCTTGG-1",11.8324238735277
"BRCA1_1_GGAAAGCGTTATGCGT-1",21.4823340785569
"BRCA1_1_GGAAAGCTCCAGTATG-1",20.6878940467961
"BRCA1_1_GGAAAGCTCTTGTACT-1",11.572984238074
"BRCA1_1_GGAACTTAGGACAGCT-1",20.5462444222214
"BRCA1_1_GGAACTTAGGCGATAC-1",24.5162391777017
"BRCA1_1_GGAACTTAGGCTACGA-1",12.7998425828136
"BRCA1_1_GGAACTTAGTCGCCGT-1",17.9108427436974
"BRCA1_1_GGAACTTCAATACGCT-1",13.7100121864648
"BRCA1_1_GGAACTTCAATAGAGT-1",18.4030664678048
"BRCA1_1_GGAACTTCACCGGAAA-1",19.0849405083953
"BRCA1_1_GGAACTTCACTCAGGC-1",11.799974895447
"BRCA1_1_GGAACTTCAGCCAATT-1",22.2106626720296
"BRCA1_1_GGAACTTCAGGTGCCT-1",13.7100128824297
"BRCA1_1_GGAACTTCAGGTGGAT-1",22.2595029170398
"BRCA1_1_GGAACTTGTATCACCA-1",17.9108434396623
"BRCA1_1_GGAACTTGTCGTCTTC-1",0.457783402955941
"BRCA1_1_GGAACTTTCAGTGCAT-1",16.895987258494
"BRCA1_1_GGAACTTTCCGTCAAA-1",15.1373965295658
"BRCA1_1_GGAATAAAGAACTGTA-1",22.2032051956846
"BRCA1_1_GGAATAAAGAGGTTAT-1",22.2062349838411
"BRCA1_1_GGAATAAAGATGCGAC-1",21.9360306531316
"BRCA1_1_GGAATAAAGGATATAC-1",14.7743604942076
"BRCA1_1_GGAATAACACCTTGTC-1",21.5653151534726
"BRCA1_1_GGAATAACATCCCACT-1",23.6553686007502
"BRCA1_1_GGAATAAGTCACACGC-1",17.9108441356272
"BRCA1_1_GGAATAAGTCTCTTTA-1",11.1783934491042
"BRCA1_1_GGAATAAGTGCCTTGG-1",21.9277161632677
"BRCA1_1_GGAATAAGTTAAGTAG-1",18.0839719681097
"BRCA1_1_GGAATAAGTTACCAGT-1",22.5502136867244
"BRCA1_1_GGAATAAGTTTGACAC-1",20.9727240314271
"BRCA1_1_GGACAAGAGCAAATCA-1",13.7100135783946
"BRCA1_1_GGACAAGAGGCGATAC-1",15.1772546480223
"BRCA1_1_GGACAAGCAATCAGAA-1",19.520440948927
"BRCA1_1_GGACAAGCATCACAAC-1",25.9819960114785
"BRCA1_1_GGACAAGGTAGCGCTC-1",25.9118462302226
"BRCA1_1_GGACAAGTCGGCCGAT-1",14.8193126910121
"BRCA1_1_GGACAAGTCTGTTGAG-1",21.0685652604859
"BRCA1_1_GGACAGAAGCGACGTA-1",16.8375583608991
"BRCA1_1_GGACAGAAGGCGCTCT-1",19.0747737141218
"BRCA1_1_GGACAGACAGCTGTAT-1",21.8373679152851
"BRCA1_1_GGACAGACATACAGCT-1",22.4788942705381
"BRCA1_1_GGACAGAGTACTCAAC-1",13.6452152904553
"BRCA1_1_GGACAGAGTCTGATTG-1",23.9543215096092
"BRCA1_1_GGACAGAGTTAAGAAC-1",16.3333999613873
"BRCA1_1_GGACAGAGTTCAGCGC-1",15.3488983446416
"BRCA1_1_GGACATTAGATACACA-1",21.6417754652193
"BRCA1_1_GGACATTAGATGCCTT-1",23.8722023499348
"BRCA1_1_GGACATTAGCCCGAAA-1",14.3613652187609
"BRCA1_1_GGACATTAGCTGTCTA-1",19.142047005408
"BRCA1_1_GGACATTAGGCAAAGA-1",16.9903229543535
"BRCA1_1_GGACATTAGGTGATAT-1",24.5276093833692
"BRCA1_1_GGACATTCAAGCTGGA-1",21.7672098616034
"BRCA1_1_GGACATTCAATGACCT-1",16.8959879544589
"BRCA1_1_GGACATTCACAACTGT-1",16.8959886504238
"BRCA1_1_GGACATTCACATGTGT-1",21.4001125141809
"BRCA1_1_GGACATTCACGGCGTT-1",13.6754818071118
"BRCA1_1_GGACATTGTTACGGAG-1",7.26626214729377
"BRCA1_1_GGACATTGTTTGTTGG-1",17.9108448315921
"BRCA1_1_GGACATTTCAGGCCCA-1",11.6022789952829
"BRCA1_1_GGACGTCAGCCCAATT-1",13.7100142743595
"BRCA1_1_GGACGTCAGCTGCAAG-1",15.3784539214753
"BRCA1_1_GGACGTCAGGCACATG-1",16.8959893463886
"BRCA1_1_GGACGTCAGGGCTCTC-1",13.0213805671651
"BRCA1_1_GGACGTCAGGTGTGGT-1",13.9268887576131
"BRCA1_1_GGACGTCAGTGGGTTG-1",13.6227974679419
"BRCA1_1_GGACGTCCACGGTAAG-1",13.064378048363
"BRCA1_1_GGACGTCCATTCCTCG-1",17.9108455275569
"BRCA1_1_GGACGTCGTGACGCCT-1",13.6315326800113
"BRCA1_1_GGACGTCTCACCCTCA-1",25.9819967074434
"BRCA1_1_GGACGTCTCAGGTTCA-1",9.00730851818761
"BRCA1_1_GGAGCAAAGACGCTTT-1",22.2085406270733
"BRCA1_1_GGAGCAAAGATCTGAA-1",13.7100149703243
"BRCA1_1_GGAGCAAAGTTAACGA-1",13.7100156662892
"BRCA1_1_GGAGCAAAGTTCCACA-1",14.8921318801338
"BRCA1_1_GGAGCAACAGCTGTTA-1",17.646578157444
"BRCA1_1_GGAGCAACAGGAATGC-1",11.6355545687663
"BRCA1_1_GGAGCAACATGGAATA-1",13.7100163622541
"BRCA1_1_GGAGCAACATTGGGCC-1",15.7926758702546
"BRCA1_1_GGAGCAAGTATAAACG-1",18.7833774304097
"BRCA1_1_GGAGCAAGTATTAGCC-1",13.9046022797465
"BRCA1_1_GGAGCAAGTCTAGCCG-1",15.8439148508237
"BRCA1_1_GGAGCAAGTGTGGTTT-1",15.8439155467886
"BRCA1_1_GGAGCAATCACAAACC-1",13.710017058219
"BRCA1_1_GGAGCAATCGTGGACC-1",13.6227981639068
"BRCA1_1_GGATGTTAGCTGAAAT-1",25.2266199318567
"BRCA1_1_GGATGTTAGGCCATAG-1",13.0477805232776
"BRCA1_1_GGATGTTGTCTCCCTA-1",21.6251731783526
"BRCA1_1_GGATGTTTCACGAAGG-1",13.745738309782
"BRCA1_1_GGATGTTTCACGGTTA-1",24.7182553967306
"BRCA1_1_GGATGTTTCAGATAAG-1",19.4282765202886
"BRCA1_1_GGATGTTTCATATCGG-1",13.7100177541838
"BRCA1_1_GGATGTTTCGTTTATC-1",18.0428566204766
"BRCA1_1_GGATGTTTCTTGCATT-1",13.7100184501487
"BRCA1_1_GGATTACAGATCCGAG-1",20.687894742761
"BRCA1_1_GGATTACAGCCATCGC-1",15.1947658390032
"BRCA1_1_GGATTACCACCCATGG-1",18.3502219003895
"BRCA1_1_GGATTACCAGCTTAAC-1",18.4030671637697
"BRCA1_1_GGATTACGTCCAGTGC-1",21.9360313490965
"BRCA1_1_GGATTACGTCTTTCAT-1",9.01212006537538
"BRCA1_1_GGATTACGTTCGTCTC-1",16.8959900423535
"BRCA1_1_GGATTACTCTGGTATG-1",11.6692036643725
"BRCA1_1_GGCAATTAGAATGTTG-1",13.7100191461136
"BRCA1_1_GGCAATTAGACGCACA-1",20.5726757410436
"BRCA1_1_GGCAATTAGGGTATCG-1",17.7038547197964
"BRCA1_1_GGCAATTCAATAGCGG-1",15.739595107899
"BRCA1_1_GGCAATTGTCCGTTAA-1",18.6247026143463
"BRCA1_1_GGCAATTTCAGCTCGG-1",13.6334372985566
"BRCA1_1_GGCAATTTCCACTCCA-1",18.2642030437275
"BRCA1_1_GGCAATTTCTACTATC-1",13.9144997802163
"BRCA1_1_GGCAATTTCTCTAGGA-1",16.7615197566344
"BRCA1_1_GGCAATTTCTCTGTCG-1",14.2791710084334
"BRCA1_1_GGCCGATAGGCGATAC-1",20.2782835029503
"BRCA1_1_GGCCGATAGGTACTCT-1",25.6600433254452
"BRCA1_1_GGCCGATCAATGGTCT-1",13.7100198420785
"BRCA1_1_GGCCGATCAGCCTGTG-1",13.6094514934202
"BRCA1_1_GGCCGATCAGTTTACG-1",16.8494181073494
"BRCA1_1_GGCCGATCATCGGACC-1",20.623697688722
"BRCA1_1_GGCCGATCATGGTCTA-1",12.0720329586502
"BRCA1_1_GGCCGATCATTATCTC-1",12.2232467603092
"BRCA1_1_GGCCGATGTACAGCAG-1",23.4445699102899
"BRCA1_1_GGCCGATGTATGAATG-1",13.02138126313
"BRCA1_1_GGCCGATGTCACAAGG-1",20.7519827910128
"BRCA1_1_GGCCGATGTCATCCCT-1",21.7414441998168
"BRCA1_1_GGCCGATGTCTAGTCA-1",18.4030678597345
"BRCA1_1_GGCCGATGTGAGTGAC-1",13.0213819590948
"BRCA1_1_GGCCGATGTTGATTCG-1",18.8150531001263
"BRCA1_1_GGCCGATGTTGGTTTG-1",23.9601454023955
"BRCA1_1_GGCCGATTCCCATTTA-1",12.1645477183975
"BRCA1_1_GGCCGATTCGACGGAA-1",19.3857091046843
"BRCA1_1_GGCCGATTCGTAGGTT-1",18.3501460933654
"BRCA1_1_GGCCGATTCGTGGTCG-1",21.8074889631069
"BRCA1_1_GGCCGATTCTGGCGTG-1",17.7113316650825
"BRCA1_1_GGCGACTAGCAGGTCA-1",18.8645793957174
"BRCA1_1_GGCGACTAGTATCTCG-1",18.2610738351892
"BRCA1_1_GGCGACTCAAACTGTC-1",22.6645085617
"BRCA1_1_GGCGACTCAAGAAGAG-1",1.65950133116177
"BRCA1_1_GGCGACTCAGCGATCC-1",21.0224244386371
"BRCA1_1_GGCGACTCATGTTGAC-1",17.9108462235218
"BRCA1_1_GGCGACTGTAGCAAAT-1",13.7100205380434
"BRCA1_1_GGCGACTGTCTAGCCG-1",20.6493226439867
"BRCA1_1_GGCGACTGTCTTGCGG-1",17.6463184657658
"BRCA1_1_GGCGACTTCAACACCA-1",17.9108469194867
"BRCA1_1_GGCGACTTCAGAGACG-1",21.6312224217348
"BRCA1_1_GGCGACTTCTCGATGA-1",21.9102965152779
"BRCA1_1_GGCGACTTCTGGTATG-1",13.7100212340082
"BRCA1_1_GGCGTGTCACCACCAG-1",25.6600440214101
"BRCA1_1_GGCGTGTCAGGTCCAC-1",22.2228418570395
"BRCA1_1_GGCGTGTGTAAGGATT-1",16.4102076461797
"BRCA1_1_GGCGTGTGTGAACCTT-1",25.660044717375
"BRCA1_1_GGCGTGTGTGACGGTA-1",13.9269405043727
"BRCA1_1_GGCGTGTGTGATGATA-1",22.2777910205359
"BRCA1_1_GGCGTGTTCGCTGATA-1",13.7100219299731
"BRCA1_1_GGCGTGTTCTGTCTAT-1",22.291359831691
"BRCA1_1_GGCTCGAAGACGACGT-1",20.6878954387258
"BRCA1_1_GGCTCGAAGCCACCTG-1",13.9120158836904
"BRCA1_1_GGCTCGAAGCCGATTT-1",25.9819974034083
"BRCA1_1_GGCTCGAAGTCATCCA-1",13.3561741248282
"BRCA1_1_GGCTCGACAAAGTGCG-1",16.3474397559658
"BRCA1_1_GGCTCGACACGAAGCA-1",17.711860182264
"BRCA1_1_GGCTCGAGTCGAGATG-1",18.4231841280973
"BRCA1_1_GGCTCGAGTTGCGCAC-1",11.1783941450691
"BRCA1_1_GGCTCGATCACTCTTA-1",12.8872342513208
"BRCA1_1_GGCTCGATCACTTCAT-1",18.3502225963544
"BRCA1_1_GGCTCGATCATACGGT-1",14.5921395316555
"BRCA1_1_GGCTCGATCCAACCAA-1",19.0631811880302
"BRCA1_1_GGCTCGATCTCAAACG-1",19.393352600341
"BRCA1_1_GGCTGGTAGCAAATCA-1",19.4376803272449
"BRCA1_1_GGCTGGTAGTAACCCT-1",17.9108476154516
"BRCA1_1_GGCTGGTCAAGCCCAC-1",17.9108483114165
"BRCA1_1_GGCTGGTCACTCAGGC-1",15.6317656341607
"BRCA1_1_GGCTGGTCAGCCTGTG-1",13.9106879251152
"BRCA1_1_GGCTGGTCATCCGTGG-1",19.4373747101187
"BRCA1_1_GGCTGGTGTAATTGGA-1",18.2282211111059
"BRCA1_1_GGCTGGTGTTAGATGA-1",20.6878961346907
"BRCA1_1_GGCTGGTTCGTTGACA-1",13.6976296543537
"BRCA1_1_GGCTGGTTCTGTACGA-1",17.9108490073813
"BRCA1_1_GGGAATGCAACACCCG-1",23.6553692967151
"BRCA1_1_GGGAATGCACAGCCCA-1",25.2266206278216
"BRCA1_1_GGGAATGCAGTTTACG-1",17.9417487282441
"BRCA1_1_GGGAATGCATTACCTT-1",21.7348653033818
"BRCA1_1_GGGAATGGTAACGCGA-1",14.3126071409952
"BRCA1_1_GGGAATGGTAGTGAAT-1",13.355418894685
"BRCA1_1_GGGAATGTCCTCTAGC-1",16.8959907383184
"BRCA1_1_GGGACCTCAACACCCG-1",13.9499771292795
"BRCA1_1_GGGACCTCAAGGACAC-1",15.8872171185981
"BRCA1_1_GGGACCTCAATGGAGC-1",18.5798177776264
"BRCA1_1_GGGACCTCACCGAAAG-1",13.6890242614569
"BRCA1_1_GGGACCTCACGTTGGC-1",19.0692786176126
"BRCA1_1_GGGACCTCATGCCTAA-1",13.6227988598717
"BRCA1_1_GGGACCTCATTACCTT-1",22.2869839622233
"BRCA1_1_GGGACCTGTACGCTGC-1",22.2011362083799
"BRCA1_1_GGGACCTGTGGTAACG-1",13.710022625938
"BRCA1_1_GGGAGATAGGGATACC-1",18.8417559229095
"BRCA1_1_GGGAGATCAAGCGCTC-1",13.7100233219029
"BRCA1_1_GGGAGATCAATGTTGC-1",16.9903236503184
"BRCA1_1_GGGAGATGTCACTTCC-1",13.6227995558365
"BRCA1_1_GGGAGATGTCTCCACT-1",22.699899312822
"BRCA1_1_GGGAGATGTGAAGGCT-1",22.5529802408892
"BRCA1_1_GGGAGATGTGTTGAGG-1",21.9360320450614
"BRCA1_1_GGGAGATTCCCAAGTA-1",22.20812711835
"BRCA1_1_GGGAGATTCGTGGGAA-1",18.1505211673923
"BRCA1_1_GGGAGATTCGTTGCCT-1",18.4030685556994
"BRCA1_1_GGGATGAAGGCGTACA-1",18.043531911361
"BRCA1_1_GGGATGACAGCCAATT-1",17.9108497033462
"BRCA1_1_GGGATGAGTAAACGCG-1",12.885363345059
"BRCA1_1_GGGATGAGTAACGCGA-1",17.7175548515511
"BRCA1_1_GGGATGATCACGCATA-1",16.9903243462833
"BRCA1_1_GGGCACTAGATGGGTC-1",24.0049501665367
"BRCA1_1_GGGCACTAGCCCAACC-1",25.6480755224897
"BRCA1_1_GGGCACTAGCTGAAAT-1",13.3455945094828
"BRCA1_1_GGGCACTCACAGAGGT-1",17.963394625517
"BRCA1_1_GGGCACTCAGTCGTGC-1",17.9184142188273
"BRCA1_1_GGGCACTCATGCCACG-1",23.4599809269599
"BRCA1_1_GGGCACTGTTGGTGGA-1",25.9819980993732
"BRCA1_1_GGGCACTTCCAAACTG-1",13.3548266312514
"BRCA1_1_GGGCACTTCTTCTGGC-1",18.4514509554736
"BRCA1_1_GGGCATCAGCCCGAAA-1",13.7100240178678
"BRCA1_1_GGGCATCAGGGTTCCC-1",16.8959914342833
"BRCA1_1_GGGCATCAGGTGCACA-1",1.79640705686927
"BRCA1_1_GGGCATCCATCCGTGG-1",16.8959921302482
"BRCA1_1_GGGCATCGTACGCTGC-1",12.1612426352931
"BRCA1_1_GGGCATCGTCCTCTTG-1",13.7100247138326
"BRCA1_1_GGGCATCGTGAACCTT-1",13.7100254097975
"BRCA1_1_GGGCATCGTGGAAAGA-1",17.8055799249505
"BRCA1_1_GGGCATCGTGTTCTTT-1",16.3328544055306
"BRCA1_1_GGGCATCTCTGTACGA-1",13.7100261057624
"BRCA1_1_GGGTCTGAGAAACCAT-1",25.6600454133399
"BRCA1_1_GGGTCTGAGAAAGTGG-1",17.9515339356568
"BRCA1_1_GGGTCTGAGCCGCCTA-1",21.9360327410263
"BRCA1_1_GGGTCTGAGGCTCTTA-1",13.7100268017273
"BRCA1_1_GGGTCTGAGGTGCTAG-1",16.3186976830194
"BRCA1_1_GGGTCTGAGTCCGTAT-1",22.2011369043447
"BRCA1_1_GGGTCTGAGTTAGGTA-1",12.0537979851837
"BRCA1_1_GGGTCTGCAATCGAAA-1",17.0166551747781
"BRCA1_1_GGGTCTGCACGGTGTC-1",21.9360334369911
"BRCA1_1_GGGTCTGCACTTAACG-1",14.389496606174
"BRCA1_1_GGGTCTGCATCACGAT-1",12.1645484143624
"BRCA1_1_GGGTCTGCATGCTAGT-1",14.3625343442186
"BRCA1_1_GGGTCTGGTTAAAGAC-1",12.9187798635881
"BRCA1_1_GGGTCTGGTTACGACT-1",12.2660654103023
"BRCA1_1_GGGTCTGTCCACTCCA-1",17.9108503993111
"BRCA1_1_GGGTCTGTCGTGGTCG-1",16.895992826213
"BRCA1_1_GGGTCTGTCTCTGCTG-1",23.3153957786799
"BRCA1_1_GGGTTGCAGCACAGGT-1",14.3948464661568
"BRCA1_1_GGGTTGCAGTAACCCT-1",23.9906175051341
"BRCA1_1_GGGTTGCAGTCATCCA-1",12.0826658793497
"BRCA1_1_GGGTTGCAGTGCGATG-1",21.5425312163347
"BRCA1_1_GGGTTGCCAAGGGTCA-1",17.6955825646175
"BRCA1_1_GGGTTGCCACGAGGTA-1",25.9617181649649
"BRCA1_1_GGGTTGCCAGCTTAAC-1",11.6318478877673
"BRCA1_1_GGGTTGCCATCCGTGG-1",16.7405203151168
"BRCA1_1_GGGTTGCCATGGTCAT-1",16.8959935221779
"BRCA1_1_GGGTTGCGTAAGTAGT-1",13.6860478681097
"BRCA1_1_GGGTTGCGTCTAGGTT-1",13.7100274976921
"BRCA1_1_GGGTTGCTCTGGCGAC-1",12.0537986811486
"BRCA1_1_GGTATTGAGATGTAAC-1",12.0515883507647
"BRCA1_1_GGTATTGAGGCATGGT-1",13.710028193657
"BRCA1_1_GGTATTGAGTTCCACA-1",13.7100288896219
"BRCA1_1_GGTATTGCAGATCCAT-1",9.19604463229041
"BRCA1_1_GGTATTGCATATGAGA-1",18.0405389747086
"BRCA1_1_GGTATTGCATCTCCCA-1",21.6251183117387
"BRCA1_1_GGTATTGCATGCATGT-1",13.7100295855868
"BRCA1_1_GGTATTGGTAACGACG-1",17.910851095276
"BRCA1_1_GGTATTGGTAACGTTC-1",16.3316972641841
"BRCA1_1_GGTATTGGTCTTCTCG-1",18.4030692516643
"BRCA1_1_GGTATTGGTGAGCGAT-1",23.8729541016881
"BRCA1_1_GGTATTGGTGTGCGTC-1",25.6600461093048
"BRCA1_1_GGTATTGTCAACGCTA-1",23.3538368752043
"BRCA1_1_GGTATTGTCGTACGGC-1",18.086099572745
"BRCA1_1_GGTGAAGAGATCTGAA-1",16.3056115214173
"BRCA1_1_GGTGAAGAGGCCCTCA-1",18.4030699476292
"BRCA1_1_GGTGAAGCAAGCCGTC-1",11.1783948410339
"BRCA1_1_GGTGAAGCACAACGCC-1",13.3737343799455
"BRCA1_1_GGTGAAGCACCATCCT-1",7.55063489984031
"BRCA1_1_GGTGAAGCAGTAACGG-1",11.9621141157808
"BRCA1_1_GGTGAAGCATCGGACC-1",16.1843837190032
"BRCA1_1_GGTGAAGCATCTCCCA-1",13.7100302815517
"BRCA1_1_GGTGAAGTCCGTTGTC-1",21.8367343328213
"BRCA1_1_GGTGAAGTCCTAGTGA-1",13.7100309775165
"BRCA1_1_GGTGAAGTCTGATTCT-1",21.7079206857838
"BRCA1_1_GGTGAAGTCTGCAGTA-1",18.403070643594
"BRCA1_1_GGTGCGTAGCCCTAAT-1",13.5735122136026
"BRCA1_1_GGTGCGTAGCTGCCCA-1",23.3951757246615
"BRCA1_1_GGTGCGTAGGATGTAT-1",13.7100316734814
"BRCA1_1_GGTGCGTAGGGCTCTC-1",16.9903250422482
"BRCA1_1_GGTGCGTAGTGCCATT-1",21.0294889756365
"BRCA1_1_GGTGCGTAGTTAACGA-1",23.5212776131218
"BRCA1_1_GGTGCGTCAATCCAAC-1",22.6999000087869
"BRCA1_1_GGTGCGTCAGACAAAT-1",2.5818548045919
"BRCA1_1_GGTGCGTCAGTAAGCG-1",23.6553699926799
"BRCA1_1_GGTGCGTCATTGGCGC-1",20.6168445746653
"BRCA1_1_GGTGCGTGTAAAGGAG-1",22.234008239165
"BRCA1_1_GGTGCGTGTACCGAGA-1",11.1043444459646
"BRCA1_1_GGTGCGTGTGACTCAT-1",16.3004504060625
"BRCA1_1_GGTGCGTTCGTGACAT-1",22.6999007047517
"BRCA1_1_GGTGCGTTCGTGGTCG-1",13.7100323694463
"BRCA1_1_GGTGTTAAGCGCTCCA-1",14.4916655664324
"BRCA1_1_GGTGTTAAGTAGGCCA-1",17.9108517912408
"BRCA1_1_GGTGTTAAGTGCCAGA-1",20.7961358781464
"BRCA1_1_GGTGTTAAGTTGTAGA-1",22.6999014007166
"BRCA1_1_GGTGTTACACAAGTAA-1",16.7232200923211
"BRCA1_1_GGTGTTACACGAAGCA-1",14.914218987468
"BRCA1_1_GGTGTTACACTAGTAC-1",17.9108524872057
"BRCA1_1_GGTGTTACAGAGTGTG-1",16.8959942181428
"BRCA1_1_GGTGTTACAGGCGATA-1",14.9142196834329
"BRCA1_1_GGTGTTACATCGGAAG-1",16.990325738213
"BRCA1_1_GGTGTTAGTGTTCGAT-1",13.7055969465288
"BRCA1_1_GGTGTTAGTTGGTTTG-1",25.622456717858
"BRCA1_1_GGTGTTATCTTTAGGG-1",21.936034132956
"BRCA1_1_GTAACGTAGATAGGAG-1",19.170463555393
"BRCA1_1_GTAACGTAGCTAGGCA-1",21.5697294275276
"BRCA1_1_GTAACGTAGTACGATA-1",25.6600468052696
"BRCA1_1_GTAACGTCAAGTACCT-1",13.7100330654112
"BRCA1_1_GTAACGTGTAATCACC-1",17.6695747707035
"BRCA1_1_GTAACGTGTCGCCATG-1",18.0577672966451
"BRCA1_1_GTAACGTGTGCTTCTC-1",19.4215979949666
"BRCA1_1_GTAACGTGTTACCAGT-1",18.4030713395589
"BRCA1_1_GTAACGTTCCTCGCAT-1",7.98273369047308
"BRCA1_1_GTAACGTTCGTTTATC-1",20.6878968306556
"BRCA1_1_GTAACGTTCTTTACGT-1",15.8186729913284
"BRCA1_1_GTAACTGAGATATGCA-1",17.6101039119506
"BRCA1_1_GTAACTGAGCCACTAT-1",11.8303193863088
"BRCA1_1_GTAACTGAGGTTCCTA-1",23.4648364790268
"BRCA1_1_GTAACTGAGTGTGAAT-1",16.8959949141077
"BRCA1_1_GTAACTGCAATAAGCA-1",23.8722030458997
"BRCA1_1_GTAACTGCAGCGAACA-1",15.7060209857668
"BRCA1_1_GTAACTGGTAAGTGTA-1",13.7367759503445
"BRCA1_1_GTAACTGGTACTTAGC-1",13.659301233519
"BRCA1_1_GTAACTGGTCATGCCG-1",18.4030720355238
"BRCA1_1_GTAACTGGTCCGTTAA-1",14.4916662623973
"BRCA1_1_GTAACTGGTGGTTTCA-1",23.3853345590853
"BRCA1_1_GTAACTGGTGTATGGG-1",16.7838693096111
"BRCA1_1_GTAACTGGTGTGGTTT-1",21.9891996376428
"BRCA1_1_GTAACTGGTTCCACTC-1",24.4835628272197
"BRCA1_1_GTAACTGTCGCAAGCC-1",15.887217814563
"BRCA1_1_GTAACTGTCTCCGGTT-1",14.9142203793978
"BRCA1_1_GTAACTGTCTTCAACT-1",13.9171459565811
"BRCA1_1_GTACGTAAGAGCTTCT-1",13.7100337613761
"BRCA1_1_GTACGTAAGGCAAAGA-1",17.9108531831706
"BRCA1_1_GTACGTAAGTACACCT-1",13.948047840406
"BRCA1_1_GTACGTACAACTGCTA-1",16.8959956100726
"BRCA1_1_GTACGTACACTGCCAG-1",20.9875542980684
"BRCA1_1_GTACGTACAGGAACGT-1",25.8502479280451
"BRCA1_1_GTACGTAGTGCGAAAC-1",13.0213826550597
"BRCA1_1_GTACGTATCCGCTGTT-1",12.7730023402171
"BRCA1_1_GTACTCCAGAAGGACA-1",18.0968366606672
"BRCA1_1_GTACTCCAGCATCATC-1",12.1582582539625
"BRCA1_1_GTACTCCCAAAGCGGT-1",25.6600475012345
"BRCA1_1_GTACTCCCAGATCGGA-1",11.9797050418246
"BRCA1_1_GTACTCCGTAGAGGAA-1",16.9903264341779
"BRCA1_1_GTACTCCGTCGCTTTC-1",14.9142210753627
"BRCA1_1_GTACTCCTCACCTCGT-1",22.6999020966815
"BRCA1_1_GTACTCCTCATGTAGC-1",23.9841079536473
"BRCA1_1_GTACTTTAGACATAAC-1",17.6910898243862
"BRCA1_1_GTACTTTAGCAGACTG-1",25.6600481971994
"BRCA1_1_GTACTTTAGCTCCCAG-1",13.7100344573409
"BRCA1_1_GTACTTTAGTGGTAAT-1",11.7947025883612
"BRCA1_1_GTACTTTCAAGTCATC-1",13.7100351533058
"BRCA1_1_GTACTTTCACCGAAAG-1",13.7100358492707
"BRCA1_1_GTACTTTCAGCCAGAA-1",25.9750337144637
"BRCA1_1_GTACTTTCATCAGTCA-1",13.7100365452356
"BRCA1_1_GTACTTTCATGAGCGA-1",25.981998795338
"BRCA1_1_GTACTTTCATTACGAC-1",17.9108538791355
"BRCA1_1_GTACTTTGTCATTAGC-1",21.6288051121069
"BRCA1_1_GTACTTTGTCCAACTA-1",11.1246214131927
"BRCA1_1_GTACTTTTCCAGAAGG-1",17.9108545751004
"BRCA1_1_GTACTTTTCGATCCCT-1",25.0698037665359
"BRCA1_1_GTAGGCCAGTCTCCTC-1",19.1591201378797
"BRCA1_1_GTAGGCCCAACGATCT-1",15.8872185105279
"BRCA1_1_GTAGGCCCAAGCCTAT-1",18.4755064697168
"BRCA1_1_GTAGGCCCACAGTCGC-1",20.1629981723703
"BRCA1_1_GTAGGCCCACTCAGGC-1",13.4050464153138
"BRCA1_1_GTAGGCCCAGTAAGCG-1",24.5225645791267
"BRCA1_1_GTAGGCCGTAGCGATG-1",25.6600488931643
"BRCA1_1_GTAGGCCGTGACTCAT-1",16.8959963060374
"BRCA1_1_GTAGGCCTCGGTTCGG-1",11.8263505208631
"BRCA1_1_GTAGGCCTCGTCTGCT-1",13.7100372412004
"BRCA1_1_GTAGGCCTCTCTGAGA-1",20.6878975266205
"BRCA1_1_GTAGTCAAGTATCTCG-1",19.0403919616462
"BRCA1_1_GTAGTCACAGGCTCAC-1",17.9108552710652
"BRCA1_1_GTAGTCACAGGTCGTC-1",16.9903271301428
"BRCA1_1_GTAGTCAGTAAGCACG-1",13.5841607368068
"BRCA1_1_GTAGTCAGTAGCGTGA-1",16.8959970020023
"BRCA1_1_GTAGTCATCACGCGGT-1",18.2288887078833
"BRCA1_1_GTAGTCATCCTACAGA-1",25.9819994913029
"BRCA1_1_GTATCTTAGAGTAAGG-1",13.7100379371653
"BRCA1_1_GTATCTTAGGCTCAGA-1",17.9944148616138
"BRCA1_1_GTATCTTAGTGAATTG-1",23.5036365276986
"BRCA1_1_GTATCTTCAAGTACCT-1",16.8959976979672
"BRCA1_1_GTATCTTCACACCGAC-1",13.7100386331302
"BRCA1_1_GTATCTTCATACGCTA-1",11.1783955369988
"BRCA1_1_GTATCTTGTCGACTAT-1",17.9108559670301
"BRCA1_1_GTATCTTGTGCACCAC-1",12.1205614402559
"BRCA1_1_GTATCTTTCACGCATA-1",16.2511450111605
"BRCA1_1_GTATCTTTCAGAAATG-1",21.9360348289209
"BRCA1_1_GTATCTTTCCAAATGC-1",13.7100393290951
"BRCA1_1_GTATCTTTCCGATATG-1",17.68807038276
"BRCA1_1_GTATCTTTCTCGCTTG-1",24.0019059941381
"BRCA1_1_GTATTCTAGACTGGGT-1",15.3491856741944
"BRCA1_1_GTATTCTAGATCCTGT-1",21.7188896489605
"BRCA1_1_GTATTCTAGCCCAATT-1",15.8090097160063
"BRCA1_1_GTATTCTCACAACGCC-1",21.8282931988358
"BRCA1_1_GTATTCTCACCGAATT-1",16.9903278261077
"BRCA1_1_GTATTCTCAGCTGGCT-1",17.910856662995
"BRCA1_1_GTATTCTCAGGATTGG-1",16.8959983939321
"BRCA1_1_GTATTCTCAGTGGGAT-1",25.9820001872678
"BRCA1_1_GTATTCTCATGCATGT-1",16.4225024076729
"BRCA1_1_GTATTCTGTGCACTTA-1",13.7082640674015
"BRCA1_1_GTATTCTGTGTCGCTG-1",13.71004002506
"BRCA1_1_GTATTCTTCATTTGGG-1",16.4192832276844
"BRCA1_1_GTATTCTTCGCTTGTC-1",24.1679592338168
"BRCA1_1_GTCAAGTAGAACAATC-1",13.7100407210248
"BRCA1_1_GTCAAGTAGCCTCGTG-1",11.0964346714582
"BRCA1_1_GTCAAGTAGCGAAGGG-1",13.7100414169897
"BRCA1_1_GTCAAGTAGCGACGTA-1",13.7100421129546
"BRCA1_1_GTCAAGTAGTAAGTAC-1",17.8713306707998
"BRCA1_1_GTCAAGTAGTTGTAGA-1",23.8907688774539
"BRCA1_1_GTCAAGTCAAGCCATT-1",20.6878982225854
"BRCA1_1_GTCAAGTCACTTCGAA-1",18.4030727314887
"BRCA1_1_GTCAAGTGTAAATACG-1",22.2011376003096
"BRCA1_1_GTCAAGTGTACGACCC-1",13.6930169688953
"BRCA1_1_GTCAAGTGTCGGCTCA-1",16.9903285220725
"BRCA1_1_GTCAAGTGTCTCCCTA-1",17.9108573589599
"BRCA1_1_GTCAAGTGTCTCTCGT-1",16.8959990898969
"BRCA1_1_GTCAAGTTCCAAATGC-1",13.7100428089195
"BRCA1_1_GTCAAGTTCCCTCAGT-1",19.1704642513579
"BRCA1_1_GTCAAGTTCTGTCTCG-1",17.9108580549248
"BRCA1_1_GTCAAGTTCTTCATGT-1",21.0718492521277
"BRCA1_1_GTCACAAAGACCACGA-1",17.9108587508896
"BRCA1_1_GTCACAAAGTACATGA-1",17.9108594468545
"BRCA1_1_GTCACAACAAAGAATC-1",17.6952328524448
"BRCA1_1_GTCACAACAAGCCCAC-1",18.4266341970709
"BRCA1_1_GTCACAACAATAGCAA-1",13.7100435048844
"BRCA1_1_GTCACAACACGTTGGC-1",20.6878989185502
"BRCA1_1_GTCACAACAGCGTTCG-1",24.0481156723318
"BRCA1_1_GTCACAAGTACCGGCT-1",18.3098256415211
"BRCA1_1_GTCACAAGTGCTTCTC-1",23.6553706886448
"BRCA1_1_GTCACAATCTCTAAGG-1",13.7100442008492
"BRCA1_1_GTCACGGAGCGACGTA-1",22.5459822116034
"BRCA1_1_GTCACGGAGGCAATTA-1",13.0213833510246
"BRCA1_1_GTCACGGCAATGGAGC-1",13.7100448968141
"BRCA1_1_GTCACGGCACCTGGTG-1",25.9811701438468
"BRCA1_1_GTCACGGCACTTAAGC-1",11.6828733364213
"BRCA1_1_GTCACGGCAGGGTTAG-1",24.1186244933434
"BRCA1_1_GTCACGGCAGTATCTG-1",15.8439162427535
"BRCA1_1_GTCACGGGTCAGAATA-1",16.8959997858618
"BRCA1_1_GTCACGGGTCTCCCTA-1",25.2266213237865
"BRCA1_1_GTCACGGTCCAGGGCT-1",13.710045592779
"BRCA1_1_GTCACGGTCCATGCTC-1",2.78266213290488
"BRCA1_1_GTCACGGTCCGAGCCA-1",24.5608575365515
"BRCA1_1_GTCACGGTCGTCGTTC-1",15.6458423091181
"BRCA1_1_GTCATTTAGAGGTTAT-1",20.8891837824624
"BRCA1_1_GTCATTTCAACACCTA-1",17.9108601428194
"BRCA1_1_GTCATTTCAACTGCTA-1",23.6553713846097
"BRCA1_1_GTCATTTCACGGCCAT-1",19.0560236044144
"BRCA1_1_GTCATTTCACGTTGGC-1",13.5046805710707
"BRCA1_1_GTCATTTTCATGCTCC-1",23.9984085328579
"BRCA1_1_GTCATTTTCCAATGGT-1",25.6600495891292
"BRCA1_1_GTCATTTTCTAACTCT-1",13.6228002518014
"BRCA1_1_GTCATTTTCTGCGACG-1",12.2321125011844
"BRCA1_1_GTCCTCAAGCGATTCT-1",16.8075500618526
"BRCA1_1_GTCCTCAAGTGTTTGC-1",19.4499259254493
"BRCA1_1_GTCCTCATCACTGGGC-1",21.7173120893445
"BRCA1_1_GTCCTCATCGCATGAT-1",25.9594430481822
"BRCA1_1_GTCGGGTAGGTGCACA-1",13.7100462887439
"BRCA1_1_GTCGGGTAGTACTTGC-1",21.4772705273547
"BRCA1_1_GTCGGGTCATTTCAGG-1",25.8311188990311
"BRCA1_1_GTCGGGTGTAAATGTG-1",16.8960004818267
"BRCA1_1_GTCGGGTGTAGTAGTA-1",20.983865866106
"BRCA1_1_GTCGGGTGTAGTGAAT-1",13.6821127796178
"BRCA1_1_GTCGGGTGTCCAGTTA-1",12.082167849348
"BRCA1_1_GTCGGGTGTCGCTTTC-1",11.5699335862164
"BRCA1_1_GTCGGGTGTCTAGTGT-1",18.2685839474432
"BRCA1_1_GTCGGGTTCACAAACC-1",18.4030734274536
"BRCA1_1_GTCGGGTTCAGTTCGA-1",8.5646668231869
"BRCA1_1_GTCGGGTTCATGTCTT-1",11.9525205913499
"BRCA1_1_GTCGGGTTCCTATTCA-1",25.8815991608329
"BRCA1_1_GTCGGGTTCGCACTCT-1",16.9903292180374
"BRCA1_1_GTCGGGTTCGGAATCT-1",22.9568548061977
"BRCA1_1_GTCGTAAAGGTTACCT-1",13.7100469847087
"BRCA1_1_GTCGTAACAGTCAGCC-1",22.2122331401704
"BRCA1_1_GTCGTAACAGTGACAG-1",24.7182560926955
"BRCA1_1_GTCGTAACATGTAGTC-1",17.6735655767435
"BRCA1_1_GTCGTAAGTAAGGGAA-1",9.60329620550622
"BRCA1_1_GTCGTAAGTCTAGTCA-1",17.6915110952705
"BRCA1_1_GTCGTAAGTTACGACT-1",13.4758585817496
"BRCA1_1_GTCGTAATCCTCGCAT-1",16.2473659075645
"BRCA1_1_GTCGTAATCGCCTGTT-1",19.040392657611
"BRCA1_1_GTCGTAATCTTCCTTC-1",13.6228009477663
"BRCA1_1_GTCTCGTAGGAATGGA-1",19.1589382856519
"BRCA1_1_GTCTCGTAGTCGAGTG-1",18.4030741234184
"BRCA1_1_GTCTCGTCACGTTGGC-1",15.6317663301255
"BRCA1_1_GTCTCGTCATGTTGAC-1",16.4484558249384
"BRCA1_1_GTCTCGTCATTGGTAC-1",14.8921325760987
"BRCA1_1_GTCTCGTGTCGACTGC-1",16.305866918143
"BRCA1_1_GTCTCGTGTCTGATCA-1",23.5265288467383
"BRCA1_1_GTCTCGTTCAAGAAGT-1",13.7100476806736
"BRCA1_1_GTCTCGTTCATCACCC-1",12.8033387398368
"BRCA1_1_GTCTCGTTCCGAAGAG-1",25.660050285094
"BRCA1_1_GTCTCGTTCGTCTGCT-1",13.6094521893851
"BRCA1_1_GTCTTCGAGACCTTTG-1",15.2132084855136
"BRCA1_1_GTCTTCGAGACTGTAA-1",14.6978403050332
"BRCA1_1_GTCTTCGCATATACCG-1",17.6415037892661
"BRCA1_1_GTCTTCGCATCGTCGG-1",21.7359665063252
"BRCA1_1_GTCTTCGCATGCTGGC-1",18.0450348299654
"BRCA1_1_GTCTTCGGTTAGGGTG-1",14.3948471621216
"BRCA1_1_GTCTTCGTCAGTCAGT-1",16.9903299140023
"BRCA1_1_GTCTTCGTCATATCGG-1",18.4030748193833
"BRCA1_1_GTCTTCGTCCAAAGTC-1",22.4571150107794
"BRCA1_1_GTGAAGGCAAAGCGGT-1",22.2402726638633
"BRCA1_1_GTGAAGGCAAAGGCGT-1",17.8363881685604
"BRCA1_1_GTGAAGGCAGCCAATT-1",13.7100483766385
"BRCA1_1_GTGAAGGCATGGGAAC-1",16.1843844149681
"BRCA1_1_GTGAAGGGTGATGTGG-1",18.9840848711843
"BRCA1_1_GTGAAGGGTTACGCGC-1",17.733414596065
"BRCA1_1_GTGAAGGTCACTATTC-1",17.9108608387843
"BRCA1_1_GTGCAGCAGAGCCTAG-1",12.1645491103272
"BRCA1_1_GTGCAGCAGCCAGGAT-1",14.618079254116
"BRCA1_1_GTGCAGCAGTCCTCCT-1",18.4030755153482
"BRCA1_1_GTGCAGCAGTCTTGCA-1",16.4306918395317
"BRCA1_1_GTGCAGCAGTGCTGCC-1",15.8193380824153
"BRCA1_1_GTGCAGCCAAGTACCT-1",22.301372379387
"BRCA1_1_GTGCAGCCATACTCTT-1",13.9411928618317
"BRCA1_1_GTGCAGCGTAGTAGTA-1",25.0306911867295
"BRCA1_1_GTGCAGCGTGGCGAAT-1",13.7100490726034
"BRCA1_1_GTGCAGCGTTACCAGT-1",16.8960011777916
"BRCA1_1_GTGCAGCGTTATGCGT-1",19.0403933535759
"BRCA1_1_GTGCATACACTAGTAC-1",17.6909156492366
"BRCA1_1_GTGCATACACTTGGAT-1",18.7941249610831
"BRCA1_1_GTGCATAGTACTTCTT-1",19.1364517435561
"BRCA1_1_GTGCATAGTATGAAAC-1",8.67957595377045
"BRCA1_1_GTGCATAGTCGGCTCA-1",14.5629469707486
"BRCA1_1_GTGCATAGTGACGGTA-1",16.8960018737565
"BRCA1_1_GTGCATATCTGAAAGA-1",16.8960025697213
"BRCA1_1_GTGCGGTAGAGCCTAG-1",21.9892003336077
"BRCA1_1_GTGCGGTAGGAATGGA-1",18.4030762113131
"BRCA1_1_GTGCGGTCAACCGCCA-1",12.0537993771135
"BRCA1_1_GTGCGGTCAAGAAAGG-1",11.0454511018157
"BRCA1_1_GTGCGGTCATGTAAGA-1",22.2166815634589
"BRCA1_1_GTGCGGTGTCAAGCGA-1",16.8960032656862
"BRCA1_1_GTGCGGTGTCCGACGT-1",17.9108615347491
"BRCA1_1_GTGCGGTGTGCGAAAC-1",16.8960039616511
"BRCA1_1_GTGCGGTGTGTTGAGG-1",18.6584834327352
"BRCA1_1_GTGCTTCAGCGCCTCA-1",17.6726403940488
"BRCA1_1_GTGCTTCCAGACGCCT-1",14.9142217713275
"BRCA1_1_GTGCTTCGTACCGAGA-1",21.9892010295726
"BRCA1_1_GTGCTTCGTCCTCTTG-1",13.8090571946126
"BRCA1_1_GTGCTTCGTGTGGTTT-1",14.2448256226602
"BRCA1_1_GTGCTTCGTTCAGTAC-1",18.0941860995318
"BRCA1_1_GTGCTTCTCGATGAGG-1",23.3144195993158
"BRCA1_1_GTGCTTCTCGGCGCAT-1",13.7100497685683
"BRCA1_1_GTGCTTCTCGTACGGC-1",11.7733192420958
"BRCA1_1_GTGCTTCTCTATCCTA-1",14.3948478580865
"BRCA1_1_GTGGGTCAGTAGATGT-1",13.7100504645331
"BRCA1_1_GTGGGTCCAAACAACA-1",16.896004657616
"BRCA1_1_GTGGGTCCACATAACC-1",13.710051160498
"BRCA1_1_GTGGGTCCACTCAGGC-1",17.910862230714
"BRCA1_1_GTGGGTCCAGCCTATA-1",18.1598490254227
"BRCA1_1_GTGGGTCCAGTCACTA-1",25.6600509810589
"BRCA1_1_GTGGGTCGTAAGTGTA-1",22.6999027926464
"BRCA1_1_GTGGGTCGTACTCGCG-1",16.9898117398311
"BRCA1_1_GTGGGTCGTCAACATC-1",21.5258168018136
"BRCA1_1_GTGGGTCGTGCTTCTC-1",20.7106828879601
"BRCA1_1_GTGGGTCTCAAACCGT-1",18.1115147838724
"BRCA1_1_GTGGGTCTCACCTTAT-1",16.2582336184513
"BRCA1_1_GTGGGTCTCGGCATCG-1",19.4029911054833
"BRCA1_1_GTGTGCGAGCATCATC-1",17.9108629266789
"BRCA1_1_GTGTGCGAGCCTATGT-1",18.5982079486059
"BRCA1_1_GTGTGCGCATTAGGCT-1",14.6302990017207
"BRCA1_1_GTGTTAGAGAGGTACC-1",13.6757435320632
"BRCA1_1_GTGTTAGCAATAGCGG-1",13.4899563471352
"BRCA1_1_GTGTTAGCACTCAGGC-1",23.4787822647339
"BRCA1_1_GTGTTAGCAGGACCCT-1",13.7100518564629
"BRCA1_1_GTGTTAGCAGGGATTG-1",15.748296262866
"BRCA1_1_GTGTTAGGTAAACACA-1",17.7807887343585
"BRCA1_1_GTGTTAGGTGCAGACA-1",16.8960053535809
"BRCA1_1_GTGTTAGGTGCAGGTA-1",21.7840237031292
"BRCA1_1_GTGTTAGTCACAGTAC-1",16.9903306099672
"BRCA1_1_GTGTTAGTCACTTACT-1",13.5582499576979
"BRCA1_1_GTGTTAGTCTCCAACC-1",13.7100525524278
"BRCA1_1_GTGTTAGTCTCGCTTG-1",11.7995232849663
"BRCA1_1_GTGTTAGTCTGGTGTA-1",17.8711427173903
"BRCA1_1_GTTAAGCAGACTTGAA-1",22.4036563706899
"BRCA1_1_GTTAAGCAGCCTCGTG-1",13.6909252048888
"BRCA1_1_GTTAAGCAGGCTAGAC-1",16.8960060495457
"BRCA1_1_GTTAAGCCAATGGATA-1",18.3212956924001
"BRCA1_1_GTTAAGCCACTGAAGG-1",16.9903313059321
"BRCA1_1_GTTAAGCGTAGGCATG-1",18.1733941944255
"BRCA1_1_GTTAAGCGTGCTTCTC-1",21.8641641856997
"BRCA1_1_GTTAAGCTCGTTTATC-1",13.7100532483927
"BRCA1_1_GTTAAGCTCTCGCTTG-1",13.7100539443575
"BRCA1_1_GTTACAGAGATACACA-1",13.60945288535
"BRCA1_1_GTTACAGCAAGTCTGT-1",18.3004908295131
"BRCA1_1_GTTACAGCACGGTAGA-1",14.3399363589261
"BRCA1_1_GTTACAGCAGAAGCAC-1",24.9908740835973
"BRCA1_1_GTTACAGCAGTCAGAG-1",13.4106397642338
"BRCA1_1_GTTACAGGTACTTGAC-1",16.7662459676321
"BRCA1_1_GTTACAGGTCCGAGTC-1",14.9142224672924
"BRCA1_1_GTTACAGTCTTTAGTC-1",13.3455952054477
"BRCA1_1_GTTCATTAGGATGGTC-1",13.0616725504113
"BRCA1_1_GTTCATTCACTGAAGG-1",13.0213840469895
"BRCA1_1_GTTCATTCAGCTGTTA-1",8.6071806849791
"BRCA1_1_GTTCATTGTAAACCTC-1",18.2069608397623
"BRCA1_1_GTTCATTGTTGGTTTG-1",13.7100546403224
"BRCA1_1_GTTCATTTCATAGCAC-1",25.6600516770238
"BRCA1_1_GTTCATTTCTACTCAT-1",23.3347605216207
"BRCA1_1_GTTCGGGAGAGCCTAG-1",19.506275298283
"BRCA1_1_GTTCGGGAGATAGGAG-1",17.9108636226438
"BRCA1_1_GTTCGGGCAATGAAAC-1",18.1043832406048
"BRCA1_1_GTTCGGGCACGGACAA-1",11.1521103587977
"BRCA1_1_GTTCGGGGTAGGACAC-1",21.9892017255375
"BRCA1_1_GTTCGGGGTCTTCGTC-1",16.8960067455106
"BRCA1_1_GTTCGGGGTGGACGAT-1",16.184385110933
"BRCA1_1_GTTCGGGGTTTGTTGG-1",13.7100553362873
"BRCA1_1_GTTCGGGTCTTAGAGC-1",16.762821552238
"BRCA1_1_GTTCTCGAGAAAGTGG-1",11.6367338091978
"BRCA1_1_GTTCTCGAGCATGGCA-1",22.2011382962745
"BRCA1_1_GTTCTCGAGCTAGTTC-1",19.4487394239614
"BRCA1_1_GTTCTCGAGCTGTCTA-1",13.7100560322522
"BRCA1_1_GTTCTCGCACGCTTTC-1",13.710056728217
"BRCA1_1_GTTCTCGGTAGAAGGA-1",13.5641343900476
"BRCA1_1_GTTCTCGGTCCGCTGA-1",13.7100574241819
"BRCA1_1_GTTCTCGTCATAAAGG-1",16.8960074414755
"BRCA1_1_GTTCTCGTCGGATGTT-1",13.7100581201468
"BRCA1_1_GTTTCTAAGTGTACGG-1",13.7100588161117
"BRCA1_1_GTTTCTACAACGATCT-1",16.8960081374404
"BRCA1_1_GTTTCTACACGCTTTC-1",16.9903320018969
"BRCA1_1_GTTTCTACACTCAGGC-1",23.4343451606779
"BRCA1_1_GTTTCTACAGGAATGC-1",16.8960088334052
"BRCA1_1_GTTTCTAGTTCGTGAT-1",16.8960095293701
"BRCA1_1_GTTTCTAGTTTAGCTG-1",20.6878996145151
"BRCA1_1_GTTTCTATCCTTAATC-1",20.68790031048
"BRCA1_1_TAAACCGAGAAGGACA-1",17.9108643186087
"BRCA1_1_TAAACCGAGATGTTAG-1",14.3025020687387
"BRCA1_1_TAAACCGAGCACCGCT-1",19.1111259608317
"BRCA1_1_TAAACCGAGCAGGCTA-1",13.7100595120766
"BRCA1_1_TAAACCGCACCAGATT-1",22.2011389922394
"BRCA1_1_TAAACCGGTCGACTAT-1",22.9473022314358
"BRCA1_1_TAAACCGGTCGCATAT-1",11.5879519318639
"BRCA1_1_TAAACCGGTGCACCAC-1",14.5519855705368
"BRCA1_1_TAAGAGAAGACTTTCG-1",13.7100602080414
"BRCA1_1_TAAGAGAAGGACCACA-1",19.068320946993
"BRCA1_1_TAAGAGACAATACGCT-1",21.0490167568799
"BRCA1_1_TAAGAGACACAGGAGT-1",18.8232699987013
"BRCA1_1_TAAGAGACACGGTGTC-1",13.7100609040063
"BRCA1_1_TAAGAGAGTGAGCGAT-1",11.6548950283682
"BRCA1_1_TAAGAGAGTGCTCTTC-1",10.7540306650533
"BRCA1_1_TAAGAGAGTGTTGGGA-1",19.1574877456441
"BRCA1_1_TAAGAGATCATCTGTT-1",14.8921332720635
"BRCA1_1_TAAGAGATCGCGCCAA-1",22.4691121402825
"BRCA1_1_TAAGCGTAGTCACGCC-1",17.9108650145735
"BRCA1_1_TAAGCGTCAAACCTAC-1",11.8329309755434
"BRCA1_1_TAAGCGTCACCGAAAG-1",17.9108657105384
"BRCA1_1_TAAGCGTCAGTCACTA-1",16.9903326978618
"BRCA1_1_TAAGCGTGTTCCACAA-1",16.9903333938267
"BRCA1_1_TAAGCGTTCAGTTAGC-1",16.896010225335
"BRCA1_1_TAAGCGTTCGAACGGA-1",24.0350133523062
"BRCA1_1_TAAGCGTTCTCGCATC-1",13.7100615999712
"BRCA1_1_TAAGTGCAGAACAATC-1",12.2261377040022
"BRCA1_1_TAAGTGCAGACTTGAA-1",18.6503755032896
"BRCA1_1_TAAGTGCAGCTCCTTC-1",14.6889084126324
"BRCA1_1_TAAGTGCAGTGAACAT-1",16.8960109212999
"BRCA1_1_TAAGTGCCAAAGTGCG-1",21.5709058162601
"BRCA1_1_TAAGTGCCAACTGGCC-1",11.855725270103
"BRCA1_1_TAAGTGCGTGGTCTCG-1",16.2087432236364
"BRCA1_1_TAAGTGCGTTAAGAAC-1",20.8331283627391
"BRCA1_1_TAAGTGCTCAAACAAG-1",13.5708360855761
"BRCA1_1_TAAGTGCTCTCCAGGG-1",13.6228016437312
"BRCA1_1_TACACGAAGACCACGA-1",13.7100622959361
"BRCA1_1_TACACGAAGATGTGTA-1",17.7289409142473
"BRCA1_1_TACACGAAGCGCTCCA-1",13.9454642995963
"BRCA1_1_TACACGACAAGGGTCA-1",24.6642972813592
"BRCA1_1_TACACGACATTCACTT-1",20.6495770035017
"BRCA1_1_TACACGAGTCCCTTGT-1",16.7416479442596
"BRCA1_1_TACACGAGTCTGATTG-1",13.0469562452512
"BRCA1_1_TACACGAGTTGTCTTT-1",17.9108664065033
"BRCA1_1_TACACGATCCAAATGC-1",24.7182567886604
"BRCA1_1_TACACGATCGGCTTGG-1",13.0261793439012
"BRCA1_1_TACAGTGAGCTAGCCC-1",13.710062991901
"BRCA1_1_TACAGTGAGTGAAGTT-1",15.8489339812784
"BRCA1_1_TACAGTGAGTGCCAGA-1",25.6077494418511
"BRCA1_1_TACAGTGGTAGCAAAT-1",12.0683014691823
"BRCA1_1_TACAGTGGTATCAGTC-1",15.8439169387184
"BRCA1_1_TACAGTGGTCATATGC-1",15.1729637394915
"BRCA1_1_TACAGTGGTCCTCCAT-1",12.242177565168
"BRCA1_1_TACAGTGGTGACTCAT-1",14.4990700555286
"BRCA1_1_TACAGTGGTTGTCTTT-1",13.7100636878658
"BRCA1_1_TACAGTGTCTGACCTC-1",23.9687696762479
"BRCA1_1_TACAGTGTCTTGACGA-1",15.4187404193314
"BRCA1_1_TACAGTGTCTTGTATC-1",14.908799396704
"BRCA1_1_TACCTATAGACATAAC-1",25.9347020823188
"BRCA1_1_TACCTATAGTATGACA-1",20.6879010064449
"BRCA1_1_TACCTATAGTCAAGCG-1",20.9350638614567
"BRCA1_1_TACCTATAGTGTCTCA-1",23.3769159599964
"BRCA1_1_TACCTATAGTTTGCGT-1",11.6735883466851
"BRCA1_1_TACCTATCAGACGTAG-1",21.6543643022474
"BRCA1_1_TACCTATCAGCAGTTT-1",25.6501254256085
"BRCA1_1_TACCTATCATATGAGA-1",18.403076907278
"BRCA1_1_TACCTATGTCGCTTTC-1",25.9820008832327
"BRCA1_1_TACCTATTCATTCACT-1",21.9243965830692
"BRCA1_1_TACCTATTCCAAACAC-1",13.6720536160841
"BRCA1_1_TACCTATTCCATTCTA-1",25.9820015791976
"BRCA1_1_TACCTTAAGAGTAAGG-1",17.9108671024682
"BRCA1_1_TACCTTAAGTCCAGGA-1",7.29785433847398
"BRCA1_1_TACCTTAAGTGGAGAA-1",21.4179497306051
"BRCA1_1_TACCTTACAAGAGTCG-1",22.6999034886113
"BRCA1_1_TACCTTACAAGCGTAG-1",13.5651629921539
"BRCA1_1_TACCTTACATAGTAAG-1",18.4030776032428
"BRCA1_1_TACCTTAGTGACCAAG-1",13.7100643838307
"BRCA1_1_TACCTTAGTTGATTCG-1",13.7100650797956
"BRCA1_1_TACCTTAGTTGTGGCC-1",21.8197162022386
"BRCA1_1_TACCTTATCGTCACGG-1",20.2424680948385
"BRCA1_1_TACGGATAGGGAAACA-1",15.1920826900281
"BRCA1_1_TACGGATAGGGTCTCC-1",13.7100657757605
"BRCA1_1_TACGGATCAAGTACCT-1",15.1221660941609
"BRCA1_1_TACGGATCACCTCGTT-1",21.4307415476051
"BRCA1_1_TACGGATGTCACACGC-1",16.7104744621747
"BRCA1_1_TACGGATGTCTAGGTT-1",18.4030782992077
"BRCA1_1_TACGGATGTGCATCTA-1",15.7514840366361
"BRCA1_1_TACGGATGTGTTTGGT-1",17.7828635824143
"BRCA1_1_TACGGATTCAACGGGA-1",13.7100664717253
"BRCA1_1_TACGGATTCACCATAG-1",13.6620588549156
"BRCA1_1_TACGGATTCCCGACTT-1",1.78656247788015
"BRCA1_1_TACGGATTCCTTCAAT-1",18.4030789951726
"BRCA1_1_TACGGATTCGGTTAAC-1",13.7100671676902
"BRCA1_1_TACGGATTCTCCAACC-1",18.4518863580736
"BRCA1_1_TACGGGCAGACCCACC-1",12.2717616763849
"BRCA1_1_TACGGGCAGGCTAGGT-1",18.4030796911375
"BRCA1_1_TACGGGCAGTGAATTG-1",13.0213847429543
"BRCA1_1_TACGGGCCACCGAAAG-1",12.786628635642
"BRCA1_1_TACGGGCCAGACAGGT-1",12.1645498062921
"BRCA1_1_TACGGGCCATCTATGG-1",23.9610070429184
"BRCA1_1_TACGGGCCATGTCGAT-1",13.6094535813149
"BRCA1_1_TACGGGCGTCTGATTG-1",13.7100678636551
"BRCA1_1_TACGGGCGTGCAACGA-1",17.9108677984331
"BRCA1_1_TACGGGCGTTACCAGT-1",23.0483678478495
"BRCA1_1_TACGGGCTCAGTTCGA-1",21.6590256851273
"BRCA1_1_TACGGGCTCATGCATG-1",13.03710112593
"BRCA1_1_TACGGGCTCCCAAGTA-1",21.6016411830878
"BRCA1_1_TACGGGCTCGCCATAA-1",13.0539095709792
"BRCA1_1_TACGGGCTCGGAGCAA-1",16.8960116172648
"BRCA1_1_TACGGGCTCTAACTGG-1",14.8581027379454
"BRCA1_1_TACGGTAAGAAGGTGA-1",16.7104751581395
"BRCA1_1_TACGGTAAGGGCATGT-1",13.5776753590469
"BRCA1_1_TACGGTACAAGACACG-1",14.3519407363523
"BRCA1_1_TACGGTACAAGTCTGT-1",16.9903340897916
"BRCA1_1_TACGGTACACTTAACG-1",25.9820022751624
"BRCA1_1_TACGGTACACTTCTGC-1",16.8960123132296
"BRCA1_1_TACGGTACAGGGAGAG-1",18.3502232923193
"BRCA1_1_TACGGTACATACGCTA-1",11.7810342568541
"BRCA1_1_TACGGTAGTGACAAAT-1",16.8960130091945
"BRCA1_1_TACGGTAGTGTGGCTC-1",13.0012886830805
"BRCA1_1_TACGGTAGTTGCCTCT-1",16.8960137051594
"BRCA1_1_TACGGTATCGGCGCTA-1",16.2443706322179
"BRCA1_1_TACGGTATCTCGCATC-1",13.94972645089
"BRCA1_1_TACTCATAGCGTCTAT-1",25.6600523729887
"BRCA1_1_TACTCATAGGACCACA-1",11.1220725993759
"BRCA1_1_TACTCATAGGCTAGAC-1",17.9108684943979
"BRCA1_1_TACTCATAGTATTGGA-1",17.667029692024
"BRCA1_1_TACTCATAGTGTCCAT-1",15.7406138455994
"BRCA1_1_TACTCATCACCCAGTG-1",20.7430795977862
"BRCA1_1_TACTCATCACCGATAT-1",13.71006855962
"BRCA1_1_TACTCATCAGCCAGAA-1",20.6879017024097
"BRCA1_1_TACTCATTCATAAAGG-1",20.6879023983746
"BRCA1_1_TACTCATTCATAACCG-1",13.7100692555849
"BRCA1_1_TACTCGCAGAACAATC-1",23.8722037418645
"BRCA1_1_TACTCGCAGCTGTCTA-1",25.6161663430956
"BRCA1_1_TACTCGCGTCGCGTGT-1",25.6600530689535
"BRCA1_1_TACTCGCTCGCCTGTT-1",19.4371445199218
"BRCA1_1_TACTCGCTCTTAACCT-1",25.9820029711273
"BRCA1_1_TACTTACAGAGCCTAG-1",13.7100699515497
"BRCA1_1_TACTTACAGATGTAAC-1",22.2011396882042
"BRCA1_1_TACTTACAGCTTCGCG-1",25.5033894139278
"BRCA1_1_TACTTACGTACGAAAT-1",20.5681949152307
"BRCA1_1_TACTTACGTTCAGACT-1",20.6879030943395
"BRCA1_1_TACTTACGTTGCGTTA-1",18.6862008037907
"BRCA1_1_TACTTACTCAACACAC-1",25.9820036670922
"BRCA1_1_TACTTACTCATGTAGC-1",25.2995596646578
"BRCA1_1_TACTTACTCGAATCCA-1",13.7100706475146
"BRCA1_1_TACTTACTCGTTGACA-1",21.5215558284627
"BRCA1_1_TACTTACTCTACTATC-1",14.2530085781286
"BRCA1_1_TACTTGTAGAGTAATC-1",13.7100713434795
"BRCA1_1_TACTTGTAGTCTCGGC-1",20.6879037903044
"BRCA1_1_TACTTGTCAAGAGTCG-1",13.7100720394444
"BRCA1_1_TACTTGTCATCGTCGG-1",16.9903347857565
"BRCA1_1_TACTTGTGTGCAACGA-1",11.9838620359056
"BRCA1_1_TACTTGTGTGTCCTCT-1",18.4779915989458
"BRCA1_1_TACTTGTGTTACTGAC-1",25.6600537649184
"BRCA1_1_TACTTGTGTTCCGGCA-1",17.9046419017296
"BRCA1_1_TACTTGTTCCACGACG-1",11.93531116687
"BRCA1_1_TACTTGTTCCTTAATC-1",25.6600544608833
"BRCA1_1_TACTTGTTCTGATACG-1",20.9073912310282
"BRCA1_1_TAGACCAAGAAACGAG-1",13.7543461392529
"BRCA1_1_TAGACCAAGCGGCTTC-1",17.6948662533399
"BRCA1_1_TAGACCAAGGGATGGG-1",18.1974230404174
"BRCA1_1_TAGACCAAGTGTCCAT-1",16.2187616787341
"BRCA1_1_TAGACCAGTAACGTTC-1",15.6317670260904
"BRCA1_1_TAGACCAGTGGTAACG-1",17.0263701501137
"BRCA1_1_TAGACCAGTGGTCCGT-1",11.3023985359324
"BRCA1_1_TAGACCAGTTAAGGGC-1",13.5419538090523
"BRCA1_1_TAGACCAGTTATCCGA-1",16.7723115348358
"BRCA1_1_TAGACCAGTTTGCATG-1",16.4564707389295
"BRCA1_1_TAGACCATCGTCTGAA-1",13.0334176573059
"BRCA1_1_TAGACCATCTGAGGGA-1",13.7081203190137
"BRCA1_1_TAGACCATCTTTACGT-1",25.6600551568482
"BRCA1_1_TAGAGCTAGAAGGTTT-1",19.0455025219062
"BRCA1_1_TAGAGCTAGCATCATC-1",18.4030803871023
"BRCA1_1_TAGAGCTAGCGTTGCC-1",19.4175231666041
"BRCA1_1_TAGAGCTCATACTACG-1",15.8872192064928
"BRCA1_1_TAGAGCTGTAGCTCCG-1",22.6999041845761
"BRCA1_1_TAGAGCTTCCGGCACA-1",21.008845558447
"BRCA1_1_TAGAGCTTCTGTTGAG-1",18.6076879440922
"BRCA1_1_TAGCCGGAGAATCTCC-1",14.6257212886317
"BRCA1_1_TAGCCGGAGTCTCCTC-1",13.7100727354093
"BRCA1_1_TAGCCGGCACTATCTT-1",14.8921339680284
"BRCA1_1_TAGCCGGCACTTCTGC-1",13.7100734313741
"BRCA1_1_TAGCCGGGTACCATCA-1",8.38371729261417
"BRCA1_1_TAGCCGGGTGAAAGAG-1",18.1697397545032
"BRCA1_1_TAGCCGGTCACCTTAT-1",15.4287868720576
"BRCA1_1_TAGCCGGTCCAGAGGA-1",13.710074127339
"BRCA1_1_TAGCCGGTCTCGCATC-1",14.7612739951652
"BRCA1_1_TAGCCGGTCTCTGTCG-1",15.1485198836339
"BRCA1_1_TAGGCATAGTGTACCT-1",13.7100748233039
"BRCA1_1_TAGGCATCAACGCACC-1",17.9108691903628
"BRCA1_1_TAGGCATCATATGCTG-1",13.6810789300121
"BRCA1_1_TAGGCATCATCGGGTC-1",14.8330555358533
"BRCA1_1_TAGGCATCATGCGCAC-1",21.9360355248858
"BRCA1_1_TAGGCATGTCATACTG-1",14.8921346639933
"BRCA1_1_TAGGCATGTGTTTGTG-1",25.6600558528131
"BRCA1_1_TAGGCATGTTCGCTAA-1",18.4030810830672
"BRCA1_1_TAGGCATTCAAACCAC-1",12.81169412452
"BRCA1_1_TAGGCATTCAACACAC-1",11.6698642377132
"BRCA1_1_TAGGCATTCACAGGCC-1",17.9108698863277
"BRCA1_1_TAGGCATTCCGAGCCA-1",17.6632731745616
"BRCA1_1_TAGGCATTCCTTTCTC-1",12.0275935171067
"BRCA1_1_TAGGCATTCTTGCCGT-1",12.0402290322094
"BRCA1_1_TAGTGGTAGATGCCTT-1",18.4812379738031
"BRCA1_1_TAGTGGTAGATGGCGT-1",19.1556390337302
"BRCA1_1_TAGTGGTAGGTGCACA-1",13.7100755192688
"BRCA1_1_TAGTGGTGTCATGCCG-1",16.8960144011243
"BRCA1_1_TAGTGGTGTCCATGAT-1",24.1218369153966
"BRCA1_1_TAGTGGTGTTGTGGAG-1",17.9108705822926
"BRCA1_1_TAGTGGTTCTGTCTCG-1",17.9108712782574
"BRCA1_1_TAGTGGTTCTGTTGAG-1",21.0442344247007
"BRCA1_1_TAGTTGGAGATCTGAA-1",21.5359315819459
"BRCA1_1_TAGTTGGCAATAGCGG-1",17.9108719742223
"BRCA1_1_TAGTTGGCACATGTGT-1",16.1843858068979
"BRCA1_1_TAGTTGGGTAAGAGGA-1",12.9090775189295
"BRCA1_1_TAGTTGGGTGGCCCTA-1",11.1783962329637
"BRCA1_1_TAGTTGGTCGGTCTAA-1",13.7100762152336
"BRCA1_1_TAGTTGGTCTGAAAGA-1",14.5416312777071
"BRCA1_1_TAGTTGGTCTTGGGTA-1",22.699904880541
"BRCA1_1_TATCAGGAGATCCTGT-1",25.9314228431409
"BRCA1_1_TATCAGGAGTGGTCCC-1",20.8148604138742
"BRCA1_1_TATCAGGCACACCGAC-1",18.0498768522345
"BRCA1_1_TATCAGGGTAGCGCAA-1",21.8574922899786
"BRCA1_1_TATCAGGGTGATGTCT-1",25.8303004480727
"BRCA1_1_TATCAGGGTGATGTGG-1",22.6999055765059
"BRCA1_1_TATCAGGTCTTCAACT-1",18.4030817790321
"BRCA1_1_TATCTCAAGCGCTCCA-1",25.6600565487779
"BRCA1_1_TATCTCAAGGTGCTTT-1",17.9108726701872
"BRCA1_1_TATCTCACACATCTTT-1",17.9108733661521
"BRCA1_1_TATCTCACACTTGGAT-1",17.7407754469954
"BRCA1_1_TATCTCACAGCTTAAC-1",12.0538000730783
"BRCA1_1_TATCTCACAGTCAGAG-1",24.1827560887871
"BRCA1_1_TATCTCACATGCCTTC-1",13.7100769111985
"BRCA1_1_TATCTCACATTGCGGC-1",17.8225540775044
"BRCA1_1_TATCTCAGTACAGCAG-1",17.910874062117
"BRCA1_1_TATCTCAGTACGCACC-1",13.7100776071634
"BRCA1_1_TATCTCAGTGCATCTA-1",17.7400297780985
"BRCA1_1_TATCTCATCAGGCAAG-1",16.8608457189323
"BRCA1_1_TATCTCATCATAAAGG-1",13.7100783031283
"BRCA1_1_TATCTCATCGACAGCC-1",15.8193719049279
"BRCA1_1_TATCTCATCGCCTGAG-1",23.919075318064
"BRCA1_1_TATGCCCAGAGTCGGT-1",17.9108747580818
"BRCA1_1_TATGCCCAGGAGCGTT-1",14.5221830554534
"BRCA1_1_TATGCCCAGTACGTTC-1",25.6600572447428
"BRCA1_1_TATGCCCAGTGGGTTG-1",25.6600579407077
"BRCA1_1_TATGCCCGTCAACTGT-1",18.403082474997
"BRCA1_1_TATGCCCGTCTGCAAT-1",18.5550215517641
"BRCA1_1_TATGCCCGTCTTTCAT-1",21.5453228953307
"BRCA1_1_TATGCCCGTGAGGGTT-1",13.9165341490759
"BRCA1_1_TATGCCCGTTAAGTAG-1",13.7100789990932
"BRCA1_1_TATGCCCTCAGTCAGT-1",18.6728897181806
"BRCA1_1_TATGCCCTCGCAAGCC-1",17.6655180526693
"BRCA1_1_TATGCCCTCGTCTGAA-1",18.4030831709619
"BRCA1_1_TATGCCCTCTAACTGG-1",13.9579633598441
"BRCA1_1_TATGCCCTCTCGGACG-1",13.5651089385647
"BRCA1_1_TATTACCAGTTTGCGT-1",16.8960150970892
"BRCA1_1_TATTACCGTAAAGTCA-1",23.6553720805746
"BRCA1_1_TATTACCGTACCATCA-1",18.4030838669267
"BRCA1_1_TATTACCGTAGCGCAA-1",21.6066840754406
"BRCA1_1_TATTACCGTCCTGCTT-1",25.9492674365436
"BRCA1_1_TATTACCTCAGAAATG-1",13.6228023396961
"BRCA1_1_TATTACCTCAGCACAT-1",17.9108754540467
"BRCA1_1_TATTACCTCCGAAGAG-1",12.9084727805258
"BRCA1_1_TATTACCTCTCATTCA-1",17.9108761500116
"BRCA1_1_TCAACGAAGAGTACAT-1",22.3481397918062
"BRCA1_1_TCAACGAAGATCCTGT-1",24.5079501074196
"BRCA1_1_TCAACGAAGTGCCATT-1",24.4971248352621
"BRCA1_1_TCAACGACAAAGTCAA-1",13.710079695058
"BRCA1_1_TCAACGACAATTGCTG-1",22.6999062724708
"BRCA1_1_TCAACGACACAGACAG-1",18.240235600421
"BRCA1_1_TCAACGACAGAGTGTG-1",14.578780416444
"BRCA1_1_TCAACGACATTACGAC-1",14.720681711604
"BRCA1_1_TCAACGAGTCTCTCTG-1",17.9108768459765
"BRCA1_1_TCAACGAGTCTGCAAT-1",22.2011403841691
"BRCA1_1_TCAACGATCCGATATG-1",13.7100803910229
"BRCA1_1_TCAATCTAGAGCTTCT-1",13.7100810869878
"BRCA1_1_TCAATCTCACAGATTC-1",16.1843865028628
"BRCA1_1_TCAATCTGTTATCGGT-1",24.1199435461394
"BRCA1_1_TCAATCTTCCGCAGTG-1",21.5817867451404
"BRCA1_1_TCACAAGAGAACTGTA-1",13.6960798114957
"BRCA1_1_TCACAAGAGACATAAC-1",13.593342028417
"BRCA1_1_TCACAAGAGATCCTGT-1",23.0281669439031
"BRCA1_1_TCACAAGAGGGTTCCC-1",11.1783969289286
"BRCA1_1_TCACAAGAGTGCTGCC-1",17.9108775419414
"BRCA1_1_TCACAAGCAAATTGCC-1",19.3763792896126
"BRCA1_1_TCACAAGCAAGTTCTG-1",8.79789902900511
"BRCA1_1_TCACAAGCACTTCTGC-1",14.4945811085209
"BRCA1_1_TCACAAGGTCCCTACT-1",13.4986112722262
"BRCA1_1_TCACAAGGTCTCTCGT-1",14.5757213234564
"BRCA1_1_TCACAAGGTGTCGCTG-1",13.6094542772797
"BRCA1_1_TCACAAGGTTTCCACC-1",15.1000817039193
"BRCA1_1_TCACAAGTCACTCTTA-1",21.9360362208506
"BRCA1_1_TCACAAGTCACTGGGC-1",20.6667663796979
"BRCA1_1_TCACAAGTCAGTTTGG-1",18.4550685843963
"BRCA1_1_TCACAAGTCCCTTGTG-1",20.2050131948123
"BRCA1_1_TCACGAAAGGCAGTCA-1",18.2010564320994
"BRCA1_1_TCACGAAAGGCTCAGA-1",16.184727206343
"BRCA1_1_TCACGAACAAGAGTCG-1",25.9820043630571
"BRCA1_1_TCACGAACAGCATACT-1",15.6317677220553
"BRCA1_1_TCACGAACAGTATCTG-1",11.660519859711
"BRCA1_1_TCACGAACAGTCACTA-1",16.9903354817213
"BRCA1_1_TCACGAAGTAAGGATT-1",13.7100817829527
"BRCA1_1_TCACGAAGTTACAGAA-1",21.9892024215024
"BRCA1_1_TCACGAATCCTAGGGC-1",17.9108782379062
"BRCA1_1_TCAGATGAGACTTGAA-1",25.982005059022
"BRCA1_1_TCAGATGAGGACGAAA-1",25.6600586366726
"BRCA1_1_TCAGATGCAGTAAGCG-1",20.6471504947358
"BRCA1_1_TCAGATGGTACCATCA-1",16.7104758541044
"BRCA1_1_TCAGATGGTCCGCTGA-1",21.4031133042281
"BRCA1_1_TCAGATGGTCTCATCC-1",18.1858115175804
"BRCA1_1_TCAGATGTCAGCGACC-1",13.7100824789176
"BRCA1_1_TCAGATGTCCCTAATT-1",13.7100831748824
"BRCA1_1_TCAGATGTCGGTGTCG-1",18.9999476832737
"BRCA1_1_TCAGATGTCTCAAACG-1",12.2536671002733
"BRCA1_1_TCAGATGTCTGAAAGA-1",15.7515610769234
"BRCA1_1_TCAGCAAAGAAGGTTT-1",14.7804895020237
"BRCA1_1_TCAGCAAAGGATCGCA-1",16.896015793054
"BRCA1_1_TCAGCAACACTCTGTC-1",18.4030845628916
"BRCA1_1_TCAGCAACAGAGCCAA-1",13.6228030356609
"BRCA1_1_TCAGCAACATGCTGGC-1",8.84235918993549
"BRCA1_1_TCAGCAAGTATAAACG-1",16.8960164890189
"BRCA1_1_TCAGCAAGTGGCCCTA-1",18.6935986464544
"BRCA1_1_TCAGCAAGTGTTGAGG-1",25.5888577153034
"BRCA1_1_TCAGCAAGTTGTGGCC-1",13.7100838708473
"BRCA1_1_TCAGCAATCCAGGGCT-1",24.4846006272052
"BRCA1_1_TCAGCTCAGCTGCAAG-1",21.5120355740984
"BRCA1_1_TCAGCTCAGTCAATAG-1",18.4030852588565
"BRCA1_1_TCAGCTCCAACCGCCA-1",17.9108789338711
"BRCA1_1_TCAGCTCTCAGCCTAA-1",17.910879629836
"BRCA1_1_TCAGCTCTCAGTCAGT-1",14.7777402604047
"BRCA1_1_TCAGCTCTCCAGAGGA-1",23.3040412889483
"BRCA1_1_TCAGGATAGAGCCTAG-1",15.4540628966128
"BRCA1_1_TCAGGATAGTGAATTG-1",18.5996634423889
"BRCA1_1_TCAGGATCAAGCCCAC-1",17.9108803258009
"BRCA1_1_TCAGGATCACAACGCC-1",19.0702180953149
"BRCA1_1_TCAGGATCAGGAATGC-1",18.8005303741556
"BRCA1_1_TCAGGATCAGGTGCCT-1",23.4643458652436
"BRCA1_1_TCAGGATCATTCCTGC-1",16.1843871988276
"BRCA1_1_TCAGGATGTAGCCTAT-1",20.2105753343065
"BRCA1_1_TCAGGATGTCCTGCTT-1",12.7864181283849
"BRCA1_1_TCAGGATGTGTGAAAT-1",23.8916520310906
"BRCA1_1_TCAGGATTCCAGATCA-1",13.3464510180516
"BRCA1_1_TCAGGATTCGTCGTTC-1",22.9796902710887
"BRCA1_1_TCAGGATTCTCAACTT-1",12.0245179044846
"BRCA1_1_TCAGGATTCTTGTCAT-1",20.265150759158
"BRCA1_1_TCAGGATTCTTTAGGG-1",25.6600593326375
"BRCA1_1_TCAGGTAAGAGCTGCA-1",25.6600600286023
"BRCA1_1_TCAGGTACAAGGTTTC-1",13.7100845668122
"BRCA1_1_TCAGGTACAGTTTACG-1",20.9747797537994
"BRCA1_1_TCAGGTAGTAGCTCCG-1",14.5451220833331
"BRCA1_1_TCAGGTAGTCGAAAGC-1",17.8336946991374
"BRCA1_1_TCAGGTAGTGATGTCT-1",16.1843878947925
"BRCA1_1_TCAGGTATCACAGTAC-1",11.8097696826388
"BRCA1_1_TCAGGTATCGCGGATC-1",13.8651466930224
"BRCA1_1_TCAGGTATCGTACGGC-1",25.6349050527705
"BRCA1_1_TCAGGTATCGTTACGA-1",23.9720640127087
"BRCA1_1_TCATTACAGCAGGTCA-1",23.4749781792564
"BRCA1_1_TCATTACAGTAGCGGT-1",13.0213854389192
"BRCA1_1_TCATTACCACCGATAT-1",23.4115397099049
"BRCA1_1_TCATTACCACGAAATA-1",16.8960171849838
"BRCA1_1_TCATTACCATGATCCA-1",24.0203761481041
"BRCA1_1_TCATTACCATTAGCCA-1",13.7100852627771
"BRCA1_1_TCATTACGTAAATGAC-1",17.9108810217657
"BRCA1_1_TCATTACGTCTCAACA-1",17.8531960184174
"BRCA1_1_TCATTTGAGCCGCCTA-1",24.4985770454247
"BRCA1_1_TCATTTGAGCGTAGTG-1",17.6726057833765
"BRCA1_1_TCATTTGCAAGCTGGA-1",24.6963538589612
"BRCA1_1_TCATTTGCACCCATGG-1",19.0943243044134
"BRCA1_1_TCATTTGCACGCATCG-1",12.0385511205839
"BRCA1_1_TCATTTGCAGACGCTC-1",14.2805506602632
"BRCA1_1_TCATTTGCAGCTGCAC-1",23.6553727765395
"BRCA1_1_TCATTTGGTAGAAGGA-1",22.2082243440099
"BRCA1_1_TCATTTGGTAGCGTCC-1",17.9108817177306
"BRCA1_1_TCATTTGGTCGCATCG-1",13.7100859587419
"BRCA1_1_TCATTTGGTTAAGATG-1",13.7100866547068
"BRCA1_1_TCATTTGGTTAGAACA-1",14.8270262061254
"BRCA1_1_TCATTTGTCTTACCGC-1",13.3820655985977
"BRCA1_1_TCCACACAGAGATGAG-1",13.7100873506717
"BRCA1_1_TCCACACCATATGCTG-1",13.7100880466366
"BRCA1_1_TCCACACGTCAAACTC-1",13.7100887426015
"BRCA1_1_TCCACACGTGAGTGAC-1",17.9588868702011
"BRCA1_1_TCCACACTCAAGAAGT-1",13.7100894385663
"BRCA1_1_TCCACACTCCTTAATC-1",13.7100901345312
"BRCA1_1_TCCACACTCTCAAGTG-1",23.9111772024058
"BRCA1_1_TCCACACTCTGTCCGT-1",16.2529413116224
"BRCA1_1_TCCACACTCTTCTGGC-1",20.990068386935
"BRCA1_1_TCCCGATAGATCTGAA-1",14.9142231632573
"BRCA1_1_TCCCGATAGATGGGTC-1",15.7937134356046
"BRCA1_1_TCCCGATAGGCAATTA-1",20.7229015965534
"BRCA1_1_TCCCGATAGTGGGCTA-1",25.9820057549868
"BRCA1_1_TCCCGATAGTGGGTTG-1",11.8233318563708
"BRCA1_1_TCCCGATCACAGGAGT-1",16.9903361776862
"BRCA1_1_TCCCGATGTCTTGTCC-1",6.2483820025008
"BRCA1_1_TCCCGATGTGCATCTA-1",0.454250878191288
"BRCA1_1_TCCCGATGTTACAGAA-1",13.5624326281088
"BRCA1_1_TCCCGATGTTGTCGCG-1",18.4030859548214
"BRCA1_1_TCCCGATTCGTAGGTT-1",12.7560467264601
"BRCA1_1_TCCCGATTCTGGTATG-1",13.7100908304961
"BRCA1_1_TCGAGGCAGCCACTAT-1",23.8932672010731
"BRCA1_1_TCGAGGCAGCCAGTAG-1",13.3455959014125
"BRCA1_1_TCGAGGCAGCTAAGAT-1",14.8921353599582
"BRCA1_1_TCGAGGCAGCTACCGC-1",22.2888660979129
"BRCA1_1_TCGAGGCAGGCGACAT-1",18.9686926519313
"BRCA1_1_TCGAGGCCACAACGCC-1",13.6789830674296
"BRCA1_1_TCGAGGCCACCGCTAG-1",18.4030866507863
"BRCA1_1_TCGAGGCCATTTCACT-1",13.6942974679125
"BRCA1_1_TCGAGGCGTACTTAGC-1",12.079369615277
"BRCA1_1_TCGAGGCGTGTGTGCC-1",8.46787150287364
"BRCA1_1_TCGAGGCGTTGGTTTG-1",14.9142238592222
"BRCA1_1_TCGAGGCTCAACTCTT-1",18.3502239882842
"BRCA1_1_TCGAGGCTCTCGCTTG-1",18.1483575955461
"BRCA1_1_TCGAGGCTCTTCGGTC-1",16.9903368736511
"BRCA1_1_TCGCGAGAGCGCTTAT-1",11.8119561438547
"BRCA1_1_TCGCGAGAGTGCTGCC-1",13.710091526461
"BRCA1_1_TCGCGAGCACAAGACG-1",24.9495914796851
"BRCA1_1_TCGCGAGCAGTAAGAT-1",11.6160367518608
"BRCA1_1_TCGCGAGCAGTAAGCG-1",19.1137247164356
"BRCA1_1_TCGCGAGGTAAGGATT-1",14.7422310355352
"BRCA1_1_TCGCGAGGTACGCTGC-1",18.4030873467511
"BRCA1_1_TCGCGAGGTCCGTGAC-1",17.9108824136955
"BRCA1_1_TCGCGAGGTGTGCCTG-1",13.0437496757729
"BRCA1_1_TCGCGAGGTTACAGAA-1",22.6990003421394
"BRCA1_1_TCGCGAGTCACAATGC-1",7.25999095340011
"BRCA1_1_TCGCGAGTCCCTTGCA-1",16.8960178809487
"BRCA1_1_TCGCGAGTCCTCGCAT-1",24.1047449063463
"BRCA1_1_TCGCGAGTCGCGGATC-1",19.0884826222519
"BRCA1_1_TCGCGAGTCTTACCGC-1",17.9108831096604
"BRCA1_1_TCGCGTTAGCGATTCT-1",11.9579888537228
"BRCA1_1_TCGCGTTAGTGTGAAT-1",13.7100922224259
"BRCA1_1_TCGCGTTCAAGCCGTC-1",13.7100929183907
"BRCA1_1_TCGCGTTCAGTCAGAG-1",16.346235952167
"BRCA1_1_TCGCGTTCAGTGAGTG-1",16.8960185769135
"BRCA1_1_TCGCGTTCATGTAGTC-1",15.8872199024576
"BRCA1_1_TCGCGTTGTACAGACG-1",17.8071077926961
"BRCA1_1_TCGCGTTGTCAATACC-1",23.5212783090867
"BRCA1_1_TCGCGTTGTCTCTTAT-1",19.0821446676028
"BRCA1_1_TCGCGTTTCCTCCTAG-1",13.6804464324002
"BRCA1_1_TCGCGTTTCTACCAGA-1",8.75270912403104
"BRCA1_1_TCGGGACAGGCTCTTA-1",14.6612969739704
"BRCA1_1_TCGGGACAGTGCCAGA-1",22.6999069684357
"BRCA1_1_TCGGGACCAACTGCTA-1",15.6317684180202
"BRCA1_1_TCGGGACCATACAGCT-1",16.7890487930642
"BRCA1_1_TCGGGACCATCATCCC-1",24.6347411652672
"BRCA1_1_TCGGGACCATCCGTGG-1",11.7733199380606
"BRCA1_1_TCGGGACCATGAGCGA-1",17.7072189268421
"BRCA1_1_TCGGGACGTAAGTGTA-1",14.914224555187
"BRCA1_1_TCGGGACTCGTTACAG-1",24.61440999012
"BRCA1_1_TCGGTAAAGTACGTTC-1",13.6774645265422
"BRCA1_1_TCGGTAAAGTCTTGCA-1",13.0449160369687
"BRCA1_1_TCGGTAACACCGATAT-1",15.6317691139851
"BRCA1_1_TCGGTAACAGATAATG-1",20.6879044862693
"BRCA1_1_TCGGTAACATTCACTT-1",13.7100936143556
"BRCA1_1_TCGGTAAGTCCCTTGT-1",25.923241068453
"BRCA1_1_TCGGTAATCATAACCG-1",17.7648768607456
"BRCA1_1_TCGGTAATCGGAGGTA-1",14.8921360559231
"BRCA1_1_TCGGTAATCTTGACGA-1",13.9519600214437
"BRCA1_1_TCGTACCAGCTCCCAG-1",23.5212790050516
"BRCA1_1_TCGTACCCACAAGTAA-1",13.4217874546659
"BRCA1_1_TCGTACCCAGTTTACG-1",13.882174390426
"BRCA1_1_TCGTACCGTACCTACA-1",24.049972223863
"BRCA1_1_TCGTACCGTCTTGCGG-1",17.9108838056253
"BRCA1_1_TCGTACCTCAATCTCT-1",19.116990133424
"BRCA1_1_TCGTACCTCGCAAGCC-1",13.3550509230984
"BRCA1_1_TCGTACCTCGCATGGC-1",12.751337760095
"BRCA1_1_TCGTACCTCTGTCCGT-1",13.7100943103205
"BRCA1_1_TCGTAGAAGCTAAACA-1",24.0408900155216
"BRCA1_1_TCGTAGAAGTTAACGA-1",11.8408540128111
"BRCA1_1_TCGTAGACAAACTGCT-1",14.8756345063915
"BRCA1_1_TCGTAGACAACTGCTA-1",13.7100950062854
"BRCA1_1_TCGTAGACAATCACAC-1",13.7100957022502
"BRCA1_1_TCGTAGACAGATCTGT-1",24.5088913693444
"BRCA1_1_TCGTAGACAGGGAGAG-1",25.4498284452367
"BRCA1_1_TCGTAGATCAAACAAG-1",19.5248977831177
"BRCA1_1_TCGTAGATCATTATCC-1",20.6879051822341
"BRCA1_1_TCGTAGATCCAAAGTC-1",15.3845842148884
"BRCA1_1_TCGTAGATCCGCATCT-1",11.7772600419582
"BRCA1_1_TCGTAGATCGAACGGA-1",18.5125419746454
"BRCA1_1_TCGTAGATCGCCCTTA-1",13.0005770420436
"BRCA1_1_TCGTAGATCTGCAGTA-1",16.1843885907574
"BRCA1_1_TCTATTGAGCCAGTTT-1",16.990337569616
"BRCA1_1_TCTATTGAGCGCTTAT-1",17.9108845015901
"BRCA1_1_TCTATTGAGGTGATAT-1",23.9645910867854
"BRCA1_1_TCTATTGCACTCTGTC-1",21.9360369168155
"BRCA1_1_TCTATTGGTCGCCATG-1",14.8670101971725
"BRCA1_1_TCTATTGGTCGCGAAA-1",11.7733206340255
"BRCA1_1_TCTATTGGTTCGTGAT-1",16.8766484051643
"BRCA1_1_TCTATTGGTTCTCATT-1",25.6600607245672
"BRCA1_1_TCTATTGGTTGAACTC-1",13.7100963982151
"BRCA1_1_TCTATTGTCGCCAAAT-1",12.164550502257
"BRCA1_1_TCTATTGTCTCTAAGG-1",17.194321075177
"BRCA1_1_TCTATTGTCTCTGCTG-1",20.7655362549092
"BRCA1_1_TCTATTGTCTTTAGTC-1",9.45806098021828
"BRCA1_1_TCTCATAAGGGTCGAT-1",25.8763778219541
"BRCA1_1_TCTCATAAGTATCTCG-1",13.71009709418
"BRCA1_1_TCTCATACAATAAGCA-1",21.9360376127804
"BRCA1_1_TCTCATACACGGTAGA-1",16.1843892867223
"BRCA1_1_TCTCATAGTGTTTGGT-1",16.2484141655027
"BRCA1_1_TCTCTAAAGACAAGCC-1",14.689218973069
"BRCA1_1_TCTCTAAAGACGACGT-1",13.7100977901449
"BRCA1_1_TCTCTAAAGGAGTTGC-1",13.0371018218949
"BRCA1_1_TCTCTAAAGGCATGGT-1",17.9315224033927
"BRCA1_1_TCTCTAATCGTGGACC-1",20.6953193681209
"BRCA1_1_TCTCTAATCTAACTTC-1",25.365314887174
"BRCA1_1_TCTGAGAAGACACGAC-1",16.3578517551963
"BRCA1_1_TCTGAGAAGAGAGCTC-1",23.8722044378294
"BRCA1_1_TCTGAGAAGCATCATC-1",17.6975081229068
"BRCA1_1_TCTGAGACACAGGAGT-1",22.6999076644005
"BRCA1_1_TCTGAGAGTCCTCCAT-1",24.0918005443256
"BRCA1_1_TCTGAGATCAAAGTAG-1",13.7100984861098
"BRCA1_1_TCTGAGATCATACGGT-1",16.3739448490105
"BRCA1_1_TCTGAGATCATTATCC-1",24.6017770828329
"BRCA1_1_TCTGAGATCGCCTGTT-1",19.4456337380282
"BRCA1_1_TCTGAGATCGCGTAGC-1",17.9503610389681
"BRCA1_1_TCTGAGATCGGAATCT-1",13.7100991820746
"BRCA1_1_TCTGAGATCTAACTGG-1",17.910885197555
"BRCA1_1_TCTGAGATCTCTAGGA-1",11.8204541564844
"BRCA1_1_TCTGAGATCTGGCGTG-1",25.9820064509517
"BRCA1_1_TCTGGAAAGACAGAGA-1",16.7462622308032
"BRCA1_1_TCTGGAAAGTATCTCG-1",12.0538007690432
"BRCA1_1_TCTGGAAAGTGTTTGC-1",21.5510925362413
"BRCA1_1_TCTGGAACAATAGCAA-1",10.9473208719569
"BRCA1_1_TCTGGAACACAAGACG-1",13.6646226018796
"BRCA1_1_TCTGGAACACATTAGC-1",18.204535340204
"BRCA1_1_TCTGGAACACCAGTTA-1",14.8921367518879
"BRCA1_1_TCTGGAACAGCCAATT-1",16.8589876748372
"BRCA1_1_TCTGGAACAGCTTAAC-1",22.4023205672649
"BRCA1_1_TCTGGAACAGTATGCT-1",11.8290432571623
"BRCA1_1_TCTGGAACATTACGAC-1",22.220693310251
"BRCA1_1_TCTGGAAGTACAGACG-1",18.6013262378326
"BRCA1_1_TCTGGAAGTGCTAGCC-1",18.403088042716
"BRCA1_1_TCTGGAAGTGTCTGAT-1",11.1309343021968
"BRCA1_1_TCTGGAAGTTTAGCTG-1",17.6095871690607
"BRCA1_1_TCTTCGGAGTACACCT-1",7.3591064149559
"BRCA1_1_TCTTCGGAGTCAAGGC-1",25.6477728411494
"BRCA1_1_TCTTCGGCAATCAGAA-1",16.8960192728784
"BRCA1_1_TCTTCGGCAATCTACG-1",21.8686912025168
"BRCA1_1_TCTTCGGCAGACTCGC-1",9.54388974531377
"BRCA1_1_TCTTCGGCAGATAATG-1",13.7100998780395
"BRCA1_1_TCTTCGGCATATACCG-1",20.5942750749324
"BRCA1_1_TCTTCGGGTAAACGCG-1",17.9108858935199
"BRCA1_1_TCTTCGGGTAGTAGTA-1",25.9134325236688
"BRCA1_1_TCTTCGGGTATCGCAT-1",13.7101005740044
"BRCA1_1_TCTTCGGTCATCTGCC-1",18.8574923423678
"BRCA1_1_TCTTCGGTCTGTCAAG-1",21.425380134384
"BRCA1_1_TCTTTCCAGTTTAGGA-1",13.7101012699693
"BRCA1_1_TCTTTCCCAACTGCTA-1",13.4898396518557
"BRCA1_1_TCTTTCCCAGGGATTG-1",16.7386886505572
"BRCA1_1_TCTTTCCCAGTATCTG-1",13.7101019659342
"BRCA1_1_TCTTTCCGTACAGACG-1",17.8887153397606
"BRCA1_1_TCTTTCCGTACAGCAG-1",13.710102661899
"BRCA1_1_TCTTTCCGTCAGGACA-1",17.9108865894848
"BRCA1_1_TCTTTCCGTTCAGACT-1",20.6689628004639
"BRCA1_1_TCTTTCCGTTCGGCAC-1",13.7101033578639
"BRCA1_1_TCTTTCCTCTTGAGGT-1",18.4030887386809
"BRCA1_1_TGAAAGAAGCCTCGTG-1",17.7799152705628
"BRCA1_1_TGAAAGAAGTTAACGA-1",23.9393521649097
"BRCA1_1_TGAAAGACACTCTGTC-1",12.0974182774638
"BRCA1_1_TGAAAGACAGCTTAAC-1",9.20577567249224
"BRCA1_1_TGAAAGACAGGACCCT-1",18.436254055603
"BRCA1_1_TGAAAGACATAAGACA-1",19.4403250349212
"BRCA1_1_TGAAAGAGTTCCCTTG-1",25.6600614205321
"BRCA1_1_TGAAAGAGTTTAGCTG-1",16.7104765500693
"BRCA1_1_TGAAAGATCACTTCAT-1",18.3398127027612
"BRCA1_1_TGAAAGATCAGCGATT-1",14.9142252511519
"BRCA1_1_TGAAAGATCGAGAACG-1",22.2461509705051
"BRCA1_1_TGAAAGATCGTAGGAG-1",16.9903382655808
"BRCA1_1_TGACAACAGAAGGTTT-1",15.8872205984225
"BRCA1_1_TGACAACAGATCGGGT-1",11.0562311463145
"BRCA1_1_TGACAACAGGTAGCTG-1",13.7101040538288
"BRCA1_1_TGACAACAGTGGCACA-1",13.7101047497937
"BRCA1_1_TGACAACCAGCGTAAG-1",11.5988628626357
"BRCA1_1_TGACAACCAGCTGTAT-1",21.6816015327046
"BRCA1_1_TGACAACGTGTAACGG-1",25.9780732063376
"BRCA1_1_TGACAACTCACGCGGT-1",14.9142259471168
"BRCA1_1_TGACAACTCTCAACTT-1",13.7101054457586
"BRCA1_1_TGACGGCAGGGAACGG-1",11.1783171275571
"BRCA1_1_TGACGGCAGTGACTCT-1",13.0650579096009
"BRCA1_1_TGACGGCCAGCGAACA-1",19.4166385006169
"BRCA1_1_TGACGGCGTACAGTTC-1",18.4030894346458
"BRCA1_1_TGACGGCTCAATAAGG-1",11.0375411318502
"BRCA1_1_TGACGGCTCACCAGGC-1",22.6359989672455
"BRCA1_1_TGACGGCTCTTCTGGC-1",11.1783976248935
"BRCA1_1_TGACTAGAGCGTGAGT-1",13.0213861348841
"BRCA1_1_TGACTAGAGTACGATA-1",17.9108872854497
"BRCA1_1_TGACTAGCAACAACCT-1",23.0542194569065
"BRCA1_1_TGACTAGCAAGCCATT-1",13.7101061417234
"BRCA1_1_TGACTAGCAAGGACTG-1",18.6478301481405
"BRCA1_1_TGACTAGCACCAACCG-1",15.7291140988047
"BRCA1_1_TGACTAGCAGGGTATG-1",16.7104772460342
"BRCA1_1_TGACTAGCAGTCGTGC-1",13.7101068376883
"BRCA1_1_TGACTAGGTGCACTTA-1",23.0009188610582
"BRCA1_1_TGACTAGTCCATGAGT-1",22.6743807554409
"BRCA1_1_TGACTTTAGGCTCATT-1",18.4030901306106
"BRCA1_1_TGACTTTAGTGTTGAA-1",18.4030908265755
"BRCA1_1_TGACTTTCAGGCGATA-1",18.5799451637708
"BRCA1_1_TGACTTTCAGGCTCAC-1",16.8960199688433
"BRCA1_1_TGACTTTGTCTTTCAT-1",25.660062116497
"BRCA1_1_TGACTTTGTTACGCGC-1",8.66373757086456
"BRCA1_1_TGACTTTTCCCAAGTA-1",17.9398497683546
"BRCA1_1_TGACTTTTCGTGACAT-1",21.4299335330982
"BRCA1_1_TGACTTTTCTGTCAAG-1",12.1615005711407
"BRCA1_1_TGAGAGGAGCCCGAAA-1",18.4030915225404
"BRCA1_1_TGAGAGGAGCCTCGTG-1",17.9108879814145
"BRCA1_1_TGAGAGGAGTCCATAC-1",13.9100922188023
"BRCA1_1_TGAGAGGAGTGGGTTG-1",14.8064519064757
"BRCA1_1_TGAGAGGCAAAGCGGT-1",12.9101888556972
"BRCA1_1_TGAGAGGCAACTGCGC-1",25.8933433378021
"BRCA1_1_TGAGAGGCAAGCCTAT-1",17.761362792888
"BRCA1_1_TGAGAGGGTAATCACC-1",21.8334360280233
"BRCA1_1_TGAGAGGGTTCTCATT-1",16.2257538096813
"BRCA1_1_TGAGCATAGTACACCT-1",18.4030922185053
"BRCA1_1_TGAGCATAGTGCGATG-1",25.8786141209832
"BRCA1_1_TGAGCATCAAGCGAGT-1",15.7082528948656
"BRCA1_1_TGAGCATCAATGGATA-1",14.9142266430817
"BRCA1_1_TGAGCATGTAGAGTGC-1",13.7101075336532
"BRCA1_1_TGAGCATGTCTTGTCC-1",13.7101082296181
"BRCA1_1_TGAGCATGTTACGTCA-1",12.8285699766558
"BRCA1_1_TGAGCATGTTCTGTTT-1",13.7101089255829
"BRCA1_1_TGAGCATTCCGCGGTA-1",19.0403940495408
"BRCA1_1_TGAGCATTCTTGCAAG-1",19.0499811501146
"BRCA1_1_TGAGCCGAGAAACCTA-1",23.9826122525087
"BRCA1_1_TGAGCCGCACACCGCA-1",18.4030929144702
"BRCA1_1_TGAGCCGCATACTACG-1",19.0175335925808
"BRCA1_1_TGAGCCGGTGCACCAC-1",12.0538014650081
"BRCA1_1_TGAGCCGGTTTCGCTC-1",8.24158356705667
"BRCA1_1_TGAGCCGTCGGGAGTA-1",15.7318695816915
"BRCA1_1_TGAGCCGTCTACCAGA-1",13.7101096215478
"BRCA1_1_TGAGGGAAGAATAGGG-1",12.9919902930674
"BRCA1_1_TGAGGGACAACACCTA-1",17.9108886773794
"BRCA1_1_TGAGGGACAACGATGG-1",17.9108893733443
"BRCA1_1_TGAGGGAGTAGGACAC-1",13.7101103175127
"BRCA1_1_TGAGGGAGTGTGACCC-1",14.4916669583621
"BRCA1_1_TGAGGGAGTTGGAGGT-1",24.6028878647769
"BRCA1_1_TGAGGGAGTTTACTCT-1",24.0753540985438
"BRCA1_1_TGAGGGATCATGTGGT-1",18.5829138020083
"BRCA1_1_TGATTTCAGCGATAGC-1",13.3455965973774
"BRCA1_1_TGATTTCAGGGATACC-1",16.2381961435931
"BRCA1_1_TGATTTCAGTCTCCTC-1",13.563839587407
"BRCA1_1_TGATTTCCAACTTGAC-1",21.9892031174672
"BRCA1_1_TGATTTCCACTTAACG-1",25.6600628124618
"BRCA1_1_TGATTTCGTAAGGATT-1",17.9108900693092
"BRCA1_1_TGATTTCGTAGCGCTC-1",23.9546929761797
"BRCA1_1_TGATTTCGTCTTTCAT-1",13.7101110134776
"BRCA1_1_TGATTTCTCAGTACGT-1",12.8555005899923
"BRCA1_1_TGATTTCTCGGTCTAA-1",17.0651972450249
"BRCA1_1_TGCACCTAGAGCCTAG-1",25.6600635084267
"BRCA1_1_TGCACCTAGGAGTTGC-1",9.30149688308432
"BRCA1_1_TGCACCTAGTGCCAGA-1",22.2349223337155
"BRCA1_1_TGCACCTCACGGCTAC-1",16.9903389615457
"BRCA1_1_TGCACCTCAGACAGGT-1",17.9108907652741
"BRCA1_1_TGCACCTCAGGTGGAT-1",13.7101117094425
"BRCA1_1_TGCACCTCATCCTAGA-1",16.9903396575106
"BRCA1_1_TGCACCTCATGTCCTC-1",11.7765075828867
"BRCA1_1_TGCACCTGTGTGGCTC-1",20.605802299393
"BRCA1_1_TGCACCTGTGTTGAGG-1",16.1843899826871
"BRCA1_1_TGCACCTTCATGCAAC-1",14.3948485540514
"BRCA1_1_TGCACCTTCCTTGCCA-1",12.0295705253861
"BRCA1_1_TGCACCTTCGCCAGCA-1",12.9569470111987
"BRCA1_1_TGCACCTTCTGCTGCT-1",12.8119034826245
"BRCA1_1_TGCCAAAAGCCAGTTT-1",23.3848849692599
"BRCA1_1_TGCCAAAAGGAGTCTG-1",24.0343784041711
"BRCA1_1_TGCCAAAAGTGCCAGA-1",24.6219256621798
"BRCA1_1_TGCCAAACAAACCTAC-1",18.403093610435
"BRCA1_1_TGCCAAACACCAGGCT-1",13.7101124054073
"BRCA1_1_TGCCAAACACTTCGAA-1",12.2167921640292
"BRCA1_1_TGCCAAACATGCAATC-1",12.8037659136752
"BRCA1_1_TGCCAAAGTAAATGAC-1",20.9101105803782
"BRCA1_1_TGCCAAAGTCCCTACT-1",8.8539520713684
"BRCA1_1_TGCCAAAGTTACGCGC-1",18.7543661778697
"BRCA1_1_TGCCAAAGTTGGGACA-1",15.3711077418224
"BRCA1_1_TGCCAAATCCACGTGG-1",1.78837906372576
"BRCA1_1_TGCCCATAGAATAGGG-1",16.8960206648082
"BRCA1_1_TGCCCATAGCACAGGT-1",13.7101131013722
"BRCA1_1_TGCCCATAGCCCAACC-1",16.9903403534755
"BRCA1_1_TGCCCATAGGGCATGT-1",13.7101137973371
"BRCA1_1_TGCCCATCACAGTCGC-1",13.710114493302
"BRCA1_1_TGCCCATCAGATGGGT-1",16.9903410494404
"BRCA1_1_TGCCCATCATTTGCCC-1",14.2279849325123
"BRCA1_1_TGCCCATGTGTTAAGA-1",23.500318846185
"BRCA1_1_TGCCCATGTTGTCTTT-1",16.184390678652
"BRCA1_1_TGCCCATTCATTCACT-1",21.9892038134321
"BRCA1_1_TGCCCATTCTGAAAGA-1",16.8960213607731
"BRCA1_1_TGCCCTAAGCCGCCTA-1",13.7101151892669
"BRCA1_1_TGCCCTAAGCTAACTC-1",19.0305215165437
"BRCA1_1_TGCCCTAAGGTGGGTT-1",20.4573637796576
"BRCA1_1_TGCCCTACACGCCAGT-1",16.8592516758552
"BRCA1_1_TGCCCTACACTTCGAA-1",11.6648549362572
"BRCA1_1_TGCCCTACAGCTTAAC-1",20.3940321324194
"BRCA1_1_TGCCCTACATCTCGCT-1",18.2822537889165
"BRCA1_1_TGCCCTAGTAGCGTAG-1",13.7101158852317
"BRCA1_1_TGCCCTAGTCTGCCAG-1",13.7101165811966
"BRCA1_1_TGCCCTATCACCAGGC-1",24.103642433494
"BRCA1_1_TGCCCTATCGTTGACA-1",16.2228643055086
"BRCA1_1_TGCGCAGAGAAAGTGG-1",13.7101172771615
"BRCA1_1_TGCGCAGAGTGTACGG-1",25.9820071469166
"BRCA1_1_TGCGCAGCAAGGACAC-1",12.053802160973
"BRCA1_1_TGCGCAGCACAGCGTC-1",18.8135176352502
"BRCA1_1_TGCGCAGCACCAGTTA-1",25.8811406814902
"BRCA1_1_TGCGCAGCACGGTAAG-1",15.7324612159886
"BRCA1_1_TGCGCAGCATACCATG-1",19.1704649473228
"BRCA1_1_TGCGCAGGTTCTCATT-1",16.7104779419991
"BRCA1_1_TGCGCAGTCCGGGTGT-1",18.532092235094
"BRCA1_1_TGCGCAGTCCTGCTTG-1",23.0614341131302
"BRCA1_1_TGCGGGTAGGCAGTCA-1",25.6600642043916
"BRCA1_1_TGCGGGTAGTCCTCCT-1",15.8872212943874
"BRCA1_1_TGCGGGTCACAGCCCA-1",18.4030943063999
"BRCA1_1_TGCGGGTCAGTAGAGC-1",13.6975770826949
"BRCA1_1_TGCGGGTCATATGCTG-1",16.9903417454052
"BRCA1_1_TGCGGGTGTACTCAAC-1",19.4601059268605
"BRCA1_1_TGCGGGTGTCATACTG-1",25.9820078428815
"BRCA1_1_TGCGGGTGTGCAACTT-1",13.4975778061673
"BRCA1_1_TGCGGGTGTTAAAGTG-1",15.8439176346833
"BRCA1_1_TGCGGGTGTTGTTTGG-1",14.8921374478528
"BRCA1_1_TGCGTGGAGAAGCCCA-1",14.6909907622752
"BRCA1_1_TGCGTGGAGATGAGAG-1",13.8530434891154
"BRCA1_1_TGCGTGGAGATGCCTT-1",13.7101179731264
"BRCA1_1_TGCGTGGAGGCATGGT-1",25.287784326012
"BRCA1_1_TGCGTGGAGTGCCATT-1",11.5946544103516
"BRCA1_1_TGCGTGGCAGACAAAT-1",20.5391579702552
"BRCA1_1_TGCGTGGGTCTACCTC-1",14.7407078184694
"BRCA1_1_TGCGTGGGTCTCACCT-1",16.1843913746169
"BRCA1_1_TGCGTGGGTGGTCTCG-1",22.6999083603654
"BRCA1_1_TGCGTGGGTTGGACCC-1",25.4733752967309
"BRCA1_1_TGCGTGGGTTTACTCT-1",13.7101186690912
"BRCA1_1_TGCGTGGTCAAAGTAG-1",14.9142273390466
"BRCA1_1_TGCGTGGTCCCAGGTG-1",13.7101193650561
"BRCA1_1_TGCGTGGTCGTTTGCC-1",13.710120061021
"BRCA1_1_TGCGTGGTCTCCGGTT-1",16.8960220567379
"BRCA1_1_TGCTACCAGAAGGTGA-1",19.1526494544537
"BRCA1_1_TGCTACCAGTGTTTGC-1",13.7101207569859
"BRCA1_1_TGCTACCAGTTCGATC-1",23.6553734725043
"BRCA1_1_TGCTACCCAAGAGTCG-1",18.6536463542781
"BRCA1_1_TGCTACCCACGGATAG-1",16.8960227527028
"BRCA1_1_TGCTACCCAGCTCGAC-1",16.8960234486677
"BRCA1_1_TGCTACCCAGTGGGAT-1",11.9998761410623
"BRCA1_1_TGCTACCGTGAAATCA-1",16.1843920705818
"BRCA1_1_TGCTACCGTGATAAGT-1",21.8845295231488
"BRCA1_1_TGCTACCGTTCGCTAA-1",13.7101214529508
"BRCA1_1_TGCTACCTCATGTCCC-1",14.9142280350114
"BRCA1_1_TGCTGCTAGGCAGTCA-1",13.4419077913028
"BRCA1_1_TGCTGCTAGGCTAGGT-1",23.977080861683
"BRCA1_1_TGCTGCTAGTACTTGC-1",13.7101221489156
"BRCA1_1_TGCTGCTAGTGTCTCA-1",17.9108914612389
"BRCA1_1_TGCTGCTCACCAACCG-1",19.1704656432876
"BRCA1_1_TGCTGCTCACTCTGTC-1",19.1456449926077
"BRCA1_1_TGCTGCTCACTGAAGG-1",25.9820085388463
"BRCA1_1_TGCTGCTTCACATAGC-1",13.7101228448805
"BRCA1_1_TGCTGCTTCCAAAGTC-1",13.6094549732446
"BRCA1_1_TGGACGCAGATTACCC-1",21.5597035946603
"BRCA1_1_TGGACGCAGCTGCGAA-1",19.5122182469672
"BRCA1_1_TGGACGCAGTCTCCTC-1",13.7101235408454
"BRCA1_1_TGGACGCCACAAGACG-1",16.9903424413701
"BRCA1_1_TGGACGCGTCAATACC-1",13.7101242368103
"BRCA1_1_TGGACGCGTCCTCCAT-1",14.884016949488
"BRCA1_1_TGGACGCGTGACTCAT-1",17.6545602901918
"BRCA1_1_TGGACGCTCCCACTTG-1",13.7101249327752
"BRCA1_1_TGGACGCTCTCGAGTA-1",14.8921381438177
"BRCA1_1_TGGCCAGAGGTCATCT-1",17.7340814323111
"BRCA1_1_TGGCCAGAGTTCGCAT-1",19.0434976268461
"BRCA1_1_TGGCCAGCAAAGGTGC-1",18.3502246842491
"BRCA1_1_TGGCCAGCATGCCTTC-1",23.6553741684692
"BRCA1_1_TGGCCAGTCGTCCGTT-1",20.4425622769565
"BRCA1_1_TGGCGCACAACTGCTA-1",25.6600649003565
"BRCA1_1_TGGCGCACAGCTGTTA-1",21.8564908752587
"BRCA1_1_TGGCGCACAGGACCCT-1",13.8752832184676
"BRCA1_1_TGGCGCACAGTGGAGT-1",13.0754261604717
"BRCA1_1_TGGCGCAGTGCCTGGT-1",15.6875463346223
"BRCA1_1_TGGCGCATCAGTACGT-1",16.8960241446326
"BRCA1_1_TGGCTGGAGAAGGTTT-1",13.71012562874
"BRCA1_1_TGGCTGGAGCACGCCT-1",25.8327408236829
"BRCA1_1_TGGCTGGAGCTAACTC-1",13.7101263247049
"BRCA1_1_TGGCTGGAGGCTCAGA-1",15.1656619857812
"BRCA1_1_TGGCTGGAGTACGTAA-1",16.990343137335
"BRCA1_1_TGGCTGGAGTGGAGTC-1",21.989204509397
"BRCA1_1_TGGCTGGCACGACTCG-1",25.8857653205181
"BRCA1_1_TGGCTGGCAGGCTGAA-1",17.6813998149771
"BRCA1_1_TGGCTGGGTCAAAGAT-1",21.9360383087453
"BRCA1_1_TGGCTGGGTGATGTGG-1",17.7827951150791
"BRCA1_1_TGGCTGGGTTCGTGAT-1",24.520553767123
"BRCA1_1_TGGCTGGGTTCTCATT-1",20.5119719614322
"BRCA1_1_TGGCTGGGTTTGACTG-1",23.9267866887168
"BRCA1_1_TGGCTGGTCAGCGACC-1",22.201141080134
"BRCA1_1_TGGCTGGTCTCTTATG-1",13.7101270206698
"BRCA1_1_TGGGAAGAGATGTAAC-1",14.9142287309763
"BRCA1_1_TGGGAAGAGCATGGCA-1",13.7101277166347
"BRCA1_1_TGGGAAGAGTGGCACA-1",13.7101284125995
"BRCA1_1_TGGGAAGCAAACGCGA-1",13.7101291085644
"BRCA1_1_TGGGAAGCAATGGACG-1",15.712429495464
"BRCA1_1_TGGGAAGCAGGATCGA-1",16.4284472939629
"BRCA1_1_TGGGAAGGTGAGGGAG-1",23.4526164688749
"BRCA1_1_TGGGAAGTCGGCTACG-1",25.0988358385507
"BRCA1_1_TGGGCGTAGACTTGAA-1",25.6600655963214
"BRCA1_1_TGGGCGTAGCTACCGC-1",14.9142294269412
"BRCA1_1_TGGGCGTAGGATTCGG-1",23.3384697497368
"BRCA1_1_TGGGCGTAGTAAGTAC-1",12.0538028569379
"BRCA1_1_TGGGCGTAGTTGCAGG-1",10.8236080898221
"BRCA1_1_TGGGCGTCACAAGTAA-1",19.3775598640538
"BRCA1_1_TGGGCGTCACGCGAAA-1",14.2152039174485
"BRCA1_1_TGGGCGTCAGATGGCA-1",19.0555122254208
"BRCA1_1_TGGGCGTCATATACCG-1",13.7101298045293
"BRCA1_1_TGGGCGTGTAGTGAAT-1",21.6532898563804
"BRCA1_1_TGGGCGTGTATATGAG-1",13.6798385438691
"BRCA1_1_TGGGCGTGTCCGTGAC-1",13.7101305004942
"BRCA1_1_TGGGCGTGTTACGTCA-1",17.9108921572038
"BRCA1_1_TGGGCGTTCATTCACT-1",22.2192712503798
"BRCA1_1_TGGGCGTTCCGCAGTG-1",16.8960248405975
"BRCA1_1_TGGGCGTTCTCTAAGG-1",25.9748889106888
"BRCA1_1_TGGTTAGCAATCAGAA-1",13.9400437806992
"BRCA1_1_TGGTTAGCACCCATGG-1",24.5490772879181
"BRCA1_1_TGGTTAGCATGATCCA-1",13.7101311964591
"BRCA1_1_TGGTTAGGTAGCACGA-1",13.7101318924239
"BRCA1_1_TGGTTAGGTCTCTTAT-1",13.7101325883888
"BRCA1_1_TGGTTAGGTGCAACTT-1",12.0538035529027
"BRCA1_1_TGGTTAGGTTACGACT-1",17.8242206438978
"BRCA1_1_TGGTTAGTCGAGAGCA-1",13.7101332843537
"BRCA1_1_TGGTTAGTCTGCGGCA-1",13.7101339803186
"BRCA1_1_TGGTTAGTCTTGAGGT-1",17.9108928531687
"BRCA1_1_TGGTTCCAGCTCTCGG-1",15.8439183306481
"BRCA1_1_TGGTTCCAGTACATGA-1",9.98601431264837
"BRCA1_1_TGGTTCCCAAGTAGTA-1",19.1304503295236
"BRCA1_1_TGGTTCCCACCTATCC-1",19.1274541402692
"BRCA1_1_TGGTTCCCAGGGTACA-1",15.7639880730782
"BRCA1_1_TGGTTCCCATCGACGC-1",17.9108935491336
"BRCA1_1_TGGTTCCGTAAGTGTA-1",9.53004941676359
"BRCA1_1_TGGTTCCGTAGGGTAC-1",14.8921388397826
"BRCA1_1_TGGTTCCGTGAGGGAG-1",16.8960255365623
"BRCA1_1_TGGTTCCGTGTTCTTT-1",13.7033037732216
"BRCA1_1_TGGTTCCGTTATCCGA-1",12.2394792250536
"BRCA1_1_TGGTTCCGTTGTGGAG-1",20.687905878199
"BRCA1_1_TGGTTCCTCTCTGAGA-1",16.9903438332999
"BRCA1_1_TGTATTCCACAACGCC-1",13.7101346762835
"BRCA1_1_TGTATTCCACACGCTG-1",21.1720917714195
"BRCA1_1_TGTATTCGTGATGCCC-1",12.1216253567511
"BRCA1_1_TGTATTCTCAGAAATG-1",23.5409830051746
"BRCA1_1_TGTATTCTCTGTCCGT-1",22.6678229555173
"BRCA1_1_TGTCCCAAGGAGCGTT-1",25.9820092348112
"BRCA1_1_TGTCCCAAGGCGATAC-1",17.7490304922651
"BRCA1_1_TGTCCCAAGGTGATAT-1",11.0982583094356
"BRCA1_1_TGTCCCAAGGTGTTAA-1",24.4615570216239
"BRCA1_1_TGTCCCAAGTCTTGCA-1",13.9317334635756
"BRCA1_1_TGTCCCAAGTGTGAAT-1",13.7101353722483
"BRCA1_1_TGTCCCACAACCGCCA-1",13.3888927331669
"BRCA1_1_TGTCCCACACACGCTG-1",25.8438675688479
"BRCA1_1_TGTCCCAGTAAGCACG-1",20.6418406809682
"BRCA1_1_TGTCCCAGTCCGTGAC-1",13.925046516882
"BRCA1_1_TGTCCCAGTCTTGTCC-1",16.9903445292648
"BRCA1_1_TGTCCCATCAGAGACG-1",25.8709734672216
"BRCA1_1_TGTCCCATCAGGCAAG-1",17.7907438691248
"BRCA1_1_TGTCCCATCCACTGGG-1",21.9189058398576
"BRCA1_1_TGTCCCATCGGTCTAA-1",14.9142301229061
"BRCA1_1_TGTGGTAAGCAGACTG-1",23.3356927804605
"BRCA1_1_TGTGGTAAGGAACTGC-1",16.1843927665467
"BRCA1_1_TGTGGTAAGTGGTCCC-1",23.5212797010165
"BRCA1_1_TGTGGTACAAGTCTAC-1",17.9108942450984
"BRCA1_1_TGTGGTAGTTCTCATT-1",21.9360390047102
"BRCA1_1_TGTGGTATCACTTCAT-1",21.6218675909078
"BRCA1_1_TGTGTTTAGACTGGGT-1",13.7101360682132
"BRCA1_1_TGTGTTTAGATGCCAG-1",21.9892052053619
"BRCA1_1_TGTGTTTAGCTGTTCA-1",13.7101367641781
"BRCA1_1_TGTGTTTCAAAGTGCG-1",22.6999090563303
"BRCA1_1_TGTGTTTCAAGCGCTC-1",13.0856011619729
"BRCA1_1_TGTGTTTCATTAGGCT-1",18.1555638816664
"BRCA1_1_TGTGTTTGTCCAGTAT-1",13.4860565657496
"BRCA1_1_TGTGTTTGTCGCATCG-1",22.2011417760989
"BRCA1_1_TGTGTTTGTGCACTTA-1",23.5531769030477
"BRCA1_1_TGTGTTTTCAACCAAC-1",11.8972453795634
"BRCA1_1_TGTGTTTTCAGCTTAG-1",20.8051652887982
"BRCA1_1_TGTTCCGAGAGTAATC-1",16.9903452252296
"BRCA1_1_TGTTCCGAGTACATGA-1",21.6227206748735
"BRCA1_1_TGTTCCGAGTATGACA-1",21.6213777937182
"BRCA1_1_TGTTCCGAGTGGTAAT-1",14.914230818871
"BRCA1_1_TGTTCCGCAGTTCCCT-1",19.0908961041244
"BRCA1_1_TGTTCCGCATGCTAGT-1",18.9557197299997
"BRCA1_1_TGTTCCGGTCAGCTAT-1",16.9903459211945
"BRCA1_1_TGTTCCGGTTATCCGA-1",16.9903466171594
"BRCA1_1_TGTTCCGTCAGGCAAG-1",3.51917933381439
"BRCA1_1_TGTTCCGTCTTGTCAT-1",11.0157446712516
"BRCA1_1_TTAACTCAGCGAGAAA-1",13.710137460143
"BRCA1_1_TTAACTCAGCTGCCCA-1",25.9764762779458
"BRCA1_1_TTAACTCCAAGTAGTA-1",16.9903473131243
"BRCA1_1_TTAACTCCAGTTCCCT-1",24.5369105532973
"BRCA1_1_TTAACTCGTTACGTCA-1",16.8960262325272
"BRCA1_1_TTAACTCTCATGGTCA-1",16.8960269284921
"BRCA1_1_TTAACTCTCGGATGGA-1",25.9820099307761
"BRCA1_1_TTAACTCTCGTAGGTT-1",12.0098601373988
"BRCA1_1_TTAGGACAGCGTGTCC-1",13.7101381561078
"BRCA1_1_TTAGGACAGGGATGGG-1",25.982010626741
"BRCA1_1_TTAGGACCACGGCTAC-1",15.6317698099499
"BRCA1_1_TTAGGACGTAATTGGA-1",18.233659845986
"BRCA1_1_TTAGGACGTAGCCTAT-1",13.5408551701947
"BRCA1_1_TTAGGACGTCATTAGC-1",16.2480837720571
"BRCA1_1_TTAGGACGTCCTGCTT-1",24.5703045915279
"BRCA1_1_TTAGGACGTCGGATCC-1",21.0755912616145
"BRCA1_1_TTAGGACTCACTCTTA-1",25.6600662922862
"BRCA1_1_TTAGGACTCCGCGCAA-1",13.7101388520727
"BRCA1_1_TTAGGACTCCGTACAA-1",13.7101395480376
"BRCA1_1_TTAGGCAAGCCGATTT-1",12.0538042488676
"BRCA1_1_TTAGGCAAGCTAACTC-1",13.7101402440025
"BRCA1_1_TTAGGCAAGTACGATA-1",21.0142886308158
"BRCA1_1_TTAGGCAAGTTCGCAT-1",12.057302040987
"BRCA1_1_TTAGGCACAAGAAAGG-1",13.7101409399674
"BRCA1_1_TTAGGCACAAGGCTCC-1",13.7101416359322
"BRCA1_1_TTAGGCACAGAAGCAC-1",13.7101423318971
"BRCA1_1_TTAGGCACAGCTGTAT-1",21.936039700675
"BRCA1_1_TTAGGCACAGTAAGCG-1",12.8939095849302
"BRCA1_1_TTAGGCAGTAAGAGGA-1",24.0464962350662
"BRCA1_1_TTAGGCAGTGATGTGG-1",16.9903480090891
"BRCA1_1_TTAGGCATCATTCACT-1",1.66351321568859
"BRCA1_1_TTAGTTCAGCGAGAAA-1",14.5918467010757
"BRCA1_1_TTAGTTCAGGAATGGA-1",12.0614575026284
"BRCA1_1_TTAGTTCAGTACACCT-1",18.4590014530134
"BRCA1_1_TTAGTTCCAATGGACG-1",17.9251000953979
"BRCA1_1_TTAGTTCCACCTGGTG-1",15.1635624944479
"BRCA1_1_TTAGTTCGTAACGTTC-1",21.5634908726815
"BRCA1_1_TTAGTTCGTAAGGGCT-1",12.8668287613753
"BRCA1_1_TTAGTTCGTAGCGTGA-1",10.9956958482487
"BRCA1_1_TTAGTTCGTCGATTGT-1",17.6668299240628
"BRCA1_1_TTATGCTAGAGTGACC-1",14.336684637555
"BRCA1_1_TTATGCTAGGTGCTTT-1",17.7422294485276
"BRCA1_1_TTATGCTCAATGGATA-1",17.707352339334
"BRCA1_1_TTATGCTCAATGTAAG-1",22.5689787724784
"BRCA1_1_TTATGCTCATACTCTT-1",13.021386830849
"BRCA1_1_TTATGCTGTCGCGGTT-1",23.5212803969813
"BRCA1_1_TTATGCTGTGGTACAG-1",13.6297717617617
"BRCA1_1_TTATGCTGTTCAGACT-1",22.4341757003932
"BRCA1_1_TTATGCTTCCCGACTT-1",13.710143027862
"BRCA1_1_TTATGCTTCCTCATTA-1",19.4072196233315
"BRCA1_1_TTATGCTTCTGAAAGA-1",13.9236517737439
"BRCA1_1_TTATGCTTCTGCTGCT-1",19.1344607183676
"BRCA1_1_TTCCCAGAGAATAGGG-1",24.1778538882523
"BRCA1_1_TTCCCAGAGCCAGAAC-1",12.1019095673529
"BRCA1_1_TTCCCAGAGGGATCTG-1",13.4289951053171
"BRCA1_1_TTCCCAGAGTGGGATC-1",19.0403947455057
"BRCA1_1_TTCCCAGCACTAAGTC-1",13.7101437238269
"BRCA1_1_TTCCCAGCATAAAGGT-1",18.6567216104154
"BRCA1_1_TTCCCAGGTTACGCGC-1",13.7101444197918
"BRCA1_1_TTCCCAGGTTCATGGT-1",16.1843934625115
"BRCA1_1_TTCCCAGTCAAGGTAA-1",14.8921395357475
"BRCA1_1_TTCCCAGTCACGCATA-1",18.4030950023648
"BRCA1_1_TTCCCAGTCGCTTAGA-1",14.6404128369581
"BRCA1_1_TTCCCAGTCTATCGCC-1",19.0612255920142
"BRCA1_1_TTCGAAGAGGATGGAA-1",22.6999097522952
"BRCA1_1_TTCGAAGCAAGGGTCA-1",21.4140511634069
"BRCA1_1_TTCGAAGCACTAGTAC-1",18.4030956983297
"BRCA1_1_TTCGAAGGTCCGAGTC-1",13.6980690714623
"BRCA1_1_TTCGAAGGTTACGGAG-1",13.3795970690768
"BRCA1_1_TTCGAAGGTTGTGGCC-1",22.4936187649244
"BRCA1_1_TTCGAAGTCACAAACC-1",25.8511785887901
"BRCA1_1_TTCGAAGTCCAATGGT-1",18.4756607037776
"BRCA1_1_TTCGAAGTCCGCGCAA-1",13.7101451157566
"BRCA1_1_TTCGAAGTCTCTAGGA-1",22.2030380252724
"BRCA1_1_TTCGAAGTCTGATACG-1",24.5265692393246
"BRCA1_1_TTCGGTCAGATATGGT-1",21.7318822908967
"BRCA1_1_TTCGGTCAGATCCGAG-1",13.7101458117215
"BRCA1_1_TTCGGTCAGCGCCTCA-1",13.7101465076864
"BRCA1_1_TTCGGTCCAATGGACG-1",25.6600669882511
"BRCA1_1_TTCGGTCCATACCATG-1",15.216266526719
"BRCA1_1_TTCGGTCCATGCTGGC-1",18.0355651966273
"BRCA1_1_TTCGGTCCATTCCTCG-1",16.1897625511839
"BRCA1_1_TTCGGTCGTAAGAGAG-1",19.0403954414706
"BRCA1_1_TTCGGTCTCAGCACAT-1",11.6400672045421
"BRCA1_1_TTCGGTCTCCTTTCTC-1",25.660067684216
"BRCA1_1_TTCGGTCTCGCTGATA-1",22.69991044826
"BRCA1_1_TTCGGTCTCGGCGCAT-1",25.6431685635359
"BRCA1_1_TTCTACAAGACAAGCC-1",13.0220128557409
"BRCA1_1_TTCTACAAGCTATGCT-1",18.2730695612339
"BRCA1_1_TTCTACAAGGTGCACA-1",18.4030963942946
"BRCA1_1_TTCTACACAACGCACC-1",21.8459550423597
"BRCA1_1_TTCTACACAATGAATG-1",16.1934685485466
"BRCA1_1_TTCTACACAGTTCATG-1",13.7101472036513
"BRCA1_1_TTCTACACATACCATG-1",23.5212810929462
"BRCA1_1_TTCTACAGTCACACGC-1",13.7101478996161
"BRCA1_1_TTCTACAGTCCGAGTC-1",25.6472252018013
"BRCA1_1_TTCTACATCAACGGCC-1",13.710148595581
"BRCA1_1_TTCTACATCACCACCT-1",16.896027624457
"BRCA1_1_TTCTACATCAGCAACT-1",23.2928762584622
"BRCA1_1_TTCTACATCCCTGACT-1",23.5089698620791
"BRCA1_1_TTCTCAAAGCCACGCT-1",1.80425888343821
"BRCA1_1_TTCTCAAAGCTAACAA-1",18.4030970902594
"BRCA1_1_TTCTCAAAGTTGAGAT-1",13.42479920625
"BRCA1_1_TTCTCAACAGATAATG-1",18.4030977862243
"BRCA1_1_TTCTCAACATAGAAAC-1",8.19518687226097
"BRCA1_1_TTCTCAACATGGTCTA-1",13.7101492915459
"BRCA1_1_TTCTCAAGTCTAGCCG-1",13.7101499875108
"BRCA1_1_TTCTCAAGTCTGATCA-1",13.0761301997623
"BRCA1_1_TTCTCAAGTTACGGAG-1",13.7101506834757
"BRCA1_1_TTCTCAAGTTGGTGGA-1",22.5045886882324
"BRCA1_1_TTCTCAATCCTTTCGG-1",19.1704663392525
"BRCA1_1_TTCTCAATCGGCTTGG-1",18.4030984821892
"BRCA1_1_TTCTCAATCGTGGACC-1",13.7101513794405
"BRCA1_1_TTCTCAATCTCCAGGG-1",14.8921402317123
"BRCA1_1_TTCTCAATCTTGGGTA-1",22.5489166688897
"BRCA1_1_TTCTCCTAGCACACAG-1",13.0346993007393
"BRCA1_1_TTCTCCTGTGAGGCTA-1",13.7101520754054
"BRCA1_1_TTCTCCTGTGGTGTAG-1",24.5273850981724
"BRCA1_1_TTCTCCTGTTATCGGT-1",17.6354021683735
"BRCA1_1_TTCTCCTTCGAGCCCA-1",17.7710691045891
"BRCA1_1_TTCTCCTTCTCGGACG-1",22.385349256679
"BRCA1_1_TTCTTAGAGACACGAC-1",21.9360403966399
"BRCA1_1_TTCTTAGAGACTCGGA-1",17.9108949410633
"BRCA1_1_TTCTTAGAGCGTTCCG-1",20.5785839994874
"BRCA1_1_TTCTTAGAGGGATACC-1",12.929313237329
"BRCA1_1_TTCTTAGCATACTACG-1",13.6228037316258
"BRCA1_1_TTCTTAGGTCGCTTTC-1",21.4135384595883
"BRCA1_1_TTCTTAGGTGAACCTT-1",18.0839626786525
"BRCA1_1_TTCTTAGTCTAACTGG-1",13.6094556692095
"BRCA1_1_TTCTTAGTCTCACATT-1",11.6062328475415
"BRCA1_1_TTCTTAGTCTTCTGGC-1",13.8632289012173
"BRCA1_1_TTGAACGAGAAGGCCT-1",16.331330837045
"BRCA1_1_TTGAACGAGAGGGATA-1",12.8792929858802
"BRCA1_1_TTGAACGAGGAGCGTT-1",13.9381432173491
"BRCA1_1_TTGAACGAGTTAGGTA-1",13.6094563651744
"BRCA1_1_TTGAACGCACGTGAGA-1",15.7594894129014
"BRCA1_1_TTGAACGCAGATCTGT-1",13.7101527713703
"BRCA1_1_TTGAACGCAGCGTAAG-1",12.94200748049
"BRCA1_1_TTGAACGGTCGACTGC-1",23.5212817889111
"BRCA1_1_TTGAACGTCCGGCACA-1",15.8872219903523
"BRCA1_1_TTGAACGTCCTAGTGA-1",12.1489754567476
"BRCA1_1_TTGACTTAGCGAAGGG-1",21.9360410926048
"BRCA1_1_TTGACTTAGCTATGCT-1",14.9142315148358
"BRCA1_1_TTGACTTAGGGATACC-1",15.8279069382276
"BRCA1_1_TTGACTTCAAAGTCAA-1",13.6094570611393
"BRCA1_1_TTGACTTCAATGACCT-1",14.9142322108007
"BRCA1_1_TTGACTTCACAGACAG-1",16.8960283204218
"BRCA1_1_TTGACTTCACATTAGC-1",25.6600683801809
"BRCA1_1_TTGACTTCATAGGATA-1",17.9108956370282
"BRCA1_1_TTGACTTGTATAGGGC-1",8.8212105959648
"BRCA1_1_TTGACTTGTTTGGGCC-1",13.6467189017186
"BRCA1_1_TTGACTTTCAACACCA-1",12.9904436752259
"BRCA1_1_TTGACTTTCCCATTTA-1",21.4293296589078
"BRCA1_1_TTGACTTTCCCTCTTT-1",20.7527433409335
"BRCA1_1_TTGACTTTCGATAGAA-1",16.8960290163867
"BRCA1_1_TTGCCGTAGAAAGTGG-1",17.6300241651478
"BRCA1_1_TTGCCGTAGAGCTTCT-1",15.6317705059148
"BRCA1_1_TTGCCGTAGTCGAGTG-1",15.7084531274908
"BRCA1_1_TTGCCGTAGTCGTACT-1",20.2851528227874
"BRCA1_1_TTGCCGTCACACATGT-1",10.9865577299885
"BRCA1_1_TTGCCGTGTAAATGAC-1",13.7101534673352
"BRCA1_1_TTGCCGTTCAAACGGG-1",14.3948492500163
"BRCA1_1_TTGCCGTTCTATCCTA-1",16.2135342998759
"BRCA1_1_TTGCGTCAGATAGTCA-1",20.5360431248034
"BRCA1_1_TTGCGTCAGGAGTACC-1",18.4030991781541
"BRCA1_1_TTGCGTCAGTTCCACA-1",12.0965680120387
"BRCA1_1_TTGCGTCCAACAACCT-1",21.5854402778737
"BRCA1_1_TTGCGTCGTCAATGTC-1",17.0383173939396
"BRCA1_1_TTGCGTCGTGGGTCAA-1",25.9820113227059
"BRCA1_1_TTGCGTCTCAGGCGAA-1",22.2411167974869
"BRCA1_1_TTGCGTCTCCACGAAT-1",19.3980029263844
"BRCA1_1_TTGCGTCTCGTTGACA-1",17.9108963329931
"BRCA1_1_TTGCGTCTCTATCCCG-1",13.9437584241057
"BRCA1_1_TTGCGTCTCTGAAAGA-1",13.7101541633001
"BRCA1_1_TTGCGTCTCTGGAGCC-1",13.7101548592649
"BRCA1_1_TTGGAACAGAGGTAGA-1",12.9996841686719
"BRCA1_1_TTGGAACAGGATGTAT-1",13.7101555552298
"BRCA1_1_TTGGAACCACTGTCGG-1",13.7101562511947
"BRCA1_1_TTGGAACCACTGTGTA-1",13.7101569471596
"BRCA1_1_TTGGAACGTTCCGGCA-1",13.7101576431244
"BRCA1_1_TTGGAACTCCGTAGGC-1",24.053048506434
"BRCA1_1_TTGGAACTCGAGAGCA-1",17.910897028958
"BRCA1_1_TTGGCAAAGACTGGGT-1",17.0066171889838
"BRCA1_1_TTGGCAAAGATGCCAG-1",13.5455208006329
"BRCA1_1_TTGGCAAAGCGGATCA-1",25.6600690761458
"BRCA1_1_TTGGCAAAGGGAACGG-1",16.990348705054
"BRCA1_1_TTGGCAACAAGGACAC-1",15.4540635925777
"BRCA1_1_TTGGCAACAGGCTGAA-1",12.2503528384567
"BRCA1_1_TTGGCAACAGGTTTCA-1",13.0371025178598
"BRCA1_1_TTGGCAAGTACATCCA-1",20.7272857137406
"BRCA1_1_TTGGCAAGTAGCTGCC-1",0.196859230784745
"BRCA1_1_TTGGCAATCAGTCCCT-1",23.4377080113094
"BRCA1_1_TTGTAGGAGCTAGGCA-1",18.4030998741189
"BRCA1_1_TTGTAGGAGGCAAAGA-1",25.9044428374918
"BRCA1_1_TTGTAGGAGGCGTACA-1",13.6094577571041
"BRCA1_1_TTGTAGGAGTAGGCCA-1",16.9903494010189
"BRCA1_1_TTGTAGGCACTTCGAA-1",25.6600697721106
"BRCA1_1_TTGTAGGCATCAGTCA-1",22.2220317695835
"BRCA1_1_TTGTAGGGTACTCGCG-1",13.7101583390893
"BRCA1_1_TTGTAGGGTCACTTCC-1",13.7101590350542
"BRCA1_1_TTGTAGGGTGTATGGG-1",13.7101597310191
"BRCA1_1_TTGTAGGTCAAGATCC-1",25.9660596943973
"BRCA1_1_TTTACTGAGAGAGCTC-1",13.710160426984
"BRCA1_1_TTTACTGCAGATCGGA-1",19.4540842146842
"BRCA1_1_TTTACTGCATTGGGCC-1",16.8960297123516
"BRCA1_1_TTTACTGGTAAGAGGA-1",13.679128786084
"BRCA1_1_TTTACTGGTAGTGAAT-1",12.1444640853373
"BRCA1_1_TTTACTGGTCTAACGT-1",17.9108977249228
"BRCA1_1_TTTACTGTCACAGTAC-1",18.4276259101767
"BRCA1_1_TTTACTGTCCAGTATG-1",13.7101611229488
"BRCA1_1_TTTACTGTCTTTAGGG-1",13.0678141346794
"BRCA1_1_TTTATGCAGGCCCTCA-1",13.7101618189137
"BRCA1_1_TTTATGCCAAACAACA-1",21.513881904738
"BRCA1_1_TTTATGCCAATGTTGC-1",14.3948499459812
"BRCA1_1_TTTATGCCAGACGCCT-1",16.1933387913722
"BRCA1_1_TTTATGCGTAAAGTCA-1",13.7101625148786
"BRCA1_1_TTTATGCGTCGTGGCT-1",21.6407734465397
"BRCA1_1_TTTATGCGTGAAATCA-1",13.780751465363
"BRCA1_1_TTTATGCGTGTTCGAT-1",15.6317712018797
"BRCA1_1_TTTATGCTCAAAGTAG-1",20.5614000302269
"BRCA1_1_TTTATGCTCACGCGGT-1",25.6600704680755
"BRCA1_1_TTTATGCTCTATGTGG-1",13.6228044275907
"BRCA1_1_TTTATGCTCTGCAGTA-1",16.9903500969838
"BRCA1_1_TTTATGCTCTGTCCGT-1",16.9903507929487
"BRCA1_1_TTTCCTCAGAGTGAGA-1",25.6600711640404
"BRCA1_1_TTTCCTCAGATGTGTA-1",18.0818791558517
"BRCA1_1_TTTCCTCCATACTACG-1",18.4168304303659
"BRCA1_1_TTTCCTCTCACCAGGC-1",23.5426669818679
"BRCA1_1_TTTCCTCTCCGTTGCT-1",23.521282484876
"BRCA1_1_TTTCCTCTCTCAACTT-1",14.5749208445045
"BRCA1_1_TTTGCGCAGCAATCTC-1",13.6593419234057
"BRCA1_1_TTTGCGCAGCCAGTAG-1",22.955130459221
"BRCA1_1_TTTGCGCAGGGAACGG-1",16.8960304083165
"BRCA1_1_TTTGCGCCACTATCTT-1",25.0246395050547
"BRCA1_1_TTTGCGCCAGTAGAGC-1",21.4238171696273
"BRCA1_1_TTTGCGCGTAAAGGAG-1",17.9108984208877
"BRCA1_1_TTTGCGCGTACAAGTA-1",17.6464385134426
"BRCA1_1_TTTGCGCGTAGCTGCC-1",13.7101632108435
"BRCA1_1_TTTGCGCGTCTCGTTC-1",25.6222789347935
"BRCA1_1_TTTGCGCTCAAGCCTA-1",14.9142329067656
"BRCA1_1_TTTGCGCTCCACTCCA-1",16.3471329367031
"BRCA1_1_TTTGCGCTCGAACTGT-1",13.7101639068084
"BRCA1_1_TTTGCGCTCGCAGGCT-1",12.0538049448325
"BRCA1_1_TTTGCGCTCTGCGACG-1",18.3348729548441
"BRCA1_1_TTTGGTTAGAGTCTGG-1",21.454824078749
"BRCA1_1_TTTGGTTAGCCCTAAT-1",20.6879065741639
"BRCA1_1_TTTGGTTAGCGTGTCC-1",16.9903514889135
"BRCA1_1_TTTGGTTAGGCAAAGA-1",10.9230414886487
"BRCA1_1_TTTGGTTAGGTGACCA-1",14.9142336027305
"BRCA1_1_TTTGGTTCACCTATCC-1",15.6317718978446
"BRCA1_1_TTTGGTTCACTAAGTC-1",16.9903521848784
"BRCA1_1_TTTGGTTCACTGAAGG-1",24.001996587509
"BRCA1_1_TTTGGTTCATTTCACT-1",12.2247972346588
"BRCA1_1_TTTGGTTGTTGGGACA-1",11.9061135817707
"BRCA1_1_TTTGGTTTCAAAGACA-1",21.6069277918126
"BRCA1_1_TTTGGTTTCACAATGC-1",23.417413654459
"BRCA1_1_TTTGGTTTCGAGCCCA-1",16.8960311042814
"BRCA1_1_TTTGGTTTCTGGCGTG-1",16.3799979512602
"BRCA1_1_TTTGGTTTCTGGTGTA-1",13.7101646027732
"BRCA1_1_TTTGTCAAGAATTGTG-1",13.7101652987381
"BRCA1_1_TTTGTCAAGTATCGAA-1",16.9903528808433
"BRCA1_1_TTTGTCAAGTCCCACG-1",7.25618712254656
"BRCA1_1_TTTGTCAAGTGAACAT-1",21.9360417885697
"BRCA1_1_TTTGTCACATCCTTGC-1",19.1698393700645
"BRCA1_1_TTTGTCAGTCCATCCT-1",9.34396212950286
"BRCA1_1_TTTGTCATCAACGGGA-1",13.710165994703
"BRCA1_1_TTTGTCATCATTCACT-1",17.1658769267845
"BRCA1_2_AACGTTGAGCGTAATA-1",5.83012848174298
"BRCA1_2_AACTCCCAGATCCGAG-1",6.29034802951142
"BRCA1_2_AACTCCCCACCAGGCT-1",6.22957308315387
"BRCA1_2_AACTCTTGTTGATTGC-1",6.06159637549727
"BRCA1_2_ACGAGCCAGGGCTCTC-1",7.46348815380857
"BRCA1_2_ACGATGTAGTTGTAGA-1",8.12118716410766
"BRCA1_2_ACTGAGTAGCGTTGCC-1",6.2167670284715
"BRCA1_2_AGCTCTCAGGAGTTTA-1",6.08930289246309
"BRCA1_2_AGGCCGTAGCTGGAAC-1",6.28636145779139
"BRCA1_2_AGGGTGAGTAGTACCT-1",6.2141560399769
"BRCA1_2_AGGTCATAGTACCGGA-1",6.26672762537135
"BRCA1_2_ATCACGATCATCGCTC-1",6.26692592760589
"BRCA1_2_CGAGAAGGTGTTAAGA-1",6.22886557114645
"BRCA1_2_CGATTGACACCTGGTG-1",6.13193103085893
"BRCA1_2_CGGCTAGAGGTGTGGT-1",5.98910277209148
"BRCA1_2_CGGTTAATCAGCGACC-1",6.29921730280494
"BRCA1_2_CTAATGGAGCTGAACG-1",5.81018354111054
"BRCA1_2_CTACATTAGCCGATTT-1",6.11853744215669
"BRCA1_2_CTACGTCCATCTACGA-1",6.30650201765765
"BRCA1_2_CTAGAGTAGCTACCGC-1",8.10054523028252
"BRCA1_2_CTCGTACAGCGATTCT-1",6.23994242628382
"BRCA1_2_CTTACCGTCACTATTC-1",6.20159500516752
"BRCA1_2_GACACGCAGGCAGTCA-1",5.97070801350419
"BRCA1_2_GACACGCTCCGGGTGT-1",5.98188162322102
"BRCA1_2_GATCGATAGGCCCTTG-1",6.16972952051522
"BRCA1_2_GCAAACTCAAGCTGTT-1",6.21475436002445
"BRCA1_2_GCAAACTTCGGCGGTT-1",7.70910628611763
"BRCA1_2_GGACAAGCAGTTTACG-1",6.1708620792126
"BRCA1_2_GTACGTAAGGGATGGG-1",6.11720892302743
"BRCA1_2_GTCCTCAAGGTTCCTA-1",5.99318582905292
"BRCA1_2_TACGGATTCGCGGATC-1",6.00597699542063
"BRCA1_2_TAGAGCTAGCAGACTG-1",6.31066932525305
"BRCA1_2_TCAGCTCGTAGCACGA-1",6.0915428572283
"BRCA1_2_TTATGCTCATCCGCGA-1",6.35183592787587
"BRCA1_2_TTTACTGGTCTCTCTG-1",5.97083086541967
"BRCA1_3_AAACCCAGTTGGGATG-1",1.77974934749387
"BRCA1_3_AAACCCATCGCCACTT-1",2.85076289952684
"BRCA1_3_AAACGCTGTATCGATC-1",4.59513720477269
"BRCA1_3_AAAGGATTCGCGTCGA-1",4.59513790073757
"BRCA1_3_AAAGTCCCAGTCAACT-1",4.59513859670245
"BRCA1_3_AAATGGACATGGCACC-1",4.59513929266733
"BRCA1_3_AACAAAGCATCACAGT-1",4.59513998863221
"BRCA1_3_AACAAAGTCGCAATGT-1",1.80605880337173
"BRCA1_3_AACAACCCAAACCATC-1",4.59514068459709
"BRCA1_3_AACACACCATAGAGGC-1",4.59514138056197
"BRCA1_3_AACACACTCGGTAGGA-1",4.59514207652685
"BRCA1_3_AACAGGGGTTCGAGCC-1",4.59514277249173
"BRCA1_3_AACCATGAGGGATCGT-1",4.59514346845661
"BRCA1_3_AACCCAAGTGCCCGTA-1",4.59514416442149
"BRCA1_3_AACGGGATCTACTCAT-1",2.85076359549172
"BRCA1_3_AACGTCAGTCGACTTA-1",1.77975004345875
"BRCA1_3_AACTTCTAGCTACGTT-1",4.59514486038637
"BRCA1_3_AACTTCTAGTATGACA-1",4.59514555635125
"BRCA1_3_AACTTCTCAACACAAA-1",4.59514625231613
"BRCA1_3_AAGACAACATCGATGT-1",4.595146948281
"BRCA1_3_AAGACTCGTTGCCATA-1",4.59514764424588
"BRCA1_3_AAGCCATTCCAACCGG-1",4.59514834021076
"BRCA1_3_AAGGAATAGTGCCGAA-1",2.8507642914566
"BRCA1_3_AAGGAATCACCTGCAG-1",4.59514903617564
"BRCA1_3_AAGGAATCATTGTAGC-1",4.59514973214052
"BRCA1_3_AAGGAATGTAAGCTCT-1",4.5951504281054
"BRCA1_3_AAGGAATTCTTGATTC-1",4.59515112407028
"BRCA1_3_AAGGTAATCCTTCGAC-1",2.85076498742148
"BRCA1_3_AAGTGAAGTACTGTTG-1",2.85076568338636
"BRCA1_3_AAGTGAAGTCTGATAC-1",4.59515182003516
"BRCA1_3_AAGTGAAGTTTACTGG-1",1.06879959634365
"BRCA1_3_AAGTGAATCGCGTGAC-1",4.59515251600004
"BRCA1_3_AATCACGCATGGCCAC-1",4.59515321196492
"BRCA1_3_AATCGACAGTCAGCCC-1",4.5951539079298
"BRCA1_3_AATGAAGGTAACGCGA-1",4.59515460389468
"BRCA1_3_AATGACCTCATGCAGT-1",4.59515529985956
"BRCA1_3_AATGCCACAGTCAGCC-1",4.59515599582444
"BRCA1_3_AATGGAAAGCCAACCC-1",1.79100300571426
"BRCA1_3_AATTCCTCAGGTGAGT-1",2.85076637935124
"BRCA1_3_AATTCCTGTGAGAGGG-1",1.77975073942363
"BRCA1_3_AATTTCCAGCTGCCTG-1",4.59515669178932
"BRCA1_3_AATTTCCCAACGATCT-1",4.5951573877542
"BRCA1_3_AATTTCCTCGTTCCCA-1",1.78729321704317
"BRCA1_3_ACAAGCTGTATTGAGA-1",4.59515808371908
"BRCA1_3_ACACAGTCAGGGATAC-1",1.24597757285743
"BRCA1_3_ACACAGTGTACCATAC-1",4.99848655844124
"BRCA1_3_ACACCAACAGATACTC-1",4.59515877968396
"BRCA1_3_ACACCAACAGTGGCTC-1",4.59515947564884
"BRCA1_3_ACACCAATCTAGGAAA-1",2.85076707531611
"BRCA1_3_ACACGCGCAGCCTTCT-1",3.48117629054706
"BRCA1_3_ACACTGAGTATCACCA-1",4.59516017161372
"BRCA1_3_ACACTGATCACACGAT-1",2.85076777128099
"BRCA1_3_ACAGCCGAGCTGACAG-1",4.59516086757859
"BRCA1_3_ACAGGGAGTCGCATTA-1",2.85076846724587
"BRCA1_3_ACATGCAAGAATCCCT-1",4.59516156354347
"BRCA1_3_ACATGCACAGAGGTAC-1",1.63454778849598
"BRCA1_3_ACATTTCCAATCGCCG-1",2.85076916321075
"BRCA1_3_ACCAAACAGCTTAAGA-1",4.59516225950835
"BRCA1_3_ACCACAAAGGCTAGCA-1",4.59516295547323
"BRCA1_3_ACCATTTCAAGAGTTA-1",4.59516365143811
"BRCA1_3_ACCATTTGTGTTAGCT-1",4.59516434740299
"BRCA1_3_ACCCTCACAATTTCGG-1",4.59516504336787
"BRCA1_3_ACCCTCATCCGCGAGT-1",4.59516573933275
"BRCA1_3_ACCCTCATCGTTACCC-1",4.59516643529763
"BRCA1_3_ACCTGTCAGTTTGAGA-1",4.59516713126251
"BRCA1_3_ACCTGTCTCTCTTAAC-1",1.78709876818648
"BRCA1_3_ACGATCAGTGGGCTCT-1",4.59516782722739
"BRCA1_3_ACGATCATCGCTAGCG-1",4.59516852319227
"BRCA1_3_ACGATGTCAGGTCCGT-1",2.85076985917563
"BRCA1_3_ACGGAAGAGTCATGAA-1",4.59516921915715
"BRCA1_3_ACGTAACCAAGGTTGG-1",4.59516991512203
"BRCA1_3_ACGTAGTGTGTCTTAG-1",4.59517061108691
"BRCA1_3_ACGTCCTAGCTGGAGT-1",1.77975143538851
"BRCA1_3_ACTACGATCTATACGG-1",2.85077055514051
"BRCA1_3_ACTATGGTCCCGAGGT-1",1.78336448555823
"BRCA1_3_ACTCCCAGTGCGAACA-1",4.59517130705179
"BRCA1_3_ACTCCCAGTTCTAAGC-1",4.59517200301667
"BRCA1_3_ACTCCCATCGTGTGAT-1",4.59517269898155
"BRCA1_3_ACTGATGTCCCAATAG-1",4.59517339494643
"BRCA1_3_ACTTAGGAGACTGGGT-1",4.59517409091131
"BRCA1_3_ACTTAGGTCTTGCAAG-1",4.59517478687618
"BRCA1_3_ACTTCCGAGAGGGTAA-1",4.59517548284106
"BRCA1_3_ACTTCCGTCTGGCCTT-1",1.77975213135339
"BRCA1_3_ACTTCGCCATCCTATT-1",4.59517617880594
"BRCA1_3_AGAAATGCAGAGTGTG-1",4.59517687477082
"BRCA1_3_AGAACAAGTTAGGGTG-1",1.77975282731827
"BRCA1_3_AGAACAATCCTACGAA-1",4.5951775707357
"BRCA1_3_AGAAGCGTCACGGACC-1",0.347434922492997
"BRCA1_3_AGAAGTAGTGTAAATG-1",1.80452959987593
"BRCA1_3_AGACAAAAGGGCAGGA-1",4.59517826670058
"BRCA1_3_AGACAAATCAGCGGAA-1",2.85077125110539
"BRCA1_3_AGACACTCAACGGTAG-1",4.59517896266546
"BRCA1_3_AGACACTCAGGCACAA-1",4.59517965863034
"BRCA1_3_AGACACTGTCTCTCTG-1",4.59518035459522
"BRCA1_3_AGACCATCAAATGAAC-1",4.5951810505601
"BRCA1_3_AGACCATGTTGGAGAC-1",4.75501031224265
"BRCA1_3_AGAGAATAGCCTCACG-1",4.59518174652498
"BRCA1_3_AGAGAGCCAGATTCGT-1",1.60441231540598
"BRCA1_3_AGAGCCCTCCGTGGTG-1",4.59518244248986
"BRCA1_3_AGATAGACAGTTGTTG-1",4.59518313845474
"BRCA1_3_AGATCCACAAAGGATT-1",4.59518383441962
"BRCA1_3_AGATCCACAACGCCCA-1",4.5951845303845
"BRCA1_3_AGATCCAGTGATTCAC-1",4.59518522634938
"BRCA1_3_AGCATCAAGGGTTAAT-1",4.59518592231426
"BRCA1_3_AGCCACGGTCGGCCTA-1",2.85077194707027
"BRCA1_3_AGCCACGGTGGGACAT-1",4.59518661827914
"BRCA1_3_AGCCACGTCTGCTTAT-1",4.59518731424402
"BRCA1_3_AGCGCCAGTACCATAC-1",1.78296616943989
"BRCA1_3_AGCGCCATCCCATTTA-1",4.5951880102089
"BRCA1_3_AGCGCTGTCGACTCCT-1",4.59518870617377
"BRCA1_3_AGGACGAAGGCTTTCA-1",4.59518940213865
"BRCA1_3_AGGATAATCGACGCTG-1",4.59519009810353
"BRCA1_3_AGGGCCTGTGATCATC-1",4.59519079406841
"BRCA1_3_AGGGCCTTCCTCTTTC-1",1.79806930155182
"BRCA1_3_AGGGTCCTCCGCCTAT-1",4.59519149003329
"BRCA1_3_AGGGTGATCTCAGAAC-1",1.77975352328315
"BRCA1_3_AGGGTTTGTACGCTAT-1",4.59519218599817
"BRCA1_3_AGGTCATAGACGGATC-1",4.59519288196305
"BRCA1_3_AGGTCATGTGGTCTTA-1",4.59519357792793
"BRCA1_3_AGGTCATTCGCAGTCG-1",1.79907746923329
"BRCA1_3_AGGTTGTCATAATCCG-1",2.85077264303515
"BRCA1_3_AGTAACCAGACCATGG-1",4.59519427389281
"BRCA1_3_AGTAACCAGTTAACGA-1",4.59519496985769
"BRCA1_3_AGTACCAGTACGTAGG-1",1.55217908576053
"BRCA1_3_AGTACCAGTAGTCGTT-1",4.59519566582257
"BRCA1_3_AGTACCAGTTGCCTAA-1",4.59519636178745
"BRCA1_3_AGTACTGCAGATTAAG-1",5.95482250268947
"BRCA1_3_AGTACTGGTTGGGTTT-1",4.59519705775233
"BRCA1_3_AGTAGCTCAACGACAG-1",1.54382217677407
"BRCA1_3_AGTCACAAGTGCACCC-1",3.49404106286633
"BRCA1_3_AGTCACAGTTGGGAAC-1",0.437011423443499
"BRCA1_3_AGTGATCCACCAGTAT-1",1.78836066213069
"BRCA1_3_AGTGCCGTCTGTCAGA-1",4.59519775371721
"BRCA1_3_AGTGTTGGTAGCTTTG-1",4.59519844968209
"BRCA1_3_AGTTAGCAGTAGAATC-1",4.59519914564697
"BRCA1_3_AGTTAGCCAACCGTGC-1",1.67161739188916
"BRCA1_3_AGTTAGCCACGAAAGC-1",2.85077333900003
"BRCA1_3_AGTTAGCCACTGTTCC-1",4.59519984161185
"BRCA1_3_AGTTCCCGTACCCGAC-1",4.59520053757673
"BRCA1_3_AGTTCGAGTCCTACGG-1",1.45161396953115
"BRCA1_3_AGTTCGATCACTTATC-1",4.59520123354161
"BRCA1_3_ATACCGATCTCTGGTC-1",4.59520192950649
"BRCA1_3_ATAGAGATCAACTTTC-1",4.59520262547136
"BRCA1_3_ATAGGCTGTACCTGTA-1",4.59520332143624
"BRCA1_3_ATAGGCTGTGCCCTTT-1",4.59520401740112
"BRCA1_3_ATATCCTAGTTAGAAC-1",4.595204713366
"BRCA1_3_ATCACGAAGACCACGA-1",4.59520540933088
"BRCA1_3_ATCACTTAGTATGGCG-1",4.59520610529576
"BRCA1_3_ATCCGTCAGCATTGAA-1",4.59520680126064
"BRCA1_3_ATCGATGCATTGTGCA-1",4.59520749722552
"BRCA1_3_ATCGATGGTTCTAACG-1",4.5952081931904
"BRCA1_3_ATCGGATGTAGCTTAC-1",1.78240711170798
"BRCA1_3_ATCGGATGTTGCCTAA-1",4.59520888915528
"BRCA1_3_ATCGTCCGTCTACATG-1",4.59520958512016
"BRCA1_3_ATCTTCACACCTGAAT-1",4.59521028108504
"BRCA1_3_ATGACCAAGGATTACA-1",4.59521097704992
"BRCA1_3_ATGAGTCTCTACTATC-1",4.5952116730148
"BRCA1_3_ATGCCTCCAGGCCCTA-1",4.59521236897968
"BRCA1_3_ATGCCTCGTGACTCGC-1",4.59521306494456
"BRCA1_3_ATGGGAGCAAGAATGT-1",4.59521376090944
"BRCA1_3_ATGGGTTTCTCGGGAC-1",4.59521445687432
"BRCA1_3_ATGTCCCGTCGTTATG-1",1.77975421924803
"BRCA1_3_ATTACCTTCTCTGACC-1",4.5952151528392
"BRCA1_3_ATTACTCAGTTCCGGC-1",4.59521584880408
"BRCA1_3_ATTATCCTCAGGCGAA-1",4.59521654476896
"BRCA1_3_ATTCATCAGTGGTTGG-1",4.59521724073383
"BRCA1_3_ATTCCCGCAGGTGAGT-1",2.85077403496491
"BRCA1_3_ATTCCCGTCTCGCGTT-1",4.59521793669871
"BRCA1_3_ATTCGTTCAAACACGG-1",1.77975491521291
"BRCA1_3_ATTCGTTGTATCGATC-1",2.85077473092979
"BRCA1_3_ATTCGTTTCCCTCGAT-1",4.80981133245248
"BRCA1_3_ATTGGGTTCCTAAACG-1",1.69216478656531
"BRCA1_3_ATTGTTCCACCATATG-1",4.59521863266359
"BRCA1_3_ATTTCACAGTAGACAT-1",4.59521932862847
"BRCA1_3_CAAAGAATCCTCCACA-1",4.59522002459335
"BRCA1_3_CAACAACCACTACGGC-1",4.59522072055823
"BRCA1_3_CAACCTCCAATCCTTT-1",4.59522141652311
"BRCA1_3_CAACGATTCAAGGCTT-1",4.59522211248799
"BRCA1_3_CAACGATTCATCTGTT-1",4.59522280845287
"BRCA1_3_CAAGACTAGCTAATCC-1",4.59522350441775
"BRCA1_3_CAAGACTCAGGCACTC-1",4.59522420038263
"BRCA1_3_CAAGAGGCATCCCACT-1",3.71171250505367
"BRCA1_3_CAAGCTAAGTAGGATT-1",1.77975561117779
"BRCA1_3_CAAGCTAGTGTCTCCT-1",3.42637721897731
"BRCA1_3_CAATACGTCCGTGGCA-1",2.85077542689467
"BRCA1_3_CAATACGTCTCCCTAG-1",2.85077612285955
"BRCA1_3_CAATCGAAGGAAGTCC-1",1.80382080935429
"BRCA1_3_CAATGACAGACTCTTG-1",2.85077681882443
"BRCA1_3_CAATGACAGCTCCGAC-1",4.59522489634751
"BRCA1_3_CAATTTCCATGTAACC-1",4.59522559231239
"BRCA1_3_CAATTTCGTTATGGTC-1",1.79625225476442
"BRCA1_3_CACAGATTCGCCATAA-1",3.46027801914927
"BRCA1_3_CACATGAGTAGACACG-1",4.59522628827727
"BRCA1_3_CACCAAATCACTACTT-1",1.66449793854669
"BRCA1_3_CACGAATCACATTACG-1",2.85077751478931
"BRCA1_3_CACGGGTAGGCGTTAG-1",2.85077821075419
"BRCA1_3_CACTAAGTCATGCCGG-1",4.59522698424215
"BRCA1_3_CACTGGGTCGAAGGAC-1",4.59522768020703
"BRCA1_3_CACTTCGAGTAAACTG-1",4.59522837617191
"BRCA1_3_CACTTCGTCCCACAGG-1",1.80492924481132
"BRCA1_3_CAGATACCAAACTAGA-1",4.59522907213679
"BRCA1_3_CAGATACCATAATCGC-1",4.59522976810167
"BRCA1_3_CAGATCAGTCACTGAT-1",2.85077890671907
"BRCA1_3_CAGATCAGTCCTGGGT-1",4.59523046406655
"BRCA1_3_CAGATTGGTAGCTGAG-1",4.59523116003142
"BRCA1_3_CAGCAATTCATTTGCT-1",4.5952318559963
"BRCA1_3_CAGCAGCGTCTCCTGT-1",4.59523255196118
"BRCA1_3_CAGCAGCTCCGGTAAT-1",4.59523324792606
"BRCA1_3_CAGGCCACACTTGGCG-1",1.78989071516086
"BRCA1_3_CAGGCCATCAAATGAG-1",4.59523394389094
"BRCA1_3_CAGGGCTAGCTTTCCC-1",4.59523463985582
"BRCA1_3_CAGGGCTAGTGGTGGT-1",1.55121201479423
"BRCA1_3_CATACAGCACCCTGTT-1",4.5952353358207
"BRCA1_3_CATACAGTCACCTTGC-1",4.59523603178558
"BRCA1_3_CATACAGTCGCCAATA-1",4.59523672775046
"BRCA1_3_CATACCCAGTAACGTA-1",4.59523742371534
"BRCA1_3_CATACTTTCGCCATAA-1",4.59523811968022
"BRCA1_3_CATAGACAGTCACGCC-1",4.5952388156451
"BRCA1_3_CATAGACTCGTAGCTA-1",0.437333602173053
"BRCA1_3_CATCAAGCAACACGTT-1",4.59523951160998
"BRCA1_3_CATCCACGTGTTCGTA-1",2.85077960268395
"BRCA1_3_CATCCCAAGTGAGTGC-1",4.59524020757486
"BRCA1_3_CATCCGTCAACTCCCT-1",4.59524090353974
"BRCA1_3_CATCCGTTCACACCGG-1",4.59524159950462
"BRCA1_3_CATCGCTTCCTGTTGC-1",4.5952422954695
"BRCA1_3_CATCGTCCAGCATTGT-1",4.59524299143438
"BRCA1_3_CATCGTCTCGGACTTA-1",4.59524368739926
"BRCA1_3_CATGAGTAGCGAGTCA-1",4.59524438336414
"BRCA1_3_CATTCATGTCTTGCGG-1",1.38256520559906
"BRCA1_3_CATTCTAGTACCCGCA-1",4.59524507932901
"BRCA1_3_CATTCTAGTTTCGTGA-1",4.59524577529389
"BRCA1_3_CATTCTATCATTGCTT-1",4.59524647125877
"BRCA1_3_CATTGAGAGCTGACAG-1",4.59524716722365
"BRCA1_3_CATTGCCCAGACAATA-1",4.85757749991874
"BRCA1_3_CATTGTTCAGCAGACA-1",1.68553361381429
"BRCA1_3_CATTGTTCAGGTTCGC-1",4.59524786318853
"BRCA1_3_CATTTCATCACGGTCG-1",4.59524855915341
"BRCA1_3_CCAATGAAGAGTACCG-1",4.59524925511829
"BRCA1_3_CCACAAAGTATTGGCT-1",2.85078029864883
"BRCA1_3_CCACACTGTTGCATAC-1",4.59524995108317
"BRCA1_3_CCACCATAGCCATTTG-1",4.59525064704805
"BRCA1_3_CCACCATCACTCCCTA-1",4.59525134301293
"BRCA1_3_CCATAAGAGGCATCAG-1",4.59525203897781
"BRCA1_3_CCATAAGGTCCAGCAC-1",2.85078099461371
"BRCA1_3_CCATAAGGTGAACCGA-1",4.59525273494269
"BRCA1_3_CCATCACAGGTAGGCT-1",2.85078169057858
"BRCA1_3_CCCGAAGAGGATATGT-1",4.59525343090757
"BRCA1_3_CCCTCAATCAGTCCGG-1",4.59525412687245
"BRCA1_3_CCCTGATGTTGGTAGG-1",1.77975630714267
"BRCA1_3_CCCTGATTCGGTGCAC-1",4.59525482283733
"BRCA1_3_CCGATCTAGAGTCACG-1",1.60152585497435
"BRCA1_3_CCGATGGCAGTACTAC-1",2.85078238654346
"BRCA1_3_CCGGACACAACTGAAA-1",4.59525551880221
"BRCA1_3_CCGGACAGTGTCCCTT-1",4.59525621476709
"BRCA1_3_CCGGTGACAACGCCCA-1",4.59525691073197
"BRCA1_3_CCGTGAGCAATTCTTC-1",4.59525760669685
"BRCA1_3_CCGTTCAAGTAGGTTA-1",4.59525830266173
"BRCA1_3_CCGTTCACAGTTTCGA-1",1.80152756452498
"BRCA1_3_CCTAACCAGACATATG-1",4.5952589986266
"BRCA1_3_CCTAAGAGTATGTCCA-1",4.59525969459148
"BRCA1_3_CCTACGTGTCGACGCT-1",2.85078308250834
"BRCA1_3_CCTATCGTCTTGCAGA-1",2.85078377847322
"BRCA1_3_CCTCAACGTTTCGACA-1",4.59526039055636
"BRCA1_3_CCTCATGGTTCTCTCG-1",1.79766549651498
"BRCA1_3_CCTCCTCGTTCTCTCG-1",4.59526108652124
"BRCA1_3_CCTCTAGTCGAACGCC-1",4.59526178248612
"BRCA1_3_CCTGTTGAGGGTGAAA-1",4.595262478451
"BRCA1_3_CCTGTTGCATCATCTT-1",2.8507844744381
"BRCA1_3_CCTTCAGAGAAGTATC-1",4.72074179240132
"BRCA1_3_CCTTCAGCATCAGCGC-1",4.59526317441588
"BRCA1_3_CCTTCAGTCTGGACTA-1",1.78478918749106
"BRCA1_3_CCTTGTGGTAGGCAGT-1",4.59526387038076
"BRCA1_3_CCTTTGGCATGGCTGC-1",4.59526456634564
"BRCA1_3_CGAAGTTAGGCATGCA-1",4.59526526231052
"BRCA1_3_CGAAGTTCAGTGTATC-1",4.5952659582754
"BRCA1_3_CGAAGTTCAGTTGCGC-1",4.59526665424028
"BRCA1_3_CGAATTGAGCATTGAA-1",1.78032458095316
"BRCA1_3_CGACAGCCATTGCAAC-1",4.59526735020516
"BRCA1_3_CGAGAAGTCCATCTGC-1",2.85078517040298
"BRCA1_3_CGAGGAAGTACCATAC-1",4.59526804617004
"BRCA1_3_CGAGGAAGTCATCACA-1",4.59526874213492
"BRCA1_3_CGAGGAAGTGTGGTCC-1",4.5952694380998
"BRCA1_3_CGATGCGAGCAGCAGT-1",5.07905371923696
"BRCA1_3_CGCAGGTCATGGTACT-1",4.59527013406468
"BRCA1_3_CGCCAGAGTTGCCGAC-1",4.59527083002956
"BRCA1_3_CGCCAGATCGGAACTT-1",0.410047884512228
"BRCA1_3_CGCCATTGTCTACGTA-1",4.59527152599444
"BRCA1_3_CGGAACCCAGGTTACT-1",4.59527222195932
"BRCA1_3_CGGAACCTCCATTTGT-1",1.79066416987633
"BRCA1_3_CGGACACTCTGCAGCG-1",1.77975700310755
"BRCA1_3_CGGAGAACACAATGTC-1",4.59527291792419
"BRCA1_3_CGGAGAATCTAAACGC-1",4.59527361388907
"BRCA1_3_CGGGACTAGAACAAGG-1",2.85078586636786
"BRCA1_3_CGGGCATAGCCTATTG-1",4.59527430985395
"BRCA1_3_CGGGCATTCGCACTCT-1",4.59527500581883
"BRCA1_3_CGGGTGTCATGTCAGT-1",2.85078656233274
"BRCA1_3_CGGTCAGGTATGAGCG-1",4.59527570178371
"BRCA1_3_CGTAAGTCACCGTGAC-1",4.59527639774859
"BRCA1_3_CGTCAAATCGAGTCTA-1",0.457782706991061
"BRCA1_3_CGTTAGATCGTGGAAG-1",1.77975769907243
"BRCA1_3_CGTTAGATCGTTGTGA-1",2.85078725829762
"BRCA1_3_CGTTAGATCTGCATGA-1",2.8507879542625
"BRCA1_3_CTAACCCAGTGGCCTC-1",4.59527709371347
"BRCA1_3_CTAACCCTCGCTGTCT-1",4.59527778967835
"BRCA1_3_CTAACTTTCAGCAGAG-1",2.85078865022738
"BRCA1_3_CTAACTTTCTCAACGA-1",4.59527848564323
"BRCA1_3_CTAACTTTCTGGCCTT-1",4.59527918160811
"BRCA1_3_CTAAGTGCAAGTCCCG-1",1.77975839503731
"BRCA1_3_CTAAGTGCAGCTACTA-1",1.77975909100219
"BRCA1_3_CTACATTTCACGAGGA-1",4.59527987757299
"BRCA1_3_CTACCCACAGACGCTC-1",4.59528057353787
"BRCA1_3_CTACCCATCTCAGTCC-1",4.59528126950275
"BRCA1_3_CTACTATCAAGGACAC-1",4.59528196546763
"BRCA1_3_CTATAGGTCAAGCCAT-1",1.67432212784869
"BRCA1_3_CTCAACCAGACTCTTG-1",3.61877572440754
"BRCA1_3_CTCAAGAGTACTGCCG-1",4.59528266143251
"BRCA1_3_CTCAAGATCTACGGTA-1",4.59528335739739
"BRCA1_3_CTCAATTCATTCTGTT-1",2.85078934619226
"BRCA1_3_CTCACTGAGTCTGCAT-1",4.59528405336227
"BRCA1_3_CTCACTGCAGGCGTTC-1",4.59528474932715
"BRCA1_3_CTCAGGGTCTACTGCC-1",4.59528544529203
"BRCA1_3_CTCAGTCAGAAATCCA-1",4.59528614125691
"BRCA1_3_CTCATGCGTGTATTCG-1",4.59528683722178
"BRCA1_3_CTCCAACAGAGCCCAA-1",4.59528753318666
"BRCA1_3_CTCCAACGTCATAGTC-1",4.59528822915154
"BRCA1_3_CTCCACAAGGGAGGAC-1",4.59528892511642
"BRCA1_3_CTCCACATCGTTTACT-1",4.5952896210813
"BRCA1_3_CTCCATGCAGTTAAAG-1",4.59529031704618
"BRCA1_3_CTCCATGCATCTCGTC-1",4.59529101301106
"BRCA1_3_CTCCCAAAGTGCTCGC-1",4.8364798841215
"BRCA1_3_CTCCCTCCAGATTCGT-1",1.78132499034874
"BRCA1_3_CTCCCTCCAGCTGCCA-1",4.59529170897594
"BRCA1_3_CTCCGATCATAACGGG-1",1.77975978696707
"BRCA1_3_CTCCTCCCACCATTCC-1",4.59529240494082
"BRCA1_3_CTCCTCCTCAGACCTA-1",4.5952931009057
"BRCA1_3_CTCTGGTGTATACCCA-1",4.59529379687058
"BRCA1_3_CTGAGCGGTACAGCGA-1",3.40930290300145
"BRCA1_3_CTGAGGCCACTGATTG-1",1.61058271105554
"BRCA1_3_CTGATCCAGGTTTGAA-1",2.85079004215714
"BRCA1_3_CTGCAGGCACGGGCTT-1",4.59529449283546
"BRCA1_3_CTGCATCCAATAGAGT-1",1.77976048293195
"BRCA1_3_CTGCCTATCAGTCTTT-1",4.59529518880034
"BRCA1_3_CTGGACGAGTGCAAAT-1",4.59529588476522
"BRCA1_3_CTGTACCCACGCCACA-1",4.5952965807301
"BRCA1_3_CTGTAGAAGTCTGTAC-1",2.85079073812202
"BRCA1_3_CTGTAGATCGACATCA-1",2.8507914340869
"BRCA1_3_CTGTATTTCCGGGACT-1",4.59529727669498
"BRCA1_3_CTGTCGTGTCGTGTTA-1",1.77976117889683
"BRCA1_3_CTGTGGGGTATAGGAT-1",4.59529797265986
"BRCA1_3_CTTACCGGTATTCTCT-1",2.85079213005178
"BRCA1_3_CTTACCGTCGCCTTTG-1",4.59529866862474
"BRCA1_3_CTTCCTTTCTAATTCC-1",4.59529936458962
"BRCA1_3_CTTCGGTGTATCGAAA-1",1.59477553056953
"BRCA1_3_CTTCGGTGTCAGATTC-1",4.5953000605545
"BRCA1_3_CTTCGGTTCCTACCAC-1",4.59530075651938
"BRCA1_3_CTTCTAAAGAGGTTAT-1",4.69127261825032
"BRCA1_3_CTTCTAACACGCCAGT-1",4.59530145248425
"BRCA1_3_CTTGAGAGTAGGCTCC-1",4.59530214844913
"BRCA1_3_CTTGAGATCTGTCCCA-1",4.59530284441401
"BRCA1_3_CTTTCAACAGGACAGT-1",4.59530354037889
"BRCA1_3_CTTTCAAGTCAGACTT-1",2.85079282601666
"BRCA1_3_CTTTCGGTCTCGACCT-1",4.59530423634377
"BRCA1_3_GAAACCTTCTGCACCT-1",2.85079352198154
"BRCA1_3_GAACTGTCAAATCGGG-1",1.7797618748617
"BRCA1_3_GAACTGTGTTTACGAC-1",4.59530493230865
"BRCA1_3_GAACTGTTCGTAACAC-1",2.85079421794642
"BRCA1_3_GAAGAATAGGTTCTAC-1",1.77976257082658
"BRCA1_3_GAAGAATAGTGGATTA-1",0.441174477495393
"BRCA1_3_GAAGCGATCCTTGGAA-1",4.59530562827353
"BRCA1_3_GAAGGACCATCCAATG-1",4.59530632423841
"BRCA1_3_GAAGGGTAGCTTCTAG-1",4.59530702020329
"BRCA1_3_GAAGGGTCAATGGCCC-1",2.8507949139113
"BRCA1_3_GAAGGGTCAGCCGTCA-1",4.59530771616817
"BRCA1_3_GAATCACGTTTCACAG-1",4.59530841213305
"BRCA1_3_GACATCATCGTCAAAC-1",4.59530910809793
"BRCA1_3_GACCCTTTCCACACCT-1",4.59530980406281
"BRCA1_3_GACGCTGTCACGGACC-1",4.59531050002769
"BRCA1_3_GACTATGCATACATCG-1",4.59531119599257
"BRCA1_3_GACTATGGTCATTGCA-1",2.85079560987617
"BRCA1_3_GACTCAACACGGCACT-1",4.59531189195745
"BRCA1_3_GACTCTCCAGTTTGGT-1",4.59531258792233
"BRCA1_3_GACTCTCGTATACAGA-1",4.59531328388721
"BRCA1_3_GACTCTCGTGTGAATA-1",4.59531397985209
"BRCA1_3_GAGAAATGTATGGTAA-1",4.59531467581697
"BRCA1_3_GAGAGGTAGCCGCTTG-1",4.59531537178184
"BRCA1_3_GAGAGGTGTACGATGG-1",2.85079630584105
"BRCA1_3_GAGATGGCAAGTTTGC-1",1.80271163440525
"BRCA1_3_GAGCTGCGTGCATACT-1",4.59531606774672
"BRCA1_3_GAGGGATCAGCTACCG-1",4.5953167637116
"BRCA1_3_GAGGGATCATGAATAG-1",4.59531745967648
"BRCA1_3_GAGTCATGTACCCGAC-1",2.85079700180593
"BRCA1_3_GAGTCTAGTCTTCATT-1",4.59531815564136
"BRCA1_3_GAGTGAGTCCTGTTAT-1",4.59531885160624
"BRCA1_3_GAGTGTTAGCGTATGG-1",1.48018191106642
"BRCA1_3_GAGTTACAGCTGCCAC-1",2.85079769777081
"BRCA1_3_GAGTTACGTTTGAAAG-1",4.59531954757112
"BRCA1_3_GAGTTGTCAATAGAGT-1",4.595320243536
"BRCA1_3_GAGTTTGCAGTGGCTC-1",4.59532093950088
"BRCA1_3_GAGTTTGGTCGAGCAA-1",4.59532163546576
"BRCA1_3_GATAGAATCTCTCGAC-1",4.59532233143064
"BRCA1_3_GATCAGTAGCTAGAGC-1",1.77976326679146
"BRCA1_3_GATCATGCACAGTACT-1",4.59532302739552
"BRCA1_3_GATCATGCATGTTTGG-1",4.5953237233604
"BRCA1_3_GATCGTAGTTAGTTCG-1",4.59532441932528
"BRCA1_3_GATCGTAGTTTACACG-1",4.59532511529016
"BRCA1_3_GATGACTCACTCCGGA-1",4.59532581125504
"BRCA1_3_GATGAGGTCAAGCCCG-1",4.59532650721992
"BRCA1_3_GATGATCCATTCTCTA-1",2.85079839373569
"BRCA1_3_GATGCTAAGAAATTCG-1",4.5953272031848
"BRCA1_3_GATGGAGGTCTCCCTA-1",4.59532789914968
"BRCA1_3_GATGGAGGTGATACTC-1",1.49847646863021
"BRCA1_3_GATGGAGGTGGAAATT-1",4.59532859511456
"BRCA1_3_GATGTTGCAGGTTCGC-1",2.85079908970057
"BRCA1_3_GATTCGATCCTTATAC-1",4.59532929107943
"BRCA1_3_GATTCTTCAGCAGGAT-1",4.59532998704431
"BRCA1_3_GATTCTTGTCCGGTCA-1",4.59533068300919
"BRCA1_3_GATTGGTAGTCGAAAT-1",4.59533137897407
"BRCA1_3_GATTGGTTCATGCAGT-1",4.59533207493895
"BRCA1_3_GCAACATAGGATTTCC-1",1.79768654343593
"BRCA1_3_GCAACATTCACTCCGT-1",4.59533277090383
"BRCA1_3_GCAACCGGTCTAACTG-1",2.85079978566545
"BRCA1_3_GCACATATCGTTCTAT-1",4.59533346686871
"BRCA1_3_GCACGTGTCTTTCCAA-1",4.59533416283359
"BRCA1_3_GCAGCCAAGGATACAT-1",4.59533485879847
"BRCA1_3_GCAGCCACACTTACAG-1",4.59533555476335
"BRCA1_3_GCAGTTACAGGAGGTT-1",3.41803723164289
"BRCA1_3_GCAGTTAGTAGAGTTA-1",2.85080048163033
"BRCA1_3_GCATCGGCAAACCACT-1",4.59533625072823
"BRCA1_3_GCATCTCAGGATATGT-1",4.59533694669311
"BRCA1_3_GCATGATCAGAGCGTA-1",1.78829871034743
"BRCA1_3_GCCAACGAGAACCGCA-1",4.59533764265799
"BRCA1_3_GCCAACGAGTAACGTA-1",1.77976396275634
"BRCA1_3_GCCATTCCAACCGCCA-1",4.59533833862287
"BRCA1_3_GCCATTCTCATGAAAG-1",4.59533903458775
"BRCA1_3_GCCCAGACACGCGTCA-1",4.59533973055263
"BRCA1_3_GCCCAGAGTTACCGTA-1",1.77976465872122
"BRCA1_3_GCCGATGTCCTAGCCT-1",1.78827741466767
"BRCA1_3_GCCTGTTAGGTTAAAC-1",4.59534042651751
"BRCA1_3_GCCTGTTGTGGGACAT-1",2.85080117759521
"BRCA1_3_GCGAGAAGTTTCACTT-1",4.59534112248239
"BRCA1_3_GCGAGAATCCGTATGA-1",4.59534181844727
"BRCA1_3_GCGAGAATCTCTCTTC-1",4.59534251441215
"BRCA1_3_GCGATCGAGGATCACG-1",4.59534321037702
"BRCA1_3_GCGTTTCGTGTCTTGA-1",4.5953439063419
"BRCA1_3_GCTACAATCTTCTGGC-1",4.59534460230678
"BRCA1_3_GCTACCTGTACACGTT-1",4.59534529827166
"BRCA1_3_GCTCAAAAGACTTGTC-1",4.59534599423654
"BRCA1_3_GCTCAAACACCATATG-1",2.85080187356009
"BRCA1_3_GCTGAATAGACGGTTG-1",4.59534669020142
"BRCA1_3_GCTGCAGCAGAGTAAT-1",4.5953473861663
"BRCA1_3_GCTTGGGGTCCCTGAG-1",4.59534808213118
"BRCA1_3_GCTTTCGAGAGCGACT-1",0.451663866107682
"BRCA1_3_GGAACCCGTCATCCCT-1",2.85080256952497
"BRCA1_3_GGAACCCTCGCTCCTA-1",4.59534877809606
"BRCA1_3_GGAAGTGAGTTGGCTT-1",4.59534947406094
"BRCA1_3_GGAAGTGGTGGCTGCT-1",0.387287569368194
"BRCA1_3_GGAATGGGTGTCCCTT-1",3.56766485998581
"BRCA1_3_GGAGAACTCATTCGGA-1",4.59535017002582
"BRCA1_3_GGAGCAATCGTGGCGT-1",4.5953508659907
"BRCA1_3_GGAGGTAGTTCCATTT-1",4.59535156195558
"BRCA1_3_GGATCTATCAATCTCT-1",4.59535225792046
"BRCA1_3_GGCACGTCAGTGCGCT-1",4.59535295388534
"BRCA1_3_GGCACGTCATGGACAG-1",4.59535364985022
"BRCA1_3_GGCACGTTCATGGTAC-1",4.5953543458151
"BRCA1_3_GGCTGTGTCGTCGCTT-1",0.425266873050819
"BRCA1_3_GGCTTTCGTGTCCACG-1",4.59535504177998
"BRCA1_3_GGGACCTAGCCTCATA-1",4.59535573774486
"BRCA1_3_GGGACTCCAACCGCTG-1",4.59535643370974
"BRCA1_3_GGGACTCCAATACCTG-1",2.85080326548985
"BRCA1_3_GGGACTCTCCCTGTTG-1",1.7797653546861
"BRCA1_3_GGGAGATAGAGGCCAT-1",4.59535712967461
"BRCA1_3_GGGATCCAGCATGAAT-1",1.77976605065098
"BRCA1_3_GGGATCCGTTCGGTTA-1",4.59535782563949
"BRCA1_3_GGGATGAGTGCAACGA-1",4.69348929746695
"BRCA1_3_GGGATGATCGACACTA-1",4.59535852160437
"BRCA1_3_GGGCCATCAACACGTT-1",4.59535921756925
"BRCA1_3_GGGCGTTTCTAGCCTC-1",0.399875045353655
"BRCA1_3_GGGCTACCAATTGAAG-1",2.85080396145473
"BRCA1_3_GGGCTCAAGTTACGAA-1",4.59535991353413
"BRCA1_3_GGGTATTTCACCGGTG-1",4.59536060949901
"BRCA1_3_GGGTCACTCCTCTAAT-1",4.59536130546389
"BRCA1_3_GGGTCTGGTCCGGATC-1",1.8064518617289
"BRCA1_3_GGGTGAACATGTGCCG-1",4.59536200142877
"BRCA1_3_GGGTGTCTCTGCCTCA-1",4.59536269739365
"BRCA1_3_GGGTTATAGTATGGAT-1",4.59536339335853
"BRCA1_3_GGGTTATGTGGCATCC-1",4.59536408932341
"BRCA1_3_GGGTTATTCCAGCAAT-1",4.59536478528829
"BRCA1_3_GGGTTTACATCGCCTT-1",4.59536548125317
"BRCA1_3_GGGTTTATCTAGGCAT-1",4.59536617721805
"BRCA1_3_GGTAGAGAGGCCTTCG-1",4.59536687318293
"BRCA1_3_GGTAGAGTCTTCGCTG-1",3.4889959987772
"BRCA1_3_GGTCTGGAGGACGCAT-1",1.63097361289197
"BRCA1_3_GGTCTGGGTAAGCGGT-1",2.85080465741961
"BRCA1_3_GGTCTGGTCGTGGCGT-1",2.85080535338449
"BRCA1_3_GGTGTCGTCCATTTCA-1",1.77976674661586
"BRCA1_3_GGTGTTAAGACCGTTT-1",4.59536756914781
"BRCA1_3_GGTTAACAGAAGGCTC-1",4.59536826511269
"BRCA1_3_GTAACACCATAAGCAA-1",1.78117295135884
"BRCA1_3_GTAACACGTAGTTACC-1",4.59536896107757
"BRCA1_3_GTAAGTCCAGTCAGCC-1",4.59536965704245
"BRCA1_3_GTAATCGAGCTCTTCC-1",4.59537035300733
"BRCA1_3_GTAATGCAGACCGCCT-1",4.59537104897221
"BRCA1_3_GTACAACAGTGACCTT-1",4.59537174493708
"BRCA1_3_GTAGAAACACGGCGTT-1",4.59537244090196
"BRCA1_3_GTAGAGGGTTATCTGG-1",4.59537313686684
"BRCA1_3_GTAGATCTCCGTCACT-1",4.59537383283172
"BRCA1_3_GTAGGAGCATGTTACG-1",4.5953745287966
"BRCA1_3_GTAGGTTTCTTACGTT-1",4.59537522476148
"BRCA1_3_GTATTTCCAAGGTTGG-1",4.59537592072636
"BRCA1_3_GTCAAACGTCTTTCAT-1",4.59537661669124
"BRCA1_3_GTCAAGTGTATAGGGC-1",4.59537731265612
"BRCA1_3_GTCACGGCAAAGTATG-1",4.595378008621
"BRCA1_3_GTCACTCTCCGTTGGG-1",1.77976744258074
"BRCA1_3_GTCAGCGCACATGAAA-1",4.59537870458588
"BRCA1_3_GTCATCCCACGGCTAC-1",4.59537940055076
"BRCA1_3_GTCATGATCCTAACAG-1",4.59538009651564
"BRCA1_3_GTCATGATCGCATTGA-1",4.59538079248052
"BRCA1_3_GTCATTTCAAACTAAG-1",4.5953814884454
"BRCA1_3_GTCATTTGTGGCCTCA-1",4.59538218441028
"BRCA1_3_GTCCACTAGAAGCCAC-1",4.59538288037516
"BRCA1_3_GTCCACTGTCCAGCGT-1",4.59538357634004
"BRCA1_3_GTCCCATGTCCATCTC-1",4.59538427230492
"BRCA1_3_GTCCCATGTTAAAGTG-1",2.85080604934937
"BRCA1_3_GTCCCATTCCGTGACG-1",4.5953849682698
"BRCA1_3_GTCCCATTCTCTCTAA-1",4.59538566423467
"BRCA1_3_GTCCTCATCGTACACA-1",4.59538636019955
"BRCA1_3_GTCGCGAGTGTAGTGG-1",1.78214067724889
"BRCA1_3_GTCGTAAAGGCCTGCT-1",4.59538705616443
"BRCA1_3_GTCGTTCCACCAAAGG-1",5.12736181184051
"BRCA1_3_GTCTTTAGTTCATCGA-1",4.59538775212931
"BRCA1_3_GTGAGCCCAGTCACGC-1",2.85080674531425
"BRCA1_3_GTGAGGAAGATTGTGA-1",1.62324317246353
"BRCA1_3_GTGAGGAAGTCTTCCC-1",4.59538844809419
"BRCA1_3_GTGAGTTCACAAGCTT-1",4.59538914405907
"BRCA1_3_GTGATGTAGACATAAC-1",4.59538984002395
"BRCA1_3_GTGCACGCAATACAGA-1",4.59539053598883
"BRCA1_3_GTGCGTGTCTCCGCAT-1",4.59539123195371
"BRCA1_3_GTGCTTCCATGTGGTT-1",4.59539192791859
"BRCA1_3_GTGCTTCGTCAGATTC-1",2.85080744127913
"BRCA1_3_GTGGAGAAGCAAATCA-1",4.59539262388347
"BRCA1_3_GTGGAGATCATCTCTA-1",4.59539331984835
"BRCA1_3_GTGGAGATCGATAACC-1",4.59539401581323
"BRCA1_3_GTGGTTATCCACCTCA-1",4.59539471177811
"BRCA1_3_GTGTCCTTCTACTTCA-1",4.59539540774299
"BRCA1_3_GTGTTAGCAGCCGTCA-1",4.59539610370787
"BRCA1_3_GTGTTAGCAGTTTCAG-1",4.59539679967275
"BRCA1_3_GTGTTCCAGGCCACCT-1",1.79813566380768
"BRCA1_3_GTTACAGTCTCCACTG-1",4.59539749563763
"BRCA1_3_GTTACCCCAAGGTCGA-1",2.85080813724401
"BRCA1_3_GTTACCCGTAAGCAAT-1",4.59539819160251
"BRCA1_3_GTTACGACATGACCCG-1",4.59539888756739
"BRCA1_3_GTTACGAGTTCAGGTT-1",4.59539958353226
"BRCA1_3_GTTAGACGTATGGTAA-1",4.59540027949714
"BRCA1_3_GTTAGACGTGAATAAC-1",4.59540097546202
"BRCA1_3_GTTAGTGAGTAGCAAT-1",4.5954016714269
"BRCA1_3_GTTAGTGGTTACGATC-1",1.79265063057523
"BRCA1_3_GTTATGGAGAATTTGG-1",4.59540236739178
"BRCA1_3_GTTATGGCAAGGTTGG-1",4.59540306335666
"BRCA1_3_GTTCCGTGTGGAAGTC-1",1.77976813854562
"BRCA1_3_GTTCTATGTTGAGTCT-1",2.85080883320889
"BRCA1_3_GTTGCGGAGTCACGAG-1",2.85080952917376
"BRCA1_3_GTTGCTCCACTGTTCC-1",4.59540375932154
"BRCA1_3_GTTGCTCCAGCTACTA-1",4.59540445528642
"BRCA1_3_GTTGTAGGTTACGTAC-1",4.5954051512513
"BRCA1_3_GTTGTCCAGAATCTAG-1",4.59540584721618
"BRCA1_3_GTTGTGACAACATCGT-1",4.59540654318106
"BRCA1_3_GTTGTGAGTATGAGAT-1",2.85081022513864
"BRCA1_3_GTTGTGATCCTACGGG-1",1.7797688345105
"BRCA1_3_GTTGTGATCTATACGG-1",2.85081092110352
"BRCA1_3_GTTGTGATCTTTGCTA-1",4.59540723914594
"BRCA1_3_GTTTACTCACCGTACG-1",4.59540793511082
"BRCA1_3_GTTTGGAAGGATGGCT-1",4.5954086310757
"BRCA1_3_TAACACGAGAATCGAT-1",4.59540932704058
"BRCA1_3_TAACCAGAGATGCGAC-1",2.8508116170684
"BRCA1_3_TAACGACCAACAAAGT-1",4.59541002300546
"BRCA1_3_TAACTTCGTCTTTCAT-1",4.59541071897034
"BRCA1_3_TAACTTCTCAACCCGG-1",5.67488579122563
"BRCA1_3_TAAGCCAGTCGAATGG-1",4.59541141493522
"BRCA1_3_TAAGCCAGTGGTCTGC-1",4.5954121109001
"BRCA1_3_TAAGCCATCAGCCTCT-1",4.59541280686498
"BRCA1_3_TAAGCCATCCATTGCC-1",4.59541350282985
"BRCA1_3_TAAGTCGAGAAGTCCG-1",4.59541419879473
"BRCA1_3_TAATCTCAGTGGCGAT-1",1.78126760053628
"BRCA1_3_TAATTCCCACAGAGCA-1",4.59541489475961
"BRCA1_3_TACAACGAGGATACAT-1",1.5893966873143
"BRCA1_3_TACACCCAGGGAGTTC-1",5.67488648719051
"BRCA1_3_TACATTCCAATCCAGT-1",4.59541559072449
"BRCA1_3_TACCCGTCAGAACATA-1",4.59541628668937
"BRCA1_3_TACCCGTTCTGACAGT-1",4.59541698265425
"BRCA1_3_TACCGAAAGACCATTC-1",4.59541767861913
"BRCA1_3_TACCTGCAGGGCAAGG-1",4.59541837458401
"BRCA1_3_TACCTGCCACTGAGTT-1",1.37609760647316
"BRCA1_3_TACCTGCTCTTTGATC-1",1.77976953047538
"BRCA1_3_TACGCTCGTATACAGA-1",4.59541907054889
"BRCA1_3_TACGCTCGTATCTCGA-1",2.85081231303328
"BRCA1_3_TACGCTCGTCGAATGG-1",4.59541976651377
"BRCA1_3_TACGCTCTCACTGATG-1",2.85081300899816
"BRCA1_3_TACGGGCAGCCGATTT-1",1.78705943413351
"BRCA1_3_TACGTCCAGGCAGGTT-1",3.5424801850828
"BRCA1_3_TACGTCCCATCGCTAA-1",4.59542046247865
"BRCA1_3_TACTGCCAGGACGCAT-1",4.59542115844353
"BRCA1_3_TACTTACCACATAACC-1",4.59542185440841
"BRCA1_3_TACTTACGTTGAATCC-1",4.59542255037329
"BRCA1_3_TACTTCAGTAAGATTG-1",1.77977022644026
"BRCA1_3_TACTTCATCTCCGTGT-1",4.59542324633817
"BRCA1_3_TAGACTGAGCAAGTCG-1",4.59542394230305
"BRCA1_3_TAGACTGCAGCTGGTC-1",4.59542463826793
"BRCA1_3_TAGACTGTCTCCTGTG-1",4.59542533423281
"BRCA1_3_TAGAGTCGTCAACCAT-1",4.59542603019769
"BRCA1_3_TAGATCGTCTGCACCT-1",4.59542672616257
"BRCA1_3_TAGCACACACACCAGC-1",1.78277728615786
"BRCA1_3_TAGCACATCCCGAACG-1",4.59542742212744
"BRCA1_3_TAGGAGGCACCGCTGA-1",4.59542811809232
"BRCA1_3_TAGGAGGTCGGTGTAT-1",4.5954288140572
"BRCA1_3_TAGGGTTAGCTCAGAG-1",2.85081370496304
"BRCA1_3_TAGGTTGCAGACCGCT-1",4.59542951002208
"BRCA1_3_TAGTGCAGTATCGTGT-1",1.5955136005729
"BRCA1_3_TATACCTCACCGCTAG-1",4.59543020598696
"BRCA1_3_TATACCTGTCTCAGGC-1",4.59543090195184
"BRCA1_3_TATCAGGAGTAAGACT-1",2.85081440092792
"BRCA1_3_TATCCTAAGGGACCAT-1",4.59543159791672
"BRCA1_3_TATCGCCAGTGGTGAC-1",2.8508150968928
"BRCA1_3_TATCGCCCACCTCAGG-1",4.5954322938816
"BRCA1_3_TATCGCCGTGTTGCCG-1",1.77977092240514
"BRCA1_3_TATCTTGTCACTACTT-1",4.59543298984648
"BRCA1_3_TATGTTCCAATCTCGA-1",4.59543368581136
"BRCA1_3_TATTGCTCAACGGGTA-1",4.59543438177624
"BRCA1_3_TATTGGGCAACACGTT-1",4.59543507774112
"BRCA1_3_TATTGGGCAAGCCATT-1",4.595435773706
"BRCA1_3_TATTGGGGTGGGTCAA-1",2.85081579285768
"BRCA1_3_TCAAGCATCTTTGCAT-1",4.59543646967088
"BRCA1_3_TCAAGTGGTACTCCGG-1",4.59543716563576
"BRCA1_3_TCAATCTCATTCCTCG-1",1.79551022744366
"BRCA1_3_TCACAAGAGCAGGTCA-1",4.59543786160064
"BRCA1_3_TCACACCCACCCTGTT-1",4.59543855756552
"BRCA1_3_TCACACCCAGAACTTC-1",4.5954392535304
"BRCA1_3_TCACGCTGTCTTCGAA-1",1.78212172585219
"BRCA1_3_TCACGGGAGCTTGTTG-1",4.59543994949528
"BRCA1_3_TCACGGGTCATTTGTC-1",4.59544064546016
"BRCA1_3_TCACTATCAGGTTTAC-1",4.59544134142504
"BRCA1_3_TCACTATTCGACCAAT-1",4.59544203738991
"BRCA1_3_TCACTCGGTCAAGCGA-1",4.59544273335479
"BRCA1_3_TCACTCGGTCATCCCT-1",4.59544342931967
"BRCA1_3_TCAGCCTTCCGATGCG-1",1.77977161837002
"BRCA1_3_TCAGTCCGTCGTTATG-1",2.85081648882256
"BRCA1_3_TCAGTGAAGAGTCAGC-1",4.59544412528455
"BRCA1_3_TCAGTGACAACTCATG-1",4.59544482124943
"BRCA1_3_TCAGTGATCTGAGGTT-1",4.59544551721431
"BRCA1_3_TCATACTAGGCTCACC-1",4.59544621317919
"BRCA1_3_TCATACTGTACGGCAA-1",4.59544690914407
"BRCA1_3_TCATCCGGTTATCTTC-1",4.59544760510895
"BRCA1_3_TCATGAGTCTTGTGCC-1",4.59544830107383
"BRCA1_3_TCATGGATCCTATTGT-1",4.59544899703871
"BRCA1_3_TCATGTTAGTGGCCTC-1",4.59544969300359
"BRCA1_3_TCATTGTCAAGCCTGC-1",4.59545038896847
"BRCA1_3_TCCACCATCTGAGGCC-1",1.78983836103571
"BRCA1_3_TCCACGTCAAGTATAG-1",2.85081718478744
"BRCA1_3_TCCACGTGTAGACAAT-1",4.59545108493335
"BRCA1_3_TCCAGAATCGAGAGCA-1",2.85081788075232
"BRCA1_3_TCCATCGCACCCATAA-1",1.78713424591945
"BRCA1_3_TCCATCGTCTGGTCAA-1",4.59545178089823
"BRCA1_3_TCCATGCCAAGAGAGA-1",4.59545247686311
"BRCA1_3_TCCCAGTTCGCGCTGA-1",4.59545317282799
"BRCA1_3_TCCGTGTCAACGACTT-1",4.59545386879287
"BRCA1_3_TCCGTGTGTGGCATCC-1",4.59545456475775
"BRCA1_3_TCCTAATGTTTCGTTT-1",4.59545526072263
"BRCA1_3_TCCTAATTCGCTCATC-1",4.5954559566875
"BRCA1_3_TCCTCGACAAGCAATA-1",4.59545665265238
"BRCA1_3_TCCTCGACAATACCTG-1",4.59545734861726
"BRCA1_3_TCCTCTTCATCATGAC-1",4.59545804458214
"BRCA1_3_TCCTCTTTCGTTCAGA-1",4.59545874054702
"BRCA1_3_TCCTTCTCAGGTCAAG-1",2.8508185767172
"BRCA1_3_TCCTTTCAGAACGTGC-1",4.5954594365119
"BRCA1_3_TCCTTTCAGCACTGGA-1",4.59546013247678
"BRCA1_3_TCGAAGTAGACTTCGT-1",4.59546082844166
"BRCA1_3_TCGAAGTAGTCTCCTC-1",0.39229747410011
"BRCA1_3_TCGAAGTTCTCAACCC-1",2.85081927268208
"BRCA1_3_TCGACGGAGTTCCAGT-1",1.79373972761402
"BRCA1_3_TCGCACTAGCAGATAT-1",4.59546152440654
"BRCA1_3_TCGCAGGAGGTCGTAG-1",4.59546222037142
"BRCA1_3_TCGCTCAGTTGGCTAT-1",4.5954629163363
"BRCA1_3_TCGGATAAGAGAGAAC-1",4.59546361230118
"BRCA1_3_TCGGATATCTACGGGC-1",4.59546430826606
"BRCA1_3_TCGGGACTCGGACCAC-1",4.59546500423094
"BRCA1_3_TCGGGCACAATACGAA-1",1.71178694536117
"BRCA1_3_TCGGGCATCTATACTC-1",1.7797723143349
"BRCA1_3_TCGGGTGGTGAGTCAG-1",2.85081996864696
"BRCA1_3_TCGGTCTGTGACAACG-1",2.85082066461184
"BRCA1_3_TCGTGCTCACGAGGTA-1",4.59546570019582
"BRCA1_3_TCGTGCTGTGTCCATA-1",4.5954663961607
"BRCA1_3_TCGTGGGTCGCCGAGT-1",4.59546709212558
"BRCA1_3_TCTACATGTTTGCCGG-1",4.59546778809046
"BRCA1_3_TCTACCGGTCCTTGTC-1",4.59546848405534
"BRCA1_3_TCTCCGATCCTTATGT-1",4.59546918002022
"BRCA1_3_TCTCCGATCTTTCCGG-1",4.59546987598509
"BRCA1_3_TCTGCCACAAAGCTCT-1",2.85082136057672
"BRCA1_3_TCTGGCTAGGAACGCT-1",4.59547057194997
"BRCA1_3_TCTGTCGAGAAGTATC-1",4.59547126791485
"BRCA1_3_TCTGTCGCAGATAAAC-1",4.59547196387973
"BRCA1_3_TCTTAGTAGTTTGTCG-1",4.59547265984461
"BRCA1_3_TCTTCCTGTACGGGAT-1",2.8508220565416
"BRCA1_3_TCTTCCTTCGCTTACC-1",4.59547335580949
"BRCA1_3_TGAACGTCAACGATCT-1",4.59547405177437
"BRCA1_3_TGAATCGGTCGCGGTT-1",4.59547474773925
"BRCA1_3_TGAATGCCAATACCCA-1",2.85082275250648
"BRCA1_3_TGACAGTAGTTGTACC-1",3.47607374821091
"BRCA1_3_TGACCCTAGCCGTTAT-1",4.59547544370413
"BRCA1_3_TGACCCTCATCCGTTC-1",4.59547613966901
"BRCA1_3_TGACCCTCATCTTTCA-1",4.59547683563389
"BRCA1_3_TGACCCTGTGGGCTTC-1",4.59547753159877
"BRCA1_3_TGACTCCCAGAATGTA-1",4.59547822756365
"BRCA1_3_TGACTCCGTGGTCTTA-1",3.45795439069661
"BRCA1_3_TGAGACTAGTGCAAAT-1",4.59547892352853
"BRCA1_3_TGAGACTGTTTAGACC-1",3.74281041157431
"BRCA1_3_TGAGACTTCAGTCTTT-1",4.92799344246111
"BRCA1_3_TGAGACTTCGCTTGCT-1",4.59547961949341
"BRCA1_3_TGAGCATCAACATACC-1",2.85082344847135
"BRCA1_3_TGAGCATCATCGCTAA-1",4.59548031545829
"BRCA1_3_TGAGCATTCATCACTT-1",4.59548101142317
"BRCA1_3_TGAGTCAGTCCGATCG-1",4.59548170738805
"BRCA1_3_TGAGTCATCCGAAGGA-1",1.60438868643211
"BRCA1_3_TGATGCATCCTGTAGA-1",4.59548240335293
"BRCA1_3_TGATTCTAGCCAAGGT-1",4.59548309931781
"BRCA1_3_TGATTTCAGATGGCAC-1",4.59548379528268
"BRCA1_3_TGCACGGCAACTGCCG-1",4.59548449124756
"BRCA1_3_TGCAGTAGTTGATGTC-1",2.85082414443623
"BRCA1_3_TGCGATACAGAGGCTA-1",4.59548518721244
"BRCA1_3_TGCTCCACAACTCCAA-1",4.59548588317732
"BRCA1_3_TGCTCCAGTGGATACG-1",4.5954865791422
"BRCA1_3_TGCTCGTTCCGATAAC-1",1.36857383225065
"BRCA1_3_TGCTGAAAGCATAGGC-1",1.62368894255658
"BRCA1_3_TGCTTCGAGTCCTACA-1",4.59548727510708
"BRCA1_3_TGGATGTGTACAGTAA-1",1.77977301029978
"BRCA1_3_TGGATGTGTCACCACG-1",4.59548797107196
"BRCA1_3_TGGGAAGAGAACTTCC-1",4.59548866703684
"BRCA1_3_TGGTACAAGAGTCTGG-1",4.59548936300172
"BRCA1_3_TGGTGATCATCACGGC-1",4.5954900589666
"BRCA1_3_TGGTTAGTCAACCCGG-1",1.80324545359497
"BRCA1_3_TGTAAGCTCAGCGTCG-1",4.59549075493148
"BRCA1_3_TGTAGACGTGTCCATA-1",3.42177369947876
"BRCA1_3_TGTCAGATCTCGACCT-1",2.85082484040111
"BRCA1_3_TGTCAGATCTGACCCT-1",1.79196398837468
"BRCA1_3_TGTCCCACAGGTGTTT-1",1.8048666967484
"BRCA1_3_TGTGAGTAGTGAGGTC-1",4.59549145089636
"BRCA1_3_TGTGGCGTCCCGATCT-1",4.59549214686124
"BRCA1_3_TGTGTGAAGTTCCGTA-1",4.59549284282612
"BRCA1_3_TGTTACTTCAGCGGAA-1",0.421616813031417
"BRCA1_3_TGTTCCGGTAACATGA-1",4.595493538791
"BRCA1_3_TGTTTGTTCATCCCGT-1",4.59549423475588
"BRCA1_3_TTACAGGGTCCTACGG-1",2.85082553636599
"BRCA1_3_TTACAGGTCTCTCAAT-1",4.59549493072076
"BRCA1_3_TTACCATCAACAGAGC-1",2.85082623233087
"BRCA1_3_TTACCATGTCTGTAAC-1",4.59549562668564
"BRCA1_3_TTACCGCTCGAGATAA-1",4.59549632265052
"BRCA1_3_TTACGCCCATAACGGG-1",3.43547194796059
"BRCA1_3_TTACGTTCATTCGATG-1",4.5954970186154
"BRCA1_3_TTACGTTTCCTTGACC-1",4.59549771458027
"BRCA1_3_TTACGTTTCGTTCTGC-1",4.59549841054515
"BRCA1_3_TTAGTCTAGGTGCTGA-1",4.59549910651003
"BRCA1_3_TTAGTCTCACATAACC-1",4.59549980247491
"BRCA1_3_TTCAATCCATGTGGCC-1",1.58556026934932
"BRCA1_3_TTCACGCTCATTCGTT-1",4.59550049843979
"BRCA1_3_TTCATTGTCTTGGCTC-1",4.59550119440467
"BRCA1_3_TTCCAATGTGCCGTTG-1",4.59550189036955
"BRCA1_3_TTCCACGTCTCCGCAT-1",4.59550258633443
"BRCA1_3_TTCCGGTAGGCATCGA-1",4.59550328229931
"BRCA1_3_TTCCGGTCACATGTTG-1",4.59550397826419
"BRCA1_3_TTCCTCTGTCGCATGC-1",4.59550467422907
"BRCA1_3_TTCCTCTGTTCGTTCC-1",4.59550537019395
"BRCA1_3_TTCGGTCCACTATCGA-1",4.60817358847327
"BRCA1_3_TTCTAACCAACCACGC-1",2.85082692829575
"BRCA1_3_TTCTAACCACCTGATA-1",4.59550606615883
"BRCA1_3_TTCTAACTCTTAGTTC-1",4.59550676212371
"BRCA1_3_TTCTGTAGTCATCACA-1",4.59550745808859
"BRCA1_3_TTCTTCCAGACCAAAT-1",4.59550815405347
"BRCA1_3_TTCTTGATCGCTATTT-1",4.59550885001835
"BRCA1_3_TTGAGTGGTGACTGAG-1",1.77977370626466
"BRCA1_3_TTGCGTCGTACAAGTA-1",2.46514213641193
"BRCA1_3_TTGGGTAGTGTAAACA-1",4.59550954598323
"BRCA1_3_TTGTGTTCACTAGGTT-1",4.59551024194811
"BRCA1_3_TTGTGTTTCGCGGACT-1",1.79541555747463
"BRCA1_3_TTGTGTTTCTCGCTCA-1",4.59551093791299
"BRCA1_3_TTGTTCACATCACAGT-1",4.59551163387786
"BRCA1_3_TTGTTCATCACTAGCA-1",4.59551232984274
"BRCA1_3_TTGTTGTCATTCTCTA-1",4.59551302580762
"BRCA1_3_TTGTTGTGTGTAGCAG-1",2.85082762426063
"BRCA1_3_TTGTTGTTCCCGTTCA-1",4.5955137217725
"BRCA1_3_TTGTTGTTCTCCGAGG-1",4.59551441773738
"BRCA1_3_TTTACCACAGAGGCTA-1",4.59551511370226
"BRCA1_3_TTTACGTCATCGGCCA-1",4.59551580966714
"BRCA1_3_TTTACTGCATGAAGCG-1",4.59551650563202
"BRCA1_3_TTTACTGTCCTAGAGT-1",2.62771512612462
"BRCA1_3_TTTAGTCCACACCTTC-1",4.5955172015969
"BRCA1_3_TTTAGTCCACGGTAGA-1",4.59551789756178
"BRCA1_3_TTTAGTCTCAGACTGT-1",4.59551859352666
"BRCA1_3_TTTCACAAGCGCAATG-1",2.85082832022551
"BRCA1_3_TTTCACACAGTTGGTT-1",4.59551928949154
"BRCA1_3_TTTCACACATCTAGAC-1",2.85082901619039
"BRCA1_3_TTTCACAGTCACTAGT-1",4.59551998545642
"BRCA1_3_TTTCAGTTCACAGTGT-1",4.5955206814213
"BRCA1_3_TTTCATGGTTAACAGA-1",4.59552137738618
"BRCA1_3_TTTCCTCCACTTGTGA-1",4.59552207335106
"BRCA1_3_TTTCGATCACTAAACC-1",4.59552276931594
"BRCA1_3_TTTGATCGTCTTTCAT-1",5.51816730907008
"BRCA1_3_TTTGGTTAGCTTCTAG-1",4.59552346528082
"BRCA1_3_TTTGGTTAGGAGTCTG-1",4.5955241612457
"BRCA1_3_TTTGTTGAGTTAGAAC-1",4.59552485721058
"BRCA1_3_TTTGTTGCATGCCGCA-1",4.59552555317546
"BRCA1_4_AAACCCATCGCCAACG-1",1.77977440222954
"BRCA1_4_AAACGAAAGTTCATCG-1",4.83648058008638
"BRCA1_4_AAACGAACACTACCGG-1",5.57606780839369
"BRCA1_4_AAACGCTGTCTTGGTA-1",5.02953999639067
"BRCA1_4_AAAGGATTCACAATGC-1",1.78464180074687
"BRCA1_4_AAAGGTACAACACGAG-1",4.59552624914033
"BRCA1_4_AAAGTCCGTGAATTGA-1",4.59552694510521
"BRCA1_4_AACCAACAGAGTACCG-1",4.57634678990891
"BRCA1_4_AACCAACCATGGTACT-1",4.72022696942463
"BRCA1_4_AACCTTTAGTACAGAT-1",4.83648127605126
"BRCA1_4_AACCTTTGTACCCAGC-1",4.72128779720185
"BRCA1_4_AACGAAACATACTGTG-1",2.46133887464077
"BRCA1_4_AACGTCATCCCGTTCA-1",1.78527399295116
"BRCA1_4_AAGAACATCCATTTGT-1",4.77923430263178
"BRCA1_4_AAGACAATCGTGTGAT-1",4.8911560325989
"BRCA1_4_AAGACTCTCGTAGGGA-1",1.78988308341053
"BRCA1_4_AAGATAGCAAGGTTGG-1",5.67488718315539
"BRCA1_4_AAGCATCCACCCTAAA-1",2.45357646419734
"BRCA1_4_AAGGAATGTAAGTCAA-1",4.83648197201614
"BRCA1_4_AAGGTAATCTGATTCT-1",1.79474852102386
"BRCA1_4_AAGTACCGTGAGAACC-1",1.78683885815745
"BRCA1_4_AAGTTCGAGACGTCGA-1",4.84262854290251
"BRCA1_4_AAGTTCGAGGGTTGCA-1",2.47094367819595
"BRCA1_4_AATAGAGAGGATGAGA-1",2.85082971215527
"BRCA1_4_AATCGACGTCTTCGAA-1",2.85083040812015
"BRCA1_4_AATCGTGGTACGCTTA-1",4.59552764107009
"BRCA1_4_AATCGTGTCACGATAC-1",2.62648734890198
"BRCA1_4_AATGAAGGTACAGTTC-1",4.59552833703497
"BRCA1_4_AATGACCCAGCTTTGA-1",5.67488787912027
"BRCA1_4_AATGGCTGTGTGTTTG-1",5.06720565084864
"BRCA1_4_AATGGCTTCGAGCTGC-1",4.95412385155089
"BRCA1_4_ACAAAGAAGGATTCCT-1",5.53697921019484
"BRCA1_4_ACAAAGAAGTTCCTGA-1",2.51639995179093
"BRCA1_4_ACAAAGACAAGATCCT-1",4.59552903299985
"BRCA1_4_ACAAAGATCTTACCAT-1",4.81090602682109
"BRCA1_4_ACAACCATCTAGTCAG-1",1.79754878759229
"BRCA1_4_ACACAGTGTCTTTCTA-1",4.79018537978262
"BRCA1_4_ACACGCGTCCGCACGA-1",4.662591129127
"BRCA1_4_ACACGCGTCGCCGATG-1",6.23083454419415
"BRCA1_4_ACACTGACACGGCTAC-1",5.67488857508515
"BRCA1_4_ACACTGACACGTGTGC-1",5.53079898659572
"BRCA1_4_ACATCGAAGAATGTTG-1",5.60478114988912
"BRCA1_4_ACATCGATCTCGTCGT-1",2.51966847988172
"BRCA1_4_ACATTTCAGGCGCTCT-1",1.79964044677398
"BRCA1_4_ACCAACAAGAAGCTCG-1",1.78815730734472
"BRCA1_4_ACCAACAAGACTACCT-1",5.67488927105003
"BRCA1_4_ACCAACAGTGTTGACT-1",0.406608763030138
"BRCA1_4_ACCCAAATCTTAGCTT-1",5.3465586391376
"BRCA1_4_ACCTACCCACCATAAC-1",5.34655933510248
"BRCA1_4_ACCTACCGTCCAGCAC-1",2.85083110408503
"BRCA1_4_ACCTACCTCACAGTGT-1",0.316292547711035
"BRCA1_4_ACCTGAATCGACGATT-1",1.61135227595378
"BRCA1_4_ACCTGAATCTCTCCGA-1",2.85083180004991
"BRCA1_4_ACCTGTCCACCAGACC-1",5.4200168452036
"BRCA1_4_ACCTGTCTCTGCACCT-1",0.44022543530298
"BRCA1_4_ACGATCAAGGTGAGAA-1",2.62733140240367
"BRCA1_4_ACGATCAAGGTTCAGG-1",5.34656003106736
"BRCA1_4_ACGATCACAGCTCGGT-1",4.7211735422919
"BRCA1_4_ACGCACGAGAGCCTGA-1",5.34656072703223
"BRCA1_4_ACGCACGCAGCTAACT-1",4.83505882859398
"BRCA1_4_ACGCACGCATGGAATA-1",4.82282406247202
"BRCA1_4_ACGCACGCATTGGGAG-1",4.83338121948763
"BRCA1_4_ACGGAAGTCCACCTGT-1",2.51594862135048
"BRCA1_4_ACGGGTCTCTGTGTGA-1",0.283560679296611
"BRCA1_4_ACGTAACAGCCAAGTG-1",4.83648266798102
"BRCA1_4_ACGTAGTGTCCTTTGC-1",4.90402720093571
"BRCA1_4_ACGTCCTCACCGTACG-1",4.65719554838494
"BRCA1_4_ACGTCCTGTACAAACA-1",2.85083249601479
"BRCA1_4_ACTATCTTCTGTGCAA-1",1.78350360425103
"BRCA1_4_ACTATGGAGTCTTCGA-1",2.76874469923667
"BRCA1_4_ACTGATGAGCCGCTTG-1",2.85083319197967
"BRCA1_4_ACTGTGAAGATGTTGA-1",1.78541655385646
"BRCA1_4_ACTGTGACATAATGCC-1",4.90134165324931
"BRCA1_4_ACTGTGATCTATCGGA-1",1.7854769637696
"BRCA1_4_ACTTAGGAGGTAGCAC-1",5.67488996701491
"BRCA1_4_ACTTCGCAGATAGCTA-1",0.376239102805946
"BRCA1_4_ACTTTGTCAACGGGTA-1",4.8364833639459
"BRCA1_4_ACTTTGTGTGTCCACG-1",0.398190597809653
"BRCA1_4_AGAACAATCTCCTGCA-1",2.4753416561921
"BRCA1_4_AGAACCTAGGCATCTT-1",4.78039008450607
"BRCA1_4_AGAAGCGTCCCTCTCC-1",5.60309866486041
"BRCA1_4_AGAAGCGTCGCATGAT-1",4.94109921613675
"BRCA1_4_AGAAGCGTCTCGGCTT-1",5.67489066297979
"BRCA1_4_AGAAGTAAGGTTCAGG-1",5.34656142299711
"BRCA1_4_AGACACTTCAAGCGTT-1",5.67489135894467
"BRCA1_4_AGACAGGGTCACCGAC-1",4.59552972896473
"BRCA1_4_AGACCATTCAGTCCGG-1",1.78304743366186
"BRCA1_4_AGACCCGAGAAGTATC-1",1.7872125296886
"BRCA1_4_AGACCCGCAGCAAGAC-1",1.17738929024671
"BRCA1_4_AGACCCGGTCGGTGTC-1",4.83648405991078
"BRCA1_4_AGACTCAAGTGCCCGT-1",4.60852324361372
"BRCA1_4_AGAGAATGTGTTTACG-1",4.68389507433303
"BRCA1_4_AGAGAGCAGACCGCCT-1",0.316726592227186
"BRCA1_4_AGAGAGCTCGTTGTAG-1",4.59553042492961
"BRCA1_4_AGAGCAGAGCCGAACA-1",5.34656211896199
"BRCA1_4_AGAGCAGAGGTGCCTC-1",4.59553112089449
"BRCA1_4_AGAGCAGGTGCTAGCC-1",0.270186899468444
"BRCA1_4_AGAGCAGTCCGGTTCT-1",1.78510565011909
"BRCA1_4_AGAGCCCTCATTGTTC-1",4.59553181685937
"BRCA1_4_AGAGCCCTCCTCTCTT-1",5.44564875402552
"BRCA1_4_AGATAGAGTGCCCAGT-1",4.80040922930244
"BRCA1_4_AGATCCACAAGTGGGT-1",4.83811987988708
"BRCA1_4_AGATCCACATAGATGA-1",5.34656281492687
"BRCA1_4_AGATCCATCCTAAACG-1",5.67489205490955
"BRCA1_4_AGATCGTAGTGGTTGG-1",4.83648475587566
"BRCA1_4_AGATGCTTCTGGGATT-1",5.06541176101059
"BRCA1_4_AGCCAATAGGTGCATG-1",5.49683300403335
"BRCA1_4_AGCCAATGTCTACGTA-1",4.59553251282425
"BRCA1_4_AGCCACGTCCACACAA-1",2.46669975950467
"BRCA1_4_AGCGATTTCTCCCATG-1",4.83961907055851
"BRCA1_4_AGCGCTGAGTAAGAGG-1",5.03619759126886
"BRCA1_4_AGCGTATAGTAGGCCA-1",1.52086218597367
"BRCA1_4_AGCGTATCATAGTCAC-1",5.37993296426599
"BRCA1_4_AGCTACACATTCACCC-1",2.69362314167521
"BRCA1_4_AGCTCAAAGCACTCAT-1",5.5532229040993
"BRCA1_4_AGCTCAAGTCGTGTTA-1",4.83648545184054
"BRCA1_4_AGGAAATTCTGGGAGA-1",5.67489275087443
"BRCA1_4_AGGACTTAGTCTACCA-1",2.59422052774535
"BRCA1_4_AGGACTTGTAGTCACT-1",4.83711957542123
"BRCA1_4_AGGACTTTCTGTAACG-1",2.51510630556231
"BRCA1_4_AGGAGGTTCGAGCCAC-1",4.79908223881638
"BRCA1_4_AGGATAACAGCGGTTC-1",4.59553320878913
"BRCA1_4_AGGCCACAGCGCAATG-1",2.49898601631932
"BRCA1_4_AGGCTGCGTGTATCCA-1",5.64241719603503
"BRCA1_4_AGGGCCTAGAGGTTTA-1",4.67061732092128
"BRCA1_4_AGGGCCTCAACTGGTT-1",2.56066746786576
"BRCA1_4_AGGGCCTCATGTGACT-1",4.78949473532366
"BRCA1_4_AGGGCCTTCTACGGGC-1",4.62365721245493
"BRCA1_4_AGGGTCCCACCAGTTA-1",1.78022803491782
"BRCA1_4_AGGGTCCGTCAAATCC-1",5.6469851359328
"BRCA1_4_AGGGTGAGTGAGAGGG-1",4.83648614780542
"BRCA1_4_AGGGTTTCATTGCCGG-1",2.47365518926167
"BRCA1_4_AGGGTTTTCGCGCTGA-1",4.8364868437703
"BRCA1_4_AGGTCATTCAGCTAGT-1",6.37985445627934
"BRCA1_4_AGGTGTTAGACCAAAT-1",5.6733800110532
"BRCA1_4_AGGTTGTCAGAATGTA-1",1.78317700922354
"BRCA1_4_AGTACTGAGTATTGCC-1",1.77977509819442
"BRCA1_4_AGTACTGCACTGAGTT-1",0.305081226934144
"BRCA1_4_AGTAGCTGTAGAAACT-1",0.302177962866775
"BRCA1_4_AGTGACTAGACGCATG-1",5.67489344683931
"BRCA1_4_AGTGCCGGTAACCAGG-1",5.26414488485483
"BRCA1_4_AGTGCCGGTGGAAGTC-1",4.59553390475401
"BRCA1_4_AGTTCCCAGAGAGGGC-1",4.83648753973518
"BRCA1_4_ATACCGACACACGCCA-1",4.7538829734697
"BRCA1_4_ATACCGACAGCTCATA-1",4.52187634386125
"BRCA1_4_ATACCTTCAGTCGGTC-1",0.457782011026182
"BRCA1_4_ATACTTCCAATGAACA-1",3.41541544482584
"BRCA1_4_ATAGAGACATGTTTGG-1",4.53192403211277
"BRCA1_4_ATAGGCTTCTCCGTGT-1",4.89798282941008
"BRCA1_4_ATAGGCTTCTCGAACA-1",2.85083388794455
"BRCA1_4_ATATCCTAGAAATCCA-1",4.49744232622474
"BRCA1_4_ATATCCTAGTGCTCGC-1",4.83648823570006
"BRCA1_4_ATATCCTCAGACGGAT-1",2.81982612071544
"BRCA1_4_ATATCCTGTCGCATGC-1",5.09039438478514
"BRCA1_4_ATCACGACAAGCACCC-1",4.5382853818783
"BRCA1_4_ATCAGGTGTCCCTGTT-1",4.91576707908492
"BRCA1_4_ATCAGGTGTGGAACAC-1",4.72336901461501
"BRCA1_4_ATCCCTGGTGTTAAAG-1",5.48719844588145
"BRCA1_4_ATCCCTGTCGTCAACA-1",2.60074243220329
"BRCA1_4_ATCCGTCAGAGGGCGA-1",4.83648893166494
"BRCA1_4_ATCGGATCAGACTGCC-1",2.85083458390943
"BRCA1_4_ATCGGCGAGCCATTGT-1",4.96692442133955
"BRCA1_4_ATCGGCGCAGGCTCTG-1",5.45080623918953
"BRCA1_4_ATCGTCCGTCCTGTCT-1",4.59553460071889
"BRCA1_4_ATCGTCCGTCGAGTGA-1",4.83648962762982
"BRCA1_4_ATCGTCCGTTCAAACC-1",4.83649032359469
"BRCA1_4_ATCGTCCGTTTCCAAG-1",4.59553529668377
"BRCA1_4_ATCTCTACACGCAGTC-1",4.83649101955957
"BRCA1_4_ATCTTCATCAGACATC-1",5.01879858842202
"BRCA1_4_ATGAAAGAGGCCATAG-1",2.65173040546761
"BRCA1_4_ATGAAAGGTTGATGTC-1",5.00695449941494
"BRCA1_4_ATGACCATCGGTCACG-1",1.78358540429044
"BRCA1_4_ATGAGGGGTCCGGTCA-1",5.67489414280419
"BRCA1_4_ATGATCGGTCTCCCTA-1",2.45357716016222
"BRCA1_4_ATGCATGAGCTTTGTG-1",2.4535778561271
"BRCA1_4_ATGGAGGAGGATCACG-1",4.87013906325084
"BRCA1_4_ATGGATCGTGAGCTCC-1",4.84343126739634
"BRCA1_4_ATGGATCGTTCGCGTG-1",4.59553599264865
"BRCA1_4_ATGGGAGAGACATGCG-1",1.78551145056719
"BRCA1_4_ATGGTTGAGCCTTTGA-1",4.78640183411803
"BRCA1_4_ATGGTTGAGGAGGCAG-1",1.3895191024015
"BRCA1_4_ATGTCTTCACATTCGA-1",5.67489483876906
"BRCA1_4_ATTACCTAGCAACCAG-1",4.59553668861353
"BRCA1_4_ATTACTCAGACACACG-1",5.43541872004157
"BRCA1_4_ATTCACTCAACACACT-1",6.39024975778861
"BRCA1_4_ATTCACTCACGCGTCA-1",4.90428613398734
"BRCA1_4_ATTCATCAGGACACTG-1",0.330010245233796
"BRCA1_4_ATTCCATAGTTAGTGA-1",4.66613071218758
"BRCA1_4_ATTCCCGCAGCTACTA-1",4.83649171552445
"BRCA1_4_ATTCCTACAGCTATAC-1",4.83649241148933
"BRCA1_4_ATTCGTTAGCCACAAG-1",4.83649310745421
"BRCA1_4_ATTCGTTCATCCAATG-1",4.59553738457841
"BRCA1_4_ATTGGGTGTTGAGAGC-1",4.85114888764665
"BRCA1_4_ATTTCACCAGGCTTGC-1",5.67489553473394
"BRCA1_4_ATTTCACTCAGAGCGA-1",4.83649380341909
"BRCA1_4_CAAAGAAGTCTCACAA-1",6.20797327035899
"BRCA1_4_CAAAGAATCATTGGTG-1",1.78243842578187
"BRCA1_4_CAACAGTGTCATCGGC-1",4.59553808054329
"BRCA1_4_CAACCTCAGCTAGCCC-1",1.7817204808301
"BRCA1_4_CAACCTCAGGTTCTAC-1",5.67489623069882
"BRCA1_4_CAACGATAGCGCTTCG-1",1.78831974293518
"BRCA1_4_CAACGGCCAGGTGAGT-1",5.6748969266637
"BRCA1_4_CAACGGCGTTTCAGAC-1",4.82084175493839
"BRCA1_4_CAAGAGGTCTACGGGC-1",2.85083527987431
"BRCA1_4_CAAGCTACAGGTTCGC-1",1.79492709655374
"BRCA1_4_CAAGCTACATACACCA-1",4.61631114506382
"BRCA1_4_CAATCGATCAGGGTAG-1",1.31269168096696
"BRCA1_4_CAATGACAGATTACCC-1",4.96986717640286
"BRCA1_4_CAATGACTCCCTGTTG-1",0.443277489744414
"BRCA1_4_CAATTTCGTGCTCTCT-1",4.80222860187818
"BRCA1_4_CACAACACAGCAGTGA-1",4.59553877650817
"BRCA1_4_CACAACACATGAGATA-1",5.46258908797598
"BRCA1_4_CACCAAAGTCGTAATC-1",4.83649449938397
"BRCA1_4_CACCGTTTCACCTTGC-1",0.378681099182931
"BRCA1_4_CACGAATAGAGAGTGA-1",1.78454335705374
"BRCA1_4_CACGAATCAAGTCATC-1",1.67302963363337
"BRCA1_4_CACGTGGCATTGCCTC-1",4.55548014985939
"BRCA1_4_CACTAAGGTTGGAGAC-1",4.73871560341114
"BRCA1_4_CACTGAAAGTCACGCC-1",0.303427605180316
"BRCA1_4_CACTGGGTCTCAACGA-1",2.58452086139885
"BRCA1_4_CACTTCGTCCGATCGG-1",4.91994247539675
"BRCA1_4_CAGAGCCGTCTAACGT-1",4.85455483652633
"BRCA1_4_CAGATTGGTACTGACT-1",5.67489762262858
"BRCA1_4_CAGCACGGTTACTCAG-1",4.80378794973242
"BRCA1_4_CAGCAGCCATGGGTCC-1",4.83649519534885
"BRCA1_4_CAGCCAGAGAAGCCTG-1",2.65521526395515
"BRCA1_4_CAGGCCAGTAAGGCCA-1",6.21136947229567
"BRCA1_4_CAGTGCGCATAGGCGA-1",4.90072998746509
"BRCA1_4_CAGTGCGGTTCCGTTC-1",1.78558583848444
"BRCA1_4_CAGTGCGTCGAGCCTG-1",1.78910151297845
"BRCA1_4_CATACAGGTATGCGTT-1",5.61527241952207
"BRCA1_4_CATACAGTCTGCAGCG-1",1.78430363974253
"BRCA1_4_CATACCCGTTCCTAGA-1",1.78762372118635
"BRCA1_4_CATCAAGTCCAAGCTA-1",4.83649589131373
"BRCA1_4_CATCCGTAGATGACCG-1",4.53705566903131
"BRCA1_4_CATCCGTCAAGCAGGT-1",4.83649658727861
"BRCA1_4_CATCCGTGTGGAGGTT-1",5.60874086785619
"BRCA1_4_CATCCGTTCACTGTTT-1",4.89681566290738
"BRCA1_4_CATCCGTTCTGCTTTA-1",4.59553947247305
"BRCA1_4_CATCGGGAGAGTAACT-1",4.88707103905425
"BRCA1_4_CATGCAATCTGGGAGA-1",1.78908069261667
"BRCA1_4_CATTCATTCTGCGGGT-1",4.83649728324349
"BRCA1_4_CATTCCGGTTGGGAAC-1",4.83649797920837
"BRCA1_4_CATTCTAGTGCCTTCT-1",2.62684244536086
"BRCA1_4_CATTCTATCGCTGATA-1",4.89073834131403
"BRCA1_4_CATTGTTCACCAACAT-1",4.96034387057102
"BRCA1_4_CATTGTTTCGTTTACT-1",0.397500367790732
"BRCA1_4_CATTTCATCACGATCA-1",4.61565370237972
"BRCA1_4_CATTTCATCGATTCCC-1",1.7827736548853
"BRCA1_4_CCAATGACAGGCACAA-1",5.34656351089175
"BRCA1_4_CCAATTTGTTGCATGT-1",5.64375131347543
"BRCA1_4_CCACCATAGTATAACG-1",1.78771287211911
"BRCA1_4_CCACCATCATTGTGCA-1",2.60464126645005
"BRCA1_4_CCACCATTCTAGATCG-1",4.59554016843792
"BRCA1_4_CCACGAGGTTACGCCG-1",5.61489662708818
"BRCA1_4_CCACGTTCACTTCTCG-1",4.83649867517325
"BRCA1_4_CCATCACTCCGCTGTT-1",4.5955408644028
"BRCA1_4_CCATCACTCTCTATGT-1",5.04530048328146
"BRCA1_4_CCATCACTCTGAATGC-1",4.84709393680536
"BRCA1_4_CCCGAAGAGTTACGGG-1",5.67489831859346
"BRCA1_4_CCCTCAATCCGATCGG-1",5.3634482943789
"BRCA1_4_CCCTCTCCACGCGCAT-1",4.83460745414753
"BRCA1_4_CCCTCTCTCACCATAG-1",4.83649937113813
"BRCA1_4_CCCTGATTCTCAGAAC-1",4.59554156036768
"BRCA1_4_CCGAACGAGGATAATC-1",4.83650006710301
"BRCA1_4_CCGAACGTCGACCACG-1",4.92798262889997
"BRCA1_4_CCGATCTCAAGGATGC-1",5.64258414031884
"BRCA1_4_CCGCAAGTCACCTGTC-1",2.85083597583919
"BRCA1_4_CCGGACATCCTCTTTC-1",2.45357855209198
"BRCA1_4_CCGGACATCTTCGGTC-1",4.68898009101894
"BRCA1_4_CCGGGTATCCACAGCG-1",4.9128466305805
"BRCA1_4_CCGTAGGAGATTAGTG-1",1.57166188911594
"BRCA1_4_CCGTAGGTCGGATTAC-1",2.51054681658049
"BRCA1_4_CCGTGAGGTGGTCTTA-1",4.59554225633256
"BRCA1_4_CCTAACCAGATGTTCC-1",5.1021233407901
"BRCA1_4_CCTAAGAAGACATACA-1",4.59554295229744
"BRCA1_4_CCTAAGATCCAGCAAT-1",4.77912477804004
"BRCA1_4_CCTACGTCACAAGCAG-1",1.78557836234044
"BRCA1_4_CCTCAACGTTACACAC-1",4.59554364826232
"BRCA1_4_CCTCAACTCGGACCAC-1",4.77666330695278
"BRCA1_4_CCTCACATCGAGATGG-1",5.50718171925725
"BRCA1_4_CCTCAGTAGATGGCGT-1",4.83650076306789
"BRCA1_4_CCTCAGTTCAATCTTC-1",6.42396631458322
"BRCA1_4_CCTCCTCGTCCGAAAG-1",6.22008923345171
"BRCA1_4_CCTCCTCTCATCGGGC-1",5.10682939846441
"BRCA1_4_CCTCTCCCATGGGTCC-1",5.22126277049621
"BRCA1_4_CCTGTTGAGAGTGGCT-1",2.58080110558664
"BRCA1_4_CCTGTTGGTACGACTT-1",1.79916612331549
"BRCA1_4_CCTTGTGGTTACCTTT-1",5.67489901455834
"BRCA1_4_CGAAGTTAGTCGAATA-1",2.52752695842452
"BRCA1_4_CGAATTGTCATTGAGC-1",4.61489904102596
"BRCA1_4_CGAGAAGCAAGCCTGC-1",0.356660839760266
"BRCA1_4_CGAGAAGCACACACGC-1",1.67519074009218
"BRCA1_4_CGAGGAAGTCGTGATT-1",4.5955443442272
"BRCA1_4_CGAGGCTTCCAAACCA-1",1.78448518585001
"BRCA1_4_CGAGTTATCAAGTGTC-1",4.83650145903277
"BRCA1_4_CGATCGGCAGGTGAGT-1",5.34656420685663
"BRCA1_4_CGATCGGTCAAACCCA-1",4.83650215499765
"BRCA1_4_CGATCGGTCGATCCAA-1",4.83848511416757
"BRCA1_4_CGATGGCCAATTGCGT-1",1.78723957058079
"BRCA1_4_CGATGGCGTTACCCTC-1",4.9262596141825
"BRCA1_4_CGCATGGTCGTGGGAA-1",4.83636023171297
"BRCA1_4_CGCGTGATCGACGCGT-1",4.59554504019208
"BRCA1_4_CGGAACCTCTAAGGAA-1",4.83650285096253
"BRCA1_4_CGGAATTAGGCGTTGA-1",1.78074201763343
"BRCA1_4_CGGAATTGTGTTAGCT-1",1.78977960119966
"BRCA1_4_CGGAATTGTTTACGAC-1",2.85083667180407
"BRCA1_4_CGGAGAAGTCGTCAGC-1",4.83650354692741
"BRCA1_4_CGGCAGTCACAGCCTG-1",4.59554573615696
"BRCA1_4_CGGCAGTCATAGGTAA-1",1.78423202668349
"BRCA1_4_CGGCAGTGTGGAGGTT-1",5.49617911343219
"BRCA1_4_CGGGACTCATGACTAC-1",1.80261488501548
"BRCA1_4_CGGGACTTCTGACCCT-1",4.54349493523935
"BRCA1_4_CGGGTCACACGTCTCT-1",6.15770500155944
"BRCA1_4_CGGGTGTTCCGGACTG-1",5.49590774718214
"BRCA1_4_CGGTCAGCAAGGGCAT-1",1.78896748073888
"BRCA1_4_CGTAAGTAGCCTCTCT-1",5.02122363514587
"BRCA1_4_CGTAATGCATTCACAG-1",1.7849905839151
"BRCA1_4_CGTGAATAGTAGCTCT-1",2.48681212497622
"BRCA1_4_CGTGATAAGCAGGGAG-1",4.61269288107639
"BRCA1_4_CGTGATACACGCCACA-1",4.59554643212184
"BRCA1_4_CGTTCTGTCAGCTGTA-1",4.59554712808672
"BRCA1_4_CGTTGGGAGTTGAATG-1",2.50683932383945
"BRCA1_4_CTAAGTGCAGTTCTAG-1",5.0116359968908
"BRCA1_4_CTACAGATCCTGATAG-1",0.357122372209303
"BRCA1_4_CTACATTCAAGAAATC-1",4.5955478240516
"BRCA1_4_CTACATTGTACTCGCG-1",6.06777316802357
"BRCA1_4_CTACTATCATTAAAGG-1",4.61175664291869
"BRCA1_4_CTAGACAAGATCCGAG-1",1.78786716789006
"BRCA1_4_CTATAGGAGAAACTGT-1",1.78834997677673
"BRCA1_4_CTATCTAAGCATTGTC-1",2.69386499577377
"BRCA1_4_CTCAACCGTCAAAGAT-1",4.83650424289228
"BRCA1_4_CTCAACCTCAAGCTTG-1",6.29785175905907
"BRCA1_4_CTCAAGAAGACTCATC-1",1.77977579415929
"BRCA1_4_CTCACTGGTTAAGCAA-1",4.83650493885716
"BRCA1_4_CTCAGGGAGAGTCAGC-1",1.79452968869576
"BRCA1_4_CTCAGGGAGTAGGCCA-1",1.78707031332979
"BRCA1_4_CTCAGGGGTGTCTTAG-1",2.51975758422969
"BRCA1_4_CTCAGTCTCTCCTACG-1",4.80267030959479
"BRCA1_4_CTCCACACAAGAAACT-1",1.78647663461199
"BRCA1_4_CTCCACAGTTGTGTTG-1",2.74013514313537
"BRCA1_4_CTCCATGTCCGCGGAT-1",2.85083736776894
"BRCA1_4_CTCCCAACATCCTCAC-1",4.83650563482204
"BRCA1_4_CTCCCAATCCATTTCA-1",4.88196779761211
"BRCA1_4_CTCCGATCAATACCTG-1",4.74553862742862
"BRCA1_4_CTCCTTTCAACACTAC-1",1.78832209256857
"BRCA1_4_CTCCTTTCACTATGTG-1",4.83650633078692
"BRCA1_4_CTCCTTTTCTTCGTAT-1",4.59554852001648
"BRCA1_4_CTCGAGGTCCCTCTAG-1",0.261257762780432
"BRCA1_4_CTCGAGGTCTAGTGAC-1",1.7865690224862
"BRCA1_4_CTGAATGTCTATCGCC-1",1.80521331367436
"BRCA1_4_CTGATCCCAAGACTGG-1",1.78535287805881
"BRCA1_4_CTGCAGGAGTTCAACC-1",2.58508787793074
"BRCA1_4_CTGCATCCAAGTGGCA-1",5.67489971052322
"BRCA1_4_CTGCCTACACTTCAGA-1",5.47625769310984
"BRCA1_4_CTGCCTATCAGCAATC-1",1.78407199340691
"BRCA1_4_CTGCCTATCTCAGTCC-1",3.40291023710754
"BRCA1_4_CTGGCAGGTATCGCGC-1",4.8365070267518
"BRCA1_4_CTGTACCCATCGATAC-1",4.8757307841994
"BRCA1_4_CTGTAGAGTTACCCAA-1",4.83650772271668
"BRCA1_4_CTGTATTAGAGCCATG-1",1.8004139600146
"BRCA1_4_CTGTCGTAGTTAGTGA-1",4.59554921598136
"BRCA1_4_CTGTCGTCAAATCGGG-1",5.6749004064881
"BRCA1_4_CTGTGAACACTACGGC-1",2.46755719924837
"BRCA1_4_CTGTGGGAGCAGCCCT-1",4.82996355236738
"BRCA1_4_CTTACCGGTTCCAGGC-1",4.69465886394372
"BRCA1_4_CTTCAATAGGCAGTCA-1",2.48684742410949
"BRCA1_4_CTTCAATGTGATAGTA-1",4.83650841868156
"BRCA1_4_CTTCTAAAGGTTGAGC-1",1.7867152212466
"BRCA1_4_CTTCTCTAGACATATG-1",1.77977649012417
"BRCA1_4_CTTCTCTCAACTAGAA-1",2.85083806373382
"BRCA1_4_CTTCTCTCAAGCCCAC-1",6.33746652290762
"BRCA1_4_GAACTGTCATGTTCAG-1",1.78649599009612
"BRCA1_4_GAACTGTGTATGGAAT-1",4.83650911464644
"BRCA1_4_GAAGAATTCTATCACT-1",4.69100994924597
"BRCA1_4_GAAGCCCTCGTGTTCC-1",1.78403299623279
"BRCA1_4_GAAGCGATCACCATAG-1",6.27620222815617
"BRCA1_4_GAAGGGTAGCAACTTC-1",4.83650981061132
"BRCA1_4_GAAGGGTCATTCGGGC-1",2.5536519620657
"BRCA1_4_GAAGTAAAGAGTTCGG-1",5.39844201793271
"BRCA1_4_GAAGTAAAGTAGTCCT-1",6.05041099123274
"BRCA1_4_GAATAGAAGCCATATC-1",4.81817233459865
"BRCA1_4_GAATAGACATCCTCAC-1",0.404519153483661
"BRCA1_4_GAATCACCAAGATTGA-1",1.79381101590571
"BRCA1_4_GAATCACGTTGTAAAG-1",0.348133986243548
"BRCA1_4_GAATCGTCAACTGCCG-1",4.8365105065762
"BRCA1_4_GAATCGTTCATACAGC-1",4.59554991194624
"BRCA1_4_GACACGCAGACGCTCC-1",5.67490110245298
"BRCA1_4_GACAGCCCAAACGGCA-1",1.78350813023608
"BRCA1_4_GACAGCCCACCTCGTT-1",1.79377861464701
"BRCA1_4_GACCCAGAGTGGAAAG-1",2.51093679349518
"BRCA1_4_GACCCAGGTGGCGCTT-1",2.50493487162384
"BRCA1_4_GACCCTTAGAAGTCCG-1",1.79491335681468
"BRCA1_4_GACCGTGCAGGGACTA-1",5.35661372808498
"BRCA1_4_GACGCTGCAATACCCA-1",4.73263218343542
"BRCA1_4_GACGCTGGTACTAACC-1",4.83651120254108
"BRCA1_4_GACGTTAAGGCTCAAG-1",5.03249979308073
"BRCA1_4_GACTATGTCAAGCTTG-1",4.59555060791112
"BRCA1_4_GACTGATCAACATCGT-1",1.7850301692298
"BRCA1_4_GACTGATGTTCGGCCA-1",4.595551303876
"BRCA1_4_GACTTCCAGTATGAGT-1",4.59555199984088
"BRCA1_4_GACTTCCGTCAGGCAA-1",2.56035153751014
"BRCA1_4_GAGAAATAGACGTCGA-1",6.41597523378755
"BRCA1_4_GAGAAATAGTCTTCGA-1",1.26107022731542
"BRCA1_4_GAGAAATCAGCGTTGC-1",4.88834584567157
"BRCA1_4_GAGAAATTCTATCGGA-1",0.411735974261809
"BRCA1_4_GAGACCCCAGCACAAG-1",1.78121833204702
"BRCA1_4_GAGACCCGTCGAAGCA-1",4.59555269580576
"BRCA1_4_GAGACCCTCGAGAATA-1",4.59555339177064
"BRCA1_4_GAGACTTCAAGCGCTC-1",4.9135361837247
"BRCA1_4_GAGATGGCAAGTATAG-1",4.59555408773551
"BRCA1_4_GAGATGGCAGTTTCAG-1",1.79484494624845
"BRCA1_4_GAGATGGTCAGTGTCA-1",4.83651189850596
"BRCA1_4_GAGATGGTCGCCAACG-1",4.69923650071855
"BRCA1_4_GAGCTGCCACAAATAG-1",5.58778693576224
"BRCA1_4_GAGCTGCTCGCTTACC-1",2.8508387596987
"BRCA1_4_GAGGCCTAGGGTACGT-1",5.67490179841786
"BRCA1_4_GAGGCCTGTGATATAG-1",1.79756985033475
"BRCA1_4_GAGGGTACACCAATTG-1",4.59653950940406
"BRCA1_4_GAGGGTACACGACAAG-1",2.50355042369438
"BRCA1_4_GAGTCTAAGGCATGGT-1",1.14416928684331
"BRCA1_4_GAGTGAGTCCCAACTC-1",6.12208107018351
"BRCA1_4_GAGTGTTCAGTCAGAG-1",1.78580201773153
"BRCA1_4_GAGTGTTGTAACTGCT-1",1.78704855745511
"BRCA1_4_GAGTGTTGTTCCATTT-1",5.67490249438274
"BRCA1_4_GAGTGTTTCGCAATTG-1",5.56155916295118
"BRCA1_4_GAGTTACAGATGTTGA-1",4.83651259447084
"BRCA1_4_GAGTTGTGTCAGACGA-1",1.77977718608905
"BRCA1_4_GAGTTTGCACCACATA-1",5.35219522787956
"BRCA1_4_GATCACAAGCACTTTG-1",4.87311982273314
"BRCA1_4_GATCACAGTCGGTGAA-1",1.78405913650505
"BRCA1_4_GATCAGTTCCAACACA-1",1.78797901041131
"BRCA1_4_GATCATGCAATGTCTG-1",5.34656490282151
"BRCA1_4_GATCCCTAGCGCCATC-1",2.45357924805686
"BRCA1_4_GATCCCTCAAATCAAG-1",3.40291093307242
"BRCA1_4_GATCCCTGTGATTGGG-1",4.72467898180511
"BRCA1_4_GATGAGGGTTCTCAGA-1",4.96825702667685
"BRCA1_4_GATGATCAGTCTGCAT-1",4.59555478370039
"BRCA1_4_GATGCTAGTAGTGATA-1",5.3672445417986
"BRCA1_4_GATTCTTCAAGCCCAC-1",4.78065536822556
"BRCA1_4_GATTGGTTCTTACGTT-1",1.78597386893617
"BRCA1_4_GATTTCTAGTGCGTCC-1",2.85083945566358
"BRCA1_4_GATTTCTGTACATACC-1",4.83651329043572
"BRCA1_4_GATTTCTGTAGGTCAG-1",4.94433940077607
"BRCA1_4_GCAACATAGGAGTATT-1",1.80109811188398
"BRCA1_4_GCACATAGTTTCGTAG-1",1.72794853890043
"BRCA1_4_GCACGTGAGTAGCCAG-1",2.46200676784374
"BRCA1_4_GCAGCTGTCCATTTAC-1",2.85084015162846
"BRCA1_4_GCAGGCTAGAGTGTGC-1",4.8365139864006
"BRCA1_4_GCAGTTAGTCGCATTA-1",5.67490319034762
"BRCA1_4_GCATCTCAGCATCAGG-1",4.69417308088385
"BRCA1_4_GCATCTCAGCGAACTG-1",5.12586036806147
"BRCA1_4_GCATTAGCAGACAAGC-1",4.59555547966527
"BRCA1_4_GCCAACGCAACGGGTA-1",5.10923635120007
"BRCA1_4_GCCAGCAGTGTTTCTT-1",5.44086502616695
"BRCA1_4_GCCAGGTAGTCGCTAT-1",1.79047330214569
"BRCA1_4_GCCAGTGAGCGATGGT-1",2.5692407093609
"BRCA1_4_GCCAGTGTCGGCAGTC-1",4.84775705045033
"BRCA1_4_GCCATGGGTCTGTGCG-1",4.83651468236548
"BRCA1_4_GCCATGGGTTGCCTAA-1",2.57118491743451
"BRCA1_4_GCCATTCAGAGAAGGT-1",4.90063729283954
"BRCA1_4_GCCATTCGTTGCCTAA-1",4.59555617563015
"BRCA1_4_GCCCAGAAGCGAGTCA-1",4.83651537833036
"BRCA1_4_GCCCAGATCCCAAGCG-1",4.59555687159503
"BRCA1_4_GCCCGAACAAGTATAG-1",1.78578319856771
"BRCA1_4_GCCCGAAGTTCATCTT-1",4.68625183109682
"BRCA1_4_GCCCGAATCCCGAACG-1",4.83651607429524
"BRCA1_4_GCCCGAATCTCCGAGG-1",5.6749038863125
"BRCA1_4_GCCTGTTAGCGAGTCA-1",1.79287908374153
"BRCA1_4_GCCTGTTCACCAGGTC-1",4.59555756755991
"BRCA1_4_GCCTGTTCAGAGGACT-1",4.59555826352479
"BRCA1_4_GCCTGTTCAGCGCTTG-1",4.85093638611993
"BRCA1_4_GCCTGTTTCGCCCAGA-1",2.85084084759334
"BRCA1_4_GCGATCGGTCTTTATC-1",2.56454448546369
"BRCA1_4_GCGGATCTCGCAGTGC-1",1.79910997882916
"BRCA1_4_GCGTTTCAGGGACAGG-1",5.34656559878639
"BRCA1_4_GCGTTTCGTACCCACG-1",1.78586313091698
"BRCA1_4_GCTACAAAGTCGCTAT-1",4.83651677026012
"BRCA1_4_GCTACCTCACATATCG-1",1.79039429249983
"BRCA1_4_GCTGAATCAGTGGGTA-1",1.78307756347697
"BRCA1_4_GCTGGGTTCGCAATGT-1",2.46533592970652
"BRCA1_4_GCTTCACCAATTGCTG-1",2.85084154355822
"BRCA1_4_GCTTTCGCAGCTTTCC-1",5.14143432923829
"BRCA1_4_GGAACCCAGCACCGTC-1",1.78774647789169
"BRCA1_4_GGAACCCGTCGATTTG-1",2.52913162918574
"BRCA1_4_GGAAGTGGTGAATAAC-1",4.836517466225
"BRCA1_4_GGAATCTCAACGATTC-1",1.78739882022014
"BRCA1_4_GGACGTCGTACGATTC-1",1.78715394285681
"BRCA1_4_GGAGAACTCTCCGATC-1",4.59555895948967
"BRCA1_4_GGAGATGAGCTAGATA-1",5.52281186815143
"BRCA1_4_GGAGGATTCGATACGT-1",4.84937069396771
"BRCA1_4_GGAGGTACATCCCACT-1",4.59555965545455
"BRCA1_4_GGATCTAAGTCTGGAG-1",1.78382146278045
"BRCA1_4_GGATCTAGTTTGGGAG-1",4.59556035141943
"BRCA1_4_GGATGTTTCGTCGACG-1",4.83651816218987
"BRCA1_4_GGCAGTCTCCATATGG-1",3.54970610469674
"BRCA1_4_GGCTTTCGTTGATCGT-1",4.59556104738431
"BRCA1_4_GGGACCTAGTTCGCAT-1",0.234305802610859
"BRCA1_4_GGGACCTCAGCGCGTT-1",4.61775696347183
"BRCA1_4_GGGACCTGTGACAACG-1",1.79834319370868
"BRCA1_4_GGGACTCCAGCCGGTT-1",5.67490458227738
"BRCA1_4_GGGACTCGTAGTGGCA-1",1.78665963402322
"BRCA1_4_GGGACTCGTCTACGTA-1",1.79112904021696
"BRCA1_4_GGGCCATGTACGATGG-1",4.83933649630682
"BRCA1_4_GGGCTACGTGTTAACC-1",4.59556174334919
"BRCA1_4_GGGCTCAAGCAGAAAG-1",4.64142195135288
"BRCA1_4_GGGTAGAGTCGTTCAA-1",1.53090642291782
"BRCA1_4_GGGTATTGTTCGGGTC-1",5.56837025741842
"BRCA1_4_GGGTCACAGTGCAACG-1",4.96326858245399
"BRCA1_4_GGGTCACGTACAAACA-1",4.83651885815475
"BRCA1_4_GGGTCACGTGGATGAC-1",5.49163231070469
"BRCA1_4_GGGTCTGCAGCGTACC-1",4.55273115197472
"BRCA1_4_GGTAATCCACGGAAGT-1",5.67490527824226
"BRCA1_4_GGTAATCTCTATCACT-1",5.34656629475127
"BRCA1_4_GGTAGAGTCCAATCCC-1",3.4029116290373
"BRCA1_4_GGTCACGAGCCTCATA-1",2.83779477844988
"BRCA1_4_GGTCACGGTGTTGCCG-1",5.34656699071615
"BRCA1_4_GGTCTGGGTGAGATCG-1",1.78697074940855
"BRCA1_4_GGTGAAGCAGCGTATT-1",4.83651955411963
"BRCA1_4_GGTGATTCACACGTGC-1",4.635441651677
"BRCA1_4_GGTGATTGTTAAACAG-1",4.93163839030205
"BRCA1_4_GGTGGCTAGCCGGATA-1",5.53506042064518
"BRCA1_4_GGTGTTAAGGGTAATT-1",1.78093145925302
"BRCA1_4_GGTGTTAGTTGCAACT-1",2.4586218595704
"BRCA1_4_GGTTAACCAGGTGTTT-1",1.77977788205393
"BRCA1_4_GTAAGTCGTAGTATAG-1",5.34656768668103
"BRCA1_4_GTACAACAGTACTGTC-1",4.59556243931407
"BRCA1_4_GTACAGTGTCTGTAGT-1",5.43348925573918
"BRCA1_4_GTACAGTTCGAAGCCC-1",2.49831723367425
"BRCA1_4_GTAGGAGAGGTTCAGG-1",4.83652025008451
"BRCA1_4_GTAGGTTCAAGTTTGC-1",5.38109478731531
"BRCA1_4_GTAGTACAGACGCCAA-1",4.59556313527895
"BRCA1_4_GTAGTACAGTTGCTGT-1",4.83652094604939
"BRCA1_4_GTAGTACTCCCGAAAT-1",1.78589693433514
"BRCA1_4_GTATTTCCATCTCATT-1",1.78737971703119
"BRCA1_4_GTCAAACAGGGAGGGT-1",4.82240329614959
"BRCA1_4_GTCAAGTGTTTACGAC-1",2.47717122504809
"BRCA1_4_GTCACGGAGAGTCTGG-1",2.74409272708169
"BRCA1_4_GTCACGGCAGACCAAG-1",4.53395785856887
"BRCA1_4_GTCACGGTCTGTAACG-1",0.215630330027479
"BRCA1_4_GTCACTCAGGTTGACG-1",2.60993532673524
"BRCA1_4_GTCATCCGTTAGAAAC-1",4.83652164201427
"BRCA1_4_GTCATCCTCTTAGCAG-1",5.35215939452549
"BRCA1_4_GTCATGAGTGAATTAG-1",2.8508422395231
"BRCA1_4_GTCATTTCAGTAGGAC-1",4.68279263015603
"BRCA1_4_GTCATTTTCTCATGGA-1",4.6045541680147
"BRCA1_4_GTCATTTTCTCCATAT-1",1.77977857801881
"BRCA1_4_GTCCCATAGTGCAAAT-1",5.63850920609917
"BRCA1_4_GTCCCATGTGAGGCAT-1",2.83470400773617
"BRCA1_4_GTCGCGATCCGGCAAC-1",5.4078587194472
"BRCA1_4_GTCGTAACACACGGAA-1",5.54916227198056
"BRCA1_4_GTCGTAATCGAACCTA-1",4.6142095271159
"BRCA1_4_GTCGTTCTCCTCAGAA-1",4.74802070887305
"BRCA1_4_GTCTAGACAGTAACGG-1",4.59556383124383
"BRCA1_4_GTCTAGAGTGCGCTCA-1",2.45759065771426
"BRCA1_4_GTCTCACGTCCAGCGT-1",4.59556452720871
"BRCA1_4_GTCTCACGTCTACGAT-1",5.34656838264591
"BRCA1_4_GTCTGTCAGCTACTAC-1",4.67147719733872
"BRCA1_4_GTGACGCGTTAGGACG-1",5.53931062781081
"BRCA1_4_GTGACGCTCTGGTTGA-1",4.59556522317359
"BRCA1_4_GTGAGCCCAACGATCT-1",2.56158995237401
"BRCA1_4_GTGAGGAGTTTGACAC-1",4.82184579231344
"BRCA1_4_GTGAGTTCATTGTGCA-1",1.78418744567858
"BRCA1_4_GTGCAGCAGATCCTAC-1",2.53542206534538
"BRCA1_4_GTGCGTGGTCTTCATT-1",4.59556591913847
"BRCA1_4_GTGCGTGTCGACACTA-1",6.19521721428606
"BRCA1_4_GTGCTGGTCGCAGTGC-1",1.78455067613627
"BRCA1_4_GTGGAAGAGGAAAGAC-1",4.88806084371566
"BRCA1_4_GTGGAGAAGACAACAT-1",4.59556661510335
"BRCA1_4_GTGGAGAAGCAGGTCA-1",4.83652233797915
"BRCA1_4_GTGGCGTGTTGGGACA-1",5.51003372672395
"BRCA1_4_GTGGTTATCGGAGATG-1",1.67857375677122
"BRCA1_4_GTGTAACAGGTGTGAC-1",4.72709351034655
"BRCA1_4_GTGTAACGTTGCATTG-1",4.94182179091278
"BRCA1_4_GTGTAACTCAAGGAGC-1",1.6107455212914
"BRCA1_4_GTGTCCTAGGCCTTGC-1",5.57633037760261
"BRCA1_4_GTGTCCTGTTTCGACA-1",1.78631947541406
"BRCA1_4_GTGTCCTTCCTGTACC-1",1.11565242406701
"BRCA1_4_GTGTGGCTCGACGAGA-1",2.62320833543997
"BRCA1_4_GTGTTAGAGGAAAGTG-1",4.770526945597
"BRCA1_4_GTTACAGTCTATGTGG-1",5.65508153643554
"BRCA1_4_GTTACCCGTTGCACGC-1",5.50655195853911
"BRCA1_4_GTTACGACATCTGTTT-1",4.87750477142075
"BRCA1_4_GTTAGTGCATCTCGTC-1",4.82559046724497
"BRCA1_4_GTTAGTGTCGAGCTGC-1",5.08468223692013
"BRCA1_4_GTTCATTAGGAATTAC-1",4.83652303394403
"BRCA1_4_GTTCCGTAGTTGGACG-1",4.56868529651429
"BRCA1_4_GTTCTATGTTGACTGT-1",1.79014051822998
"BRCA1_4_GTTGAACCAATTAGGA-1",1.07900679507714
"BRCA1_4_GTTGTAGTCCGCCTAT-1",4.69584873382247
"BRCA1_4_GTTGTGAGTACACTCA-1",4.83652372990891
"BRCA1_4_GTTTACTAGGTCGTCC-1",2.64994107562797
"BRCA1_4_GTTTACTCAGCTGCCA-1",5.67490597420714
"BRCA1_4_TAAGCACCAACGGGTA-1",2.69386569173865
"BRCA1_4_TAAGCACCAGCTGAGA-1",4.71939302412962
"BRCA1_4_TAAGCCAAGAGTGTGC-1",4.96636301996674
"BRCA1_4_TAAGCCATCGGAGTGA-1",4.8664101452993
"BRCA1_4_TAAGCGTGTCTGTGTA-1",4.83652442587379
"BRCA1_4_TACACCCTCCTAAACG-1",1.69539936819954
"BRCA1_4_TACACCCTCGTCGACG-1",5.67490667017202
"BRCA1_4_TACATTCGTTAGGAGC-1",5.34656907861079
"BRCA1_4_TACATTCTCGTTCTGC-1",4.59556731106823
"BRCA1_4_TACCCACAGATGCTAA-1",5.05983771898054
"BRCA1_4_TACCCGTCATGGGTCC-1",2.49792866783727
"BRCA1_4_TACCCGTTCGCAAGAG-1",4.71556092244867
"BRCA1_4_TACCCGTTCTCTCTAA-1",3.40291232500218
"BRCA1_4_TACCGAAGTCACCCTT-1",1.79398725115102
"BRCA1_4_TACCGGGTCTCAATCT-1",5.6749073661369
"BRCA1_4_TACCTCGGTCGTACTA-1",2.59230439945402
"BRCA1_4_TACCTCGTCGACCTAA-1",4.81451117206194
"BRCA1_4_TACCTGCAGAAGTATC-1",4.92061612566284
"BRCA1_4_TACCTGCGTTGGGCCT-1",1.78407338533667
"BRCA1_4_TACGGGCAGAAACTAC-1",4.89016261266001
"BRCA1_4_TACGGTATCGGCACTG-1",1.78366999809664
"BRCA1_4_TACTGCCTCCAGTTCC-1",1.78612217719777
"BRCA1_4_TACTTACGTGCAACGA-1",4.85758408484188
"BRCA1_4_TACTTGTAGTCCCAGC-1",4.5955680070331
"BRCA1_4_TAGACCACATGACTGT-1",4.5079641499016
"BRCA1_4_TAGACTGAGGTGCAGT-1",6.42820692918968
"BRCA1_4_TAGACTGTCGCCGTGA-1",5.01402125675595
"BRCA1_4_TAGAGTCTCCATATGG-1",5.34656977457567
"BRCA1_4_TAGATCGCAACTCGTA-1",1.79998742407002
"BRCA1_4_TAGATCGTCCGAGTGC-1",4.99915994280291
"BRCA1_4_TAGCACAAGATAGTCA-1",5.67490806210178
"BRCA1_4_TAGGTACCAGGCGTTC-1",4.68619852249556
"BRCA1_4_TAGGTTGTCTGGACCG-1",1.78276669597865
"BRCA1_4_TATCAGGAGTGGCGAT-1",4.83706317441535
"BRCA1_4_TATCCTAAGGAAGTAG-1",2.85084293548798
"BRCA1_4_TATCCTACAGTTAGGG-1",4.84175841801616
"BRCA1_4_TATCGCCCAGAGGACT-1",5.13262936020744
"BRCA1_4_TATCGCCGTCACCACG-1",2.48034373818346
"BRCA1_4_TATCTTGTCACTGTCC-1",4.77236784817766
"BRCA1_4_TATTCCATCAGTGATC-1",1.79252872012179
"BRCA1_4_TATTGGGGTCGATTTG-1",4.7081204525567
"BRCA1_4_TCAAGACAGCTCCATA-1",4.59556870299798
"BRCA1_4_TCAAGACTCTAGCATG-1",2.46838868398555
"BRCA1_4_TCAATCTCAATAGTCC-1",5.0545372242417
"BRCA1_4_TCAATCTCATATCGGT-1",4.83652512183867
"BRCA1_4_TCACGGGGTGTCTAAC-1",4.68692599901051
"BRCA1_4_TCAGGGCTCATTGTTC-1",4.83652581780355
"BRCA1_4_TCAGGTATCGGAAGGT-1",2.56363977903426
"BRCA1_4_TCAGTCCCAGGCTTGC-1",1.7991696152829
"BRCA1_4_TCAGTGACACGCTGTG-1",5.67490875806666
"BRCA1_4_TCATACTAGGTCACTT-1",4.55405316414712
"BRCA1_4_TCATACTCAGAATGTA-1",1.6020865446162
"BRCA1_4_TCATATCCACCAGTTA-1",2.50504853773302
"BRCA1_4_TCATCCGTCTGCACCT-1",4.59556939896286
"BRCA1_4_TCATGAGAGGTAAAGG-1",4.83652651376843
"BRCA1_4_TCATGAGTCAAGAAAC-1",4.83652720973331
"BRCA1_4_TCATGAGTCACAAGAA-1",1.78739593172184
"BRCA1_4_TCATGCCCAGGCGTTC-1",4.77114684752868
"BRCA1_4_TCATTACGTTGATGTC-1",4.59557009492774
"BRCA1_4_TCATTGTGTAGGTTTC-1",1.79861519687973
"BRCA1_4_TCATTGTGTGTTCATG-1",5.34657047054055
"BRCA1_4_TCATTGTTCGTTCCCA-1",4.59557079089262
"BRCA1_4_TCCACGTAGTAACCTC-1",4.80256040407015
"BRCA1_4_TCCAGAACAGGCACAA-1",2.85084363145286
"BRCA1_4_TCCATCGCAGAGGTTG-1",5.34657116650543
"BRCA1_4_TCCATCGCAGTTTGGT-1",4.8005792666226
"BRCA1_4_TCCATCGTCAACCCGG-1",4.91125758682325
"BRCA1_4_TCCATCGTCGACATCA-1",5.59428884165848
"BRCA1_4_TCCATGCAGATACCAA-1",4.5955714868575
"BRCA1_4_TCCATGCAGTCAGCCC-1",4.8137674019697
"BRCA1_4_TCCCATGTCTTAATCC-1",2.65549896267152
"BRCA1_4_TCCTAATCATTAGGAA-1",2.57723912340502
"BRCA1_4_TCCTAATGTATGAGAT-1",4.59557218282238
"BRCA1_4_TCCTCCCGTCGAGCTC-1",0.323632845224937
"BRCA1_4_TCCTGCAGTTGCCAAT-1",4.59557287878726
"BRCA1_4_TCCTTCTAGGGACACT-1",4.59557357475214
"BRCA1_4_TCCTTCTGTCAGTCGC-1",4.59557427071702
"BRCA1_4_TCGAACACATAGCTGT-1",1.78371809210349
"BRCA1_4_TCGAACAGTGAGAACC-1",4.83652790569819
"BRCA1_4_TCGATTTAGAGTTGAT-1",2.48205446408491
"BRCA1_4_TCGCACTTCACTGGGC-1",0.301629917214822
"BRCA1_4_TCGCAGGGTAGGTCAG-1",5.4529234843819
"BRCA1_4_TCGCTCACAGGTACGA-1",4.52871687377394
"BRCA1_4_TCGGGACAGAACCGCA-1",4.5955749666819
"BRCA1_4_TCGGGTGCACGTCGTG-1",4.83652860166307
"BRCA1_4_TCGGGTGTCCCGATCT-1",4.83652929762795
"BRCA1_4_TCGGTCTGTACAGTCT-1",5.38720668874218
"BRCA1_4_TCGGTCTGTAGCTCGC-1",4.90365710792922
"BRCA1_4_TCGGTCTGTGCACATT-1",5.67490945403153
"BRCA1_4_TCGGTCTTCTTGTTAC-1",4.96901914647806
"BRCA1_4_TCGTAGACAGCACAAG-1",4.59557566264678
"BRCA1_4_TCGTAGATCCATTCAT-1",5.08354847874211
"BRCA1_4_TCGTGGGCAAGAGATT-1",5.67491014999641
"BRCA1_4_TCTAACTAGGAAAGTG-1",0.33121300398676
"BRCA1_4_TCTATCAGTTATAGAG-1",2.57818628475955
"BRCA1_4_TCTCACGCAGGGCTTC-1",4.59557635861166
"BRCA1_4_TCTCCGAAGGATTTCC-1",5.54304517115782
"BRCA1_4_TCTCCGAGTTCAATCG-1",5.37979253547787
"BRCA1_4_TCTCCGATCTGTTCAT-1",2.85084432741774
"BRCA1_4_TCTGTCGCAGGGAATC-1",1.78346773908104
"BRCA1_4_TCTTCCTCAGCGATTT-1",4.63389487773811
"BRCA1_4_TGAACGTTCAAAGGAT-1",4.59557705457654
"BRCA1_4_TGAACGTTCTGGAAGG-1",4.59557775054142
"BRCA1_4_TGACAGTCACAAATGA-1",4.5955784465063
"BRCA1_4_TGACAGTGTGTTCGTA-1",0.447119699012698
"BRCA1_4_TGACGCGAGTGAGCCA-1",5.45964096106024
"BRCA1_4_TGACGCGCAAGCACAG-1",4.82784353625844
"BRCA1_4_TGACGCGCAGACACCC-1",1.36093087373977
"BRCA1_4_TGACTCCCAGGTCAAG-1",5.34657186247031
"BRCA1_4_TGAGCGCTCCTTATGT-1",4.92525247987881
"BRCA1_4_TGAGGTTCACAGGATG-1",5.42442311714757
"BRCA1_4_TGAGTCACAGAGAAAG-1",5.67491084596129
"BRCA1_4_TGATCAGGTGAGATCG-1",4.59557914247118
"BRCA1_4_TGATCAGTCGACATAC-1",4.59557983843606
"BRCA1_4_TGATCTTTCAGGTGTT-1",4.83652999359283
"BRCA1_4_TGATCTTTCTCTGCTG-1",2.52770115049382
"BRCA1_4_TGATGGTAGTCATCGT-1",4.77252777993679
"BRCA1_4_TGATTCTTCGATGCTA-1",1.78481050134997
"BRCA1_4_TGCAGATAGCGAGTCA-1",1.78548562148587
"BRCA1_4_TGCAGATGTGGACTAG-1",4.59558053440094
"BRCA1_4_TGCAGATGTGTAGCAG-1",5.67491154192617
"BRCA1_4_TGCAGATGTTTAGTCG-1",4.83653068955771
"BRCA1_4_TGCGACGCACGGCTAC-1",1.62311721316588
"BRCA1_4_TGCGACGCAGGAACCA-1",1.79827252625012
"BRCA1_4_TGCGACGTCTACCCAC-1",2.85084502338262
"BRCA1_4_TGCGGGTTCCATGAGT-1",5.07847929663947
"BRCA1_4_TGCGGGTTCCTTGACC-1",2.49536442408752
"BRCA1_4_TGCTGAATCCTGTTGC-1",4.75924277130553
"BRCA1_4_TGCTTCGAGGGCAATC-1",5.20220356907357
"BRCA1_4_TGCTTCGGTATAGCTC-1",4.83653138552259
"BRCA1_4_TGCTTGCAGGCTATCT-1",5.37426460393222
"BRCA1_4_TGCTTGCCATGATAGA-1",4.59558123036582
"BRCA1_4_TGGAGAGAGGTAGGCT-1",4.59558192633069
"BRCA1_4_TGGATGTTCTCTGGTC-1",5.3882918427428
"BRCA1_4_TGGCGTGGTAACTTCG-1",1.71752068864156
"BRCA1_4_TGGGAAGGTCGATTCA-1",5.43085714200373
"BRCA1_4_TGGGAAGGTGGAACAC-1",5.34657255843519
"BRCA1_4_TGGGAGATCCCAGGAC-1",4.84150902239667
"BRCA1_4_TGGGAGATCCCTTCCC-1",1.79082462066431
"BRCA1_4_TGGGCGTTCCCGAAAT-1",1.78269299864699
"BRCA1_4_TGGGCTGGTACTCCGG-1",5.11141556159979
"BRCA1_4_TGGGTTACAGGCTTGC-1",4.59558262229557
"BRCA1_4_TGGTACAAGCTGTACT-1",4.59558331826045
"BRCA1_4_TGTAAGCTCCGACAGC-1",4.83653208148746
"BRCA1_4_TGTACAGCACCCGTAG-1",4.91901668671892
"BRCA1_4_TGTCAGAGTTCCGCAG-1",4.91119417418117
"BRCA1_4_TGTCAGATCGTACACA-1",2.8508457193475
"BRCA1_4_TGTCCACTCATTGCGA-1",4.68132188315025
"BRCA1_4_TGTGCGGGTCATACCA-1",4.88339689600852
"BRCA1_4_TGTTACTAGTAGTCAA-1",5.67491223789105
"BRCA1_4_TGTTCCGAGACATAGT-1",1.78512266771714
"BRCA1_4_TGTTGGAAGGGCCTCT-1",5.44330538760117
"BRCA1_4_TGTTTGTAGATGAAGG-1",4.82547187740618
"BRCA1_4_TGTTTGTTCACCTGTC-1",5.49179122547395
"BRCA1_4_TTAATCCAGCACGATG-1",4.83653277745234
"BRCA1_4_TTACAGGTCATTGGTG-1",5.08829387102025
"BRCA1_4_TTACCATTCAATCCGA-1",1.78923856584165
"BRCA1_4_TTACCGCCAATTCACG-1",3.40291302096706
"BRCA1_4_TTACCGCGTATTGCCA-1",5.34657325440007
"BRCA1_4_TTACGTTCACATTCTT-1",4.59558401422533
"BRCA1_4_TTACGTTGTACGTGTT-1",5.06737984335015
"BRCA1_4_TTAGGGTGTACAGTCT-1",2.45630284081796
"BRCA1_4_TTAGTCTCAATCTGCA-1",5.59467977631515
"BRCA1_4_TTATTGCAGCTGTTAC-1",4.60767392054193
"BRCA1_4_TTCACCGCAATCCTTT-1",6.21759316244327
"BRCA1_4_TTCCACGGTGCTCGTG-1",5.67491293385593
"BRCA1_4_TTCCTTCCACCGTGGT-1",4.83653347341722
"BRCA1_4_TTCGATTTCAAACTGC-1",4.49463994763459
"BRCA1_4_TTCGCTGGTAATTAGG-1",5.84145811017397
"BRCA1_4_TTCGGTCAGGTAGTCG-1",5.67491362982081
"BRCA1_4_TTCGGTCGTAGTGCGA-1",5.67491432578569
"BRCA1_4_TTCGGTCGTATTGGCT-1",2.49575119969561
"BRCA1_4_TTCTAGTTCACTGATG-1",1.78751068895956
"BRCA1_4_TTCTCTCTCCGCTTAC-1",6.37716754636477
"BRCA1_4_TTCTTGACATGCCGGT-1",2.85084641531238
"BRCA1_4_TTGAACGTCACACCCT-1",0.328364260446582
"BRCA1_4_TTGCATTCACCACTGG-1",5.59768152031943
"BRCA1_4_TTGCCTGTCCGCACTT-1",4.8365341693821
"BRCA1_4_TTGCTGCAGGTGCCAA-1",4.83653486534698
"BRCA1_4_TTGGATGTCCAATGCA-1",4.59558471019021
"BRCA1_4_TTGGGATTCGGCACTG-1",4.9009001309786
"BRCA1_4_TTGGGCGCACCTCGTT-1",5.63247229458369
"BRCA1_4_TTGGGCGCAGAACTAA-1",1.60522405722389
"BRCA1_4_TTGGGTATCCGTCAAA-1",4.61595567086663
"BRCA1_4_TTGGTTTCAGCAGATG-1",5.67491502175057
"BRCA1_4_TTGTGTTCAGAACATA-1",1.79170113984191
"BRCA1_4_TTGTTGTAGATGACCG-1",4.59558540615509
"BRCA1_4_TTGTTTGCAACACACT-1",4.83653556131186
"BRCA1_4_TTTACGTAGCACCCAC-1",4.85851700135559
"BRCA1_4_TTTACTGGTCTTGGTA-1",4.83653625727674
"BRCA1_4_TTTCCTCCACGAGAAC-1",4.59558610211997
"BRCA1_4_TTTCCTCTCGTGTGGC-1",4.8574667674007
"BRCA1_4_TTTGACTCAATAGAGT-1",5.01010369409716
"BRCA1_4_TTTGATCCAGGTCCCA-1",5.34657395036495
"BRCA1_4_TTTGATCGTCGAAACG-1",1.69336223093521
"BRCA1_4_TTTGATCTCAAGTGTC-1",4.83653695324162
"BRCA1_4_TTTGGAGGTCCGGACT-1",4.59558679808485
"BRCA1_4_TTTGGAGTCCGAGAAG-1",4.59558749404973
"BRCA1_4_TTTGGAGTCCTGGTCT-1",0.318862965784344
"BRCA1_4_TTTGGTTGTACGATTC-1",2.50085276471313
"BRCA1_4_TTTGGTTTCGCTTGAA-1",4.8365376492065
