"Gene","Bin_1","Bin_2","Bin_3","Bin_4","Bin_5","Bin_6","Bin_7","Bin_8","Bin_9","Bin_10","Bin_11","Bin_12","Bin_13","Bin_14","Bin_15","Bin_16","Bin_17","Bin_18","Bin_19","Bin_20"
"IGFBP5",-1.50597872654837,-1.35331233415241,-0.834254539627525,-1.28757617998337,-1.41810180128932,-0.751036977289904,-0.0393716029249449,-0.450156271698333,-0.131289308680621,-0.196894010899714,-0.102679165367185,-0.00531423963129171,0.192491484841731,0.619797690475458,0.842703594621291,0.797385540334102,1.39698396962339,1.47301768434629,1.27366866657645,1.47991652727427
"NDUFA4L2",-1.22834906286639,-1.23510191833789,-1.23053990013727,-1.05431422166512,-1.13855181351348,-1.24469978725209,-0.512208869385697,0.122237561792916,-0.334599196213121,-0.452653013976795,0.25680411120111,0.55406035434445,0.00718801366462086,0.575402758955366,1.35552546262042,1.13613491682596,1.88283928531246,1.30948458923319,0.457731966638355,0.773608762759006
"SEC61B",-0.986382167542452,-1.33381078247377,-1.45920444438644,-0.937294461536166,-1.32392043376548,-1.42292765855051,-1.45648916075548,-0.0107638674928223,0.525075976377004,0.627413213722742,0.554653923219352,0.558535781527061,0.471211321592821,0.509107997375574,0.709266114298349,0.708134136463798,1.04874020618177,1.05010709480641,1.16382653577343,1.00472067516482
"PRDX2",-0.397766231889624,-1.11711907024553,-1.09994284441975,-0.918412076576276,-1.42448817219062,-2.02654775781737,-1.06638478743697,-0.830930000325513,0.59047967049013,0.67162923539553,0.595284059962774,0.4535404391416,0.557362476250402,0.399949317738374,0.549173821450222,0.563395239856575,1.09293685055922,0.954192326129825,1.14882092196695,1.30482658196006
"RPL7",-0.437212962306422,-0.809943123282832,-1.01053294380365,-1.27920866718706,0.230593687633345,-2.90893479747916,-1.29852256339868,0.159337539621693,0.72514462450344,0.572445945746951,0.229976262481345,0.623267687074611,0.478725388362328,0.480265092656077,0.462516129815819,0.20226020289627,0.725766220659293,0.976334621142031,1.02894970826251,0.848771946602094
"COL8A1",-0.866165050660684,-0.79207111400455,-0.818570820812443,-0.797201976795288,-0.880355299302299,-0.880355299302299,-0.594746155251341,-0.70146468926911,-0.496861222839425,-0.619785945862264,-0.113222095420724,-0.387137888577187,0.0740087227183987,0.459054153059579,0.28303029465217,0.299136653189502,1.03428622583132,1.53203621768841,1.7988549403712,2.46753035058704
"VCAN",-1.44227074868507,-1.43117713742676,-1.4574156552389,-1.34945646132427,-1.40983794006836,-0.417628993962557,0.766710141304618,-0.970600394243109,0.477786572850801,0.47285198435319,0.402167616838018,0.472007392248034,0.395495880852239,0.451694011609663,0.151446413576774,0.11725499383654,0.774051031516684,1.23049313268838,1.55809784986701,1.20833030940707
"HOOK2",-0.889517482643491,-1.21421864986488,-1.29301873528037,-1.53126241857134,-1.7453107406044,1.07187612975962,1.22842470789733,-1.5484680688031,-0.296345855692309,0.112785393914474,0.246407094958728,0.339475592761475,0.216106536368033,0.521705806886984,0.575356090617584,0.716497355012201,1.10340641639383,0.99663383931533,0.701192110241982,0.688274877332324
"CD63",-0.197144190957735,-0.434150382661683,-0.463302028152283,-1.40541112197977,-1.9901522073618,-2.14623560673736,-0.953148213596608,-0.592376074726369,0.158526393535079,0.434360871010583,0.522322249372538,0.42704980141989,0.521931926290049,0.533047867023354,0.650241607813214,0.558138889551563,1.07235181114636,1.04460354031186,1.09061068635731,1.1687341823418
"MT-ND3",1.32732411389189,1.79956420715281,1.85613139142963,1.72180913194977,0.149095259544444,0.555271251190615,0.562082151361775,-1.84444503607673,-0.533752494893367,-0.2713774772134,-0.405026416134234,-0.488010326528012,-0.341576670214538,-0.42320461891013,-0.673098943964625,-0.766379143425107,-0.936578034075207,-0.527580348931287,-0.375782205681135,-0.384465790473161
"TMEM205",-0.365423801760106,-0.991069043015277,-1.17145916822967,-1.25353624143033,-1.40879316531711,-0.755917281790843,-0.756996796160289,-1.27159455213977,-0.060862118342471,0.322088633437657,0.39633040463365,0.274520615732772,0.0385896069724763,0.203626656016002,0.266393787140996,0.400961879130741,1.57247407529813,1.38262359330333,1.8588335496671,1.31920936685301
"RPL18A",-1.01975849882738,-0.844049138833923,-0.900299316597354,-0.551323779729522,-0.145938554079748,-3.11715951197506,-1.17209392158011,0.442670587576931,0.448572973019714,0.366152934127559,0.434155758913837,0.616262545493379,0.837314169565519,0.969031889709441,0.822902574222447,0.570475593561952,0.527973977912056,0.655428454913041,0.598190899535263,0.461490363071966
"TRIR",-0.881985028657461,-1.16419519318112,-1.24391985846393,-1.25633116399263,-1.54238666511888,-1.71426416363966,-0.758109888148957,-0.710680580215266,0.530068508955277,0.676272905873215,0.738740503996957,0.661854630846747,0.832970849707123,0.818628393687157,0.74807922454803,0.684403551817409,0.829546563856003,0.853481507815579,0.871416262160451,1.02640963815396
"MT-CO2",1.13663538111122,1.4455267550426,1.54783363590164,1.7905947617102,-0.0134119186993753,0.890531616984286,0.501891641207308,-2.5658406003135,-0.55461593934159,-0.157395388663699,-0.206772114990306,-0.354476535796141,-0.189716711430822,-0.24301568311008,-0.57527167911012,-0.64519251524145,-0.860720953111972,-0.359691811047463,-0.327753086769491,-0.259138854331248
"CALML3",-0.611986540402971,-0.549669110367106,-0.339939892925459,-1.21720031324828,-1.21307845466571,-0.929385705662232,-0.353479450904228,-0.678844497134357,-1.0703791166216,-1.01175357416685,-0.116278615735194,-0.726256669654161,0.623628509934364,1.71302449132748,0.78448185373499,0.8009453044348,1.1701594892584,1.63435277999391,1.42437110840219,0.667288404402006
"RPL35A",-1.23988278740292,-0.925661114952059,-0.859212473935197,-1.72347871455618,-0.664866311431058,-2.21012900553104,-1.16103785237941,0.502774719348713,0.737634650574938,0.679783303885164,0.561326507655431,0.886050560467911,0.783775626561098,0.862587605688265,0.87954271861108,0.662312724398415,0.587746379749575,0.705913095994287,0.544890491452081,0.389929875800914
"IGKC",0.923444484889194,1.79177811852136,1.20410797273011,2.01971503252224,2.22541447162856,-0.556635435111521,-0.446499790092318,-0.556635435111521,-0.521525861960735,-0.55421856635942,-0.548382055554652,-0.554109633502931,-0.550391981695347,-0.552270543109292,-0.553692349647176,-0.556635435111521,-0.554611360766882,-0.552063054020141,-0.556635435111521,-0.550153143136497
"CBR3",-1.32326497391871,-1.17565053422668,-1.18886627961065,-1.14516592022028,-1.27264716579741,-1.42971985288498,-0.643431506626136,-0.777833054366325,0.447576556261242,0.648728676934065,0.874848230725633,0.604117943236151,0.399328879161032,0.375414771381373,0.428957819332558,0.438361994026346,0.854277609297243,0.906862653488695,1.33997179064458,1.63813236316225
"MT-ATP6",1.19030892126438,1.69872753237997,1.74745362717985,1.58257729391308,-0.0387254267341012,0.370520410908145,0.692623619324624,-2.44958133992267,-0.629884417327868,-0.200736034904416,-0.270610646048621,-0.330366606315726,-0.113378640188815,-0.139442601511005,-0.569662691104326,-0.649929085444903,-0.884330025134932,-0.316920667648208,-0.377079577338199,-0.311563645346255
"LAPTM4A",-0.515616499798348,-0.83392080837463,-0.975170891721715,-1.68479956290262,-1.96739593474709,-1.88064253658309,-0.298754240587313,0.187829547777867,0.435850934745288,0.75136092269852,0.629545018632141,0.530123308541839,0.130071600419019,0.0964116286848124,0.504667200459702,0.570167223241434,1.14496116838074,1.00624775427129,1.1261255335521,1.04293863331005
"CSTB",-1.62097348075512,-1.71448108660024,-1.85144662813193,-0.634648784180372,-1.3612226505595,-1.20006210549577,-0.194289875392981,0.712786566132534,0.549327345474916,0.567435552480606,0.583557870851864,0.673131428446183,0.291738436747199,0.27259964115876,0.70920941230174,0.714119828137672,1.10930826373188,0.90782868752672,0.829015062650508,0.657066515475313
"ATP5PO",-0.661374057403959,-1.23721592161123,-1.30718049034504,-1.05165283125747,-1.33787819042217,-1.80444304720927,-0.98485972912124,-0.75845461278214,0.891320832926061,0.916579345729288,0.653509391566045,0.663640569415387,0.618045488002054,0.436978517547945,0.52288152430253,0.486011944945076,0.731246193858313,0.904376900225519,1.13495600695621,1.1835121646781
"NACA",-0.629152607503825,-0.504292775686652,-0.553919007433146,-1.78717044797626,-0.64958142356525,-2.45229052701117,-1.54781433942497,-0.210722232241533,0.716319706203898,0.605831457878176,0.536192692711522,0.730432543629094,0.852436178703927,0.923914367861809,0.799898702240111,0.505839773025209,0.618142946089082,0.688564293089712,0.77519257309861,0.582178126311658
"C6orf48",-0.812797252310349,-1.05935384259432,-1.10346568424178,-1.47680451604562,-1.08755057762575,-1.71353363475057,-1.05398440756329,-0.887532137782816,0.561435379609802,0.28058502134813,0.635611779420501,0.73481546059903,1.01094971988974,1.2357092084471,1.04038429786803,0.900637802193537,0.886949279864248,0.705979442838892,0.52005648175979,0.681908179075704
"RPS16",-1.17277003413731,-1.16939195565586,-1.0470309021731,-1.24608812482029,-0.294592191898931,-2.52215354670754,-1.1160128397423,0.390438487863863,0.7770616743579,0.710589661429016,0.544990092934315,0.79872295456049,0.855523567954674,0.87373285826176,0.743585626196874,0.510486731510322,0.493537899309066,0.637518655786228,0.63634600875302,0.59550537621781
"EEF1A1",-0.230201725744758,-0.49609293215215,-0.466238640497823,-1.64429860885499,-0.618830317795623,-2.96980390010981,-1.31387388382228,0.523310081523819,0.70464866138712,0.515235242095478,0.26346204250652,0.724323852655632,0.647924570139563,0.743658860541139,0.76583553202575,0.491290519679581,0.62038335993416,0.69564429300515,0.58041120460274,0.463211788880779
"HEY1",-1.02535379677369,-0.947354710094872,-0.895244449940514,-0.987547208963368,-1.02089759482254,-1.05030140540257,-0.810389091434673,-0.371734303692738,-0.278826617173387,-0.0415212766734181,0.153358778734739,-0.196060249844655,-0.0938051489105904,0.337480943231822,0.136029924079216,0.308630530350045,1.22302695178248,1.71974309546881,2.17261940189579,1.66814622818411
"RPL13A",-0.358247959415925,-0.8223856929969,-1.04593304654378,-2.11543531440287,-0.167096229478138,-2.56774322340898,-0.689497231468304,-0.0417337303459681,0.674213868037013,0.505459742524501,0.515034639613797,0.819345677478965,0.846455971981166,1.00229106056621,0.896618681843218,0.601853495024327,0.51998944842744,0.646160519449947,0.41710438573247,0.363544937381799
"ALDH1A1",-0.70701959661434,-0.631581211990914,-0.72627273638682,-0.70029664795083,-0.72627273638682,-0.236331378061164,-0.0751917931441856,-0.540003335335074,-0.443825073480086,-0.450435674029579,-0.373496687324086,-0.578059636718178,-0.501537068223466,-0.433644454402917,-0.110140841295951,-0.158511480936408,1.23900130164943,1.63073654231542,2.72497681195396,1.79790569636202
"RPS23",-0.698640044539623,-0.551312590946026,-0.519554948953199,-1.87606408981366,-0.712337259571299,-2.68249907754229,-1.13293012170025,0.513227285527176,0.834468798486351,0.633979633521952,0.541440529468275,0.748562294164257,0.844959569030651,0.826945267909036,0.592832825457931,0.358318454710277,0.404814770946067,0.601292383410101,0.679741951268824,0.592754369165453
"RPS25",-0.532512697144073,-0.668806336182274,-0.727162886832883,-1.54620318668083,-1.2332921655081,-2.43584631281244,-1.39462461765011,0.376307886907515,0.890829858522925,0.606781620349439,0.388244398481118,0.768316191687248,0.775929845100516,0.794387458750452,0.768735812550488,0.484425410547032,0.531944582305485,0.738690290350035,0.804416367243858,0.609438480014608
"B2M",2.1231384581316,1.75675081139721,1.56414290746646,1.54598049637467,0.0472048684564847,-1.88405958515789,-1.23449009318975,-0.367880415922758,-0.356737524149431,-0.20630301609655,0.0995223093333377,-0.329181256082061,-0.412453404191326,-0.499385459665533,-0.250853296182277,-0.144749018448734,-0.196183344914618,-0.436603037312983,-0.449374681281309,-0.368485718564541
"ATP5F1C",-1.05337348294729,-1.2832143912832,-1.16545070735131,-1.04983177452956,-1.31931225275132,-1.84253499019369,-0.920150321055545,-0.433108777218284,0.978471899929834,0.97057358789264,0.777440951917477,0.635927867876895,0.583128955437209,0.38644624315865,0.423461588599736,0.488560088856604,0.685679602307752,0.868896491397525,1.13468887610363,1.13370054385225
"SLPI",-1.68062416395437,-1.04661855818849,-1.02886636982661,-1.39514095952171,-1.50951125742429,-1.53977616240735,-0.607020947003808,0.0959538543326262,0.512076240798371,0.654430271993155,0.743011160632954,0.409936620703488,0.534468078898553,0.54959630623039,0.59688841459485,0.738669231758553,1.04332407351461,1.07358225540953,1.23185539043361,0.623766519025956
"RPS7",-1.05366326870004,-0.959982272758065,-1.11816830826285,-1.4668505459976,-0.866053646042479,-1.96582027455517,-1.55945017986684,0.438721550793527,0.897672571311845,0.912987493971107,0.618320696367852,0.916093988306701,0.795788697451809,0.712738311059277,0.740110842022322,0.519122415181963,0.532482957783134,0.690265445905942,0.675038661213422,0.540644864814142
"RPS18",-0.707513125536062,-0.67123237640903,-0.871543819307487,-1.38922872762229,-0.0449555711645472,-3.07584133054413,-0.912182305821767,0.366883362961247,0.568827608179156,0.492460361598954,0.471427362015332,0.721111700604219,0.894086627541479,1.01104065470619,0.815893201239678,0.587986883265111,0.444360030697011,0.558558109380265,0.421668624558606,0.318192729658062
"CRABP1",-1.41807147980745,-1.07141133878401,-1.25408059232538,-1.02793030271919,-0.368551303850784,-1.49696701186845,-0.861479985190721,-0.790437514738732,0.183663769820637,0.404731499650875,0.224753511876359,-0.0814679188342725,0.245636446478808,0.460376185903387,0.608558249786646,0.528292209184213,1.52188836123252,1.32196615699981,1.20289809686753,1.66763296031822
"EIF3H",-0.631713253944915,-1.33583765332936,-1.31490209616849,-1.24508519601816,-1.09208341071076,-1.82344408935375,-1.1918662062241,-0.532174229789354,0.588199980866014,0.662060915859199,0.537444756542294,0.811650863999749,0.74626892966097,0.768724786921159,0.740181499415573,0.5210035245265,0.854145785340028,1.00164474319632,1.03981435672669,0.895965992484385
"KRT8",0.021950161165657,-1.27932624854971,-1.04443169529472,-1.76235180381948,-1.84584974713906,-1.83106911103814,-0.542920257463733,0.281244001413819,0.401547115214118,0.657214223881466,0.616899146806485,0.437285843487985,0.480376914719099,0.337526854695933,0.558931320195865,0.63043435022491,1.1283079860558,0.836711331801223,0.934392965786984,0.983126647855496
"HLA-DRA",1.09169152157769,2.0945028845767,2.06573278694692,2.28372496891938,0.0152612443360941,-0.181149572309739,-0.548628427895972,-0.374876824133882,-0.517983283642416,-0.544846397719955,-0.533481163569384,-0.543122506579149,-0.532191942646591,-0.525316306521921,-0.534431134802912,-0.548628427895972,-0.548628427895972,-0.525955166536562,-0.545584800499753,-0.546089023706601
"CNPY2",-0.609561173530001,-1.38825947368961,-1.62753661220977,-1.6120665919888,-1.60093225083757,-0.203589013254883,-0.112773487655244,-1.25841282219711,-0.00987827275205984,0.680585281281527,0.689342454446229,0.322903718293437,0.538225637058943,0.600899410588133,0.723962995248588,0.540995723903712,1.10637028424361,0.912002155312547,1.26310921066485,1.04461282707347
"NUDT5",-1.19253665616405,-1.36130011042409,-1.44954128681034,-1.15585095912657,-1.41200101056992,-1.45391945007457,-0.546952225441912,-0.286937999832911,0.592675825465281,1.14509457647903,0.864246550580964,0.485727092183296,0.609792018563768,0.33728750732481,0.302883841164008,0.503892286031086,0.66242159058437,0.822905482704297,1.26105223248979,1.27106069487367
"SH3YL1",-0.932028746044612,-1.09289797010898,-1.07590254071303,-1.46282882781477,-1.7173935564881,-0.0317558648337094,-1.16648274902936,-0.831910764948655,-0.138185967262686,-0.0795633841725825,0.325800913122751,0.531602128273062,0.357013999385698,0.838525626967338,1.03374787308894,0.863206001941584,1.51007848433062,1.3472451527487,0.852055965026648,0.869674226531143
"SOD1",-0.602944226743723,-1.40590665558054,-1.41707904646705,-0.995885721185151,-1.46674887709148,-1.36524017498506,-1.2357494584634,-0.409751707400451,0.822638328142452,0.948500621924876,0.712055733119459,0.614935290551751,0.334659940199886,0.139225607465685,0.465943185174827,0.484383796568678,0.863739772028702,0.999913887395597,1.23577003034356,1.27753967500138
"ERH",-0.587047405578391,-1.14589575185349,-1.23682046934027,-1.29659104456704,-1.37844832793282,-1.4903769359164,-1.39420292988826,-0.258444997120219,0.672208645719431,0.768803446503299,0.710573648087633,0.407951144411706,0.410089911795835,0.295833380509964,0.333773166015663,0.501278355896393,0.913661424341664,1.05406729347605,1.46688094272375,1.2527065027155
"RPL36",1.08254263082665,1.43838529258219,1.53763050049297,0.882892443777607,0.879741899262961,-2.55973198367924,-1.39001567379862,-1.74316653369148,0.00319969746481853,-0.0177801551915937,0.0154050907661033,0.206115993504205,0.131218948853207,0.144061154992049,0.18722822179198,0.0376650616701615,-0.215811470397202,-0.114739627510007,-0.169562490796819,-0.335279000919928
"TSEN34",-1.16915529813195,-1.43969647403129,-1.46570707976061,-1.43549174861879,-1.31776702134507,-1.46657222864084,-0.511317998343141,-0.308768975584464,0.552265012311137,0.978338137405686,0.946684893275868,0.828454349808806,0.79797930238478,0.700084555980806,0.730160483542173,0.845462152651085,0.739794837038308,0.665851103179533,0.582671026458014,0.746730970419961
"TMEM213",-1.39860145595176,-1.21330791220558,-1.3347078384344,-1.41176833215058,-1.39467620990017,-0.33669246189187,-0.299099246966065,-0.903077987362917,-0.0295454973894004,0.0282258674871217,0.538207188957807,0.133006458931573,1.11096323799363,1.41924065037449,0.685719567456363,0.409823492196543,0.498988762830611,1.14262586962241,1.57183707304008,0.782838773362107
"MMADHC",-0.866103213946218,-1.02337205238291,-1.15710596486712,-1.20042185720721,-1.33114097460135,-1.37511860501865,-1.17641155676813,-1.17006598762119,0.551368526441902,0.710350909917937,0.762265201337245,0.50780222753007,0.600556922659979,0.496251447003806,0.593281543154984,0.642851845413181,0.965818957480899,0.994743297577954,1.19648690412733,1.2779624297675
"ETFB",-0.828415744541628,-1.27926268848918,-1.29617240041503,-1.30964396965129,-1.33725752078725,-1.53978195692179,-0.7232788983215,-0.980018508988612,0.450098159870004,0.749177024761458,0.704915753489184,0.736549743478838,0.623692652539094,0.532102790901469,0.741072775666982,0.90736292657592,0.860376412379044,1.05060413707915,0.78234380659436,1.15553550478078
"ATP5F1B",-0.906040122951985,-1.33416544694025,-1.29470303563238,-1.45800177747816,-1.47654719562471,-1.38789454194746,-0.710238663856189,-0.363756167448418,0.870071081843129,1.02827638864784,0.797774998232245,0.503154758875192,0.982865841958086,0.528429846576672,0.320448112415495,0.459828335018935,0.345947561337647,0.60297894699069,1.20538969161218,1.28618138837144
"CD74",1.82785272480652,1.97223877962341,1.88484632014903,2.07884171660789,-0.162437897375425,-0.556856982360264,-0.443207512721844,-0.556856982360264,-0.548797763118269,-0.522486533173723,-0.482262977639896,-0.482894794211938,-0.513536092546878,-0.492678661300808,-0.495452535382588,-0.516466244170621,-0.472026101442114,-0.467330539565499,-0.539983318650151,-0.510504605166574
"RPL27",-0.390725168911268,-0.69028450649968,-0.858325870759707,-1.53947628965201,-0.757686439018165,-3.03471473234236,-0.666000415861546,0.427723978000002,0.680233188320178,0.637565970877418,0.563288387439438,0.705835873960168,0.79663234193009,0.797439005270315,0.721226327764366,0.55847972272272,0.437952855213057,0.604062564108319,0.543690731601082,0.463082475837578
"TTYH1",-1.5858989206985,-1.42659588760075,-1.43555960392386,-1.36183451302935,-1.18612707501745,-0.780788302384749,-0.541367559921143,-0.877211027658152,1.01040815328215,0.913712704313927,0.717239545606532,0.86174096460671,1.04507979201563,0.845340811815679,0.605009351278941,0.510064503021123,0.41756891815764,0.856219023956238,0.749159190607752,0.663839931571635
"DNASE2",-0.730276113956899,-1.09830702266149,-1.35273600935323,-1.01889442549905,-1.36396472710016,-1.45197129156541,-0.182342460542115,-0.6088484076461,-0.245916646288809,0.25775317216793,0.568303022006827,0.0745232738591877,0.0580018469940551,0.266409916757994,0.350119741261891,0.423248456916067,1.54799906139487,1.39735185139709,1.50586915207244,1.60367760978489
"CRABP2",-0.772010266171819,-1.51583781662198,-1.61963448044179,-1.69466391929743,-1.65466129420646,-1.09841361403202,-0.56107689585027,0.548172356430178,0.767609169527986,0.987414707861512,0.786635421023877,0.690465471911389,0.709746758896364,0.464262813453036,0.601902761389974,0.570050550260201,0.663123694608818,0.648040709263549,0.865768424604812,0.613105447390068
"SPINT2",0.375569066168444,-0.8944105406533,-1.04851483165888,-1.25343589349165,-1.89290609966752,-1.94962700350528,-0.908433610119846,-0.699097068480501,0.32692673403231,0.503316652941121,0.614006725739985,0.533314593706131,0.334285293880579,0.383694771436501,0.644512775098535,0.759441382876,1.26512205208303,0.987554957279059,0.98328373500573,0.935396307329546
"TMEM167A",-1.01167587658055,-1.32415909219942,-1.37499839339614,-1.04993815046264,-1.45398863529386,-1.44665519883661,-0.619519408292441,-0.615207580654346,0.698850648825379,0.588796170269141,0.702922730628104,0.397236415976307,0.491524186078462,0.349904795833333,0.361817206923339,0.495137771927638,0.932644841791854,0.974689565640335,1.42456518180992,1.4780528200122
"RPS5",-0.945466975906666,-0.798435871301956,-0.929684764040953,-2.05666874403806,-0.763537348922426,-2.0306213986954,-0.827953492268966,-0.121855603842539,0.791006559460198,0.702684649076339,0.689717752946758,0.841008550201802,1.08093070651711,1.17769919452042,0.967295202197495,0.795419089914892,0.367939100115043,0.497480694316347,0.276621688371775,0.286421011378779
"NDUFB5",-0.859670806970867,-1.31954131820954,-1.43074209564432,-1.30833207784628,-1.28256981287363,-1.57532080836865,-1.07127041474638,-0.432276690798506,0.811778798002123,0.950878287489364,0.899231548014533,0.721633778155445,0.679848442710299,0.702946328824712,0.650585387159517,0.683629186494789,0.674115076375666,0.76927384851975,0.805724756597316,0.930078587114649
"CCSER2",-0.808004234737251,-1.07535250134988,-1.14486251440063,-1.29072671234185,-1.48830683216527,-1.02851274382209,0.304063282276397,-1.64717027909224,-0.306927946474264,0.164740562235648,0.607827742444589,0.458645560260059,0.19264303142661,0.76666459557941,0.87630731770266,0.9408635878201,1.18038627845274,1.23555478995736,1.26580392568601,0.79636309054189
"PPIC",-0.170068751832877,-1.12353926602883,-1.36317209248079,-1.18784249277899,-1.40308615674462,-1.68709830734588,-0.756899225238333,-0.573025225633785,0.0860177299770134,0.468443259477321,0.38820353680067,0.294658768282537,0.139400247772319,0.323214957580038,0.453816261364447,0.716106369888299,1.38461701425647,1.34522560788014,1.06953299055555,1.59549477424929
"OST4",-0.415308634621255,-0.9916007004081,-1.00764813976899,-1.40264942253879,-1.27372503407277,-2.06119744235771,-1.28375933477669,-0.4848957185396,0.745831972837631,0.690566869091258,0.663685181832204,0.907177175221697,0.326666697193465,0.42650861172216,0.937280425960444,0.776564595690629,0.989767373608061,0.988988435803647,0.680246340774342,0.787500747348372
"PAM",-1.14833087806623,-1.14493180122135,-1.28229925865324,-0.824094193280182,-1.58425388185136,-1.06739400477514,0.537140042683644,-1.16315610929126,-0.196916899967426,0.205823537064951,0.333994925137353,0.299489489226716,0.230693605296443,0.321443391276252,0.451836511050946,0.393484281901263,1.3245953089002,1.39671629223228,1.43438883235172,1.48177080998443
"CSRP2",-1.46210305351612,-0.982088616517939,-1.35406165153684,-0.886262819644768,-0.975437397333331,-1.05487088575199,-1.57356115445546,-0.600904561138668,-0.0402084011513252,0.202790261692976,0.579076365366002,0.5433096210778,0.513573140916212,0.768085088061028,0.817453364419041,0.893769377145113,1.35664367967333,1.0212025648701,1.06403027940305,1.16956479842179
"RPL23A",-0.0400338950750469,-0.780031796264519,-0.762168504218479,-1.99613239938864,-1.18733543775835,-2.51941932938836,-0.72664177423217,0.00935629593902276,0.773969043272101,0.553089537826771,0.575472843777537,0.786636688249896,0.826427798813568,0.893554062763186,0.785143976669832,0.583986508034047,0.478380303572239,0.602351359075255,0.572475485586934,0.570919232745179
"MT-CYB",1.13941988417234,1.3950836873831,1.46355307134901,1.2708291233567,-1.00075679338606,0.588421331755759,0.971445003602743,-2.80397553185984,-0.415809888102805,0.127772242827246,-0.0725736176805414,-0.218618799506112,0.0868668276344652,-0.0966660851090443,-0.54747210353013,-0.607718170245767,-0.926161953452826,-0.224443841676792,-0.0671472894050701,-0.0620470981263681
"ACTB",0.63007238847352,1.42003420083629,1.79446330543248,1.61240591890325,-0.074025662916251,-2.66292173449353,-1.58959642521788,0.209275922871552,0.0834690061073924,0.385812386790043,0.357742757492097,-0.235949831538842,-0.173514688252667,-0.364752244970272,-0.410923091134001,-0.147184258574986,-0.532985136610829,-0.323787894563801,-0.0810405876379138,0.103405669004337
"TMSB10",0.72352214126196,0.555718338088857,0.81746209171161,2.12958782702454,1.58724709950036,-2.40360560967744,-1.97419393772183,-0.0299762625695971,-0.00666436603141592,0.0806584796654996,0.0182580556977865,0.152030124205403,-0.196380002666332,-0.265704189949572,-0.0106955704438423,0.0876420076106319,-0.235780935161999,-0.070650395541671,-0.252948422626759,-0.705526472376183
"CYC1",-1.19244338370237,-1.50369606326032,-1.59932122077579,-1.11809319283911,-1.24591149682518,-1.37041639605741,-0.574961197338332,-0.214630317636991,0.541551370382864,1.01005813577543,0.98220527106282,0.51217779041556,0.601569416155839,0.311515607082111,0.304317815494019,0.654886136192423,0.69813144715091,0.690487302261959,1.08250527294198,1.43006770351958
"TCTEX1D2",-1.23916577969732,-1.35263087047164,-1.31113302600619,-1.27381908879568,-1.24650573377127,-1.50426647819373,-0.955024333460611,-0.233304385153019,0.724742870177989,1.22449268168926,0.99635311256928,0.710480786876682,0.79100749453955,0.644194304611324,0.523636885017057,0.5304022484738,0.410040880123262,0.716763344513809,0.993195482271557,0.850539604685879
"TSTA3",-0.628140600022317,-1.12923413444486,-1.33832166912458,-0.98124729578704,-1.15120667448782,-1.59750917833895,-0.432031547341995,-1.06884708108712,0.36643893664827,0.889987826243172,0.680095774114029,0.404151779433316,0.222739137451762,-0.084343381161881,0.139204815779519,0.252776274844876,0.982196490275081,1.36094584570407,1.64962670544481,1.46271797585765
"SF3B6",-1.0276133428793,-1.20053031361519,-1.30328157951617,-1.38800058777933,-1.42486722989198,-1.48880190242671,-1.26688806093479,0.14990495987949,0.835771446478559,1.05646165834684,0.826657165868469,0.813746593281813,0.637650542035661,0.397421332047658,0.594223618854012,0.608277987359509,0.711879702924159,0.746759512156802,0.930763944024434,0.790464553786075
"SLC9A3R1",-0.501271107254596,-1.30751902159812,-1.43506502366618,-1.29588719963103,-1.67433618924107,-1.1262122677976,-1.15611823717901,-0.638208353382154,0.742523768868883,0.876657226441606,0.841471509099399,0.814892143461548,0.622972180069628,0.313912751115079,0.562414132150537,0.568297088077169,0.853761172654267,0.79525407923966,1.14335473755497,0.999106611017015
"GHITM",-0.363570346662637,-0.899005146712199,-1.16839736418815,-1.11257356675965,-1.27126188486386,-1.65119441954347,-1.33277441654017,-0.90022968785787,0.588024432026367,0.576274921453032,0.568770250342599,0.237091548309743,0.538628596862297,0.248688004678542,0.36968674107755,0.445100280902346,1.09259691416457,1.01991581766079,1.4511190348429,1.56311029080728
"CUTA",-0.5924629088216,-0.998224143324516,-1.22527544023043,-1.20859928188101,-1.36424443650163,-1.75355813850147,-1.68522875979964,-0.102972706211933,0.534954746560656,0.649128277768408,0.616314602790229,0.668503372043914,0.691331749460158,0.690285973788522,0.726921478827352,0.651225907515281,1.04374702762412,0.993631915598915,0.81582954745097,0.84869121584371
"ABRACL",-0.981253722712905,-1.51463490154536,-1.68508786951993,-0.856617495578355,-1.44309223027615,-1.01994034431751,-1.13375165014919,-0.309403570062045,0.602493324223205,0.934086502422203,0.714315625141428,0.64055263001337,0.377604468781387,0.286657337944816,0.622225340144011,0.502353727919919,0.826244560472596,1.10559396917786,1.27098239044611,1.06067190747453
"RBP4",-0.90188311006609,-0.93064841470604,-0.919894296907414,-0.890055525974382,-0.905233484750498,-0.93064841470604,-0.58379605296829,0.0646387776305829,0.292687420347343,-0.398813795063239,-0.164950901554737,-0.0826001946194945,0.516474131518717,-0.313168000546128,-0.0753004306048401,-0.121920992556651,0.545006514050433,1.04919519436544,1.98557230735244,2.76533926975888
"NPW",-1.14443320298474,-1.13254560211423,-1.10670440562586,-0.418977776690804,-0.884880991825771,-1.17415690503395,-1.03435781714811,-0.820119229307678,0.441340680049969,0.292356586294093,0.254786691405412,-0.0320481249059799,0.522380721680596,-0.102643041879296,-0.0301924047282405,-0.00100437764076059,1.25874961091322,1.37399474752511,1.94753472681053,1.79092011520649
"NFIX",-1.35003116025277,-1.21557889741576,-1.2603023507417,-1.02158798146067,-1.72718902976407,0.715274697410351,-0.297009647446076,-1.38877048291346,-0.373804753378481,0.2925628216715,0.326395442574563,0.367231054784211,0.439067543900505,0.50428259268738,0.499259952846651,0.583911936545848,1.18038269927625,1.32614715153217,1.30156855806155,1.09818985208202
"H3F3A",-0.663767570949876,-1.16549895960201,-1.43300628561065,-0.857637553502728,-0.767838624549383,-2.49965266988701,-1.22566991701495,0.450894310367541,0.713188198466656,0.632720058691937,0.727923183891393,0.663116666097754,0.940074977657291,0.993827940839949,0.716980739305923,0.570287755834405,0.343288613262548,0.686949978552172,0.604202639360512,0.569616518788517
"RPL8",-1.11074679681617,-0.926172588731101,-0.945866429842679,-0.996734355330069,-0.384252640125392,-2.72077241865001,-1.15026339166683,-0.0651233077385346,0.860147052462997,0.797205996360935,0.623261105853386,0.859540375510488,0.952004171500554,0.90483688695488,0.805809440968262,0.526537104809095,0.458238916377171,0.599396722474603,0.491372216603384,0.421581939025024
"RAD23A",-0.95024798118222,-1.27652272860419,-1.37376950068883,-0.954517834789021,-1.72056683523853,-1.55777988506839,-0.78655983185136,-0.466363332070579,0.459812422678847,0.7856777859645,1.03785626049206,0.479617059408044,0.682063820651277,0.599998334895254,0.532188224234166,0.883843714409122,0.782640760587232,0.749350713432874,0.880052236155983,1.21322659658376
"CHST1",-0.724178114132681,-0.724178114132681,-0.691404574745123,-0.715052974419292,-0.724178114132681,0.242466482892612,-0.724178114132681,-0.724178114132681,-0.592014445149542,-0.676872322406386,-0.486181093666867,-0.64083257723427,-0.315617631604793,0.339292045501612,0.270018017239558,-0.0798433755745488,1.40558529456193,2.3004951405452,2.33593234766853,0.924920237054777
"MT-CO1",1.2119988858243,1.23772203304098,1.15774122509375,0.835814241590443,-1.17100491830638,1.19150053809527,1.05660078465434,-2.9875959763965,-0.632019094998753,-0.112558083647942,-0.122086791833598,-0.0739069788217659,0.0679040298426699,0.166760714603473,-0.183839877588398,-0.295708687664783,-0.544722498659892,-0.138085782463694,-0.378981772643733,-0.285531989719781
"MT-CO3",1.32373137205866,1.45448857251687,1.33647794027745,1.0217019063728,-1.24429419580503,0.160403347929042,1.29446872606864,-2.70377015120612,-0.612779909957513,0.0409521475914688,-0.134180970186032,-0.0995587904353981,0.212520091627117,0.156166105749916,-0.450464008068828,-0.559500677853296,-0.840846687122144,-0.0884739957531376,-0.156105016423686,-0.110935807380783
"PPA1",-0.701353880640892,-0.864536596678702,-1.19311052819136,-1.52970002061674,-1.22153944783798,-1.14622022721874,-1.44419705064055,-0.996404641967954,0.717792313313146,0.875004117141186,0.69939604458121,0.417826753942554,0.751303607719299,0.529183910755426,0.423363360280841,0.354206922485076,0.650942385451723,0.992186536547986,1.38663862277929,1.29921781879519
"BASP1",-1.20697414261721,-1.17106109789639,-1.17856283460575,-0.96759695780303,-1.10234685717633,-0.622347022961645,-1.22172838451744,-1.16225055950202,0.420192556157427,0.921704802994663,0.606935362012702,0.428991301013256,0.112379476328517,0.0656764515643576,0.538615170353553,0.198838110978277,0.856493798415365,1.36285018357526,1.65179037017658,1.46840027350986
"TBCB",-0.711986956646782,-1.0631360335947,-1.23459035596144,-0.840331380615805,-0.994282293668062,-1.70563223659615,-1.10423516001656,-1.31501742903435,0.59075998773621,1.07490552426286,0.731268039771787,0.555756506560179,0.540923617433691,0.315737554334239,0.377917905655738,0.263800971716258,0.802433387804628,1.00522836245284,1.40809925430424,1.30238073410117
"COPE",-0.856960937294365,-1.29424321634009,-1.44242779640007,-0.444854683219692,-1.54094048872874,-1.65072127420638,-1.23373290681559,-0.387358762657405,0.403412995283,0.532799255296529,0.627121215064432,0.424377143389996,0.691683458368815,0.646265567210951,0.560588208086048,0.537791878386511,0.94565454858401,0.922389963578624,1.25434658365847,1.30480924875495
"HMGN1",-0.56962586591655,-1.44380383371567,-1.42178612635749,-0.826501755229982,-0.900564274362434,-2.33180855746176,-0.884539561017401,-0.23978396482092,0.844836920422539,0.959339157860512,0.798592965499429,0.61918070578895,0.487903333478733,0.398543254787335,0.465155665956003,0.517488828348217,0.610877696702672,0.802174713686147,1.12795215079752,0.986368545554157
"CXCR4",-0.813607869501591,-0.903041689554194,-0.646454471051177,-0.351738892272363,-1.09489920625845,-1.36044160747025,0.050095758444921,-0.786766285868838,-0.55475585199894,-0.735442009506788,-0.31236343217662,-0.435425456834709,-0.116789045194036,0.440074025084893,0.517156932390642,0.346277981334779,1.73290962790281,1.98196930475869,1.61521190148518,1.42803028628603
"COMT",-0.350430948749771,-1.2316619410535,-1.24633952192027,-1.49353452949784,-1.5622979734307,-1.43621604417218,-1.00042362230848,-0.857694169809217,0.676816233241168,1.13093527806949,0.86683890305634,0.92688743148157,0.633562752037096,0.519554232668215,0.622904566793762,0.687016572287909,0.625080749736644,0.839319610356648,0.798891432087139,0.850790989125973
"DPM1",-0.92609363469412,-1.33291783622683,-1.56652960082741,-1.32095892817649,-1.63142964603273,-0.823244004089855,-1.27540610237564,0.426598637511522,0.368969689779271,0.991887534099223,0.740081762290653,0.373132644275093,0.688124657112401,0.31925482096815,0.391618312007628,0.588856871213179,0.756717320320924,0.842316755916184,1.20998541844339,1.17903532848546
"POLR2H",-1.05643120448849,-1.38447428423664,-1.58760382161938,-1.29554275369732,-1.52515744093482,-0.99140549211109,-1.15575117941292,-0.0191244429913289,0.734012284363541,1.07808576543011,0.955832087370459,0.741383342168869,0.750552308765178,0.593514236914095,0.503822230580787,0.774383873247312,0.537799367709614,0.573592430112389,0.86877560384291,0.903737088986732
"HSD17B1",-1.22120551941218,-1.22865087281187,-1.3033133941195,-1.27742411371964,-1.25604284322291,1.3884936644484,-0.166287961491454,0.438597006998921,-0.243443558407045,-0.221843807942828,-0.254082563143894,-0.0795441307759183,-0.348536254329067,-0.0860732362744196,0.146318578698954,-0.0733574046651559,1.05568910720633,1.54656383761827,1.71914144969097,1.46500201565404
"CYB5A",0.47020411259492,-1.16097998894113,-1.31123129154439,-1.35730831736995,-1.68564907603407,-0.948857235236308,-0.665332572738158,-0.829109234027724,0.506699047724532,0.642384664422522,0.20645760929542,0.406750557315052,-0.102787769096454,-0.274730781299472,0.0996559425753715,0.430090855692206,1.5464722080803,1.31917164766388,1.21179765951321,1.49630196141024
"WDR83OS",-0.219286263891963,-0.755586096063544,-0.890139739452639,-1.26285292051666,-1.8948974612114,-1.76537943215725,-1.571186376552,0.251600332443157,0.28495801423828,0.291392016003198,0.458729480512658,0.443027412370275,0.483057716120887,0.463588833166633,0.616736494954131,0.602588941987328,1.1633769580782,1.03650008706804,1.13751302052851,1.12625898237416
"PHGDH",-1.72713819004012,-1.40383507896128,-1.50416076037109,-0.845028284371733,-0.937429820270166,-1.50747698894983,0.00400213099104009,-0.882666728568679,0.803585538651527,0.807528708863859,0.61628972243561,0.667676508407683,0.54319188104573,0.550702629742915,0.421772501540996,0.596397854802026,0.632401685460619,0.904695961886057,1.36729942399401,0.892191303710827
"SIX1",-1.14371246778669,-1.38286649297679,-1.4003916238282,-1.26061637720981,-1.35189665684994,-0.845380820921417,-0.723614372554248,-0.909597954856833,-0.0523732269923573,0.317350043944349,0.99167531608021,0.500404825228703,0.915843238483672,1.27107884681488,0.851447880740948,1.05139051667817,1.08788820788628,0.929442084664882,0.597677315752389,0.556251717701795
"PDCD6",-0.859629582434339,-1.28457093382966,-1.31077520394203,-1.08530991222549,-1.27218986063636,-1.0348596607863,-1.02235965753927,-1.31711427392746,0.570793490596477,0.745319846496813,0.769082734373702,0.639951975394647,0.390883214224469,0.315513994474905,0.541975729510577,0.571505238696358,0.942902453434085,1.14645478901691,1.39783551291539,1.15459010618657
"RPS6",-0.386467527539745,-0.572481444967826,-0.976988615682412,-1.9506807845134,0.244663343707701,-2.74225211956953,-1.10323934138775,0.19500425509101,0.728397021885328,0.602667661967501,0.440550209898734,0.748977735078201,0.92051241200372,0.969196153475048,0.728888796653512,0.526577624406428,0.36543598293955,0.504033384138062,0.449073161630272,0.308132090785599
"PERP",-1.14110331778444,-0.906399276690567,-1.11053781374366,-1.33193950788406,-2.04007578983152,-1.55868982763784,-0.862850314111258,0.579967832554273,0.806682024222699,0.764961396067956,0.688912545233276,0.714074734663896,0.504026138164173,0.221324275663759,0.71108186380515,0.711399867321519,0.858020822196712,0.709022832710336,0.778485204746098,0.903636310333488
"RPS11",-0.432933565249686,-0.356690725111328,-0.323233892795583,-1.18488788407167,0.338905794464494,-2.89063375662601,-1.45353674053479,-1.26593856394835,0.584603367936102,0.506928246583063,0.446169036944315,0.677858157399281,0.802664579468694,0.874180126052854,0.750270803217426,0.447733712299688,0.541405188279939,0.700788398082806,0.699659881244963,0.536687836363776
"PIGP",-0.754094765723373,-1.07126433248241,-1.2518938626679,-1.08504721332091,-1.42506184339227,-1.63662411450034,-1.32415866310876,-0.66380918238874,0.336401168841301,0.878957825755213,0.906079177531974,0.922321402592096,0.477419450101233,0.518862583790329,0.737826940475916,0.697352004154151,0.805225113525001,1.00032121753185,0.829960256910708,1.10122683637494
"VDAC2",-0.830452688752499,-0.967179187474678,-0.954406403195748,-1.23246873044948,-1.23946135342766,-1.81858538573621,-1.1916756700916,-0.963313573452339,0.832498920695073,0.990195322918725,0.799466322385026,0.570810292394167,0.69040704690822,0.428151442110072,0.508877394868088,0.457400656525818,0.819105445463522,0.788119511570922,1.05407202355643,1.25843861318415
"CDK4",-1.16525861151463,-1.30611612446001,-1.25272768858677,-1.29364251408971,-1.38142679545531,-0.976489556734704,-1.00146362445162,-0.968383486637393,0.608659681323675,1.16167618448641,0.966816220001414,0.766550340055451,0.948302818167538,0.678618320544318,0.496448687863962,0.666918037165479,0.373904436080304,0.683944879508423,1.03255292624958,0.961115870483604
"AP2M1",-0.970620787497732,-1.20995339295487,-1.30728503309822,-1.03803703575513,-1.3909900929451,-1.99428990763484,-0.608548471011466,-0.416214922544777,0.928921408780289,1.07037265041127,0.842236007102269,0.774719770763765,0.529134119189283,0.22188937474923,0.457847538898209,0.614779959242725,0.737054243473201,0.764459024582891,1.00523861509728,0.989286931151717
"TNNT1",-0.927527836464998,-0.916184018938229,-0.882560805598009,-0.841551933581055,-0.784630329333317,-0.927527836464998,-0.927527836464998,-0.416656284596164,-0.286540357550507,-0.0881355878164564,0.10680947836976,0.519409409265819,-0.595157063375101,-0.57852552606055,0.410873201593943,0.718762498444224,2.33646435046465,1.9541085347316,0.962667230851952,1.16343071252244
"CXCL14",-1.40546519049397,-1.00608354423719,0.625565259743788,-1.32887719832263,-1.39021165884014,-1.46229602081829,-0.547180183730689,0.389502862320039,0.127429932241604,0.171897548189272,-0.309632742369038,0.0508866035547666,0.329675561555617,0.95934576486262,0.342667451367132,-0.0895883634763592,0.13533772306248,1.14405534639981,0.799708539028011,2.46326230996316
"TECR",-0.696047264217406,-1.18149193589441,-1.49288299493645,-0.806424237842978,-1.97146355010412,-1.59110352671211,-0.425064884463901,-0.484602947665267,0.120092753351898,0.527060412059735,0.652651574852209,0.386839076519095,0.53625918669853,0.591282429046858,0.672269036572626,0.768588055626527,1.18640627590913,1.06780703106276,0.965265025104024,1.17456048503324
"MRPL36",-1.13070245679614,-1.24869447836023,-1.18689030254141,-0.836761331115138,-1.10473282280364,-1.70710117677003,-1.12585613666909,-0.431890699794541,0.665966443663789,0.896346351918137,0.804353258481707,0.346580794534269,0.452697197533211,0.0563505150138103,0.350456686484137,0.480834432790199,0.789008101703455,1.03127417629842,1.47211658282,1.42664486360909
"KRT19",-0.498417222535796,-0.980981199572862,-1.35171440027185,-1.59021090509993,-1.47476548948569,-1.61590414291108,-0.563770859766485,-0.654231410488141,0.574371851385476,0.751331434381656,0.645212190875612,0.812021841888498,0.171319784376778,0.0287415076486374,0.66031517468592,0.636026562344154,1.18658773384788,0.872553594170904,1.32146591316265,1.07004804136368
"HINT2",-0.717718161894895,-1.20843821758794,-1.11557551032522,-1.15489699825349,-1.39046253390202,-1.64417271162923,-1.34187577097266,-0.218852353959259,0.555856174101329,0.80469833376818,0.920424322187351,0.536700231277642,0.510669757777932,0.269810151179467,0.304002173807337,0.546813766942731,0.830900361862755,0.771134718231864,1.14381774013559,1.59716452725253
"MTRNR2L12",1.58159117432734,2.23380584283915,2.27634710633629,1.48673728800607,-0.353663083508434,0.152853226737928,-0.31828952015564,-0.678384123314894,-0.505543698428176,-0.560547813491304,-0.503694868175612,-0.531766395251972,-0.536096951684559,-0.513627621613016,-0.496540706192177,-0.485899318989707,-0.520612816172858,-0.542965487610965,-0.588621047321355,-0.595081186336111
"DBI",-0.930221709651288,-1.34960559111384,-1.68596545392476,-1.17584102859371,-0.467435352023764,-1.06424748834036,-1.62326115624924,-0.70201978198897,0.994448855844,0.91549866865567,0.567808231953222,0.939995495859812,0.533978726326086,0.398420249889369,0.489909166762078,0.358705211196636,0.616396069523375,1.01635159248802,1.04760423812946,1.11948105525821
"VIM",-1.78135967362473,-0.85184726605703,-0.444892031662052,-0.961478150887339,-1.36266328321687,-2.23159066860942,-0.504012071214492,0.0320955377843761,0.201964354515251,0.333635145728043,0.469013602876406,0.422237206333936,0.170087639214774,0.714921402662037,0.881470432923351,0.925489218559982,1.31643909363552,1.07149284519041,0.840799239768393,0.758197426079455
"C19orf53",-0.718627090978521,-1.14227121088628,-0.995625489263935,-0.590917386184955,-1.76010085820432,-1.91868131496454,-1.37218904998419,-0.469590501658234,0.472532262337475,0.63700265427106,0.735615778016305,0.573308453556005,0.78473011152321,0.729714353012386,0.814520212062165,0.647014333093425,0.734618337582196,0.940808814643653,0.940374140034525,0.957763451992554
"MT-ND4",0.987849291156606,1.26701038731226,1.25603697372796,0.988031549225606,-0.901993355000002,0.730642517755029,1.22539923744987,-3.10779325019988,-0.472630285617703,0.118456076611841,-0.0499964655476633,-0.167370852372132,0.0186327315542678,-0.133943324686659,-0.483883957856015,-0.517262642259099,-0.741851878456917,-0.113075555170097,0.0191456417740654,0.0785971605986512
"CA2",1.00891854513467,-0.646003218356815,-0.795840122421857,-0.810172064177108,-0.712452804613106,-0.859502859955899,-0.694642009798615,-0.211714967538225,-0.340460333126862,-0.200479926915241,-0.365895380203278,-0.492280593372889,-0.358866835065644,-0.545712946224491,-0.318053092798675,-0.269733743513475,0.654949269179175,1.2771946820077,1.91988443706509,2.76086396469554
"RPL34",1.12998740760307,1.33120810040159,1.43663402214969,0.646710772776825,1.1489186200582,-2.76374319594998,-1.72720636865423,-1.00464918119949,-0.00258500408989122,-0.168596366360685,-0.146862747615861,0.142134769994625,0.0968002419293558,0.345761083465579,0.274646853509147,0.00341830626949346,-0.072370199206326,0.00695872769524245,-0.271948017127926,-0.405217825648435
"RAB10",-0.746120784264627,-1.21372033662791,-1.35895939565951,-1.36790278044759,-1.67008227989938,-1.43485044022258,-0.78989451695825,-0.305560439371791,0.562763356868948,1.10751947773845,0.999088488347159,0.681912365762278,0.242851128755871,0.249169630119846,0.502649343214606,0.67234113198052,0.707591807704765,0.949716513645083,1.16385973409379,1.04762799522032
"LMO4",-1.67398091653098,-1.04076212102744,-1.31630628919545,-0.498577449420696,-1.43743903505136,-0.865009392520497,-1.10136694503995,-1.12140597974036,0.242483769983477,0.305157469660753,0.665019232377779,0.452536008434481,0.840955679548397,1.0098490835666,0.953588730129886,0.678820133198607,0.893221832750857,1.19715627453754,1.09799533828717,0.718064576051176
"SH3BGR",-1.16714767511605,-1.053277422182,-1.03840725791794,-1.14955336426456,-1.23478993544974,-1.31941292503741,-0.653669921738233,-0.450890252272569,-0.00537706437088201,0.236952169033389,0.311619182446194,0.130878642732874,-0.0155234494090436,0.289160705002189,0.741123967991538,0.599239264910541,2.01601216304788,1.49351103249422,1.45063629511989,0.818915844979708
"BABAM1",-1.05597588827048,-1.21833418267246,-1.30889050668216,-0.921914611222542,-1.29345047218647,-1.66804627665297,-1.31881763786961,-0.41493568078598,0.320513044783154,0.883446170438086,0.933105503146623,0.60707580584607,0.780359710664242,0.600967240218429,0.726685218906089,0.803451466549671,0.720257766932163,0.840082355644423,0.918124041177304,1.06629693203641
"ATP5PF",-0.555723394505557,-1.19044936901152,-1.19356477835038,-0.750653579412741,-1.22448675982727,-1.67251505936596,-1.74168785708885,-0.573579246370056,0.828392041305535,1.03679924367728,0.701971116724111,0.638037435782737,0.486855774246582,0.261314287812247,0.528088698205237,0.383579037951557,0.711470937283148,0.94448061804071,1.18986993190424,1.19180092099896
"CDC123",-0.881953188350539,-1.27048372850184,-1.3927044613521,-1.05280178803158,-1.39106208766485,-1.63326369825701,-0.640421980176659,-0.3062812069936,0.792099805623035,1.3445880947765,0.855429193013019,0.403061315792486,0.547225818163849,0.0822881825274353,0.0827622761013407,0.502509735332519,0.458536836614208,0.772568763857103,1.48737404250827,1.24052807501841
"CBR1",-1.33852519543082,-1.17062808672389,-0.966807783440786,-1.00076061066113,-1.2097135930314,-1.68889394258552,-1.17116701062682,-0.227376659817867,0.557673719009244,1.05549723422648,0.896050107037617,0.662825752102501,0.241947752941634,0.177599209369404,0.351172290563372,0.452088273776022,0.701612899959208,1.00035788265549,1.36368341424858,1.31336434642868
"PPP1R16A",-1.19718939775957,-0.773070439332106,-1.04186266597231,-1.23871361369477,-1.24941992163093,-0.870115552899866,-0.169347793394159,-1.00577245073189,-0.279897119806967,-0.206414567583029,0.0590205971721822,-0.00627014918738096,0.170018075775369,0.72298488914837,0.81836571088539,0.740608762793062,2.1559674076878,1.53787024268374,1.36543521611708,0.46780276972997
"COX4I1",-0.290644268261499,-0.569895749401193,-0.890564276567133,-0.954933387564127,-0.911806697695637,-2.2477884505871,-1.91542394749783,-0.907343697998227,0.658617877876701,0.709666883049039,0.597973473403261,0.663194709448648,0.866829124529036,0.836581355178667,0.670086532627506,0.478769175020892,0.604490946805935,0.763081465650895,0.862493749177973,0.976615182804198
"ATP5MG",-0.500985450300282,-1.01614499800121,-0.987998584018152,-0.671173906156023,-0.965315719398785,-2.85670187015368,-0.992895180155978,-0.292382552393199,0.877225363130101,0.837355995825842,0.630874674442611,0.676323245486698,0.706625521690336,0.570858884312517,0.516515446857421,0.332566156201404,0.514068912860128,0.705068477046115,0.950719762059762,0.965395820664378
"PEPD",-0.602673841538389,-0.962801318456382,-1.08324624155805,-0.912172152851278,-1.03137832623354,-1.34496570079156,-0.895360151423108,-1.1649074376069,0.1182831863711,0.381890329154517,0.385306415659215,0.48635562911099,-0.0464767946033428,0.166282338414066,0.925735583686672,1.20944381601104,2.55189072760114,0.634870408825512,0.306886772249424,0.877036757978873
"GPAA1",-0.678460593375783,-1.15345157809582,-1.28045862720267,-1.00072953962143,-1.33221608253533,-1.25532386092797,-0.848891720207518,-1.35306822543599,-0.0197518077756384,0.698546640991757,0.710447922059466,0.593861060026751,0.266558085107818,0.433197578131924,0.467267832801519,1.07832791224478,1.0912684173853,1.07298204956448,0.947858225926938,1.56203631093743
"GJA1",-1.02017693712712,-0.595845682280597,-0.0532013050948983,-1.01913248468857,-1.11357378662983,-1.19805113187939,-0.148643106494102,-0.37049156440408,-0.854476891950951,-0.932773534105336,-0.332995288216742,-0.642354868507224,0.0403431784384347,0.652771174577013,0.785534152419922,0.589425998501375,1.90618005663562,1.88577484976884,1.42313177437183,0.998555396665813
"TTC3",-0.507123739355276,-1.32901681529687,-1.51546828116464,-1.21215845270199,-1.63479995450932,-0.941492374707718,0.0665179608645742,-1.33623075655485,0.15378718979732,0.510951700280553,0.360216979570415,0.787399594143169,0.153190608449442,0.351189104675178,0.877334431699368,0.91282040205751,1.50206993585822,1.29719498621878,0.815272794740048,0.688344685936089
"CISD1",-1.0161524998537,-1.02874920851242,-1.24997714268227,-1.21763511035435,-1.06271324108464,-0.704344067406834,-1.32967742565823,-1.19986089106279,0.848881853074906,0.926446484200318,0.603989492481979,0.338209146932424,0.509356953313176,0.196460233863258,0.286189326180071,0.274233546638522,0.70145456067233,0.969486188040179,1.34209052255322,1.81231127866483
"ISOC2",-1.06160205902446,-1.30983193336822,-1.42137111771775,-1.18174959711144,-1.1386493361304,-1.70231469755529,-1.1745439493555,-0.100925108983224,0.814193692862907,0.831404319474911,0.927987691456717,0.514860074351668,1.03184383150926,0.738302805448271,0.843036774099354,0.728262071670545,0.613186028088066,0.522960635096064,0.682164679272233,0.842785195916291
"UTP11",-1.20965485399274,-1.3541283981145,-1.44373868546868,-1.14958020053713,-1.29699574014787,-0.589971873578206,-1.39755591205482,-0.194210465895928,0.795380712390512,1.22751236409818,0.766185230587849,0.488033443520688,0.436891057487524,0.0672956951821575,0.189964464273396,0.396437384332773,0.644119669520696,0.913813047857311,1.36460171987077,1.34560134066802
"PDIA6",-0.687000945592176,-0.958098636072037,-1.40721740244904,-0.741712272115562,-1.67301659684811,-2.07667145609923,0.146016710249577,-0.585659470254122,0.229339257672951,0.697324344741246,0.675767704105608,0.360431300672569,0.0618678758818908,0.0167049773919469,0.421176570717574,0.746606239719136,1.36119112075842,1.08836852788869,1.15143055429283,1.17315159533782
"REXO2",-0.926436004479265,-1.15571615675092,-1.34008374833983,-0.990230493511748,-1.71300983587489,-0.893407350350623,-1.16069145071296,-0.962954502663822,0.484830837211448,0.760194821103643,0.804571450866962,0.577547866239756,0.421798667878366,0.24380856966388,0.619725143967804,0.767451461099933,0.998067836600011,1.08010258103491,1.27228908081312,1.11214122620422
"CFAP298",-0.699999604099951,-1.03131664743672,-1.09733837471052,-1.10130874614502,-1.31336629721246,-1.02995603861362,-1.14361956273687,-1.54351060803825,0.501154326725343,1.33905123869086,0.687874018117525,0.673021537817236,0.419801183790687,0.270998768440997,0.384800475500991,0.413957493303461,0.624688832800975,1.02667420626221,1.57526613275549,1.04312766478763
"THUMPD3-AS1",-1.27384657882649,-0.733802587558309,-0.955724352913334,-1.62688473668588,-2.11439865109959,-0.329953974721223,0.364667582449913,-1.49182682345107,-0.00212044290460059,0.418676292333532,0.71149980278576,0.834825180383104,0.458805469472367,0.667345123220609,0.890362970309243,0.92348437019891,0.781396938406729,0.807381733972625,0.877712438223778,0.792400246403933
"SCRG1",-0.682979972117754,-0.602101056432333,-0.60851667234924,-0.27423763308996,0.279850623982426,-0.695643262760936,-0.695643262760936,-0.0093413165382521,-0.642346412684075,-0.613228071227283,-0.585400697974977,-0.628542028620533,-0.58081893139185,-0.521224723359948,-0.275104935171678,-0.246667910181783,2.05061557857685,1.85878794156702,1.1371439029053,2.33539883962994
"KDELR1",-0.601968332587102,-0.972691507931864,-1.3335395961251,-1.16062456745578,-1.31510754278344,-1.84430056045395,-1.01935579763813,-0.778054462087955,0.256428112937015,0.702127570081852,0.828935883138091,0.503063240465237,0.396320722904665,0.419264732720551,0.842163182628624,1.02405568443616,1.1742397026558,0.76434833833249,1.02605985588996,1.08863534087287
"CADM1",-0.828060793564266,-0.581976527287198,-0.42187113189736,-0.591894850093279,-0.884440450849585,-1.12802105202922,-0.785493481505565,-0.692480208399066,-0.273144178538315,-0.0140682707856296,-0.0978962946273687,-0.0761079429038366,-0.250475121712395,-0.311954658777873,0.0269383784089283,0.0429222599886176,1.0478834692286,1.25017879542041,1.59940755819048,2.97055450173392
"HMGA1",-1.28816616793854,-1.13496075686549,-1.05234451074912,-0.868451587481715,-1.15467061573189,-1.67232009841181,-1.48692222675205,-0.633719648701906,0.85945403455957,0.878233174724833,0.742451319312215,0.804435781457298,0.933629509891104,0.721673055789788,0.598148234441404,0.481267836120356,0.686336506841319,0.893654839521604,1.01443333033795,0.677837989635085
"GAPDH",-1.38834596473031,-1.27413832299996,-1.2058625588546,0.228240446341216,0.187405045024514,-2.77967047408303,-1.01988240940556,0.0460149774136668,0.331612492189868,0.319113073761726,0.363695670322431,0.499743856366655,0.325030117738233,0.485242150156249,0.824068924879286,0.759888282951994,1.18892560858542,0.766168849940019,0.520689986349902,0.822060248052281
"SLC25A5",-0.890857218759647,-1.21991061365265,-1.35522592631373,-1.12669312800692,-1.10508210010404,-1.74872190800617,-1.09749481776113,-0.613320109143346,0.966344618010623,1.05653308932654,0.906946972105731,0.698769965151079,0.930698150082646,0.841339709871876,0.497231218347856,0.468337881296905,0.293120770208469,0.525934681964295,0.838269200134809,1.13377956524681
"RPS27A",-0.762093867604008,-0.309847067529799,-0.296967574954353,-1.06812694411042,0.23522234743929,-3.19902180583871,-1.60009805528722,0.528450104863014,0.891131564777122,0.698241331835979,0.295526072126411,0.724776024991632,0.585186590333676,0.507737413944518,0.516950494816306,0.169883648214793,0.29087311179924,0.640165701532356,0.667832280937763,0.484178627712406
"RPL24",-0.798600445996497,-0.658842332844292,-0.527627909920948,-1.66479960517449,-0.487880984203407,-2.65805726881115,-1.26145972868966,-0.0613114314378879,0.886049248227282,0.784260357941604,0.646856108188159,0.92284253478934,0.830732121972682,0.874956544475905,0.814206456482548,0.6782583102151,0.42905776369934,0.532335440989922,0.409856977571784,0.309167842524663
"DDX39A",-1.36445518164831,-1.43343933907477,-1.45932713713472,-0.916579138510011,-1.32310723171307,-0.106391929039807,-1.02530870555802,-1.11565083280718,0.303198326556414,0.763209447288053,1.32620334862172,0.165078146368076,0.922991085712354,0.542895542876517,0.311387753519791,0.821462917712036,0.555452267222973,0.612321511918124,1.02948840501289,1.39057074267693
"TAGLN",-0.33652710836926,2.11026537303328,3.16726222407868,1.03273171285188,0.606451731695331,-0.178398927128186,-0.384185644303754,-0.486145596485497,-0.477696172165128,-0.467813644699132,-0.441430832954826,-0.450336518158591,-0.464374849478587,-0.467107744852457,-0.461894445697811,-0.454717826852064,-0.431697792896983,-0.465734376841891,-0.473015444584841,-0.47563411619016
"KRT14",-2.04096455192116,-0.78349158517074,-0.0820309191000014,-1.52948557257291,-1.59297177041993,-1.78208739024712,-0.209179049207387,0.164483483400064,0.974136715945697,0.762339372516902,0.4733900764887,0.54352108327362,1.02820139147025,0.547013876417622,0.39756677255841,0.263421469435448,0.259747453533052,0.705188195641127,1.15652896777184,0.744671980186525
"CALML5",-1.78062069262291,-1.5233650957081,-1.49717109177197,-1.37870576623282,-1.54592365557309,-0.51120976451669,-0.16819588443914,0.218770210971721,0.883546910823858,1.00242127163867,0.786888762261586,1.10919996995327,0.681869717179932,0.631581967818885,0.863171865990178,0.666843203850192,0.410395124905519,0.777002074968975,0.419682540325838,-0.0461816698239157
"DYNLT1",-0.338887578646135,-1.36560737645676,-1.51790357837847,-1.10714075937105,-1.4946026155494,-1.33776210758224,-1.40708602999653,-0.234800054917406,0.809673255231146,1.09579319230734,0.878976132749124,0.703838503727051,0.446492496518065,0.147616720231757,0.395190877183263,0.543443914034089,0.756696990886998,0.928573847026028,1.06387988172453,1.03361428927859
"TF",-0.34527547459669,-0.430449225458486,-0.523335150867113,-0.700339858599833,-0.568548604859735,-0.732045169303342,0.121846306416181,-0.732045169303342,-0.636861343796895,-0.421118357224657,-0.449298351820023,-0.491173876980499,-0.594823898166246,-0.615335150690001,-0.119575724677277,0.0588522353442323,2.84485509488516,1.8775210255818,1.46086756643345,0.996283127683315
"UQCRH",-1.51596404879702,-1.58531992700075,-1.65677842095284,-0.392775258210644,-0.661624896318973,-2.03528582651805,-0.76858323657636,0.20044518904528,0.930415251105425,0.828816193489905,0.647993482827195,0.81738980062887,0.761602461483105,0.672921689760091,0.623160324228012,0.531940985931577,0.492263967505519,0.632603164458933,0.720209681126837,0.756569422783889
"UBXN4",-0.0337162204025346,-0.506649258906678,-0.925612405938611,-0.751510934799014,-1.61120091166926,-1.73863307841229,-1.37106523763048,-1.00915358568101,-0.252753929715638,0.1352401856095,0.522424852659315,0.214734912907882,0.162722598532911,0.501465916582189,0.575604841782439,0.745307519996485,1.07288103195046,1.35692894794966,1.42054554349942,1.49243921168526
"LSR",-0.895409628067767,-1.22746211613087,-1.30150542819589,-0.648884343142878,-1.51883133622185,-1.39353684225166,-0.872099346384297,-1.15572762016612,0.270139877612183,0.803166832829401,0.862846169765929,0.574086447832318,0.489893036501717,0.274963430658305,0.454686021093084,0.65461405649064,0.989649743968697,1.00151351563387,1.20302636570633,1.43487116246886
"GPX3",-0.766841774794818,-0.709645756801913,-0.766841774794818,-0.528636413540468,-0.643229646723581,-0.766841774794818,-0.505941508195992,-0.457269334160898,-0.606465761226479,-0.523638018376172,-0.190288608649604,-0.37518427406795,-0.442904987294236,-0.25944707787086,0.200775124330684,0.282146027128327,2.77727369273823,1.87504207676459,1.55290182498521,0.855037965345559
"IFI16",0.105649461717668,2.46391927046215,2.1330901655779,2.28245420072945,-0.117755783196993,-0.459941202383066,-0.459941202383066,-0.459941202383066,-0.459941202383066,-0.451531356110092,-0.441674540656714,-0.454856989926582,-0.459941202383066,-0.459941202383066,-0.459941202383066,-0.459941202383066,-0.459941202383066,-0.459941202383066,-0.459941202383066,-0.459941202383066
"NQO1",0.0118467372896667,-1.39131614517206,-1.57036263482154,-0.600929550127429,-1.13305500050284,-1.7973546561704,-1.10465529095338,-0.509832596071737,-0.197431490493597,0.155973831497434,0.626739061188557,0.182934167649697,0.410629505321526,0.801661284847965,0.65761877958496,0.75417952636261,0.800371498195635,0.968868886292929,1.29892119726417,1.63519288881782
"RPL7A",-0.0555547596446977,-0.127576000443216,-0.235311954560846,-1.47881052710728,-0.245629170155071,-3.18768004230506,-1.49347650714678,-0.0419671515962928,0.490288424867631,0.531930403451472,0.40317893396222,0.669385026168357,0.871021326657634,0.92861782550808,0.623589331438038,0.384695902733181,0.396688995040786,0.578316260777283,0.573249795317561,0.415043887037
"BRK1",-0.405723486870764,-1.227832919844,-1.24846735742568,-1.13820702121677,-1.29191211231487,-2.10133666196397,-1.27479034249133,-0.218708369726725,0.81176989827704,0.923560991722363,0.788205590174727,0.862817071094415,0.626258735809276,0.570403799455626,0.716217965779448,0.736743179031485,0.744322371093256,0.709911901204286,0.750047638870055,0.66671912934214
"ATP5MC3",-1.02281013230636,-1.3605541157248,-1.55712875320041,-0.2947573224244,-0.740332920253185,-1.87813363205254,-1.49630995300726,-0.401435102073746,0.785057624239562,0.856950108213361,0.586086807193409,0.571782222239861,0.719506493771955,0.511655627429547,0.477838560028053,0.410498500979105,0.608004997499497,0.862006587379998,1.09217457152403,1.26989983054432
"EXOSC4",-0.885322071201823,-1.07388401602983,-1.11424984543052,-0.802990356720128,-1.1336391460743,-1.53662326001829,-1.13255353006355,-1.28331064303476,0.224734155919475,0.75053320102734,0.631736492266237,0.473248267644176,0.56841937196407,0.50042361024042,0.493206964840951,0.491175727027151,0.671684580753566,1.13851471615245,1.53760755070759,1.48128823002977
"STX10",-0.953163719387883,-1.35916661401166,-1.44777259549345,-1.0567776944696,-1.48909585037074,-0.531666983808508,-1.05811628310788,-1.02013908855493,0.232691024547397,0.861870739865597,0.67250972228322,0.610872678818462,0.658808520651902,0.246207210334159,0.326598837445502,0.564333334588776,0.936103866924305,0.987098569249489,1.46078716443481,1.35801716006102
"FBL",-0.924244097902379,-0.880089066925937,-1.01958187320548,-1.08618087350185,-1.1446992657048,-1.83228776434829,-1.16690720124206,-1.24957553509101,0.898725070397722,1.01823406251806,0.780935763259785,0.778595917359951,0.948682329652123,0.928558171672988,0.600776949934538,0.624321165196659,0.429110661688076,0.63511755028282,0.933917032093326,0.726591003865763
"PSMC4",-0.951224169818399,-1.30863961298068,-1.49888834732609,-1.08055824350747,-1.49801263377269,-1.33193245859598,-0.572800994659107,-0.294881417879988,0.460915599806368,0.825811127123244,0.720439421719873,0.2315574606953,0.724977043969013,0.228613135143774,0.0633797195436836,0.410874275226109,0.909100763977477,0.905894229602523,1.56445823527336,1.49091686645969
"TMEM45A",-0.317982909567033,-1.1683512992647,-1.44266931207468,-0.487092945826191,-0.782214114857884,-1.77021363591709,0.176110420655405,-1.37969990293904,-0.156595038490965,-0.269360857824032,0.284085846945496,0.164168245523265,0.0207760061100794,0.0440647193336451,0.684424915362423,0.79581210715493,1.8736623422346,1.39251745101297,1.02405016764084,1.31450779478796
"RPS27",0.453063256342507,0.954179810653719,1.22111333674012,0.759534135279248,1.2140075470412,-3.54161772112173,-1.03971273799292,-0.427174727900578,0.0878315462436368,-0.086515578441527,-0.0934552500320168,0.294419222550159,0.21376655484228,0.350942969800607,0.321248915262466,-0.0464439942242683,-0.0698789959635036,-0.0283232374567368,-0.243786258657178,-0.293198792965485
"SPATS2",-0.704710024741092,-1.07511795436301,-1.3151993641063,-1.26292616507082,-1.54277721615416,-0.821343433302085,-0.595562093292851,-1.69724240473494,0.284834665548293,0.523389930235507,0.732179923109571,0.252963296703493,0.636459488419464,0.765212155796722,0.859351119561349,1.0572072183342,0.804366834990717,0.945216438474199,0.88831958208608,1.26537800250567
"HLA-DRB1",0.42009547965745,1.80342139542486,1.79802647265381,3.02761273219664,-0.308933931939187,-0.513626129114965,-0.296663710970505,-0.513626129114965,-0.445052376276132,-0.421103426204166,-0.421936498885339,-0.439281339765667,-0.493180173959839,-0.469648325543566,-0.43841832731938,-0.364804144574401,-0.454648376406454,-0.486449954801676,-0.492450973020855,-0.489332262035665
"S100A1",-1.63236972894837,-1.07693111350602,-1.17203635928916,0.033914520391478,-0.837490437419531,-1.46914121225017,-1.30836881339616,-0.601505702625577,0.467119238616096,0.310242340542056,0.295743738083698,0.571038868520105,-0.199767518706496,0.0137931905130094,0.725151544399631,0.506031741658217,1.33010303151261,1.59070491026587,1.16626257415757,1.28750518748113
"TMEM147",-0.53096260321158,-1.17519801407265,-1.33256220094793,-1.04998355333411,-1.12632637259885,-1.51604448564756,-1.32228176727848,-0.799854000077346,0.354200627780531,0.807257148168305,0.671708471281903,0.540099850414853,0.678802179139724,0.140946670227328,0.213738839614107,0.561593776183385,0.988552697834141,1.03605328671303,1.41161018155737,1.44864926825383
"SSR3",-0.873584950579789,-0.975530312055115,-0.8018945636537,-0.548312689235679,-1.61903447077644,-2.01113873713343,-1.02469608315097,-1.10668399335697,0.371875801481748,0.577607194095749,0.610588777742361,0.614556176122025,0.40456593056344,0.616315920735692,0.800385499115028,0.875839942676715,1.20459878153374,0.922890926124834,0.993691699965477,0.967959149785289
"PPP1R1B",0.0727729992951488,-0.286130632992779,-0.875604469259716,-0.977271427064172,-0.687233551550448,-1.26647197025443,-0.956202766110199,-0.697426669839059,-0.463739344541276,-0.748797229808033,-0.530328605030381,-0.326364247348733,0.190146102907688,0.52224376786469,0.235479120038441,0.00878408140289449,1.07764460685199,1.78290692324696,2.22828696972997,1.69730634246145
"UCHL3",-0.750707510775095,-1.21756572849168,-1.2677229359482,-0.655201531847284,-1.08726925977437,-1.68616963669017,-1.08608849393573,-0.294772138595856,0.404369928153749,0.976252418180955,0.719452397705346,0.31287063460215,0.206061692533714,-0.195210958625164,-0.00856320441307417,0.297401325590812,0.780402480354653,1.14683443896485,1.72715566807296,1.67847041493744
"LTF",1.09571468977963,3.0230943729906,1.98068546275327,0.900580234547405,0.461881358118467,-0.503487871160256,-0.503487871160256,-0.503487871160256,-0.503487871160256,-0.495302437665165,-0.496646306637217,-0.498777764046549,-0.499991739600493,-0.48245608643611,-0.48963119361053,-0.48576330202084,-0.503487871160256,-0.48897219005068,-0.503487871160256,-0.503487871160256
"MDH1",-0.870361548650788,-1.32866571990831,-1.3471643002439,-0.991218871933879,-1.45390900685991,-1.52203613813954,-0.991977276393903,0.299880508912649,0.969173217609558,0.920393486214572,0.699748663137112,0.415303753989446,0.439443365098385,0.127736402950341,0.181096932106951,0.249557036933639,0.360694403822873,0.898098311999785,1.19691885701824,1.74728792233667
"LARP6",-0.969930023692773,-0.897118060924551,-0.933923753049382,-0.676277452361274,-0.982749431062732,-1.36827379700277,-1.13466507353668,-1.07326189473992,0.188155752230854,0.197199321246067,0.330864313671704,0.246900172072457,0.0690009615944471,0.0187880263863803,0.406863523223791,0.300367466548977,1.30853099805989,1.30101902613077,1.77083380784964,1.89767611735511
"SEC13",-1.12830740429327,-1.26147979674891,-1.39566460414115,-1.02484443911942,-1.31222143453258,-0.579131137922022,-1.56633102603255,-0.747375759057638,0.392215837977726,0.949305503357833,0.669468496323713,0.649372678571263,0.539094655246998,0.152252916396698,0.420513576431998,0.737950869780698,1.05185683431913,1.09461372079858,1.28349458420944,1.07521592843346
"LINC00623",0.0118505993589358,-1.0648097702832,-1.44523997853527,-1.20320820608792,-1.46472451964644,-0.979065113340871,-1.20570078706664,-0.905455720041031,0.0794455892446394,0.5690709008984,0.61990506795878,0.808985270456768,0.0554176057945214,0.0479484037636029,0.666108927280174,0.123579876487628,1.12427629880211,1.1769400562189,1.58035837041642,1.4043171283205
"RPL5",-0.288333676091363,-0.287484290546314,-0.369562249757873,-1.05878168841512,-0.394258884757431,-2.95030215165369,-1.64223577374889,-0.722394680557188,0.84888598233517,0.775296560647668,0.426230409581453,0.786651161813409,0.96512537053917,0.882596460074129,0.720632263713655,0.352456110433676,0.318894365325927,0.59544126859288,0.62944846819823,0.411694974272507
"RPS28",1.04073371010035,1.54678746612168,1.69957583963513,0.585508763591906,0.679975075876062,-2.51860123759063,-1.75875828507454,-1.47251630203915,0.0276045058333538,-0.0715118926040408,-0.10909366040238,0.220195205841734,0.114144406862581,0.228767355929132,0.187742250562109,-0.125874008859725,-0.131460097632835,0.0561872901464065,-0.0632912118967967,-0.136115174400347
"YBEY",-0.798658047502112,-1.31448524520078,-1.18691329469412,-1.32369612413842,-1.31672299750657,-1.0411207036902,-0.530064709976159,-1.47505432852778,0.389066607159915,0.509591539310659,0.642421355670407,0.43865249047155,0.554866367196057,0.999359722590038,0.751185542290913,0.258762378155646,0.718990381376878,1.1815172582431,1.49509552446573,1.04720628430525
"KRT6B",-1.60604348083688,-1.17366719992553,-0.824161628383021,-0.83976089762631,-1.23890181568188,-1.72811311967354,-0.832685555858452,-0.0423144110090722,1.18946119200803,0.895593547045542,0.733755492113863,0.69909650852789,0.918633647988744,-0.00561781686852743,0.19193486427986,0.144405195507951,0.104986688014522,0.659168869834011,1.20650798968268,1.54772193086011
"ACP1",-1.10030602278198,-1.266504909795,-1.61588996039633,-0.933543496899422,-1.06720107971654,-1.76067620915755,-0.778469549221843,-0.612792453923625,0.71104255092846,0.936296846361142,0.831865684229023,0.825436005270978,0.390566804749904,0.323991453436562,0.660347434032375,0.671662540947535,0.973090939979864,0.95324957844527,0.946455770269248,0.911378073241932
"RHOBTB3",1.04770452727839,-1.01835825414004,-1.46277176482281,-1.20339093055048,-1.4300591362709,-1.02763003501383,-1.06058243999456,-1.08261949319377,-0.247418762334576,0.147657255883781,0.126141598176857,0.276278089206572,0.380213025843267,0.741152848876719,0.492372516439849,0.349618893174158,0.737008746144685,1.39612025195434,1.16971121249525,1.6688518508471
"PSAP",0.283055558330217,-0.49244734622253,-1.09806801654186,-0.994108367476902,-1.59236280079331,-1.44183414582885,0.346255708196618,-1.47900702448098,-0.553114610513166,0.106329290244631,0.283067051173354,0.0242669844876857,-0.285033686478216,-0.00493123609309389,0.590572888003864,0.81516224688559,1.97461227363273,1.24234556842266,1.27572264495313,0.999517020098445
"MYO10",-1.33708285578618,-1.36428711593736,-1.57087634230553,-1.03344589149425,-1.5958147829655,-1.10357958794278,0.77448274594063,-0.751761653168523,0.346752398437565,0.676497710796991,0.622002281354366,0.525212432632223,0.253080730594563,0.365588860375149,0.377201277502394,0.300883019225746,1.22593854987545,1.06558580921239,1.33984719862401,0.883775215028647
"RPL28",-0.884008171370445,-0.777470518027962,-0.670654953518465,-1.46411870391161,-0.562070451497415,-2.64986997740351,-0.87676639563865,0.270272610866206,0.832800793146815,0.638301898209123,0.710895802600725,0.908751045449283,1.08077170342331,1.18541503716726,1.05672803610498,0.773097408428678,0.169758115151702,0.302527382278927,-0.0206910286577554,-0.0236696328011905
"SAA1",-0.279945830945494,2.25903698181724,3.13901914415936,0.754482019095799,0.677585087336974,-0.513795174653548,-0.513795174653548,-0.513795174653548,-0.490977477616208,-0.381501088935316,-0.314067663069927,-0.406901946158263,-0.402813143415874,-0.371507121812012,-0.344273240773541,-0.337116428209804,-0.460043767013281,-0.490535998589896,-0.50551400055342,-0.503540001355686
"ACTL6A",-1.20545758809394,-1.3933247272654,-1.52736990457537,-0.99025894823515,-1.21901920337036,-1.68090289109279,-0.688229160442963,0.0643224775950854,1.00536147449117,1.14852070313737,1.14588266119337,0.605876449414766,0.644224576644404,0.438961995866418,0.236456869518878,0.618679551925656,0.289369443258449,0.432639291127979,1.14720251455678,0.927064414345645
"ODC1",-1.26413709407695,-1.19701381085272,-1.07348423237315,-1.04173209007821,-0.989124890560562,-1.47630470451854,-0.69985577571935,-1.01317632921344,1.11194122839202,1.49093692236463,0.962510175868367,0.557230081828171,0.715794285116311,0.236088442989942,0.152518592360392,0.236073124744525,0.12277752561504,0.652052735095339,1.4890928915949,1.02781292142328
"CDKN2A",-1.51650692560749,-1.60714820614072,-1.59255414422862,-0.801538948564312,-1.24490068816305,-1.30517475892575,-0.807371867754098,0.334855818668742,1.02758708562048,1.18800034812543,0.9289174158191,0.922068732248178,0.727464020815331,0.388389627540382,0.476881925259929,0.479303097410137,0.306849792683101,0.5229262351678,0.804010034380015,0.767941405645405
"MPZL2",-0.806022217654835,-0.768566494664741,-1.14379366341939,-1.33799074316941,-1.61587218181073,-0.953431064494389,-1.25424699924187,-0.567973198054722,0.0680099261810276,0.547068493804041,0.550826844693801,0.39718785982281,0.214243063480724,0.250558647023218,0.261159497397091,0.616810549166278,1.80970087426791,1.20877317984896,1.22565816666563,1.29789946015861
"FXYD3",-0.104833305302209,-0.813387027040661,-1.00160820118558,-1.48303087806222,-1.98250792303402,-1.9291713674197,-1.21430565470556,0.361311728274307,0.808349151717175,0.644838948389983,0.701086094603007,0.871513084515547,0.807904580015823,0.744981004435814,0.837961405110687,0.61752231704729,0.51125761203097,0.791762391007123,0.307595261452459,0.522760778149765
"PSMA5",-0.662068879357606,-1.24634556714718,-1.44100597159239,-0.846705032371256,-1.05986343085122,-1.84833239215007,-1.02981235481656,-0.873851141749493,0.560750205625446,1.156554419335,0.933938827664381,0.377603972844443,0.818272081656318,0.5373780502468,0.402792425547557,0.467205426320575,0.624534893842971,0.736126638898089,1.35549923338408,1.03732859467011
"MRPS6",-0.832531170649124,-1.18251704755392,-1.07107680296168,-0.831792449716908,-1.47313232341387,-1.6370161965216,-1.1920997388468,-0.745144868242676,0.861699853846716,1.25028261755056,0.931654319760178,0.604416348129622,0.482754100755484,0.101421358528577,0.239643060454618,0.488589137285978,0.78259917132551,0.84992703959923,1.27521907279359,1.09710451787651
"ARL1",-0.453964007418144,-1.07276543720525,-1.34767487184677,-0.986520110402802,-1.32398390729045,-1.19947873547231,-1.50744581638731,-0.551672860778269,0.0957705543773116,0.378038006453038,0.517975095714891,0.240461828824,0.130919053703078,0.143240312989994,0.619838546025836,1.01993642704823,1.62840713453891,1.24687497983849,1.2626716280402,1.15937217924732
"P4HA1",-0.614935788519988,-1.00407880898899,-1.09250495842077,-0.50490003068299,-1.04554233159915,-0.171073473837744,-0.453882955228521,-0.0203776864130641,-0.698315190674058,-0.684615196225062,-0.194442942361154,0.168843395382111,-0.642779854808989,-0.251887620995834,1.05746410657347,1.3659546368618,2.9380432931608,1.06873024223655,0.0198216155940687,0.760479548947521
"RPL18",-0.321710297992673,-0.138998628893765,-0.204468935125131,-1.45092891384165,-0.195110408266746,-2.84259776442588,-1.77340238891944,-0.576662080953179,0.619778131734917,0.581617586724199,0.496812841526404,0.836933172878941,0.810995626346225,0.917182561981545,0.871224462939992,0.618390453977828,0.521478155036982,0.565185546521164,0.410194663830798,0.254086214919472
"HLA-DPA1",0.585010696108781,1.4713164523507,2.08300278164241,2.99108043916831,-0.279848568846166,-0.461062336061467,-0.461062336061467,-0.461062336061467,-0.461062336061467,-0.453851387987351,-0.45928608719474,-0.461062336061467,-0.461062336061467,-0.442796669971406,-0.455961868553291,-0.461062336061467,-0.453532688155273,-0.451566554728556,-0.445067855341678,-0.461062336061467
"DDIT4",-1.18655678818476,-0.828746614640165,-1.14679505189764,-0.34957198265105,-1.4773068829918,-1.4191409194817,0.124145278748848,-0.854687443109302,-0.0217719030336371,-0.121568960135813,0.155491939031079,0.117449081775783,-0.16783409199767,0.0213210753336311,0.703844047725965,0.740897954742672,2.34291071489294,1.20003825518993,1.32916545815992,0.838716832522773
"RPS15",1.11832487238998,1.24524327843722,1.20537754571243,0.349515699253214,0.974144799411246,-3.12507001062723,-1.2456114354383,-1.23228478625278,0.15439561793876,-0.0235345081140372,0.0186651340090339,0.322779921810782,0.372256714243473,0.475739907029862,0.283791432947383,0.015295813060226,-0.17180989698898,-0.0577089736249593,-0.329527031071841,-0.349984094125487
"SDHC",-0.766539696527165,-1.45650735589935,-1.72105166426247,-1.046318194421,-1.22883708970894,-0.959705817638716,-1.18274438890096,-0.904508008038173,0.800565350067954,0.75332173302418,0.70543046779823,0.594168281656791,0.765569718887316,0.728874099989437,0.532016823482762,0.575705458280061,0.693003441993175,0.816349316877164,1.13123876111921,1.1699687622205
"FAM162A",-0.51565688460481,-1.0992759869451,-1.06419659129412,-1.00509996082303,-1.11091337728836,-1.65480847085301,-0.925834559428034,-0.736495922468818,-0.0115539243648239,0.562064590176997,0.677956569627553,0.605127357619946,-0.134366126984697,-0.0657229034770998,1.14895742453065,1.54292277138714,1.98415244687398,0.536138110663501,0.388923008100188,0.877682429551947
"SMAGP",-1.27921817017159,-1.30633892356359,-1.14824507229609,-1.32241544034433,-1.40134888034639,-0.950605251202438,-1.17139016217956,-0.807941487929853,0.539536429210924,0.636869124436588,1.08047085161847,0.777500020019185,0.863588614338839,0.831469202723372,0.772660569922207,0.601591204527473,0.629869809850222,0.670907523175492,0.892192444008964,1.0908475942021
"FAM84A",-1.27530539455533,-1.16458941385016,-1.55071490559207,-1.55666046641763,-1.71586213748066,0.177823781060929,-0.240071086567095,-0.739233265138069,0.482269637861882,0.194571172728148,0.382810506460109,0.910521686944723,0.306042474920832,0.0396214763160839,0.423794649849802,0.509166063155484,1.27334141001642,1.19980784286718,1.28182385438453,1.06084211303488
"RPL31",0.227766892919048,-0.820828765439367,-1.10179461479317,-1.73764045439045,-0.853558559339988,-2.55192455551864,-1.05308674487622,-0.00177674784913863,0.667094459146637,0.496710090217135,0.424158036049197,0.791668934687346,0.862714971856163,1.02834847616441,0.920159929802521,0.629918591459822,0.595074351444575,0.683208964366582,0.472883093532086,0.320903650561462
"TMED10",0.505651304912789,-0.573575897145811,-1.06200626481405,-0.95775648388838,-1.47935666984203,-1.7847717552135,-1.13880763082297,-0.757396905646834,-0.162453236225034,0.0351002775196237,0.330441826910191,0.0242729669392237,0.145607064898758,0.239669703108357,0.430650505442447,0.434013189067921,1.36198729011895,1.15488846928944,1.46361526499993,1.79022698039099
"MRPL47",-1.28462538555425,-1.46287468464725,-1.63432165217597,-1.00401508823039,-1.19817232143427,-1.32575739219899,-0.898577715503249,0.668328982101943,0.981951044525689,1.14492637674075,1.00560935714345,0.426617843991503,0.692002545173746,0.29141333183578,0.179190741593248,0.292453429624843,0.357028074121224,0.519094145806783,1.07011405984588,1.17961430723952
"PSMB1",-0.860121707453103,-1.17785827430084,-1.27414725745326,-0.791600249336085,-1.41710751655364,-1.30380329202819,-1.519543465142,-0.309130580953504,0.835229892779694,1.01280611792836,0.738699132790383,0.517985467374532,0.368752460654193,0.022231676484172,0.320122235923241,0.237115518487411,0.693319982984711,1.06587871322283,1.53154859211609,1.309622552475
"MTRNR2L8",1.08454243788861,2.1000964175495,2.84128791310651,1.34322039842026,-0.375896588254825,-0.630237768808333,-0.253855902318858,-0.630237768808333,-0.506363038283753,-0.43482795090207,-0.467602580028969,-0.444484036251565,-0.471191941843932,-0.451881565648695,-0.382494230300763,-0.334704402423563,-0.454226583738177,-0.483685779352271,-0.501788505059565,-0.545668524941206
"CCT8",-1.05630231827128,-1.37748323814143,-1.46375442234964,-1.03555351877105,-1.42517914812755,-1.26295926090928,-0.780898479882448,-0.614097962850115,1.18192941220888,1.26513134579486,0.854239834207221,0.734373305030177,0.675114420802376,0.396949407179188,0.395705892121379,0.3805246207932,0.237813261044235,0.684582195751869,1.17726218851381,1.0326024658556
"TSFM",-0.464921549772385,-1.049493282604,-1.30989695976901,-1.23218072540569,-1.1687908139369,-1.47926138784555,-1.47926138784555,-0.890663836171264,0.490203568468701,0.87439065564307,0.878874244362935,0.30759551779354,0.797751115901152,0.763859950946942,0.646716753822782,0.875250310159038,0.281838655394114,0.660181250292805,1.22020440196082,1.27760351860444
"PCMT1",-0.637523946671374,-1.15509301484326,-1.22272120434409,-0.583285707651583,-1.20439437269248,-1.83396227107879,-1.57658472741424,-0.1099783922078,0.504377578144166,1.00211902893126,0.82051910364288,0.373758367479799,0.0737277444200613,-0.0161126236800364,0.356403711307558,0.567080376268507,1.22100354872831,0.838621822410527,1.11947629785466,1.46256868139591
"RPL22L1",-0.92266588761348,-0.762624910829833,-0.911735929259214,-1.33035261220086,-1.42512008373929,-1.58161649355491,-1.2806188725043,-1.04972835545488,0.47884816436046,0.922441780791295,1.10409700526744,0.943091468623011,0.540773817318364,0.396860556974761,0.829825152066017,0.964399639243374,0.924028331898206,0.845070565703562,0.686845522016346,0.628181140893928
"PSMB5",-0.67542950200485,-1.21406329682415,-1.25360565713265,-0.605716671328367,-1.08156155306091,-1.74857129564869,-1.2901556466756,-1.31333041109022,0.762698923088225,0.770557831774036,0.783149160645868,0.586277587072703,0.635893975887619,0.637690317989498,0.672910883458313,0.559180054580933,0.550978683442697,0.916994838017061,1.11924353160817,1.18685824620031
"DLX5",-0.896142599333247,-0.896142599333247,-0.860909744131379,-0.421397274377175,-0.829584041057131,-0.896142599333247,-0.566169366995486,-0.233683949225552,-0.310271045129731,-0.181840293505507,-0.0552952198492536,-0.221295701305922,-0.197593384931644,-0.219810584987622,0.364867511771684,-0.119810869868789,0.580266400508672,1.14208636066481,1.72363105405601,3.09523794636376
"RPL21",-0.231151221468006,-0.268675439718071,-0.306933943817627,-1.1092446279518,0.495364794693588,-3.38430112441699,-1.48678496269142,-0.0155291719720628,0.744431860814514,0.442482431482972,0.349433832020032,0.62526414011038,0.707351078601029,0.788744182747107,0.682630310820967,0.370012022772812,0.342280461879951,0.469687539731768,0.446731006425956,0.338206829934903
"NNMT",1.74190012807806,2.16341501077103,2.81822219893868,0.247290531011632,-0.00152743394256644,-0.514421474150664,-0.514421474150664,-0.514421474150664,-0.471730265144102,-0.463734590187583,-0.393520050595623,-0.414149707395549,-0.514421474150664,-0.509093380472715,-0.425381198607728,-0.326419753763617,-0.438058687580984,-0.465375624444723,-0.494719528647539,-0.509431751414014
"ADI1",-0.903511229252671,-0.900643210750672,-1.30179101843473,-0.863289740383121,-1.38178100190974,-0.900364602541159,-1.41861578527423,-1.04874810352898,0.624574949276661,0.99032490792682,0.597933624682326,0.421668251410804,0.243686264495034,0.0241836048577858,0.294385221194543,0.356668576744062,0.980028521349851,1.13828903323675,1.62834630602039,1.4186554308803
"EPCAM",-0.757542866023236,-1.10022563776482,-1.68089952336816,-1.17284670970809,-1.63651698898415,-1.38202257711841,-0.525064656346832,-0.835162657052833,0.544535914388653,1.13911067988457,0.963635472634968,0.527178414360939,0.669269839408184,0.472333543679954,0.479463888989645,0.763326825409147,0.801879928145758,0.922981501656466,1.04880348864407,0.757762119164181
"RER1",-0.131503946770141,-1.07524637167266,-1.32522194644632,-0.779493436616011,-1.27130653265794,-1.42683175826506,-1.81927844287084,-0.709138463142027,0.421468462667769,0.535457745921821,0.814116616122455,0.354702633801753,0.336499239421487,0.135490762642739,0.47775547736209,0.549750888925631,1.20409715120636,1.07210516735705,1.25518562385182,1.38139112916002
"NEBL",-0.726841624177736,-1.24068518054394,-1.59024338644349,-1.76065239808699,-1.87861125408769,0.382363068343197,1.12444951976609,-0.914969891165316,-0.225961929236097,0.776587507848447,0.471876070563641,1.04735246305622,0.026130883026268,0.129634030024165,0.508815676951718,0.595545294349596,1.22754929897464,0.781059578818063,0.670742409186839,0.595859862832374
"FABP5",-1.15474190869306,-1.38795287422508,-1.38758545995114,-0.420113552718368,-0.642390741832843,-1.40693415022151,-1.10513876437549,-0.573260367365878,1.02649859954544,1.30471788775339,0.729241063593425,0.567240266160112,0.319439487948792,-0.325228612661465,-0.0356247107308377,-0.0195980211813819,0.559476631973506,0.887379388261121,1.733410999178,1.33116483954327
"KRT5",-1.84272367165985,-0.899876153289107,-0.0191886355515554,-1.57164357808388,-1.68243299852834,-1.28223506321766,-0.369702979097288,-0.0950181524456385,1.24807208375376,1.3405421275997,0.806517850852164,0.689848744760793,0.787392562677146,-0.0228212130650426,0.021451699686236,0.0957429436387677,0.266416606727162,0.423204527463962,1.3020815438335,0.80437175394516
"MALL",-1.27873068370592,-1.2094587054177,-1.36983535626935,-0.892492788310717,-1.22843399676664,-0.812320014766882,-1.15282333029648,0.151399477781734,0.670519191608513,0.406866654175333,0.616742155580698,0.220212760293375,0.415283358603369,-0.296197631533539,0.0113442716360039,0.0382812580077584,1.18755127570974,1.1784105003868,1.75371492316207,1.58996668012182
"ANP32B",-1.25071441109883,-1.29667604613109,-1.03495841549647,-0.6741482779338,-0.874877158214287,-1.79876941886619,-1.31453613860241,-0.807349362746862,0.599740369973886,1.06981411151143,1.09468372453217,0.564804845889016,0.782269069814119,0.486269353414485,0.431599970631932,0.417746945537513,0.563974392391421,0.639507556260797,1.14475171897958,1.25686717015359
"ELOF1",-0.845378714109967,-1.0223443382518,-1.39038386453019,-1.21258704270491,-1.15148917366641,-0.974440774553348,-1.08105443421771,-1.22537305711621,0.587009336450164,0.917806673607102,0.615816103475435,0.221317508709437,0.464573320730744,0.281259892820811,0.249717154530021,0.470413486596503,0.993649403602846,1.14255430665633,1.59516934039408,1.36376487157706
"RPL41",-0.0155329026814249,-0.121493642742729,-0.0188167693842509,-1.66252392991327,-0.473574484718211,-3.1524942911327,-1.33694596053127,0.755509949432639,0.531398221019389,0.343575628551483,0.456382141228089,0.74332181096765,0.757983701748956,0.929015698753283,0.776745270725968,0.487220394291914,0.286670155741443,0.312902478845083,0.204075998177462,0.196580531620508
"LTBP4",-1.05469800181182,-1.04072882898994,-1.25031701771074,-1.17204964641043,-1.48428794433234,2.37605537243753,-0.580341664567906,-0.839365195103491,-0.300652385259409,-0.118821993199495,-0.061556945064313,0.15349004330213,0.0149583207475948,0.375703859125005,0.340797785253972,0.492524503453405,1.16794978907616,1.04774323247316,0.882560468528585,1.05103624805233
"DDAH2",-0.0450010895236483,-0.868045813776312,-1.20456571652168,-1.26654449695235,-0.993604594816454,-1.91829121375865,-1.31543448463639,-1.33966253446687,0.451717109245336,0.616113867493126,0.905336132444141,0.591753063045778,0.916181670647596,0.862288980126669,0.789379587212147,0.547569061615211,0.627212381774014,0.924707676332896,0.937221157792936,0.781669256722503
"ARL6IP6",-0.961395314695895,-1.17855590933959,-1.19112676418251,-1.20628489660866,-1.49272642935539,-1.6201252185766,-0.850511632753049,-0.378166850745765,0.272270439224692,0.667921306312693,0.608528577333476,0.644007514028638,0.56911839804494,0.364589142137243,0.536502191023405,0.747090840808866,1.08069252232255,0.734202433946112,0.968815459281105,1.68515419179373
"MT-ND5",1.27773645901605,1.54254665679253,2.08763029805359,1.84268373691713,-0.81100094530156,0.613802786612715,0.559781273368007,-1.80081220683607,-0.511648421777649,-0.22616480855842,-0.336412932373217,-0.441686197776036,-0.275874842369674,-0.44106914780543,-0.551737369655909,-0.628741878507025,-0.803934281633097,-0.385914519608172,-0.405651623867957,-0.303532034689809
"PFN1",-0.501270716764866,-1.2127973317637,-0.975194367454846,-0.831561847878929,-1.3583541094037,-2.34082376646023,-1.32419757466075,0.120860188633596,0.926750691724179,1.04414419476817,0.849001516014747,0.713364098505969,0.601481690675332,0.337326736710749,0.416556822403188,0.431770716804975,0.52228956732977,0.706073528873207,0.937907693603829,0.936672268339293
"MRPL9",-1.02519092605602,-1.17865712319123,-1.23118820551731,-1.09589318744197,-1.37050838201165,-1.21847225794821,-0.921076471439802,-1.1423545025603,0.991231322031951,1.21636245965741,0.950363005819018,0.608937783332861,0.762601210387156,0.382554314866493,0.416783404239968,0.389572784533248,0.415510979699946,0.602519424625048,1.16093976480865,1.28596460216475
"IGHA1",0.991689384718992,1.72931039085149,1.84289891037685,2.78247940057152,0.135557534667242,-0.524359494470416,-0.140902698600274,-0.524359494470416,-0.524359494470416,-0.524359494470416,-0.524359494470416,-0.524359494470416,-0.524359494470416,-0.524359494470416,-0.524359494470416,-0.524359494470416,-0.524359494470416,-0.524359494470416,-0.524359494470416,-0.524359494470416
"TUBA1B",-1.50145310029289,-1.32296899554004,-1.19593780312151,-0.872573449045341,-1.3837302416776,-1.37415443355749,-1.09102037907467,0.500876736404152,0.70740910370362,0.988412571894632,1.31623374164045,0.356692181863413,0.569712787235965,0.301929455943134,0.119016777770014,0.612624273104616,0.436138367000189,0.406400348027414,0.97012720550554,1.45626485221641
"SDC1",-0.519479626367609,-1.00585602761759,-1.17388178576683,-1.39722772047307,-1.595819002737,-1.73221712950814,-0.444934901949796,-0.197618964851728,0.572114234813651,1.44598896431474,0.91443488004714,0.608474356105762,0.00533818571887013,-0.257946815844329,0.086600392505928,0.400071870324284,1.05982752199714,0.959550073857907,1.38009273391616,0.892488761514517
"GMPR",-0.615822268885891,-0.760533162787201,-0.883985988218781,-0.991264544881203,-1.04678766634725,-1.10173490409191,-0.105045403819319,-1.10173490409191,-0.504423757097236,-0.184225424793179,0.147479483637597,-0.096573572947908,-0.0846454306534301,0.255941988882692,0.432268673829097,-0.0205274442629978,0.995534909135118,1.37714032184587,1.94526508101346,2.34367401453438
"EIF3L",0.165020327301363,-0.519229295306999,-0.545239076164538,-1.26478665676143,-0.878565199939276,-2.49869714344091,-1.44719324023882,-1.01497895158338,0.055220194506749,0.279215401940313,0.235262796594763,0.692858579196166,0.645729199041464,1.02914409580959,0.525152840241017,0.5558821714731,0.88977451772131,1.06893883616343,1.0388982067101,0.987592396735985
"RPL37",0.738919384552229,1.14408902827215,1.40653442524432,0.656553014276792,0.949984075122802,-3.35452018132039,-1.08653929399198,-0.901335672474293,-0.00679648637580847,-0.0959618020597054,-0.0894815625188821,0.155973534227576,0.313596387838108,0.442887405849196,0.285733179976375,0.074972621951508,-0.134705283738098,0.0244008695442016,-0.199404116341821,-0.324899528034283
"MRPL14",-1.02168691419857,-1.15410869610491,-1.16019849718611,-0.429671146183382,-0.657198446048924,-1.56420720435497,-1.45170510911614,-1.63992342173651,0.687471479941503,0.863222170667977,0.846586865839152,0.538618380263075,0.623459945160384,0.39482541487758,0.543347956095547,0.695810688472181,0.825387434609092,0.81421811477897,1.08051551886324,1.16523546536082
"MAP1LC3B",-0.459029003249659,-0.407385433272132,-0.628291129674148,-1.29541748863034,-1.78901597597466,-1.13328896221454,-1.07202827405945,-1.27323654126675,0.25800132222413,0.307985329280162,0.485690912469968,0.391158813806325,-0.0936207587128637,-0.0105084270191662,0.466820101511716,0.573959043898236,1.46924115386005,1.15444524765998,1.40043395370578,1.65408611565736
"ATG101",-0.773103548377571,-0.87698817811783,-1.1057320872207,-0.960306335831927,-1.35254558300436,-1.85380816515937,-0.901841457968966,-0.793915726506439,0.144227219674051,0.449481974778461,0.838601493021996,0.413475103760782,0.521809944895977,0.198515575824183,0.500833043113902,0.413804405686557,1.483063048179,0.853887380315225,1.17909474948731,1.62144714344972
"IDH2",-1.04880285282306,-1.32320801466731,-1.48407916091497,-0.767164033174759,-1.01136712795983,-1.65137000553728,-1.26544837810158,-0.582683461582055,0.188923989588891,0.647420341939846,1.05304030783946,0.601548795942192,0.590217767871384,0.95606314364297,0.772424235166586,1.10935457704847,0.618203139144546,0.745162820043013,0.931232044505418,0.920531872028069
"PPP2R1A",-0.664804302245645,-1.17262972810111,-1.18658824532105,-1.33371053166487,-1.69878045649937,-1.51612164977713,-0.837349312825097,-0.795003358236817,0.752313737033366,0.812257063983592,1.10880141827714,0.686560322615576,1.02312377893751,0.786209279270827,0.667447449480922,1.03261001672566,0.538041519397013,0.534354104364245,0.597224635937518,0.66604425864773
"TMEM134",-0.315178211954884,-0.765525679927561,-0.77498234268131,-1.03165053503013,-1.40678474355292,-1.82625145034367,-1.2169146822489,-1.07839446948745,-0.174192947261962,0.531072540632266,0.643604121245004,0.502216157835447,0.162726691086104,0.279331011343376,0.617901157291977,0.651757789413939,1.46174708189731,1.2225839698557,1.22066003248728,1.29627450940039
"EBPL",-0.244569864247635,-0.834777496412004,-1.0661441007541,-1.02655127356281,-1.32467607611621,-1.8663692698482,-1.25324631259518,-1.24350060750119,0.378730236807238,0.85319236607151,0.588382082268906,0.700401714729053,0.623428314776183,0.455007371830288,0.618019339521799,0.382126433243043,0.677025085724079,0.925888111937096,1.42604487590133,1.23158906822681
"RAB5IF",-0.947932639867924,-1.18253743006042,-1.52966012613566,-1.01616277411813,-1.36905909079555,-0.496241882426339,-1.47260347262549,-0.97440248365294,0.712022867941315,1.44006338714056,0.996796176106131,0.637570801901112,0.484630422338265,0.208767654761352,0.405096475408264,0.534496320864127,0.679618275701126,0.660147544165146,1.12238061533901,1.10700935801605
"LMAN1",-0.678414034963554,-0.889043421510342,-1.40010898720165,-0.855919412205953,-1.39881306593326,-0.877284622956426,-0.376069215147997,-1.62444750163922,-0.180777532252491,0.215473814394901,0.296503485338221,0.227056084530365,0.089367795820328,0.153246194389089,0.745425650037874,1.10657930348943,1.60061768196275,1.33852312870904,1.15206912791672,1.35601552722219
"CCT5",-1.31406453929306,-1.47965845982898,-1.40568850315629,-0.81758371522926,-0.876377376678668,-0.547063332406549,-0.779537425354436,-1.30954810166126,1.16599826263764,1.19596137251104,0.899719430107086,0.198987904321981,0.808518649318062,0.251468182532221,-0.0886113856498759,0.355855802782182,0.188249296578848,0.737200371753835,1.49417326760932,1.32200029910618
"DGUOK",-0.79332782916335,-1.09753904168769,-1.28113296739035,-0.63007431629743,-0.998245954443488,-1.01542047928145,-1.6832624089437,-1.36618017910294,0.294725517658066,0.739235972953416,0.622300422701012,0.526068535999049,0.544639960488561,0.132440920747059,0.651726297625587,0.390313397675518,1.21251664103578,1.07248087135116,1.38134349916049,1.2973911389147
"MRPS15",-0.730667617237592,-1.28651722851858,-1.49298922182977,-1.07358041854739,-1.24046110792757,-1.04280913774632,-1.00714172952085,-1.00256921686867,1.09946251307854,1.48367588956036,1.00018203630854,0.718277357697673,0.76194954054152,0.318434753145675,0.200781774868113,0.396731769106015,0.127719742350882,0.40529928748985,1.14815188331563,1.21606913073395
"PTRHD1",-0.145894622207021,-0.59413175786635,-1.17114094886966,-1.36563608068476,-1.43834536595874,-1.75378890872103,-1.18887182267381,-1.24164854526557,0.397444288226597,0.816772052823615,0.646464942049465,1.14368586683016,0.605021259927848,0.578748545840054,0.731132851597956,0.432155972410743,0.536609291407008,0.944380937866334,1.03191187908478,1.03513016418239
"TMEM14B",-0.651962660035812,-1.18984610867464,-1.34588891471989,-0.720610872032592,-0.886811299446873,-1.92860808919599,-1.70937469102681,-0.608458323239722,0.570705727500163,0.950225602805395,0.831221487840304,0.717404153623928,0.738911341971556,0.623123470564378,0.638822510955431,0.737891156697168,0.56571485941492,0.833146920810293,0.996625633645462,0.837768092543338
"PIH1D1",-0.636454145557932,-1.35177356144521,-1.51280637200719,-1.29431837137843,-1.54789912590954,-0.807801356622123,-1.38185278457236,-0.443742128372248,0.685595403622964,0.852328657674672,1.05280462561037,0.502568373765339,0.649464986884291,0.276068661835201,0.454208926430457,0.612506533276918,0.898084228613538,0.616490403359217,1.16267308444442,1.21385396034765
"PSMB9",1.73448483374961,1.52105340886309,1.20696348740875,2.6879178918125,0.62811357177836,-0.614600703481538,-0.614600703481538,-0.614600703481538,-0.614600703481538,-0.564287744781681,0.186715930855094,-0.499033447857558,-0.607743644746232,-0.600227029529665,-0.59937417225693,-0.501225921785138,-0.463799470777953,-0.589837342511383,-0.560296785444465,-0.521020750850253
"CCT2",-0.684229340125047,-0.930473697897566,-1.04570181490034,-1.04223910398989,-1.14371669302661,-1.84452777121062,-1.15208944851771,-0.955470792099243,0.614295974409436,1.18112953275248,0.882952228146418,0.31478135370652,0.951623512752189,0.578991876853996,0.215030226869468,0.335940807845816,0.185480099387491,0.80674007889482,1.55138301289241,1.18009995725598
"TIMP1",2.67420114563948,2.50943303301354,1.50099595758328,0.366519796238163,-0.26321414708259,-0.502557755765743,-0.38380834292758,-0.502557755765743,-0.488495997736572,-0.471196335956686,-0.462186903885308,-0.486085003807309,-0.483052318614327,-0.455143134224451,-0.437159831255758,-0.380500836308845,-0.428006876962726,-0.444889571868492,-0.466659290743486,-0.39563582956885
"NCBP2-AS2",-1.22673779033641,-1.4678023170866,-1.35095021697186,-1.14704830829386,-1.33894371033686,-1.27598915696402,-0.616024634212361,-0.57031567474425,1.02332556637707,1.36486075919145,0.963648650352775,0.626136436915536,0.770212739177704,0.297299505072645,0.301769734568684,0.458101189887091,0.433358705077289,0.619847496921143,1.13588376892314,0.999367256481699
"AL139393.2",-0.550479398022116,-0.467571004167417,-0.460640998518893,-0.53751202003511,-0.582121485664738,-0.582121485664738,-0.582121485664738,-0.582121485664738,-0.250548869910058,-0.316573014868332,-0.350430984147641,-0.121737396596756,-0.366880798681939,-0.422689664529612,-0.281075073256024,-0.184092977924216,0.281622562605056,1.14326953871773,1.92992161990555,3.28390442208873
"MRPL34",-0.714890908164006,-1.1283040173727,-1.27596748083435,-0.26946489072432,-1.12983192961949,-1.71859085886627,-1.37808483860864,-1.11767653888928,0.0752041347301871,0.578400340500946,0.669052077951917,0.304282343935485,0.963426274660274,0.74337799956203,0.508001732785461,0.667015608791969,0.52047009480732,0.91244063723914,1.20335052255252,1.58778969556181
"ATP5PD",-0.770576918967465,-1.34754289178309,-1.26724774718829,-0.939996453367591,-1.19833495930357,-1.82780887490256,-1.50523427382758,0.25251791518905,1.00264367900559,1.07354073541132,0.879108000087954,0.661610972252448,0.765106867208888,0.442701376654086,0.427834888264481,0.561259425781054,0.286276694783246,0.50967489143705,0.907795265775634,1.08667140748935
"ATRAID",-0.192080674224027,-0.908037634451162,-0.899145697470206,-1.3934452799459,-1.74480265647638,-1.58352191249561,-1.17922413233361,-0.769363424089483,0.253922726815674,0.857180165155984,0.93216502530871,0.691819938943059,0.179824652788918,0.0601125191858065,0.611006270995745,0.827291817470557,1.24152176187086,0.9395305973198,0.903154409921841,1.17209152570944
"NDUFA8",-0.719431123769433,-1.20163025383486,-1.21502905327334,-0.976498142537178,-0.914388642743956,-1.85310091434709,-1.11597467980124,-1.06359466402229,0.78886480384415,1.18445769257112,0.850541188123565,0.68884965350813,0.67376726796445,0.438811877308427,0.377022384668632,0.290280697932909,0.558334617940442,0.796587212756512,1.13411583368033,1.27801424403071
"TFG",-1.01029814467833,-1.28695954487338,-1.39316612656512,-1.27625520555145,-1.58216098250409,-1.3069182655288,-0.553962251523976,-0.66583646363869,0.51680558321625,0.864389939889003,1.01747520266579,0.603397610218139,0.263937356539214,0.273417270502817,0.799533305389608,1.19627159080299,0.979102177143086,0.823152486894266,0.777390147933931,0.960684313668736
"NDUFB3",-0.704276474356273,-1.21558301359487,-1.41176230644515,-0.723812551673348,-0.982513125466608,-1.86744475447449,-1.3087804020493,-0.868777876285642,0.82711487332103,1.10876158262877,0.844162961666311,0.785338261941279,0.629335180823597,0.501541739667072,0.561476425329922,0.476048757549342,0.392081466470507,0.761939965276633,1.01674194877618,1.17840734089504
"RABAC1",-0.0132256928324765,-0.45830348436286,-0.363970944470793,-0.362857367302908,-1.42131583317189,-1.66291216100983,-1.38850158962946,-1.13444156945463,-0.397957298436622,-0.1453757658904,0.109224516924445,0.0930357259555655,-0.241657194500895,0.0590228070783712,0.788623019294075,0.532978680663016,1.83460119488724,1.63757063712177,1.04900202542683,1.48646029371145
"GRHPR",-0.675957307622774,-1.1790100436506,-1.24359751185204,-0.911068780344575,-1.28446676623869,-1.78040957757877,-0.723281353514478,-1.33529552002807,0.72993534194497,0.979650986920201,0.715656558714458,0.736424077742804,0.529570613425542,0.533259401744161,0.504120013656049,0.510307120213652,0.644842518553416,0.881780805260349,1.30256508002303,1.06497434263136
"PRDX1",-1.0956761807847,-1.54446380671491,-1.68857382364162,-0.430297431607821,-0.68877284090596,-2.07782134451302,-0.911589035743065,0.239652048782946,0.994008852467919,1.13338371922632,0.731715898319603,0.707216195197971,0.496255908178895,0.111222404383731,0.345588854766356,0.42097389500832,0.542650284085868,0.673736615293716,1.06066000398722,0.980129784212226
"IGFBP3",-1.23373353503384,-0.968622173111144,-0.88650441679633,-0.321169939780528,-1.01470090061149,-0.669320093788171,-0.850670648951547,-1.03420446806796,-0.236585106686543,0.212367991946184,0.273300894975147,0.135792908455487,-0.192436579707306,-0.0428105336800102,-0.00515181455300743,0.142380633872263,1.32950223091002,1.10784026732731,2.32762085704046,1.927104426241
"MRPS16",-0.406079175512209,-0.998777559014326,-1.10391439171556,-1.02435133010249,-1.13897553554136,-1.98310376047047,-1.5680380323056,-0.648287792273053,0.371563007307675,0.785350025627834,0.893939041158133,0.563571021123035,0.802737173636267,0.662614111782921,0.57519968972562,0.507023178557953,0.5496509825631,0.637072795389564,1.14428093820041,1.37852561186255
"OCIAD2",-0.804703602503254,-1.29524581234156,-1.59114693206652,-0.663572988670443,-1.44494852066072,-1.42467814446598,-1.28460266193543,-0.686555986062358,0.492854401757357,0.876304103886868,0.8392610126737,0.745920061300295,0.689719219597446,0.514370569610834,0.689930150417091,0.700209011540298,0.642878488196523,1.05215471953406,1.14945207456256,0.802400835629248
"NUCB2",0.33806554533487,-0.796587274992444,-1.11662325003475,-0.634944750244326,-1.37158206767541,-1.15721661042052,-0.836707070641561,-1.12192846047177,-0.620303646783502,-0.352665357346151,0.217060275284789,-0.0848866914105211,-0.140952872763848,0.340794020266056,0.570794583180043,1.07549788090836,2.2966346689522,1.41656338714346,0.97204883622237,1.00693885549265
"LGALS3BP",2.97950741427708,1.27748555005406,0.966171890364198,1.96471448695172,0.0994658816766232,-0.582877436539606,-0.40289096082946,-0.582877436539606,-0.582877436539606,-0.513233054810956,-0.194797814356135,-0.504416454586872,-0.544211167106378,-0.506902223143525,-0.499275301106596,-0.376720412360315,-0.420057178920116,-0.506283491264584,-0.54682664664509,-0.523098208574841
"CACNA1A",-1.27483262791176,-1.32643489307442,-1.33628895786703,-0.856832473790948,-1.33743938511019,-0.163488853472625,0.0760218395046323,-0.977473820647757,-0.523952775459798,0.0991881183979564,0.670557584743185,0.249218297878957,0.185502647615034,0.328037023882013,0.49040496667947,-0.213682950972879,1.21749062507499,1.36732253666983,1.98681606986133,1.33986702800001
"NOTCH3",-0.729474031066624,-0.974303784091381,-1.44614124808553,-1.43000816064144,-1.44205469017913,-0.705674304330982,-0.328822057865551,-1.63474043669646,-0.0326602260201913,0.183469682850093,0.928643085494538,0.551044641043888,0.448159085341079,0.686890367683551,0.920036934447076,0.955485455683134,1.39129819516677,1.13145564224471,0.831302664226932,0.696093184795519
"OAT",0.149299484568201,-0.439527970738122,-1.18230449333165,-1.27745878341882,-1.45114440782531,-1.98269682419451,-0.727923275465807,-1.30582703468684,0.260209221836818,0.739134737410143,0.568115552719111,0.20740093488456,0.528587091278946,0.423769518549955,0.490401997470107,0.403016238042072,0.747649740643374,0.992849839983866,1.51970187490678,1.33674655736713
"HADHB",0.0989656828896835,-0.846980169807045,-1.1140702241473,-1.38420658682038,-1.42421197775049,-1.94732527164973,-0.72070203013168,-1.25774439450356,0.537382805264243,0.96524734043983,0.707456874917232,0.451774171347227,0.305858087325598,0.483479522743259,0.415687185858026,0.592850191055039,0.84902241222454,0.890060202948842,1.32175505740703,1.07570112038964
"PRPF31",-0.971720677558932,-1.15357139342217,-1.37007470710062,-1.38389288012243,-1.42598691935857,-1.80283521328638,-0.394673896307383,-0.331700277713499,0.753957883063153,1.18655436247192,1.13309484568295,0.699962376393451,0.935491299970104,0.705928420856268,0.523117541998187,0.931682484716917,0.288551422866911,0.306248883258355,0.648696254982647,0.72117018860912
"PSMD4",-0.639044170607932,-1.0653553423497,-1.15549952025426,-0.698589946712886,-1.19326277181373,-2.02741868523419,-1.02265515932567,-1.19604938897769,0.33312629579696,0.872524143493411,0.802114636829732,0.533929985340762,0.574019218978669,0.55216737705432,0.586739630172443,0.53162611246448,0.75629874628891,1.08605490045513,1.22015768881622,1.14911624958503
"PSMB4",-1.2361035198152,-1.14992147431281,-1.17039152824154,-0.566907387706353,-1.47070088908066,-1.49668662124861,-1.66711014421314,-0.325793361902194,0.639551317316263,1.01895902841774,0.751520205441843,0.747525134301665,0.744775341924053,0.715395434112254,0.698910132592992,0.596258384608235,0.506312599213637,0.6873137506869,0.935932700217994,1.04116089768695
"SRP19",-0.436471930303078,-1.17715758759263,-1.1198876806776,-1.30394925137553,-1.81975560636645,-1.44667661321793,-1.04225838737057,-0.457347258677488,0.0646510569870827,0.834426481159858,0.86353591237036,0.599223773124899,0.517825823609714,0.36636952669983,0.442176046840762,0.84194751927696,0.91621618531244,0.961338043238473,1.30742776918127,1.08836617777963
"KIT",-1.42689042688321,-0.520037195074875,-0.630325088286208,-1.43435502112744,-1.40269137550602,-1.47536946757802,0.0218451058655243,-1.07953413214918,-0.0715340675356117,0.532229787774646,0.373078776414613,0.342978428854685,0.421714378804796,0.145961284371685,0.305592837578771,0.413806920101108,0.888513606609001,1.45358057733925,1.36688784413164,1.77454722629484
"DHPS",-0.758500377204435,-1.05489062042636,-1.28402508759089,-1.47926618787024,-1.70830955828721,-1.17031982235373,-1.10733275878697,-0.636701208193437,0.682156550885891,0.663652982136257,1.00667122457512,0.451497909928574,0.722738854119287,1.01866033547017,0.914271777842262,1.01991100410503,0.857975427043931,0.443266196157164,0.539700803417839,0.878842555031747
"AP3S1",-0.933168634538959,-1.41148845599813,-1.34804830182747,-0.897864676657544,-1.23961643443528,0.20054509416261,-1.51655319168445,-1.38416021757327,0.789324730398276,0.970473504182172,0.797785020137522,0.917132966326438,0.103572621532433,-0.0809900491224635,0.472575545191859,0.551479442644555,1.23545064413181,0.756069037071428,0.99266513901897,1.02481621703949
"MAGEF1",-0.250730172773306,-1.10128831821285,-1.2689281248054,-0.966731466813058,-0.943708085382899,-1.81438614078797,-0.961509870655636,-1.57349907969957,0.104491168650121,0.820161024109072,0.829601779945601,0.4394087728252,0.847733762445755,1.02076600684157,0.541193249624029,0.767904886513789,0.420063248879453,1.02672448335786,0.908012815869812,1.15472006006844
"MGST3",-0.610824669878239,-0.845430091737261,-1.08105579964667,-0.551977710018451,-1.30932602293001,-2.52989628715777,-1.06977532477317,-0.768940847923726,0.435386724296181,0.59317990169532,0.640881467434731,0.700552168602586,0.847939084651951,0.761178667170681,0.757091651313219,0.743292720700618,0.834501332320827,0.929600262158599,0.769774876223857,0.753847897496722
"EBLN3P",-0.461650503532948,-1.10488935620889,-1.33401465257777,-1.16842260505611,-1.64990125152543,-1.04313014273347,-0.765693842311979,-1.19736411347568,-0.0807075143093652,0.412350864558471,0.680251349489601,0.609106998215033,0.310054077744994,0.771143478848265,0.781834273714715,0.689764133868708,1.76170970988063,1.19126259042252,0.761132133137131,0.837164371851567
"LAGE3",-1.26508878125352,-1.49943914073132,-1.61347208246711,-0.725086821620474,-1.37057995352496,-1.26749443387331,-0.915236286168182,-0.552405653581867,0.931951557787134,1.08123397078877,0.815243477860094,1.0431665972068,0.714742903462823,0.58706585802136,0.75932633303982,0.758663999404021,0.592120714869227,0.58445752119494,0.619582918134688,0.721247301451075
"TMEM14A",-0.662597948656943,-1.2782972883676,-1.07924696165677,-0.755134515688494,-1.29270639092743,-1.81842275151058,-1.25407400239123,-0.747991152694592,0.653458551593259,1.14097254089137,0.722363632282246,0.70718642946489,0.410887131825498,0.363426939566099,0.493375079299582,0.234719545406101,0.64171319456888,0.89586252636301,1.12064558176819,1.50385985886451
"IGLC2",1.53348270992555,2.09032090220239,1.38847001407273,2.17081464564861,0.864385737799078,-0.595501984533068,0.19037111174196,-0.595501984533068,-0.502367638322874,-0.595501984533068,-0.595501984533068,-0.595501984533068,-0.595501984533068,-0.589453668670633,-0.595501984533068,-0.595501984533068,-0.595501984533068,-0.595501984533068,-0.595501984533068,-0.595501984533068
"DNAJC19",-0.795271918723909,-1.10319773921585,-1.39352193069302,-1.07912349262117,-1.14549739326056,-1.57817486562234,-1.30366380883585,-0.93131249603626,0.959946593097659,1.08358407613525,0.981108836292021,0.782297392823483,0.692251331154732,0.42094837470076,0.523044322255633,0.697584459633527,0.631324011529225,0.777626542940208,0.893298652232194,0.886749052214265
"SSB",-1.09387505818447,-1.17981449322195,-1.33487321931388,-0.939537806850462,-1.30701137306069,-1.17892353614519,-1.12514102376018,-1.01639545965213,0.537060597311642,1.15139190604718,0.997442691356497,0.507675922675473,0.874950705688805,0.471330427594032,0.358134572448812,0.409938353088857,0.460009175828508,0.987104469335905,1.41456621430663,1.00596693450661
"PSMB2",-1.25804776586423,-1.42323515026868,-1.43538893693756,-0.55505428133866,-1.12375317152109,-1.29829742771447,-1.01383773981757,-0.928851775416742,0.96019845052659,1.18021897878493,0.977316631209291,0.541693485024626,0.53099809292608,0.351865067642244,0.335936077694887,0.345599530800448,0.583343865366022,0.757564869464875,1.31893518397039,1.15279601546863
"SELENBP1",0.27109150520254,-0.596997995104466,-1.10506151979026,-1.37432063022318,-1.23327370274387,-1.73512990864501,0.148732495190283,-1.42736568135085,-0.598186446140442,-0.100083374880429,0.0726180709970963,0.38030066828945,0.0454769643887042,0.707799270524755,0.905683974278492,0.804078243199748,1.60680421347491,1.50491639460369,1.02057552671873,0.702341932010101
"SEC63",-0.863107597553939,-1.14021284354399,-1.48863592889637,-1.0468861941255,-1.93031296164937,-0.136120075374716,-0.364541253905875,-0.931820908540752,-0.0558492605303937,0.234553128101956,0.563104231338093,0.184777921984386,0.1030015634091,0.0843415954108655,0.54493229308773,0.737715092599855,1.46932124671848,1.20663957893981,1.49228488009067,1.33681549243997
"DPY30",-0.336713774917455,-1.10259004351394,-1.24504593345172,-0.968239432674807,-1.35388235506007,-1.09370999113885,-1.76748737829686,-1.21036812905056,0.666673730256242,1.10637282474286,0.927395482573818,0.898279661450101,0.457562106315952,0.333892061372606,0.521038664218215,0.551399497366574,0.727712225300032,0.84832531195256,1.06696778848029,0.972417684075001
"TMEM123",-1.34402823664351,-0.754407522846153,-1.04955111825131,-0.902650258331181,-1.9655594337053,-1.7323286315533,-0.782465722832429,-0.119163372807896,0.501650800799512,0.81032603915279,0.90654841032166,0.639470715526605,0.346597533613349,0.378181495031334,0.928691390111813,1.0703889697542,1.30935883443541,0.781970450235309,0.445101138565774,0.531868519423314
"COMMD6",-0.352861686683326,-0.414755901020301,-0.381444221285926,-1.10291301835775,-1.32685016174997,-2.76993284656574,-1.41921619349342,-0.281412110596183,0.698954432466019,0.73436112784083,0.560899499402641,0.961983375623629,0.339673352581422,0.356820770896777,0.721833676650347,0.608431201764234,0.832161432857864,0.89781402460767,0.772464509421603,0.563988735639575
"ATP5PB",-0.653629038901455,-1.28243777578555,-1.34056667971502,-1.00793560942951,-1.22477134242054,-1.50292435267833,-1.14263904477967,-1.06950635943705,0.849043612184154,1.08202394650438,0.816912466579966,0.563225615609288,0.889468857883181,0.598836733120932,0.428069591701239,0.586926899559769,0.40886758271758,0.650406403570073,1.16758166352404,1.18304683019252
"FAM178B",-1.34794533729692,-1.34794533729692,-1.29522117327621,-1.33561905911739,-1.2596724873251,-1.34794533729692,0.0363848879214824,-0.485836129192883,-0.177649008049373,0.399365910033215,0.780280248524818,0.511825583821259,0.245076011263097,0.457281019453393,0.526307985478231,1.13446802141346,1.38552552266473,1.19150050664804,1.2538935848931,0.675924586736904
"CSNK2B",-0.316895250035229,-1.0010010345355,-0.959436551763978,-0.876945995893708,-1.08048725517439,-1.98324935796548,-1.70359737078526,-0.999889315150223,0.435389828961415,0.994003967903493,0.884682485101155,0.538467167005616,0.735024881843241,0.410268062121872,0.718614368357061,0.718954007229954,0.636056686286832,0.691118458953519,1.06394232255854,1.09497989498107
"PLTP",-0.938317407430587,-0.339373646733293,-0.532004758278732,-0.681866663497538,-0.938317407430587,-0.938317407430587,-0.938317407430587,-0.437925481481565,-0.364196171630428,-0.241946630595234,-0.121675523627191,-0.354090650620046,-0.368422175268816,-0.148681609998214,-0.00111394143034006,-0.0929244368105797,2.01647119233019,1.68899537341283,2.0119782669051,1.72004648704621
"MRPL58",-0.825114605688919,-1.32409249613522,-1.33801663318016,-1.01047576791831,-1.40876778031882,-1.60638887835445,-1.20952139903863,0.0872034592350102,0.943854276702215,1.08767118418535,1.10695470180899,0.773543353377659,0.527081229042097,0.286385208592536,0.203501174850019,0.395055019396309,0.457479158614772,0.479511796814358,1.24431791308393,1.12981908493126
"HEXIM1",-1.09628507410443,-0.399714105495097,-0.840620166011558,-1.74109591973143,-2.09901516695143,-0.522666391005817,-0.989482655906882,-0.647032451740596,-0.112691223055856,0.182643050878307,0.951555965514033,0.0408233399526764,0.834894211624369,0.829590606565398,0.831289278814546,0.63364907536064,0.814187310024275,1.14835810715617,1.21572686893993,0.965885339172739
"PCBD1",0.0166477879380941,-1.03533952064626,-1.22837618363932,-1.1356396450958,-1.32634132725688,-1.33907894879595,-1.05252471934216,-1.76866928973446,0.194450304796681,0.954443031366354,0.747666160685257,0.651086177132271,0.713833195860883,0.536288776093774,0.36296259020244,0.783972450143146,0.916069439253154,1.00431125739692,1.07059445395847,0.933644009683395
"SLC3A2",-0.905889891461168,-0.753196325316709,-0.813559128004862,-0.755522981087409,-1.65716434072469,-2.0040000431925,-0.211016162792864,-1.25432595422186,0.472292290351344,0.830743128580663,0.8705650066685,0.508080161634584,0.493630021914951,0.124322476943615,0.22131600363005,0.3883508337943,0.677965156624223,0.740723432429129,1.61923057443465,1.40745573979605
"ERGIC3",0.394480837259043,-0.841035281924816,-1.15942559123663,-1.23661344079148,-1.49432356695316,-1.10585408317323,-1.63114416318031,-1.32594771075748,0.305499278868914,0.315895090755948,0.523681745813583,0.645299876375447,0.324815676511718,0.403208558181372,0.58305117306809,0.614787957550139,1.18069572869264,1.05290133551124,1.13797537304509,1.31205120638389
"EIF4G1",-0.960505511420605,-1.25954537667971,-1.23171572738377,-1.10553161270148,-1.40920556234928,-1.97117111956415,0.105074820526253,-0.927362024910188,0.664520401040085,1.16021459095322,1.01309993102841,0.555461478273552,0.602416045089871,0.371436181941764,0.459363780259168,0.674196269547689,0.738068057886838,0.649072849094723,0.965816940449323,0.906295588918278
"HDAC2",-1.12375096619037,-1.32499189300022,-1.3394452604869,-0.727233388024595,-1.44873731798425,-1.58840747731841,-0.593560161066547,-0.856441044752221,0.824779543149649,1.15245503388276,0.944840469347346,0.470169407332577,0.90107904105966,0.409411289671465,0.387739870712824,0.489995142592304,0.291005634968588,0.806092832731811,1.26603545031108,1.05896379306344
"AHSA1",-0.6643093435737,-1.01736052602888,-1.16140711583646,-1.10629206051797,-1.10680583822729,-1.81188289246562,-1.13900063169339,-0.164346411199204,0.27534118189082,1.08438973365787,0.704435057322299,0.0580998102106965,0.530913225627769,0.0481741734670619,0.160321092203951,0.404087531807226,0.581916053341195,0.994898417405497,1.7765632943652,1.55226524824294
"SF3B5",-0.288456365773769,-1.23796252186091,-1.06804907995821,-0.702755449820365,-1.15058421651219,-2.16047053905626,-1.18509725899931,-0.411263714621432,0.63799175592836,0.810709799674102,0.559897678397549,0.274625047850397,0.4342182290653,0.00255738136186227,0.28015054650894,0.375849662443737,0.801567195779514,0.916726289358857,1.59433914441509,1.51600641581874
"YIF1A",-0.696566099920516,-0.819008674790549,-1.02506266551801,-0.465961651270769,-1.19459476870473,-1.75173080366905,-1.22090027633129,-0.605748673997793,0.00330185666649853,0.414220635315987,0.396603791143739,0.139713132077571,0.0792839579136153,-0.289997684324512,0.569892773275328,0.659127375943849,2.11128935962811,1.14873514476973,1.31381506944351,1.23358820234929
"GMPS",-1.43796365060727,-1.43050676771235,-1.58845936072093,-0.793118357747277,-1.23050186497457,-1.30135911922893,-0.816792629562275,-0.403215877437927,0.733064738337713,1.34342321877751,1.02711856710824,0.586727900235563,0.790853458497592,0.706230552828935,0.416783365861501,0.868213315334487,0.330447695174057,0.38526294507891,0.924476728246887,0.889315142510136
"SSR2",-0.620165857689167,-0.91551417416764,-1.22406670464519,-0.70685553195114,-1.6536044729921,-1.66518005191629,-1.47052559137444,-0.482646977445991,0.140929708297102,0.174452435154829,0.459973591295246,0.467129579247106,0.541368097440014,0.849134092748983,0.839531518735396,0.94234689126726,1.3698020548438,1.01546741214354,1.00997377082965,0.928450210179026
"PGAM1",-0.309026531321005,-1.19038240218653,-0.945297611442861,-0.868847074785831,-1.4059708998462,-1.08884450991107,-1.77301206777022,-1.28084006879854,0.318816573580279,0.940102094091512,0.806686237077065,0.644855877489146,0.349944739963131,0.125581968701147,0.815908021479623,1.21874049067472,1.1988114736702,0.755529305669892,0.598779947022558,1.08846443664299
"SUMO1",-0.370317413663703,-1.20476187545179,-1.30872428973883,-1.20545390266943,-1.07464815300105,-1.75174419630706,-1.89158518061541,0.20991215370825,0.681482541293767,0.702315116178641,0.831355028792714,0.711925094946338,0.622421913056009,0.489561247234499,0.526243201418019,0.65604465410701,0.634598534001354,0.877452611187643,0.924907454806939,0.939015460716082
"NDUFB9",-0.757487535729494,-1.30429025182855,-1.26394591786566,-0.493979293109703,-1.19329361924291,-2.14930314625388,-1.02342946700624,-0.100789976028095,0.524958594483618,0.971674563517848,0.622669124922901,0.481456562202796,0.59464365109372,0.160334932261141,0.217526370798408,0.322501856137067,0.531063722768277,0.957597279381637,1.48618167139505,1.41591087810206
"ACTG1",0.20040107536985,1.02051964668706,0.594865981467096,1.1428792969523,0.60237998151767,-3.00678190677123,-1.56843783598971,-1.09681511578904,0.593554643031379,0.541623874045001,0.880825850351692,0.412587168613644,0.56585993188314,0.442489791206904,0.197647416881005,0.36802090129782,-0.487699347601277,-0.488473441565064,-0.541440355149721,-0.374007556438527
"MYC",-1.20973351914717,-0.594182414823666,0.00377068467719703,-1.41830539479199,-1.58433044905671,-1.71849972532867,-0.753492722839177,-1.08252378756496,0.225037795936257,0.715680128216085,1.07828225734596,0.425988218286305,0.788319099827306,0.824612012213117,0.36327100600496,0.415687700307213,0.0599870123237634,0.953483616150935,1.70103253206895,0.805915950194295
"RPN2",-0.161403524335671,-0.995189391953395,-1.19490440375694,-0.676943189967076,-1.71666981532689,-1.76832423878197,-0.779559080564476,-0.927731492302508,0.143673578985412,0.736976604279942,0.689630116215018,-0.0112569374525436,0.389004158207598,0.210726554732511,0.220014166851567,0.683802770145855,1.11941846828392,1.10233292906791,1.35753763879033,1.5788650888814
"SF3B2",-0.555026630657619,-1.13036238592727,-0.948400224539403,-0.875083713548644,-1.8961710712286,-1.42074919565051,0.184508962571997,-1.81447082407443,0.241284519522328,0.989041294366349,0.902740156365258,0.421537047413378,0.638277221546272,0.346795208371434,0.515991719200626,0.701666656833175,0.936535792370148,0.704328420734337,0.987546740776647,1.07001030555454
"MT-ND4L",1.13281990000786,1.72059654871437,2.29748663122968,2.16659781900357,-0.330511499201307,0.479079128624102,-0.122563808210003,-1.03270017888757,-0.622674963193211,-0.421196812560229,-0.452142757940443,-0.553031062485846,-0.535652215662265,-0.555407892806904,-0.565834248239293,-0.448585866238326,-0.617200219495131,-0.511807118525854,-0.494962556562386,-0.532308827570813
"LGALS1",-1.71129207353704,-1.27229806139305,-0.778340014623909,0.558777565173818,-0.258707651221858,-2.22865814515224,-0.713510523553215,-0.319861222688968,-0.234395321405558,-0.0956620895006218,0.28791416886119,0.291629114631811,0.0542102455020506,0.189733622942191,0.632197535191834,0.266560129008795,1.30505460590656,1.18775451049158,1.37389791571628,1.46499568965036
"YIPF2",-0.140153640580198,-0.813072293130307,-0.839921945626812,-0.840885579828701,-1.16103514407463,-1.42336716837239,-0.398043690790986,-1.07798074990097,-0.13009905483922,0.0816140437082481,0.270447616097758,0.177212179396027,-0.527949087071015,-0.460945547828226,0.202552960038596,0.614885524565737,2.34585637628652,1.40204781387706,1.29237103532644,1.42646635274706
"CEBPD",1.94576076295117,2.34890527496759,2.28066465479202,0.618404820584804,0.171425317500743,0.0612902630702193,-0.708072626227179,-0.708072626227179,-0.586071578046912,-0.517222772939475,-0.453473656376462,-0.355744033878595,-0.503068173280434,-0.432426370623508,-0.400210570891202,-0.510181837921067,-0.533977169914024,-0.519603111406581,-0.592144373328345,-0.606182192805596
"FDPS",-0.977457714172451,-1.25846209568928,-1.36737434126811,-0.8306541334272,-1.02339724217886,-1.79523580070536,-0.403171433004823,-0.908897195190442,1.25165729224594,1.37002153056238,0.877997231371019,0.87912426750063,0.652227092695898,0.223327973369076,0.0941625588775798,0.108626395676558,0.212045432756996,0.531971994971517,1.04387680647752,1.31961137913141
"MTCH1",-0.928654888523591,-1.04889677701859,-1.40738602221521,-0.78395855210543,-1.03128876736864,-1.79400547283861,-0.948403346768425,-0.980719599670247,0.406874996694643,0.887631680950176,0.87040463878016,0.606528355650446,0.336064249276107,0.0502517518586612,0.451894631795426,0.685530629750207,1.2122767221653,0.924879358285254,1.28260449011629,1.20837192118608
"GCHFR",-1.13235195171672,-1.01213783583218,-1.05695984478637,-1.27634897397151,-1.38492499472925,-0.61036078520318,-0.52811196963068,-1.25790381941229,-0.367740033155052,-0.0288997133609866,0.140646060549566,0.554291247704383,0.400449718584432,0.922334382918755,1.12041721721903,1.08266065177444,1.56604434072761,1.59559724718541,0.842361950018502,0.430937105116105
"PARL",-0.840404634235205,-0.899032155380873,-1.13282435723309,-1.12796077518166,-1.0876497622919,-1.60738772928801,-1.3683351698068,-1.15654804361606,0.935262283319183,1.17980882105443,1.14558417044131,0.692860955826103,0.524740506087314,0.418522819763743,0.436968265366745,0.642860881412674,0.695427258527617,0.520750705448287,1.13524542865482,0.892110531131373
"RPS24",-0.309170098287319,-0.0382281682825138,0.113482968199205,-1.51729354186641,0.050277591249194,-3.39635159028829,-1.13381399088998,-0.0824929876612798,0.630660916977391,0.382369829343053,0.293753718218832,0.601003230049935,0.791816958486134,0.90688991978609,0.643528056951432,0.375104444212952,0.334970991506465,0.57117222038089,0.485172613839781,0.297146918074433
"EMP2",-0.561968994965178,-1.4031513391169,-1.69558375944162,-1.0787246264125,-1.90038962502734,-0.612030802824365,-0.917210178369833,-0.829885338539115,0.704867666697636,1.00558795267228,0.710045201374445,0.951556801647136,0.849167467083114,0.535879216952128,0.402459042199992,0.473045744986349,0.761523853715634,0.867830330521619,0.929283958744031,0.807697428102486
"ID1",-1.23902308945733,-0.231727214494252,-0.579856166457251,-0.678553542810142,-0.901523059689794,-0.568695021114569,-0.90480274883999,0.473280895659983,-0.0809487633751726,-0.440254430055159,-0.170882204379633,-0.174917133352356,-0.00779895907588818,-0.542043479703056,-0.0772120235217246,-0.177543509713112,0.666504329214532,0.938366926471772,1.48698913964492,3.21064005504822
"EIF4A2",-0.609186152194005,-0.762971817732213,-0.917821684378882,-1.62490448783827,-1.95998175569126,-2.24425458381921,0.48525996220755,-0.165426375752978,0.72793373075915,0.803284402652822,0.870810093600197,0.778871074057461,0.574271345649694,0.750460140880094,0.765153701181997,0.819773622226645,0.455547981674041,0.447650761097189,0.3964573243865,0.409072717033477
"KRT16",-1.211381973062,-0.963041177522013,-0.866819990192758,-0.468627628415319,-1.11699895149248,-1.5281066378976,-0.971499232474219,-0.592565696352818,0.841917612290534,0.509374365871552,0.15847527195731,0.751816514865147,0.027282363228987,-0.629556633296068,0.133370956605849,0.264897929234953,1.42935607142039,1.24928770343548,2.06600381667858,0.916815315116483
"ASNA1",0.00112350127375913,-0.897242869020339,-1.13667030255337,-0.916224355167299,-1.26307072250604,-1.64494982708633,-1.64494982708633,-0.867279301848217,0.143699188333938,0.960973018251386,0.905465594978751,0.266681122570761,0.494423208255768,0.24248895732926,0.328745459787493,0.340084367164527,0.826412791192374,0.847091675146753,1.47552962402551,1.53766869695765
"CFL1",-0.446852261369386,-1.22591516230492,-0.991187763226393,-0.994512855404805,-1.64275424803764,-1.94633489650419,-1.27522322155426,-0.0149634347207566,0.98055202607421,1.15005983982094,0.962269276179542,0.647615791791956,0.635127646605749,0.215939405868103,0.299977580708295,0.429883790967246,0.483677197018701,0.612672716852761,1.028918793366,1.09104977786886
"MAF1",-0.401030187872116,-0.964085858967469,-1.22521923828344,-1.02650230147513,-1.16345237622062,-1.32005040546992,-1.45465078304024,-1.25399137060491,0.385940136143113,0.829687810304798,1.24656615905013,0.393714632171694,0.355901135657116,0.170239924530574,0.266745869996417,0.643305039449255,0.926175082618832,0.819128391741954,1.30308658127148,1.46849175899848
"MRPS12",-0.991740759040841,-1.33080824304655,-1.42755533452494,-0.919905513779148,-1.1993139644227,-1.3632158932024,-0.640993530020949,-1.19442809279161,0.889757690046169,1.4042590156983,0.986785388198561,0.723390982370865,0.877688171570913,0.414008769111953,0.324085823964035,0.697441681488684,0.152509681763842,0.539810621015521,1.04274087196167,1.01548263363863
"TET1",-1.18039819767423,-1.36727807837825,-1.40980732165335,-1.0439175407621,-1.46727763690178,0.558631397112702,-0.484695289126689,-1.10546676186809,-0.181040865542008,0.206541940395225,0.400874748043366,0.226129013594098,0.290244124214616,0.466218408322605,0.589657708885452,0.739923651050922,2.26787591307069,0.786596639616213,0.721997358316846,0.985190789283762
"TCP1",-1.13035653643135,-1.04752540550136,-1.19333320629891,-1.02484938898336,-1.29921004724732,-1.91696997893876,-0.467792562935494,-0.476151171420847,0.516631274066643,1.19529114572635,0.94528633971276,0.241003939819191,0.691579225301346,0.12182042675765,0.114400724865507,0.641514963419944,0.502743609125726,0.796718515317739,1.39434544292864,1.39485269071591
"POLR1D",-0.751954554635243,-0.899373154479657,-0.782690202020894,-1.09954567484593,-1.33885041264772,-1.96796518088484,-0.959031544526903,-1.2907893652904,0.595153356092898,0.804025001093385,1.00471548006539,0.961108056183101,0.944895034071014,1.00567645919775,1.04761272757232,0.855655400066952,0.469451877922045,0.522748581069022,0.489553825646638,0.389604290351067
"RPLP2",-0.10614150553197,-0.440043483956969,-0.805143796954508,-1.52468560038782,-0.114162718972756,-3.16414368085785,-1.00667119480562,-0.00716980374398447,0.708358312075923,0.652011996527804,0.56682021885264,0.892787679020633,0.786028032420466,0.832951414788056,0.774458332480204,0.591109173098616,0.333397938292151,0.435138467021522,0.286721917881672,0.308378302751787
"RAD23B",-0.576983033258369,-1.13283030381663,-1.10808345488474,-0.803659809978341,-1.29114028792787,-1.43914787550773,-1.07092776198871,-1.32963938739549,0.209286054873496,1.12962563920475,1.07881407259416,0.38047829043015,0.387036519894216,0.0606682175738467,0.286824417309456,0.674043560576517,0.895805766548572,0.80244521323785,1.56212493811986,1.285259224395
"FGFBP2",-0.785754303771615,-0.762855146284477,-0.785754303771615,-0.661086476301154,-0.785754303771615,-0.785754303771615,-0.533715410432453,-0.101657735051143,0.382930908387028,-0.416562380441405,-0.442187146938684,-0.032885946526007,-0.438947591576955,-0.59032915274071,-0.0130423758447021,-0.292990969834868,2.50700893332004,2.18666712583157,0.831294672350193,1.52137590717019
"DLX1",-0.510503894341909,-0.510503894341909,-0.510503894341909,-0.510503894341909,-0.510503894341909,-0.510503894341909,-0.510503894341909,-0.510503894341909,-0.510503894341909,-0.482147781970151,-0.325534320136844,-0.488451867203613,-0.284497055791481,-0.227302811847121,0.0526076552934242,-0.393886989382137,0.671302598521288,1.16119058960227,1.47386781186388,3.43738722012766
"FXYD6",-1.41552074677931,-1.01638798868015,-0.763307291072537,-1.12902498791048,-1.2986216273893,-1.4516595301035,-0.522698220129507,-1.4516595301035,0.620167870672893,0.813952292773565,0.982202177740551,1.00178075044969,0.366543717259386,0.431143458314719,0.291566017783724,0.691884841390411,0.60513556713448,0.934129029837495,0.905595984638144,1.40477821417323
"ILF2",-1.29844891358758,-1.158018053938,-1.34104528454168,-0.3648364199631,-0.996332370105118,-1.93086777076308,-1.20431345697828,-0.560046970106924,0.569724163593378,0.743159813464761,0.941894091921107,0.405227187769566,0.950081307544335,0.609022382112893,0.353290991672572,0.327830878456665,0.687387129652784,0.900521742047819,1.32535438367745,1.04041516807044
"TPM1",1.86961273026169,1.73198912348288,2.67433560592476,0.884283117482437,0.397651777601809,-0.502257397855468,-0.765053498343216,-0.935512350413945,-0.323920681318436,-0.14061443133154,-0.222833755091411,-0.328257275629436,-0.462279064928057,-0.53715571516773,-0.450406739211143,-0.427383331344409,-0.595987838993295,-0.583420371210925,-0.565128255235516,-0.717661648679059
"POLE4",-0.107331924436056,-0.872426424323837,-0.985642287664078,-0.591503167409878,-0.79473472496941,0.121408615515878,-1.82987799733893,-1.82987799733893,0.265734091083427,0.594535200186731,0.261429066000324,0.0348462746767338,0.150565443006651,-0.192454030648984,0.0209765997995562,0.115268472980061,0.637310775054569,1.27129699041843,1.95202276874992,1.77845425665782
"FKBP8",-0.276893066015585,-1.00542293020873,-1.14546533557331,-0.3832657458545,-1.38068548110134,-2.07277347503464,-1.31346357656903,-0.993004433257614,0.0837807898906188,0.678228127907537,0.647695459822645,0.514611539241563,0.465571154053074,0.468442851433439,0.673843926099776,0.510131953107591,1.01403419017747,0.927624175244028,1.25717082125673,1.32983905538028
"RFC4",-1.44546330280777,-1.59483242626521,-1.52797410001977,-1.11725490347849,-1.17324272403641,-0.165464883972956,-0.953667849317327,-0.596409756254261,0.737754053705137,1.51772847060626,0.840358217681322,0.289197775288929,0.695215784560817,0.823934982552657,0.169886715993835,1.06864690696843,0.200661588023182,0.290053631738478,0.709140637931077,1.23173118110207
"GADD45GIP1",-0.671875071347007,-1.20974306472777,-1.16800989188012,-0.638302692132132,-1.29652152306944,-2.30461368462656,-1.07105149778884,-0.450950501282263,0.81195370458862,0.881463266829103,0.707302467066047,0.395987107042077,0.744294060537488,0.559457513920015,0.590586988328832,0.594801316875861,0.539562459914263,0.821839591468825,1.09254241282967,1.07127703745333
"DNAJB11",-0.945810170338015,-1.11629331630673,-1.25886295752821,-0.768428520274194,-1.37346447165168,-1.8159397230881,-0.290133023016475,-1.05638818317367,0.347435359945085,0.999252395053845,0.979125943454508,0.141439694390903,0.426616600128294,0.209397918015556,0.259089858348617,0.608446426373161,1.06147526637733,0.965785968756986,1.19501191835646,1.43224301617633
"UBC",1.38250784848088,1.98717312062616,1.89274540845524,1.09471514755232,-0.192085092988116,-2.28591495574897,-1.30334476362203,-0.903742470727702,-0.387107634403977,-0.332152776773488,0.131736685890801,-0.244279723977316,-0.346847024990705,-0.0133339525401987,0.0330561219510363,0.0894056268341602,-0.0843514275143648,-0.204309803842345,-0.247157402376012,-0.0667129302853654
"AQP3",-1.0043751354157,-0.643220464203061,-1.08371945750499,-0.973729422817467,-1.12924580585826,-1.38452719928448,-0.842488864841961,0.122031866747277,0.447138640120249,0.524390972074939,0.0173877081471771,-0.208963900047118,0.563716780966309,-0.11027665277222,-0.228949229355091,-0.175273729457083,0.951208038204593,1.19289493984989,2.43784673537397,1.52815418007302
"RPL10A",0.143540023348972,0.167875312876043,0.109960444138347,-1.01189391811615,-0.0396842105678203,-3.03525109823874,-2.15854914858547,-0.598998968989677,0.475396482019285,0.414832332862059,0.397862483436686,0.623660492180905,0.686992192828084,0.79802977302659,0.692621154217351,0.356005951298663,0.442279708148987,0.643269367626539,0.53217009294897,0.359881533540371
"MT2A",0.947115557810048,1.898672224114,2.91040390165803,0.940992865379034,0.477796662516764,-0.830647042779619,-0.94656520416567,-0.681242058701362,-0.311141011442976,-0.261217102641806,-0.139816445318924,-0.393978576874545,-0.857546144025891,-0.956321446544784,-0.664329117519306,-0.545980210603848,-0.241000186711919,-0.260468856547394,0.00797411027114375,-0.092701917870974
"ERG28",-0.0380322871496458,-1.07358898264347,-1.06902269441146,-1.27140584278887,-1.42502267712097,-1.76560992993789,-1.045959312101,-0.217799942558298,0.433445445771329,0.939141126606198,0.683195936102707,0.75331547272351,0.090763655613959,-0.14221786047489,0.259059543761724,-0.0213061219189912,0.877083066811616,0.91751839078931,1.30347922199173,1.81296379093341
"UBA52",-0.636654441865973,-0.658518509914369,-0.455448675772327,0.288807981849929,-0.137477732508771,-3.31019387488271,-1.47648409636367,-0.592746945169994,0.433992527064525,0.320829069935772,0.393633269511144,0.425596719705551,0.762862771468404,0.801957483841949,0.675870957599111,0.4909804071432,0.535147780491941,0.691016294315,0.694430977164381,0.752398036386912
"C19orf48",-1.2788905801354,-1.19770847698101,-1.27492211202278,-1.20012303055759,-1.22833165704754,-1.15213975395432,-1.12046292056468,-0.187151201090304,0.827889396830197,0.911205559331849,1.06500364452369,0.83259968254224,1.38280846636185,1.39951934893907,0.847247982648032,0.739183387784239,-0.182826135667451,0.271862618937081,0.231616711557263,0.313619068565566
"CRIPT",-0.560775671638177,-0.704540012936841,-1.0660321547027,-0.731375288476658,-0.934813433187174,-1.90059886018214,-1.27358009051575,-1.09740392122837,0.133564727016801,0.614388846357293,0.39147247984786,0.562142528645261,0.13505733760806,-0.0313389849721728,0.366848765295588,0.458489066725631,1.27783700353557,1.42261772477833,1.42409256645032,1.51394737157926
"EWSR1",-0.301497746540022,-1.56834763395586,-1.35335295653552,-1.58609684101108,-1.79691248557437,0.511665194341084,-1.11092820365533,-0.829304242600597,0.380321258799956,0.685031718640221,1.09678953120363,0.311436259125576,0.839314881757945,0.668862810295732,0.18542481025435,0.528354278108618,0.446007742470445,0.506324116121169,1.24977350674955,1.13713400200449
"SMIM22",3.68417384252293,1.25557160800031,0.423480258417013,0.914335072955823,0.140538574116359,-0.487122158566955,-0.487122158566955,-0.487122158566955,-0.47589145480935,-0.285523689891594,-0.286524930302185,-0.356532712026413,-0.449532505831433,-0.445812131949707,-0.397676146957443,-0.40228359657375,-0.41453674488918,-0.476201749470487,-0.487122158566955,-0.479095059043078
"TUBA1C",-1.17741914829009,-1.15068308036922,-0.659522879521966,-0.535981751393348,-1.64336013553233,-1.10267077916345,-1.64737243898899,0.0916004923629195,0.293473388717137,0.548265754168527,1.6024717377959,0.0602188008154794,0.214443520979159,0.0762420702214903,0.123252802537229,0.532985446160215,0.883342846606644,0.52425522135151,1.196679642749,1.76977848879418
"PRDX4",-0.878594306311952,-1.10482334925961,-1.18229545586806,-0.0232703531083153,-0.657324665542779,-1.86136315361557,-1.03497649617579,-1.44564457578704,0.355042408170857,0.640273105125209,0.561445845358517,0.158941524721382,0.264983409495304,0.00318782123280508,0.317263602040535,0.600480491181158,1.29111364384621,1.03093966546379,1.38480944312866,1.57981139590469
"MXRA8",-1.24541364977653,0.359838042514427,-0.531899093110727,-1.34480792931739,-1.50747918050199,-1.56097743498133,0.517682664489881,-0.995530902842397,-0.560672116625467,-0.0269794138123749,0.0228680861006395,-0.0995373797747596,-0.0143918137245652,0.305523473797807,0.588199567351349,0.861477307924185,1.0682426288186,1.85758842609935,1.65384142685598,0.652427290515309
"TMEM14C",0.332724603563808,-0.771232473661887,-0.869972665407402,-0.944729273292555,-1.55872344089412,-1.92833394426884,-1.77925170016463,-0.629365581054182,0.250134475572516,0.459046839336481,0.517015717641337,0.307774857741695,0.510362955818263,0.417441359375526,0.483739568253576,0.630867531473342,1.07668536163724,1.15053348689332,1.17233859261731,1.17294372881919
"DCUN1D5",-1.12716820969358,-1.40621515862989,-1.37392765172434,-0.745870630296773,-1.21963438256456,-0.111263830017431,-1.58700351996197,-1.04433413110545,1.08146418322743,1.16684183050306,1.08859540706412,0.370546249185665,0.691935452290004,0.161781700886575,0.292972928509157,0.255017303694961,0.294716859318426,0.787700982330307,1.36169321564888,1.06215140133541
"SSR1",-0.394448992980674,-0.943430524633169,-1.39216977259639,-0.557263914106212,-1.64913914769266,-1.50167912168055,-0.639052084478352,-0.826171706212489,-0.246403727239187,0.0745624763601127,0.463189538105216,0.234414868478193,0.141849228181534,0.238697208759855,0.565814894045281,0.821759402129042,1.79692052858097,1.41498629797784,0.94733404714481,1.45023050185683
"MDFI",-1.09098707436534,-0.764080868054205,-0.981784815869512,-1.16725169874843,-1.00133889916071,-1.71399433509814,-1.22158000698564,-1.33295029074039,0.832270934704023,1.05917638060321,1.1613219029855,0.854323172780923,0.796695434410181,0.802356668745928,0.631655467782375,0.686494596078129,0.37452008430965,0.688775975177101,0.883650112270191,0.502727259175147
"PARP1",-0.88966426472728,-1.22293115640478,-1.48256563697378,-0.675910231099161,-0.878736210851906,-1.85803463818651,-0.371523167607988,-1.52723527847583,0.737551954007368,0.980789169118199,0.847416082293341,0.459003491063819,1.13816812048738,0.831351605448627,0.509136059230842,0.614081265798327,0.295270052324018,0.564355482621065,1.10329447891579,0.826182823018462
"RPL32",-0.634708293434404,-0.332427462786433,-0.23531487788485,-1.49903645062671,-0.257753407938326,-2.50745403028427,-2.12966435176883,0.462743045029708,0.757898668149776,0.64621905135671,0.476261815535768,0.883648317967759,0.904788962634597,0.96078079563531,0.801200547581609,0.530322570379354,0.28223081887059,0.507319353280305,0.24561690522807,0.137328023074266
"PSMG1",-0.817353119360018,-1.12623163513782,-0.97751512600389,-0.460234719041514,-0.840233876799827,-1.51131147933606,-0.964815811493594,-1.09638533003891,0.798562087590341,1.27524203166375,0.470148703192643,0.2097652265786,0.0912359004211139,-0.356256950755224,-0.110091789594097,0.332187763587503,0.590627912298028,0.726699497934326,1.97873605551299,1.78722465878165
"EIF3D",0.210542274362529,-0.547009935254706,-0.805455080405591,-1.34581074137096,-1.11490252799982,-1.90857291070761,-1.66649530984585,-0.942497090178233,0.526165746358193,0.436720895106398,0.224233215184939,0.297422310972188,0.663433949602539,0.56704896563819,0.413993038973632,0.290364947701258,0.813046234347838,0.867352326936385,1.66318532287198,1.3572343677067
"CCND1",-0.295236037051172,-1.28035801502971,-1.27677443257826,-1.23973917580854,-1.35395819785916,-1.1562619928592,-1.01061694255873,-1.08575553582397,1.06140700333512,1.32114964479291,1.11216642012232,0.795576838159197,1.01349167998714,0.327823224071209,0.262457300785176,0.295247621296353,0.0580034404996403,0.587766184180247,1.48774336639532,0.375867605944105
"RASIP1",-1.05622826096665,-1.2339949272933,-1.17843702997418,-1.42991798658601,-1.3492972451995,-0.17586178781835,-0.799591799958089,-1.16309914811357,-0.171437498897943,0.92920711749847,0.845219347926808,0.391640438480273,0.56180237357444,0.332324575729843,0.304534949033114,0.3718941571429,0.597782402554205,0.943157376257274,1.78121113923119,1.49909180737907
"CLIC1",-0.136479540389448,-1.19831467998865,-0.945613139156784,-0.901403186507482,-1.36138684726323,-2.12209667263008,-1.72408676739322,-0.0571311156513665,0.481516923355221,0.870150693816804,0.930063651775109,0.564971662961452,0.521633170679727,0.325591296080407,0.550888713477584,0.619749174598186,0.856500915968189,0.727074893747175,0.934337178289323,1.06403367423109
"HSPB11",-0.824008095646301,-1.26947718632293,-1.29728557855832,-0.534439112158224,-1.39747824581965,-1.79875884378872,-1.10003759277459,-0.724340074573719,0.461541950270225,1.2575219752085,1.03692293650331,0.592210956997766,0.443887114170243,0.401860909637323,0.262994492144637,1.01532783765115,0.885467626650703,0.709397359574739,0.731133737563347,1.14755783327053
"UQCRFS1",-0.601224878997475,-1.10521974338197,-1.01850963752814,-0.670326320086154,-1.30408802570401,-2.04645172146485,-1.47160816506248,-0.729438389864214,0.794649074357273,0.970732748288833,0.913978118193507,0.547274788749935,0.894570162740362,0.706383938290938,0.422816681766136,0.620636074771559,0.40193007387872,0.516686995953319,0.986792944431438,1.17041528066727
"RFXANK",-0.891965373326676,-1.31297015221804,-1.2581974633196,-0.474943732126042,-1.35232250505954,-1.90569608821359,-1.27285059458504,0.308412150046009,-0.293142507721614,0.67147777813006,0.394183332723259,0.565603953666431,0.83890644174943,0.892705883310888,0.604156487604838,0.251154519174831,0.955281234164667,0.91661789680056,1.24981316931858,1.11377556988059
"LSM10",-0.694035939100992,-1.08267219872624,-1.21409413857993,-0.646883645191721,-1.01736089221651,-1.58287823960683,-1.40186722847537,-0.893634235630768,0.695974266189102,1.10301907563219,0.939413023775439,0.447915719394601,0.426221868411231,-0.00833662936571587,0.0330764247485584,0.17934749703092,0.622102449472135,1.03164385550607,1.59367628484697,1.46937268188684
"CDA",-0.725668546074031,-0.711167600025827,-0.725668546074031,-0.416076383676783,-0.526546092094386,-0.725668546074031,-0.725668546074031,-0.725668546074031,-0.147515518122558,-0.282937109617374,-0.222676232737784,-0.16186348395248,-0.543657764365303,-0.529826367198583,-0.0106937262479016,-0.288141752415139,2.53623046523636,1.60029740385096,1.78111740100843,1.55179949072852
"MED10",-0.846435004097643,-1.10727203228295,-1.42477058813095,-1.06664303712158,-1.52334887604713,-0.474125778897305,-0.986174927147968,-1.46370568380212,0.294804612601573,0.703181425868749,0.998809832341017,0.545919080604838,0.448830337341602,0.209584671677099,0.419484713310094,0.618311793526217,1.03360124660553,0.932944064980504,1.34848935241342,1.33851479625701
"FOLR1",-1.08928126434162,0.0458720295147827,-0.367081975534029,-1.29162162908587,-1.52319202830179,-0.413048542519915,-1.1953339072646,-0.71416272979708,-0.69359028170449,-0.583815890158936,-0.00523340922013052,-0.0656457713353335,-0.202914068013693,0.817412312687621,0.960995451214651,0.713696569635649,1.86376320501118,1.78056745064021,1.12331613532009,0.8392983432533
"MORF4L2",-0.158978233099,-1.68792462491286,-1.28062843273283,-0.743115327656797,-0.944952955243871,-2.27725044240948,-0.899866085153388,0.200966192004577,0.203136851539295,0.323494184161138,0.735850793214986,0.260337003315273,0.192006400162625,0.137122632582262,0.618052604574143,0.823447762845352,1.23768700322808,0.89226692273501,1.20676504189841,1.16158270894707
"EXOSC3",-0.787687965981842,-1.32605393681233,-1.31914570907909,-0.953420206844416,-0.877553981051596,-1.59964907283259,-1.26666025066704,-0.755960135466907,0.311404612691983,1.26283401146174,1.28237729654807,0.354999276461938,0.858163861677145,0.431374349932097,0.321580941552981,0.756260145869019,0.240536913480986,0.648475590453113,1.25875449512447,1.15936976348227
"TSPO",-0.425218267607161,-0.891213940525481,-1.19342555251149,-0.438579689000938,-0.843407326734923,-2.30839810190472,-1.60934230622315,-0.880779136560701,0.561064750467224,0.814055531305036,0.62027703329361,0.742712488292486,0.484763996165797,0.306397876029054,0.476118759396664,0.451253608340912,0.835428630527407,1.05118392192928,1.15357718987791,1.09353053544319
"CLEC7A",-1.03967135739475,-0.6247463300935,-0.965257983785374,0.145906164747255,-1.02986766725858,-1.17851270762312,-0.774724993482982,-0.749993727941103,-0.533115647560947,-0.534299900536518,-0.126346562427307,-0.319032612266989,-0.30252640365213,0.464506652370922,0.678986976689408,0.154278275545398,1.65760406121283,2.00309039107425,1.54383189547382,1.52989147690942
"VPS72",-0.925449408892258,-1.47562838400259,-1.44501079862439,-1.02243714933251,-1.69318879677776,-1.13984794777975,-0.556985062443811,-0.718539847864138,0.295519751819429,1.10391539686171,1.17057758072317,0.604146629374352,0.762312283127273,0.378580072652091,0.498676677140909,0.68481715294665,0.477152274213839,0.754394802353709,1.25649408838568,0.990500686118402
"MDK",0.398334922634364,-0.923243452987325,-1.34320008326433,-1.50382103614297,-1.60440851563654,-0.974122829336274,-1.51095128643361,-1.24578952075954,0.403504037102527,0.892245167602872,0.915721811024995,0.79952394028821,0.806951931333838,0.816992872162772,0.587592407170216,0.590441580676659,0.605193622619294,0.736854860966279,0.80923681690631,0.74294275407226
"STMP1",-0.681946855574181,-1.27805316690401,-1.53365901217012,-0.843181590371464,-1.30356308568453,-1.91356577549497,-0.257078779326608,-1.03736467037663,0.227522362736865,0.707013917343852,0.744470753399333,0.669508939908453,0.534264636753996,0.495181980650846,0.679623628557022,0.583427542566886,0.931904071786132,1.10852617233319,1.12254359819047,1.04442533167546
"FIBP",-0.40084223103395,-0.958189210038556,-1.04857887565899,-0.938201866258564,-1.25970804110701,-1.73690162578006,-1.21687232169206,-1.23350399540529,0.869504001888431,0.924983769216057,1.01638504278779,0.556004285104404,0.373606193787313,0.404001119580564,0.0859640696301313,0.317109658755603,0.640859201070462,0.833489901436355,1.27017611777078,1.50071480594658
"MRPS14",-0.818449052824442,-1.28932060349708,-1.33835911252538,-0.985306994067977,-0.837119290693602,-2.0212988452947,-1.30056575636647,-0.30756879021577,0.565055183921261,0.321352864710209,0.769953804263661,0.373948006122912,0.704009224295134,0.964194916545425,0.733668486590812,0.700544526008627,0.640670293287572,0.845116689366359,1.16248074692941,1.11699370344403
"BAMBI",-0.501935445047378,-1.36310280379164,-1.54113923401032,-0.737037404975107,-1.77211727001331,-0.350230521598841,-0.314080709840505,-1.16196552460678,-0.292854352886705,0.572090903293698,0.585880685277726,0.220488447365219,0.735991946680512,1.21690651450245,0.924818198801514,0.333293794701458,-0.0535955238241836,0.590770903424882,0.788183584980467,2.11963381156685
"GORASP2",-0.664568803215875,-0.926168612507997,-1.20809700963375,-0.631304497088552,-1.13872466373272,-0.916847067920967,-1.8266729553213,-1.17230613420152,-0.0258918568999112,0.499117701585374,0.360949696981722,0.457143309083341,0.247460747001751,0.295469647875499,0.335380562359371,0.92650934388149,1.42351703048842,1.43247051870687,1.27998203398332,1.25258100857543
"IL32",0.795065114529709,0.740026496750477,1.29943344209192,3.62976266996614,0.0779824552192758,-0.537404321331757,-0.537404321331757,-0.235328718777536,-0.537404321331757,-0.388337168484848,-0.366895858748398,-0.380692785952651,-0.49969814734609,-0.449157308299857,-0.379529576817483,-0.384294361889689,-0.420598271683041,-0.451788129112282,-0.491816381017415,-0.481920506432956
"ERP44",-0.488778824730142,-0.614070282455881,-0.971559510992546,-1.12177381538324,-1.57667487725841,-1.8884396856274,-0.735225848292259,-1.15473288880388,-0.225177740202348,0.484934792620202,0.986884786903002,0.54859875729429,0.179450651615905,0.460818339015806,0.905918409287853,0.713572800080858,1.29706271092236,0.979990820999132,1.02226539559422,1.19693600941248
"IGHG1",0.917288903780218,2.00813092137694,1.16096047998046,2.37033432050549,1.66254003242365,-0.544547235089045,-0.544547235089045,-0.544547235089045,-0.544547235089045,-0.544547235089045,-0.540657544869356,-0.544547235089045,-0.544547235089045,-0.540802622607744,-0.544547235089045,-0.544547235089045,-0.544547235089045,-0.516991922076839,-0.544547235089045,-0.53078298253332
"CBX5",-0.998459798601919,-1.14580638924215,-1.40182955475052,-0.936791995162284,-1.46225017984699,-1.34943179704209,-0.912609689852664,-1.0117374003013,0.598496098662145,1.04217372220815,1.16443824537137,0.648434494203383,0.7641844228856,0.877218088898907,0.238960929865411,0.518005453938162,0.559986577767982,0.690823126886462,0.831937131676365,1.28425851243598
"ATP6V1G1",0.0189295322601606,-0.722067723250036,-0.821785986507066,-1.15780157183191,-1.40206801769915,-2.13396197088546,-1.49670120611093,-1.02821169062631,0.608867973938987,0.800928426571838,0.764932875274604,0.934665913292079,0.573748573363787,0.476643697217654,0.64171184326931,0.575837820026752,0.696040993874371,0.795206544139186,0.940314092373467,0.93476988130868
"PTX3",-0.846401384030222,-0.68957366972933,-0.77570264793092,-0.717553312396527,-0.872236054026619,-0.872236054026619,-0.383078409481624,-0.872236054026619,-0.363173036406093,-0.270676609987679,-0.150866051644601,-0.562461912674652,-0.0590641803872988,-0.0542657220134276,0.0175001091938977,0.444193008348601,0.956154119477494,1.642490205238,2.43043094947096,1.99875670703328
"S100P",-1.57241002265405,-1.38027282388044,-1.36548335708294,0.302341991857298,-0.471789224025873,-1.66366911549389,-1.32764447444151,-0.623985454959995,0.468726363427809,0.291152981705573,0.409834173342673,0.67173169814964,0.540842228073756,0.0365470084793718,0.644565298274968,0.339975931163762,1.26148594137907,0.816264733205002,1.10968632670032,1.51209979677944
"MARCKSL1",-0.234605805375158,-1.16896829372201,-1.44927119992072,-1.37770673315589,-0.85897714688623,-1.74488807610833,-1.45649753947746,-0.649724086688088,1.04285826714624,0.991910196040431,0.878418165337657,0.951236609915755,0.451568796230283,0.462237642295756,0.594935905525109,0.618605965432146,0.566294842600936,0.933512755808278,0.958918390317947,0.490141344683354
"HNRNPA1",0.0161609579638088,-0.542028501396192,-0.591087244549978,-1.7665697258921,-1.42502061500084,-2.24660725942003,-0.966879216548294,-0.796584624311964,0.902616385833034,0.750671743944013,0.794976057418161,0.801945894969433,1.029771700494,1.02461986151524,0.660288686944192,0.229816644946948,0.168709995199775,0.516278727862598,0.773343652363728,0.665576877664468
"EI24",-0.307218054950372,-0.797955835964851,-0.930968154007221,-0.542983424520333,-1.33080125059142,-1.49232532159664,-1.43580068597408,-1.52316033948691,0.321232808008032,0.765117517409509,0.505382539660692,0.339654018769184,0.609754858801886,0.30867699714394,0.0983008268309506,0.367036276125058,0.76435082331171,0.936199746675491,1.672207128901,1.67329952545437
"YBX1",-1.57521502405017,-1.79263350532096,-1.71580952302928,-0.782771280316106,-0.116533728987543,-1.02376510006466,-1.34224962856686,0.176227174131514,1.0835895812881,1.1923256387002,0.817641091133033,0.787758637078539,0.597902534213918,0.152219466850771,0.290609303007726,0.397408478325925,0.342693452636491,0.568273292800797,1.06969600343912,0.872633136729451
"YIPF3",-0.228185097676037,-0.585394261546945,-1.05683029548658,-0.822002542394481,-1.42079509931269,-1.99222846253368,-0.997153477429569,-0.845906508591731,-0.333825168755365,0.233371122450508,0.518899046738679,0.578606194169072,0.287984559125969,0.0443076540545113,0.580964762400648,0.710853182063971,1.79073204827572,1.28005235023005,1.01376877126622,1.24278122295173
"SMIM7",-0.448781667977528,-1.00555266209833,-1.62955233506327,-0.2923328452253,-1.40020485358783,-0.53352828720572,-1.38631979956492,-1.3930903198739,-0.290663849053146,-0.0387001047486808,0.486808610640208,-0.0836676108256653,0.685727017735719,0.935708597122923,0.577685814558184,0.868856429037553,1.04181804603791,1.29047831265022,1.2644502854721,1.35086122196947
"RBM17",-1.22595698779385,-1.303134584707,-1.23777269782852,-1.0288592788047,-1.49482240976506,-1.02452111177692,-0.672671661556685,-0.998947988520813,0.983371307372121,1.39786554730126,1.20553376098604,0.790722795271207,0.473428182058926,0.0419900569356905,0.321852514896206,0.554389280751073,0.526427652176544,0.586625956548405,1.08058158713501,1.02389807932107
"PCBP2",0.0912566082314477,-0.536570743411875,-0.711780442102752,-1.65681638764093,-2.1632773712531,-0.678843780194085,-1.09866646743187,-1.60176998226455,0.450464785716688,0.617278148391557,0.802597534299579,0.50570679873442,0.575761495812724,0.625503759282615,0.487056410174273,0.529781350388325,0.637957809751241,0.731038558028702,1.13012050293807,1.2632014125495
"RTRAF",0.0732215598334958,-0.747461131356676,-0.838637722294624,-0.607584135037191,-1.07796459997252,-2.17393376902533,-1.69013986575659,-1.44960427295554,0.405107567414501,0.728038486463752,0.708312117283059,0.584023431239067,0.698272892112061,0.57176727816683,0.597066153937667,0.457323342215425,0.827371634837217,1.01059894241299,1.10925258810068,0.814969502381719
"PSIP1",-1.25265418438391,-1.28198138115318,-1.35537214485148,-0.786152253184235,-1.12937805360538,-1.75683082645942,-0.777017453762502,-0.550861346572717,0.384470126038496,1.05736422125477,1.34199576611802,0.393983005500844,0.78433650404328,0.538584295269089,0.336976181723792,0.756553388375902,0.629259391462258,0.330038680513825,1.08168192127345,1.25500416239909
"YEATS4",-0.42061362716548,-1.1474284321777,-1.13841955640635,-1.25383128363751,-1.29200867980196,-1.66583965962353,-1.32870553110524,-0.581935037566694,0.0264284640390186,1.04339703386751,0.940601325385547,0.305951371842103,0.624208475469018,0.733752922832095,0.454517210823155,1.24437218679083,0.697404909963049,0.487996965179069,0.997439377632839,1.27271156366024
"NAP1L1",-0.498325065772348,-0.850734182955904,-0.672160952484641,-1.32248240115291,-1.73947608929789,-1.69082639128965,-1.12423120649969,-1.10242639769633,0.812564993092638,1.04824782722585,0.691842128800359,0.66247383985635,1.12573153122574,1.08774378179211,0.663790331589335,0.473162316448965,0.319323872545539,0.482213559861638,0.778565554333148,0.855002950377684
"NOP10",-0.187299404790299,-0.872505750697112,-1.26259940483511,-0.937277406660636,-1.41939472369666,-1.59957847913747,-1.80060073926355,-0.880125284607454,0.720581194753444,0.937810165707622,0.896981816925091,0.744172174991602,0.434898999799807,0.403942718903774,0.471688635812976,0.821255552790617,0.752568694771545,0.941764596008058,0.916557848752436,0.917158794471321
"HSF1",-0.939699324026558,-0.970222767461568,-0.670812214154029,-0.970514140644104,-1.4334217796673,-1.78994592864849,-1.0239699859918,-0.973088634060036,0.284768840375997,1.01890111954856,1.09780703868363,0.535190394319398,0.189107471112166,0.104371998105972,0.29839629455869,0.736986214922222,1.24627148214194,0.844673014484259,1.03914132307474,1.37605958332629
"SAP18",-0.0768478280095306,-0.582603329121807,-0.826779080496277,-1.49917824683219,-1.7644948462318,-1.36763731973143,-1.46598073982368,-1.25065427603327,0.555750428345881,0.990411874602609,0.952475926839718,0.712463943068123,0.623094471962548,0.39450730373645,0.581860030565286,0.46506783615614,0.775294094852466,0.771849061542848,0.964230640118696,1.04717005448922
"SERTAD4",-1.14309783103059,-1.02213544065074,-1.13353788686218,-0.663146976157612,-1.30022444037801,-0.799384530647314,-0.770393740247722,-0.957787701545328,-0.635562147467116,-0.324804965420921,0.700664729453254,-0.31574100105612,0.534135309111115,1.66241003010455,0.694318818955704,1.06297722641052,1.24703029627195,1.46671010070603,0.552754388015486,1.14481576243505
"PPP4C",-0.430201002560193,-1.17240922794278,-1.47829162676148,-1.0740621108183,-1.51808254292243,-0.706460275544047,-1.57408027590244,-1.01405367344552,0.954057576958945,1.20596813724361,1.12215105813985,0.640488275894458,0.673806699198798,0.373924634074806,0.46542826243317,0.398368606520883,0.423179477938952,0.577226989893502,1.04062995550187,1.09241106209834
"ANKRD35",-0.474812595369859,-0.714336125401856,-1.06349746006519,-1.22570370239921,-1.2824081075954,-1.38027553900668,-0.117086677841687,-1.38027553900668,-0.0951665953625964,-0.0604857630529986,0.208500329041383,-0.0653199276659538,0.413304669358011,0.457985777208833,0.531070878692418,0.306673709861287,1.10850739616079,1.82747623599191,1.8629010490707,1.14294798738278
"NIPSNAP3A",-1.13522155695968,-1.35963418342995,-1.42711617904998,-1.17490308260877,-1.23395197421963,0.0967555795740387,-1.26770889849996,-1.07168010777448,0.545519652578864,1.13207805850694,1.06846988151699,0.735911402702444,0.659568547988811,0.163847235627813,0.12416265127982,0.214626109054208,0.583979898572966,0.782510710997051,1.02159474924107,1.54119150490144
"PSMD2",-1.46279469765079,-1.30116667354319,-1.40083837543387,-0.72669701363323,-1.2684357429263,-1.65192357303621,-0.48492219519053,-0.178067594983635,1.04506537596802,1.24361390532151,0.948260590396939,0.303489522280769,0.576539272599082,0.177689627528473,0.129294721227812,0.47682550129118,0.444045991254414,0.548485943666943,1.24687202095549,1.33466339390713
"LAMTOR5",-0.254151973198927,-1.06814960407217,-1.33317211949794,-0.636194320699441,-0.942157751796644,-1.61202486692186,-1.6714072482102,-1.47480612472743,0.787960458180499,0.857850579205418,0.743845730571119,0.720706574549605,0.56265701209186,0.278341069161485,0.613068742646478,0.728886021973592,0.857087118677363,0.930697394699518,0.950658792760422,0.960304514607253
"SUMO3",-1.00468608635711,-1.37250495662811,-1.31422155633138,-0.759438293815344,-1.03727802724651,-2.18051188052983,-0.766402432031924,0.218848812276523,0.734187074117089,1.25065683887469,1.10856556363557,0.666034449823723,0.25963330018413,-0.0328876689498948,0.367953055197214,0.428781919913284,0.591528690276911,0.670560199213503,0.993210369931423,1.17797062844604
"RBX1",-0.482347551242286,-1.21591439213296,-1.25500673376779,0.0252309780379692,-0.765620060523924,-1.05277278075332,-1.9129655483892,-1.12596321618027,0.472027655388874,0.492048825539887,0.469974425107327,0.207271777870046,0.172695670588744,0.01223134672617,0.0677531740072259,0.226188609153181,1.12914399444211,1.20355824765402,1.64607525430421,1.68639032416999
"LSM4",-0.915425260734771,-1.39943151410122,-1.52554892104687,-0.0198667875618802,-0.973843247552095,-1.56993329763978,-1.60768581038967,-0.723258088969549,0.291380874304407,0.818598409523909,1.09473468593425,0.318580829309717,0.734105977216868,0.612472778982789,0.458930442176809,0.791183622261585,0.680671480653291,0.703824851651574,0.888052676626745,1.34245629935389
"PSENEN",0.163945217083713,-1.14551358262425,-1.25185095271137,-1.24204834387604,-1.80351535839597,-1.3618162428732,-0.582284528342952,-1.22783005650672,0.0553723074459916,1.15037099069335,0.883658776029849,0.774790105483029,0.35099622770655,0.147118899953215,0.568209968046352,0.41523892972678,0.955915715231675,0.92371544638265,1.16782323625397,1.05770324529338
"ARF4",-0.116237187003417,-0.571196485265233,-0.643437445063055,-0.972877100103841,-1.50288052571094,-1.94304370358827,-1.57157317439302,-0.500182151535558,0.113424019732449,0.479493655858933,0.520179160869668,0.268290944443258,0.0109338624715142,-0.13981696879181,0.583475396977224,0.986029263137574,1.78192849681689,1.10099933500255,1.039770096987,1.07672050915808
"CCNH",-0.589908163745905,-1.02900655062127,-1.11135811909441,-1.13386855125276,-1.49373271350296,-0.593222914379972,-1.70066815514957,-0.128976084126601,0.00145867087183516,1.02771566367448,0.679796517854703,0.171769489317834,0.152038660572715,0.0635885051503715,0.0843775607532817,0.28661568161494,0.722533237339975,1.06034014537427,1.6284170625269,1.90209005682215
"PRPF40A",-0.891111003672773,-1.20976103686315,-1.72821499375153,-1.31576188529321,-1.92198697481313,-0.246517736689577,-0.927425935306153,0.049068390684764,0.292353845165278,0.715809028160397,0.966422234741155,0.301661720981917,0.773849103347527,0.53308926851617,0.23020690589184,0.336966452336207,0.345207303811436,1.05081748470676,1.40157242323709,1.24375540480898
"GRN",-0.286850557160371,-0.232831409123462,-0.977452846366357,-1.34717197629555,-2.00812182145641,-1.62148243500105,-0.433451756987168,-1.21527015194243,-0.0412303777864026,0.427748153355517,0.645447582233702,0.798250098398402,-0.0105188033921304,0.172154673459373,0.769943901566808,0.873533160104922,1.29289219762213,1.2551123538906,0.882231587819445,1.05706842706043
"SDHB",-0.488832849908861,-0.977006999482879,-1.21839008824563,-0.974665522735735,-1.24746305304478,-1.75775482925835,-1.36590603521531,-0.676311963905927,0.390850727224843,1.20656385546351,0.78990132651089,0.4451468515485,0.752854056056328,0.225840804012788,0.359642675943805,0.553508137412902,0.339399140287393,0.712826555535891,1.42158572559275,1.50821148620789
"CXADR",-0.438557250135183,-0.0974052472893184,-1.40333615478157,-1.730290559826,-2.24790931804808,-0.519247881673462,-0.450182879706369,-1.2229828128716,0.457548440728226,0.521073276991912,0.822225326232615,1.07214950466693,0.0384132908845694,0.259766998451696,0.836737676971647,1.29184992715336,0.904800042000549,0.772380843535567,0.645305805901748,0.487660970812752
"MT-ND1",0.912276111996913,0.935413322672112,0.819043935240791,0.380272926056759,-1.61240802344249,1.02409484965111,1.09328975702463,-3.12784360917779,-0.219186806556381,0.422855004621898,0.231359634741571,0.116379140640335,0.332786226291909,0.126250227887744,-0.470666575016372,-0.472200450705133,-0.893025306838187,-0.163809739922044,0.303550771408463,0.261568603424148
"C1orf122",-0.69042645592966,-0.982161814236344,-1.06645312008594,-0.603491994376824,-0.508014828291652,-1.95053453057359,-1.05914475934448,-1.20547169183359,0.223966844676687,0.926199002688195,0.451515856119507,0.664610570970845,-0.000811693652093945,-0.34931334359101,0.191457776110504,0.686102909700549,1.41697090355728,1.28376450826802,0.91477231344134,1.65646354638225
"NDUFB7",-0.647071609070912,-1.1964632324677,-1.21303821427986,-0.377422959793663,-1.4817163628961,-1.43213410739427,-1.73709695228335,-0.98785819813418,0.75470690714255,0.794606713590407,0.790476584914291,0.523593953456079,0.859738404568374,0.55980440392468,0.585110888388682,0.503733286733935,0.68808911068637,0.832086303969039,1.13217193402462,1.048683144921
"ECH1",0.0168142373961892,-0.558583728019723,-0.875644140079044,-1.18009685892212,-1.60908612447337,-2.15154829583636,-1.01056209084395,-1.20579432522384,0.1851384453274,0.971217662554365,0.779722553601039,0.961814368763506,0.383661111034033,0.382261162331405,0.75598691266183,0.790712658288234,0.879726323764763,0.810800197287073,0.800531945260148,0.872927985128436
"THYN1",-0.53872890897208,-0.588221224026204,-0.829507681509602,-1.08689228333044,-1.32298707373635,-1.7957958843212,-1.18152332737186,-0.541407098212055,-0.0166984115008491,0.474288181133738,0.24990885260832,0.221567633250379,0.278820762218184,0.345128545779695,0.53822709599481,0.164031910973284,0.621433067290216,1.83843149430534,1.89286513984799,1.27705920957868
"SMCO4",-0.976419797492256,-1.02641419178013,-1.21917244586185,-1.18113073386606,-1.19092928192128,-1.62220131796753,-0.879594341547261,-1.06834708037014,0.646540905875738,1.02578769086913,0.810531997751465,0.896756134485814,0.824294254593743,0.733439317346657,0.963260260304768,1.46223834610428,0.502330325747347,0.649512935810304,0.477715853757657,0.171801168159595
"TRMT10C",-0.778892066402056,-1.06779121278921,-1.05641891322291,-1.28200844688374,-1.29396212231685,-1.77344887334088,0.211066617333593,-1.4954918943609,0.703621697815232,1.06520976856804,1.00072792992135,0.643287818299883,0.913913971715302,0.853811689130591,0.218480805496081,0.617907964469996,-0.012722254554807,0.549282335548133,1.19836399648261,0.785061189090539
"MLF2",-0.384545318772298,-0.826480097248075,-1.13077136697026,-0.372455549538974,-0.985939314086602,-1.86109321441615,-1.66404828038157,-1.50703970080458,0.495848293212288,0.953413687756893,1.00492604982582,0.502381011317727,0.472485211549542,0.244595569947601,0.54626989210708,0.566828440595322,1.08698015237792,0.80848137086621,0.927445401290808,1.1227177613713
"CHST9",-1.3578675808539,-0.87023748318606,-1.28760278521067,-1.44964648275224,-1.49884107155597,-0.500487433213814,0.553466285631929,-1.06916052087534,-0.257889392964307,0.13143628419417,0.584786514730043,0.476585111251965,0.678594858064131,1.84986864700519,1.21236301038795,0.954738994921559,0.595795533782892,1.02655741278005,0.527060958136256,-0.299520860273836
"HLA-A",2.39311813029752,1.64058161106175,1.34771789985026,1.72047015849952,0.559111160669128,-1.09599657035838,-0.809977138778239,-0.6701733110979,-0.717679121106446,-0.522751533321746,-0.351728888042141,-0.617617591748677,-0.795086540717191,-0.788581170495729,-0.570046445533569,-0.489439623503953,0.0949862291012791,-0.249036234121678,-0.0411664744869397,-0.03670454616687
"TM9SF2",-0.476532354696501,-1.35007318324402,-1.38984557342457,-0.842190555657231,-1.64968863865162,-2.11242963311709,0.945687327689174,-0.530219237933733,0.0980088022983415,0.575154976258085,0.625633210614368,0.750136635608701,0.0739280820489866,0.12891541047558,0.617112295528574,0.895057005651694,1.13613285865353,0.982781325040439,0.895099259410619,0.62733198744666
"CLU",1.56907666291362,2.70494527271427,2.10706555615137,0.794701630549689,0.316568830152512,-0.665387077653642,-0.665387077653642,-0.395295572010636,-0.532815791652241,-0.537141665702988,-0.484101899492794,-0.50979103276114,-0.587705023316305,-0.503372228745762,-0.512894802273802,-0.534467283912667,-0.491757179391888,-0.5429056613995,-0.506759634291725,-0.0225760222227243
"FAM3B",-0.798272265165329,-1.07259936362675,-1.22839184318329,-1.51105420300201,-1.61531828706707,-1.0310869370898,-0.269738452989854,-0.306888861337863,0.0210809163767312,0.46337207493245,0.791980946746062,0.810607147173867,0.089503770957039,0.965968563776062,1.34090613326021,1.85011515777066,0.987004536658795,0.76012481704718,0.286611561259631,-0.533925412496725
"APLP2",0.171502689996826,-0.852893672497461,-1.18263815360459,-1.20827977414007,-2.5742780506246,-1.05562304294856,0.0878685288026899,-0.968374287502376,0.117251064197571,0.586385379836488,0.635767260218255,0.389697866988137,0.265269684728269,-0.0103103414359128,0.408031851191005,0.808284451145137,1.1179909745654,0.95564937878902,0.973092753790304,1.33560543850446
"HNRNPH3",-0.667066163552264,-0.910866173545127,-0.500108189454871,-1.32051807045732,-1.56384268110885,-2.15103295106499,-1.07268248425037,0.216119975816388,0.794259255078276,1.02616709275233,1.07510912212514,0.367405661633171,0.659508020928773,0.0525490089545518,0.182519120328426,0.110517517213591,0.572219346532714,0.54054838804612,1.42113461508444,1.16805958893988
"LAPTM4B",-0.705616303595245,-0.771265072044236,-0.761545958796752,0.0878436340443142,-0.965572792529104,-1.72414505382945,-1.43794425539203,-0.732905279469618,0.0258479728813485,0.608363986642799,0.314581726584745,0.209156736185148,0.0511265299199642,-0.159482080853422,-0.0875593968419724,0.08262237731843,0.677414888217781,1.20480569581657,2.0058567515517,2.07841589418903
"TBCA",-0.145509250982923,-0.952083672294725,-0.913056707487237,-1.08159297406411,-1.18831071840634,-2.0941546788305,-1.7668188270878,-0.359274474391279,0.970660026132431,1.07235567920844,0.917590984817837,0.758103098190797,0.62920114023719,0.425743332777685,0.292503461428017,0.336926238501793,0.385702351573609,0.60636246639136,1.08581542391188,1.01983710037388
"LMCD1",-0.117798946617738,-1.02476095333337,-1.37183322580886,-1.05016687596288,-1.2425694797988,-1.48939398746925,-0.930714612912077,-1.48939398746925,-0.274870548067628,0.468135265347897,0.698824269254055,0.932875438110682,0.330571737366916,0.853098594232605,1.1012055220999,1.16243952000296,0.886928673309388,0.918994960728915,0.623376238886785,1.01505239809974
"GTPBP4",-1.43498326741273,-1.20584864654985,-0.945386581457717,-1.11948472545056,-1.42908301714798,-0.59966797210328,-0.890899332173129,-0.831551300391633,1.14740004897991,1.63197837961639,1.02220671834126,0.684325011620643,0.418125690619536,-0.0945977281241476,0.0366240239996394,0.330081565408416,0.241735084704055,0.437973387916632,1.42807338296784,1.1729792766367
"ARPC3",0.276167074230805,-0.920774556058689,-0.702123475354815,-1.08397357764475,-1.59067526683227,-2.18608373664427,-1.3917509666518,-0.903740955566553,0.705033181404635,0.802412562479971,0.772952636354539,0.675437069382269,0.475951404637109,0.362885095761977,0.597331918392919,0.6963689193821,0.826101856833556,0.714721504103632,0.90786013008703,0.965899181702614
"RPL39L",-1.12470304543264,-1.43408937568917,-1.46393755627652,-0.839673416115684,-1.01303020777096,-1.74466900327943,-0.810828921025198,-0.0437427607431963,0.285903291193696,1.11310609733325,1.59087543274153,0.696397653525066,0.656084866592973,0.457185035690397,0.559573491598383,1.29549129403446,0.590837665007419,0.208233806883127,0.179081610976957,0.841904040755543
"LURAP1L",0.10489043083669,-1.34105596618889,-1.57588248386001,-1.50005497911649,-1.53753637509355,-0.826274949464107,-1.78143809361876,0.551785884444867,0.240525961373841,0.447899015686778,0.660764112114825,0.592085305482737,0.255221006495211,0.902141467368733,0.763917546062399,0.678599580932703,0.604569432918654,1.00805816860208,1.02999150149594,0.721793433526345
"DNAJC9",-1.28802616291281,-1.42254092060115,-1.43141882603145,-1.14194786514832,-1.38117577790211,-0.0755604663118379,-0.869748796592946,-0.858221050063923,0.29130956932846,1.10044340347552,1.23137180686994,0.453345816008285,0.680052852923588,0.433066114525861,-0.0444757966415766,0.559220469005834,0.650413267096465,0.582142116553548,0.714135735767936,1.81761451065069
"MBOAT7",-0.67286788847282,-1.28397046555804,-1.26758611051819,-1.2967942850824,-1.61551942357071,-1.80165294750569,0.432597775796508,-0.813903702038031,0.114638790338267,0.949538153879301,1.03809800357216,0.712072068869215,0.337227056788461,0.385132718833869,0.770948622408377,1.17812013778018,0.795745005763204,0.475198251141601,0.580900869394488,0.982077368180255
"SRP72",-0.529182629781795,-1.21455358632593,-1.09965003739517,-0.759786052259718,-1.59886673847426,-1.68016186887286,-0.946181916845333,-1.17949479477896,0.477002849527041,0.728062982951387,0.801918338721344,0.140721807238726,0.797092891225381,0.574700664823351,0.601869690662022,0.766495455137053,0.859303114025665,0.767953460687882,1.35024926932336,1.14250710041081
"AC011503.1",-0.507299701885452,-0.507299701885452,-0.507299701885452,-0.507299701885452,-0.507299701885452,-0.507299701885452,0.162824455594095,-0.507299701885452,-0.507299701885452,-0.491087461099924,-0.500736065794527,-0.507299701885452,-0.507299701885452,-0.507299701885452,-0.400016964280035,-0.507299701885452,0.920085784492284,1.43644492266307,2.58539247089444,2.37468928015603
"FYTTD1",-0.550157346686201,-0.821695664215546,-0.572945261559431,-0.867478779012272,-1.40702163959422,-1.77530086047262,-0.469275176754055,-1.05010805759064,0.543968198725836,0.24812496297517,0.428217724511479,-0.0851957618931377,-0.256209337228422,-0.140568279725317,0.36849819488665,0.293744754515359,1.81794775544743,1.70776981616611,1.46986023317731,1.1178245243265
"PUF60",-0.675865702302629,-0.910509982712188,-0.646252390448897,-0.599598118339304,-0.99335071271751,-2.06605602706996,-1.34895849405586,-1.27720385242399,0.333994346109777,0.833066270879644,0.959672849819025,0.454054770121569,0.525886875796194,0.459736685483499,0.380412353126578,0.259537652362809,0.426166965983231,0.800174833243976,1.63548216933375,1.44960950781029
"FKBP10",-0.862853231422661,-1.13889550687327,-1.03038099717531,-1.01309986398713,-1.36470365417448,-1.43101086158535,-0.73160582490322,-0.946830581374437,0.290164749580848,0.463007096106587,0.358741534905973,0.453893405149212,-0.123708062469834,-0.0554928197409343,0.755046104291869,1.19642803411268,1.64397786854127,1.19360447941725,1.19770205499699,1.14601607660394
"RPL10",-0.391991199655246,0.0598521945030705,0.00129744377025041,-0.332196994452627,0.166437004908182,-3.1994475506723,-2.19053234521268,-0.190205173396132,0.441913861332623,0.233549891804671,0.239409816448722,0.582067424729544,0.643906592498657,0.915194707069661,0.834506637756909,0.459809131272736,0.512785769513434,0.594649679325388,0.40828602784518,0.210707080609962
"LAMTOR2",-0.30900256273492,-1.35929790800907,-1.76749398374887,-0.578912225354636,-1.52976822005826,-1.37666345983244,-1.65831765420679,0.023701513774531,0.520831345329337,0.834898679790478,0.780072543078875,0.855023614809262,0.443512329365807,0.297751050066605,0.60820866261323,0.663351705881042,0.694488845079264,0.925927615487732,1.00522683374003,0.926461274928772
"ARL6IP5",0.604303853465332,-0.578873766586916,-0.659475027639322,-1.41688644138139,-1.84370945526883,-1.90794169967055,-0.615714705003483,-1.44893613873192,0.149792531004093,0.724877222052131,0.738350077832683,0.638656966764623,0.110457939330106,0.42938144473846,0.617494351035526,0.678326282580132,1.09071834947725,0.973469850404698,1.16701408012241,0.548694285474959
"RPS9",0.0596343107043323,0.147378969230672,-0.00640389241757816,-1.3569471821191,-0.0351708014893109,-2.874813000403,-1.78651146422141,-1.0417679130277,0.531095053515228,0.423054017877023,0.445760602204464,0.732456156063043,0.900258936053827,1.02705140558748,0.828719273591351,0.39162319278815,0.319642721517388,0.544838549387767,0.440866723949283,0.3092343412081
"AC020916.1",-0.30501286409526,0.483892885718793,-0.605035605082552,-1.07632550342208,-1.98402851757715,-0.76679884128195,-0.0978649882031515,-2.06359191880408,-0.804485711055902,-0.446496408392252,0.32326332953794,0.126881626121642,0.429559526862601,1.38110827521969,0.950024897166711,0.717641236814828,0.444185271829718,1.20811072934259,1.19877419348319,0.886198385816689
"COMMD3",-0.333168166914946,-1.07804664886843,-0.896907511267369,-1.5278998013874,-1.47446183676127,-1.28733057915596,-1.2820197132109,-1.24692518850752,0.208633565144823,0.836172360686661,0.977408310910595,0.742973883269721,0.743060683292639,0.863910799572735,0.822688897015804,0.525348188778427,0.517107198218823,0.972833188001645,1.01477231627248,0.901850054909448
"SERTAD4-AS1",-1.09749865570413,-0.964118899606705,-0.373369348912468,-0.304357890715318,-1.16592637511586,-1.35825890693191,-1.03796364748294,-0.894286088454945,-0.863779448031615,-0.58335617257918,0.161532836841927,-0.0537972191455487,0.488548351030218,1.6160409533394,0.852548965352984,0.729694744884453,0.969723594760133,1.76591756244778,0.920327616968559,1.19237802705516
"HIGD2A",-0.460141528408217,-1.18404548953813,-0.992316455470386,-1.27869972161,-1.56364627784085,-1.2191968845201,-1.60935516237999,-0.596305069668433,1.1063976271335,0.910779778339165,0.760739528550883,0.983565911249597,1.16771536928943,1.1414245918876,0.776137966245038,0.464743223502858,0.134156027189108,0.376635857111436,0.366949891000486,0.714460817936994
"MEAF6",0.0775925532352547,-0.924041316687842,-1.22948222306664,-1.16355957874242,-1.57790036580743,-2.04597534523678,-1.23472336992083,-0.21427970088812,0.585230303470419,1.03916945599038,1.03422712859628,0.813176924636136,0.358183739562614,0.0130347899611621,0.299070939277713,0.714723171679982,0.664469131743906,0.6897893569097,1.15397048924988,0.947323916036644
"COX5B",-0.00217639398317428,-0.705221531389951,-0.848114954755951,-0.324813193673293,-0.650544135945286,-2.73255242733299,-1.85761150563944,-0.378500465734556,0.491922046544532,0.567182576621058,0.40114966621889,0.42324736712683,0.4474371307579,0.261436432542348,0.421730833635268,0.245847228181038,0.699259880431163,0.952130299937345,1.15562353432922,1.43256761212905
"EEF1B2",-0.695788073219921,-0.262277475356652,-0.313614110839047,-1.28477651008843,-0.510047567506445,-2.3469671781055,-2.08988137532763,-0.579668901380942,0.675467250196945,0.668978220004209,0.595665235507454,0.609285889188549,1.12314975128242,1.15306256553095,0.553033127439046,0.286713938686636,0.285131800359533,0.595874789247926,0.776427655180277,0.760230969200628
"MRPS33",-0.111902702798996,-0.977101237117956,-0.93990235427715,-0.893966241337355,-1.28421426430891,-2.10464662713052,-1.28874484997881,-1.27805855369686,0.529299417334879,0.734816976386711,0.819769306600742,0.617963158257027,0.703649715512749,0.723815560328429,0.596908600033983,0.572427632282861,0.600307858915822,0.761727766350426,1.10304595096222,1.11480488768071
"YWHAQ",-0.628722617172805,-1.00763748854691,-0.978702186110543,-1.11204860152923,-1.61163946518693,-1.60942477220981,-1.54003515328809,0.150008888326137,0.809573180776078,1.29057854887024,0.902040952316473,0.719818303702239,0.257119251263511,-0.0159493696879943,0.247351808657533,0.377741754977629,0.509828597298243,0.806207074846066,1.31223678231677,1.12165451038138
"NCBP2",-0.839913267689117,-1.30053917610793,-1.20944393896345,-1.30670534460191,-1.46180653524257,2.09067953709904,-0.315518522890091,-1.65764447687113,0.767594276515457,0.688854858594737,0.756686670045631,0.526051434692922,0.0632602258876549,0.181457898009698,0.108395356340717,0.246134889242997,0.24795449295074,0.722851945182088,0.988356186841096,0.703293490963431
"HSBP1",0.682093544593283,-0.772831812239251,-1.37180083765239,-0.877316703658774,-0.692758567049397,-2.07073603152936,-1.70898477226294,-0.924575972869438,0.436095887390962,0.80866840776027,0.727833427101696,0.513171927593591,0.155273074327965,-0.00955423209381537,0.371932717893557,0.422748494037268,0.878858422632969,0.938005017970566,1.21374461376689,1.28013339428635
"PCNA",-0.975069982147444,-1.42893710587819,-1.42290350090507,-0.641932170110449,-0.883767016611561,-1.821212369209,-1.20266840332808,-0.14645054353203,0.794733306624863,1.36463992342143,0.575719724790502,0.392599260186256,1.02880765280819,0.77125341784094,0.117262528655508,0.673340242845987,0.0802446449070817,0.492889606103249,0.827612992417127,1.40383779112069
"SERP1",-0.917975028050217,-1.34958199134956,-1.56813569849161,-0.628573173087329,-1.15935843297943,-1.96930184922614,-1.11775470558056,-0.0071662221353324,0.580483961805642,0.864680834383678,0.64014704727501,0.815879982315553,0.347945697239036,0.353806348813008,0.752810934483367,0.909652682875611,1.24788356034972,0.865013185295112,0.728672458113844,0.610870407950601
"TRAPPC4",-0.851930700324387,-1.20353408132711,-1.3225467698069,-1.21179241249194,-1.5434430466844,-1.03928491408809,-1.44652452764813,-0.39588185384361,0.533222007703371,1.1687900924651,0.837357414299579,0.407748496868831,0.536945940015644,0.368242469320404,0.512808795952405,0.564357811703974,0.676110007212289,1.06922009971117,1.30232258045503,1.03781259050678
"JUNB",0.292302227226977,0.832240248305584,0.108773454850526,-1.37345709056344,-2.14009298751644,-1.6035919572015,-1.06452316755583,-1.65486968317432,-0.142755727736851,0.121314942941402,0.374617183952606,0.396844029730907,0.262208252847108,0.739450153753466,0.826228769382496,0.430817208632989,0.474412144157373,0.944988256370058,1.08019246956356,1.09490127203333
"GNL2",-1.35570073724539,-1.07902419273344,-1.20604375452281,-0.970492590069383,-1.29337223240425,-1.82757519353917,-0.0700675829426402,-0.230779321396716,0.310142337117733,1.10185196234556,0.938516235492245,0.374736798727553,0.131298033790784,0.0583423743378181,0.0671275590262682,0.537595643260105,0.676687802546489,0.729096860050293,1.73610036266588,1.37155963549307
"CKS1B",-1.5016933569952,-1.33099633775139,-1.30033752290964,-0.246367613839861,-0.700355367722972,-1.20164478551625,-1.46303685599315,-0.0197007321880924,0.118893136875709,0.418466372361217,1.67550808789886,0.127694474714719,0.123315607131064,0.152235242788527,0.0535192706881974,0.90176815778546,1.12351198436498,0.532222400630256,0.760835584896796,1.77616225278077
"ALDH16A1",-1.00113605913614,-1.11883434611967,-1.26173369703702,-1.2653970112437,-1.46412172269224,-1.61982054816422,-0.0978403507926307,-0.637549616832429,-0.258137955233573,0.522670206383721,0.792206864736162,0.397405164901572,0.340898474470374,0.801161934880132,0.315321176408998,0.923875280382142,0.869901922656988,1.05449547553061,1.3778971466,1.32873766030092
"CHCHD2",-0.689777235108249,-1.09618721528168,-1.06386654394526,-0.013081243025229,-1.00478962087771,-2.47288728669557,-1.71598146948901,-0.358170304466081,0.817733189371228,0.8251576178336,0.657819385194164,0.690106828609564,0.571156750092599,0.548297946768565,0.648297963438292,0.636954373635538,0.735608899410053,0.726691477526178,0.791725877450517,0.765190609558477
"SRSF9",0.0934963822807594,-1.0369133504766,-1.06754114173478,-0.926764430949201,-0.894395142559846,-1.74581323024585,-1.97373793939637,-1.07238824865941,0.37354371892206,0.948906912034847,0.897205017334439,0.684617927957032,0.474716592944356,0.334189136394843,0.425413734289002,0.725962965750061,0.770372948628441,0.749618787375879,1.08592246005898,1.15358690005136
"NDUFS2",-0.470775585803839,-1.005377401167,-1.35836406430425,-0.941479043395789,-1.44567181832307,-2.10905451144501,-0.940972387025033,-0.127788565290694,0.426366334673623,0.321520411604841,0.832765906013461,0.389543513662263,0.931682738183455,0.893540167532941,0.303221504824591,0.40707240655537,0.388172801029115,0.785265588424831,1.55289111027205,1.16744089397814
"TMED2",0.347847515571493,-0.721069843788661,-0.805775586409784,-0.743220718614073,-1.35743465378858,-2.45509132085029,-1.26969504947384,-0.372279652181802,0.0409420987611176,0.272155887254499,0.430120614049538,0.228762635272709,0.0941431840923695,0.12609177988566,0.618693112441537,0.658120226647532,1.73222471035605,1.14834137716701,1.0804084514069,0.946715232200621
"ASPG",-1.33272062561091,-1.33067508364805,-1.31902133510986,-1.31863334106072,-1.36390327835999,-0.14570143260466,-0.6997453093736,-0.874808619591914,1.13724902008185,0.806672515470902,0.544897502100823,0.428865964265847,0.600683687707086,0.246395550092812,0.392929587604732,0.187660871881261,0.395932194933105,0.980782181220965,2.08564669923109,0.577493250769243
"FAM213A",0.841738896072157,-1.20481821265339,-1.87522491927051,-1.30326358922809,-1.74219673475568,-1.11227232779651,-0.32051856941694,-0.943243231558802,0.136373186919918,0.82683928870256,0.377703061804625,0.805306783593386,0.30544347223791,0.406684150431901,0.342050675142762,0.506249374299151,0.588854514093564,0.922443139813987,1.38781105571382,1.05403998585417
"MLEC",0.782423692441749,-0.999008289190877,-1.18177295194947,-0.835411830022709,-1.72650951840477,-1.30275726201549,-1.07872356691389,-0.889168097477706,-0.145353796663103,0.351476636958809,0.526962293271899,-0.135533985574541,0.230151703922052,0.0358143650777517,0.219172631022884,0.621415211796893,1.56771531283184,1.22650728445817,1.50458930269665,1.22801086373387
"TFAM",-1.08963634231298,-0.946187714183493,-0.978877400740715,-0.977508774979226,-1.32309109948827,-1.04851552577204,-1.84700167570499,-0.648238542565355,0.167477744237205,1.05749054358277,1.05352326903906,0.458397997427188,0.689044745730912,0.484942520915954,0.151927100469474,1.10974665953213,0.443960367290141,0.7258176973691,1.24623503151059,1.27049339864254
"PMP22",3.43077823341082,1.00198015766513,1.57718668087806,0.84640226621986,-0.230816799119652,-0.47206917761576,-0.47206917761576,-0.47206917761576,-0.394674418617297,-0.451094183862638,-0.458386641994413,-0.47206917761576,-0.47206917761576,-0.457069714893222,-0.47206917761576,-0.47206917761576,-0.433926761336244,-0.417112532913733,-0.446353274363248,-0.262428767763106
"UNC50",-0.10224393636741,-0.645352673269203,-0.77545443692478,-0.716042358801254,-1.17057503762778,-1.52042703748134,-1.52042703748134,-1.13921399569434,-0.163815314206509,0.20934720285336,0.299308667678337,-0.103617790727798,0.14429633593741,0.25130222706921,0.503202329804614,0.384137360322894,1.29363672313696,1.26406661541959,1.96356954133829,1.54430261502111
"HAT1",-0.283961052167192,-0.695603842949372,-0.695078997163737,-0.894223993703757,-1.49179756955217,-2.02856692497307,-0.74796886311889,-1.08302003171964,0.16250377896328,0.664556482777005,0.660531700653178,-0.195459820685061,0.527161366736426,0.374326317647825,0.027896617954937,0.624441866889711,0.662675757442295,1.01459371753549,1.48612925841412,1.91086423101863
"APH1A",-0.494099759456463,-0.852343775352573,-1.46326921761167,-0.885873810463171,-1.42239640294398,-0.808373443049176,-1.64896572513862,-1.42184204274242,0.515583466679422,0.716764370612705,0.857093360202725,0.509826199197976,0.313143516410237,0.394768544767067,0.653420286562718,1.02395822769232,1.28935463846086,0.986872215042757,0.729037286220528,1.00734206490876
"MRPL39",-0.913300808393399,-1.30162480546695,-1.4474407208158,-1.20809504335362,-1.19608657621772,-1.52597304599259,-0.786860838888922,0.0678569445522448,0.0911963132610644,1.5037900321901,1.09909555169931,0.584063782628747,0.424398827418345,0.0863291670816385,0.163635765961862,0.434598076357536,0.686769311510375,0.658484652812329,1.08865042623126,1.49051298742418
"MAGOH",-1.29505129376518,-1.14302745092764,-1.1104324784162,-0.900162843687479,-1.1599443290328,-1.75879320943051,-1.243615229342,-0.247223844733006,0.772517594815007,1.2684762970531,1.20986752821384,0.691273975505666,0.83225659351516,0.458400504905046,0.284499112531645,0.643684890277368,0.207470949061519,0.409589932038492,1.09709592564098,0.983117375776985
"EFNA4",-0.619098358095456,-1.07839392912738,-1.3054676738992,-1.03664237730106,-1.28067464657503,-1.6116490201681,-0.616276024798331,-1.6116490201681,0.717847368761184,1.02936462073073,1.03372032027259,0.754834750183727,1.01519726971164,0.653361176931425,0.49401749313005,0.501600167258808,0.564773962387335,0.598578041705535,0.861685890964372,0.93486998809525
"TMEM59",0.737164645768016,-0.187668756247919,-0.710424234199808,-0.875224999767803,-1.67416824179996,-2.67365509824518,-0.841594742714334,-0.822951346723736,0.0591947271460649,0.258956064551865,0.46204088098041,0.435161105392792,0.129472819533901,0.285310591279313,0.507548333960019,0.65327679346786,1.08061580739237,1.02212291356192,0.968326355649697,1.18649638101451
"ACTA2",-0.00297831201697006,1.84160887474179,3.63149071773158,-0.0420543630197203,0.396160957355979,-0.392969244876539,-0.392969244876539,-0.392969244876539,-0.392969244876539,-0.389088070522266,-0.375329659203973,-0.375628354619674,-0.392969244876539,-0.386360249000884,-0.389782990783586,-0.383431734087058,-0.392969244876539,-0.392969244876539,-0.392969244876539,-0.38085285756291
"ERBB3",0.627610697442919,-0.993272143297028,-1.54229994285497,-1.6960849127994,-2.05568729288229,1.37892505289185,-0.357758457632539,-1.51611189115612,-0.0499646462701707,0.501681499828187,0.438303812562609,0.566441136223404,0.450777764108849,0.878846318990865,0.580622555462208,0.28817764764842,0.739026324563051,0.672697608903695,0.71246147540726,0.3756073928592
"PSMA3",-0.427826014545346,-1.07982661217105,-1.24352054675509,-0.866312200212396,-1.33952155851829,-1.73064253642077,-1.43522623404289,-0.422677332393939,0.431671618999881,0.890531807636379,1.02026277226097,0.108512898045335,0.744340150700586,0.612462686443375,0.228635543714362,0.564154398137194,0.235067680289678,0.856462991726722,1.68600884735297,1.16744163975231
"RBM42",-0.972723976674964,-1.45064211189852,-1.54030162730741,-1.39595603061344,-1.67617724804418,-0.435323354800926,-0.563241655552489,-0.203103459055591,0.634136171670808,1.13673823810364,1.17405729611164,0.282060413754232,0.755315333809205,-0.0270119339839836,0.143125543891767,0.640619294967434,0.330589025354323,0.408674434464664,1.25021325075198,1.50895239505181
"MRPL3",-0.470682862422913,-0.856291273968318,-1.2808053802696,-0.797702369081946,-1.03107516238431,-1.77424767228903,-1.17213276994317,-1.35948862994796,0.903722545443987,1.28755966766281,0.999811293687355,0.520739735895546,0.630331462854151,0.257943662693648,0.190084501018069,0.27534330625054,0.45231461256582,0.600805778932827,1.36889814047079,1.2548714128317
"RPS26",0.363990977013822,0.0128320712375734,-0.296937766546384,-1.33724905525991,-0.753653402965266,-3.03142202680724,-1.27359316276802,-0.989991811836233,0.67001109339297,0.575116455653714,0.515682330034028,0.580492120936683,0.820723647973331,0.716006610651199,0.659123614760529,0.379913370578459,0.413932057079575,0.57961556763316,0.735278643981232,0.660128665256767
"PFDN4",-1.10573595332492,-1.09837428113125,-1.11619697951652,-1.16264328007601,-1.50173136568725,-1.36886952757598,-0.752334818030327,-1.15827401644209,0.966879839692057,0.610783209999429,0.712136921097587,0.716015859897796,0.876600691394522,0.675803567450138,0.607669522168915,0.455103304430685,0.50424779896385,0.623127208414054,1.26951139741778,1.24628090085753
"ANAPC16",0.512526819488365,-0.451619798320302,-0.835588790329528,-1.05826168751308,-0.776165311016905,-2.40584398585251,-1.07913609322914,-1.22651573612359,0.44626844874268,0.721533170755739,0.530679852300984,0.205462834414343,0.201001888041292,-0.063002517178699,0.154154115561103,0.17662496573699,0.963661797963416,0.899111082581177,1.63450524063673,1.45060370334093
"TEAD2",-0.521711088691988,-0.977236151566487,-1.21684036450406,-0.689711128270661,-1.27239907858086,-1.65196116485542,-1.38378574622964,-0.395594404923365,-0.65219150714708,0.205532177483774,0.816546853892789,0.299986199282915,0.470270448140744,0.915019152530289,0.656665327699546,0.75108843715159,0.521074611386723,1.18784629390302,1.71602278971477,1.2213783435834
"SELENOF",0.0455110072045329,-0.895099849417206,-0.69927659345131,-0.869008451882527,-1.68510529499075,-2.31002383468926,-1.36624549450615,-0.549409656624453,0.465610161103246,0.770990664660742,0.605786081169236,0.532716627204005,0.597814836602915,0.418878401633374,0.397524030908425,0.45699885748265,0.85507542354459,0.954105945364151,1.24026519661267,1.03289194207111
"CD9",-0.135393101838403,-0.535043506881721,-0.905753527293221,-0.931054960997195,-2.07539188640057,-2.44147232410275,-0.858532432544203,-0.394457042257032,0.51352896387039,0.802162078334934,0.691369015875336,0.708577940564981,0.524773836977718,0.657838464616861,0.685404275192663,0.56606966458293,0.687566708213967,0.815320195388658,0.762980706515345,0.861506932181315
"RPS10",0.204251589511648,-0.779029877387858,-1.42974628252561,-1.5787808560529,-0.168726035427968,-2.5048994123169,-1.25934107021447,-0.442441524878506,0.688683899063417,0.71141670582624,0.592738066638752,0.707819766148352,0.966432359297195,0.992426381374341,0.809595487113976,0.534505100424378,0.268858691506412,0.650109543946805,0.570457424812879,0.465670043139822
"HLA-DQA1",0.0860904178512038,1.0616104267184,1.39486260089096,3.66836612038072,-0.170135067464934,-0.406952071765473,-0.406952071765473,-0.406952071765473,-0.379868620156692,-0.406952071765473,-0.406952071765473,-0.406952071765473,-0.406952071765473,-0.378745928576383,-0.406952071765473,-0.406952071765473,-0.406952071765473,-0.406952071765473,-0.406952071765473,-0.398755088457602
"BIRC3",0.696435621133289,2.07037268790597,1.39036545910025,2.98897946503427,-0.472564185100331,-0.565805505307539,-0.565805505307539,-0.146486037031498,-0.504445162296661,-0.405006417793602,-0.370602896860049,-0.409429767629289,-0.451555600217835,-0.449666602825747,-0.313673901532439,-0.424591123870977,-0.534480657667685,-0.509982676653103,-0.504903763940163,-0.517153429139322
"GPI",-1.23051930980604,-1.60424554550528,-1.65657461657829,-0.464176731962866,-1.31421587979611,0.0725950990483376,-0.305851716067331,-1.68110376991331,0.179682918379011,0.716932904266017,0.593306622277837,0.55267651344132,0.0911239831848807,0.0809204400213938,1.0024847214518,1.05498038588497,1.27495211923282,0.806924672682878,0.835680640848627,0.994426548909351
"WRB",-0.517336882463178,-1.10657319682151,-1.44583362391364,-1.33778053227024,-1.33147335621669,-0.499748621228451,-1.74445579725368,-0.854623669114865,0.425538772160682,0.639027044935039,0.539343141595882,0.838329765821767,0.285079109137204,0.34756765306622,0.456606109845351,0.683900444833451,1.25700031423465,1.15726386506941,1.02357237366951,1.18459708491307
"MTX2",-0.496880695835068,-1.20453281310743,-1.28787864471845,-0.754516105099214,-1.11394705034433,-1.76049619937538,-1.13464669965243,-0.652391593767491,0.509561213258359,0.83895048189409,0.755340734015216,0.202878968506788,0.28864880855146,0.269840292871694,0.301741734884501,0.123945578186717,0.665315045575521,1.18070699134029,1.58179937084418,1.68656058197098
"UBB",0.137796175380411,-0.751563314797839,-0.729991839249525,-1.01755430210534,-1.28378146553971,-2.62688525402972,-1.46066386177503,-0.250560022407461,0.805299087434139,0.827273906135069,0.872685089436504,0.500682540214737,0.698708122664069,0.41388104545236,0.312803237563331,0.24690061098313,0.495029473947465,0.741858354223832,1.08687084156741,0.981211574902173
"NR1H2",-0.671970417243734,-1.20347792793852,-1.22168351903047,-1.44867731046447,-1.2873215762505,-0.530361603926523,-0.9217655740737,-1.81672142608095,0.199162664675486,0.9452453576748,0.914333005551487,0.61752410284637,0.768334162355858,0.696397875057057,0.691112796619328,0.761520429664937,1.0802033425304,0.762920337092502,0.860754209692835,0.804471071247805
"CCT4",-0.774957016164202,-1.11348900781563,-1.08785385595593,-0.973580531774831,-1.35908295444857,-1.83323509975371,-1.03212131685374,-0.772919881749469,1.00872635688503,1.41009243322276,1.02125411352866,0.644696103308152,0.653415743582901,0.21744568650437,0.367728693663956,0.326763038685994,0.50657956508795,0.64412653963236,1.10469570725403,1.04171568315993
"KIN",-1.06789142811387,-1.03322829961003,-1.11090030624214,-1.13590139373477,-1.66134371907767,-1.66134371907767,-0.421876189750339,-0.450166952284559,0.308305259019068,0.890799939585917,1.04049625516383,0.261312703083298,-0.0062111408081648,0.221852343638136,0.478355588042691,0.698937068520682,1.00346633142776,1.03072601141442,1.49887120467587,1.11574044412753
"PLAT",3.7908200745181,1.04663952825558,1.18040594472571,-0.25493525580984,-0.362505306814868,-0.362505306814868,-0.362505306814868,-0.362505306814868,-0.362505306814868,-0.358977420463757,-0.359633900002055,-0.362505306814868,-0.356940634788135,-0.362505306814868,-0.358889750902575,-0.350712477440103,-0.356395984345596,-0.362505306814868,-0.358832362413505,-0.362505306814868
"KIAA1324",1.9039249011482,-0.365033800156757,-1.21549657761843,-1.91102292417902,-1.9407266557252,-0.130458686120394,0.295726475853429,-0.692898616688007,-0.603061795634456,-0.7457541674647,0.00334979846697343,0.533004893218269,0.00929421757678417,0.510023902334391,0.533828066449593,0.108307694746532,1.08448556493197,1.18226186663431,0.278806928045816,1.1614389141807
"SHKBP1",-0.67060441102162,-1.1960264573441,-1.39508079395999,-1.14933699271074,-1.28842015752804,-1.50025374879007,-1.0982327321681,-0.484131706330634,0.946122835656094,1.50945617650292,1.04765292005557,0.668404497740683,0.368627624155031,0.279602070866849,0.304719552238237,0.197928083303219,0.388592546031109,0.76631126702964,1.29942239473695,1.00524703153699
"MAL",-0.77731187347463,-0.74146670716975,-0.649224659424717,-0.700655447470531,-0.77731187347463,-0.77731187347463,-0.77731187347463,-0.77731187347463,-0.135572011329569,-0.397933497965873,-0.448973501722878,-0.425342239902114,0.148922592571476,-0.0478251636313427,0.386956240192099,-0.179888925147312,1.88614851011747,2.18790709147969,2.17105997683791,0.832447109938592
"A2M",-0.285045565262853,2.37855077908763,3.2183230429102,0.750779598032289,-0.182582602005055,-0.400344590596324,-0.400344590596324,-0.400344590596324,-0.370959936708176,-0.400344590596324,-0.394259842760234,-0.378076376511139,-0.392555501705793,-0.400344590596324,-0.395294086766876,-0.382021449862829,-0.400344590596324,-0.400344590596324,-0.392824923657858,-0.371621000615036
"IGLC3",0.806080523583767,2.26756990402763,1.12115007130227,2.31440412034003,1.51674754835385,-0.535063477840503,-0.535063477840503,-0.535063477840503,-0.535063477840503,-0.535063477840503,-0.535063477840503,-0.535063477840503,-0.535063477840503,-0.535063477840503,-0.535063477840503,-0.535063477840503,-0.535063477840503,-0.535063477840503,-0.535063477840503,-0.535063477840503
"MFSD1",-1.02123218942855,-0.664884928174741,-1.01868513710357,-1.25663759192107,-1.69840190312151,-1.86492481251287,0.00659014905777155,0.425940636707271,0.0407508455852316,0.0343008593959417,0.204859285981801,0.141715413823103,0.283858831597678,0.38643057869356,0.18790813050778,0.259628837166348,0.993445195629901,1.50324922466104,1.66970214766564,1.38638642578923
"NECTIN4",-0.782636059483474,-1.2056766198394,-1.78516545406585,-1.347613244066,-1.94497230497685,-0.613109286791114,1.56119273378538,-0.779604054678877,0.688139012897314,0.969807370370903,0.773367244716386,0.490996416960644,0.660312990664651,0.586771670616698,0.604728398555341,0.271213345298052,0.834987533981157,0.465910622911075,0.582227071947202,-0.0308773888032369
"PYM1",-0.638105790402268,-1.15023323454775,-1.02399397250868,-1.2308676786104,-1.27259009519813,-1.68107617755355,-0.950950953775122,-1.25379695826474,0.3837354283822,0.679129192544195,0.727038204445817,0.68797179814021,0.509404800277802,0.823550110809735,0.656896164278403,0.498890862193607,0.850057517971288,1.05957885674198,1.10387002849774,1.22149189657767
"SEC11C",-0.577176615220811,-0.71648341533395,-1.11057636402121,-0.796060661730524,-1.57125514445694,-0.621016192738103,-1.23973192506332,-1.19812484438361,0.204318619631827,0.799176247122738,0.327794108193114,0.0500665355892658,0.22254692572333,0.142162240976648,0.143847143600622,-0.181047661480304,1.37688061382667,1.56957634576055,1.85762527827607,1.31747876572794
"PLLP",-1.13109999733117,-0.949746917883501,-1.27582979543431,-1.39735270950972,-1.32340454135072,-1.42888684650026,-1.01167233894209,-0.336900070466999,0.180831542893015,0.56020185879387,0.689057481999387,0.593919572466108,0.629756347906991,0.999566729042223,0.833187106357411,0.122153758509822,0.840516863812884,1.66186381617586,1.01421460213245,0.729623537328745
"FARSA",-0.490207329336845,-1.14497483131035,-1.2626619011415,-0.63470826217806,-1.3196525913104,-1.61551147920027,-0.812501168851025,-0.893834340759376,0.28001931898529,0.962186440675664,0.805756167361366,0.0295507269377156,0.607676837288436,0.23533665972289,-0.0161562266508307,0.546505575435302,0.327921952334691,0.779816604590825,1.88467883589544,1.73075901151103
"TMEM258",-0.218715827080826,-0.698754548972554,-0.944235701530154,-0.133617920353986,-1.24561946795482,-2.55835887834042,-1.26135371726549,-1.03753664316718,0.20818239746248,0.272136593490259,0.519601087271029,0.503549684662152,0.23034544134489,0.49029302240892,0.819252506435089,0.874847191251738,1.18635804973155,1.11793846034515,0.899453133938094,0.976235136324076
"CHCHD1",-0.316655535907017,-1.13178942724132,-1.23049867088953,-1.03688795423428,-1.15789725435145,-1.94815745854055,-1.13499447285656,-0.520694000852747,0.923135024149768,1.33123139822465,1.07629768398775,0.682237323655427,0.426805802472094,0.0187655317343056,0.133776146303997,0.341767828954396,0.523367745815728,0.464328122806395,1.35847172674695,1.19739044002199
"RPL6",0.198433680397874,0.0966490683464481,0.100479215475801,-1.40212618474609,-0.184104245168447,-2.96842293587239,-2.10337267053849,-0.114553371293141,0.494252611340637,0.509520946042798,0.313072865787166,0.647430703257284,0.752558236693514,0.837692247913177,0.644193772634878,0.411219467037098,0.394119442683709,0.553370202349302,0.51432389048084,0.305263057178023
"UROD",-0.165002856002942,-1.32418328371991,-1.25403069009423,-1.46123992187919,-1.58826691647303,-0.938222254514941,-0.977629315380098,-0.719101573685986,0.430918701345117,1.01695941666649,0.821026846613386,0.554119897182738,0.0731271744661219,0.0165476014556996,0.0782974208675075,0.563936918083253,0.868539770211189,1.2739312894188,1.34906811443822,1.3812036610018
"SPATC1L",-1.04940707411402,-1.22466985923063,-1.62373734989077,-1.01223887110474,-1.37938006105115,-0.497907383582091,-0.961123221298308,-0.895428749794498,0.101554209285705,1.15657805564238,0.740742173272342,0.731027567286252,0.0355747002382338,0.0071949372589296,0.758360749661315,0.552999668133947,0.747033020807131,1.01572826508263,1.55128928911122,1.24580993428612
"FADS2",-1.19855396027269,-1.37171606229788,-1.3631797326355,-0.8796249458377,-1.42549857579877,-1.42549857579877,0.339876158857867,-1.03845287322186,0.531899133120211,1.20099002632015,0.751196732300038,0.778427418493097,0.41438999025789,0.217495237793719,0.0946619340142398,0.193606993392907,0.655965563396853,1.02252913132384,1.13608980872782,1.36539659786454
"TFPT",-0.95334867039121,-1.37863721650889,-1.37698754153399,-1.08503610436564,-0.92149390870023,-0.935562939526175,-1.23774560755059,-1.4282087065012,0.59395728790644,1.09615875731683,1.10385719248927,0.966502449724179,0.865039456675512,0.897506692405551,0.885684066288147,0.724119196732072,0.535778955131441,0.742559209707206,0.488628049486414,0.417229381214848
"RRAGA",-0.45468108505341,-0.690257141382648,-1.12273695948215,-1.18692586017039,-1.48761579654496,-1.41917288903127,-1.92270987072721,1.37885172309505,-0.0288423674941432,0.297784286051175,0.511604144497361,0.286596841427193,0.438186654528894,0.37255233472998,0.464651899234338,0.3367814015436,1.03482964890295,0.652317943828435,1.33926875838837,1.19951633365884
"CALR",-0.537211905963766,-0.835724429432633,-1.24015664633449,0.328346816695868,-1.93930518196177,-2.00507902977692,-1.04932628952588,-0.655593047199007,0.153561141252471,0.353038726150534,0.55446701681202,0.110306158797739,0.268267257758391,0.449482871078016,0.730205886915935,0.850857837442749,1.33125502453489,0.954362011882166,1.10685715542499,1.07138862544869
"MAP3K13",-0.642072034248965,-0.608496656297246,-1.24973012946895,-1.15409643029398,-1.58507376110706,-1.79522378938444,-1.09863856120723,-1.01393436580268,0.50058801351664,1.0384053730499,0.987035379192975,1.02519292341597,0.56308312896104,0.518814950645273,0.716038590480804,0.718902670631923,0.824719772672671,0.810927690836364,0.765149084952202,0.678408149454784
"POLR2F",-0.495325739093538,-0.949595619759743,-1.11768371287527,-0.685462011403954,-0.410303014116845,-1.51690543085937,-1.22643375638905,-1.68341634460913,0.921435543706127,0.994531395890301,0.726757370540877,0.163273290943482,0.482304219124525,-0.0505999981701494,0.0993474379408497,0.0319349536365708,0.400215534331742,1.03370590743225,1.83113905215975,1.45108092157057
"MYDGF",0.435788302841496,-0.84718005915217,-1.04682673856274,-0.646872650637205,-1.28666886249863,-1.94961676436773,-1.76202782360298,-0.706536126877922,-0.137382447201456,0.401239714237481,0.829143940678646,0.307846857719967,0.372133530443346,0.237106018863416,0.594107629252915,0.751957064731408,1.66182569712575,0.875607868100181,0.760893189923968,1.15546165898226
"RAB1A",-0.379694363493031,-0.807899388479445,-1.08264952870641,-0.696474573805211,-1.62565703008135,-1.9458525982346,-1.65998736682982,-0.137627680152815,0.583726405576592,0.559831490728084,0.577232908157184,0.66664653532785,0.234759031426538,0.0433848361998155,0.54727976285315,0.566899407120808,1.17316361187254,1.08220693317695,1.28919448106265,1.01151712628053
"CTHRC1",-0.567689322796148,-0.688828557008154,-0.681985711567458,0.963661434034591,0.00473038830470279,-0.762052452553978,-0.762052452553978,-0.506347844823658,-0.582247837210217,-0.637015319982937,-0.556309973323055,-0.583722682051867,-0.664901698609734,-0.59450734556045,-0.220571749764941,-0.3502346616261,1.79028288562145,1.55082779598586,2.00299511124055,1.84596999424552
"C1orf43",-0.375414942331159,-1.12623373902917,-1.23537429756015,-0.524649973867583,-1.20949019348414,-1.9554718870773,-1.58677255045759,-0.816709427827042,0.500912794899664,0.942679019908227,1.01399795202316,0.569374520473842,0.575460368179701,0.484572130908683,0.401989678894753,0.558786174881307,0.72993437436105,0.717927605864053,1.08727744080561,1.24720495043408
"REEP5",1.12843550436631,-0.602929403275815,-0.771142831284192,-1.31783979864551,-1.73212116405982,-1.99250715434989,-0.701999766860771,-1.39610669328548,0.527405827112555,0.914205794166913,0.832375148849653,0.767234428923159,0.0601670764704643,-0.00318773405329688,0.441290765679753,0.636208158816731,0.929005739338764,0.637264172411004,0.825477935169607,0.818763994509864
"MSRB2",-0.159076099034996,-0.781213615821919,-0.720810792279276,-1.0951193928479,-1.09500566895744,-1.76572236543472,-1.2592421650823,-1.76572236543472,0.232295369027325,1.03642143738479,0.986649347658832,1.24378880976744,0.15047982973373,0.221344876033498,0.648284914529611,0.882736213359431,0.611878906376425,0.798529093262474,0.814933232519347,1.01457043524036
"SFT2D1",-0.0302999937604529,-0.814656258239048,-1.13109652853791,-0.922002471796021,-1.20572352553535,-1.90500478841491,-1.26345843811851,-1.31293353475424,0.527622521002847,1.00188091724768,0.825088057344494,0.708418937782713,0.195428473274822,0.0250308979639769,0.401350724759695,0.539157986680244,0.851302016577046,1.08600023872987,1.2662580305268,1.15763673726625
"ERLEC1",-0.0877835854390335,-0.560178658961865,-1.35044508739,-0.852952371905785,-1.62309203227571,-1.9809253742872,0.121670794975671,-0.960127512101674,-0.193022255463656,0.268854538074333,0.41109440055266,0.297499835680787,-0.299562657014243,0.174211446121841,0.606763015240865,0.883637321156815,1.74769485238762,1.3719268020979,0.94303474491813,1.08170178363255
"PAK4",-0.655718844227071,-1.22335953426933,-1.78979619560798,-1.32183059980176,-1.70020104158046,-0.81619606869773,-0.527824920138841,-0.949371950553758,0.465742707638838,0.656434032177035,1.00186579828577,0.581373692761562,0.609144837793983,0.71391460887747,0.728426891244234,0.610665581736175,0.408103862244259,1.09209037370572,1.13943395397936,0.977102814432536
"EIF2D",-0.835639699949088,-0.996940958803591,-1.22892210014953,-1.29937595126301,-1.37226624939624,-1.61431476391721,-0.630178922180356,-1.29416474342625,0.728686676478517,1.05019664127253,0.873376296560578,0.487890268719313,0.883519650838877,0.6893259159744,0.474790254034516,0.669249515215894,0.711213793300286,0.734016479023098,0.977362279482681,0.992175618184586
"HSPA14.1",-1.17318057444007,-1.29002237311247,-1.26148298730852,-1.05578008253948,-1.25124794053738,-1.61984342338019,0.876585357614222,0.417332250485699,0.980057151744092,1.18538871395545,0.628132250139136,0.188626302480347,0.20895913381417,-0.156466876830476,-0.293496646091921,0.114984807797248,0.167479107483158,0.196711093088637,1.27696393539516,1.86030080024319
"SYNCRIP",-0.725786051472308,-1.0520037077038,-0.893235434914939,-0.831982439798767,-1.4246344016433,-1.60569055782196,-1.08789228852074,-0.890296542166302,0.502327756204821,1.50724646678198,1.04385341768472,0.21550288608542,0.726211245473471,0.120885536411896,-0.0612591471096734,0.428884905101858,0.510791346047576,0.592069824530986,1.54411243909865,1.38089474773042
"SLIRP",-0.1525914555316,-0.923948408912497,-1.13558699638565,-0.882978945864351,-1.28707767221647,-1.75089593487332,-0.984819019855153,-0.836706017876246,1.00325441474081,1.35307117131976,0.790451020613913,0.278217671206502,0.636644781750297,0.0585502344288733,-0.168966973775565,-0.0689210745875987,0.186249237268592,0.659087676543789,1.66011969552379,1.56684659648212
"CAPG",0.954994447954933,-1.02011592800879,-1.37002151527459,-0.493221795537373,-1.3427146630835,-2.20882893378104,-0.80368480077351,-0.988722703658651,0.0711697896904081,0.64857460183332,0.578840064087909,0.377079301878407,0.386381662221559,0.356052161603448,0.120564926734697,0.322687422540507,0.65663228712205,0.891640701889877,1.44638360622193,1.41630936633841
"COX14",-0.0430761555571467,-0.696565174369357,-1.20590062035262,-1.27474974250249,-1.4926747182332,-1.66063789516094,-1.72880421850316,-0.705035496564575,0.272524733078712,0.764575446337133,0.740602840834696,0.536123412753372,1.01132972276708,0.635453071578897,0.783052614697923,0.814210954526093,0.53440763346031,0.808015911776372,0.892050686012551,1.01509699342036
"KANK2",-1.08527662718218,-1.2692335822072,-0.852876152826173,-1.05715353427401,-1.32816842506818,-1.45599267337598,0.661317321587107,-0.875192031406382,-0.384710801569719,0.0759808194149159,0.0485310003273618,0.239698035967348,0.252656004338155,0.604518087917869,0.242481153854531,0.537035905127851,1.11355164842462,1.16180695319625,1.59269609154305,1.77833080621076
"CLDN7",0.436082666566167,-1.11221989440255,-1.31969319685928,-1.31404524165418,-2.02291120480935,-0.938561689205408,-1.31309729218307,-0.607279570495673,0.143656664349203,0.934275167782867,1.23965546032448,0.420474586202266,0.56234468378997,0.216912585368964,0.616812321983576,1.16804401428433,1.12309137079904,0.482611140890612,0.691494042637537,0.592353384630497
"ACTR1B",-0.561809120843928,-0.994769814626952,-0.795476913491806,-1.00418610490581,-1.19819866828698,-1.49952347951933,-1.19923596406583,-1.02787034774865,0.183338051968072,0.318256973116121,0.717874796370796,0.331160625302831,-0.210000907059719,0.271546765700718,0.335094767755342,0.78354278634773,1.17386537122221,1.18156716888858,1.1540124506187,2.0408115632579
"DESI2",-1.19846142704284,-1.30346073266302,-1.55296325300259,-0.604559919062704,-1.65538598104244,-0.975699792263546,-0.933620505236995,-0.328434599662157,-0.152908303047822,0.354848137679658,1.37740233775591,0.234847445982464,0.94944022513859,0.624966897216918,0.522503316182458,0.436296735476626,0.822138927972273,1.00044695603859,1.04398666371084,1.33861686986979
