"Gene","Bin","Z_Score","Bin_Number","Pseudotime_Bin_Center","Cluster","Silhouette_Width"
"IGFBP5","Bin_1",-1.50597872654837,1,0.649550283067647,2,0.606187580078864
"IGFBP5","Bin_2",-1.35331233415241,2,1.94865084920294,2,0.606187580078864
"IGFBP5","Bin_3",-0.834254539627525,3,3.24775141533823,2,0.606187580078864
"IGFBP5","Bin_4",-1.28757617998337,4,4.54685198147353,2,0.606187580078864
"IGFBP5","Bin_5",-1.41810180128932,5,5.84595254760882,2,0.606187580078864
"IGFBP5","Bin_6",-0.751036977289904,6,7.14505311374411,2,0.606187580078864
"IGFBP5","Bin_7",-0.0393716029249449,7,8.4441536798794,2,0.606187580078864
"IGFBP5","Bin_8",-0.450156271698333,8,9.7432542460147,2,0.606187580078864
"IGFBP5","Bin_9",-0.131289308680621,9,11.04235481215,2,0.606187580078864
"IGFBP5","Bin_10",-0.196894010899714,10,12.3414553782853,2,0.606187580078864
"IGFBP5","Bin_11",-0.102679165367185,11,13.6405559444206,2,0.606187580078864
"IGFBP5","Bin_12",-0.00531423963129171,12,14.9396565105559,2,0.606187580078864
"IGFBP5","Bin_13",0.192491484841731,13,16.2387570766912,2,0.606187580078864
"IGFBP5","Bin_14",0.619797690475458,14,17.5378576428265,2,0.606187580078864
"IGFBP5","Bin_15",0.842703594621291,15,18.8369582089617,2,0.606187580078864
"IGFBP5","Bin_16",0.797385540334102,16,20.136058775097,2,0.606187580078864
"IGFBP5","Bin_17",1.39698396962339,17,21.4351593412323,2,0.606187580078864
"IGFBP5","Bin_18",1.47301768434629,18,22.7342599073676,2,0.606187580078864
"IGFBP5","Bin_19",1.27366866657645,19,24.0333604735029,2,0.606187580078864
"IGFBP5","Bin_20",1.47991652727427,20,25.3324610396382,2,0.606187580078864
"NDUFA4L2","Bin_1",-1.22834906286639,1,0.649550283067647,2,0.580107643004666
"NDUFA4L2","Bin_2",-1.23510191833789,2,1.94865084920294,2,0.580107643004666
"NDUFA4L2","Bin_3",-1.23053990013727,3,3.24775141533823,2,0.580107643004666
"NDUFA4L2","Bin_4",-1.05431422166512,4,4.54685198147353,2,0.580107643004666
"NDUFA4L2","Bin_5",-1.13855181351348,5,5.84595254760882,2,0.580107643004666
"NDUFA4L2","Bin_6",-1.24469978725209,6,7.14505311374411,2,0.580107643004666
"NDUFA4L2","Bin_7",-0.512208869385697,7,8.4441536798794,2,0.580107643004666
"NDUFA4L2","Bin_8",0.122237561792916,8,9.7432542460147,2,0.580107643004666
"NDUFA4L2","Bin_9",-0.334599196213121,9,11.04235481215,2,0.580107643004666
"NDUFA4L2","Bin_10",-0.452653013976795,10,12.3414553782853,2,0.580107643004666
"NDUFA4L2","Bin_11",0.25680411120111,11,13.6405559444206,2,0.580107643004666
"NDUFA4L2","Bin_12",0.55406035434445,12,14.9396565105559,2,0.580107643004666
"NDUFA4L2","Bin_13",0.00718801366462086,13,16.2387570766912,2,0.580107643004666
"NDUFA4L2","Bin_14",0.575402758955366,14,17.5378576428265,2,0.580107643004666
"NDUFA4L2","Bin_15",1.35552546262042,15,18.8369582089617,2,0.580107643004666
"NDUFA4L2","Bin_16",1.13613491682596,16,20.136058775097,2,0.580107643004666
"NDUFA4L2","Bin_17",1.88283928531246,17,21.4351593412323,2,0.580107643004666
"NDUFA4L2","Bin_18",1.30948458923319,18,22.7342599073676,2,0.580107643004666
"NDUFA4L2","Bin_19",0.457731966638355,19,24.0333604735029,2,0.580107643004666
"NDUFA4L2","Bin_20",0.773608762759006,20,25.3324610396382,2,0.580107643004666
"SEC61B","Bin_1",-0.986382167542452,1,0.649550283067647,2,0.713774205372867
"SEC61B","Bin_2",-1.33381078247377,2,1.94865084920294,2,0.713774205372867
"SEC61B","Bin_3",-1.45920444438644,3,3.24775141533823,2,0.713774205372867
"SEC61B","Bin_4",-0.937294461536166,4,4.54685198147353,2,0.713774205372867
"SEC61B","Bin_5",-1.32392043376548,5,5.84595254760882,2,0.713774205372867
"SEC61B","Bin_6",-1.42292765855051,6,7.14505311374411,2,0.713774205372867
"SEC61B","Bin_7",-1.45648916075548,7,8.4441536798794,2,0.713774205372867
"SEC61B","Bin_8",-0.0107638674928223,8,9.7432542460147,2,0.713774205372867
"SEC61B","Bin_9",0.525075976377004,9,11.04235481215,2,0.713774205372867
"SEC61B","Bin_10",0.627413213722742,10,12.3414553782853,2,0.713774205372867
"SEC61B","Bin_11",0.554653923219352,11,13.6405559444206,2,0.713774205372867
"SEC61B","Bin_12",0.558535781527061,12,14.9396565105559,2,0.713774205372867
"SEC61B","Bin_13",0.471211321592821,13,16.2387570766912,2,0.713774205372867
"SEC61B","Bin_14",0.509107997375574,14,17.5378576428265,2,0.713774205372867
"SEC61B","Bin_15",0.709266114298349,15,18.8369582089617,2,0.713774205372867
"SEC61B","Bin_16",0.708134136463798,16,20.136058775097,2,0.713774205372867
"SEC61B","Bin_17",1.04874020618177,17,21.4351593412323,2,0.713774205372867
"SEC61B","Bin_18",1.05010709480641,18,22.7342599073676,2,0.713774205372867
"SEC61B","Bin_19",1.16382653577343,19,24.0333604735029,2,0.713774205372867
"SEC61B","Bin_20",1.00472067516482,20,25.3324610396382,2,0.713774205372867
"PRDX2","Bin_1",-0.397766231889624,1,0.649550283067647,2,0.72119222674023
"PRDX2","Bin_2",-1.11711907024553,2,1.94865084920294,2,0.72119222674023
"PRDX2","Bin_3",-1.09994284441975,3,3.24775141533823,2,0.72119222674023
"PRDX2","Bin_4",-0.918412076576276,4,4.54685198147353,2,0.72119222674023
"PRDX2","Bin_5",-1.42448817219062,5,5.84595254760882,2,0.72119222674023
"PRDX2","Bin_6",-2.02654775781737,6,7.14505311374411,2,0.72119222674023
"PRDX2","Bin_7",-1.06638478743697,7,8.4441536798794,2,0.72119222674023
"PRDX2","Bin_8",-0.830930000325513,8,9.7432542460147,2,0.72119222674023
"PRDX2","Bin_9",0.59047967049013,9,11.04235481215,2,0.72119222674023
"PRDX2","Bin_10",0.67162923539553,10,12.3414553782853,2,0.72119222674023
"PRDX2","Bin_11",0.595284059962774,11,13.6405559444206,2,0.72119222674023
"PRDX2","Bin_12",0.4535404391416,12,14.9396565105559,2,0.72119222674023
"PRDX2","Bin_13",0.557362476250402,13,16.2387570766912,2,0.72119222674023
"PRDX2","Bin_14",0.399949317738374,14,17.5378576428265,2,0.72119222674023
"PRDX2","Bin_15",0.549173821450222,15,18.8369582089617,2,0.72119222674023
"PRDX2","Bin_16",0.563395239856575,16,20.136058775097,2,0.72119222674023
"PRDX2","Bin_17",1.09293685055922,17,21.4351593412323,2,0.72119222674023
"PRDX2","Bin_18",0.954192326129825,18,22.7342599073676,2,0.72119222674023
"PRDX2","Bin_19",1.14882092196695,19,24.0333604735029,2,0.72119222674023
"PRDX2","Bin_20",1.30482658196006,20,25.3324610396382,2,0.72119222674023
"RPL7","Bin_1",-0.437212962306422,1,0.649550283067647,2,0.566355321428757
"RPL7","Bin_2",-0.809943123282832,2,1.94865084920294,2,0.566355321428757
"RPL7","Bin_3",-1.01053294380365,3,3.24775141533823,2,0.566355321428757
"RPL7","Bin_4",-1.27920866718706,4,4.54685198147353,2,0.566355321428757
"RPL7","Bin_5",0.230593687633345,5,5.84595254760882,2,0.566355321428757
"RPL7","Bin_6",-2.90893479747916,6,7.14505311374411,2,0.566355321428757
"RPL7","Bin_7",-1.29852256339868,7,8.4441536798794,2,0.566355321428757
"RPL7","Bin_8",0.159337539621693,8,9.7432542460147,2,0.566355321428757
"RPL7","Bin_9",0.72514462450344,9,11.04235481215,2,0.566355321428757
"RPL7","Bin_10",0.572445945746951,10,12.3414553782853,2,0.566355321428757
"RPL7","Bin_11",0.229976262481345,11,13.6405559444206,2,0.566355321428757
"RPL7","Bin_12",0.623267687074611,12,14.9396565105559,2,0.566355321428757
"RPL7","Bin_13",0.478725388362328,13,16.2387570766912,2,0.566355321428757
"RPL7","Bin_14",0.480265092656077,14,17.5378576428265,2,0.566355321428757
"RPL7","Bin_15",0.462516129815819,15,18.8369582089617,2,0.566355321428757
"RPL7","Bin_16",0.20226020289627,16,20.136058775097,2,0.566355321428757
"RPL7","Bin_17",0.725766220659293,17,21.4351593412323,2,0.566355321428757
"RPL7","Bin_18",0.976334621142031,18,22.7342599073676,2,0.566355321428757
"RPL7","Bin_19",1.02894970826251,19,24.0333604735029,2,0.566355321428757
"RPL7","Bin_20",0.848771946602094,20,25.3324610396382,2,0.566355321428757
"COL8A1","Bin_1",-0.866165050660684,1,0.649550283067647,2,0.531410156024342
"COL8A1","Bin_2",-0.79207111400455,2,1.94865084920294,2,0.531410156024342
"COL8A1","Bin_3",-0.818570820812443,3,3.24775141533823,2,0.531410156024342
"COL8A1","Bin_4",-0.797201976795288,4,4.54685198147353,2,0.531410156024342
"COL8A1","Bin_5",-0.880355299302299,5,5.84595254760882,2,0.531410156024342
"COL8A1","Bin_6",-0.880355299302299,6,7.14505311374411,2,0.531410156024342
"COL8A1","Bin_7",-0.594746155251341,7,8.4441536798794,2,0.531410156024342
"COL8A1","Bin_8",-0.70146468926911,8,9.7432542460147,2,0.531410156024342
"COL8A1","Bin_9",-0.496861222839425,9,11.04235481215,2,0.531410156024342
"COL8A1","Bin_10",-0.619785945862264,10,12.3414553782853,2,0.531410156024342
"COL8A1","Bin_11",-0.113222095420724,11,13.6405559444206,2,0.531410156024342
"COL8A1","Bin_12",-0.387137888577187,12,14.9396565105559,2,0.531410156024342
"COL8A1","Bin_13",0.0740087227183987,13,16.2387570766912,2,0.531410156024342
"COL8A1","Bin_14",0.459054153059579,14,17.5378576428265,2,0.531410156024342
"COL8A1","Bin_15",0.28303029465217,15,18.8369582089617,2,0.531410156024342
"COL8A1","Bin_16",0.299136653189502,16,20.136058775097,2,0.531410156024342
"COL8A1","Bin_17",1.03428622583132,17,21.4351593412323,2,0.531410156024342
"COL8A1","Bin_18",1.53203621768841,18,22.7342599073676,2,0.531410156024342
"COL8A1","Bin_19",1.7988549403712,19,24.0333604735029,2,0.531410156024342
"COL8A1","Bin_20",2.46753035058704,20,25.3324610396382,2,0.531410156024342
"VCAN","Bin_1",-1.44227074868507,1,0.649550283067647,2,0.602516239442491
"VCAN","Bin_2",-1.43117713742676,2,1.94865084920294,2,0.602516239442491
"VCAN","Bin_3",-1.4574156552389,3,3.24775141533823,2,0.602516239442491
"VCAN","Bin_4",-1.34945646132427,4,4.54685198147353,2,0.602516239442491
"VCAN","Bin_5",-1.40983794006836,5,5.84595254760882,2,0.602516239442491
"VCAN","Bin_6",-0.417628993962557,6,7.14505311374411,2,0.602516239442491
"VCAN","Bin_7",0.766710141304618,7,8.4441536798794,2,0.602516239442491
"VCAN","Bin_8",-0.970600394243109,8,9.7432542460147,2,0.602516239442491
"VCAN","Bin_9",0.477786572850801,9,11.04235481215,2,0.602516239442491
"VCAN","Bin_10",0.47285198435319,10,12.3414553782853,2,0.602516239442491
"VCAN","Bin_11",0.402167616838018,11,13.6405559444206,2,0.602516239442491
"VCAN","Bin_12",0.472007392248034,12,14.9396565105559,2,0.602516239442491
"VCAN","Bin_13",0.395495880852239,13,16.2387570766912,2,0.602516239442491
"VCAN","Bin_14",0.451694011609663,14,17.5378576428265,2,0.602516239442491
"VCAN","Bin_15",0.151446413576774,15,18.8369582089617,2,0.602516239442491
"VCAN","Bin_16",0.11725499383654,16,20.136058775097,2,0.602516239442491
"VCAN","Bin_17",0.774051031516684,17,21.4351593412323,2,0.602516239442491
"VCAN","Bin_18",1.23049313268838,18,22.7342599073676,2,0.602516239442491
"VCAN","Bin_19",1.55809784986701,19,24.0333604735029,2,0.602516239442491
"VCAN","Bin_20",1.20833030940707,20,25.3324610396382,2,0.602516239442491
"HOOK2","Bin_1",-0.889517482643491,1,0.649550283067647,2,0.446940484886902
"HOOK2","Bin_2",-1.21421864986488,2,1.94865084920294,2,0.446940484886902
"HOOK2","Bin_3",-1.29301873528037,3,3.24775141533823,2,0.446940484886902
"HOOK2","Bin_4",-1.53126241857134,4,4.54685198147353,2,0.446940484886902
"HOOK2","Bin_5",-1.7453107406044,5,5.84595254760882,2,0.446940484886902
"HOOK2","Bin_6",1.07187612975962,6,7.14505311374411,2,0.446940484886902
"HOOK2","Bin_7",1.22842470789733,7,8.4441536798794,2,0.446940484886902
"HOOK2","Bin_8",-1.5484680688031,8,9.7432542460147,2,0.446940484886902
"HOOK2","Bin_9",-0.296345855692309,9,11.04235481215,2,0.446940484886902
"HOOK2","Bin_10",0.112785393914474,10,12.3414553782853,2,0.446940484886902
"HOOK2","Bin_11",0.246407094958728,11,13.6405559444206,2,0.446940484886902
"HOOK2","Bin_12",0.339475592761475,12,14.9396565105559,2,0.446940484886902
"HOOK2","Bin_13",0.216106536368033,13,16.2387570766912,2,0.446940484886902
"HOOK2","Bin_14",0.521705806886984,14,17.5378576428265,2,0.446940484886902
"HOOK2","Bin_15",0.575356090617584,15,18.8369582089617,2,0.446940484886902
"HOOK2","Bin_16",0.716497355012201,16,20.136058775097,2,0.446940484886902
"HOOK2","Bin_17",1.10340641639383,17,21.4351593412323,2,0.446940484886902
"HOOK2","Bin_18",0.99663383931533,18,22.7342599073676,2,0.446940484886902
"HOOK2","Bin_19",0.701192110241982,19,24.0333604735029,2,0.446940484886902
"HOOK2","Bin_20",0.688274877332324,20,25.3324610396382,2,0.446940484886902
"CD63","Bin_1",-0.197144190957735,1,0.649550283067647,2,0.645929605634323
"CD63","Bin_2",-0.434150382661683,2,1.94865084920294,2,0.645929605634323
"CD63","Bin_3",-0.463302028152283,3,3.24775141533823,2,0.645929605634323
"CD63","Bin_4",-1.40541112197977,4,4.54685198147353,2,0.645929605634323
"CD63","Bin_5",-1.9901522073618,5,5.84595254760882,2,0.645929605634323
"CD63","Bin_6",-2.14623560673736,6,7.14505311374411,2,0.645929605634323
"CD63","Bin_7",-0.953148213596608,7,8.4441536798794,2,0.645929605634323
"CD63","Bin_8",-0.592376074726369,8,9.7432542460147,2,0.645929605634323
"CD63","Bin_9",0.158526393535079,9,11.04235481215,2,0.645929605634323
"CD63","Bin_10",0.434360871010583,10,12.3414553782853,2,0.645929605634323
"CD63","Bin_11",0.522322249372538,11,13.6405559444206,2,0.645929605634323
"CD63","Bin_12",0.42704980141989,12,14.9396565105559,2,0.645929605634323
"CD63","Bin_13",0.521931926290049,13,16.2387570766912,2,0.645929605634323
"CD63","Bin_14",0.533047867023354,14,17.5378576428265,2,0.645929605634323
"CD63","Bin_15",0.650241607813214,15,18.8369582089617,2,0.645929605634323
"CD63","Bin_16",0.558138889551563,16,20.136058775097,2,0.645929605634323
"CD63","Bin_17",1.07235181114636,17,21.4351593412323,2,0.645929605634323
"CD63","Bin_18",1.04460354031186,18,22.7342599073676,2,0.645929605634323
"CD63","Bin_19",1.09061068635731,19,24.0333604735029,2,0.645929605634323
"CD63","Bin_20",1.1687341823418,20,25.3324610396382,2,0.645929605634323
"MT-ND3","Bin_1",1.32732411389189,1,0.649550283067647,1,0.601023463293339
"MT-ND3","Bin_2",1.79956420715281,2,1.94865084920294,1,0.601023463293339
"MT-ND3","Bin_3",1.85613139142963,3,3.24775141533823,1,0.601023463293339
"MT-ND3","Bin_4",1.72180913194977,4,4.54685198147353,1,0.601023463293339
"MT-ND3","Bin_5",0.149095259544444,5,5.84595254760882,1,0.601023463293339
"MT-ND3","Bin_6",0.555271251190615,6,7.14505311374411,1,0.601023463293339
"MT-ND3","Bin_7",0.562082151361775,7,8.4441536798794,1,0.601023463293339
"MT-ND3","Bin_8",-1.84444503607673,8,9.7432542460147,1,0.601023463293339
"MT-ND3","Bin_9",-0.533752494893367,9,11.04235481215,1,0.601023463293339
"MT-ND3","Bin_10",-0.2713774772134,10,12.3414553782853,1,0.601023463293339
"MT-ND3","Bin_11",-0.405026416134234,11,13.6405559444206,1,0.601023463293339
"MT-ND3","Bin_12",-0.488010326528012,12,14.9396565105559,1,0.601023463293339
"MT-ND3","Bin_13",-0.341576670214538,13,16.2387570766912,1,0.601023463293339
"MT-ND3","Bin_14",-0.42320461891013,14,17.5378576428265,1,0.601023463293339
"MT-ND3","Bin_15",-0.673098943964625,15,18.8369582089617,1,0.601023463293339
"MT-ND3","Bin_16",-0.766379143425107,16,20.136058775097,1,0.601023463293339
"MT-ND3","Bin_17",-0.936578034075207,17,21.4351593412323,1,0.601023463293339
"MT-ND3","Bin_18",-0.527580348931287,18,22.7342599073676,1,0.601023463293339
"MT-ND3","Bin_19",-0.375782205681135,19,24.0333604735029,1,0.601023463293339
"MT-ND3","Bin_20",-0.384465790473161,20,25.3324610396382,1,0.601023463293339
"TMEM205","Bin_1",-0.365423801760106,1,0.649550283067647,2,0.645153566509396
"TMEM205","Bin_2",-0.991069043015277,2,1.94865084920294,2,0.645153566509396
"TMEM205","Bin_3",-1.17145916822967,3,3.24775141533823,2,0.645153566509396
"TMEM205","Bin_4",-1.25353624143033,4,4.54685198147353,2,0.645153566509396
"TMEM205","Bin_5",-1.40879316531711,5,5.84595254760882,2,0.645153566509396
"TMEM205","Bin_6",-0.755917281790843,6,7.14505311374411,2,0.645153566509396
"TMEM205","Bin_7",-0.756996796160289,7,8.4441536798794,2,0.645153566509396
"TMEM205","Bin_8",-1.27159455213977,8,9.7432542460147,2,0.645153566509396
"TMEM205","Bin_9",-0.060862118342471,9,11.04235481215,2,0.645153566509396
"TMEM205","Bin_10",0.322088633437657,10,12.3414553782853,2,0.645153566509396
"TMEM205","Bin_11",0.39633040463365,11,13.6405559444206,2,0.645153566509396
"TMEM205","Bin_12",0.274520615732772,12,14.9396565105559,2,0.645153566509396
"TMEM205","Bin_13",0.0385896069724763,13,16.2387570766912,2,0.645153566509396
"TMEM205","Bin_14",0.203626656016002,14,17.5378576428265,2,0.645153566509396
"TMEM205","Bin_15",0.266393787140996,15,18.8369582089617,2,0.645153566509396
"TMEM205","Bin_16",0.400961879130741,16,20.136058775097,2,0.645153566509396
"TMEM205","Bin_17",1.57247407529813,17,21.4351593412323,2,0.645153566509396
"TMEM205","Bin_18",1.38262359330333,18,22.7342599073676,2,0.645153566509396
"TMEM205","Bin_19",1.8588335496671,19,24.0333604735029,2,0.645153566509396
"TMEM205","Bin_20",1.31920936685301,20,25.3324610396382,2,0.645153566509396
"RPL18A","Bin_1",-1.01975849882738,1,0.649550283067647,2,0.531781956673865
"RPL18A","Bin_2",-0.844049138833923,2,1.94865084920294,2,0.531781956673865
"RPL18A","Bin_3",-0.900299316597354,3,3.24775141533823,2,0.531781956673865
"RPL18A","Bin_4",-0.551323779729522,4,4.54685198147353,2,0.531781956673865
"RPL18A","Bin_5",-0.145938554079748,5,5.84595254760882,2,0.531781956673865
"RPL18A","Bin_6",-3.11715951197506,6,7.14505311374411,2,0.531781956673865
"RPL18A","Bin_7",-1.17209392158011,7,8.4441536798794,2,0.531781956673865
"RPL18A","Bin_8",0.442670587576931,8,9.7432542460147,2,0.531781956673865
"RPL18A","Bin_9",0.448572973019714,9,11.04235481215,2,0.531781956673865
"RPL18A","Bin_10",0.366152934127559,10,12.3414553782853,2,0.531781956673865
"RPL18A","Bin_11",0.434155758913837,11,13.6405559444206,2,0.531781956673865
"RPL18A","Bin_12",0.616262545493379,12,14.9396565105559,2,0.531781956673865
"RPL18A","Bin_13",0.837314169565519,13,16.2387570766912,2,0.531781956673865
"RPL18A","Bin_14",0.969031889709441,14,17.5378576428265,2,0.531781956673865
"RPL18A","Bin_15",0.822902574222447,15,18.8369582089617,2,0.531781956673865
"RPL18A","Bin_16",0.570475593561952,16,20.136058775097,2,0.531781956673865
"RPL18A","Bin_17",0.527973977912056,17,21.4351593412323,2,0.531781956673865
"RPL18A","Bin_18",0.655428454913041,18,22.7342599073676,2,0.531781956673865
"RPL18A","Bin_19",0.598190899535263,19,24.0333604735029,2,0.531781956673865
"RPL18A","Bin_20",0.461490363071966,20,25.3324610396382,2,0.531781956673865
"TRIR","Bin_1",-0.881985028657461,1,0.649550283067647,2,0.723704870756369
"TRIR","Bin_2",-1.16419519318112,2,1.94865084920294,2,0.723704870756369
"TRIR","Bin_3",-1.24391985846393,3,3.24775141533823,2,0.723704870756369
"TRIR","Bin_4",-1.25633116399263,4,4.54685198147353,2,0.723704870756369
"TRIR","Bin_5",-1.54238666511888,5,5.84595254760882,2,0.723704870756369
"TRIR","Bin_6",-1.71426416363966,6,7.14505311374411,2,0.723704870756369
"TRIR","Bin_7",-0.758109888148957,7,8.4441536798794,2,0.723704870756369
"TRIR","Bin_8",-0.710680580215266,8,9.7432542460147,2,0.723704870756369
"TRIR","Bin_9",0.530068508955277,9,11.04235481215,2,0.723704870756369
"TRIR","Bin_10",0.676272905873215,10,12.3414553782853,2,0.723704870756369
"TRIR","Bin_11",0.738740503996957,11,13.6405559444206,2,0.723704870756369
"TRIR","Bin_12",0.661854630846747,12,14.9396565105559,2,0.723704870756369
"TRIR","Bin_13",0.832970849707123,13,16.2387570766912,2,0.723704870756369
"TRIR","Bin_14",0.818628393687157,14,17.5378576428265,2,0.723704870756369
"TRIR","Bin_15",0.74807922454803,15,18.8369582089617,2,0.723704870756369
"TRIR","Bin_16",0.684403551817409,16,20.136058775097,2,0.723704870756369
"TRIR","Bin_17",0.829546563856003,17,21.4351593412323,2,0.723704870756369
"TRIR","Bin_18",0.853481507815579,18,22.7342599073676,2,0.723704870756369
"TRIR","Bin_19",0.871416262160451,19,24.0333604735029,2,0.723704870756369
"TRIR","Bin_20",1.02640963815396,20,25.3324610396382,2,0.723704870756369
"MT-CO2","Bin_1",1.13663538111122,1,0.649550283067647,1,0.535318532271122
"MT-CO2","Bin_2",1.4455267550426,2,1.94865084920294,1,0.535318532271122
"MT-CO2","Bin_3",1.54783363590164,3,3.24775141533823,1,0.535318532271122
"MT-CO2","Bin_4",1.7905947617102,4,4.54685198147353,1,0.535318532271122
"MT-CO2","Bin_5",-0.0134119186993753,5,5.84595254760882,1,0.535318532271122
"MT-CO2","Bin_6",0.890531616984286,6,7.14505311374411,1,0.535318532271122
"MT-CO2","Bin_7",0.501891641207308,7,8.4441536798794,1,0.535318532271122
"MT-CO2","Bin_8",-2.5658406003135,8,9.7432542460147,1,0.535318532271122
"MT-CO2","Bin_9",-0.55461593934159,9,11.04235481215,1,0.535318532271122
"MT-CO2","Bin_10",-0.157395388663699,10,12.3414553782853,1,0.535318532271122
"MT-CO2","Bin_11",-0.206772114990306,11,13.6405559444206,1,0.535318532271122
"MT-CO2","Bin_12",-0.354476535796141,12,14.9396565105559,1,0.535318532271122
"MT-CO2","Bin_13",-0.189716711430822,13,16.2387570766912,1,0.535318532271122
"MT-CO2","Bin_14",-0.24301568311008,14,17.5378576428265,1,0.535318532271122
"MT-CO2","Bin_15",-0.57527167911012,15,18.8369582089617,1,0.535318532271122
"MT-CO2","Bin_16",-0.64519251524145,16,20.136058775097,1,0.535318532271122
"MT-CO2","Bin_17",-0.860720953111972,17,21.4351593412323,1,0.535318532271122
"MT-CO2","Bin_18",-0.359691811047463,18,22.7342599073676,1,0.535318532271122
"MT-CO2","Bin_19",-0.327753086769491,19,24.0333604735029,1,0.535318532271122
"MT-CO2","Bin_20",-0.259138854331248,20,25.3324610396382,1,0.535318532271122
"CALML3","Bin_1",-0.611986540402971,1,0.649550283067647,2,0.442669312042116
"CALML3","Bin_2",-0.549669110367106,2,1.94865084920294,2,0.442669312042116
"CALML3","Bin_3",-0.339939892925459,3,3.24775141533823,2,0.442669312042116
"CALML3","Bin_4",-1.21720031324828,4,4.54685198147353,2,0.442669312042116
"CALML3","Bin_5",-1.21307845466571,5,5.84595254760882,2,0.442669312042116
"CALML3","Bin_6",-0.929385705662232,6,7.14505311374411,2,0.442669312042116
"CALML3","Bin_7",-0.353479450904228,7,8.4441536798794,2,0.442669312042116
"CALML3","Bin_8",-0.678844497134357,8,9.7432542460147,2,0.442669312042116
"CALML3","Bin_9",-1.0703791166216,9,11.04235481215,2,0.442669312042116
"CALML3","Bin_10",-1.01175357416685,10,12.3414553782853,2,0.442669312042116
"CALML3","Bin_11",-0.116278615735194,11,13.6405559444206,2,0.442669312042116
"CALML3","Bin_12",-0.726256669654161,12,14.9396565105559,2,0.442669312042116
"CALML3","Bin_13",0.623628509934364,13,16.2387570766912,2,0.442669312042116
"CALML3","Bin_14",1.71302449132748,14,17.5378576428265,2,0.442669312042116
"CALML3","Bin_15",0.78448185373499,15,18.8369582089617,2,0.442669312042116
"CALML3","Bin_16",0.8009453044348,16,20.136058775097,2,0.442669312042116
"CALML3","Bin_17",1.1701594892584,17,21.4351593412323,2,0.442669312042116
"CALML3","Bin_18",1.63435277999391,18,22.7342599073676,2,0.442669312042116
"CALML3","Bin_19",1.42437110840219,19,24.0333604735029,2,0.442669312042116
"CALML3","Bin_20",0.667288404402006,20,25.3324610396382,2,0.442669312042116
"RPL35A","Bin_1",-1.23988278740292,1,0.649550283067647,2,0.610817365619337
"RPL35A","Bin_2",-0.925661114952059,2,1.94865084920294,2,0.610817365619337
"RPL35A","Bin_3",-0.859212473935197,3,3.24775141533823,2,0.610817365619337
"RPL35A","Bin_4",-1.72347871455618,4,4.54685198147353,2,0.610817365619337
"RPL35A","Bin_5",-0.664866311431058,5,5.84595254760882,2,0.610817365619337
"RPL35A","Bin_6",-2.21012900553104,6,7.14505311374411,2,0.610817365619337
"RPL35A","Bin_7",-1.16103785237941,7,8.4441536798794,2,0.610817365619337
"RPL35A","Bin_8",0.502774719348713,8,9.7432542460147,2,0.610817365619337
"RPL35A","Bin_9",0.737634650574938,9,11.04235481215,2,0.610817365619337
"RPL35A","Bin_10",0.679783303885164,10,12.3414553782853,2,0.610817365619337
"RPL35A","Bin_11",0.561326507655431,11,13.6405559444206,2,0.610817365619337
"RPL35A","Bin_12",0.886050560467911,12,14.9396565105559,2,0.610817365619337
"RPL35A","Bin_13",0.783775626561098,13,16.2387570766912,2,0.610817365619337
"RPL35A","Bin_14",0.862587605688265,14,17.5378576428265,2,0.610817365619337
"RPL35A","Bin_15",0.87954271861108,15,18.8369582089617,2,0.610817365619337
"RPL35A","Bin_16",0.662312724398415,16,20.136058775097,2,0.610817365619337
"RPL35A","Bin_17",0.587746379749575,17,21.4351593412323,2,0.610817365619337
"RPL35A","Bin_18",0.705913095994287,18,22.7342599073676,2,0.610817365619337
"RPL35A","Bin_19",0.544890491452081,19,24.0333604735029,2,0.610817365619337
"RPL35A","Bin_20",0.389929875800914,20,25.3324610396382,2,0.610817365619337
"IGKC","Bin_1",0.923444484889194,1,0.649550283067647,1,0.568950390446226
"IGKC","Bin_2",1.79177811852136,2,1.94865084920294,1,0.568950390446226
"IGKC","Bin_3",1.20410797273011,3,3.24775141533823,1,0.568950390446226
"IGKC","Bin_4",2.01971503252224,4,4.54685198147353,1,0.568950390446226
"IGKC","Bin_5",2.22541447162856,5,5.84595254760882,1,0.568950390446226
"IGKC","Bin_6",-0.556635435111521,6,7.14505311374411,1,0.568950390446226
"IGKC","Bin_7",-0.446499790092318,7,8.4441536798794,1,0.568950390446226
"IGKC","Bin_8",-0.556635435111521,8,9.7432542460147,1,0.568950390446226
"IGKC","Bin_9",-0.521525861960735,9,11.04235481215,1,0.568950390446226
"IGKC","Bin_10",-0.55421856635942,10,12.3414553782853,1,0.568950390446226
"IGKC","Bin_11",-0.548382055554652,11,13.6405559444206,1,0.568950390446226
"IGKC","Bin_12",-0.554109633502931,12,14.9396565105559,1,0.568950390446226
"IGKC","Bin_13",-0.550391981695347,13,16.2387570766912,1,0.568950390446226
"IGKC","Bin_14",-0.552270543109292,14,17.5378576428265,1,0.568950390446226
"IGKC","Bin_15",-0.553692349647176,15,18.8369582089617,1,0.568950390446226
"IGKC","Bin_16",-0.556635435111521,16,20.136058775097,1,0.568950390446226
"IGKC","Bin_17",-0.554611360766882,17,21.4351593412323,1,0.568950390446226
"IGKC","Bin_18",-0.552063054020141,18,22.7342599073676,1,0.568950390446226
"IGKC","Bin_19",-0.556635435111521,19,24.0333604735029,1,0.568950390446226
"IGKC","Bin_20",-0.550153143136497,20,25.3324610396382,1,0.568950390446226
"CBR3","Bin_1",-1.32326497391871,1,0.649550283067647,2,0.718712847337462
"CBR3","Bin_2",-1.17565053422668,2,1.94865084920294,2,0.718712847337462
"CBR3","Bin_3",-1.18886627961065,3,3.24775141533823,2,0.718712847337462
"CBR3","Bin_4",-1.14516592022028,4,4.54685198147353,2,0.718712847337462
"CBR3","Bin_5",-1.27264716579741,5,5.84595254760882,2,0.718712847337462
"CBR3","Bin_6",-1.42971985288498,6,7.14505311374411,2,0.718712847337462
"CBR3","Bin_7",-0.643431506626136,7,8.4441536798794,2,0.718712847337462
"CBR3","Bin_8",-0.777833054366325,8,9.7432542460147,2,0.718712847337462
"CBR3","Bin_9",0.447576556261242,9,11.04235481215,2,0.718712847337462
"CBR3","Bin_10",0.648728676934065,10,12.3414553782853,2,0.718712847337462
"CBR3","Bin_11",0.874848230725633,11,13.6405559444206,2,0.718712847337462
"CBR3","Bin_12",0.604117943236151,12,14.9396565105559,2,0.718712847337462
"CBR3","Bin_13",0.399328879161032,13,16.2387570766912,2,0.718712847337462
"CBR3","Bin_14",0.375414771381373,14,17.5378576428265,2,0.718712847337462
"CBR3","Bin_15",0.428957819332558,15,18.8369582089617,2,0.718712847337462
"CBR3","Bin_16",0.438361994026346,16,20.136058775097,2,0.718712847337462
"CBR3","Bin_17",0.854277609297243,17,21.4351593412323,2,0.718712847337462
"CBR3","Bin_18",0.906862653488695,18,22.7342599073676,2,0.718712847337462
"CBR3","Bin_19",1.33997179064458,19,24.0333604735029,2,0.718712847337462
"CBR3","Bin_20",1.63813236316225,20,25.3324610396382,2,0.718712847337462
"MT-ATP6","Bin_1",1.19030892126438,1,0.649550283067647,1,0.561897773189233
"MT-ATP6","Bin_2",1.69872753237997,2,1.94865084920294,1,0.561897773189233
"MT-ATP6","Bin_3",1.74745362717985,3,3.24775141533823,1,0.561897773189233
"MT-ATP6","Bin_4",1.58257729391308,4,4.54685198147353,1,0.561897773189233
"MT-ATP6","Bin_5",-0.0387254267341012,5,5.84595254760882,1,0.561897773189233
"MT-ATP6","Bin_6",0.370520410908145,6,7.14505311374411,1,0.561897773189233
"MT-ATP6","Bin_7",0.692623619324624,7,8.4441536798794,1,0.561897773189233
"MT-ATP6","Bin_8",-2.44958133992267,8,9.7432542460147,1,0.561897773189233
"MT-ATP6","Bin_9",-0.629884417327868,9,11.04235481215,1,0.561897773189233
"MT-ATP6","Bin_10",-0.200736034904416,10,12.3414553782853,1,0.561897773189233
"MT-ATP6","Bin_11",-0.270610646048621,11,13.6405559444206,1,0.561897773189233
"MT-ATP6","Bin_12",-0.330366606315726,12,14.9396565105559,1,0.561897773189233
"MT-ATP6","Bin_13",-0.113378640188815,13,16.2387570766912,1,0.561897773189233
"MT-ATP6","Bin_14",-0.139442601511005,14,17.5378576428265,1,0.561897773189233
"MT-ATP6","Bin_15",-0.569662691104326,15,18.8369582089617,1,0.561897773189233
"MT-ATP6","Bin_16",-0.649929085444903,16,20.136058775097,1,0.561897773189233
"MT-ATP6","Bin_17",-0.884330025134932,17,21.4351593412323,1,0.561897773189233
"MT-ATP6","Bin_18",-0.316920667648208,18,22.7342599073676,1,0.561897773189233
"MT-ATP6","Bin_19",-0.377079577338199,19,24.0333604735029,1,0.561897773189233
"MT-ATP6","Bin_20",-0.311563645346255,20,25.3324610396382,1,0.561897773189233
"LAPTM4A","Bin_1",-0.515616499798348,1,0.649550283067647,2,0.659860489324462
"LAPTM4A","Bin_2",-0.83392080837463,2,1.94865084920294,2,0.659860489324462
"LAPTM4A","Bin_3",-0.975170891721715,3,3.24775141533823,2,0.659860489324462
"LAPTM4A","Bin_4",-1.68479956290262,4,4.54685198147353,2,0.659860489324462
"LAPTM4A","Bin_5",-1.96739593474709,5,5.84595254760882,2,0.659860489324462
"LAPTM4A","Bin_6",-1.88064253658309,6,7.14505311374411,2,0.659860489324462
"LAPTM4A","Bin_7",-0.298754240587313,7,8.4441536798794,2,0.659860489324462
"LAPTM4A","Bin_8",0.187829547777867,8,9.7432542460147,2,0.659860489324462
"LAPTM4A","Bin_9",0.435850934745288,9,11.04235481215,2,0.659860489324462
"LAPTM4A","Bin_10",0.75136092269852,10,12.3414553782853,2,0.659860489324462
"LAPTM4A","Bin_11",0.629545018632141,11,13.6405559444206,2,0.659860489324462
"LAPTM4A","Bin_12",0.530123308541839,12,14.9396565105559,2,0.659860489324462
"LAPTM4A","Bin_13",0.130071600419019,13,16.2387570766912,2,0.659860489324462
"LAPTM4A","Bin_14",0.0964116286848124,14,17.5378576428265,2,0.659860489324462
"LAPTM4A","Bin_15",0.504667200459702,15,18.8369582089617,2,0.659860489324462
"LAPTM4A","Bin_16",0.570167223241434,16,20.136058775097,2,0.659860489324462
"LAPTM4A","Bin_17",1.14496116838074,17,21.4351593412323,2,0.659860489324462
"LAPTM4A","Bin_18",1.00624775427129,18,22.7342599073676,2,0.659860489324462
"LAPTM4A","Bin_19",1.1261255335521,19,24.0333604735029,2,0.659860489324462
"LAPTM4A","Bin_20",1.04293863331005,20,25.3324610396382,2,0.659860489324462
"CSTB","Bin_1",-1.62097348075512,1,0.649550283067647,2,0.622861898213108
"CSTB","Bin_2",-1.71448108660024,2,1.94865084920294,2,0.622861898213108
"CSTB","Bin_3",-1.85144662813193,3,3.24775141533823,2,0.622861898213108
"CSTB","Bin_4",-0.634648784180372,4,4.54685198147353,2,0.622861898213108
"CSTB","Bin_5",-1.3612226505595,5,5.84595254760882,2,0.622861898213108
"CSTB","Bin_6",-1.20006210549577,6,7.14505311374411,2,0.622861898213108
"CSTB","Bin_7",-0.194289875392981,7,8.4441536798794,2,0.622861898213108
"CSTB","Bin_8",0.712786566132534,8,9.7432542460147,2,0.622861898213108
"CSTB","Bin_9",0.549327345474916,9,11.04235481215,2,0.622861898213108
"CSTB","Bin_10",0.567435552480606,10,12.3414553782853,2,0.622861898213108
"CSTB","Bin_11",0.583557870851864,11,13.6405559444206,2,0.622861898213108
"CSTB","Bin_12",0.673131428446183,12,14.9396565105559,2,0.622861898213108
"CSTB","Bin_13",0.291738436747199,13,16.2387570766912,2,0.622861898213108
"CSTB","Bin_14",0.27259964115876,14,17.5378576428265,2,0.622861898213108
"CSTB","Bin_15",0.70920941230174,15,18.8369582089617,2,0.622861898213108
"CSTB","Bin_16",0.714119828137672,16,20.136058775097,2,0.622861898213108
"CSTB","Bin_17",1.10930826373188,17,21.4351593412323,2,0.622861898213108
"CSTB","Bin_18",0.90782868752672,18,22.7342599073676,2,0.622861898213108
"CSTB","Bin_19",0.829015062650508,19,24.0333604735029,2,0.622861898213108
"CSTB","Bin_20",0.657066515475313,20,25.3324610396382,2,0.622861898213108
"ATP5PO","Bin_1",-0.661374057403959,1,0.649550283067647,2,0.732703550763307
"ATP5PO","Bin_2",-1.23721592161123,2,1.94865084920294,2,0.732703550763307
"ATP5PO","Bin_3",-1.30718049034504,3,3.24775141533823,2,0.732703550763307
"ATP5PO","Bin_4",-1.05165283125747,4,4.54685198147353,2,0.732703550763307
"ATP5PO","Bin_5",-1.33787819042217,5,5.84595254760882,2,0.732703550763307
"ATP5PO","Bin_6",-1.80444304720927,6,7.14505311374411,2,0.732703550763307
"ATP5PO","Bin_7",-0.98485972912124,7,8.4441536798794,2,0.732703550763307
"ATP5PO","Bin_8",-0.75845461278214,8,9.7432542460147,2,0.732703550763307
"ATP5PO","Bin_9",0.891320832926061,9,11.04235481215,2,0.732703550763307
"ATP5PO","Bin_10",0.916579345729288,10,12.3414553782853,2,0.732703550763307
"ATP5PO","Bin_11",0.653509391566045,11,13.6405559444206,2,0.732703550763307
"ATP5PO","Bin_12",0.663640569415387,12,14.9396565105559,2,0.732703550763307
"ATP5PO","Bin_13",0.618045488002054,13,16.2387570766912,2,0.732703550763307
"ATP5PO","Bin_14",0.436978517547945,14,17.5378576428265,2,0.732703550763307
"ATP5PO","Bin_15",0.52288152430253,15,18.8369582089617,2,0.732703550763307
"ATP5PO","Bin_16",0.486011944945076,16,20.136058775097,2,0.732703550763307
"ATP5PO","Bin_17",0.731246193858313,17,21.4351593412323,2,0.732703550763307
"ATP5PO","Bin_18",0.904376900225519,18,22.7342599073676,2,0.732703550763307
"ATP5PO","Bin_19",1.13495600695621,19,24.0333604735029,2,0.732703550763307
"ATP5PO","Bin_20",1.1835121646781,20,25.3324610396382,2,0.732703550763307
"NACA","Bin_1",-0.629152607503825,1,0.649550283067647,2,0.606435398696951
"NACA","Bin_2",-0.504292775686652,2,1.94865084920294,2,0.606435398696951
"NACA","Bin_3",-0.553919007433146,3,3.24775141533823,2,0.606435398696951
"NACA","Bin_4",-1.78717044797626,4,4.54685198147353,2,0.606435398696951
"NACA","Bin_5",-0.64958142356525,5,5.84595254760882,2,0.606435398696951
"NACA","Bin_6",-2.45229052701117,6,7.14505311374411,2,0.606435398696951
"NACA","Bin_7",-1.54781433942497,7,8.4441536798794,2,0.606435398696951
"NACA","Bin_8",-0.210722232241533,8,9.7432542460147,2,0.606435398696951
"NACA","Bin_9",0.716319706203898,9,11.04235481215,2,0.606435398696951
"NACA","Bin_10",0.605831457878176,10,12.3414553782853,2,0.606435398696951
"NACA","Bin_11",0.536192692711522,11,13.6405559444206,2,0.606435398696951
"NACA","Bin_12",0.730432543629094,12,14.9396565105559,2,0.606435398696951
"NACA","Bin_13",0.852436178703927,13,16.2387570766912,2,0.606435398696951
"NACA","Bin_14",0.923914367861809,14,17.5378576428265,2,0.606435398696951
"NACA","Bin_15",0.799898702240111,15,18.8369582089617,2,0.606435398696951
"NACA","Bin_16",0.505839773025209,16,20.136058775097,2,0.606435398696951
"NACA","Bin_17",0.618142946089082,17,21.4351593412323,2,0.606435398696951
"NACA","Bin_18",0.688564293089712,18,22.7342599073676,2,0.606435398696951
"NACA","Bin_19",0.77519257309861,19,24.0333604735029,2,0.606435398696951
"NACA","Bin_20",0.582178126311658,20,25.3324610396382,2,0.606435398696951
"C6orf48","Bin_1",-0.812797252310349,1,0.649550283067647,2,0.663292221721167
"C6orf48","Bin_2",-1.05935384259432,2,1.94865084920294,2,0.663292221721167
"C6orf48","Bin_3",-1.10346568424178,3,3.24775141533823,2,0.663292221721167
"C6orf48","Bin_4",-1.47680451604562,4,4.54685198147353,2,0.663292221721167
"C6orf48","Bin_5",-1.08755057762575,5,5.84595254760882,2,0.663292221721167
"C6orf48","Bin_6",-1.71353363475057,6,7.14505311374411,2,0.663292221721167
"C6orf48","Bin_7",-1.05398440756329,7,8.4441536798794,2,0.663292221721167
"C6orf48","Bin_8",-0.887532137782816,8,9.7432542460147,2,0.663292221721167
"C6orf48","Bin_9",0.561435379609802,9,11.04235481215,2,0.663292221721167
"C6orf48","Bin_10",0.28058502134813,10,12.3414553782853,2,0.663292221721167
"C6orf48","Bin_11",0.635611779420501,11,13.6405559444206,2,0.663292221721167
"C6orf48","Bin_12",0.73481546059903,12,14.9396565105559,2,0.663292221721167
"C6orf48","Bin_13",1.01094971988974,13,16.2387570766912,2,0.663292221721167
"C6orf48","Bin_14",1.2357092084471,14,17.5378576428265,2,0.663292221721167
"C6orf48","Bin_15",1.04038429786803,15,18.8369582089617,2,0.663292221721167
"C6orf48","Bin_16",0.900637802193537,16,20.136058775097,2,0.663292221721167
"C6orf48","Bin_17",0.886949279864248,17,21.4351593412323,2,0.663292221721167
"C6orf48","Bin_18",0.705979442838892,18,22.7342599073676,2,0.663292221721167
"C6orf48","Bin_19",0.52005648175979,19,24.0333604735029,2,0.663292221721167
"C6orf48","Bin_20",0.681908179075704,20,25.3324610396382,2,0.663292221721167
"RPS16","Bin_1",-1.17277003413731,1,0.649550283067647,2,0.609771237701297
"RPS16","Bin_2",-1.16939195565586,2,1.94865084920294,2,0.609771237701297
"RPS16","Bin_3",-1.0470309021731,3,3.24775141533823,2,0.609771237701297
"RPS16","Bin_4",-1.24608812482029,4,4.54685198147353,2,0.609771237701297
"RPS16","Bin_5",-0.294592191898931,5,5.84595254760882,2,0.609771237701297
"RPS16","Bin_6",-2.52215354670754,6,7.14505311374411,2,0.609771237701297
"RPS16","Bin_7",-1.1160128397423,7,8.4441536798794,2,0.609771237701297
"RPS16","Bin_8",0.390438487863863,8,9.7432542460147,2,0.609771237701297
"RPS16","Bin_9",0.7770616743579,9,11.04235481215,2,0.609771237701297
"RPS16","Bin_10",0.710589661429016,10,12.3414553782853,2,0.609771237701297
"RPS16","Bin_11",0.544990092934315,11,13.6405559444206,2,0.609771237701297
"RPS16","Bin_12",0.79872295456049,12,14.9396565105559,2,0.609771237701297
"RPS16","Bin_13",0.855523567954674,13,16.2387570766912,2,0.609771237701297
"RPS16","Bin_14",0.87373285826176,14,17.5378576428265,2,0.609771237701297
"RPS16","Bin_15",0.743585626196874,15,18.8369582089617,2,0.609771237701297
"RPS16","Bin_16",0.510486731510322,16,20.136058775097,2,0.609771237701297
"RPS16","Bin_17",0.493537899309066,17,21.4351593412323,2,0.609771237701297
"RPS16","Bin_18",0.637518655786228,18,22.7342599073676,2,0.609771237701297
"RPS16","Bin_19",0.63634600875302,19,24.0333604735029,2,0.609771237701297
"RPS16","Bin_20",0.59550537621781,20,25.3324610396382,2,0.609771237701297
"EEF1A1","Bin_1",-0.230201725744758,1,0.649550283067647,2,0.535888033213708
"EEF1A1","Bin_2",-0.49609293215215,2,1.94865084920294,2,0.535888033213708
"EEF1A1","Bin_3",-0.466238640497823,3,3.24775141533823,2,0.535888033213708
"EEF1A1","Bin_4",-1.64429860885499,4,4.54685198147353,2,0.535888033213708
"EEF1A1","Bin_5",-0.618830317795623,5,5.84595254760882,2,0.535888033213708
"EEF1A1","Bin_6",-2.96980390010981,6,7.14505311374411,2,0.535888033213708
"EEF1A1","Bin_7",-1.31387388382228,7,8.4441536798794,2,0.535888033213708
"EEF1A1","Bin_8",0.523310081523819,8,9.7432542460147,2,0.535888033213708
"EEF1A1","Bin_9",0.70464866138712,9,11.04235481215,2,0.535888033213708
"EEF1A1","Bin_10",0.515235242095478,10,12.3414553782853,2,0.535888033213708
"EEF1A1","Bin_11",0.26346204250652,11,13.6405559444206,2,0.535888033213708
"EEF1A1","Bin_12",0.724323852655632,12,14.9396565105559,2,0.535888033213708
"EEF1A1","Bin_13",0.647924570139563,13,16.2387570766912,2,0.535888033213708
"EEF1A1","Bin_14",0.743658860541139,14,17.5378576428265,2,0.535888033213708
"EEF1A1","Bin_15",0.76583553202575,15,18.8369582089617,2,0.535888033213708
"EEF1A1","Bin_16",0.491290519679581,16,20.136058775097,2,0.535888033213708
"EEF1A1","Bin_17",0.62038335993416,17,21.4351593412323,2,0.535888033213708
"EEF1A1","Bin_18",0.69564429300515,18,22.7342599073676,2,0.535888033213708
"EEF1A1","Bin_19",0.58041120460274,19,24.0333604735029,2,0.535888033213708
"EEF1A1","Bin_20",0.463211788880779,20,25.3324610396382,2,0.535888033213708
"HEY1","Bin_1",-1.02535379677369,1,0.649550283067647,2,0.601638567541382
"HEY1","Bin_2",-0.947354710094872,2,1.94865084920294,2,0.601638567541382
"HEY1","Bin_3",-0.895244449940514,3,3.24775141533823,2,0.601638567541382
"HEY1","Bin_4",-0.987547208963368,4,4.54685198147353,2,0.601638567541382
"HEY1","Bin_5",-1.02089759482254,5,5.84595254760882,2,0.601638567541382
"HEY1","Bin_6",-1.05030140540257,6,7.14505311374411,2,0.601638567541382
"HEY1","Bin_7",-0.810389091434673,7,8.4441536798794,2,0.601638567541382
"HEY1","Bin_8",-0.371734303692738,8,9.7432542460147,2,0.601638567541382
"HEY1","Bin_9",-0.278826617173387,9,11.04235481215,2,0.601638567541382
"HEY1","Bin_10",-0.0415212766734181,10,12.3414553782853,2,0.601638567541382
"HEY1","Bin_11",0.153358778734739,11,13.6405559444206,2,0.601638567541382
"HEY1","Bin_12",-0.196060249844655,12,14.9396565105559,2,0.601638567541382
"HEY1","Bin_13",-0.0938051489105904,13,16.2387570766912,2,0.601638567541382
"HEY1","Bin_14",0.337480943231822,14,17.5378576428265,2,0.601638567541382
"HEY1","Bin_15",0.136029924079216,15,18.8369582089617,2,0.601638567541382
"HEY1","Bin_16",0.308630530350045,16,20.136058775097,2,0.601638567541382
"HEY1","Bin_17",1.22302695178248,17,21.4351593412323,2,0.601638567541382
"HEY1","Bin_18",1.71974309546881,18,22.7342599073676,2,0.601638567541382
"HEY1","Bin_19",2.17261940189579,19,24.0333604735029,2,0.601638567541382
"HEY1","Bin_20",1.66814622818411,20,25.3324610396382,2,0.601638567541382
"RPL13A","Bin_1",-0.358247959415925,1,0.649550283067647,2,0.568711167930652
"RPL13A","Bin_2",-0.8223856929969,2,1.94865084920294,2,0.568711167930652
"RPL13A","Bin_3",-1.04593304654378,3,3.24775141533823,2,0.568711167930652
"RPL13A","Bin_4",-2.11543531440287,4,4.54685198147353,2,0.568711167930652
"RPL13A","Bin_5",-0.167096229478138,5,5.84595254760882,2,0.568711167930652
"RPL13A","Bin_6",-2.56774322340898,6,7.14505311374411,2,0.568711167930652
"RPL13A","Bin_7",-0.689497231468304,7,8.4441536798794,2,0.568711167930652
"RPL13A","Bin_8",-0.0417337303459681,8,9.7432542460147,2,0.568711167930652
"RPL13A","Bin_9",0.674213868037013,9,11.04235481215,2,0.568711167930652
"RPL13A","Bin_10",0.505459742524501,10,12.3414553782853,2,0.568711167930652
"RPL13A","Bin_11",0.515034639613797,11,13.6405559444206,2,0.568711167930652
"RPL13A","Bin_12",0.819345677478965,12,14.9396565105559,2,0.568711167930652
"RPL13A","Bin_13",0.846455971981166,13,16.2387570766912,2,0.568711167930652
"RPL13A","Bin_14",1.00229106056621,14,17.5378576428265,2,0.568711167930652
"RPL13A","Bin_15",0.896618681843218,15,18.8369582089617,2,0.568711167930652
"RPL13A","Bin_16",0.601853495024327,16,20.136058775097,2,0.568711167930652
"RPL13A","Bin_17",0.51998944842744,17,21.4351593412323,2,0.568711167930652
"RPL13A","Bin_18",0.646160519449947,18,22.7342599073676,2,0.568711167930652
"RPL13A","Bin_19",0.41710438573247,19,24.0333604735029,2,0.568711167930652
"RPL13A","Bin_20",0.363544937381799,20,25.3324610396382,2,0.568711167930652
"ALDH1A1","Bin_1",-0.70701959661434,1,0.649550283067647,2,0.418812834387784
"ALDH1A1","Bin_2",-0.631581211990914,2,1.94865084920294,2,0.418812834387784
"ALDH1A1","Bin_3",-0.72627273638682,3,3.24775141533823,2,0.418812834387784
"ALDH1A1","Bin_4",-0.70029664795083,4,4.54685198147353,2,0.418812834387784
"ALDH1A1","Bin_5",-0.72627273638682,5,5.84595254760882,2,0.418812834387784
"ALDH1A1","Bin_6",-0.236331378061164,6,7.14505311374411,2,0.418812834387784
"ALDH1A1","Bin_7",-0.0751917931441856,7,8.4441536798794,2,0.418812834387784
"ALDH1A1","Bin_8",-0.540003335335074,8,9.7432542460147,2,0.418812834387784
"ALDH1A1","Bin_9",-0.443825073480086,9,11.04235481215,2,0.418812834387784
"ALDH1A1","Bin_10",-0.450435674029579,10,12.3414553782853,2,0.418812834387784
"ALDH1A1","Bin_11",-0.373496687324086,11,13.6405559444206,2,0.418812834387784
"ALDH1A1","Bin_12",-0.578059636718178,12,14.9396565105559,2,0.418812834387784
"ALDH1A1","Bin_13",-0.501537068223466,13,16.2387570766912,2,0.418812834387784
"ALDH1A1","Bin_14",-0.433644454402917,14,17.5378576428265,2,0.418812834387784
"ALDH1A1","Bin_15",-0.110140841295951,15,18.8369582089617,2,0.418812834387784
"ALDH1A1","Bin_16",-0.158511480936408,16,20.136058775097,2,0.418812834387784
"ALDH1A1","Bin_17",1.23900130164943,17,21.4351593412323,2,0.418812834387784
"ALDH1A1","Bin_18",1.63073654231542,18,22.7342599073676,2,0.418812834387784
"ALDH1A1","Bin_19",2.72497681195396,19,24.0333604735029,2,0.418812834387784
"ALDH1A1","Bin_20",1.79790569636202,20,25.3324610396382,2,0.418812834387784
"RPS23","Bin_1",-0.698640044539623,1,0.649550283067647,2,0.571594126719672
"RPS23","Bin_2",-0.551312590946026,2,1.94865084920294,2,0.571594126719672
"RPS23","Bin_3",-0.519554948953199,3,3.24775141533823,2,0.571594126719672
"RPS23","Bin_4",-1.87606408981366,4,4.54685198147353,2,0.571594126719672
"RPS23","Bin_5",-0.712337259571299,5,5.84595254760882,2,0.571594126719672
"RPS23","Bin_6",-2.68249907754229,6,7.14505311374411,2,0.571594126719672
"RPS23","Bin_7",-1.13293012170025,7,8.4441536798794,2,0.571594126719672
"RPS23","Bin_8",0.513227285527176,8,9.7432542460147,2,0.571594126719672
"RPS23","Bin_9",0.834468798486351,9,11.04235481215,2,0.571594126719672
"RPS23","Bin_10",0.633979633521952,10,12.3414553782853,2,0.571594126719672
"RPS23","Bin_11",0.541440529468275,11,13.6405559444206,2,0.571594126719672
"RPS23","Bin_12",0.748562294164257,12,14.9396565105559,2,0.571594126719672
"RPS23","Bin_13",0.844959569030651,13,16.2387570766912,2,0.571594126719672
"RPS23","Bin_14",0.826945267909036,14,17.5378576428265,2,0.571594126719672
"RPS23","Bin_15",0.592832825457931,15,18.8369582089617,2,0.571594126719672
"RPS23","Bin_16",0.358318454710277,16,20.136058775097,2,0.571594126719672
"RPS23","Bin_17",0.404814770946067,17,21.4351593412323,2,0.571594126719672
"RPS23","Bin_18",0.601292383410101,18,22.7342599073676,2,0.571594126719672
"RPS23","Bin_19",0.679741951268824,19,24.0333604735029,2,0.571594126719672
"RPS23","Bin_20",0.592754369165453,20,25.3324610396382,2,0.571594126719672
"RPS25","Bin_1",-0.532512697144073,1,0.649550283067647,2,0.619334014676012
"RPS25","Bin_2",-0.668806336182274,2,1.94865084920294,2,0.619334014676012
"RPS25","Bin_3",-0.727162886832883,3,3.24775141533823,2,0.619334014676012
"RPS25","Bin_4",-1.54620318668083,4,4.54685198147353,2,0.619334014676012
"RPS25","Bin_5",-1.2332921655081,5,5.84595254760882,2,0.619334014676012
"RPS25","Bin_6",-2.43584631281244,6,7.14505311374411,2,0.619334014676012
"RPS25","Bin_7",-1.39462461765011,7,8.4441536798794,2,0.619334014676012
"RPS25","Bin_8",0.376307886907515,8,9.7432542460147,2,0.619334014676012
"RPS25","Bin_9",0.890829858522925,9,11.04235481215,2,0.619334014676012
"RPS25","Bin_10",0.606781620349439,10,12.3414553782853,2,0.619334014676012
"RPS25","Bin_11",0.388244398481118,11,13.6405559444206,2,0.619334014676012
"RPS25","Bin_12",0.768316191687248,12,14.9396565105559,2,0.619334014676012
"RPS25","Bin_13",0.775929845100516,13,16.2387570766912,2,0.619334014676012
"RPS25","Bin_14",0.794387458750452,14,17.5378576428265,2,0.619334014676012
"RPS25","Bin_15",0.768735812550488,15,18.8369582089617,2,0.619334014676012
"RPS25","Bin_16",0.484425410547032,16,20.136058775097,2,0.619334014676012
"RPS25","Bin_17",0.531944582305485,17,21.4351593412323,2,0.619334014676012
"RPS25","Bin_18",0.738690290350035,18,22.7342599073676,2,0.619334014676012
"RPS25","Bin_19",0.804416367243858,19,24.0333604735029,2,0.619334014676012
"RPS25","Bin_20",0.609438480014608,20,25.3324610396382,2,0.619334014676012
"B2M","Bin_1",2.1231384581316,1,0.649550283067647,1,0.557801211711697
"B2M","Bin_2",1.75675081139721,2,1.94865084920294,1,0.557801211711697
"B2M","Bin_3",1.56414290746646,3,3.24775141533823,1,0.557801211711697
"B2M","Bin_4",1.54598049637467,4,4.54685198147353,1,0.557801211711697
"B2M","Bin_5",0.0472048684564847,5,5.84595254760882,1,0.557801211711697
"B2M","Bin_6",-1.88405958515789,6,7.14505311374411,1,0.557801211711697
"B2M","Bin_7",-1.23449009318975,7,8.4441536798794,1,0.557801211711697
"B2M","Bin_8",-0.367880415922758,8,9.7432542460147,1,0.557801211711697
"B2M","Bin_9",-0.356737524149431,9,11.04235481215,1,0.557801211711697
"B2M","Bin_10",-0.20630301609655,10,12.3414553782853,1,0.557801211711697
"B2M","Bin_11",0.0995223093333377,11,13.6405559444206,1,0.557801211711697
"B2M","Bin_12",-0.329181256082061,12,14.9396565105559,1,0.557801211711697
"B2M","Bin_13",-0.412453404191326,13,16.2387570766912,1,0.557801211711697
"B2M","Bin_14",-0.499385459665533,14,17.5378576428265,1,0.557801211711697
"B2M","Bin_15",-0.250853296182277,15,18.8369582089617,1,0.557801211711697
"B2M","Bin_16",-0.144749018448734,16,20.136058775097,1,0.557801211711697
"B2M","Bin_17",-0.196183344914618,17,21.4351593412323,1,0.557801211711697
"B2M","Bin_18",-0.436603037312983,18,22.7342599073676,1,0.557801211711697
"B2M","Bin_19",-0.449374681281309,19,24.0333604735029,1,0.557801211711697
"B2M","Bin_20",-0.368485718564541,20,25.3324610396382,1,0.557801211711697
"ATP5F1C","Bin_1",-1.05337348294729,1,0.649550283067647,2,0.724168867525541
"ATP5F1C","Bin_2",-1.2832143912832,2,1.94865084920294,2,0.724168867525541
"ATP5F1C","Bin_3",-1.16545070735131,3,3.24775141533823,2,0.724168867525541
"ATP5F1C","Bin_4",-1.04983177452956,4,4.54685198147353,2,0.724168867525541
"ATP5F1C","Bin_5",-1.31931225275132,5,5.84595254760882,2,0.724168867525541
"ATP5F1C","Bin_6",-1.84253499019369,6,7.14505311374411,2,0.724168867525541
"ATP5F1C","Bin_7",-0.920150321055545,7,8.4441536798794,2,0.724168867525541
"ATP5F1C","Bin_8",-0.433108777218284,8,9.7432542460147,2,0.724168867525541
"ATP5F1C","Bin_9",0.978471899929834,9,11.04235481215,2,0.724168867525541
"ATP5F1C","Bin_10",0.97057358789264,10,12.3414553782853,2,0.724168867525541
"ATP5F1C","Bin_11",0.777440951917477,11,13.6405559444206,2,0.724168867525541
"ATP5F1C","Bin_12",0.635927867876895,12,14.9396565105559,2,0.724168867525541
"ATP5F1C","Bin_13",0.583128955437209,13,16.2387570766912,2,0.724168867525541
"ATP5F1C","Bin_14",0.38644624315865,14,17.5378576428265,2,0.724168867525541
"ATP5F1C","Bin_15",0.423461588599736,15,18.8369582089617,2,0.724168867525541
"ATP5F1C","Bin_16",0.488560088856604,16,20.136058775097,2,0.724168867525541
"ATP5F1C","Bin_17",0.685679602307752,17,21.4351593412323,2,0.724168867525541
"ATP5F1C","Bin_18",0.868896491397525,18,22.7342599073676,2,0.724168867525541
"ATP5F1C","Bin_19",1.13468887610363,19,24.0333604735029,2,0.724168867525541
"ATP5F1C","Bin_20",1.13370054385225,20,25.3324610396382,2,0.724168867525541
"SLPI","Bin_1",-1.68062416395437,1,0.649550283067647,2,0.680067455338356
"SLPI","Bin_2",-1.04661855818849,2,1.94865084920294,2,0.680067455338356
"SLPI","Bin_3",-1.02886636982661,3,3.24775141533823,2,0.680067455338356
"SLPI","Bin_4",-1.39514095952171,4,4.54685198147353,2,0.680067455338356
"SLPI","Bin_5",-1.50951125742429,5,5.84595254760882,2,0.680067455338356
"SLPI","Bin_6",-1.53977616240735,6,7.14505311374411,2,0.680067455338356
"SLPI","Bin_7",-0.607020947003808,7,8.4441536798794,2,0.680067455338356
"SLPI","Bin_8",0.0959538543326262,8,9.7432542460147,2,0.680067455338356
"SLPI","Bin_9",0.512076240798371,9,11.04235481215,2,0.680067455338356
"SLPI","Bin_10",0.654430271993155,10,12.3414553782853,2,0.680067455338356
"SLPI","Bin_11",0.743011160632954,11,13.6405559444206,2,0.680067455338356
"SLPI","Bin_12",0.409936620703488,12,14.9396565105559,2,0.680067455338356
"SLPI","Bin_13",0.534468078898553,13,16.2387570766912,2,0.680067455338356
"SLPI","Bin_14",0.54959630623039,14,17.5378576428265,2,0.680067455338356
"SLPI","Bin_15",0.59688841459485,15,18.8369582089617,2,0.680067455338356
"SLPI","Bin_16",0.738669231758553,16,20.136058775097,2,0.680067455338356
"SLPI","Bin_17",1.04332407351461,17,21.4351593412323,2,0.680067455338356
"SLPI","Bin_18",1.07358225540953,18,22.7342599073676,2,0.680067455338356
"SLPI","Bin_19",1.23185539043361,19,24.0333604735029,2,0.680067455338356
"SLPI","Bin_20",0.623766519025956,20,25.3324610396382,2,0.680067455338356
"RPS7","Bin_1",-1.05366326870004,1,0.649550283067647,2,0.640676342181506
"RPS7","Bin_2",-0.959982272758065,2,1.94865084920294,2,0.640676342181506
"RPS7","Bin_3",-1.11816830826285,3,3.24775141533823,2,0.640676342181506
"RPS7","Bin_4",-1.4668505459976,4,4.54685198147353,2,0.640676342181506
"RPS7","Bin_5",-0.866053646042479,5,5.84595254760882,2,0.640676342181506
"RPS7","Bin_6",-1.96582027455517,6,7.14505311374411,2,0.640676342181506
"RPS7","Bin_7",-1.55945017986684,7,8.4441536798794,2,0.640676342181506
"RPS7","Bin_8",0.438721550793527,8,9.7432542460147,2,0.640676342181506
"RPS7","Bin_9",0.897672571311845,9,11.04235481215,2,0.640676342181506
"RPS7","Bin_10",0.912987493971107,10,12.3414553782853,2,0.640676342181506
"RPS7","Bin_11",0.618320696367852,11,13.6405559444206,2,0.640676342181506
"RPS7","Bin_12",0.916093988306701,12,14.9396565105559,2,0.640676342181506
"RPS7","Bin_13",0.795788697451809,13,16.2387570766912,2,0.640676342181506
"RPS7","Bin_14",0.712738311059277,14,17.5378576428265,2,0.640676342181506
"RPS7","Bin_15",0.740110842022322,15,18.8369582089617,2,0.640676342181506
"RPS7","Bin_16",0.519122415181963,16,20.136058775097,2,0.640676342181506
"RPS7","Bin_17",0.532482957783134,17,21.4351593412323,2,0.640676342181506
"RPS7","Bin_18",0.690265445905942,18,22.7342599073676,2,0.640676342181506
"RPS7","Bin_19",0.675038661213422,19,24.0333604735029,2,0.640676342181506
"RPS7","Bin_20",0.540644864814142,20,25.3324610396382,2,0.640676342181506
"RPS18","Bin_1",-0.707513125536062,1,0.649550283067647,2,0.528900093247086
"RPS18","Bin_2",-0.67123237640903,2,1.94865084920294,2,0.528900093247086
"RPS18","Bin_3",-0.871543819307487,3,3.24775141533823,2,0.528900093247086
"RPS18","Bin_4",-1.38922872762229,4,4.54685198147353,2,0.528900093247086
"RPS18","Bin_5",-0.0449555711645472,5,5.84595254760882,2,0.528900093247086
"RPS18","Bin_6",-3.07584133054413,6,7.14505311374411,2,0.528900093247086
"RPS18","Bin_7",-0.912182305821767,7,8.4441536798794,2,0.528900093247086
"RPS18","Bin_8",0.366883362961247,8,9.7432542460147,2,0.528900093247086
"RPS18","Bin_9",0.568827608179156,9,11.04235481215,2,0.528900093247086
"RPS18","Bin_10",0.492460361598954,10,12.3414553782853,2,0.528900093247086
"RPS18","Bin_11",0.471427362015332,11,13.6405559444206,2,0.528900093247086
"RPS18","Bin_12",0.721111700604219,12,14.9396565105559,2,0.528900093247086
"RPS18","Bin_13",0.894086627541479,13,16.2387570766912,2,0.528900093247086
"RPS18","Bin_14",1.01104065470619,14,17.5378576428265,2,0.528900093247086
"RPS18","Bin_15",0.815893201239678,15,18.8369582089617,2,0.528900093247086
"RPS18","Bin_16",0.587986883265111,16,20.136058775097,2,0.528900093247086
"RPS18","Bin_17",0.444360030697011,17,21.4351593412323,2,0.528900093247086
"RPS18","Bin_18",0.558558109380265,18,22.7342599073676,2,0.528900093247086
"RPS18","Bin_19",0.421668624558606,19,24.0333604735029,2,0.528900093247086
"RPS18","Bin_20",0.318192729658062,20,25.3324610396382,2,0.528900093247086
"CRABP1","Bin_1",-1.41807147980745,1,0.649550283067647,2,0.652402448986725
"CRABP1","Bin_2",-1.07141133878401,2,1.94865084920294,2,0.652402448986725
"CRABP1","Bin_3",-1.25408059232538,3,3.24775141533823,2,0.652402448986725
"CRABP1","Bin_4",-1.02793030271919,4,4.54685198147353,2,0.652402448986725
"CRABP1","Bin_5",-0.368551303850784,5,5.84595254760882,2,0.652402448986725
"CRABP1","Bin_6",-1.49696701186845,6,7.14505311374411,2,0.652402448986725
"CRABP1","Bin_7",-0.861479985190721,7,8.4441536798794,2,0.652402448986725
"CRABP1","Bin_8",-0.790437514738732,8,9.7432542460147,2,0.652402448986725
"CRABP1","Bin_9",0.183663769820637,9,11.04235481215,2,0.652402448986725
"CRABP1","Bin_10",0.404731499650875,10,12.3414553782853,2,0.652402448986725
"CRABP1","Bin_11",0.224753511876359,11,13.6405559444206,2,0.652402448986725
"CRABP1","Bin_12",-0.0814679188342725,12,14.9396565105559,2,0.652402448986725
"CRABP1","Bin_13",0.245636446478808,13,16.2387570766912,2,0.652402448986725
"CRABP1","Bin_14",0.460376185903387,14,17.5378576428265,2,0.652402448986725
"CRABP1","Bin_15",0.608558249786646,15,18.8369582089617,2,0.652402448986725
"CRABP1","Bin_16",0.528292209184213,16,20.136058775097,2,0.652402448986725
"CRABP1","Bin_17",1.52188836123252,17,21.4351593412323,2,0.652402448986725
"CRABP1","Bin_18",1.32196615699981,18,22.7342599073676,2,0.652402448986725
"CRABP1","Bin_19",1.20289809686753,19,24.0333604735029,2,0.652402448986725
"CRABP1","Bin_20",1.66763296031822,20,25.3324610396382,2,0.652402448986725
"EIF3H","Bin_1",-0.631713253944915,1,0.649550283067647,2,0.720756648078994
"EIF3H","Bin_2",-1.33583765332936,2,1.94865084920294,2,0.720756648078994
"EIF3H","Bin_3",-1.31490209616849,3,3.24775141533823,2,0.720756648078994
"EIF3H","Bin_4",-1.24508519601816,4,4.54685198147353,2,0.720756648078994
"EIF3H","Bin_5",-1.09208341071076,5,5.84595254760882,2,0.720756648078994
"EIF3H","Bin_6",-1.82344408935375,6,7.14505311374411,2,0.720756648078994
"EIF3H","Bin_7",-1.1918662062241,7,8.4441536798794,2,0.720756648078994
"EIF3H","Bin_8",-0.532174229789354,8,9.7432542460147,2,0.720756648078994
"EIF3H","Bin_9",0.588199980866014,9,11.04235481215,2,0.720756648078994
"EIF3H","Bin_10",0.662060915859199,10,12.3414553782853,2,0.720756648078994
"EIF3H","Bin_11",0.537444756542294,11,13.6405559444206,2,0.720756648078994
"EIF3H","Bin_12",0.811650863999749,12,14.9396565105559,2,0.720756648078994
"EIF3H","Bin_13",0.74626892966097,13,16.2387570766912,2,0.720756648078994
"EIF3H","Bin_14",0.768724786921159,14,17.5378576428265,2,0.720756648078994
"EIF3H","Bin_15",0.740181499415573,15,18.8369582089617,2,0.720756648078994
"EIF3H","Bin_16",0.5210035245265,16,20.136058775097,2,0.720756648078994
"EIF3H","Bin_17",0.854145785340028,17,21.4351593412323,2,0.720756648078994
"EIF3H","Bin_18",1.00164474319632,18,22.7342599073676,2,0.720756648078994
"EIF3H","Bin_19",1.03981435672669,19,24.0333604735029,2,0.720756648078994
"EIF3H","Bin_20",0.895965992484385,20,25.3324610396382,2,0.720756648078994
"KRT8","Bin_1",0.021950161165657,1,0.649550283067647,2,0.65836658493037
"KRT8","Bin_2",-1.27932624854971,2,1.94865084920294,2,0.65836658493037
"KRT8","Bin_3",-1.04443169529472,3,3.24775141533823,2,0.65836658493037
"KRT8","Bin_4",-1.76235180381948,4,4.54685198147353,2,0.65836658493037
"KRT8","Bin_5",-1.84584974713906,5,5.84595254760882,2,0.65836658493037
"KRT8","Bin_6",-1.83106911103814,6,7.14505311374411,2,0.65836658493037
"KRT8","Bin_7",-0.542920257463733,7,8.4441536798794,2,0.65836658493037
"KRT8","Bin_8",0.281244001413819,8,9.7432542460147,2,0.65836658493037
"KRT8","Bin_9",0.401547115214118,9,11.04235481215,2,0.65836658493037
"KRT8","Bin_10",0.657214223881466,10,12.3414553782853,2,0.65836658493037
"KRT8","Bin_11",0.616899146806485,11,13.6405559444206,2,0.65836658493037
"KRT8","Bin_12",0.437285843487985,12,14.9396565105559,2,0.65836658493037
"KRT8","Bin_13",0.480376914719099,13,16.2387570766912,2,0.65836658493037
"KRT8","Bin_14",0.337526854695933,14,17.5378576428265,2,0.65836658493037
"KRT8","Bin_15",0.558931320195865,15,18.8369582089617,2,0.65836658493037
"KRT8","Bin_16",0.63043435022491,16,20.136058775097,2,0.65836658493037
"KRT8","Bin_17",1.1283079860558,17,21.4351593412323,2,0.65836658493037
"KRT8","Bin_18",0.836711331801223,18,22.7342599073676,2,0.65836658493037
"KRT8","Bin_19",0.934392965786984,19,24.0333604735029,2,0.65836658493037
"KRT8","Bin_20",0.983126647855496,20,25.3324610396382,2,0.65836658493037
"HLA-DRA","Bin_1",1.09169152157769,1,0.649550283067647,1,0.651256783765799
"HLA-DRA","Bin_2",2.0945028845767,2,1.94865084920294,1,0.651256783765799
"HLA-DRA","Bin_3",2.06573278694692,3,3.24775141533823,1,0.651256783765799
"HLA-DRA","Bin_4",2.28372496891938,4,4.54685198147353,1,0.651256783765799
"HLA-DRA","Bin_5",0.0152612443360941,5,5.84595254760882,1,0.651256783765799
"HLA-DRA","Bin_6",-0.181149572309739,6,7.14505311374411,1,0.651256783765799
"HLA-DRA","Bin_7",-0.548628427895972,7,8.4441536798794,1,0.651256783765799
"HLA-DRA","Bin_8",-0.374876824133882,8,9.7432542460147,1,0.651256783765799
"HLA-DRA","Bin_9",-0.517983283642416,9,11.04235481215,1,0.651256783765799
"HLA-DRA","Bin_10",-0.544846397719955,10,12.3414553782853,1,0.651256783765799
"HLA-DRA","Bin_11",-0.533481163569384,11,13.6405559444206,1,0.651256783765799
"HLA-DRA","Bin_12",-0.543122506579149,12,14.9396565105559,1,0.651256783765799
"HLA-DRA","Bin_13",-0.532191942646591,13,16.2387570766912,1,0.651256783765799
"HLA-DRA","Bin_14",-0.525316306521921,14,17.5378576428265,1,0.651256783765799
"HLA-DRA","Bin_15",-0.534431134802912,15,18.8369582089617,1,0.651256783765799
"HLA-DRA","Bin_16",-0.548628427895972,16,20.136058775097,1,0.651256783765799
"HLA-DRA","Bin_17",-0.548628427895972,17,21.4351593412323,1,0.651256783765799
"HLA-DRA","Bin_18",-0.525955166536562,18,22.7342599073676,1,0.651256783765799
"HLA-DRA","Bin_19",-0.545584800499753,19,24.0333604735029,1,0.651256783765799
"HLA-DRA","Bin_20",-0.546089023706601,20,25.3324610396382,1,0.651256783765799
"CNPY2","Bin_1",-0.609561173530001,1,0.649550283067647,2,0.643914760131744
"CNPY2","Bin_2",-1.38825947368961,2,1.94865084920294,2,0.643914760131744
"CNPY2","Bin_3",-1.62753661220977,3,3.24775141533823,2,0.643914760131744
"CNPY2","Bin_4",-1.6120665919888,4,4.54685198147353,2,0.643914760131744
"CNPY2","Bin_5",-1.60093225083757,5,5.84595254760882,2,0.643914760131744
"CNPY2","Bin_6",-0.203589013254883,6,7.14505311374411,2,0.643914760131744
"CNPY2","Bin_7",-0.112773487655244,7,8.4441536798794,2,0.643914760131744
"CNPY2","Bin_8",-1.25841282219711,8,9.7432542460147,2,0.643914760131744
"CNPY2","Bin_9",-0.00987827275205984,9,11.04235481215,2,0.643914760131744
"CNPY2","Bin_10",0.680585281281527,10,12.3414553782853,2,0.643914760131744
"CNPY2","Bin_11",0.689342454446229,11,13.6405559444206,2,0.643914760131744
"CNPY2","Bin_12",0.322903718293437,12,14.9396565105559,2,0.643914760131744
"CNPY2","Bin_13",0.538225637058943,13,16.2387570766912,2,0.643914760131744
"CNPY2","Bin_14",0.600899410588133,14,17.5378576428265,2,0.643914760131744
"CNPY2","Bin_15",0.723962995248588,15,18.8369582089617,2,0.643914760131744
"CNPY2","Bin_16",0.540995723903712,16,20.136058775097,2,0.643914760131744
"CNPY2","Bin_17",1.10637028424361,17,21.4351593412323,2,0.643914760131744
"CNPY2","Bin_18",0.912002155312547,18,22.7342599073676,2,0.643914760131744
"CNPY2","Bin_19",1.26310921066485,19,24.0333604735029,2,0.643914760131744
"CNPY2","Bin_20",1.04461282707347,20,25.3324610396382,2,0.643914760131744
"NUDT5","Bin_1",-1.19253665616405,1,0.649550283067647,2,0.717571420141423
"NUDT5","Bin_2",-1.36130011042409,2,1.94865084920294,2,0.717571420141423
"NUDT5","Bin_3",-1.44954128681034,3,3.24775141533823,2,0.717571420141423
"NUDT5","Bin_4",-1.15585095912657,4,4.54685198147353,2,0.717571420141423
"NUDT5","Bin_5",-1.41200101056992,5,5.84595254760882,2,0.717571420141423
"NUDT5","Bin_6",-1.45391945007457,6,7.14505311374411,2,0.717571420141423
"NUDT5","Bin_7",-0.546952225441912,7,8.4441536798794,2,0.717571420141423
"NUDT5","Bin_8",-0.286937999832911,8,9.7432542460147,2,0.717571420141423
"NUDT5","Bin_9",0.592675825465281,9,11.04235481215,2,0.717571420141423
"NUDT5","Bin_10",1.14509457647903,10,12.3414553782853,2,0.717571420141423
"NUDT5","Bin_11",0.864246550580964,11,13.6405559444206,2,0.717571420141423
"NUDT5","Bin_12",0.485727092183296,12,14.9396565105559,2,0.717571420141423
"NUDT5","Bin_13",0.609792018563768,13,16.2387570766912,2,0.717571420141423
"NUDT5","Bin_14",0.33728750732481,14,17.5378576428265,2,0.717571420141423
"NUDT5","Bin_15",0.302883841164008,15,18.8369582089617,2,0.717571420141423
"NUDT5","Bin_16",0.503892286031086,16,20.136058775097,2,0.717571420141423
"NUDT5","Bin_17",0.66242159058437,17,21.4351593412323,2,0.717571420141423
"NUDT5","Bin_18",0.822905482704297,18,22.7342599073676,2,0.717571420141423
"NUDT5","Bin_19",1.26105223248979,19,24.0333604735029,2,0.717571420141423
"NUDT5","Bin_20",1.27106069487367,20,25.3324610396382,2,0.717571420141423
"SH3YL1","Bin_1",-0.932028746044612,1,0.649550283067647,2,0.610206600532193
"SH3YL1","Bin_2",-1.09289797010898,2,1.94865084920294,2,0.610206600532193
"SH3YL1","Bin_3",-1.07590254071303,3,3.24775141533823,2,0.610206600532193
"SH3YL1","Bin_4",-1.46282882781477,4,4.54685198147353,2,0.610206600532193
"SH3YL1","Bin_5",-1.7173935564881,5,5.84595254760882,2,0.610206600532193
"SH3YL1","Bin_6",-0.0317558648337094,6,7.14505311374411,2,0.610206600532193
"SH3YL1","Bin_7",-1.16648274902936,7,8.4441536798794,2,0.610206600532193
"SH3YL1","Bin_8",-0.831910764948655,8,9.7432542460147,2,0.610206600532193
"SH3YL1","Bin_9",-0.138185967262686,9,11.04235481215,2,0.610206600532193
"SH3YL1","Bin_10",-0.0795633841725825,10,12.3414553782853,2,0.610206600532193
"SH3YL1","Bin_11",0.325800913122751,11,13.6405559444206,2,0.610206600532193
"SH3YL1","Bin_12",0.531602128273062,12,14.9396565105559,2,0.610206600532193
"SH3YL1","Bin_13",0.357013999385698,13,16.2387570766912,2,0.610206600532193
"SH3YL1","Bin_14",0.838525626967338,14,17.5378576428265,2,0.610206600532193
"SH3YL1","Bin_15",1.03374787308894,15,18.8369582089617,2,0.610206600532193
"SH3YL1","Bin_16",0.863206001941584,16,20.136058775097,2,0.610206600532193
"SH3YL1","Bin_17",1.51007848433062,17,21.4351593412323,2,0.610206600532193
"SH3YL1","Bin_18",1.3472451527487,18,22.7342599073676,2,0.610206600532193
"SH3YL1","Bin_19",0.852055965026648,19,24.0333604735029,2,0.610206600532193
"SH3YL1","Bin_20",0.869674226531143,20,25.3324610396382,2,0.610206600532193
"SOD1","Bin_1",-0.602944226743723,1,0.649550283067647,2,0.725374761923121
"SOD1","Bin_2",-1.40590665558054,2,1.94865084920294,2,0.725374761923121
"SOD1","Bin_3",-1.41707904646705,3,3.24775141533823,2,0.725374761923121
"SOD1","Bin_4",-0.995885721185151,4,4.54685198147353,2,0.725374761923121
"SOD1","Bin_5",-1.46674887709148,5,5.84595254760882,2,0.725374761923121
"SOD1","Bin_6",-1.36524017498506,6,7.14505311374411,2,0.725374761923121
"SOD1","Bin_7",-1.2357494584634,7,8.4441536798794,2,0.725374761923121
"SOD1","Bin_8",-0.409751707400451,8,9.7432542460147,2,0.725374761923121
"SOD1","Bin_9",0.822638328142452,9,11.04235481215,2,0.725374761923121
"SOD1","Bin_10",0.948500621924876,10,12.3414553782853,2,0.725374761923121
"SOD1","Bin_11",0.712055733119459,11,13.6405559444206,2,0.725374761923121
"SOD1","Bin_12",0.614935290551751,12,14.9396565105559,2,0.725374761923121
"SOD1","Bin_13",0.334659940199886,13,16.2387570766912,2,0.725374761923121
"SOD1","Bin_14",0.139225607465685,14,17.5378576428265,2,0.725374761923121
"SOD1","Bin_15",0.465943185174827,15,18.8369582089617,2,0.725374761923121
"SOD1","Bin_16",0.484383796568678,16,20.136058775097,2,0.725374761923121
"SOD1","Bin_17",0.863739772028702,17,21.4351593412323,2,0.725374761923121
"SOD1","Bin_18",0.999913887395597,18,22.7342599073676,2,0.725374761923121
"SOD1","Bin_19",1.23577003034356,19,24.0333604735029,2,0.725374761923121
"SOD1","Bin_20",1.27753967500138,20,25.3324610396382,2,0.725374761923121
"ERH","Bin_1",-0.587047405578391,1,0.649550283067647,2,0.723478324369629
"ERH","Bin_2",-1.14589575185349,2,1.94865084920294,2,0.723478324369629
"ERH","Bin_3",-1.23682046934027,3,3.24775141533823,2,0.723478324369629
"ERH","Bin_4",-1.29659104456704,4,4.54685198147353,2,0.723478324369629
"ERH","Bin_5",-1.37844832793282,5,5.84595254760882,2,0.723478324369629
"ERH","Bin_6",-1.4903769359164,6,7.14505311374411,2,0.723478324369629
"ERH","Bin_7",-1.39420292988826,7,8.4441536798794,2,0.723478324369629
"ERH","Bin_8",-0.258444997120219,8,9.7432542460147,2,0.723478324369629
"ERH","Bin_9",0.672208645719431,9,11.04235481215,2,0.723478324369629
"ERH","Bin_10",0.768803446503299,10,12.3414553782853,2,0.723478324369629
"ERH","Bin_11",0.710573648087633,11,13.6405559444206,2,0.723478324369629
"ERH","Bin_12",0.407951144411706,12,14.9396565105559,2,0.723478324369629
"ERH","Bin_13",0.410089911795835,13,16.2387570766912,2,0.723478324369629
"ERH","Bin_14",0.295833380509964,14,17.5378576428265,2,0.723478324369629
"ERH","Bin_15",0.333773166015663,15,18.8369582089617,2,0.723478324369629
"ERH","Bin_16",0.501278355896393,16,20.136058775097,2,0.723478324369629
"ERH","Bin_17",0.913661424341664,17,21.4351593412323,2,0.723478324369629
"ERH","Bin_18",1.05406729347605,18,22.7342599073676,2,0.723478324369629
"ERH","Bin_19",1.46688094272375,19,24.0333604735029,2,0.723478324369629
"ERH","Bin_20",1.2527065027155,20,25.3324610396382,2,0.723478324369629
"RPL36","Bin_1",1.08254263082665,1,0.649550283067647,1,0.414456370543364
"RPL36","Bin_2",1.43838529258219,2,1.94865084920294,1,0.414456370543364
"RPL36","Bin_3",1.53763050049297,3,3.24775141533823,1,0.414456370543364
"RPL36","Bin_4",0.882892443777607,4,4.54685198147353,1,0.414456370543364
"RPL36","Bin_5",0.879741899262961,5,5.84595254760882,1,0.414456370543364
"RPL36","Bin_6",-2.55973198367924,6,7.14505311374411,1,0.414456370543364
"RPL36","Bin_7",-1.39001567379862,7,8.4441536798794,1,0.414456370543364
"RPL36","Bin_8",-1.74316653369148,8,9.7432542460147,1,0.414456370543364
"RPL36","Bin_9",0.00319969746481853,9,11.04235481215,1,0.414456370543364
"RPL36","Bin_10",-0.0177801551915937,10,12.3414553782853,1,0.414456370543364
"RPL36","Bin_11",0.0154050907661033,11,13.6405559444206,1,0.414456370543364
"RPL36","Bin_12",0.206115993504205,12,14.9396565105559,1,0.414456370543364
"RPL36","Bin_13",0.131218948853207,13,16.2387570766912,1,0.414456370543364
"RPL36","Bin_14",0.144061154992049,14,17.5378576428265,1,0.414456370543364
"RPL36","Bin_15",0.18722822179198,15,18.8369582089617,1,0.414456370543364
"RPL36","Bin_16",0.0376650616701615,16,20.136058775097,1,0.414456370543364
"RPL36","Bin_17",-0.215811470397202,17,21.4351593412323,1,0.414456370543364
"RPL36","Bin_18",-0.114739627510007,18,22.7342599073676,1,0.414456370543364
"RPL36","Bin_19",-0.169562490796819,19,24.0333604735029,1,0.414456370543364
"RPL36","Bin_20",-0.335279000919928,20,25.3324610396382,1,0.414456370543364
"TSEN34","Bin_1",-1.16915529813195,1,0.649550283067647,2,0.69274896957036
"TSEN34","Bin_2",-1.43969647403129,2,1.94865084920294,2,0.69274896957036
"TSEN34","Bin_3",-1.46570707976061,3,3.24775141533823,2,0.69274896957036
"TSEN34","Bin_4",-1.43549174861879,4,4.54685198147353,2,0.69274896957036
"TSEN34","Bin_5",-1.31776702134507,5,5.84595254760882,2,0.69274896957036
"TSEN34","Bin_6",-1.46657222864084,6,7.14505311374411,2,0.69274896957036
"TSEN34","Bin_7",-0.511317998343141,7,8.4441536798794,2,0.69274896957036
"TSEN34","Bin_8",-0.308768975584464,8,9.7432542460147,2,0.69274896957036
"TSEN34","Bin_9",0.552265012311137,9,11.04235481215,2,0.69274896957036
"TSEN34","Bin_10",0.978338137405686,10,12.3414553782853,2,0.69274896957036
"TSEN34","Bin_11",0.946684893275868,11,13.6405559444206,2,0.69274896957036
"TSEN34","Bin_12",0.828454349808806,12,14.9396565105559,2,0.69274896957036
"TSEN34","Bin_13",0.79797930238478,13,16.2387570766912,2,0.69274896957036
"TSEN34","Bin_14",0.700084555980806,14,17.5378576428265,2,0.69274896957036
"TSEN34","Bin_15",0.730160483542173,15,18.8369582089617,2,0.69274896957036
"TSEN34","Bin_16",0.845462152651085,16,20.136058775097,2,0.69274896957036
"TSEN34","Bin_17",0.739794837038308,17,21.4351593412323,2,0.69274896957036
"TSEN34","Bin_18",0.665851103179533,18,22.7342599073676,2,0.69274896957036
"TSEN34","Bin_19",0.582671026458014,19,24.0333604735029,2,0.69274896957036
"TSEN34","Bin_20",0.746730970419961,20,25.3324610396382,2,0.69274896957036
"TMEM213","Bin_1",-1.39860145595176,1,0.649550283067647,2,0.609318011220502
"TMEM213","Bin_2",-1.21330791220558,2,1.94865084920294,2,0.609318011220502
"TMEM213","Bin_3",-1.3347078384344,3,3.24775141533823,2,0.609318011220502
"TMEM213","Bin_4",-1.41176833215058,4,4.54685198147353,2,0.609318011220502
"TMEM213","Bin_5",-1.39467620990017,5,5.84595254760882,2,0.609318011220502
"TMEM213","Bin_6",-0.33669246189187,6,7.14505311374411,2,0.609318011220502
"TMEM213","Bin_7",-0.299099246966065,7,8.4441536798794,2,0.609318011220502
"TMEM213","Bin_8",-0.903077987362917,8,9.7432542460147,2,0.609318011220502
"TMEM213","Bin_9",-0.0295454973894004,9,11.04235481215,2,0.609318011220502
"TMEM213","Bin_10",0.0282258674871217,10,12.3414553782853,2,0.609318011220502
"TMEM213","Bin_11",0.538207188957807,11,13.6405559444206,2,0.609318011220502
"TMEM213","Bin_12",0.133006458931573,12,14.9396565105559,2,0.609318011220502
"TMEM213","Bin_13",1.11096323799363,13,16.2387570766912,2,0.609318011220502
"TMEM213","Bin_14",1.41924065037449,14,17.5378576428265,2,0.609318011220502
"TMEM213","Bin_15",0.685719567456363,15,18.8369582089617,2,0.609318011220502
"TMEM213","Bin_16",0.409823492196543,16,20.136058775097,2,0.609318011220502
"TMEM213","Bin_17",0.498988762830611,17,21.4351593412323,2,0.609318011220502
"TMEM213","Bin_18",1.14262586962241,18,22.7342599073676,2,0.609318011220502
"TMEM213","Bin_19",1.57183707304008,19,24.0333604735029,2,0.609318011220502
"TMEM213","Bin_20",0.782838773362107,20,25.3324610396382,2,0.609318011220502
"MMADHC","Bin_1",-0.866103213946218,1,0.649550283067647,2,0.730679024582868
"MMADHC","Bin_2",-1.02337205238291,2,1.94865084920294,2,0.730679024582868
"MMADHC","Bin_3",-1.15710596486712,3,3.24775141533823,2,0.730679024582868
"MMADHC","Bin_4",-1.20042185720721,4,4.54685198147353,2,0.730679024582868
"MMADHC","Bin_5",-1.33114097460135,5,5.84595254760882,2,0.730679024582868
"MMADHC","Bin_6",-1.37511860501865,6,7.14505311374411,2,0.730679024582868
"MMADHC","Bin_7",-1.17641155676813,7,8.4441536798794,2,0.730679024582868
"MMADHC","Bin_8",-1.17006598762119,8,9.7432542460147,2,0.730679024582868
"MMADHC","Bin_9",0.551368526441902,9,11.04235481215,2,0.730679024582868
"MMADHC","Bin_10",0.710350909917937,10,12.3414553782853,2,0.730679024582868
"MMADHC","Bin_11",0.762265201337245,11,13.6405559444206,2,0.730679024582868
"MMADHC","Bin_12",0.50780222753007,12,14.9396565105559,2,0.730679024582868
"MMADHC","Bin_13",0.600556922659979,13,16.2387570766912,2,0.730679024582868
"MMADHC","Bin_14",0.496251447003806,14,17.5378576428265,2,0.730679024582868
"MMADHC","Bin_15",0.593281543154984,15,18.8369582089617,2,0.730679024582868
"MMADHC","Bin_16",0.642851845413181,16,20.136058775097,2,0.730679024582868
"MMADHC","Bin_17",0.965818957480899,17,21.4351593412323,2,0.730679024582868
"MMADHC","Bin_18",0.994743297577954,18,22.7342599073676,2,0.730679024582868
"MMADHC","Bin_19",1.19648690412733,19,24.0333604735029,2,0.730679024582868
"MMADHC","Bin_20",1.2779624297675,20,25.3324610396382,2,0.730679024582868
"ETFB","Bin_1",-0.828415744541628,1,0.649550283067647,2,0.724517490732241
"ETFB","Bin_2",-1.27926268848918,2,1.94865084920294,2,0.724517490732241
"ETFB","Bin_3",-1.29617240041503,3,3.24775141533823,2,0.724517490732241
"ETFB","Bin_4",-1.30964396965129,4,4.54685198147353,2,0.724517490732241
"ETFB","Bin_5",-1.33725752078725,5,5.84595254760882,2,0.724517490732241
"ETFB","Bin_6",-1.53978195692179,6,7.14505311374411,2,0.724517490732241
"ETFB","Bin_7",-0.7232788983215,7,8.4441536798794,2,0.724517490732241
"ETFB","Bin_8",-0.980018508988612,8,9.7432542460147,2,0.724517490732241
"ETFB","Bin_9",0.450098159870004,9,11.04235481215,2,0.724517490732241
"ETFB","Bin_10",0.749177024761458,10,12.3414553782853,2,0.724517490732241
"ETFB","Bin_11",0.704915753489184,11,13.6405559444206,2,0.724517490732241
"ETFB","Bin_12",0.736549743478838,12,14.9396565105559,2,0.724517490732241
"ETFB","Bin_13",0.623692652539094,13,16.2387570766912,2,0.724517490732241
"ETFB","Bin_14",0.532102790901469,14,17.5378576428265,2,0.724517490732241
"ETFB","Bin_15",0.741072775666982,15,18.8369582089617,2,0.724517490732241
"ETFB","Bin_16",0.90736292657592,16,20.136058775097,2,0.724517490732241
"ETFB","Bin_17",0.860376412379044,17,21.4351593412323,2,0.724517490732241
"ETFB","Bin_18",1.05060413707915,18,22.7342599073676,2,0.724517490732241
"ETFB","Bin_19",0.78234380659436,19,24.0333604735029,2,0.724517490732241
"ETFB","Bin_20",1.15553550478078,20,25.3324610396382,2,0.724517490732241
"ATP5F1B","Bin_1",-0.906040122951985,1,0.649550283067647,2,0.705218139763356
"ATP5F1B","Bin_2",-1.33416544694025,2,1.94865084920294,2,0.705218139763356
"ATP5F1B","Bin_3",-1.29470303563238,3,3.24775141533823,2,0.705218139763356
"ATP5F1B","Bin_4",-1.45800177747816,4,4.54685198147353,2,0.705218139763356
"ATP5F1B","Bin_5",-1.47654719562471,5,5.84595254760882,2,0.705218139763356
"ATP5F1B","Bin_6",-1.38789454194746,6,7.14505311374411,2,0.705218139763356
"ATP5F1B","Bin_7",-0.710238663856189,7,8.4441536798794,2,0.705218139763356
"ATP5F1B","Bin_8",-0.363756167448418,8,9.7432542460147,2,0.705218139763356
"ATP5F1B","Bin_9",0.870071081843129,9,11.04235481215,2,0.705218139763356
"ATP5F1B","Bin_10",1.02827638864784,10,12.3414553782853,2,0.705218139763356
"ATP5F1B","Bin_11",0.797774998232245,11,13.6405559444206,2,0.705218139763356
"ATP5F1B","Bin_12",0.503154758875192,12,14.9396565105559,2,0.705218139763356
"ATP5F1B","Bin_13",0.982865841958086,13,16.2387570766912,2,0.705218139763356
"ATP5F1B","Bin_14",0.528429846576672,14,17.5378576428265,2,0.705218139763356
"ATP5F1B","Bin_15",0.320448112415495,15,18.8369582089617,2,0.705218139763356
"ATP5F1B","Bin_16",0.459828335018935,16,20.136058775097,2,0.705218139763356
"ATP5F1B","Bin_17",0.345947561337647,17,21.4351593412323,2,0.705218139763356
"ATP5F1B","Bin_18",0.60297894699069,18,22.7342599073676,2,0.705218139763356
"ATP5F1B","Bin_19",1.20538969161218,19,24.0333604735029,2,0.705218139763356
"ATP5F1B","Bin_20",1.28618138837144,20,25.3324610396382,2,0.705218139763356
"CD74","Bin_1",1.82785272480652,1,0.649550283067647,1,0.653190120848313
"CD74","Bin_2",1.97223877962341,2,1.94865084920294,1,0.653190120848313
"CD74","Bin_3",1.88484632014903,3,3.24775141533823,1,0.653190120848313
"CD74","Bin_4",2.07884171660789,4,4.54685198147353,1,0.653190120848313
"CD74","Bin_5",-0.162437897375425,5,5.84595254760882,1,0.653190120848313
"CD74","Bin_6",-0.556856982360264,6,7.14505311374411,1,0.653190120848313
"CD74","Bin_7",-0.443207512721844,7,8.4441536798794,1,0.653190120848313
"CD74","Bin_8",-0.556856982360264,8,9.7432542460147,1,0.653190120848313
"CD74","Bin_9",-0.548797763118269,9,11.04235481215,1,0.653190120848313
"CD74","Bin_10",-0.522486533173723,10,12.3414553782853,1,0.653190120848313
"CD74","Bin_11",-0.482262977639896,11,13.6405559444206,1,0.653190120848313
"CD74","Bin_12",-0.482894794211938,12,14.9396565105559,1,0.653190120848313
"CD74","Bin_13",-0.513536092546878,13,16.2387570766912,1,0.653190120848313
"CD74","Bin_14",-0.492678661300808,14,17.5378576428265,1,0.653190120848313
"CD74","Bin_15",-0.495452535382588,15,18.8369582089617,1,0.653190120848313
"CD74","Bin_16",-0.516466244170621,16,20.136058775097,1,0.653190120848313
"CD74","Bin_17",-0.472026101442114,17,21.4351593412323,1,0.653190120848313
"CD74","Bin_18",-0.467330539565499,18,22.7342599073676,1,0.653190120848313
"CD74","Bin_19",-0.539983318650151,19,24.0333604735029,1,0.653190120848313
"CD74","Bin_20",-0.510504605166574,20,25.3324610396382,1,0.653190120848313
"RPL27","Bin_1",-0.390725168911268,1,0.649550283067647,2,0.568543188955581
"RPL27","Bin_2",-0.69028450649968,2,1.94865084920294,2,0.568543188955581
"RPL27","Bin_3",-0.858325870759707,3,3.24775141533823,2,0.568543188955581
"RPL27","Bin_4",-1.53947628965201,4,4.54685198147353,2,0.568543188955581
"RPL27","Bin_5",-0.757686439018165,5,5.84595254760882,2,0.568543188955581
"RPL27","Bin_6",-3.03471473234236,6,7.14505311374411,2,0.568543188955581
"RPL27","Bin_7",-0.666000415861546,7,8.4441536798794,2,0.568543188955581
"RPL27","Bin_8",0.427723978000002,8,9.7432542460147,2,0.568543188955581
"RPL27","Bin_9",0.680233188320178,9,11.04235481215,2,0.568543188955581
"RPL27","Bin_10",0.637565970877418,10,12.3414553782853,2,0.568543188955581
"RPL27","Bin_11",0.563288387439438,11,13.6405559444206,2,0.568543188955581
"RPL27","Bin_12",0.705835873960168,12,14.9396565105559,2,0.568543188955581
"RPL27","Bin_13",0.79663234193009,13,16.2387570766912,2,0.568543188955581
"RPL27","Bin_14",0.797439005270315,14,17.5378576428265,2,0.568543188955581
"RPL27","Bin_15",0.721226327764366,15,18.8369582089617,2,0.568543188955581
"RPL27","Bin_16",0.55847972272272,16,20.136058775097,2,0.568543188955581
"RPL27","Bin_17",0.437952855213057,17,21.4351593412323,2,0.568543188955581
"RPL27","Bin_18",0.604062564108319,18,22.7342599073676,2,0.568543188955581
"RPL27","Bin_19",0.543690731601082,19,24.0333604735029,2,0.568543188955581
"RPL27","Bin_20",0.463082475837578,20,25.3324610396382,2,0.568543188955581
"TTYH1","Bin_1",-1.5858989206985,1,0.649550283067647,2,0.657644238189721
"TTYH1","Bin_2",-1.42659588760075,2,1.94865084920294,2,0.657644238189721
"TTYH1","Bin_3",-1.43555960392386,3,3.24775141533823,2,0.657644238189721
"TTYH1","Bin_4",-1.36183451302935,4,4.54685198147353,2,0.657644238189721
"TTYH1","Bin_5",-1.18612707501745,5,5.84595254760882,2,0.657644238189721
"TTYH1","Bin_6",-0.780788302384749,6,7.14505311374411,2,0.657644238189721
"TTYH1","Bin_7",-0.541367559921143,7,8.4441536798794,2,0.657644238189721
"TTYH1","Bin_8",-0.877211027658152,8,9.7432542460147,2,0.657644238189721
"TTYH1","Bin_9",1.01040815328215,9,11.04235481215,2,0.657644238189721
"TTYH1","Bin_10",0.913712704313927,10,12.3414553782853,2,0.657644238189721
"TTYH1","Bin_11",0.717239545606532,11,13.6405559444206,2,0.657644238189721
"TTYH1","Bin_12",0.86174096460671,12,14.9396565105559,2,0.657644238189721
"TTYH1","Bin_13",1.04507979201563,13,16.2387570766912,2,0.657644238189721
"TTYH1","Bin_14",0.845340811815679,14,17.5378576428265,2,0.657644238189721
"TTYH1","Bin_15",0.605009351278941,15,18.8369582089617,2,0.657644238189721
"TTYH1","Bin_16",0.510064503021123,16,20.136058775097,2,0.657644238189721
"TTYH1","Bin_17",0.41756891815764,17,21.4351593412323,2,0.657644238189721
"TTYH1","Bin_18",0.856219023956238,18,22.7342599073676,2,0.657644238189721
"TTYH1","Bin_19",0.749159190607752,19,24.0333604735029,2,0.657644238189721
"TTYH1","Bin_20",0.663839931571635,20,25.3324610396382,2,0.657644238189721
"DNASE2","Bin_1",-0.730276113956899,1,0.649550283067647,2,0.660344070286595
"DNASE2","Bin_2",-1.09830702266149,2,1.94865084920294,2,0.660344070286595
"DNASE2","Bin_3",-1.35273600935323,3,3.24775141533823,2,0.660344070286595
"DNASE2","Bin_4",-1.01889442549905,4,4.54685198147353,2,0.660344070286595
"DNASE2","Bin_5",-1.36396472710016,5,5.84595254760882,2,0.660344070286595
"DNASE2","Bin_6",-1.45197129156541,6,7.14505311374411,2,0.660344070286595
"DNASE2","Bin_7",-0.182342460542115,7,8.4441536798794,2,0.660344070286595
"DNASE2","Bin_8",-0.6088484076461,8,9.7432542460147,2,0.660344070286595
"DNASE2","Bin_9",-0.245916646288809,9,11.04235481215,2,0.660344070286595
"DNASE2","Bin_10",0.25775317216793,10,12.3414553782853,2,0.660344070286595
"DNASE2","Bin_11",0.568303022006827,11,13.6405559444206,2,0.660344070286595
"DNASE2","Bin_12",0.0745232738591877,12,14.9396565105559,2,0.660344070286595
"DNASE2","Bin_13",0.0580018469940551,13,16.2387570766912,2,0.660344070286595
"DNASE2","Bin_14",0.266409916757994,14,17.5378576428265,2,0.660344070286595
"DNASE2","Bin_15",0.350119741261891,15,18.8369582089617,2,0.660344070286595
"DNASE2","Bin_16",0.423248456916067,16,20.136058775097,2,0.660344070286595
"DNASE2","Bin_17",1.54799906139487,17,21.4351593412323,2,0.660344070286595
"DNASE2","Bin_18",1.39735185139709,18,22.7342599073676,2,0.660344070286595
"DNASE2","Bin_19",1.50586915207244,19,24.0333604735029,2,0.660344070286595
"DNASE2","Bin_20",1.60367760978489,20,25.3324610396382,2,0.660344070286595
"CRABP2","Bin_1",-0.772010266171819,1,0.649550283067647,2,0.657286202772105
"CRABP2","Bin_2",-1.51583781662198,2,1.94865084920294,2,0.657286202772105
"CRABP2","Bin_3",-1.61963448044179,3,3.24775141533823,2,0.657286202772105
"CRABP2","Bin_4",-1.69466391929743,4,4.54685198147353,2,0.657286202772105
"CRABP2","Bin_5",-1.65466129420646,5,5.84595254760882,2,0.657286202772105
"CRABP2","Bin_6",-1.09841361403202,6,7.14505311374411,2,0.657286202772105
"CRABP2","Bin_7",-0.56107689585027,7,8.4441536798794,2,0.657286202772105
"CRABP2","Bin_8",0.548172356430178,8,9.7432542460147,2,0.657286202772105
"CRABP2","Bin_9",0.767609169527986,9,11.04235481215,2,0.657286202772105
"CRABP2","Bin_10",0.987414707861512,10,12.3414553782853,2,0.657286202772105
"CRABP2","Bin_11",0.786635421023877,11,13.6405559444206,2,0.657286202772105
"CRABP2","Bin_12",0.690465471911389,12,14.9396565105559,2,0.657286202772105
"CRABP2","Bin_13",0.709746758896364,13,16.2387570766912,2,0.657286202772105
"CRABP2","Bin_14",0.464262813453036,14,17.5378576428265,2,0.657286202772105
"CRABP2","Bin_15",0.601902761389974,15,18.8369582089617,2,0.657286202772105
"CRABP2","Bin_16",0.570050550260201,16,20.136058775097,2,0.657286202772105
"CRABP2","Bin_17",0.663123694608818,17,21.4351593412323,2,0.657286202772105
"CRABP2","Bin_18",0.648040709263549,18,22.7342599073676,2,0.657286202772105
"CRABP2","Bin_19",0.865768424604812,19,24.0333604735029,2,0.657286202772105
"CRABP2","Bin_20",0.613105447390068,20,25.3324610396382,2,0.657286202772105
"SPINT2","Bin_1",0.375569066168444,1,0.649550283067647,2,0.661822923006901
"SPINT2","Bin_2",-0.8944105406533,2,1.94865084920294,2,0.661822923006901
"SPINT2","Bin_3",-1.04851483165888,3,3.24775141533823,2,0.661822923006901
"SPINT2","Bin_4",-1.25343589349165,4,4.54685198147353,2,0.661822923006901
"SPINT2","Bin_5",-1.89290609966752,5,5.84595254760882,2,0.661822923006901
"SPINT2","Bin_6",-1.94962700350528,6,7.14505311374411,2,0.661822923006901
"SPINT2","Bin_7",-0.908433610119846,7,8.4441536798794,2,0.661822923006901
"SPINT2","Bin_8",-0.699097068480501,8,9.7432542460147,2,0.661822923006901
"SPINT2","Bin_9",0.32692673403231,9,11.04235481215,2,0.661822923006901
"SPINT2","Bin_10",0.503316652941121,10,12.3414553782853,2,0.661822923006901
"SPINT2","Bin_11",0.614006725739985,11,13.6405559444206,2,0.661822923006901
"SPINT2","Bin_12",0.533314593706131,12,14.9396565105559,2,0.661822923006901
"SPINT2","Bin_13",0.334285293880579,13,16.2387570766912,2,0.661822923006901
"SPINT2","Bin_14",0.383694771436501,14,17.5378576428265,2,0.661822923006901
"SPINT2","Bin_15",0.644512775098535,15,18.8369582089617,2,0.661822923006901
"SPINT2","Bin_16",0.759441382876,16,20.136058775097,2,0.661822923006901
"SPINT2","Bin_17",1.26512205208303,17,21.4351593412323,2,0.661822923006901
"SPINT2","Bin_18",0.987554957279059,18,22.7342599073676,2,0.661822923006901
"SPINT2","Bin_19",0.98328373500573,19,24.0333604735029,2,0.661822923006901
"SPINT2","Bin_20",0.935396307329546,20,25.3324610396382,2,0.661822923006901
"TMEM167A","Bin_1",-1.01167587658055,1,0.649550283067647,2,0.726750325580482
"TMEM167A","Bin_2",-1.32415909219942,2,1.94865084920294,2,0.726750325580482
"TMEM167A","Bin_3",-1.37499839339614,3,3.24775141533823,2,0.726750325580482
"TMEM167A","Bin_4",-1.04993815046264,4,4.54685198147353,2,0.726750325580482
"TMEM167A","Bin_5",-1.45398863529386,5,5.84595254760882,2,0.726750325580482
"TMEM167A","Bin_6",-1.44665519883661,6,7.14505311374411,2,0.726750325580482
"TMEM167A","Bin_7",-0.619519408292441,7,8.4441536798794,2,0.726750325580482
"TMEM167A","Bin_8",-0.615207580654346,8,9.7432542460147,2,0.726750325580482
"TMEM167A","Bin_9",0.698850648825379,9,11.04235481215,2,0.726750325580482
"TMEM167A","Bin_10",0.588796170269141,10,12.3414553782853,2,0.726750325580482
"TMEM167A","Bin_11",0.702922730628104,11,13.6405559444206,2,0.726750325580482
"TMEM167A","Bin_12",0.397236415976307,12,14.9396565105559,2,0.726750325580482
"TMEM167A","Bin_13",0.491524186078462,13,16.2387570766912,2,0.726750325580482
"TMEM167A","Bin_14",0.349904795833333,14,17.5378576428265,2,0.726750325580482
"TMEM167A","Bin_15",0.361817206923339,15,18.8369582089617,2,0.726750325580482
"TMEM167A","Bin_16",0.495137771927638,16,20.136058775097,2,0.726750325580482
"TMEM167A","Bin_17",0.932644841791854,17,21.4351593412323,2,0.726750325580482
"TMEM167A","Bin_18",0.974689565640335,18,22.7342599073676,2,0.726750325580482
"TMEM167A","Bin_19",1.42456518180992,19,24.0333604735029,2,0.726750325580482
"TMEM167A","Bin_20",1.4780528200122,20,25.3324610396382,2,0.726750325580482
"RPS5","Bin_1",-0.945466975906666,1,0.649550283067647,2,0.596882164080759
"RPS5","Bin_2",-0.798435871301956,2,1.94865084920294,2,0.596882164080759
"RPS5","Bin_3",-0.929684764040953,3,3.24775141533823,2,0.596882164080759
"RPS5","Bin_4",-2.05666874403806,4,4.54685198147353,2,0.596882164080759
"RPS5","Bin_5",-0.763537348922426,5,5.84595254760882,2,0.596882164080759
"RPS5","Bin_6",-2.0306213986954,6,7.14505311374411,2,0.596882164080759
"RPS5","Bin_7",-0.827953492268966,7,8.4441536798794,2,0.596882164080759
"RPS5","Bin_8",-0.121855603842539,8,9.7432542460147,2,0.596882164080759
"RPS5","Bin_9",0.791006559460198,9,11.04235481215,2,0.596882164080759
"RPS5","Bin_10",0.702684649076339,10,12.3414553782853,2,0.596882164080759
"RPS5","Bin_11",0.689717752946758,11,13.6405559444206,2,0.596882164080759
"RPS5","Bin_12",0.841008550201802,12,14.9396565105559,2,0.596882164080759
"RPS5","Bin_13",1.08093070651711,13,16.2387570766912,2,0.596882164080759
"RPS5","Bin_14",1.17769919452042,14,17.5378576428265,2,0.596882164080759
"RPS5","Bin_15",0.967295202197495,15,18.8369582089617,2,0.596882164080759
"RPS5","Bin_16",0.795419089914892,16,20.136058775097,2,0.596882164080759
"RPS5","Bin_17",0.367939100115043,17,21.4351593412323,2,0.596882164080759
"RPS5","Bin_18",0.497480694316347,18,22.7342599073676,2,0.596882164080759
"RPS5","Bin_19",0.276621688371775,19,24.0333604735029,2,0.596882164080759
"RPS5","Bin_20",0.286421011378779,20,25.3324610396382,2,0.596882164080759
"NDUFB5","Bin_1",-0.859670806970867,1,0.649550283067647,2,0.722567528873049
"NDUFB5","Bin_2",-1.31954131820954,2,1.94865084920294,2,0.722567528873049
"NDUFB5","Bin_3",-1.43074209564432,3,3.24775141533823,2,0.722567528873049
"NDUFB5","Bin_4",-1.30833207784628,4,4.54685198147353,2,0.722567528873049
"NDUFB5","Bin_5",-1.28256981287363,5,5.84595254760882,2,0.722567528873049
"NDUFB5","Bin_6",-1.57532080836865,6,7.14505311374411,2,0.722567528873049
"NDUFB5","Bin_7",-1.07127041474638,7,8.4441536798794,2,0.722567528873049
"NDUFB5","Bin_8",-0.432276690798506,8,9.7432542460147,2,0.722567528873049
"NDUFB5","Bin_9",0.811778798002123,9,11.04235481215,2,0.722567528873049
"NDUFB5","Bin_10",0.950878287489364,10,12.3414553782853,2,0.722567528873049
"NDUFB5","Bin_11",0.899231548014533,11,13.6405559444206,2,0.722567528873049
"NDUFB5","Bin_12",0.721633778155445,12,14.9396565105559,2,0.722567528873049
"NDUFB5","Bin_13",0.679848442710299,13,16.2387570766912,2,0.722567528873049
"NDUFB5","Bin_14",0.702946328824712,14,17.5378576428265,2,0.722567528873049
"NDUFB5","Bin_15",0.650585387159517,15,18.8369582089617,2,0.722567528873049
"NDUFB5","Bin_16",0.683629186494789,16,20.136058775097,2,0.722567528873049
"NDUFB5","Bin_17",0.674115076375666,17,21.4351593412323,2,0.722567528873049
"NDUFB5","Bin_18",0.76927384851975,18,22.7342599073676,2,0.722567528873049
"NDUFB5","Bin_19",0.805724756597316,19,24.0333604735029,2,0.722567528873049
"NDUFB5","Bin_20",0.930078587114649,20,25.3324610396382,2,0.722567528873049
"CCSER2","Bin_1",-0.808004234737251,1,0.649550283067647,2,0.613509546517085
"CCSER2","Bin_2",-1.07535250134988,2,1.94865084920294,2,0.613509546517085
"CCSER2","Bin_3",-1.14486251440063,3,3.24775141533823,2,0.613509546517085
"CCSER2","Bin_4",-1.29072671234185,4,4.54685198147353,2,0.613509546517085
"CCSER2","Bin_5",-1.48830683216527,5,5.84595254760882,2,0.613509546517085
"CCSER2","Bin_6",-1.02851274382209,6,7.14505311374411,2,0.613509546517085
"CCSER2","Bin_7",0.304063282276397,7,8.4441536798794,2,0.613509546517085
"CCSER2","Bin_8",-1.64717027909224,8,9.7432542460147,2,0.613509546517085
"CCSER2","Bin_9",-0.306927946474264,9,11.04235481215,2,0.613509546517085
"CCSER2","Bin_10",0.164740562235648,10,12.3414553782853,2,0.613509546517085
"CCSER2","Bin_11",0.607827742444589,11,13.6405559444206,2,0.613509546517085
"CCSER2","Bin_12",0.458645560260059,12,14.9396565105559,2,0.613509546517085
"CCSER2","Bin_13",0.19264303142661,13,16.2387570766912,2,0.613509546517085
"CCSER2","Bin_14",0.76666459557941,14,17.5378576428265,2,0.613509546517085
"CCSER2","Bin_15",0.87630731770266,15,18.8369582089617,2,0.613509546517085
"CCSER2","Bin_16",0.9408635878201,16,20.136058775097,2,0.613509546517085
"CCSER2","Bin_17",1.18038627845274,17,21.4351593412323,2,0.613509546517085
"CCSER2","Bin_18",1.23555478995736,18,22.7342599073676,2,0.613509546517085
"CCSER2","Bin_19",1.26580392568601,19,24.0333604735029,2,0.613509546517085
"CCSER2","Bin_20",0.79636309054189,20,25.3324610396382,2,0.613509546517085
"PPIC","Bin_1",-0.170068751832877,1,0.649550283067647,2,0.690559814888334
"PPIC","Bin_2",-1.12353926602883,2,1.94865084920294,2,0.690559814888334
"PPIC","Bin_3",-1.36317209248079,3,3.24775141533823,2,0.690559814888334
"PPIC","Bin_4",-1.18784249277899,4,4.54685198147353,2,0.690559814888334
"PPIC","Bin_5",-1.40308615674462,5,5.84595254760882,2,0.690559814888334
"PPIC","Bin_6",-1.68709830734588,6,7.14505311374411,2,0.690559814888334
"PPIC","Bin_7",-0.756899225238333,7,8.4441536798794,2,0.690559814888334
"PPIC","Bin_8",-0.573025225633785,8,9.7432542460147,2,0.690559814888334
"PPIC","Bin_9",0.0860177299770134,9,11.04235481215,2,0.690559814888334
"PPIC","Bin_10",0.468443259477321,10,12.3414553782853,2,0.690559814888334
"PPIC","Bin_11",0.38820353680067,11,13.6405559444206,2,0.690559814888334
"PPIC","Bin_12",0.294658768282537,12,14.9396565105559,2,0.690559814888334
"PPIC","Bin_13",0.139400247772319,13,16.2387570766912,2,0.690559814888334
"PPIC","Bin_14",0.323214957580038,14,17.5378576428265,2,0.690559814888334
"PPIC","Bin_15",0.453816261364447,15,18.8369582089617,2,0.690559814888334
"PPIC","Bin_16",0.716106369888299,16,20.136058775097,2,0.690559814888334
"PPIC","Bin_17",1.38461701425647,17,21.4351593412323,2,0.690559814888334
"PPIC","Bin_18",1.34522560788014,18,22.7342599073676,2,0.690559814888334
"PPIC","Bin_19",1.06953299055555,19,24.0333604735029,2,0.690559814888334
"PPIC","Bin_20",1.59549477424929,20,25.3324610396382,2,0.690559814888334
"OST4","Bin_1",-0.415308634621255,1,0.649550283067647,2,0.689702049634953
"OST4","Bin_2",-0.9916007004081,2,1.94865084920294,2,0.689702049634953
"OST4","Bin_3",-1.00764813976899,3,3.24775141533823,2,0.689702049634953
"OST4","Bin_4",-1.40264942253879,4,4.54685198147353,2,0.689702049634953
"OST4","Bin_5",-1.27372503407277,5,5.84595254760882,2,0.689702049634953
"OST4","Bin_6",-2.06119744235771,6,7.14505311374411,2,0.689702049634953
"OST4","Bin_7",-1.28375933477669,7,8.4441536798794,2,0.689702049634953
"OST4","Bin_8",-0.4848957185396,8,9.7432542460147,2,0.689702049634953
"OST4","Bin_9",0.745831972837631,9,11.04235481215,2,0.689702049634953
"OST4","Bin_10",0.690566869091258,10,12.3414553782853,2,0.689702049634953
"OST4","Bin_11",0.663685181832204,11,13.6405559444206,2,0.689702049634953
"OST4","Bin_12",0.907177175221697,12,14.9396565105559,2,0.689702049634953
"OST4","Bin_13",0.326666697193465,13,16.2387570766912,2,0.689702049634953
"OST4","Bin_14",0.42650861172216,14,17.5378576428265,2,0.689702049634953
"OST4","Bin_15",0.937280425960444,15,18.8369582089617,2,0.689702049634953
"OST4","Bin_16",0.776564595690629,16,20.136058775097,2,0.689702049634953
"OST4","Bin_17",0.989767373608061,17,21.4351593412323,2,0.689702049634953
"OST4","Bin_18",0.988988435803647,18,22.7342599073676,2,0.689702049634953
"OST4","Bin_19",0.680246340774342,19,24.0333604735029,2,0.689702049634953
"OST4","Bin_20",0.787500747348372,20,25.3324610396382,2,0.689702049634953
"PAM","Bin_1",-1.14833087806623,1,0.649550283067647,2,0.617164516498096
"PAM","Bin_2",-1.14493180122135,2,1.94865084920294,2,0.617164516498096
"PAM","Bin_3",-1.28229925865324,3,3.24775141533823,2,0.617164516498096
"PAM","Bin_4",-0.824094193280182,4,4.54685198147353,2,0.617164516498096
"PAM","Bin_5",-1.58425388185136,5,5.84595254760882,2,0.617164516498096
"PAM","Bin_6",-1.06739400477514,6,7.14505311374411,2,0.617164516498096
"PAM","Bin_7",0.537140042683644,7,8.4441536798794,2,0.617164516498096
"PAM","Bin_8",-1.16315610929126,8,9.7432542460147,2,0.617164516498096
"PAM","Bin_9",-0.196916899967426,9,11.04235481215,2,0.617164516498096
"PAM","Bin_10",0.205823537064951,10,12.3414553782853,2,0.617164516498096
"PAM","Bin_11",0.333994925137353,11,13.6405559444206,2,0.617164516498096
"PAM","Bin_12",0.299489489226716,12,14.9396565105559,2,0.617164516498096
"PAM","Bin_13",0.230693605296443,13,16.2387570766912,2,0.617164516498096
"PAM","Bin_14",0.321443391276252,14,17.5378576428265,2,0.617164516498096
"PAM","Bin_15",0.451836511050946,15,18.8369582089617,2,0.617164516498096
"PAM","Bin_16",0.393484281901263,16,20.136058775097,2,0.617164516498096
"PAM","Bin_17",1.3245953089002,17,21.4351593412323,2,0.617164516498096
"PAM","Bin_18",1.39671629223228,18,22.7342599073676,2,0.617164516498096
"PAM","Bin_19",1.43438883235172,19,24.0333604735029,2,0.617164516498096
"PAM","Bin_20",1.48177080998443,20,25.3324610396382,2,0.617164516498096
"CSRP2","Bin_1",-1.46210305351612,1,0.649550283067647,2,0.671380377609281
"CSRP2","Bin_2",-0.982088616517939,2,1.94865084920294,2,0.671380377609281
"CSRP2","Bin_3",-1.35406165153684,3,3.24775141533823,2,0.671380377609281
"CSRP2","Bin_4",-0.886262819644768,4,4.54685198147353,2,0.671380377609281
"CSRP2","Bin_5",-0.975437397333331,5,5.84595254760882,2,0.671380377609281
"CSRP2","Bin_6",-1.05487088575199,6,7.14505311374411,2,0.671380377609281
"CSRP2","Bin_7",-1.57356115445546,7,8.4441536798794,2,0.671380377609281
"CSRP2","Bin_8",-0.600904561138668,8,9.7432542460147,2,0.671380377609281
"CSRP2","Bin_9",-0.0402084011513252,9,11.04235481215,2,0.671380377609281
"CSRP2","Bin_10",0.202790261692976,10,12.3414553782853,2,0.671380377609281
"CSRP2","Bin_11",0.579076365366002,11,13.6405559444206,2,0.671380377609281
"CSRP2","Bin_12",0.5433096210778,12,14.9396565105559,2,0.671380377609281
"CSRP2","Bin_13",0.513573140916212,13,16.2387570766912,2,0.671380377609281
"CSRP2","Bin_14",0.768085088061028,14,17.5378576428265,2,0.671380377609281
"CSRP2","Bin_15",0.817453364419041,15,18.8369582089617,2,0.671380377609281
"CSRP2","Bin_16",0.893769377145113,16,20.136058775097,2,0.671380377609281
"CSRP2","Bin_17",1.35664367967333,17,21.4351593412323,2,0.671380377609281
"CSRP2","Bin_18",1.0212025648701,18,22.7342599073676,2,0.671380377609281
"CSRP2","Bin_19",1.06403027940305,19,24.0333604735029,2,0.671380377609281
"CSRP2","Bin_20",1.16956479842179,20,25.3324610396382,2,0.671380377609281
"RPL23A","Bin_1",-0.0400338950750469,1,0.649550283067647,2,0.601158083928384
"RPL23A","Bin_2",-0.780031796264519,2,1.94865084920294,2,0.601158083928384
"RPL23A","Bin_3",-0.762168504218479,3,3.24775141533823,2,0.601158083928384
"RPL23A","Bin_4",-1.99613239938864,4,4.54685198147353,2,0.601158083928384
"RPL23A","Bin_5",-1.18733543775835,5,5.84595254760882,2,0.601158083928384
"RPL23A","Bin_6",-2.51941932938836,6,7.14505311374411,2,0.601158083928384
"RPL23A","Bin_7",-0.72664177423217,7,8.4441536798794,2,0.601158083928384
"RPL23A","Bin_8",0.00935629593902276,8,9.7432542460147,2,0.601158083928384
"RPL23A","Bin_9",0.773969043272101,9,11.04235481215,2,0.601158083928384
"RPL23A","Bin_10",0.553089537826771,10,12.3414553782853,2,0.601158083928384
"RPL23A","Bin_11",0.575472843777537,11,13.6405559444206,2,0.601158083928384
"RPL23A","Bin_12",0.786636688249896,12,14.9396565105559,2,0.601158083928384
"RPL23A","Bin_13",0.826427798813568,13,16.2387570766912,2,0.601158083928384
"RPL23A","Bin_14",0.893554062763186,14,17.5378576428265,2,0.601158083928384
"RPL23A","Bin_15",0.785143976669832,15,18.8369582089617,2,0.601158083928384
"RPL23A","Bin_16",0.583986508034047,16,20.136058775097,2,0.601158083928384
"RPL23A","Bin_17",0.478380303572239,17,21.4351593412323,2,0.601158083928384
"RPL23A","Bin_18",0.602351359075255,18,22.7342599073676,2,0.601158083928384
"RPL23A","Bin_19",0.572475485586934,19,24.0333604735029,2,0.601158083928384
"RPL23A","Bin_20",0.570919232745179,20,25.3324610396382,2,0.601158083928384
"MT-CYB","Bin_1",1.13941988417234,1,0.649550283067647,1,0.452402494838143
"MT-CYB","Bin_2",1.3950836873831,2,1.94865084920294,1,0.452402494838143
"MT-CYB","Bin_3",1.46355307134901,3,3.24775141533823,1,0.452402494838143
"MT-CYB","Bin_4",1.2708291233567,4,4.54685198147353,1,0.452402494838143
"MT-CYB","Bin_5",-1.00075679338606,5,5.84595254760882,1,0.452402494838143
"MT-CYB","Bin_6",0.588421331755759,6,7.14505311374411,1,0.452402494838143
"MT-CYB","Bin_7",0.971445003602743,7,8.4441536798794,1,0.452402494838143
"MT-CYB","Bin_8",-2.80397553185984,8,9.7432542460147,1,0.452402494838143
"MT-CYB","Bin_9",-0.415809888102805,9,11.04235481215,1,0.452402494838143
"MT-CYB","Bin_10",0.127772242827246,10,12.3414553782853,1,0.452402494838143
"MT-CYB","Bin_11",-0.0725736176805414,11,13.6405559444206,1,0.452402494838143
"MT-CYB","Bin_12",-0.218618799506112,12,14.9396565105559,1,0.452402494838143
"MT-CYB","Bin_13",0.0868668276344652,13,16.2387570766912,1,0.452402494838143
"MT-CYB","Bin_14",-0.0966660851090443,14,17.5378576428265,1,0.452402494838143
"MT-CYB","Bin_15",-0.54747210353013,15,18.8369582089617,1,0.452402494838143
"MT-CYB","Bin_16",-0.607718170245767,16,20.136058775097,1,0.452402494838143
"MT-CYB","Bin_17",-0.926161953452826,17,21.4351593412323,1,0.452402494838143
"MT-CYB","Bin_18",-0.224443841676792,18,22.7342599073676,1,0.452402494838143
"MT-CYB","Bin_19",-0.0671472894050701,19,24.0333604735029,1,0.452402494838143
"MT-CYB","Bin_20",-0.0620470981263681,20,25.3324610396382,1,0.452402494838143
"ACTB","Bin_1",0.63007238847352,1,0.649550283067647,1,0.403621160993099
"ACTB","Bin_2",1.42003420083629,2,1.94865084920294,1,0.403621160993099
"ACTB","Bin_3",1.79446330543248,3,3.24775141533823,1,0.403621160993099
"ACTB","Bin_4",1.61240591890325,4,4.54685198147353,1,0.403621160993099
"ACTB","Bin_5",-0.074025662916251,5,5.84595254760882,1,0.403621160993099
"ACTB","Bin_6",-2.66292173449353,6,7.14505311374411,1,0.403621160993099
"ACTB","Bin_7",-1.58959642521788,7,8.4441536798794,1,0.403621160993099
"ACTB","Bin_8",0.209275922871552,8,9.7432542460147,1,0.403621160993099
"ACTB","Bin_9",0.0834690061073924,9,11.04235481215,1,0.403621160993099
"ACTB","Bin_10",0.385812386790043,10,12.3414553782853,1,0.403621160993099
"ACTB","Bin_11",0.357742757492097,11,13.6405559444206,1,0.403621160993099
"ACTB","Bin_12",-0.235949831538842,12,14.9396565105559,1,0.403621160993099
"ACTB","Bin_13",-0.173514688252667,13,16.2387570766912,1,0.403621160993099
"ACTB","Bin_14",-0.364752244970272,14,17.5378576428265,1,0.403621160993099
"ACTB","Bin_15",-0.410923091134001,15,18.8369582089617,1,0.403621160993099
"ACTB","Bin_16",-0.147184258574986,16,20.136058775097,1,0.403621160993099
"ACTB","Bin_17",-0.532985136610829,17,21.4351593412323,1,0.403621160993099
"ACTB","Bin_18",-0.323787894563801,18,22.7342599073676,1,0.403621160993099
"ACTB","Bin_19",-0.0810405876379138,19,24.0333604735029,1,0.403621160993099
"ACTB","Bin_20",0.103405669004337,20,25.3324610396382,1,0.403621160993099
"TMSB10","Bin_1",0.72352214126196,1,0.649550283067647,1,0.351257993843283
"TMSB10","Bin_2",0.555718338088857,2,1.94865084920294,1,0.351257993843283
"TMSB10","Bin_3",0.81746209171161,3,3.24775141533823,1,0.351257993843283
"TMSB10","Bin_4",2.12958782702454,4,4.54685198147353,1,0.351257993843283
"TMSB10","Bin_5",1.58724709950036,5,5.84595254760882,1,0.351257993843283
"TMSB10","Bin_6",-2.40360560967744,6,7.14505311374411,1,0.351257993843283
"TMSB10","Bin_7",-1.97419393772183,7,8.4441536798794,1,0.351257993843283
"TMSB10","Bin_8",-0.0299762625695971,8,9.7432542460147,1,0.351257993843283
"TMSB10","Bin_9",-0.00666436603141592,9,11.04235481215,1,0.351257993843283
"TMSB10","Bin_10",0.0806584796654996,10,12.3414553782853,1,0.351257993843283
"TMSB10","Bin_11",0.0182580556977865,11,13.6405559444206,1,0.351257993843283
"TMSB10","Bin_12",0.152030124205403,12,14.9396565105559,1,0.351257993843283
"TMSB10","Bin_13",-0.196380002666332,13,16.2387570766912,1,0.351257993843283
"TMSB10","Bin_14",-0.265704189949572,14,17.5378576428265,1,0.351257993843283
"TMSB10","Bin_15",-0.0106955704438423,15,18.8369582089617,1,0.351257993843283
"TMSB10","Bin_16",0.0876420076106319,16,20.136058775097,1,0.351257993843283
"TMSB10","Bin_17",-0.235780935161999,17,21.4351593412323,1,0.351257993843283
"TMSB10","Bin_18",-0.070650395541671,18,22.7342599073676,1,0.351257993843283
"TMSB10","Bin_19",-0.252948422626759,19,24.0333604735029,1,0.351257993843283
"TMSB10","Bin_20",-0.705526472376183,20,25.3324610396382,1,0.351257993843283
"CYC1","Bin_1",-1.19244338370237,1,0.649550283067647,2,0.710736713785972
"CYC1","Bin_2",-1.50369606326032,2,1.94865084920294,2,0.710736713785972
"CYC1","Bin_3",-1.59932122077579,3,3.24775141533823,2,0.710736713785972
"CYC1","Bin_4",-1.11809319283911,4,4.54685198147353,2,0.710736713785972
"CYC1","Bin_5",-1.24591149682518,5,5.84595254760882,2,0.710736713785972
"CYC1","Bin_6",-1.37041639605741,6,7.14505311374411,2,0.710736713785972
"CYC1","Bin_7",-0.574961197338332,7,8.4441536798794,2,0.710736713785972
"CYC1","Bin_8",-0.214630317636991,8,9.7432542460147,2,0.710736713785972
"CYC1","Bin_9",0.541551370382864,9,11.04235481215,2,0.710736713785972
"CYC1","Bin_10",1.01005813577543,10,12.3414553782853,2,0.710736713785972
"CYC1","Bin_11",0.98220527106282,11,13.6405559444206,2,0.710736713785972
"CYC1","Bin_12",0.51217779041556,12,14.9396565105559,2,0.710736713785972
"CYC1","Bin_13",0.601569416155839,13,16.2387570766912,2,0.710736713785972
"CYC1","Bin_14",0.311515607082111,14,17.5378576428265,2,0.710736713785972
"CYC1","Bin_15",0.304317815494019,15,18.8369582089617,2,0.710736713785972
"CYC1","Bin_16",0.654886136192423,16,20.136058775097,2,0.710736713785972
"CYC1","Bin_17",0.69813144715091,17,21.4351593412323,2,0.710736713785972
"CYC1","Bin_18",0.690487302261959,18,22.7342599073676,2,0.710736713785972
"CYC1","Bin_19",1.08250527294198,19,24.0333604735029,2,0.710736713785972
"CYC1","Bin_20",1.43006770351958,20,25.3324610396382,2,0.710736713785972
"TCTEX1D2","Bin_1",-1.23916577969732,1,0.649550283067647,2,0.704916454758618
"TCTEX1D2","Bin_2",-1.35263087047164,2,1.94865084920294,2,0.704916454758618
"TCTEX1D2","Bin_3",-1.31113302600619,3,3.24775141533823,2,0.704916454758618
"TCTEX1D2","Bin_4",-1.27381908879568,4,4.54685198147353,2,0.704916454758618
"TCTEX1D2","Bin_5",-1.24650573377127,5,5.84595254760882,2,0.704916454758618
"TCTEX1D2","Bin_6",-1.50426647819373,6,7.14505311374411,2,0.704916454758618
"TCTEX1D2","Bin_7",-0.955024333460611,7,8.4441536798794,2,0.704916454758618
"TCTEX1D2","Bin_8",-0.233304385153019,8,9.7432542460147,2,0.704916454758618
"TCTEX1D2","Bin_9",0.724742870177989,9,11.04235481215,2,0.704916454758618
"TCTEX1D2","Bin_10",1.22449268168926,10,12.3414553782853,2,0.704916454758618
"TCTEX1D2","Bin_11",0.99635311256928,11,13.6405559444206,2,0.704916454758618
"TCTEX1D2","Bin_12",0.710480786876682,12,14.9396565105559,2,0.704916454758618
"TCTEX1D2","Bin_13",0.79100749453955,13,16.2387570766912,2,0.704916454758618
"TCTEX1D2","Bin_14",0.644194304611324,14,17.5378576428265,2,0.704916454758618
"TCTEX1D2","Bin_15",0.523636885017057,15,18.8369582089617,2,0.704916454758618
"TCTEX1D2","Bin_16",0.5304022484738,16,20.136058775097,2,0.704916454758618
"TCTEX1D2","Bin_17",0.410040880123262,17,21.4351593412323,2,0.704916454758618
"TCTEX1D2","Bin_18",0.716763344513809,18,22.7342599073676,2,0.704916454758618
"TCTEX1D2","Bin_19",0.993195482271557,19,24.0333604735029,2,0.704916454758618
"TCTEX1D2","Bin_20",0.850539604685879,20,25.3324610396382,2,0.704916454758618
"TSTA3","Bin_1",-0.628140600022317,1,0.649550283067647,2,0.688365377781578
"TSTA3","Bin_2",-1.12923413444486,2,1.94865084920294,2,0.688365377781578
"TSTA3","Bin_3",-1.33832166912458,3,3.24775141533823,2,0.688365377781578
"TSTA3","Bin_4",-0.98124729578704,4,4.54685198147353,2,0.688365377781578
"TSTA3","Bin_5",-1.15120667448782,5,5.84595254760882,2,0.688365377781578
"TSTA3","Bin_6",-1.59750917833895,6,7.14505311374411,2,0.688365377781578
"TSTA3","Bin_7",-0.432031547341995,7,8.4441536798794,2,0.688365377781578
"TSTA3","Bin_8",-1.06884708108712,8,9.7432542460147,2,0.688365377781578
"TSTA3","Bin_9",0.36643893664827,9,11.04235481215,2,0.688365377781578
"TSTA3","Bin_10",0.889987826243172,10,12.3414553782853,2,0.688365377781578
"TSTA3","Bin_11",0.680095774114029,11,13.6405559444206,2,0.688365377781578
"TSTA3","Bin_12",0.404151779433316,12,14.9396565105559,2,0.688365377781578
"TSTA3","Bin_13",0.222739137451762,13,16.2387570766912,2,0.688365377781578
"TSTA3","Bin_14",-0.084343381161881,14,17.5378576428265,2,0.688365377781578
"TSTA3","Bin_15",0.139204815779519,15,18.8369582089617,2,0.688365377781578
"TSTA3","Bin_16",0.252776274844876,16,20.136058775097,2,0.688365377781578
"TSTA3","Bin_17",0.982196490275081,17,21.4351593412323,2,0.688365377781578
"TSTA3","Bin_18",1.36094584570407,18,22.7342599073676,2,0.688365377781578
"TSTA3","Bin_19",1.64962670544481,19,24.0333604735029,2,0.688365377781578
"TSTA3","Bin_20",1.46271797585765,20,25.3324610396382,2,0.688365377781578
"SF3B6","Bin_1",-1.0276133428793,1,0.649550283067647,2,0.700180991924983
"SF3B6","Bin_2",-1.20053031361519,2,1.94865084920294,2,0.700180991924983
"SF3B6","Bin_3",-1.30328157951617,3,3.24775141533823,2,0.700180991924983
"SF3B6","Bin_4",-1.38800058777933,4,4.54685198147353,2,0.700180991924983
"SF3B6","Bin_5",-1.42486722989198,5,5.84595254760882,2,0.700180991924983
"SF3B6","Bin_6",-1.48880190242671,6,7.14505311374411,2,0.700180991924983
"SF3B6","Bin_7",-1.26688806093479,7,8.4441536798794,2,0.700180991924983
"SF3B6","Bin_8",0.14990495987949,8,9.7432542460147,2,0.700180991924983
"SF3B6","Bin_9",0.835771446478559,9,11.04235481215,2,0.700180991924983
"SF3B6","Bin_10",1.05646165834684,10,12.3414553782853,2,0.700180991924983
"SF3B6","Bin_11",0.826657165868469,11,13.6405559444206,2,0.700180991924983
"SF3B6","Bin_12",0.813746593281813,12,14.9396565105559,2,0.700180991924983
"SF3B6","Bin_13",0.637650542035661,13,16.2387570766912,2,0.700180991924983
"SF3B6","Bin_14",0.397421332047658,14,17.5378576428265,2,0.700180991924983
"SF3B6","Bin_15",0.594223618854012,15,18.8369582089617,2,0.700180991924983
"SF3B6","Bin_16",0.608277987359509,16,20.136058775097,2,0.700180991924983
"SF3B6","Bin_17",0.711879702924159,17,21.4351593412323,2,0.700180991924983
"SF3B6","Bin_18",0.746759512156802,18,22.7342599073676,2,0.700180991924983
"SF3B6","Bin_19",0.930763944024434,19,24.0333604735029,2,0.700180991924983
"SF3B6","Bin_20",0.790464553786075,20,25.3324610396382,2,0.700180991924983
"SLC9A3R1","Bin_1",-0.501271107254596,1,0.649550283067647,2,0.722124607869608
"SLC9A3R1","Bin_2",-1.30751902159812,2,1.94865084920294,2,0.722124607869608
"SLC9A3R1","Bin_3",-1.43506502366618,3,3.24775141533823,2,0.722124607869608
"SLC9A3R1","Bin_4",-1.29588719963103,4,4.54685198147353,2,0.722124607869608
"SLC9A3R1","Bin_5",-1.67433618924107,5,5.84595254760882,2,0.722124607869608
"SLC9A3R1","Bin_6",-1.1262122677976,6,7.14505311374411,2,0.722124607869608
"SLC9A3R1","Bin_7",-1.15611823717901,7,8.4441536798794,2,0.722124607869608
"SLC9A3R1","Bin_8",-0.638208353382154,8,9.7432542460147,2,0.722124607869608
"SLC9A3R1","Bin_9",0.742523768868883,9,11.04235481215,2,0.722124607869608
"SLC9A3R1","Bin_10",0.876657226441606,10,12.3414553782853,2,0.722124607869608
"SLC9A3R1","Bin_11",0.841471509099399,11,13.6405559444206,2,0.722124607869608
"SLC9A3R1","Bin_12",0.814892143461548,12,14.9396565105559,2,0.722124607869608
"SLC9A3R1","Bin_13",0.622972180069628,13,16.2387570766912,2,0.722124607869608
"SLC9A3R1","Bin_14",0.313912751115079,14,17.5378576428265,2,0.722124607869608
"SLC9A3R1","Bin_15",0.562414132150537,15,18.8369582089617,2,0.722124607869608
"SLC9A3R1","Bin_16",0.568297088077169,16,20.136058775097,2,0.722124607869608
"SLC9A3R1","Bin_17",0.853761172654267,17,21.4351593412323,2,0.722124607869608
"SLC9A3R1","Bin_18",0.79525407923966,18,22.7342599073676,2,0.722124607869608
"SLC9A3R1","Bin_19",1.14335473755497,19,24.0333604735029,2,0.722124607869608
"SLC9A3R1","Bin_20",0.999106611017015,20,25.3324610396382,2,0.722124607869608
"GHITM","Bin_1",-0.363570346662637,1,0.649550283067647,2,0.710085178948461
"GHITM","Bin_2",-0.899005146712199,2,1.94865084920294,2,0.710085178948461
"GHITM","Bin_3",-1.16839736418815,3,3.24775141533823,2,0.710085178948461
"GHITM","Bin_4",-1.11257356675965,4,4.54685198147353,2,0.710085178948461
"GHITM","Bin_5",-1.27126188486386,5,5.84595254760882,2,0.710085178948461
"GHITM","Bin_6",-1.65119441954347,6,7.14505311374411,2,0.710085178948461
"GHITM","Bin_7",-1.33277441654017,7,8.4441536798794,2,0.710085178948461
"GHITM","Bin_8",-0.90022968785787,8,9.7432542460147,2,0.710085178948461
"GHITM","Bin_9",0.588024432026367,9,11.04235481215,2,0.710085178948461
"GHITM","Bin_10",0.576274921453032,10,12.3414553782853,2,0.710085178948461
"GHITM","Bin_11",0.568770250342599,11,13.6405559444206,2,0.710085178948461
"GHITM","Bin_12",0.237091548309743,12,14.9396565105559,2,0.710085178948461
"GHITM","Bin_13",0.538628596862297,13,16.2387570766912,2,0.710085178948461
"GHITM","Bin_14",0.248688004678542,14,17.5378576428265,2,0.710085178948461
"GHITM","Bin_15",0.36968674107755,15,18.8369582089617,2,0.710085178948461
"GHITM","Bin_16",0.445100280902346,16,20.136058775097,2,0.710085178948461
"GHITM","Bin_17",1.09259691416457,17,21.4351593412323,2,0.710085178948461
"GHITM","Bin_18",1.01991581766079,18,22.7342599073676,2,0.710085178948461
"GHITM","Bin_19",1.4511190348429,19,24.0333604735029,2,0.710085178948461
"GHITM","Bin_20",1.56311029080728,20,25.3324610396382,2,0.710085178948461
"CUTA","Bin_1",-0.5924629088216,1,0.649550283067647,2,0.698903583579536
"CUTA","Bin_2",-0.998224143324516,2,1.94865084920294,2,0.698903583579536
"CUTA","Bin_3",-1.22527544023043,3,3.24775141533823,2,0.698903583579536
"CUTA","Bin_4",-1.20859928188101,4,4.54685198147353,2,0.698903583579536
"CUTA","Bin_5",-1.36424443650163,5,5.84595254760882,2,0.698903583579536
"CUTA","Bin_6",-1.75355813850147,6,7.14505311374411,2,0.698903583579536
"CUTA","Bin_7",-1.68522875979964,7,8.4441536798794,2,0.698903583579536
"CUTA","Bin_8",-0.102972706211933,8,9.7432542460147,2,0.698903583579536
"CUTA","Bin_9",0.534954746560656,9,11.04235481215,2,0.698903583579536
"CUTA","Bin_10",0.649128277768408,10,12.3414553782853,2,0.698903583579536
"CUTA","Bin_11",0.616314602790229,11,13.6405559444206,2,0.698903583579536
"CUTA","Bin_12",0.668503372043914,12,14.9396565105559,2,0.698903583579536
"CUTA","Bin_13",0.691331749460158,13,16.2387570766912,2,0.698903583579536
"CUTA","Bin_14",0.690285973788522,14,17.5378576428265,2,0.698903583579536
"CUTA","Bin_15",0.726921478827352,15,18.8369582089617,2,0.698903583579536
"CUTA","Bin_16",0.651225907515281,16,20.136058775097,2,0.698903583579536
"CUTA","Bin_17",1.04374702762412,17,21.4351593412323,2,0.698903583579536
"CUTA","Bin_18",0.993631915598915,18,22.7342599073676,2,0.698903583579536
"CUTA","Bin_19",0.81582954745097,19,24.0333604735029,2,0.698903583579536
"CUTA","Bin_20",0.84869121584371,20,25.3324610396382,2,0.698903583579536
"ABRACL","Bin_1",-0.981253722712905,1,0.649550283067647,2,0.715540846262631
"ABRACL","Bin_2",-1.51463490154536,2,1.94865084920294,2,0.715540846262631
"ABRACL","Bin_3",-1.68508786951993,3,3.24775141533823,2,0.715540846262631
"ABRACL","Bin_4",-0.856617495578355,4,4.54685198147353,2,0.715540846262631
"ABRACL","Bin_5",-1.44309223027615,5,5.84595254760882,2,0.715540846262631
"ABRACL","Bin_6",-1.01994034431751,6,7.14505311374411,2,0.715540846262631
"ABRACL","Bin_7",-1.13375165014919,7,8.4441536798794,2,0.715540846262631
"ABRACL","Bin_8",-0.309403570062045,8,9.7432542460147,2,0.715540846262631
"ABRACL","Bin_9",0.602493324223205,9,11.04235481215,2,0.715540846262631
"ABRACL","Bin_10",0.934086502422203,10,12.3414553782853,2,0.715540846262631
"ABRACL","Bin_11",0.714315625141428,11,13.6405559444206,2,0.715540846262631
"ABRACL","Bin_12",0.64055263001337,12,14.9396565105559,2,0.715540846262631
"ABRACL","Bin_13",0.377604468781387,13,16.2387570766912,2,0.715540846262631
"ABRACL","Bin_14",0.286657337944816,14,17.5378576428265,2,0.715540846262631
"ABRACL","Bin_15",0.622225340144011,15,18.8369582089617,2,0.715540846262631
"ABRACL","Bin_16",0.502353727919919,16,20.136058775097,2,0.715540846262631
"ABRACL","Bin_17",0.826244560472596,17,21.4351593412323,2,0.715540846262631
"ABRACL","Bin_18",1.10559396917786,18,22.7342599073676,2,0.715540846262631
"ABRACL","Bin_19",1.27098239044611,19,24.0333604735029,2,0.715540846262631
"ABRACL","Bin_20",1.06067190747453,20,25.3324610396382,2,0.715540846262631
"RBP4","Bin_1",-0.90188311006609,1,0.649550283067647,2,0.526272808985622
"RBP4","Bin_2",-0.93064841470604,2,1.94865084920294,2,0.526272808985622
"RBP4","Bin_3",-0.919894296907414,3,3.24775141533823,2,0.526272808985622
"RBP4","Bin_4",-0.890055525974382,4,4.54685198147353,2,0.526272808985622
"RBP4","Bin_5",-0.905233484750498,5,5.84595254760882,2,0.526272808985622
"RBP4","Bin_6",-0.93064841470604,6,7.14505311374411,2,0.526272808985622
"RBP4","Bin_7",-0.58379605296829,7,8.4441536798794,2,0.526272808985622
"RBP4","Bin_8",0.0646387776305829,8,9.7432542460147,2,0.526272808985622
"RBP4","Bin_9",0.292687420347343,9,11.04235481215,2,0.526272808985622
"RBP4","Bin_10",-0.398813795063239,10,12.3414553782853,2,0.526272808985622
"RBP4","Bin_11",-0.164950901554737,11,13.6405559444206,2,0.526272808985622
"RBP4","Bin_12",-0.0826001946194945,12,14.9396565105559,2,0.526272808985622
"RBP4","Bin_13",0.516474131518717,13,16.2387570766912,2,0.526272808985622
"RBP4","Bin_14",-0.313168000546128,14,17.5378576428265,2,0.526272808985622
"RBP4","Bin_15",-0.0753004306048401,15,18.8369582089617,2,0.526272808985622
"RBP4","Bin_16",-0.121920992556651,16,20.136058775097,2,0.526272808985622
"RBP4","Bin_17",0.545006514050433,17,21.4351593412323,2,0.526272808985622
"RBP4","Bin_18",1.04919519436544,18,22.7342599073676,2,0.526272808985622
"RBP4","Bin_19",1.98557230735244,19,24.0333604735029,2,0.526272808985622
"RBP4","Bin_20",2.76533926975888,20,25.3324610396382,2,0.526272808985622
"NPW","Bin_1",-1.14443320298474,1,0.649550283067647,2,0.626944746664497
"NPW","Bin_2",-1.13254560211423,2,1.94865084920294,2,0.626944746664497
"NPW","Bin_3",-1.10670440562586,3,3.24775141533823,2,0.626944746664497
"NPW","Bin_4",-0.418977776690804,4,4.54685198147353,2,0.626944746664497
"NPW","Bin_5",-0.884880991825771,5,5.84595254760882,2,0.626944746664497
"NPW","Bin_6",-1.17415690503395,6,7.14505311374411,2,0.626944746664497
"NPW","Bin_7",-1.03435781714811,7,8.4441536798794,2,0.626944746664497
"NPW","Bin_8",-0.820119229307678,8,9.7432542460147,2,0.626944746664497
"NPW","Bin_9",0.441340680049969,9,11.04235481215,2,0.626944746664497
"NPW","Bin_10",0.292356586294093,10,12.3414553782853,2,0.626944746664497
"NPW","Bin_11",0.254786691405412,11,13.6405559444206,2,0.626944746664497
"NPW","Bin_12",-0.0320481249059799,12,14.9396565105559,2,0.626944746664497
"NPW","Bin_13",0.522380721680596,13,16.2387570766912,2,0.626944746664497
"NPW","Bin_14",-0.102643041879296,14,17.5378576428265,2,0.626944746664497
"NPW","Bin_15",-0.0301924047282405,15,18.8369582089617,2,0.626944746664497
"NPW","Bin_16",-0.00100437764076059,16,20.136058775097,2,0.626944746664497
"NPW","Bin_17",1.25874961091322,17,21.4351593412323,2,0.626944746664497
"NPW","Bin_18",1.37399474752511,18,22.7342599073676,2,0.626944746664497
"NPW","Bin_19",1.94753472681053,19,24.0333604735029,2,0.626944746664497
"NPW","Bin_20",1.79092011520649,20,25.3324610396382,2,0.626944746664497
"NFIX","Bin_1",-1.35003116025277,1,0.649550283067647,2,0.559110274294432
"NFIX","Bin_2",-1.21557889741576,2,1.94865084920294,2,0.559110274294432
"NFIX","Bin_3",-1.2603023507417,3,3.24775141533823,2,0.559110274294432
"NFIX","Bin_4",-1.02158798146067,4,4.54685198147353,2,0.559110274294432
"NFIX","Bin_5",-1.72718902976407,5,5.84595254760882,2,0.559110274294432
"NFIX","Bin_6",0.715274697410351,6,7.14505311374411,2,0.559110274294432
"NFIX","Bin_7",-0.297009647446076,7,8.4441536798794,2,0.559110274294432
"NFIX","Bin_8",-1.38877048291346,8,9.7432542460147,2,0.559110274294432
"NFIX","Bin_9",-0.373804753378481,9,11.04235481215,2,0.559110274294432
"NFIX","Bin_10",0.2925628216715,10,12.3414553782853,2,0.559110274294432
"NFIX","Bin_11",0.326395442574563,11,13.6405559444206,2,0.559110274294432
"NFIX","Bin_12",0.367231054784211,12,14.9396565105559,2,0.559110274294432
"NFIX","Bin_13",0.439067543900505,13,16.2387570766912,2,0.559110274294432
"NFIX","Bin_14",0.50428259268738,14,17.5378576428265,2,0.559110274294432
"NFIX","Bin_15",0.499259952846651,15,18.8369582089617,2,0.559110274294432
"NFIX","Bin_16",0.583911936545848,16,20.136058775097,2,0.559110274294432
"NFIX","Bin_17",1.18038269927625,17,21.4351593412323,2,0.559110274294432
"NFIX","Bin_18",1.32614715153217,18,22.7342599073676,2,0.559110274294432
"NFIX","Bin_19",1.30156855806155,19,24.0333604735029,2,0.559110274294432
"NFIX","Bin_20",1.09818985208202,20,25.3324610396382,2,0.559110274294432
"H3F3A","Bin_1",-0.663767570949876,1,0.649550283067647,2,0.619701251425331
"H3F3A","Bin_2",-1.16549895960201,2,1.94865084920294,2,0.619701251425331
"H3F3A","Bin_3",-1.43300628561065,3,3.24775141533823,2,0.619701251425331
"H3F3A","Bin_4",-0.857637553502728,4,4.54685198147353,2,0.619701251425331
"H3F3A","Bin_5",-0.767838624549383,5,5.84595254760882,2,0.619701251425331
"H3F3A","Bin_6",-2.49965266988701,6,7.14505311374411,2,0.619701251425331
"H3F3A","Bin_7",-1.22566991701495,7,8.4441536798794,2,0.619701251425331
"H3F3A","Bin_8",0.450894310367541,8,9.7432542460147,2,0.619701251425331
"H3F3A","Bin_9",0.713188198466656,9,11.04235481215,2,0.619701251425331
"H3F3A","Bin_10",0.632720058691937,10,12.3414553782853,2,0.619701251425331
"H3F3A","Bin_11",0.727923183891393,11,13.6405559444206,2,0.619701251425331
"H3F3A","Bin_12",0.663116666097754,12,14.9396565105559,2,0.619701251425331
"H3F3A","Bin_13",0.940074977657291,13,16.2387570766912,2,0.619701251425331
"H3F3A","Bin_14",0.993827940839949,14,17.5378576428265,2,0.619701251425331
"H3F3A","Bin_15",0.716980739305923,15,18.8369582089617,2,0.619701251425331
"H3F3A","Bin_16",0.570287755834405,16,20.136058775097,2,0.619701251425331
"H3F3A","Bin_17",0.343288613262548,17,21.4351593412323,2,0.619701251425331
"H3F3A","Bin_18",0.686949978552172,18,22.7342599073676,2,0.619701251425331
"H3F3A","Bin_19",0.604202639360512,19,24.0333604735029,2,0.619701251425331
"H3F3A","Bin_20",0.569616518788517,20,25.3324610396382,2,0.619701251425331
"RPL8","Bin_1",-1.11074679681617,1,0.649550283067647,2,0.596185473742224
"RPL8","Bin_2",-0.926172588731101,2,1.94865084920294,2,0.596185473742224
"RPL8","Bin_3",-0.945866429842679,3,3.24775141533823,2,0.596185473742224
"RPL8","Bin_4",-0.996734355330069,4,4.54685198147353,2,0.596185473742224
"RPL8","Bin_5",-0.384252640125392,5,5.84595254760882,2,0.596185473742224
"RPL8","Bin_6",-2.72077241865001,6,7.14505311374411,2,0.596185473742224
"RPL8","Bin_7",-1.15026339166683,7,8.4441536798794,2,0.596185473742224
"RPL8","Bin_8",-0.0651233077385346,8,9.7432542460147,2,0.596185473742224
"RPL8","Bin_9",0.860147052462997,9,11.04235481215,2,0.596185473742224
"RPL8","Bin_10",0.797205996360935,10,12.3414553782853,2,0.596185473742224
"RPL8","Bin_11",0.623261105853386,11,13.6405559444206,2,0.596185473742224
"RPL8","Bin_12",0.859540375510488,12,14.9396565105559,2,0.596185473742224
"RPL8","Bin_13",0.952004171500554,13,16.2387570766912,2,0.596185473742224
"RPL8","Bin_14",0.90483688695488,14,17.5378576428265,2,0.596185473742224
"RPL8","Bin_15",0.805809440968262,15,18.8369582089617,2,0.596185473742224
"RPL8","Bin_16",0.526537104809095,16,20.136058775097,2,0.596185473742224
"RPL8","Bin_17",0.458238916377171,17,21.4351593412323,2,0.596185473742224
"RPL8","Bin_18",0.599396722474603,18,22.7342599073676,2,0.596185473742224
"RPL8","Bin_19",0.491372216603384,19,24.0333604735029,2,0.596185473742224
"RPL8","Bin_20",0.421581939025024,20,25.3324610396382,2,0.596185473742224
"RAD23A","Bin_1",-0.95024798118222,1,0.649550283067647,2,0.722281804497367
"RAD23A","Bin_2",-1.27652272860419,2,1.94865084920294,2,0.722281804497367
"RAD23A","Bin_3",-1.37376950068883,3,3.24775141533823,2,0.722281804497367
"RAD23A","Bin_4",-0.954517834789021,4,4.54685198147353,2,0.722281804497367
"RAD23A","Bin_5",-1.72056683523853,5,5.84595254760882,2,0.722281804497367
"RAD23A","Bin_6",-1.55777988506839,6,7.14505311374411,2,0.722281804497367
"RAD23A","Bin_7",-0.78655983185136,7,8.4441536798794,2,0.722281804497367
"RAD23A","Bin_8",-0.466363332070579,8,9.7432542460147,2,0.722281804497367
"RAD23A","Bin_9",0.459812422678847,9,11.04235481215,2,0.722281804497367
"RAD23A","Bin_10",0.7856777859645,10,12.3414553782853,2,0.722281804497367
"RAD23A","Bin_11",1.03785626049206,11,13.6405559444206,2,0.722281804497367
"RAD23A","Bin_12",0.479617059408044,12,14.9396565105559,2,0.722281804497367
"RAD23A","Bin_13",0.682063820651277,13,16.2387570766912,2,0.722281804497367
"RAD23A","Bin_14",0.599998334895254,14,17.5378576428265,2,0.722281804497367
"RAD23A","Bin_15",0.532188224234166,15,18.8369582089617,2,0.722281804497367
"RAD23A","Bin_16",0.883843714409122,16,20.136058775097,2,0.722281804497367
"RAD23A","Bin_17",0.782640760587232,17,21.4351593412323,2,0.722281804497367
"RAD23A","Bin_18",0.749350713432874,18,22.7342599073676,2,0.722281804497367
"RAD23A","Bin_19",0.880052236155983,19,24.0333604735029,2,0.722281804497367
"RAD23A","Bin_20",1.21322659658376,20,25.3324610396382,2,0.722281804497367
"CHST1","Bin_1",-0.724178114132681,1,0.649550283067647,2,0.411873397024837
"CHST1","Bin_2",-0.724178114132681,2,1.94865084920294,2,0.411873397024837
"CHST1","Bin_3",-0.691404574745123,3,3.24775141533823,2,0.411873397024837
"CHST1","Bin_4",-0.715052974419292,4,4.54685198147353,2,0.411873397024837
"CHST1","Bin_5",-0.724178114132681,5,5.84595254760882,2,0.411873397024837
"CHST1","Bin_6",0.242466482892612,6,7.14505311374411,2,0.411873397024837
"CHST1","Bin_7",-0.724178114132681,7,8.4441536798794,2,0.411873397024837
"CHST1","Bin_8",-0.724178114132681,8,9.7432542460147,2,0.411873397024837
"CHST1","Bin_9",-0.592014445149542,9,11.04235481215,2,0.411873397024837
"CHST1","Bin_10",-0.676872322406386,10,12.3414553782853,2,0.411873397024837
"CHST1","Bin_11",-0.486181093666867,11,13.6405559444206,2,0.411873397024837
"CHST1","Bin_12",-0.64083257723427,12,14.9396565105559,2,0.411873397024837
"CHST1","Bin_13",-0.315617631604793,13,16.2387570766912,2,0.411873397024837
"CHST1","Bin_14",0.339292045501612,14,17.5378576428265,2,0.411873397024837
"CHST1","Bin_15",0.270018017239558,15,18.8369582089617,2,0.411873397024837
"CHST1","Bin_16",-0.0798433755745488,16,20.136058775097,2,0.411873397024837
"CHST1","Bin_17",1.40558529456193,17,21.4351593412323,2,0.411873397024837
"CHST1","Bin_18",2.3004951405452,18,22.7342599073676,2,0.411873397024837
"CHST1","Bin_19",2.33593234766853,19,24.0333604735029,2,0.411873397024837
"CHST1","Bin_20",0.924920237054777,20,25.3324610396382,2,0.411873397024837
"MT-CO1","Bin_1",1.2119988858243,1,0.649550283067647,1,0.382269733415993
"MT-CO1","Bin_2",1.23772203304098,2,1.94865084920294,1,0.382269733415993
"MT-CO1","Bin_3",1.15774122509375,3,3.24775141533823,1,0.382269733415993
"MT-CO1","Bin_4",0.835814241590443,4,4.54685198147353,1,0.382269733415993
"MT-CO1","Bin_5",-1.17100491830638,5,5.84595254760882,1,0.382269733415993
"MT-CO1","Bin_6",1.19150053809527,6,7.14505311374411,1,0.382269733415993
"MT-CO1","Bin_7",1.05660078465434,7,8.4441536798794,1,0.382269733415993
"MT-CO1","Bin_8",-2.9875959763965,8,9.7432542460147,1,0.382269733415993
"MT-CO1","Bin_9",-0.632019094998753,9,11.04235481215,1,0.382269733415993
"MT-CO1","Bin_10",-0.112558083647942,10,12.3414553782853,1,0.382269733415993
"MT-CO1","Bin_11",-0.122086791833598,11,13.6405559444206,1,0.382269733415993
"MT-CO1","Bin_12",-0.0739069788217659,12,14.9396565105559,1,0.382269733415993
"MT-CO1","Bin_13",0.0679040298426699,13,16.2387570766912,1,0.382269733415993
"MT-CO1","Bin_14",0.166760714603473,14,17.5378576428265,1,0.382269733415993
"MT-CO1","Bin_15",-0.183839877588398,15,18.8369582089617,1,0.382269733415993
"MT-CO1","Bin_16",-0.295708687664783,16,20.136058775097,1,0.382269733415993
"MT-CO1","Bin_17",-0.544722498659892,17,21.4351593412323,1,0.382269733415993
"MT-CO1","Bin_18",-0.138085782463694,18,22.7342599073676,1,0.382269733415993
"MT-CO1","Bin_19",-0.378981772643733,19,24.0333604735029,1,0.382269733415993
"MT-CO1","Bin_20",-0.285531989719781,20,25.3324610396382,1,0.382269733415993
"MT-CO3","Bin_1",1.32373137205866,1,0.649550283067647,1,0.424659788433919
"MT-CO3","Bin_2",1.45448857251687,2,1.94865084920294,1,0.424659788433919
"MT-CO3","Bin_3",1.33647794027745,3,3.24775141533823,1,0.424659788433919
"MT-CO3","Bin_4",1.0217019063728,4,4.54685198147353,1,0.424659788433919
"MT-CO3","Bin_5",-1.24429419580503,5,5.84595254760882,1,0.424659788433919
"MT-CO3","Bin_6",0.160403347929042,6,7.14505311374411,1,0.424659788433919
"MT-CO3","Bin_7",1.29446872606864,7,8.4441536798794,1,0.424659788433919
"MT-CO3","Bin_8",-2.70377015120612,8,9.7432542460147,1,0.424659788433919
"MT-CO3","Bin_9",-0.612779909957513,9,11.04235481215,1,0.424659788433919
"MT-CO3","Bin_10",0.0409521475914688,10,12.3414553782853,1,0.424659788433919
"MT-CO3","Bin_11",-0.134180970186032,11,13.6405559444206,1,0.424659788433919
"MT-CO3","Bin_12",-0.0995587904353981,12,14.9396565105559,1,0.424659788433919
"MT-CO3","Bin_13",0.212520091627117,13,16.2387570766912,1,0.424659788433919
"MT-CO3","Bin_14",0.156166105749916,14,17.5378576428265,1,0.424659788433919
"MT-CO3","Bin_15",-0.450464008068828,15,18.8369582089617,1,0.424659788433919
"MT-CO3","Bin_16",-0.559500677853296,16,20.136058775097,1,0.424659788433919
"MT-CO3","Bin_17",-0.840846687122144,17,21.4351593412323,1,0.424659788433919
"MT-CO3","Bin_18",-0.0884739957531376,18,22.7342599073676,1,0.424659788433919
"MT-CO3","Bin_19",-0.156105016423686,19,24.0333604735029,1,0.424659788433919
"MT-CO3","Bin_20",-0.110935807380783,20,25.3324610396382,1,0.424659788433919
"PPA1","Bin_1",-0.701353880640892,1,0.649550283067647,2,0.708136240344961
"PPA1","Bin_2",-0.864536596678702,2,1.94865084920294,2,0.708136240344961
"PPA1","Bin_3",-1.19311052819136,3,3.24775141533823,2,0.708136240344961
"PPA1","Bin_4",-1.52970002061674,4,4.54685198147353,2,0.708136240344961
"PPA1","Bin_5",-1.22153944783798,5,5.84595254760882,2,0.708136240344961
"PPA1","Bin_6",-1.14622022721874,6,7.14505311374411,2,0.708136240344961
"PPA1","Bin_7",-1.44419705064055,7,8.4441536798794,2,0.708136240344961
"PPA1","Bin_8",-0.996404641967954,8,9.7432542460147,2,0.708136240344961
"PPA1","Bin_9",0.717792313313146,9,11.04235481215,2,0.708136240344961
"PPA1","Bin_10",0.875004117141186,10,12.3414553782853,2,0.708136240344961
"PPA1","Bin_11",0.69939604458121,11,13.6405559444206,2,0.708136240344961
"PPA1","Bin_12",0.417826753942554,12,14.9396565105559,2,0.708136240344961
"PPA1","Bin_13",0.751303607719299,13,16.2387570766912,2,0.708136240344961
"PPA1","Bin_14",0.529183910755426,14,17.5378576428265,2,0.708136240344961
"PPA1","Bin_15",0.423363360280841,15,18.8369582089617,2,0.708136240344961
"PPA1","Bin_16",0.354206922485076,16,20.136058775097,2,0.708136240344961
"PPA1","Bin_17",0.650942385451723,17,21.4351593412323,2,0.708136240344961
"PPA1","Bin_18",0.992186536547986,18,22.7342599073676,2,0.708136240344961
"PPA1","Bin_19",1.38663862277929,19,24.0333604735029,2,0.708136240344961
"PPA1","Bin_20",1.29921781879519,20,25.3324610396382,2,0.708136240344961
"BASP1","Bin_1",-1.20697414261721,1,0.649550283067647,2,0.67264928147317
"BASP1","Bin_2",-1.17106109789639,2,1.94865084920294,2,0.67264928147317
"BASP1","Bin_3",-1.17856283460575,3,3.24775141533823,2,0.67264928147317
"BASP1","Bin_4",-0.96759695780303,4,4.54685198147353,2,0.67264928147317
"BASP1","Bin_5",-1.10234685717633,5,5.84595254760882,2,0.67264928147317
"BASP1","Bin_6",-0.622347022961645,6,7.14505311374411,2,0.67264928147317
"BASP1","Bin_7",-1.22172838451744,7,8.4441536798794,2,0.67264928147317
"BASP1","Bin_8",-1.16225055950202,8,9.7432542460147,2,0.67264928147317
"BASP1","Bin_9",0.420192556157427,9,11.04235481215,2,0.67264928147317
"BASP1","Bin_10",0.921704802994663,10,12.3414553782853,2,0.67264928147317
"BASP1","Bin_11",0.606935362012702,11,13.6405559444206,2,0.67264928147317
"BASP1","Bin_12",0.428991301013256,12,14.9396565105559,2,0.67264928147317
"BASP1","Bin_13",0.112379476328517,13,16.2387570766912,2,0.67264928147317
"BASP1","Bin_14",0.0656764515643576,14,17.5378576428265,2,0.67264928147317
"BASP1","Bin_15",0.538615170353553,15,18.8369582089617,2,0.67264928147317
"BASP1","Bin_16",0.198838110978277,16,20.136058775097,2,0.67264928147317
"BASP1","Bin_17",0.856493798415365,17,21.4351593412323,2,0.67264928147317
"BASP1","Bin_18",1.36285018357526,18,22.7342599073676,2,0.67264928147317
"BASP1","Bin_19",1.65179037017658,19,24.0333604735029,2,0.67264928147317
"BASP1","Bin_20",1.46840027350986,20,25.3324610396382,2,0.67264928147317
"TBCB","Bin_1",-0.711986956646782,1,0.649550283067647,2,0.709129212044294
"TBCB","Bin_2",-1.0631360335947,2,1.94865084920294,2,0.709129212044294
"TBCB","Bin_3",-1.23459035596144,3,3.24775141533823,2,0.709129212044294
"TBCB","Bin_4",-0.840331380615805,4,4.54685198147353,2,0.709129212044294
"TBCB","Bin_5",-0.994282293668062,5,5.84595254760882,2,0.709129212044294
"TBCB","Bin_6",-1.70563223659615,6,7.14505311374411,2,0.709129212044294
"TBCB","Bin_7",-1.10423516001656,7,8.4441536798794,2,0.709129212044294
"TBCB","Bin_8",-1.31501742903435,8,9.7432542460147,2,0.709129212044294
"TBCB","Bin_9",0.59075998773621,9,11.04235481215,2,0.709129212044294
"TBCB","Bin_10",1.07490552426286,10,12.3414553782853,2,0.709129212044294
"TBCB","Bin_11",0.731268039771787,11,13.6405559444206,2,0.709129212044294
"TBCB","Bin_12",0.555756506560179,12,14.9396565105559,2,0.709129212044294
"TBCB","Bin_13",0.540923617433691,13,16.2387570766912,2,0.709129212044294
"TBCB","Bin_14",0.315737554334239,14,17.5378576428265,2,0.709129212044294
"TBCB","Bin_15",0.377917905655738,15,18.8369582089617,2,0.709129212044294
"TBCB","Bin_16",0.263800971716258,16,20.136058775097,2,0.709129212044294
"TBCB","Bin_17",0.802433387804628,17,21.4351593412323,2,0.709129212044294
"TBCB","Bin_18",1.00522836245284,18,22.7342599073676,2,0.709129212044294
"TBCB","Bin_19",1.40809925430424,19,24.0333604735029,2,0.709129212044294
"TBCB","Bin_20",1.30238073410117,20,25.3324610396382,2,0.709129212044294
"COPE","Bin_1",-0.856960937294365,1,0.649550283067647,2,0.713775216848439
"COPE","Bin_2",-1.29424321634009,2,1.94865084920294,2,0.713775216848439
"COPE","Bin_3",-1.44242779640007,3,3.24775141533823,2,0.713775216848439
"COPE","Bin_4",-0.444854683219692,4,4.54685198147353,2,0.713775216848439
"COPE","Bin_5",-1.54094048872874,5,5.84595254760882,2,0.713775216848439
"COPE","Bin_6",-1.65072127420638,6,7.14505311374411,2,0.713775216848439
"COPE","Bin_7",-1.23373290681559,7,8.4441536798794,2,0.713775216848439
"COPE","Bin_8",-0.387358762657405,8,9.7432542460147,2,0.713775216848439
"COPE","Bin_9",0.403412995283,9,11.04235481215,2,0.713775216848439
"COPE","Bin_10",0.532799255296529,10,12.3414553782853,2,0.713775216848439
"COPE","Bin_11",0.627121215064432,11,13.6405559444206,2,0.713775216848439
"COPE","Bin_12",0.424377143389996,12,14.9396565105559,2,0.713775216848439
"COPE","Bin_13",0.691683458368815,13,16.2387570766912,2,0.713775216848439
"COPE","Bin_14",0.646265567210951,14,17.5378576428265,2,0.713775216848439
"COPE","Bin_15",0.560588208086048,15,18.8369582089617,2,0.713775216848439
"COPE","Bin_16",0.537791878386511,16,20.136058775097,2,0.713775216848439
"COPE","Bin_17",0.94565454858401,17,21.4351593412323,2,0.713775216848439
"COPE","Bin_18",0.922389963578624,18,22.7342599073676,2,0.713775216848439
"COPE","Bin_19",1.25434658365847,19,24.0333604735029,2,0.713775216848439
"COPE","Bin_20",1.30480924875495,20,25.3324610396382,2,0.713775216848439
"HMGN1","Bin_1",-0.56962586591655,1,0.649550283067647,2,0.693066369484072
"HMGN1","Bin_2",-1.44380383371567,2,1.94865084920294,2,0.693066369484072
"HMGN1","Bin_3",-1.42178612635749,3,3.24775141533823,2,0.693066369484072
"HMGN1","Bin_4",-0.826501755229982,4,4.54685198147353,2,0.693066369484072
"HMGN1","Bin_5",-0.900564274362434,5,5.84595254760882,2,0.693066369484072
"HMGN1","Bin_6",-2.33180855746176,6,7.14505311374411,2,0.693066369484072
"HMGN1","Bin_7",-0.884539561017401,7,8.4441536798794,2,0.693066369484072
"HMGN1","Bin_8",-0.23978396482092,8,9.7432542460147,2,0.693066369484072
"HMGN1","Bin_9",0.844836920422539,9,11.04235481215,2,0.693066369484072
"HMGN1","Bin_10",0.959339157860512,10,12.3414553782853,2,0.693066369484072
"HMGN1","Bin_11",0.798592965499429,11,13.6405559444206,2,0.693066369484072
"HMGN1","Bin_12",0.61918070578895,12,14.9396565105559,2,0.693066369484072
"HMGN1","Bin_13",0.487903333478733,13,16.2387570766912,2,0.693066369484072
"HMGN1","Bin_14",0.398543254787335,14,17.5378576428265,2,0.693066369484072
"HMGN1","Bin_15",0.465155665956003,15,18.8369582089617,2,0.693066369484072
"HMGN1","Bin_16",0.517488828348217,16,20.136058775097,2,0.693066369484072
"HMGN1","Bin_17",0.610877696702672,17,21.4351593412323,2,0.693066369484072
"HMGN1","Bin_18",0.802174713686147,18,22.7342599073676,2,0.693066369484072
"HMGN1","Bin_19",1.12795215079752,19,24.0333604735029,2,0.693066369484072
"HMGN1","Bin_20",0.986368545554157,20,25.3324610396382,2,0.693066369484072
"CXCR4","Bin_1",-0.813607869501591,1,0.649550283067647,2,0.492745944494868
"CXCR4","Bin_2",-0.903041689554194,2,1.94865084920294,2,0.492745944494868
"CXCR4","Bin_3",-0.646454471051177,3,3.24775141533823,2,0.492745944494868
"CXCR4","Bin_4",-0.351738892272363,4,4.54685198147353,2,0.492745944494868
"CXCR4","Bin_5",-1.09489920625845,5,5.84595254760882,2,0.492745944494868
"CXCR4","Bin_6",-1.36044160747025,6,7.14505311374411,2,0.492745944494868
"CXCR4","Bin_7",0.050095758444921,7,8.4441536798794,2,0.492745944494868
"CXCR4","Bin_8",-0.786766285868838,8,9.7432542460147,2,0.492745944494868
"CXCR4","Bin_9",-0.55475585199894,9,11.04235481215,2,0.492745944494868
"CXCR4","Bin_10",-0.735442009506788,10,12.3414553782853,2,0.492745944494868
"CXCR4","Bin_11",-0.31236343217662,11,13.6405559444206,2,0.492745944494868
"CXCR4","Bin_12",-0.435425456834709,12,14.9396565105559,2,0.492745944494868
"CXCR4","Bin_13",-0.116789045194036,13,16.2387570766912,2,0.492745944494868
"CXCR4","Bin_14",0.440074025084893,14,17.5378576428265,2,0.492745944494868
"CXCR4","Bin_15",0.517156932390642,15,18.8369582089617,2,0.492745944494868
"CXCR4","Bin_16",0.346277981334779,16,20.136058775097,2,0.492745944494868
"CXCR4","Bin_17",1.73290962790281,17,21.4351593412323,2,0.492745944494868
"CXCR4","Bin_18",1.98196930475869,18,22.7342599073676,2,0.492745944494868
"CXCR4","Bin_19",1.61521190148518,19,24.0333604735029,2,0.492745944494868
"CXCR4","Bin_20",1.42803028628603,20,25.3324610396382,2,0.492745944494868
"COMT","Bin_1",-0.350430948749771,1,0.649550283067647,2,0.707324765546156
"COMT","Bin_2",-1.2316619410535,2,1.94865084920294,2,0.707324765546156
"COMT","Bin_3",-1.24633952192027,3,3.24775141533823,2,0.707324765546156
"COMT","Bin_4",-1.49353452949784,4,4.54685198147353,2,0.707324765546156
"COMT","Bin_5",-1.5622979734307,5,5.84595254760882,2,0.707324765546156
"COMT","Bin_6",-1.43621604417218,6,7.14505311374411,2,0.707324765546156
"COMT","Bin_7",-1.00042362230848,7,8.4441536798794,2,0.707324765546156
"COMT","Bin_8",-0.857694169809217,8,9.7432542460147,2,0.707324765546156
"COMT","Bin_9",0.676816233241168,9,11.04235481215,2,0.707324765546156
"COMT","Bin_10",1.13093527806949,10,12.3414553782853,2,0.707324765546156
"COMT","Bin_11",0.86683890305634,11,13.6405559444206,2,0.707324765546156
"COMT","Bin_12",0.92688743148157,12,14.9396565105559,2,0.707324765546156
"COMT","Bin_13",0.633562752037096,13,16.2387570766912,2,0.707324765546156
"COMT","Bin_14",0.519554232668215,14,17.5378576428265,2,0.707324765546156
"COMT","Bin_15",0.622904566793762,15,18.8369582089617,2,0.707324765546156
"COMT","Bin_16",0.687016572287909,16,20.136058775097,2,0.707324765546156
"COMT","Bin_17",0.625080749736644,17,21.4351593412323,2,0.707324765546156
"COMT","Bin_18",0.839319610356648,18,22.7342599073676,2,0.707324765546156
"COMT","Bin_19",0.798891432087139,19,24.0333604735029,2,0.707324765546156
"COMT","Bin_20",0.850790989125973,20,25.3324610396382,2,0.707324765546156
"DPM1","Bin_1",-0.92609363469412,1,0.649550283067647,2,0.681744311086538
"DPM1","Bin_2",-1.33291783622683,2,1.94865084920294,2,0.681744311086538
"DPM1","Bin_3",-1.56652960082741,3,3.24775141533823,2,0.681744311086538
"DPM1","Bin_4",-1.32095892817649,4,4.54685198147353,2,0.681744311086538
"DPM1","Bin_5",-1.63142964603273,5,5.84595254760882,2,0.681744311086538
"DPM1","Bin_6",-0.823244004089855,6,7.14505311374411,2,0.681744311086538
"DPM1","Bin_7",-1.27540610237564,7,8.4441536798794,2,0.681744311086538
"DPM1","Bin_8",0.426598637511522,8,9.7432542460147,2,0.681744311086538
"DPM1","Bin_9",0.368969689779271,9,11.04235481215,2,0.681744311086538
"DPM1","Bin_10",0.991887534099223,10,12.3414553782853,2,0.681744311086538
"DPM1","Bin_11",0.740081762290653,11,13.6405559444206,2,0.681744311086538
"DPM1","Bin_12",0.373132644275093,12,14.9396565105559,2,0.681744311086538
"DPM1","Bin_13",0.688124657112401,13,16.2387570766912,2,0.681744311086538
"DPM1","Bin_14",0.31925482096815,14,17.5378576428265,2,0.681744311086538
"DPM1","Bin_15",0.391618312007628,15,18.8369582089617,2,0.681744311086538
"DPM1","Bin_16",0.588856871213179,16,20.136058775097,2,0.681744311086538
"DPM1","Bin_17",0.756717320320924,17,21.4351593412323,2,0.681744311086538
"DPM1","Bin_18",0.842316755916184,18,22.7342599073676,2,0.681744311086538
"DPM1","Bin_19",1.20998541844339,19,24.0333604735029,2,0.681744311086538
"DPM1","Bin_20",1.17903532848546,20,25.3324610396382,2,0.681744311086538
"POLR2H","Bin_1",-1.05643120448849,1,0.649550283067647,2,0.693360003019845
"POLR2H","Bin_2",-1.38447428423664,2,1.94865084920294,2,0.693360003019845
"POLR2H","Bin_3",-1.58760382161938,3,3.24775141533823,2,0.693360003019845
"POLR2H","Bin_4",-1.29554275369732,4,4.54685198147353,2,0.693360003019845
"POLR2H","Bin_5",-1.52515744093482,5,5.84595254760882,2,0.693360003019845
"POLR2H","Bin_6",-0.99140549211109,6,7.14505311374411,2,0.693360003019845
"POLR2H","Bin_7",-1.15575117941292,7,8.4441536798794,2,0.693360003019845
"POLR2H","Bin_8",-0.0191244429913289,8,9.7432542460147,2,0.693360003019845
"POLR2H","Bin_9",0.734012284363541,9,11.04235481215,2,0.693360003019845
"POLR2H","Bin_10",1.07808576543011,10,12.3414553782853,2,0.693360003019845
"POLR2H","Bin_11",0.955832087370459,11,13.6405559444206,2,0.693360003019845
"POLR2H","Bin_12",0.741383342168869,12,14.9396565105559,2,0.693360003019845
"POLR2H","Bin_13",0.750552308765178,13,16.2387570766912,2,0.693360003019845
"POLR2H","Bin_14",0.593514236914095,14,17.5378576428265,2,0.693360003019845
"POLR2H","Bin_15",0.503822230580787,15,18.8369582089617,2,0.693360003019845
"POLR2H","Bin_16",0.774383873247312,16,20.136058775097,2,0.693360003019845
"POLR2H","Bin_17",0.537799367709614,17,21.4351593412323,2,0.693360003019845
"POLR2H","Bin_18",0.573592430112389,18,22.7342599073676,2,0.693360003019845
"POLR2H","Bin_19",0.86877560384291,19,24.0333604735029,2,0.693360003019845
"POLR2H","Bin_20",0.903737088986732,20,25.3324610396382,2,0.693360003019845
"HSD17B1","Bin_1",-1.22120551941218,1,0.649550283067647,2,0.443738655458999
"HSD17B1","Bin_2",-1.22865087281187,2,1.94865084920294,2,0.443738655458999
"HSD17B1","Bin_3",-1.3033133941195,3,3.24775141533823,2,0.443738655458999
"HSD17B1","Bin_4",-1.27742411371964,4,4.54685198147353,2,0.443738655458999
"HSD17B1","Bin_5",-1.25604284322291,5,5.84595254760882,2,0.443738655458999
"HSD17B1","Bin_6",1.3884936644484,6,7.14505311374411,2,0.443738655458999
"HSD17B1","Bin_7",-0.166287961491454,7,8.4441536798794,2,0.443738655458999
"HSD17B1","Bin_8",0.438597006998921,8,9.7432542460147,2,0.443738655458999
"HSD17B1","Bin_9",-0.243443558407045,9,11.04235481215,2,0.443738655458999
"HSD17B1","Bin_10",-0.221843807942828,10,12.3414553782853,2,0.443738655458999
"HSD17B1","Bin_11",-0.254082563143894,11,13.6405559444206,2,0.443738655458999
"HSD17B1","Bin_12",-0.0795441307759183,12,14.9396565105559,2,0.443738655458999
"HSD17B1","Bin_13",-0.348536254329067,13,16.2387570766912,2,0.443738655458999
"HSD17B1","Bin_14",-0.0860732362744196,14,17.5378576428265,2,0.443738655458999
"HSD17B1","Bin_15",0.146318578698954,15,18.8369582089617,2,0.443738655458999
"HSD17B1","Bin_16",-0.0733574046651559,16,20.136058775097,2,0.443738655458999
"HSD17B1","Bin_17",1.05568910720633,17,21.4351593412323,2,0.443738655458999
"HSD17B1","Bin_18",1.54656383761827,18,22.7342599073676,2,0.443738655458999
"HSD17B1","Bin_19",1.71914144969097,19,24.0333604735029,2,0.443738655458999
"HSD17B1","Bin_20",1.46500201565404,20,25.3324610396382,2,0.443738655458999
"CYB5A","Bin_1",0.47020411259492,1,0.649550283067647,2,0.618543907195927
"CYB5A","Bin_2",-1.16097998894113,2,1.94865084920294,2,0.618543907195927
"CYB5A","Bin_3",-1.31123129154439,3,3.24775141533823,2,0.618543907195927
"CYB5A","Bin_4",-1.35730831736995,4,4.54685198147353,2,0.618543907195927
"CYB5A","Bin_5",-1.68564907603407,5,5.84595254760882,2,0.618543907195927
"CYB5A","Bin_6",-0.948857235236308,6,7.14505311374411,2,0.618543907195927
"CYB5A","Bin_7",-0.665332572738158,7,8.4441536798794,2,0.618543907195927
"CYB5A","Bin_8",-0.829109234027724,8,9.7432542460147,2,0.618543907195927
"CYB5A","Bin_9",0.506699047724532,9,11.04235481215,2,0.618543907195927
"CYB5A","Bin_10",0.642384664422522,10,12.3414553782853,2,0.618543907195927
"CYB5A","Bin_11",0.20645760929542,11,13.6405559444206,2,0.618543907195927
"CYB5A","Bin_12",0.406750557315052,12,14.9396565105559,2,0.618543907195927
"CYB5A","Bin_13",-0.102787769096454,13,16.2387570766912,2,0.618543907195927
"CYB5A","Bin_14",-0.274730781299472,14,17.5378576428265,2,0.618543907195927
"CYB5A","Bin_15",0.0996559425753715,15,18.8369582089617,2,0.618543907195927
"CYB5A","Bin_16",0.430090855692206,16,20.136058775097,2,0.618543907195927
"CYB5A","Bin_17",1.5464722080803,17,21.4351593412323,2,0.618543907195927
"CYB5A","Bin_18",1.31917164766388,18,22.7342599073676,2,0.618543907195927
"CYB5A","Bin_19",1.21179765951321,19,24.0333604735029,2,0.618543907195927
"CYB5A","Bin_20",1.49630196141024,20,25.3324610396382,2,0.618543907195927
"WDR83OS","Bin_1",-0.219286263891963,1,0.649550283067647,2,0.657264774822604
"WDR83OS","Bin_2",-0.755586096063544,2,1.94865084920294,2,0.657264774822604
"WDR83OS","Bin_3",-0.890139739452639,3,3.24775141533823,2,0.657264774822604
"WDR83OS","Bin_4",-1.26285292051666,4,4.54685198147353,2,0.657264774822604
"WDR83OS","Bin_5",-1.8948974612114,5,5.84595254760882,2,0.657264774822604
"WDR83OS","Bin_6",-1.76537943215725,6,7.14505311374411,2,0.657264774822604
"WDR83OS","Bin_7",-1.571186376552,7,8.4441536798794,2,0.657264774822604
"WDR83OS","Bin_8",0.251600332443157,8,9.7432542460147,2,0.657264774822604
"WDR83OS","Bin_9",0.28495801423828,9,11.04235481215,2,0.657264774822604
"WDR83OS","Bin_10",0.291392016003198,10,12.3414553782853,2,0.657264774822604
"WDR83OS","Bin_11",0.458729480512658,11,13.6405559444206,2,0.657264774822604
"WDR83OS","Bin_12",0.443027412370275,12,14.9396565105559,2,0.657264774822604
"WDR83OS","Bin_13",0.483057716120887,13,16.2387570766912,2,0.657264774822604
"WDR83OS","Bin_14",0.463588833166633,14,17.5378576428265,2,0.657264774822604
"WDR83OS","Bin_15",0.616736494954131,15,18.8369582089617,2,0.657264774822604
"WDR83OS","Bin_16",0.602588941987328,16,20.136058775097,2,0.657264774822604
"WDR83OS","Bin_17",1.1633769580782,17,21.4351593412323,2,0.657264774822604
"WDR83OS","Bin_18",1.03650008706804,18,22.7342599073676,2,0.657264774822604
"WDR83OS","Bin_19",1.13751302052851,19,24.0333604735029,2,0.657264774822604
"WDR83OS","Bin_20",1.12625898237416,20,25.3324610396382,2,0.657264774822604
"PHGDH","Bin_1",-1.72713819004012,1,0.649550283067647,2,0.667641274036437
"PHGDH","Bin_2",-1.40383507896128,2,1.94865084920294,2,0.667641274036437
"PHGDH","Bin_3",-1.50416076037109,3,3.24775141533823,2,0.667641274036437
"PHGDH","Bin_4",-0.845028284371733,4,4.54685198147353,2,0.667641274036437
"PHGDH","Bin_5",-0.937429820270166,5,5.84595254760882,2,0.667641274036437
"PHGDH","Bin_6",-1.50747698894983,6,7.14505311374411,2,0.667641274036437
"PHGDH","Bin_7",0.00400213099104009,7,8.4441536798794,2,0.667641274036437
"PHGDH","Bin_8",-0.882666728568679,8,9.7432542460147,2,0.667641274036437
"PHGDH","Bin_9",0.803585538651527,9,11.04235481215,2,0.667641274036437
"PHGDH","Bin_10",0.807528708863859,10,12.3414553782853,2,0.667641274036437
"PHGDH","Bin_11",0.61628972243561,11,13.6405559444206,2,0.667641274036437
"PHGDH","Bin_12",0.667676508407683,12,14.9396565105559,2,0.667641274036437
"PHGDH","Bin_13",0.54319188104573,13,16.2387570766912,2,0.667641274036437
"PHGDH","Bin_14",0.550702629742915,14,17.5378576428265,2,0.667641274036437
"PHGDH","Bin_15",0.421772501540996,15,18.8369582089617,2,0.667641274036437
"PHGDH","Bin_16",0.596397854802026,16,20.136058775097,2,0.667641274036437
"PHGDH","Bin_17",0.632401685460619,17,21.4351593412323,2,0.667641274036437
"PHGDH","Bin_18",0.904695961886057,18,22.7342599073676,2,0.667641274036437
"PHGDH","Bin_19",1.36729942399401,19,24.0333604735029,2,0.667641274036437
"PHGDH","Bin_20",0.892191303710827,20,25.3324610396382,2,0.667641274036437
"SIX1","Bin_1",-1.14371246778669,1,0.649550283067647,2,0.652022654268934
"SIX1","Bin_2",-1.38286649297679,2,1.94865084920294,2,0.652022654268934
"SIX1","Bin_3",-1.4003916238282,3,3.24775141533823,2,0.652022654268934
"SIX1","Bin_4",-1.26061637720981,4,4.54685198147353,2,0.652022654268934
"SIX1","Bin_5",-1.35189665684994,5,5.84595254760882,2,0.652022654268934
"SIX1","Bin_6",-0.845380820921417,6,7.14505311374411,2,0.652022654268934
"SIX1","Bin_7",-0.723614372554248,7,8.4441536798794,2,0.652022654268934
"SIX1","Bin_8",-0.909597954856833,8,9.7432542460147,2,0.652022654268934
"SIX1","Bin_9",-0.0523732269923573,9,11.04235481215,2,0.652022654268934
"SIX1","Bin_10",0.317350043944349,10,12.3414553782853,2,0.652022654268934
"SIX1","Bin_11",0.99167531608021,11,13.6405559444206,2,0.652022654268934
"SIX1","Bin_12",0.500404825228703,12,14.9396565105559,2,0.652022654268934
"SIX1","Bin_13",0.915843238483672,13,16.2387570766912,2,0.652022654268934
"SIX1","Bin_14",1.27107884681488,14,17.5378576428265,2,0.652022654268934
"SIX1","Bin_15",0.851447880740948,15,18.8369582089617,2,0.652022654268934
"SIX1","Bin_16",1.05139051667817,16,20.136058775097,2,0.652022654268934
"SIX1","Bin_17",1.08788820788628,17,21.4351593412323,2,0.652022654268934
"SIX1","Bin_18",0.929442084664882,18,22.7342599073676,2,0.652022654268934
"SIX1","Bin_19",0.597677315752389,19,24.0333604735029,2,0.652022654268934
"SIX1","Bin_20",0.556251717701795,20,25.3324610396382,2,0.652022654268934
"PDCD6","Bin_1",-0.859629582434339,1,0.649550283067647,2,0.717846604387382
"PDCD6","Bin_2",-1.28457093382966,2,1.94865084920294,2,0.717846604387382
"PDCD6","Bin_3",-1.31077520394203,3,3.24775141533823,2,0.717846604387382
"PDCD6","Bin_4",-1.08530991222549,4,4.54685198147353,2,0.717846604387382
"PDCD6","Bin_5",-1.27218986063636,5,5.84595254760882,2,0.717846604387382
"PDCD6","Bin_6",-1.0348596607863,6,7.14505311374411,2,0.717846604387382
"PDCD6","Bin_7",-1.02235965753927,7,8.4441536798794,2,0.717846604387382
"PDCD6","Bin_8",-1.31711427392746,8,9.7432542460147,2,0.717846604387382
"PDCD6","Bin_9",0.570793490596477,9,11.04235481215,2,0.717846604387382
"PDCD6","Bin_10",0.745319846496813,10,12.3414553782853,2,0.717846604387382
"PDCD6","Bin_11",0.769082734373702,11,13.6405559444206,2,0.717846604387382
"PDCD6","Bin_12",0.639951975394647,12,14.9396565105559,2,0.717846604387382
"PDCD6","Bin_13",0.390883214224469,13,16.2387570766912,2,0.717846604387382
"PDCD6","Bin_14",0.315513994474905,14,17.5378576428265,2,0.717846604387382
"PDCD6","Bin_15",0.541975729510577,15,18.8369582089617,2,0.717846604387382
"PDCD6","Bin_16",0.571505238696358,16,20.136058775097,2,0.717846604387382
"PDCD6","Bin_17",0.942902453434085,17,21.4351593412323,2,0.717846604387382
"PDCD6","Bin_18",1.14645478901691,18,22.7342599073676,2,0.717846604387382
"PDCD6","Bin_19",1.39783551291539,19,24.0333604735029,2,0.717846604387382
"PDCD6","Bin_20",1.15459010618657,20,25.3324610396382,2,0.717846604387382
"RPS6","Bin_1",-0.386467527539745,1,0.649550283067647,2,0.521741602561806
"RPS6","Bin_2",-0.572481444967826,2,1.94865084920294,2,0.521741602561806
"RPS6","Bin_3",-0.976988615682412,3,3.24775141533823,2,0.521741602561806
"RPS6","Bin_4",-1.9506807845134,4,4.54685198147353,2,0.521741602561806
"RPS6","Bin_5",0.244663343707701,5,5.84595254760882,2,0.521741602561806
"RPS6","Bin_6",-2.74225211956953,6,7.14505311374411,2,0.521741602561806
"RPS6","Bin_7",-1.10323934138775,7,8.4441536798794,2,0.521741602561806
"RPS6","Bin_8",0.19500425509101,8,9.7432542460147,2,0.521741602561806
"RPS6","Bin_9",0.728397021885328,9,11.04235481215,2,0.521741602561806
"RPS6","Bin_10",0.602667661967501,10,12.3414553782853,2,0.521741602561806
"RPS6","Bin_11",0.440550209898734,11,13.6405559444206,2,0.521741602561806
"RPS6","Bin_12",0.748977735078201,12,14.9396565105559,2,0.521741602561806
"RPS6","Bin_13",0.92051241200372,13,16.2387570766912,2,0.521741602561806
"RPS6","Bin_14",0.969196153475048,14,17.5378576428265,2,0.521741602561806
"RPS6","Bin_15",0.728888796653512,15,18.8369582089617,2,0.521741602561806
"RPS6","Bin_16",0.526577624406428,16,20.136058775097,2,0.521741602561806
"RPS6","Bin_17",0.36543598293955,17,21.4351593412323,2,0.521741602561806
"RPS6","Bin_18",0.504033384138062,18,22.7342599073676,2,0.521741602561806
"RPS6","Bin_19",0.449073161630272,19,24.0333604735029,2,0.521741602561806
"RPS6","Bin_20",0.308132090785599,20,25.3324610396382,2,0.521741602561806
"PERP","Bin_1",-1.14110331778444,1,0.649550283067647,2,0.658645333421297
"PERP","Bin_2",-0.906399276690567,2,1.94865084920294,2,0.658645333421297
"PERP","Bin_3",-1.11053781374366,3,3.24775141533823,2,0.658645333421297
"PERP","Bin_4",-1.33193950788406,4,4.54685198147353,2,0.658645333421297
"PERP","Bin_5",-2.04007578983152,5,5.84595254760882,2,0.658645333421297
"PERP","Bin_6",-1.55868982763784,6,7.14505311374411,2,0.658645333421297
"PERP","Bin_7",-0.862850314111258,7,8.4441536798794,2,0.658645333421297
"PERP","Bin_8",0.579967832554273,8,9.7432542460147,2,0.658645333421297
"PERP","Bin_9",0.806682024222699,9,11.04235481215,2,0.658645333421297
"PERP","Bin_10",0.764961396067956,10,12.3414553782853,2,0.658645333421297
"PERP","Bin_11",0.688912545233276,11,13.6405559444206,2,0.658645333421297
"PERP","Bin_12",0.714074734663896,12,14.9396565105559,2,0.658645333421297
"PERP","Bin_13",0.504026138164173,13,16.2387570766912,2,0.658645333421297
"PERP","Bin_14",0.221324275663759,14,17.5378576428265,2,0.658645333421297
"PERP","Bin_15",0.71108186380515,15,18.8369582089617,2,0.658645333421297
"PERP","Bin_16",0.711399867321519,16,20.136058775097,2,0.658645333421297
"PERP","Bin_17",0.858020822196712,17,21.4351593412323,2,0.658645333421297
"PERP","Bin_18",0.709022832710336,18,22.7342599073676,2,0.658645333421297
"PERP","Bin_19",0.778485204746098,19,24.0333604735029,2,0.658645333421297
"PERP","Bin_20",0.903636310333488,20,25.3324610396382,2,0.658645333421297
"RPS11","Bin_1",-0.432933565249686,1,0.649550283067647,2,0.488982750407129
"RPS11","Bin_2",-0.356690725111328,2,1.94865084920294,2,0.488982750407129
"RPS11","Bin_3",-0.323233892795583,3,3.24775141533823,2,0.488982750407129
"RPS11","Bin_4",-1.18488788407167,4,4.54685198147353,2,0.488982750407129
"RPS11","Bin_5",0.338905794464494,5,5.84595254760882,2,0.488982750407129
"RPS11","Bin_6",-2.89063375662601,6,7.14505311374411,2,0.488982750407129
"RPS11","Bin_7",-1.45353674053479,7,8.4441536798794,2,0.488982750407129
"RPS11","Bin_8",-1.26593856394835,8,9.7432542460147,2,0.488982750407129
"RPS11","Bin_9",0.584603367936102,9,11.04235481215,2,0.488982750407129
"RPS11","Bin_10",0.506928246583063,10,12.3414553782853,2,0.488982750407129
"RPS11","Bin_11",0.446169036944315,11,13.6405559444206,2,0.488982750407129
"RPS11","Bin_12",0.677858157399281,12,14.9396565105559,2,0.488982750407129
"RPS11","Bin_13",0.802664579468694,13,16.2387570766912,2,0.488982750407129
"RPS11","Bin_14",0.874180126052854,14,17.5378576428265,2,0.488982750407129
"RPS11","Bin_15",0.750270803217426,15,18.8369582089617,2,0.488982750407129
"RPS11","Bin_16",0.447733712299688,16,20.136058775097,2,0.488982750407129
"RPS11","Bin_17",0.541405188279939,17,21.4351593412323,2,0.488982750407129
"RPS11","Bin_18",0.700788398082806,18,22.7342599073676,2,0.488982750407129
"RPS11","Bin_19",0.699659881244963,19,24.0333604735029,2,0.488982750407129
"RPS11","Bin_20",0.536687836363776,20,25.3324610396382,2,0.488982750407129
"PIGP","Bin_1",-0.754094765723373,1,0.649550283067647,2,0.725759755157842
"PIGP","Bin_2",-1.07126433248241,2,1.94865084920294,2,0.725759755157842
"PIGP","Bin_3",-1.2518938626679,3,3.24775141533823,2,0.725759755157842
"PIGP","Bin_4",-1.08504721332091,4,4.54685198147353,2,0.725759755157842
"PIGP","Bin_5",-1.42506184339227,5,5.84595254760882,2,0.725759755157842
"PIGP","Bin_6",-1.63662411450034,6,7.14505311374411,2,0.725759755157842
"PIGP","Bin_7",-1.32415866310876,7,8.4441536798794,2,0.725759755157842
"PIGP","Bin_8",-0.66380918238874,8,9.7432542460147,2,0.725759755157842
"PIGP","Bin_9",0.336401168841301,9,11.04235481215,2,0.725759755157842
"PIGP","Bin_10",0.878957825755213,10,12.3414553782853,2,0.725759755157842
"PIGP","Bin_11",0.906079177531974,11,13.6405559444206,2,0.725759755157842
"PIGP","Bin_12",0.922321402592096,12,14.9396565105559,2,0.725759755157842
"PIGP","Bin_13",0.477419450101233,13,16.2387570766912,2,0.725759755157842
"PIGP","Bin_14",0.518862583790329,14,17.5378576428265,2,0.725759755157842
"PIGP","Bin_15",0.737826940475916,15,18.8369582089617,2,0.725759755157842
"PIGP","Bin_16",0.697352004154151,16,20.136058775097,2,0.725759755157842
"PIGP","Bin_17",0.805225113525001,17,21.4351593412323,2,0.725759755157842
"PIGP","Bin_18",1.00032121753185,18,22.7342599073676,2,0.725759755157842
"PIGP","Bin_19",0.829960256910708,19,24.0333604735029,2,0.725759755157842
"PIGP","Bin_20",1.10122683637494,20,25.3324610396382,2,0.725759755157842
"VDAC2","Bin_1",-0.830452688752499,1,0.649550283067647,2,0.720741041012959
"VDAC2","Bin_2",-0.967179187474678,2,1.94865084920294,2,0.720741041012959
"VDAC2","Bin_3",-0.954406403195748,3,3.24775141533823,2,0.720741041012959
"VDAC2","Bin_4",-1.23246873044948,4,4.54685198147353,2,0.720741041012959
"VDAC2","Bin_5",-1.23946135342766,5,5.84595254760882,2,0.720741041012959
"VDAC2","Bin_6",-1.81858538573621,6,7.14505311374411,2,0.720741041012959
"VDAC2","Bin_7",-1.1916756700916,7,8.4441536798794,2,0.720741041012959
"VDAC2","Bin_8",-0.963313573452339,8,9.7432542460147,2,0.720741041012959
"VDAC2","Bin_9",0.832498920695073,9,11.04235481215,2,0.720741041012959
"VDAC2","Bin_10",0.990195322918725,10,12.3414553782853,2,0.720741041012959
"VDAC2","Bin_11",0.799466322385026,11,13.6405559444206,2,0.720741041012959
"VDAC2","Bin_12",0.570810292394167,12,14.9396565105559,2,0.720741041012959
"VDAC2","Bin_13",0.69040704690822,13,16.2387570766912,2,0.720741041012959
"VDAC2","Bin_14",0.428151442110072,14,17.5378576428265,2,0.720741041012959
"VDAC2","Bin_15",0.508877394868088,15,18.8369582089617,2,0.720741041012959
"VDAC2","Bin_16",0.457400656525818,16,20.136058775097,2,0.720741041012959
"VDAC2","Bin_17",0.819105445463522,17,21.4351593412323,2,0.720741041012959
"VDAC2","Bin_18",0.788119511570922,18,22.7342599073676,2,0.720741041012959
"VDAC2","Bin_19",1.05407202355643,19,24.0333604735029,2,0.720741041012959
"VDAC2","Bin_20",1.25843861318415,20,25.3324610396382,2,0.720741041012959
"CDK4","Bin_1",-1.16525861151463,1,0.649550283067647,2,0.699067022830909
"CDK4","Bin_2",-1.30611612446001,2,1.94865084920294,2,0.699067022830909
"CDK4","Bin_3",-1.25272768858677,3,3.24775141533823,2,0.699067022830909
"CDK4","Bin_4",-1.29364251408971,4,4.54685198147353,2,0.699067022830909
"CDK4","Bin_5",-1.38142679545531,5,5.84595254760882,2,0.699067022830909
"CDK4","Bin_6",-0.976489556734704,6,7.14505311374411,2,0.699067022830909
"CDK4","Bin_7",-1.00146362445162,7,8.4441536798794,2,0.699067022830909
"CDK4","Bin_8",-0.968383486637393,8,9.7432542460147,2,0.699067022830909
"CDK4","Bin_9",0.608659681323675,9,11.04235481215,2,0.699067022830909
"CDK4","Bin_10",1.16167618448641,10,12.3414553782853,2,0.699067022830909
"CDK4","Bin_11",0.966816220001414,11,13.6405559444206,2,0.699067022830909
"CDK4","Bin_12",0.766550340055451,12,14.9396565105559,2,0.699067022830909
"CDK4","Bin_13",0.948302818167538,13,16.2387570766912,2,0.699067022830909
"CDK4","Bin_14",0.678618320544318,14,17.5378576428265,2,0.699067022830909
"CDK4","Bin_15",0.496448687863962,15,18.8369582089617,2,0.699067022830909
"CDK4","Bin_16",0.666918037165479,16,20.136058775097,2,0.699067022830909
"CDK4","Bin_17",0.373904436080304,17,21.4351593412323,2,0.699067022830909
"CDK4","Bin_18",0.683944879508423,18,22.7342599073676,2,0.699067022830909
"CDK4","Bin_19",1.03255292624958,19,24.0333604735029,2,0.699067022830909
"CDK4","Bin_20",0.961115870483604,20,25.3324610396382,2,0.699067022830909
"AP2M1","Bin_1",-0.970620787497732,1,0.649550283067647,2,0.711438100091041
"AP2M1","Bin_2",-1.20995339295487,2,1.94865084920294,2,0.711438100091041
"AP2M1","Bin_3",-1.30728503309822,3,3.24775141533823,2,0.711438100091041
"AP2M1","Bin_4",-1.03803703575513,4,4.54685198147353,2,0.711438100091041
"AP2M1","Bin_5",-1.3909900929451,5,5.84595254760882,2,0.711438100091041
"AP2M1","Bin_6",-1.99428990763484,6,7.14505311374411,2,0.711438100091041
"AP2M1","Bin_7",-0.608548471011466,7,8.4441536798794,2,0.711438100091041
"AP2M1","Bin_8",-0.416214922544777,8,9.7432542460147,2,0.711438100091041
"AP2M1","Bin_9",0.928921408780289,9,11.04235481215,2,0.711438100091041
"AP2M1","Bin_10",1.07037265041127,10,12.3414553782853,2,0.711438100091041
"AP2M1","Bin_11",0.842236007102269,11,13.6405559444206,2,0.711438100091041
"AP2M1","Bin_12",0.774719770763765,12,14.9396565105559,2,0.711438100091041
"AP2M1","Bin_13",0.529134119189283,13,16.2387570766912,2,0.711438100091041
"AP2M1","Bin_14",0.22188937474923,14,17.5378576428265,2,0.711438100091041
"AP2M1","Bin_15",0.457847538898209,15,18.8369582089617,2,0.711438100091041
"AP2M1","Bin_16",0.614779959242725,16,20.136058775097,2,0.711438100091041
"AP2M1","Bin_17",0.737054243473201,17,21.4351593412323,2,0.711438100091041
"AP2M1","Bin_18",0.764459024582891,18,22.7342599073676,2,0.711438100091041
"AP2M1","Bin_19",1.00523861509728,19,24.0333604735029,2,0.711438100091041
"AP2M1","Bin_20",0.989286931151717,20,25.3324610396382,2,0.711438100091041
"TNNT1","Bin_1",-0.927527836464998,1,0.649550283067647,2,0.537682048399203
"TNNT1","Bin_2",-0.916184018938229,2,1.94865084920294,2,0.537682048399203
"TNNT1","Bin_3",-0.882560805598009,3,3.24775141533823,2,0.537682048399203
"TNNT1","Bin_4",-0.841551933581055,4,4.54685198147353,2,0.537682048399203
"TNNT1","Bin_5",-0.784630329333317,5,5.84595254760882,2,0.537682048399203
"TNNT1","Bin_6",-0.927527836464998,6,7.14505311374411,2,0.537682048399203
"TNNT1","Bin_7",-0.927527836464998,7,8.4441536798794,2,0.537682048399203
"TNNT1","Bin_8",-0.416656284596164,8,9.7432542460147,2,0.537682048399203
"TNNT1","Bin_9",-0.286540357550507,9,11.04235481215,2,0.537682048399203
"TNNT1","Bin_10",-0.0881355878164564,10,12.3414553782853,2,0.537682048399203
"TNNT1","Bin_11",0.10680947836976,11,13.6405559444206,2,0.537682048399203
"TNNT1","Bin_12",0.519409409265819,12,14.9396565105559,2,0.537682048399203
"TNNT1","Bin_13",-0.595157063375101,13,16.2387570766912,2,0.537682048399203
"TNNT1","Bin_14",-0.57852552606055,14,17.5378576428265,2,0.537682048399203
"TNNT1","Bin_15",0.410873201593943,15,18.8369582089617,2,0.537682048399203
"TNNT1","Bin_16",0.718762498444224,16,20.136058775097,2,0.537682048399203
"TNNT1","Bin_17",2.33646435046465,17,21.4351593412323,2,0.537682048399203
"TNNT1","Bin_18",1.9541085347316,18,22.7342599073676,2,0.537682048399203
"TNNT1","Bin_19",0.962667230851952,19,24.0333604735029,2,0.537682048399203
"TNNT1","Bin_20",1.16343071252244,20,25.3324610396382,2,0.537682048399203
"CXCL14","Bin_1",-1.40546519049397,1,0.649550283067647,2,0.478566681143873
"CXCL14","Bin_2",-1.00608354423719,2,1.94865084920294,2,0.478566681143873
"CXCL14","Bin_3",0.625565259743788,3,3.24775141533823,2,0.478566681143873
"CXCL14","Bin_4",-1.32887719832263,4,4.54685198147353,2,0.478566681143873
"CXCL14","Bin_5",-1.39021165884014,5,5.84595254760882,2,0.478566681143873
"CXCL14","Bin_6",-1.46229602081829,6,7.14505311374411,2,0.478566681143873
"CXCL14","Bin_7",-0.547180183730689,7,8.4441536798794,2,0.478566681143873
"CXCL14","Bin_8",0.389502862320039,8,9.7432542460147,2,0.478566681143873
"CXCL14","Bin_9",0.127429932241604,9,11.04235481215,2,0.478566681143873
"CXCL14","Bin_10",0.171897548189272,10,12.3414553782853,2,0.478566681143873
"CXCL14","Bin_11",-0.309632742369038,11,13.6405559444206,2,0.478566681143873
"CXCL14","Bin_12",0.0508866035547666,12,14.9396565105559,2,0.478566681143873
"CXCL14","Bin_13",0.329675561555617,13,16.2387570766912,2,0.478566681143873
"CXCL14","Bin_14",0.95934576486262,14,17.5378576428265,2,0.478566681143873
"CXCL14","Bin_15",0.342667451367132,15,18.8369582089617,2,0.478566681143873
"CXCL14","Bin_16",-0.0895883634763592,16,20.136058775097,2,0.478566681143873
"CXCL14","Bin_17",0.13533772306248,17,21.4351593412323,2,0.478566681143873
"CXCL14","Bin_18",1.14405534639981,18,22.7342599073676,2,0.478566681143873
"CXCL14","Bin_19",0.799708539028011,19,24.0333604735029,2,0.478566681143873
"CXCL14","Bin_20",2.46326230996316,20,25.3324610396382,2,0.478566681143873
"TECR","Bin_1",-0.696047264217406,1,0.649550283067647,2,0.699607238003048
"TECR","Bin_2",-1.18149193589441,2,1.94865084920294,2,0.699607238003048
"TECR","Bin_3",-1.49288299493645,3,3.24775141533823,2,0.699607238003048
"TECR","Bin_4",-0.806424237842978,4,4.54685198147353,2,0.699607238003048
"TECR","Bin_5",-1.97146355010412,5,5.84595254760882,2,0.699607238003048
"TECR","Bin_6",-1.59110352671211,6,7.14505311374411,2,0.699607238003048
"TECR","Bin_7",-0.425064884463901,7,8.4441536798794,2,0.699607238003048
"TECR","Bin_8",-0.484602947665267,8,9.7432542460147,2,0.699607238003048
"TECR","Bin_9",0.120092753351898,9,11.04235481215,2,0.699607238003048
"TECR","Bin_10",0.527060412059735,10,12.3414553782853,2,0.699607238003048
"TECR","Bin_11",0.652651574852209,11,13.6405559444206,2,0.699607238003048
"TECR","Bin_12",0.386839076519095,12,14.9396565105559,2,0.699607238003048
"TECR","Bin_13",0.53625918669853,13,16.2387570766912,2,0.699607238003048
"TECR","Bin_14",0.591282429046858,14,17.5378576428265,2,0.699607238003048
"TECR","Bin_15",0.672269036572626,15,18.8369582089617,2,0.699607238003048
"TECR","Bin_16",0.768588055626527,16,20.136058775097,2,0.699607238003048
"TECR","Bin_17",1.18640627590913,17,21.4351593412323,2,0.699607238003048
"TECR","Bin_18",1.06780703106276,18,22.7342599073676,2,0.699607238003048
"TECR","Bin_19",0.965265025104024,19,24.0333604735029,2,0.699607238003048
"TECR","Bin_20",1.17456048503324,20,25.3324610396382,2,0.699607238003048
"MRPL36","Bin_1",-1.13070245679614,1,0.649550283067647,2,0.717531670802776
"MRPL36","Bin_2",-1.24869447836023,2,1.94865084920294,2,0.717531670802776
"MRPL36","Bin_3",-1.18689030254141,3,3.24775141533823,2,0.717531670802776
"MRPL36","Bin_4",-0.836761331115138,4,4.54685198147353,2,0.717531670802776
"MRPL36","Bin_5",-1.10473282280364,5,5.84595254760882,2,0.717531670802776
"MRPL36","Bin_6",-1.70710117677003,6,7.14505311374411,2,0.717531670802776
"MRPL36","Bin_7",-1.12585613666909,7,8.4441536798794,2,0.717531670802776
"MRPL36","Bin_8",-0.431890699794541,8,9.7432542460147,2,0.717531670802776
"MRPL36","Bin_9",0.665966443663789,9,11.04235481215,2,0.717531670802776
"MRPL36","Bin_10",0.896346351918137,10,12.3414553782853,2,0.717531670802776
"MRPL36","Bin_11",0.804353258481707,11,13.6405559444206,2,0.717531670802776
"MRPL36","Bin_12",0.346580794534269,12,14.9396565105559,2,0.717531670802776
"MRPL36","Bin_13",0.452697197533211,13,16.2387570766912,2,0.717531670802776
"MRPL36","Bin_14",0.0563505150138103,14,17.5378576428265,2,0.717531670802776
"MRPL36","Bin_15",0.350456686484137,15,18.8369582089617,2,0.717531670802776
"MRPL36","Bin_16",0.480834432790199,16,20.136058775097,2,0.717531670802776
"MRPL36","Bin_17",0.789008101703455,17,21.4351593412323,2,0.717531670802776
"MRPL36","Bin_18",1.03127417629842,18,22.7342599073676,2,0.717531670802776
"MRPL36","Bin_19",1.47211658282,19,24.0333604735029,2,0.717531670802776
"MRPL36","Bin_20",1.42664486360909,20,25.3324610396382,2,0.717531670802776
"KRT19","Bin_1",-0.498417222535796,1,0.649550283067647,2,0.70728643874226
"KRT19","Bin_2",-0.980981199572862,2,1.94865084920294,2,0.70728643874226
"KRT19","Bin_3",-1.35171440027185,3,3.24775141533823,2,0.70728643874226
"KRT19","Bin_4",-1.59021090509993,4,4.54685198147353,2,0.70728643874226
"KRT19","Bin_5",-1.47476548948569,5,5.84595254760882,2,0.70728643874226
"KRT19","Bin_6",-1.61590414291108,6,7.14505311374411,2,0.70728643874226
"KRT19","Bin_7",-0.563770859766485,7,8.4441536798794,2,0.70728643874226
"KRT19","Bin_8",-0.654231410488141,8,9.7432542460147,2,0.70728643874226
"KRT19","Bin_9",0.574371851385476,9,11.04235481215,2,0.70728643874226
"KRT19","Bin_10",0.751331434381656,10,12.3414553782853,2,0.70728643874226
"KRT19","Bin_11",0.645212190875612,11,13.6405559444206,2,0.70728643874226
"KRT19","Bin_12",0.812021841888498,12,14.9396565105559,2,0.70728643874226
"KRT19","Bin_13",0.171319784376778,13,16.2387570766912,2,0.70728643874226
"KRT19","Bin_14",0.0287415076486374,14,17.5378576428265,2,0.70728643874226
"KRT19","Bin_15",0.66031517468592,15,18.8369582089617,2,0.70728643874226
"KRT19","Bin_16",0.636026562344154,16,20.136058775097,2,0.70728643874226
"KRT19","Bin_17",1.18658773384788,17,21.4351593412323,2,0.70728643874226
"KRT19","Bin_18",0.872553594170904,18,22.7342599073676,2,0.70728643874226
"KRT19","Bin_19",1.32146591316265,19,24.0333604735029,2,0.70728643874226
"KRT19","Bin_20",1.07004804136368,20,25.3324610396382,2,0.70728643874226
"HINT2","Bin_1",-0.717718161894895,1,0.649550283067647,2,0.720821735519807
"HINT2","Bin_2",-1.20843821758794,2,1.94865084920294,2,0.720821735519807
"HINT2","Bin_3",-1.11557551032522,3,3.24775141533823,2,0.720821735519807
"HINT2","Bin_4",-1.15489699825349,4,4.54685198147353,2,0.720821735519807
"HINT2","Bin_5",-1.39046253390202,5,5.84595254760882,2,0.720821735519807
"HINT2","Bin_6",-1.64417271162923,6,7.14505311374411,2,0.720821735519807
"HINT2","Bin_7",-1.34187577097266,7,8.4441536798794,2,0.720821735519807
"HINT2","Bin_8",-0.218852353959259,8,9.7432542460147,2,0.720821735519807
"HINT2","Bin_9",0.555856174101329,9,11.04235481215,2,0.720821735519807
"HINT2","Bin_10",0.80469833376818,10,12.3414553782853,2,0.720821735519807
"HINT2","Bin_11",0.920424322187351,11,13.6405559444206,2,0.720821735519807
"HINT2","Bin_12",0.536700231277642,12,14.9396565105559,2,0.720821735519807
"HINT2","Bin_13",0.510669757777932,13,16.2387570766912,2,0.720821735519807
"HINT2","Bin_14",0.269810151179467,14,17.5378576428265,2,0.720821735519807
"HINT2","Bin_15",0.304002173807337,15,18.8369582089617,2,0.720821735519807
"HINT2","Bin_16",0.546813766942731,16,20.136058775097,2,0.720821735519807
"HINT2","Bin_17",0.830900361862755,17,21.4351593412323,2,0.720821735519807
"HINT2","Bin_18",0.771134718231864,18,22.7342599073676,2,0.720821735519807
"HINT2","Bin_19",1.14381774013559,19,24.0333604735029,2,0.720821735519807
"HINT2","Bin_20",1.59716452725253,20,25.3324610396382,2,0.720821735519807
"MTRNR2L12","Bin_1",1.58159117432734,1,0.649550283067647,1,0.642898769446255
"MTRNR2L12","Bin_2",2.23380584283915,2,1.94865084920294,1,0.642898769446255
"MTRNR2L12","Bin_3",2.27634710633629,3,3.24775141533823,1,0.642898769446255
"MTRNR2L12","Bin_4",1.48673728800607,4,4.54685198147353,1,0.642898769446255
"MTRNR2L12","Bin_5",-0.353663083508434,5,5.84595254760882,1,0.642898769446255
"MTRNR2L12","Bin_6",0.152853226737928,6,7.14505311374411,1,0.642898769446255
"MTRNR2L12","Bin_7",-0.31828952015564,7,8.4441536798794,1,0.642898769446255
"MTRNR2L12","Bin_8",-0.678384123314894,8,9.7432542460147,1,0.642898769446255
"MTRNR2L12","Bin_9",-0.505543698428176,9,11.04235481215,1,0.642898769446255
"MTRNR2L12","Bin_10",-0.560547813491304,10,12.3414553782853,1,0.642898769446255
"MTRNR2L12","Bin_11",-0.503694868175612,11,13.6405559444206,1,0.642898769446255
"MTRNR2L12","Bin_12",-0.531766395251972,12,14.9396565105559,1,0.642898769446255
"MTRNR2L12","Bin_13",-0.536096951684559,13,16.2387570766912,1,0.642898769446255
"MTRNR2L12","Bin_14",-0.513627621613016,14,17.5378576428265,1,0.642898769446255
"MTRNR2L12","Bin_15",-0.496540706192177,15,18.8369582089617,1,0.642898769446255
"MTRNR2L12","Bin_16",-0.485899318989707,16,20.136058775097,1,0.642898769446255
"MTRNR2L12","Bin_17",-0.520612816172858,17,21.4351593412323,1,0.642898769446255
"MTRNR2L12","Bin_18",-0.542965487610965,18,22.7342599073676,1,0.642898769446255
"MTRNR2L12","Bin_19",-0.588621047321355,19,24.0333604735029,1,0.642898769446255
"MTRNR2L12","Bin_20",-0.595081186336111,20,25.3324610396382,1,0.642898769446255
"DBI","Bin_1",-0.930221709651288,1,0.649550283067647,2,0.677075811071647
"DBI","Bin_2",-1.34960559111384,2,1.94865084920294,2,0.677075811071647
"DBI","Bin_3",-1.68596545392476,3,3.24775141533823,2,0.677075811071647
"DBI","Bin_4",-1.17584102859371,4,4.54685198147353,2,0.677075811071647
"DBI","Bin_5",-0.467435352023764,5,5.84595254760882,2,0.677075811071647
"DBI","Bin_6",-1.06424748834036,6,7.14505311374411,2,0.677075811071647
"DBI","Bin_7",-1.62326115624924,7,8.4441536798794,2,0.677075811071647
"DBI","Bin_8",-0.70201978198897,8,9.7432542460147,2,0.677075811071647
"DBI","Bin_9",0.994448855844,9,11.04235481215,2,0.677075811071647
"DBI","Bin_10",0.91549866865567,10,12.3414553782853,2,0.677075811071647
"DBI","Bin_11",0.567808231953222,11,13.6405559444206,2,0.677075811071647
"DBI","Bin_12",0.939995495859812,12,14.9396565105559,2,0.677075811071647
"DBI","Bin_13",0.533978726326086,13,16.2387570766912,2,0.677075811071647
"DBI","Bin_14",0.398420249889369,14,17.5378576428265,2,0.677075811071647
"DBI","Bin_15",0.489909166762078,15,18.8369582089617,2,0.677075811071647
"DBI","Bin_16",0.358705211196636,16,20.136058775097,2,0.677075811071647
"DBI","Bin_17",0.616396069523375,17,21.4351593412323,2,0.677075811071647
"DBI","Bin_18",1.01635159248802,18,22.7342599073676,2,0.677075811071647
"DBI","Bin_19",1.04760423812946,19,24.0333604735029,2,0.677075811071647
"DBI","Bin_20",1.11948105525821,20,25.3324610396382,2,0.677075811071647
"VIM","Bin_1",-1.78135967362473,1,0.649550283067647,2,0.615460453879931
"VIM","Bin_2",-0.85184726605703,2,1.94865084920294,2,0.615460453879931
"VIM","Bin_3",-0.444892031662052,3,3.24775141533823,2,0.615460453879931
"VIM","Bin_4",-0.961478150887339,4,4.54685198147353,2,0.615460453879931
"VIM","Bin_5",-1.36266328321687,5,5.84595254760882,2,0.615460453879931
"VIM","Bin_6",-2.23159066860942,6,7.14505311374411,2,0.615460453879931
"VIM","Bin_7",-0.504012071214492,7,8.4441536798794,2,0.615460453879931
"VIM","Bin_8",0.0320955377843761,8,9.7432542460147,2,0.615460453879931
"VIM","Bin_9",0.201964354515251,9,11.04235481215,2,0.615460453879931
"VIM","Bin_10",0.333635145728043,10,12.3414553782853,2,0.615460453879931
"VIM","Bin_11",0.469013602876406,11,13.6405559444206,2,0.615460453879931
"VIM","Bin_12",0.422237206333936,12,14.9396565105559,2,0.615460453879931
"VIM","Bin_13",0.170087639214774,13,16.2387570766912,2,0.615460453879931
"VIM","Bin_14",0.714921402662037,14,17.5378576428265,2,0.615460453879931
"VIM","Bin_15",0.881470432923351,15,18.8369582089617,2,0.615460453879931
"VIM","Bin_16",0.925489218559982,16,20.136058775097,2,0.615460453879931
"VIM","Bin_17",1.31643909363552,17,21.4351593412323,2,0.615460453879931
"VIM","Bin_18",1.07149284519041,18,22.7342599073676,2,0.615460453879931
"VIM","Bin_19",0.840799239768393,19,24.0333604735029,2,0.615460453879931
"VIM","Bin_20",0.758197426079455,20,25.3324610396382,2,0.615460453879931
"C19orf53","Bin_1",-0.718627090978521,1,0.649550283067647,2,0.698580633792173
"C19orf53","Bin_2",-1.14227121088628,2,1.94865084920294,2,0.698580633792173
"C19orf53","Bin_3",-0.995625489263935,3,3.24775141533823,2,0.698580633792173
"C19orf53","Bin_4",-0.590917386184955,4,4.54685198147353,2,0.698580633792173
"C19orf53","Bin_5",-1.76010085820432,5,5.84595254760882,2,0.698580633792173
"C19orf53","Bin_6",-1.91868131496454,6,7.14505311374411,2,0.698580633792173
"C19orf53","Bin_7",-1.37218904998419,7,8.4441536798794,2,0.698580633792173
"C19orf53","Bin_8",-0.469590501658234,8,9.7432542460147,2,0.698580633792173
"C19orf53","Bin_9",0.472532262337475,9,11.04235481215,2,0.698580633792173
"C19orf53","Bin_10",0.63700265427106,10,12.3414553782853,2,0.698580633792173
"C19orf53","Bin_11",0.735615778016305,11,13.6405559444206,2,0.698580633792173
"C19orf53","Bin_12",0.573308453556005,12,14.9396565105559,2,0.698580633792173
"C19orf53","Bin_13",0.78473011152321,13,16.2387570766912,2,0.698580633792173
"C19orf53","Bin_14",0.729714353012386,14,17.5378576428265,2,0.698580633792173
"C19orf53","Bin_15",0.814520212062165,15,18.8369582089617,2,0.698580633792173
"C19orf53","Bin_16",0.647014333093425,16,20.136058775097,2,0.698580633792173
"C19orf53","Bin_17",0.734618337582196,17,21.4351593412323,2,0.698580633792173
"C19orf53","Bin_18",0.940808814643653,18,22.7342599073676,2,0.698580633792173
"C19orf53","Bin_19",0.940374140034525,19,24.0333604735029,2,0.698580633792173
"C19orf53","Bin_20",0.957763451992554,20,25.3324610396382,2,0.698580633792173
"MT-ND4","Bin_1",0.987849291156606,1,0.649550283067647,1,0.394430447720393
"MT-ND4","Bin_2",1.26701038731226,2,1.94865084920294,1,0.394430447720393
"MT-ND4","Bin_3",1.25603697372796,3,3.24775141533823,1,0.394430447720393
"MT-ND4","Bin_4",0.988031549225606,4,4.54685198147353,1,0.394430447720393
"MT-ND4","Bin_5",-0.901993355000002,5,5.84595254760882,1,0.394430447720393
"MT-ND4","Bin_6",0.730642517755029,6,7.14505311374411,1,0.394430447720393
"MT-ND4","Bin_7",1.22539923744987,7,8.4441536798794,1,0.394430447720393
"MT-ND4","Bin_8",-3.10779325019988,8,9.7432542460147,1,0.394430447720393
"MT-ND4","Bin_9",-0.472630285617703,9,11.04235481215,1,0.394430447720393
"MT-ND4","Bin_10",0.118456076611841,10,12.3414553782853,1,0.394430447720393
"MT-ND4","Bin_11",-0.0499964655476633,11,13.6405559444206,1,0.394430447720393
"MT-ND4","Bin_12",-0.167370852372132,12,14.9396565105559,1,0.394430447720393
"MT-ND4","Bin_13",0.0186327315542678,13,16.2387570766912,1,0.394430447720393
"MT-ND4","Bin_14",-0.133943324686659,14,17.5378576428265,1,0.394430447720393
"MT-ND4","Bin_15",-0.483883957856015,15,18.8369582089617,1,0.394430447720393
"MT-ND4","Bin_16",-0.517262642259099,16,20.136058775097,1,0.394430447720393
"MT-ND4","Bin_17",-0.741851878456917,17,21.4351593412323,1,0.394430447720393
"MT-ND4","Bin_18",-0.113075555170097,18,22.7342599073676,1,0.394430447720393
"MT-ND4","Bin_19",0.0191456417740654,19,24.0333604735029,1,0.394430447720393
"MT-ND4","Bin_20",0.0785971605986512,20,25.3324610396382,1,0.394430447720393
"CA2","Bin_1",1.00891854513467,1,0.649550283067647,2,0.374358179075166
"CA2","Bin_2",-0.646003218356815,2,1.94865084920294,2,0.374358179075166
"CA2","Bin_3",-0.795840122421857,3,3.24775141533823,2,0.374358179075166
"CA2","Bin_4",-0.810172064177108,4,4.54685198147353,2,0.374358179075166
"CA2","Bin_5",-0.712452804613106,5,5.84595254760882,2,0.374358179075166
"CA2","Bin_6",-0.859502859955899,6,7.14505311374411,2,0.374358179075166
"CA2","Bin_7",-0.694642009798615,7,8.4441536798794,2,0.374358179075166
"CA2","Bin_8",-0.211714967538225,8,9.7432542460147,2,0.374358179075166
"CA2","Bin_9",-0.340460333126862,9,11.04235481215,2,0.374358179075166
"CA2","Bin_10",-0.200479926915241,10,12.3414553782853,2,0.374358179075166
"CA2","Bin_11",-0.365895380203278,11,13.6405559444206,2,0.374358179075166
"CA2","Bin_12",-0.492280593372889,12,14.9396565105559,2,0.374358179075166
"CA2","Bin_13",-0.358866835065644,13,16.2387570766912,2,0.374358179075166
"CA2","Bin_14",-0.545712946224491,14,17.5378576428265,2,0.374358179075166
"CA2","Bin_15",-0.318053092798675,15,18.8369582089617,2,0.374358179075166
"CA2","Bin_16",-0.269733743513475,16,20.136058775097,2,0.374358179075166
"CA2","Bin_17",0.654949269179175,17,21.4351593412323,2,0.374358179075166
"CA2","Bin_18",1.2771946820077,18,22.7342599073676,2,0.374358179075166
"CA2","Bin_19",1.91988443706509,19,24.0333604735029,2,0.374358179075166
"CA2","Bin_20",2.76086396469554,20,25.3324610396382,2,0.374358179075166
"RPL34","Bin_1",1.12998740760307,1,0.649550283067647,1,0.376790627578965
"RPL34","Bin_2",1.33120810040159,2,1.94865084920294,1,0.376790627578965
"RPL34","Bin_3",1.43663402214969,3,3.24775141533823,1,0.376790627578965
"RPL34","Bin_4",0.646710772776825,4,4.54685198147353,1,0.376790627578965
"RPL34","Bin_5",1.1489186200582,5,5.84595254760882,1,0.376790627578965
"RPL34","Bin_6",-2.76374319594998,6,7.14505311374411,1,0.376790627578965
"RPL34","Bin_7",-1.72720636865423,7,8.4441536798794,1,0.376790627578965
"RPL34","Bin_8",-1.00464918119949,8,9.7432542460147,1,0.376790627578965
"RPL34","Bin_9",-0.00258500408989122,9,11.04235481215,1,0.376790627578965
"RPL34","Bin_10",-0.168596366360685,10,12.3414553782853,1,0.376790627578965
"RPL34","Bin_11",-0.146862747615861,11,13.6405559444206,1,0.376790627578965
"RPL34","Bin_12",0.142134769994625,12,14.9396565105559,1,0.376790627578965
"RPL34","Bin_13",0.0968002419293558,13,16.2387570766912,1,0.376790627578965
"RPL34","Bin_14",0.345761083465579,14,17.5378576428265,1,0.376790627578965
"RPL34","Bin_15",0.274646853509147,15,18.8369582089617,1,0.376790627578965
"RPL34","Bin_16",0.00341830626949346,16,20.136058775097,1,0.376790627578965
"RPL34","Bin_17",-0.072370199206326,17,21.4351593412323,1,0.376790627578965
"RPL34","Bin_18",0.00695872769524245,18,22.7342599073676,1,0.376790627578965
"RPL34","Bin_19",-0.271948017127926,19,24.0333604735029,1,0.376790627578965
"RPL34","Bin_20",-0.405217825648435,20,25.3324610396382,1,0.376790627578965
"RAB10","Bin_1",-0.746120784264627,1,0.649550283067647,2,0.720801223739848
"RAB10","Bin_2",-1.21372033662791,2,1.94865084920294,2,0.720801223739848
"RAB10","Bin_3",-1.35895939565951,3,3.24775141533823,2,0.720801223739848
"RAB10","Bin_4",-1.36790278044759,4,4.54685198147353,2,0.720801223739848
"RAB10","Bin_5",-1.67008227989938,5,5.84595254760882,2,0.720801223739848
"RAB10","Bin_6",-1.43485044022258,6,7.14505311374411,2,0.720801223739848
"RAB10","Bin_7",-0.78989451695825,7,8.4441536798794,2,0.720801223739848
"RAB10","Bin_8",-0.305560439371791,8,9.7432542460147,2,0.720801223739848
"RAB10","Bin_9",0.562763356868948,9,11.04235481215,2,0.720801223739848
"RAB10","Bin_10",1.10751947773845,10,12.3414553782853,2,0.720801223739848
"RAB10","Bin_11",0.999088488347159,11,13.6405559444206,2,0.720801223739848
"RAB10","Bin_12",0.681912365762278,12,14.9396565105559,2,0.720801223739848
"RAB10","Bin_13",0.242851128755871,13,16.2387570766912,2,0.720801223739848
"RAB10","Bin_14",0.249169630119846,14,17.5378576428265,2,0.720801223739848
"RAB10","Bin_15",0.502649343214606,15,18.8369582089617,2,0.720801223739848
"RAB10","Bin_16",0.67234113198052,16,20.136058775097,2,0.720801223739848
"RAB10","Bin_17",0.707591807704765,17,21.4351593412323,2,0.720801223739848
"RAB10","Bin_18",0.949716513645083,18,22.7342599073676,2,0.720801223739848
"RAB10","Bin_19",1.16385973409379,19,24.0333604735029,2,0.720801223739848
"RAB10","Bin_20",1.04762799522032,20,25.3324610396382,2,0.720801223739848
"LMO4","Bin_1",-1.67398091653098,1,0.649550283067647,2,0.651946259515675
"LMO4","Bin_2",-1.04076212102744,2,1.94865084920294,2,0.651946259515675
"LMO4","Bin_3",-1.31630628919545,3,3.24775141533823,2,0.651946259515675
"LMO4","Bin_4",-0.498577449420696,4,4.54685198147353,2,0.651946259515675
"LMO4","Bin_5",-1.43743903505136,5,5.84595254760882,2,0.651946259515675
"LMO4","Bin_6",-0.865009392520497,6,7.14505311374411,2,0.651946259515675
"LMO4","Bin_7",-1.10136694503995,7,8.4441536798794,2,0.651946259515675
"LMO4","Bin_8",-1.12140597974036,8,9.7432542460147,2,0.651946259515675
"LMO4","Bin_9",0.242483769983477,9,11.04235481215,2,0.651946259515675
"LMO4","Bin_10",0.305157469660753,10,12.3414553782853,2,0.651946259515675
"LMO4","Bin_11",0.665019232377779,11,13.6405559444206,2,0.651946259515675
"LMO4","Bin_12",0.452536008434481,12,14.9396565105559,2,0.651946259515675
"LMO4","Bin_13",0.840955679548397,13,16.2387570766912,2,0.651946259515675
"LMO4","Bin_14",1.0098490835666,14,17.5378576428265,2,0.651946259515675
"LMO4","Bin_15",0.953588730129886,15,18.8369582089617,2,0.651946259515675
"LMO4","Bin_16",0.678820133198607,16,20.136058775097,2,0.651946259515675
"LMO4","Bin_17",0.893221832750857,17,21.4351593412323,2,0.651946259515675
"LMO4","Bin_18",1.19715627453754,18,22.7342599073676,2,0.651946259515675
"LMO4","Bin_19",1.09799533828717,19,24.0333604735029,2,0.651946259515675
"LMO4","Bin_20",0.718064576051176,20,25.3324610396382,2,0.651946259515675
"SH3BGR","Bin_1",-1.16714767511605,1,0.649550283067647,2,0.647770530961929
"SH3BGR","Bin_2",-1.053277422182,2,1.94865084920294,2,0.647770530961929
"SH3BGR","Bin_3",-1.03840725791794,3,3.24775141533823,2,0.647770530961929
"SH3BGR","Bin_4",-1.14955336426456,4,4.54685198147353,2,0.647770530961929
"SH3BGR","Bin_5",-1.23478993544974,5,5.84595254760882,2,0.647770530961929
"SH3BGR","Bin_6",-1.31941292503741,6,7.14505311374411,2,0.647770530961929
"SH3BGR","Bin_7",-0.653669921738233,7,8.4441536798794,2,0.647770530961929
"SH3BGR","Bin_8",-0.450890252272569,8,9.7432542460147,2,0.647770530961929
"SH3BGR","Bin_9",-0.00537706437088201,9,11.04235481215,2,0.647770530961929
"SH3BGR","Bin_10",0.236952169033389,10,12.3414553782853,2,0.647770530961929
"SH3BGR","Bin_11",0.311619182446194,11,13.6405559444206,2,0.647770530961929
"SH3BGR","Bin_12",0.130878642732874,12,14.9396565105559,2,0.647770530961929
"SH3BGR","Bin_13",-0.0155234494090436,13,16.2387570766912,2,0.647770530961929
"SH3BGR","Bin_14",0.289160705002189,14,17.5378576428265,2,0.647770530961929
"SH3BGR","Bin_15",0.741123967991538,15,18.8369582089617,2,0.647770530961929
"SH3BGR","Bin_16",0.599239264910541,16,20.136058775097,2,0.647770530961929
"SH3BGR","Bin_17",2.01601216304788,17,21.4351593412323,2,0.647770530961929
"SH3BGR","Bin_18",1.49351103249422,18,22.7342599073676,2,0.647770530961929
"SH3BGR","Bin_19",1.45063629511989,19,24.0333604735029,2,0.647770530961929
"SH3BGR","Bin_20",0.818915844979708,20,25.3324610396382,2,0.647770530961929
"BABAM1","Bin_1",-1.05597588827048,1,0.649550283067647,2,0.722766434456141
"BABAM1","Bin_2",-1.21833418267246,2,1.94865084920294,2,0.722766434456141
"BABAM1","Bin_3",-1.30889050668216,3,3.24775141533823,2,0.722766434456141
"BABAM1","Bin_4",-0.921914611222542,4,4.54685198147353,2,0.722766434456141
"BABAM1","Bin_5",-1.29345047218647,5,5.84595254760882,2,0.722766434456141
"BABAM1","Bin_6",-1.66804627665297,6,7.14505311374411,2,0.722766434456141
"BABAM1","Bin_7",-1.31881763786961,7,8.4441536798794,2,0.722766434456141
"BABAM1","Bin_8",-0.41493568078598,8,9.7432542460147,2,0.722766434456141
"BABAM1","Bin_9",0.320513044783154,9,11.04235481215,2,0.722766434456141
"BABAM1","Bin_10",0.883446170438086,10,12.3414553782853,2,0.722766434456141
"BABAM1","Bin_11",0.933105503146623,11,13.6405559444206,2,0.722766434456141
"BABAM1","Bin_12",0.60707580584607,12,14.9396565105559,2,0.722766434456141
"BABAM1","Bin_13",0.780359710664242,13,16.2387570766912,2,0.722766434456141
"BABAM1","Bin_14",0.600967240218429,14,17.5378576428265,2,0.722766434456141
"BABAM1","Bin_15",0.726685218906089,15,18.8369582089617,2,0.722766434456141
"BABAM1","Bin_16",0.803451466549671,16,20.136058775097,2,0.722766434456141
"BABAM1","Bin_17",0.720257766932163,17,21.4351593412323,2,0.722766434456141
"BABAM1","Bin_18",0.840082355644423,18,22.7342599073676,2,0.722766434456141
"BABAM1","Bin_19",0.918124041177304,19,24.0333604735029,2,0.722766434456141
"BABAM1","Bin_20",1.06629693203641,20,25.3324610396382,2,0.722766434456141
"ATP5PF","Bin_1",-0.555723394505557,1,0.649550283067647,2,0.706628107547144
"ATP5PF","Bin_2",-1.19044936901152,2,1.94865084920294,2,0.706628107547144
"ATP5PF","Bin_3",-1.19356477835038,3,3.24775141533823,2,0.706628107547144
"ATP5PF","Bin_4",-0.750653579412741,4,4.54685198147353,2,0.706628107547144
"ATP5PF","Bin_5",-1.22448675982727,5,5.84595254760882,2,0.706628107547144
"ATP5PF","Bin_6",-1.67251505936596,6,7.14505311374411,2,0.706628107547144
"ATP5PF","Bin_7",-1.74168785708885,7,8.4441536798794,2,0.706628107547144
"ATP5PF","Bin_8",-0.573579246370056,8,9.7432542460147,2,0.706628107547144
"ATP5PF","Bin_9",0.828392041305535,9,11.04235481215,2,0.706628107547144
"ATP5PF","Bin_10",1.03679924367728,10,12.3414553782853,2,0.706628107547144
"ATP5PF","Bin_11",0.701971116724111,11,13.6405559444206,2,0.706628107547144
"ATP5PF","Bin_12",0.638037435782737,12,14.9396565105559,2,0.706628107547144
"ATP5PF","Bin_13",0.486855774246582,13,16.2387570766912,2,0.706628107547144
"ATP5PF","Bin_14",0.261314287812247,14,17.5378576428265,2,0.706628107547144
"ATP5PF","Bin_15",0.528088698205237,15,18.8369582089617,2,0.706628107547144
"ATP5PF","Bin_16",0.383579037951557,16,20.136058775097,2,0.706628107547144
"ATP5PF","Bin_17",0.711470937283148,17,21.4351593412323,2,0.706628107547144
"ATP5PF","Bin_18",0.94448061804071,18,22.7342599073676,2,0.706628107547144
"ATP5PF","Bin_19",1.18986993190424,19,24.0333604735029,2,0.706628107547144
"ATP5PF","Bin_20",1.19180092099896,20,25.3324610396382,2,0.706628107547144
"CDC123","Bin_1",-0.881953188350539,1,0.649550283067647,2,0.700539016645491
"CDC123","Bin_2",-1.27048372850184,2,1.94865084920294,2,0.700539016645491
"CDC123","Bin_3",-1.3927044613521,3,3.24775141533823,2,0.700539016645491
"CDC123","Bin_4",-1.05280178803158,4,4.54685198147353,2,0.700539016645491
"CDC123","Bin_5",-1.39106208766485,5,5.84595254760882,2,0.700539016645491
"CDC123","Bin_6",-1.63326369825701,6,7.14505311374411,2,0.700539016645491
"CDC123","Bin_7",-0.640421980176659,7,8.4441536798794,2,0.700539016645491
"CDC123","Bin_8",-0.3062812069936,8,9.7432542460147,2,0.700539016645491
"CDC123","Bin_9",0.792099805623035,9,11.04235481215,2,0.700539016645491
"CDC123","Bin_10",1.3445880947765,10,12.3414553782853,2,0.700539016645491
"CDC123","Bin_11",0.855429193013019,11,13.6405559444206,2,0.700539016645491
"CDC123","Bin_12",0.403061315792486,12,14.9396565105559,2,0.700539016645491
"CDC123","Bin_13",0.547225818163849,13,16.2387570766912,2,0.700539016645491
"CDC123","Bin_14",0.0822881825274353,14,17.5378576428265,2,0.700539016645491
"CDC123","Bin_15",0.0827622761013407,15,18.8369582089617,2,0.700539016645491
"CDC123","Bin_16",0.502509735332519,16,20.136058775097,2,0.700539016645491
"CDC123","Bin_17",0.458536836614208,17,21.4351593412323,2,0.700539016645491
"CDC123","Bin_18",0.772568763857103,18,22.7342599073676,2,0.700539016645491
"CDC123","Bin_19",1.48737404250827,19,24.0333604735029,2,0.700539016645491
"CDC123","Bin_20",1.24052807501841,20,25.3324610396382,2,0.700539016645491
"CBR1","Bin_1",-1.33852519543082,1,0.649550283067647,2,0.707741376081089
"CBR1","Bin_2",-1.17062808672389,2,1.94865084920294,2,0.707741376081089
"CBR1","Bin_3",-0.966807783440786,3,3.24775141533823,2,0.707741376081089
"CBR1","Bin_4",-1.00076061066113,4,4.54685198147353,2,0.707741376081089
"CBR1","Bin_5",-1.2097135930314,5,5.84595254760882,2,0.707741376081089
"CBR1","Bin_6",-1.68889394258552,6,7.14505311374411,2,0.707741376081089
"CBR1","Bin_7",-1.17116701062682,7,8.4441536798794,2,0.707741376081089
"CBR1","Bin_8",-0.227376659817867,8,9.7432542460147,2,0.707741376081089
"CBR1","Bin_9",0.557673719009244,9,11.04235481215,2,0.707741376081089
"CBR1","Bin_10",1.05549723422648,10,12.3414553782853,2,0.707741376081089
"CBR1","Bin_11",0.896050107037617,11,13.6405559444206,2,0.707741376081089
"CBR1","Bin_12",0.662825752102501,12,14.9396565105559,2,0.707741376081089
"CBR1","Bin_13",0.241947752941634,13,16.2387570766912,2,0.707741376081089
"CBR1","Bin_14",0.177599209369404,14,17.5378576428265,2,0.707741376081089
"CBR1","Bin_15",0.351172290563372,15,18.8369582089617,2,0.707741376081089
"CBR1","Bin_16",0.452088273776022,16,20.136058775097,2,0.707741376081089
"CBR1","Bin_17",0.701612899959208,17,21.4351593412323,2,0.707741376081089
"CBR1","Bin_18",1.00035788265549,18,22.7342599073676,2,0.707741376081089
"CBR1","Bin_19",1.36368341424858,19,24.0333604735029,2,0.707741376081089
"CBR1","Bin_20",1.31336434642868,20,25.3324610396382,2,0.707741376081089
"PPP1R16A","Bin_1",-1.19718939775957,1,0.649550283067647,2,0.574992641491063
"PPP1R16A","Bin_2",-0.773070439332106,2,1.94865084920294,2,0.574992641491063
"PPP1R16A","Bin_3",-1.04186266597231,3,3.24775141533823,2,0.574992641491063
"PPP1R16A","Bin_4",-1.23871361369477,4,4.54685198147353,2,0.574992641491063
"PPP1R16A","Bin_5",-1.24941992163093,5,5.84595254760882,2,0.574992641491063
"PPP1R16A","Bin_6",-0.870115552899866,6,7.14505311374411,2,0.574992641491063
"PPP1R16A","Bin_7",-0.169347793394159,7,8.4441536798794,2,0.574992641491063
"PPP1R16A","Bin_8",-1.00577245073189,8,9.7432542460147,2,0.574992641491063
"PPP1R16A","Bin_9",-0.279897119806967,9,11.04235481215,2,0.574992641491063
"PPP1R16A","Bin_10",-0.206414567583029,10,12.3414553782853,2,0.574992641491063
"PPP1R16A","Bin_11",0.0590205971721822,11,13.6405559444206,2,0.574992641491063
"PPP1R16A","Bin_12",-0.00627014918738096,12,14.9396565105559,2,0.574992641491063
"PPP1R16A","Bin_13",0.170018075775369,13,16.2387570766912,2,0.574992641491063
"PPP1R16A","Bin_14",0.72298488914837,14,17.5378576428265,2,0.574992641491063
"PPP1R16A","Bin_15",0.81836571088539,15,18.8369582089617,2,0.574992641491063
"PPP1R16A","Bin_16",0.740608762793062,16,20.136058775097,2,0.574992641491063
"PPP1R16A","Bin_17",2.1559674076878,17,21.4351593412323,2,0.574992641491063
"PPP1R16A","Bin_18",1.53787024268374,18,22.7342599073676,2,0.574992641491063
"PPP1R16A","Bin_19",1.36543521611708,19,24.0333604735029,2,0.574992641491063
"PPP1R16A","Bin_20",0.46780276972997,20,25.3324610396382,2,0.574992641491063
"COX4I1","Bin_1",-0.290644268261499,1,0.649550283067647,2,0.639355454311719
"COX4I1","Bin_2",-0.569895749401193,2,1.94865084920294,2,0.639355454311719
"COX4I1","Bin_3",-0.890564276567133,3,3.24775141533823,2,0.639355454311719
"COX4I1","Bin_4",-0.954933387564127,4,4.54685198147353,2,0.639355454311719
"COX4I1","Bin_5",-0.911806697695637,5,5.84595254760882,2,0.639355454311719
"COX4I1","Bin_6",-2.2477884505871,6,7.14505311374411,2,0.639355454311719
"COX4I1","Bin_7",-1.91542394749783,7,8.4441536798794,2,0.639355454311719
"COX4I1","Bin_8",-0.907343697998227,8,9.7432542460147,2,0.639355454311719
"COX4I1","Bin_9",0.658617877876701,9,11.04235481215,2,0.639355454311719
"COX4I1","Bin_10",0.709666883049039,10,12.3414553782853,2,0.639355454311719
"COX4I1","Bin_11",0.597973473403261,11,13.6405559444206,2,0.639355454311719
"COX4I1","Bin_12",0.663194709448648,12,14.9396565105559,2,0.639355454311719
"COX4I1","Bin_13",0.866829124529036,13,16.2387570766912,2,0.639355454311719
"COX4I1","Bin_14",0.836581355178667,14,17.5378576428265,2,0.639355454311719
"COX4I1","Bin_15",0.670086532627506,15,18.8369582089617,2,0.639355454311719
"COX4I1","Bin_16",0.478769175020892,16,20.136058775097,2,0.639355454311719
"COX4I1","Bin_17",0.604490946805935,17,21.4351593412323,2,0.639355454311719
"COX4I1","Bin_18",0.763081465650895,18,22.7342599073676,2,0.639355454311719
"COX4I1","Bin_19",0.862493749177973,19,24.0333604735029,2,0.639355454311719
"COX4I1","Bin_20",0.976615182804198,20,25.3324610396382,2,0.639355454311719
"ATP5MG","Bin_1",-0.500985450300282,1,0.649550283067647,2,0.643061104403781
"ATP5MG","Bin_2",-1.01614499800121,2,1.94865084920294,2,0.643061104403781
"ATP5MG","Bin_3",-0.987998584018152,3,3.24775141533823,2,0.643061104403781
"ATP5MG","Bin_4",-0.671173906156023,4,4.54685198147353,2,0.643061104403781
"ATP5MG","Bin_5",-0.965315719398785,5,5.84595254760882,2,0.643061104403781
"ATP5MG","Bin_6",-2.85670187015368,6,7.14505311374411,2,0.643061104403781
"ATP5MG","Bin_7",-0.992895180155978,7,8.4441536798794,2,0.643061104403781
"ATP5MG","Bin_8",-0.292382552393199,8,9.7432542460147,2,0.643061104403781
"ATP5MG","Bin_9",0.877225363130101,9,11.04235481215,2,0.643061104403781
"ATP5MG","Bin_10",0.837355995825842,10,12.3414553782853,2,0.643061104403781
"ATP5MG","Bin_11",0.630874674442611,11,13.6405559444206,2,0.643061104403781
"ATP5MG","Bin_12",0.676323245486698,12,14.9396565105559,2,0.643061104403781
"ATP5MG","Bin_13",0.706625521690336,13,16.2387570766912,2,0.643061104403781
"ATP5MG","Bin_14",0.570858884312517,14,17.5378576428265,2,0.643061104403781
"ATP5MG","Bin_15",0.516515446857421,15,18.8369582089617,2,0.643061104403781
"ATP5MG","Bin_16",0.332566156201404,16,20.136058775097,2,0.643061104403781
"ATP5MG","Bin_17",0.514068912860128,17,21.4351593412323,2,0.643061104403781
"ATP5MG","Bin_18",0.705068477046115,18,22.7342599073676,2,0.643061104403781
"ATP5MG","Bin_19",0.950719762059762,19,24.0333604735029,2,0.643061104403781
"ATP5MG","Bin_20",0.965395820664378,20,25.3324610396382,2,0.643061104403781
"PEPD","Bin_1",-0.602673841538389,1,0.649550283067647,2,0.583206309336323
"PEPD","Bin_2",-0.962801318456382,2,1.94865084920294,2,0.583206309336323
"PEPD","Bin_3",-1.08324624155805,3,3.24775141533823,2,0.583206309336323
"PEPD","Bin_4",-0.912172152851278,4,4.54685198147353,2,0.583206309336323
"PEPD","Bin_5",-1.03137832623354,5,5.84595254760882,2,0.583206309336323
"PEPD","Bin_6",-1.34496570079156,6,7.14505311374411,2,0.583206309336323
"PEPD","Bin_7",-0.895360151423108,7,8.4441536798794,2,0.583206309336323
"PEPD","Bin_8",-1.1649074376069,8,9.7432542460147,2,0.583206309336323
"PEPD","Bin_9",0.1182831863711,9,11.04235481215,2,0.583206309336323
"PEPD","Bin_10",0.381890329154517,10,12.3414553782853,2,0.583206309336323
"PEPD","Bin_11",0.385306415659215,11,13.6405559444206,2,0.583206309336323
"PEPD","Bin_12",0.48635562911099,12,14.9396565105559,2,0.583206309336323
"PEPD","Bin_13",-0.0464767946033428,13,16.2387570766912,2,0.583206309336323
"PEPD","Bin_14",0.166282338414066,14,17.5378576428265,2,0.583206309336323
"PEPD","Bin_15",0.925735583686672,15,18.8369582089617,2,0.583206309336323
"PEPD","Bin_16",1.20944381601104,16,20.136058775097,2,0.583206309336323
"PEPD","Bin_17",2.55189072760114,17,21.4351593412323,2,0.583206309336323
"PEPD","Bin_18",0.634870408825512,18,22.7342599073676,2,0.583206309336323
"PEPD","Bin_19",0.306886772249424,19,24.0333604735029,2,0.583206309336323
"PEPD","Bin_20",0.877036757978873,20,25.3324610396382,2,0.583206309336323
"GPAA1","Bin_1",-0.678460593375783,1,0.649550283067647,2,0.697668092701541
"GPAA1","Bin_2",-1.15345157809582,2,1.94865084920294,2,0.697668092701541
"GPAA1","Bin_3",-1.28045862720267,3,3.24775141533823,2,0.697668092701541
"GPAA1","Bin_4",-1.00072953962143,4,4.54685198147353,2,0.697668092701541
"GPAA1","Bin_5",-1.33221608253533,5,5.84595254760882,2,0.697668092701541
"GPAA1","Bin_6",-1.25532386092797,6,7.14505311374411,2,0.697668092701541
"GPAA1","Bin_7",-0.848891720207518,7,8.4441536798794,2,0.697668092701541
"GPAA1","Bin_8",-1.35306822543599,8,9.7432542460147,2,0.697668092701541
"GPAA1","Bin_9",-0.0197518077756384,9,11.04235481215,2,0.697668092701541
"GPAA1","Bin_10",0.698546640991757,10,12.3414553782853,2,0.697668092701541
"GPAA1","Bin_11",0.710447922059466,11,13.6405559444206,2,0.697668092701541
"GPAA1","Bin_12",0.593861060026751,12,14.9396565105559,2,0.697668092701541
"GPAA1","Bin_13",0.266558085107818,13,16.2387570766912,2,0.697668092701541
"GPAA1","Bin_14",0.433197578131924,14,17.5378576428265,2,0.697668092701541
"GPAA1","Bin_15",0.467267832801519,15,18.8369582089617,2,0.697668092701541
"GPAA1","Bin_16",1.07832791224478,16,20.136058775097,2,0.697668092701541
"GPAA1","Bin_17",1.0912684173853,17,21.4351593412323,2,0.697668092701541
"GPAA1","Bin_18",1.07298204956448,18,22.7342599073676,2,0.697668092701541
"GPAA1","Bin_19",0.947858225926938,19,24.0333604735029,2,0.697668092701541
"GPAA1","Bin_20",1.56203631093743,20,25.3324610396382,2,0.697668092701541
"GJA1","Bin_1",-1.02017693712712,1,0.649550283067647,2,0.449613029978647
"GJA1","Bin_2",-0.595845682280597,2,1.94865084920294,2,0.449613029978647
"GJA1","Bin_3",-0.0532013050948983,3,3.24775141533823,2,0.449613029978647
"GJA1","Bin_4",-1.01913248468857,4,4.54685198147353,2,0.449613029978647
"GJA1","Bin_5",-1.11357378662983,5,5.84595254760882,2,0.449613029978647
"GJA1","Bin_6",-1.19805113187939,6,7.14505311374411,2,0.449613029978647
"GJA1","Bin_7",-0.148643106494102,7,8.4441536798794,2,0.449613029978647
"GJA1","Bin_8",-0.37049156440408,8,9.7432542460147,2,0.449613029978647
"GJA1","Bin_9",-0.854476891950951,9,11.04235481215,2,0.449613029978647
"GJA1","Bin_10",-0.932773534105336,10,12.3414553782853,2,0.449613029978647
"GJA1","Bin_11",-0.332995288216742,11,13.6405559444206,2,0.449613029978647
"GJA1","Bin_12",-0.642354868507224,12,14.9396565105559,2,0.449613029978647
"GJA1","Bin_13",0.0403431784384347,13,16.2387570766912,2,0.449613029978647
"GJA1","Bin_14",0.652771174577013,14,17.5378576428265,2,0.449613029978647
"GJA1","Bin_15",0.785534152419922,15,18.8369582089617,2,0.449613029978647
"GJA1","Bin_16",0.589425998501375,16,20.136058775097,2,0.449613029978647
"GJA1","Bin_17",1.90618005663562,17,21.4351593412323,2,0.449613029978647
"GJA1","Bin_18",1.88577484976884,18,22.7342599073676,2,0.449613029978647
"GJA1","Bin_19",1.42313177437183,19,24.0333604735029,2,0.449613029978647
"GJA1","Bin_20",0.998555396665813,20,25.3324610396382,2,0.449613029978647
"TTC3","Bin_1",-0.507123739355276,1,0.649550283067647,2,0.638684105503581
"TTC3","Bin_2",-1.32901681529687,2,1.94865084920294,2,0.638684105503581
"TTC3","Bin_3",-1.51546828116464,3,3.24775141533823,2,0.638684105503581
"TTC3","Bin_4",-1.21215845270199,4,4.54685198147353,2,0.638684105503581
"TTC3","Bin_5",-1.63479995450932,5,5.84595254760882,2,0.638684105503581
"TTC3","Bin_6",-0.941492374707718,6,7.14505311374411,2,0.638684105503581
"TTC3","Bin_7",0.0665179608645742,7,8.4441536798794,2,0.638684105503581
"TTC3","Bin_8",-1.33623075655485,8,9.7432542460147,2,0.638684105503581
"TTC3","Bin_9",0.15378718979732,9,11.04235481215,2,0.638684105503581
"TTC3","Bin_10",0.510951700280553,10,12.3414553782853,2,0.638684105503581
"TTC3","Bin_11",0.360216979570415,11,13.6405559444206,2,0.638684105503581
"TTC3","Bin_12",0.787399594143169,12,14.9396565105559,2,0.638684105503581
"TTC3","Bin_13",0.153190608449442,13,16.2387570766912,2,0.638684105503581
"TTC3","Bin_14",0.351189104675178,14,17.5378576428265,2,0.638684105503581
"TTC3","Bin_15",0.877334431699368,15,18.8369582089617,2,0.638684105503581
"TTC3","Bin_16",0.91282040205751,16,20.136058775097,2,0.638684105503581
"TTC3","Bin_17",1.50206993585822,17,21.4351593412323,2,0.638684105503581
"TTC3","Bin_18",1.29719498621878,18,22.7342599073676,2,0.638684105503581
"TTC3","Bin_19",0.815272794740048,19,24.0333604735029,2,0.638684105503581
"TTC3","Bin_20",0.688344685936089,20,25.3324610396382,2,0.638684105503581
"CISD1","Bin_1",-1.0161524998537,1,0.649550283067647,2,0.677693722290854
"CISD1","Bin_2",-1.02874920851242,2,1.94865084920294,2,0.677693722290854
"CISD1","Bin_3",-1.24997714268227,3,3.24775141533823,2,0.677693722290854
"CISD1","Bin_4",-1.21763511035435,4,4.54685198147353,2,0.677693722290854
"CISD1","Bin_5",-1.06271324108464,5,5.84595254760882,2,0.677693722290854
"CISD1","Bin_6",-0.704344067406834,6,7.14505311374411,2,0.677693722290854
"CISD1","Bin_7",-1.32967742565823,7,8.4441536798794,2,0.677693722290854
"CISD1","Bin_8",-1.19986089106279,8,9.7432542460147,2,0.677693722290854
"CISD1","Bin_9",0.848881853074906,9,11.04235481215,2,0.677693722290854
"CISD1","Bin_10",0.926446484200318,10,12.3414553782853,2,0.677693722290854
"CISD1","Bin_11",0.603989492481979,11,13.6405559444206,2,0.677693722290854
"CISD1","Bin_12",0.338209146932424,12,14.9396565105559,2,0.677693722290854
"CISD1","Bin_13",0.509356953313176,13,16.2387570766912,2,0.677693722290854
"CISD1","Bin_14",0.196460233863258,14,17.5378576428265,2,0.677693722290854
"CISD1","Bin_15",0.286189326180071,15,18.8369582089617,2,0.677693722290854
"CISD1","Bin_16",0.274233546638522,16,20.136058775097,2,0.677693722290854
"CISD1","Bin_17",0.70145456067233,17,21.4351593412323,2,0.677693722290854
"CISD1","Bin_18",0.969486188040179,18,22.7342599073676,2,0.677693722290854
"CISD1","Bin_19",1.34209052255322,19,24.0333604735029,2,0.677693722290854
"CISD1","Bin_20",1.81231127866483,20,25.3324610396382,2,0.677693722290854
"ISOC2","Bin_1",-1.06160205902446,1,0.649550283067647,2,0.691546812803394
"ISOC2","Bin_2",-1.30983193336822,2,1.94865084920294,2,0.691546812803394
"ISOC2","Bin_3",-1.42137111771775,3,3.24775141533823,2,0.691546812803394
"ISOC2","Bin_4",-1.18174959711144,4,4.54685198147353,2,0.691546812803394
"ISOC2","Bin_5",-1.1386493361304,5,5.84595254760882,2,0.691546812803394
"ISOC2","Bin_6",-1.70231469755529,6,7.14505311374411,2,0.691546812803394
"ISOC2","Bin_7",-1.1745439493555,7,8.4441536798794,2,0.691546812803394
"ISOC2","Bin_8",-0.100925108983224,8,9.7432542460147,2,0.691546812803394
"ISOC2","Bin_9",0.814193692862907,9,11.04235481215,2,0.691546812803394
"ISOC2","Bin_10",0.831404319474911,10,12.3414553782853,2,0.691546812803394
"ISOC2","Bin_11",0.927987691456717,11,13.6405559444206,2,0.691546812803394
"ISOC2","Bin_12",0.514860074351668,12,14.9396565105559,2,0.691546812803394
"ISOC2","Bin_13",1.03184383150926,13,16.2387570766912,2,0.691546812803394
"ISOC2","Bin_14",0.738302805448271,14,17.5378576428265,2,0.691546812803394
"ISOC2","Bin_15",0.843036774099354,15,18.8369582089617,2,0.691546812803394
"ISOC2","Bin_16",0.728262071670545,16,20.136058775097,2,0.691546812803394
"ISOC2","Bin_17",0.613186028088066,17,21.4351593412323,2,0.691546812803394
"ISOC2","Bin_18",0.522960635096064,18,22.7342599073676,2,0.691546812803394
"ISOC2","Bin_19",0.682164679272233,19,24.0333604735029,2,0.691546812803394
"ISOC2","Bin_20",0.842785195916291,20,25.3324610396382,2,0.691546812803394
"UTP11","Bin_1",-1.20965485399274,1,0.649550283067647,2,0.680413472583622
"UTP11","Bin_2",-1.3541283981145,2,1.94865084920294,2,0.680413472583622
"UTP11","Bin_3",-1.44373868546868,3,3.24775141533823,2,0.680413472583622
"UTP11","Bin_4",-1.14958020053713,4,4.54685198147353,2,0.680413472583622
"UTP11","Bin_5",-1.29699574014787,5,5.84595254760882,2,0.680413472583622
"UTP11","Bin_6",-0.589971873578206,6,7.14505311374411,2,0.680413472583622
"UTP11","Bin_7",-1.39755591205482,7,8.4441536798794,2,0.680413472583622
"UTP11","Bin_8",-0.194210465895928,8,9.7432542460147,2,0.680413472583622
"UTP11","Bin_9",0.795380712390512,9,11.04235481215,2,0.680413472583622
"UTP11","Bin_10",1.22751236409818,10,12.3414553782853,2,0.680413472583622
"UTP11","Bin_11",0.766185230587849,11,13.6405559444206,2,0.680413472583622
"UTP11","Bin_12",0.488033443520688,12,14.9396565105559,2,0.680413472583622
"UTP11","Bin_13",0.436891057487524,13,16.2387570766912,2,0.680413472583622
"UTP11","Bin_14",0.0672956951821575,14,17.5378576428265,2,0.680413472583622
"UTP11","Bin_15",0.189964464273396,15,18.8369582089617,2,0.680413472583622
"UTP11","Bin_16",0.396437384332773,16,20.136058775097,2,0.680413472583622
"UTP11","Bin_17",0.644119669520696,17,21.4351593412323,2,0.680413472583622
"UTP11","Bin_18",0.913813047857311,18,22.7342599073676,2,0.680413472583622
"UTP11","Bin_19",1.36460171987077,19,24.0333604735029,2,0.680413472583622
"UTP11","Bin_20",1.34560134066802,20,25.3324610396382,2,0.680413472583622
"PDIA6","Bin_1",-0.687000945592176,1,0.649550283067647,2,0.658273963034798
"PDIA6","Bin_2",-0.958098636072037,2,1.94865084920294,2,0.658273963034798
"PDIA6","Bin_3",-1.40721740244904,3,3.24775141533823,2,0.658273963034798
"PDIA6","Bin_4",-0.741712272115562,4,4.54685198147353,2,0.658273963034798
"PDIA6","Bin_5",-1.67301659684811,5,5.84595254760882,2,0.658273963034798
"PDIA6","Bin_6",-2.07667145609923,6,7.14505311374411,2,0.658273963034798
"PDIA6","Bin_7",0.146016710249577,7,8.4441536798794,2,0.658273963034798
"PDIA6","Bin_8",-0.585659470254122,8,9.7432542460147,2,0.658273963034798
"PDIA6","Bin_9",0.229339257672951,9,11.04235481215,2,0.658273963034798
"PDIA6","Bin_10",0.697324344741246,10,12.3414553782853,2,0.658273963034798
"PDIA6","Bin_11",0.675767704105608,11,13.6405559444206,2,0.658273963034798
"PDIA6","Bin_12",0.360431300672569,12,14.9396565105559,2,0.658273963034798
"PDIA6","Bin_13",0.0618678758818908,13,16.2387570766912,2,0.658273963034798
"PDIA6","Bin_14",0.0167049773919469,14,17.5378576428265,2,0.658273963034798
"PDIA6","Bin_15",0.421176570717574,15,18.8369582089617,2,0.658273963034798
"PDIA6","Bin_16",0.746606239719136,16,20.136058775097,2,0.658273963034798
"PDIA6","Bin_17",1.36119112075842,17,21.4351593412323,2,0.658273963034798
"PDIA6","Bin_18",1.08836852788869,18,22.7342599073676,2,0.658273963034798
"PDIA6","Bin_19",1.15143055429283,19,24.0333604735029,2,0.658273963034798
"PDIA6","Bin_20",1.17315159533782,20,25.3324610396382,2,0.658273963034798
"REXO2","Bin_1",-0.926436004479265,1,0.649550283067647,2,0.717763016291053
"REXO2","Bin_2",-1.15571615675092,2,1.94865084920294,2,0.717763016291053
"REXO2","Bin_3",-1.34008374833983,3,3.24775141533823,2,0.717763016291053
"REXO2","Bin_4",-0.990230493511748,4,4.54685198147353,2,0.717763016291053
"REXO2","Bin_5",-1.71300983587489,5,5.84595254760882,2,0.717763016291053
"REXO2","Bin_6",-0.893407350350623,6,7.14505311374411,2,0.717763016291053
"REXO2","Bin_7",-1.16069145071296,7,8.4441536798794,2,0.717763016291053
"REXO2","Bin_8",-0.962954502663822,8,9.7432542460147,2,0.717763016291053
"REXO2","Bin_9",0.484830837211448,9,11.04235481215,2,0.717763016291053
"REXO2","Bin_10",0.760194821103643,10,12.3414553782853,2,0.717763016291053
"REXO2","Bin_11",0.804571450866962,11,13.6405559444206,2,0.717763016291053
"REXO2","Bin_12",0.577547866239756,12,14.9396565105559,2,0.717763016291053
"REXO2","Bin_13",0.421798667878366,13,16.2387570766912,2,0.717763016291053
"REXO2","Bin_14",0.24380856966388,14,17.5378576428265,2,0.717763016291053
"REXO2","Bin_15",0.619725143967804,15,18.8369582089617,2,0.717763016291053
"REXO2","Bin_16",0.767451461099933,16,20.136058775097,2,0.717763016291053
"REXO2","Bin_17",0.998067836600011,17,21.4351593412323,2,0.717763016291053
"REXO2","Bin_18",1.08010258103491,18,22.7342599073676,2,0.717763016291053
"REXO2","Bin_19",1.27228908081312,19,24.0333604735029,2,0.717763016291053
"REXO2","Bin_20",1.11214122620422,20,25.3324610396382,2,0.717763016291053
"CFAP298","Bin_1",-0.699999604099951,1,0.649550283067647,2,0.684359812729384
"CFAP298","Bin_2",-1.03131664743672,2,1.94865084920294,2,0.684359812729384
"CFAP298","Bin_3",-1.09733837471052,3,3.24775141533823,2,0.684359812729384
"CFAP298","Bin_4",-1.10130874614502,4,4.54685198147353,2,0.684359812729384
"CFAP298","Bin_5",-1.31336629721246,5,5.84595254760882,2,0.684359812729384
"CFAP298","Bin_6",-1.02995603861362,6,7.14505311374411,2,0.684359812729384
"CFAP298","Bin_7",-1.14361956273687,7,8.4441536798794,2,0.684359812729384
"CFAP298","Bin_8",-1.54351060803825,8,9.7432542460147,2,0.684359812729384
"CFAP298","Bin_9",0.501154326725343,9,11.04235481215,2,0.684359812729384
"CFAP298","Bin_10",1.33905123869086,10,12.3414553782853,2,0.684359812729384
"CFAP298","Bin_11",0.687874018117525,11,13.6405559444206,2,0.684359812729384
"CFAP298","Bin_12",0.673021537817236,12,14.9396565105559,2,0.684359812729384
"CFAP298","Bin_13",0.419801183790687,13,16.2387570766912,2,0.684359812729384
"CFAP298","Bin_14",0.270998768440997,14,17.5378576428265,2,0.684359812729384
"CFAP298","Bin_15",0.384800475500991,15,18.8369582089617,2,0.684359812729384
"CFAP298","Bin_16",0.413957493303461,16,20.136058775097,2,0.684359812729384
"CFAP298","Bin_17",0.624688832800975,17,21.4351593412323,2,0.684359812729384
"CFAP298","Bin_18",1.02667420626221,18,22.7342599073676,2,0.684359812729384
"CFAP298","Bin_19",1.57526613275549,19,24.0333604735029,2,0.684359812729384
"CFAP298","Bin_20",1.04312766478763,20,25.3324610396382,2,0.684359812729384
"THUMPD3-AS1","Bin_1",-1.27384657882649,1,0.649550283067647,2,0.57938115622299
"THUMPD3-AS1","Bin_2",-0.733802587558309,2,1.94865084920294,2,0.57938115622299
"THUMPD3-AS1","Bin_3",-0.955724352913334,3,3.24775141533823,2,0.57938115622299
"THUMPD3-AS1","Bin_4",-1.62688473668588,4,4.54685198147353,2,0.57938115622299
"THUMPD3-AS1","Bin_5",-2.11439865109959,5,5.84595254760882,2,0.57938115622299
"THUMPD3-AS1","Bin_6",-0.329953974721223,6,7.14505311374411,2,0.57938115622299
"THUMPD3-AS1","Bin_7",0.364667582449913,7,8.4441536798794,2,0.57938115622299
"THUMPD3-AS1","Bin_8",-1.49182682345107,8,9.7432542460147,2,0.57938115622299
"THUMPD3-AS1","Bin_9",-0.00212044290460059,9,11.04235481215,2,0.57938115622299
"THUMPD3-AS1","Bin_10",0.418676292333532,10,12.3414553782853,2,0.57938115622299
"THUMPD3-AS1","Bin_11",0.71149980278576,11,13.6405559444206,2,0.57938115622299
"THUMPD3-AS1","Bin_12",0.834825180383104,12,14.9396565105559,2,0.57938115622299
"THUMPD3-AS1","Bin_13",0.458805469472367,13,16.2387570766912,2,0.57938115622299
"THUMPD3-AS1","Bin_14",0.667345123220609,14,17.5378576428265,2,0.57938115622299
"THUMPD3-AS1","Bin_15",0.890362970309243,15,18.8369582089617,2,0.57938115622299
"THUMPD3-AS1","Bin_16",0.92348437019891,16,20.136058775097,2,0.57938115622299
"THUMPD3-AS1","Bin_17",0.781396938406729,17,21.4351593412323,2,0.57938115622299
"THUMPD3-AS1","Bin_18",0.807381733972625,18,22.7342599073676,2,0.57938115622299
"THUMPD3-AS1","Bin_19",0.877712438223778,19,24.0333604735029,2,0.57938115622299
"THUMPD3-AS1","Bin_20",0.792400246403933,20,25.3324610396382,2,0.57938115622299
"SCRG1","Bin_1",-0.682979972117754,1,0.649550283067647,2,0.338092305655146
"SCRG1","Bin_2",-0.602101056432333,2,1.94865084920294,2,0.338092305655146
"SCRG1","Bin_3",-0.60851667234924,3,3.24775141533823,2,0.338092305655146
"SCRG1","Bin_4",-0.27423763308996,4,4.54685198147353,2,0.338092305655146
"SCRG1","Bin_5",0.279850623982426,5,5.84595254760882,2,0.338092305655146
"SCRG1","Bin_6",-0.695643262760936,6,7.14505311374411,2,0.338092305655146
"SCRG1","Bin_7",-0.695643262760936,7,8.4441536798794,2,0.338092305655146
"SCRG1","Bin_8",-0.0093413165382521,8,9.7432542460147,2,0.338092305655146
"SCRG1","Bin_9",-0.642346412684075,9,11.04235481215,2,0.338092305655146
"SCRG1","Bin_10",-0.613228071227283,10,12.3414553782853,2,0.338092305655146
"SCRG1","Bin_11",-0.585400697974977,11,13.6405559444206,2,0.338092305655146
"SCRG1","Bin_12",-0.628542028620533,12,14.9396565105559,2,0.338092305655146
"SCRG1","Bin_13",-0.58081893139185,13,16.2387570766912,2,0.338092305655146
"SCRG1","Bin_14",-0.521224723359948,14,17.5378576428265,2,0.338092305655146
"SCRG1","Bin_15",-0.275104935171678,15,18.8369582089617,2,0.338092305655146
"SCRG1","Bin_16",-0.246667910181783,16,20.136058775097,2,0.338092305655146
"SCRG1","Bin_17",2.05061557857685,17,21.4351593412323,2,0.338092305655146
"SCRG1","Bin_18",1.85878794156702,18,22.7342599073676,2,0.338092305655146
"SCRG1","Bin_19",1.1371439029053,19,24.0333604735029,2,0.338092305655146
"SCRG1","Bin_20",2.33539883962994,20,25.3324610396382,2,0.338092305655146
"KDELR1","Bin_1",-0.601968332587102,1,0.649550283067647,2,0.719372407906079
"KDELR1","Bin_2",-0.972691507931864,2,1.94865084920294,2,0.719372407906079
"KDELR1","Bin_3",-1.3335395961251,3,3.24775141533823,2,0.719372407906079
"KDELR1","Bin_4",-1.16062456745578,4,4.54685198147353,2,0.719372407906079
"KDELR1","Bin_5",-1.31510754278344,5,5.84595254760882,2,0.719372407906079
"KDELR1","Bin_6",-1.84430056045395,6,7.14505311374411,2,0.719372407906079
"KDELR1","Bin_7",-1.01935579763813,7,8.4441536798794,2,0.719372407906079
"KDELR1","Bin_8",-0.778054462087955,8,9.7432542460147,2,0.719372407906079
"KDELR1","Bin_9",0.256428112937015,9,11.04235481215,2,0.719372407906079
"KDELR1","Bin_10",0.702127570081852,10,12.3414553782853,2,0.719372407906079
"KDELR1","Bin_11",0.828935883138091,11,13.6405559444206,2,0.719372407906079
"KDELR1","Bin_12",0.503063240465237,12,14.9396565105559,2,0.719372407906079
"KDELR1","Bin_13",0.396320722904665,13,16.2387570766912,2,0.719372407906079
"KDELR1","Bin_14",0.419264732720551,14,17.5378576428265,2,0.719372407906079
"KDELR1","Bin_15",0.842163182628624,15,18.8369582089617,2,0.719372407906079
"KDELR1","Bin_16",1.02405568443616,16,20.136058775097,2,0.719372407906079
"KDELR1","Bin_17",1.1742397026558,17,21.4351593412323,2,0.719372407906079
"KDELR1","Bin_18",0.76434833833249,18,22.7342599073676,2,0.719372407906079
"KDELR1","Bin_19",1.02605985588996,19,24.0333604735029,2,0.719372407906079
"KDELR1","Bin_20",1.08863534087287,20,25.3324610396382,2,0.719372407906079
"CADM1","Bin_1",-0.828060793564266,1,0.649550283067647,2,0.49904600745868
"CADM1","Bin_2",-0.581976527287198,2,1.94865084920294,2,0.49904600745868
"CADM1","Bin_3",-0.42187113189736,3,3.24775141533823,2,0.49904600745868
"CADM1","Bin_4",-0.591894850093279,4,4.54685198147353,2,0.49904600745868
"CADM1","Bin_5",-0.884440450849585,5,5.84595254760882,2,0.49904600745868
"CADM1","Bin_6",-1.12802105202922,6,7.14505311374411,2,0.49904600745868
"CADM1","Bin_7",-0.785493481505565,7,8.4441536798794,2,0.49904600745868
"CADM1","Bin_8",-0.692480208399066,8,9.7432542460147,2,0.49904600745868
"CADM1","Bin_9",-0.273144178538315,9,11.04235481215,2,0.49904600745868
"CADM1","Bin_10",-0.0140682707856296,10,12.3414553782853,2,0.49904600745868
"CADM1","Bin_11",-0.0978962946273687,11,13.6405559444206,2,0.49904600745868
"CADM1","Bin_12",-0.0761079429038366,12,14.9396565105559,2,0.49904600745868
"CADM1","Bin_13",-0.250475121712395,13,16.2387570766912,2,0.49904600745868
"CADM1","Bin_14",-0.311954658777873,14,17.5378576428265,2,0.49904600745868
"CADM1","Bin_15",0.0269383784089283,15,18.8369582089617,2,0.49904600745868
"CADM1","Bin_16",0.0429222599886176,16,20.136058775097,2,0.49904600745868
"CADM1","Bin_17",1.0478834692286,17,21.4351593412323,2,0.49904600745868
"CADM1","Bin_18",1.25017879542041,18,22.7342599073676,2,0.49904600745868
"CADM1","Bin_19",1.59940755819048,19,24.0333604735029,2,0.49904600745868
"CADM1","Bin_20",2.97055450173392,20,25.3324610396382,2,0.49904600745868
"HMGA1","Bin_1",-1.28816616793854,1,0.649550283067647,2,0.695370196922125
"HMGA1","Bin_2",-1.13496075686549,2,1.94865084920294,2,0.695370196922125
"HMGA1","Bin_3",-1.05234451074912,3,3.24775141533823,2,0.695370196922125
"HMGA1","Bin_4",-0.868451587481715,4,4.54685198147353,2,0.695370196922125
"HMGA1","Bin_5",-1.15467061573189,5,5.84595254760882,2,0.695370196922125
"HMGA1","Bin_6",-1.67232009841181,6,7.14505311374411,2,0.695370196922125
"HMGA1","Bin_7",-1.48692222675205,7,8.4441536798794,2,0.695370196922125
"HMGA1","Bin_8",-0.633719648701906,8,9.7432542460147,2,0.695370196922125
"HMGA1","Bin_9",0.85945403455957,9,11.04235481215,2,0.695370196922125
"HMGA1","Bin_10",0.878233174724833,10,12.3414553782853,2,0.695370196922125
"HMGA1","Bin_11",0.742451319312215,11,13.6405559444206,2,0.695370196922125
"HMGA1","Bin_12",0.804435781457298,12,14.9396565105559,2,0.695370196922125
"HMGA1","Bin_13",0.933629509891104,13,16.2387570766912,2,0.695370196922125
"HMGA1","Bin_14",0.721673055789788,14,17.5378576428265,2,0.695370196922125
"HMGA1","Bin_15",0.598148234441404,15,18.8369582089617,2,0.695370196922125
"HMGA1","Bin_16",0.481267836120356,16,20.136058775097,2,0.695370196922125
"HMGA1","Bin_17",0.686336506841319,17,21.4351593412323,2,0.695370196922125
"HMGA1","Bin_18",0.893654839521604,18,22.7342599073676,2,0.695370196922125
"HMGA1","Bin_19",1.01443333033795,19,24.0333604735029,2,0.695370196922125
"HMGA1","Bin_20",0.677837989635085,20,25.3324610396382,2,0.695370196922125
"GAPDH","Bin_1",-1.38834596473031,1,0.649550283067647,2,0.52889822775668
"GAPDH","Bin_2",-1.27413832299996,2,1.94865084920294,2,0.52889822775668
"GAPDH","Bin_3",-1.2058625588546,3,3.24775141533823,2,0.52889822775668
"GAPDH","Bin_4",0.228240446341216,4,4.54685198147353,2,0.52889822775668
"GAPDH","Bin_5",0.187405045024514,5,5.84595254760882,2,0.52889822775668
"GAPDH","Bin_6",-2.77967047408303,6,7.14505311374411,2,0.52889822775668
"GAPDH","Bin_7",-1.01988240940556,7,8.4441536798794,2,0.52889822775668
"GAPDH","Bin_8",0.0460149774136668,8,9.7432542460147,2,0.52889822775668
"GAPDH","Bin_9",0.331612492189868,9,11.04235481215,2,0.52889822775668
"GAPDH","Bin_10",0.319113073761726,10,12.3414553782853,2,0.52889822775668
"GAPDH","Bin_11",0.363695670322431,11,13.6405559444206,2,0.52889822775668
"GAPDH","Bin_12",0.499743856366655,12,14.9396565105559,2,0.52889822775668
"GAPDH","Bin_13",0.325030117738233,13,16.2387570766912,2,0.52889822775668
"GAPDH","Bin_14",0.485242150156249,14,17.5378576428265,2,0.52889822775668
"GAPDH","Bin_15",0.824068924879286,15,18.8369582089617,2,0.52889822775668
"GAPDH","Bin_16",0.759888282951994,16,20.136058775097,2,0.52889822775668
"GAPDH","Bin_17",1.18892560858542,17,21.4351593412323,2,0.52889822775668
"GAPDH","Bin_18",0.766168849940019,18,22.7342599073676,2,0.52889822775668
"GAPDH","Bin_19",0.520689986349902,19,24.0333604735029,2,0.52889822775668
"GAPDH","Bin_20",0.822060248052281,20,25.3324610396382,2,0.52889822775668
"SLC25A5","Bin_1",-0.890857218759647,1,0.649550283067647,2,0.697987889740245
"SLC25A5","Bin_2",-1.21991061365265,2,1.94865084920294,2,0.697987889740245
"SLC25A5","Bin_3",-1.35522592631373,3,3.24775141533823,2,0.697987889740245
"SLC25A5","Bin_4",-1.12669312800692,4,4.54685198147353,2,0.697987889740245
"SLC25A5","Bin_5",-1.10508210010404,5,5.84595254760882,2,0.697987889740245
"SLC25A5","Bin_6",-1.74872190800617,6,7.14505311374411,2,0.697987889740245
"SLC25A5","Bin_7",-1.09749481776113,7,8.4441536798794,2,0.697987889740245
"SLC25A5","Bin_8",-0.613320109143346,8,9.7432542460147,2,0.697987889740245
"SLC25A5","Bin_9",0.966344618010623,9,11.04235481215,2,0.697987889740245
"SLC25A5","Bin_10",1.05653308932654,10,12.3414553782853,2,0.697987889740245
"SLC25A5","Bin_11",0.906946972105731,11,13.6405559444206,2,0.697987889740245
"SLC25A5","Bin_12",0.698769965151079,12,14.9396565105559,2,0.697987889740245
"SLC25A5","Bin_13",0.930698150082646,13,16.2387570766912,2,0.697987889740245
"SLC25A5","Bin_14",0.841339709871876,14,17.5378576428265,2,0.697987889740245
"SLC25A5","Bin_15",0.497231218347856,15,18.8369582089617,2,0.697987889740245
"SLC25A5","Bin_16",0.468337881296905,16,20.136058775097,2,0.697987889740245
"SLC25A5","Bin_17",0.293120770208469,17,21.4351593412323,2,0.697987889740245
"SLC25A5","Bin_18",0.525934681964295,18,22.7342599073676,2,0.697987889740245
"SLC25A5","Bin_19",0.838269200134809,19,24.0333604735029,2,0.697987889740245
"SLC25A5","Bin_20",1.13377956524681,20,25.3324610396382,2,0.697987889740245
"RPS27A","Bin_1",-0.762093867604008,1,0.649550283067647,2,0.452851374326522
"RPS27A","Bin_2",-0.309847067529799,2,1.94865084920294,2,0.452851374326522
"RPS27A","Bin_3",-0.296967574954353,3,3.24775141533823,2,0.452851374326522
"RPS27A","Bin_4",-1.06812694411042,4,4.54685198147353,2,0.452851374326522
"RPS27A","Bin_5",0.23522234743929,5,5.84595254760882,2,0.452851374326522
"RPS27A","Bin_6",-3.19902180583871,6,7.14505311374411,2,0.452851374326522
"RPS27A","Bin_7",-1.60009805528722,7,8.4441536798794,2,0.452851374326522
"RPS27A","Bin_8",0.528450104863014,8,9.7432542460147,2,0.452851374326522
"RPS27A","Bin_9",0.891131564777122,9,11.04235481215,2,0.452851374326522
"RPS27A","Bin_10",0.698241331835979,10,12.3414553782853,2,0.452851374326522
"RPS27A","Bin_11",0.295526072126411,11,13.6405559444206,2,0.452851374326522
"RPS27A","Bin_12",0.724776024991632,12,14.9396565105559,2,0.452851374326522
"RPS27A","Bin_13",0.585186590333676,13,16.2387570766912,2,0.452851374326522
"RPS27A","Bin_14",0.507737413944518,14,17.5378576428265,2,0.452851374326522
"RPS27A","Bin_15",0.516950494816306,15,18.8369582089617,2,0.452851374326522
"RPS27A","Bin_16",0.169883648214793,16,20.136058775097,2,0.452851374326522
"RPS27A","Bin_17",0.29087311179924,17,21.4351593412323,2,0.452851374326522
"RPS27A","Bin_18",0.640165701532356,18,22.7342599073676,2,0.452851374326522
"RPS27A","Bin_19",0.667832280937763,19,24.0333604735029,2,0.452851374326522
"RPS27A","Bin_20",0.484178627712406,20,25.3324610396382,2,0.452851374326522
"RPL24","Bin_1",-0.798600445996497,1,0.649550283067647,2,0.572851254686303
"RPL24","Bin_2",-0.658842332844292,2,1.94865084920294,2,0.572851254686303
"RPL24","Bin_3",-0.527627909920948,3,3.24775141533823,2,0.572851254686303
"RPL24","Bin_4",-1.66479960517449,4,4.54685198147353,2,0.572851254686303
"RPL24","Bin_5",-0.487880984203407,5,5.84595254760882,2,0.572851254686303
"RPL24","Bin_6",-2.65805726881115,6,7.14505311374411,2,0.572851254686303
"RPL24","Bin_7",-1.26145972868966,7,8.4441536798794,2,0.572851254686303
"RPL24","Bin_8",-0.0613114314378879,8,9.7432542460147,2,0.572851254686303
"RPL24","Bin_9",0.886049248227282,9,11.04235481215,2,0.572851254686303
"RPL24","Bin_10",0.784260357941604,10,12.3414553782853,2,0.572851254686303
"RPL24","Bin_11",0.646856108188159,11,13.6405559444206,2,0.572851254686303
"RPL24","Bin_12",0.92284253478934,12,14.9396565105559,2,0.572851254686303
"RPL24","Bin_13",0.830732121972682,13,16.2387570766912,2,0.572851254686303
"RPL24","Bin_14",0.874956544475905,14,17.5378576428265,2,0.572851254686303
"RPL24","Bin_15",0.814206456482548,15,18.8369582089617,2,0.572851254686303
"RPL24","Bin_16",0.6782583102151,16,20.136058775097,2,0.572851254686303
"RPL24","Bin_17",0.42905776369934,17,21.4351593412323,2,0.572851254686303
"RPL24","Bin_18",0.532335440989922,18,22.7342599073676,2,0.572851254686303
"RPL24","Bin_19",0.409856977571784,19,24.0333604735029,2,0.572851254686303
"RPL24","Bin_20",0.309167842524663,20,25.3324610396382,2,0.572851254686303
"DDX39A","Bin_1",-1.36445518164831,1,0.649550283067647,2,0.640573693947734
"DDX39A","Bin_2",-1.43343933907477,2,1.94865084920294,2,0.640573693947734
"DDX39A","Bin_3",-1.45932713713472,3,3.24775141533823,2,0.640573693947734
"DDX39A","Bin_4",-0.916579138510011,4,4.54685198147353,2,0.640573693947734
"DDX39A","Bin_5",-1.32310723171307,5,5.84595254760882,2,0.640573693947734
"DDX39A","Bin_6",-0.106391929039807,6,7.14505311374411,2,0.640573693947734
"DDX39A","Bin_7",-1.02530870555802,7,8.4441536798794,2,0.640573693947734
"DDX39A","Bin_8",-1.11565083280718,8,9.7432542460147,2,0.640573693947734
"DDX39A","Bin_9",0.303198326556414,9,11.04235481215,2,0.640573693947734
"DDX39A","Bin_10",0.763209447288053,10,12.3414553782853,2,0.640573693947734
"DDX39A","Bin_11",1.32620334862172,11,13.6405559444206,2,0.640573693947734
"DDX39A","Bin_12",0.165078146368076,12,14.9396565105559,2,0.640573693947734
"DDX39A","Bin_13",0.922991085712354,13,16.2387570766912,2,0.640573693947734
"DDX39A","Bin_14",0.542895542876517,14,17.5378576428265,2,0.640573693947734
"DDX39A","Bin_15",0.311387753519791,15,18.8369582089617,2,0.640573693947734
"DDX39A","Bin_16",0.821462917712036,16,20.136058775097,2,0.640573693947734
"DDX39A","Bin_17",0.555452267222973,17,21.4351593412323,2,0.640573693947734
"DDX39A","Bin_18",0.612321511918124,18,22.7342599073676,2,0.640573693947734
"DDX39A","Bin_19",1.02948840501289,19,24.0333604735029,2,0.640573693947734
"DDX39A","Bin_20",1.39057074267693,20,25.3324610396382,2,0.640573693947734
"TAGLN","Bin_1",-0.33652710836926,1,0.649550283067647,1,0.562997981058334
"TAGLN","Bin_2",2.11026537303328,2,1.94865084920294,1,0.562997981058334
"TAGLN","Bin_3",3.16726222407868,3,3.24775141533823,1,0.562997981058334
"TAGLN","Bin_4",1.03273171285188,4,4.54685198147353,1,0.562997981058334
"TAGLN","Bin_5",0.606451731695331,5,5.84595254760882,1,0.562997981058334
"TAGLN","Bin_6",-0.178398927128186,6,7.14505311374411,1,0.562997981058334
"TAGLN","Bin_7",-0.384185644303754,7,8.4441536798794,1,0.562997981058334
"TAGLN","Bin_8",-0.486145596485497,8,9.7432542460147,1,0.562997981058334
"TAGLN","Bin_9",-0.477696172165128,9,11.04235481215,1,0.562997981058334
"TAGLN","Bin_10",-0.467813644699132,10,12.3414553782853,1,0.562997981058334
"TAGLN","Bin_11",-0.441430832954826,11,13.6405559444206,1,0.562997981058334
"TAGLN","Bin_12",-0.450336518158591,12,14.9396565105559,1,0.562997981058334
"TAGLN","Bin_13",-0.464374849478587,13,16.2387570766912,1,0.562997981058334
"TAGLN","Bin_14",-0.467107744852457,14,17.5378576428265,1,0.562997981058334
"TAGLN","Bin_15",-0.461894445697811,15,18.8369582089617,1,0.562997981058334
"TAGLN","Bin_16",-0.454717826852064,16,20.136058775097,1,0.562997981058334
"TAGLN","Bin_17",-0.431697792896983,17,21.4351593412323,1,0.562997981058334
"TAGLN","Bin_18",-0.465734376841891,18,22.7342599073676,1,0.562997981058334
"TAGLN","Bin_19",-0.473015444584841,19,24.0333604735029,1,0.562997981058334
"TAGLN","Bin_20",-0.47563411619016,20,25.3324610396382,1,0.562997981058334
"KRT14","Bin_1",-2.04096455192116,1,0.649550283067647,2,0.576538561122636
"KRT14","Bin_2",-0.78349158517074,2,1.94865084920294,2,0.576538561122636
"KRT14","Bin_3",-0.0820309191000014,3,3.24775141533823,2,0.576538561122636
"KRT14","Bin_4",-1.52948557257291,4,4.54685198147353,2,0.576538561122636
"KRT14","Bin_5",-1.59297177041993,5,5.84595254760882,2,0.576538561122636
"KRT14","Bin_6",-1.78208739024712,6,7.14505311374411,2,0.576538561122636
"KRT14","Bin_7",-0.209179049207387,7,8.4441536798794,2,0.576538561122636
"KRT14","Bin_8",0.164483483400064,8,9.7432542460147,2,0.576538561122636
"KRT14","Bin_9",0.974136715945697,9,11.04235481215,2,0.576538561122636
"KRT14","Bin_10",0.762339372516902,10,12.3414553782853,2,0.576538561122636
"KRT14","Bin_11",0.4733900764887,11,13.6405559444206,2,0.576538561122636
"KRT14","Bin_12",0.54352108327362,12,14.9396565105559,2,0.576538561122636
"KRT14","Bin_13",1.02820139147025,13,16.2387570766912,2,0.576538561122636
"KRT14","Bin_14",0.547013876417622,14,17.5378576428265,2,0.576538561122636
"KRT14","Bin_15",0.39756677255841,15,18.8369582089617,2,0.576538561122636
"KRT14","Bin_16",0.263421469435448,16,20.136058775097,2,0.576538561122636
"KRT14","Bin_17",0.259747453533052,17,21.4351593412323,2,0.576538561122636
"KRT14","Bin_18",0.705188195641127,18,22.7342599073676,2,0.576538561122636
"KRT14","Bin_19",1.15652896777184,19,24.0333604735029,2,0.576538561122636
"KRT14","Bin_20",0.744671980186525,20,25.3324610396382,2,0.576538561122636
"CALML5","Bin_1",-1.78062069262291,1,0.649550283067647,2,0.585127715531442
"CALML5","Bin_2",-1.5233650957081,2,1.94865084920294,2,0.585127715531442
"CALML5","Bin_3",-1.49717109177197,3,3.24775141533823,2,0.585127715531442
"CALML5","Bin_4",-1.37870576623282,4,4.54685198147353,2,0.585127715531442
"CALML5","Bin_5",-1.54592365557309,5,5.84595254760882,2,0.585127715531442
"CALML5","Bin_6",-0.51120976451669,6,7.14505311374411,2,0.585127715531442
"CALML5","Bin_7",-0.16819588443914,7,8.4441536798794,2,0.585127715531442
"CALML5","Bin_8",0.218770210971721,8,9.7432542460147,2,0.585127715531442
"CALML5","Bin_9",0.883546910823858,9,11.04235481215,2,0.585127715531442
"CALML5","Bin_10",1.00242127163867,10,12.3414553782853,2,0.585127715531442
"CALML5","Bin_11",0.786888762261586,11,13.6405559444206,2,0.585127715531442
"CALML5","Bin_12",1.10919996995327,12,14.9396565105559,2,0.585127715531442
"CALML5","Bin_13",0.681869717179932,13,16.2387570766912,2,0.585127715531442
"CALML5","Bin_14",0.631581967818885,14,17.5378576428265,2,0.585127715531442
"CALML5","Bin_15",0.863171865990178,15,18.8369582089617,2,0.585127715531442
"CALML5","Bin_16",0.666843203850192,16,20.136058775097,2,0.585127715531442
"CALML5","Bin_17",0.410395124905519,17,21.4351593412323,2,0.585127715531442
"CALML5","Bin_18",0.777002074968975,18,22.7342599073676,2,0.585127715531442
"CALML5","Bin_19",0.419682540325838,19,24.0333604735029,2,0.585127715531442
"CALML5","Bin_20",-0.0461816698239157,20,25.3324610396382,2,0.585127715531442
"DYNLT1","Bin_1",-0.338887578646135,1,0.649550283067647,2,0.708354042054992
"DYNLT1","Bin_2",-1.36560737645676,2,1.94865084920294,2,0.708354042054992
"DYNLT1","Bin_3",-1.51790357837847,3,3.24775141533823,2,0.708354042054992
"DYNLT1","Bin_4",-1.10714075937105,4,4.54685198147353,2,0.708354042054992
"DYNLT1","Bin_5",-1.4946026155494,5,5.84595254760882,2,0.708354042054992
"DYNLT1","Bin_6",-1.33776210758224,6,7.14505311374411,2,0.708354042054992
"DYNLT1","Bin_7",-1.40708602999653,7,8.4441536798794,2,0.708354042054992
"DYNLT1","Bin_8",-0.234800054917406,8,9.7432542460147,2,0.708354042054992
"DYNLT1","Bin_9",0.809673255231146,9,11.04235481215,2,0.708354042054992
"DYNLT1","Bin_10",1.09579319230734,10,12.3414553782853,2,0.708354042054992
"DYNLT1","Bin_11",0.878976132749124,11,13.6405559444206,2,0.708354042054992
"DYNLT1","Bin_12",0.703838503727051,12,14.9396565105559,2,0.708354042054992
"DYNLT1","Bin_13",0.446492496518065,13,16.2387570766912,2,0.708354042054992
"DYNLT1","Bin_14",0.147616720231757,14,17.5378576428265,2,0.708354042054992
"DYNLT1","Bin_15",0.395190877183263,15,18.8369582089617,2,0.708354042054992
"DYNLT1","Bin_16",0.543443914034089,16,20.136058775097,2,0.708354042054992
"DYNLT1","Bin_17",0.756696990886998,17,21.4351593412323,2,0.708354042054992
"DYNLT1","Bin_18",0.928573847026028,18,22.7342599073676,2,0.708354042054992
"DYNLT1","Bin_19",1.06387988172453,19,24.0333604735029,2,0.708354042054992
"DYNLT1","Bin_20",1.03361428927859,20,25.3324610396382,2,0.708354042054992
"TF","Bin_1",-0.34527547459669,1,0.649550283067647,2,0.36328861171229
"TF","Bin_2",-0.430449225458486,2,1.94865084920294,2,0.36328861171229
"TF","Bin_3",-0.523335150867113,3,3.24775141533823,2,0.36328861171229
"TF","Bin_4",-0.700339858599833,4,4.54685198147353,2,0.36328861171229
"TF","Bin_5",-0.568548604859735,5,5.84595254760882,2,0.36328861171229
"TF","Bin_6",-0.732045169303342,6,7.14505311374411,2,0.36328861171229
"TF","Bin_7",0.121846306416181,7,8.4441536798794,2,0.36328861171229
"TF","Bin_8",-0.732045169303342,8,9.7432542460147,2,0.36328861171229
"TF","Bin_9",-0.636861343796895,9,11.04235481215,2,0.36328861171229
"TF","Bin_10",-0.421118357224657,10,12.3414553782853,2,0.36328861171229
"TF","Bin_11",-0.449298351820023,11,13.6405559444206,2,0.36328861171229
"TF","Bin_12",-0.491173876980499,12,14.9396565105559,2,0.36328861171229
"TF","Bin_13",-0.594823898166246,13,16.2387570766912,2,0.36328861171229
"TF","Bin_14",-0.615335150690001,14,17.5378576428265,2,0.36328861171229
"TF","Bin_15",-0.119575724677277,15,18.8369582089617,2,0.36328861171229
"TF","Bin_16",0.0588522353442323,16,20.136058775097,2,0.36328861171229
"TF","Bin_17",2.84485509488516,17,21.4351593412323,2,0.36328861171229
"TF","Bin_18",1.8775210255818,18,22.7342599073676,2,0.36328861171229
"TF","Bin_19",1.46086756643345,19,24.0333604735029,2,0.36328861171229
"TF","Bin_20",0.996283127683315,20,25.3324610396382,2,0.36328861171229
"UQCRH","Bin_1",-1.51596404879702,1,0.649550283067647,2,0.634234258632747
"UQCRH","Bin_2",-1.58531992700075,2,1.94865084920294,2,0.634234258632747
"UQCRH","Bin_3",-1.65677842095284,3,3.24775141533823,2,0.634234258632747
"UQCRH","Bin_4",-0.392775258210644,4,4.54685198147353,2,0.634234258632747
"UQCRH","Bin_5",-0.661624896318973,5,5.84595254760882,2,0.634234258632747
"UQCRH","Bin_6",-2.03528582651805,6,7.14505311374411,2,0.634234258632747
"UQCRH","Bin_7",-0.76858323657636,7,8.4441536798794,2,0.634234258632747
"UQCRH","Bin_8",0.20044518904528,8,9.7432542460147,2,0.634234258632747
"UQCRH","Bin_9",0.930415251105425,9,11.04235481215,2,0.634234258632747
"UQCRH","Bin_10",0.828816193489905,10,12.3414553782853,2,0.634234258632747
"UQCRH","Bin_11",0.647993482827195,11,13.6405559444206,2,0.634234258632747
"UQCRH","Bin_12",0.81738980062887,12,14.9396565105559,2,0.634234258632747
"UQCRH","Bin_13",0.761602461483105,13,16.2387570766912,2,0.634234258632747
"UQCRH","Bin_14",0.672921689760091,14,17.5378576428265,2,0.634234258632747
"UQCRH","Bin_15",0.623160324228012,15,18.8369582089617,2,0.634234258632747
"UQCRH","Bin_16",0.531940985931577,16,20.136058775097,2,0.634234258632747
"UQCRH","Bin_17",0.492263967505519,17,21.4351593412323,2,0.634234258632747
"UQCRH","Bin_18",0.632603164458933,18,22.7342599073676,2,0.634234258632747
"UQCRH","Bin_19",0.720209681126837,19,24.0333604735029,2,0.634234258632747
"UQCRH","Bin_20",0.756569422783889,20,25.3324610396382,2,0.634234258632747
"UBXN4","Bin_1",-0.0337162204025346,1,0.649550283067647,2,0.63511944266506
"UBXN4","Bin_2",-0.506649258906678,2,1.94865084920294,2,0.63511944266506
"UBXN4","Bin_3",-0.925612405938611,3,3.24775141533823,2,0.63511944266506
"UBXN4","Bin_4",-0.751510934799014,4,4.54685198147353,2,0.63511944266506
"UBXN4","Bin_5",-1.61120091166926,5,5.84595254760882,2,0.63511944266506
"UBXN4","Bin_6",-1.73863307841229,6,7.14505311374411,2,0.63511944266506
"UBXN4","Bin_7",-1.37106523763048,7,8.4441536798794,2,0.63511944266506
"UBXN4","Bin_8",-1.00915358568101,8,9.7432542460147,2,0.63511944266506
"UBXN4","Bin_9",-0.252753929715638,9,11.04235481215,2,0.63511944266506
"UBXN4","Bin_10",0.1352401856095,10,12.3414553782853,2,0.63511944266506
"UBXN4","Bin_11",0.522424852659315,11,13.6405559444206,2,0.63511944266506
"UBXN4","Bin_12",0.214734912907882,12,14.9396565105559,2,0.63511944266506
"UBXN4","Bin_13",0.162722598532911,13,16.2387570766912,2,0.63511944266506
"UBXN4","Bin_14",0.501465916582189,14,17.5378576428265,2,0.63511944266506
"UBXN4","Bin_15",0.575604841782439,15,18.8369582089617,2,0.63511944266506
"UBXN4","Bin_16",0.745307519996485,16,20.136058775097,2,0.63511944266506
"UBXN4","Bin_17",1.07288103195046,17,21.4351593412323,2,0.63511944266506
"UBXN4","Bin_18",1.35692894794966,18,22.7342599073676,2,0.63511944266506
"UBXN4","Bin_19",1.42054554349942,19,24.0333604735029,2,0.63511944266506
"UBXN4","Bin_20",1.49243921168526,20,25.3324610396382,2,0.63511944266506
"LSR","Bin_1",-0.895409628067767,1,0.649550283067647,2,0.719829291397525
"LSR","Bin_2",-1.22746211613087,2,1.94865084920294,2,0.719829291397525
"LSR","Bin_3",-1.30150542819589,3,3.24775141533823,2,0.719829291397525
"LSR","Bin_4",-0.648884343142878,4,4.54685198147353,2,0.719829291397525
"LSR","Bin_5",-1.51883133622185,5,5.84595254760882,2,0.719829291397525
"LSR","Bin_6",-1.39353684225166,6,7.14505311374411,2,0.719829291397525
"LSR","Bin_7",-0.872099346384297,7,8.4441536798794,2,0.719829291397525
"LSR","Bin_8",-1.15572762016612,8,9.7432542460147,2,0.719829291397525
"LSR","Bin_9",0.270139877612183,9,11.04235481215,2,0.719829291397525
"LSR","Bin_10",0.803166832829401,10,12.3414553782853,2,0.719829291397525
"LSR","Bin_11",0.862846169765929,11,13.6405559444206,2,0.719829291397525
"LSR","Bin_12",0.574086447832318,12,14.9396565105559,2,0.719829291397525
"LSR","Bin_13",0.489893036501717,13,16.2387570766912,2,0.719829291397525
"LSR","Bin_14",0.274963430658305,14,17.5378576428265,2,0.719829291397525
"LSR","Bin_15",0.454686021093084,15,18.8369582089617,2,0.719829291397525
"LSR","Bin_16",0.65461405649064,16,20.136058775097,2,0.719829291397525
"LSR","Bin_17",0.989649743968697,17,21.4351593412323,2,0.719829291397525
"LSR","Bin_18",1.00151351563387,18,22.7342599073676,2,0.719829291397525
"LSR","Bin_19",1.20302636570633,19,24.0333604735029,2,0.719829291397525
"LSR","Bin_20",1.43487116246886,20,25.3324610396382,2,0.719829291397525
"GPX3","Bin_1",-0.766841774794818,1,0.649550283067647,2,0.444653493709698
"GPX3","Bin_2",-0.709645756801913,2,1.94865084920294,2,0.444653493709698
"GPX3","Bin_3",-0.766841774794818,3,3.24775141533823,2,0.444653493709698
"GPX3","Bin_4",-0.528636413540468,4,4.54685198147353,2,0.444653493709698
"GPX3","Bin_5",-0.643229646723581,5,5.84595254760882,2,0.444653493709698
"GPX3","Bin_6",-0.766841774794818,6,7.14505311374411,2,0.444653493709698
"GPX3","Bin_7",-0.505941508195992,7,8.4441536798794,2,0.444653493709698
"GPX3","Bin_8",-0.457269334160898,8,9.7432542460147,2,0.444653493709698
"GPX3","Bin_9",-0.606465761226479,9,11.04235481215,2,0.444653493709698
"GPX3","Bin_10",-0.523638018376172,10,12.3414553782853,2,0.444653493709698
"GPX3","Bin_11",-0.190288608649604,11,13.6405559444206,2,0.444653493709698
"GPX3","Bin_12",-0.37518427406795,12,14.9396565105559,2,0.444653493709698
"GPX3","Bin_13",-0.442904987294236,13,16.2387570766912,2,0.444653493709698
"GPX3","Bin_14",-0.25944707787086,14,17.5378576428265,2,0.444653493709698
"GPX3","Bin_15",0.200775124330684,15,18.8369582089617,2,0.444653493709698
"GPX3","Bin_16",0.282146027128327,16,20.136058775097,2,0.444653493709698
"GPX3","Bin_17",2.77727369273823,17,21.4351593412323,2,0.444653493709698
"GPX3","Bin_18",1.87504207676459,18,22.7342599073676,2,0.444653493709698
"GPX3","Bin_19",1.55290182498521,19,24.0333604735029,2,0.444653493709698
"GPX3","Bin_20",0.855037965345559,20,25.3324610396382,2,0.444653493709698
"IFI16","Bin_1",0.105649461717668,1,0.649550283067647,1,0.611290231491519
"IFI16","Bin_2",2.46391927046215,2,1.94865084920294,1,0.611290231491519
"IFI16","Bin_3",2.1330901655779,3,3.24775141533823,1,0.611290231491519
"IFI16","Bin_4",2.28245420072945,4,4.54685198147353,1,0.611290231491519
"IFI16","Bin_5",-0.117755783196993,5,5.84595254760882,1,0.611290231491519
"IFI16","Bin_6",-0.459941202383066,6,7.14505311374411,1,0.611290231491519
"IFI16","Bin_7",-0.459941202383066,7,8.4441536798794,1,0.611290231491519
"IFI16","Bin_8",-0.459941202383066,8,9.7432542460147,1,0.611290231491519
"IFI16","Bin_9",-0.459941202383066,9,11.04235481215,1,0.611290231491519
"IFI16","Bin_10",-0.451531356110092,10,12.3414553782853,1,0.611290231491519
"IFI16","Bin_11",-0.441674540656714,11,13.6405559444206,1,0.611290231491519
"IFI16","Bin_12",-0.454856989926582,12,14.9396565105559,1,0.611290231491519
"IFI16","Bin_13",-0.459941202383066,13,16.2387570766912,1,0.611290231491519
"IFI16","Bin_14",-0.459941202383066,14,17.5378576428265,1,0.611290231491519
"IFI16","Bin_15",-0.459941202383066,15,18.8369582089617,1,0.611290231491519
"IFI16","Bin_16",-0.459941202383066,16,20.136058775097,1,0.611290231491519
"IFI16","Bin_17",-0.459941202383066,17,21.4351593412323,1,0.611290231491519
"IFI16","Bin_18",-0.459941202383066,18,22.7342599073676,1,0.611290231491519
"IFI16","Bin_19",-0.459941202383066,19,24.0333604735029,1,0.611290231491519
"IFI16","Bin_20",-0.459941202383066,20,25.3324610396382,1,0.611290231491519
"NQO1","Bin_1",0.0118467372896667,1,0.649550283067647,2,0.66135938846373
"NQO1","Bin_2",-1.39131614517206,2,1.94865084920294,2,0.66135938846373
"NQO1","Bin_3",-1.57036263482154,3,3.24775141533823,2,0.66135938846373
"NQO1","Bin_4",-0.600929550127429,4,4.54685198147353,2,0.66135938846373
"NQO1","Bin_5",-1.13305500050284,5,5.84595254760882,2,0.66135938846373
"NQO1","Bin_6",-1.7973546561704,6,7.14505311374411,2,0.66135938846373
"NQO1","Bin_7",-1.10465529095338,7,8.4441536798794,2,0.66135938846373
"NQO1","Bin_8",-0.509832596071737,8,9.7432542460147,2,0.66135938846373
"NQO1","Bin_9",-0.197431490493597,9,11.04235481215,2,0.66135938846373
"NQO1","Bin_10",0.155973831497434,10,12.3414553782853,2,0.66135938846373
"NQO1","Bin_11",0.626739061188557,11,13.6405559444206,2,0.66135938846373
"NQO1","Bin_12",0.182934167649697,12,14.9396565105559,2,0.66135938846373
"NQO1","Bin_13",0.410629505321526,13,16.2387570766912,2,0.66135938846373
"NQO1","Bin_14",0.801661284847965,14,17.5378576428265,2,0.66135938846373
"NQO1","Bin_15",0.65761877958496,15,18.8369582089617,2,0.66135938846373
"NQO1","Bin_16",0.75417952636261,16,20.136058775097,2,0.66135938846373
"NQO1","Bin_17",0.800371498195635,17,21.4351593412323,2,0.66135938846373
"NQO1","Bin_18",0.968868886292929,18,22.7342599073676,2,0.66135938846373
"NQO1","Bin_19",1.29892119726417,19,24.0333604735029,2,0.66135938846373
"NQO1","Bin_20",1.63519288881782,20,25.3324610396382,2,0.66135938846373
"RPL7A","Bin_1",-0.0555547596446977,1,0.649550283067647,2,0.470655177283148
"RPL7A","Bin_2",-0.127576000443216,2,1.94865084920294,2,0.470655177283148
"RPL7A","Bin_3",-0.235311954560846,3,3.24775141533823,2,0.470655177283148
"RPL7A","Bin_4",-1.47881052710728,4,4.54685198147353,2,0.470655177283148
"RPL7A","Bin_5",-0.245629170155071,5,5.84595254760882,2,0.470655177283148
"RPL7A","Bin_6",-3.18768004230506,6,7.14505311374411,2,0.470655177283148
"RPL7A","Bin_7",-1.49347650714678,7,8.4441536798794,2,0.470655177283148
"RPL7A","Bin_8",-0.0419671515962928,8,9.7432542460147,2,0.470655177283148
"RPL7A","Bin_9",0.490288424867631,9,11.04235481215,2,0.470655177283148
"RPL7A","Bin_10",0.531930403451472,10,12.3414553782853,2,0.470655177283148
"RPL7A","Bin_11",0.40317893396222,11,13.6405559444206,2,0.470655177283148
"RPL7A","Bin_12",0.669385026168357,12,14.9396565105559,2,0.470655177283148
"RPL7A","Bin_13",0.871021326657634,13,16.2387570766912,2,0.470655177283148
"RPL7A","Bin_14",0.92861782550808,14,17.5378576428265,2,0.470655177283148
"RPL7A","Bin_15",0.623589331438038,15,18.8369582089617,2,0.470655177283148
"RPL7A","Bin_16",0.384695902733181,16,20.136058775097,2,0.470655177283148
"RPL7A","Bin_17",0.396688995040786,17,21.4351593412323,2,0.470655177283148
"RPL7A","Bin_18",0.578316260777283,18,22.7342599073676,2,0.470655177283148
"RPL7A","Bin_19",0.573249795317561,19,24.0333604735029,2,0.470655177283148
"RPL7A","Bin_20",0.415043887037,20,25.3324610396382,2,0.470655177283148
"BRK1","Bin_1",-0.405723486870764,1,0.649550283067647,2,0.692850913060548
"BRK1","Bin_2",-1.227832919844,2,1.94865084920294,2,0.692850913060548
"BRK1","Bin_3",-1.24846735742568,3,3.24775141533823,2,0.692850913060548
"BRK1","Bin_4",-1.13820702121677,4,4.54685198147353,2,0.692850913060548
"BRK1","Bin_5",-1.29191211231487,5,5.84595254760882,2,0.692850913060548
"BRK1","Bin_6",-2.10133666196397,6,7.14505311374411,2,0.692850913060548
"BRK1","Bin_7",-1.27479034249133,7,8.4441536798794,2,0.692850913060548
"BRK1","Bin_8",-0.218708369726725,8,9.7432542460147,2,0.692850913060548
"BRK1","Bin_9",0.81176989827704,9,11.04235481215,2,0.692850913060548
"BRK1","Bin_10",0.923560991722363,10,12.3414553782853,2,0.692850913060548
"BRK1","Bin_11",0.788205590174727,11,13.6405559444206,2,0.692850913060548
"BRK1","Bin_12",0.862817071094415,12,14.9396565105559,2,0.692850913060548
"BRK1","Bin_13",0.626258735809276,13,16.2387570766912,2,0.692850913060548
"BRK1","Bin_14",0.570403799455626,14,17.5378576428265,2,0.692850913060548
"BRK1","Bin_15",0.716217965779448,15,18.8369582089617,2,0.692850913060548
"BRK1","Bin_16",0.736743179031485,16,20.136058775097,2,0.692850913060548
"BRK1","Bin_17",0.744322371093256,17,21.4351593412323,2,0.692850913060548
"BRK1","Bin_18",0.709911901204286,18,22.7342599073676,2,0.692850913060548
"BRK1","Bin_19",0.750047638870055,19,24.0333604735029,2,0.692850913060548
"BRK1","Bin_20",0.66671912934214,20,25.3324610396382,2,0.692850913060548
"ATP5MC3","Bin_1",-1.02281013230636,1,0.649550283067647,2,0.681164988415725
"ATP5MC3","Bin_2",-1.3605541157248,2,1.94865084920294,2,0.681164988415725
"ATP5MC3","Bin_3",-1.55712875320041,3,3.24775141533823,2,0.681164988415725
"ATP5MC3","Bin_4",-0.2947573224244,4,4.54685198147353,2,0.681164988415725
"ATP5MC3","Bin_5",-0.740332920253185,5,5.84595254760882,2,0.681164988415725
"ATP5MC3","Bin_6",-1.87813363205254,6,7.14505311374411,2,0.681164988415725
"ATP5MC3","Bin_7",-1.49630995300726,7,8.4441536798794,2,0.681164988415725
"ATP5MC3","Bin_8",-0.401435102073746,8,9.7432542460147,2,0.681164988415725
"ATP5MC3","Bin_9",0.785057624239562,9,11.04235481215,2,0.681164988415725
"ATP5MC3","Bin_10",0.856950108213361,10,12.3414553782853,2,0.681164988415725
"ATP5MC3","Bin_11",0.586086807193409,11,13.6405559444206,2,0.681164988415725
"ATP5MC3","Bin_12",0.571782222239861,12,14.9396565105559,2,0.681164988415725
"ATP5MC3","Bin_13",0.719506493771955,13,16.2387570766912,2,0.681164988415725
"ATP5MC3","Bin_14",0.511655627429547,14,17.5378576428265,2,0.681164988415725
"ATP5MC3","Bin_15",0.477838560028053,15,18.8369582089617,2,0.681164988415725
"ATP5MC3","Bin_16",0.410498500979105,16,20.136058775097,2,0.681164988415725
"ATP5MC3","Bin_17",0.608004997499497,17,21.4351593412323,2,0.681164988415725
"ATP5MC3","Bin_18",0.862006587379998,18,22.7342599073676,2,0.681164988415725
"ATP5MC3","Bin_19",1.09217457152403,19,24.0333604735029,2,0.681164988415725
"ATP5MC3","Bin_20",1.26989983054432,20,25.3324610396382,2,0.681164988415725
"EXOSC4","Bin_1",-0.885322071201823,1,0.649550283067647,2,0.709921247251659
"EXOSC4","Bin_2",-1.07388401602983,2,1.94865084920294,2,0.709921247251659
"EXOSC4","Bin_3",-1.11424984543052,3,3.24775141533823,2,0.709921247251659
"EXOSC4","Bin_4",-0.802990356720128,4,4.54685198147353,2,0.709921247251659
"EXOSC4","Bin_5",-1.1336391460743,5,5.84595254760882,2,0.709921247251659
"EXOSC4","Bin_6",-1.53662326001829,6,7.14505311374411,2,0.709921247251659
"EXOSC4","Bin_7",-1.13255353006355,7,8.4441536798794,2,0.709921247251659
"EXOSC4","Bin_8",-1.28331064303476,8,9.7432542460147,2,0.709921247251659
"EXOSC4","Bin_9",0.224734155919475,9,11.04235481215,2,0.709921247251659
"EXOSC4","Bin_10",0.75053320102734,10,12.3414553782853,2,0.709921247251659
"EXOSC4","Bin_11",0.631736492266237,11,13.6405559444206,2,0.709921247251659
"EXOSC4","Bin_12",0.473248267644176,12,14.9396565105559,2,0.709921247251659
"EXOSC4","Bin_13",0.56841937196407,13,16.2387570766912,2,0.709921247251659
"EXOSC4","Bin_14",0.50042361024042,14,17.5378576428265,2,0.709921247251659
"EXOSC4","Bin_15",0.493206964840951,15,18.8369582089617,2,0.709921247251659
"EXOSC4","Bin_16",0.491175727027151,16,20.136058775097,2,0.709921247251659
"EXOSC4","Bin_17",0.671684580753566,17,21.4351593412323,2,0.709921247251659
"EXOSC4","Bin_18",1.13851471615245,18,22.7342599073676,2,0.709921247251659
"EXOSC4","Bin_19",1.53760755070759,19,24.0333604735029,2,0.709921247251659
"EXOSC4","Bin_20",1.48128823002977,20,25.3324610396382,2,0.709921247251659
"STX10","Bin_1",-0.953163719387883,1,0.649550283067647,2,0.699470773819987
"STX10","Bin_2",-1.35916661401166,2,1.94865084920294,2,0.699470773819987
"STX10","Bin_3",-1.44777259549345,3,3.24775141533823,2,0.699470773819987
"STX10","Bin_4",-1.0567776944696,4,4.54685198147353,2,0.699470773819987
"STX10","Bin_5",-1.48909585037074,5,5.84595254760882,2,0.699470773819987
"STX10","Bin_6",-0.531666983808508,6,7.14505311374411,2,0.699470773819987
"STX10","Bin_7",-1.05811628310788,7,8.4441536798794,2,0.699470773819987
"STX10","Bin_8",-1.02013908855493,8,9.7432542460147,2,0.699470773819987
"STX10","Bin_9",0.232691024547397,9,11.04235481215,2,0.699470773819987
"STX10","Bin_10",0.861870739865597,10,12.3414553782853,2,0.699470773819987
"STX10","Bin_11",0.67250972228322,11,13.6405559444206,2,0.699470773819987
"STX10","Bin_12",0.610872678818462,12,14.9396565105559,2,0.699470773819987
"STX10","Bin_13",0.658808520651902,13,16.2387570766912,2,0.699470773819987
"STX10","Bin_14",0.246207210334159,14,17.5378576428265,2,0.699470773819987
"STX10","Bin_15",0.326598837445502,15,18.8369582089617,2,0.699470773819987
"STX10","Bin_16",0.564333334588776,16,20.136058775097,2,0.699470773819987
"STX10","Bin_17",0.936103866924305,17,21.4351593412323,2,0.699470773819987
"STX10","Bin_18",0.987098569249489,18,22.7342599073676,2,0.699470773819987
"STX10","Bin_19",1.46078716443481,19,24.0333604735029,2,0.699470773819987
"STX10","Bin_20",1.35801716006102,20,25.3324610396382,2,0.699470773819987
"FBL","Bin_1",-0.924244097902379,1,0.649550283067647,2,0.677736720717442
"FBL","Bin_2",-0.880089066925937,2,1.94865084920294,2,0.677736720717442
"FBL","Bin_3",-1.01958187320548,3,3.24775141533823,2,0.677736720717442
"FBL","Bin_4",-1.08618087350185,4,4.54685198147353,2,0.677736720717442
"FBL","Bin_5",-1.1446992657048,5,5.84595254760882,2,0.677736720717442
"FBL","Bin_6",-1.83228776434829,6,7.14505311374411,2,0.677736720717442
"FBL","Bin_7",-1.16690720124206,7,8.4441536798794,2,0.677736720717442
"FBL","Bin_8",-1.24957553509101,8,9.7432542460147,2,0.677736720717442
"FBL","Bin_9",0.898725070397722,9,11.04235481215,2,0.677736720717442
"FBL","Bin_10",1.01823406251806,10,12.3414553782853,2,0.677736720717442
"FBL","Bin_11",0.780935763259785,11,13.6405559444206,2,0.677736720717442
"FBL","Bin_12",0.778595917359951,12,14.9396565105559,2,0.677736720717442
"FBL","Bin_13",0.948682329652123,13,16.2387570766912,2,0.677736720717442
"FBL","Bin_14",0.928558171672988,14,17.5378576428265,2,0.677736720717442
"FBL","Bin_15",0.600776949934538,15,18.8369582089617,2,0.677736720717442
"FBL","Bin_16",0.624321165196659,16,20.136058775097,2,0.677736720717442
"FBL","Bin_17",0.429110661688076,17,21.4351593412323,2,0.677736720717442
"FBL","Bin_18",0.63511755028282,18,22.7342599073676,2,0.677736720717442
"FBL","Bin_19",0.933917032093326,19,24.0333604735029,2,0.677736720717442
"FBL","Bin_20",0.726591003865763,20,25.3324610396382,2,0.677736720717442
"PSMC4","Bin_1",-0.951224169818399,1,0.649550283067647,2,0.709031381477844
"PSMC4","Bin_2",-1.30863961298068,2,1.94865084920294,2,0.709031381477844
"PSMC4","Bin_3",-1.49888834732609,3,3.24775141533823,2,0.709031381477844
"PSMC4","Bin_4",-1.08055824350747,4,4.54685198147353,2,0.709031381477844
"PSMC4","Bin_5",-1.49801263377269,5,5.84595254760882,2,0.709031381477844
"PSMC4","Bin_6",-1.33193245859598,6,7.14505311374411,2,0.709031381477844
"PSMC4","Bin_7",-0.572800994659107,7,8.4441536798794,2,0.709031381477844
"PSMC4","Bin_8",-0.294881417879988,8,9.7432542460147,2,0.709031381477844
"PSMC4","Bin_9",0.460915599806368,9,11.04235481215,2,0.709031381477844
"PSMC4","Bin_10",0.825811127123244,10,12.3414553782853,2,0.709031381477844
"PSMC4","Bin_11",0.720439421719873,11,13.6405559444206,2,0.709031381477844
"PSMC4","Bin_12",0.2315574606953,12,14.9396565105559,2,0.709031381477844
"PSMC4","Bin_13",0.724977043969013,13,16.2387570766912,2,0.709031381477844
"PSMC4","Bin_14",0.228613135143774,14,17.5378576428265,2,0.709031381477844
"PSMC4","Bin_15",0.0633797195436836,15,18.8369582089617,2,0.709031381477844
"PSMC4","Bin_16",0.410874275226109,16,20.136058775097,2,0.709031381477844
"PSMC4","Bin_17",0.909100763977477,17,21.4351593412323,2,0.709031381477844
"PSMC4","Bin_18",0.905894229602523,18,22.7342599073676,2,0.709031381477844
"PSMC4","Bin_19",1.56445823527336,19,24.0333604735029,2,0.709031381477844
"PSMC4","Bin_20",1.49091686645969,20,25.3324610396382,2,0.709031381477844
"TMEM45A","Bin_1",-0.317982909567033,1,0.649550283067647,2,0.56880141160598
"TMEM45A","Bin_2",-1.1683512992647,2,1.94865084920294,2,0.56880141160598
"TMEM45A","Bin_3",-1.44266931207468,3,3.24775141533823,2,0.56880141160598
"TMEM45A","Bin_4",-0.487092945826191,4,4.54685198147353,2,0.56880141160598
"TMEM45A","Bin_5",-0.782214114857884,5,5.84595254760882,2,0.56880141160598
"TMEM45A","Bin_6",-1.77021363591709,6,7.14505311374411,2,0.56880141160598
"TMEM45A","Bin_7",0.176110420655405,7,8.4441536798794,2,0.56880141160598
"TMEM45A","Bin_8",-1.37969990293904,8,9.7432542460147,2,0.56880141160598
"TMEM45A","Bin_9",-0.156595038490965,9,11.04235481215,2,0.56880141160598
"TMEM45A","Bin_10",-0.269360857824032,10,12.3414553782853,2,0.56880141160598
"TMEM45A","Bin_11",0.284085846945496,11,13.6405559444206,2,0.56880141160598
"TMEM45A","Bin_12",0.164168245523265,12,14.9396565105559,2,0.56880141160598
"TMEM45A","Bin_13",0.0207760061100794,13,16.2387570766912,2,0.56880141160598
"TMEM45A","Bin_14",0.0440647193336451,14,17.5378576428265,2,0.56880141160598
"TMEM45A","Bin_15",0.684424915362423,15,18.8369582089617,2,0.56880141160598
"TMEM45A","Bin_16",0.79581210715493,16,20.136058775097,2,0.56880141160598
"TMEM45A","Bin_17",1.8736623422346,17,21.4351593412323,2,0.56880141160598
"TMEM45A","Bin_18",1.39251745101297,18,22.7342599073676,2,0.56880141160598
"TMEM45A","Bin_19",1.02405016764084,19,24.0333604735029,2,0.56880141160598
"TMEM45A","Bin_20",1.31450779478796,20,25.3324610396382,2,0.56880141160598
"RPS27","Bin_1",0.453063256342507,1,0.649550283067647,1,0.265206597693842
"RPS27","Bin_2",0.954179810653719,2,1.94865084920294,1,0.265206597693842
"RPS27","Bin_3",1.22111333674012,3,3.24775141533823,1,0.265206597693842
"RPS27","Bin_4",0.759534135279248,4,4.54685198147353,1,0.265206597693842
"RPS27","Bin_5",1.2140075470412,5,5.84595254760882,1,0.265206597693842
"RPS27","Bin_6",-3.54161772112173,6,7.14505311374411,1,0.265206597693842
"RPS27","Bin_7",-1.03971273799292,7,8.4441536798794,1,0.265206597693842
"RPS27","Bin_8",-0.427174727900578,8,9.7432542460147,1,0.265206597693842
"RPS27","Bin_9",0.0878315462436368,9,11.04235481215,1,0.265206597693842
"RPS27","Bin_10",-0.086515578441527,10,12.3414553782853,1,0.265206597693842
"RPS27","Bin_11",-0.0934552500320168,11,13.6405559444206,1,0.265206597693842
"RPS27","Bin_12",0.294419222550159,12,14.9396565105559,1,0.265206597693842
"RPS27","Bin_13",0.21376655484228,13,16.2387570766912,1,0.265206597693842
"RPS27","Bin_14",0.350942969800607,14,17.5378576428265,1,0.265206597693842
"RPS27","Bin_15",0.321248915262466,15,18.8369582089617,1,0.265206597693842
"RPS27","Bin_16",-0.0464439942242683,16,20.136058775097,1,0.265206597693842
"RPS27","Bin_17",-0.0698789959635036,17,21.4351593412323,1,0.265206597693842
"RPS27","Bin_18",-0.0283232374567368,18,22.7342599073676,1,0.265206597693842
"RPS27","Bin_19",-0.243786258657178,19,24.0333604735029,1,0.265206597693842
"RPS27","Bin_20",-0.293198792965485,20,25.3324610396382,1,0.265206597693842
"SPATS2","Bin_1",-0.704710024741092,1,0.649550283067647,2,0.66648724364142
"SPATS2","Bin_2",-1.07511795436301,2,1.94865084920294,2,0.66648724364142
"SPATS2","Bin_3",-1.3151993641063,3,3.24775141533823,2,0.66648724364142
"SPATS2","Bin_4",-1.26292616507082,4,4.54685198147353,2,0.66648724364142
"SPATS2","Bin_5",-1.54277721615416,5,5.84595254760882,2,0.66648724364142
"SPATS2","Bin_6",-0.821343433302085,6,7.14505311374411,2,0.66648724364142
"SPATS2","Bin_7",-0.595562093292851,7,8.4441536798794,2,0.66648724364142
"SPATS2","Bin_8",-1.69724240473494,8,9.7432542460147,2,0.66648724364142
"SPATS2","Bin_9",0.284834665548293,9,11.04235481215,2,0.66648724364142
"SPATS2","Bin_10",0.523389930235507,10,12.3414553782853,2,0.66648724364142
"SPATS2","Bin_11",0.732179923109571,11,13.6405559444206,2,0.66648724364142
"SPATS2","Bin_12",0.252963296703493,12,14.9396565105559,2,0.66648724364142
"SPATS2","Bin_13",0.636459488419464,13,16.2387570766912,2,0.66648724364142
"SPATS2","Bin_14",0.765212155796722,14,17.5378576428265,2,0.66648724364142
"SPATS2","Bin_15",0.859351119561349,15,18.8369582089617,2,0.66648724364142
"SPATS2","Bin_16",1.0572072183342,16,20.136058775097,2,0.66648724364142
"SPATS2","Bin_17",0.804366834990717,17,21.4351593412323,2,0.66648724364142
"SPATS2","Bin_18",0.945216438474199,18,22.7342599073676,2,0.66648724364142
"SPATS2","Bin_19",0.88831958208608,19,24.0333604735029,2,0.66648724364142
"SPATS2","Bin_20",1.26537800250567,20,25.3324610396382,2,0.66648724364142
"HLA-DRB1","Bin_1",0.42009547965745,1,0.649550283067647,1,0.600428385570245
"HLA-DRB1","Bin_2",1.80342139542486,2,1.94865084920294,1,0.600428385570245
"HLA-DRB1","Bin_3",1.79802647265381,3,3.24775141533823,1,0.600428385570245
"HLA-DRB1","Bin_4",3.02761273219664,4,4.54685198147353,1,0.600428385570245
"HLA-DRB1","Bin_5",-0.308933931939187,5,5.84595254760882,1,0.600428385570245
"HLA-DRB1","Bin_6",-0.513626129114965,6,7.14505311374411,1,0.600428385570245
"HLA-DRB1","Bin_7",-0.296663710970505,7,8.4441536798794,1,0.600428385570245
"HLA-DRB1","Bin_8",-0.513626129114965,8,9.7432542460147,1,0.600428385570245
"HLA-DRB1","Bin_9",-0.445052376276132,9,11.04235481215,1,0.600428385570245
"HLA-DRB1","Bin_10",-0.421103426204166,10,12.3414553782853,1,0.600428385570245
"HLA-DRB1","Bin_11",-0.421936498885339,11,13.6405559444206,1,0.600428385570245
"HLA-DRB1","Bin_12",-0.439281339765667,12,14.9396565105559,1,0.600428385570245
"HLA-DRB1","Bin_13",-0.493180173959839,13,16.2387570766912,1,0.600428385570245
"HLA-DRB1","Bin_14",-0.469648325543566,14,17.5378576428265,1,0.600428385570245
"HLA-DRB1","Bin_15",-0.43841832731938,15,18.8369582089617,1,0.600428385570245
"HLA-DRB1","Bin_16",-0.364804144574401,16,20.136058775097,1,0.600428385570245
"HLA-DRB1","Bin_17",-0.454648376406454,17,21.4351593412323,1,0.600428385570245
"HLA-DRB1","Bin_18",-0.486449954801676,18,22.7342599073676,1,0.600428385570245
"HLA-DRB1","Bin_19",-0.492450973020855,19,24.0333604735029,1,0.600428385570245
"HLA-DRB1","Bin_20",-0.489332262035665,20,25.3324610396382,1,0.600428385570245
"S100A1","Bin_1",-1.63236972894837,1,0.649550283067647,2,0.618233300094893
"S100A1","Bin_2",-1.07693111350602,2,1.94865084920294,2,0.618233300094893
"S100A1","Bin_3",-1.17203635928916,3,3.24775141533823,2,0.618233300094893
"S100A1","Bin_4",0.033914520391478,4,4.54685198147353,2,0.618233300094893
"S100A1","Bin_5",-0.837490437419531,5,5.84595254760882,2,0.618233300094893
"S100A1","Bin_6",-1.46914121225017,6,7.14505311374411,2,0.618233300094893
"S100A1","Bin_7",-1.30836881339616,7,8.4441536798794,2,0.618233300094893
"S100A1","Bin_8",-0.601505702625577,8,9.7432542460147,2,0.618233300094893
"S100A1","Bin_9",0.467119238616096,9,11.04235481215,2,0.618233300094893
"S100A1","Bin_10",0.310242340542056,10,12.3414553782853,2,0.618233300094893
"S100A1","Bin_11",0.295743738083698,11,13.6405559444206,2,0.618233300094893
"S100A1","Bin_12",0.571038868520105,12,14.9396565105559,2,0.618233300094893
"S100A1","Bin_13",-0.199767518706496,13,16.2387570766912,2,0.618233300094893
"S100A1","Bin_14",0.0137931905130094,14,17.5378576428265,2,0.618233300094893
"S100A1","Bin_15",0.725151544399631,15,18.8369582089617,2,0.618233300094893
"S100A1","Bin_16",0.506031741658217,16,20.136058775097,2,0.618233300094893
"S100A1","Bin_17",1.33010303151261,17,21.4351593412323,2,0.618233300094893
"S100A1","Bin_18",1.59070491026587,18,22.7342599073676,2,0.618233300094893
"S100A1","Bin_19",1.16626257415757,19,24.0333604735029,2,0.618233300094893
"S100A1","Bin_20",1.28750518748113,20,25.3324610396382,2,0.618233300094893
"TMEM147","Bin_1",-0.53096260321158,1,0.649550283067647,2,0.724118242632995
"TMEM147","Bin_2",-1.17519801407265,2,1.94865084920294,2,0.724118242632995
"TMEM147","Bin_3",-1.33256220094793,3,3.24775141533823,2,0.724118242632995
"TMEM147","Bin_4",-1.04998355333411,4,4.54685198147353,2,0.724118242632995
"TMEM147","Bin_5",-1.12632637259885,5,5.84595254760882,2,0.724118242632995
"TMEM147","Bin_6",-1.51604448564756,6,7.14505311374411,2,0.724118242632995
"TMEM147","Bin_7",-1.32228176727848,7,8.4441536798794,2,0.724118242632995
"TMEM147","Bin_8",-0.799854000077346,8,9.7432542460147,2,0.724118242632995
"TMEM147","Bin_9",0.354200627780531,9,11.04235481215,2,0.724118242632995
"TMEM147","Bin_10",0.807257148168305,10,12.3414553782853,2,0.724118242632995
"TMEM147","Bin_11",0.671708471281903,11,13.6405559444206,2,0.724118242632995
"TMEM147","Bin_12",0.540099850414853,12,14.9396565105559,2,0.724118242632995
"TMEM147","Bin_13",0.678802179139724,13,16.2387570766912,2,0.724118242632995
"TMEM147","Bin_14",0.140946670227328,14,17.5378576428265,2,0.724118242632995
"TMEM147","Bin_15",0.213738839614107,15,18.8369582089617,2,0.724118242632995
"TMEM147","Bin_16",0.561593776183385,16,20.136058775097,2,0.724118242632995
"TMEM147","Bin_17",0.988552697834141,17,21.4351593412323,2,0.724118242632995
"TMEM147","Bin_18",1.03605328671303,18,22.7342599073676,2,0.724118242632995
"TMEM147","Bin_19",1.41161018155737,19,24.0333604735029,2,0.724118242632995
"TMEM147","Bin_20",1.44864926825383,20,25.3324610396382,2,0.724118242632995
"SSR3","Bin_1",-0.873584950579789,1,0.649550283067647,2,0.685648223424509
"SSR3","Bin_2",-0.975530312055115,2,1.94865084920294,2,0.685648223424509
"SSR3","Bin_3",-0.8018945636537,3,3.24775141533823,2,0.685648223424509
"SSR3","Bin_4",-0.548312689235679,4,4.54685198147353,2,0.685648223424509
"SSR3","Bin_5",-1.61903447077644,5,5.84595254760882,2,0.685648223424509
"SSR3","Bin_6",-2.01113873713343,6,7.14505311374411,2,0.685648223424509
"SSR3","Bin_7",-1.02469608315097,7,8.4441536798794,2,0.685648223424509
"SSR3","Bin_8",-1.10668399335697,8,9.7432542460147,2,0.685648223424509
"SSR3","Bin_9",0.371875801481748,9,11.04235481215,2,0.685648223424509
"SSR3","Bin_10",0.577607194095749,10,12.3414553782853,2,0.685648223424509
"SSR3","Bin_11",0.610588777742361,11,13.6405559444206,2,0.685648223424509
"SSR3","Bin_12",0.614556176122025,12,14.9396565105559,2,0.685648223424509
"SSR3","Bin_13",0.40456593056344,13,16.2387570766912,2,0.685648223424509
"SSR3","Bin_14",0.616315920735692,14,17.5378576428265,2,0.685648223424509
"SSR3","Bin_15",0.800385499115028,15,18.8369582089617,2,0.685648223424509
"SSR3","Bin_16",0.875839942676715,16,20.136058775097,2,0.685648223424509
"SSR3","Bin_17",1.20459878153374,17,21.4351593412323,2,0.685648223424509
"SSR3","Bin_18",0.922890926124834,18,22.7342599073676,2,0.685648223424509
"SSR3","Bin_19",0.993691699965477,19,24.0333604735029,2,0.685648223424509
"SSR3","Bin_20",0.967959149785289,20,25.3324610396382,2,0.685648223424509
"PPP1R1B","Bin_1",0.0727729992951488,1,0.649550283067647,2,0.474560098853377
"PPP1R1B","Bin_2",-0.286130632992779,2,1.94865084920294,2,0.474560098853377
"PPP1R1B","Bin_3",-0.875604469259716,3,3.24775141533823,2,0.474560098853377
"PPP1R1B","Bin_4",-0.977271427064172,4,4.54685198147353,2,0.474560098853377
"PPP1R1B","Bin_5",-0.687233551550448,5,5.84595254760882,2,0.474560098853377
"PPP1R1B","Bin_6",-1.26647197025443,6,7.14505311374411,2,0.474560098853377
"PPP1R1B","Bin_7",-0.956202766110199,7,8.4441536798794,2,0.474560098853377
"PPP1R1B","Bin_8",-0.697426669839059,8,9.7432542460147,2,0.474560098853377
"PPP1R1B","Bin_9",-0.463739344541276,9,11.04235481215,2,0.474560098853377
"PPP1R1B","Bin_10",-0.748797229808033,10,12.3414553782853,2,0.474560098853377
"PPP1R1B","Bin_11",-0.530328605030381,11,13.6405559444206,2,0.474560098853377
"PPP1R1B","Bin_12",-0.326364247348733,12,14.9396565105559,2,0.474560098853377
"PPP1R1B","Bin_13",0.190146102907688,13,16.2387570766912,2,0.474560098853377
"PPP1R1B","Bin_14",0.52224376786469,14,17.5378576428265,2,0.474560098853377
"PPP1R1B","Bin_15",0.235479120038441,15,18.8369582089617,2,0.474560098853377
"PPP1R1B","Bin_16",0.00878408140289449,16,20.136058775097,2,0.474560098853377
"PPP1R1B","Bin_17",1.07764460685199,17,21.4351593412323,2,0.474560098853377
"PPP1R1B","Bin_18",1.78290692324696,18,22.7342599073676,2,0.474560098853377
"PPP1R1B","Bin_19",2.22828696972997,19,24.0333604735029,2,0.474560098853377
"PPP1R1B","Bin_20",1.69730634246145,20,25.3324610396382,2,0.474560098853377
"UCHL3","Bin_1",-0.750707510775095,1,0.649550283067647,2,0.679443106100249
"UCHL3","Bin_2",-1.21756572849168,2,1.94865084920294,2,0.679443106100249
"UCHL3","Bin_3",-1.2677229359482,3,3.24775141533823,2,0.679443106100249
"UCHL3","Bin_4",-0.655201531847284,4,4.54685198147353,2,0.679443106100249
"UCHL3","Bin_5",-1.08726925977437,5,5.84595254760882,2,0.679443106100249
"UCHL3","Bin_6",-1.68616963669017,6,7.14505311374411,2,0.679443106100249
"UCHL3","Bin_7",-1.08608849393573,7,8.4441536798794,2,0.679443106100249
"UCHL3","Bin_8",-0.294772138595856,8,9.7432542460147,2,0.679443106100249
"UCHL3","Bin_9",0.404369928153749,9,11.04235481215,2,0.679443106100249
"UCHL3","Bin_10",0.976252418180955,10,12.3414553782853,2,0.679443106100249
"UCHL3","Bin_11",0.719452397705346,11,13.6405559444206,2,0.679443106100249
"UCHL3","Bin_12",0.31287063460215,12,14.9396565105559,2,0.679443106100249
"UCHL3","Bin_13",0.206061692533714,13,16.2387570766912,2,0.679443106100249
"UCHL3","Bin_14",-0.195210958625164,14,17.5378576428265,2,0.679443106100249
"UCHL3","Bin_15",-0.00856320441307417,15,18.8369582089617,2,0.679443106100249
"UCHL3","Bin_16",0.297401325590812,16,20.136058775097,2,0.679443106100249
"UCHL3","Bin_17",0.780402480354653,17,21.4351593412323,2,0.679443106100249
"UCHL3","Bin_18",1.14683443896485,18,22.7342599073676,2,0.679443106100249
"UCHL3","Bin_19",1.72715566807296,19,24.0333604735029,2,0.679443106100249
"UCHL3","Bin_20",1.67847041493744,20,25.3324610396382,2,0.679443106100249
"LTF","Bin_1",1.09571468977963,1,0.649550283067647,1,0.62051423717551
"LTF","Bin_2",3.0230943729906,2,1.94865084920294,1,0.62051423717551
"LTF","Bin_3",1.98068546275327,3,3.24775141533823,1,0.62051423717551
"LTF","Bin_4",0.900580234547405,4,4.54685198147353,1,0.62051423717551
"LTF","Bin_5",0.461881358118467,5,5.84595254760882,1,0.62051423717551
"LTF","Bin_6",-0.503487871160256,6,7.14505311374411,1,0.62051423717551
"LTF","Bin_7",-0.503487871160256,7,8.4441536798794,1,0.62051423717551
"LTF","Bin_8",-0.503487871160256,8,9.7432542460147,1,0.62051423717551
"LTF","Bin_9",-0.503487871160256,9,11.04235481215,1,0.62051423717551
"LTF","Bin_10",-0.495302437665165,10,12.3414553782853,1,0.62051423717551
"LTF","Bin_11",-0.496646306637217,11,13.6405559444206,1,0.62051423717551
"LTF","Bin_12",-0.498777764046549,12,14.9396565105559,1,0.62051423717551
"LTF","Bin_13",-0.499991739600493,13,16.2387570766912,1,0.62051423717551
"LTF","Bin_14",-0.48245608643611,14,17.5378576428265,1,0.62051423717551
"LTF","Bin_15",-0.48963119361053,15,18.8369582089617,1,0.62051423717551
"LTF","Bin_16",-0.48576330202084,16,20.136058775097,1,0.62051423717551
"LTF","Bin_17",-0.503487871160256,17,21.4351593412323,1,0.62051423717551
"LTF","Bin_18",-0.48897219005068,18,22.7342599073676,1,0.62051423717551
"LTF","Bin_19",-0.503487871160256,19,24.0333604735029,1,0.62051423717551
"LTF","Bin_20",-0.503487871160256,20,25.3324610396382,1,0.62051423717551
"MDH1","Bin_1",-0.870361548650788,1,0.649550283067647,2,0.676787718973695
"MDH1","Bin_2",-1.32866571990831,2,1.94865084920294,2,0.676787718973695
"MDH1","Bin_3",-1.3471643002439,3,3.24775141533823,2,0.676787718973695
"MDH1","Bin_4",-0.991218871933879,4,4.54685198147353,2,0.676787718973695
"MDH1","Bin_5",-1.45390900685991,5,5.84595254760882,2,0.676787718973695
"MDH1","Bin_6",-1.52203613813954,6,7.14505311374411,2,0.676787718973695
"MDH1","Bin_7",-0.991977276393903,7,8.4441536798794,2,0.676787718973695
"MDH1","Bin_8",0.299880508912649,8,9.7432542460147,2,0.676787718973695
"MDH1","Bin_9",0.969173217609558,9,11.04235481215,2,0.676787718973695
"MDH1","Bin_10",0.920393486214572,10,12.3414553782853,2,0.676787718973695
"MDH1","Bin_11",0.699748663137112,11,13.6405559444206,2,0.676787718973695
"MDH1","Bin_12",0.415303753989446,12,14.9396565105559,2,0.676787718973695
"MDH1","Bin_13",0.439443365098385,13,16.2387570766912,2,0.676787718973695
"MDH1","Bin_14",0.127736402950341,14,17.5378576428265,2,0.676787718973695
"MDH1","Bin_15",0.181096932106951,15,18.8369582089617,2,0.676787718973695
"MDH1","Bin_16",0.249557036933639,16,20.136058775097,2,0.676787718973695
"MDH1","Bin_17",0.360694403822873,17,21.4351593412323,2,0.676787718973695
"MDH1","Bin_18",0.898098311999785,18,22.7342599073676,2,0.676787718973695
"MDH1","Bin_19",1.19691885701824,19,24.0333604735029,2,0.676787718973695
"MDH1","Bin_20",1.74728792233667,20,25.3324610396382,2,0.676787718973695
"LARP6","Bin_1",-0.969930023692773,1,0.649550283067647,2,0.649335958005863
"LARP6","Bin_2",-0.897118060924551,2,1.94865084920294,2,0.649335958005863
"LARP6","Bin_3",-0.933923753049382,3,3.24775141533823,2,0.649335958005863
"LARP6","Bin_4",-0.676277452361274,4,4.54685198147353,2,0.649335958005863
"LARP6","Bin_5",-0.982749431062732,5,5.84595254760882,2,0.649335958005863
"LARP6","Bin_6",-1.36827379700277,6,7.14505311374411,2,0.649335958005863
"LARP6","Bin_7",-1.13466507353668,7,8.4441536798794,2,0.649335958005863
"LARP6","Bin_8",-1.07326189473992,8,9.7432542460147,2,0.649335958005863
"LARP6","Bin_9",0.188155752230854,9,11.04235481215,2,0.649335958005863
"LARP6","Bin_10",0.197199321246067,10,12.3414553782853,2,0.649335958005863
"LARP6","Bin_11",0.330864313671704,11,13.6405559444206,2,0.649335958005863
"LARP6","Bin_12",0.246900172072457,12,14.9396565105559,2,0.649335958005863
"LARP6","Bin_13",0.0690009615944471,13,16.2387570766912,2,0.649335958005863
"LARP6","Bin_14",0.0187880263863803,14,17.5378576428265,2,0.649335958005863
"LARP6","Bin_15",0.406863523223791,15,18.8369582089617,2,0.649335958005863
"LARP6","Bin_16",0.300367466548977,16,20.136058775097,2,0.649335958005863
"LARP6","Bin_17",1.30853099805989,17,21.4351593412323,2,0.649335958005863
"LARP6","Bin_18",1.30101902613077,18,22.7342599073676,2,0.649335958005863
"LARP6","Bin_19",1.77083380784964,19,24.0333604735029,2,0.649335958005863
"LARP6","Bin_20",1.89767611735511,20,25.3324610396382,2,0.649335958005863
"SEC13","Bin_1",-1.12830740429327,1,0.649550283067647,2,0.695251554387805
"SEC13","Bin_2",-1.26147979674891,2,1.94865084920294,2,0.695251554387805
"SEC13","Bin_3",-1.39566460414115,3,3.24775141533823,2,0.695251554387805
"SEC13","Bin_4",-1.02484443911942,4,4.54685198147353,2,0.695251554387805
"SEC13","Bin_5",-1.31222143453258,5,5.84595254760882,2,0.695251554387805
"SEC13","Bin_6",-0.579131137922022,6,7.14505311374411,2,0.695251554387805
"SEC13","Bin_7",-1.56633102603255,7,8.4441536798794,2,0.695251554387805
"SEC13","Bin_8",-0.747375759057638,8,9.7432542460147,2,0.695251554387805
"SEC13","Bin_9",0.392215837977726,9,11.04235481215,2,0.695251554387805
"SEC13","Bin_10",0.949305503357833,10,12.3414553782853,2,0.695251554387805
"SEC13","Bin_11",0.669468496323713,11,13.6405559444206,2,0.695251554387805
"SEC13","Bin_12",0.649372678571263,12,14.9396565105559,2,0.695251554387805
"SEC13","Bin_13",0.539094655246998,13,16.2387570766912,2,0.695251554387805
"SEC13","Bin_14",0.152252916396698,14,17.5378576428265,2,0.695251554387805
"SEC13","Bin_15",0.420513576431998,15,18.8369582089617,2,0.695251554387805
"SEC13","Bin_16",0.737950869780698,16,20.136058775097,2,0.695251554387805
"SEC13","Bin_17",1.05185683431913,17,21.4351593412323,2,0.695251554387805
"SEC13","Bin_18",1.09461372079858,18,22.7342599073676,2,0.695251554387805
"SEC13","Bin_19",1.28349458420944,19,24.0333604735029,2,0.695251554387805
"SEC13","Bin_20",1.07521592843346,20,25.3324610396382,2,0.695251554387805
"LINC00623","Bin_1",0.0118505993589358,1,0.649550283067647,2,0.671475386400543
"LINC00623","Bin_2",-1.0648097702832,2,1.94865084920294,2,0.671475386400543
"LINC00623","Bin_3",-1.44523997853527,3,3.24775141533823,2,0.671475386400543
"LINC00623","Bin_4",-1.20320820608792,4,4.54685198147353,2,0.671475386400543
"LINC00623","Bin_5",-1.46472451964644,5,5.84595254760882,2,0.671475386400543
"LINC00623","Bin_6",-0.979065113340871,6,7.14505311374411,2,0.671475386400543
"LINC00623","Bin_7",-1.20570078706664,7,8.4441536798794,2,0.671475386400543
"LINC00623","Bin_8",-0.905455720041031,8,9.7432542460147,2,0.671475386400543
"LINC00623","Bin_9",0.0794455892446394,9,11.04235481215,2,0.671475386400543
"LINC00623","Bin_10",0.5690709008984,10,12.3414553782853,2,0.671475386400543
"LINC00623","Bin_11",0.61990506795878,11,13.6405559444206,2,0.671475386400543
"LINC00623","Bin_12",0.808985270456768,12,14.9396565105559,2,0.671475386400543
"LINC00623","Bin_13",0.0554176057945214,13,16.2387570766912,2,0.671475386400543
"LINC00623","Bin_14",0.0479484037636029,14,17.5378576428265,2,0.671475386400543
"LINC00623","Bin_15",0.666108927280174,15,18.8369582089617,2,0.671475386400543
"LINC00623","Bin_16",0.123579876487628,16,20.136058775097,2,0.671475386400543
"LINC00623","Bin_17",1.12427629880211,17,21.4351593412323,2,0.671475386400543
"LINC00623","Bin_18",1.1769400562189,18,22.7342599073676,2,0.671475386400543
"LINC00623","Bin_19",1.58035837041642,19,24.0333604735029,2,0.671475386400543
"LINC00623","Bin_20",1.4043171283205,20,25.3324610396382,2,0.671475386400543
"RPL5","Bin_1",-0.288333676091363,1,0.649550283067647,2,0.514432671715789
"RPL5","Bin_2",-0.287484290546314,2,1.94865084920294,2,0.514432671715789
"RPL5","Bin_3",-0.369562249757873,3,3.24775141533823,2,0.514432671715789
"RPL5","Bin_4",-1.05878168841512,4,4.54685198147353,2,0.514432671715789
"RPL5","Bin_5",-0.394258884757431,5,5.84595254760882,2,0.514432671715789
"RPL5","Bin_6",-2.95030215165369,6,7.14505311374411,2,0.514432671715789
"RPL5","Bin_7",-1.64223577374889,7,8.4441536798794,2,0.514432671715789
"RPL5","Bin_8",-0.722394680557188,8,9.7432542460147,2,0.514432671715789
"RPL5","Bin_9",0.84888598233517,9,11.04235481215,2,0.514432671715789
"RPL5","Bin_10",0.775296560647668,10,12.3414553782853,2,0.514432671715789
"RPL5","Bin_11",0.426230409581453,11,13.6405559444206,2,0.514432671715789
"RPL5","Bin_12",0.786651161813409,12,14.9396565105559,2,0.514432671715789
"RPL5","Bin_13",0.96512537053917,13,16.2387570766912,2,0.514432671715789
"RPL5","Bin_14",0.882596460074129,14,17.5378576428265,2,0.514432671715789
"RPL5","Bin_15",0.720632263713655,15,18.8369582089617,2,0.514432671715789
"RPL5","Bin_16",0.352456110433676,16,20.136058775097,2,0.514432671715789
"RPL5","Bin_17",0.318894365325927,17,21.4351593412323,2,0.514432671715789
"RPL5","Bin_18",0.59544126859288,18,22.7342599073676,2,0.514432671715789
"RPL5","Bin_19",0.62944846819823,19,24.0333604735029,2,0.514432671715789
"RPL5","Bin_20",0.411694974272507,20,25.3324610396382,2,0.514432671715789
"RPS28","Bin_1",1.04073371010035,1,0.649550283067647,1,0.388858990109589
"RPS28","Bin_2",1.54678746612168,2,1.94865084920294,1,0.388858990109589
"RPS28","Bin_3",1.69957583963513,3,3.24775141533823,1,0.388858990109589
"RPS28","Bin_4",0.585508763591906,4,4.54685198147353,1,0.388858990109589
"RPS28","Bin_5",0.679975075876062,5,5.84595254760882,1,0.388858990109589
"RPS28","Bin_6",-2.51860123759063,6,7.14505311374411,1,0.388858990109589
"RPS28","Bin_7",-1.75875828507454,7,8.4441536798794,1,0.388858990109589
"RPS28","Bin_8",-1.47251630203915,8,9.7432542460147,1,0.388858990109589
"RPS28","Bin_9",0.0276045058333538,9,11.04235481215,1,0.388858990109589
"RPS28","Bin_10",-0.0715118926040408,10,12.3414553782853,1,0.388858990109589
"RPS28","Bin_11",-0.10909366040238,11,13.6405559444206,1,0.388858990109589
"RPS28","Bin_12",0.220195205841734,12,14.9396565105559,1,0.388858990109589
"RPS28","Bin_13",0.114144406862581,13,16.2387570766912,1,0.388858990109589
"RPS28","Bin_14",0.228767355929132,14,17.5378576428265,1,0.388858990109589
"RPS28","Bin_15",0.187742250562109,15,18.8369582089617,1,0.388858990109589
"RPS28","Bin_16",-0.125874008859725,16,20.136058775097,1,0.388858990109589
"RPS28","Bin_17",-0.131460097632835,17,21.4351593412323,1,0.388858990109589
"RPS28","Bin_18",0.0561872901464065,18,22.7342599073676,1,0.388858990109589
"RPS28","Bin_19",-0.0632912118967967,19,24.0333604735029,1,0.388858990109589
"RPS28","Bin_20",-0.136115174400347,20,25.3324610396382,1,0.388858990109589
"YBEY","Bin_1",-0.798658047502112,1,0.649550283067647,2,0.682929631734393
"YBEY","Bin_2",-1.31448524520078,2,1.94865084920294,2,0.682929631734393
"YBEY","Bin_3",-1.18691329469412,3,3.24775141533823,2,0.682929631734393
"YBEY","Bin_4",-1.32369612413842,4,4.54685198147353,2,0.682929631734393
"YBEY","Bin_5",-1.31672299750657,5,5.84595254760882,2,0.682929631734393
"YBEY","Bin_6",-1.0411207036902,6,7.14505311374411,2,0.682929631734393
"YBEY","Bin_7",-0.530064709976159,7,8.4441536798794,2,0.682929631734393
"YBEY","Bin_8",-1.47505432852778,8,9.7432542460147,2,0.682929631734393
"YBEY","Bin_9",0.389066607159915,9,11.04235481215,2,0.682929631734393
"YBEY","Bin_10",0.509591539310659,10,12.3414553782853,2,0.682929631734393
"YBEY","Bin_11",0.642421355670407,11,13.6405559444206,2,0.682929631734393
"YBEY","Bin_12",0.43865249047155,12,14.9396565105559,2,0.682929631734393
"YBEY","Bin_13",0.554866367196057,13,16.2387570766912,2,0.682929631734393
"YBEY","Bin_14",0.999359722590038,14,17.5378576428265,2,0.682929631734393
"YBEY","Bin_15",0.751185542290913,15,18.8369582089617,2,0.682929631734393
"YBEY","Bin_16",0.258762378155646,16,20.136058775097,2,0.682929631734393
"YBEY","Bin_17",0.718990381376878,17,21.4351593412323,2,0.682929631734393
"YBEY","Bin_18",1.1815172582431,18,22.7342599073676,2,0.682929631734393
"YBEY","Bin_19",1.49509552446573,19,24.0333604735029,2,0.682929631734393
"YBEY","Bin_20",1.04720628430525,20,25.3324610396382,2,0.682929631734393
"KRT6B","Bin_1",-1.60604348083688,1,0.649550283067647,2,0.639710744951478
"KRT6B","Bin_2",-1.17366719992553,2,1.94865084920294,2,0.639710744951478
"KRT6B","Bin_3",-0.824161628383021,3,3.24775141533823,2,0.639710744951478
"KRT6B","Bin_4",-0.83976089762631,4,4.54685198147353,2,0.639710744951478
"KRT6B","Bin_5",-1.23890181568188,5,5.84595254760882,2,0.639710744951478
"KRT6B","Bin_6",-1.72811311967354,6,7.14505311374411,2,0.639710744951478
"KRT6B","Bin_7",-0.832685555858452,7,8.4441536798794,2,0.639710744951478
"KRT6B","Bin_8",-0.0423144110090722,8,9.7432542460147,2,0.639710744951478
"KRT6B","Bin_9",1.18946119200803,9,11.04235481215,2,0.639710744951478
"KRT6B","Bin_10",0.895593547045542,10,12.3414553782853,2,0.639710744951478
"KRT6B","Bin_11",0.733755492113863,11,13.6405559444206,2,0.639710744951478
"KRT6B","Bin_12",0.69909650852789,12,14.9396565105559,2,0.639710744951478
"KRT6B","Bin_13",0.918633647988744,13,16.2387570766912,2,0.639710744951478
"KRT6B","Bin_14",-0.00561781686852743,14,17.5378576428265,2,0.639710744951478
"KRT6B","Bin_15",0.19193486427986,15,18.8369582089617,2,0.639710744951478
"KRT6B","Bin_16",0.144405195507951,16,20.136058775097,2,0.639710744951478
"KRT6B","Bin_17",0.104986688014522,17,21.4351593412323,2,0.639710744951478
"KRT6B","Bin_18",0.659168869834011,18,22.7342599073676,2,0.639710744951478
"KRT6B","Bin_19",1.20650798968268,19,24.0333604735029,2,0.639710744951478
"KRT6B","Bin_20",1.54772193086011,20,25.3324610396382,2,0.639710744951478
"ACP1","Bin_1",-1.10030602278198,1,0.649550283067647,2,0.718687319413555
"ACP1","Bin_2",-1.266504909795,2,1.94865084920294,2,0.718687319413555
"ACP1","Bin_3",-1.61588996039633,3,3.24775141533823,2,0.718687319413555
"ACP1","Bin_4",-0.933543496899422,4,4.54685198147353,2,0.718687319413555
"ACP1","Bin_5",-1.06720107971654,5,5.84595254760882,2,0.718687319413555
"ACP1","Bin_6",-1.76067620915755,6,7.14505311374411,2,0.718687319413555
"ACP1","Bin_7",-0.778469549221843,7,8.4441536798794,2,0.718687319413555
"ACP1","Bin_8",-0.612792453923625,8,9.7432542460147,2,0.718687319413555
"ACP1","Bin_9",0.71104255092846,9,11.04235481215,2,0.718687319413555
"ACP1","Bin_10",0.936296846361142,10,12.3414553782853,2,0.718687319413555
"ACP1","Bin_11",0.831865684229023,11,13.6405559444206,2,0.718687319413555
"ACP1","Bin_12",0.825436005270978,12,14.9396565105559,2,0.718687319413555
"ACP1","Bin_13",0.390566804749904,13,16.2387570766912,2,0.718687319413555
"ACP1","Bin_14",0.323991453436562,14,17.5378576428265,2,0.718687319413555
"ACP1","Bin_15",0.660347434032375,15,18.8369582089617,2,0.718687319413555
"ACP1","Bin_16",0.671662540947535,16,20.136058775097,2,0.718687319413555
"ACP1","Bin_17",0.973090939979864,17,21.4351593412323,2,0.718687319413555
"ACP1","Bin_18",0.95324957844527,18,22.7342599073676,2,0.718687319413555
"ACP1","Bin_19",0.946455770269248,19,24.0333604735029,2,0.718687319413555
"ACP1","Bin_20",0.911378073241932,20,25.3324610396382,2,0.718687319413555
"RHOBTB3","Bin_1",1.04770452727839,1,0.649550283067647,2,0.57461628437526
"RHOBTB3","Bin_2",-1.01835825414004,2,1.94865084920294,2,0.57461628437526
"RHOBTB3","Bin_3",-1.46277176482281,3,3.24775141533823,2,0.57461628437526
"RHOBTB3","Bin_4",-1.20339093055048,4,4.54685198147353,2,0.57461628437526
"RHOBTB3","Bin_5",-1.4300591362709,5,5.84595254760882,2,0.57461628437526
"RHOBTB3","Bin_6",-1.02763003501383,6,7.14505311374411,2,0.57461628437526
"RHOBTB3","Bin_7",-1.06058243999456,7,8.4441536798794,2,0.57461628437526
"RHOBTB3","Bin_8",-1.08261949319377,8,9.7432542460147,2,0.57461628437526
"RHOBTB3","Bin_9",-0.247418762334576,9,11.04235481215,2,0.57461628437526
"RHOBTB3","Bin_10",0.147657255883781,10,12.3414553782853,2,0.57461628437526
"RHOBTB3","Bin_11",0.126141598176857,11,13.6405559444206,2,0.57461628437526
"RHOBTB3","Bin_12",0.276278089206572,12,14.9396565105559,2,0.57461628437526
"RHOBTB3","Bin_13",0.380213025843267,13,16.2387570766912,2,0.57461628437526
"RHOBTB3","Bin_14",0.741152848876719,14,17.5378576428265,2,0.57461628437526
"RHOBTB3","Bin_15",0.492372516439849,15,18.8369582089617,2,0.57461628437526
"RHOBTB3","Bin_16",0.349618893174158,16,20.136058775097,2,0.57461628437526
"RHOBTB3","Bin_17",0.737008746144685,17,21.4351593412323,2,0.57461628437526
"RHOBTB3","Bin_18",1.39612025195434,18,22.7342599073676,2,0.57461628437526
"RHOBTB3","Bin_19",1.16971121249525,19,24.0333604735029,2,0.57461628437526
"RHOBTB3","Bin_20",1.6688518508471,20,25.3324610396382,2,0.57461628437526
"PSAP","Bin_1",0.283055558330217,1,0.649550283067647,2,0.517481553046537
"PSAP","Bin_2",-0.49244734622253,2,1.94865084920294,2,0.517481553046537
"PSAP","Bin_3",-1.09806801654186,3,3.24775141533823,2,0.517481553046537
"PSAP","Bin_4",-0.994108367476902,4,4.54685198147353,2,0.517481553046537
"PSAP","Bin_5",-1.59236280079331,5,5.84595254760882,2,0.517481553046537
"PSAP","Bin_6",-1.44183414582885,6,7.14505311374411,2,0.517481553046537
"PSAP","Bin_7",0.346255708196618,7,8.4441536798794,2,0.517481553046537
"PSAP","Bin_8",-1.47900702448098,8,9.7432542460147,2,0.517481553046537
"PSAP","Bin_9",-0.553114610513166,9,11.04235481215,2,0.517481553046537
"PSAP","Bin_10",0.106329290244631,10,12.3414553782853,2,0.517481553046537
"PSAP","Bin_11",0.283067051173354,11,13.6405559444206,2,0.517481553046537
"PSAP","Bin_12",0.0242669844876857,12,14.9396565105559,2,0.517481553046537
"PSAP","Bin_13",-0.285033686478216,13,16.2387570766912,2,0.517481553046537
"PSAP","Bin_14",-0.00493123609309389,14,17.5378576428265,2,0.517481553046537
"PSAP","Bin_15",0.590572888003864,15,18.8369582089617,2,0.517481553046537
"PSAP","Bin_16",0.81516224688559,16,20.136058775097,2,0.517481553046537
"PSAP","Bin_17",1.97461227363273,17,21.4351593412323,2,0.517481553046537
"PSAP","Bin_18",1.24234556842266,18,22.7342599073676,2,0.517481553046537
"PSAP","Bin_19",1.27572264495313,19,24.0333604735029,2,0.517481553046537
"PSAP","Bin_20",0.999517020098445,20,25.3324610396382,2,0.517481553046537
"MYO10","Bin_1",-1.33708285578618,1,0.649550283067647,2,0.631438402304438
"MYO10","Bin_2",-1.36428711593736,2,1.94865084920294,2,0.631438402304438
"MYO10","Bin_3",-1.57087634230553,3,3.24775141533823,2,0.631438402304438
"MYO10","Bin_4",-1.03344589149425,4,4.54685198147353,2,0.631438402304438
"MYO10","Bin_5",-1.5958147829655,5,5.84595254760882,2,0.631438402304438
"MYO10","Bin_6",-1.10357958794278,6,7.14505311374411,2,0.631438402304438
"MYO10","Bin_7",0.77448274594063,7,8.4441536798794,2,0.631438402304438
"MYO10","Bin_8",-0.751761653168523,8,9.7432542460147,2,0.631438402304438
"MYO10","Bin_9",0.346752398437565,9,11.04235481215,2,0.631438402304438
"MYO10","Bin_10",0.676497710796991,10,12.3414553782853,2,0.631438402304438
"MYO10","Bin_11",0.622002281354366,11,13.6405559444206,2,0.631438402304438
"MYO10","Bin_12",0.525212432632223,12,14.9396565105559,2,0.631438402304438
"MYO10","Bin_13",0.253080730594563,13,16.2387570766912,2,0.631438402304438
"MYO10","Bin_14",0.365588860375149,14,17.5378576428265,2,0.631438402304438
"MYO10","Bin_15",0.377201277502394,15,18.8369582089617,2,0.631438402304438
"MYO10","Bin_16",0.300883019225746,16,20.136058775097,2,0.631438402304438
"MYO10","Bin_17",1.22593854987545,17,21.4351593412323,2,0.631438402304438
"MYO10","Bin_18",1.06558580921239,18,22.7342599073676,2,0.631438402304438
"MYO10","Bin_19",1.33984719862401,19,24.0333604735029,2,0.631438402304438
"MYO10","Bin_20",0.883775215028647,20,25.3324610396382,2,0.631438402304438
"RPL28","Bin_1",-0.884008171370445,1,0.649550283067647,2,0.517901553671948
"RPL28","Bin_2",-0.777470518027962,2,1.94865084920294,2,0.517901553671948
"RPL28","Bin_3",-0.670654953518465,3,3.24775141533823,2,0.517901553671948
"RPL28","Bin_4",-1.46411870391161,4,4.54685198147353,2,0.517901553671948
"RPL28","Bin_5",-0.562070451497415,5,5.84595254760882,2,0.517901553671948
"RPL28","Bin_6",-2.64986997740351,6,7.14505311374411,2,0.517901553671948
"RPL28","Bin_7",-0.87676639563865,7,8.4441536798794,2,0.517901553671948
"RPL28","Bin_8",0.270272610866206,8,9.7432542460147,2,0.517901553671948
"RPL28","Bin_9",0.832800793146815,9,11.04235481215,2,0.517901553671948
"RPL28","Bin_10",0.638301898209123,10,12.3414553782853,2,0.517901553671948
"RPL28","Bin_11",0.710895802600725,11,13.6405559444206,2,0.517901553671948
"RPL28","Bin_12",0.908751045449283,12,14.9396565105559,2,0.517901553671948
"RPL28","Bin_13",1.08077170342331,13,16.2387570766912,2,0.517901553671948
"RPL28","Bin_14",1.18541503716726,14,17.5378576428265,2,0.517901553671948
"RPL28","Bin_15",1.05672803610498,15,18.8369582089617,2,0.517901553671948
"RPL28","Bin_16",0.773097408428678,16,20.136058775097,2,0.517901553671948
"RPL28","Bin_17",0.169758115151702,17,21.4351593412323,2,0.517901553671948
"RPL28","Bin_18",0.302527382278927,18,22.7342599073676,2,0.517901553671948
"RPL28","Bin_19",-0.0206910286577554,19,24.0333604735029,2,0.517901553671948
"RPL28","Bin_20",-0.0236696328011905,20,25.3324610396382,2,0.517901553671948
"SAA1","Bin_1",-0.279945830945494,1,0.649550283067647,1,0.556435304731559
"SAA1","Bin_2",2.25903698181724,2,1.94865084920294,1,0.556435304731559
"SAA1","Bin_3",3.13901914415936,3,3.24775141533823,1,0.556435304731559
"SAA1","Bin_4",0.754482019095799,4,4.54685198147353,1,0.556435304731559
"SAA1","Bin_5",0.677585087336974,5,5.84595254760882,1,0.556435304731559
"SAA1","Bin_6",-0.513795174653548,6,7.14505311374411,1,0.556435304731559
"SAA1","Bin_7",-0.513795174653548,7,8.4441536798794,1,0.556435304731559
"SAA1","Bin_8",-0.513795174653548,8,9.7432542460147,1,0.556435304731559
"SAA1","Bin_9",-0.490977477616208,9,11.04235481215,1,0.556435304731559
"SAA1","Bin_10",-0.381501088935316,10,12.3414553782853,1,0.556435304731559
"SAA1","Bin_11",-0.314067663069927,11,13.6405559444206,1,0.556435304731559
"SAA1","Bin_12",-0.406901946158263,12,14.9396565105559,1,0.556435304731559
"SAA1","Bin_13",-0.402813143415874,13,16.2387570766912,1,0.556435304731559
"SAA1","Bin_14",-0.371507121812012,14,17.5378576428265,1,0.556435304731559
"SAA1","Bin_15",-0.344273240773541,15,18.8369582089617,1,0.556435304731559
"SAA1","Bin_16",-0.337116428209804,16,20.136058775097,1,0.556435304731559
"SAA1","Bin_17",-0.460043767013281,17,21.4351593412323,1,0.556435304731559
"SAA1","Bin_18",-0.490535998589896,18,22.7342599073676,1,0.556435304731559
"SAA1","Bin_19",-0.50551400055342,19,24.0333604735029,1,0.556435304731559
"SAA1","Bin_20",-0.503540001355686,20,25.3324610396382,1,0.556435304731559
"ACTL6A","Bin_1",-1.20545758809394,1,0.649550283067647,2,0.67702770252633
"ACTL6A","Bin_2",-1.3933247272654,2,1.94865084920294,2,0.67702770252633
"ACTL6A","Bin_3",-1.52736990457537,3,3.24775141533823,2,0.67702770252633
"ACTL6A","Bin_4",-0.99025894823515,4,4.54685198147353,2,0.67702770252633
"ACTL6A","Bin_5",-1.21901920337036,5,5.84595254760882,2,0.67702770252633
"ACTL6A","Bin_6",-1.68090289109279,6,7.14505311374411,2,0.67702770252633
"ACTL6A","Bin_7",-0.688229160442963,7,8.4441536798794,2,0.67702770252633
"ACTL6A","Bin_8",0.0643224775950854,8,9.7432542460147,2,0.67702770252633
"ACTL6A","Bin_9",1.00536147449117,9,11.04235481215,2,0.67702770252633
"ACTL6A","Bin_10",1.14852070313737,10,12.3414553782853,2,0.67702770252633
"ACTL6A","Bin_11",1.14588266119337,11,13.6405559444206,2,0.67702770252633
"ACTL6A","Bin_12",0.605876449414766,12,14.9396565105559,2,0.67702770252633
"ACTL6A","Bin_13",0.644224576644404,13,16.2387570766912,2,0.67702770252633
"ACTL6A","Bin_14",0.438961995866418,14,17.5378576428265,2,0.67702770252633
"ACTL6A","Bin_15",0.236456869518878,15,18.8369582089617,2,0.67702770252633
"ACTL6A","Bin_16",0.618679551925656,16,20.136058775097,2,0.67702770252633
"ACTL6A","Bin_17",0.289369443258449,17,21.4351593412323,2,0.67702770252633
"ACTL6A","Bin_18",0.432639291127979,18,22.7342599073676,2,0.67702770252633
"ACTL6A","Bin_19",1.14720251455678,19,24.0333604735029,2,0.67702770252633
"ACTL6A","Bin_20",0.927064414345645,20,25.3324610396382,2,0.67702770252633
"ODC1","Bin_1",-1.26413709407695,1,0.649550283067647,2,0.660180609462405
"ODC1","Bin_2",-1.19701381085272,2,1.94865084920294,2,0.660180609462405
"ODC1","Bin_3",-1.07348423237315,3,3.24775141533823,2,0.660180609462405
"ODC1","Bin_4",-1.04173209007821,4,4.54685198147353,2,0.660180609462405
"ODC1","Bin_5",-0.989124890560562,5,5.84595254760882,2,0.660180609462405
"ODC1","Bin_6",-1.47630470451854,6,7.14505311374411,2,0.660180609462405
"ODC1","Bin_7",-0.69985577571935,7,8.4441536798794,2,0.660180609462405
"ODC1","Bin_8",-1.01317632921344,8,9.7432542460147,2,0.660180609462405
"ODC1","Bin_9",1.11194122839202,9,11.04235481215,2,0.660180609462405
"ODC1","Bin_10",1.49093692236463,10,12.3414553782853,2,0.660180609462405
"ODC1","Bin_11",0.962510175868367,11,13.6405559444206,2,0.660180609462405
"ODC1","Bin_12",0.557230081828171,12,14.9396565105559,2,0.660180609462405
"ODC1","Bin_13",0.715794285116311,13,16.2387570766912,2,0.660180609462405
"ODC1","Bin_14",0.236088442989942,14,17.5378576428265,2,0.660180609462405
"ODC1","Bin_15",0.152518592360392,15,18.8369582089617,2,0.660180609462405
"ODC1","Bin_16",0.236073124744525,16,20.136058775097,2,0.660180609462405
"ODC1","Bin_17",0.12277752561504,17,21.4351593412323,2,0.660180609462405
"ODC1","Bin_18",0.652052735095339,18,22.7342599073676,2,0.660180609462405
"ODC1","Bin_19",1.4890928915949,19,24.0333604735029,2,0.660180609462405
"ODC1","Bin_20",1.02781292142328,20,25.3324610396382,2,0.660180609462405
"CDKN2A","Bin_1",-1.51650692560749,1,0.649550283067647,2,0.648710471247073
"CDKN2A","Bin_2",-1.60714820614072,2,1.94865084920294,2,0.648710471247073
"CDKN2A","Bin_3",-1.59255414422862,3,3.24775141533823,2,0.648710471247073
"CDKN2A","Bin_4",-0.801538948564312,4,4.54685198147353,2,0.648710471247073
"CDKN2A","Bin_5",-1.24490068816305,5,5.84595254760882,2,0.648710471247073
"CDKN2A","Bin_6",-1.30517475892575,6,7.14505311374411,2,0.648710471247073
"CDKN2A","Bin_7",-0.807371867754098,7,8.4441536798794,2,0.648710471247073
"CDKN2A","Bin_8",0.334855818668742,8,9.7432542460147,2,0.648710471247073
"CDKN2A","Bin_9",1.02758708562048,9,11.04235481215,2,0.648710471247073
"CDKN2A","Bin_10",1.18800034812543,10,12.3414553782853,2,0.648710471247073
"CDKN2A","Bin_11",0.9289174158191,11,13.6405559444206,2,0.648710471247073
"CDKN2A","Bin_12",0.922068732248178,12,14.9396565105559,2,0.648710471247073
"CDKN2A","Bin_13",0.727464020815331,13,16.2387570766912,2,0.648710471247073
"CDKN2A","Bin_14",0.388389627540382,14,17.5378576428265,2,0.648710471247073
"CDKN2A","Bin_15",0.476881925259929,15,18.8369582089617,2,0.648710471247073
"CDKN2A","Bin_16",0.479303097410137,16,20.136058775097,2,0.648710471247073
"CDKN2A","Bin_17",0.306849792683101,17,21.4351593412323,2,0.648710471247073
"CDKN2A","Bin_18",0.5229262351678,18,22.7342599073676,2,0.648710471247073
"CDKN2A","Bin_19",0.804010034380015,19,24.0333604735029,2,0.648710471247073
"CDKN2A","Bin_20",0.767941405645405,20,25.3324610396382,2,0.648710471247073
"MPZL2","Bin_1",-0.806022217654835,1,0.649550283067647,2,0.678793428547349
"MPZL2","Bin_2",-0.768566494664741,2,1.94865084920294,2,0.678793428547349
"MPZL2","Bin_3",-1.14379366341939,3,3.24775141533823,2,0.678793428547349
"MPZL2","Bin_4",-1.33799074316941,4,4.54685198147353,2,0.678793428547349
"MPZL2","Bin_5",-1.61587218181073,5,5.84595254760882,2,0.678793428547349
"MPZL2","Bin_6",-0.953431064494389,6,7.14505311374411,2,0.678793428547349
"MPZL2","Bin_7",-1.25424699924187,7,8.4441536798794,2,0.678793428547349
"MPZL2","Bin_8",-0.567973198054722,8,9.7432542460147,2,0.678793428547349
"MPZL2","Bin_9",0.0680099261810276,9,11.04235481215,2,0.678793428547349
"MPZL2","Bin_10",0.547068493804041,10,12.3414553782853,2,0.678793428547349
"MPZL2","Bin_11",0.550826844693801,11,13.6405559444206,2,0.678793428547349
"MPZL2","Bin_12",0.39718785982281,12,14.9396565105559,2,0.678793428547349
"MPZL2","Bin_13",0.214243063480724,13,16.2387570766912,2,0.678793428547349
"MPZL2","Bin_14",0.250558647023218,14,17.5378576428265,2,0.678793428547349
"MPZL2","Bin_15",0.261159497397091,15,18.8369582089617,2,0.678793428547349
"MPZL2","Bin_16",0.616810549166278,16,20.136058775097,2,0.678793428547349
"MPZL2","Bin_17",1.80970087426791,17,21.4351593412323,2,0.678793428547349
"MPZL2","Bin_18",1.20877317984896,18,22.7342599073676,2,0.678793428547349
"MPZL2","Bin_19",1.22565816666563,19,24.0333604735029,2,0.678793428547349
"MPZL2","Bin_20",1.29789946015861,20,25.3324610396382,2,0.678793428547349
"FXYD3","Bin_1",-0.104833305302209,1,0.649550283067647,2,0.614660227642092
"FXYD3","Bin_2",-0.813387027040661,2,1.94865084920294,2,0.614660227642092
"FXYD3","Bin_3",-1.00160820118558,3,3.24775141533823,2,0.614660227642092
"FXYD3","Bin_4",-1.48303087806222,4,4.54685198147353,2,0.614660227642092
"FXYD3","Bin_5",-1.98250792303402,5,5.84595254760882,2,0.614660227642092
"FXYD3","Bin_6",-1.9291713674197,6,7.14505311374411,2,0.614660227642092
"FXYD3","Bin_7",-1.21430565470556,7,8.4441536798794,2,0.614660227642092
"FXYD3","Bin_8",0.361311728274307,8,9.7432542460147,2,0.614660227642092
"FXYD3","Bin_9",0.808349151717175,9,11.04235481215,2,0.614660227642092
"FXYD3","Bin_10",0.644838948389983,10,12.3414553782853,2,0.614660227642092
"FXYD3","Bin_11",0.701086094603007,11,13.6405559444206,2,0.614660227642092
"FXYD3","Bin_12",0.871513084515547,12,14.9396565105559,2,0.614660227642092
"FXYD3","Bin_13",0.807904580015823,13,16.2387570766912,2,0.614660227642092
"FXYD3","Bin_14",0.744981004435814,14,17.5378576428265,2,0.614660227642092
"FXYD3","Bin_15",0.837961405110687,15,18.8369582089617,2,0.614660227642092
"FXYD3","Bin_16",0.61752231704729,16,20.136058775097,2,0.614660227642092
"FXYD3","Bin_17",0.51125761203097,17,21.4351593412323,2,0.614660227642092
"FXYD3","Bin_18",0.791762391007123,18,22.7342599073676,2,0.614660227642092
"FXYD3","Bin_19",0.307595261452459,19,24.0333604735029,2,0.614660227642092
"FXYD3","Bin_20",0.522760778149765,20,25.3324610396382,2,0.614660227642092
"PSMA5","Bin_1",-0.662068879357606,1,0.649550283067647,2,0.71640097684527
"PSMA5","Bin_2",-1.24634556714718,2,1.94865084920294,2,0.71640097684527
"PSMA5","Bin_3",-1.44100597159239,3,3.24775141533823,2,0.71640097684527
"PSMA5","Bin_4",-0.846705032371256,4,4.54685198147353,2,0.71640097684527
"PSMA5","Bin_5",-1.05986343085122,5,5.84595254760882,2,0.71640097684527
"PSMA5","Bin_6",-1.84833239215007,6,7.14505311374411,2,0.71640097684527
"PSMA5","Bin_7",-1.02981235481656,7,8.4441536798794,2,0.71640097684527
"PSMA5","Bin_8",-0.873851141749493,8,9.7432542460147,2,0.71640097684527
"PSMA5","Bin_9",0.560750205625446,9,11.04235481215,2,0.71640097684527
"PSMA5","Bin_10",1.156554419335,10,12.3414553782853,2,0.71640097684527
"PSMA5","Bin_11",0.933938827664381,11,13.6405559444206,2,0.71640097684527
"PSMA5","Bin_12",0.377603972844443,12,14.9396565105559,2,0.71640097684527
"PSMA5","Bin_13",0.818272081656318,13,16.2387570766912,2,0.71640097684527
"PSMA5","Bin_14",0.5373780502468,14,17.5378576428265,2,0.71640097684527
"PSMA5","Bin_15",0.402792425547557,15,18.8369582089617,2,0.71640097684527
"PSMA5","Bin_16",0.467205426320575,16,20.136058775097,2,0.71640097684527
"PSMA5","Bin_17",0.624534893842971,17,21.4351593412323,2,0.71640097684527
"PSMA5","Bin_18",0.736126638898089,18,22.7342599073676,2,0.71640097684527
"PSMA5","Bin_19",1.35549923338408,19,24.0333604735029,2,0.71640097684527
"PSMA5","Bin_20",1.03732859467011,20,25.3324610396382,2,0.71640097684527
"MRPS6","Bin_1",-0.832531170649124,1,0.649550283067647,2,0.714650924301957
"MRPS6","Bin_2",-1.18251704755392,2,1.94865084920294,2,0.714650924301957
"MRPS6","Bin_3",-1.07107680296168,3,3.24775141533823,2,0.714650924301957
"MRPS6","Bin_4",-0.831792449716908,4,4.54685198147353,2,0.714650924301957
"MRPS6","Bin_5",-1.47313232341387,5,5.84595254760882,2,0.714650924301957
"MRPS6","Bin_6",-1.6370161965216,6,7.14505311374411,2,0.714650924301957
"MRPS6","Bin_7",-1.1920997388468,7,8.4441536798794,2,0.714650924301957
"MRPS6","Bin_8",-0.745144868242676,8,9.7432542460147,2,0.714650924301957
"MRPS6","Bin_9",0.861699853846716,9,11.04235481215,2,0.714650924301957
"MRPS6","Bin_10",1.25028261755056,10,12.3414553782853,2,0.714650924301957
"MRPS6","Bin_11",0.931654319760178,11,13.6405559444206,2,0.714650924301957
"MRPS6","Bin_12",0.604416348129622,12,14.9396565105559,2,0.714650924301957
"MRPS6","Bin_13",0.482754100755484,13,16.2387570766912,2,0.714650924301957
"MRPS6","Bin_14",0.101421358528577,14,17.5378576428265,2,0.714650924301957
"MRPS6","Bin_15",0.239643060454618,15,18.8369582089617,2,0.714650924301957
"MRPS6","Bin_16",0.488589137285978,16,20.136058775097,2,0.714650924301957
"MRPS6","Bin_17",0.78259917132551,17,21.4351593412323,2,0.714650924301957
"MRPS6","Bin_18",0.84992703959923,18,22.7342599073676,2,0.714650924301957
"MRPS6","Bin_19",1.27521907279359,19,24.0333604735029,2,0.714650924301957
"MRPS6","Bin_20",1.09710451787651,20,25.3324610396382,2,0.714650924301957
"ARL1","Bin_1",-0.453964007418144,1,0.649550283067647,2,0.680701479394489
"ARL1","Bin_2",-1.07276543720525,2,1.94865084920294,2,0.680701479394489
"ARL1","Bin_3",-1.34767487184677,3,3.24775141533823,2,0.680701479394489
"ARL1","Bin_4",-0.986520110402802,4,4.54685198147353,2,0.680701479394489
"ARL1","Bin_5",-1.32398390729045,5,5.84595254760882,2,0.680701479394489
"ARL1","Bin_6",-1.19947873547231,6,7.14505311374411,2,0.680701479394489
"ARL1","Bin_7",-1.50744581638731,7,8.4441536798794,2,0.680701479394489
"ARL1","Bin_8",-0.551672860778269,8,9.7432542460147,2,0.680701479394489
"ARL1","Bin_9",0.0957705543773116,9,11.04235481215,2,0.680701479394489
"ARL1","Bin_10",0.378038006453038,10,12.3414553782853,2,0.680701479394489
"ARL1","Bin_11",0.517975095714891,11,13.6405559444206,2,0.680701479394489
"ARL1","Bin_12",0.240461828824,12,14.9396565105559,2,0.680701479394489
"ARL1","Bin_13",0.130919053703078,13,16.2387570766912,2,0.680701479394489
"ARL1","Bin_14",0.143240312989994,14,17.5378576428265,2,0.680701479394489
"ARL1","Bin_15",0.619838546025836,15,18.8369582089617,2,0.680701479394489
"ARL1","Bin_16",1.01993642704823,16,20.136058775097,2,0.680701479394489
"ARL1","Bin_17",1.62840713453891,17,21.4351593412323,2,0.680701479394489
"ARL1","Bin_18",1.24687497983849,18,22.7342599073676,2,0.680701479394489
"ARL1","Bin_19",1.2626716280402,19,24.0333604735029,2,0.680701479394489
"ARL1","Bin_20",1.15937217924732,20,25.3324610396382,2,0.680701479394489
"P4HA1","Bin_1",-0.614935788519988,1,0.649550283067647,2,0.405398525688596
"P4HA1","Bin_2",-1.00407880898899,2,1.94865084920294,2,0.405398525688596
"P4HA1","Bin_3",-1.09250495842077,3,3.24775141533823,2,0.405398525688596
"P4HA1","Bin_4",-0.50490003068299,4,4.54685198147353,2,0.405398525688596
"P4HA1","Bin_5",-1.04554233159915,5,5.84595254760882,2,0.405398525688596
"P4HA1","Bin_6",-0.171073473837744,6,7.14505311374411,2,0.405398525688596
"P4HA1","Bin_7",-0.453882955228521,7,8.4441536798794,2,0.405398525688596
"P4HA1","Bin_8",-0.0203776864130641,8,9.7432542460147,2,0.405398525688596
"P4HA1","Bin_9",-0.698315190674058,9,11.04235481215,2,0.405398525688596
"P4HA1","Bin_10",-0.684615196225062,10,12.3414553782853,2,0.405398525688596
"P4HA1","Bin_11",-0.194442942361154,11,13.6405559444206,2,0.405398525688596
"P4HA1","Bin_12",0.168843395382111,12,14.9396565105559,2,0.405398525688596
"P4HA1","Bin_13",-0.642779854808989,13,16.2387570766912,2,0.405398525688596
"P4HA1","Bin_14",-0.251887620995834,14,17.5378576428265,2,0.405398525688596
"P4HA1","Bin_15",1.05746410657347,15,18.8369582089617,2,0.405398525688596
"P4HA1","Bin_16",1.3659546368618,16,20.136058775097,2,0.405398525688596
"P4HA1","Bin_17",2.9380432931608,17,21.4351593412323,2,0.405398525688596
"P4HA1","Bin_18",1.06873024223655,18,22.7342599073676,2,0.405398525688596
"P4HA1","Bin_19",0.0198216155940687,19,24.0333604735029,2,0.405398525688596
"P4HA1","Bin_20",0.760479548947521,20,25.3324610396382,2,0.405398525688596
"RPL18","Bin_1",-0.321710297992673,1,0.649550283067647,2,0.487882659813149
"RPL18","Bin_2",-0.138998628893765,2,1.94865084920294,2,0.487882659813149
"RPL18","Bin_3",-0.204468935125131,3,3.24775141533823,2,0.487882659813149
"RPL18","Bin_4",-1.45092891384165,4,4.54685198147353,2,0.487882659813149
"RPL18","Bin_5",-0.195110408266746,5,5.84595254760882,2,0.487882659813149
"RPL18","Bin_6",-2.84259776442588,6,7.14505311374411,2,0.487882659813149
"RPL18","Bin_7",-1.77340238891944,7,8.4441536798794,2,0.487882659813149
"RPL18","Bin_8",-0.576662080953179,8,9.7432542460147,2,0.487882659813149
"RPL18","Bin_9",0.619778131734917,9,11.04235481215,2,0.487882659813149
"RPL18","Bin_10",0.581617586724199,10,12.3414553782853,2,0.487882659813149
"RPL18","Bin_11",0.496812841526404,11,13.6405559444206,2,0.487882659813149
"RPL18","Bin_12",0.836933172878941,12,14.9396565105559,2,0.487882659813149
"RPL18","Bin_13",0.810995626346225,13,16.2387570766912,2,0.487882659813149
"RPL18","Bin_14",0.917182561981545,14,17.5378576428265,2,0.487882659813149
"RPL18","Bin_15",0.871224462939992,15,18.8369582089617,2,0.487882659813149
"RPL18","Bin_16",0.618390453977828,16,20.136058775097,2,0.487882659813149
"RPL18","Bin_17",0.521478155036982,17,21.4351593412323,2,0.487882659813149
"RPL18","Bin_18",0.565185546521164,18,22.7342599073676,2,0.487882659813149
"RPL18","Bin_19",0.410194663830798,19,24.0333604735029,2,0.487882659813149
"RPL18","Bin_20",0.254086214919472,20,25.3324610396382,2,0.487882659813149
"HLA-DPA1","Bin_1",0.585010696108781,1,0.649550283067647,1,0.603987622673488
"HLA-DPA1","Bin_2",1.4713164523507,2,1.94865084920294,1,0.603987622673488
"HLA-DPA1","Bin_3",2.08300278164241,3,3.24775141533823,1,0.603987622673488
"HLA-DPA1","Bin_4",2.99108043916831,4,4.54685198147353,1,0.603987622673488
"HLA-DPA1","Bin_5",-0.279848568846166,5,5.84595254760882,1,0.603987622673488
"HLA-DPA1","Bin_6",-0.461062336061467,6,7.14505311374411,1,0.603987622673488
"HLA-DPA1","Bin_7",-0.461062336061467,7,8.4441536798794,1,0.603987622673488
"HLA-DPA1","Bin_8",-0.461062336061467,8,9.7432542460147,1,0.603987622673488
"HLA-DPA1","Bin_9",-0.461062336061467,9,11.04235481215,1,0.603987622673488
"HLA-DPA1","Bin_10",-0.453851387987351,10,12.3414553782853,1,0.603987622673488
"HLA-DPA1","Bin_11",-0.45928608719474,11,13.6405559444206,1,0.603987622673488
"HLA-DPA1","Bin_12",-0.461062336061467,12,14.9396565105559,1,0.603987622673488
"HLA-DPA1","Bin_13",-0.461062336061467,13,16.2387570766912,1,0.603987622673488
"HLA-DPA1","Bin_14",-0.442796669971406,14,17.5378576428265,1,0.603987622673488
"HLA-DPA1","Bin_15",-0.455961868553291,15,18.8369582089617,1,0.603987622673488
"HLA-DPA1","Bin_16",-0.461062336061467,16,20.136058775097,1,0.603987622673488
"HLA-DPA1","Bin_17",-0.453532688155273,17,21.4351593412323,1,0.603987622673488
"HLA-DPA1","Bin_18",-0.451566554728556,18,22.7342599073676,1,0.603987622673488
"HLA-DPA1","Bin_19",-0.445067855341678,19,24.0333604735029,1,0.603987622673488
"HLA-DPA1","Bin_20",-0.461062336061467,20,25.3324610396382,1,0.603987622673488
"DDIT4","Bin_1",-1.18655678818476,1,0.649550283067647,2,0.56484862582153
"DDIT4","Bin_2",-0.828746614640165,2,1.94865084920294,2,0.56484862582153
"DDIT4","Bin_3",-1.14679505189764,3,3.24775141533823,2,0.56484862582153
"DDIT4","Bin_4",-0.34957198265105,4,4.54685198147353,2,0.56484862582153
"DDIT4","Bin_5",-1.4773068829918,5,5.84595254760882,2,0.56484862582153
"DDIT4","Bin_6",-1.4191409194817,6,7.14505311374411,2,0.56484862582153
"DDIT4","Bin_7",0.124145278748848,7,8.4441536798794,2,0.56484862582153
"DDIT4","Bin_8",-0.854687443109302,8,9.7432542460147,2,0.56484862582153
"DDIT4","Bin_9",-0.0217719030336371,9,11.04235481215,2,0.56484862582153
"DDIT4","Bin_10",-0.121568960135813,10,12.3414553782853,2,0.56484862582153
"DDIT4","Bin_11",0.155491939031079,11,13.6405559444206,2,0.56484862582153
"DDIT4","Bin_12",0.117449081775783,12,14.9396565105559,2,0.56484862582153
"DDIT4","Bin_13",-0.16783409199767,13,16.2387570766912,2,0.56484862582153
"DDIT4","Bin_14",0.0213210753336311,14,17.5378576428265,2,0.56484862582153
"DDIT4","Bin_15",0.703844047725965,15,18.8369582089617,2,0.56484862582153
"DDIT4","Bin_16",0.740897954742672,16,20.136058775097,2,0.56484862582153
"DDIT4","Bin_17",2.34291071489294,17,21.4351593412323,2,0.56484862582153
"DDIT4","Bin_18",1.20003825518993,18,22.7342599073676,2,0.56484862582153
"DDIT4","Bin_19",1.32916545815992,19,24.0333604735029,2,0.56484862582153
"DDIT4","Bin_20",0.838716832522773,20,25.3324610396382,2,0.56484862582153
"RPS15","Bin_1",1.11832487238998,1,0.649550283067647,1,0.306102924023014
"RPS15","Bin_2",1.24524327843722,2,1.94865084920294,1,0.306102924023014
"RPS15","Bin_3",1.20537754571243,3,3.24775141533823,1,0.306102924023014
"RPS15","Bin_4",0.349515699253214,4,4.54685198147353,1,0.306102924023014
"RPS15","Bin_5",0.974144799411246,5,5.84595254760882,1,0.306102924023014
"RPS15","Bin_6",-3.12507001062723,6,7.14505311374411,1,0.306102924023014
"RPS15","Bin_7",-1.2456114354383,7,8.4441536798794,1,0.306102924023014
"RPS15","Bin_8",-1.23228478625278,8,9.7432542460147,1,0.306102924023014
"RPS15","Bin_9",0.15439561793876,9,11.04235481215,1,0.306102924023014
"RPS15","Bin_10",-0.0235345081140372,10,12.3414553782853,1,0.306102924023014
"RPS15","Bin_11",0.0186651340090339,11,13.6405559444206,1,0.306102924023014
"RPS15","Bin_12",0.322779921810782,12,14.9396565105559,1,0.306102924023014
"RPS15","Bin_13",0.372256714243473,13,16.2387570766912,1,0.306102924023014
"RPS15","Bin_14",0.475739907029862,14,17.5378576428265,1,0.306102924023014
"RPS15","Bin_15",0.283791432947383,15,18.8369582089617,1,0.306102924023014
"RPS15","Bin_16",0.015295813060226,16,20.136058775097,1,0.306102924023014
"RPS15","Bin_17",-0.17180989698898,17,21.4351593412323,1,0.306102924023014
"RPS15","Bin_18",-0.0577089736249593,18,22.7342599073676,1,0.306102924023014
"RPS15","Bin_19",-0.329527031071841,19,24.0333604735029,1,0.306102924023014
"RPS15","Bin_20",-0.349984094125487,20,25.3324610396382,1,0.306102924023014
"SDHC","Bin_1",-0.766539696527165,1,0.649550283067647,2,0.713620735287137
"SDHC","Bin_2",-1.45650735589935,2,1.94865084920294,2,0.713620735287137
"SDHC","Bin_3",-1.72105166426247,3,3.24775141533823,2,0.713620735287137
"SDHC","Bin_4",-1.046318194421,4,4.54685198147353,2,0.713620735287137
"SDHC","Bin_5",-1.22883708970894,5,5.84595254760882,2,0.713620735287137
"SDHC","Bin_6",-0.959705817638716,6,7.14505311374411,2,0.713620735287137
"SDHC","Bin_7",-1.18274438890096,7,8.4441536798794,2,0.713620735287137
"SDHC","Bin_8",-0.904508008038173,8,9.7432542460147,2,0.713620735287137
"SDHC","Bin_9",0.800565350067954,9,11.04235481215,2,0.713620735287137
"SDHC","Bin_10",0.75332173302418,10,12.3414553782853,2,0.713620735287137
"SDHC","Bin_11",0.70543046779823,11,13.6405559444206,2,0.713620735287137
"SDHC","Bin_12",0.594168281656791,12,14.9396565105559,2,0.713620735287137
"SDHC","Bin_13",0.765569718887316,13,16.2387570766912,2,0.713620735287137
"SDHC","Bin_14",0.728874099989437,14,17.5378576428265,2,0.713620735287137
"SDHC","Bin_15",0.532016823482762,15,18.8369582089617,2,0.713620735287137
"SDHC","Bin_16",0.575705458280061,16,20.136058775097,2,0.713620735287137
"SDHC","Bin_17",0.693003441993175,17,21.4351593412323,2,0.713620735287137
"SDHC","Bin_18",0.816349316877164,18,22.7342599073676,2,0.713620735287137
"SDHC","Bin_19",1.13123876111921,19,24.0333604735029,2,0.713620735287137
"SDHC","Bin_20",1.1699687622205,20,25.3324610396382,2,0.713620735287137
"FAM162A","Bin_1",-0.51565688460481,1,0.649550283067647,2,0.607699771516044
"FAM162A","Bin_2",-1.0992759869451,2,1.94865084920294,2,0.607699771516044
"FAM162A","Bin_3",-1.06419659129412,3,3.24775141533823,2,0.607699771516044
"FAM162A","Bin_4",-1.00509996082303,4,4.54685198147353,2,0.607699771516044
"FAM162A","Bin_5",-1.11091337728836,5,5.84595254760882,2,0.607699771516044
"FAM162A","Bin_6",-1.65480847085301,6,7.14505311374411,2,0.607699771516044
"FAM162A","Bin_7",-0.925834559428034,7,8.4441536798794,2,0.607699771516044
"FAM162A","Bin_8",-0.736495922468818,8,9.7432542460147,2,0.607699771516044
"FAM162A","Bin_9",-0.0115539243648239,9,11.04235481215,2,0.607699771516044
"FAM162A","Bin_10",0.562064590176997,10,12.3414553782853,2,0.607699771516044
"FAM162A","Bin_11",0.677956569627553,11,13.6405559444206,2,0.607699771516044
"FAM162A","Bin_12",0.605127357619946,12,14.9396565105559,2,0.607699771516044
"FAM162A","Bin_13",-0.134366126984697,13,16.2387570766912,2,0.607699771516044
"FAM162A","Bin_14",-0.0657229034770998,14,17.5378576428265,2,0.607699771516044
"FAM162A","Bin_15",1.14895742453065,15,18.8369582089617,2,0.607699771516044
"FAM162A","Bin_16",1.54292277138714,16,20.136058775097,2,0.607699771516044
"FAM162A","Bin_17",1.98415244687398,17,21.4351593412323,2,0.607699771516044
"FAM162A","Bin_18",0.536138110663501,18,22.7342599073676,2,0.607699771516044
"FAM162A","Bin_19",0.388923008100188,19,24.0333604735029,2,0.607699771516044
"FAM162A","Bin_20",0.877682429551947,20,25.3324610396382,2,0.607699771516044
"SMAGP","Bin_1",-1.27921817017159,1,0.649550283067647,2,0.698929585033345
"SMAGP","Bin_2",-1.30633892356359,2,1.94865084920294,2,0.698929585033345
"SMAGP","Bin_3",-1.14824507229609,3,3.24775141533823,2,0.698929585033345
"SMAGP","Bin_4",-1.32241544034433,4,4.54685198147353,2,0.698929585033345
"SMAGP","Bin_5",-1.40134888034639,5,5.84595254760882,2,0.698929585033345
"SMAGP","Bin_6",-0.950605251202438,6,7.14505311374411,2,0.698929585033345
"SMAGP","Bin_7",-1.17139016217956,7,8.4441536798794,2,0.698929585033345
"SMAGP","Bin_8",-0.807941487929853,8,9.7432542460147,2,0.698929585033345
"SMAGP","Bin_9",0.539536429210924,9,11.04235481215,2,0.698929585033345
"SMAGP","Bin_10",0.636869124436588,10,12.3414553782853,2,0.698929585033345
"SMAGP","Bin_11",1.08047085161847,11,13.6405559444206,2,0.698929585033345
"SMAGP","Bin_12",0.777500020019185,12,14.9396565105559,2,0.698929585033345
"SMAGP","Bin_13",0.863588614338839,13,16.2387570766912,2,0.698929585033345
"SMAGP","Bin_14",0.831469202723372,14,17.5378576428265,2,0.698929585033345
"SMAGP","Bin_15",0.772660569922207,15,18.8369582089617,2,0.698929585033345
"SMAGP","Bin_16",0.601591204527473,16,20.136058775097,2,0.698929585033345
"SMAGP","Bin_17",0.629869809850222,17,21.4351593412323,2,0.698929585033345
"SMAGP","Bin_18",0.670907523175492,18,22.7342599073676,2,0.698929585033345
"SMAGP","Bin_19",0.892192444008964,19,24.0333604735029,2,0.698929585033345
"SMAGP","Bin_20",1.0908475942021,20,25.3324610396382,2,0.698929585033345
"FAM84A","Bin_1",-1.27530539455533,1,0.649550283067647,2,0.617837709866457
"FAM84A","Bin_2",-1.16458941385016,2,1.94865084920294,2,0.617837709866457
"FAM84A","Bin_3",-1.55071490559207,3,3.24775141533823,2,0.617837709866457
"FAM84A","Bin_4",-1.55666046641763,4,4.54685198147353,2,0.617837709866457
"FAM84A","Bin_5",-1.71586213748066,5,5.84595254760882,2,0.617837709866457
"FAM84A","Bin_6",0.177823781060929,6,7.14505311374411,2,0.617837709866457
"FAM84A","Bin_7",-0.240071086567095,7,8.4441536798794,2,0.617837709866457
"FAM84A","Bin_8",-0.739233265138069,8,9.7432542460147,2,0.617837709866457
"FAM84A","Bin_9",0.482269637861882,9,11.04235481215,2,0.617837709866457
"FAM84A","Bin_10",0.194571172728148,10,12.3414553782853,2,0.617837709866457
"FAM84A","Bin_11",0.382810506460109,11,13.6405559444206,2,0.617837709866457
"FAM84A","Bin_12",0.910521686944723,12,14.9396565105559,2,0.617837709866457
"FAM84A","Bin_13",0.306042474920832,13,16.2387570766912,2,0.617837709866457
"FAM84A","Bin_14",0.0396214763160839,14,17.5378576428265,2,0.617837709866457
"FAM84A","Bin_15",0.423794649849802,15,18.8369582089617,2,0.617837709866457
"FAM84A","Bin_16",0.509166063155484,16,20.136058775097,2,0.617837709866457
"FAM84A","Bin_17",1.27334141001642,17,21.4351593412323,2,0.617837709866457
"FAM84A","Bin_18",1.19980784286718,18,22.7342599073676,2,0.617837709866457
"FAM84A","Bin_19",1.28182385438453,19,24.0333604735029,2,0.617837709866457
"FAM84A","Bin_20",1.06084211303488,20,25.3324610396382,2,0.617837709866457
"RPL31","Bin_1",0.227766892919048,1,0.649550283067647,2,0.584513697980528
"RPL31","Bin_2",-0.820828765439367,2,1.94865084920294,2,0.584513697980528
"RPL31","Bin_3",-1.10179461479317,3,3.24775141533823,2,0.584513697980528
"RPL31","Bin_4",-1.73764045439045,4,4.54685198147353,2,0.584513697980528
"RPL31","Bin_5",-0.853558559339988,5,5.84595254760882,2,0.584513697980528
"RPL31","Bin_6",-2.55192455551864,6,7.14505311374411,2,0.584513697980528
"RPL31","Bin_7",-1.05308674487622,7,8.4441536798794,2,0.584513697980528
"RPL31","Bin_8",-0.00177674784913863,8,9.7432542460147,2,0.584513697980528
"RPL31","Bin_9",0.667094459146637,9,11.04235481215,2,0.584513697980528
"RPL31","Bin_10",0.496710090217135,10,12.3414553782853,2,0.584513697980528
"RPL31","Bin_11",0.424158036049197,11,13.6405559444206,2,0.584513697980528
"RPL31","Bin_12",0.791668934687346,12,14.9396565105559,2,0.584513697980528
"RPL31","Bin_13",0.862714971856163,13,16.2387570766912,2,0.584513697980528
"RPL31","Bin_14",1.02834847616441,14,17.5378576428265,2,0.584513697980528
"RPL31","Bin_15",0.920159929802521,15,18.8369582089617,2,0.584513697980528
"RPL31","Bin_16",0.629918591459822,16,20.136058775097,2,0.584513697980528
"RPL31","Bin_17",0.595074351444575,17,21.4351593412323,2,0.584513697980528
"RPL31","Bin_18",0.683208964366582,18,22.7342599073676,2,0.584513697980528
"RPL31","Bin_19",0.472883093532086,19,24.0333604735029,2,0.584513697980528
"RPL31","Bin_20",0.320903650561462,20,25.3324610396382,2,0.584513697980528
"TMED10","Bin_1",0.505651304912789,1,0.649550283067647,2,0.602057750708354
"TMED10","Bin_2",-0.573575897145811,2,1.94865084920294,2,0.602057750708354
"TMED10","Bin_3",-1.06200626481405,3,3.24775141533823,2,0.602057750708354
"TMED10","Bin_4",-0.95775648388838,4,4.54685198147353,2,0.602057750708354
"TMED10","Bin_5",-1.47935666984203,5,5.84595254760882,2,0.602057750708354
"TMED10","Bin_6",-1.7847717552135,6,7.14505311374411,2,0.602057750708354
"TMED10","Bin_7",-1.13880763082297,7,8.4441536798794,2,0.602057750708354
"TMED10","Bin_8",-0.757396905646834,8,9.7432542460147,2,0.602057750708354
"TMED10","Bin_9",-0.162453236225034,9,11.04235481215,2,0.602057750708354
"TMED10","Bin_10",0.0351002775196237,10,12.3414553782853,2,0.602057750708354
"TMED10","Bin_11",0.330441826910191,11,13.6405559444206,2,0.602057750708354
"TMED10","Bin_12",0.0242729669392237,12,14.9396565105559,2,0.602057750708354
"TMED10","Bin_13",0.145607064898758,13,16.2387570766912,2,0.602057750708354
"TMED10","Bin_14",0.239669703108357,14,17.5378576428265,2,0.602057750708354
"TMED10","Bin_15",0.430650505442447,15,18.8369582089617,2,0.602057750708354
"TMED10","Bin_16",0.434013189067921,16,20.136058775097,2,0.602057750708354
"TMED10","Bin_17",1.36198729011895,17,21.4351593412323,2,0.602057750708354
"TMED10","Bin_18",1.15488846928944,18,22.7342599073676,2,0.602057750708354
"TMED10","Bin_19",1.46361526499993,19,24.0333604735029,2,0.602057750708354
"TMED10","Bin_20",1.79022698039099,20,25.3324610396382,2,0.602057750708354
"MRPL47","Bin_1",-1.28462538555425,1,0.649550283067647,2,0.649237489659382
"MRPL47","Bin_2",-1.46287468464725,2,1.94865084920294,2,0.649237489659382
"MRPL47","Bin_3",-1.63432165217597,3,3.24775141533823,2,0.649237489659382
"MRPL47","Bin_4",-1.00401508823039,4,4.54685198147353,2,0.649237489659382
"MRPL47","Bin_5",-1.19817232143427,5,5.84595254760882,2,0.649237489659382
"MRPL47","Bin_6",-1.32575739219899,6,7.14505311374411,2,0.649237489659382
"MRPL47","Bin_7",-0.898577715503249,7,8.4441536798794,2,0.649237489659382
"MRPL47","Bin_8",0.668328982101943,8,9.7432542460147,2,0.649237489659382
"MRPL47","Bin_9",0.981951044525689,9,11.04235481215,2,0.649237489659382
"MRPL47","Bin_10",1.14492637674075,10,12.3414553782853,2,0.649237489659382
"MRPL47","Bin_11",1.00560935714345,11,13.6405559444206,2,0.649237489659382
"MRPL47","Bin_12",0.426617843991503,12,14.9396565105559,2,0.649237489659382
"MRPL47","Bin_13",0.692002545173746,13,16.2387570766912,2,0.649237489659382
"MRPL47","Bin_14",0.29141333183578,14,17.5378576428265,2,0.649237489659382
"MRPL47","Bin_15",0.179190741593248,15,18.8369582089617,2,0.649237489659382
"MRPL47","Bin_16",0.292453429624843,16,20.136058775097,2,0.649237489659382
"MRPL47","Bin_17",0.357028074121224,17,21.4351593412323,2,0.649237489659382
"MRPL47","Bin_18",0.519094145806783,18,22.7342599073676,2,0.649237489659382
"MRPL47","Bin_19",1.07011405984588,19,24.0333604735029,2,0.649237489659382
"MRPL47","Bin_20",1.17961430723952,20,25.3324610396382,2,0.649237489659382
"PSMB1","Bin_1",-0.860121707453103,1,0.649550283067647,2,0.701459336628738
"PSMB1","Bin_2",-1.17785827430084,2,1.94865084920294,2,0.701459336628738
"PSMB1","Bin_3",-1.27414725745326,3,3.24775141533823,2,0.701459336628738
"PSMB1","Bin_4",-0.791600249336085,4,4.54685198147353,2,0.701459336628738
"PSMB1","Bin_5",-1.41710751655364,5,5.84595254760882,2,0.701459336628738
"PSMB1","Bin_6",-1.30380329202819,6,7.14505311374411,2,0.701459336628738
"PSMB1","Bin_7",-1.519543465142,7,8.4441536798794,2,0.701459336628738
"PSMB1","Bin_8",-0.309130580953504,8,9.7432542460147,2,0.701459336628738
"PSMB1","Bin_9",0.835229892779694,9,11.04235481215,2,0.701459336628738
"PSMB1","Bin_10",1.01280611792836,10,12.3414553782853,2,0.701459336628738
"PSMB1","Bin_11",0.738699132790383,11,13.6405559444206,2,0.701459336628738
"PSMB1","Bin_12",0.517985467374532,12,14.9396565105559,2,0.701459336628738
"PSMB1","Bin_13",0.368752460654193,13,16.2387570766912,2,0.701459336628738
"PSMB1","Bin_14",0.022231676484172,14,17.5378576428265,2,0.701459336628738
"PSMB1","Bin_15",0.320122235923241,15,18.8369582089617,2,0.701459336628738
"PSMB1","Bin_16",0.237115518487411,16,20.136058775097,2,0.701459336628738
"PSMB1","Bin_17",0.693319982984711,17,21.4351593412323,2,0.701459336628738
"PSMB1","Bin_18",1.06587871322283,18,22.7342599073676,2,0.701459336628738
"PSMB1","Bin_19",1.53154859211609,19,24.0333604735029,2,0.701459336628738
"PSMB1","Bin_20",1.309622552475,20,25.3324610396382,2,0.701459336628738
"MTRNR2L8","Bin_1",1.08454243788861,1,0.649550283067647,1,0.633264530556644
"MTRNR2L8","Bin_2",2.1000964175495,2,1.94865084920294,1,0.633264530556644
"MTRNR2L8","Bin_3",2.84128791310651,3,3.24775141533823,1,0.633264530556644
"MTRNR2L8","Bin_4",1.34322039842026,4,4.54685198147353,1,0.633264530556644
"MTRNR2L8","Bin_5",-0.375896588254825,5,5.84595254760882,1,0.633264530556644
"MTRNR2L8","Bin_6",-0.630237768808333,6,7.14505311374411,1,0.633264530556644
"MTRNR2L8","Bin_7",-0.253855902318858,7,8.4441536798794,1,0.633264530556644
"MTRNR2L8","Bin_8",-0.630237768808333,8,9.7432542460147,1,0.633264530556644
"MTRNR2L8","Bin_9",-0.506363038283753,9,11.04235481215,1,0.633264530556644
"MTRNR2L8","Bin_10",-0.43482795090207,10,12.3414553782853,1,0.633264530556644
"MTRNR2L8","Bin_11",-0.467602580028969,11,13.6405559444206,1,0.633264530556644
"MTRNR2L8","Bin_12",-0.444484036251565,12,14.9396565105559,1,0.633264530556644
"MTRNR2L8","Bin_13",-0.471191941843932,13,16.2387570766912,1,0.633264530556644
"MTRNR2L8","Bin_14",-0.451881565648695,14,17.5378576428265,1,0.633264530556644
"MTRNR2L8","Bin_15",-0.382494230300763,15,18.8369582089617,1,0.633264530556644
"MTRNR2L8","Bin_16",-0.334704402423563,16,20.136058775097,1,0.633264530556644
"MTRNR2L8","Bin_17",-0.454226583738177,17,21.4351593412323,1,0.633264530556644
"MTRNR2L8","Bin_18",-0.483685779352271,18,22.7342599073676,1,0.633264530556644
"MTRNR2L8","Bin_19",-0.501788505059565,19,24.0333604735029,1,0.633264530556644
"MTRNR2L8","Bin_20",-0.545668524941206,20,25.3324610396382,1,0.633264530556644
"CCT8","Bin_1",-1.05630231827128,1,0.649550283067647,2,0.694658617958225
"CCT8","Bin_2",-1.37748323814143,2,1.94865084920294,2,0.694658617958225
"CCT8","Bin_3",-1.46375442234964,3,3.24775141533823,2,0.694658617958225
"CCT8","Bin_4",-1.03555351877105,4,4.54685198147353,2,0.694658617958225
"CCT8","Bin_5",-1.42517914812755,5,5.84595254760882,2,0.694658617958225
"CCT8","Bin_6",-1.26295926090928,6,7.14505311374411,2,0.694658617958225
"CCT8","Bin_7",-0.780898479882448,7,8.4441536798794,2,0.694658617958225
"CCT8","Bin_8",-0.614097962850115,8,9.7432542460147,2,0.694658617958225
"CCT8","Bin_9",1.18192941220888,9,11.04235481215,2,0.694658617958225
"CCT8","Bin_10",1.26513134579486,10,12.3414553782853,2,0.694658617958225
"CCT8","Bin_11",0.854239834207221,11,13.6405559444206,2,0.694658617958225
"CCT8","Bin_12",0.734373305030177,12,14.9396565105559,2,0.694658617958225
"CCT8","Bin_13",0.675114420802376,13,16.2387570766912,2,0.694658617958225
"CCT8","Bin_14",0.396949407179188,14,17.5378576428265,2,0.694658617958225
"CCT8","Bin_15",0.395705892121379,15,18.8369582089617,2,0.694658617958225
"CCT8","Bin_16",0.3805246207932,16,20.136058775097,2,0.694658617958225
"CCT8","Bin_17",0.237813261044235,17,21.4351593412323,2,0.694658617958225
"CCT8","Bin_18",0.684582195751869,18,22.7342599073676,2,0.694658617958225
"CCT8","Bin_19",1.17726218851381,19,24.0333604735029,2,0.694658617958225
"CCT8","Bin_20",1.0326024658556,20,25.3324610396382,2,0.694658617958225
"TSFM","Bin_1",-0.464921549772385,1,0.649550283067647,2,0.701846913590124
"TSFM","Bin_2",-1.049493282604,2,1.94865084920294,2,0.701846913590124
"TSFM","Bin_3",-1.30989695976901,3,3.24775141533823,2,0.701846913590124
"TSFM","Bin_4",-1.23218072540569,4,4.54685198147353,2,0.701846913590124
"TSFM","Bin_5",-1.1687908139369,5,5.84595254760882,2,0.701846913590124
"TSFM","Bin_6",-1.47926138784555,6,7.14505311374411,2,0.701846913590124
"TSFM","Bin_7",-1.47926138784555,7,8.4441536798794,2,0.701846913590124
"TSFM","Bin_8",-0.890663836171264,8,9.7432542460147,2,0.701846913590124
"TSFM","Bin_9",0.490203568468701,9,11.04235481215,2,0.701846913590124
"TSFM","Bin_10",0.87439065564307,10,12.3414553782853,2,0.701846913590124
"TSFM","Bin_11",0.878874244362935,11,13.6405559444206,2,0.701846913590124
"TSFM","Bin_12",0.30759551779354,12,14.9396565105559,2,0.701846913590124
"TSFM","Bin_13",0.797751115901152,13,16.2387570766912,2,0.701846913590124
"TSFM","Bin_14",0.763859950946942,14,17.5378576428265,2,0.701846913590124
"TSFM","Bin_15",0.646716753822782,15,18.8369582089617,2,0.701846913590124
"TSFM","Bin_16",0.875250310159038,16,20.136058775097,2,0.701846913590124
"TSFM","Bin_17",0.281838655394114,17,21.4351593412323,2,0.701846913590124
"TSFM","Bin_18",0.660181250292805,18,22.7342599073676,2,0.701846913590124
"TSFM","Bin_19",1.22020440196082,19,24.0333604735029,2,0.701846913590124
"TSFM","Bin_20",1.27760351860444,20,25.3324610396382,2,0.701846913590124
"PCMT1","Bin_1",-0.637523946671374,1,0.649550283067647,2,0.682904971873039
"PCMT1","Bin_2",-1.15509301484326,2,1.94865084920294,2,0.682904971873039
"PCMT1","Bin_3",-1.22272120434409,3,3.24775141533823,2,0.682904971873039
"PCMT1","Bin_4",-0.583285707651583,4,4.54685198147353,2,0.682904971873039
"PCMT1","Bin_5",-1.20439437269248,5,5.84595254760882,2,0.682904971873039
"PCMT1","Bin_6",-1.83396227107879,6,7.14505311374411,2,0.682904971873039
"PCMT1","Bin_7",-1.57658472741424,7,8.4441536798794,2,0.682904971873039
"PCMT1","Bin_8",-0.1099783922078,8,9.7432542460147,2,0.682904971873039
"PCMT1","Bin_9",0.504377578144166,9,11.04235481215,2,0.682904971873039
"PCMT1","Bin_10",1.00211902893126,10,12.3414553782853,2,0.682904971873039
"PCMT1","Bin_11",0.82051910364288,11,13.6405559444206,2,0.682904971873039
"PCMT1","Bin_12",0.373758367479799,12,14.9396565105559,2,0.682904971873039
"PCMT1","Bin_13",0.0737277444200613,13,16.2387570766912,2,0.682904971873039
"PCMT1","Bin_14",-0.0161126236800364,14,17.5378576428265,2,0.682904971873039
"PCMT1","Bin_15",0.356403711307558,15,18.8369582089617,2,0.682904971873039
"PCMT1","Bin_16",0.567080376268507,16,20.136058775097,2,0.682904971873039
"PCMT1","Bin_17",1.22100354872831,17,21.4351593412323,2,0.682904971873039
"PCMT1","Bin_18",0.838621822410527,18,22.7342599073676,2,0.682904971873039
"PCMT1","Bin_19",1.11947629785466,19,24.0333604735029,2,0.682904971873039
"PCMT1","Bin_20",1.46256868139591,20,25.3324610396382,2,0.682904971873039
"RPL22L1","Bin_1",-0.92266588761348,1,0.649550283067647,2,0.684631392084074
"RPL22L1","Bin_2",-0.762624910829833,2,1.94865084920294,2,0.684631392084074
"RPL22L1","Bin_3",-0.911735929259214,3,3.24775141533823,2,0.684631392084074
"RPL22L1","Bin_4",-1.33035261220086,4,4.54685198147353,2,0.684631392084074
"RPL22L1","Bin_5",-1.42512008373929,5,5.84595254760882,2,0.684631392084074
"RPL22L1","Bin_6",-1.58161649355491,6,7.14505311374411,2,0.684631392084074
"RPL22L1","Bin_7",-1.2806188725043,7,8.4441536798794,2,0.684631392084074
"RPL22L1","Bin_8",-1.04972835545488,8,9.7432542460147,2,0.684631392084074
"RPL22L1","Bin_9",0.47884816436046,9,11.04235481215,2,0.684631392084074
"RPL22L1","Bin_10",0.922441780791295,10,12.3414553782853,2,0.684631392084074
"RPL22L1","Bin_11",1.10409700526744,11,13.6405559444206,2,0.684631392084074
"RPL22L1","Bin_12",0.943091468623011,12,14.9396565105559,2,0.684631392084074
"RPL22L1","Bin_13",0.540773817318364,13,16.2387570766912,2,0.684631392084074
"RPL22L1","Bin_14",0.396860556974761,14,17.5378576428265,2,0.684631392084074
"RPL22L1","Bin_15",0.829825152066017,15,18.8369582089617,2,0.684631392084074
"RPL22L1","Bin_16",0.964399639243374,16,20.136058775097,2,0.684631392084074
"RPL22L1","Bin_17",0.924028331898206,17,21.4351593412323,2,0.684631392084074
"RPL22L1","Bin_18",0.845070565703562,18,22.7342599073676,2,0.684631392084074
"RPL22L1","Bin_19",0.686845522016346,19,24.0333604735029,2,0.684631392084074
"RPL22L1","Bin_20",0.628181140893928,20,25.3324610396382,2,0.684631392084074
"PSMB5","Bin_1",-0.67542950200485,1,0.649550283067647,2,0.702905088068556
"PSMB5","Bin_2",-1.21406329682415,2,1.94865084920294,2,0.702905088068556
"PSMB5","Bin_3",-1.25360565713265,3,3.24775141533823,2,0.702905088068556
"PSMB5","Bin_4",-0.605716671328367,4,4.54685198147353,2,0.702905088068556
"PSMB5","Bin_5",-1.08156155306091,5,5.84595254760882,2,0.702905088068556
"PSMB5","Bin_6",-1.74857129564869,6,7.14505311374411,2,0.702905088068556
"PSMB5","Bin_7",-1.2901556466756,7,8.4441536798794,2,0.702905088068556
"PSMB5","Bin_8",-1.31333041109022,8,9.7432542460147,2,0.702905088068556
"PSMB5","Bin_9",0.762698923088225,9,11.04235481215,2,0.702905088068556
"PSMB5","Bin_10",0.770557831774036,10,12.3414553782853,2,0.702905088068556
"PSMB5","Bin_11",0.783149160645868,11,13.6405559444206,2,0.702905088068556
"PSMB5","Bin_12",0.586277587072703,12,14.9396565105559,2,0.702905088068556
"PSMB5","Bin_13",0.635893975887619,13,16.2387570766912,2,0.702905088068556
"PSMB5","Bin_14",0.637690317989498,14,17.5378576428265,2,0.702905088068556
"PSMB5","Bin_15",0.672910883458313,15,18.8369582089617,2,0.702905088068556
"PSMB5","Bin_16",0.559180054580933,16,20.136058775097,2,0.702905088068556
"PSMB5","Bin_17",0.550978683442697,17,21.4351593412323,2,0.702905088068556
"PSMB5","Bin_18",0.916994838017061,18,22.7342599073676,2,0.702905088068556
"PSMB5","Bin_19",1.11924353160817,19,24.0333604735029,2,0.702905088068556
"PSMB5","Bin_20",1.18685824620031,20,25.3324610396382,2,0.702905088068556
"DLX5","Bin_1",-0.896142599333247,1,0.649550283067647,2,0.495385311151153
"DLX5","Bin_2",-0.896142599333247,2,1.94865084920294,2,0.495385311151153
"DLX5","Bin_3",-0.860909744131379,3,3.24775141533823,2,0.495385311151153
"DLX5","Bin_4",-0.421397274377175,4,4.54685198147353,2,0.495385311151153
"DLX5","Bin_5",-0.829584041057131,5,5.84595254760882,2,0.495385311151153
"DLX5","Bin_6",-0.896142599333247,6,7.14505311374411,2,0.495385311151153
"DLX5","Bin_7",-0.566169366995486,7,8.4441536798794,2,0.495385311151153
"DLX5","Bin_8",-0.233683949225552,8,9.7432542460147,2,0.495385311151153
"DLX5","Bin_9",-0.310271045129731,9,11.04235481215,2,0.495385311151153
"DLX5","Bin_10",-0.181840293505507,10,12.3414553782853,2,0.495385311151153
"DLX5","Bin_11",-0.0552952198492536,11,13.6405559444206,2,0.495385311151153
"DLX5","Bin_12",-0.221295701305922,12,14.9396565105559,2,0.495385311151153
"DLX5","Bin_13",-0.197593384931644,13,16.2387570766912,2,0.495385311151153
"DLX5","Bin_14",-0.219810584987622,14,17.5378576428265,2,0.495385311151153
"DLX5","Bin_15",0.364867511771684,15,18.8369582089617,2,0.495385311151153
"DLX5","Bin_16",-0.119810869868789,16,20.136058775097,2,0.495385311151153
"DLX5","Bin_17",0.580266400508672,17,21.4351593412323,2,0.495385311151153
"DLX5","Bin_18",1.14208636066481,18,22.7342599073676,2,0.495385311151153
"DLX5","Bin_19",1.72363105405601,19,24.0333604735029,2,0.495385311151153
"DLX5","Bin_20",3.09523794636376,20,25.3324610396382,2,0.495385311151153
"RPL21","Bin_1",-0.231151221468006,1,0.649550283067647,2,0.411772360583667
"RPL21","Bin_2",-0.268675439718071,2,1.94865084920294,2,0.411772360583667
"RPL21","Bin_3",-0.306933943817627,3,3.24775141533823,2,0.411772360583667
"RPL21","Bin_4",-1.1092446279518,4,4.54685198147353,2,0.411772360583667
"RPL21","Bin_5",0.495364794693588,5,5.84595254760882,2,0.411772360583667
"RPL21","Bin_6",-3.38430112441699,6,7.14505311374411,2,0.411772360583667
"RPL21","Bin_7",-1.48678496269142,7,8.4441536798794,2,0.411772360583667
"RPL21","Bin_8",-0.0155291719720628,8,9.7432542460147,2,0.411772360583667
"RPL21","Bin_9",0.744431860814514,9,11.04235481215,2,0.411772360583667
"RPL21","Bin_10",0.442482431482972,10,12.3414553782853,2,0.411772360583667
"RPL21","Bin_11",0.349433832020032,11,13.6405559444206,2,0.411772360583667
"RPL21","Bin_12",0.62526414011038,12,14.9396565105559,2,0.411772360583667
"RPL21","Bin_13",0.707351078601029,13,16.2387570766912,2,0.411772360583667
"RPL21","Bin_14",0.788744182747107,14,17.5378576428265,2,0.411772360583667
"RPL21","Bin_15",0.682630310820967,15,18.8369582089617,2,0.411772360583667
"RPL21","Bin_16",0.370012022772812,16,20.136058775097,2,0.411772360583667
"RPL21","Bin_17",0.342280461879951,17,21.4351593412323,2,0.411772360583667
"RPL21","Bin_18",0.469687539731768,18,22.7342599073676,2,0.411772360583667
"RPL21","Bin_19",0.446731006425956,19,24.0333604735029,2,0.411772360583667
"RPL21","Bin_20",0.338206829934903,20,25.3324610396382,2,0.411772360583667
"NNMT","Bin_1",1.74190012807806,1,0.649550283067647,1,0.595153859937464
"NNMT","Bin_2",2.16341501077103,2,1.94865084920294,1,0.595153859937464
"NNMT","Bin_3",2.81822219893868,3,3.24775141533823,1,0.595153859937464
"NNMT","Bin_4",0.247290531011632,4,4.54685198147353,1,0.595153859937464
"NNMT","Bin_5",-0.00152743394256644,5,5.84595254760882,1,0.595153859937464
"NNMT","Bin_6",-0.514421474150664,6,7.14505311374411,1,0.595153859937464
"NNMT","Bin_7",-0.514421474150664,7,8.4441536798794,1,0.595153859937464
"NNMT","Bin_8",-0.514421474150664,8,9.7432542460147,1,0.595153859937464
"NNMT","Bin_9",-0.471730265144102,9,11.04235481215,1,0.595153859937464
"NNMT","Bin_10",-0.463734590187583,10,12.3414553782853,1,0.595153859937464
"NNMT","Bin_11",-0.393520050595623,11,13.6405559444206,1,0.595153859937464
"NNMT","Bin_12",-0.414149707395549,12,14.9396565105559,1,0.595153859937464
"NNMT","Bin_13",-0.514421474150664,13,16.2387570766912,1,0.595153859937464
"NNMT","Bin_14",-0.509093380472715,14,17.5378576428265,1,0.595153859937464
"NNMT","Bin_15",-0.425381198607728,15,18.8369582089617,1,0.595153859937464
"NNMT","Bin_16",-0.326419753763617,16,20.136058775097,1,0.595153859937464
"NNMT","Bin_17",-0.438058687580984,17,21.4351593412323,1,0.595153859937464
"NNMT","Bin_18",-0.465375624444723,18,22.7342599073676,1,0.595153859937464
"NNMT","Bin_19",-0.494719528647539,19,24.0333604735029,1,0.595153859937464
"NNMT","Bin_20",-0.509431751414014,20,25.3324610396382,1,0.595153859937464
"ADI1","Bin_1",-0.903511229252671,1,0.649550283067647,2,0.691177010777905
"ADI1","Bin_2",-0.900643210750672,2,1.94865084920294,2,0.691177010777905
"ADI1","Bin_3",-1.30179101843473,3,3.24775141533823,2,0.691177010777905
"ADI1","Bin_4",-0.863289740383121,4,4.54685198147353,2,0.691177010777905
"ADI1","Bin_5",-1.38178100190974,5,5.84595254760882,2,0.691177010777905
"ADI1","Bin_6",-0.900364602541159,6,7.14505311374411,2,0.691177010777905
"ADI1","Bin_7",-1.41861578527423,7,8.4441536798794,2,0.691177010777905
"ADI1","Bin_8",-1.04874810352898,8,9.7432542460147,2,0.691177010777905
"ADI1","Bin_9",0.624574949276661,9,11.04235481215,2,0.691177010777905
"ADI1","Bin_10",0.99032490792682,10,12.3414553782853,2,0.691177010777905
"ADI1","Bin_11",0.597933624682326,11,13.6405559444206,2,0.691177010777905
"ADI1","Bin_12",0.421668251410804,12,14.9396565105559,2,0.691177010777905
"ADI1","Bin_13",0.243686264495034,13,16.2387570766912,2,0.691177010777905
"ADI1","Bin_14",0.0241836048577858,14,17.5378576428265,2,0.691177010777905
"ADI1","Bin_15",0.294385221194543,15,18.8369582089617,2,0.691177010777905
"ADI1","Bin_16",0.356668576744062,16,20.136058775097,2,0.691177010777905
"ADI1","Bin_17",0.980028521349851,17,21.4351593412323,2,0.691177010777905
"ADI1","Bin_18",1.13828903323675,18,22.7342599073676,2,0.691177010777905
"ADI1","Bin_19",1.62834630602039,19,24.0333604735029,2,0.691177010777905
"ADI1","Bin_20",1.4186554308803,20,25.3324610396382,2,0.691177010777905
"EPCAM","Bin_1",-0.757542866023236,1,0.649550283067647,2,0.713326307071804
"EPCAM","Bin_2",-1.10022563776482,2,1.94865084920294,2,0.713326307071804
"EPCAM","Bin_3",-1.68089952336816,3,3.24775141533823,2,0.713326307071804
"EPCAM","Bin_4",-1.17284670970809,4,4.54685198147353,2,0.713326307071804
"EPCAM","Bin_5",-1.63651698898415,5,5.84595254760882,2,0.713326307071804
"EPCAM","Bin_6",-1.38202257711841,6,7.14505311374411,2,0.713326307071804
"EPCAM","Bin_7",-0.525064656346832,7,8.4441536798794,2,0.713326307071804
"EPCAM","Bin_8",-0.835162657052833,8,9.7432542460147,2,0.713326307071804
"EPCAM","Bin_9",0.544535914388653,9,11.04235481215,2,0.713326307071804
"EPCAM","Bin_10",1.13911067988457,10,12.3414553782853,2,0.713326307071804
"EPCAM","Bin_11",0.963635472634968,11,13.6405559444206,2,0.713326307071804
"EPCAM","Bin_12",0.527178414360939,12,14.9396565105559,2,0.713326307071804
"EPCAM","Bin_13",0.669269839408184,13,16.2387570766912,2,0.713326307071804
"EPCAM","Bin_14",0.472333543679954,14,17.5378576428265,2,0.713326307071804
"EPCAM","Bin_15",0.479463888989645,15,18.8369582089617,2,0.713326307071804
"EPCAM","Bin_16",0.763326825409147,16,20.136058775097,2,0.713326307071804
"EPCAM","Bin_17",0.801879928145758,17,21.4351593412323,2,0.713326307071804
"EPCAM","Bin_18",0.922981501656466,18,22.7342599073676,2,0.713326307071804
"EPCAM","Bin_19",1.04880348864407,19,24.0333604735029,2,0.713326307071804
"EPCAM","Bin_20",0.757762119164181,20,25.3324610396382,2,0.713326307071804
"RER1","Bin_1",-0.131503946770141,1,0.649550283067647,2,0.688473590948547
"RER1","Bin_2",-1.07524637167266,2,1.94865084920294,2,0.688473590948547
"RER1","Bin_3",-1.32522194644632,3,3.24775141533823,2,0.688473590948547
"RER1","Bin_4",-0.779493436616011,4,4.54685198147353,2,0.688473590948547
"RER1","Bin_5",-1.27130653265794,5,5.84595254760882,2,0.688473590948547
"RER1","Bin_6",-1.42683175826506,6,7.14505311374411,2,0.688473590948547
"RER1","Bin_7",-1.81927844287084,7,8.4441536798794,2,0.688473590948547
"RER1","Bin_8",-0.709138463142027,8,9.7432542460147,2,0.688473590948547
"RER1","Bin_9",0.421468462667769,9,11.04235481215,2,0.688473590948547
"RER1","Bin_10",0.535457745921821,10,12.3414553782853,2,0.688473590948547
"RER1","Bin_11",0.814116616122455,11,13.6405559444206,2,0.688473590948547
"RER1","Bin_12",0.354702633801753,12,14.9396565105559,2,0.688473590948547
"RER1","Bin_13",0.336499239421487,13,16.2387570766912,2,0.688473590948547
"RER1","Bin_14",0.135490762642739,14,17.5378576428265,2,0.688473590948547
"RER1","Bin_15",0.47775547736209,15,18.8369582089617,2,0.688473590948547
"RER1","Bin_16",0.549750888925631,16,20.136058775097,2,0.688473590948547
"RER1","Bin_17",1.20409715120636,17,21.4351593412323,2,0.688473590948547
"RER1","Bin_18",1.07210516735705,18,22.7342599073676,2,0.688473590948547
"RER1","Bin_19",1.25518562385182,19,24.0333604735029,2,0.688473590948547
"RER1","Bin_20",1.38139112916002,20,25.3324610396382,2,0.688473590948547
"NEBL","Bin_1",-0.726841624177736,1,0.649550283067647,2,0.511064469420466
"NEBL","Bin_2",-1.24068518054394,2,1.94865084920294,2,0.511064469420466
"NEBL","Bin_3",-1.59024338644349,3,3.24775141533823,2,0.511064469420466
"NEBL","Bin_4",-1.76065239808699,4,4.54685198147353,2,0.511064469420466
"NEBL","Bin_5",-1.87861125408769,5,5.84595254760882,2,0.511064469420466
"NEBL","Bin_6",0.382363068343197,6,7.14505311374411,2,0.511064469420466
"NEBL","Bin_7",1.12444951976609,7,8.4441536798794,2,0.511064469420466
"NEBL","Bin_8",-0.914969891165316,8,9.7432542460147,2,0.511064469420466
"NEBL","Bin_9",-0.225961929236097,9,11.04235481215,2,0.511064469420466
"NEBL","Bin_10",0.776587507848447,10,12.3414553782853,2,0.511064469420466
"NEBL","Bin_11",0.471876070563641,11,13.6405559444206,2,0.511064469420466
"NEBL","Bin_12",1.04735246305622,12,14.9396565105559,2,0.511064469420466
"NEBL","Bin_13",0.026130883026268,13,16.2387570766912,2,0.511064469420466
"NEBL","Bin_14",0.129634030024165,14,17.5378576428265,2,0.511064469420466
"NEBL","Bin_15",0.508815676951718,15,18.8369582089617,2,0.511064469420466
"NEBL","Bin_16",0.595545294349596,16,20.136058775097,2,0.511064469420466
"NEBL","Bin_17",1.22754929897464,17,21.4351593412323,2,0.511064469420466
"NEBL","Bin_18",0.781059578818063,18,22.7342599073676,2,0.511064469420466
"NEBL","Bin_19",0.670742409186839,19,24.0333604735029,2,0.511064469420466
"NEBL","Bin_20",0.595859862832374,20,25.3324610396382,2,0.511064469420466
"FABP5","Bin_1",-1.15474190869306,1,0.649550283067647,2,0.637999915771281
"FABP5","Bin_2",-1.38795287422508,2,1.94865084920294,2,0.637999915771281
"FABP5","Bin_3",-1.38758545995114,3,3.24775141533823,2,0.637999915771281
"FABP5","Bin_4",-0.420113552718368,4,4.54685198147353,2,0.637999915771281
"FABP5","Bin_5",-0.642390741832843,5,5.84595254760882,2,0.637999915771281
"FABP5","Bin_6",-1.40693415022151,6,7.14505311374411,2,0.637999915771281
"FABP5","Bin_7",-1.10513876437549,7,8.4441536798794,2,0.637999915771281
"FABP5","Bin_8",-0.573260367365878,8,9.7432542460147,2,0.637999915771281
"FABP5","Bin_9",1.02649859954544,9,11.04235481215,2,0.637999915771281
"FABP5","Bin_10",1.30471788775339,10,12.3414553782853,2,0.637999915771281
"FABP5","Bin_11",0.729241063593425,11,13.6405559444206,2,0.637999915771281
"FABP5","Bin_12",0.567240266160112,12,14.9396565105559,2,0.637999915771281
"FABP5","Bin_13",0.319439487948792,13,16.2387570766912,2,0.637999915771281
"FABP5","Bin_14",-0.325228612661465,14,17.5378576428265,2,0.637999915771281
"FABP5","Bin_15",-0.0356247107308377,15,18.8369582089617,2,0.637999915771281
"FABP5","Bin_16",-0.0195980211813819,16,20.136058775097,2,0.637999915771281
"FABP5","Bin_17",0.559476631973506,17,21.4351593412323,2,0.637999915771281
"FABP5","Bin_18",0.887379388261121,18,22.7342599073676,2,0.637999915771281
"FABP5","Bin_19",1.733410999178,19,24.0333604735029,2,0.637999915771281
"FABP5","Bin_20",1.33116483954327,20,25.3324610396382,2,0.637999915771281
"KRT5","Bin_1",-1.84272367165985,1,0.649550283067647,2,0.568181812338459
"KRT5","Bin_2",-0.899876153289107,2,1.94865084920294,2,0.568181812338459
"KRT5","Bin_3",-0.0191886355515554,3,3.24775141533823,2,0.568181812338459
"KRT5","Bin_4",-1.57164357808388,4,4.54685198147353,2,0.568181812338459
"KRT5","Bin_5",-1.68243299852834,5,5.84595254760882,2,0.568181812338459
"KRT5","Bin_6",-1.28223506321766,6,7.14505311374411,2,0.568181812338459
"KRT5","Bin_7",-0.369702979097288,7,8.4441536798794,2,0.568181812338459
"KRT5","Bin_8",-0.0950181524456385,8,9.7432542460147,2,0.568181812338459
"KRT5","Bin_9",1.24807208375376,9,11.04235481215,2,0.568181812338459
"KRT5","Bin_10",1.3405421275997,10,12.3414553782853,2,0.568181812338459
"KRT5","Bin_11",0.806517850852164,11,13.6405559444206,2,0.568181812338459
"KRT5","Bin_12",0.689848744760793,12,14.9396565105559,2,0.568181812338459
"KRT5","Bin_13",0.787392562677146,13,16.2387570766912,2,0.568181812338459
"KRT5","Bin_14",-0.0228212130650426,14,17.5378576428265,2,0.568181812338459
"KRT5","Bin_15",0.021451699686236,15,18.8369582089617,2,0.568181812338459
"KRT5","Bin_16",0.0957429436387677,16,20.136058775097,2,0.568181812338459
"KRT5","Bin_17",0.266416606727162,17,21.4351593412323,2,0.568181812338459
"KRT5","Bin_18",0.423204527463962,18,22.7342599073676,2,0.568181812338459
"KRT5","Bin_19",1.3020815438335,19,24.0333604735029,2,0.568181812338459
"KRT5","Bin_20",0.80437175394516,20,25.3324610396382,2,0.568181812338459
"MALL","Bin_1",-1.27873068370592,1,0.649550283067647,2,0.645762121119431
"MALL","Bin_2",-1.2094587054177,2,1.94865084920294,2,0.645762121119431
"MALL","Bin_3",-1.36983535626935,3,3.24775141533823,2,0.645762121119431
"MALL","Bin_4",-0.892492788310717,4,4.54685198147353,2,0.645762121119431
"MALL","Bin_5",-1.22843399676664,5,5.84595254760882,2,0.645762121119431
"MALL","Bin_6",-0.812320014766882,6,7.14505311374411,2,0.645762121119431
"MALL","Bin_7",-1.15282333029648,7,8.4441536798794,2,0.645762121119431
"MALL","Bin_8",0.151399477781734,8,9.7432542460147,2,0.645762121119431
"MALL","Bin_9",0.670519191608513,9,11.04235481215,2,0.645762121119431
"MALL","Bin_10",0.406866654175333,10,12.3414553782853,2,0.645762121119431
"MALL","Bin_11",0.616742155580698,11,13.6405559444206,2,0.645762121119431
"MALL","Bin_12",0.220212760293375,12,14.9396565105559,2,0.645762121119431
"MALL","Bin_13",0.415283358603369,13,16.2387570766912,2,0.645762121119431
"MALL","Bin_14",-0.296197631533539,14,17.5378576428265,2,0.645762121119431
"MALL","Bin_15",0.0113442716360039,15,18.8369582089617,2,0.645762121119431
"MALL","Bin_16",0.0382812580077584,16,20.136058775097,2,0.645762121119431
"MALL","Bin_17",1.18755127570974,17,21.4351593412323,2,0.645762121119431
"MALL","Bin_18",1.1784105003868,18,22.7342599073676,2,0.645762121119431
"MALL","Bin_19",1.75371492316207,19,24.0333604735029,2,0.645762121119431
"MALL","Bin_20",1.58996668012182,20,25.3324610396382,2,0.645762121119431
"ANP32B","Bin_1",-1.25071441109883,1,0.649550283067647,2,0.695961858542626
"ANP32B","Bin_2",-1.29667604613109,2,1.94865084920294,2,0.695961858542626
"ANP32B","Bin_3",-1.03495841549647,3,3.24775141533823,2,0.695961858542626
"ANP32B","Bin_4",-0.6741482779338,4,4.54685198147353,2,0.695961858542626
"ANP32B","Bin_5",-0.874877158214287,5,5.84595254760882,2,0.695961858542626
"ANP32B","Bin_6",-1.79876941886619,6,7.14505311374411,2,0.695961858542626
"ANP32B","Bin_7",-1.31453613860241,7,8.4441536798794,2,0.695961858542626
"ANP32B","Bin_8",-0.807349362746862,8,9.7432542460147,2,0.695961858542626
"ANP32B","Bin_9",0.599740369973886,9,11.04235481215,2,0.695961858542626
"ANP32B","Bin_10",1.06981411151143,10,12.3414553782853,2,0.695961858542626
"ANP32B","Bin_11",1.09468372453217,11,13.6405559444206,2,0.695961858542626
"ANP32B","Bin_12",0.564804845889016,12,14.9396565105559,2,0.695961858542626
"ANP32B","Bin_13",0.782269069814119,13,16.2387570766912,2,0.695961858542626
"ANP32B","Bin_14",0.486269353414485,14,17.5378576428265,2,0.695961858542626
"ANP32B","Bin_15",0.431599970631932,15,18.8369582089617,2,0.695961858542626
"ANP32B","Bin_16",0.417746945537513,16,20.136058775097,2,0.695961858542626
"ANP32B","Bin_17",0.563974392391421,17,21.4351593412323,2,0.695961858542626
"ANP32B","Bin_18",0.639507556260797,18,22.7342599073676,2,0.695961858542626
"ANP32B","Bin_19",1.14475171897958,19,24.0333604735029,2,0.695961858542626
"ANP32B","Bin_20",1.25686717015359,20,25.3324610396382,2,0.695961858542626
"ELOF1","Bin_1",-0.845378714109967,1,0.649550283067647,2,0.705409217534378
"ELOF1","Bin_2",-1.0223443382518,2,1.94865084920294,2,0.705409217534378
"ELOF1","Bin_3",-1.39038386453019,3,3.24775141533823,2,0.705409217534378
"ELOF1","Bin_4",-1.21258704270491,4,4.54685198147353,2,0.705409217534378
"ELOF1","Bin_5",-1.15148917366641,5,5.84595254760882,2,0.705409217534378
"ELOF1","Bin_6",-0.974440774553348,6,7.14505311374411,2,0.705409217534378
"ELOF1","Bin_7",-1.08105443421771,7,8.4441536798794,2,0.705409217534378
"ELOF1","Bin_8",-1.22537305711621,8,9.7432542460147,2,0.705409217534378
"ELOF1","Bin_9",0.587009336450164,9,11.04235481215,2,0.705409217534378
"ELOF1","Bin_10",0.917806673607102,10,12.3414553782853,2,0.705409217534378
"ELOF1","Bin_11",0.615816103475435,11,13.6405559444206,2,0.705409217534378
"ELOF1","Bin_12",0.221317508709437,12,14.9396565105559,2,0.705409217534378
"ELOF1","Bin_13",0.464573320730744,13,16.2387570766912,2,0.705409217534378
"ELOF1","Bin_14",0.281259892820811,14,17.5378576428265,2,0.705409217534378
"ELOF1","Bin_15",0.249717154530021,15,18.8369582089617,2,0.705409217534378
"ELOF1","Bin_16",0.470413486596503,16,20.136058775097,2,0.705409217534378
"ELOF1","Bin_17",0.993649403602846,17,21.4351593412323,2,0.705409217534378
"ELOF1","Bin_18",1.14255430665633,18,22.7342599073676,2,0.705409217534378
"ELOF1","Bin_19",1.59516934039408,19,24.0333604735029,2,0.705409217534378
"ELOF1","Bin_20",1.36376487157706,20,25.3324610396382,2,0.705409217534378
"RPL41","Bin_1",-0.0155329026814249,1,0.649550283067647,2,0.410974454209651
"RPL41","Bin_2",-0.121493642742729,2,1.94865084920294,2,0.410974454209651
"RPL41","Bin_3",-0.0188167693842509,3,3.24775141533823,2,0.410974454209651
"RPL41","Bin_4",-1.66252392991327,4,4.54685198147353,2,0.410974454209651
"RPL41","Bin_5",-0.473574484718211,5,5.84595254760882,2,0.410974454209651
"RPL41","Bin_6",-3.1524942911327,6,7.14505311374411,2,0.410974454209651
"RPL41","Bin_7",-1.33694596053127,7,8.4441536798794,2,0.410974454209651
"RPL41","Bin_8",0.755509949432639,8,9.7432542460147,2,0.410974454209651
"RPL41","Bin_9",0.531398221019389,9,11.04235481215,2,0.410974454209651
"RPL41","Bin_10",0.343575628551483,10,12.3414553782853,2,0.410974454209651
"RPL41","Bin_11",0.456382141228089,11,13.6405559444206,2,0.410974454209651
"RPL41","Bin_12",0.74332181096765,12,14.9396565105559,2,0.410974454209651
"RPL41","Bin_13",0.757983701748956,13,16.2387570766912,2,0.410974454209651
"RPL41","Bin_14",0.929015698753283,14,17.5378576428265,2,0.410974454209651
"RPL41","Bin_15",0.776745270725968,15,18.8369582089617,2,0.410974454209651
"RPL41","Bin_16",0.487220394291914,16,20.136058775097,2,0.410974454209651
"RPL41","Bin_17",0.286670155741443,17,21.4351593412323,2,0.410974454209651
"RPL41","Bin_18",0.312902478845083,18,22.7342599073676,2,0.410974454209651
"RPL41","Bin_19",0.204075998177462,19,24.0333604735029,2,0.410974454209651
"RPL41","Bin_20",0.196580531620508,20,25.3324610396382,2,0.410974454209651
"LTBP4","Bin_1",-1.05469800181182,1,0.649550283067647,2,0.397743604897779
"LTBP4","Bin_2",-1.04072882898994,2,1.94865084920294,2,0.397743604897779
"LTBP4","Bin_3",-1.25031701771074,3,3.24775141533823,2,0.397743604897779
"LTBP4","Bin_4",-1.17204964641043,4,4.54685198147353,2,0.397743604897779
"LTBP4","Bin_5",-1.48428794433234,5,5.84595254760882,2,0.397743604897779
"LTBP4","Bin_6",2.37605537243753,6,7.14505311374411,2,0.397743604897779
"LTBP4","Bin_7",-0.580341664567906,7,8.4441536798794,2,0.397743604897779
"LTBP4","Bin_8",-0.839365195103491,8,9.7432542460147,2,0.397743604897779
"LTBP4","Bin_9",-0.300652385259409,9,11.04235481215,2,0.397743604897779
"LTBP4","Bin_10",-0.118821993199495,10,12.3414553782853,2,0.397743604897779
"LTBP4","Bin_11",-0.061556945064313,11,13.6405559444206,2,0.397743604897779
"LTBP4","Bin_12",0.15349004330213,12,14.9396565105559,2,0.397743604897779
"LTBP4","Bin_13",0.0149583207475948,13,16.2387570766912,2,0.397743604897779
"LTBP4","Bin_14",0.375703859125005,14,17.5378576428265,2,0.397743604897779
"LTBP4","Bin_15",0.340797785253972,15,18.8369582089617,2,0.397743604897779
"LTBP4","Bin_16",0.492524503453405,16,20.136058775097,2,0.397743604897779
"LTBP4","Bin_17",1.16794978907616,17,21.4351593412323,2,0.397743604897779
"LTBP4","Bin_18",1.04774323247316,18,22.7342599073676,2,0.397743604897779
"LTBP4","Bin_19",0.882560468528585,19,24.0333604735029,2,0.397743604897779
"LTBP4","Bin_20",1.05103624805233,20,25.3324610396382,2,0.397743604897779
"DDAH2","Bin_1",-0.0450010895236483,1,0.649550283067647,2,0.667547605931314
"DDAH2","Bin_2",-0.868045813776312,2,1.94865084920294,2,0.667547605931314
"DDAH2","Bin_3",-1.20456571652168,3,3.24775141533823,2,0.667547605931314
"DDAH2","Bin_4",-1.26654449695235,4,4.54685198147353,2,0.667547605931314
"DDAH2","Bin_5",-0.993604594816454,5,5.84595254760882,2,0.667547605931314
"DDAH2","Bin_6",-1.91829121375865,6,7.14505311374411,2,0.667547605931314
"DDAH2","Bin_7",-1.31543448463639,7,8.4441536798794,2,0.667547605931314
"DDAH2","Bin_8",-1.33966253446687,8,9.7432542460147,2,0.667547605931314
"DDAH2","Bin_9",0.451717109245336,9,11.04235481215,2,0.667547605931314
"DDAH2","Bin_10",0.616113867493126,10,12.3414553782853,2,0.667547605931314
"DDAH2","Bin_11",0.905336132444141,11,13.6405559444206,2,0.667547605931314
"DDAH2","Bin_12",0.591753063045778,12,14.9396565105559,2,0.667547605931314
"DDAH2","Bin_13",0.916181670647596,13,16.2387570766912,2,0.667547605931314
"DDAH2","Bin_14",0.862288980126669,14,17.5378576428265,2,0.667547605931314
"DDAH2","Bin_15",0.789379587212147,15,18.8369582089617,2,0.667547605931314
"DDAH2","Bin_16",0.547569061615211,16,20.136058775097,2,0.667547605931314
"DDAH2","Bin_17",0.627212381774014,17,21.4351593412323,2,0.667547605931314
"DDAH2","Bin_18",0.924707676332896,18,22.7342599073676,2,0.667547605931314
"DDAH2","Bin_19",0.937221157792936,19,24.0333604735029,2,0.667547605931314
"DDAH2","Bin_20",0.781669256722503,20,25.3324610396382,2,0.667547605931314
"ARL6IP6","Bin_1",-0.961395314695895,1,0.649550283067647,2,0.720515351198644
"ARL6IP6","Bin_2",-1.17855590933959,2,1.94865084920294,2,0.720515351198644
"ARL6IP6","Bin_3",-1.19112676418251,3,3.24775141533823,2,0.720515351198644
"ARL6IP6","Bin_4",-1.20628489660866,4,4.54685198147353,2,0.720515351198644
"ARL6IP6","Bin_5",-1.49272642935539,5,5.84595254760882,2,0.720515351198644
"ARL6IP6","Bin_6",-1.6201252185766,6,7.14505311374411,2,0.720515351198644
"ARL6IP6","Bin_7",-0.850511632753049,7,8.4441536798794,2,0.720515351198644
"ARL6IP6","Bin_8",-0.378166850745765,8,9.7432542460147,2,0.720515351198644
"ARL6IP6","Bin_9",0.272270439224692,9,11.04235481215,2,0.720515351198644
"ARL6IP6","Bin_10",0.667921306312693,10,12.3414553782853,2,0.720515351198644
"ARL6IP6","Bin_11",0.608528577333476,11,13.6405559444206,2,0.720515351198644
"ARL6IP6","Bin_12",0.644007514028638,12,14.9396565105559,2,0.720515351198644
"ARL6IP6","Bin_13",0.56911839804494,13,16.2387570766912,2,0.720515351198644
"ARL6IP6","Bin_14",0.364589142137243,14,17.5378576428265,2,0.720515351198644
"ARL6IP6","Bin_15",0.536502191023405,15,18.8369582089617,2,0.720515351198644
"ARL6IP6","Bin_16",0.747090840808866,16,20.136058775097,2,0.720515351198644
"ARL6IP6","Bin_17",1.08069252232255,17,21.4351593412323,2,0.720515351198644
"ARL6IP6","Bin_18",0.734202433946112,18,22.7342599073676,2,0.720515351198644
"ARL6IP6","Bin_19",0.968815459281105,19,24.0333604735029,2,0.720515351198644
"ARL6IP6","Bin_20",1.68515419179373,20,25.3324610396382,2,0.720515351198644
"MT-ND5","Bin_1",1.27773645901605,1,0.649550283067647,1,0.572943865582214
"MT-ND5","Bin_2",1.54254665679253,2,1.94865084920294,1,0.572943865582214
"MT-ND5","Bin_3",2.08763029805359,3,3.24775141533823,1,0.572943865582214
"MT-ND5","Bin_4",1.84268373691713,4,4.54685198147353,1,0.572943865582214
"MT-ND5","Bin_5",-0.81100094530156,5,5.84595254760882,1,0.572943865582214
"MT-ND5","Bin_6",0.613802786612715,6,7.14505311374411,1,0.572943865582214
"MT-ND5","Bin_7",0.559781273368007,7,8.4441536798794,1,0.572943865582214
"MT-ND5","Bin_8",-1.80081220683607,8,9.7432542460147,1,0.572943865582214
"MT-ND5","Bin_9",-0.511648421777649,9,11.04235481215,1,0.572943865582214
"MT-ND5","Bin_10",-0.22616480855842,10,12.3414553782853,1,0.572943865582214
"MT-ND5","Bin_11",-0.336412932373217,11,13.6405559444206,1,0.572943865582214
"MT-ND5","Bin_12",-0.441686197776036,12,14.9396565105559,1,0.572943865582214
"MT-ND5","Bin_13",-0.275874842369674,13,16.2387570766912,1,0.572943865582214
"MT-ND5","Bin_14",-0.44106914780543,14,17.5378576428265,1,0.572943865582214
"MT-ND5","Bin_15",-0.551737369655909,15,18.8369582089617,1,0.572943865582214
"MT-ND5","Bin_16",-0.628741878507025,16,20.136058775097,1,0.572943865582214
"MT-ND5","Bin_17",-0.803934281633097,17,21.4351593412323,1,0.572943865582214
"MT-ND5","Bin_18",-0.385914519608172,18,22.7342599073676,1,0.572943865582214
"MT-ND5","Bin_19",-0.405651623867957,19,24.0333604735029,1,0.572943865582214
"MT-ND5","Bin_20",-0.303532034689809,20,25.3324610396382,1,0.572943865582214
"PFN1","Bin_1",-0.501270716764866,1,0.649550283067647,2,0.668439401346737
"PFN1","Bin_2",-1.2127973317637,2,1.94865084920294,2,0.668439401346737
"PFN1","Bin_3",-0.975194367454846,3,3.24775141533823,2,0.668439401346737
"PFN1","Bin_4",-0.831561847878929,4,4.54685198147353,2,0.668439401346737
"PFN1","Bin_5",-1.3583541094037,5,5.84595254760882,2,0.668439401346737
"PFN1","Bin_6",-2.34082376646023,6,7.14505311374411,2,0.668439401346737
"PFN1","Bin_7",-1.32419757466075,7,8.4441536798794,2,0.668439401346737
"PFN1","Bin_8",0.120860188633596,8,9.7432542460147,2,0.668439401346737
"PFN1","Bin_9",0.926750691724179,9,11.04235481215,2,0.668439401346737
"PFN1","Bin_10",1.04414419476817,10,12.3414553782853,2,0.668439401346737
"PFN1","Bin_11",0.849001516014747,11,13.6405559444206,2,0.668439401346737
"PFN1","Bin_12",0.713364098505969,12,14.9396565105559,2,0.668439401346737
"PFN1","Bin_13",0.601481690675332,13,16.2387570766912,2,0.668439401346737
"PFN1","Bin_14",0.337326736710749,14,17.5378576428265,2,0.668439401346737
"PFN1","Bin_15",0.416556822403188,15,18.8369582089617,2,0.668439401346737
"PFN1","Bin_16",0.431770716804975,16,20.136058775097,2,0.668439401346737
"PFN1","Bin_17",0.52228956732977,17,21.4351593412323,2,0.668439401346737
"PFN1","Bin_18",0.706073528873207,18,22.7342599073676,2,0.668439401346737
"PFN1","Bin_19",0.937907693603829,19,24.0333604735029,2,0.668439401346737
"PFN1","Bin_20",0.936672268339293,20,25.3324610396382,2,0.668439401346737
"MRPL9","Bin_1",-1.02519092605602,1,0.649550283067647,2,0.700864212875266
"MRPL9","Bin_2",-1.17865712319123,2,1.94865084920294,2,0.700864212875266
"MRPL9","Bin_3",-1.23118820551731,3,3.24775141533823,2,0.700864212875266
"MRPL9","Bin_4",-1.09589318744197,4,4.54685198147353,2,0.700864212875266
"MRPL9","Bin_5",-1.37050838201165,5,5.84595254760882,2,0.700864212875266
"MRPL9","Bin_6",-1.21847225794821,6,7.14505311374411,2,0.700864212875266
"MRPL9","Bin_7",-0.921076471439802,7,8.4441536798794,2,0.700864212875266
"MRPL9","Bin_8",-1.1423545025603,8,9.7432542460147,2,0.700864212875266
"MRPL9","Bin_9",0.991231322031951,9,11.04235481215,2,0.700864212875266
"MRPL9","Bin_10",1.21636245965741,10,12.3414553782853,2,0.700864212875266
"MRPL9","Bin_11",0.950363005819018,11,13.6405559444206,2,0.700864212875266
"MRPL9","Bin_12",0.608937783332861,12,14.9396565105559,2,0.700864212875266
"MRPL9","Bin_13",0.762601210387156,13,16.2387570766912,2,0.700864212875266
"MRPL9","Bin_14",0.382554314866493,14,17.5378576428265,2,0.700864212875266
"MRPL9","Bin_15",0.416783404239968,15,18.8369582089617,2,0.700864212875266
"MRPL9","Bin_16",0.389572784533248,16,20.136058775097,2,0.700864212875266
"MRPL9","Bin_17",0.415510979699946,17,21.4351593412323,2,0.700864212875266
"MRPL9","Bin_18",0.602519424625048,18,22.7342599073676,2,0.700864212875266
"MRPL9","Bin_19",1.16093976480865,19,24.0333604735029,2,0.700864212875266
"MRPL9","Bin_20",1.28596460216475,20,25.3324610396382,2,0.700864212875266
"IGHA1","Bin_1",0.991689384718992,1,0.649550283067647,1,0.637632003776818
"IGHA1","Bin_2",1.72931039085149,2,1.94865084920294,1,0.637632003776818
"IGHA1","Bin_3",1.84289891037685,3,3.24775141533823,1,0.637632003776818
"IGHA1","Bin_4",2.78247940057152,4,4.54685198147353,1,0.637632003776818
"IGHA1","Bin_5",0.135557534667242,5,5.84595254760882,1,0.637632003776818
"IGHA1","Bin_6",-0.524359494470416,6,7.14505311374411,1,0.637632003776818
"IGHA1","Bin_7",-0.140902698600274,7,8.4441536798794,1,0.637632003776818
"IGHA1","Bin_8",-0.524359494470416,8,9.7432542460147,1,0.637632003776818
"IGHA1","Bin_9",-0.524359494470416,9,11.04235481215,1,0.637632003776818
"IGHA1","Bin_10",-0.524359494470416,10,12.3414553782853,1,0.637632003776818
"IGHA1","Bin_11",-0.524359494470416,11,13.6405559444206,1,0.637632003776818
"IGHA1","Bin_12",-0.524359494470416,12,14.9396565105559,1,0.637632003776818
"IGHA1","Bin_13",-0.524359494470416,13,16.2387570766912,1,0.637632003776818
"IGHA1","Bin_14",-0.524359494470416,14,17.5378576428265,1,0.637632003776818
"IGHA1","Bin_15",-0.524359494470416,15,18.8369582089617,1,0.637632003776818
"IGHA1","Bin_16",-0.524359494470416,16,20.136058775097,1,0.637632003776818
"IGHA1","Bin_17",-0.524359494470416,17,21.4351593412323,1,0.637632003776818
"IGHA1","Bin_18",-0.524359494470416,18,22.7342599073676,1,0.637632003776818
"IGHA1","Bin_19",-0.524359494470416,19,24.0333604735029,1,0.637632003776818
"IGHA1","Bin_20",-0.524359494470416,20,25.3324610396382,1,0.637632003776818
"TUBA1B","Bin_1",-1.50145310029289,1,0.649550283067647,2,0.650720609658288
"TUBA1B","Bin_2",-1.32296899554004,2,1.94865084920294,2,0.650720609658288
"TUBA1B","Bin_3",-1.19593780312151,3,3.24775141533823,2,0.650720609658288
"TUBA1B","Bin_4",-0.872573449045341,4,4.54685198147353,2,0.650720609658288
"TUBA1B","Bin_5",-1.3837302416776,5,5.84595254760882,2,0.650720609658288
"TUBA1B","Bin_6",-1.37415443355749,6,7.14505311374411,2,0.650720609658288
"TUBA1B","Bin_7",-1.09102037907467,7,8.4441536798794,2,0.650720609658288
"TUBA1B","Bin_8",0.500876736404152,8,9.7432542460147,2,0.650720609658288
"TUBA1B","Bin_9",0.70740910370362,9,11.04235481215,2,0.650720609658288
"TUBA1B","Bin_10",0.988412571894632,10,12.3414553782853,2,0.650720609658288
"TUBA1B","Bin_11",1.31623374164045,11,13.6405559444206,2,0.650720609658288
"TUBA1B","Bin_12",0.356692181863413,12,14.9396565105559,2,0.650720609658288
"TUBA1B","Bin_13",0.569712787235965,13,16.2387570766912,2,0.650720609658288
"TUBA1B","Bin_14",0.301929455943134,14,17.5378576428265,2,0.650720609658288
"TUBA1B","Bin_15",0.119016777770014,15,18.8369582089617,2,0.650720609658288
"TUBA1B","Bin_16",0.612624273104616,16,20.136058775097,2,0.650720609658288
"TUBA1B","Bin_17",0.436138367000189,17,21.4351593412323,2,0.650720609658288
"TUBA1B","Bin_18",0.406400348027414,18,22.7342599073676,2,0.650720609658288
"TUBA1B","Bin_19",0.97012720550554,19,24.0333604735029,2,0.650720609658288
"TUBA1B","Bin_20",1.45626485221641,20,25.3324610396382,2,0.650720609658288
"SDC1","Bin_1",-0.519479626367609,1,0.649550283067647,2,0.665529963754534
"SDC1","Bin_2",-1.00585602761759,2,1.94865084920294,2,0.665529963754534
"SDC1","Bin_3",-1.17388178576683,3,3.24775141533823,2,0.665529963754534
"SDC1","Bin_4",-1.39722772047307,4,4.54685198147353,2,0.665529963754534
"SDC1","Bin_5",-1.595819002737,5,5.84595254760882,2,0.665529963754534
"SDC1","Bin_6",-1.73221712950814,6,7.14505311374411,2,0.665529963754534
"SDC1","Bin_7",-0.444934901949796,7,8.4441536798794,2,0.665529963754534
"SDC1","Bin_8",-0.197618964851728,8,9.7432542460147,2,0.665529963754534
"SDC1","Bin_9",0.572114234813651,9,11.04235481215,2,0.665529963754534
"SDC1","Bin_10",1.44598896431474,10,12.3414553782853,2,0.665529963754534
"SDC1","Bin_11",0.91443488004714,11,13.6405559444206,2,0.665529963754534
"SDC1","Bin_12",0.608474356105762,12,14.9396565105559,2,0.665529963754534
"SDC1","Bin_13",0.00533818571887013,13,16.2387570766912,2,0.665529963754534
"SDC1","Bin_14",-0.257946815844329,14,17.5378576428265,2,0.665529963754534
"SDC1","Bin_15",0.086600392505928,15,18.8369582089617,2,0.665529963754534
"SDC1","Bin_16",0.400071870324284,16,20.136058775097,2,0.665529963754534
"SDC1","Bin_17",1.05982752199714,17,21.4351593412323,2,0.665529963754534
"SDC1","Bin_18",0.959550073857907,18,22.7342599073676,2,0.665529963754534
"SDC1","Bin_19",1.38009273391616,19,24.0333604735029,2,0.665529963754534
"SDC1","Bin_20",0.892488761514517,20,25.3324610396382,2,0.665529963754534
"GMPR","Bin_1",-0.615822268885891,1,0.649550283067647,2,0.555170493209659
"GMPR","Bin_2",-0.760533162787201,2,1.94865084920294,2,0.555170493209659
"GMPR","Bin_3",-0.883985988218781,3,3.24775141533823,2,0.555170493209659
"GMPR","Bin_4",-0.991264544881203,4,4.54685198147353,2,0.555170493209659
"GMPR","Bin_5",-1.04678766634725,5,5.84595254760882,2,0.555170493209659
"GMPR","Bin_6",-1.10173490409191,6,7.14505311374411,2,0.555170493209659
"GMPR","Bin_7",-0.105045403819319,7,8.4441536798794,2,0.555170493209659
"GMPR","Bin_8",-1.10173490409191,8,9.7432542460147,2,0.555170493209659
"GMPR","Bin_9",-0.504423757097236,9,11.04235481215,2,0.555170493209659
"GMPR","Bin_10",-0.184225424793179,10,12.3414553782853,2,0.555170493209659
"GMPR","Bin_11",0.147479483637597,11,13.6405559444206,2,0.555170493209659
"GMPR","Bin_12",-0.096573572947908,12,14.9396565105559,2,0.555170493209659
"GMPR","Bin_13",-0.0846454306534301,13,16.2387570766912,2,0.555170493209659
"GMPR","Bin_14",0.255941988882692,14,17.5378576428265,2,0.555170493209659
"GMPR","Bin_15",0.432268673829097,15,18.8369582089617,2,0.555170493209659
"GMPR","Bin_16",-0.0205274442629978,16,20.136058775097,2,0.555170493209659
"GMPR","Bin_17",0.995534909135118,17,21.4351593412323,2,0.555170493209659
"GMPR","Bin_18",1.37714032184587,18,22.7342599073676,2,0.555170493209659
"GMPR","Bin_19",1.94526508101346,19,24.0333604735029,2,0.555170493209659
"GMPR","Bin_20",2.34367401453438,20,25.3324610396382,2,0.555170493209659
"EIF3L","Bin_1",0.165020327301363,1,0.649550283067647,2,0.593042964686257
"EIF3L","Bin_2",-0.519229295306999,2,1.94865084920294,2,0.593042964686257
"EIF3L","Bin_3",-0.545239076164538,3,3.24775141533823,2,0.593042964686257
"EIF3L","Bin_4",-1.26478665676143,4,4.54685198147353,2,0.593042964686257
"EIF3L","Bin_5",-0.878565199939276,5,5.84595254760882,2,0.593042964686257
"EIF3L","Bin_6",-2.49869714344091,6,7.14505311374411,2,0.593042964686257
"EIF3L","Bin_7",-1.44719324023882,7,8.4441536798794,2,0.593042964686257
"EIF3L","Bin_8",-1.01497895158338,8,9.7432542460147,2,0.593042964686257
"EIF3L","Bin_9",0.055220194506749,9,11.04235481215,2,0.593042964686257
"EIF3L","Bin_10",0.279215401940313,10,12.3414553782853,2,0.593042964686257
"EIF3L","Bin_11",0.235262796594763,11,13.6405559444206,2,0.593042964686257
"EIF3L","Bin_12",0.692858579196166,12,14.9396565105559,2,0.593042964686257
"EIF3L","Bin_13",0.645729199041464,13,16.2387570766912,2,0.593042964686257
"EIF3L","Bin_14",1.02914409580959,14,17.5378576428265,2,0.593042964686257
"EIF3L","Bin_15",0.525152840241017,15,18.8369582089617,2,0.593042964686257
"EIF3L","Bin_16",0.5558821714731,16,20.136058775097,2,0.593042964686257
"EIF3L","Bin_17",0.88977451772131,17,21.4351593412323,2,0.593042964686257
"EIF3L","Bin_18",1.06893883616343,18,22.7342599073676,2,0.593042964686257
"EIF3L","Bin_19",1.0388982067101,19,24.0333604735029,2,0.593042964686257
"EIF3L","Bin_20",0.987592396735985,20,25.3324610396382,2,0.593042964686257
"RPL37","Bin_1",0.738919384552229,1,0.649550283067647,1,0.311471803166893
"RPL37","Bin_2",1.14408902827215,2,1.94865084920294,1,0.311471803166893
"RPL37","Bin_3",1.40653442524432,3,3.24775141533823,1,0.311471803166893
"RPL37","Bin_4",0.656553014276792,4,4.54685198147353,1,0.311471803166893
"RPL37","Bin_5",0.949984075122802,5,5.84595254760882,1,0.311471803166893
"RPL37","Bin_6",-3.35452018132039,6,7.14505311374411,1,0.311471803166893
"RPL37","Bin_7",-1.08653929399198,7,8.4441536798794,1,0.311471803166893
"RPL37","Bin_8",-0.901335672474293,8,9.7432542460147,1,0.311471803166893
"RPL37","Bin_9",-0.00679648637580847,9,11.04235481215,1,0.311471803166893
"RPL37","Bin_10",-0.0959618020597054,10,12.3414553782853,1,0.311471803166893
"RPL37","Bin_11",-0.0894815625188821,11,13.6405559444206,1,0.311471803166893
"RPL37","Bin_12",0.155973534227576,12,14.9396565105559,1,0.311471803166893
"RPL37","Bin_13",0.313596387838108,13,16.2387570766912,1,0.311471803166893
"RPL37","Bin_14",0.442887405849196,14,17.5378576428265,1,0.311471803166893
"RPL37","Bin_15",0.285733179976375,15,18.8369582089617,1,0.311471803166893
"RPL37","Bin_16",0.074972621951508,16,20.136058775097,1,0.311471803166893
"RPL37","Bin_17",-0.134705283738098,17,21.4351593412323,1,0.311471803166893
"RPL37","Bin_18",0.0244008695442016,18,22.7342599073676,1,0.311471803166893
"RPL37","Bin_19",-0.199404116341821,19,24.0333604735029,1,0.311471803166893
"RPL37","Bin_20",-0.324899528034283,20,25.3324610396382,1,0.311471803166893
"MRPL14","Bin_1",-1.02168691419857,1,0.649550283067647,2,0.665241804241729
"MRPL14","Bin_2",-1.15410869610491,2,1.94865084920294,2,0.665241804241729
"MRPL14","Bin_3",-1.16019849718611,3,3.24775141533823,2,0.665241804241729
"MRPL14","Bin_4",-0.429671146183382,4,4.54685198147353,2,0.665241804241729
"MRPL14","Bin_5",-0.657198446048924,5,5.84595254760882,2,0.665241804241729
"MRPL14","Bin_6",-1.56420720435497,6,7.14505311374411,2,0.665241804241729
"MRPL14","Bin_7",-1.45170510911614,7,8.4441536798794,2,0.665241804241729
"MRPL14","Bin_8",-1.63992342173651,8,9.7432542460147,2,0.665241804241729
"MRPL14","Bin_9",0.687471479941503,9,11.04235481215,2,0.665241804241729
"MRPL14","Bin_10",0.863222170667977,10,12.3414553782853,2,0.665241804241729
"MRPL14","Bin_11",0.846586865839152,11,13.6405559444206,2,0.665241804241729
"MRPL14","Bin_12",0.538618380263075,12,14.9396565105559,2,0.665241804241729
"MRPL14","Bin_13",0.623459945160384,13,16.2387570766912,2,0.665241804241729
"MRPL14","Bin_14",0.39482541487758,14,17.5378576428265,2,0.665241804241729
"MRPL14","Bin_15",0.543347956095547,15,18.8369582089617,2,0.665241804241729
"MRPL14","Bin_16",0.695810688472181,16,20.136058775097,2,0.665241804241729
"MRPL14","Bin_17",0.825387434609092,17,21.4351593412323,2,0.665241804241729
"MRPL14","Bin_18",0.81421811477897,18,22.7342599073676,2,0.665241804241729
"MRPL14","Bin_19",1.08051551886324,19,24.0333604735029,2,0.665241804241729
"MRPL14","Bin_20",1.16523546536082,20,25.3324610396382,2,0.665241804241729
"MAP1LC3B","Bin_1",-0.459029003249659,1,0.649550283067647,2,0.632646993740841
"MAP1LC3B","Bin_2",-0.407385433272132,2,1.94865084920294,2,0.632646993740841
"MAP1LC3B","Bin_3",-0.628291129674148,3,3.24775141533823,2,0.632646993740841
"MAP1LC3B","Bin_4",-1.29541748863034,4,4.54685198147353,2,0.632646993740841
"MAP1LC3B","Bin_5",-1.78901597597466,5,5.84595254760882,2,0.632646993740841
"MAP1LC3B","Bin_6",-1.13328896221454,6,7.14505311374411,2,0.632646993740841
"MAP1LC3B","Bin_7",-1.07202827405945,7,8.4441536798794,2,0.632646993740841
"MAP1LC3B","Bin_8",-1.27323654126675,8,9.7432542460147,2,0.632646993740841
"MAP1LC3B","Bin_9",0.25800132222413,9,11.04235481215,2,0.632646993740841
"MAP1LC3B","Bin_10",0.307985329280162,10,12.3414553782853,2,0.632646993740841
"MAP1LC3B","Bin_11",0.485690912469968,11,13.6405559444206,2,0.632646993740841
"MAP1LC3B","Bin_12",0.391158813806325,12,14.9396565105559,2,0.632646993740841
"MAP1LC3B","Bin_13",-0.0936207587128637,13,16.2387570766912,2,0.632646993740841
"MAP1LC3B","Bin_14",-0.0105084270191662,14,17.5378576428265,2,0.632646993740841
"MAP1LC3B","Bin_15",0.466820101511716,15,18.8369582089617,2,0.632646993740841
"MAP1LC3B","Bin_16",0.573959043898236,16,20.136058775097,2,0.632646993740841
"MAP1LC3B","Bin_17",1.46924115386005,17,21.4351593412323,2,0.632646993740841
"MAP1LC3B","Bin_18",1.15444524765998,18,22.7342599073676,2,0.632646993740841
"MAP1LC3B","Bin_19",1.40043395370578,19,24.0333604735029,2,0.632646993740841
"MAP1LC3B","Bin_20",1.65408611565736,20,25.3324610396382,2,0.632646993740841
"ATG101","Bin_1",-0.773103548377571,1,0.649550283067647,2,0.702643883692769
"ATG101","Bin_2",-0.87698817811783,2,1.94865084920294,2,0.702643883692769
"ATG101","Bin_3",-1.1057320872207,3,3.24775141533823,2,0.702643883692769
"ATG101","Bin_4",-0.960306335831927,4,4.54685198147353,2,0.702643883692769
"ATG101","Bin_5",-1.35254558300436,5,5.84595254760882,2,0.702643883692769
"ATG101","Bin_6",-1.85380816515937,6,7.14505311374411,2,0.702643883692769
"ATG101","Bin_7",-0.901841457968966,7,8.4441536798794,2,0.702643883692769
"ATG101","Bin_8",-0.793915726506439,8,9.7432542460147,2,0.702643883692769
"ATG101","Bin_9",0.144227219674051,9,11.04235481215,2,0.702643883692769
"ATG101","Bin_10",0.449481974778461,10,12.3414553782853,2,0.702643883692769
"ATG101","Bin_11",0.838601493021996,11,13.6405559444206,2,0.702643883692769
"ATG101","Bin_12",0.413475103760782,12,14.9396565105559,2,0.702643883692769
"ATG101","Bin_13",0.521809944895977,13,16.2387570766912,2,0.702643883692769
"ATG101","Bin_14",0.198515575824183,14,17.5378576428265,2,0.702643883692769
"ATG101","Bin_15",0.500833043113902,15,18.8369582089617,2,0.702643883692769
"ATG101","Bin_16",0.413804405686557,16,20.136058775097,2,0.702643883692769
"ATG101","Bin_17",1.483063048179,17,21.4351593412323,2,0.702643883692769
"ATG101","Bin_18",0.853887380315225,18,22.7342599073676,2,0.702643883692769
"ATG101","Bin_19",1.17909474948731,19,24.0333604735029,2,0.702643883692769
"ATG101","Bin_20",1.62144714344972,20,25.3324610396382,2,0.702643883692769
"IDH2","Bin_1",-1.04880285282306,1,0.649550283067647,2,0.695858818287572
"IDH2","Bin_2",-1.32320801466731,2,1.94865084920294,2,0.695858818287572
"IDH2","Bin_3",-1.48407916091497,3,3.24775141533823,2,0.695858818287572
"IDH2","Bin_4",-0.767164033174759,4,4.54685198147353,2,0.695858818287572
"IDH2","Bin_5",-1.01136712795983,5,5.84595254760882,2,0.695858818287572
"IDH2","Bin_6",-1.65137000553728,6,7.14505311374411,2,0.695858818287572
"IDH2","Bin_7",-1.26544837810158,7,8.4441536798794,2,0.695858818287572
"IDH2","Bin_8",-0.582683461582055,8,9.7432542460147,2,0.695858818287572
"IDH2","Bin_9",0.188923989588891,9,11.04235481215,2,0.695858818287572
"IDH2","Bin_10",0.647420341939846,10,12.3414553782853,2,0.695858818287572
"IDH2","Bin_11",1.05304030783946,11,13.6405559444206,2,0.695858818287572
"IDH2","Bin_12",0.601548795942192,12,14.9396565105559,2,0.695858818287572
"IDH2","Bin_13",0.590217767871384,13,16.2387570766912,2,0.695858818287572
"IDH2","Bin_14",0.95606314364297,14,17.5378576428265,2,0.695858818287572
"IDH2","Bin_15",0.772424235166586,15,18.8369582089617,2,0.695858818287572
"IDH2","Bin_16",1.10935457704847,16,20.136058775097,2,0.695858818287572
"IDH2","Bin_17",0.618203139144546,17,21.4351593412323,2,0.695858818287572
"IDH2","Bin_18",0.745162820043013,18,22.7342599073676,2,0.695858818287572
"IDH2","Bin_19",0.931232044505418,19,24.0333604735029,2,0.695858818287572
"IDH2","Bin_20",0.920531872028069,20,25.3324610396382,2,0.695858818287572
"PPP2R1A","Bin_1",-0.664804302245645,1,0.649550283067647,2,0.682247909839199
"PPP2R1A","Bin_2",-1.17262972810111,2,1.94865084920294,2,0.682247909839199
"PPP2R1A","Bin_3",-1.18658824532105,3,3.24775141533823,2,0.682247909839199
"PPP2R1A","Bin_4",-1.33371053166487,4,4.54685198147353,2,0.682247909839199
"PPP2R1A","Bin_5",-1.69878045649937,5,5.84595254760882,2,0.682247909839199
"PPP2R1A","Bin_6",-1.51612164977713,6,7.14505311374411,2,0.682247909839199
"PPP2R1A","Bin_7",-0.837349312825097,7,8.4441536798794,2,0.682247909839199
"PPP2R1A","Bin_8",-0.795003358236817,8,9.7432542460147,2,0.682247909839199
"PPP2R1A","Bin_9",0.752313737033366,9,11.04235481215,2,0.682247909839199
"PPP2R1A","Bin_10",0.812257063983592,10,12.3414553782853,2,0.682247909839199
"PPP2R1A","Bin_11",1.10880141827714,11,13.6405559444206,2,0.682247909839199
"PPP2R1A","Bin_12",0.686560322615576,12,14.9396565105559,2,0.682247909839199
"PPP2R1A","Bin_13",1.02312377893751,13,16.2387570766912,2,0.682247909839199
"PPP2R1A","Bin_14",0.786209279270827,14,17.5378576428265,2,0.682247909839199
"PPP2R1A","Bin_15",0.667447449480922,15,18.8369582089617,2,0.682247909839199
"PPP2R1A","Bin_16",1.03261001672566,16,20.136058775097,2,0.682247909839199
"PPP2R1A","Bin_17",0.538041519397013,17,21.4351593412323,2,0.682247909839199
"PPP2R1A","Bin_18",0.534354104364245,18,22.7342599073676,2,0.682247909839199
"PPP2R1A","Bin_19",0.597224635937518,19,24.0333604735029,2,0.682247909839199
"PPP2R1A","Bin_20",0.66604425864773,20,25.3324610396382,2,0.682247909839199
"TMEM134","Bin_1",-0.315178211954884,1,0.649550283067647,2,0.673559794975203
"TMEM134","Bin_2",-0.765525679927561,2,1.94865084920294,2,0.673559794975203
"TMEM134","Bin_3",-0.77498234268131,3,3.24775141533823,2,0.673559794975203
"TMEM134","Bin_4",-1.03165053503013,4,4.54685198147353,2,0.673559794975203
"TMEM134","Bin_5",-1.40678474355292,5,5.84595254760882,2,0.673559794975203
"TMEM134","Bin_6",-1.82625145034367,6,7.14505311374411,2,0.673559794975203
"TMEM134","Bin_7",-1.2169146822489,7,8.4441536798794,2,0.673559794975203
"TMEM134","Bin_8",-1.07839446948745,8,9.7432542460147,2,0.673559794975203
"TMEM134","Bin_9",-0.174192947261962,9,11.04235481215,2,0.673559794975203
"TMEM134","Bin_10",0.531072540632266,10,12.3414553782853,2,0.673559794975203
"TMEM134","Bin_11",0.643604121245004,11,13.6405559444206,2,0.673559794975203
"TMEM134","Bin_12",0.502216157835447,12,14.9396565105559,2,0.673559794975203
"TMEM134","Bin_13",0.162726691086104,13,16.2387570766912,2,0.673559794975203
"TMEM134","Bin_14",0.279331011343376,14,17.5378576428265,2,0.673559794975203
"TMEM134","Bin_15",0.617901157291977,15,18.8369582089617,2,0.673559794975203
"TMEM134","Bin_16",0.651757789413939,16,20.136058775097,2,0.673559794975203
"TMEM134","Bin_17",1.46174708189731,17,21.4351593412323,2,0.673559794975203
"TMEM134","Bin_18",1.2225839698557,18,22.7342599073676,2,0.673559794975203
"TMEM134","Bin_19",1.22066003248728,19,24.0333604735029,2,0.673559794975203
"TMEM134","Bin_20",1.29627450940039,20,25.3324610396382,2,0.673559794975203
"EBPL","Bin_1",-0.244569864247635,1,0.649550283067647,2,0.700163956954407
"EBPL","Bin_2",-0.834777496412004,2,1.94865084920294,2,0.700163956954407
"EBPL","Bin_3",-1.0661441007541,3,3.24775141533823,2,0.700163956954407
"EBPL","Bin_4",-1.02655127356281,4,4.54685198147353,2,0.700163956954407
"EBPL","Bin_5",-1.32467607611621,5,5.84595254760882,2,0.700163956954407
"EBPL","Bin_6",-1.8663692698482,6,7.14505311374411,2,0.700163956954407
"EBPL","Bin_7",-1.25324631259518,7,8.4441536798794,2,0.700163956954407
"EBPL","Bin_8",-1.24350060750119,8,9.7432542460147,2,0.700163956954407
"EBPL","Bin_9",0.378730236807238,9,11.04235481215,2,0.700163956954407
"EBPL","Bin_10",0.85319236607151,10,12.3414553782853,2,0.700163956954407
"EBPL","Bin_11",0.588382082268906,11,13.6405559444206,2,0.700163956954407
"EBPL","Bin_12",0.700401714729053,12,14.9396565105559,2,0.700163956954407
"EBPL","Bin_13",0.623428314776183,13,16.2387570766912,2,0.700163956954407
"EBPL","Bin_14",0.455007371830288,14,17.5378576428265,2,0.700163956954407
"EBPL","Bin_15",0.618019339521799,15,18.8369582089617,2,0.700163956954407
"EBPL","Bin_16",0.382126433243043,16,20.136058775097,2,0.700163956954407
"EBPL","Bin_17",0.677025085724079,17,21.4351593412323,2,0.700163956954407
"EBPL","Bin_18",0.925888111937096,18,22.7342599073676,2,0.700163956954407
"EBPL","Bin_19",1.42604487590133,19,24.0333604735029,2,0.700163956954407
"EBPL","Bin_20",1.23158906822681,20,25.3324610396382,2,0.700163956954407
"RAB5IF","Bin_1",-0.947932639867924,1,0.649550283067647,2,0.675953167417018
"RAB5IF","Bin_2",-1.18253743006042,2,1.94865084920294,2,0.675953167417018
"RAB5IF","Bin_3",-1.52966012613566,3,3.24775141533823,2,0.675953167417018
"RAB5IF","Bin_4",-1.01616277411813,4,4.54685198147353,2,0.675953167417018
"RAB5IF","Bin_5",-1.36905909079555,5,5.84595254760882,2,0.675953167417018
"RAB5IF","Bin_6",-0.496241882426339,6,7.14505311374411,2,0.675953167417018
"RAB5IF","Bin_7",-1.47260347262549,7,8.4441536798794,2,0.675953167417018
"RAB5IF","Bin_8",-0.97440248365294,8,9.7432542460147,2,0.675953167417018
"RAB5IF","Bin_9",0.712022867941315,9,11.04235481215,2,0.675953167417018
"RAB5IF","Bin_10",1.44006338714056,10,12.3414553782853,2,0.675953167417018
"RAB5IF","Bin_11",0.996796176106131,11,13.6405559444206,2,0.675953167417018
"RAB5IF","Bin_12",0.637570801901112,12,14.9396565105559,2,0.675953167417018
"RAB5IF","Bin_13",0.484630422338265,13,16.2387570766912,2,0.675953167417018
"RAB5IF","Bin_14",0.208767654761352,14,17.5378576428265,2,0.675953167417018
"RAB5IF","Bin_15",0.405096475408264,15,18.8369582089617,2,0.675953167417018
"RAB5IF","Bin_16",0.534496320864127,16,20.136058775097,2,0.675953167417018
"RAB5IF","Bin_17",0.679618275701126,17,21.4351593412323,2,0.675953167417018
"RAB5IF","Bin_18",0.660147544165146,18,22.7342599073676,2,0.675953167417018
"RAB5IF","Bin_19",1.12238061533901,19,24.0333604735029,2,0.675953167417018
"RAB5IF","Bin_20",1.10700935801605,20,25.3324610396382,2,0.675953167417018
"LMAN1","Bin_1",-0.678414034963554,1,0.649550283067647,2,0.625576467690642
"LMAN1","Bin_2",-0.889043421510342,2,1.94865084920294,2,0.625576467690642
"LMAN1","Bin_3",-1.40010898720165,3,3.24775141533823,2,0.625576467690642
"LMAN1","Bin_4",-0.855919412205953,4,4.54685198147353,2,0.625576467690642
"LMAN1","Bin_5",-1.39881306593326,5,5.84595254760882,2,0.625576467690642
"LMAN1","Bin_6",-0.877284622956426,6,7.14505311374411,2,0.625576467690642
"LMAN1","Bin_7",-0.376069215147997,7,8.4441536798794,2,0.625576467690642
"LMAN1","Bin_8",-1.62444750163922,8,9.7432542460147,2,0.625576467690642
"LMAN1","Bin_9",-0.180777532252491,9,11.04235481215,2,0.625576467690642
"LMAN1","Bin_10",0.215473814394901,10,12.3414553782853,2,0.625576467690642
"LMAN1","Bin_11",0.296503485338221,11,13.6405559444206,2,0.625576467690642
"LMAN1","Bin_12",0.227056084530365,12,14.9396565105559,2,0.625576467690642
"LMAN1","Bin_13",0.089367795820328,13,16.2387570766912,2,0.625576467690642
"LMAN1","Bin_14",0.153246194389089,14,17.5378576428265,2,0.625576467690642
"LMAN1","Bin_15",0.745425650037874,15,18.8369582089617,2,0.625576467690642
"LMAN1","Bin_16",1.10657930348943,16,20.136058775097,2,0.625576467690642
"LMAN1","Bin_17",1.60061768196275,17,21.4351593412323,2,0.625576467690642
"LMAN1","Bin_18",1.33852312870904,18,22.7342599073676,2,0.625576467690642
"LMAN1","Bin_19",1.15206912791672,19,24.0333604735029,2,0.625576467690642
"LMAN1","Bin_20",1.35601552722219,20,25.3324610396382,2,0.625576467690642
"CCT5","Bin_1",-1.31406453929306,1,0.649550283067647,2,0.628990028647834
"CCT5","Bin_2",-1.47965845982898,2,1.94865084920294,2,0.628990028647834
"CCT5","Bin_3",-1.40568850315629,3,3.24775141533823,2,0.628990028647834
"CCT5","Bin_4",-0.81758371522926,4,4.54685198147353,2,0.628990028647834
"CCT5","Bin_5",-0.876377376678668,5,5.84595254760882,2,0.628990028647834
"CCT5","Bin_6",-0.547063332406549,6,7.14505311374411,2,0.628990028647834
"CCT5","Bin_7",-0.779537425354436,7,8.4441536798794,2,0.628990028647834
"CCT5","Bin_8",-1.30954810166126,8,9.7432542460147,2,0.628990028647834
"CCT5","Bin_9",1.16599826263764,9,11.04235481215,2,0.628990028647834
"CCT5","Bin_10",1.19596137251104,10,12.3414553782853,2,0.628990028647834
"CCT5","Bin_11",0.899719430107086,11,13.6405559444206,2,0.628990028647834
"CCT5","Bin_12",0.198987904321981,12,14.9396565105559,2,0.628990028647834
"CCT5","Bin_13",0.808518649318062,13,16.2387570766912,2,0.628990028647834
"CCT5","Bin_14",0.251468182532221,14,17.5378576428265,2,0.628990028647834
"CCT5","Bin_15",-0.0886113856498759,15,18.8369582089617,2,0.628990028647834
"CCT5","Bin_16",0.355855802782182,16,20.136058775097,2,0.628990028647834
"CCT5","Bin_17",0.188249296578848,17,21.4351593412323,2,0.628990028647834
"CCT5","Bin_18",0.737200371753835,18,22.7342599073676,2,0.628990028647834
"CCT5","Bin_19",1.49417326760932,19,24.0333604735029,2,0.628990028647834
"CCT5","Bin_20",1.32200029910618,20,25.3324610396382,2,0.628990028647834
"DGUOK","Bin_1",-0.79332782916335,1,0.649550283067647,2,0.679412015383929
"DGUOK","Bin_2",-1.09753904168769,2,1.94865084920294,2,0.679412015383929
"DGUOK","Bin_3",-1.28113296739035,3,3.24775141533823,2,0.679412015383929
"DGUOK","Bin_4",-0.63007431629743,4,4.54685198147353,2,0.679412015383929
"DGUOK","Bin_5",-0.998245954443488,5,5.84595254760882,2,0.679412015383929
"DGUOK","Bin_6",-1.01542047928145,6,7.14505311374411,2,0.679412015383929
"DGUOK","Bin_7",-1.6832624089437,7,8.4441536798794,2,0.679412015383929
"DGUOK","Bin_8",-1.36618017910294,8,9.7432542460147,2,0.679412015383929
"DGUOK","Bin_9",0.294725517658066,9,11.04235481215,2,0.679412015383929
"DGUOK","Bin_10",0.739235972953416,10,12.3414553782853,2,0.679412015383929
"DGUOK","Bin_11",0.622300422701012,11,13.6405559444206,2,0.679412015383929
"DGUOK","Bin_12",0.526068535999049,12,14.9396565105559,2,0.679412015383929
"DGUOK","Bin_13",0.544639960488561,13,16.2387570766912,2,0.679412015383929
"DGUOK","Bin_14",0.132440920747059,14,17.5378576428265,2,0.679412015383929
"DGUOK","Bin_15",0.651726297625587,15,18.8369582089617,2,0.679412015383929
"DGUOK","Bin_16",0.390313397675518,16,20.136058775097,2,0.679412015383929
"DGUOK","Bin_17",1.21251664103578,17,21.4351593412323,2,0.679412015383929
"DGUOK","Bin_18",1.07248087135116,18,22.7342599073676,2,0.679412015383929
"DGUOK","Bin_19",1.38134349916049,19,24.0333604735029,2,0.679412015383929
"DGUOK","Bin_20",1.2973911389147,20,25.3324610396382,2,0.679412015383929
"MRPS15","Bin_1",-0.730667617237592,1,0.649550283067647,2,0.668548070435102
"MRPS15","Bin_2",-1.28651722851858,2,1.94865084920294,2,0.668548070435102
"MRPS15","Bin_3",-1.49298922182977,3,3.24775141533823,2,0.668548070435102
"MRPS15","Bin_4",-1.07358041854739,4,4.54685198147353,2,0.668548070435102
"MRPS15","Bin_5",-1.24046110792757,5,5.84595254760882,2,0.668548070435102
"MRPS15","Bin_6",-1.04280913774632,6,7.14505311374411,2,0.668548070435102
"MRPS15","Bin_7",-1.00714172952085,7,8.4441536798794,2,0.668548070435102
"MRPS15","Bin_8",-1.00256921686867,8,9.7432542460147,2,0.668548070435102
"MRPS15","Bin_9",1.09946251307854,9,11.04235481215,2,0.668548070435102
"MRPS15","Bin_10",1.48367588956036,10,12.3414553782853,2,0.668548070435102
"MRPS15","Bin_11",1.00018203630854,11,13.6405559444206,2,0.668548070435102
"MRPS15","Bin_12",0.718277357697673,12,14.9396565105559,2,0.668548070435102
"MRPS15","Bin_13",0.76194954054152,13,16.2387570766912,2,0.668548070435102
"MRPS15","Bin_14",0.318434753145675,14,17.5378576428265,2,0.668548070435102
"MRPS15","Bin_15",0.200781774868113,15,18.8369582089617,2,0.668548070435102
"MRPS15","Bin_16",0.396731769106015,16,20.136058775097,2,0.668548070435102
"MRPS15","Bin_17",0.127719742350882,17,21.4351593412323,2,0.668548070435102
"MRPS15","Bin_18",0.40529928748985,18,22.7342599073676,2,0.668548070435102
"MRPS15","Bin_19",1.14815188331563,19,24.0333604735029,2,0.668548070435102
"MRPS15","Bin_20",1.21606913073395,20,25.3324610396382,2,0.668548070435102
"PTRHD1","Bin_1",-0.145894622207021,1,0.649550283067647,2,0.677463266475627
"PTRHD1","Bin_2",-0.59413175786635,2,1.94865084920294,2,0.677463266475627
"PTRHD1","Bin_3",-1.17114094886966,3,3.24775141533823,2,0.677463266475627
"PTRHD1","Bin_4",-1.36563608068476,4,4.54685198147353,2,0.677463266475627
"PTRHD1","Bin_5",-1.43834536595874,5,5.84595254760882,2,0.677463266475627
"PTRHD1","Bin_6",-1.75378890872103,6,7.14505311374411,2,0.677463266475627
"PTRHD1","Bin_7",-1.18887182267381,7,8.4441536798794,2,0.677463266475627
"PTRHD1","Bin_8",-1.24164854526557,8,9.7432542460147,2,0.677463266475627
"PTRHD1","Bin_9",0.397444288226597,9,11.04235481215,2,0.677463266475627
"PTRHD1","Bin_10",0.816772052823615,10,12.3414553782853,2,0.677463266475627
"PTRHD1","Bin_11",0.646464942049465,11,13.6405559444206,2,0.677463266475627
"PTRHD1","Bin_12",1.14368586683016,12,14.9396565105559,2,0.677463266475627
"PTRHD1","Bin_13",0.605021259927848,13,16.2387570766912,2,0.677463266475627
"PTRHD1","Bin_14",0.578748545840054,14,17.5378576428265,2,0.677463266475627
"PTRHD1","Bin_15",0.731132851597956,15,18.8369582089617,2,0.677463266475627
"PTRHD1","Bin_16",0.432155972410743,16,20.136058775097,2,0.677463266475627
"PTRHD1","Bin_17",0.536609291407008,17,21.4351593412323,2,0.677463266475627
"PTRHD1","Bin_18",0.944380937866334,18,22.7342599073676,2,0.677463266475627
"PTRHD1","Bin_19",1.03191187908478,19,24.0333604735029,2,0.677463266475627
"PTRHD1","Bin_20",1.03513016418239,20,25.3324610396382,2,0.677463266475627
"TMEM14B","Bin_1",-0.651962660035812,1,0.649550283067647,2,0.694329388699394
"TMEM14B","Bin_2",-1.18984610867464,2,1.94865084920294,2,0.694329388699394
"TMEM14B","Bin_3",-1.34588891471989,3,3.24775141533823,2,0.694329388699394
"TMEM14B","Bin_4",-0.720610872032592,4,4.54685198147353,2,0.694329388699394
"TMEM14B","Bin_5",-0.886811299446873,5,5.84595254760882,2,0.694329388699394
"TMEM14B","Bin_6",-1.92860808919599,6,7.14505311374411,2,0.694329388699394
"TMEM14B","Bin_7",-1.70937469102681,7,8.4441536798794,2,0.694329388699394
"TMEM14B","Bin_8",-0.608458323239722,8,9.7432542460147,2,0.694329388699394
"TMEM14B","Bin_9",0.570705727500163,9,11.04235481215,2,0.694329388699394
"TMEM14B","Bin_10",0.950225602805395,10,12.3414553782853,2,0.694329388699394
"TMEM14B","Bin_11",0.831221487840304,11,13.6405559444206,2,0.694329388699394
"TMEM14B","Bin_12",0.717404153623928,12,14.9396565105559,2,0.694329388699394
"TMEM14B","Bin_13",0.738911341971556,13,16.2387570766912,2,0.694329388699394
"TMEM14B","Bin_14",0.623123470564378,14,17.5378576428265,2,0.694329388699394
"TMEM14B","Bin_15",0.638822510955431,15,18.8369582089617,2,0.694329388699394
"TMEM14B","Bin_16",0.737891156697168,16,20.136058775097,2,0.694329388699394
"TMEM14B","Bin_17",0.56571485941492,17,21.4351593412323,2,0.694329388699394
"TMEM14B","Bin_18",0.833146920810293,18,22.7342599073676,2,0.694329388699394
"TMEM14B","Bin_19",0.996625633645462,19,24.0333604735029,2,0.694329388699394
"TMEM14B","Bin_20",0.837768092543338,20,25.3324610396382,2,0.694329388699394
"PIH1D1","Bin_1",-0.636454145557932,1,0.649550283067647,2,0.707477259201228
"PIH1D1","Bin_2",-1.35177356144521,2,1.94865084920294,2,0.707477259201228
"PIH1D1","Bin_3",-1.51280637200719,3,3.24775141533823,2,0.707477259201228
"PIH1D1","Bin_4",-1.29431837137843,4,4.54685198147353,2,0.707477259201228
"PIH1D1","Bin_5",-1.54789912590954,5,5.84595254760882,2,0.707477259201228
"PIH1D1","Bin_6",-0.807801356622123,6,7.14505311374411,2,0.707477259201228
"PIH1D1","Bin_7",-1.38185278457236,7,8.4441536798794,2,0.707477259201228
"PIH1D1","Bin_8",-0.443742128372248,8,9.7432542460147,2,0.707477259201228
"PIH1D1","Bin_9",0.685595403622964,9,11.04235481215,2,0.707477259201228
"PIH1D1","Bin_10",0.852328657674672,10,12.3414553782853,2,0.707477259201228
"PIH1D1","Bin_11",1.05280462561037,11,13.6405559444206,2,0.707477259201228
"PIH1D1","Bin_12",0.502568373765339,12,14.9396565105559,2,0.707477259201228
"PIH1D1","Bin_13",0.649464986884291,13,16.2387570766912,2,0.707477259201228
"PIH1D1","Bin_14",0.276068661835201,14,17.5378576428265,2,0.707477259201228
"PIH1D1","Bin_15",0.454208926430457,15,18.8369582089617,2,0.707477259201228
"PIH1D1","Bin_16",0.612506533276918,16,20.136058775097,2,0.707477259201228
"PIH1D1","Bin_17",0.898084228613538,17,21.4351593412323,2,0.707477259201228
"PIH1D1","Bin_18",0.616490403359217,18,22.7342599073676,2,0.707477259201228
"PIH1D1","Bin_19",1.16267308444442,19,24.0333604735029,2,0.707477259201228
"PIH1D1","Bin_20",1.21385396034765,20,25.3324610396382,2,0.707477259201228
"PSMB9","Bin_1",1.73448483374961,1,0.649550283067647,1,0.609763652129933
"PSMB9","Bin_2",1.52105340886309,2,1.94865084920294,1,0.609763652129933
"PSMB9","Bin_3",1.20696348740875,3,3.24775141533823,1,0.609763652129933
"PSMB9","Bin_4",2.6879178918125,4,4.54685198147353,1,0.609763652129933
"PSMB9","Bin_5",0.62811357177836,5,5.84595254760882,1,0.609763652129933
"PSMB9","Bin_6",-0.614600703481538,6,7.14505311374411,1,0.609763652129933
"PSMB9","Bin_7",-0.614600703481538,7,8.4441536798794,1,0.609763652129933
"PSMB9","Bin_8",-0.614600703481538,8,9.7432542460147,1,0.609763652129933
"PSMB9","Bin_9",-0.614600703481538,9,11.04235481215,1,0.609763652129933
"PSMB9","Bin_10",-0.564287744781681,10,12.3414553782853,1,0.609763652129933
"PSMB9","Bin_11",0.186715930855094,11,13.6405559444206,1,0.609763652129933
"PSMB9","Bin_12",-0.499033447857558,12,14.9396565105559,1,0.609763652129933
"PSMB9","Bin_13",-0.607743644746232,13,16.2387570766912,1,0.609763652129933
"PSMB9","Bin_14",-0.600227029529665,14,17.5378576428265,1,0.609763652129933
"PSMB9","Bin_15",-0.59937417225693,15,18.8369582089617,1,0.609763652129933
"PSMB9","Bin_16",-0.501225921785138,16,20.136058775097,1,0.609763652129933
"PSMB9","Bin_17",-0.463799470777953,17,21.4351593412323,1,0.609763652129933
"PSMB9","Bin_18",-0.589837342511383,18,22.7342599073676,1,0.609763652129933
"PSMB9","Bin_19",-0.560296785444465,19,24.0333604735029,1,0.609763652129933
"PSMB9","Bin_20",-0.521020750850253,20,25.3324610396382,1,0.609763652129933
"CCT2","Bin_1",-0.684229340125047,1,0.649550283067647,2,0.687473402111582
"CCT2","Bin_2",-0.930473697897566,2,1.94865084920294,2,0.687473402111582
"CCT2","Bin_3",-1.04570181490034,3,3.24775141533823,2,0.687473402111582
"CCT2","Bin_4",-1.04223910398989,4,4.54685198147353,2,0.687473402111582
"CCT2","Bin_5",-1.14371669302661,5,5.84595254760882,2,0.687473402111582
"CCT2","Bin_6",-1.84452777121062,6,7.14505311374411,2,0.687473402111582
"CCT2","Bin_7",-1.15208944851771,7,8.4441536798794,2,0.687473402111582
"CCT2","Bin_8",-0.955470792099243,8,9.7432542460147,2,0.687473402111582
"CCT2","Bin_9",0.614295974409436,9,11.04235481215,2,0.687473402111582
"CCT2","Bin_10",1.18112953275248,10,12.3414553782853,2,0.687473402111582
"CCT2","Bin_11",0.882952228146418,11,13.6405559444206,2,0.687473402111582
"CCT2","Bin_12",0.31478135370652,12,14.9396565105559,2,0.687473402111582
"CCT2","Bin_13",0.951623512752189,13,16.2387570766912,2,0.687473402111582
"CCT2","Bin_14",0.578991876853996,14,17.5378576428265,2,0.687473402111582
"CCT2","Bin_15",0.215030226869468,15,18.8369582089617,2,0.687473402111582
"CCT2","Bin_16",0.335940807845816,16,20.136058775097,2,0.687473402111582
"CCT2","Bin_17",0.185480099387491,17,21.4351593412323,2,0.687473402111582
"CCT2","Bin_18",0.80674007889482,18,22.7342599073676,2,0.687473402111582
"CCT2","Bin_19",1.55138301289241,19,24.0333604735029,2,0.687473402111582
"CCT2","Bin_20",1.18009995725598,20,25.3324610396382,2,0.687473402111582
"TIMP1","Bin_1",2.67420114563948,1,0.649550283067647,1,0.563761472164139
"TIMP1","Bin_2",2.50943303301354,2,1.94865084920294,1,0.563761472164139
"TIMP1","Bin_3",1.50099595758328,3,3.24775141533823,1,0.563761472164139
"TIMP1","Bin_4",0.366519796238163,4,4.54685198147353,1,0.563761472164139
"TIMP1","Bin_5",-0.26321414708259,5,5.84595254760882,1,0.563761472164139
"TIMP1","Bin_6",-0.502557755765743,6,7.14505311374411,1,0.563761472164139
"TIMP1","Bin_7",-0.38380834292758,7,8.4441536798794,1,0.563761472164139
"TIMP1","Bin_8",-0.502557755765743,8,9.7432542460147,1,0.563761472164139
"TIMP1","Bin_9",-0.488495997736572,9,11.04235481215,1,0.563761472164139
"TIMP1","Bin_10",-0.471196335956686,10,12.3414553782853,1,0.563761472164139
"TIMP1","Bin_11",-0.462186903885308,11,13.6405559444206,1,0.563761472164139
"TIMP1","Bin_12",-0.486085003807309,12,14.9396565105559,1,0.563761472164139
"TIMP1","Bin_13",-0.483052318614327,13,16.2387570766912,1,0.563761472164139
"TIMP1","Bin_14",-0.455143134224451,14,17.5378576428265,1,0.563761472164139
"TIMP1","Bin_15",-0.437159831255758,15,18.8369582089617,1,0.563761472164139
"TIMP1","Bin_16",-0.380500836308845,16,20.136058775097,1,0.563761472164139
"TIMP1","Bin_17",-0.428006876962726,17,21.4351593412323,1,0.563761472164139
"TIMP1","Bin_18",-0.444889571868492,18,22.7342599073676,1,0.563761472164139
"TIMP1","Bin_19",-0.466659290743486,19,24.0333604735029,1,0.563761472164139
"TIMP1","Bin_20",-0.39563582956885,20,25.3324610396382,1,0.563761472164139
"NCBP2-AS2","Bin_1",-1.22673779033641,1,0.649550283067647,2,0.694545564860616
"NCBP2-AS2","Bin_2",-1.4678023170866,2,1.94865084920294,2,0.694545564860616
"NCBP2-AS2","Bin_3",-1.35095021697186,3,3.24775141533823,2,0.694545564860616
"NCBP2-AS2","Bin_4",-1.14704830829386,4,4.54685198147353,2,0.694545564860616
"NCBP2-AS2","Bin_5",-1.33894371033686,5,5.84595254760882,2,0.694545564860616
"NCBP2-AS2","Bin_6",-1.27598915696402,6,7.14505311374411,2,0.694545564860616
"NCBP2-AS2","Bin_7",-0.616024634212361,7,8.4441536798794,2,0.694545564860616
"NCBP2-AS2","Bin_8",-0.57031567474425,8,9.7432542460147,2,0.694545564860616
"NCBP2-AS2","Bin_9",1.02332556637707,9,11.04235481215,2,0.694545564860616
"NCBP2-AS2","Bin_10",1.36486075919145,10,12.3414553782853,2,0.694545564860616
"NCBP2-AS2","Bin_11",0.963648650352775,11,13.6405559444206,2,0.694545564860616
"NCBP2-AS2","Bin_12",0.626136436915536,12,14.9396565105559,2,0.694545564860616
"NCBP2-AS2","Bin_13",0.770212739177704,13,16.2387570766912,2,0.694545564860616
"NCBP2-AS2","Bin_14",0.297299505072645,14,17.5378576428265,2,0.694545564860616
"NCBP2-AS2","Bin_15",0.301769734568684,15,18.8369582089617,2,0.694545564860616
"NCBP2-AS2","Bin_16",0.458101189887091,16,20.136058775097,2,0.694545564860616
"NCBP2-AS2","Bin_17",0.433358705077289,17,21.4351593412323,2,0.694545564860616
"NCBP2-AS2","Bin_18",0.619847496921143,18,22.7342599073676,2,0.694545564860616
"NCBP2-AS2","Bin_19",1.13588376892314,19,24.0333604735029,2,0.694545564860616
"NCBP2-AS2","Bin_20",0.999367256481699,20,25.3324610396382,2,0.694545564860616
"AL139393.2","Bin_1",-0.550479398022116,1,0.649550283067647,2,0.39221306091508
"AL139393.2","Bin_2",-0.467571004167417,2,1.94865084920294,2,0.39221306091508
"AL139393.2","Bin_3",-0.460640998518893,3,3.24775141533823,2,0.39221306091508
"AL139393.2","Bin_4",-0.53751202003511,4,4.54685198147353,2,0.39221306091508
"AL139393.2","Bin_5",-0.582121485664738,5,5.84595254760882,2,0.39221306091508
"AL139393.2","Bin_6",-0.582121485664738,6,7.14505311374411,2,0.39221306091508
"AL139393.2","Bin_7",-0.582121485664738,7,8.4441536798794,2,0.39221306091508
"AL139393.2","Bin_8",-0.582121485664738,8,9.7432542460147,2,0.39221306091508
"AL139393.2","Bin_9",-0.250548869910058,9,11.04235481215,2,0.39221306091508
"AL139393.2","Bin_10",-0.316573014868332,10,12.3414553782853,2,0.39221306091508
"AL139393.2","Bin_11",-0.350430984147641,11,13.6405559444206,2,0.39221306091508
"AL139393.2","Bin_12",-0.121737396596756,12,14.9396565105559,2,0.39221306091508
"AL139393.2","Bin_13",-0.366880798681939,13,16.2387570766912,2,0.39221306091508
"AL139393.2","Bin_14",-0.422689664529612,14,17.5378576428265,2,0.39221306091508
"AL139393.2","Bin_15",-0.281075073256024,15,18.8369582089617,2,0.39221306091508
"AL139393.2","Bin_16",-0.184092977924216,16,20.136058775097,2,0.39221306091508
"AL139393.2","Bin_17",0.281622562605056,17,21.4351593412323,2,0.39221306091508
"AL139393.2","Bin_18",1.14326953871773,18,22.7342599073676,2,0.39221306091508
"AL139393.2","Bin_19",1.92992161990555,19,24.0333604735029,2,0.39221306091508
"AL139393.2","Bin_20",3.28390442208873,20,25.3324610396382,2,0.39221306091508
"MRPL34","Bin_1",-0.714890908164006,1,0.649550283067647,2,0.673607951308774
"MRPL34","Bin_2",-1.1283040173727,2,1.94865084920294,2,0.673607951308774
"MRPL34","Bin_3",-1.27596748083435,3,3.24775141533823,2,0.673607951308774
"MRPL34","Bin_4",-0.26946489072432,4,4.54685198147353,2,0.673607951308774
"MRPL34","Bin_5",-1.12983192961949,5,5.84595254760882,2,0.673607951308774
"MRPL34","Bin_6",-1.71859085886627,6,7.14505311374411,2,0.673607951308774
"MRPL34","Bin_7",-1.37808483860864,7,8.4441536798794,2,0.673607951308774
"MRPL34","Bin_8",-1.11767653888928,8,9.7432542460147,2,0.673607951308774
"MRPL34","Bin_9",0.0752041347301871,9,11.04235481215,2,0.673607951308774
"MRPL34","Bin_10",0.578400340500946,10,12.3414553782853,2,0.673607951308774
"MRPL34","Bin_11",0.669052077951917,11,13.6405559444206,2,0.673607951308774
"MRPL34","Bin_12",0.304282343935485,12,14.9396565105559,2,0.673607951308774
"MRPL34","Bin_13",0.963426274660274,13,16.2387570766912,2,0.673607951308774
"MRPL34","Bin_14",0.74337799956203,14,17.5378576428265,2,0.673607951308774
"MRPL34","Bin_15",0.508001732785461,15,18.8369582089617,2,0.673607951308774
"MRPL34","Bin_16",0.667015608791969,16,20.136058775097,2,0.673607951308774
"MRPL34","Bin_17",0.52047009480732,17,21.4351593412323,2,0.673607951308774
"MRPL34","Bin_18",0.91244063723914,18,22.7342599073676,2,0.673607951308774
"MRPL34","Bin_19",1.20335052255252,19,24.0333604735029,2,0.673607951308774
"MRPL34","Bin_20",1.58778969556181,20,25.3324610396382,2,0.673607951308774
"ATP5PD","Bin_1",-0.770576918967465,1,0.649550283067647,2,0.67247631938575
"ATP5PD","Bin_2",-1.34754289178309,2,1.94865084920294,2,0.67247631938575
"ATP5PD","Bin_3",-1.26724774718829,3,3.24775141533823,2,0.67247631938575
"ATP5PD","Bin_4",-0.939996453367591,4,4.54685198147353,2,0.67247631938575
"ATP5PD","Bin_5",-1.19833495930357,5,5.84595254760882,2,0.67247631938575
"ATP5PD","Bin_6",-1.82780887490256,6,7.14505311374411,2,0.67247631938575
"ATP5PD","Bin_7",-1.50523427382758,7,8.4441536798794,2,0.67247631938575
"ATP5PD","Bin_8",0.25251791518905,8,9.7432542460147,2,0.67247631938575
"ATP5PD","Bin_9",1.00264367900559,9,11.04235481215,2,0.67247631938575
"ATP5PD","Bin_10",1.07354073541132,10,12.3414553782853,2,0.67247631938575
"ATP5PD","Bin_11",0.879108000087954,11,13.6405559444206,2,0.67247631938575
"ATP5PD","Bin_12",0.661610972252448,12,14.9396565105559,2,0.67247631938575
"ATP5PD","Bin_13",0.765106867208888,13,16.2387570766912,2,0.67247631938575
"ATP5PD","Bin_14",0.442701376654086,14,17.5378576428265,2,0.67247631938575
"ATP5PD","Bin_15",0.427834888264481,15,18.8369582089617,2,0.67247631938575
"ATP5PD","Bin_16",0.561259425781054,16,20.136058775097,2,0.67247631938575
"ATP5PD","Bin_17",0.286276694783246,17,21.4351593412323,2,0.67247631938575
"ATP5PD","Bin_18",0.50967489143705,18,22.7342599073676,2,0.67247631938575
"ATP5PD","Bin_19",0.907795265775634,19,24.0333604735029,2,0.67247631938575
"ATP5PD","Bin_20",1.08667140748935,20,25.3324610396382,2,0.67247631938575
"ATRAID","Bin_1",-0.192080674224027,1,0.649550283067647,2,0.691165083521414
"ATRAID","Bin_2",-0.908037634451162,2,1.94865084920294,2,0.691165083521414
"ATRAID","Bin_3",-0.899145697470206,3,3.24775141533823,2,0.691165083521414
"ATRAID","Bin_4",-1.3934452799459,4,4.54685198147353,2,0.691165083521414
"ATRAID","Bin_5",-1.74480265647638,5,5.84595254760882,2,0.691165083521414
"ATRAID","Bin_6",-1.58352191249561,6,7.14505311374411,2,0.691165083521414
"ATRAID","Bin_7",-1.17922413233361,7,8.4441536798794,2,0.691165083521414
"ATRAID","Bin_8",-0.769363424089483,8,9.7432542460147,2,0.691165083521414
"ATRAID","Bin_9",0.253922726815674,9,11.04235481215,2,0.691165083521414
"ATRAID","Bin_10",0.857180165155984,10,12.3414553782853,2,0.691165083521414
"ATRAID","Bin_11",0.93216502530871,11,13.6405559444206,2,0.691165083521414
"ATRAID","Bin_12",0.691819938943059,12,14.9396565105559,2,0.691165083521414
"ATRAID","Bin_13",0.179824652788918,13,16.2387570766912,2,0.691165083521414
"ATRAID","Bin_14",0.0601125191858065,14,17.5378576428265,2,0.691165083521414
"ATRAID","Bin_15",0.611006270995745,15,18.8369582089617,2,0.691165083521414
"ATRAID","Bin_16",0.827291817470557,16,20.136058775097,2,0.691165083521414
"ATRAID","Bin_17",1.24152176187086,17,21.4351593412323,2,0.691165083521414
"ATRAID","Bin_18",0.9395305973198,18,22.7342599073676,2,0.691165083521414
"ATRAID","Bin_19",0.903154409921841,19,24.0333604735029,2,0.691165083521414
"ATRAID","Bin_20",1.17209152570944,20,25.3324610396382,2,0.691165083521414
"NDUFA8","Bin_1",-0.719431123769433,1,0.649550283067647,2,0.708573945627186
"NDUFA8","Bin_2",-1.20163025383486,2,1.94865084920294,2,0.708573945627186
"NDUFA8","Bin_3",-1.21502905327334,3,3.24775141533823,2,0.708573945627186
"NDUFA8","Bin_4",-0.976498142537178,4,4.54685198147353,2,0.708573945627186
"NDUFA8","Bin_5",-0.914388642743956,5,5.84595254760882,2,0.708573945627186
"NDUFA8","Bin_6",-1.85310091434709,6,7.14505311374411,2,0.708573945627186
"NDUFA8","Bin_7",-1.11597467980124,7,8.4441536798794,2,0.708573945627186
"NDUFA8","Bin_8",-1.06359466402229,8,9.7432542460147,2,0.708573945627186
"NDUFA8","Bin_9",0.78886480384415,9,11.04235481215,2,0.708573945627186
"NDUFA8","Bin_10",1.18445769257112,10,12.3414553782853,2,0.708573945627186
"NDUFA8","Bin_11",0.850541188123565,11,13.6405559444206,2,0.708573945627186
"NDUFA8","Bin_12",0.68884965350813,12,14.9396565105559,2,0.708573945627186
"NDUFA8","Bin_13",0.67376726796445,13,16.2387570766912,2,0.708573945627186
"NDUFA8","Bin_14",0.438811877308427,14,17.5378576428265,2,0.708573945627186
"NDUFA8","Bin_15",0.377022384668632,15,18.8369582089617,2,0.708573945627186
"NDUFA8","Bin_16",0.290280697932909,16,20.136058775097,2,0.708573945627186
"NDUFA8","Bin_17",0.558334617940442,17,21.4351593412323,2,0.708573945627186
"NDUFA8","Bin_18",0.796587212756512,18,22.7342599073676,2,0.708573945627186
"NDUFA8","Bin_19",1.13411583368033,19,24.0333604735029,2,0.708573945627186
"NDUFA8","Bin_20",1.27801424403071,20,25.3324610396382,2,0.708573945627186
"TFG","Bin_1",-1.01029814467833,1,0.649550283067647,2,0.704408731474618
"TFG","Bin_2",-1.28695954487338,2,1.94865084920294,2,0.704408731474618
"TFG","Bin_3",-1.39316612656512,3,3.24775141533823,2,0.704408731474618
"TFG","Bin_4",-1.27625520555145,4,4.54685198147353,2,0.704408731474618
"TFG","Bin_5",-1.58216098250409,5,5.84595254760882,2,0.704408731474618
"TFG","Bin_6",-1.3069182655288,6,7.14505311374411,2,0.704408731474618
"TFG","Bin_7",-0.553962251523976,7,8.4441536798794,2,0.704408731474618
"TFG","Bin_8",-0.66583646363869,8,9.7432542460147,2,0.704408731474618
"TFG","Bin_9",0.51680558321625,9,11.04235481215,2,0.704408731474618
"TFG","Bin_10",0.864389939889003,10,12.3414553782853,2,0.704408731474618
"TFG","Bin_11",1.01747520266579,11,13.6405559444206,2,0.704408731474618
"TFG","Bin_12",0.603397610218139,12,14.9396565105559,2,0.704408731474618
"TFG","Bin_13",0.263937356539214,13,16.2387570766912,2,0.704408731474618
"TFG","Bin_14",0.273417270502817,14,17.5378576428265,2,0.704408731474618
"TFG","Bin_15",0.799533305389608,15,18.8369582089617,2,0.704408731474618
"TFG","Bin_16",1.19627159080299,16,20.136058775097,2,0.704408731474618
"TFG","Bin_17",0.979102177143086,17,21.4351593412323,2,0.704408731474618
"TFG","Bin_18",0.823152486894266,18,22.7342599073676,2,0.704408731474618
"TFG","Bin_19",0.777390147933931,19,24.0333604735029,2,0.704408731474618
"TFG","Bin_20",0.960684313668736,20,25.3324610396382,2,0.704408731474618
"NDUFB3","Bin_1",-0.704276474356273,1,0.649550283067647,2,0.704841556208191
"NDUFB3","Bin_2",-1.21558301359487,2,1.94865084920294,2,0.704841556208191
"NDUFB3","Bin_3",-1.41176230644515,3,3.24775141533823,2,0.704841556208191
"NDUFB3","Bin_4",-0.723812551673348,4,4.54685198147353,2,0.704841556208191
"NDUFB3","Bin_5",-0.982513125466608,5,5.84595254760882,2,0.704841556208191
"NDUFB3","Bin_6",-1.86744475447449,6,7.14505311374411,2,0.704841556208191
"NDUFB3","Bin_7",-1.3087804020493,7,8.4441536798794,2,0.704841556208191
"NDUFB3","Bin_8",-0.868777876285642,8,9.7432542460147,2,0.704841556208191
"NDUFB3","Bin_9",0.82711487332103,9,11.04235481215,2,0.704841556208191
"NDUFB3","Bin_10",1.10876158262877,10,12.3414553782853,2,0.704841556208191
"NDUFB3","Bin_11",0.844162961666311,11,13.6405559444206,2,0.704841556208191
"NDUFB3","Bin_12",0.785338261941279,12,14.9396565105559,2,0.704841556208191
"NDUFB3","Bin_13",0.629335180823597,13,16.2387570766912,2,0.704841556208191
"NDUFB3","Bin_14",0.501541739667072,14,17.5378576428265,2,0.704841556208191
"NDUFB3","Bin_15",0.561476425329922,15,18.8369582089617,2,0.704841556208191
"NDUFB3","Bin_16",0.476048757549342,16,20.136058775097,2,0.704841556208191
"NDUFB3","Bin_17",0.392081466470507,17,21.4351593412323,2,0.704841556208191
"NDUFB3","Bin_18",0.761939965276633,18,22.7342599073676,2,0.704841556208191
"NDUFB3","Bin_19",1.01674194877618,19,24.0333604735029,2,0.704841556208191
"NDUFB3","Bin_20",1.17840734089504,20,25.3324610396382,2,0.704841556208191
"RABAC1","Bin_1",-0.0132256928324765,1,0.649550283067647,2,0.518492763761575
"RABAC1","Bin_2",-0.45830348436286,2,1.94865084920294,2,0.518492763761575
"RABAC1","Bin_3",-0.363970944470793,3,3.24775141533823,2,0.518492763761575
"RABAC1","Bin_4",-0.362857367302908,4,4.54685198147353,2,0.518492763761575
"RABAC1","Bin_5",-1.42131583317189,5,5.84595254760882,2,0.518492763761575
"RABAC1","Bin_6",-1.66291216100983,6,7.14505311374411,2,0.518492763761575
"RABAC1","Bin_7",-1.38850158962946,7,8.4441536798794,2,0.518492763761575
"RABAC1","Bin_8",-1.13444156945463,8,9.7432542460147,2,0.518492763761575
"RABAC1","Bin_9",-0.397957298436622,9,11.04235481215,2,0.518492763761575
"RABAC1","Bin_10",-0.1453757658904,10,12.3414553782853,2,0.518492763761575
"RABAC1","Bin_11",0.109224516924445,11,13.6405559444206,2,0.518492763761575
"RABAC1","Bin_12",0.0930357259555655,12,14.9396565105559,2,0.518492763761575
"RABAC1","Bin_13",-0.241657194500895,13,16.2387570766912,2,0.518492763761575
"RABAC1","Bin_14",0.0590228070783712,14,17.5378576428265,2,0.518492763761575
"RABAC1","Bin_15",0.788623019294075,15,18.8369582089617,2,0.518492763761575
"RABAC1","Bin_16",0.532978680663016,16,20.136058775097,2,0.518492763761575
"RABAC1","Bin_17",1.83460119488724,17,21.4351593412323,2,0.518492763761575
"RABAC1","Bin_18",1.63757063712177,18,22.7342599073676,2,0.518492763761575
"RABAC1","Bin_19",1.04900202542683,19,24.0333604735029,2,0.518492763761575
"RABAC1","Bin_20",1.48646029371145,20,25.3324610396382,2,0.518492763761575
"GRHPR","Bin_1",-0.675957307622774,1,0.649550283067647,2,0.712693369991778
"GRHPR","Bin_2",-1.1790100436506,2,1.94865084920294,2,0.712693369991778
"GRHPR","Bin_3",-1.24359751185204,3,3.24775141533823,2,0.712693369991778
"GRHPR","Bin_4",-0.911068780344575,4,4.54685198147353,2,0.712693369991778
"GRHPR","Bin_5",-1.28446676623869,5,5.84595254760882,2,0.712693369991778
"GRHPR","Bin_6",-1.78040957757877,6,7.14505311374411,2,0.712693369991778
"GRHPR","Bin_7",-0.723281353514478,7,8.4441536798794,2,0.712693369991778
"GRHPR","Bin_8",-1.33529552002807,8,9.7432542460147,2,0.712693369991778
"GRHPR","Bin_9",0.72993534194497,9,11.04235481215,2,0.712693369991778
"GRHPR","Bin_10",0.979650986920201,10,12.3414553782853,2,0.712693369991778
"GRHPR","Bin_11",0.715656558714458,11,13.6405559444206,2,0.712693369991778
"GRHPR","Bin_12",0.736424077742804,12,14.9396565105559,2,0.712693369991778
"GRHPR","Bin_13",0.529570613425542,13,16.2387570766912,2,0.712693369991778
"GRHPR","Bin_14",0.533259401744161,14,17.5378576428265,2,0.712693369991778
"GRHPR","Bin_15",0.504120013656049,15,18.8369582089617,2,0.712693369991778
"GRHPR","Bin_16",0.510307120213652,16,20.136058775097,2,0.712693369991778
"GRHPR","Bin_17",0.644842518553416,17,21.4351593412323,2,0.712693369991778
"GRHPR","Bin_18",0.881780805260349,18,22.7342599073676,2,0.712693369991778
"GRHPR","Bin_19",1.30256508002303,19,24.0333604735029,2,0.712693369991778
"GRHPR","Bin_20",1.06497434263136,20,25.3324610396382,2,0.712693369991778
"PRDX1","Bin_1",-1.0956761807847,1,0.649550283067647,2,0.649036415709463
"PRDX1","Bin_2",-1.54446380671491,2,1.94865084920294,2,0.649036415709463
"PRDX1","Bin_3",-1.68857382364162,3,3.24775141533823,2,0.649036415709463
"PRDX1","Bin_4",-0.430297431607821,4,4.54685198147353,2,0.649036415709463
"PRDX1","Bin_5",-0.68877284090596,5,5.84595254760882,2,0.649036415709463
"PRDX1","Bin_6",-2.07782134451302,6,7.14505311374411,2,0.649036415709463
"PRDX1","Bin_7",-0.911589035743065,7,8.4441536798794,2,0.649036415709463
"PRDX1","Bin_8",0.239652048782946,8,9.7432542460147,2,0.649036415709463
"PRDX1","Bin_9",0.994008852467919,9,11.04235481215,2,0.649036415709463
"PRDX1","Bin_10",1.13338371922632,10,12.3414553782853,2,0.649036415709463
"PRDX1","Bin_11",0.731715898319603,11,13.6405559444206,2,0.649036415709463
"PRDX1","Bin_12",0.707216195197971,12,14.9396565105559,2,0.649036415709463
"PRDX1","Bin_13",0.496255908178895,13,16.2387570766912,2,0.649036415709463
"PRDX1","Bin_14",0.111222404383731,14,17.5378576428265,2,0.649036415709463
"PRDX1","Bin_15",0.345588854766356,15,18.8369582089617,2,0.649036415709463
"PRDX1","Bin_16",0.42097389500832,16,20.136058775097,2,0.649036415709463
"PRDX1","Bin_17",0.542650284085868,17,21.4351593412323,2,0.649036415709463
"PRDX1","Bin_18",0.673736615293716,18,22.7342599073676,2,0.649036415709463
"PRDX1","Bin_19",1.06066000398722,19,24.0333604735029,2,0.649036415709463
"PRDX1","Bin_20",0.980129784212226,20,25.3324610396382,2,0.649036415709463
"IGFBP3","Bin_1",-1.23373353503384,1,0.649550283067647,2,0.568636237929942
"IGFBP3","Bin_2",-0.968622173111144,2,1.94865084920294,2,0.568636237929942
"IGFBP3","Bin_3",-0.88650441679633,3,3.24775141533823,2,0.568636237929942
"IGFBP3","Bin_4",-0.321169939780528,4,4.54685198147353,2,0.568636237929942
"IGFBP3","Bin_5",-1.01470090061149,5,5.84595254760882,2,0.568636237929942
"IGFBP3","Bin_6",-0.669320093788171,6,7.14505311374411,2,0.568636237929942
"IGFBP3","Bin_7",-0.850670648951547,7,8.4441536798794,2,0.568636237929942
"IGFBP3","Bin_8",-1.03420446806796,8,9.7432542460147,2,0.568636237929942
"IGFBP3","Bin_9",-0.236585106686543,9,11.04235481215,2,0.568636237929942
"IGFBP3","Bin_10",0.212367991946184,10,12.3414553782853,2,0.568636237929942
"IGFBP3","Bin_11",0.273300894975147,11,13.6405559444206,2,0.568636237929942
"IGFBP3","Bin_12",0.135792908455487,12,14.9396565105559,2,0.568636237929942
"IGFBP3","Bin_13",-0.192436579707306,13,16.2387570766912,2,0.568636237929942
"IGFBP3","Bin_14",-0.0428105336800102,14,17.5378576428265,2,0.568636237929942
"IGFBP3","Bin_15",-0.00515181455300743,15,18.8369582089617,2,0.568636237929942
"IGFBP3","Bin_16",0.142380633872263,16,20.136058775097,2,0.568636237929942
"IGFBP3","Bin_17",1.32950223091002,17,21.4351593412323,2,0.568636237929942
"IGFBP3","Bin_18",1.10784026732731,18,22.7342599073676,2,0.568636237929942
"IGFBP3","Bin_19",2.32762085704046,19,24.0333604735029,2,0.568636237929942
"IGFBP3","Bin_20",1.927104426241,20,25.3324610396382,2,0.568636237929942
"MRPS16","Bin_1",-0.406079175512209,1,0.649550283067647,2,0.702273631129638
"MRPS16","Bin_2",-0.998777559014326,2,1.94865084920294,2,0.702273631129638
"MRPS16","Bin_3",-1.10391439171556,3,3.24775141533823,2,0.702273631129638
"MRPS16","Bin_4",-1.02435133010249,4,4.54685198147353,2,0.702273631129638
"MRPS16","Bin_5",-1.13897553554136,5,5.84595254760882,2,0.702273631129638
"MRPS16","Bin_6",-1.98310376047047,6,7.14505311374411,2,0.702273631129638
"MRPS16","Bin_7",-1.5680380323056,7,8.4441536798794,2,0.702273631129638
"MRPS16","Bin_8",-0.648287792273053,8,9.7432542460147,2,0.702273631129638
"MRPS16","Bin_9",0.371563007307675,9,11.04235481215,2,0.702273631129638
"MRPS16","Bin_10",0.785350025627834,10,12.3414553782853,2,0.702273631129638
"MRPS16","Bin_11",0.893939041158133,11,13.6405559444206,2,0.702273631129638
"MRPS16","Bin_12",0.563571021123035,12,14.9396565105559,2,0.702273631129638
"MRPS16","Bin_13",0.802737173636267,13,16.2387570766912,2,0.702273631129638
"MRPS16","Bin_14",0.662614111782921,14,17.5378576428265,2,0.702273631129638
"MRPS16","Bin_15",0.57519968972562,15,18.8369582089617,2,0.702273631129638
"MRPS16","Bin_16",0.507023178557953,16,20.136058775097,2,0.702273631129638
"MRPS16","Bin_17",0.5496509825631,17,21.4351593412323,2,0.702273631129638
"MRPS16","Bin_18",0.637072795389564,18,22.7342599073676,2,0.702273631129638
"MRPS16","Bin_19",1.14428093820041,19,24.0333604735029,2,0.702273631129638
"MRPS16","Bin_20",1.37852561186255,20,25.3324610396382,2,0.702273631129638
"OCIAD2","Bin_1",-0.804703602503254,1,0.649550283067647,2,0.719312556052407
"OCIAD2","Bin_2",-1.29524581234156,2,1.94865084920294,2,0.719312556052407
"OCIAD2","Bin_3",-1.59114693206652,3,3.24775141533823,2,0.719312556052407
"OCIAD2","Bin_4",-0.663572988670443,4,4.54685198147353,2,0.719312556052407
"OCIAD2","Bin_5",-1.44494852066072,5,5.84595254760882,2,0.719312556052407
"OCIAD2","Bin_6",-1.42467814446598,6,7.14505311374411,2,0.719312556052407
"OCIAD2","Bin_7",-1.28460266193543,7,8.4441536798794,2,0.719312556052407
"OCIAD2","Bin_8",-0.686555986062358,8,9.7432542460147,2,0.719312556052407
"OCIAD2","Bin_9",0.492854401757357,9,11.04235481215,2,0.719312556052407
"OCIAD2","Bin_10",0.876304103886868,10,12.3414553782853,2,0.719312556052407
"OCIAD2","Bin_11",0.8392610126737,11,13.6405559444206,2,0.719312556052407
"OCIAD2","Bin_12",0.745920061300295,12,14.9396565105559,2,0.719312556052407
"OCIAD2","Bin_13",0.689719219597446,13,16.2387570766912,2,0.719312556052407
"OCIAD2","Bin_14",0.514370569610834,14,17.5378576428265,2,0.719312556052407
"OCIAD2","Bin_15",0.689930150417091,15,18.8369582089617,2,0.719312556052407
"OCIAD2","Bin_16",0.700209011540298,16,20.136058775097,2,0.719312556052407
"OCIAD2","Bin_17",0.642878488196523,17,21.4351593412323,2,0.719312556052407
"OCIAD2","Bin_18",1.05215471953406,18,22.7342599073676,2,0.719312556052407
"OCIAD2","Bin_19",1.14945207456256,19,24.0333604735029,2,0.719312556052407
"OCIAD2","Bin_20",0.802400835629248,20,25.3324610396382,2,0.719312556052407
"NUCB2","Bin_1",0.33806554533487,1,0.649550283067647,2,0.524492803606555
"NUCB2","Bin_2",-0.796587274992444,2,1.94865084920294,2,0.524492803606555
"NUCB2","Bin_3",-1.11662325003475,3,3.24775141533823,2,0.524492803606555
"NUCB2","Bin_4",-0.634944750244326,4,4.54685198147353,2,0.524492803606555
"NUCB2","Bin_5",-1.37158206767541,5,5.84595254760882,2,0.524492803606555
"NUCB2","Bin_6",-1.15721661042052,6,7.14505311374411,2,0.524492803606555
"NUCB2","Bin_7",-0.836707070641561,7,8.4441536798794,2,0.524492803606555
"NUCB2","Bin_8",-1.12192846047177,8,9.7432542460147,2,0.524492803606555
"NUCB2","Bin_9",-0.620303646783502,9,11.04235481215,2,0.524492803606555
"NUCB2","Bin_10",-0.352665357346151,10,12.3414553782853,2,0.524492803606555
"NUCB2","Bin_11",0.217060275284789,11,13.6405559444206,2,0.524492803606555
"NUCB2","Bin_12",-0.0848866914105211,12,14.9396565105559,2,0.524492803606555
"NUCB2","Bin_13",-0.140952872763848,13,16.2387570766912,2,0.524492803606555
"NUCB2","Bin_14",0.340794020266056,14,17.5378576428265,2,0.524492803606555
"NUCB2","Bin_15",0.570794583180043,15,18.8369582089617,2,0.524492803606555
"NUCB2","Bin_16",1.07549788090836,16,20.136058775097,2,0.524492803606555
"NUCB2","Bin_17",2.2966346689522,17,21.4351593412323,2,0.524492803606555
"NUCB2","Bin_18",1.41656338714346,18,22.7342599073676,2,0.524492803606555
"NUCB2","Bin_19",0.97204883622237,19,24.0333604735029,2,0.524492803606555
"NUCB2","Bin_20",1.00693885549265,20,25.3324610396382,2,0.524492803606555
"LGALS3BP","Bin_1",2.97950741427708,1,0.649550283067647,1,0.569297266341335
"LGALS3BP","Bin_2",1.27748555005406,2,1.94865084920294,1,0.569297266341335
"LGALS3BP","Bin_3",0.966171890364198,3,3.24775141533823,1,0.569297266341335
"LGALS3BP","Bin_4",1.96471448695172,4,4.54685198147353,1,0.569297266341335
"LGALS3BP","Bin_5",0.0994658816766232,5,5.84595254760882,1,0.569297266341335
"LGALS3BP","Bin_6",-0.582877436539606,6,7.14505311374411,1,0.569297266341335
"LGALS3BP","Bin_7",-0.40289096082946,7,8.4441536798794,1,0.569297266341335
"LGALS3BP","Bin_8",-0.582877436539606,8,9.7432542460147,1,0.569297266341335
"LGALS3BP","Bin_9",-0.582877436539606,9,11.04235481215,1,0.569297266341335
"LGALS3BP","Bin_10",-0.513233054810956,10,12.3414553782853,1,0.569297266341335
"LGALS3BP","Bin_11",-0.194797814356135,11,13.6405559444206,1,0.569297266341335
"LGALS3BP","Bin_12",-0.504416454586872,12,14.9396565105559,1,0.569297266341335
"LGALS3BP","Bin_13",-0.544211167106378,13,16.2387570766912,1,0.569297266341335
"LGALS3BP","Bin_14",-0.506902223143525,14,17.5378576428265,1,0.569297266341335
"LGALS3BP","Bin_15",-0.499275301106596,15,18.8369582089617,1,0.569297266341335
"LGALS3BP","Bin_16",-0.376720412360315,16,20.136058775097,1,0.569297266341335
"LGALS3BP","Bin_17",-0.420057178920116,17,21.4351593412323,1,0.569297266341335
"LGALS3BP","Bin_18",-0.506283491264584,18,22.7342599073676,1,0.569297266341335
"LGALS3BP","Bin_19",-0.54682664664509,19,24.0333604735029,1,0.569297266341335
"LGALS3BP","Bin_20",-0.523098208574841,20,25.3324610396382,1,0.569297266341335
"CACNA1A","Bin_1",-1.27483262791176,1,0.649550283067647,2,0.581671977751211
"CACNA1A","Bin_2",-1.32643489307442,2,1.94865084920294,2,0.581671977751211
"CACNA1A","Bin_3",-1.33628895786703,3,3.24775141533823,2,0.581671977751211
"CACNA1A","Bin_4",-0.856832473790948,4,4.54685198147353,2,0.581671977751211
"CACNA1A","Bin_5",-1.33743938511019,5,5.84595254760882,2,0.581671977751211
"CACNA1A","Bin_6",-0.163488853472625,6,7.14505311374411,2,0.581671977751211
"CACNA1A","Bin_7",0.0760218395046323,7,8.4441536798794,2,0.581671977751211
"CACNA1A","Bin_8",-0.977473820647757,8,9.7432542460147,2,0.581671977751211
"CACNA1A","Bin_9",-0.523952775459798,9,11.04235481215,2,0.581671977751211
"CACNA1A","Bin_10",0.0991881183979564,10,12.3414553782853,2,0.581671977751211
"CACNA1A","Bin_11",0.670557584743185,11,13.6405559444206,2,0.581671977751211
"CACNA1A","Bin_12",0.249218297878957,12,14.9396565105559,2,0.581671977751211
"CACNA1A","Bin_13",0.185502647615034,13,16.2387570766912,2,0.581671977751211
"CACNA1A","Bin_14",0.328037023882013,14,17.5378576428265,2,0.581671977751211
"CACNA1A","Bin_15",0.49040496667947,15,18.8369582089617,2,0.581671977751211
"CACNA1A","Bin_16",-0.213682950972879,16,20.136058775097,2,0.581671977751211
"CACNA1A","Bin_17",1.21749062507499,17,21.4351593412323,2,0.581671977751211
"CACNA1A","Bin_18",1.36732253666983,18,22.7342599073676,2,0.581671977751211
"CACNA1A","Bin_19",1.98681606986133,19,24.0333604735029,2,0.581671977751211
"CACNA1A","Bin_20",1.33986702800001,20,25.3324610396382,2,0.581671977751211
"NOTCH3","Bin_1",-0.729474031066624,1,0.649550283067647,2,0.63587753242874
"NOTCH3","Bin_2",-0.974303784091381,2,1.94865084920294,2,0.63587753242874
"NOTCH3","Bin_3",-1.44614124808553,3,3.24775141533823,2,0.63587753242874
"NOTCH3","Bin_4",-1.43000816064144,4,4.54685198147353,2,0.63587753242874
"NOTCH3","Bin_5",-1.44205469017913,5,5.84595254760882,2,0.63587753242874
"NOTCH3","Bin_6",-0.705674304330982,6,7.14505311374411,2,0.63587753242874
"NOTCH3","Bin_7",-0.328822057865551,7,8.4441536798794,2,0.63587753242874
"NOTCH3","Bin_8",-1.63474043669646,8,9.7432542460147,2,0.63587753242874
"NOTCH3","Bin_9",-0.0326602260201913,9,11.04235481215,2,0.63587753242874
"NOTCH3","Bin_10",0.183469682850093,10,12.3414553782853,2,0.63587753242874
"NOTCH3","Bin_11",0.928643085494538,11,13.6405559444206,2,0.63587753242874
"NOTCH3","Bin_12",0.551044641043888,12,14.9396565105559,2,0.63587753242874
"NOTCH3","Bin_13",0.448159085341079,13,16.2387570766912,2,0.63587753242874
"NOTCH3","Bin_14",0.686890367683551,14,17.5378576428265,2,0.63587753242874
"NOTCH3","Bin_15",0.920036934447076,15,18.8369582089617,2,0.63587753242874
"NOTCH3","Bin_16",0.955485455683134,16,20.136058775097,2,0.63587753242874
"NOTCH3","Bin_17",1.39129819516677,17,21.4351593412323,2,0.63587753242874
"NOTCH3","Bin_18",1.13145564224471,18,22.7342599073676,2,0.63587753242874
"NOTCH3","Bin_19",0.831302664226932,19,24.0333604735029,2,0.63587753242874
"NOTCH3","Bin_20",0.696093184795519,20,25.3324610396382,2,0.63587753242874
"OAT","Bin_1",0.149299484568201,1,0.649550283067647,2,0.655469209512698
"OAT","Bin_2",-0.439527970738122,2,1.94865084920294,2,0.655469209512698
"OAT","Bin_3",-1.18230449333165,3,3.24775141533823,2,0.655469209512698
"OAT","Bin_4",-1.27745878341882,4,4.54685198147353,2,0.655469209512698
"OAT","Bin_5",-1.45114440782531,5,5.84595254760882,2,0.655469209512698
"OAT","Bin_6",-1.98269682419451,6,7.14505311374411,2,0.655469209512698
"OAT","Bin_7",-0.727923275465807,7,8.4441536798794,2,0.655469209512698
"OAT","Bin_8",-1.30582703468684,8,9.7432542460147,2,0.655469209512698
"OAT","Bin_9",0.260209221836818,9,11.04235481215,2,0.655469209512698
"OAT","Bin_10",0.739134737410143,10,12.3414553782853,2,0.655469209512698
"OAT","Bin_11",0.568115552719111,11,13.6405559444206,2,0.655469209512698
"OAT","Bin_12",0.20740093488456,12,14.9396565105559,2,0.655469209512698
"OAT","Bin_13",0.528587091278946,13,16.2387570766912,2,0.655469209512698
"OAT","Bin_14",0.423769518549955,14,17.5378576428265,2,0.655469209512698
"OAT","Bin_15",0.490401997470107,15,18.8369582089617,2,0.655469209512698
"OAT","Bin_16",0.403016238042072,16,20.136058775097,2,0.655469209512698
"OAT","Bin_17",0.747649740643374,17,21.4351593412323,2,0.655469209512698
"OAT","Bin_18",0.992849839983866,18,22.7342599073676,2,0.655469209512698
"OAT","Bin_19",1.51970187490678,19,24.0333604735029,2,0.655469209512698
"OAT","Bin_20",1.33674655736713,20,25.3324610396382,2,0.655469209512698
"HADHB","Bin_1",0.0989656828896835,1,0.649550283067647,2,0.682212360628902
"HADHB","Bin_2",-0.846980169807045,2,1.94865084920294,2,0.682212360628902
"HADHB","Bin_3",-1.1140702241473,3,3.24775141533823,2,0.682212360628902
"HADHB","Bin_4",-1.38420658682038,4,4.54685198147353,2,0.682212360628902
"HADHB","Bin_5",-1.42421197775049,5,5.84595254760882,2,0.682212360628902
"HADHB","Bin_6",-1.94732527164973,6,7.14505311374411,2,0.682212360628902
"HADHB","Bin_7",-0.72070203013168,7,8.4441536798794,2,0.682212360628902
"HADHB","Bin_8",-1.25774439450356,8,9.7432542460147,2,0.682212360628902
"HADHB","Bin_9",0.537382805264243,9,11.04235481215,2,0.682212360628902
"HADHB","Bin_10",0.96524734043983,10,12.3414553782853,2,0.682212360628902
"HADHB","Bin_11",0.707456874917232,11,13.6405559444206,2,0.682212360628902
"HADHB","Bin_12",0.451774171347227,12,14.9396565105559,2,0.682212360628902
"HADHB","Bin_13",0.305858087325598,13,16.2387570766912,2,0.682212360628902
"HADHB","Bin_14",0.483479522743259,14,17.5378576428265,2,0.682212360628902
"HADHB","Bin_15",0.415687185858026,15,18.8369582089617,2,0.682212360628902
"HADHB","Bin_16",0.592850191055039,16,20.136058775097,2,0.682212360628902
"HADHB","Bin_17",0.84902241222454,17,21.4351593412323,2,0.682212360628902
"HADHB","Bin_18",0.890060202948842,18,22.7342599073676,2,0.682212360628902
"HADHB","Bin_19",1.32175505740703,19,24.0333604735029,2,0.682212360628902
"HADHB","Bin_20",1.07570112038964,20,25.3324610396382,2,0.682212360628902
"PRPF31","Bin_1",-0.971720677558932,1,0.649550283067647,2,0.664310402964899
"PRPF31","Bin_2",-1.15357139342217,2,1.94865084920294,2,0.664310402964899
"PRPF31","Bin_3",-1.37007470710062,3,3.24775141533823,2,0.664310402964899
"PRPF31","Bin_4",-1.38389288012243,4,4.54685198147353,2,0.664310402964899
"PRPF31","Bin_5",-1.42598691935857,5,5.84595254760882,2,0.664310402964899
"PRPF31","Bin_6",-1.80283521328638,6,7.14505311374411,2,0.664310402964899
"PRPF31","Bin_7",-0.394673896307383,7,8.4441536798794,2,0.664310402964899
"PRPF31","Bin_8",-0.331700277713499,8,9.7432542460147,2,0.664310402964899
"PRPF31","Bin_9",0.753957883063153,9,11.04235481215,2,0.664310402964899
"PRPF31","Bin_10",1.18655436247192,10,12.3414553782853,2,0.664310402964899
"PRPF31","Bin_11",1.13309484568295,11,13.6405559444206,2,0.664310402964899
"PRPF31","Bin_12",0.699962376393451,12,14.9396565105559,2,0.664310402964899
"PRPF31","Bin_13",0.935491299970104,13,16.2387570766912,2,0.664310402964899
"PRPF31","Bin_14",0.705928420856268,14,17.5378576428265,2,0.664310402964899
"PRPF31","Bin_15",0.523117541998187,15,18.8369582089617,2,0.664310402964899
"PRPF31","Bin_16",0.931682484716917,16,20.136058775097,2,0.664310402964899
"PRPF31","Bin_17",0.288551422866911,17,21.4351593412323,2,0.664310402964899
"PRPF31","Bin_18",0.306248883258355,18,22.7342599073676,2,0.664310402964899
"PRPF31","Bin_19",0.648696254982647,19,24.0333604735029,2,0.664310402964899
"PRPF31","Bin_20",0.72117018860912,20,25.3324610396382,2,0.664310402964899
"PSMD4","Bin_1",-0.639044170607932,1,0.649550283067647,2,0.712453470392347
"PSMD4","Bin_2",-1.0653553423497,2,1.94865084920294,2,0.712453470392347
"PSMD4","Bin_3",-1.15549952025426,3,3.24775141533823,2,0.712453470392347
"PSMD4","Bin_4",-0.698589946712886,4,4.54685198147353,2,0.712453470392347
"PSMD4","Bin_5",-1.19326277181373,5,5.84595254760882,2,0.712453470392347
"PSMD4","Bin_6",-2.02741868523419,6,7.14505311374411,2,0.712453470392347
"PSMD4","Bin_7",-1.02265515932567,7,8.4441536798794,2,0.712453470392347
"PSMD4","Bin_8",-1.19604938897769,8,9.7432542460147,2,0.712453470392347
"PSMD4","Bin_9",0.33312629579696,9,11.04235481215,2,0.712453470392347
"PSMD4","Bin_10",0.872524143493411,10,12.3414553782853,2,0.712453470392347
"PSMD4","Bin_11",0.802114636829732,11,13.6405559444206,2,0.712453470392347
"PSMD4","Bin_12",0.533929985340762,12,14.9396565105559,2,0.712453470392347
"PSMD4","Bin_13",0.574019218978669,13,16.2387570766912,2,0.712453470392347
"PSMD4","Bin_14",0.55216737705432,14,17.5378576428265,2,0.712453470392347
"PSMD4","Bin_15",0.586739630172443,15,18.8369582089617,2,0.712453470392347
"PSMD4","Bin_16",0.53162611246448,16,20.136058775097,2,0.712453470392347
"PSMD4","Bin_17",0.75629874628891,17,21.4351593412323,2,0.712453470392347
"PSMD4","Bin_18",1.08605490045513,18,22.7342599073676,2,0.712453470392347
"PSMD4","Bin_19",1.22015768881622,19,24.0333604735029,2,0.712453470392347
"PSMD4","Bin_20",1.14911624958503,20,25.3324610396382,2,0.712453470392347
"PSMB4","Bin_1",-1.2361035198152,1,0.649550283067647,2,0.688860764415843
"PSMB4","Bin_2",-1.14992147431281,2,1.94865084920294,2,0.688860764415843
"PSMB4","Bin_3",-1.17039152824154,3,3.24775141533823,2,0.688860764415843
"PSMB4","Bin_4",-0.566907387706353,4,4.54685198147353,2,0.688860764415843
"PSMB4","Bin_5",-1.47070088908066,5,5.84595254760882,2,0.688860764415843
"PSMB4","Bin_6",-1.49668662124861,6,7.14505311374411,2,0.688860764415843
"PSMB4","Bin_7",-1.66711014421314,7,8.4441536798794,2,0.688860764415843
"PSMB4","Bin_8",-0.325793361902194,8,9.7432542460147,2,0.688860764415843
"PSMB4","Bin_9",0.639551317316263,9,11.04235481215,2,0.688860764415843
"PSMB4","Bin_10",1.01895902841774,10,12.3414553782853,2,0.688860764415843
"PSMB4","Bin_11",0.751520205441843,11,13.6405559444206,2,0.688860764415843
"PSMB4","Bin_12",0.747525134301665,12,14.9396565105559,2,0.688860764415843
"PSMB4","Bin_13",0.744775341924053,13,16.2387570766912,2,0.688860764415843
"PSMB4","Bin_14",0.715395434112254,14,17.5378576428265,2,0.688860764415843
"PSMB4","Bin_15",0.698910132592992,15,18.8369582089617,2,0.688860764415843
"PSMB4","Bin_16",0.596258384608235,16,20.136058775097,2,0.688860764415843
"PSMB4","Bin_17",0.506312599213637,17,21.4351593412323,2,0.688860764415843
"PSMB4","Bin_18",0.6873137506869,18,22.7342599073676,2,0.688860764415843
"PSMB4","Bin_19",0.935932700217994,19,24.0333604735029,2,0.688860764415843
"PSMB4","Bin_20",1.04116089768695,20,25.3324610396382,2,0.688860764415843
"SRP19","Bin_1",-0.436471930303078,1,0.649550283067647,2,0.718173772114719
"SRP19","Bin_2",-1.17715758759263,2,1.94865084920294,2,0.718173772114719
"SRP19","Bin_3",-1.1198876806776,3,3.24775141533823,2,0.718173772114719
"SRP19","Bin_4",-1.30394925137553,4,4.54685198147353,2,0.718173772114719
"SRP19","Bin_5",-1.81975560636645,5,5.84595254760882,2,0.718173772114719
"SRP19","Bin_6",-1.44667661321793,6,7.14505311374411,2,0.718173772114719
"SRP19","Bin_7",-1.04225838737057,7,8.4441536798794,2,0.718173772114719
"SRP19","Bin_8",-0.457347258677488,8,9.7432542460147,2,0.718173772114719
"SRP19","Bin_9",0.0646510569870827,9,11.04235481215,2,0.718173772114719
"SRP19","Bin_10",0.834426481159858,10,12.3414553782853,2,0.718173772114719
"SRP19","Bin_11",0.86353591237036,11,13.6405559444206,2,0.718173772114719
"SRP19","Bin_12",0.599223773124899,12,14.9396565105559,2,0.718173772114719
"SRP19","Bin_13",0.517825823609714,13,16.2387570766912,2,0.718173772114719
"SRP19","Bin_14",0.36636952669983,14,17.5378576428265,2,0.718173772114719
"SRP19","Bin_15",0.442176046840762,15,18.8369582089617,2,0.718173772114719
"SRP19","Bin_16",0.84194751927696,16,20.136058775097,2,0.718173772114719
"SRP19","Bin_17",0.91621618531244,17,21.4351593412323,2,0.718173772114719
"SRP19","Bin_18",0.961338043238473,18,22.7342599073676,2,0.718173772114719
"SRP19","Bin_19",1.30742776918127,19,24.0333604735029,2,0.718173772114719
"SRP19","Bin_20",1.08836617777963,20,25.3324610396382,2,0.718173772114719
"KIT","Bin_1",-1.42689042688321,1,0.649550283067647,2,0.626885358591674
"KIT","Bin_2",-0.520037195074875,2,1.94865084920294,2,0.626885358591674
"KIT","Bin_3",-0.630325088286208,3,3.24775141533823,2,0.626885358591674
"KIT","Bin_4",-1.43435502112744,4,4.54685198147353,2,0.626885358591674
"KIT","Bin_5",-1.40269137550602,5,5.84595254760882,2,0.626885358591674
"KIT","Bin_6",-1.47536946757802,6,7.14505311374411,2,0.626885358591674
"KIT","Bin_7",0.0218451058655243,7,8.4441536798794,2,0.626885358591674
"KIT","Bin_8",-1.07953413214918,8,9.7432542460147,2,0.626885358591674
"KIT","Bin_9",-0.0715340675356117,9,11.04235481215,2,0.626885358591674
"KIT","Bin_10",0.532229787774646,10,12.3414553782853,2,0.626885358591674
"KIT","Bin_11",0.373078776414613,11,13.6405559444206,2,0.626885358591674
"KIT","Bin_12",0.342978428854685,12,14.9396565105559,2,0.626885358591674
"KIT","Bin_13",0.421714378804796,13,16.2387570766912,2,0.626885358591674
"KIT","Bin_14",0.145961284371685,14,17.5378576428265,2,0.626885358591674
"KIT","Bin_15",0.305592837578771,15,18.8369582089617,2,0.626885358591674
"KIT","Bin_16",0.413806920101108,16,20.136058775097,2,0.626885358591674
"KIT","Bin_17",0.888513606609001,17,21.4351593412323,2,0.626885358591674
"KIT","Bin_18",1.45358057733925,18,22.7342599073676,2,0.626885358591674
"KIT","Bin_19",1.36688784413164,19,24.0333604735029,2,0.626885358591674
"KIT","Bin_20",1.77454722629484,20,25.3324610396382,2,0.626885358591674
"DHPS","Bin_1",-0.758500377204435,1,0.649550283067647,2,0.680977138352753
"DHPS","Bin_2",-1.05489062042636,2,1.94865084920294,2,0.680977138352753
"DHPS","Bin_3",-1.28402508759089,3,3.24775141533823,2,0.680977138352753
"DHPS","Bin_4",-1.47926618787024,4,4.54685198147353,2,0.680977138352753
"DHPS","Bin_5",-1.70830955828721,5,5.84595254760882,2,0.680977138352753
"DHPS","Bin_6",-1.17031982235373,6,7.14505311374411,2,0.680977138352753
"DHPS","Bin_7",-1.10733275878697,7,8.4441536798794,2,0.680977138352753
"DHPS","Bin_8",-0.636701208193437,8,9.7432542460147,2,0.680977138352753
"DHPS","Bin_9",0.682156550885891,9,11.04235481215,2,0.680977138352753
"DHPS","Bin_10",0.663652982136257,10,12.3414553782853,2,0.680977138352753
"DHPS","Bin_11",1.00667122457512,11,13.6405559444206,2,0.680977138352753
"DHPS","Bin_12",0.451497909928574,12,14.9396565105559,2,0.680977138352753
"DHPS","Bin_13",0.722738854119287,13,16.2387570766912,2,0.680977138352753
"DHPS","Bin_14",1.01866033547017,14,17.5378576428265,2,0.680977138352753
"DHPS","Bin_15",0.914271777842262,15,18.8369582089617,2,0.680977138352753
"DHPS","Bin_16",1.01991100410503,16,20.136058775097,2,0.680977138352753
"DHPS","Bin_17",0.857975427043931,17,21.4351593412323,2,0.680977138352753
"DHPS","Bin_18",0.443266196157164,18,22.7342599073676,2,0.680977138352753
"DHPS","Bin_19",0.539700803417839,19,24.0333604735029,2,0.680977138352753
"DHPS","Bin_20",0.878842555031747,20,25.3324610396382,2,0.680977138352753
"AP3S1","Bin_1",-0.933168634538959,1,0.649550283067647,2,0.610518048662052
"AP3S1","Bin_2",-1.41148845599813,2,1.94865084920294,2,0.610518048662052
"AP3S1","Bin_3",-1.34804830182747,3,3.24775141533823,2,0.610518048662052
"AP3S1","Bin_4",-0.897864676657544,4,4.54685198147353,2,0.610518048662052
"AP3S1","Bin_5",-1.23961643443528,5,5.84595254760882,2,0.610518048662052
"AP3S1","Bin_6",0.20054509416261,6,7.14505311374411,2,0.610518048662052
"AP3S1","Bin_7",-1.51655319168445,7,8.4441536798794,2,0.610518048662052
"AP3S1","Bin_8",-1.38416021757327,8,9.7432542460147,2,0.610518048662052
"AP3S1","Bin_9",0.789324730398276,9,11.04235481215,2,0.610518048662052
"AP3S1","Bin_10",0.970473504182172,10,12.3414553782853,2,0.610518048662052
"AP3S1","Bin_11",0.797785020137522,11,13.6405559444206,2,0.610518048662052
"AP3S1","Bin_12",0.917132966326438,12,14.9396565105559,2,0.610518048662052
"AP3S1","Bin_13",0.103572621532433,13,16.2387570766912,2,0.610518048662052
"AP3S1","Bin_14",-0.0809900491224635,14,17.5378576428265,2,0.610518048662052
"AP3S1","Bin_15",0.472575545191859,15,18.8369582089617,2,0.610518048662052
"AP3S1","Bin_16",0.551479442644555,16,20.136058775097,2,0.610518048662052
"AP3S1","Bin_17",1.23545064413181,17,21.4351593412323,2,0.610518048662052
"AP3S1","Bin_18",0.756069037071428,18,22.7342599073676,2,0.610518048662052
"AP3S1","Bin_19",0.99266513901897,19,24.0333604735029,2,0.610518048662052
"AP3S1","Bin_20",1.02481621703949,20,25.3324610396382,2,0.610518048662052
"MAGEF1","Bin_1",-0.250730172773306,1,0.649550283067647,2,0.665026943217906
"MAGEF1","Bin_2",-1.10128831821285,2,1.94865084920294,2,0.665026943217906
"MAGEF1","Bin_3",-1.2689281248054,3,3.24775141533823,2,0.665026943217906
"MAGEF1","Bin_4",-0.966731466813058,4,4.54685198147353,2,0.665026943217906
"MAGEF1","Bin_5",-0.943708085382899,5,5.84595254760882,2,0.665026943217906
"MAGEF1","Bin_6",-1.81438614078797,6,7.14505311374411,2,0.665026943217906
"MAGEF1","Bin_7",-0.961509870655636,7,8.4441536798794,2,0.665026943217906
"MAGEF1","Bin_8",-1.57349907969957,8,9.7432542460147,2,0.665026943217906
"MAGEF1","Bin_9",0.104491168650121,9,11.04235481215,2,0.665026943217906
"MAGEF1","Bin_10",0.820161024109072,10,12.3414553782853,2,0.665026943217906
"MAGEF1","Bin_11",0.829601779945601,11,13.6405559444206,2,0.665026943217906
"MAGEF1","Bin_12",0.4394087728252,12,14.9396565105559,2,0.665026943217906
"MAGEF1","Bin_13",0.847733762445755,13,16.2387570766912,2,0.665026943217906
"MAGEF1","Bin_14",1.02076600684157,14,17.5378576428265,2,0.665026943217906
"MAGEF1","Bin_15",0.541193249624029,15,18.8369582089617,2,0.665026943217906
"MAGEF1","Bin_16",0.767904886513789,16,20.136058775097,2,0.665026943217906
"MAGEF1","Bin_17",0.420063248879453,17,21.4351593412323,2,0.665026943217906
"MAGEF1","Bin_18",1.02672448335786,18,22.7342599073676,2,0.665026943217906
"MAGEF1","Bin_19",0.908012815869812,19,24.0333604735029,2,0.665026943217906
"MAGEF1","Bin_20",1.15472006006844,20,25.3324610396382,2,0.665026943217906
"MGST3","Bin_1",-0.610824669878239,1,0.649550283067647,2,0.665631856821474
"MGST3","Bin_2",-0.845430091737261,2,1.94865084920294,2,0.665631856821474
"MGST3","Bin_3",-1.08105579964667,3,3.24775141533823,2,0.665631856821474
"MGST3","Bin_4",-0.551977710018451,4,4.54685198147353,2,0.665631856821474
"MGST3","Bin_5",-1.30932602293001,5,5.84595254760882,2,0.665631856821474
"MGST3","Bin_6",-2.52989628715777,6,7.14505311374411,2,0.665631856821474
"MGST3","Bin_7",-1.06977532477317,7,8.4441536798794,2,0.665631856821474
"MGST3","Bin_8",-0.768940847923726,8,9.7432542460147,2,0.665631856821474
"MGST3","Bin_9",0.435386724296181,9,11.04235481215,2,0.665631856821474
"MGST3","Bin_10",0.59317990169532,10,12.3414553782853,2,0.665631856821474
"MGST3","Bin_11",0.640881467434731,11,13.6405559444206,2,0.665631856821474
"MGST3","Bin_12",0.700552168602586,12,14.9396565105559,2,0.665631856821474
"MGST3","Bin_13",0.847939084651951,13,16.2387570766912,2,0.665631856821474
"MGST3","Bin_14",0.761178667170681,14,17.5378576428265,2,0.665631856821474
"MGST3","Bin_15",0.757091651313219,15,18.8369582089617,2,0.665631856821474
"MGST3","Bin_16",0.743292720700618,16,20.136058775097,2,0.665631856821474
"MGST3","Bin_17",0.834501332320827,17,21.4351593412323,2,0.665631856821474
"MGST3","Bin_18",0.929600262158599,18,22.7342599073676,2,0.665631856821474
"MGST3","Bin_19",0.769774876223857,19,24.0333604735029,2,0.665631856821474
"MGST3","Bin_20",0.753847897496722,20,25.3324610396382,2,0.665631856821474
"EBLN3P","Bin_1",-0.461650503532948,1,0.649550283067647,2,0.66601369191228
"EBLN3P","Bin_2",-1.10488935620889,2,1.94865084920294,2,0.66601369191228
"EBLN3P","Bin_3",-1.33401465257777,3,3.24775141533823,2,0.66601369191228
"EBLN3P","Bin_4",-1.16842260505611,4,4.54685198147353,2,0.66601369191228
"EBLN3P","Bin_5",-1.64990125152543,5,5.84595254760882,2,0.66601369191228
"EBLN3P","Bin_6",-1.04313014273347,6,7.14505311374411,2,0.66601369191228
"EBLN3P","Bin_7",-0.765693842311979,7,8.4441536798794,2,0.66601369191228
"EBLN3P","Bin_8",-1.19736411347568,8,9.7432542460147,2,0.66601369191228
"EBLN3P","Bin_9",-0.0807075143093652,9,11.04235481215,2,0.66601369191228
"EBLN3P","Bin_10",0.412350864558471,10,12.3414553782853,2,0.66601369191228
"EBLN3P","Bin_11",0.680251349489601,11,13.6405559444206,2,0.66601369191228
"EBLN3P","Bin_12",0.609106998215033,12,14.9396565105559,2,0.66601369191228
"EBLN3P","Bin_13",0.310054077744994,13,16.2387570766912,2,0.66601369191228
"EBLN3P","Bin_14",0.771143478848265,14,17.5378576428265,2,0.66601369191228
"EBLN3P","Bin_15",0.781834273714715,15,18.8369582089617,2,0.66601369191228
"EBLN3P","Bin_16",0.689764133868708,16,20.136058775097,2,0.66601369191228
"EBLN3P","Bin_17",1.76170970988063,17,21.4351593412323,2,0.66601369191228
"EBLN3P","Bin_18",1.19126259042252,18,22.7342599073676,2,0.66601369191228
"EBLN3P","Bin_19",0.761132133137131,19,24.0333604735029,2,0.66601369191228
"EBLN3P","Bin_20",0.837164371851567,20,25.3324610396382,2,0.66601369191228
"LAGE3","Bin_1",-1.26508878125352,1,0.649550283067647,2,0.680962279386577
"LAGE3","Bin_2",-1.49943914073132,2,1.94865084920294,2,0.680962279386577
"LAGE3","Bin_3",-1.61347208246711,3,3.24775141533823,2,0.680962279386577
"LAGE3","Bin_4",-0.725086821620474,4,4.54685198147353,2,0.680962279386577
"LAGE3","Bin_5",-1.37057995352496,5,5.84595254760882,2,0.680962279386577
"LAGE3","Bin_6",-1.26749443387331,6,7.14505311374411,2,0.680962279386577
"LAGE3","Bin_7",-0.915236286168182,7,8.4441536798794,2,0.680962279386577
"LAGE3","Bin_8",-0.552405653581867,8,9.7432542460147,2,0.680962279386577
"LAGE3","Bin_9",0.931951557787134,9,11.04235481215,2,0.680962279386577
"LAGE3","Bin_10",1.08123397078877,10,12.3414553782853,2,0.680962279386577
"LAGE3","Bin_11",0.815243477860094,11,13.6405559444206,2,0.680962279386577
"LAGE3","Bin_12",1.0431665972068,12,14.9396565105559,2,0.680962279386577
"LAGE3","Bin_13",0.714742903462823,13,16.2387570766912,2,0.680962279386577
"LAGE3","Bin_14",0.58706585802136,14,17.5378576428265,2,0.680962279386577
"LAGE3","Bin_15",0.75932633303982,15,18.8369582089617,2,0.680962279386577
"LAGE3","Bin_16",0.758663999404021,16,20.136058775097,2,0.680962279386577
"LAGE3","Bin_17",0.592120714869227,17,21.4351593412323,2,0.680962279386577
"LAGE3","Bin_18",0.58445752119494,18,22.7342599073676,2,0.680962279386577
"LAGE3","Bin_19",0.619582918134688,19,24.0333604735029,2,0.680962279386577
"LAGE3","Bin_20",0.721247301451075,20,25.3324610396382,2,0.680962279386577
"TMEM14A","Bin_1",-0.662597948656943,1,0.649550283067647,2,0.713507343315238
"TMEM14A","Bin_2",-1.2782972883676,2,1.94865084920294,2,0.713507343315238
"TMEM14A","Bin_3",-1.07924696165677,3,3.24775141533823,2,0.713507343315238
"TMEM14A","Bin_4",-0.755134515688494,4,4.54685198147353,2,0.713507343315238
"TMEM14A","Bin_5",-1.29270639092743,5,5.84595254760882,2,0.713507343315238
"TMEM14A","Bin_6",-1.81842275151058,6,7.14505311374411,2,0.713507343315238
"TMEM14A","Bin_7",-1.25407400239123,7,8.4441536798794,2,0.713507343315238
"TMEM14A","Bin_8",-0.747991152694592,8,9.7432542460147,2,0.713507343315238
"TMEM14A","Bin_9",0.653458551593259,9,11.04235481215,2,0.713507343315238
"TMEM14A","Bin_10",1.14097254089137,10,12.3414553782853,2,0.713507343315238
"TMEM14A","Bin_11",0.722363632282246,11,13.6405559444206,2,0.713507343315238
"TMEM14A","Bin_12",0.70718642946489,12,14.9396565105559,2,0.713507343315238
"TMEM14A","Bin_13",0.410887131825498,13,16.2387570766912,2,0.713507343315238
"TMEM14A","Bin_14",0.363426939566099,14,17.5378576428265,2,0.713507343315238
"TMEM14A","Bin_15",0.493375079299582,15,18.8369582089617,2,0.713507343315238
"TMEM14A","Bin_16",0.234719545406101,16,20.136058775097,2,0.713507343315238
"TMEM14A","Bin_17",0.64171319456888,17,21.4351593412323,2,0.713507343315238
"TMEM14A","Bin_18",0.89586252636301,18,22.7342599073676,2,0.713507343315238
"TMEM14A","Bin_19",1.12064558176819,19,24.0333604735029,2,0.713507343315238
"TMEM14A","Bin_20",1.50385985886451,20,25.3324610396382,2,0.713507343315238
"IGLC2","Bin_1",1.53348270992555,1,0.649550283067647,1,0.635964274808985
"IGLC2","Bin_2",2.09032090220239,2,1.94865084920294,1,0.635964274808985
"IGLC2","Bin_3",1.38847001407273,3,3.24775141533823,1,0.635964274808985
"IGLC2","Bin_4",2.17081464564861,4,4.54685198147353,1,0.635964274808985
"IGLC2","Bin_5",0.864385737799078,5,5.84595254760882,1,0.635964274808985
"IGLC2","Bin_6",-0.595501984533068,6,7.14505311374411,1,0.635964274808985
"IGLC2","Bin_7",0.19037111174196,7,8.4441536798794,1,0.635964274808985
"IGLC2","Bin_8",-0.595501984533068,8,9.7432542460147,1,0.635964274808985
"IGLC2","Bin_9",-0.502367638322874,9,11.04235481215,1,0.635964274808985
"IGLC2","Bin_10",-0.595501984533068,10,12.3414553782853,1,0.635964274808985
"IGLC2","Bin_11",-0.595501984533068,11,13.6405559444206,1,0.635964274808985
"IGLC2","Bin_12",-0.595501984533068,12,14.9396565105559,1,0.635964274808985
"IGLC2","Bin_13",-0.595501984533068,13,16.2387570766912,1,0.635964274808985
"IGLC2","Bin_14",-0.589453668670633,14,17.5378576428265,1,0.635964274808985
"IGLC2","Bin_15",-0.595501984533068,15,18.8369582089617,1,0.635964274808985
"IGLC2","Bin_16",-0.595501984533068,16,20.136058775097,1,0.635964274808985
"IGLC2","Bin_17",-0.595501984533068,17,21.4351593412323,1,0.635964274808985
"IGLC2","Bin_18",-0.595501984533068,18,22.7342599073676,1,0.635964274808985
"IGLC2","Bin_19",-0.595501984533068,19,24.0333604735029,1,0.635964274808985
"IGLC2","Bin_20",-0.595501984533068,20,25.3324610396382,1,0.635964274808985
"DNAJC19","Bin_1",-0.795271918723909,1,0.649550283067647,2,0.713468403691575
"DNAJC19","Bin_2",-1.10319773921585,2,1.94865084920294,2,0.713468403691575
"DNAJC19","Bin_3",-1.39352193069302,3,3.24775141533823,2,0.713468403691575
"DNAJC19","Bin_4",-1.07912349262117,4,4.54685198147353,2,0.713468403691575
"DNAJC19","Bin_5",-1.14549739326056,5,5.84595254760882,2,0.713468403691575
"DNAJC19","Bin_6",-1.57817486562234,6,7.14505311374411,2,0.713468403691575
"DNAJC19","Bin_7",-1.30366380883585,7,8.4441536798794,2,0.713468403691575
"DNAJC19","Bin_8",-0.93131249603626,8,9.7432542460147,2,0.713468403691575
"DNAJC19","Bin_9",0.959946593097659,9,11.04235481215,2,0.713468403691575
"DNAJC19","Bin_10",1.08358407613525,10,12.3414553782853,2,0.713468403691575
"DNAJC19","Bin_11",0.981108836292021,11,13.6405559444206,2,0.713468403691575
"DNAJC19","Bin_12",0.782297392823483,12,14.9396565105559,2,0.713468403691575
"DNAJC19","Bin_13",0.692251331154732,13,16.2387570766912,2,0.713468403691575
"DNAJC19","Bin_14",0.42094837470076,14,17.5378576428265,2,0.713468403691575
"DNAJC19","Bin_15",0.523044322255633,15,18.8369582089617,2,0.713468403691575
"DNAJC19","Bin_16",0.697584459633527,16,20.136058775097,2,0.713468403691575
"DNAJC19","Bin_17",0.631324011529225,17,21.4351593412323,2,0.713468403691575
"DNAJC19","Bin_18",0.777626542940208,18,22.7342599073676,2,0.713468403691575
"DNAJC19","Bin_19",0.893298652232194,19,24.0333604735029,2,0.713468403691575
"DNAJC19","Bin_20",0.886749052214265,20,25.3324610396382,2,0.713468403691575
"SSB","Bin_1",-1.09387505818447,1,0.649550283067647,2,0.71085988933295
"SSB","Bin_2",-1.17981449322195,2,1.94865084920294,2,0.71085988933295
"SSB","Bin_3",-1.33487321931388,3,3.24775141533823,2,0.71085988933295
"SSB","Bin_4",-0.939537806850462,4,4.54685198147353,2,0.71085988933295
"SSB","Bin_5",-1.30701137306069,5,5.84595254760882,2,0.71085988933295
"SSB","Bin_6",-1.17892353614519,6,7.14505311374411,2,0.71085988933295
"SSB","Bin_7",-1.12514102376018,7,8.4441536798794,2,0.71085988933295
"SSB","Bin_8",-1.01639545965213,8,9.7432542460147,2,0.71085988933295
"SSB","Bin_9",0.537060597311642,9,11.04235481215,2,0.71085988933295
"SSB","Bin_10",1.15139190604718,10,12.3414553782853,2,0.71085988933295
"SSB","Bin_11",0.997442691356497,11,13.6405559444206,2,0.71085988933295
"SSB","Bin_12",0.507675922675473,12,14.9396565105559,2,0.71085988933295
"SSB","Bin_13",0.874950705688805,13,16.2387570766912,2,0.71085988933295
"SSB","Bin_14",0.471330427594032,14,17.5378576428265,2,0.71085988933295
"SSB","Bin_15",0.358134572448812,15,18.8369582089617,2,0.71085988933295
"SSB","Bin_16",0.409938353088857,16,20.136058775097,2,0.71085988933295
"SSB","Bin_17",0.460009175828508,17,21.4351593412323,2,0.71085988933295
"SSB","Bin_18",0.987104469335905,18,22.7342599073676,2,0.71085988933295
"SSB","Bin_19",1.41456621430663,19,24.0333604735029,2,0.71085988933295
"SSB","Bin_20",1.00596693450661,20,25.3324610396382,2,0.71085988933295
"PSMB2","Bin_1",-1.25804776586423,1,0.649550283067647,2,0.697115506861742
"PSMB2","Bin_2",-1.42323515026868,2,1.94865084920294,2,0.697115506861742
"PSMB2","Bin_3",-1.43538893693756,3,3.24775141533823,2,0.697115506861742
"PSMB2","Bin_4",-0.55505428133866,4,4.54685198147353,2,0.697115506861742
"PSMB2","Bin_5",-1.12375317152109,5,5.84595254760882,2,0.697115506861742
"PSMB2","Bin_6",-1.29829742771447,6,7.14505311374411,2,0.697115506861742
"PSMB2","Bin_7",-1.01383773981757,7,8.4441536798794,2,0.697115506861742
"PSMB2","Bin_8",-0.928851775416742,8,9.7432542460147,2,0.697115506861742
"PSMB2","Bin_9",0.96019845052659,9,11.04235481215,2,0.697115506861742
"PSMB2","Bin_10",1.18021897878493,10,12.3414553782853,2,0.697115506861742
"PSMB2","Bin_11",0.977316631209291,11,13.6405559444206,2,0.697115506861742
"PSMB2","Bin_12",0.541693485024626,12,14.9396565105559,2,0.697115506861742
"PSMB2","Bin_13",0.53099809292608,13,16.2387570766912,2,0.697115506861742
"PSMB2","Bin_14",0.351865067642244,14,17.5378576428265,2,0.697115506861742
"PSMB2","Bin_15",0.335936077694887,15,18.8369582089617,2,0.697115506861742
"PSMB2","Bin_16",0.345599530800448,16,20.136058775097,2,0.697115506861742
"PSMB2","Bin_17",0.583343865366022,17,21.4351593412323,2,0.697115506861742
"PSMB2","Bin_18",0.757564869464875,18,22.7342599073676,2,0.697115506861742
"PSMB2","Bin_19",1.31893518397039,19,24.0333604735029,2,0.697115506861742
"PSMB2","Bin_20",1.15279601546863,20,25.3324610396382,2,0.697115506861742
"SELENBP1","Bin_1",0.27109150520254,1,0.649550283067647,2,0.540156413245194
"SELENBP1","Bin_2",-0.596997995104466,2,1.94865084920294,2,0.540156413245194
"SELENBP1","Bin_3",-1.10506151979026,3,3.24775141533823,2,0.540156413245194
"SELENBP1","Bin_4",-1.37432063022318,4,4.54685198147353,2,0.540156413245194
"SELENBP1","Bin_5",-1.23327370274387,5,5.84595254760882,2,0.540156413245194
"SELENBP1","Bin_6",-1.73512990864501,6,7.14505311374411,2,0.540156413245194
"SELENBP1","Bin_7",0.148732495190283,7,8.4441536798794,2,0.540156413245194
"SELENBP1","Bin_8",-1.42736568135085,8,9.7432542460147,2,0.540156413245194
"SELENBP1","Bin_9",-0.598186446140442,9,11.04235481215,2,0.540156413245194
"SELENBP1","Bin_10",-0.100083374880429,10,12.3414553782853,2,0.540156413245194
"SELENBP1","Bin_11",0.0726180709970963,11,13.6405559444206,2,0.540156413245194
"SELENBP1","Bin_12",0.38030066828945,12,14.9396565105559,2,0.540156413245194
"SELENBP1","Bin_13",0.0454769643887042,13,16.2387570766912,2,0.540156413245194
"SELENBP1","Bin_14",0.707799270524755,14,17.5378576428265,2,0.540156413245194
"SELENBP1","Bin_15",0.905683974278492,15,18.8369582089617,2,0.540156413245194
"SELENBP1","Bin_16",0.804078243199748,16,20.136058775097,2,0.540156413245194
"SELENBP1","Bin_17",1.60680421347491,17,21.4351593412323,2,0.540156413245194
"SELENBP1","Bin_18",1.50491639460369,18,22.7342599073676,2,0.540156413245194
"SELENBP1","Bin_19",1.02057552671873,19,24.0333604735029,2,0.540156413245194
"SELENBP1","Bin_20",0.702341932010101,20,25.3324610396382,2,0.540156413245194
"SEC63","Bin_1",-0.863107597553939,1,0.649550283067647,2,0.630806615658278
"SEC63","Bin_2",-1.14021284354399,2,1.94865084920294,2,0.630806615658278
"SEC63","Bin_3",-1.48863592889637,3,3.24775141533823,2,0.630806615658278
"SEC63","Bin_4",-1.0468861941255,4,4.54685198147353,2,0.630806615658278
"SEC63","Bin_5",-1.93031296164937,5,5.84595254760882,2,0.630806615658278
"SEC63","Bin_6",-0.136120075374716,6,7.14505311374411,2,0.630806615658278
"SEC63","Bin_7",-0.364541253905875,7,8.4441536798794,2,0.630806615658278
"SEC63","Bin_8",-0.931820908540752,8,9.7432542460147,2,0.630806615658278
"SEC63","Bin_9",-0.0558492605303937,9,11.04235481215,2,0.630806615658278
"SEC63","Bin_10",0.234553128101956,10,12.3414553782853,2,0.630806615658278
"SEC63","Bin_11",0.563104231338093,11,13.6405559444206,2,0.630806615658278
"SEC63","Bin_12",0.184777921984386,12,14.9396565105559,2,0.630806615658278
"SEC63","Bin_13",0.1030015634091,13,16.2387570766912,2,0.630806615658278
"SEC63","Bin_14",0.0843415954108655,14,17.5378576428265,2,0.630806615658278
"SEC63","Bin_15",0.54493229308773,15,18.8369582089617,2,0.630806615658278
"SEC63","Bin_16",0.737715092599855,16,20.136058775097,2,0.630806615658278
"SEC63","Bin_17",1.46932124671848,17,21.4351593412323,2,0.630806615658278
"SEC63","Bin_18",1.20663957893981,18,22.7342599073676,2,0.630806615658278
"SEC63","Bin_19",1.49228488009067,19,24.0333604735029,2,0.630806615658278
"SEC63","Bin_20",1.33681549243997,20,25.3324610396382,2,0.630806615658278
"DPY30","Bin_1",-0.336713774917455,1,0.649550283067647,2,0.685578150439326
"DPY30","Bin_2",-1.10259004351394,2,1.94865084920294,2,0.685578150439326
"DPY30","Bin_3",-1.24504593345172,3,3.24775141533823,2,0.685578150439326
"DPY30","Bin_4",-0.968239432674807,4,4.54685198147353,2,0.685578150439326
"DPY30","Bin_5",-1.35388235506007,5,5.84595254760882,2,0.685578150439326
"DPY30","Bin_6",-1.09370999113885,6,7.14505311374411,2,0.685578150439326
"DPY30","Bin_7",-1.76748737829686,7,8.4441536798794,2,0.685578150439326
"DPY30","Bin_8",-1.21036812905056,8,9.7432542460147,2,0.685578150439326
"DPY30","Bin_9",0.666673730256242,9,11.04235481215,2,0.685578150439326
"DPY30","Bin_10",1.10637282474286,10,12.3414553782853,2,0.685578150439326
"DPY30","Bin_11",0.927395482573818,11,13.6405559444206,2,0.685578150439326
"DPY30","Bin_12",0.898279661450101,12,14.9396565105559,2,0.685578150439326
"DPY30","Bin_13",0.457562106315952,13,16.2387570766912,2,0.685578150439326
"DPY30","Bin_14",0.333892061372606,14,17.5378576428265,2,0.685578150439326
"DPY30","Bin_15",0.521038664218215,15,18.8369582089617,2,0.685578150439326
"DPY30","Bin_16",0.551399497366574,16,20.136058775097,2,0.685578150439326
"DPY30","Bin_17",0.727712225300032,17,21.4351593412323,2,0.685578150439326
"DPY30","Bin_18",0.84832531195256,18,22.7342599073676,2,0.685578150439326
"DPY30","Bin_19",1.06696778848029,19,24.0333604735029,2,0.685578150439326
"DPY30","Bin_20",0.972417684075001,20,25.3324610396382,2,0.685578150439326
"TMEM123","Bin_1",-1.34402823664351,1,0.649550283067647,2,0.649675712351816
"TMEM123","Bin_2",-0.754407522846153,2,1.94865084920294,2,0.649675712351816
"TMEM123","Bin_3",-1.04955111825131,3,3.24775141533823,2,0.649675712351816
"TMEM123","Bin_4",-0.902650258331181,4,4.54685198147353,2,0.649675712351816
"TMEM123","Bin_5",-1.9655594337053,5,5.84595254760882,2,0.649675712351816
"TMEM123","Bin_6",-1.7323286315533,6,7.14505311374411,2,0.649675712351816
"TMEM123","Bin_7",-0.782465722832429,7,8.4441536798794,2,0.649675712351816
"TMEM123","Bin_8",-0.119163372807896,8,9.7432542460147,2,0.649675712351816
"TMEM123","Bin_9",0.501650800799512,9,11.04235481215,2,0.649675712351816
"TMEM123","Bin_10",0.81032603915279,10,12.3414553782853,2,0.649675712351816
"TMEM123","Bin_11",0.90654841032166,11,13.6405559444206,2,0.649675712351816
"TMEM123","Bin_12",0.639470715526605,12,14.9396565105559,2,0.649675712351816
"TMEM123","Bin_13",0.346597533613349,13,16.2387570766912,2,0.649675712351816
"TMEM123","Bin_14",0.378181495031334,14,17.5378576428265,2,0.649675712351816
"TMEM123","Bin_15",0.928691390111813,15,18.8369582089617,2,0.649675712351816
"TMEM123","Bin_16",1.0703889697542,16,20.136058775097,2,0.649675712351816
"TMEM123","Bin_17",1.30935883443541,17,21.4351593412323,2,0.649675712351816
"TMEM123","Bin_18",0.781970450235309,18,22.7342599073676,2,0.649675712351816
"TMEM123","Bin_19",0.445101138565774,19,24.0333604735029,2,0.649675712351816
"TMEM123","Bin_20",0.531868519423314,20,25.3324610396382,2,0.649675712351816
"COMMD6","Bin_1",-0.352861686683326,1,0.649550283067647,2,0.598642951322056
"COMMD6","Bin_2",-0.414755901020301,2,1.94865084920294,2,0.598642951322056
"COMMD6","Bin_3",-0.381444221285926,3,3.24775141533823,2,0.598642951322056
"COMMD6","Bin_4",-1.10291301835775,4,4.54685198147353,2,0.598642951322056
"COMMD6","Bin_5",-1.32685016174997,5,5.84595254760882,2,0.598642951322056
"COMMD6","Bin_6",-2.76993284656574,6,7.14505311374411,2,0.598642951322056
"COMMD6","Bin_7",-1.41921619349342,7,8.4441536798794,2,0.598642951322056
"COMMD6","Bin_8",-0.281412110596183,8,9.7432542460147,2,0.598642951322056
"COMMD6","Bin_9",0.698954432466019,9,11.04235481215,2,0.598642951322056
"COMMD6","Bin_10",0.73436112784083,10,12.3414553782853,2,0.598642951322056
"COMMD6","Bin_11",0.560899499402641,11,13.6405559444206,2,0.598642951322056
"COMMD6","Bin_12",0.961983375623629,12,14.9396565105559,2,0.598642951322056
"COMMD6","Bin_13",0.339673352581422,13,16.2387570766912,2,0.598642951322056
"COMMD6","Bin_14",0.356820770896777,14,17.5378576428265,2,0.598642951322056
"COMMD6","Bin_15",0.721833676650347,15,18.8369582089617,2,0.598642951322056
"COMMD6","Bin_16",0.608431201764234,16,20.136058775097,2,0.598642951322056
"COMMD6","Bin_17",0.832161432857864,17,21.4351593412323,2,0.598642951322056
"COMMD6","Bin_18",0.89781402460767,18,22.7342599073676,2,0.598642951322056
"COMMD6","Bin_19",0.772464509421603,19,24.0333604735029,2,0.598642951322056
"COMMD6","Bin_20",0.563988735639575,20,25.3324610396382,2,0.598642951322056
"ATP5PB","Bin_1",-0.653629038901455,1,0.649550283067647,2,0.713565670302222
"ATP5PB","Bin_2",-1.28243777578555,2,1.94865084920294,2,0.713565670302222
"ATP5PB","Bin_3",-1.34056667971502,3,3.24775141533823,2,0.713565670302222
"ATP5PB","Bin_4",-1.00793560942951,4,4.54685198147353,2,0.713565670302222
"ATP5PB","Bin_5",-1.22477134242054,5,5.84595254760882,2,0.713565670302222
"ATP5PB","Bin_6",-1.50292435267833,6,7.14505311374411,2,0.713565670302222
"ATP5PB","Bin_7",-1.14263904477967,7,8.4441536798794,2,0.713565670302222
"ATP5PB","Bin_8",-1.06950635943705,8,9.7432542460147,2,0.713565670302222
"ATP5PB","Bin_9",0.849043612184154,9,11.04235481215,2,0.713565670302222
"ATP5PB","Bin_10",1.08202394650438,10,12.3414553782853,2,0.713565670302222
"ATP5PB","Bin_11",0.816912466579966,11,13.6405559444206,2,0.713565670302222
"ATP5PB","Bin_12",0.563225615609288,12,14.9396565105559,2,0.713565670302222
"ATP5PB","Bin_13",0.889468857883181,13,16.2387570766912,2,0.713565670302222
"ATP5PB","Bin_14",0.598836733120932,14,17.5378576428265,2,0.713565670302222
"ATP5PB","Bin_15",0.428069591701239,15,18.8369582089617,2,0.713565670302222
"ATP5PB","Bin_16",0.586926899559769,16,20.136058775097,2,0.713565670302222
"ATP5PB","Bin_17",0.40886758271758,17,21.4351593412323,2,0.713565670302222
"ATP5PB","Bin_18",0.650406403570073,18,22.7342599073676,2,0.713565670302222
"ATP5PB","Bin_19",1.16758166352404,19,24.0333604735029,2,0.713565670302222
"ATP5PB","Bin_20",1.18304683019252,20,25.3324610396382,2,0.713565670302222
"FAM178B","Bin_1",-1.34794533729692,1,0.649550283067647,2,0.660387341196386
"FAM178B","Bin_2",-1.34794533729692,2,1.94865084920294,2,0.660387341196386
"FAM178B","Bin_3",-1.29522117327621,3,3.24775141533823,2,0.660387341196386
"FAM178B","Bin_4",-1.33561905911739,4,4.54685198147353,2,0.660387341196386
"FAM178B","Bin_5",-1.2596724873251,5,5.84595254760882,2,0.660387341196386
"FAM178B","Bin_6",-1.34794533729692,6,7.14505311374411,2,0.660387341196386
"FAM178B","Bin_7",0.0363848879214824,7,8.4441536798794,2,0.660387341196386
"FAM178B","Bin_8",-0.485836129192883,8,9.7432542460147,2,0.660387341196386
"FAM178B","Bin_9",-0.177649008049373,9,11.04235481215,2,0.660387341196386
"FAM178B","Bin_10",0.399365910033215,10,12.3414553782853,2,0.660387341196386
"FAM178B","Bin_11",0.780280248524818,11,13.6405559444206,2,0.660387341196386
"FAM178B","Bin_12",0.511825583821259,12,14.9396565105559,2,0.660387341196386
"FAM178B","Bin_13",0.245076011263097,13,16.2387570766912,2,0.660387341196386
"FAM178B","Bin_14",0.457281019453393,14,17.5378576428265,2,0.660387341196386
"FAM178B","Bin_15",0.526307985478231,15,18.8369582089617,2,0.660387341196386
"FAM178B","Bin_16",1.13446802141346,16,20.136058775097,2,0.660387341196386
"FAM178B","Bin_17",1.38552552266473,17,21.4351593412323,2,0.660387341196386
"FAM178B","Bin_18",1.19150050664804,18,22.7342599073676,2,0.660387341196386
"FAM178B","Bin_19",1.2538935848931,19,24.0333604735029,2,0.660387341196386
"FAM178B","Bin_20",0.675924586736904,20,25.3324610396382,2,0.660387341196386
"CSNK2B","Bin_1",-0.316895250035229,1,0.649550283067647,2,0.686831107010606
"CSNK2B","Bin_2",-1.0010010345355,2,1.94865084920294,2,0.686831107010606
"CSNK2B","Bin_3",-0.959436551763978,3,3.24775141533823,2,0.686831107010606
"CSNK2B","Bin_4",-0.876945995893708,4,4.54685198147353,2,0.686831107010606
"CSNK2B","Bin_5",-1.08048725517439,5,5.84595254760882,2,0.686831107010606
"CSNK2B","Bin_6",-1.98324935796548,6,7.14505311374411,2,0.686831107010606
"CSNK2B","Bin_7",-1.70359737078526,7,8.4441536798794,2,0.686831107010606
"CSNK2B","Bin_8",-0.999889315150223,8,9.7432542460147,2,0.686831107010606
"CSNK2B","Bin_9",0.435389828961415,9,11.04235481215,2,0.686831107010606
"CSNK2B","Bin_10",0.994003967903493,10,12.3414553782853,2,0.686831107010606
"CSNK2B","Bin_11",0.884682485101155,11,13.6405559444206,2,0.686831107010606
"CSNK2B","Bin_12",0.538467167005616,12,14.9396565105559,2,0.686831107010606
"CSNK2B","Bin_13",0.735024881843241,13,16.2387570766912,2,0.686831107010606
"CSNK2B","Bin_14",0.410268062121872,14,17.5378576428265,2,0.686831107010606
"CSNK2B","Bin_15",0.718614368357061,15,18.8369582089617,2,0.686831107010606
"CSNK2B","Bin_16",0.718954007229954,16,20.136058775097,2,0.686831107010606
"CSNK2B","Bin_17",0.636056686286832,17,21.4351593412323,2,0.686831107010606
"CSNK2B","Bin_18",0.691118458953519,18,22.7342599073676,2,0.686831107010606
"CSNK2B","Bin_19",1.06394232255854,19,24.0333604735029,2,0.686831107010606
"CSNK2B","Bin_20",1.09497989498107,20,25.3324610396382,2,0.686831107010606
"PLTP","Bin_1",-0.938317407430587,1,0.649550283067647,2,0.49229350264274
"PLTP","Bin_2",-0.339373646733293,2,1.94865084920294,2,0.49229350264274
"PLTP","Bin_3",-0.532004758278732,3,3.24775141533823,2,0.49229350264274
"PLTP","Bin_4",-0.681866663497538,4,4.54685198147353,2,0.49229350264274
"PLTP","Bin_5",-0.938317407430587,5,5.84595254760882,2,0.49229350264274
"PLTP","Bin_6",-0.938317407430587,6,7.14505311374411,2,0.49229350264274
"PLTP","Bin_7",-0.938317407430587,7,8.4441536798794,2,0.49229350264274
"PLTP","Bin_8",-0.437925481481565,8,9.7432542460147,2,0.49229350264274
"PLTP","Bin_9",-0.364196171630428,9,11.04235481215,2,0.49229350264274
"PLTP","Bin_10",-0.241946630595234,10,12.3414553782853,2,0.49229350264274
"PLTP","Bin_11",-0.121675523627191,11,13.6405559444206,2,0.49229350264274
"PLTP","Bin_12",-0.354090650620046,12,14.9396565105559,2,0.49229350264274
"PLTP","Bin_13",-0.368422175268816,13,16.2387570766912,2,0.49229350264274
"PLTP","Bin_14",-0.148681609998214,14,17.5378576428265,2,0.49229350264274
"PLTP","Bin_15",-0.00111394143034006,15,18.8369582089617,2,0.49229350264274
"PLTP","Bin_16",-0.0929244368105797,16,20.136058775097,2,0.49229350264274
"PLTP","Bin_17",2.01647119233019,17,21.4351593412323,2,0.49229350264274
"PLTP","Bin_18",1.68899537341283,18,22.7342599073676,2,0.49229350264274
"PLTP","Bin_19",2.0119782669051,19,24.0333604735029,2,0.49229350264274
"PLTP","Bin_20",1.72004648704621,20,25.3324610396382,2,0.49229350264274
"MRPL58","Bin_1",-0.825114605688919,1,0.649550283067647,2,0.690977870417284
"MRPL58","Bin_2",-1.32409249613522,2,1.94865084920294,2,0.690977870417284
"MRPL58","Bin_3",-1.33801663318016,3,3.24775141533823,2,0.690977870417284
"MRPL58","Bin_4",-1.01047576791831,4,4.54685198147353,2,0.690977870417284
"MRPL58","Bin_5",-1.40876778031882,5,5.84595254760882,2,0.690977870417284
"MRPL58","Bin_6",-1.60638887835445,6,7.14505311374411,2,0.690977870417284
"MRPL58","Bin_7",-1.20952139903863,7,8.4441536798794,2,0.690977870417284
"MRPL58","Bin_8",0.0872034592350102,8,9.7432542460147,2,0.690977870417284
"MRPL58","Bin_9",0.943854276702215,9,11.04235481215,2,0.690977870417284
"MRPL58","Bin_10",1.08767118418535,10,12.3414553782853,2,0.690977870417284
"MRPL58","Bin_11",1.10695470180899,11,13.6405559444206,2,0.690977870417284
"MRPL58","Bin_12",0.773543353377659,12,14.9396565105559,2,0.690977870417284
"MRPL58","Bin_13",0.527081229042097,13,16.2387570766912,2,0.690977870417284
"MRPL58","Bin_14",0.286385208592536,14,17.5378576428265,2,0.690977870417284
"MRPL58","Bin_15",0.203501174850019,15,18.8369582089617,2,0.690977870417284
"MRPL58","Bin_16",0.395055019396309,16,20.136058775097,2,0.690977870417284
"MRPL58","Bin_17",0.457479158614772,17,21.4351593412323,2,0.690977870417284
"MRPL58","Bin_18",0.479511796814358,18,22.7342599073676,2,0.690977870417284
"MRPL58","Bin_19",1.24431791308393,19,24.0333604735029,2,0.690977870417284
"MRPL58","Bin_20",1.12981908493126,20,25.3324610396382,2,0.690977870417284
"HEXIM1","Bin_1",-1.09628507410443,1,0.649550283067647,2,0.621198043880044
"HEXIM1","Bin_2",-0.399714105495097,2,1.94865084920294,2,0.621198043880044
"HEXIM1","Bin_3",-0.840620166011558,3,3.24775141533823,2,0.621198043880044
"HEXIM1","Bin_4",-1.74109591973143,4,4.54685198147353,2,0.621198043880044
"HEXIM1","Bin_5",-2.09901516695143,5,5.84595254760882,2,0.621198043880044
"HEXIM1","Bin_6",-0.522666391005817,6,7.14505311374411,2,0.621198043880044
"HEXIM1","Bin_7",-0.989482655906882,7,8.4441536798794,2,0.621198043880044
"HEXIM1","Bin_8",-0.647032451740596,8,9.7432542460147,2,0.621198043880044
"HEXIM1","Bin_9",-0.112691223055856,9,11.04235481215,2,0.621198043880044
"HEXIM1","Bin_10",0.182643050878307,10,12.3414553782853,2,0.621198043880044
"HEXIM1","Bin_11",0.951555965514033,11,13.6405559444206,2,0.621198043880044
"HEXIM1","Bin_12",0.0408233399526764,12,14.9396565105559,2,0.621198043880044
"HEXIM1","Bin_13",0.834894211624369,13,16.2387570766912,2,0.621198043880044
"HEXIM1","Bin_14",0.829590606565398,14,17.5378576428265,2,0.621198043880044
"HEXIM1","Bin_15",0.831289278814546,15,18.8369582089617,2,0.621198043880044
"HEXIM1","Bin_16",0.63364907536064,16,20.136058775097,2,0.621198043880044
"HEXIM1","Bin_17",0.814187310024275,17,21.4351593412323,2,0.621198043880044
"HEXIM1","Bin_18",1.14835810715617,18,22.7342599073676,2,0.621198043880044
"HEXIM1","Bin_19",1.21572686893993,19,24.0333604735029,2,0.621198043880044
"HEXIM1","Bin_20",0.965885339172739,20,25.3324610396382,2,0.621198043880044
"PCBD1","Bin_1",0.0166477879380941,1,0.649550283067647,2,0.668257880504188
"PCBD1","Bin_2",-1.03533952064626,2,1.94865084920294,2,0.668257880504188
"PCBD1","Bin_3",-1.22837618363932,3,3.24775141533823,2,0.668257880504188
"PCBD1","Bin_4",-1.1356396450958,4,4.54685198147353,2,0.668257880504188
"PCBD1","Bin_5",-1.32634132725688,5,5.84595254760882,2,0.668257880504188
"PCBD1","Bin_6",-1.33907894879595,6,7.14505311374411,2,0.668257880504188
"PCBD1","Bin_7",-1.05252471934216,7,8.4441536798794,2,0.668257880504188
"PCBD1","Bin_8",-1.76866928973446,8,9.7432542460147,2,0.668257880504188
"PCBD1","Bin_9",0.194450304796681,9,11.04235481215,2,0.668257880504188
"PCBD1","Bin_10",0.954443031366354,10,12.3414553782853,2,0.668257880504188
"PCBD1","Bin_11",0.747666160685257,11,13.6405559444206,2,0.668257880504188
"PCBD1","Bin_12",0.651086177132271,12,14.9396565105559,2,0.668257880504188
"PCBD1","Bin_13",0.713833195860883,13,16.2387570766912,2,0.668257880504188
"PCBD1","Bin_14",0.536288776093774,14,17.5378576428265,2,0.668257880504188
"PCBD1","Bin_15",0.36296259020244,15,18.8369582089617,2,0.668257880504188
"PCBD1","Bin_16",0.783972450143146,16,20.136058775097,2,0.668257880504188
"PCBD1","Bin_17",0.916069439253154,17,21.4351593412323,2,0.668257880504188
"PCBD1","Bin_18",1.00431125739692,18,22.7342599073676,2,0.668257880504188
"PCBD1","Bin_19",1.07059445395847,19,24.0333604735029,2,0.668257880504188
"PCBD1","Bin_20",0.933644009683395,20,25.3324610396382,2,0.668257880504188
"SLC3A2","Bin_1",-0.905889891461168,1,0.649550283067647,2,0.658307493387691
"SLC3A2","Bin_2",-0.753196325316709,2,1.94865084920294,2,0.658307493387691
"SLC3A2","Bin_3",-0.813559128004862,3,3.24775141533823,2,0.658307493387691
"SLC3A2","Bin_4",-0.755522981087409,4,4.54685198147353,2,0.658307493387691
"SLC3A2","Bin_5",-1.65716434072469,5,5.84595254760882,2,0.658307493387691
"SLC3A2","Bin_6",-2.0040000431925,6,7.14505311374411,2,0.658307493387691
"SLC3A2","Bin_7",-0.211016162792864,7,8.4441536798794,2,0.658307493387691
"SLC3A2","Bin_8",-1.25432595422186,8,9.7432542460147,2,0.658307493387691
"SLC3A2","Bin_9",0.472292290351344,9,11.04235481215,2,0.658307493387691
"SLC3A2","Bin_10",0.830743128580663,10,12.3414553782853,2,0.658307493387691
"SLC3A2","Bin_11",0.8705650066685,11,13.6405559444206,2,0.658307493387691
"SLC3A2","Bin_12",0.508080161634584,12,14.9396565105559,2,0.658307493387691
"SLC3A2","Bin_13",0.493630021914951,13,16.2387570766912,2,0.658307493387691
"SLC3A2","Bin_14",0.124322476943615,14,17.5378576428265,2,0.658307493387691
"SLC3A2","Bin_15",0.22131600363005,15,18.8369582089617,2,0.658307493387691
"SLC3A2","Bin_16",0.3883508337943,16,20.136058775097,2,0.658307493387691
"SLC3A2","Bin_17",0.677965156624223,17,21.4351593412323,2,0.658307493387691
"SLC3A2","Bin_18",0.740723432429129,18,22.7342599073676,2,0.658307493387691
"SLC3A2","Bin_19",1.61923057443465,19,24.0333604735029,2,0.658307493387691
"SLC3A2","Bin_20",1.40745573979605,20,25.3324610396382,2,0.658307493387691
"ERGIC3","Bin_1",0.394480837259043,1,0.649550283067647,2,0.644927208311185
"ERGIC3","Bin_2",-0.841035281924816,2,1.94865084920294,2,0.644927208311185
"ERGIC3","Bin_3",-1.15942559123663,3,3.24775141533823,2,0.644927208311185
"ERGIC3","Bin_4",-1.23661344079148,4,4.54685198147353,2,0.644927208311185
"ERGIC3","Bin_5",-1.49432356695316,5,5.84595254760882,2,0.644927208311185
"ERGIC3","Bin_6",-1.10585408317323,6,7.14505311374411,2,0.644927208311185
"ERGIC3","Bin_7",-1.63114416318031,7,8.4441536798794,2,0.644927208311185
"ERGIC3","Bin_8",-1.32594771075748,8,9.7432542460147,2,0.644927208311185
"ERGIC3","Bin_9",0.305499278868914,9,11.04235481215,2,0.644927208311185
"ERGIC3","Bin_10",0.315895090755948,10,12.3414553782853,2,0.644927208311185
"ERGIC3","Bin_11",0.523681745813583,11,13.6405559444206,2,0.644927208311185
"ERGIC3","Bin_12",0.645299876375447,12,14.9396565105559,2,0.644927208311185
"ERGIC3","Bin_13",0.324815676511718,13,16.2387570766912,2,0.644927208311185
"ERGIC3","Bin_14",0.403208558181372,14,17.5378576428265,2,0.644927208311185
"ERGIC3","Bin_15",0.58305117306809,15,18.8369582089617,2,0.644927208311185
"ERGIC3","Bin_16",0.614787957550139,16,20.136058775097,2,0.644927208311185
"ERGIC3","Bin_17",1.18069572869264,17,21.4351593412323,2,0.644927208311185
"ERGIC3","Bin_18",1.05290133551124,18,22.7342599073676,2,0.644927208311185
"ERGIC3","Bin_19",1.13797537304509,19,24.0333604735029,2,0.644927208311185
"ERGIC3","Bin_20",1.31205120638389,20,25.3324610396382,2,0.644927208311185
"EIF4G1","Bin_1",-0.960505511420605,1,0.649550283067647,2,0.678272849770983
"EIF4G1","Bin_2",-1.25954537667971,2,1.94865084920294,2,0.678272849770983
"EIF4G1","Bin_3",-1.23171572738377,3,3.24775141533823,2,0.678272849770983
"EIF4G1","Bin_4",-1.10553161270148,4,4.54685198147353,2,0.678272849770983
"EIF4G1","Bin_5",-1.40920556234928,5,5.84595254760882,2,0.678272849770983
"EIF4G1","Bin_6",-1.97117111956415,6,7.14505311374411,2,0.678272849770983
"EIF4G1","Bin_7",0.105074820526253,7,8.4441536798794,2,0.678272849770983
"EIF4G1","Bin_8",-0.927362024910188,8,9.7432542460147,2,0.678272849770983
"EIF4G1","Bin_9",0.664520401040085,9,11.04235481215,2,0.678272849770983
"EIF4G1","Bin_10",1.16021459095322,10,12.3414553782853,2,0.678272849770983
"EIF4G1","Bin_11",1.01309993102841,11,13.6405559444206,2,0.678272849770983
"EIF4G1","Bin_12",0.555461478273552,12,14.9396565105559,2,0.678272849770983
"EIF4G1","Bin_13",0.602416045089871,13,16.2387570766912,2,0.678272849770983
"EIF4G1","Bin_14",0.371436181941764,14,17.5378576428265,2,0.678272849770983
"EIF4G1","Bin_15",0.459363780259168,15,18.8369582089617,2,0.678272849770983
"EIF4G1","Bin_16",0.674196269547689,16,20.136058775097,2,0.678272849770983
"EIF4G1","Bin_17",0.738068057886838,17,21.4351593412323,2,0.678272849770983
"EIF4G1","Bin_18",0.649072849094723,18,22.7342599073676,2,0.678272849770983
"EIF4G1","Bin_19",0.965816940449323,19,24.0333604735029,2,0.678272849770983
"EIF4G1","Bin_20",0.906295588918278,20,25.3324610396382,2,0.678272849770983
"HDAC2","Bin_1",-1.12375096619037,1,0.649550283067647,2,0.699949532183835
"HDAC2","Bin_2",-1.32499189300022,2,1.94865084920294,2,0.699949532183835
"HDAC2","Bin_3",-1.3394452604869,3,3.24775141533823,2,0.699949532183835
"HDAC2","Bin_4",-0.727233388024595,4,4.54685198147353,2,0.699949532183835
"HDAC2","Bin_5",-1.44873731798425,5,5.84595254760882,2,0.699949532183835
"HDAC2","Bin_6",-1.58840747731841,6,7.14505311374411,2,0.699949532183835
"HDAC2","Bin_7",-0.593560161066547,7,8.4441536798794,2,0.699949532183835
"HDAC2","Bin_8",-0.856441044752221,8,9.7432542460147,2,0.699949532183835
"HDAC2","Bin_9",0.824779543149649,9,11.04235481215,2,0.699949532183835
"HDAC2","Bin_10",1.15245503388276,10,12.3414553782853,2,0.699949532183835
"HDAC2","Bin_11",0.944840469347346,11,13.6405559444206,2,0.699949532183835
"HDAC2","Bin_12",0.470169407332577,12,14.9396565105559,2,0.699949532183835
"HDAC2","Bin_13",0.90107904105966,13,16.2387570766912,2,0.699949532183835
"HDAC2","Bin_14",0.409411289671465,14,17.5378576428265,2,0.699949532183835
"HDAC2","Bin_15",0.387739870712824,15,18.8369582089617,2,0.699949532183835
"HDAC2","Bin_16",0.489995142592304,16,20.136058775097,2,0.699949532183835
"HDAC2","Bin_17",0.291005634968588,17,21.4351593412323,2,0.699949532183835
"HDAC2","Bin_18",0.806092832731811,18,22.7342599073676,2,0.699949532183835
"HDAC2","Bin_19",1.26603545031108,19,24.0333604735029,2,0.699949532183835
"HDAC2","Bin_20",1.05896379306344,20,25.3324610396382,2,0.699949532183835
"AHSA1","Bin_1",-0.6643093435737,1,0.649550283067647,2,0.687026241673721
"AHSA1","Bin_2",-1.01736052602888,2,1.94865084920294,2,0.687026241673721
"AHSA1","Bin_3",-1.16140711583646,3,3.24775141533823,2,0.687026241673721
"AHSA1","Bin_4",-1.10629206051797,4,4.54685198147353,2,0.687026241673721
"AHSA1","Bin_5",-1.10680583822729,5,5.84595254760882,2,0.687026241673721
"AHSA1","Bin_6",-1.81188289246562,6,7.14505311374411,2,0.687026241673721
"AHSA1","Bin_7",-1.13900063169339,7,8.4441536798794,2,0.687026241673721
"AHSA1","Bin_8",-0.164346411199204,8,9.7432542460147,2,0.687026241673721
"AHSA1","Bin_9",0.27534118189082,9,11.04235481215,2,0.687026241673721
"AHSA1","Bin_10",1.08438973365787,10,12.3414553782853,2,0.687026241673721
"AHSA1","Bin_11",0.704435057322299,11,13.6405559444206,2,0.687026241673721
"AHSA1","Bin_12",0.0580998102106965,12,14.9396565105559,2,0.687026241673721
"AHSA1","Bin_13",0.530913225627769,13,16.2387570766912,2,0.687026241673721
"AHSA1","Bin_14",0.0481741734670619,14,17.5378576428265,2,0.687026241673721
"AHSA1","Bin_15",0.160321092203951,15,18.8369582089617,2,0.687026241673721
"AHSA1","Bin_16",0.404087531807226,16,20.136058775097,2,0.687026241673721
"AHSA1","Bin_17",0.581916053341195,17,21.4351593412323,2,0.687026241673721
"AHSA1","Bin_18",0.994898417405497,18,22.7342599073676,2,0.687026241673721
"AHSA1","Bin_19",1.7765632943652,19,24.0333604735029,2,0.687026241673721
"AHSA1","Bin_20",1.55226524824294,20,25.3324610396382,2,0.687026241673721
"SF3B5","Bin_1",-0.288456365773769,1,0.649550283067647,2,0.684255490796421
"SF3B5","Bin_2",-1.23796252186091,2,1.94865084920294,2,0.684255490796421
"SF3B5","Bin_3",-1.06804907995821,3,3.24775141533823,2,0.684255490796421
"SF3B5","Bin_4",-0.702755449820365,4,4.54685198147353,2,0.684255490796421
"SF3B5","Bin_5",-1.15058421651219,5,5.84595254760882,2,0.684255490796421
"SF3B5","Bin_6",-2.16047053905626,6,7.14505311374411,2,0.684255490796421
"SF3B5","Bin_7",-1.18509725899931,7,8.4441536798794,2,0.684255490796421
"SF3B5","Bin_8",-0.411263714621432,8,9.7432542460147,2,0.684255490796421
"SF3B5","Bin_9",0.63799175592836,9,11.04235481215,2,0.684255490796421
"SF3B5","Bin_10",0.810709799674102,10,12.3414553782853,2,0.684255490796421
"SF3B5","Bin_11",0.559897678397549,11,13.6405559444206,2,0.684255490796421
"SF3B5","Bin_12",0.274625047850397,12,14.9396565105559,2,0.684255490796421
"SF3B5","Bin_13",0.4342182290653,13,16.2387570766912,2,0.684255490796421
"SF3B5","Bin_14",0.00255738136186227,14,17.5378576428265,2,0.684255490796421
"SF3B5","Bin_15",0.28015054650894,15,18.8369582089617,2,0.684255490796421
"SF3B5","Bin_16",0.375849662443737,16,20.136058775097,2,0.684255490796421
"SF3B5","Bin_17",0.801567195779514,17,21.4351593412323,2,0.684255490796421
"SF3B5","Bin_18",0.916726289358857,18,22.7342599073676,2,0.684255490796421
"SF3B5","Bin_19",1.59433914441509,19,24.0333604735029,2,0.684255490796421
"SF3B5","Bin_20",1.51600641581874,20,25.3324610396382,2,0.684255490796421
"YIF1A","Bin_1",-0.696566099920516,1,0.649550283067647,2,0.62940453553265
"YIF1A","Bin_2",-0.819008674790549,2,1.94865084920294,2,0.62940453553265
"YIF1A","Bin_3",-1.02506266551801,3,3.24775141533823,2,0.62940453553265
"YIF1A","Bin_4",-0.465961651270769,4,4.54685198147353,2,0.62940453553265
"YIF1A","Bin_5",-1.19459476870473,5,5.84595254760882,2,0.62940453553265
"YIF1A","Bin_6",-1.75173080366905,6,7.14505311374411,2,0.62940453553265
"YIF1A","Bin_7",-1.22090027633129,7,8.4441536798794,2,0.62940453553265
"YIF1A","Bin_8",-0.605748673997793,8,9.7432542460147,2,0.62940453553265
"YIF1A","Bin_9",0.00330185666649853,9,11.04235481215,2,0.62940453553265
"YIF1A","Bin_10",0.414220635315987,10,12.3414553782853,2,0.62940453553265
"YIF1A","Bin_11",0.396603791143739,11,13.6405559444206,2,0.62940453553265
"YIF1A","Bin_12",0.139713132077571,12,14.9396565105559,2,0.62940453553265
"YIF1A","Bin_13",0.0792839579136153,13,16.2387570766912,2,0.62940453553265
"YIF1A","Bin_14",-0.289997684324512,14,17.5378576428265,2,0.62940453553265
"YIF1A","Bin_15",0.569892773275328,15,18.8369582089617,2,0.62940453553265
"YIF1A","Bin_16",0.659127375943849,16,20.136058775097,2,0.62940453553265
"YIF1A","Bin_17",2.11128935962811,17,21.4351593412323,2,0.62940453553265
"YIF1A","Bin_18",1.14873514476973,18,22.7342599073676,2,0.62940453553265
"YIF1A","Bin_19",1.31381506944351,19,24.0333604735029,2,0.62940453553265
"YIF1A","Bin_20",1.23358820234929,20,25.3324610396382,2,0.62940453553265
"GMPS","Bin_1",-1.43796365060727,1,0.649550283067647,2,0.676955745891254
"GMPS","Bin_2",-1.43050676771235,2,1.94865084920294,2,0.676955745891254
"GMPS","Bin_3",-1.58845936072093,3,3.24775141533823,2,0.676955745891254
"GMPS","Bin_4",-0.793118357747277,4,4.54685198147353,2,0.676955745891254
"GMPS","Bin_5",-1.23050186497457,5,5.84595254760882,2,0.676955745891254
"GMPS","Bin_6",-1.30135911922893,6,7.14505311374411,2,0.676955745891254
"GMPS","Bin_7",-0.816792629562275,7,8.4441536798794,2,0.676955745891254
"GMPS","Bin_8",-0.403215877437927,8,9.7432542460147,2,0.676955745891254
"GMPS","Bin_9",0.733064738337713,9,11.04235481215,2,0.676955745891254
"GMPS","Bin_10",1.34342321877751,10,12.3414553782853,2,0.676955745891254
"GMPS","Bin_11",1.02711856710824,11,13.6405559444206,2,0.676955745891254
"GMPS","Bin_12",0.586727900235563,12,14.9396565105559,2,0.676955745891254
"GMPS","Bin_13",0.790853458497592,13,16.2387570766912,2,0.676955745891254
"GMPS","Bin_14",0.706230552828935,14,17.5378576428265,2,0.676955745891254
"GMPS","Bin_15",0.416783365861501,15,18.8369582089617,2,0.676955745891254
"GMPS","Bin_16",0.868213315334487,16,20.136058775097,2,0.676955745891254
"GMPS","Bin_17",0.330447695174057,17,21.4351593412323,2,0.676955745891254
"GMPS","Bin_18",0.38526294507891,18,22.7342599073676,2,0.676955745891254
"GMPS","Bin_19",0.924476728246887,19,24.0333604735029,2,0.676955745891254
"GMPS","Bin_20",0.889315142510136,20,25.3324610396382,2,0.676955745891254
"SSR2","Bin_1",-0.620165857689167,1,0.649550283067647,2,0.679525329995847
"SSR2","Bin_2",-0.91551417416764,2,1.94865084920294,2,0.679525329995847
"SSR2","Bin_3",-1.22406670464519,3,3.24775141533823,2,0.679525329995847
"SSR2","Bin_4",-0.70685553195114,4,4.54685198147353,2,0.679525329995847
"SSR2","Bin_5",-1.6536044729921,5,5.84595254760882,2,0.679525329995847
"SSR2","Bin_6",-1.66518005191629,6,7.14505311374411,2,0.679525329995847
"SSR2","Bin_7",-1.47052559137444,7,8.4441536798794,2,0.679525329995847
"SSR2","Bin_8",-0.482646977445991,8,9.7432542460147,2,0.679525329995847
"SSR2","Bin_9",0.140929708297102,9,11.04235481215,2,0.679525329995847
"SSR2","Bin_10",0.174452435154829,10,12.3414553782853,2,0.679525329995847
"SSR2","Bin_11",0.459973591295246,11,13.6405559444206,2,0.679525329995847
"SSR2","Bin_12",0.467129579247106,12,14.9396565105559,2,0.679525329995847
"SSR2","Bin_13",0.541368097440014,13,16.2387570766912,2,0.679525329995847
"SSR2","Bin_14",0.849134092748983,14,17.5378576428265,2,0.679525329995847
"SSR2","Bin_15",0.839531518735396,15,18.8369582089617,2,0.679525329995847
"SSR2","Bin_16",0.94234689126726,16,20.136058775097,2,0.679525329995847
"SSR2","Bin_17",1.3698020548438,17,21.4351593412323,2,0.679525329995847
"SSR2","Bin_18",1.01546741214354,18,22.7342599073676,2,0.679525329995847
"SSR2","Bin_19",1.00997377082965,19,24.0333604735029,2,0.679525329995847
"SSR2","Bin_20",0.928450210179026,20,25.3324610396382,2,0.679525329995847
"PGAM1","Bin_1",-0.309026531321005,1,0.649550283067647,2,0.651927246371988
"PGAM1","Bin_2",-1.19038240218653,2,1.94865084920294,2,0.651927246371988
"PGAM1","Bin_3",-0.945297611442861,3,3.24775141533823,2,0.651927246371988
"PGAM1","Bin_4",-0.868847074785831,4,4.54685198147353,2,0.651927246371988
"PGAM1","Bin_5",-1.4059708998462,5,5.84595254760882,2,0.651927246371988
"PGAM1","Bin_6",-1.08884450991107,6,7.14505311374411,2,0.651927246371988
"PGAM1","Bin_7",-1.77301206777022,7,8.4441536798794,2,0.651927246371988
"PGAM1","Bin_8",-1.28084006879854,8,9.7432542460147,2,0.651927246371988
"PGAM1","Bin_9",0.318816573580279,9,11.04235481215,2,0.651927246371988
"PGAM1","Bin_10",0.940102094091512,10,12.3414553782853,2,0.651927246371988
"PGAM1","Bin_11",0.806686237077065,11,13.6405559444206,2,0.651927246371988
"PGAM1","Bin_12",0.644855877489146,12,14.9396565105559,2,0.651927246371988
"PGAM1","Bin_13",0.349944739963131,13,16.2387570766912,2,0.651927246371988
"PGAM1","Bin_14",0.125581968701147,14,17.5378576428265,2,0.651927246371988
"PGAM1","Bin_15",0.815908021479623,15,18.8369582089617,2,0.651927246371988
"PGAM1","Bin_16",1.21874049067472,16,20.136058775097,2,0.651927246371988
"PGAM1","Bin_17",1.1988114736702,17,21.4351593412323,2,0.651927246371988
"PGAM1","Bin_18",0.755529305669892,18,22.7342599073676,2,0.651927246371988
"PGAM1","Bin_19",0.598779947022558,19,24.0333604735029,2,0.651927246371988
"PGAM1","Bin_20",1.08846443664299,20,25.3324610396382,2,0.651927246371988
"SUMO1","Bin_1",-0.370317413663703,1,0.649550283067647,2,0.67679914936188
"SUMO1","Bin_2",-1.20476187545179,2,1.94865084920294,2,0.67679914936188
"SUMO1","Bin_3",-1.30872428973883,3,3.24775141533823,2,0.67679914936188
"SUMO1","Bin_4",-1.20545390266943,4,4.54685198147353,2,0.67679914936188
"SUMO1","Bin_5",-1.07464815300105,5,5.84595254760882,2,0.67679914936188
"SUMO1","Bin_6",-1.75174419630706,6,7.14505311374411,2,0.67679914936188
"SUMO1","Bin_7",-1.89158518061541,7,8.4441536798794,2,0.67679914936188
"SUMO1","Bin_8",0.20991215370825,8,9.7432542460147,2,0.67679914936188
"SUMO1","Bin_9",0.681482541293767,9,11.04235481215,2,0.67679914936188
"SUMO1","Bin_10",0.702315116178641,10,12.3414553782853,2,0.67679914936188
"SUMO1","Bin_11",0.831355028792714,11,13.6405559444206,2,0.67679914936188
"SUMO1","Bin_12",0.711925094946338,12,14.9396565105559,2,0.67679914936188
"SUMO1","Bin_13",0.622421913056009,13,16.2387570766912,2,0.67679914936188
"SUMO1","Bin_14",0.489561247234499,14,17.5378576428265,2,0.67679914936188
"SUMO1","Bin_15",0.526243201418019,15,18.8369582089617,2,0.67679914936188
"SUMO1","Bin_16",0.65604465410701,16,20.136058775097,2,0.67679914936188
"SUMO1","Bin_17",0.634598534001354,17,21.4351593412323,2,0.67679914936188
"SUMO1","Bin_18",0.877452611187643,18,22.7342599073676,2,0.67679914936188
"SUMO1","Bin_19",0.924907454806939,19,24.0333604735029,2,0.67679914936188
"SUMO1","Bin_20",0.939015460716082,20,25.3324610396382,2,0.67679914936188
"NDUFB9","Bin_1",-0.757487535729494,1,0.649550283067647,2,0.687041708995353
"NDUFB9","Bin_2",-1.30429025182855,2,1.94865084920294,2,0.687041708995353
"NDUFB9","Bin_3",-1.26394591786566,3,3.24775141533823,2,0.687041708995353
"NDUFB9","Bin_4",-0.493979293109703,4,4.54685198147353,2,0.687041708995353
"NDUFB9","Bin_5",-1.19329361924291,5,5.84595254760882,2,0.687041708995353
"NDUFB9","Bin_6",-2.14930314625388,6,7.14505311374411,2,0.687041708995353
"NDUFB9","Bin_7",-1.02342946700624,7,8.4441536798794,2,0.687041708995353
"NDUFB9","Bin_8",-0.100789976028095,8,9.7432542460147,2,0.687041708995353
"NDUFB9","Bin_9",0.524958594483618,9,11.04235481215,2,0.687041708995353
"NDUFB9","Bin_10",0.971674563517848,10,12.3414553782853,2,0.687041708995353
"NDUFB9","Bin_11",0.622669124922901,11,13.6405559444206,2,0.687041708995353
"NDUFB9","Bin_12",0.481456562202796,12,14.9396565105559,2,0.687041708995353
"NDUFB9","Bin_13",0.59464365109372,13,16.2387570766912,2,0.687041708995353
"NDUFB9","Bin_14",0.160334932261141,14,17.5378576428265,2,0.687041708995353
"NDUFB9","Bin_15",0.217526370798408,15,18.8369582089617,2,0.687041708995353
"NDUFB9","Bin_16",0.322501856137067,16,20.136058775097,2,0.687041708995353
"NDUFB9","Bin_17",0.531063722768277,17,21.4351593412323,2,0.687041708995353
"NDUFB9","Bin_18",0.957597279381637,18,22.7342599073676,2,0.687041708995353
"NDUFB9","Bin_19",1.48618167139505,19,24.0333604735029,2,0.687041708995353
"NDUFB9","Bin_20",1.41591087810206,20,25.3324610396382,2,0.687041708995353
"ACTG1","Bin_1",0.20040107536985,1,0.649550283067647,1,0.182835653296657
"ACTG1","Bin_2",1.02051964668706,2,1.94865084920294,1,0.182835653296657
"ACTG1","Bin_3",0.594865981467096,3,3.24775141533823,1,0.182835653296657
"ACTG1","Bin_4",1.1428792969523,4,4.54685198147353,1,0.182835653296657
"ACTG1","Bin_5",0.60237998151767,5,5.84595254760882,1,0.182835653296657
"ACTG1","Bin_6",-3.00678190677123,6,7.14505311374411,1,0.182835653296657
"ACTG1","Bin_7",-1.56843783598971,7,8.4441536798794,1,0.182835653296657
"ACTG1","Bin_8",-1.09681511578904,8,9.7432542460147,1,0.182835653296657
"ACTG1","Bin_9",0.593554643031379,9,11.04235481215,1,0.182835653296657
"ACTG1","Bin_10",0.541623874045001,10,12.3414553782853,1,0.182835653296657
"ACTG1","Bin_11",0.880825850351692,11,13.6405559444206,1,0.182835653296657
"ACTG1","Bin_12",0.412587168613644,12,14.9396565105559,1,0.182835653296657
"ACTG1","Bin_13",0.56585993188314,13,16.2387570766912,1,0.182835653296657
"ACTG1","Bin_14",0.442489791206904,14,17.5378576428265,1,0.182835653296657
"ACTG1","Bin_15",0.197647416881005,15,18.8369582089617,1,0.182835653296657
"ACTG1","Bin_16",0.36802090129782,16,20.136058775097,1,0.182835653296657
"ACTG1","Bin_17",-0.487699347601277,17,21.4351593412323,1,0.182835653296657
"ACTG1","Bin_18",-0.488473441565064,18,22.7342599073676,1,0.182835653296657
"ACTG1","Bin_19",-0.541440355149721,19,24.0333604735029,1,0.182835653296657
"ACTG1","Bin_20",-0.374007556438527,20,25.3324610396382,1,0.182835653296657
"MYC","Bin_1",-1.20973351914717,1,0.649550283067647,2,0.607039243991164
"MYC","Bin_2",-0.594182414823666,2,1.94865084920294,2,0.607039243991164
"MYC","Bin_3",0.00377068467719703,3,3.24775141533823,2,0.607039243991164
"MYC","Bin_4",-1.41830539479199,4,4.54685198147353,2,0.607039243991164
"MYC","Bin_5",-1.58433044905671,5,5.84595254760882,2,0.607039243991164
"MYC","Bin_6",-1.71849972532867,6,7.14505311374411,2,0.607039243991164
"MYC","Bin_7",-0.753492722839177,7,8.4441536798794,2,0.607039243991164
"MYC","Bin_8",-1.08252378756496,8,9.7432542460147,2,0.607039243991164
"MYC","Bin_9",0.225037795936257,9,11.04235481215,2,0.607039243991164
"MYC","Bin_10",0.715680128216085,10,12.3414553782853,2,0.607039243991164
"MYC","Bin_11",1.07828225734596,11,13.6405559444206,2,0.607039243991164
"MYC","Bin_12",0.425988218286305,12,14.9396565105559,2,0.607039243991164
"MYC","Bin_13",0.788319099827306,13,16.2387570766912,2,0.607039243991164
"MYC","Bin_14",0.824612012213117,14,17.5378576428265,2,0.607039243991164
"MYC","Bin_15",0.36327100600496,15,18.8369582089617,2,0.607039243991164
"MYC","Bin_16",0.415687700307213,16,20.136058775097,2,0.607039243991164
"MYC","Bin_17",0.0599870123237634,17,21.4351593412323,2,0.607039243991164
"MYC","Bin_18",0.953483616150935,18,22.7342599073676,2,0.607039243991164
"MYC","Bin_19",1.70103253206895,19,24.0333604735029,2,0.607039243991164
"MYC","Bin_20",0.805915950194295,20,25.3324610396382,2,0.607039243991164
"RPN2","Bin_1",-0.161403524335671,1,0.649550283067647,2,0.681850261160471
"RPN2","Bin_2",-0.995189391953395,2,1.94865084920294,2,0.681850261160471
"RPN2","Bin_3",-1.19490440375694,3,3.24775141533823,2,0.681850261160471
"RPN2","Bin_4",-0.676943189967076,4,4.54685198147353,2,0.681850261160471
"RPN2","Bin_5",-1.71666981532689,5,5.84595254760882,2,0.681850261160471
"RPN2","Bin_6",-1.76832423878197,6,7.14505311374411,2,0.681850261160471
"RPN2","Bin_7",-0.779559080564476,7,8.4441536798794,2,0.681850261160471
"RPN2","Bin_8",-0.927731492302508,8,9.7432542460147,2,0.681850261160471
"RPN2","Bin_9",0.143673578985412,9,11.04235481215,2,0.681850261160471
"RPN2","Bin_10",0.736976604279942,10,12.3414553782853,2,0.681850261160471
"RPN2","Bin_11",0.689630116215018,11,13.6405559444206,2,0.681850261160471
"RPN2","Bin_12",-0.0112569374525436,12,14.9396565105559,2,0.681850261160471
"RPN2","Bin_13",0.389004158207598,13,16.2387570766912,2,0.681850261160471
"RPN2","Bin_14",0.210726554732511,14,17.5378576428265,2,0.681850261160471
"RPN2","Bin_15",0.220014166851567,15,18.8369582089617,2,0.681850261160471
"RPN2","Bin_16",0.683802770145855,16,20.136058775097,2,0.681850261160471
"RPN2","Bin_17",1.11941846828392,17,21.4351593412323,2,0.681850261160471
"RPN2","Bin_18",1.10233292906791,18,22.7342599073676,2,0.681850261160471
"RPN2","Bin_19",1.35753763879033,19,24.0333604735029,2,0.681850261160471
"RPN2","Bin_20",1.5788650888814,20,25.3324610396382,2,0.681850261160471
"SF3B2","Bin_1",-0.555026630657619,1,0.649550283067647,2,0.630131992341398
"SF3B2","Bin_2",-1.13036238592727,2,1.94865084920294,2,0.630131992341398
"SF3B2","Bin_3",-0.948400224539403,3,3.24775141533823,2,0.630131992341398
"SF3B2","Bin_4",-0.875083713548644,4,4.54685198147353,2,0.630131992341398
"SF3B2","Bin_5",-1.8961710712286,5,5.84595254760882,2,0.630131992341398
"SF3B2","Bin_6",-1.42074919565051,6,7.14505311374411,2,0.630131992341398
"SF3B2","Bin_7",0.184508962571997,7,8.4441536798794,2,0.630131992341398
"SF3B2","Bin_8",-1.81447082407443,8,9.7432542460147,2,0.630131992341398
"SF3B2","Bin_9",0.241284519522328,9,11.04235481215,2,0.630131992341398
"SF3B2","Bin_10",0.989041294366349,10,12.3414553782853,2,0.630131992341398
"SF3B2","Bin_11",0.902740156365258,11,13.6405559444206,2,0.630131992341398
"SF3B2","Bin_12",0.421537047413378,12,14.9396565105559,2,0.630131992341398
"SF3B2","Bin_13",0.638277221546272,13,16.2387570766912,2,0.630131992341398
"SF3B2","Bin_14",0.346795208371434,14,17.5378576428265,2,0.630131992341398
"SF3B2","Bin_15",0.515991719200626,15,18.8369582089617,2,0.630131992341398
"SF3B2","Bin_16",0.701666656833175,16,20.136058775097,2,0.630131992341398
"SF3B2","Bin_17",0.936535792370148,17,21.4351593412323,2,0.630131992341398
"SF3B2","Bin_18",0.704328420734337,18,22.7342599073676,2,0.630131992341398
"SF3B2","Bin_19",0.987546740776647,19,24.0333604735029,2,0.630131992341398
"SF3B2","Bin_20",1.07001030555454,20,25.3324610396382,2,0.630131992341398
"MT-ND4L","Bin_1",1.13281990000786,1,0.649550283067647,1,0.628094383479836
"MT-ND4L","Bin_2",1.72059654871437,2,1.94865084920294,1,0.628094383479836
"MT-ND4L","Bin_3",2.29748663122968,3,3.24775141533823,1,0.628094383479836
"MT-ND4L","Bin_4",2.16659781900357,4,4.54685198147353,1,0.628094383479836
"MT-ND4L","Bin_5",-0.330511499201307,5,5.84595254760882,1,0.628094383479836
"MT-ND4L","Bin_6",0.479079128624102,6,7.14505311374411,1,0.628094383479836
"MT-ND4L","Bin_7",-0.122563808210003,7,8.4441536798794,1,0.628094383479836
"MT-ND4L","Bin_8",-1.03270017888757,8,9.7432542460147,1,0.628094383479836
"MT-ND4L","Bin_9",-0.622674963193211,9,11.04235481215,1,0.628094383479836
"MT-ND4L","Bin_10",-0.421196812560229,10,12.3414553782853,1,0.628094383479836
"MT-ND4L","Bin_11",-0.452142757940443,11,13.6405559444206,1,0.628094383479836
"MT-ND4L","Bin_12",-0.553031062485846,12,14.9396565105559,1,0.628094383479836
"MT-ND4L","Bin_13",-0.535652215662265,13,16.2387570766912,1,0.628094383479836
"MT-ND4L","Bin_14",-0.555407892806904,14,17.5378576428265,1,0.628094383479836
"MT-ND4L","Bin_15",-0.565834248239293,15,18.8369582089617,1,0.628094383479836
"MT-ND4L","Bin_16",-0.448585866238326,16,20.136058775097,1,0.628094383479836
"MT-ND4L","Bin_17",-0.617200219495131,17,21.4351593412323,1,0.628094383479836
"MT-ND4L","Bin_18",-0.511807118525854,18,22.7342599073676,1,0.628094383479836
"MT-ND4L","Bin_19",-0.494962556562386,19,24.0333604735029,1,0.628094383479836
"MT-ND4L","Bin_20",-0.532308827570813,20,25.3324610396382,1,0.628094383479836
"LGALS1","Bin_1",-1.71129207353704,1,0.649550283067647,2,0.522594142288808
"LGALS1","Bin_2",-1.27229806139305,2,1.94865084920294,2,0.522594142288808
"LGALS1","Bin_3",-0.778340014623909,3,3.24775141533823,2,0.522594142288808
"LGALS1","Bin_4",0.558777565173818,4,4.54685198147353,2,0.522594142288808
"LGALS1","Bin_5",-0.258707651221858,5,5.84595254760882,2,0.522594142288808
"LGALS1","Bin_6",-2.22865814515224,6,7.14505311374411,2,0.522594142288808
"LGALS1","Bin_7",-0.713510523553215,7,8.4441536798794,2,0.522594142288808
"LGALS1","Bin_8",-0.319861222688968,8,9.7432542460147,2,0.522594142288808
"LGALS1","Bin_9",-0.234395321405558,9,11.04235481215,2,0.522594142288808
"LGALS1","Bin_10",-0.0956620895006218,10,12.3414553782853,2,0.522594142288808
"LGALS1","Bin_11",0.28791416886119,11,13.6405559444206,2,0.522594142288808
"LGALS1","Bin_12",0.291629114631811,12,14.9396565105559,2,0.522594142288808
"LGALS1","Bin_13",0.0542102455020506,13,16.2387570766912,2,0.522594142288808
"LGALS1","Bin_14",0.189733622942191,14,17.5378576428265,2,0.522594142288808
"LGALS1","Bin_15",0.632197535191834,15,18.8369582089617,2,0.522594142288808
"LGALS1","Bin_16",0.266560129008795,16,20.136058775097,2,0.522594142288808
"LGALS1","Bin_17",1.30505460590656,17,21.4351593412323,2,0.522594142288808
"LGALS1","Bin_18",1.18775451049158,18,22.7342599073676,2,0.522594142288808
"LGALS1","Bin_19",1.37389791571628,19,24.0333604735029,2,0.522594142288808
"LGALS1","Bin_20",1.46499568965036,20,25.3324610396382,2,0.522594142288808
"YIPF2","Bin_1",-0.140153640580198,1,0.649550283067647,2,0.551373457372621
"YIPF2","Bin_2",-0.813072293130307,2,1.94865084920294,2,0.551373457372621
"YIPF2","Bin_3",-0.839921945626812,3,3.24775141533823,2,0.551373457372621
"YIPF2","Bin_4",-0.840885579828701,4,4.54685198147353,2,0.551373457372621
"YIPF2","Bin_5",-1.16103514407463,5,5.84595254760882,2,0.551373457372621
"YIPF2","Bin_6",-1.42336716837239,6,7.14505311374411,2,0.551373457372621
"YIPF2","Bin_7",-0.398043690790986,7,8.4441536798794,2,0.551373457372621
"YIPF2","Bin_8",-1.07798074990097,8,9.7432542460147,2,0.551373457372621
"YIPF2","Bin_9",-0.13009905483922,9,11.04235481215,2,0.551373457372621
"YIPF2","Bin_10",0.0816140437082481,10,12.3414553782853,2,0.551373457372621
"YIPF2","Bin_11",0.270447616097758,11,13.6405559444206,2,0.551373457372621
"YIPF2","Bin_12",0.177212179396027,12,14.9396565105559,2,0.551373457372621
"YIPF2","Bin_13",-0.527949087071015,13,16.2387570766912,2,0.551373457372621
"YIPF2","Bin_14",-0.460945547828226,14,17.5378576428265,2,0.551373457372621
"YIPF2","Bin_15",0.202552960038596,15,18.8369582089617,2,0.551373457372621
"YIPF2","Bin_16",0.614885524565737,16,20.136058775097,2,0.551373457372621
"YIPF2","Bin_17",2.34585637628652,17,21.4351593412323,2,0.551373457372621
"YIPF2","Bin_18",1.40204781387706,18,22.7342599073676,2,0.551373457372621
"YIPF2","Bin_19",1.29237103532644,19,24.0333604735029,2,0.551373457372621
"YIPF2","Bin_20",1.42646635274706,20,25.3324610396382,2,0.551373457372621
"CEBPD","Bin_1",1.94576076295117,1,0.649550283067647,1,0.617741994732004
"CEBPD","Bin_2",2.34890527496759,2,1.94865084920294,1,0.617741994732004
"CEBPD","Bin_3",2.28066465479202,3,3.24775141533823,1,0.617741994732004
"CEBPD","Bin_4",0.618404820584804,4,4.54685198147353,1,0.617741994732004
"CEBPD","Bin_5",0.171425317500743,5,5.84595254760882,1,0.617741994732004
"CEBPD","Bin_6",0.0612902630702193,6,7.14505311374411,1,0.617741994732004
"CEBPD","Bin_7",-0.708072626227179,7,8.4441536798794,1,0.617741994732004
"CEBPD","Bin_8",-0.708072626227179,8,9.7432542460147,1,0.617741994732004
"CEBPD","Bin_9",-0.586071578046912,9,11.04235481215,1,0.617741994732004
"CEBPD","Bin_10",-0.517222772939475,10,12.3414553782853,1,0.617741994732004
"CEBPD","Bin_11",-0.453473656376462,11,13.6405559444206,1,0.617741994732004
"CEBPD","Bin_12",-0.355744033878595,12,14.9396565105559,1,0.617741994732004
"CEBPD","Bin_13",-0.503068173280434,13,16.2387570766912,1,0.617741994732004
"CEBPD","Bin_14",-0.432426370623508,14,17.5378576428265,1,0.617741994732004
"CEBPD","Bin_15",-0.400210570891202,15,18.8369582089617,1,0.617741994732004
"CEBPD","Bin_16",-0.510181837921067,16,20.136058775097,1,0.617741994732004
"CEBPD","Bin_17",-0.533977169914024,17,21.4351593412323,1,0.617741994732004
"CEBPD","Bin_18",-0.519603111406581,18,22.7342599073676,1,0.617741994732004
"CEBPD","Bin_19",-0.592144373328345,19,24.0333604735029,1,0.617741994732004
"CEBPD","Bin_20",-0.606182192805596,20,25.3324610396382,1,0.617741994732004
"FDPS","Bin_1",-0.977457714172451,1,0.649550283067647,2,0.65216691578625
"FDPS","Bin_2",-1.25846209568928,2,1.94865084920294,2,0.65216691578625
"FDPS","Bin_3",-1.36737434126811,3,3.24775141533823,2,0.65216691578625
"FDPS","Bin_4",-0.8306541334272,4,4.54685198147353,2,0.65216691578625
"FDPS","Bin_5",-1.02339724217886,5,5.84595254760882,2,0.65216691578625
"FDPS","Bin_6",-1.79523580070536,6,7.14505311374411,2,0.65216691578625
"FDPS","Bin_7",-0.403171433004823,7,8.4441536798794,2,0.65216691578625
"FDPS","Bin_8",-0.908897195190442,8,9.7432542460147,2,0.65216691578625
"FDPS","Bin_9",1.25165729224594,9,11.04235481215,2,0.65216691578625
"FDPS","Bin_10",1.37002153056238,10,12.3414553782853,2,0.65216691578625
"FDPS","Bin_11",0.877997231371019,11,13.6405559444206,2,0.65216691578625
"FDPS","Bin_12",0.87912426750063,12,14.9396565105559,2,0.65216691578625
"FDPS","Bin_13",0.652227092695898,13,16.2387570766912,2,0.65216691578625
"FDPS","Bin_14",0.223327973369076,14,17.5378576428265,2,0.65216691578625
"FDPS","Bin_15",0.0941625588775798,15,18.8369582089617,2,0.65216691578625
"FDPS","Bin_16",0.108626395676558,16,20.136058775097,2,0.65216691578625
"FDPS","Bin_17",0.212045432756996,17,21.4351593412323,2,0.65216691578625
"FDPS","Bin_18",0.531971994971517,18,22.7342599073676,2,0.65216691578625
"FDPS","Bin_19",1.04387680647752,19,24.0333604735029,2,0.65216691578625
"FDPS","Bin_20",1.31961137913141,20,25.3324610396382,2,0.65216691578625
"MTCH1","Bin_1",-0.928654888523591,1,0.649550283067647,2,0.716555771977368
"MTCH1","Bin_2",-1.04889677701859,2,1.94865084920294,2,0.716555771977368
"MTCH1","Bin_3",-1.40738602221521,3,3.24775141533823,2,0.716555771977368
"MTCH1","Bin_4",-0.78395855210543,4,4.54685198147353,2,0.716555771977368
"MTCH1","Bin_5",-1.03128876736864,5,5.84595254760882,2,0.716555771977368
"MTCH1","Bin_6",-1.79400547283861,6,7.14505311374411,2,0.716555771977368
"MTCH1","Bin_7",-0.948403346768425,7,8.4441536798794,2,0.716555771977368
"MTCH1","Bin_8",-0.980719599670247,8,9.7432542460147,2,0.716555771977368
"MTCH1","Bin_9",0.406874996694643,9,11.04235481215,2,0.716555771977368
"MTCH1","Bin_10",0.887631680950176,10,12.3414553782853,2,0.716555771977368
"MTCH1","Bin_11",0.87040463878016,11,13.6405559444206,2,0.716555771977368
"MTCH1","Bin_12",0.606528355650446,12,14.9396565105559,2,0.716555771977368
"MTCH1","Bin_13",0.336064249276107,13,16.2387570766912,2,0.716555771977368
"MTCH1","Bin_14",0.0502517518586612,14,17.5378576428265,2,0.716555771977368
"MTCH1","Bin_15",0.451894631795426,15,18.8369582089617,2,0.716555771977368
"MTCH1","Bin_16",0.685530629750207,16,20.136058775097,2,0.716555771977368
"MTCH1","Bin_17",1.2122767221653,17,21.4351593412323,2,0.716555771977368
"MTCH1","Bin_18",0.924879358285254,18,22.7342599073676,2,0.716555771977368
"MTCH1","Bin_19",1.28260449011629,19,24.0333604735029,2,0.716555771977368
"MTCH1","Bin_20",1.20837192118608,20,25.3324610396382,2,0.716555771977368
"GCHFR","Bin_1",-1.13235195171672,1,0.649550283067647,2,0.594897713001462
"GCHFR","Bin_2",-1.01213783583218,2,1.94865084920294,2,0.594897713001462
"GCHFR","Bin_3",-1.05695984478637,3,3.24775141533823,2,0.594897713001462
"GCHFR","Bin_4",-1.27634897397151,4,4.54685198147353,2,0.594897713001462
"GCHFR","Bin_5",-1.38492499472925,5,5.84595254760882,2,0.594897713001462
"GCHFR","Bin_6",-0.61036078520318,6,7.14505311374411,2,0.594897713001462
"GCHFR","Bin_7",-0.52811196963068,7,8.4441536798794,2,0.594897713001462
"GCHFR","Bin_8",-1.25790381941229,8,9.7432542460147,2,0.594897713001462
"GCHFR","Bin_9",-0.367740033155052,9,11.04235481215,2,0.594897713001462
"GCHFR","Bin_10",-0.0288997133609866,10,12.3414553782853,2,0.594897713001462
"GCHFR","Bin_11",0.140646060549566,11,13.6405559444206,2,0.594897713001462
"GCHFR","Bin_12",0.554291247704383,12,14.9396565105559,2,0.594897713001462
"GCHFR","Bin_13",0.400449718584432,13,16.2387570766912,2,0.594897713001462
"GCHFR","Bin_14",0.922334382918755,14,17.5378576428265,2,0.594897713001462
"GCHFR","Bin_15",1.12041721721903,15,18.8369582089617,2,0.594897713001462
"GCHFR","Bin_16",1.08266065177444,16,20.136058775097,2,0.594897713001462
"GCHFR","Bin_17",1.56604434072761,17,21.4351593412323,2,0.594897713001462
"GCHFR","Bin_18",1.59559724718541,18,22.7342599073676,2,0.594897713001462
"GCHFR","Bin_19",0.842361950018502,19,24.0333604735029,2,0.594897713001462
"GCHFR","Bin_20",0.430937105116105,20,25.3324610396382,2,0.594897713001462
"PARL","Bin_1",-0.840404634235205,1,0.649550283067647,2,0.695385173710032
"PARL","Bin_2",-0.899032155380873,2,1.94865084920294,2,0.695385173710032
"PARL","Bin_3",-1.13282435723309,3,3.24775141533823,2,0.695385173710032
"PARL","Bin_4",-1.12796077518166,4,4.54685198147353,2,0.695385173710032
"PARL","Bin_5",-1.0876497622919,5,5.84595254760882,2,0.695385173710032
"PARL","Bin_6",-1.60738772928801,6,7.14505311374411,2,0.695385173710032
"PARL","Bin_7",-1.3683351698068,7,8.4441536798794,2,0.695385173710032
"PARL","Bin_8",-1.15654804361606,8,9.7432542460147,2,0.695385173710032
"PARL","Bin_9",0.935262283319183,9,11.04235481215,2,0.695385173710032
"PARL","Bin_10",1.17980882105443,10,12.3414553782853,2,0.695385173710032
"PARL","Bin_11",1.14558417044131,11,13.6405559444206,2,0.695385173710032
"PARL","Bin_12",0.692860955826103,12,14.9396565105559,2,0.695385173710032
"PARL","Bin_13",0.524740506087314,13,16.2387570766912,2,0.695385173710032
"PARL","Bin_14",0.418522819763743,14,17.5378576428265,2,0.695385173710032
"PARL","Bin_15",0.436968265366745,15,18.8369582089617,2,0.695385173710032
"PARL","Bin_16",0.642860881412674,16,20.136058775097,2,0.695385173710032
"PARL","Bin_17",0.695427258527617,17,21.4351593412323,2,0.695385173710032
"PARL","Bin_18",0.520750705448287,18,22.7342599073676,2,0.695385173710032
"PARL","Bin_19",1.13524542865482,19,24.0333604735029,2,0.695385173710032
"PARL","Bin_20",0.892110531131373,20,25.3324610396382,2,0.695385173710032
"RPS24","Bin_1",-0.309170098287319,1,0.649550283067647,2,0.410434141446751
"RPS24","Bin_2",-0.0382281682825138,2,1.94865084920294,2,0.410434141446751
"RPS24","Bin_3",0.113482968199205,3,3.24775141533823,2,0.410434141446751
"RPS24","Bin_4",-1.51729354186641,4,4.54685198147353,2,0.410434141446751
"RPS24","Bin_5",0.050277591249194,5,5.84595254760882,2,0.410434141446751
"RPS24","Bin_6",-3.39635159028829,6,7.14505311374411,2,0.410434141446751
"RPS24","Bin_7",-1.13381399088998,7,8.4441536798794,2,0.410434141446751
"RPS24","Bin_8",-0.0824929876612798,8,9.7432542460147,2,0.410434141446751
"RPS24","Bin_9",0.630660916977391,9,11.04235481215,2,0.410434141446751
"RPS24","Bin_10",0.382369829343053,10,12.3414553782853,2,0.410434141446751
"RPS24","Bin_11",0.293753718218832,11,13.6405559444206,2,0.410434141446751
"RPS24","Bin_12",0.601003230049935,12,14.9396565105559,2,0.410434141446751
"RPS24","Bin_13",0.791816958486134,13,16.2387570766912,2,0.410434141446751
"RPS24","Bin_14",0.90688991978609,14,17.5378576428265,2,0.410434141446751
"RPS24","Bin_15",0.643528056951432,15,18.8369582089617,2,0.410434141446751
"RPS24","Bin_16",0.375104444212952,16,20.136058775097,2,0.410434141446751
"RPS24","Bin_17",0.334970991506465,17,21.4351593412323,2,0.410434141446751
"RPS24","Bin_18",0.57117222038089,18,22.7342599073676,2,0.410434141446751
"RPS24","Bin_19",0.485172613839781,19,24.0333604735029,2,0.410434141446751
"RPS24","Bin_20",0.297146918074433,20,25.3324610396382,2,0.410434141446751
"EMP2","Bin_1",-0.561968994965178,1,0.649550283067647,2,0.681046126267442
"EMP2","Bin_2",-1.4031513391169,2,1.94865084920294,2,0.681046126267442
"EMP2","Bin_3",-1.69558375944162,3,3.24775141533823,2,0.681046126267442
"EMP2","Bin_4",-1.0787246264125,4,4.54685198147353,2,0.681046126267442
"EMP2","Bin_5",-1.90038962502734,5,5.84595254760882,2,0.681046126267442
"EMP2","Bin_6",-0.612030802824365,6,7.14505311374411,2,0.681046126267442
"EMP2","Bin_7",-0.917210178369833,7,8.4441536798794,2,0.681046126267442
"EMP2","Bin_8",-0.829885338539115,8,9.7432542460147,2,0.681046126267442
"EMP2","Bin_9",0.704867666697636,9,11.04235481215,2,0.681046126267442
"EMP2","Bin_10",1.00558795267228,10,12.3414553782853,2,0.681046126267442
"EMP2","Bin_11",0.710045201374445,11,13.6405559444206,2,0.681046126267442
"EMP2","Bin_12",0.951556801647136,12,14.9396565105559,2,0.681046126267442
"EMP2","Bin_13",0.849167467083114,13,16.2387570766912,2,0.681046126267442
"EMP2","Bin_14",0.535879216952128,14,17.5378576428265,2,0.681046126267442
"EMP2","Bin_15",0.402459042199992,15,18.8369582089617,2,0.681046126267442
"EMP2","Bin_16",0.473045744986349,16,20.136058775097,2,0.681046126267442
"EMP2","Bin_17",0.761523853715634,17,21.4351593412323,2,0.681046126267442
"EMP2","Bin_18",0.867830330521619,18,22.7342599073676,2,0.681046126267442
"EMP2","Bin_19",0.929283958744031,19,24.0333604735029,2,0.681046126267442
"EMP2","Bin_20",0.807697428102486,20,25.3324610396382,2,0.681046126267442
"ID1","Bin_1",-1.23902308945733,1,0.649550283067647,2,0.425619729395487
"ID1","Bin_2",-0.231727214494252,2,1.94865084920294,2,0.425619729395487
"ID1","Bin_3",-0.579856166457251,3,3.24775141533823,2,0.425619729395487
"ID1","Bin_4",-0.678553542810142,4,4.54685198147353,2,0.425619729395487
"ID1","Bin_5",-0.901523059689794,5,5.84595254760882,2,0.425619729395487
"ID1","Bin_6",-0.568695021114569,6,7.14505311374411,2,0.425619729395487
"ID1","Bin_7",-0.90480274883999,7,8.4441536798794,2,0.425619729395487
"ID1","Bin_8",0.473280895659983,8,9.7432542460147,2,0.425619729395487
"ID1","Bin_9",-0.0809487633751726,9,11.04235481215,2,0.425619729395487
"ID1","Bin_10",-0.440254430055159,10,12.3414553782853,2,0.425619729395487
"ID1","Bin_11",-0.170882204379633,11,13.6405559444206,2,0.425619729395487
"ID1","Bin_12",-0.174917133352356,12,14.9396565105559,2,0.425619729395487
"ID1","Bin_13",-0.00779895907588818,13,16.2387570766912,2,0.425619729395487
"ID1","Bin_14",-0.542043479703056,14,17.5378576428265,2,0.425619729395487
"ID1","Bin_15",-0.0772120235217246,15,18.8369582089617,2,0.425619729395487
"ID1","Bin_16",-0.177543509713112,16,20.136058775097,2,0.425619729395487
"ID1","Bin_17",0.666504329214532,17,21.4351593412323,2,0.425619729395487
"ID1","Bin_18",0.938366926471772,18,22.7342599073676,2,0.425619729395487
"ID1","Bin_19",1.48698913964492,19,24.0333604735029,2,0.425619729395487
"ID1","Bin_20",3.21064005504822,20,25.3324610396382,2,0.425619729395487
"EIF4A2","Bin_1",-0.609186152194005,1,0.649550283067647,2,0.57898440630068
"EIF4A2","Bin_2",-0.762971817732213,2,1.94865084920294,2,0.57898440630068
"EIF4A2","Bin_3",-0.917821684378882,3,3.24775141533823,2,0.57898440630068
"EIF4A2","Bin_4",-1.62490448783827,4,4.54685198147353,2,0.57898440630068
"EIF4A2","Bin_5",-1.95998175569126,5,5.84595254760882,2,0.57898440630068
"EIF4A2","Bin_6",-2.24425458381921,6,7.14505311374411,2,0.57898440630068
"EIF4A2","Bin_7",0.48525996220755,7,8.4441536798794,2,0.57898440630068
"EIF4A2","Bin_8",-0.165426375752978,8,9.7432542460147,2,0.57898440630068
"EIF4A2","Bin_9",0.72793373075915,9,11.04235481215,2,0.57898440630068
"EIF4A2","Bin_10",0.803284402652822,10,12.3414553782853,2,0.57898440630068
"EIF4A2","Bin_11",0.870810093600197,11,13.6405559444206,2,0.57898440630068
"EIF4A2","Bin_12",0.778871074057461,12,14.9396565105559,2,0.57898440630068
"EIF4A2","Bin_13",0.574271345649694,13,16.2387570766912,2,0.57898440630068
"EIF4A2","Bin_14",0.750460140880094,14,17.5378576428265,2,0.57898440630068
"EIF4A2","Bin_15",0.765153701181997,15,18.8369582089617,2,0.57898440630068
"EIF4A2","Bin_16",0.819773622226645,16,20.136058775097,2,0.57898440630068
"EIF4A2","Bin_17",0.455547981674041,17,21.4351593412323,2,0.57898440630068
"EIF4A2","Bin_18",0.447650761097189,18,22.7342599073676,2,0.57898440630068
"EIF4A2","Bin_19",0.3964573243865,19,24.0333604735029,2,0.57898440630068
"EIF4A2","Bin_20",0.409072717033477,20,25.3324610396382,2,0.57898440630068
"KRT16","Bin_1",-1.211381973062,1,0.649550283067647,2,0.61213671888035
"KRT16","Bin_2",-0.963041177522013,2,1.94865084920294,2,0.61213671888035
"KRT16","Bin_3",-0.866819990192758,3,3.24775141533823,2,0.61213671888035
"KRT16","Bin_4",-0.468627628415319,4,4.54685198147353,2,0.61213671888035
"KRT16","Bin_5",-1.11699895149248,5,5.84595254760882,2,0.61213671888035
"KRT16","Bin_6",-1.5281066378976,6,7.14505311374411,2,0.61213671888035
"KRT16","Bin_7",-0.971499232474219,7,8.4441536798794,2,0.61213671888035
"KRT16","Bin_8",-0.592565696352818,8,9.7432542460147,2,0.61213671888035
"KRT16","Bin_9",0.841917612290534,9,11.04235481215,2,0.61213671888035
"KRT16","Bin_10",0.509374365871552,10,12.3414553782853,2,0.61213671888035
"KRT16","Bin_11",0.15847527195731,11,13.6405559444206,2,0.61213671888035
"KRT16","Bin_12",0.751816514865147,12,14.9396565105559,2,0.61213671888035
"KRT16","Bin_13",0.027282363228987,13,16.2387570766912,2,0.61213671888035
"KRT16","Bin_14",-0.629556633296068,14,17.5378576428265,2,0.61213671888035
"KRT16","Bin_15",0.133370956605849,15,18.8369582089617,2,0.61213671888035
"KRT16","Bin_16",0.264897929234953,16,20.136058775097,2,0.61213671888035
"KRT16","Bin_17",1.42935607142039,17,21.4351593412323,2,0.61213671888035
"KRT16","Bin_18",1.24928770343548,18,22.7342599073676,2,0.61213671888035
"KRT16","Bin_19",2.06600381667858,19,24.0333604735029,2,0.61213671888035
"KRT16","Bin_20",0.916815315116483,20,25.3324610396382,2,0.61213671888035
"ASNA1","Bin_1",0.00112350127375913,1,0.649550283067647,2,0.679056764475511
"ASNA1","Bin_2",-0.897242869020339,2,1.94865084920294,2,0.679056764475511
"ASNA1","Bin_3",-1.13667030255337,3,3.24775141533823,2,0.679056764475511
"ASNA1","Bin_4",-0.916224355167299,4,4.54685198147353,2,0.679056764475511
"ASNA1","Bin_5",-1.26307072250604,5,5.84595254760882,2,0.679056764475511
"ASNA1","Bin_6",-1.64494982708633,6,7.14505311374411,2,0.679056764475511
"ASNA1","Bin_7",-1.64494982708633,7,8.4441536798794,2,0.679056764475511
"ASNA1","Bin_8",-0.867279301848217,8,9.7432542460147,2,0.679056764475511
"ASNA1","Bin_9",0.143699188333938,9,11.04235481215,2,0.679056764475511
"ASNA1","Bin_10",0.960973018251386,10,12.3414553782853,2,0.679056764475511
"ASNA1","Bin_11",0.905465594978751,11,13.6405559444206,2,0.679056764475511
"ASNA1","Bin_12",0.266681122570761,12,14.9396565105559,2,0.679056764475511
"ASNA1","Bin_13",0.494423208255768,13,16.2387570766912,2,0.679056764475511
"ASNA1","Bin_14",0.24248895732926,14,17.5378576428265,2,0.679056764475511
"ASNA1","Bin_15",0.328745459787493,15,18.8369582089617,2,0.679056764475511
"ASNA1","Bin_16",0.340084367164527,16,20.136058775097,2,0.679056764475511
"ASNA1","Bin_17",0.826412791192374,17,21.4351593412323,2,0.679056764475511
"ASNA1","Bin_18",0.847091675146753,18,22.7342599073676,2,0.679056764475511
"ASNA1","Bin_19",1.47552962402551,19,24.0333604735029,2,0.679056764475511
"ASNA1","Bin_20",1.53766869695765,20,25.3324610396382,2,0.679056764475511
"CFL1","Bin_1",-0.446852261369386,1,0.649550283067647,2,0.681964265986137
"CFL1","Bin_2",-1.22591516230492,2,1.94865084920294,2,0.681964265986137
"CFL1","Bin_3",-0.991187763226393,3,3.24775141533823,2,0.681964265986137
"CFL1","Bin_4",-0.994512855404805,4,4.54685198147353,2,0.681964265986137
"CFL1","Bin_5",-1.64275424803764,5,5.84595254760882,2,0.681964265986137
"CFL1","Bin_6",-1.94633489650419,6,7.14505311374411,2,0.681964265986137
"CFL1","Bin_7",-1.27522322155426,7,8.4441536798794,2,0.681964265986137
"CFL1","Bin_8",-0.0149634347207566,8,9.7432542460147,2,0.681964265986137
"CFL1","Bin_9",0.98055202607421,9,11.04235481215,2,0.681964265986137
"CFL1","Bin_10",1.15005983982094,10,12.3414553782853,2,0.681964265986137
"CFL1","Bin_11",0.962269276179542,11,13.6405559444206,2,0.681964265986137
"CFL1","Bin_12",0.647615791791956,12,14.9396565105559,2,0.681964265986137
"CFL1","Bin_13",0.635127646605749,13,16.2387570766912,2,0.681964265986137
"CFL1","Bin_14",0.215939405868103,14,17.5378576428265,2,0.681964265986137
"CFL1","Bin_15",0.299977580708295,15,18.8369582089617,2,0.681964265986137
"CFL1","Bin_16",0.429883790967246,16,20.136058775097,2,0.681964265986137
"CFL1","Bin_17",0.483677197018701,17,21.4351593412323,2,0.681964265986137
"CFL1","Bin_18",0.612672716852761,18,22.7342599073676,2,0.681964265986137
"CFL1","Bin_19",1.028918793366,19,24.0333604735029,2,0.681964265986137
"CFL1","Bin_20",1.09104977786886,20,25.3324610396382,2,0.681964265986137
"MAF1","Bin_1",-0.401030187872116,1,0.649550283067647,2,0.695362535011257
"MAF1","Bin_2",-0.964085858967469,2,1.94865084920294,2,0.695362535011257
"MAF1","Bin_3",-1.22521923828344,3,3.24775141533823,2,0.695362535011257
"MAF1","Bin_4",-1.02650230147513,4,4.54685198147353,2,0.695362535011257
"MAF1","Bin_5",-1.16345237622062,5,5.84595254760882,2,0.695362535011257
"MAF1","Bin_6",-1.32005040546992,6,7.14505311374411,2,0.695362535011257
"MAF1","Bin_7",-1.45465078304024,7,8.4441536798794,2,0.695362535011257
"MAF1","Bin_8",-1.25399137060491,8,9.7432542460147,2,0.695362535011257
"MAF1","Bin_9",0.385940136143113,9,11.04235481215,2,0.695362535011257
"MAF1","Bin_10",0.829687810304798,10,12.3414553782853,2,0.695362535011257
"MAF1","Bin_11",1.24656615905013,11,13.6405559444206,2,0.695362535011257
"MAF1","Bin_12",0.393714632171694,12,14.9396565105559,2,0.695362535011257
"MAF1","Bin_13",0.355901135657116,13,16.2387570766912,2,0.695362535011257
"MAF1","Bin_14",0.170239924530574,14,17.5378576428265,2,0.695362535011257
"MAF1","Bin_15",0.266745869996417,15,18.8369582089617,2,0.695362535011257
"MAF1","Bin_16",0.643305039449255,16,20.136058775097,2,0.695362535011257
"MAF1","Bin_17",0.926175082618832,17,21.4351593412323,2,0.695362535011257
"MAF1","Bin_18",0.819128391741954,18,22.7342599073676,2,0.695362535011257
"MAF1","Bin_19",1.30308658127148,19,24.0333604735029,2,0.695362535011257
"MAF1","Bin_20",1.46849175899848,20,25.3324610396382,2,0.695362535011257
"MRPS12","Bin_1",-0.991740759040841,1,0.649550283067647,2,0.677244314385988
"MRPS12","Bin_2",-1.33080824304655,2,1.94865084920294,2,0.677244314385988
"MRPS12","Bin_3",-1.42755533452494,3,3.24775141533823,2,0.677244314385988
"MRPS12","Bin_4",-0.919905513779148,4,4.54685198147353,2,0.677244314385988
"MRPS12","Bin_5",-1.1993139644227,5,5.84595254760882,2,0.677244314385988
"MRPS12","Bin_6",-1.3632158932024,6,7.14505311374411,2,0.677244314385988
"MRPS12","Bin_7",-0.640993530020949,7,8.4441536798794,2,0.677244314385988
"MRPS12","Bin_8",-1.19442809279161,8,9.7432542460147,2,0.677244314385988
"MRPS12","Bin_9",0.889757690046169,9,11.04235481215,2,0.677244314385988
"MRPS12","Bin_10",1.4042590156983,10,12.3414553782853,2,0.677244314385988
"MRPS12","Bin_11",0.986785388198561,11,13.6405559444206,2,0.677244314385988
"MRPS12","Bin_12",0.723390982370865,12,14.9396565105559,2,0.677244314385988
"MRPS12","Bin_13",0.877688171570913,13,16.2387570766912,2,0.677244314385988
"MRPS12","Bin_14",0.414008769111953,14,17.5378576428265,2,0.677244314385988
"MRPS12","Bin_15",0.324085823964035,15,18.8369582089617,2,0.677244314385988
"MRPS12","Bin_16",0.697441681488684,16,20.136058775097,2,0.677244314385988
"MRPS12","Bin_17",0.152509681763842,17,21.4351593412323,2,0.677244314385988
"MRPS12","Bin_18",0.539810621015521,18,22.7342599073676,2,0.677244314385988
"MRPS12","Bin_19",1.04274087196167,19,24.0333604735029,2,0.677244314385988
"MRPS12","Bin_20",1.01548263363863,20,25.3324610396382,2,0.677244314385988
"TET1","Bin_1",-1.18039819767423,1,0.649550283067647,2,0.554334713048124
"TET1","Bin_2",-1.36727807837825,2,1.94865084920294,2,0.554334713048124
"TET1","Bin_3",-1.40980732165335,3,3.24775141533823,2,0.554334713048124
"TET1","Bin_4",-1.0439175407621,4,4.54685198147353,2,0.554334713048124
"TET1","Bin_5",-1.46727763690178,5,5.84595254760882,2,0.554334713048124
"TET1","Bin_6",0.558631397112702,6,7.14505311374411,2,0.554334713048124
"TET1","Bin_7",-0.484695289126689,7,8.4441536798794,2,0.554334713048124
"TET1","Bin_8",-1.10546676186809,8,9.7432542460147,2,0.554334713048124
"TET1","Bin_9",-0.181040865542008,9,11.04235481215,2,0.554334713048124
"TET1","Bin_10",0.206541940395225,10,12.3414553782853,2,0.554334713048124
"TET1","Bin_11",0.400874748043366,11,13.6405559444206,2,0.554334713048124
"TET1","Bin_12",0.226129013594098,12,14.9396565105559,2,0.554334713048124
"TET1","Bin_13",0.290244124214616,13,16.2387570766912,2,0.554334713048124
"TET1","Bin_14",0.466218408322605,14,17.5378576428265,2,0.554334713048124
"TET1","Bin_15",0.589657708885452,15,18.8369582089617,2,0.554334713048124
"TET1","Bin_16",0.739923651050922,16,20.136058775097,2,0.554334713048124
"TET1","Bin_17",2.26787591307069,17,21.4351593412323,2,0.554334713048124
"TET1","Bin_18",0.786596639616213,18,22.7342599073676,2,0.554334713048124
"TET1","Bin_19",0.721997358316846,19,24.0333604735029,2,0.554334713048124
"TET1","Bin_20",0.985190789283762,20,25.3324610396382,2,0.554334713048124
"TCP1","Bin_1",-1.13035653643135,1,0.649550283067647,2,0.69502100666348
"TCP1","Bin_2",-1.04752540550136,2,1.94865084920294,2,0.69502100666348
"TCP1","Bin_3",-1.19333320629891,3,3.24775141533823,2,0.69502100666348
"TCP1","Bin_4",-1.02484938898336,4,4.54685198147353,2,0.69502100666348
"TCP1","Bin_5",-1.29921004724732,5,5.84595254760882,2,0.69502100666348
"TCP1","Bin_6",-1.91696997893876,6,7.14505311374411,2,0.69502100666348
"TCP1","Bin_7",-0.467792562935494,7,8.4441536798794,2,0.69502100666348
"TCP1","Bin_8",-0.476151171420847,8,9.7432542460147,2,0.69502100666348
"TCP1","Bin_9",0.516631274066643,9,11.04235481215,2,0.69502100666348
"TCP1","Bin_10",1.19529114572635,10,12.3414553782853,2,0.69502100666348
"TCP1","Bin_11",0.94528633971276,11,13.6405559444206,2,0.69502100666348
"TCP1","Bin_12",0.241003939819191,12,14.9396565105559,2,0.69502100666348
"TCP1","Bin_13",0.691579225301346,13,16.2387570766912,2,0.69502100666348
"TCP1","Bin_14",0.12182042675765,14,17.5378576428265,2,0.69502100666348
"TCP1","Bin_15",0.114400724865507,15,18.8369582089617,2,0.69502100666348
"TCP1","Bin_16",0.641514963419944,16,20.136058775097,2,0.69502100666348
"TCP1","Bin_17",0.502743609125726,17,21.4351593412323,2,0.69502100666348
"TCP1","Bin_18",0.796718515317739,18,22.7342599073676,2,0.69502100666348
"TCP1","Bin_19",1.39434544292864,19,24.0333604735029,2,0.69502100666348
"TCP1","Bin_20",1.39485269071591,20,25.3324610396382,2,0.69502100666348
"POLR1D","Bin_1",-0.751954554635243,1,0.649550283067647,2,0.631128905156956
"POLR1D","Bin_2",-0.899373154479657,2,1.94865084920294,2,0.631128905156956
"POLR1D","Bin_3",-0.782690202020894,3,3.24775141533823,2,0.631128905156956
"POLR1D","Bin_4",-1.09954567484593,4,4.54685198147353,2,0.631128905156956
"POLR1D","Bin_5",-1.33885041264772,5,5.84595254760882,2,0.631128905156956
"POLR1D","Bin_6",-1.96796518088484,6,7.14505311374411,2,0.631128905156956
"POLR1D","Bin_7",-0.959031544526903,7,8.4441536798794,2,0.631128905156956
"POLR1D","Bin_8",-1.2907893652904,8,9.7432542460147,2,0.631128905156956
"POLR1D","Bin_9",0.595153356092898,9,11.04235481215,2,0.631128905156956
"POLR1D","Bin_10",0.804025001093385,10,12.3414553782853,2,0.631128905156956
"POLR1D","Bin_11",1.00471548006539,11,13.6405559444206,2,0.631128905156956
"POLR1D","Bin_12",0.961108056183101,12,14.9396565105559,2,0.631128905156956
"POLR1D","Bin_13",0.944895034071014,13,16.2387570766912,2,0.631128905156956
"POLR1D","Bin_14",1.00567645919775,14,17.5378576428265,2,0.631128905156956
"POLR1D","Bin_15",1.04761272757232,15,18.8369582089617,2,0.631128905156956
"POLR1D","Bin_16",0.855655400066952,16,20.136058775097,2,0.631128905156956
"POLR1D","Bin_17",0.469451877922045,17,21.4351593412323,2,0.631128905156956
"POLR1D","Bin_18",0.522748581069022,18,22.7342599073676,2,0.631128905156956
"POLR1D","Bin_19",0.489553825646638,19,24.0333604735029,2,0.631128905156956
"POLR1D","Bin_20",0.389604290351067,20,25.3324610396382,2,0.631128905156956
"RPLP2","Bin_1",-0.10614150553197,1,0.649550283067647,2,0.504023099522518
"RPLP2","Bin_2",-0.440043483956969,2,1.94865084920294,2,0.504023099522518
"RPLP2","Bin_3",-0.805143796954508,3,3.24775141533823,2,0.504023099522518
"RPLP2","Bin_4",-1.52468560038782,4,4.54685198147353,2,0.504023099522518
"RPLP2","Bin_5",-0.114162718972756,5,5.84595254760882,2,0.504023099522518
"RPLP2","Bin_6",-3.16414368085785,6,7.14505311374411,2,0.504023099522518
"RPLP2","Bin_7",-1.00667119480562,7,8.4441536798794,2,0.504023099522518
"RPLP2","Bin_8",-0.00716980374398447,8,9.7432542460147,2,0.504023099522518
"RPLP2","Bin_9",0.708358312075923,9,11.04235481215,2,0.504023099522518
"RPLP2","Bin_10",0.652011996527804,10,12.3414553782853,2,0.504023099522518
"RPLP2","Bin_11",0.56682021885264,11,13.6405559444206,2,0.504023099522518
"RPLP2","Bin_12",0.892787679020633,12,14.9396565105559,2,0.504023099522518
"RPLP2","Bin_13",0.786028032420466,13,16.2387570766912,2,0.504023099522518
"RPLP2","Bin_14",0.832951414788056,14,17.5378576428265,2,0.504023099522518
"RPLP2","Bin_15",0.774458332480204,15,18.8369582089617,2,0.504023099522518
"RPLP2","Bin_16",0.591109173098616,16,20.136058775097,2,0.504023099522518
"RPLP2","Bin_17",0.333397938292151,17,21.4351593412323,2,0.504023099522518
"RPLP2","Bin_18",0.435138467021522,18,22.7342599073676,2,0.504023099522518
"RPLP2","Bin_19",0.286721917881672,19,24.0333604735029,2,0.504023099522518
"RPLP2","Bin_20",0.308378302751787,20,25.3324610396382,2,0.504023099522518
"RAD23B","Bin_1",-0.576983033258369,1,0.649550283067647,2,0.696263946508118
"RAD23B","Bin_2",-1.13283030381663,2,1.94865084920294,2,0.696263946508118
"RAD23B","Bin_3",-1.10808345488474,3,3.24775141533823,2,0.696263946508118
"RAD23B","Bin_4",-0.803659809978341,4,4.54685198147353,2,0.696263946508118
"RAD23B","Bin_5",-1.29114028792787,5,5.84595254760882,2,0.696263946508118
"RAD23B","Bin_6",-1.43914787550773,6,7.14505311374411,2,0.696263946508118
"RAD23B","Bin_7",-1.07092776198871,7,8.4441536798794,2,0.696263946508118
"RAD23B","Bin_8",-1.32963938739549,8,9.7432542460147,2,0.696263946508118
"RAD23B","Bin_9",0.209286054873496,9,11.04235481215,2,0.696263946508118
"RAD23B","Bin_10",1.12962563920475,10,12.3414553782853,2,0.696263946508118
"RAD23B","Bin_11",1.07881407259416,11,13.6405559444206,2,0.696263946508118
"RAD23B","Bin_12",0.38047829043015,12,14.9396565105559,2,0.696263946508118
"RAD23B","Bin_13",0.387036519894216,13,16.2387570766912,2,0.696263946508118
"RAD23B","Bin_14",0.0606682175738467,14,17.5378576428265,2,0.696263946508118
"RAD23B","Bin_15",0.286824417309456,15,18.8369582089617,2,0.696263946508118
"RAD23B","Bin_16",0.674043560576517,16,20.136058775097,2,0.696263946508118
"RAD23B","Bin_17",0.895805766548572,17,21.4351593412323,2,0.696263946508118
"RAD23B","Bin_18",0.80244521323785,18,22.7342599073676,2,0.696263946508118
"RAD23B","Bin_19",1.56212493811986,19,24.0333604735029,2,0.696263946508118
"RAD23B","Bin_20",1.285259224395,20,25.3324610396382,2,0.696263946508118
"FGFBP2","Bin_1",-0.785754303771615,1,0.649550283067647,2,0.453696013043839
"FGFBP2","Bin_2",-0.762855146284477,2,1.94865084920294,2,0.453696013043839
"FGFBP2","Bin_3",-0.785754303771615,3,3.24775141533823,2,0.453696013043839
"FGFBP2","Bin_4",-0.661086476301154,4,4.54685198147353,2,0.453696013043839
"FGFBP2","Bin_5",-0.785754303771615,5,5.84595254760882,2,0.453696013043839
"FGFBP2","Bin_6",-0.785754303771615,6,7.14505311374411,2,0.453696013043839
"FGFBP2","Bin_7",-0.533715410432453,7,8.4441536798794,2,0.453696013043839
"FGFBP2","Bin_8",-0.101657735051143,8,9.7432542460147,2,0.453696013043839
"FGFBP2","Bin_9",0.382930908387028,9,11.04235481215,2,0.453696013043839
"FGFBP2","Bin_10",-0.416562380441405,10,12.3414553782853,2,0.453696013043839
"FGFBP2","Bin_11",-0.442187146938684,11,13.6405559444206,2,0.453696013043839
"FGFBP2","Bin_12",-0.032885946526007,12,14.9396565105559,2,0.453696013043839
"FGFBP2","Bin_13",-0.438947591576955,13,16.2387570766912,2,0.453696013043839
"FGFBP2","Bin_14",-0.59032915274071,14,17.5378576428265,2,0.453696013043839
"FGFBP2","Bin_15",-0.0130423758447021,15,18.8369582089617,2,0.453696013043839
"FGFBP2","Bin_16",-0.292990969834868,16,20.136058775097,2,0.453696013043839
"FGFBP2","Bin_17",2.50700893332004,17,21.4351593412323,2,0.453696013043839
"FGFBP2","Bin_18",2.18666712583157,18,22.7342599073676,2,0.453696013043839
"FGFBP2","Bin_19",0.831294672350193,19,24.0333604735029,2,0.453696013043839
"FGFBP2","Bin_20",1.52137590717019,20,25.3324610396382,2,0.453696013043839
"DLX1","Bin_1",-0.510503894341909,1,0.649550283067647,2,0.377967221642803
"DLX1","Bin_2",-0.510503894341909,2,1.94865084920294,2,0.377967221642803
"DLX1","Bin_3",-0.510503894341909,3,3.24775141533823,2,0.377967221642803
"DLX1","Bin_4",-0.510503894341909,4,4.54685198147353,2,0.377967221642803
"DLX1","Bin_5",-0.510503894341909,5,5.84595254760882,2,0.377967221642803
"DLX1","Bin_6",-0.510503894341909,6,7.14505311374411,2,0.377967221642803
"DLX1","Bin_7",-0.510503894341909,7,8.4441536798794,2,0.377967221642803
"DLX1","Bin_8",-0.510503894341909,8,9.7432542460147,2,0.377967221642803
"DLX1","Bin_9",-0.510503894341909,9,11.04235481215,2,0.377967221642803
"DLX1","Bin_10",-0.482147781970151,10,12.3414553782853,2,0.377967221642803
"DLX1","Bin_11",-0.325534320136844,11,13.6405559444206,2,0.377967221642803
"DLX1","Bin_12",-0.488451867203613,12,14.9396565105559,2,0.377967221642803
"DLX1","Bin_13",-0.284497055791481,13,16.2387570766912,2,0.377967221642803
"DLX1","Bin_14",-0.227302811847121,14,17.5378576428265,2,0.377967221642803
"DLX1","Bin_15",0.0526076552934242,15,18.8369582089617,2,0.377967221642803
"DLX1","Bin_16",-0.393886989382137,16,20.136058775097,2,0.377967221642803
"DLX1","Bin_17",0.671302598521288,17,21.4351593412323,2,0.377967221642803
"DLX1","Bin_18",1.16119058960227,18,22.7342599073676,2,0.377967221642803
"DLX1","Bin_19",1.47386781186388,19,24.0333604735029,2,0.377967221642803
"DLX1","Bin_20",3.43738722012766,20,25.3324610396382,2,0.377967221642803
"FXYD6","Bin_1",-1.41552074677931,1,0.649550283067647,2,0.671987836507416
"FXYD6","Bin_2",-1.01638798868015,2,1.94865084920294,2,0.671987836507416
"FXYD6","Bin_3",-0.763307291072537,3,3.24775141533823,2,0.671987836507416
"FXYD6","Bin_4",-1.12902498791048,4,4.54685198147353,2,0.671987836507416
"FXYD6","Bin_5",-1.2986216273893,5,5.84595254760882,2,0.671987836507416
"FXYD6","Bin_6",-1.4516595301035,6,7.14505311374411,2,0.671987836507416
"FXYD6","Bin_7",-0.522698220129507,7,8.4441536798794,2,0.671987836507416
"FXYD6","Bin_8",-1.4516595301035,8,9.7432542460147,2,0.671987836507416
"FXYD6","Bin_9",0.620167870672893,9,11.04235481215,2,0.671987836507416
"FXYD6","Bin_10",0.813952292773565,10,12.3414553782853,2,0.671987836507416
"FXYD6","Bin_11",0.982202177740551,11,13.6405559444206,2,0.671987836507416
"FXYD6","Bin_12",1.00178075044969,12,14.9396565105559,2,0.671987836507416
"FXYD6","Bin_13",0.366543717259386,13,16.2387570766912,2,0.671987836507416
"FXYD6","Bin_14",0.431143458314719,14,17.5378576428265,2,0.671987836507416
"FXYD6","Bin_15",0.291566017783724,15,18.8369582089617,2,0.671987836507416
"FXYD6","Bin_16",0.691884841390411,16,20.136058775097,2,0.671987836507416
"FXYD6","Bin_17",0.60513556713448,17,21.4351593412323,2,0.671987836507416
"FXYD6","Bin_18",0.934129029837495,18,22.7342599073676,2,0.671987836507416
"FXYD6","Bin_19",0.905595984638144,19,24.0333604735029,2,0.671987836507416
"FXYD6","Bin_20",1.40477821417323,20,25.3324610396382,2,0.671987836507416
"ILF2","Bin_1",-1.29844891358758,1,0.649550283067647,2,0.689420655869957
"ILF2","Bin_2",-1.158018053938,2,1.94865084920294,2,0.689420655869957
"ILF2","Bin_3",-1.34104528454168,3,3.24775141533823,2,0.689420655869957
"ILF2","Bin_4",-0.3648364199631,4,4.54685198147353,2,0.689420655869957
"ILF2","Bin_5",-0.996332370105118,5,5.84595254760882,2,0.689420655869957
"ILF2","Bin_6",-1.93086777076308,6,7.14505311374411,2,0.689420655869957
"ILF2","Bin_7",-1.20431345697828,7,8.4441536798794,2,0.689420655869957
"ILF2","Bin_8",-0.560046970106924,8,9.7432542460147,2,0.689420655869957
"ILF2","Bin_9",0.569724163593378,9,11.04235481215,2,0.689420655869957
"ILF2","Bin_10",0.743159813464761,10,12.3414553782853,2,0.689420655869957
"ILF2","Bin_11",0.941894091921107,11,13.6405559444206,2,0.689420655869957
"ILF2","Bin_12",0.405227187769566,12,14.9396565105559,2,0.689420655869957
"ILF2","Bin_13",0.950081307544335,13,16.2387570766912,2,0.689420655869957
"ILF2","Bin_14",0.609022382112893,14,17.5378576428265,2,0.689420655869957
"ILF2","Bin_15",0.353290991672572,15,18.8369582089617,2,0.689420655869957
"ILF2","Bin_16",0.327830878456665,16,20.136058775097,2,0.689420655869957
"ILF2","Bin_17",0.687387129652784,17,21.4351593412323,2,0.689420655869957
"ILF2","Bin_18",0.900521742047819,18,22.7342599073676,2,0.689420655869957
"ILF2","Bin_19",1.32535438367745,19,24.0333604735029,2,0.689420655869957
"ILF2","Bin_20",1.04041516807044,20,25.3324610396382,2,0.689420655869957
"TPM1","Bin_1",1.86961273026169,1,0.649550283067647,1,0.625417190964487
"TPM1","Bin_2",1.73198912348288,2,1.94865084920294,1,0.625417190964487
"TPM1","Bin_3",2.67433560592476,3,3.24775141533823,1,0.625417190964487
"TPM1","Bin_4",0.884283117482437,4,4.54685198147353,1,0.625417190964487
"TPM1","Bin_5",0.397651777601809,5,5.84595254760882,1,0.625417190964487
"TPM1","Bin_6",-0.502257397855468,6,7.14505311374411,1,0.625417190964487
"TPM1","Bin_7",-0.765053498343216,7,8.4441536798794,1,0.625417190964487
"TPM1","Bin_8",-0.935512350413945,8,9.7432542460147,1,0.625417190964487
"TPM1","Bin_9",-0.323920681318436,9,11.04235481215,1,0.625417190964487
"TPM1","Bin_10",-0.14061443133154,10,12.3414553782853,1,0.625417190964487
"TPM1","Bin_11",-0.222833755091411,11,13.6405559444206,1,0.625417190964487
"TPM1","Bin_12",-0.328257275629436,12,14.9396565105559,1,0.625417190964487
"TPM1","Bin_13",-0.462279064928057,13,16.2387570766912,1,0.625417190964487
"TPM1","Bin_14",-0.53715571516773,14,17.5378576428265,1,0.625417190964487
"TPM1","Bin_15",-0.450406739211143,15,18.8369582089617,1,0.625417190964487
"TPM1","Bin_16",-0.427383331344409,16,20.136058775097,1,0.625417190964487
"TPM1","Bin_17",-0.595987838993295,17,21.4351593412323,1,0.625417190964487
"TPM1","Bin_18",-0.583420371210925,18,22.7342599073676,1,0.625417190964487
"TPM1","Bin_19",-0.565128255235516,19,24.0333604735029,1,0.625417190964487
"TPM1","Bin_20",-0.717661648679059,20,25.3324610396382,1,0.625417190964487
"POLE4","Bin_1",-0.107331924436056,1,0.649550283067647,2,0.507033122088654
"POLE4","Bin_2",-0.872426424323837,2,1.94865084920294,2,0.507033122088654
"POLE4","Bin_3",-0.985642287664078,3,3.24775141533823,2,0.507033122088654
"POLE4","Bin_4",-0.591503167409878,4,4.54685198147353,2,0.507033122088654
"POLE4","Bin_5",-0.79473472496941,5,5.84595254760882,2,0.507033122088654
"POLE4","Bin_6",0.121408615515878,6,7.14505311374411,2,0.507033122088654
"POLE4","Bin_7",-1.82987799733893,7,8.4441536798794,2,0.507033122088654
"POLE4","Bin_8",-1.82987799733893,8,9.7432542460147,2,0.507033122088654
"POLE4","Bin_9",0.265734091083427,9,11.04235481215,2,0.507033122088654
"POLE4","Bin_10",0.594535200186731,10,12.3414553782853,2,0.507033122088654
"POLE4","Bin_11",0.261429066000324,11,13.6405559444206,2,0.507033122088654
"POLE4","Bin_12",0.0348462746767338,12,14.9396565105559,2,0.507033122088654
"POLE4","Bin_13",0.150565443006651,13,16.2387570766912,2,0.507033122088654
"POLE4","Bin_14",-0.192454030648984,14,17.5378576428265,2,0.507033122088654
"POLE4","Bin_15",0.0209765997995562,15,18.8369582089617,2,0.507033122088654
"POLE4","Bin_16",0.115268472980061,16,20.136058775097,2,0.507033122088654
"POLE4","Bin_17",0.637310775054569,17,21.4351593412323,2,0.507033122088654
"POLE4","Bin_18",1.27129699041843,18,22.7342599073676,2,0.507033122088654
"POLE4","Bin_19",1.95202276874992,19,24.0333604735029,2,0.507033122088654
"POLE4","Bin_20",1.77845425665782,20,25.3324610396382,2,0.507033122088654
"FKBP8","Bin_1",-0.276893066015585,1,0.649550283067647,2,0.685531645640735
"FKBP8","Bin_2",-1.00542293020873,2,1.94865084920294,2,0.685531645640735
"FKBP8","Bin_3",-1.14546533557331,3,3.24775141533823,2,0.685531645640735
"FKBP8","Bin_4",-0.3832657458545,4,4.54685198147353,2,0.685531645640735
"FKBP8","Bin_5",-1.38068548110134,5,5.84595254760882,2,0.685531645640735
"FKBP8","Bin_6",-2.07277347503464,6,7.14505311374411,2,0.685531645640735
"FKBP8","Bin_7",-1.31346357656903,7,8.4441536798794,2,0.685531645640735
"FKBP8","Bin_8",-0.993004433257614,8,9.7432542460147,2,0.685531645640735
"FKBP8","Bin_9",0.0837807898906188,9,11.04235481215,2,0.685531645640735
"FKBP8","Bin_10",0.678228127907537,10,12.3414553782853,2,0.685531645640735
"FKBP8","Bin_11",0.647695459822645,11,13.6405559444206,2,0.685531645640735
"FKBP8","Bin_12",0.514611539241563,12,14.9396565105559,2,0.685531645640735
"FKBP8","Bin_13",0.465571154053074,13,16.2387570766912,2,0.685531645640735
"FKBP8","Bin_14",0.468442851433439,14,17.5378576428265,2,0.685531645640735
"FKBP8","Bin_15",0.673843926099776,15,18.8369582089617,2,0.685531645640735
"FKBP8","Bin_16",0.510131953107591,16,20.136058775097,2,0.685531645640735
"FKBP8","Bin_17",1.01403419017747,17,21.4351593412323,2,0.685531645640735
"FKBP8","Bin_18",0.927624175244028,18,22.7342599073676,2,0.685531645640735
"FKBP8","Bin_19",1.25717082125673,19,24.0333604735029,2,0.685531645640735
"FKBP8","Bin_20",1.32983905538028,20,25.3324610396382,2,0.685531645640735
"RFC4","Bin_1",-1.44546330280777,1,0.649550283067647,2,0.61741517828726
"RFC4","Bin_2",-1.59483242626521,2,1.94865084920294,2,0.61741517828726
"RFC4","Bin_3",-1.52797410001977,3,3.24775141533823,2,0.61741517828726
"RFC4","Bin_4",-1.11725490347849,4,4.54685198147353,2,0.61741517828726
"RFC4","Bin_5",-1.17324272403641,5,5.84595254760882,2,0.61741517828726
"RFC4","Bin_6",-0.165464883972956,6,7.14505311374411,2,0.61741517828726
"RFC4","Bin_7",-0.953667849317327,7,8.4441536798794,2,0.61741517828726
"RFC4","Bin_8",-0.596409756254261,8,9.7432542460147,2,0.61741517828726
"RFC4","Bin_9",0.737754053705137,9,11.04235481215,2,0.61741517828726
"RFC4","Bin_10",1.51772847060626,10,12.3414553782853,2,0.61741517828726
"RFC4","Bin_11",0.840358217681322,11,13.6405559444206,2,0.61741517828726
"RFC4","Bin_12",0.289197775288929,12,14.9396565105559,2,0.61741517828726
"RFC4","Bin_13",0.695215784560817,13,16.2387570766912,2,0.61741517828726
"RFC4","Bin_14",0.823934982552657,14,17.5378576428265,2,0.61741517828726
"RFC4","Bin_15",0.169886715993835,15,18.8369582089617,2,0.61741517828726
"RFC4","Bin_16",1.06864690696843,16,20.136058775097,2,0.61741517828726
"RFC4","Bin_17",0.200661588023182,17,21.4351593412323,2,0.61741517828726
"RFC4","Bin_18",0.290053631738478,18,22.7342599073676,2,0.61741517828726
"RFC4","Bin_19",0.709140637931077,19,24.0333604735029,2,0.61741517828726
"RFC4","Bin_20",1.23173118110207,20,25.3324610396382,2,0.61741517828726
"GADD45GIP1","Bin_1",-0.671875071347007,1,0.649550283067647,2,0.700132055525041
"GADD45GIP1","Bin_2",-1.20974306472777,2,1.94865084920294,2,0.700132055525041
"GADD45GIP1","Bin_3",-1.16800989188012,3,3.24775141533823,2,0.700132055525041
"GADD45GIP1","Bin_4",-0.638302692132132,4,4.54685198147353,2,0.700132055525041
"GADD45GIP1","Bin_5",-1.29652152306944,5,5.84595254760882,2,0.700132055525041
"GADD45GIP1","Bin_6",-2.30461368462656,6,7.14505311374411,2,0.700132055525041
"GADD45GIP1","Bin_7",-1.07105149778884,7,8.4441536798794,2,0.700132055525041
"GADD45GIP1","Bin_8",-0.450950501282263,8,9.7432542460147,2,0.700132055525041
"GADD45GIP1","Bin_9",0.81195370458862,9,11.04235481215,2,0.700132055525041
"GADD45GIP1","Bin_10",0.881463266829103,10,12.3414553782853,2,0.700132055525041
"GADD45GIP1","Bin_11",0.707302467066047,11,13.6405559444206,2,0.700132055525041
"GADD45GIP1","Bin_12",0.395987107042077,12,14.9396565105559,2,0.700132055525041
"GADD45GIP1","Bin_13",0.744294060537488,13,16.2387570766912,2,0.700132055525041
"GADD45GIP1","Bin_14",0.559457513920015,14,17.5378576428265,2,0.700132055525041
"GADD45GIP1","Bin_15",0.590586988328832,15,18.8369582089617,2,0.700132055525041
"GADD45GIP1","Bin_16",0.594801316875861,16,20.136058775097,2,0.700132055525041
"GADD45GIP1","Bin_17",0.539562459914263,17,21.4351593412323,2,0.700132055525041
"GADD45GIP1","Bin_18",0.821839591468825,18,22.7342599073676,2,0.700132055525041
"GADD45GIP1","Bin_19",1.09254241282967,19,24.0333604735029,2,0.700132055525041
"GADD45GIP1","Bin_20",1.07127703745333,20,25.3324610396382,2,0.700132055525041
"DNAJB11","Bin_1",-0.945810170338015,1,0.649550283067647,2,0.695985601600143
"DNAJB11","Bin_2",-1.11629331630673,2,1.94865084920294,2,0.695985601600143
"DNAJB11","Bin_3",-1.25886295752821,3,3.24775141533823,2,0.695985601600143
"DNAJB11","Bin_4",-0.768428520274194,4,4.54685198147353,2,0.695985601600143
"DNAJB11","Bin_5",-1.37346447165168,5,5.84595254760882,2,0.695985601600143
"DNAJB11","Bin_6",-1.8159397230881,6,7.14505311374411,2,0.695985601600143
"DNAJB11","Bin_7",-0.290133023016475,7,8.4441536798794,2,0.695985601600143
"DNAJB11","Bin_8",-1.05638818317367,8,9.7432542460147,2,0.695985601600143
"DNAJB11","Bin_9",0.347435359945085,9,11.04235481215,2,0.695985601600143
"DNAJB11","Bin_10",0.999252395053845,10,12.3414553782853,2,0.695985601600143
"DNAJB11","Bin_11",0.979125943454508,11,13.6405559444206,2,0.695985601600143
"DNAJB11","Bin_12",0.141439694390903,12,14.9396565105559,2,0.695985601600143
"DNAJB11","Bin_13",0.426616600128294,13,16.2387570766912,2,0.695985601600143
"DNAJB11","Bin_14",0.209397918015556,14,17.5378576428265,2,0.695985601600143
"DNAJB11","Bin_15",0.259089858348617,15,18.8369582089617,2,0.695985601600143
"DNAJB11","Bin_16",0.608446426373161,16,20.136058775097,2,0.695985601600143
"DNAJB11","Bin_17",1.06147526637733,17,21.4351593412323,2,0.695985601600143
"DNAJB11","Bin_18",0.965785968756986,18,22.7342599073676,2,0.695985601600143
"DNAJB11","Bin_19",1.19501191835646,19,24.0333604735029,2,0.695985601600143
"DNAJB11","Bin_20",1.43224301617633,20,25.3324610396382,2,0.695985601600143
"UBC","Bin_1",1.38250784848088,1,0.649550283067647,1,0.50015846373827
"UBC","Bin_2",1.98717312062616,2,1.94865084920294,1,0.50015846373827
"UBC","Bin_3",1.89274540845524,3,3.24775141533823,1,0.50015846373827
"UBC","Bin_4",1.09471514755232,4,4.54685198147353,1,0.50015846373827
"UBC","Bin_5",-0.192085092988116,5,5.84595254760882,1,0.50015846373827
"UBC","Bin_6",-2.28591495574897,6,7.14505311374411,1,0.50015846373827
"UBC","Bin_7",-1.30334476362203,7,8.4441536798794,1,0.50015846373827
"UBC","Bin_8",-0.903742470727702,8,9.7432542460147,1,0.50015846373827
"UBC","Bin_9",-0.387107634403977,9,11.04235481215,1,0.50015846373827
"UBC","Bin_10",-0.332152776773488,10,12.3414553782853,1,0.50015846373827
"UBC","Bin_11",0.131736685890801,11,13.6405559444206,1,0.50015846373827
"UBC","Bin_12",-0.244279723977316,12,14.9396565105559,1,0.50015846373827
"UBC","Bin_13",-0.346847024990705,13,16.2387570766912,1,0.50015846373827
"UBC","Bin_14",-0.0133339525401987,14,17.5378576428265,1,0.50015846373827
"UBC","Bin_15",0.0330561219510363,15,18.8369582089617,1,0.50015846373827
"UBC","Bin_16",0.0894056268341602,16,20.136058775097,1,0.50015846373827
"UBC","Bin_17",-0.0843514275143648,17,21.4351593412323,1,0.50015846373827
"UBC","Bin_18",-0.204309803842345,18,22.7342599073676,1,0.50015846373827
"UBC","Bin_19",-0.247157402376012,19,24.0333604735029,1,0.50015846373827
"UBC","Bin_20",-0.0667129302853654,20,25.3324610396382,1,0.50015846373827
"AQP3","Bin_1",-1.0043751354157,1,0.649550283067647,2,0.592827769719338
"AQP3","Bin_2",-0.643220464203061,2,1.94865084920294,2,0.592827769719338
"AQP3","Bin_3",-1.08371945750499,3,3.24775141533823,2,0.592827769719338
"AQP3","Bin_4",-0.973729422817467,4,4.54685198147353,2,0.592827769719338
"AQP3","Bin_5",-1.12924580585826,5,5.84595254760882,2,0.592827769719338
"AQP3","Bin_6",-1.38452719928448,6,7.14505311374411,2,0.592827769719338
"AQP3","Bin_7",-0.842488864841961,7,8.4441536798794,2,0.592827769719338
"AQP3","Bin_8",0.122031866747277,8,9.7432542460147,2,0.592827769719338
"AQP3","Bin_9",0.447138640120249,9,11.04235481215,2,0.592827769719338
"AQP3","Bin_10",0.524390972074939,10,12.3414553782853,2,0.592827769719338
"AQP3","Bin_11",0.0173877081471771,11,13.6405559444206,2,0.592827769719338
"AQP3","Bin_12",-0.208963900047118,12,14.9396565105559,2,0.592827769719338
"AQP3","Bin_13",0.563716780966309,13,16.2387570766912,2,0.592827769719338
"AQP3","Bin_14",-0.11027665277222,14,17.5378576428265,2,0.592827769719338
"AQP3","Bin_15",-0.228949229355091,15,18.8369582089617,2,0.592827769719338
"AQP3","Bin_16",-0.175273729457083,16,20.136058775097,2,0.592827769719338
"AQP3","Bin_17",0.951208038204593,17,21.4351593412323,2,0.592827769719338
"AQP3","Bin_18",1.19289493984989,18,22.7342599073676,2,0.592827769719338
"AQP3","Bin_19",2.43784673537397,19,24.0333604735029,2,0.592827769719338
"AQP3","Bin_20",1.52815418007302,20,25.3324610396382,2,0.592827769719338
"RPL10A","Bin_1",0.143540023348972,1,0.649550283067647,2,0.378891367865156
"RPL10A","Bin_2",0.167875312876043,2,1.94865084920294,2,0.378891367865156
"RPL10A","Bin_3",0.109960444138347,3,3.24775141533823,2,0.378891367865156
"RPL10A","Bin_4",-1.01189391811615,4,4.54685198147353,2,0.378891367865156
"RPL10A","Bin_5",-0.0396842105678203,5,5.84595254760882,2,0.378891367865156
"RPL10A","Bin_6",-3.03525109823874,6,7.14505311374411,2,0.378891367865156
"RPL10A","Bin_7",-2.15854914858547,7,8.4441536798794,2,0.378891367865156
"RPL10A","Bin_8",-0.598998968989677,8,9.7432542460147,2,0.378891367865156
"RPL10A","Bin_9",0.475396482019285,9,11.04235481215,2,0.378891367865156
"RPL10A","Bin_10",0.414832332862059,10,12.3414553782853,2,0.378891367865156
"RPL10A","Bin_11",0.397862483436686,11,13.6405559444206,2,0.378891367865156
"RPL10A","Bin_12",0.623660492180905,12,14.9396565105559,2,0.378891367865156
"RPL10A","Bin_13",0.686992192828084,13,16.2387570766912,2,0.378891367865156
"RPL10A","Bin_14",0.79802977302659,14,17.5378576428265,2,0.378891367865156
"RPL10A","Bin_15",0.692621154217351,15,18.8369582089617,2,0.378891367865156
"RPL10A","Bin_16",0.356005951298663,16,20.136058775097,2,0.378891367865156
"RPL10A","Bin_17",0.442279708148987,17,21.4351593412323,2,0.378891367865156
"RPL10A","Bin_18",0.643269367626539,18,22.7342599073676,2,0.378891367865156
"RPL10A","Bin_19",0.53217009294897,19,24.0333604735029,2,0.378891367865156
"RPL10A","Bin_20",0.359881533540371,20,25.3324610396382,2,0.378891367865156
"MT2A","Bin_1",0.947115557810048,1,0.649550283067647,1,0.584747817748963
"MT2A","Bin_2",1.898672224114,2,1.94865084920294,1,0.584747817748963
"MT2A","Bin_3",2.91040390165803,3,3.24775141533823,1,0.584747817748963
"MT2A","Bin_4",0.940992865379034,4,4.54685198147353,1,0.584747817748963
"MT2A","Bin_5",0.477796662516764,5,5.84595254760882,1,0.584747817748963
"MT2A","Bin_6",-0.830647042779619,6,7.14505311374411,1,0.584747817748963
"MT2A","Bin_7",-0.94656520416567,7,8.4441536798794,1,0.584747817748963
"MT2A","Bin_8",-0.681242058701362,8,9.7432542460147,1,0.584747817748963
"MT2A","Bin_9",-0.311141011442976,9,11.04235481215,1,0.584747817748963
"MT2A","Bin_10",-0.261217102641806,10,12.3414553782853,1,0.584747817748963
"MT2A","Bin_11",-0.139816445318924,11,13.6405559444206,1,0.584747817748963
"MT2A","Bin_12",-0.393978576874545,12,14.9396565105559,1,0.584747817748963
"MT2A","Bin_13",-0.857546144025891,13,16.2387570766912,1,0.584747817748963
"MT2A","Bin_14",-0.956321446544784,14,17.5378576428265,1,0.584747817748963
"MT2A","Bin_15",-0.664329117519306,15,18.8369582089617,1,0.584747817748963
"MT2A","Bin_16",-0.545980210603848,16,20.136058775097,1,0.584747817748963
"MT2A","Bin_17",-0.241000186711919,17,21.4351593412323,1,0.584747817748963
"MT2A","Bin_18",-0.260468856547394,18,22.7342599073676,1,0.584747817748963
"MT2A","Bin_19",0.00797411027114375,19,24.0333604735029,1,0.584747817748963
"MT2A","Bin_20",-0.092701917870974,20,25.3324610396382,1,0.584747817748963
"ERG28","Bin_1",-0.0380322871496458,1,0.649550283067647,2,0.66530968782017
"ERG28","Bin_2",-1.07358898264347,2,1.94865084920294,2,0.66530968782017
"ERG28","Bin_3",-1.06902269441146,3,3.24775141533823,2,0.66530968782017
"ERG28","Bin_4",-1.27140584278887,4,4.54685198147353,2,0.66530968782017
"ERG28","Bin_5",-1.42502267712097,5,5.84595254760882,2,0.66530968782017
"ERG28","Bin_6",-1.76560992993789,6,7.14505311374411,2,0.66530968782017
"ERG28","Bin_7",-1.045959312101,7,8.4441536798794,2,0.66530968782017
"ERG28","Bin_8",-0.217799942558298,8,9.7432542460147,2,0.66530968782017
"ERG28","Bin_9",0.433445445771329,9,11.04235481215,2,0.66530968782017
"ERG28","Bin_10",0.939141126606198,10,12.3414553782853,2,0.66530968782017
"ERG28","Bin_11",0.683195936102707,11,13.6405559444206,2,0.66530968782017
"ERG28","Bin_12",0.75331547272351,12,14.9396565105559,2,0.66530968782017
"ERG28","Bin_13",0.090763655613959,13,16.2387570766912,2,0.66530968782017
"ERG28","Bin_14",-0.14221786047489,14,17.5378576428265,2,0.66530968782017
"ERG28","Bin_15",0.259059543761724,15,18.8369582089617,2,0.66530968782017
"ERG28","Bin_16",-0.0213061219189912,16,20.136058775097,2,0.66530968782017
"ERG28","Bin_17",0.877083066811616,17,21.4351593412323,2,0.66530968782017
"ERG28","Bin_18",0.91751839078931,18,22.7342599073676,2,0.66530968782017
"ERG28","Bin_19",1.30347922199173,19,24.0333604735029,2,0.66530968782017
"ERG28","Bin_20",1.81296379093341,20,25.3324610396382,2,0.66530968782017
"UBA52","Bin_1",-0.636654441865973,1,0.649550283067647,2,0.461949742460413
"UBA52","Bin_2",-0.658518509914369,2,1.94865084920294,2,0.461949742460413
"UBA52","Bin_3",-0.455448675772327,3,3.24775141533823,2,0.461949742460413
"UBA52","Bin_4",0.288807981849929,4,4.54685198147353,2,0.461949742460413
"UBA52","Bin_5",-0.137477732508771,5,5.84595254760882,2,0.461949742460413
"UBA52","Bin_6",-3.31019387488271,6,7.14505311374411,2,0.461949742460413
"UBA52","Bin_7",-1.47648409636367,7,8.4441536798794,2,0.461949742460413
"UBA52","Bin_8",-0.592746945169994,8,9.7432542460147,2,0.461949742460413
"UBA52","Bin_9",0.433992527064525,9,11.04235481215,2,0.461949742460413
"UBA52","Bin_10",0.320829069935772,10,12.3414553782853,2,0.461949742460413
"UBA52","Bin_11",0.393633269511144,11,13.6405559444206,2,0.461949742460413
"UBA52","Bin_12",0.425596719705551,12,14.9396565105559,2,0.461949742460413
"UBA52","Bin_13",0.762862771468404,13,16.2387570766912,2,0.461949742460413
"UBA52","Bin_14",0.801957483841949,14,17.5378576428265,2,0.461949742460413
"UBA52","Bin_15",0.675870957599111,15,18.8369582089617,2,0.461949742460413
"UBA52","Bin_16",0.4909804071432,16,20.136058775097,2,0.461949742460413
"UBA52","Bin_17",0.535147780491941,17,21.4351593412323,2,0.461949742460413
"UBA52","Bin_18",0.691016294315,18,22.7342599073676,2,0.461949742460413
"UBA52","Bin_19",0.694430977164381,19,24.0333604735029,2,0.461949742460413
"UBA52","Bin_20",0.752398036386912,20,25.3324610396382,2,0.461949742460413
"C19orf48","Bin_1",-1.2788905801354,1,0.649550283067647,2,0.586841201791565
"C19orf48","Bin_2",-1.19770847698101,2,1.94865084920294,2,0.586841201791565
"C19orf48","Bin_3",-1.27492211202278,3,3.24775141533823,2,0.586841201791565
"C19orf48","Bin_4",-1.20012303055759,4,4.54685198147353,2,0.586841201791565
"C19orf48","Bin_5",-1.22833165704754,5,5.84595254760882,2,0.586841201791565
"C19orf48","Bin_6",-1.15213975395432,6,7.14505311374411,2,0.586841201791565
"C19orf48","Bin_7",-1.12046292056468,7,8.4441536798794,2,0.586841201791565
"C19orf48","Bin_8",-0.187151201090304,8,9.7432542460147,2,0.586841201791565
"C19orf48","Bin_9",0.827889396830197,9,11.04235481215,2,0.586841201791565
"C19orf48","Bin_10",0.911205559331849,10,12.3414553782853,2,0.586841201791565
"C19orf48","Bin_11",1.06500364452369,11,13.6405559444206,2,0.586841201791565
"C19orf48","Bin_12",0.83259968254224,12,14.9396565105559,2,0.586841201791565
"C19orf48","Bin_13",1.38280846636185,13,16.2387570766912,2,0.586841201791565
"C19orf48","Bin_14",1.39951934893907,14,17.5378576428265,2,0.586841201791565
"C19orf48","Bin_15",0.847247982648032,15,18.8369582089617,2,0.586841201791565
"C19orf48","Bin_16",0.739183387784239,16,20.136058775097,2,0.586841201791565
"C19orf48","Bin_17",-0.182826135667451,17,21.4351593412323,2,0.586841201791565
"C19orf48","Bin_18",0.271862618937081,18,22.7342599073676,2,0.586841201791565
"C19orf48","Bin_19",0.231616711557263,19,24.0333604735029,2,0.586841201791565
"C19orf48","Bin_20",0.313619068565566,20,25.3324610396382,2,0.586841201791565
"CRIPT","Bin_1",-0.560775671638177,1,0.649550283067647,2,0.667018490476099
"CRIPT","Bin_2",-0.704540012936841,2,1.94865084920294,2,0.667018490476099
"CRIPT","Bin_3",-1.0660321547027,3,3.24775141533823,2,0.667018490476099
"CRIPT","Bin_4",-0.731375288476658,4,4.54685198147353,2,0.667018490476099
"CRIPT","Bin_5",-0.934813433187174,5,5.84595254760882,2,0.667018490476099
"CRIPT","Bin_6",-1.90059886018214,6,7.14505311374411,2,0.667018490476099
"CRIPT","Bin_7",-1.27358009051575,7,8.4441536798794,2,0.667018490476099
"CRIPT","Bin_8",-1.09740392122837,8,9.7432542460147,2,0.667018490476099
"CRIPT","Bin_9",0.133564727016801,9,11.04235481215,2,0.667018490476099
"CRIPT","Bin_10",0.614388846357293,10,12.3414553782853,2,0.667018490476099
"CRIPT","Bin_11",0.39147247984786,11,13.6405559444206,2,0.667018490476099
"CRIPT","Bin_12",0.562142528645261,12,14.9396565105559,2,0.667018490476099
"CRIPT","Bin_13",0.13505733760806,13,16.2387570766912,2,0.667018490476099
"CRIPT","Bin_14",-0.0313389849721728,14,17.5378576428265,2,0.667018490476099
"CRIPT","Bin_15",0.366848765295588,15,18.8369582089617,2,0.667018490476099
"CRIPT","Bin_16",0.458489066725631,16,20.136058775097,2,0.667018490476099
"CRIPT","Bin_17",1.27783700353557,17,21.4351593412323,2,0.667018490476099
"CRIPT","Bin_18",1.42261772477833,18,22.7342599073676,2,0.667018490476099
"CRIPT","Bin_19",1.42409256645032,19,24.0333604735029,2,0.667018490476099
"CRIPT","Bin_20",1.51394737157926,20,25.3324610396382,2,0.667018490476099
"EWSR1","Bin_1",-0.301497746540022,1,0.649550283067647,2,0.594416684141207
"EWSR1","Bin_2",-1.56834763395586,2,1.94865084920294,2,0.594416684141207
"EWSR1","Bin_3",-1.35335295653552,3,3.24775141533823,2,0.594416684141207
"EWSR1","Bin_4",-1.58609684101108,4,4.54685198147353,2,0.594416684141207
"EWSR1","Bin_5",-1.79691248557437,5,5.84595254760882,2,0.594416684141207
"EWSR1","Bin_6",0.511665194341084,6,7.14505311374411,2,0.594416684141207
"EWSR1","Bin_7",-1.11092820365533,7,8.4441536798794,2,0.594416684141207
"EWSR1","Bin_8",-0.829304242600597,8,9.7432542460147,2,0.594416684141207
"EWSR1","Bin_9",0.380321258799956,9,11.04235481215,2,0.594416684141207
"EWSR1","Bin_10",0.685031718640221,10,12.3414553782853,2,0.594416684141207
"EWSR1","Bin_11",1.09678953120363,11,13.6405559444206,2,0.594416684141207
"EWSR1","Bin_12",0.311436259125576,12,14.9396565105559,2,0.594416684141207
"EWSR1","Bin_13",0.839314881757945,13,16.2387570766912,2,0.594416684141207
"EWSR1","Bin_14",0.668862810295732,14,17.5378576428265,2,0.594416684141207
"EWSR1","Bin_15",0.18542481025435,15,18.8369582089617,2,0.594416684141207
"EWSR1","Bin_16",0.528354278108618,16,20.136058775097,2,0.594416684141207
"EWSR1","Bin_17",0.446007742470445,17,21.4351593412323,2,0.594416684141207
"EWSR1","Bin_18",0.506324116121169,18,22.7342599073676,2,0.594416684141207
"EWSR1","Bin_19",1.24977350674955,19,24.0333604735029,2,0.594416684141207
"EWSR1","Bin_20",1.13713400200449,20,25.3324610396382,2,0.594416684141207
"SMIM22","Bin_1",3.68417384252293,1,0.649550283067647,1,0.475077352703708
"SMIM22","Bin_2",1.25557160800031,2,1.94865084920294,1,0.475077352703708
"SMIM22","Bin_3",0.423480258417013,3,3.24775141533823,1,0.475077352703708
"SMIM22","Bin_4",0.914335072955823,4,4.54685198147353,1,0.475077352703708
"SMIM22","Bin_5",0.140538574116359,5,5.84595254760882,1,0.475077352703708
"SMIM22","Bin_6",-0.487122158566955,6,7.14505311374411,1,0.475077352703708
"SMIM22","Bin_7",-0.487122158566955,7,8.4441536798794,1,0.475077352703708
"SMIM22","Bin_8",-0.487122158566955,8,9.7432542460147,1,0.475077352703708
"SMIM22","Bin_9",-0.47589145480935,9,11.04235481215,1,0.475077352703708
"SMIM22","Bin_10",-0.285523689891594,10,12.3414553782853,1,0.475077352703708
"SMIM22","Bin_11",-0.286524930302185,11,13.6405559444206,1,0.475077352703708
"SMIM22","Bin_12",-0.356532712026413,12,14.9396565105559,1,0.475077352703708
"SMIM22","Bin_13",-0.449532505831433,13,16.2387570766912,1,0.475077352703708
"SMIM22","Bin_14",-0.445812131949707,14,17.5378576428265,1,0.475077352703708
"SMIM22","Bin_15",-0.397676146957443,15,18.8369582089617,1,0.475077352703708
"SMIM22","Bin_16",-0.40228359657375,16,20.136058775097,1,0.475077352703708
"SMIM22","Bin_17",-0.41453674488918,17,21.4351593412323,1,0.475077352703708
"SMIM22","Bin_18",-0.476201749470487,18,22.7342599073676,1,0.475077352703708
"SMIM22","Bin_19",-0.487122158566955,19,24.0333604735029,1,0.475077352703708
"SMIM22","Bin_20",-0.479095059043078,20,25.3324610396382,1,0.475077352703708
"TUBA1C","Bin_1",-1.17741914829009,1,0.649550283067647,2,0.617244897624977
"TUBA1C","Bin_2",-1.15068308036922,2,1.94865084920294,2,0.617244897624977
"TUBA1C","Bin_3",-0.659522879521966,3,3.24775141533823,2,0.617244897624977
"TUBA1C","Bin_4",-0.535981751393348,4,4.54685198147353,2,0.617244897624977
"TUBA1C","Bin_5",-1.64336013553233,5,5.84595254760882,2,0.617244897624977
"TUBA1C","Bin_6",-1.10267077916345,6,7.14505311374411,2,0.617244897624977
"TUBA1C","Bin_7",-1.64737243898899,7,8.4441536798794,2,0.617244897624977
"TUBA1C","Bin_8",0.0916004923629195,8,9.7432542460147,2,0.617244897624977
"TUBA1C","Bin_9",0.293473388717137,9,11.04235481215,2,0.617244897624977
"TUBA1C","Bin_10",0.548265754168527,10,12.3414553782853,2,0.617244897624977
"TUBA1C","Bin_11",1.6024717377959,11,13.6405559444206,2,0.617244897624977
"TUBA1C","Bin_12",0.0602188008154794,12,14.9396565105559,2,0.617244897624977
"TUBA1C","Bin_13",0.214443520979159,13,16.2387570766912,2,0.617244897624977
"TUBA1C","Bin_14",0.0762420702214903,14,17.5378576428265,2,0.617244897624977
"TUBA1C","Bin_15",0.123252802537229,15,18.8369582089617,2,0.617244897624977
"TUBA1C","Bin_16",0.532985446160215,16,20.136058775097,2,0.617244897624977
"TUBA1C","Bin_17",0.883342846606644,17,21.4351593412323,2,0.617244897624977
"TUBA1C","Bin_18",0.52425522135151,18,22.7342599073676,2,0.617244897624977
"TUBA1C","Bin_19",1.196679642749,19,24.0333604735029,2,0.617244897624977
"TUBA1C","Bin_20",1.76977848879418,20,25.3324610396382,2,0.617244897624977
"PRDX4","Bin_1",-0.878594306311952,1,0.649550283067647,2,0.634842052444352
"PRDX4","Bin_2",-1.10482334925961,2,1.94865084920294,2,0.634842052444352
"PRDX4","Bin_3",-1.18229545586806,3,3.24775141533823,2,0.634842052444352
"PRDX4","Bin_4",-0.0232703531083153,4,4.54685198147353,2,0.634842052444352
"PRDX4","Bin_5",-0.657324665542779,5,5.84595254760882,2,0.634842052444352
"PRDX4","Bin_6",-1.86136315361557,6,7.14505311374411,2,0.634842052444352
"PRDX4","Bin_7",-1.03497649617579,7,8.4441536798794,2,0.634842052444352
"PRDX4","Bin_8",-1.44564457578704,8,9.7432542460147,2,0.634842052444352
"PRDX4","Bin_9",0.355042408170857,9,11.04235481215,2,0.634842052444352
"PRDX4","Bin_10",0.640273105125209,10,12.3414553782853,2,0.634842052444352
"PRDX4","Bin_11",0.561445845358517,11,13.6405559444206,2,0.634842052444352
"PRDX4","Bin_12",0.158941524721382,12,14.9396565105559,2,0.634842052444352
"PRDX4","Bin_13",0.264983409495304,13,16.2387570766912,2,0.634842052444352
"PRDX4","Bin_14",0.00318782123280508,14,17.5378576428265,2,0.634842052444352
"PRDX4","Bin_15",0.317263602040535,15,18.8369582089617,2,0.634842052444352
"PRDX4","Bin_16",0.600480491181158,16,20.136058775097,2,0.634842052444352
"PRDX4","Bin_17",1.29111364384621,17,21.4351593412323,2,0.634842052444352
"PRDX4","Bin_18",1.03093966546379,18,22.7342599073676,2,0.634842052444352
"PRDX4","Bin_19",1.38480944312866,19,24.0333604735029,2,0.634842052444352
"PRDX4","Bin_20",1.57981139590469,20,25.3324610396382,2,0.634842052444352
"MXRA8","Bin_1",-1.24541364977653,1,0.649550283067647,2,0.48511025539252
"MXRA8","Bin_2",0.359838042514427,2,1.94865084920294,2,0.48511025539252
"MXRA8","Bin_3",-0.531899093110727,3,3.24775141533823,2,0.48511025539252
"MXRA8","Bin_4",-1.34480792931739,4,4.54685198147353,2,0.48511025539252
"MXRA8","Bin_5",-1.50747918050199,5,5.84595254760882,2,0.48511025539252
"MXRA8","Bin_6",-1.56097743498133,6,7.14505311374411,2,0.48511025539252
"MXRA8","Bin_7",0.517682664489881,7,8.4441536798794,2,0.48511025539252
"MXRA8","Bin_8",-0.995530902842397,8,9.7432542460147,2,0.48511025539252
"MXRA8","Bin_9",-0.560672116625467,9,11.04235481215,2,0.48511025539252
"MXRA8","Bin_10",-0.0269794138123749,10,12.3414553782853,2,0.48511025539252
"MXRA8","Bin_11",0.0228680861006395,11,13.6405559444206,2,0.48511025539252
"MXRA8","Bin_12",-0.0995373797747596,12,14.9396565105559,2,0.48511025539252
"MXRA8","Bin_13",-0.0143918137245652,13,16.2387570766912,2,0.48511025539252
"MXRA8","Bin_14",0.305523473797807,14,17.5378576428265,2,0.48511025539252
"MXRA8","Bin_15",0.588199567351349,15,18.8369582089617,2,0.48511025539252
"MXRA8","Bin_16",0.861477307924185,16,20.136058775097,2,0.48511025539252
"MXRA8","Bin_17",1.0682426288186,17,21.4351593412323,2,0.48511025539252
"MXRA8","Bin_18",1.85758842609935,18,22.7342599073676,2,0.48511025539252
"MXRA8","Bin_19",1.65384142685598,19,24.0333604735029,2,0.48511025539252
"MXRA8","Bin_20",0.652427290515309,20,25.3324610396382,2,0.48511025539252
"TMEM14C","Bin_1",0.332724603563808,1,0.649550283067647,2,0.648036119118277
"TMEM14C","Bin_2",-0.771232473661887,2,1.94865084920294,2,0.648036119118277
"TMEM14C","Bin_3",-0.869972665407402,3,3.24775141533823,2,0.648036119118277
"TMEM14C","Bin_4",-0.944729273292555,4,4.54685198147353,2,0.648036119118277
"TMEM14C","Bin_5",-1.55872344089412,5,5.84595254760882,2,0.648036119118277
"TMEM14C","Bin_6",-1.92833394426884,6,7.14505311374411,2,0.648036119118277
"TMEM14C","Bin_7",-1.77925170016463,7,8.4441536798794,2,0.648036119118277
"TMEM14C","Bin_8",-0.629365581054182,8,9.7432542460147,2,0.648036119118277
"TMEM14C","Bin_9",0.250134475572516,9,11.04235481215,2,0.648036119118277
"TMEM14C","Bin_10",0.459046839336481,10,12.3414553782853,2,0.648036119118277
"TMEM14C","Bin_11",0.517015717641337,11,13.6405559444206,2,0.648036119118277
"TMEM14C","Bin_12",0.307774857741695,12,14.9396565105559,2,0.648036119118277
"TMEM14C","Bin_13",0.510362955818263,13,16.2387570766912,2,0.648036119118277
"TMEM14C","Bin_14",0.417441359375526,14,17.5378576428265,2,0.648036119118277
"TMEM14C","Bin_15",0.483739568253576,15,18.8369582089617,2,0.648036119118277
"TMEM14C","Bin_16",0.630867531473342,16,20.136058775097,2,0.648036119118277
"TMEM14C","Bin_17",1.07668536163724,17,21.4351593412323,2,0.648036119118277
"TMEM14C","Bin_18",1.15053348689332,18,22.7342599073676,2,0.648036119118277
"TMEM14C","Bin_19",1.17233859261731,19,24.0333604735029,2,0.648036119118277
"TMEM14C","Bin_20",1.17294372881919,20,25.3324610396382,2,0.648036119118277
"DCUN1D5","Bin_1",-1.12716820969358,1,0.649550283067647,2,0.625953364075001
"DCUN1D5","Bin_2",-1.40621515862989,2,1.94865084920294,2,0.625953364075001
"DCUN1D5","Bin_3",-1.37392765172434,3,3.24775141533823,2,0.625953364075001
"DCUN1D5","Bin_4",-0.745870630296773,4,4.54685198147353,2,0.625953364075001
"DCUN1D5","Bin_5",-1.21963438256456,5,5.84595254760882,2,0.625953364075001
"DCUN1D5","Bin_6",-0.111263830017431,6,7.14505311374411,2,0.625953364075001
"DCUN1D5","Bin_7",-1.58700351996197,7,8.4441536798794,2,0.625953364075001
"DCUN1D5","Bin_8",-1.04433413110545,8,9.7432542460147,2,0.625953364075001
"DCUN1D5","Bin_9",1.08146418322743,9,11.04235481215,2,0.625953364075001
"DCUN1D5","Bin_10",1.16684183050306,10,12.3414553782853,2,0.625953364075001
"DCUN1D5","Bin_11",1.08859540706412,11,13.6405559444206,2,0.625953364075001
"DCUN1D5","Bin_12",0.370546249185665,12,14.9396565105559,2,0.625953364075001
"DCUN1D5","Bin_13",0.691935452290004,13,16.2387570766912,2,0.625953364075001
"DCUN1D5","Bin_14",0.161781700886575,14,17.5378576428265,2,0.625953364075001
"DCUN1D5","Bin_15",0.292972928509157,15,18.8369582089617,2,0.625953364075001
"DCUN1D5","Bin_16",0.255017303694961,16,20.136058775097,2,0.625953364075001
"DCUN1D5","Bin_17",0.294716859318426,17,21.4351593412323,2,0.625953364075001
"DCUN1D5","Bin_18",0.787700982330307,18,22.7342599073676,2,0.625953364075001
"DCUN1D5","Bin_19",1.36169321564888,19,24.0333604735029,2,0.625953364075001
"DCUN1D5","Bin_20",1.06215140133541,20,25.3324610396382,2,0.625953364075001
"SSR1","Bin_1",-0.394448992980674,1,0.649550283067647,2,0.643207020621885
"SSR1","Bin_2",-0.943430524633169,2,1.94865084920294,2,0.643207020621885
"SSR1","Bin_3",-1.39216977259639,3,3.24775141533823,2,0.643207020621885
"SSR1","Bin_4",-0.557263914106212,4,4.54685198147353,2,0.643207020621885
"SSR1","Bin_5",-1.64913914769266,5,5.84595254760882,2,0.643207020621885
"SSR1","Bin_6",-1.50167912168055,6,7.14505311374411,2,0.643207020621885
"SSR1","Bin_7",-0.639052084478352,7,8.4441536798794,2,0.643207020621885
"SSR1","Bin_8",-0.826171706212489,8,9.7432542460147,2,0.643207020621885
"SSR1","Bin_9",-0.246403727239187,9,11.04235481215,2,0.643207020621885
"SSR1","Bin_10",0.0745624763601127,10,12.3414553782853,2,0.643207020621885
"SSR1","Bin_11",0.463189538105216,11,13.6405559444206,2,0.643207020621885
"SSR1","Bin_12",0.234414868478193,12,14.9396565105559,2,0.643207020621885
"SSR1","Bin_13",0.141849228181534,13,16.2387570766912,2,0.643207020621885
"SSR1","Bin_14",0.238697208759855,14,17.5378576428265,2,0.643207020621885
"SSR1","Bin_15",0.565814894045281,15,18.8369582089617,2,0.643207020621885
"SSR1","Bin_16",0.821759402129042,16,20.136058775097,2,0.643207020621885
"SSR1","Bin_17",1.79692052858097,17,21.4351593412323,2,0.643207020621885
"SSR1","Bin_18",1.41498629797784,18,22.7342599073676,2,0.643207020621885
"SSR1","Bin_19",0.94733404714481,19,24.0333604735029,2,0.643207020621885
"SSR1","Bin_20",1.45023050185683,20,25.3324610396382,2,0.643207020621885
"MDFI","Bin_1",-1.09098707436534,1,0.649550283067647,2,0.658717026415065
"MDFI","Bin_2",-0.764080868054205,2,1.94865084920294,2,0.658717026415065
"MDFI","Bin_3",-0.981784815869512,3,3.24775141533823,2,0.658717026415065
"MDFI","Bin_4",-1.16725169874843,4,4.54685198147353,2,0.658717026415065
"MDFI","Bin_5",-1.00133889916071,5,5.84595254760882,2,0.658717026415065
"MDFI","Bin_6",-1.71399433509814,6,7.14505311374411,2,0.658717026415065
"MDFI","Bin_7",-1.22158000698564,7,8.4441536798794,2,0.658717026415065
"MDFI","Bin_8",-1.33295029074039,8,9.7432542460147,2,0.658717026415065
"MDFI","Bin_9",0.832270934704023,9,11.04235481215,2,0.658717026415065
"MDFI","Bin_10",1.05917638060321,10,12.3414553782853,2,0.658717026415065
"MDFI","Bin_11",1.1613219029855,11,13.6405559444206,2,0.658717026415065
"MDFI","Bin_12",0.854323172780923,12,14.9396565105559,2,0.658717026415065
"MDFI","Bin_13",0.796695434410181,13,16.2387570766912,2,0.658717026415065
"MDFI","Bin_14",0.802356668745928,14,17.5378576428265,2,0.658717026415065
"MDFI","Bin_15",0.631655467782375,15,18.8369582089617,2,0.658717026415065
"MDFI","Bin_16",0.686494596078129,16,20.136058775097,2,0.658717026415065
"MDFI","Bin_17",0.37452008430965,17,21.4351593412323,2,0.658717026415065
"MDFI","Bin_18",0.688775975177101,18,22.7342599073676,2,0.658717026415065
"MDFI","Bin_19",0.883650112270191,19,24.0333604735029,2,0.658717026415065
"MDFI","Bin_20",0.502727259175147,20,25.3324610396382,2,0.658717026415065
"PARP1","Bin_1",-0.88966426472728,1,0.649550283067647,2,0.648418271771814
"PARP1","Bin_2",-1.22293115640478,2,1.94865084920294,2,0.648418271771814
"PARP1","Bin_3",-1.48256563697378,3,3.24775141533823,2,0.648418271771814
"PARP1","Bin_4",-0.675910231099161,4,4.54685198147353,2,0.648418271771814
"PARP1","Bin_5",-0.878736210851906,5,5.84595254760882,2,0.648418271771814
"PARP1","Bin_6",-1.85803463818651,6,7.14505311374411,2,0.648418271771814
"PARP1","Bin_7",-0.371523167607988,7,8.4441536798794,2,0.648418271771814
"PARP1","Bin_8",-1.52723527847583,8,9.7432542460147,2,0.648418271771814
"PARP1","Bin_9",0.737551954007368,9,11.04235481215,2,0.648418271771814
"PARP1","Bin_10",0.980789169118199,10,12.3414553782853,2,0.648418271771814
"PARP1","Bin_11",0.847416082293341,11,13.6405559444206,2,0.648418271771814
"PARP1","Bin_12",0.459003491063819,12,14.9396565105559,2,0.648418271771814
"PARP1","Bin_13",1.13816812048738,13,16.2387570766912,2,0.648418271771814
"PARP1","Bin_14",0.831351605448627,14,17.5378576428265,2,0.648418271771814
"PARP1","Bin_15",0.509136059230842,15,18.8369582089617,2,0.648418271771814
"PARP1","Bin_16",0.614081265798327,16,20.136058775097,2,0.648418271771814
"PARP1","Bin_17",0.295270052324018,17,21.4351593412323,2,0.648418271771814
"PARP1","Bin_18",0.564355482621065,18,22.7342599073676,2,0.648418271771814
"PARP1","Bin_19",1.10329447891579,19,24.0333604735029,2,0.648418271771814
"PARP1","Bin_20",0.826182823018462,20,25.3324610396382,2,0.648418271771814
"RPL32","Bin_1",-0.634708293434404,1,0.649550283067647,2,0.474409618648605
"RPL32","Bin_2",-0.332427462786433,2,1.94865084920294,2,0.474409618648605
"RPL32","Bin_3",-0.23531487788485,3,3.24775141533823,2,0.474409618648605
"RPL32","Bin_4",-1.49903645062671,4,4.54685198147353,2,0.474409618648605
"RPL32","Bin_5",-0.257753407938326,5,5.84595254760882,2,0.474409618648605
"RPL32","Bin_6",-2.50745403028427,6,7.14505311374411,2,0.474409618648605
"RPL32","Bin_7",-2.12966435176883,7,8.4441536798794,2,0.474409618648605
"RPL32","Bin_8",0.462743045029708,8,9.7432542460147,2,0.474409618648605
"RPL32","Bin_9",0.757898668149776,9,11.04235481215,2,0.474409618648605
"RPL32","Bin_10",0.64621905135671,10,12.3414553782853,2,0.474409618648605
"RPL32","Bin_11",0.476261815535768,11,13.6405559444206,2,0.474409618648605
"RPL32","Bin_12",0.883648317967759,12,14.9396565105559,2,0.474409618648605
"RPL32","Bin_13",0.904788962634597,13,16.2387570766912,2,0.474409618648605
"RPL32","Bin_14",0.96078079563531,14,17.5378576428265,2,0.474409618648605
"RPL32","Bin_15",0.801200547581609,15,18.8369582089617,2,0.474409618648605
"RPL32","Bin_16",0.530322570379354,16,20.136058775097,2,0.474409618648605
"RPL32","Bin_17",0.28223081887059,17,21.4351593412323,2,0.474409618648605
"RPL32","Bin_18",0.507319353280305,18,22.7342599073676,2,0.474409618648605
"RPL32","Bin_19",0.24561690522807,19,24.0333604735029,2,0.474409618648605
"RPL32","Bin_20",0.137328023074266,20,25.3324610396382,2,0.474409618648605
"PSMG1","Bin_1",-0.817353119360018,1,0.649550283067647,2,0.619647384394621
"PSMG1","Bin_2",-1.12623163513782,2,1.94865084920294,2,0.619647384394621
"PSMG1","Bin_3",-0.97751512600389,3,3.24775141533823,2,0.619647384394621
"PSMG1","Bin_4",-0.460234719041514,4,4.54685198147353,2,0.619647384394621
"PSMG1","Bin_5",-0.840233876799827,5,5.84595254760882,2,0.619647384394621
"PSMG1","Bin_6",-1.51131147933606,6,7.14505311374411,2,0.619647384394621
"PSMG1","Bin_7",-0.964815811493594,7,8.4441536798794,2,0.619647384394621
"PSMG1","Bin_8",-1.09638533003891,8,9.7432542460147,2,0.619647384394621
"PSMG1","Bin_9",0.798562087590341,9,11.04235481215,2,0.619647384394621
"PSMG1","Bin_10",1.27524203166375,10,12.3414553782853,2,0.619647384394621
"PSMG1","Bin_11",0.470148703192643,11,13.6405559444206,2,0.619647384394621
"PSMG1","Bin_12",0.2097652265786,12,14.9396565105559,2,0.619647384394621
"PSMG1","Bin_13",0.0912359004211139,13,16.2387570766912,2,0.619647384394621
"PSMG1","Bin_14",-0.356256950755224,14,17.5378576428265,2,0.619647384394621
"PSMG1","Bin_15",-0.110091789594097,15,18.8369582089617,2,0.619647384394621
"PSMG1","Bin_16",0.332187763587503,16,20.136058775097,2,0.619647384394621
"PSMG1","Bin_17",0.590627912298028,17,21.4351593412323,2,0.619647384394621
"PSMG1","Bin_18",0.726699497934326,18,22.7342599073676,2,0.619647384394621
"PSMG1","Bin_19",1.97873605551299,19,24.0333604735029,2,0.619647384394621
"PSMG1","Bin_20",1.78722465878165,20,25.3324610396382,2,0.619647384394621
"EIF3D","Bin_1",0.210542274362529,1,0.649550283067647,2,0.633025148038949
"EIF3D","Bin_2",-0.547009935254706,2,1.94865084920294,2,0.633025148038949
"EIF3D","Bin_3",-0.805455080405591,3,3.24775141533823,2,0.633025148038949
"EIF3D","Bin_4",-1.34581074137096,4,4.54685198147353,2,0.633025148038949
"EIF3D","Bin_5",-1.11490252799982,5,5.84595254760882,2,0.633025148038949
"EIF3D","Bin_6",-1.90857291070761,6,7.14505311374411,2,0.633025148038949
"EIF3D","Bin_7",-1.66649530984585,7,8.4441536798794,2,0.633025148038949
"EIF3D","Bin_8",-0.942497090178233,8,9.7432542460147,2,0.633025148038949
"EIF3D","Bin_9",0.526165746358193,9,11.04235481215,2,0.633025148038949
"EIF3D","Bin_10",0.436720895106398,10,12.3414553782853,2,0.633025148038949
"EIF3D","Bin_11",0.224233215184939,11,13.6405559444206,2,0.633025148038949
"EIF3D","Bin_12",0.297422310972188,12,14.9396565105559,2,0.633025148038949
"EIF3D","Bin_13",0.663433949602539,13,16.2387570766912,2,0.633025148038949
"EIF3D","Bin_14",0.56704896563819,14,17.5378576428265,2,0.633025148038949
"EIF3D","Bin_15",0.413993038973632,15,18.8369582089617,2,0.633025148038949
"EIF3D","Bin_16",0.290364947701258,16,20.136058775097,2,0.633025148038949
"EIF3D","Bin_17",0.813046234347838,17,21.4351593412323,2,0.633025148038949
"EIF3D","Bin_18",0.867352326936385,18,22.7342599073676,2,0.633025148038949
"EIF3D","Bin_19",1.66318532287198,19,24.0333604735029,2,0.633025148038949
"EIF3D","Bin_20",1.3572343677067,20,25.3324610396382,2,0.633025148038949
"CCND1","Bin_1",-0.295236037051172,1,0.649550283067647,2,0.639712434701279
"CCND1","Bin_2",-1.28035801502971,2,1.94865084920294,2,0.639712434701279
"CCND1","Bin_3",-1.27677443257826,3,3.24775141533823,2,0.639712434701279
"CCND1","Bin_4",-1.23973917580854,4,4.54685198147353,2,0.639712434701279
"CCND1","Bin_5",-1.35395819785916,5,5.84595254760882,2,0.639712434701279
"CCND1","Bin_6",-1.1562619928592,6,7.14505311374411,2,0.639712434701279
"CCND1","Bin_7",-1.01061694255873,7,8.4441536798794,2,0.639712434701279
"CCND1","Bin_8",-1.08575553582397,8,9.7432542460147,2,0.639712434701279
"CCND1","Bin_9",1.06140700333512,9,11.04235481215,2,0.639712434701279
"CCND1","Bin_10",1.32114964479291,10,12.3414553782853,2,0.639712434701279
"CCND1","Bin_11",1.11216642012232,11,13.6405559444206,2,0.639712434701279
"CCND1","Bin_12",0.795576838159197,12,14.9396565105559,2,0.639712434701279
"CCND1","Bin_13",1.01349167998714,13,16.2387570766912,2,0.639712434701279
"CCND1","Bin_14",0.327823224071209,14,17.5378576428265,2,0.639712434701279
"CCND1","Bin_15",0.262457300785176,15,18.8369582089617,2,0.639712434701279
"CCND1","Bin_16",0.295247621296353,16,20.136058775097,2,0.639712434701279
"CCND1","Bin_17",0.0580034404996403,17,21.4351593412323,2,0.639712434701279
"CCND1","Bin_18",0.587766184180247,18,22.7342599073676,2,0.639712434701279
"CCND1","Bin_19",1.48774336639532,19,24.0333604735029,2,0.639712434701279
"CCND1","Bin_20",0.375867605944105,20,25.3324610396382,2,0.639712434701279
"RASIP1","Bin_1",-1.05622826096665,1,0.649550283067647,2,0.648937847636884
"RASIP1","Bin_2",-1.2339949272933,2,1.94865084920294,2,0.648937847636884
"RASIP1","Bin_3",-1.17843702997418,3,3.24775141533823,2,0.648937847636884
"RASIP1","Bin_4",-1.42991798658601,4,4.54685198147353,2,0.648937847636884
"RASIP1","Bin_5",-1.3492972451995,5,5.84595254760882,2,0.648937847636884
"RASIP1","Bin_6",-0.17586178781835,6,7.14505311374411,2,0.648937847636884
"RASIP1","Bin_7",-0.799591799958089,7,8.4441536798794,2,0.648937847636884
"RASIP1","Bin_8",-1.16309914811357,8,9.7432542460147,2,0.648937847636884
"RASIP1","Bin_9",-0.171437498897943,9,11.04235481215,2,0.648937847636884
"RASIP1","Bin_10",0.92920711749847,10,12.3414553782853,2,0.648937847636884
"RASIP1","Bin_11",0.845219347926808,11,13.6405559444206,2,0.648937847636884
"RASIP1","Bin_12",0.391640438480273,12,14.9396565105559,2,0.648937847636884
"RASIP1","Bin_13",0.56180237357444,13,16.2387570766912,2,0.648937847636884
"RASIP1","Bin_14",0.332324575729843,14,17.5378576428265,2,0.648937847636884
"RASIP1","Bin_15",0.304534949033114,15,18.8369582089617,2,0.648937847636884
"RASIP1","Bin_16",0.3718941571429,16,20.136058775097,2,0.648937847636884
"RASIP1","Bin_17",0.597782402554205,17,21.4351593412323,2,0.648937847636884
"RASIP1","Bin_18",0.943157376257274,18,22.7342599073676,2,0.648937847636884
"RASIP1","Bin_19",1.78121113923119,19,24.0333604735029,2,0.648937847636884
"RASIP1","Bin_20",1.49909180737907,20,25.3324610396382,2,0.648937847636884
"CLIC1","Bin_1",-0.136479540389448,1,0.649550283067647,2,0.675487795378979
"CLIC1","Bin_2",-1.19831467998865,2,1.94865084920294,2,0.675487795378979
"CLIC1","Bin_3",-0.945613139156784,3,3.24775141533823,2,0.675487795378979
"CLIC1","Bin_4",-0.901403186507482,4,4.54685198147353,2,0.675487795378979
"CLIC1","Bin_5",-1.36138684726323,5,5.84595254760882,2,0.675487795378979
"CLIC1","Bin_6",-2.12209667263008,6,7.14505311374411,2,0.675487795378979
"CLIC1","Bin_7",-1.72408676739322,7,8.4441536798794,2,0.675487795378979
"CLIC1","Bin_8",-0.0571311156513665,8,9.7432542460147,2,0.675487795378979
"CLIC1","Bin_9",0.481516923355221,9,11.04235481215,2,0.675487795378979
"CLIC1","Bin_10",0.870150693816804,10,12.3414553782853,2,0.675487795378979
"CLIC1","Bin_11",0.930063651775109,11,13.6405559444206,2,0.675487795378979
"CLIC1","Bin_12",0.564971662961452,12,14.9396565105559,2,0.675487795378979
"CLIC1","Bin_13",0.521633170679727,13,16.2387570766912,2,0.675487795378979
"CLIC1","Bin_14",0.325591296080407,14,17.5378576428265,2,0.675487795378979
"CLIC1","Bin_15",0.550888713477584,15,18.8369582089617,2,0.675487795378979
"CLIC1","Bin_16",0.619749174598186,16,20.136058775097,2,0.675487795378979
"CLIC1","Bin_17",0.856500915968189,17,21.4351593412323,2,0.675487795378979
"CLIC1","Bin_18",0.727074893747175,18,22.7342599073676,2,0.675487795378979
"CLIC1","Bin_19",0.934337178289323,19,24.0333604735029,2,0.675487795378979
"CLIC1","Bin_20",1.06403367423109,20,25.3324610396382,2,0.675487795378979
"HSPB11","Bin_1",-0.824008095646301,1,0.649550283067647,2,0.699106250610398
"HSPB11","Bin_2",-1.26947718632293,2,1.94865084920294,2,0.699106250610398
"HSPB11","Bin_3",-1.29728557855832,3,3.24775141533823,2,0.699106250610398
"HSPB11","Bin_4",-0.534439112158224,4,4.54685198147353,2,0.699106250610398
"HSPB11","Bin_5",-1.39747824581965,5,5.84595254760882,2,0.699106250610398
"HSPB11","Bin_6",-1.79875884378872,6,7.14505311374411,2,0.699106250610398
"HSPB11","Bin_7",-1.10003759277459,7,8.4441536798794,2,0.699106250610398
"HSPB11","Bin_8",-0.724340074573719,8,9.7432542460147,2,0.699106250610398
"HSPB11","Bin_9",0.461541950270225,9,11.04235481215,2,0.699106250610398
"HSPB11","Bin_10",1.2575219752085,10,12.3414553782853,2,0.699106250610398
"HSPB11","Bin_11",1.03692293650331,11,13.6405559444206,2,0.699106250610398
"HSPB11","Bin_12",0.592210956997766,12,14.9396565105559,2,0.699106250610398
"HSPB11","Bin_13",0.443887114170243,13,16.2387570766912,2,0.699106250610398
"HSPB11","Bin_14",0.401860909637323,14,17.5378576428265,2,0.699106250610398
"HSPB11","Bin_15",0.262994492144637,15,18.8369582089617,2,0.699106250610398
"HSPB11","Bin_16",1.01532783765115,16,20.136058775097,2,0.699106250610398
"HSPB11","Bin_17",0.885467626650703,17,21.4351593412323,2,0.699106250610398
"HSPB11","Bin_18",0.709397359574739,18,22.7342599073676,2,0.699106250610398
"HSPB11","Bin_19",0.731133737563347,19,24.0333604735029,2,0.699106250610398
"HSPB11","Bin_20",1.14755783327053,20,25.3324610396382,2,0.699106250610398
"UQCRFS1","Bin_1",-0.601224878997475,1,0.649550283067647,2,0.686945459633437
"UQCRFS1","Bin_2",-1.10521974338197,2,1.94865084920294,2,0.686945459633437
"UQCRFS1","Bin_3",-1.01850963752814,3,3.24775141533823,2,0.686945459633437
"UQCRFS1","Bin_4",-0.670326320086154,4,4.54685198147353,2,0.686945459633437
"UQCRFS1","Bin_5",-1.30408802570401,5,5.84595254760882,2,0.686945459633437
"UQCRFS1","Bin_6",-2.04645172146485,6,7.14505311374411,2,0.686945459633437
"UQCRFS1","Bin_7",-1.47160816506248,7,8.4441536798794,2,0.686945459633437
"UQCRFS1","Bin_8",-0.729438389864214,8,9.7432542460147,2,0.686945459633437
"UQCRFS1","Bin_9",0.794649074357273,9,11.04235481215,2,0.686945459633437
"UQCRFS1","Bin_10",0.970732748288833,10,12.3414553782853,2,0.686945459633437
"UQCRFS1","Bin_11",0.913978118193507,11,13.6405559444206,2,0.686945459633437
"UQCRFS1","Bin_12",0.547274788749935,12,14.9396565105559,2,0.686945459633437
"UQCRFS1","Bin_13",0.894570162740362,13,16.2387570766912,2,0.686945459633437
"UQCRFS1","Bin_14",0.706383938290938,14,17.5378576428265,2,0.686945459633437
"UQCRFS1","Bin_15",0.422816681766136,15,18.8369582089617,2,0.686945459633437
"UQCRFS1","Bin_16",0.620636074771559,16,20.136058775097,2,0.686945459633437
"UQCRFS1","Bin_17",0.40193007387872,17,21.4351593412323,2,0.686945459633437
"UQCRFS1","Bin_18",0.516686995953319,18,22.7342599073676,2,0.686945459633437
"UQCRFS1","Bin_19",0.986792944431438,19,24.0333604735029,2,0.686945459633437
"UQCRFS1","Bin_20",1.17041528066727,20,25.3324610396382,2,0.686945459633437
"RFXANK","Bin_1",-0.891965373326676,1,0.649550283067647,2,0.656631602851006
"RFXANK","Bin_2",-1.31297015221804,2,1.94865084920294,2,0.656631602851006
"RFXANK","Bin_3",-1.2581974633196,3,3.24775141533823,2,0.656631602851006
"RFXANK","Bin_4",-0.474943732126042,4,4.54685198147353,2,0.656631602851006
"RFXANK","Bin_5",-1.35232250505954,5,5.84595254760882,2,0.656631602851006
"RFXANK","Bin_6",-1.90569608821359,6,7.14505311374411,2,0.656631602851006
"RFXANK","Bin_7",-1.27285059458504,7,8.4441536798794,2,0.656631602851006
"RFXANK","Bin_8",0.308412150046009,8,9.7432542460147,2,0.656631602851006
"RFXANK","Bin_9",-0.293142507721614,9,11.04235481215,2,0.656631602851006
"RFXANK","Bin_10",0.67147777813006,10,12.3414553782853,2,0.656631602851006
"RFXANK","Bin_11",0.394183332723259,11,13.6405559444206,2,0.656631602851006
"RFXANK","Bin_12",0.565603953666431,12,14.9396565105559,2,0.656631602851006
"RFXANK","Bin_13",0.83890644174943,13,16.2387570766912,2,0.656631602851006
"RFXANK","Bin_14",0.892705883310888,14,17.5378576428265,2,0.656631602851006
"RFXANK","Bin_15",0.604156487604838,15,18.8369582089617,2,0.656631602851006
"RFXANK","Bin_16",0.251154519174831,16,20.136058775097,2,0.656631602851006
"RFXANK","Bin_17",0.955281234164667,17,21.4351593412323,2,0.656631602851006
"RFXANK","Bin_18",0.91661789680056,18,22.7342599073676,2,0.656631602851006
"RFXANK","Bin_19",1.24981316931858,19,24.0333604735029,2,0.656631602851006
"RFXANK","Bin_20",1.11377556988059,20,25.3324610396382,2,0.656631602851006
"LSM10","Bin_1",-0.694035939100992,1,0.649550283067647,2,0.685909272831582
"LSM10","Bin_2",-1.08267219872624,2,1.94865084920294,2,0.685909272831582
"LSM10","Bin_3",-1.21409413857993,3,3.24775141533823,2,0.685909272831582
"LSM10","Bin_4",-0.646883645191721,4,4.54685198147353,2,0.685909272831582
"LSM10","Bin_5",-1.01736089221651,5,5.84595254760882,2,0.685909272831582
"LSM10","Bin_6",-1.58287823960683,6,7.14505311374411,2,0.685909272831582
"LSM10","Bin_7",-1.40186722847537,7,8.4441536798794,2,0.685909272831582
"LSM10","Bin_8",-0.893634235630768,8,9.7432542460147,2,0.685909272831582
"LSM10","Bin_9",0.695974266189102,9,11.04235481215,2,0.685909272831582
"LSM10","Bin_10",1.10301907563219,10,12.3414553782853,2,0.685909272831582
"LSM10","Bin_11",0.939413023775439,11,13.6405559444206,2,0.685909272831582
"LSM10","Bin_12",0.447915719394601,12,14.9396565105559,2,0.685909272831582
"LSM10","Bin_13",0.426221868411231,13,16.2387570766912,2,0.685909272831582
"LSM10","Bin_14",-0.00833662936571587,14,17.5378576428265,2,0.685909272831582
"LSM10","Bin_15",0.0330764247485584,15,18.8369582089617,2,0.685909272831582
"LSM10","Bin_16",0.17934749703092,16,20.136058775097,2,0.685909272831582
"LSM10","Bin_17",0.622102449472135,17,21.4351593412323,2,0.685909272831582
"LSM10","Bin_18",1.03164385550607,18,22.7342599073676,2,0.685909272831582
"LSM10","Bin_19",1.59367628484697,19,24.0333604735029,2,0.685909272831582
"LSM10","Bin_20",1.46937268188684,20,25.3324610396382,2,0.685909272831582
"CDA","Bin_1",-0.725668546074031,1,0.649550283067647,2,0.454162817173239
"CDA","Bin_2",-0.711167600025827,2,1.94865084920294,2,0.454162817173239
"CDA","Bin_3",-0.725668546074031,3,3.24775141533823,2,0.454162817173239
"CDA","Bin_4",-0.416076383676783,4,4.54685198147353,2,0.454162817173239
"CDA","Bin_5",-0.526546092094386,5,5.84595254760882,2,0.454162817173239
"CDA","Bin_6",-0.725668546074031,6,7.14505311374411,2,0.454162817173239
"CDA","Bin_7",-0.725668546074031,7,8.4441536798794,2,0.454162817173239
"CDA","Bin_8",-0.725668546074031,8,9.7432542460147,2,0.454162817173239
"CDA","Bin_9",-0.147515518122558,9,11.04235481215,2,0.454162817173239
"CDA","Bin_10",-0.282937109617374,10,12.3414553782853,2,0.454162817173239
"CDA","Bin_11",-0.222676232737784,11,13.6405559444206,2,0.454162817173239
"CDA","Bin_12",-0.16186348395248,12,14.9396565105559,2,0.454162817173239
"CDA","Bin_13",-0.543657764365303,13,16.2387570766912,2,0.454162817173239
"CDA","Bin_14",-0.529826367198583,14,17.5378576428265,2,0.454162817173239
"CDA","Bin_15",-0.0106937262479016,15,18.8369582089617,2,0.454162817173239
"CDA","Bin_16",-0.288141752415139,16,20.136058775097,2,0.454162817173239
"CDA","Bin_17",2.53623046523636,17,21.4351593412323,2,0.454162817173239
"CDA","Bin_18",1.60029740385096,18,22.7342599073676,2,0.454162817173239
"CDA","Bin_19",1.78111740100843,19,24.0333604735029,2,0.454162817173239
"CDA","Bin_20",1.55179949072852,20,25.3324610396382,2,0.454162817173239
"MED10","Bin_1",-0.846435004097643,1,0.649550283067647,2,0.682096968554463
"MED10","Bin_2",-1.10727203228295,2,1.94865084920294,2,0.682096968554463
"MED10","Bin_3",-1.42477058813095,3,3.24775141533823,2,0.682096968554463
"MED10","Bin_4",-1.06664303712158,4,4.54685198147353,2,0.682096968554463
"MED10","Bin_5",-1.52334887604713,5,5.84595254760882,2,0.682096968554463
"MED10","Bin_6",-0.474125778897305,6,7.14505311374411,2,0.682096968554463
"MED10","Bin_7",-0.986174927147968,7,8.4441536798794,2,0.682096968554463
"MED10","Bin_8",-1.46370568380212,8,9.7432542460147,2,0.682096968554463
"MED10","Bin_9",0.294804612601573,9,11.04235481215,2,0.682096968554463
"MED10","Bin_10",0.703181425868749,10,12.3414553782853,2,0.682096968554463
"MED10","Bin_11",0.998809832341017,11,13.6405559444206,2,0.682096968554463
"MED10","Bin_12",0.545919080604838,12,14.9396565105559,2,0.682096968554463
"MED10","Bin_13",0.448830337341602,13,16.2387570766912,2,0.682096968554463
"MED10","Bin_14",0.209584671677099,14,17.5378576428265,2,0.682096968554463
"MED10","Bin_15",0.419484713310094,15,18.8369582089617,2,0.682096968554463
"MED10","Bin_16",0.618311793526217,16,20.136058775097,2,0.682096968554463
"MED10","Bin_17",1.03360124660553,17,21.4351593412323,2,0.682096968554463
"MED10","Bin_18",0.932944064980504,18,22.7342599073676,2,0.682096968554463
"MED10","Bin_19",1.34848935241342,19,24.0333604735029,2,0.682096968554463
"MED10","Bin_20",1.33851479625701,20,25.3324610396382,2,0.682096968554463
"FOLR1","Bin_1",-1.08928126434162,1,0.649550283067647,2,0.482120500707854
"FOLR1","Bin_2",0.0458720295147827,2,1.94865084920294,2,0.482120500707854
"FOLR1","Bin_3",-0.367081975534029,3,3.24775141533823,2,0.482120500707854
"FOLR1","Bin_4",-1.29162162908587,4,4.54685198147353,2,0.482120500707854
"FOLR1","Bin_5",-1.52319202830179,5,5.84595254760882,2,0.482120500707854
"FOLR1","Bin_6",-0.413048542519915,6,7.14505311374411,2,0.482120500707854
"FOLR1","Bin_7",-1.1953339072646,7,8.4441536798794,2,0.482120500707854
"FOLR1","Bin_8",-0.71416272979708,8,9.7432542460147,2,0.482120500707854
"FOLR1","Bin_9",-0.69359028170449,9,11.04235481215,2,0.482120500707854
"FOLR1","Bin_10",-0.583815890158936,10,12.3414553782853,2,0.482120500707854
"FOLR1","Bin_11",-0.00523340922013052,11,13.6405559444206,2,0.482120500707854
"FOLR1","Bin_12",-0.0656457713353335,12,14.9396565105559,2,0.482120500707854
"FOLR1","Bin_13",-0.202914068013693,13,16.2387570766912,2,0.482120500707854
"FOLR1","Bin_14",0.817412312687621,14,17.5378576428265,2,0.482120500707854
"FOLR1","Bin_15",0.960995451214651,15,18.8369582089617,2,0.482120500707854
"FOLR1","Bin_16",0.713696569635649,16,20.136058775097,2,0.482120500707854
"FOLR1","Bin_17",1.86376320501118,17,21.4351593412323,2,0.482120500707854
"FOLR1","Bin_18",1.78056745064021,18,22.7342599073676,2,0.482120500707854
"FOLR1","Bin_19",1.12331613532009,19,24.0333604735029,2,0.482120500707854
"FOLR1","Bin_20",0.8392983432533,20,25.3324610396382,2,0.482120500707854
"MORF4L2","Bin_1",-0.158978233099,1,0.649550283067647,2,0.650754928509441
"MORF4L2","Bin_2",-1.68792462491286,2,1.94865084920294,2,0.650754928509441
"MORF4L2","Bin_3",-1.28062843273283,3,3.24775141533823,2,0.650754928509441
"MORF4L2","Bin_4",-0.743115327656797,4,4.54685198147353,2,0.650754928509441
"MORF4L2","Bin_5",-0.944952955243871,5,5.84595254760882,2,0.650754928509441
"MORF4L2","Bin_6",-2.27725044240948,6,7.14505311374411,2,0.650754928509441
"MORF4L2","Bin_7",-0.899866085153388,7,8.4441536798794,2,0.650754928509441
"MORF4L2","Bin_8",0.200966192004577,8,9.7432542460147,2,0.650754928509441
"MORF4L2","Bin_9",0.203136851539295,9,11.04235481215,2,0.650754928509441
"MORF4L2","Bin_10",0.323494184161138,10,12.3414553782853,2,0.650754928509441
"MORF4L2","Bin_11",0.735850793214986,11,13.6405559444206,2,0.650754928509441
"MORF4L2","Bin_12",0.260337003315273,12,14.9396565105559,2,0.650754928509441
"MORF4L2","Bin_13",0.192006400162625,13,16.2387570766912,2,0.650754928509441
"MORF4L2","Bin_14",0.137122632582262,14,17.5378576428265,2,0.650754928509441
"MORF4L2","Bin_15",0.618052604574143,15,18.8369582089617,2,0.650754928509441
"MORF4L2","Bin_16",0.823447762845352,16,20.136058775097,2,0.650754928509441
"MORF4L2","Bin_17",1.23768700322808,17,21.4351593412323,2,0.650754928509441
"MORF4L2","Bin_18",0.89226692273501,18,22.7342599073676,2,0.650754928509441
"MORF4L2","Bin_19",1.20676504189841,19,24.0333604735029,2,0.650754928509441
"MORF4L2","Bin_20",1.16158270894707,20,25.3324610396382,2,0.650754928509441
"EXOSC3","Bin_1",-0.787687965981842,1,0.649550283067647,2,0.691309446578665
"EXOSC3","Bin_2",-1.32605393681233,2,1.94865084920294,2,0.691309446578665
"EXOSC3","Bin_3",-1.31914570907909,3,3.24775141533823,2,0.691309446578665
"EXOSC3","Bin_4",-0.953420206844416,4,4.54685198147353,2,0.691309446578665
"EXOSC3","Bin_5",-0.877553981051596,5,5.84595254760882,2,0.691309446578665
"EXOSC3","Bin_6",-1.59964907283259,6,7.14505311374411,2,0.691309446578665
"EXOSC3","Bin_7",-1.26666025066704,7,8.4441536798794,2,0.691309446578665
"EXOSC3","Bin_8",-0.755960135466907,8,9.7432542460147,2,0.691309446578665
"EXOSC3","Bin_9",0.311404612691983,9,11.04235481215,2,0.691309446578665
"EXOSC3","Bin_10",1.26283401146174,10,12.3414553782853,2,0.691309446578665
"EXOSC3","Bin_11",1.28237729654807,11,13.6405559444206,2,0.691309446578665
"EXOSC3","Bin_12",0.354999276461938,12,14.9396565105559,2,0.691309446578665
"EXOSC3","Bin_13",0.858163861677145,13,16.2387570766912,2,0.691309446578665
"EXOSC3","Bin_14",0.431374349932097,14,17.5378576428265,2,0.691309446578665
"EXOSC3","Bin_15",0.321580941552981,15,18.8369582089617,2,0.691309446578665
"EXOSC3","Bin_16",0.756260145869019,16,20.136058775097,2,0.691309446578665
"EXOSC3","Bin_17",0.240536913480986,17,21.4351593412323,2,0.691309446578665
"EXOSC3","Bin_18",0.648475590453113,18,22.7342599073676,2,0.691309446578665
"EXOSC3","Bin_19",1.25875449512447,19,24.0333604735029,2,0.691309446578665
"EXOSC3","Bin_20",1.15936976348227,20,25.3324610396382,2,0.691309446578665
"TSPO","Bin_1",-0.425218267607161,1,0.649550283067647,2,0.669828841749909
"TSPO","Bin_2",-0.891213940525481,2,1.94865084920294,2,0.669828841749909
"TSPO","Bin_3",-1.19342555251149,3,3.24775141533823,2,0.669828841749909
"TSPO","Bin_4",-0.438579689000938,4,4.54685198147353,2,0.669828841749909
"TSPO","Bin_5",-0.843407326734923,5,5.84595254760882,2,0.669828841749909
"TSPO","Bin_6",-2.30839810190472,6,7.14505311374411,2,0.669828841749909
"TSPO","Bin_7",-1.60934230622315,7,8.4441536798794,2,0.669828841749909
"TSPO","Bin_8",-0.880779136560701,8,9.7432542460147,2,0.669828841749909
"TSPO","Bin_9",0.561064750467224,9,11.04235481215,2,0.669828841749909
"TSPO","Bin_10",0.814055531305036,10,12.3414553782853,2,0.669828841749909
"TSPO","Bin_11",0.62027703329361,11,13.6405559444206,2,0.669828841749909
"TSPO","Bin_12",0.742712488292486,12,14.9396565105559,2,0.669828841749909
"TSPO","Bin_13",0.484763996165797,13,16.2387570766912,2,0.669828841749909
"TSPO","Bin_14",0.306397876029054,14,17.5378576428265,2,0.669828841749909
"TSPO","Bin_15",0.476118759396664,15,18.8369582089617,2,0.669828841749909
"TSPO","Bin_16",0.451253608340912,16,20.136058775097,2,0.669828841749909
"TSPO","Bin_17",0.835428630527407,17,21.4351593412323,2,0.669828841749909
"TSPO","Bin_18",1.05118392192928,18,22.7342599073676,2,0.669828841749909
"TSPO","Bin_19",1.15357718987791,19,24.0333604735029,2,0.669828841749909
"TSPO","Bin_20",1.09353053544319,20,25.3324610396382,2,0.669828841749909
"CLEC7A","Bin_1",-1.03967135739475,1,0.649550283067647,2,0.501393207114268
"CLEC7A","Bin_2",-0.6247463300935,2,1.94865084920294,2,0.501393207114268
"CLEC7A","Bin_3",-0.965257983785374,3,3.24775141533823,2,0.501393207114268
"CLEC7A","Bin_4",0.145906164747255,4,4.54685198147353,2,0.501393207114268
"CLEC7A","Bin_5",-1.02986766725858,5,5.84595254760882,2,0.501393207114268
"CLEC7A","Bin_6",-1.17851270762312,6,7.14505311374411,2,0.501393207114268
"CLEC7A","Bin_7",-0.774724993482982,7,8.4441536798794,2,0.501393207114268
"CLEC7A","Bin_8",-0.749993727941103,8,9.7432542460147,2,0.501393207114268
"CLEC7A","Bin_9",-0.533115647560947,9,11.04235481215,2,0.501393207114268
"CLEC7A","Bin_10",-0.534299900536518,10,12.3414553782853,2,0.501393207114268
"CLEC7A","Bin_11",-0.126346562427307,11,13.6405559444206,2,0.501393207114268
"CLEC7A","Bin_12",-0.319032612266989,12,14.9396565105559,2,0.501393207114268
"CLEC7A","Bin_13",-0.30252640365213,13,16.2387570766912,2,0.501393207114268
"CLEC7A","Bin_14",0.464506652370922,14,17.5378576428265,2,0.501393207114268
"CLEC7A","Bin_15",0.678986976689408,15,18.8369582089617,2,0.501393207114268
"CLEC7A","Bin_16",0.154278275545398,16,20.136058775097,2,0.501393207114268
"CLEC7A","Bin_17",1.65760406121283,17,21.4351593412323,2,0.501393207114268
"CLEC7A","Bin_18",2.00309039107425,18,22.7342599073676,2,0.501393207114268
"CLEC7A","Bin_19",1.54383189547382,19,24.0333604735029,2,0.501393207114268
"CLEC7A","Bin_20",1.52989147690942,20,25.3324610396382,2,0.501393207114268
"VPS72","Bin_1",-0.925449408892258,1,0.649550283067647,2,0.705576504062235
"VPS72","Bin_2",-1.47562838400259,2,1.94865084920294,2,0.705576504062235
"VPS72","Bin_3",-1.44501079862439,3,3.24775141533823,2,0.705576504062235
"VPS72","Bin_4",-1.02243714933251,4,4.54685198147353,2,0.705576504062235
"VPS72","Bin_5",-1.69318879677776,5,5.84595254760882,2,0.705576504062235
"VPS72","Bin_6",-1.13984794777975,6,7.14505311374411,2,0.705576504062235
"VPS72","Bin_7",-0.556985062443811,7,8.4441536798794,2,0.705576504062235
"VPS72","Bin_8",-0.718539847864138,8,9.7432542460147,2,0.705576504062235
"VPS72","Bin_9",0.295519751819429,9,11.04235481215,2,0.705576504062235
"VPS72","Bin_10",1.10391539686171,10,12.3414553782853,2,0.705576504062235
"VPS72","Bin_11",1.17057758072317,11,13.6405559444206,2,0.705576504062235
"VPS72","Bin_12",0.604146629374352,12,14.9396565105559,2,0.705576504062235
"VPS72","Bin_13",0.762312283127273,13,16.2387570766912,2,0.705576504062235
"VPS72","Bin_14",0.378580072652091,14,17.5378576428265,2,0.705576504062235
"VPS72","Bin_15",0.498676677140909,15,18.8369582089617,2,0.705576504062235
"VPS72","Bin_16",0.68481715294665,16,20.136058775097,2,0.705576504062235
"VPS72","Bin_17",0.477152274213839,17,21.4351593412323,2,0.705576504062235
"VPS72","Bin_18",0.754394802353709,18,22.7342599073676,2,0.705576504062235
"VPS72","Bin_19",1.25649408838568,19,24.0333604735029,2,0.705576504062235
"VPS72","Bin_20",0.990500686118402,20,25.3324610396382,2,0.705576504062235
"MDK","Bin_1",0.398334922634364,1,0.649550283067647,2,0.636397830367331
"MDK","Bin_2",-0.923243452987325,2,1.94865084920294,2,0.636397830367331
"MDK","Bin_3",-1.34320008326433,3,3.24775141533823,2,0.636397830367331
"MDK","Bin_4",-1.50382103614297,4,4.54685198147353,2,0.636397830367331
"MDK","Bin_5",-1.60440851563654,5,5.84595254760882,2,0.636397830367331
"MDK","Bin_6",-0.974122829336274,6,7.14505311374411,2,0.636397830367331
"MDK","Bin_7",-1.51095128643361,7,8.4441536798794,2,0.636397830367331
"MDK","Bin_8",-1.24578952075954,8,9.7432542460147,2,0.636397830367331
"MDK","Bin_9",0.403504037102527,9,11.04235481215,2,0.636397830367331
"MDK","Bin_10",0.892245167602872,10,12.3414553782853,2,0.636397830367331
"MDK","Bin_11",0.915721811024995,11,13.6405559444206,2,0.636397830367331
"MDK","Bin_12",0.79952394028821,12,14.9396565105559,2,0.636397830367331
"MDK","Bin_13",0.806951931333838,13,16.2387570766912,2,0.636397830367331
"MDK","Bin_14",0.816992872162772,14,17.5378576428265,2,0.636397830367331
"MDK","Bin_15",0.587592407170216,15,18.8369582089617,2,0.636397830367331
"MDK","Bin_16",0.590441580676659,16,20.136058775097,2,0.636397830367331
"MDK","Bin_17",0.605193622619294,17,21.4351593412323,2,0.636397830367331
"MDK","Bin_18",0.736854860966279,18,22.7342599073676,2,0.636397830367331
"MDK","Bin_19",0.80923681690631,19,24.0333604735029,2,0.636397830367331
"MDK","Bin_20",0.74294275407226,20,25.3324610396382,2,0.636397830367331
"STMP1","Bin_1",-0.681946855574181,1,0.649550283067647,2,0.70488251155243
"STMP1","Bin_2",-1.27805316690401,2,1.94865084920294,2,0.70488251155243
"STMP1","Bin_3",-1.53365901217012,3,3.24775141533823,2,0.70488251155243
"STMP1","Bin_4",-0.843181590371464,4,4.54685198147353,2,0.70488251155243
"STMP1","Bin_5",-1.30356308568453,5,5.84595254760882,2,0.70488251155243
"STMP1","Bin_6",-1.91356577549497,6,7.14505311374411,2,0.70488251155243
"STMP1","Bin_7",-0.257078779326608,7,8.4441536798794,2,0.70488251155243
"STMP1","Bin_8",-1.03736467037663,8,9.7432542460147,2,0.70488251155243
"STMP1","Bin_9",0.227522362736865,9,11.04235481215,2,0.70488251155243
"STMP1","Bin_10",0.707013917343852,10,12.3414553782853,2,0.70488251155243
"STMP1","Bin_11",0.744470753399333,11,13.6405559444206,2,0.70488251155243
"STMP1","Bin_12",0.669508939908453,12,14.9396565105559,2,0.70488251155243
"STMP1","Bin_13",0.534264636753996,13,16.2387570766912,2,0.70488251155243
"STMP1","Bin_14",0.495181980650846,14,17.5378576428265,2,0.70488251155243
"STMP1","Bin_15",0.679623628557022,15,18.8369582089617,2,0.70488251155243
"STMP1","Bin_16",0.583427542566886,16,20.136058775097,2,0.70488251155243
"STMP1","Bin_17",0.931904071786132,17,21.4351593412323,2,0.70488251155243
"STMP1","Bin_18",1.10852617233319,18,22.7342599073676,2,0.70488251155243
"STMP1","Bin_19",1.12254359819047,19,24.0333604735029,2,0.70488251155243
"STMP1","Bin_20",1.04442533167546,20,25.3324610396382,2,0.70488251155243
"FIBP","Bin_1",-0.40084223103395,1,0.649550283067647,2,0.692404300094672
"FIBP","Bin_2",-0.958189210038556,2,1.94865084920294,2,0.692404300094672
"FIBP","Bin_3",-1.04857887565899,3,3.24775141533823,2,0.692404300094672
"FIBP","Bin_4",-0.938201866258564,4,4.54685198147353,2,0.692404300094672
"FIBP","Bin_5",-1.25970804110701,5,5.84595254760882,2,0.692404300094672
"FIBP","Bin_6",-1.73690162578006,6,7.14505311374411,2,0.692404300094672
"FIBP","Bin_7",-1.21687232169206,7,8.4441536798794,2,0.692404300094672
"FIBP","Bin_8",-1.23350399540529,8,9.7432542460147,2,0.692404300094672
"FIBP","Bin_9",0.869504001888431,9,11.04235481215,2,0.692404300094672
"FIBP","Bin_10",0.924983769216057,10,12.3414553782853,2,0.692404300094672
"FIBP","Bin_11",1.01638504278779,11,13.6405559444206,2,0.692404300094672
"FIBP","Bin_12",0.556004285104404,12,14.9396565105559,2,0.692404300094672
"FIBP","Bin_13",0.373606193787313,13,16.2387570766912,2,0.692404300094672
"FIBP","Bin_14",0.404001119580564,14,17.5378576428265,2,0.692404300094672
"FIBP","Bin_15",0.0859640696301313,15,18.8369582089617,2,0.692404300094672
"FIBP","Bin_16",0.317109658755603,16,20.136058775097,2,0.692404300094672
"FIBP","Bin_17",0.640859201070462,17,21.4351593412323,2,0.692404300094672
"FIBP","Bin_18",0.833489901436355,18,22.7342599073676,2,0.692404300094672
"FIBP","Bin_19",1.27017611777078,19,24.0333604735029,2,0.692404300094672
"FIBP","Bin_20",1.50071480594658,20,25.3324610396382,2,0.692404300094672
"MRPS14","Bin_1",-0.818449052824442,1,0.649550283067647,2,0.697652760578971
"MRPS14","Bin_2",-1.28932060349708,2,1.94865084920294,2,0.697652760578971
"MRPS14","Bin_3",-1.33835911252538,3,3.24775141533823,2,0.697652760578971
"MRPS14","Bin_4",-0.985306994067977,4,4.54685198147353,2,0.697652760578971
"MRPS14","Bin_5",-0.837119290693602,5,5.84595254760882,2,0.697652760578971
"MRPS14","Bin_6",-2.0212988452947,6,7.14505311374411,2,0.697652760578971
"MRPS14","Bin_7",-1.30056575636647,7,8.4441536798794,2,0.697652760578971
"MRPS14","Bin_8",-0.30756879021577,8,9.7432542460147,2,0.697652760578971
"MRPS14","Bin_9",0.565055183921261,9,11.04235481215,2,0.697652760578971
"MRPS14","Bin_10",0.321352864710209,10,12.3414553782853,2,0.697652760578971
"MRPS14","Bin_11",0.769953804263661,11,13.6405559444206,2,0.697652760578971
"MRPS14","Bin_12",0.373948006122912,12,14.9396565105559,2,0.697652760578971
"MRPS14","Bin_13",0.704009224295134,13,16.2387570766912,2,0.697652760578971
"MRPS14","Bin_14",0.964194916545425,14,17.5378576428265,2,0.697652760578971
"MRPS14","Bin_15",0.733668486590812,15,18.8369582089617,2,0.697652760578971
"MRPS14","Bin_16",0.700544526008627,16,20.136058775097,2,0.697652760578971
"MRPS14","Bin_17",0.640670293287572,17,21.4351593412323,2,0.697652760578971
"MRPS14","Bin_18",0.845116689366359,18,22.7342599073676,2,0.697652760578971
"MRPS14","Bin_19",1.16248074692941,19,24.0333604735029,2,0.697652760578971
"MRPS14","Bin_20",1.11699370344403,20,25.3324610396382,2,0.697652760578971
"BAMBI","Bin_1",-0.501935445047378,1,0.649550283067647,2,0.575493878773479
"BAMBI","Bin_2",-1.36310280379164,2,1.94865084920294,2,0.575493878773479
"BAMBI","Bin_3",-1.54113923401032,3,3.24775141533823,2,0.575493878773479
"BAMBI","Bin_4",-0.737037404975107,4,4.54685198147353,2,0.575493878773479
"BAMBI","Bin_5",-1.77211727001331,5,5.84595254760882,2,0.575493878773479
"BAMBI","Bin_6",-0.350230521598841,6,7.14505311374411,2,0.575493878773479
"BAMBI","Bin_7",-0.314080709840505,7,8.4441536798794,2,0.575493878773479
"BAMBI","Bin_8",-1.16196552460678,8,9.7432542460147,2,0.575493878773479
"BAMBI","Bin_9",-0.292854352886705,9,11.04235481215,2,0.575493878773479
"BAMBI","Bin_10",0.572090903293698,10,12.3414553782853,2,0.575493878773479
"BAMBI","Bin_11",0.585880685277726,11,13.6405559444206,2,0.575493878773479
"BAMBI","Bin_12",0.220488447365219,12,14.9396565105559,2,0.575493878773479
"BAMBI","Bin_13",0.735991946680512,13,16.2387570766912,2,0.575493878773479
"BAMBI","Bin_14",1.21690651450245,14,17.5378576428265,2,0.575493878773479
"BAMBI","Bin_15",0.924818198801514,15,18.8369582089617,2,0.575493878773479
"BAMBI","Bin_16",0.333293794701458,16,20.136058775097,2,0.575493878773479
"BAMBI","Bin_17",-0.0535955238241836,17,21.4351593412323,2,0.575493878773479
"BAMBI","Bin_18",0.590770903424882,18,22.7342599073676,2,0.575493878773479
"BAMBI","Bin_19",0.788183584980467,19,24.0333604735029,2,0.575493878773479
"BAMBI","Bin_20",2.11963381156685,20,25.3324610396382,2,0.575493878773479
"GORASP2","Bin_1",-0.664568803215875,1,0.649550283067647,2,0.651648081685277
"GORASP2","Bin_2",-0.926168612507997,2,1.94865084920294,2,0.651648081685277
"GORASP2","Bin_3",-1.20809700963375,3,3.24775141533823,2,0.651648081685277
"GORASP2","Bin_4",-0.631304497088552,4,4.54685198147353,2,0.651648081685277
"GORASP2","Bin_5",-1.13872466373272,5,5.84595254760882,2,0.651648081685277
"GORASP2","Bin_6",-0.916847067920967,6,7.14505311374411,2,0.651648081685277
"GORASP2","Bin_7",-1.8266729553213,7,8.4441536798794,2,0.651648081685277
"GORASP2","Bin_8",-1.17230613420152,8,9.7432542460147,2,0.651648081685277
"GORASP2","Bin_9",-0.0258918568999112,9,11.04235481215,2,0.651648081685277
"GORASP2","Bin_10",0.499117701585374,10,12.3414553782853,2,0.651648081685277
"GORASP2","Bin_11",0.360949696981722,11,13.6405559444206,2,0.651648081685277
"GORASP2","Bin_12",0.457143309083341,12,14.9396565105559,2,0.651648081685277
"GORASP2","Bin_13",0.247460747001751,13,16.2387570766912,2,0.651648081685277
"GORASP2","Bin_14",0.295469647875499,14,17.5378576428265,2,0.651648081685277
"GORASP2","Bin_15",0.335380562359371,15,18.8369582089617,2,0.651648081685277
"GORASP2","Bin_16",0.92650934388149,16,20.136058775097,2,0.651648081685277
"GORASP2","Bin_17",1.42351703048842,17,21.4351593412323,2,0.651648081685277
"GORASP2","Bin_18",1.43247051870687,18,22.7342599073676,2,0.651648081685277
"GORASP2","Bin_19",1.27998203398332,19,24.0333604735029,2,0.651648081685277
"GORASP2","Bin_20",1.25258100857543,20,25.3324610396382,2,0.651648081685277
"IL32","Bin_1",0.795065114529709,1,0.649550283067647,1,0.531385401858568
"IL32","Bin_2",0.740026496750477,2,1.94865084920294,1,0.531385401858568
"IL32","Bin_3",1.29943344209192,3,3.24775141533823,1,0.531385401858568
"IL32","Bin_4",3.62976266996614,4,4.54685198147353,1,0.531385401858568
"IL32","Bin_5",0.0779824552192758,5,5.84595254760882,1,0.531385401858568
"IL32","Bin_6",-0.537404321331757,6,7.14505311374411,1,0.531385401858568
"IL32","Bin_7",-0.537404321331757,7,8.4441536798794,1,0.531385401858568
"IL32","Bin_8",-0.235328718777536,8,9.7432542460147,1,0.531385401858568
"IL32","Bin_9",-0.537404321331757,9,11.04235481215,1,0.531385401858568
"IL32","Bin_10",-0.388337168484848,10,12.3414553782853,1,0.531385401858568
"IL32","Bin_11",-0.366895858748398,11,13.6405559444206,1,0.531385401858568
"IL32","Bin_12",-0.380692785952651,12,14.9396565105559,1,0.531385401858568
"IL32","Bin_13",-0.49969814734609,13,16.2387570766912,1,0.531385401858568
"IL32","Bin_14",-0.449157308299857,14,17.5378576428265,1,0.531385401858568
"IL32","Bin_15",-0.379529576817483,15,18.8369582089617,1,0.531385401858568
"IL32","Bin_16",-0.384294361889689,16,20.136058775097,1,0.531385401858568
"IL32","Bin_17",-0.420598271683041,17,21.4351593412323,1,0.531385401858568
"IL32","Bin_18",-0.451788129112282,18,22.7342599073676,1,0.531385401858568
"IL32","Bin_19",-0.491816381017415,19,24.0333604735029,1,0.531385401858568
"IL32","Bin_20",-0.481920506432956,20,25.3324610396382,1,0.531385401858568
"ERP44","Bin_1",-0.488778824730142,1,0.649550283067647,2,0.671404296939115
"ERP44","Bin_2",-0.614070282455881,2,1.94865084920294,2,0.671404296939115
"ERP44","Bin_3",-0.971559510992546,3,3.24775141533823,2,0.671404296939115
"ERP44","Bin_4",-1.12177381538324,4,4.54685198147353,2,0.671404296939115
"ERP44","Bin_5",-1.57667487725841,5,5.84595254760882,2,0.671404296939115
"ERP44","Bin_6",-1.8884396856274,6,7.14505311374411,2,0.671404296939115
"ERP44","Bin_7",-0.735225848292259,7,8.4441536798794,2,0.671404296939115
"ERP44","Bin_8",-1.15473288880388,8,9.7432542460147,2,0.671404296939115
"ERP44","Bin_9",-0.225177740202348,9,11.04235481215,2,0.671404296939115
"ERP44","Bin_10",0.484934792620202,10,12.3414553782853,2,0.671404296939115
"ERP44","Bin_11",0.986884786903002,11,13.6405559444206,2,0.671404296939115
"ERP44","Bin_12",0.54859875729429,12,14.9396565105559,2,0.671404296939115
"ERP44","Bin_13",0.179450651615905,13,16.2387570766912,2,0.671404296939115
"ERP44","Bin_14",0.460818339015806,14,17.5378576428265,2,0.671404296939115
"ERP44","Bin_15",0.905918409287853,15,18.8369582089617,2,0.671404296939115
"ERP44","Bin_16",0.713572800080858,16,20.136058775097,2,0.671404296939115
"ERP44","Bin_17",1.29706271092236,17,21.4351593412323,2,0.671404296939115
"ERP44","Bin_18",0.979990820999132,18,22.7342599073676,2,0.671404296939115
"ERP44","Bin_19",1.02226539559422,19,24.0333604735029,2,0.671404296939115
"ERP44","Bin_20",1.19693600941248,20,25.3324610396382,2,0.671404296939115
"IGHG1","Bin_1",0.917288903780218,1,0.649550283067647,1,0.597900720651608
"IGHG1","Bin_2",2.00813092137694,2,1.94865084920294,1,0.597900720651608
"IGHG1","Bin_3",1.16096047998046,3,3.24775141533823,1,0.597900720651608
"IGHG1","Bin_4",2.37033432050549,4,4.54685198147353,1,0.597900720651608
"IGHG1","Bin_5",1.66254003242365,5,5.84595254760882,1,0.597900720651608
"IGHG1","Bin_6",-0.544547235089045,6,7.14505311374411,1,0.597900720651608
"IGHG1","Bin_7",-0.544547235089045,7,8.4441536798794,1,0.597900720651608
"IGHG1","Bin_8",-0.544547235089045,8,9.7432542460147,1,0.597900720651608
"IGHG1","Bin_9",-0.544547235089045,9,11.04235481215,1,0.597900720651608
"IGHG1","Bin_10",-0.544547235089045,10,12.3414553782853,1,0.597900720651608
"IGHG1","Bin_11",-0.540657544869356,11,13.6405559444206,1,0.597900720651608
"IGHG1","Bin_12",-0.544547235089045,12,14.9396565105559,1,0.597900720651608
"IGHG1","Bin_13",-0.544547235089045,13,16.2387570766912,1,0.597900720651608
"IGHG1","Bin_14",-0.540802622607744,14,17.5378576428265,1,0.597900720651608
"IGHG1","Bin_15",-0.544547235089045,15,18.8369582089617,1,0.597900720651608
"IGHG1","Bin_16",-0.544547235089045,16,20.136058775097,1,0.597900720651608
"IGHG1","Bin_17",-0.544547235089045,17,21.4351593412323,1,0.597900720651608
"IGHG1","Bin_18",-0.516991922076839,18,22.7342599073676,1,0.597900720651608
"IGHG1","Bin_19",-0.544547235089045,19,24.0333604735029,1,0.597900720651608
"IGHG1","Bin_20",-0.53078298253332,20,25.3324610396382,1,0.597900720651608
"CBX5","Bin_1",-0.998459798601919,1,0.649550283067647,2,0.705377747571669
"CBX5","Bin_2",-1.14580638924215,2,1.94865084920294,2,0.705377747571669
"CBX5","Bin_3",-1.40182955475052,3,3.24775141533823,2,0.705377747571669
"CBX5","Bin_4",-0.936791995162284,4,4.54685198147353,2,0.705377747571669
"CBX5","Bin_5",-1.46225017984699,5,5.84595254760882,2,0.705377747571669
"CBX5","Bin_6",-1.34943179704209,6,7.14505311374411,2,0.705377747571669
"CBX5","Bin_7",-0.912609689852664,7,8.4441536798794,2,0.705377747571669
"CBX5","Bin_8",-1.0117374003013,8,9.7432542460147,2,0.705377747571669
"CBX5","Bin_9",0.598496098662145,9,11.04235481215,2,0.705377747571669
"CBX5","Bin_10",1.04217372220815,10,12.3414553782853,2,0.705377747571669
"CBX5","Bin_11",1.16443824537137,11,13.6405559444206,2,0.705377747571669
"CBX5","Bin_12",0.648434494203383,12,14.9396565105559,2,0.705377747571669
"CBX5","Bin_13",0.7641844228856,13,16.2387570766912,2,0.705377747571669
"CBX5","Bin_14",0.877218088898907,14,17.5378576428265,2,0.705377747571669
"CBX5","Bin_15",0.238960929865411,15,18.8369582089617,2,0.705377747571669
"CBX5","Bin_16",0.518005453938162,16,20.136058775097,2,0.705377747571669
"CBX5","Bin_17",0.559986577767982,17,21.4351593412323,2,0.705377747571669
"CBX5","Bin_18",0.690823126886462,18,22.7342599073676,2,0.705377747571669
"CBX5","Bin_19",0.831937131676365,19,24.0333604735029,2,0.705377747571669
"CBX5","Bin_20",1.28425851243598,20,25.3324610396382,2,0.705377747571669
"ATP6V1G1","Bin_1",0.0189295322601606,1,0.649550283067647,2,0.665938850879677
"ATP6V1G1","Bin_2",-0.722067723250036,2,1.94865084920294,2,0.665938850879677
"ATP6V1G1","Bin_3",-0.821785986507066,3,3.24775141533823,2,0.665938850879677
"ATP6V1G1","Bin_4",-1.15780157183191,4,4.54685198147353,2,0.665938850879677
"ATP6V1G1","Bin_5",-1.40206801769915,5,5.84595254760882,2,0.665938850879677
"ATP6V1G1","Bin_6",-2.13396197088546,6,7.14505311374411,2,0.665938850879677
"ATP6V1G1","Bin_7",-1.49670120611093,7,8.4441536798794,2,0.665938850879677
"ATP6V1G1","Bin_8",-1.02821169062631,8,9.7432542460147,2,0.665938850879677
"ATP6V1G1","Bin_9",0.608867973938987,9,11.04235481215,2,0.665938850879677
"ATP6V1G1","Bin_10",0.800928426571838,10,12.3414553782853,2,0.665938850879677
"ATP6V1G1","Bin_11",0.764932875274604,11,13.6405559444206,2,0.665938850879677
"ATP6V1G1","Bin_12",0.934665913292079,12,14.9396565105559,2,0.665938850879677
"ATP6V1G1","Bin_13",0.573748573363787,13,16.2387570766912,2,0.665938850879677
"ATP6V1G1","Bin_14",0.476643697217654,14,17.5378576428265,2,0.665938850879677
"ATP6V1G1","Bin_15",0.64171184326931,15,18.8369582089617,2,0.665938850879677
"ATP6V1G1","Bin_16",0.575837820026752,16,20.136058775097,2,0.665938850879677
"ATP6V1G1","Bin_17",0.696040993874371,17,21.4351593412323,2,0.665938850879677
"ATP6V1G1","Bin_18",0.795206544139186,18,22.7342599073676,2,0.665938850879677
"ATP6V1G1","Bin_19",0.940314092373467,19,24.0333604735029,2,0.665938850879677
"ATP6V1G1","Bin_20",0.93476988130868,20,25.3324610396382,2,0.665938850879677
"PTX3","Bin_1",-0.846401384030222,1,0.649550283067647,2,0.515829830685926
"PTX3","Bin_2",-0.68957366972933,2,1.94865084920294,2,0.515829830685926
"PTX3","Bin_3",-0.77570264793092,3,3.24775141533823,2,0.515829830685926
"PTX3","Bin_4",-0.717553312396527,4,4.54685198147353,2,0.515829830685926
"PTX3","Bin_5",-0.872236054026619,5,5.84595254760882,2,0.515829830685926
"PTX3","Bin_6",-0.872236054026619,6,7.14505311374411,2,0.515829830685926
"PTX3","Bin_7",-0.383078409481624,7,8.4441536798794,2,0.515829830685926
"PTX3","Bin_8",-0.872236054026619,8,9.7432542460147,2,0.515829830685926
"PTX3","Bin_9",-0.363173036406093,9,11.04235481215,2,0.515829830685926
"PTX3","Bin_10",-0.270676609987679,10,12.3414553782853,2,0.515829830685926
"PTX3","Bin_11",-0.150866051644601,11,13.6405559444206,2,0.515829830685926
"PTX3","Bin_12",-0.562461912674652,12,14.9396565105559,2,0.515829830685926
"PTX3","Bin_13",-0.0590641803872988,13,16.2387570766912,2,0.515829830685926
"PTX3","Bin_14",-0.0542657220134276,14,17.5378576428265,2,0.515829830685926
"PTX3","Bin_15",0.0175001091938977,15,18.8369582089617,2,0.515829830685926
"PTX3","Bin_16",0.444193008348601,16,20.136058775097,2,0.515829830685926
"PTX3","Bin_17",0.956154119477494,17,21.4351593412323,2,0.515829830685926
"PTX3","Bin_18",1.642490205238,18,22.7342599073676,2,0.515829830685926
"PTX3","Bin_19",2.43043094947096,19,24.0333604735029,2,0.515829830685926
"PTX3","Bin_20",1.99875670703328,20,25.3324610396382,2,0.515829830685926
"S100P","Bin_1",-1.57241002265405,1,0.649550283067647,2,0.610963220333908
"S100P","Bin_2",-1.38027282388044,2,1.94865084920294,2,0.610963220333908
"S100P","Bin_3",-1.36548335708294,3,3.24775141533823,2,0.610963220333908
"S100P","Bin_4",0.302341991857298,4,4.54685198147353,2,0.610963220333908
"S100P","Bin_5",-0.471789224025873,5,5.84595254760882,2,0.610963220333908
"S100P","Bin_6",-1.66366911549389,6,7.14505311374411,2,0.610963220333908
"S100P","Bin_7",-1.32764447444151,7,8.4441536798794,2,0.610963220333908
"S100P","Bin_8",-0.623985454959995,8,9.7432542460147,2,0.610963220333908
"S100P","Bin_9",0.468726363427809,9,11.04235481215,2,0.610963220333908
"S100P","Bin_10",0.291152981705573,10,12.3414553782853,2,0.610963220333908
"S100P","Bin_11",0.409834173342673,11,13.6405559444206,2,0.610963220333908
"S100P","Bin_12",0.67173169814964,12,14.9396565105559,2,0.610963220333908
"S100P","Bin_13",0.540842228073756,13,16.2387570766912,2,0.610963220333908
"S100P","Bin_14",0.0365470084793718,14,17.5378576428265,2,0.610963220333908
"S100P","Bin_15",0.644565298274968,15,18.8369582089617,2,0.610963220333908
"S100P","Bin_16",0.339975931163762,16,20.136058775097,2,0.610963220333908
"S100P","Bin_17",1.26148594137907,17,21.4351593412323,2,0.610963220333908
"S100P","Bin_18",0.816264733205002,18,22.7342599073676,2,0.610963220333908
"S100P","Bin_19",1.10968632670032,19,24.0333604735029,2,0.610963220333908
"S100P","Bin_20",1.51209979677944,20,25.3324610396382,2,0.610963220333908
"MARCKSL1","Bin_1",-0.234605805375158,1,0.649550283067647,2,0.677634413110719
"MARCKSL1","Bin_2",-1.16896829372201,2,1.94865084920294,2,0.677634413110719
"MARCKSL1","Bin_3",-1.44927119992072,3,3.24775141533823,2,0.677634413110719
"MARCKSL1","Bin_4",-1.37770673315589,4,4.54685198147353,2,0.677634413110719
"MARCKSL1","Bin_5",-0.85897714688623,5,5.84595254760882,2,0.677634413110719
"MARCKSL1","Bin_6",-1.74488807610833,6,7.14505311374411,2,0.677634413110719
"MARCKSL1","Bin_7",-1.45649753947746,7,8.4441536798794,2,0.677634413110719
"MARCKSL1","Bin_8",-0.649724086688088,8,9.7432542460147,2,0.677634413110719
"MARCKSL1","Bin_9",1.04285826714624,9,11.04235481215,2,0.677634413110719
"MARCKSL1","Bin_10",0.991910196040431,10,12.3414553782853,2,0.677634413110719
"MARCKSL1","Bin_11",0.878418165337657,11,13.6405559444206,2,0.677634413110719
"MARCKSL1","Bin_12",0.951236609915755,12,14.9396565105559,2,0.677634413110719
"MARCKSL1","Bin_13",0.451568796230283,13,16.2387570766912,2,0.677634413110719
"MARCKSL1","Bin_14",0.462237642295756,14,17.5378576428265,2,0.677634413110719
"MARCKSL1","Bin_15",0.594935905525109,15,18.8369582089617,2,0.677634413110719
"MARCKSL1","Bin_16",0.618605965432146,16,20.136058775097,2,0.677634413110719
"MARCKSL1","Bin_17",0.566294842600936,17,21.4351593412323,2,0.677634413110719
"MARCKSL1","Bin_18",0.933512755808278,18,22.7342599073676,2,0.677634413110719
"MARCKSL1","Bin_19",0.958918390317947,19,24.0333604735029,2,0.677634413110719
"MARCKSL1","Bin_20",0.490141344683354,20,25.3324610396382,2,0.677634413110719
"HNRNPA1","Bin_1",0.0161609579638088,1,0.649550283067647,2,0.597183370980212
"HNRNPA1","Bin_2",-0.542028501396192,2,1.94865084920294,2,0.597183370980212
"HNRNPA1","Bin_3",-0.591087244549978,3,3.24775141533823,2,0.597183370980212
"HNRNPA1","Bin_4",-1.7665697258921,4,4.54685198147353,2,0.597183370980212
"HNRNPA1","Bin_5",-1.42502061500084,5,5.84595254760882,2,0.597183370980212
"HNRNPA1","Bin_6",-2.24660725942003,6,7.14505311374411,2,0.597183370980212
"HNRNPA1","Bin_7",-0.966879216548294,7,8.4441536798794,2,0.597183370980212
"HNRNPA1","Bin_8",-0.796584624311964,8,9.7432542460147,2,0.597183370980212
"HNRNPA1","Bin_9",0.902616385833034,9,11.04235481215,2,0.597183370980212
"HNRNPA1","Bin_10",0.750671743944013,10,12.3414553782853,2,0.597183370980212
"HNRNPA1","Bin_11",0.794976057418161,11,13.6405559444206,2,0.597183370980212
"HNRNPA1","Bin_12",0.801945894969433,12,14.9396565105559,2,0.597183370980212
"HNRNPA1","Bin_13",1.029771700494,13,16.2387570766912,2,0.597183370980212
"HNRNPA1","Bin_14",1.02461986151524,14,17.5378576428265,2,0.597183370980212
"HNRNPA1","Bin_15",0.660288686944192,15,18.8369582089617,2,0.597183370980212
"HNRNPA1","Bin_16",0.229816644946948,16,20.136058775097,2,0.597183370980212
"HNRNPA1","Bin_17",0.168709995199775,17,21.4351593412323,2,0.597183370980212
"HNRNPA1","Bin_18",0.516278727862598,18,22.7342599073676,2,0.597183370980212
"HNRNPA1","Bin_19",0.773343652363728,19,24.0333604735029,2,0.597183370980212
"HNRNPA1","Bin_20",0.665576877664468,20,25.3324610396382,2,0.597183370980212
"EI24","Bin_1",-0.307218054950372,1,0.649550283067647,2,0.65130839979471
"EI24","Bin_2",-0.797955835964851,2,1.94865084920294,2,0.65130839979471
"EI24","Bin_3",-0.930968154007221,3,3.24775141533823,2,0.65130839979471
"EI24","Bin_4",-0.542983424520333,4,4.54685198147353,2,0.65130839979471
"EI24","Bin_5",-1.33080125059142,5,5.84595254760882,2,0.65130839979471
"EI24","Bin_6",-1.49232532159664,6,7.14505311374411,2,0.65130839979471
"EI24","Bin_7",-1.43580068597408,7,8.4441536798794,2,0.65130839979471
"EI24","Bin_8",-1.52316033948691,8,9.7432542460147,2,0.65130839979471
"EI24","Bin_9",0.321232808008032,9,11.04235481215,2,0.65130839979471
"EI24","Bin_10",0.765117517409509,10,12.3414553782853,2,0.65130839979471
"EI24","Bin_11",0.505382539660692,11,13.6405559444206,2,0.65130839979471
"EI24","Bin_12",0.339654018769184,12,14.9396565105559,2,0.65130839979471
"EI24","Bin_13",0.609754858801886,13,16.2387570766912,2,0.65130839979471
"EI24","Bin_14",0.30867699714394,14,17.5378576428265,2,0.65130839979471
"EI24","Bin_15",0.0983008268309506,15,18.8369582089617,2,0.65130839979471
"EI24","Bin_16",0.367036276125058,16,20.136058775097,2,0.65130839979471
"EI24","Bin_17",0.76435082331171,17,21.4351593412323,2,0.65130839979471
"EI24","Bin_18",0.936199746675491,18,22.7342599073676,2,0.65130839979471
"EI24","Bin_19",1.672207128901,19,24.0333604735029,2,0.65130839979471
"EI24","Bin_20",1.67329952545437,20,25.3324610396382,2,0.65130839979471
"YBX1","Bin_1",-1.57521502405017,1,0.649550283067647,2,0.610813770681023
"YBX1","Bin_2",-1.79263350532096,2,1.94865084920294,2,0.610813770681023
"YBX1","Bin_3",-1.71580952302928,3,3.24775141533823,2,0.610813770681023
"YBX1","Bin_4",-0.782771280316106,4,4.54685198147353,2,0.610813770681023
"YBX1","Bin_5",-0.116533728987543,5,5.84595254760882,2,0.610813770681023
"YBX1","Bin_6",-1.02376510006466,6,7.14505311374411,2,0.610813770681023
"YBX1","Bin_7",-1.34224962856686,7,8.4441536798794,2,0.610813770681023
"YBX1","Bin_8",0.176227174131514,8,9.7432542460147,2,0.610813770681023
"YBX1","Bin_9",1.0835895812881,9,11.04235481215,2,0.610813770681023
"YBX1","Bin_10",1.1923256387002,10,12.3414553782853,2,0.610813770681023
"YBX1","Bin_11",0.817641091133033,11,13.6405559444206,2,0.610813770681023
"YBX1","Bin_12",0.787758637078539,12,14.9396565105559,2,0.610813770681023
"YBX1","Bin_13",0.597902534213918,13,16.2387570766912,2,0.610813770681023
"YBX1","Bin_14",0.152219466850771,14,17.5378576428265,2,0.610813770681023
"YBX1","Bin_15",0.290609303007726,15,18.8369582089617,2,0.610813770681023
"YBX1","Bin_16",0.397408478325925,16,20.136058775097,2,0.610813770681023
"YBX1","Bin_17",0.342693452636491,17,21.4351593412323,2,0.610813770681023
"YBX1","Bin_18",0.568273292800797,18,22.7342599073676,2,0.610813770681023
"YBX1","Bin_19",1.06969600343912,19,24.0333604735029,2,0.610813770681023
"YBX1","Bin_20",0.872633136729451,20,25.3324610396382,2,0.610813770681023
"YIPF3","Bin_1",-0.228185097676037,1,0.649550283067647,2,0.638988019731813
"YIPF3","Bin_2",-0.585394261546945,2,1.94865084920294,2,0.638988019731813
"YIPF3","Bin_3",-1.05683029548658,3,3.24775141533823,2,0.638988019731813
"YIPF3","Bin_4",-0.822002542394481,4,4.54685198147353,2,0.638988019731813
"YIPF3","Bin_5",-1.42079509931269,5,5.84595254760882,2,0.638988019731813
"YIPF3","Bin_6",-1.99222846253368,6,7.14505311374411,2,0.638988019731813
"YIPF3","Bin_7",-0.997153477429569,7,8.4441536798794,2,0.638988019731813
"YIPF3","Bin_8",-0.845906508591731,8,9.7432542460147,2,0.638988019731813
"YIPF3","Bin_9",-0.333825168755365,9,11.04235481215,2,0.638988019731813
"YIPF3","Bin_10",0.233371122450508,10,12.3414553782853,2,0.638988019731813
"YIPF3","Bin_11",0.518899046738679,11,13.6405559444206,2,0.638988019731813
"YIPF3","Bin_12",0.578606194169072,12,14.9396565105559,2,0.638988019731813
"YIPF3","Bin_13",0.287984559125969,13,16.2387570766912,2,0.638988019731813
"YIPF3","Bin_14",0.0443076540545113,14,17.5378576428265,2,0.638988019731813
"YIPF3","Bin_15",0.580964762400648,15,18.8369582089617,2,0.638988019731813
"YIPF3","Bin_16",0.710853182063971,16,20.136058775097,2,0.638988019731813
"YIPF3","Bin_17",1.79073204827572,17,21.4351593412323,2,0.638988019731813
"YIPF3","Bin_18",1.28005235023005,18,22.7342599073676,2,0.638988019731813
"YIPF3","Bin_19",1.01376877126622,19,24.0333604735029,2,0.638988019731813
"YIPF3","Bin_20",1.24278122295173,20,25.3324610396382,2,0.638988019731813
"SMIM7","Bin_1",-0.448781667977528,1,0.649550283067647,2,0.604210103654384
"SMIM7","Bin_2",-1.00555266209833,2,1.94865084920294,2,0.604210103654384
"SMIM7","Bin_3",-1.62955233506327,3,3.24775141533823,2,0.604210103654384
"SMIM7","Bin_4",-0.2923328452253,4,4.54685198147353,2,0.604210103654384
"SMIM7","Bin_5",-1.40020485358783,5,5.84595254760882,2,0.604210103654384
"SMIM7","Bin_6",-0.53352828720572,6,7.14505311374411,2,0.604210103654384
"SMIM7","Bin_7",-1.38631979956492,7,8.4441536798794,2,0.604210103654384
"SMIM7","Bin_8",-1.3930903198739,8,9.7432542460147,2,0.604210103654384
"SMIM7","Bin_9",-0.290663849053146,9,11.04235481215,2,0.604210103654384
"SMIM7","Bin_10",-0.0387001047486808,10,12.3414553782853,2,0.604210103654384
"SMIM7","Bin_11",0.486808610640208,11,13.6405559444206,2,0.604210103654384
"SMIM7","Bin_12",-0.0836676108256653,12,14.9396565105559,2,0.604210103654384
"SMIM7","Bin_13",0.685727017735719,13,16.2387570766912,2,0.604210103654384
"SMIM7","Bin_14",0.935708597122923,14,17.5378576428265,2,0.604210103654384
"SMIM7","Bin_15",0.577685814558184,15,18.8369582089617,2,0.604210103654384
"SMIM7","Bin_16",0.868856429037553,16,20.136058775097,2,0.604210103654384
"SMIM7","Bin_17",1.04181804603791,17,21.4351593412323,2,0.604210103654384
"SMIM7","Bin_18",1.29047831265022,18,22.7342599073676,2,0.604210103654384
"SMIM7","Bin_19",1.2644502854721,19,24.0333604735029,2,0.604210103654384
"SMIM7","Bin_20",1.35086122196947,20,25.3324610396382,2,0.604210103654384
"RBM17","Bin_1",-1.22595698779385,1,0.649550283067647,2,0.678712889088142
"RBM17","Bin_2",-1.303134584707,2,1.94865084920294,2,0.678712889088142
"RBM17","Bin_3",-1.23777269782852,3,3.24775141533823,2,0.678712889088142
"RBM17","Bin_4",-1.0288592788047,4,4.54685198147353,2,0.678712889088142
"RBM17","Bin_5",-1.49482240976506,5,5.84595254760882,2,0.678712889088142
"RBM17","Bin_6",-1.02452111177692,6,7.14505311374411,2,0.678712889088142
"RBM17","Bin_7",-0.672671661556685,7,8.4441536798794,2,0.678712889088142
"RBM17","Bin_8",-0.998947988520813,8,9.7432542460147,2,0.678712889088142
"RBM17","Bin_9",0.983371307372121,9,11.04235481215,2,0.678712889088142
"RBM17","Bin_10",1.39786554730126,10,12.3414553782853,2,0.678712889088142
"RBM17","Bin_11",1.20553376098604,11,13.6405559444206,2,0.678712889088142
"RBM17","Bin_12",0.790722795271207,12,14.9396565105559,2,0.678712889088142
"RBM17","Bin_13",0.473428182058926,13,16.2387570766912,2,0.678712889088142
"RBM17","Bin_14",0.0419900569356905,14,17.5378576428265,2,0.678712889088142
"RBM17","Bin_15",0.321852514896206,15,18.8369582089617,2,0.678712889088142
"RBM17","Bin_16",0.554389280751073,16,20.136058775097,2,0.678712889088142
"RBM17","Bin_17",0.526427652176544,17,21.4351593412323,2,0.678712889088142
"RBM17","Bin_18",0.586625956548405,18,22.7342599073676,2,0.678712889088142
"RBM17","Bin_19",1.08058158713501,19,24.0333604735029,2,0.678712889088142
"RBM17","Bin_20",1.02389807932107,20,25.3324610396382,2,0.678712889088142
"PCBP2","Bin_1",0.0912566082314477,1,0.649550283067647,2,0.608150813572609
"PCBP2","Bin_2",-0.536570743411875,2,1.94865084920294,2,0.608150813572609
"PCBP2","Bin_3",-0.711780442102752,3,3.24775141533823,2,0.608150813572609
"PCBP2","Bin_4",-1.65681638764093,4,4.54685198147353,2,0.608150813572609
"PCBP2","Bin_5",-2.1632773712531,5,5.84595254760882,2,0.608150813572609
"PCBP2","Bin_6",-0.678843780194085,6,7.14505311374411,2,0.608150813572609
"PCBP2","Bin_7",-1.09866646743187,7,8.4441536798794,2,0.608150813572609
"PCBP2","Bin_8",-1.60176998226455,8,9.7432542460147,2,0.608150813572609
"PCBP2","Bin_9",0.450464785716688,9,11.04235481215,2,0.608150813572609
"PCBP2","Bin_10",0.617278148391557,10,12.3414553782853,2,0.608150813572609
"PCBP2","Bin_11",0.802597534299579,11,13.6405559444206,2,0.608150813572609
"PCBP2","Bin_12",0.50570679873442,12,14.9396565105559,2,0.608150813572609
"PCBP2","Bin_13",0.575761495812724,13,16.2387570766912,2,0.608150813572609
"PCBP2","Bin_14",0.625503759282615,14,17.5378576428265,2,0.608150813572609
"PCBP2","Bin_15",0.487056410174273,15,18.8369582089617,2,0.608150813572609
"PCBP2","Bin_16",0.529781350388325,16,20.136058775097,2,0.608150813572609
"PCBP2","Bin_17",0.637957809751241,17,21.4351593412323,2,0.608150813572609
"PCBP2","Bin_18",0.731038558028702,18,22.7342599073676,2,0.608150813572609
"PCBP2","Bin_19",1.13012050293807,19,24.0333604735029,2,0.608150813572609
"PCBP2","Bin_20",1.2632014125495,20,25.3324610396382,2,0.608150813572609
"RTRAF","Bin_1",0.0732215598334958,1,0.649550283067647,2,0.628979247764037
"RTRAF","Bin_2",-0.747461131356676,2,1.94865084920294,2,0.628979247764037
"RTRAF","Bin_3",-0.838637722294624,3,3.24775141533823,2,0.628979247764037
"RTRAF","Bin_4",-0.607584135037191,4,4.54685198147353,2,0.628979247764037
"RTRAF","Bin_5",-1.07796459997252,5,5.84595254760882,2,0.628979247764037
"RTRAF","Bin_6",-2.17393376902533,6,7.14505311374411,2,0.628979247764037
"RTRAF","Bin_7",-1.69013986575659,7,8.4441536798794,2,0.628979247764037
"RTRAF","Bin_8",-1.44960427295554,8,9.7432542460147,2,0.628979247764037
"RTRAF","Bin_9",0.405107567414501,9,11.04235481215,2,0.628979247764037
"RTRAF","Bin_10",0.728038486463752,10,12.3414553782853,2,0.628979247764037
"RTRAF","Bin_11",0.708312117283059,11,13.6405559444206,2,0.628979247764037
"RTRAF","Bin_12",0.584023431239067,12,14.9396565105559,2,0.628979247764037
"RTRAF","Bin_13",0.698272892112061,13,16.2387570766912,2,0.628979247764037
"RTRAF","Bin_14",0.57176727816683,14,17.5378576428265,2,0.628979247764037
"RTRAF","Bin_15",0.597066153937667,15,18.8369582089617,2,0.628979247764037
"RTRAF","Bin_16",0.457323342215425,16,20.136058775097,2,0.628979247764037
"RTRAF","Bin_17",0.827371634837217,17,21.4351593412323,2,0.628979247764037
"RTRAF","Bin_18",1.01059894241299,18,22.7342599073676,2,0.628979247764037
"RTRAF","Bin_19",1.10925258810068,19,24.0333604735029,2,0.628979247764037
"RTRAF","Bin_20",0.814969502381719,20,25.3324610396382,2,0.628979247764037
"PSIP1","Bin_1",-1.25265418438391,1,0.649550283067647,2,0.693436251855329
"PSIP1","Bin_2",-1.28198138115318,2,1.94865084920294,2,0.693436251855329
"PSIP1","Bin_3",-1.35537214485148,3,3.24775141533823,2,0.693436251855329
"PSIP1","Bin_4",-0.786152253184235,4,4.54685198147353,2,0.693436251855329
"PSIP1","Bin_5",-1.12937805360538,5,5.84595254760882,2,0.693436251855329
"PSIP1","Bin_6",-1.75683082645942,6,7.14505311374411,2,0.693436251855329
"PSIP1","Bin_7",-0.777017453762502,7,8.4441536798794,2,0.693436251855329
"PSIP1","Bin_8",-0.550861346572717,8,9.7432542460147,2,0.693436251855329
"PSIP1","Bin_9",0.384470126038496,9,11.04235481215,2,0.693436251855329
"PSIP1","Bin_10",1.05736422125477,10,12.3414553782853,2,0.693436251855329
"PSIP1","Bin_11",1.34199576611802,11,13.6405559444206,2,0.693436251855329
"PSIP1","Bin_12",0.393983005500844,12,14.9396565105559,2,0.693436251855329
"PSIP1","Bin_13",0.78433650404328,13,16.2387570766912,2,0.693436251855329
"PSIP1","Bin_14",0.538584295269089,14,17.5378576428265,2,0.693436251855329
"PSIP1","Bin_15",0.336976181723792,15,18.8369582089617,2,0.693436251855329
"PSIP1","Bin_16",0.756553388375902,16,20.136058775097,2,0.693436251855329
"PSIP1","Bin_17",0.629259391462258,17,21.4351593412323,2,0.693436251855329
"PSIP1","Bin_18",0.330038680513825,18,22.7342599073676,2,0.693436251855329
"PSIP1","Bin_19",1.08168192127345,19,24.0333604735029,2,0.693436251855329
"PSIP1","Bin_20",1.25500416239909,20,25.3324610396382,2,0.693436251855329
"YEATS4","Bin_1",-0.42061362716548,1,0.649550283067647,2,0.692701894608423
"YEATS4","Bin_2",-1.1474284321777,2,1.94865084920294,2,0.692701894608423
"YEATS4","Bin_3",-1.13841955640635,3,3.24775141533823,2,0.692701894608423
"YEATS4","Bin_4",-1.25383128363751,4,4.54685198147353,2,0.692701894608423
"YEATS4","Bin_5",-1.29200867980196,5,5.84595254760882,2,0.692701894608423
"YEATS4","Bin_6",-1.66583965962353,6,7.14505311374411,2,0.692701894608423
"YEATS4","Bin_7",-1.32870553110524,7,8.4441536798794,2,0.692701894608423
"YEATS4","Bin_8",-0.581935037566694,8,9.7432542460147,2,0.692701894608423
"YEATS4","Bin_9",0.0264284640390186,9,11.04235481215,2,0.692701894608423
"YEATS4","Bin_10",1.04339703386751,10,12.3414553782853,2,0.692701894608423
"YEATS4","Bin_11",0.940601325385547,11,13.6405559444206,2,0.692701894608423
"YEATS4","Bin_12",0.305951371842103,12,14.9396565105559,2,0.692701894608423
"YEATS4","Bin_13",0.624208475469018,13,16.2387570766912,2,0.692701894608423
"YEATS4","Bin_14",0.733752922832095,14,17.5378576428265,2,0.692701894608423
"YEATS4","Bin_15",0.454517210823155,15,18.8369582089617,2,0.692701894608423
"YEATS4","Bin_16",1.24437218679083,16,20.136058775097,2,0.692701894608423
"YEATS4","Bin_17",0.697404909963049,17,21.4351593412323,2,0.692701894608423
"YEATS4","Bin_18",0.487996965179069,18,22.7342599073676,2,0.692701894608423
"YEATS4","Bin_19",0.997439377632839,19,24.0333604735029,2,0.692701894608423
"YEATS4","Bin_20",1.27271156366024,20,25.3324610396382,2,0.692701894608423
"NAP1L1","Bin_1",-0.498325065772348,1,0.649550283067647,2,0.648800431730163
"NAP1L1","Bin_2",-0.850734182955904,2,1.94865084920294,2,0.648800431730163
"NAP1L1","Bin_3",-0.672160952484641,3,3.24775141533823,2,0.648800431730163
"NAP1L1","Bin_4",-1.32248240115291,4,4.54685198147353,2,0.648800431730163
"NAP1L1","Bin_5",-1.73947608929789,5,5.84595254760882,2,0.648800431730163
"NAP1L1","Bin_6",-1.69082639128965,6,7.14505311374411,2,0.648800431730163
"NAP1L1","Bin_7",-1.12423120649969,7,8.4441536798794,2,0.648800431730163
"NAP1L1","Bin_8",-1.10242639769633,8,9.7432542460147,2,0.648800431730163
"NAP1L1","Bin_9",0.812564993092638,9,11.04235481215,2,0.648800431730163
"NAP1L1","Bin_10",1.04824782722585,10,12.3414553782853,2,0.648800431730163
"NAP1L1","Bin_11",0.691842128800359,11,13.6405559444206,2,0.648800431730163
"NAP1L1","Bin_12",0.66247383985635,12,14.9396565105559,2,0.648800431730163
"NAP1L1","Bin_13",1.12573153122574,13,16.2387570766912,2,0.648800431730163
"NAP1L1","Bin_14",1.08774378179211,14,17.5378576428265,2,0.648800431730163
"NAP1L1","Bin_15",0.663790331589335,15,18.8369582089617,2,0.648800431730163
"NAP1L1","Bin_16",0.473162316448965,16,20.136058775097,2,0.648800431730163
"NAP1L1","Bin_17",0.319323872545539,17,21.4351593412323,2,0.648800431730163
"NAP1L1","Bin_18",0.482213559861638,18,22.7342599073676,2,0.648800431730163
"NAP1L1","Bin_19",0.778565554333148,19,24.0333604735029,2,0.648800431730163
"NAP1L1","Bin_20",0.855002950377684,20,25.3324610396382,2,0.648800431730163
"NOP10","Bin_1",-0.187299404790299,1,0.649550283067647,2,0.689544283776438
"NOP10","Bin_2",-0.872505750697112,2,1.94865084920294,2,0.689544283776438
"NOP10","Bin_3",-1.26259940483511,3,3.24775141533823,2,0.689544283776438
"NOP10","Bin_4",-0.937277406660636,4,4.54685198147353,2,0.689544283776438
"NOP10","Bin_5",-1.41939472369666,5,5.84595254760882,2,0.689544283776438
"NOP10","Bin_6",-1.59957847913747,6,7.14505311374411,2,0.689544283776438
"NOP10","Bin_7",-1.80060073926355,7,8.4441536798794,2,0.689544283776438
"NOP10","Bin_8",-0.880125284607454,8,9.7432542460147,2,0.689544283776438
"NOP10","Bin_9",0.720581194753444,9,11.04235481215,2,0.689544283776438
"NOP10","Bin_10",0.937810165707622,10,12.3414553782853,2,0.689544283776438
"NOP10","Bin_11",0.896981816925091,11,13.6405559444206,2,0.689544283776438
"NOP10","Bin_12",0.744172174991602,12,14.9396565105559,2,0.689544283776438
"NOP10","Bin_13",0.434898999799807,13,16.2387570766912,2,0.689544283776438
"NOP10","Bin_14",0.403942718903774,14,17.5378576428265,2,0.689544283776438
"NOP10","Bin_15",0.471688635812976,15,18.8369582089617,2,0.689544283776438
"NOP10","Bin_16",0.821255552790617,16,20.136058775097,2,0.689544283776438
"NOP10","Bin_17",0.752568694771545,17,21.4351593412323,2,0.689544283776438
"NOP10","Bin_18",0.941764596008058,18,22.7342599073676,2,0.689544283776438
"NOP10","Bin_19",0.916557848752436,19,24.0333604735029,2,0.689544283776438
"NOP10","Bin_20",0.917158794471321,20,25.3324610396382,2,0.689544283776438
"HSF1","Bin_1",-0.939699324026558,1,0.649550283067647,2,0.693490271734087
"HSF1","Bin_2",-0.970222767461568,2,1.94865084920294,2,0.693490271734087
"HSF1","Bin_3",-0.670812214154029,3,3.24775141533823,2,0.693490271734087
"HSF1","Bin_4",-0.970514140644104,4,4.54685198147353,2,0.693490271734087
"HSF1","Bin_5",-1.4334217796673,5,5.84595254760882,2,0.693490271734087
"HSF1","Bin_6",-1.78994592864849,6,7.14505311374411,2,0.693490271734087
"HSF1","Bin_7",-1.0239699859918,7,8.4441536798794,2,0.693490271734087
"HSF1","Bin_8",-0.973088634060036,8,9.7432542460147,2,0.693490271734087
"HSF1","Bin_9",0.284768840375997,9,11.04235481215,2,0.693490271734087
"HSF1","Bin_10",1.01890111954856,10,12.3414553782853,2,0.693490271734087
"HSF1","Bin_11",1.09780703868363,11,13.6405559444206,2,0.693490271734087
"HSF1","Bin_12",0.535190394319398,12,14.9396565105559,2,0.693490271734087
"HSF1","Bin_13",0.189107471112166,13,16.2387570766912,2,0.693490271734087
"HSF1","Bin_14",0.104371998105972,14,17.5378576428265,2,0.693490271734087
"HSF1","Bin_15",0.29839629455869,15,18.8369582089617,2,0.693490271734087
"HSF1","Bin_16",0.736986214922222,16,20.136058775097,2,0.693490271734087
"HSF1","Bin_17",1.24627148214194,17,21.4351593412323,2,0.693490271734087
"HSF1","Bin_18",0.844673014484259,18,22.7342599073676,2,0.693490271734087
"HSF1","Bin_19",1.03914132307474,19,24.0333604735029,2,0.693490271734087
"HSF1","Bin_20",1.37605958332629,20,25.3324610396382,2,0.693490271734087
"SAP18","Bin_1",-0.0768478280095306,1,0.649550283067647,2,0.664832768338693
"SAP18","Bin_2",-0.582603329121807,2,1.94865084920294,2,0.664832768338693
"SAP18","Bin_3",-0.826779080496277,3,3.24775141533823,2,0.664832768338693
"SAP18","Bin_4",-1.49917824683219,4,4.54685198147353,2,0.664832768338693
"SAP18","Bin_5",-1.7644948462318,5,5.84595254760882,2,0.664832768338693
"SAP18","Bin_6",-1.36763731973143,6,7.14505311374411,2,0.664832768338693
"SAP18","Bin_7",-1.46598073982368,7,8.4441536798794,2,0.664832768338693
"SAP18","Bin_8",-1.25065427603327,8,9.7432542460147,2,0.664832768338693
"SAP18","Bin_9",0.555750428345881,9,11.04235481215,2,0.664832768338693
"SAP18","Bin_10",0.990411874602609,10,12.3414553782853,2,0.664832768338693
"SAP18","Bin_11",0.952475926839718,11,13.6405559444206,2,0.664832768338693
"SAP18","Bin_12",0.712463943068123,12,14.9396565105559,2,0.664832768338693
"SAP18","Bin_13",0.623094471962548,13,16.2387570766912,2,0.664832768338693
"SAP18","Bin_14",0.39450730373645,14,17.5378576428265,2,0.664832768338693
"SAP18","Bin_15",0.581860030565286,15,18.8369582089617,2,0.664832768338693
"SAP18","Bin_16",0.46506783615614,16,20.136058775097,2,0.664832768338693
"SAP18","Bin_17",0.775294094852466,17,21.4351593412323,2,0.664832768338693
"SAP18","Bin_18",0.771849061542848,18,22.7342599073676,2,0.664832768338693
"SAP18","Bin_19",0.964230640118696,19,24.0333604735029,2,0.664832768338693
"SAP18","Bin_20",1.04717005448922,20,25.3324610396382,2,0.664832768338693
"SERTAD4","Bin_1",-1.14309783103059,1,0.649550283067647,2,0.566319471778973
"SERTAD4","Bin_2",-1.02213544065074,2,1.94865084920294,2,0.566319471778973
"SERTAD4","Bin_3",-1.13353788686218,3,3.24775141533823,2,0.566319471778973
"SERTAD4","Bin_4",-0.663146976157612,4,4.54685198147353,2,0.566319471778973
"SERTAD4","Bin_5",-1.30022444037801,5,5.84595254760882,2,0.566319471778973
"SERTAD4","Bin_6",-0.799384530647314,6,7.14505311374411,2,0.566319471778973
"SERTAD4","Bin_7",-0.770393740247722,7,8.4441536798794,2,0.566319471778973
"SERTAD4","Bin_8",-0.957787701545328,8,9.7432542460147,2,0.566319471778973
"SERTAD4","Bin_9",-0.635562147467116,9,11.04235481215,2,0.566319471778973
"SERTAD4","Bin_10",-0.324804965420921,10,12.3414553782853,2,0.566319471778973
"SERTAD4","Bin_11",0.700664729453254,11,13.6405559444206,2,0.566319471778973
"SERTAD4","Bin_12",-0.31574100105612,12,14.9396565105559,2,0.566319471778973
"SERTAD4","Bin_13",0.534135309111115,13,16.2387570766912,2,0.566319471778973
"SERTAD4","Bin_14",1.66241003010455,14,17.5378576428265,2,0.566319471778973
"SERTAD4","Bin_15",0.694318818955704,15,18.8369582089617,2,0.566319471778973
"SERTAD4","Bin_16",1.06297722641052,16,20.136058775097,2,0.566319471778973
"SERTAD4","Bin_17",1.24703029627195,17,21.4351593412323,2,0.566319471778973
"SERTAD4","Bin_18",1.46671010070603,18,22.7342599073676,2,0.566319471778973
"SERTAD4","Bin_19",0.552754388015486,19,24.0333604735029,2,0.566319471778973
"SERTAD4","Bin_20",1.14481576243505,20,25.3324610396382,2,0.566319471778973
"PPP4C","Bin_1",-0.430201002560193,1,0.649550283067647,2,0.670661861174343
"PPP4C","Bin_2",-1.17240922794278,2,1.94865084920294,2,0.670661861174343
"PPP4C","Bin_3",-1.47829162676148,3,3.24775141533823,2,0.670661861174343
"PPP4C","Bin_4",-1.0740621108183,4,4.54685198147353,2,0.670661861174343
"PPP4C","Bin_5",-1.51808254292243,5,5.84595254760882,2,0.670661861174343
"PPP4C","Bin_6",-0.706460275544047,6,7.14505311374411,2,0.670661861174343
"PPP4C","Bin_7",-1.57408027590244,7,8.4441536798794,2,0.670661861174343
"PPP4C","Bin_8",-1.01405367344552,8,9.7432542460147,2,0.670661861174343
"PPP4C","Bin_9",0.954057576958945,9,11.04235481215,2,0.670661861174343
"PPP4C","Bin_10",1.20596813724361,10,12.3414553782853,2,0.670661861174343
"PPP4C","Bin_11",1.12215105813985,11,13.6405559444206,2,0.670661861174343
"PPP4C","Bin_12",0.640488275894458,12,14.9396565105559,2,0.670661861174343
"PPP4C","Bin_13",0.673806699198798,13,16.2387570766912,2,0.670661861174343
"PPP4C","Bin_14",0.373924634074806,14,17.5378576428265,2,0.670661861174343
"PPP4C","Bin_15",0.46542826243317,15,18.8369582089617,2,0.670661861174343
"PPP4C","Bin_16",0.398368606520883,16,20.136058775097,2,0.670661861174343
"PPP4C","Bin_17",0.423179477938952,17,21.4351593412323,2,0.670661861174343
"PPP4C","Bin_18",0.577226989893502,18,22.7342599073676,2,0.670661861174343
"PPP4C","Bin_19",1.04062995550187,19,24.0333604735029,2,0.670661861174343
"PPP4C","Bin_20",1.09241106209834,20,25.3324610396382,2,0.670661861174343
"ANKRD35","Bin_1",-0.474812595369859,1,0.649550283067647,2,0.609156912016813
"ANKRD35","Bin_2",-0.714336125401856,2,1.94865084920294,2,0.609156912016813
"ANKRD35","Bin_3",-1.06349746006519,3,3.24775141533823,2,0.609156912016813
"ANKRD35","Bin_4",-1.22570370239921,4,4.54685198147353,2,0.609156912016813
"ANKRD35","Bin_5",-1.2824081075954,5,5.84595254760882,2,0.609156912016813
"ANKRD35","Bin_6",-1.38027553900668,6,7.14505311374411,2,0.609156912016813
"ANKRD35","Bin_7",-0.117086677841687,7,8.4441536798794,2,0.609156912016813
"ANKRD35","Bin_8",-1.38027553900668,8,9.7432542460147,2,0.609156912016813
"ANKRD35","Bin_9",-0.0951665953625964,9,11.04235481215,2,0.609156912016813
"ANKRD35","Bin_10",-0.0604857630529986,10,12.3414553782853,2,0.609156912016813
"ANKRD35","Bin_11",0.208500329041383,11,13.6405559444206,2,0.609156912016813
"ANKRD35","Bin_12",-0.0653199276659538,12,14.9396565105559,2,0.609156912016813
"ANKRD35","Bin_13",0.413304669358011,13,16.2387570766912,2,0.609156912016813
"ANKRD35","Bin_14",0.457985777208833,14,17.5378576428265,2,0.609156912016813
"ANKRD35","Bin_15",0.531070878692418,15,18.8369582089617,2,0.609156912016813
"ANKRD35","Bin_16",0.306673709861287,16,20.136058775097,2,0.609156912016813
"ANKRD35","Bin_17",1.10850739616079,17,21.4351593412323,2,0.609156912016813
"ANKRD35","Bin_18",1.82747623599191,18,22.7342599073676,2,0.609156912016813
"ANKRD35","Bin_19",1.8629010490707,19,24.0333604735029,2,0.609156912016813
"ANKRD35","Bin_20",1.14294798738278,20,25.3324610396382,2,0.609156912016813
"NIPSNAP3A","Bin_1",-1.13522155695968,1,0.649550283067647,2,0.634521225008268
"NIPSNAP3A","Bin_2",-1.35963418342995,2,1.94865084920294,2,0.634521225008268
"NIPSNAP3A","Bin_3",-1.42711617904998,3,3.24775141533823,2,0.634521225008268
"NIPSNAP3A","Bin_4",-1.17490308260877,4,4.54685198147353,2,0.634521225008268
"NIPSNAP3A","Bin_5",-1.23395197421963,5,5.84595254760882,2,0.634521225008268
"NIPSNAP3A","Bin_6",0.0967555795740387,6,7.14505311374411,2,0.634521225008268
"NIPSNAP3A","Bin_7",-1.26770889849996,7,8.4441536798794,2,0.634521225008268
"NIPSNAP3A","Bin_8",-1.07168010777448,8,9.7432542460147,2,0.634521225008268
"NIPSNAP3A","Bin_9",0.545519652578864,9,11.04235481215,2,0.634521225008268
"NIPSNAP3A","Bin_10",1.13207805850694,10,12.3414553782853,2,0.634521225008268
"NIPSNAP3A","Bin_11",1.06846988151699,11,13.6405559444206,2,0.634521225008268
"NIPSNAP3A","Bin_12",0.735911402702444,12,14.9396565105559,2,0.634521225008268
"NIPSNAP3A","Bin_13",0.659568547988811,13,16.2387570766912,2,0.634521225008268
"NIPSNAP3A","Bin_14",0.163847235627813,14,17.5378576428265,2,0.634521225008268
"NIPSNAP3A","Bin_15",0.12416265127982,15,18.8369582089617,2,0.634521225008268
"NIPSNAP3A","Bin_16",0.214626109054208,16,20.136058775097,2,0.634521225008268
"NIPSNAP3A","Bin_17",0.583979898572966,17,21.4351593412323,2,0.634521225008268
"NIPSNAP3A","Bin_18",0.782510710997051,18,22.7342599073676,2,0.634521225008268
"NIPSNAP3A","Bin_19",1.02159474924107,19,24.0333604735029,2,0.634521225008268
"NIPSNAP3A","Bin_20",1.54119150490144,20,25.3324610396382,2,0.634521225008268
"PSMD2","Bin_1",-1.46279469765079,1,0.649550283067647,2,0.671784731818816
"PSMD2","Bin_2",-1.30116667354319,2,1.94865084920294,2,0.671784731818816
"PSMD2","Bin_3",-1.40083837543387,3,3.24775141533823,2,0.671784731818816
"PSMD2","Bin_4",-0.72669701363323,4,4.54685198147353,2,0.671784731818816
"PSMD2","Bin_5",-1.2684357429263,5,5.84595254760882,2,0.671784731818816
"PSMD2","Bin_6",-1.65192357303621,6,7.14505311374411,2,0.671784731818816
"PSMD2","Bin_7",-0.48492219519053,7,8.4441536798794,2,0.671784731818816
"PSMD2","Bin_8",-0.178067594983635,8,9.7432542460147,2,0.671784731818816
"PSMD2","Bin_9",1.04506537596802,9,11.04235481215,2,0.671784731818816
"PSMD2","Bin_10",1.24361390532151,10,12.3414553782853,2,0.671784731818816
"PSMD2","Bin_11",0.948260590396939,11,13.6405559444206,2,0.671784731818816
"PSMD2","Bin_12",0.303489522280769,12,14.9396565105559,2,0.671784731818816
"PSMD2","Bin_13",0.576539272599082,13,16.2387570766912,2,0.671784731818816
"PSMD2","Bin_14",0.177689627528473,14,17.5378576428265,2,0.671784731818816
"PSMD2","Bin_15",0.129294721227812,15,18.8369582089617,2,0.671784731818816
"PSMD2","Bin_16",0.47682550129118,16,20.136058775097,2,0.671784731818816
"PSMD2","Bin_17",0.444045991254414,17,21.4351593412323,2,0.671784731818816
"PSMD2","Bin_18",0.548485943666943,18,22.7342599073676,2,0.671784731818816
"PSMD2","Bin_19",1.24687202095549,19,24.0333604735029,2,0.671784731818816
"PSMD2","Bin_20",1.33466339390713,20,25.3324610396382,2,0.671784731818816
"LAMTOR5","Bin_1",-0.254151973198927,1,0.649550283067647,2,0.670818889195093
"LAMTOR5","Bin_2",-1.06814960407217,2,1.94865084920294,2,0.670818889195093
"LAMTOR5","Bin_3",-1.33317211949794,3,3.24775141533823,2,0.670818889195093
"LAMTOR5","Bin_4",-0.636194320699441,4,4.54685198147353,2,0.670818889195093
"LAMTOR5","Bin_5",-0.942157751796644,5,5.84595254760882,2,0.670818889195093
"LAMTOR5","Bin_6",-1.61202486692186,6,7.14505311374411,2,0.670818889195093
"LAMTOR5","Bin_7",-1.6714072482102,7,8.4441536798794,2,0.670818889195093
"LAMTOR5","Bin_8",-1.47480612472743,8,9.7432542460147,2,0.670818889195093
"LAMTOR5","Bin_9",0.787960458180499,9,11.04235481215,2,0.670818889195093
"LAMTOR5","Bin_10",0.857850579205418,10,12.3414553782853,2,0.670818889195093
"LAMTOR5","Bin_11",0.743845730571119,11,13.6405559444206,2,0.670818889195093
"LAMTOR5","Bin_12",0.720706574549605,12,14.9396565105559,2,0.670818889195093
"LAMTOR5","Bin_13",0.56265701209186,13,16.2387570766912,2,0.670818889195093
"LAMTOR5","Bin_14",0.278341069161485,14,17.5378576428265,2,0.670818889195093
"LAMTOR5","Bin_15",0.613068742646478,15,18.8369582089617,2,0.670818889195093
"LAMTOR5","Bin_16",0.728886021973592,16,20.136058775097,2,0.670818889195093
"LAMTOR5","Bin_17",0.857087118677363,17,21.4351593412323,2,0.670818889195093
"LAMTOR5","Bin_18",0.930697394699518,18,22.7342599073676,2,0.670818889195093
"LAMTOR5","Bin_19",0.950658792760422,19,24.0333604735029,2,0.670818889195093
"LAMTOR5","Bin_20",0.960304514607253,20,25.3324610396382,2,0.670818889195093
"SUMO3","Bin_1",-1.00468608635711,1,0.649550283067647,2,0.665441178208192
"SUMO3","Bin_2",-1.37250495662811,2,1.94865084920294,2,0.665441178208192
"SUMO3","Bin_3",-1.31422155633138,3,3.24775141533823,2,0.665441178208192
"SUMO3","Bin_4",-0.759438293815344,4,4.54685198147353,2,0.665441178208192
"SUMO3","Bin_5",-1.03727802724651,5,5.84595254760882,2,0.665441178208192
"SUMO3","Bin_6",-2.18051188052983,6,7.14505311374411,2,0.665441178208192
"SUMO3","Bin_7",-0.766402432031924,7,8.4441536798794,2,0.665441178208192
"SUMO3","Bin_8",0.218848812276523,8,9.7432542460147,2,0.665441178208192
"SUMO3","Bin_9",0.734187074117089,9,11.04235481215,2,0.665441178208192
"SUMO3","Bin_10",1.25065683887469,10,12.3414553782853,2,0.665441178208192
"SUMO3","Bin_11",1.10856556363557,11,13.6405559444206,2,0.665441178208192
"SUMO3","Bin_12",0.666034449823723,12,14.9396565105559,2,0.665441178208192
"SUMO3","Bin_13",0.25963330018413,13,16.2387570766912,2,0.665441178208192
"SUMO3","Bin_14",-0.0328876689498948,14,17.5378576428265,2,0.665441178208192
"SUMO3","Bin_15",0.367953055197214,15,18.8369582089617,2,0.665441178208192
"SUMO3","Bin_16",0.428781919913284,16,20.136058775097,2,0.665441178208192
"SUMO3","Bin_17",0.591528690276911,17,21.4351593412323,2,0.665441178208192
"SUMO3","Bin_18",0.670560199213503,18,22.7342599073676,2,0.665441178208192
"SUMO3","Bin_19",0.993210369931423,19,24.0333604735029,2,0.665441178208192
"SUMO3","Bin_20",1.17797062844604,20,25.3324610396382,2,0.665441178208192
"RBX1","Bin_1",-0.482347551242286,1,0.649550283067647,2,0.604657599594532
"RBX1","Bin_2",-1.21591439213296,2,1.94865084920294,2,0.604657599594532
"RBX1","Bin_3",-1.25500673376779,3,3.24775141533823,2,0.604657599594532
"RBX1","Bin_4",0.0252309780379692,4,4.54685198147353,2,0.604657599594532
"RBX1","Bin_5",-0.765620060523924,5,5.84595254760882,2,0.604657599594532
"RBX1","Bin_6",-1.05277278075332,6,7.14505311374411,2,0.604657599594532
"RBX1","Bin_7",-1.9129655483892,7,8.4441536798794,2,0.604657599594532
"RBX1","Bin_8",-1.12596321618027,8,9.7432542460147,2,0.604657599594532
"RBX1","Bin_9",0.472027655388874,9,11.04235481215,2,0.604657599594532
"RBX1","Bin_10",0.492048825539887,10,12.3414553782853,2,0.604657599594532
"RBX1","Bin_11",0.469974425107327,11,13.6405559444206,2,0.604657599594532
"RBX1","Bin_12",0.207271777870046,12,14.9396565105559,2,0.604657599594532
"RBX1","Bin_13",0.172695670588744,13,16.2387570766912,2,0.604657599594532
"RBX1","Bin_14",0.01223134672617,14,17.5378576428265,2,0.604657599594532
"RBX1","Bin_15",0.0677531740072259,15,18.8369582089617,2,0.604657599594532
"RBX1","Bin_16",0.226188609153181,16,20.136058775097,2,0.604657599594532
"RBX1","Bin_17",1.12914399444211,17,21.4351593412323,2,0.604657599594532
"RBX1","Bin_18",1.20355824765402,18,22.7342599073676,2,0.604657599594532
"RBX1","Bin_19",1.64607525430421,19,24.0333604735029,2,0.604657599594532
"RBX1","Bin_20",1.68639032416999,20,25.3324610396382,2,0.604657599594532
"LSM4","Bin_1",-0.915425260734771,1,0.649550283067647,2,0.665041226503161
"LSM4","Bin_2",-1.39943151410122,2,1.94865084920294,2,0.665041226503161
"LSM4","Bin_3",-1.52554892104687,3,3.24775141533823,2,0.665041226503161
"LSM4","Bin_4",-0.0198667875618802,4,4.54685198147353,2,0.665041226503161
"LSM4","Bin_5",-0.973843247552095,5,5.84595254760882,2,0.665041226503161
"LSM4","Bin_6",-1.56993329763978,6,7.14505311374411,2,0.665041226503161
"LSM4","Bin_7",-1.60768581038967,7,8.4441536798794,2,0.665041226503161
"LSM4","Bin_8",-0.723258088969549,8,9.7432542460147,2,0.665041226503161
"LSM4","Bin_9",0.291380874304407,9,11.04235481215,2,0.665041226503161
"LSM4","Bin_10",0.818598409523909,10,12.3414553782853,2,0.665041226503161
"LSM4","Bin_11",1.09473468593425,11,13.6405559444206,2,0.665041226503161
"LSM4","Bin_12",0.318580829309717,12,14.9396565105559,2,0.665041226503161
"LSM4","Bin_13",0.734105977216868,13,16.2387570766912,2,0.665041226503161
"LSM4","Bin_14",0.612472778982789,14,17.5378576428265,2,0.665041226503161
"LSM4","Bin_15",0.458930442176809,15,18.8369582089617,2,0.665041226503161
"LSM4","Bin_16",0.791183622261585,16,20.136058775097,2,0.665041226503161
"LSM4","Bin_17",0.680671480653291,17,21.4351593412323,2,0.665041226503161
"LSM4","Bin_18",0.703824851651574,18,22.7342599073676,2,0.665041226503161
"LSM4","Bin_19",0.888052676626745,19,24.0333604735029,2,0.665041226503161
"LSM4","Bin_20",1.34245629935389,20,25.3324610396382,2,0.665041226503161
"PSENEN","Bin_1",0.163945217083713,1,0.649550283067647,2,0.670078634061277
"PSENEN","Bin_2",-1.14551358262425,2,1.94865084920294,2,0.670078634061277
"PSENEN","Bin_3",-1.25185095271137,3,3.24775141533823,2,0.670078634061277
"PSENEN","Bin_4",-1.24204834387604,4,4.54685198147353,2,0.670078634061277
"PSENEN","Bin_5",-1.80351535839597,5,5.84595254760882,2,0.670078634061277
"PSENEN","Bin_6",-1.3618162428732,6,7.14505311374411,2,0.670078634061277
"PSENEN","Bin_7",-0.582284528342952,7,8.4441536798794,2,0.670078634061277
"PSENEN","Bin_8",-1.22783005650672,8,9.7432542460147,2,0.670078634061277
"PSENEN","Bin_9",0.0553723074459916,9,11.04235481215,2,0.670078634061277
"PSENEN","Bin_10",1.15037099069335,10,12.3414553782853,2,0.670078634061277
"PSENEN","Bin_11",0.883658776029849,11,13.6405559444206,2,0.670078634061277
"PSENEN","Bin_12",0.774790105483029,12,14.9396565105559,2,0.670078634061277
"PSENEN","Bin_13",0.35099622770655,13,16.2387570766912,2,0.670078634061277
"PSENEN","Bin_14",0.147118899953215,14,17.5378576428265,2,0.670078634061277
"PSENEN","Bin_15",0.568209968046352,15,18.8369582089617,2,0.670078634061277
"PSENEN","Bin_16",0.41523892972678,16,20.136058775097,2,0.670078634061277
"PSENEN","Bin_17",0.955915715231675,17,21.4351593412323,2,0.670078634061277
"PSENEN","Bin_18",0.92371544638265,18,22.7342599073676,2,0.670078634061277
"PSENEN","Bin_19",1.16782323625397,19,24.0333604735029,2,0.670078634061277
"PSENEN","Bin_20",1.05770324529338,20,25.3324610396382,2,0.670078634061277
"ARF4","Bin_1",-0.116237187003417,1,0.649550283067647,2,0.619978711124733
"ARF4","Bin_2",-0.571196485265233,2,1.94865084920294,2,0.619978711124733
"ARF4","Bin_3",-0.643437445063055,3,3.24775141533823,2,0.619978711124733
"ARF4","Bin_4",-0.972877100103841,4,4.54685198147353,2,0.619978711124733
"ARF4","Bin_5",-1.50288052571094,5,5.84595254760882,2,0.619978711124733
"ARF4","Bin_6",-1.94304370358827,6,7.14505311374411,2,0.619978711124733
"ARF4","Bin_7",-1.57157317439302,7,8.4441536798794,2,0.619978711124733
"ARF4","Bin_8",-0.500182151535558,8,9.7432542460147,2,0.619978711124733
"ARF4","Bin_9",0.113424019732449,9,11.04235481215,2,0.619978711124733
"ARF4","Bin_10",0.479493655858933,10,12.3414553782853,2,0.619978711124733
"ARF4","Bin_11",0.520179160869668,11,13.6405559444206,2,0.619978711124733
"ARF4","Bin_12",0.268290944443258,12,14.9396565105559,2,0.619978711124733
"ARF4","Bin_13",0.0109338624715142,13,16.2387570766912,2,0.619978711124733
"ARF4","Bin_14",-0.13981696879181,14,17.5378576428265,2,0.619978711124733
"ARF4","Bin_15",0.583475396977224,15,18.8369582089617,2,0.619978711124733
"ARF4","Bin_16",0.986029263137574,16,20.136058775097,2,0.619978711124733
"ARF4","Bin_17",1.78192849681689,17,21.4351593412323,2,0.619978711124733
"ARF4","Bin_18",1.10099933500255,18,22.7342599073676,2,0.619978711124733
"ARF4","Bin_19",1.039770096987,19,24.0333604735029,2,0.619978711124733
"ARF4","Bin_20",1.07672050915808,20,25.3324610396382,2,0.619978711124733
"CCNH","Bin_1",-0.589908163745905,1,0.649550283067647,2,0.640216688948871
"CCNH","Bin_2",-1.02900655062127,2,1.94865084920294,2,0.640216688948871
"CCNH","Bin_3",-1.11135811909441,3,3.24775141533823,2,0.640216688948871
"CCNH","Bin_4",-1.13386855125276,4,4.54685198147353,2,0.640216688948871
"CCNH","Bin_5",-1.49373271350296,5,5.84595254760882,2,0.640216688948871
"CCNH","Bin_6",-0.593222914379972,6,7.14505311374411,2,0.640216688948871
"CCNH","Bin_7",-1.70066815514957,7,8.4441536798794,2,0.640216688948871
"CCNH","Bin_8",-0.128976084126601,8,9.7432542460147,2,0.640216688948871
"CCNH","Bin_9",0.00145867087183516,9,11.04235481215,2,0.640216688948871
"CCNH","Bin_10",1.02771566367448,10,12.3414553782853,2,0.640216688948871
"CCNH","Bin_11",0.679796517854703,11,13.6405559444206,2,0.640216688948871
"CCNH","Bin_12",0.171769489317834,12,14.9396565105559,2,0.640216688948871
"CCNH","Bin_13",0.152038660572715,13,16.2387570766912,2,0.640216688948871
"CCNH","Bin_14",0.0635885051503715,14,17.5378576428265,2,0.640216688948871
"CCNH","Bin_15",0.0843775607532817,15,18.8369582089617,2,0.640216688948871
"CCNH","Bin_16",0.28661568161494,16,20.136058775097,2,0.640216688948871
"CCNH","Bin_17",0.722533237339975,17,21.4351593412323,2,0.640216688948871
"CCNH","Bin_18",1.06034014537427,18,22.7342599073676,2,0.640216688948871
"CCNH","Bin_19",1.6284170625269,19,24.0333604735029,2,0.640216688948871
"CCNH","Bin_20",1.90209005682215,20,25.3324610396382,2,0.640216688948871
"PRPF40A","Bin_1",-0.891111003672773,1,0.649550283067647,2,0.650987738931001
"PRPF40A","Bin_2",-1.20976103686315,2,1.94865084920294,2,0.650987738931001
"PRPF40A","Bin_3",-1.72821499375153,3,3.24775141533823,2,0.650987738931001
"PRPF40A","Bin_4",-1.31576188529321,4,4.54685198147353,2,0.650987738931001
"PRPF40A","Bin_5",-1.92198697481313,5,5.84595254760882,2,0.650987738931001
"PRPF40A","Bin_6",-0.246517736689577,6,7.14505311374411,2,0.650987738931001
"PRPF40A","Bin_7",-0.927425935306153,7,8.4441536798794,2,0.650987738931001
"PRPF40A","Bin_8",0.049068390684764,8,9.7432542460147,2,0.650987738931001
"PRPF40A","Bin_9",0.292353845165278,9,11.04235481215,2,0.650987738931001
"PRPF40A","Bin_10",0.715809028160397,10,12.3414553782853,2,0.650987738931001
"PRPF40A","Bin_11",0.966422234741155,11,13.6405559444206,2,0.650987738931001
"PRPF40A","Bin_12",0.301661720981917,12,14.9396565105559,2,0.650987738931001
"PRPF40A","Bin_13",0.773849103347527,13,16.2387570766912,2,0.650987738931001
"PRPF40A","Bin_14",0.53308926851617,14,17.5378576428265,2,0.650987738931001
"PRPF40A","Bin_15",0.23020690589184,15,18.8369582089617,2,0.650987738931001
"PRPF40A","Bin_16",0.336966452336207,16,20.136058775097,2,0.650987738931001
"PRPF40A","Bin_17",0.345207303811436,17,21.4351593412323,2,0.650987738931001
"PRPF40A","Bin_18",1.05081748470676,18,22.7342599073676,2,0.650987738931001
"PRPF40A","Bin_19",1.40157242323709,19,24.0333604735029,2,0.650987738931001
"PRPF40A","Bin_20",1.24375540480898,20,25.3324610396382,2,0.650987738931001
"GRN","Bin_1",-0.286850557160371,1,0.649550283067647,2,0.626143285441157
"GRN","Bin_2",-0.232831409123462,2,1.94865084920294,2,0.626143285441157
"GRN","Bin_3",-0.977452846366357,3,3.24775141533823,2,0.626143285441157
"GRN","Bin_4",-1.34717197629555,4,4.54685198147353,2,0.626143285441157
"GRN","Bin_5",-2.00812182145641,5,5.84595254760882,2,0.626143285441157
"GRN","Bin_6",-1.62148243500105,6,7.14505311374411,2,0.626143285441157
"GRN","Bin_7",-0.433451756987168,7,8.4441536798794,2,0.626143285441157
"GRN","Bin_8",-1.21527015194243,8,9.7432542460147,2,0.626143285441157
"GRN","Bin_9",-0.0412303777864026,9,11.04235481215,2,0.626143285441157
"GRN","Bin_10",0.427748153355517,10,12.3414553782853,2,0.626143285441157
"GRN","Bin_11",0.645447582233702,11,13.6405559444206,2,0.626143285441157
"GRN","Bin_12",0.798250098398402,12,14.9396565105559,2,0.626143285441157
"GRN","Bin_13",-0.0105188033921304,13,16.2387570766912,2,0.626143285441157
"GRN","Bin_14",0.172154673459373,14,17.5378576428265,2,0.626143285441157
"GRN","Bin_15",0.769943901566808,15,18.8369582089617,2,0.626143285441157
"GRN","Bin_16",0.873533160104922,16,20.136058775097,2,0.626143285441157
"GRN","Bin_17",1.29289219762213,17,21.4351593412323,2,0.626143285441157
"GRN","Bin_18",1.2551123538906,18,22.7342599073676,2,0.626143285441157
"GRN","Bin_19",0.882231587819445,19,24.0333604735029,2,0.626143285441157
"GRN","Bin_20",1.05706842706043,20,25.3324610396382,2,0.626143285441157
"SDHB","Bin_1",-0.488832849908861,1,0.649550283067647,2,0.702935662018466
"SDHB","Bin_2",-0.977006999482879,2,1.94865084920294,2,0.702935662018466
"SDHB","Bin_3",-1.21839008824563,3,3.24775141533823,2,0.702935662018466
"SDHB","Bin_4",-0.974665522735735,4,4.54685198147353,2,0.702935662018466
"SDHB","Bin_5",-1.24746305304478,5,5.84595254760882,2,0.702935662018466
"SDHB","Bin_6",-1.75775482925835,6,7.14505311374411,2,0.702935662018466
"SDHB","Bin_7",-1.36590603521531,7,8.4441536798794,2,0.702935662018466
"SDHB","Bin_8",-0.676311963905927,8,9.7432542460147,2,0.702935662018466
"SDHB","Bin_9",0.390850727224843,9,11.04235481215,2,0.702935662018466
"SDHB","Bin_10",1.20656385546351,10,12.3414553782853,2,0.702935662018466
"SDHB","Bin_11",0.78990132651089,11,13.6405559444206,2,0.702935662018466
"SDHB","Bin_12",0.4451468515485,12,14.9396565105559,2,0.702935662018466
"SDHB","Bin_13",0.752854056056328,13,16.2387570766912,2,0.702935662018466
"SDHB","Bin_14",0.225840804012788,14,17.5378576428265,2,0.702935662018466
"SDHB","Bin_15",0.359642675943805,15,18.8369582089617,2,0.702935662018466
"SDHB","Bin_16",0.553508137412902,16,20.136058775097,2,0.702935662018466
"SDHB","Bin_17",0.339399140287393,17,21.4351593412323,2,0.702935662018466
"SDHB","Bin_18",0.712826555535891,18,22.7342599073676,2,0.702935662018466
"SDHB","Bin_19",1.42158572559275,19,24.0333604735029,2,0.702935662018466
"SDHB","Bin_20",1.50821148620789,20,25.3324610396382,2,0.702935662018466
"CXADR","Bin_1",-0.438557250135183,1,0.649550283067647,2,0.574834243887066
"CXADR","Bin_2",-0.0974052472893184,2,1.94865084920294,2,0.574834243887066
"CXADR","Bin_3",-1.40333615478157,3,3.24775141533823,2,0.574834243887066
"CXADR","Bin_4",-1.730290559826,4,4.54685198147353,2,0.574834243887066
"CXADR","Bin_5",-2.24790931804808,5,5.84595254760882,2,0.574834243887066
"CXADR","Bin_6",-0.519247881673462,6,7.14505311374411,2,0.574834243887066
"CXADR","Bin_7",-0.450182879706369,7,8.4441536798794,2,0.574834243887066
"CXADR","Bin_8",-1.2229828128716,8,9.7432542460147,2,0.574834243887066
"CXADR","Bin_9",0.457548440728226,9,11.04235481215,2,0.574834243887066
"CXADR","Bin_10",0.521073276991912,10,12.3414553782853,2,0.574834243887066
"CXADR","Bin_11",0.822225326232615,11,13.6405559444206,2,0.574834243887066
"CXADR","Bin_12",1.07214950466693,12,14.9396565105559,2,0.574834243887066
"CXADR","Bin_13",0.0384132908845694,13,16.2387570766912,2,0.574834243887066
"CXADR","Bin_14",0.259766998451696,14,17.5378576428265,2,0.574834243887066
"CXADR","Bin_15",0.836737676971647,15,18.8369582089617,2,0.574834243887066
"CXADR","Bin_16",1.29184992715336,16,20.136058775097,2,0.574834243887066
"CXADR","Bin_17",0.904800042000549,17,21.4351593412323,2,0.574834243887066
"CXADR","Bin_18",0.772380843535567,18,22.7342599073676,2,0.574834243887066
"CXADR","Bin_19",0.645305805901748,19,24.0333604735029,2,0.574834243887066
"CXADR","Bin_20",0.487660970812752,20,25.3324610396382,2,0.574834243887066
"MT-ND1","Bin_1",0.912276111996913,1,0.649550283067647,1,0.231291534062844
"MT-ND1","Bin_2",0.935413322672112,2,1.94865084920294,1,0.231291534062844
"MT-ND1","Bin_3",0.819043935240791,3,3.24775141533823,1,0.231291534062844
"MT-ND1","Bin_4",0.380272926056759,4,4.54685198147353,1,0.231291534062844
"MT-ND1","Bin_5",-1.61240802344249,5,5.84595254760882,1,0.231291534062844
"MT-ND1","Bin_6",1.02409484965111,6,7.14505311374411,1,0.231291534062844
"MT-ND1","Bin_7",1.09328975702463,7,8.4441536798794,1,0.231291534062844
"MT-ND1","Bin_8",-3.12784360917779,8,9.7432542460147,1,0.231291534062844
"MT-ND1","Bin_9",-0.219186806556381,9,11.04235481215,1,0.231291534062844
"MT-ND1","Bin_10",0.422855004621898,10,12.3414553782853,1,0.231291534062844
"MT-ND1","Bin_11",0.231359634741571,11,13.6405559444206,1,0.231291534062844
"MT-ND1","Bin_12",0.116379140640335,12,14.9396565105559,1,0.231291534062844
"MT-ND1","Bin_13",0.332786226291909,13,16.2387570766912,1,0.231291534062844
"MT-ND1","Bin_14",0.126250227887744,14,17.5378576428265,1,0.231291534062844
"MT-ND1","Bin_15",-0.470666575016372,15,18.8369582089617,1,0.231291534062844
"MT-ND1","Bin_16",-0.472200450705133,16,20.136058775097,1,0.231291534062844
"MT-ND1","Bin_17",-0.893025306838187,17,21.4351593412323,1,0.231291534062844
"MT-ND1","Bin_18",-0.163809739922044,18,22.7342599073676,1,0.231291534062844
"MT-ND1","Bin_19",0.303550771408463,19,24.0333604735029,1,0.231291534062844
"MT-ND1","Bin_20",0.261568603424148,20,25.3324610396382,1,0.231291534062844
"C1orf122","Bin_1",-0.69042645592966,1,0.649550283067647,2,0.631658910996932
"C1orf122","Bin_2",-0.982161814236344,2,1.94865084920294,2,0.631658910996932
"C1orf122","Bin_3",-1.06645312008594,3,3.24775141533823,2,0.631658910996932
"C1orf122","Bin_4",-0.603491994376824,4,4.54685198147353,2,0.631658910996932
"C1orf122","Bin_5",-0.508014828291652,5,5.84595254760882,2,0.631658910996932
"C1orf122","Bin_6",-1.95053453057359,6,7.14505311374411,2,0.631658910996932
"C1orf122","Bin_7",-1.05914475934448,7,8.4441536798794,2,0.631658910996932
"C1orf122","Bin_8",-1.20547169183359,8,9.7432542460147,2,0.631658910996932
"C1orf122","Bin_9",0.223966844676687,9,11.04235481215,2,0.631658910996932
"C1orf122","Bin_10",0.926199002688195,10,12.3414553782853,2,0.631658910996932
"C1orf122","Bin_11",0.451515856119507,11,13.6405559444206,2,0.631658910996932
"C1orf122","Bin_12",0.664610570970845,12,14.9396565105559,2,0.631658910996932
"C1orf122","Bin_13",-0.000811693652093945,13,16.2387570766912,2,0.631658910996932
"C1orf122","Bin_14",-0.34931334359101,14,17.5378576428265,2,0.631658910996932
"C1orf122","Bin_15",0.191457776110504,15,18.8369582089617,2,0.631658910996932
"C1orf122","Bin_16",0.686102909700549,16,20.136058775097,2,0.631658910996932
"C1orf122","Bin_17",1.41697090355728,17,21.4351593412323,2,0.631658910996932
"C1orf122","Bin_18",1.28376450826802,18,22.7342599073676,2,0.631658910996932
"C1orf122","Bin_19",0.91477231344134,19,24.0333604735029,2,0.631658910996932
"C1orf122","Bin_20",1.65646354638225,20,25.3324610396382,2,0.631658910996932
"NDUFB7","Bin_1",-0.647071609070912,1,0.649550283067647,2,0.6895538931235
"NDUFB7","Bin_2",-1.1964632324677,2,1.94865084920294,2,0.6895538931235
"NDUFB7","Bin_3",-1.21303821427986,3,3.24775141533823,2,0.6895538931235
"NDUFB7","Bin_4",-0.377422959793663,4,4.54685198147353,2,0.6895538931235
"NDUFB7","Bin_5",-1.4817163628961,5,5.84595254760882,2,0.6895538931235
"NDUFB7","Bin_6",-1.43213410739427,6,7.14505311374411,2,0.6895538931235
"NDUFB7","Bin_7",-1.73709695228335,7,8.4441536798794,2,0.6895538931235
"NDUFB7","Bin_8",-0.98785819813418,8,9.7432542460147,2,0.6895538931235
"NDUFB7","Bin_9",0.75470690714255,9,11.04235481215,2,0.6895538931235
"NDUFB7","Bin_10",0.794606713590407,10,12.3414553782853,2,0.6895538931235
"NDUFB7","Bin_11",0.790476584914291,11,13.6405559444206,2,0.6895538931235
"NDUFB7","Bin_12",0.523593953456079,12,14.9396565105559,2,0.6895538931235
"NDUFB7","Bin_13",0.859738404568374,13,16.2387570766912,2,0.6895538931235
"NDUFB7","Bin_14",0.55980440392468,14,17.5378576428265,2,0.6895538931235
"NDUFB7","Bin_15",0.585110888388682,15,18.8369582089617,2,0.6895538931235
"NDUFB7","Bin_16",0.503733286733935,16,20.136058775097,2,0.6895538931235
"NDUFB7","Bin_17",0.68808911068637,17,21.4351593412323,2,0.6895538931235
"NDUFB7","Bin_18",0.832086303969039,18,22.7342599073676,2,0.6895538931235
"NDUFB7","Bin_19",1.13217193402462,19,24.0333604735029,2,0.6895538931235
"NDUFB7","Bin_20",1.048683144921,20,25.3324610396382,2,0.6895538931235
"ECH1","Bin_1",0.0168142373961892,1,0.649550283067647,2,0.650487552077802
"ECH1","Bin_2",-0.558583728019723,2,1.94865084920294,2,0.650487552077802
"ECH1","Bin_3",-0.875644140079044,3,3.24775141533823,2,0.650487552077802
"ECH1","Bin_4",-1.18009685892212,4,4.54685198147353,2,0.650487552077802
"ECH1","Bin_5",-1.60908612447337,5,5.84595254760882,2,0.650487552077802
"ECH1","Bin_6",-2.15154829583636,6,7.14505311374411,2,0.650487552077802
"ECH1","Bin_7",-1.01056209084395,7,8.4441536798794,2,0.650487552077802
"ECH1","Bin_8",-1.20579432522384,8,9.7432542460147,2,0.650487552077802
"ECH1","Bin_9",0.1851384453274,9,11.04235481215,2,0.650487552077802
"ECH1","Bin_10",0.971217662554365,10,12.3414553782853,2,0.650487552077802
"ECH1","Bin_11",0.779722553601039,11,13.6405559444206,2,0.650487552077802
"ECH1","Bin_12",0.961814368763506,12,14.9396565105559,2,0.650487552077802
"ECH1","Bin_13",0.383661111034033,13,16.2387570766912,2,0.650487552077802
"ECH1","Bin_14",0.382261162331405,14,17.5378576428265,2,0.650487552077802
"ECH1","Bin_15",0.75598691266183,15,18.8369582089617,2,0.650487552077802
"ECH1","Bin_16",0.790712658288234,16,20.136058775097,2,0.650487552077802
"ECH1","Bin_17",0.879726323764763,17,21.4351593412323,2,0.650487552077802
"ECH1","Bin_18",0.810800197287073,18,22.7342599073676,2,0.650487552077802
"ECH1","Bin_19",0.800531945260148,19,24.0333604735029,2,0.650487552077802
"ECH1","Bin_20",0.872927985128436,20,25.3324610396382,2,0.650487552077802
"THYN1","Bin_1",-0.53872890897208,1,0.649550283067647,2,0.64489455029887
"THYN1","Bin_2",-0.588221224026204,2,1.94865084920294,2,0.64489455029887
"THYN1","Bin_3",-0.829507681509602,3,3.24775141533823,2,0.64489455029887
"THYN1","Bin_4",-1.08689228333044,4,4.54685198147353,2,0.64489455029887
"THYN1","Bin_5",-1.32298707373635,5,5.84595254760882,2,0.64489455029887
"THYN1","Bin_6",-1.7957958843212,6,7.14505311374411,2,0.64489455029887
"THYN1","Bin_7",-1.18152332737186,7,8.4441536798794,2,0.64489455029887
"THYN1","Bin_8",-0.541407098212055,8,9.7432542460147,2,0.64489455029887
"THYN1","Bin_9",-0.0166984115008491,9,11.04235481215,2,0.64489455029887
"THYN1","Bin_10",0.474288181133738,10,12.3414553782853,2,0.64489455029887
"THYN1","Bin_11",0.24990885260832,11,13.6405559444206,2,0.64489455029887
"THYN1","Bin_12",0.221567633250379,12,14.9396565105559,2,0.64489455029887
"THYN1","Bin_13",0.278820762218184,13,16.2387570766912,2,0.64489455029887
"THYN1","Bin_14",0.345128545779695,14,17.5378576428265,2,0.64489455029887
"THYN1","Bin_15",0.53822709599481,15,18.8369582089617,2,0.64489455029887
"THYN1","Bin_16",0.164031910973284,16,20.136058775097,2,0.64489455029887
"THYN1","Bin_17",0.621433067290216,17,21.4351593412323,2,0.64489455029887
"THYN1","Bin_18",1.83843149430534,18,22.7342599073676,2,0.64489455029887
"THYN1","Bin_19",1.89286513984799,19,24.0333604735029,2,0.64489455029887
"THYN1","Bin_20",1.27705920957868,20,25.3324610396382,2,0.64489455029887
"SMCO4","Bin_1",-0.976419797492256,1,0.649550283067647,2,0.641399848769903
"SMCO4","Bin_2",-1.02641419178013,2,1.94865084920294,2,0.641399848769903
"SMCO4","Bin_3",-1.21917244586185,3,3.24775141533823,2,0.641399848769903
"SMCO4","Bin_4",-1.18113073386606,4,4.54685198147353,2,0.641399848769903
"SMCO4","Bin_5",-1.19092928192128,5,5.84595254760882,2,0.641399848769903
"SMCO4","Bin_6",-1.62220131796753,6,7.14505311374411,2,0.641399848769903
"SMCO4","Bin_7",-0.879594341547261,7,8.4441536798794,2,0.641399848769903
"SMCO4","Bin_8",-1.06834708037014,8,9.7432542460147,2,0.641399848769903
"SMCO4","Bin_9",0.646540905875738,9,11.04235481215,2,0.641399848769903
"SMCO4","Bin_10",1.02578769086913,10,12.3414553782853,2,0.641399848769903
"SMCO4","Bin_11",0.810531997751465,11,13.6405559444206,2,0.641399848769903
"SMCO4","Bin_12",0.896756134485814,12,14.9396565105559,2,0.641399848769903
"SMCO4","Bin_13",0.824294254593743,13,16.2387570766912,2,0.641399848769903
"SMCO4","Bin_14",0.733439317346657,14,17.5378576428265,2,0.641399848769903
"SMCO4","Bin_15",0.963260260304768,15,18.8369582089617,2,0.641399848769903
"SMCO4","Bin_16",1.46223834610428,16,20.136058775097,2,0.641399848769903
"SMCO4","Bin_17",0.502330325747347,17,21.4351593412323,2,0.641399848769903
"SMCO4","Bin_18",0.649512935810304,18,22.7342599073676,2,0.641399848769903
"SMCO4","Bin_19",0.477715853757657,19,24.0333604735029,2,0.641399848769903
"SMCO4","Bin_20",0.171801168159595,20,25.3324610396382,2,0.641399848769903
"TRMT10C","Bin_1",-0.778892066402056,1,0.649550283067647,2,0.619874334891221
"TRMT10C","Bin_2",-1.06779121278921,2,1.94865084920294,2,0.619874334891221
"TRMT10C","Bin_3",-1.05641891322291,3,3.24775141533823,2,0.619874334891221
"TRMT10C","Bin_4",-1.28200844688374,4,4.54685198147353,2,0.619874334891221
"TRMT10C","Bin_5",-1.29396212231685,5,5.84595254760882,2,0.619874334891221
"TRMT10C","Bin_6",-1.77344887334088,6,7.14505311374411,2,0.619874334891221
"TRMT10C","Bin_7",0.211066617333593,7,8.4441536798794,2,0.619874334891221
"TRMT10C","Bin_8",-1.4954918943609,8,9.7432542460147,2,0.619874334891221
"TRMT10C","Bin_9",0.703621697815232,9,11.04235481215,2,0.619874334891221
"TRMT10C","Bin_10",1.06520976856804,10,12.3414553782853,2,0.619874334891221
"TRMT10C","Bin_11",1.00072792992135,11,13.6405559444206,2,0.619874334891221
"TRMT10C","Bin_12",0.643287818299883,12,14.9396565105559,2,0.619874334891221
"TRMT10C","Bin_13",0.913913971715302,13,16.2387570766912,2,0.619874334891221
"TRMT10C","Bin_14",0.853811689130591,14,17.5378576428265,2,0.619874334891221
"TRMT10C","Bin_15",0.218480805496081,15,18.8369582089617,2,0.619874334891221
"TRMT10C","Bin_16",0.617907964469996,16,20.136058775097,2,0.619874334891221
"TRMT10C","Bin_17",-0.012722254554807,17,21.4351593412323,2,0.619874334891221
"TRMT10C","Bin_18",0.549282335548133,18,22.7342599073676,2,0.619874334891221
"TRMT10C","Bin_19",1.19836399648261,19,24.0333604735029,2,0.619874334891221
"TRMT10C","Bin_20",0.785061189090539,20,25.3324610396382,2,0.619874334891221
"MLF2","Bin_1",-0.384545318772298,1,0.649550283067647,2,0.652453392616157
"MLF2","Bin_2",-0.826480097248075,2,1.94865084920294,2,0.652453392616157
"MLF2","Bin_3",-1.13077136697026,3,3.24775141533823,2,0.652453392616157
"MLF2","Bin_4",-0.372455549538974,4,4.54685198147353,2,0.652453392616157
"MLF2","Bin_5",-0.985939314086602,5,5.84595254760882,2,0.652453392616157
"MLF2","Bin_6",-1.86109321441615,6,7.14505311374411,2,0.652453392616157
"MLF2","Bin_7",-1.66404828038157,7,8.4441536798794,2,0.652453392616157
"MLF2","Bin_8",-1.50703970080458,8,9.7432542460147,2,0.652453392616157
"MLF2","Bin_9",0.495848293212288,9,11.04235481215,2,0.652453392616157
"MLF2","Bin_10",0.953413687756893,10,12.3414553782853,2,0.652453392616157
"MLF2","Bin_11",1.00492604982582,11,13.6405559444206,2,0.652453392616157
"MLF2","Bin_12",0.502381011317727,12,14.9396565105559,2,0.652453392616157
"MLF2","Bin_13",0.472485211549542,13,16.2387570766912,2,0.652453392616157
"MLF2","Bin_14",0.244595569947601,14,17.5378576428265,2,0.652453392616157
"MLF2","Bin_15",0.54626989210708,15,18.8369582089617,2,0.652453392616157
"MLF2","Bin_16",0.566828440595322,16,20.136058775097,2,0.652453392616157
"MLF2","Bin_17",1.08698015237792,17,21.4351593412323,2,0.652453392616157
"MLF2","Bin_18",0.80848137086621,18,22.7342599073676,2,0.652453392616157
"MLF2","Bin_19",0.927445401290808,19,24.0333604735029,2,0.652453392616157
"MLF2","Bin_20",1.1227177613713,20,25.3324610396382,2,0.652453392616157
"CHST9","Bin_1",-1.3578675808539,1,0.649550283067647,2,0.506018070984936
"CHST9","Bin_2",-0.87023748318606,2,1.94865084920294,2,0.506018070984936
"CHST9","Bin_3",-1.28760278521067,3,3.24775141533823,2,0.506018070984936
"CHST9","Bin_4",-1.44964648275224,4,4.54685198147353,2,0.506018070984936
"CHST9","Bin_5",-1.49884107155597,5,5.84595254760882,2,0.506018070984936
"CHST9","Bin_6",-0.500487433213814,6,7.14505311374411,2,0.506018070984936
"CHST9","Bin_7",0.553466285631929,7,8.4441536798794,2,0.506018070984936
"CHST9","Bin_8",-1.06916052087534,8,9.7432542460147,2,0.506018070984936
"CHST9","Bin_9",-0.257889392964307,9,11.04235481215,2,0.506018070984936
"CHST9","Bin_10",0.13143628419417,10,12.3414553782853,2,0.506018070984936
"CHST9","Bin_11",0.584786514730043,11,13.6405559444206,2,0.506018070984936
"CHST9","Bin_12",0.476585111251965,12,14.9396565105559,2,0.506018070984936
"CHST9","Bin_13",0.678594858064131,13,16.2387570766912,2,0.506018070984936
"CHST9","Bin_14",1.84986864700519,14,17.5378576428265,2,0.506018070984936
"CHST9","Bin_15",1.21236301038795,15,18.8369582089617,2,0.506018070984936
"CHST9","Bin_16",0.954738994921559,16,20.136058775097,2,0.506018070984936
"CHST9","Bin_17",0.595795533782892,17,21.4351593412323,2,0.506018070984936
"CHST9","Bin_18",1.02655741278005,18,22.7342599073676,2,0.506018070984936
"CHST9","Bin_19",0.527060958136256,19,24.0333604735029,2,0.506018070984936
"CHST9","Bin_20",-0.299520860273836,20,25.3324610396382,2,0.506018070984936
"HLA-A","Bin_1",2.39311813029752,1,0.649550283067647,1,0.578284836426718
"HLA-A","Bin_2",1.64058161106175,2,1.94865084920294,1,0.578284836426718
"HLA-A","Bin_3",1.34771789985026,3,3.24775141533823,1,0.578284836426718
"HLA-A","Bin_4",1.72047015849952,4,4.54685198147353,1,0.578284836426718
"HLA-A","Bin_5",0.559111160669128,5,5.84595254760882,1,0.578284836426718
"HLA-A","Bin_6",-1.09599657035838,6,7.14505311374411,1,0.578284836426718
"HLA-A","Bin_7",-0.809977138778239,7,8.4441536798794,1,0.578284836426718
"HLA-A","Bin_8",-0.6701733110979,8,9.7432542460147,1,0.578284836426718
"HLA-A","Bin_9",-0.717679121106446,9,11.04235481215,1,0.578284836426718
"HLA-A","Bin_10",-0.522751533321746,10,12.3414553782853,1,0.578284836426718
"HLA-A","Bin_11",-0.351728888042141,11,13.6405559444206,1,0.578284836426718
"HLA-A","Bin_12",-0.617617591748677,12,14.9396565105559,1,0.578284836426718
"HLA-A","Bin_13",-0.795086540717191,13,16.2387570766912,1,0.578284836426718
"HLA-A","Bin_14",-0.788581170495729,14,17.5378576428265,1,0.578284836426718
"HLA-A","Bin_15",-0.570046445533569,15,18.8369582089617,1,0.578284836426718
"HLA-A","Bin_16",-0.489439623503953,16,20.136058775097,1,0.578284836426718
"HLA-A","Bin_17",0.0949862291012791,17,21.4351593412323,1,0.578284836426718
"HLA-A","Bin_18",-0.249036234121678,18,22.7342599073676,1,0.578284836426718
"HLA-A","Bin_19",-0.0411664744869397,19,24.0333604735029,1,0.578284836426718
"HLA-A","Bin_20",-0.03670454616687,20,25.3324610396382,1,0.578284836426718
"TM9SF2","Bin_1",-0.476532354696501,1,0.649550283067647,2,0.591423254378693
"TM9SF2","Bin_2",-1.35007318324402,2,1.94865084920294,2,0.591423254378693
"TM9SF2","Bin_3",-1.38984557342457,3,3.24775141533823,2,0.591423254378693
"TM9SF2","Bin_4",-0.842190555657231,4,4.54685198147353,2,0.591423254378693
"TM9SF2","Bin_5",-1.64968863865162,5,5.84595254760882,2,0.591423254378693
"TM9SF2","Bin_6",-2.11242963311709,6,7.14505311374411,2,0.591423254378693
"TM9SF2","Bin_7",0.945687327689174,7,8.4441536798794,2,0.591423254378693
"TM9SF2","Bin_8",-0.530219237933733,8,9.7432542460147,2,0.591423254378693
"TM9SF2","Bin_9",0.0980088022983415,9,11.04235481215,2,0.591423254378693
"TM9SF2","Bin_10",0.575154976258085,10,12.3414553782853,2,0.591423254378693
"TM9SF2","Bin_11",0.625633210614368,11,13.6405559444206,2,0.591423254378693
"TM9SF2","Bin_12",0.750136635608701,12,14.9396565105559,2,0.591423254378693
"TM9SF2","Bin_13",0.0739280820489866,13,16.2387570766912,2,0.591423254378693
"TM9SF2","Bin_14",0.12891541047558,14,17.5378576428265,2,0.591423254378693
"TM9SF2","Bin_15",0.617112295528574,15,18.8369582089617,2,0.591423254378693
"TM9SF2","Bin_16",0.895057005651694,16,20.136058775097,2,0.591423254378693
"TM9SF2","Bin_17",1.13613285865353,17,21.4351593412323,2,0.591423254378693
"TM9SF2","Bin_18",0.982781325040439,18,22.7342599073676,2,0.591423254378693
"TM9SF2","Bin_19",0.895099259410619,19,24.0333604735029,2,0.591423254378693
"TM9SF2","Bin_20",0.62733198744666,20,25.3324610396382,2,0.591423254378693
"CLU","Bin_1",1.56907666291362,1,0.649550283067647,1,0.619421865944888
"CLU","Bin_2",2.70494527271427,2,1.94865084920294,1,0.619421865944888
"CLU","Bin_3",2.10706555615137,3,3.24775141533823,1,0.619421865944888
"CLU","Bin_4",0.794701630549689,4,4.54685198147353,1,0.619421865944888
"CLU","Bin_5",0.316568830152512,5,5.84595254760882,1,0.619421865944888
"CLU","Bin_6",-0.665387077653642,6,7.14505311374411,1,0.619421865944888
"CLU","Bin_7",-0.665387077653642,7,8.4441536798794,1,0.619421865944888
"CLU","Bin_8",-0.395295572010636,8,9.7432542460147,1,0.619421865944888
"CLU","Bin_9",-0.532815791652241,9,11.04235481215,1,0.619421865944888
"CLU","Bin_10",-0.537141665702988,10,12.3414553782853,1,0.619421865944888
"CLU","Bin_11",-0.484101899492794,11,13.6405559444206,1,0.619421865944888
"CLU","Bin_12",-0.50979103276114,12,14.9396565105559,1,0.619421865944888
"CLU","Bin_13",-0.587705023316305,13,16.2387570766912,1,0.619421865944888
"CLU","Bin_14",-0.503372228745762,14,17.5378576428265,1,0.619421865944888
"CLU","Bin_15",-0.512894802273802,15,18.8369582089617,1,0.619421865944888
"CLU","Bin_16",-0.534467283912667,16,20.136058775097,1,0.619421865944888
"CLU","Bin_17",-0.491757179391888,17,21.4351593412323,1,0.619421865944888
"CLU","Bin_18",-0.5429056613995,18,22.7342599073676,1,0.619421865944888
"CLU","Bin_19",-0.506759634291725,19,24.0333604735029,1,0.619421865944888
"CLU","Bin_20",-0.0225760222227243,20,25.3324610396382,1,0.619421865944888
"FAM3B","Bin_1",-0.798272265165329,1,0.649550283067647,2,0.547310754491442
"FAM3B","Bin_2",-1.07259936362675,2,1.94865084920294,2,0.547310754491442
"FAM3B","Bin_3",-1.22839184318329,3,3.24775141533823,2,0.547310754491442
"FAM3B","Bin_4",-1.51105420300201,4,4.54685198147353,2,0.547310754491442
"FAM3B","Bin_5",-1.61531828706707,5,5.84595254760882,2,0.547310754491442
"FAM3B","Bin_6",-1.0310869370898,6,7.14505311374411,2,0.547310754491442
"FAM3B","Bin_7",-0.269738452989854,7,8.4441536798794,2,0.547310754491442
"FAM3B","Bin_8",-0.306888861337863,8,9.7432542460147,2,0.547310754491442
"FAM3B","Bin_9",0.0210809163767312,9,11.04235481215,2,0.547310754491442
"FAM3B","Bin_10",0.46337207493245,10,12.3414553782853,2,0.547310754491442
"FAM3B","Bin_11",0.791980946746062,11,13.6405559444206,2,0.547310754491442
"FAM3B","Bin_12",0.810607147173867,12,14.9396565105559,2,0.547310754491442
"FAM3B","Bin_13",0.089503770957039,13,16.2387570766912,2,0.547310754491442
"FAM3B","Bin_14",0.965968563776062,14,17.5378576428265,2,0.547310754491442
"FAM3B","Bin_15",1.34090613326021,15,18.8369582089617,2,0.547310754491442
"FAM3B","Bin_16",1.85011515777066,16,20.136058775097,2,0.547310754491442
"FAM3B","Bin_17",0.987004536658795,17,21.4351593412323,2,0.547310754491442
"FAM3B","Bin_18",0.76012481704718,18,22.7342599073676,2,0.547310754491442
"FAM3B","Bin_19",0.286611561259631,19,24.0333604735029,2,0.547310754491442
"FAM3B","Bin_20",-0.533925412496725,20,25.3324610396382,2,0.547310754491442
"APLP2","Bin_1",0.171502689996826,1,0.649550283067647,2,0.605798625946684
"APLP2","Bin_2",-0.852893672497461,2,1.94865084920294,2,0.605798625946684
"APLP2","Bin_3",-1.18263815360459,3,3.24775141533823,2,0.605798625946684
"APLP2","Bin_4",-1.20827977414007,4,4.54685198147353,2,0.605798625946684
"APLP2","Bin_5",-2.5742780506246,5,5.84595254760882,2,0.605798625946684
"APLP2","Bin_6",-1.05562304294856,6,7.14505311374411,2,0.605798625946684
"APLP2","Bin_7",0.0878685288026899,7,8.4441536798794,2,0.605798625946684
"APLP2","Bin_8",-0.968374287502376,8,9.7432542460147,2,0.605798625946684
"APLP2","Bin_9",0.117251064197571,9,11.04235481215,2,0.605798625946684
"APLP2","Bin_10",0.586385379836488,10,12.3414553782853,2,0.605798625946684
"APLP2","Bin_11",0.635767260218255,11,13.6405559444206,2,0.605798625946684
"APLP2","Bin_12",0.389697866988137,12,14.9396565105559,2,0.605798625946684
"APLP2","Bin_13",0.265269684728269,13,16.2387570766912,2,0.605798625946684
"APLP2","Bin_14",-0.0103103414359128,14,17.5378576428265,2,0.605798625946684
"APLP2","Bin_15",0.408031851191005,15,18.8369582089617,2,0.605798625946684
"APLP2","Bin_16",0.808284451145137,16,20.136058775097,2,0.605798625946684
"APLP2","Bin_17",1.1179909745654,17,21.4351593412323,2,0.605798625946684
"APLP2","Bin_18",0.95564937878902,18,22.7342599073676,2,0.605798625946684
"APLP2","Bin_19",0.973092753790304,19,24.0333604735029,2,0.605798625946684
"APLP2","Bin_20",1.33560543850446,20,25.3324610396382,2,0.605798625946684
"HNRNPH3","Bin_1",-0.667066163552264,1,0.649550283067647,2,0.642703414810479
"HNRNPH3","Bin_2",-0.910866173545127,2,1.94865084920294,2,0.642703414810479
"HNRNPH3","Bin_3",-0.500108189454871,3,3.24775141533823,2,0.642703414810479
"HNRNPH3","Bin_4",-1.32051807045732,4,4.54685198147353,2,0.642703414810479
"HNRNPH3","Bin_5",-1.56384268110885,5,5.84595254760882,2,0.642703414810479
"HNRNPH3","Bin_6",-2.15103295106499,6,7.14505311374411,2,0.642703414810479
"HNRNPH3","Bin_7",-1.07268248425037,7,8.4441536798794,2,0.642703414810479
"HNRNPH3","Bin_8",0.216119975816388,8,9.7432542460147,2,0.642703414810479
"HNRNPH3","Bin_9",0.794259255078276,9,11.04235481215,2,0.642703414810479
"HNRNPH3","Bin_10",1.02616709275233,10,12.3414553782853,2,0.642703414810479
"HNRNPH3","Bin_11",1.07510912212514,11,13.6405559444206,2,0.642703414810479
"HNRNPH3","Bin_12",0.367405661633171,12,14.9396565105559,2,0.642703414810479
"HNRNPH3","Bin_13",0.659508020928773,13,16.2387570766912,2,0.642703414810479
"HNRNPH3","Bin_14",0.0525490089545518,14,17.5378576428265,2,0.642703414810479
"HNRNPH3","Bin_15",0.182519120328426,15,18.8369582089617,2,0.642703414810479
"HNRNPH3","Bin_16",0.110517517213591,16,20.136058775097,2,0.642703414810479
"HNRNPH3","Bin_17",0.572219346532714,17,21.4351593412323,2,0.642703414810479
"HNRNPH3","Bin_18",0.54054838804612,18,22.7342599073676,2,0.642703414810479
"HNRNPH3","Bin_19",1.42113461508444,19,24.0333604735029,2,0.642703414810479
"HNRNPH3","Bin_20",1.16805958893988,20,25.3324610396382,2,0.642703414810479
"LAPTM4B","Bin_1",-0.705616303595245,1,0.649550283067647,2,0.568359668215785
"LAPTM4B","Bin_2",-0.771265072044236,2,1.94865084920294,2,0.568359668215785
"LAPTM4B","Bin_3",-0.761545958796752,3,3.24775141533823,2,0.568359668215785
"LAPTM4B","Bin_4",0.0878436340443142,4,4.54685198147353,2,0.568359668215785
"LAPTM4B","Bin_5",-0.965572792529104,5,5.84595254760882,2,0.568359668215785
"LAPTM4B","Bin_6",-1.72414505382945,6,7.14505311374411,2,0.568359668215785
"LAPTM4B","Bin_7",-1.43794425539203,7,8.4441536798794,2,0.568359668215785
"LAPTM4B","Bin_8",-0.732905279469618,8,9.7432542460147,2,0.568359668215785
"LAPTM4B","Bin_9",0.0258479728813485,9,11.04235481215,2,0.568359668215785
"LAPTM4B","Bin_10",0.608363986642799,10,12.3414553782853,2,0.568359668215785
"LAPTM4B","Bin_11",0.314581726584745,11,13.6405559444206,2,0.568359668215785
"LAPTM4B","Bin_12",0.209156736185148,12,14.9396565105559,2,0.568359668215785
"LAPTM4B","Bin_13",0.0511265299199642,13,16.2387570766912,2,0.568359668215785
"LAPTM4B","Bin_14",-0.159482080853422,14,17.5378576428265,2,0.568359668215785
"LAPTM4B","Bin_15",-0.0875593968419724,15,18.8369582089617,2,0.568359668215785
"LAPTM4B","Bin_16",0.08262237731843,16,20.136058775097,2,0.568359668215785
"LAPTM4B","Bin_17",0.677414888217781,17,21.4351593412323,2,0.568359668215785
"LAPTM4B","Bin_18",1.20480569581657,18,22.7342599073676,2,0.568359668215785
"LAPTM4B","Bin_19",2.0058567515517,19,24.0333604735029,2,0.568359668215785
"LAPTM4B","Bin_20",2.07841589418903,20,25.3324610396382,2,0.568359668215785
"TBCA","Bin_1",-0.145509250982923,1,0.649550283067647,2,0.65778357870512
"TBCA","Bin_2",-0.952083672294725,2,1.94865084920294,2,0.65778357870512
"TBCA","Bin_3",-0.913056707487237,3,3.24775141533823,2,0.65778357870512
"TBCA","Bin_4",-1.08159297406411,4,4.54685198147353,2,0.65778357870512
"TBCA","Bin_5",-1.18831071840634,5,5.84595254760882,2,0.65778357870512
"TBCA","Bin_6",-2.0941546788305,6,7.14505311374411,2,0.65778357870512
"TBCA","Bin_7",-1.7668188270878,7,8.4441536798794,2,0.65778357870512
"TBCA","Bin_8",-0.359274474391279,8,9.7432542460147,2,0.65778357870512
"TBCA","Bin_9",0.970660026132431,9,11.04235481215,2,0.65778357870512
"TBCA","Bin_10",1.07235567920844,10,12.3414553782853,2,0.65778357870512
"TBCA","Bin_11",0.917590984817837,11,13.6405559444206,2,0.65778357870512
"TBCA","Bin_12",0.758103098190797,12,14.9396565105559,2,0.65778357870512
"TBCA","Bin_13",0.62920114023719,13,16.2387570766912,2,0.65778357870512
"TBCA","Bin_14",0.425743332777685,14,17.5378576428265,2,0.65778357870512
"TBCA","Bin_15",0.292503461428017,15,18.8369582089617,2,0.65778357870512
"TBCA","Bin_16",0.336926238501793,16,20.136058775097,2,0.65778357870512
"TBCA","Bin_17",0.385702351573609,17,21.4351593412323,2,0.65778357870512
"TBCA","Bin_18",0.60636246639136,18,22.7342599073676,2,0.65778357870512
"TBCA","Bin_19",1.08581542391188,19,24.0333604735029,2,0.65778357870512
"TBCA","Bin_20",1.01983710037388,20,25.3324610396382,2,0.65778357870512
"LMCD1","Bin_1",-0.117798946617738,1,0.649550283067647,2,0.64215283934694
"LMCD1","Bin_2",-1.02476095333337,2,1.94865084920294,2,0.64215283934694
"LMCD1","Bin_3",-1.37183322580886,3,3.24775141533823,2,0.64215283934694
"LMCD1","Bin_4",-1.05016687596288,4,4.54685198147353,2,0.64215283934694
"LMCD1","Bin_5",-1.2425694797988,5,5.84595254760882,2,0.64215283934694
"LMCD1","Bin_6",-1.48939398746925,6,7.14505311374411,2,0.64215283934694
"LMCD1","Bin_7",-0.930714612912077,7,8.4441536798794,2,0.64215283934694
"LMCD1","Bin_8",-1.48939398746925,8,9.7432542460147,2,0.64215283934694
"LMCD1","Bin_9",-0.274870548067628,9,11.04235481215,2,0.64215283934694
"LMCD1","Bin_10",0.468135265347897,10,12.3414553782853,2,0.64215283934694
"LMCD1","Bin_11",0.698824269254055,11,13.6405559444206,2,0.64215283934694
"LMCD1","Bin_12",0.932875438110682,12,14.9396565105559,2,0.64215283934694
"LMCD1","Bin_13",0.330571737366916,13,16.2387570766912,2,0.64215283934694
"LMCD1","Bin_14",0.853098594232605,14,17.5378576428265,2,0.64215283934694
"LMCD1","Bin_15",1.1012055220999,15,18.8369582089617,2,0.64215283934694
"LMCD1","Bin_16",1.16243952000296,16,20.136058775097,2,0.64215283934694
"LMCD1","Bin_17",0.886928673309388,17,21.4351593412323,2,0.64215283934694
"LMCD1","Bin_18",0.918994960728915,18,22.7342599073676,2,0.64215283934694
"LMCD1","Bin_19",0.623376238886785,19,24.0333604735029,2,0.64215283934694
"LMCD1","Bin_20",1.01505239809974,20,25.3324610396382,2,0.64215283934694
"GTPBP4","Bin_1",-1.43498326741273,1,0.649550283067647,2,0.627512462109286
"GTPBP4","Bin_2",-1.20584864654985,2,1.94865084920294,2,0.627512462109286
"GTPBP4","Bin_3",-0.945386581457717,3,3.24775141533823,2,0.627512462109286
"GTPBP4","Bin_4",-1.11948472545056,4,4.54685198147353,2,0.627512462109286
"GTPBP4","Bin_5",-1.42908301714798,5,5.84595254760882,2,0.627512462109286
"GTPBP4","Bin_6",-0.59966797210328,6,7.14505311374411,2,0.627512462109286
"GTPBP4","Bin_7",-0.890899332173129,7,8.4441536798794,2,0.627512462109286
"GTPBP4","Bin_8",-0.831551300391633,8,9.7432542460147,2,0.627512462109286
"GTPBP4","Bin_9",1.14740004897991,9,11.04235481215,2,0.627512462109286
"GTPBP4","Bin_10",1.63197837961639,10,12.3414553782853,2,0.627512462109286
"GTPBP4","Bin_11",1.02220671834126,11,13.6405559444206,2,0.627512462109286
"GTPBP4","Bin_12",0.684325011620643,12,14.9396565105559,2,0.627512462109286
"GTPBP4","Bin_13",0.418125690619536,13,16.2387570766912,2,0.627512462109286
"GTPBP4","Bin_14",-0.0945977281241476,14,17.5378576428265,2,0.627512462109286
"GTPBP4","Bin_15",0.0366240239996394,15,18.8369582089617,2,0.627512462109286
"GTPBP4","Bin_16",0.330081565408416,16,20.136058775097,2,0.627512462109286
"GTPBP4","Bin_17",0.241735084704055,17,21.4351593412323,2,0.627512462109286
"GTPBP4","Bin_18",0.437973387916632,18,22.7342599073676,2,0.627512462109286
"GTPBP4","Bin_19",1.42807338296784,19,24.0333604735029,2,0.627512462109286
"GTPBP4","Bin_20",1.1729792766367,20,25.3324610396382,2,0.627512462109286
"ARPC3","Bin_1",0.276167074230805,1,0.649550283067647,2,0.654103805666861
"ARPC3","Bin_2",-0.920774556058689,2,1.94865084920294,2,0.654103805666861
"ARPC3","Bin_3",-0.702123475354815,3,3.24775141533823,2,0.654103805666861
"ARPC3","Bin_4",-1.08397357764475,4,4.54685198147353,2,0.654103805666861
"ARPC3","Bin_5",-1.59067526683227,5,5.84595254760882,2,0.654103805666861
"ARPC3","Bin_6",-2.18608373664427,6,7.14505311374411,2,0.654103805666861
"ARPC3","Bin_7",-1.3917509666518,7,8.4441536798794,2,0.654103805666861
"ARPC3","Bin_8",-0.903740955566553,8,9.7432542460147,2,0.654103805666861
"ARPC3","Bin_9",0.705033181404635,9,11.04235481215,2,0.654103805666861
"ARPC3","Bin_10",0.802412562479971,10,12.3414553782853,2,0.654103805666861
"ARPC3","Bin_11",0.772952636354539,11,13.6405559444206,2,0.654103805666861
"ARPC3","Bin_12",0.675437069382269,12,14.9396565105559,2,0.654103805666861
"ARPC3","Bin_13",0.475951404637109,13,16.2387570766912,2,0.654103805666861
"ARPC3","Bin_14",0.362885095761977,14,17.5378576428265,2,0.654103805666861
"ARPC3","Bin_15",0.597331918392919,15,18.8369582089617,2,0.654103805666861
"ARPC3","Bin_16",0.6963689193821,16,20.136058775097,2,0.654103805666861
"ARPC3","Bin_17",0.826101856833556,17,21.4351593412323,2,0.654103805666861
"ARPC3","Bin_18",0.714721504103632,18,22.7342599073676,2,0.654103805666861
"ARPC3","Bin_19",0.90786013008703,19,24.0333604735029,2,0.654103805666861
"ARPC3","Bin_20",0.965899181702614,20,25.3324610396382,2,0.654103805666861
"RPL39L","Bin_1",-1.12470304543264,1,0.649550283067647,2,0.628836879375329
"RPL39L","Bin_2",-1.43408937568917,2,1.94865084920294,2,0.628836879375329
"RPL39L","Bin_3",-1.46393755627652,3,3.24775141533823,2,0.628836879375329
"RPL39L","Bin_4",-0.839673416115684,4,4.54685198147353,2,0.628836879375329
"RPL39L","Bin_5",-1.01303020777096,5,5.84595254760882,2,0.628836879375329
"RPL39L","Bin_6",-1.74466900327943,6,7.14505311374411,2,0.628836879375329
"RPL39L","Bin_7",-0.810828921025198,7,8.4441536798794,2,0.628836879375329
"RPL39L","Bin_8",-0.0437427607431963,8,9.7432542460147,2,0.628836879375329
"RPL39L","Bin_9",0.285903291193696,9,11.04235481215,2,0.628836879375329
"RPL39L","Bin_10",1.11310609733325,10,12.3414553782853,2,0.628836879375329
"RPL39L","Bin_11",1.59087543274153,11,13.6405559444206,2,0.628836879375329
"RPL39L","Bin_12",0.696397653525066,12,14.9396565105559,2,0.628836879375329
"RPL39L","Bin_13",0.656084866592973,13,16.2387570766912,2,0.628836879375329
"RPL39L","Bin_14",0.457185035690397,14,17.5378576428265,2,0.628836879375329
"RPL39L","Bin_15",0.559573491598383,15,18.8369582089617,2,0.628836879375329
"RPL39L","Bin_16",1.29549129403446,16,20.136058775097,2,0.628836879375329
"RPL39L","Bin_17",0.590837665007419,17,21.4351593412323,2,0.628836879375329
"RPL39L","Bin_18",0.208233806883127,18,22.7342599073676,2,0.628836879375329
"RPL39L","Bin_19",0.179081610976957,19,24.0333604735029,2,0.628836879375329
"RPL39L","Bin_20",0.841904040755543,20,25.3324610396382,2,0.628836879375329
"LURAP1L","Bin_1",0.10489043083669,1,0.649550283067647,2,0.620126448209222
"LURAP1L","Bin_2",-1.34105596618889,2,1.94865084920294,2,0.620126448209222
"LURAP1L","Bin_3",-1.57588248386001,3,3.24775141533823,2,0.620126448209222
"LURAP1L","Bin_4",-1.50005497911649,4,4.54685198147353,2,0.620126448209222
"LURAP1L","Bin_5",-1.53753637509355,5,5.84595254760882,2,0.620126448209222
"LURAP1L","Bin_6",-0.826274949464107,6,7.14505311374411,2,0.620126448209222
"LURAP1L","Bin_7",-1.78143809361876,7,8.4441536798794,2,0.620126448209222
"LURAP1L","Bin_8",0.551785884444867,8,9.7432542460147,2,0.620126448209222
"LURAP1L","Bin_9",0.240525961373841,9,11.04235481215,2,0.620126448209222
"LURAP1L","Bin_10",0.447899015686778,10,12.3414553782853,2,0.620126448209222
"LURAP1L","Bin_11",0.660764112114825,11,13.6405559444206,2,0.620126448209222
"LURAP1L","Bin_12",0.592085305482737,12,14.9396565105559,2,0.620126448209222
"LURAP1L","Bin_13",0.255221006495211,13,16.2387570766912,2,0.620126448209222
"LURAP1L","Bin_14",0.902141467368733,14,17.5378576428265,2,0.620126448209222
"LURAP1L","Bin_15",0.763917546062399,15,18.8369582089617,2,0.620126448209222
"LURAP1L","Bin_16",0.678599580932703,16,20.136058775097,2,0.620126448209222
"LURAP1L","Bin_17",0.604569432918654,17,21.4351593412323,2,0.620126448209222
"LURAP1L","Bin_18",1.00805816860208,18,22.7342599073676,2,0.620126448209222
"LURAP1L","Bin_19",1.02999150149594,19,24.0333604735029,2,0.620126448209222
"LURAP1L","Bin_20",0.721793433526345,20,25.3324610396382,2,0.620126448209222
"DNAJC9","Bin_1",-1.28802616291281,1,0.649550283067647,2,0.634693804555775
"DNAJC9","Bin_2",-1.42254092060115,2,1.94865084920294,2,0.634693804555775
"DNAJC9","Bin_3",-1.43141882603145,3,3.24775141533823,2,0.634693804555775
"DNAJC9","Bin_4",-1.14194786514832,4,4.54685198147353,2,0.634693804555775
"DNAJC9","Bin_5",-1.38117577790211,5,5.84595254760882,2,0.634693804555775
"DNAJC9","Bin_6",-0.0755604663118379,6,7.14505311374411,2,0.634693804555775
"DNAJC9","Bin_7",-0.869748796592946,7,8.4441536798794,2,0.634693804555775
"DNAJC9","Bin_8",-0.858221050063923,8,9.7432542460147,2,0.634693804555775
"DNAJC9","Bin_9",0.29130956932846,9,11.04235481215,2,0.634693804555775
"DNAJC9","Bin_10",1.10044340347552,10,12.3414553782853,2,0.634693804555775
"DNAJC9","Bin_11",1.23137180686994,11,13.6405559444206,2,0.634693804555775
"DNAJC9","Bin_12",0.453345816008285,12,14.9396565105559,2,0.634693804555775
"DNAJC9","Bin_13",0.680052852923588,13,16.2387570766912,2,0.634693804555775
"DNAJC9","Bin_14",0.433066114525861,14,17.5378576428265,2,0.634693804555775
"DNAJC9","Bin_15",-0.0444757966415766,15,18.8369582089617,2,0.634693804555775
"DNAJC9","Bin_16",0.559220469005834,16,20.136058775097,2,0.634693804555775
"DNAJC9","Bin_17",0.650413267096465,17,21.4351593412323,2,0.634693804555775
"DNAJC9","Bin_18",0.582142116553548,18,22.7342599073676,2,0.634693804555775
"DNAJC9","Bin_19",0.714135735767936,19,24.0333604735029,2,0.634693804555775
"DNAJC9","Bin_20",1.81761451065069,20,25.3324610396382,2,0.634693804555775
"MBOAT7","Bin_1",-0.67286788847282,1,0.649550283067647,2,0.636824305829379
"MBOAT7","Bin_2",-1.28397046555804,2,1.94865084920294,2,0.636824305829379
"MBOAT7","Bin_3",-1.26758611051819,3,3.24775141533823,2,0.636824305829379
"MBOAT7","Bin_4",-1.2967942850824,4,4.54685198147353,2,0.636824305829379
"MBOAT7","Bin_5",-1.61551942357071,5,5.84595254760882,2,0.636824305829379
"MBOAT7","Bin_6",-1.80165294750569,6,7.14505311374411,2,0.636824305829379
"MBOAT7","Bin_7",0.432597775796508,7,8.4441536798794,2,0.636824305829379
"MBOAT7","Bin_8",-0.813903702038031,8,9.7432542460147,2,0.636824305829379
"MBOAT7","Bin_9",0.114638790338267,9,11.04235481215,2,0.636824305829379
"MBOAT7","Bin_10",0.949538153879301,10,12.3414553782853,2,0.636824305829379
"MBOAT7","Bin_11",1.03809800357216,11,13.6405559444206,2,0.636824305829379
"MBOAT7","Bin_12",0.712072068869215,12,14.9396565105559,2,0.636824305829379
"MBOAT7","Bin_13",0.337227056788461,13,16.2387570766912,2,0.636824305829379
"MBOAT7","Bin_14",0.385132718833869,14,17.5378576428265,2,0.636824305829379
"MBOAT7","Bin_15",0.770948622408377,15,18.8369582089617,2,0.636824305829379
"MBOAT7","Bin_16",1.17812013778018,16,20.136058775097,2,0.636824305829379
"MBOAT7","Bin_17",0.795745005763204,17,21.4351593412323,2,0.636824305829379
"MBOAT7","Bin_18",0.475198251141601,18,22.7342599073676,2,0.636824305829379
"MBOAT7","Bin_19",0.580900869394488,19,24.0333604735029,2,0.636824305829379
"MBOAT7","Bin_20",0.982077368180255,20,25.3324610396382,2,0.636824305829379
"SRP72","Bin_1",-0.529182629781795,1,0.649550283067647,2,0.709505272851862
"SRP72","Bin_2",-1.21455358632593,2,1.94865084920294,2,0.709505272851862
"SRP72","Bin_3",-1.09965003739517,3,3.24775141533823,2,0.709505272851862
"SRP72","Bin_4",-0.759786052259718,4,4.54685198147353,2,0.709505272851862
"SRP72","Bin_5",-1.59886673847426,5,5.84595254760882,2,0.709505272851862
"SRP72","Bin_6",-1.68016186887286,6,7.14505311374411,2,0.709505272851862
"SRP72","Bin_7",-0.946181916845333,7,8.4441536798794,2,0.709505272851862
"SRP72","Bin_8",-1.17949479477896,8,9.7432542460147,2,0.709505272851862
"SRP72","Bin_9",0.477002849527041,9,11.04235481215,2,0.709505272851862
"SRP72","Bin_10",0.728062982951387,10,12.3414553782853,2,0.709505272851862
"SRP72","Bin_11",0.801918338721344,11,13.6405559444206,2,0.709505272851862
"SRP72","Bin_12",0.140721807238726,12,14.9396565105559,2,0.709505272851862
"SRP72","Bin_13",0.797092891225381,13,16.2387570766912,2,0.709505272851862
"SRP72","Bin_14",0.574700664823351,14,17.5378576428265,2,0.709505272851862
"SRP72","Bin_15",0.601869690662022,15,18.8369582089617,2,0.709505272851862
"SRP72","Bin_16",0.766495455137053,16,20.136058775097,2,0.709505272851862
"SRP72","Bin_17",0.859303114025665,17,21.4351593412323,2,0.709505272851862
"SRP72","Bin_18",0.767953460687882,18,22.7342599073676,2,0.709505272851862
"SRP72","Bin_19",1.35024926932336,19,24.0333604735029,2,0.709505272851862
"SRP72","Bin_20",1.14250710041081,20,25.3324610396382,2,0.709505272851862
"AC011503.1","Bin_1",-0.507299701885452,1,0.649550283067647,2,0.35510631185442
"AC011503.1","Bin_2",-0.507299701885452,2,1.94865084920294,2,0.35510631185442
"AC011503.1","Bin_3",-0.507299701885452,3,3.24775141533823,2,0.35510631185442
"AC011503.1","Bin_4",-0.507299701885452,4,4.54685198147353,2,0.35510631185442
"AC011503.1","Bin_5",-0.507299701885452,5,5.84595254760882,2,0.35510631185442
"AC011503.1","Bin_6",-0.507299701885452,6,7.14505311374411,2,0.35510631185442
"AC011503.1","Bin_7",0.162824455594095,7,8.4441536798794,2,0.35510631185442
"AC011503.1","Bin_8",-0.507299701885452,8,9.7432542460147,2,0.35510631185442
"AC011503.1","Bin_9",-0.507299701885452,9,11.04235481215,2,0.35510631185442
"AC011503.1","Bin_10",-0.491087461099924,10,12.3414553782853,2,0.35510631185442
"AC011503.1","Bin_11",-0.500736065794527,11,13.6405559444206,2,0.35510631185442
"AC011503.1","Bin_12",-0.507299701885452,12,14.9396565105559,2,0.35510631185442
"AC011503.1","Bin_13",-0.507299701885452,13,16.2387570766912,2,0.35510631185442
"AC011503.1","Bin_14",-0.507299701885452,14,17.5378576428265,2,0.35510631185442
"AC011503.1","Bin_15",-0.400016964280035,15,18.8369582089617,2,0.35510631185442
"AC011503.1","Bin_16",-0.507299701885452,16,20.136058775097,2,0.35510631185442
"AC011503.1","Bin_17",0.920085784492284,17,21.4351593412323,2,0.35510631185442
"AC011503.1","Bin_18",1.43644492266307,18,22.7342599073676,2,0.35510631185442
"AC011503.1","Bin_19",2.58539247089444,19,24.0333604735029,2,0.35510631185442
"AC011503.1","Bin_20",2.37468928015603,20,25.3324610396382,2,0.35510631185442
"FYTTD1","Bin_1",-0.550157346686201,1,0.649550283067647,2,0.603701979800121
"FYTTD1","Bin_2",-0.821695664215546,2,1.94865084920294,2,0.603701979800121
"FYTTD1","Bin_3",-0.572945261559431,3,3.24775141533823,2,0.603701979800121
"FYTTD1","Bin_4",-0.867478779012272,4,4.54685198147353,2,0.603701979800121
"FYTTD1","Bin_5",-1.40702163959422,5,5.84595254760882,2,0.603701979800121
"FYTTD1","Bin_6",-1.77530086047262,6,7.14505311374411,2,0.603701979800121
"FYTTD1","Bin_7",-0.469275176754055,7,8.4441536798794,2,0.603701979800121
"FYTTD1","Bin_8",-1.05010805759064,8,9.7432542460147,2,0.603701979800121
"FYTTD1","Bin_9",0.543968198725836,9,11.04235481215,2,0.603701979800121
"FYTTD1","Bin_10",0.24812496297517,10,12.3414553782853,2,0.603701979800121
"FYTTD1","Bin_11",0.428217724511479,11,13.6405559444206,2,0.603701979800121
"FYTTD1","Bin_12",-0.0851957618931377,12,14.9396565105559,2,0.603701979800121
"FYTTD1","Bin_13",-0.256209337228422,13,16.2387570766912,2,0.603701979800121
"FYTTD1","Bin_14",-0.140568279725317,14,17.5378576428265,2,0.603701979800121
"FYTTD1","Bin_15",0.36849819488665,15,18.8369582089617,2,0.603701979800121
"FYTTD1","Bin_16",0.293744754515359,16,20.136058775097,2,0.603701979800121
"FYTTD1","Bin_17",1.81794775544743,17,21.4351593412323,2,0.603701979800121
"FYTTD1","Bin_18",1.70776981616611,18,22.7342599073676,2,0.603701979800121
"FYTTD1","Bin_19",1.46986023317731,19,24.0333604735029,2,0.603701979800121
"FYTTD1","Bin_20",1.1178245243265,20,25.3324610396382,2,0.603701979800121
"PUF60","Bin_1",-0.675865702302629,1,0.649550283067647,2,0.656854313463752
"PUF60","Bin_2",-0.910509982712188,2,1.94865084920294,2,0.656854313463752
"PUF60","Bin_3",-0.646252390448897,3,3.24775141533823,2,0.656854313463752
"PUF60","Bin_4",-0.599598118339304,4,4.54685198147353,2,0.656854313463752
"PUF60","Bin_5",-0.99335071271751,5,5.84595254760882,2,0.656854313463752
"PUF60","Bin_6",-2.06605602706996,6,7.14505311374411,2,0.656854313463752
"PUF60","Bin_7",-1.34895849405586,7,8.4441536798794,2,0.656854313463752
"PUF60","Bin_8",-1.27720385242399,8,9.7432542460147,2,0.656854313463752
"PUF60","Bin_9",0.333994346109777,9,11.04235481215,2,0.656854313463752
"PUF60","Bin_10",0.833066270879644,10,12.3414553782853,2,0.656854313463752
"PUF60","Bin_11",0.959672849819025,11,13.6405559444206,2,0.656854313463752
"PUF60","Bin_12",0.454054770121569,12,14.9396565105559,2,0.656854313463752
"PUF60","Bin_13",0.525886875796194,13,16.2387570766912,2,0.656854313463752
"PUF60","Bin_14",0.459736685483499,14,17.5378576428265,2,0.656854313463752
"PUF60","Bin_15",0.380412353126578,15,18.8369582089617,2,0.656854313463752
"PUF60","Bin_16",0.259537652362809,16,20.136058775097,2,0.656854313463752
"PUF60","Bin_17",0.426166965983231,17,21.4351593412323,2,0.656854313463752
"PUF60","Bin_18",0.800174833243976,18,22.7342599073676,2,0.656854313463752
"PUF60","Bin_19",1.63548216933375,19,24.0333604735029,2,0.656854313463752
"PUF60","Bin_20",1.44960950781029,20,25.3324610396382,2,0.656854313463752
"FKBP10","Bin_1",-0.862853231422661,1,0.649550283067647,2,0.674028957395487
"FKBP10","Bin_2",-1.13889550687327,2,1.94865084920294,2,0.674028957395487
"FKBP10","Bin_3",-1.03038099717531,3,3.24775141533823,2,0.674028957395487
"FKBP10","Bin_4",-1.01309986398713,4,4.54685198147353,2,0.674028957395487
"FKBP10","Bin_5",-1.36470365417448,5,5.84595254760882,2,0.674028957395487
"FKBP10","Bin_6",-1.43101086158535,6,7.14505311374411,2,0.674028957395487
"FKBP10","Bin_7",-0.73160582490322,7,8.4441536798794,2,0.674028957395487
"FKBP10","Bin_8",-0.946830581374437,8,9.7432542460147,2,0.674028957395487
"FKBP10","Bin_9",0.290164749580848,9,11.04235481215,2,0.674028957395487
"FKBP10","Bin_10",0.463007096106587,10,12.3414553782853,2,0.674028957395487
"FKBP10","Bin_11",0.358741534905973,11,13.6405559444206,2,0.674028957395487
"FKBP10","Bin_12",0.453893405149212,12,14.9396565105559,2,0.674028957395487
"FKBP10","Bin_13",-0.123708062469834,13,16.2387570766912,2,0.674028957395487
"FKBP10","Bin_14",-0.0554928197409343,14,17.5378576428265,2,0.674028957395487
"FKBP10","Bin_15",0.755046104291869,15,18.8369582089617,2,0.674028957395487
"FKBP10","Bin_16",1.19642803411268,16,20.136058775097,2,0.674028957395487
"FKBP10","Bin_17",1.64397786854127,17,21.4351593412323,2,0.674028957395487
"FKBP10","Bin_18",1.19360447941725,18,22.7342599073676,2,0.674028957395487
"FKBP10","Bin_19",1.19770205499699,19,24.0333604735029,2,0.674028957395487
"FKBP10","Bin_20",1.14601607660394,20,25.3324610396382,2,0.674028957395487
"RPL10","Bin_1",-0.391991199655246,1,0.649550283067647,2,0.346716337353875
"RPL10","Bin_2",0.0598521945030705,2,1.94865084920294,2,0.346716337353875
"RPL10","Bin_3",0.00129744377025041,3,3.24775141533823,2,0.346716337353875
"RPL10","Bin_4",-0.332196994452627,4,4.54685198147353,2,0.346716337353875
"RPL10","Bin_5",0.166437004908182,5,5.84595254760882,2,0.346716337353875
"RPL10","Bin_6",-3.1994475506723,6,7.14505311374411,2,0.346716337353875
"RPL10","Bin_7",-2.19053234521268,7,8.4441536798794,2,0.346716337353875
"RPL10","Bin_8",-0.190205173396132,8,9.7432542460147,2,0.346716337353875
"RPL10","Bin_9",0.441913861332623,9,11.04235481215,2,0.346716337353875
"RPL10","Bin_10",0.233549891804671,10,12.3414553782853,2,0.346716337353875
"RPL10","Bin_11",0.239409816448722,11,13.6405559444206,2,0.346716337353875
"RPL10","Bin_12",0.582067424729544,12,14.9396565105559,2,0.346716337353875
"RPL10","Bin_13",0.643906592498657,13,16.2387570766912,2,0.346716337353875
"RPL10","Bin_14",0.915194707069661,14,17.5378576428265,2,0.346716337353875
"RPL10","Bin_15",0.834506637756909,15,18.8369582089617,2,0.346716337353875
"RPL10","Bin_16",0.459809131272736,16,20.136058775097,2,0.346716337353875
"RPL10","Bin_17",0.512785769513434,17,21.4351593412323,2,0.346716337353875
"RPL10","Bin_18",0.594649679325388,18,22.7342599073676,2,0.346716337353875
"RPL10","Bin_19",0.40828602784518,19,24.0333604735029,2,0.346716337353875
"RPL10","Bin_20",0.210707080609962,20,25.3324610396382,2,0.346716337353875
"LAMTOR2","Bin_1",-0.30900256273492,1,0.649550283067647,2,0.679262090349024
"LAMTOR2","Bin_2",-1.35929790800907,2,1.94865084920294,2,0.679262090349024
"LAMTOR2","Bin_3",-1.76749398374887,3,3.24775141533823,2,0.679262090349024
"LAMTOR2","Bin_4",-0.578912225354636,4,4.54685198147353,2,0.679262090349024
"LAMTOR2","Bin_5",-1.52976822005826,5,5.84595254760882,2,0.679262090349024
"LAMTOR2","Bin_6",-1.37666345983244,6,7.14505311374411,2,0.679262090349024
"LAMTOR2","Bin_7",-1.65831765420679,7,8.4441536798794,2,0.679262090349024
"LAMTOR2","Bin_8",0.023701513774531,8,9.7432542460147,2,0.679262090349024
"LAMTOR2","Bin_9",0.520831345329337,9,11.04235481215,2,0.679262090349024
"LAMTOR2","Bin_10",0.834898679790478,10,12.3414553782853,2,0.679262090349024
"LAMTOR2","Bin_11",0.780072543078875,11,13.6405559444206,2,0.679262090349024
"LAMTOR2","Bin_12",0.855023614809262,12,14.9396565105559,2,0.679262090349024
"LAMTOR2","Bin_13",0.443512329365807,13,16.2387570766912,2,0.679262090349024
"LAMTOR2","Bin_14",0.297751050066605,14,17.5378576428265,2,0.679262090349024
"LAMTOR2","Bin_15",0.60820866261323,15,18.8369582089617,2,0.679262090349024
"LAMTOR2","Bin_16",0.663351705881042,16,20.136058775097,2,0.679262090349024
"LAMTOR2","Bin_17",0.694488845079264,17,21.4351593412323,2,0.679262090349024
"LAMTOR2","Bin_18",0.925927615487732,18,22.7342599073676,2,0.679262090349024
"LAMTOR2","Bin_19",1.00522683374003,19,24.0333604735029,2,0.679262090349024
"LAMTOR2","Bin_20",0.926461274928772,20,25.3324610396382,2,0.679262090349024
"ARL6IP5","Bin_1",0.604303853465332,1,0.649550283067647,2,0.589906699516274
"ARL6IP5","Bin_2",-0.578873766586916,2,1.94865084920294,2,0.589906699516274
"ARL6IP5","Bin_3",-0.659475027639322,3,3.24775141533823,2,0.589906699516274
"ARL6IP5","Bin_4",-1.41688644138139,4,4.54685198147353,2,0.589906699516274
"ARL6IP5","Bin_5",-1.84370945526883,5,5.84595254760882,2,0.589906699516274
"ARL6IP5","Bin_6",-1.90794169967055,6,7.14505311374411,2,0.589906699516274
"ARL6IP5","Bin_7",-0.615714705003483,7,8.4441536798794,2,0.589906699516274
"ARL6IP5","Bin_8",-1.44893613873192,8,9.7432542460147,2,0.589906699516274
"ARL6IP5","Bin_9",0.149792531004093,9,11.04235481215,2,0.589906699516274
"ARL6IP5","Bin_10",0.724877222052131,10,12.3414553782853,2,0.589906699516274
"ARL6IP5","Bin_11",0.738350077832683,11,13.6405559444206,2,0.589906699516274
"ARL6IP5","Bin_12",0.638656966764623,12,14.9396565105559,2,0.589906699516274
"ARL6IP5","Bin_13",0.110457939330106,13,16.2387570766912,2,0.589906699516274
"ARL6IP5","Bin_14",0.42938144473846,14,17.5378576428265,2,0.589906699516274
"ARL6IP5","Bin_15",0.617494351035526,15,18.8369582089617,2,0.589906699516274
"ARL6IP5","Bin_16",0.678326282580132,16,20.136058775097,2,0.589906699516274
"ARL6IP5","Bin_17",1.09071834947725,17,21.4351593412323,2,0.589906699516274
"ARL6IP5","Bin_18",0.973469850404698,18,22.7342599073676,2,0.589906699516274
"ARL6IP5","Bin_19",1.16701408012241,19,24.0333604735029,2,0.589906699516274
"ARL6IP5","Bin_20",0.548694285474959,20,25.3324610396382,2,0.589906699516274
"RPS9","Bin_1",0.0596343107043323,1,0.649550283067647,2,0.406629763051108
"RPS9","Bin_2",0.147378969230672,2,1.94865084920294,2,0.406629763051108
"RPS9","Bin_3",-0.00640389241757816,3,3.24775141533823,2,0.406629763051108
"RPS9","Bin_4",-1.3569471821191,4,4.54685198147353,2,0.406629763051108
"RPS9","Bin_5",-0.0351708014893109,5,5.84595254760882,2,0.406629763051108
"RPS9","Bin_6",-2.874813000403,6,7.14505311374411,2,0.406629763051108
"RPS9","Bin_7",-1.78651146422141,7,8.4441536798794,2,0.406629763051108
"RPS9","Bin_8",-1.0417679130277,8,9.7432542460147,2,0.406629763051108
"RPS9","Bin_9",0.531095053515228,9,11.04235481215,2,0.406629763051108
"RPS9","Bin_10",0.423054017877023,10,12.3414553782853,2,0.406629763051108
"RPS9","Bin_11",0.445760602204464,11,13.6405559444206,2,0.406629763051108
"RPS9","Bin_12",0.732456156063043,12,14.9396565105559,2,0.406629763051108
"RPS9","Bin_13",0.900258936053827,13,16.2387570766912,2,0.406629763051108
"RPS9","Bin_14",1.02705140558748,14,17.5378576428265,2,0.406629763051108
"RPS9","Bin_15",0.828719273591351,15,18.8369582089617,2,0.406629763051108
"RPS9","Bin_16",0.39162319278815,16,20.136058775097,2,0.406629763051108
"RPS9","Bin_17",0.319642721517388,17,21.4351593412323,2,0.406629763051108
"RPS9","Bin_18",0.544838549387767,18,22.7342599073676,2,0.406629763051108
"RPS9","Bin_19",0.440866723949283,19,24.0333604735029,2,0.406629763051108
"RPS9","Bin_20",0.3092343412081,20,25.3324610396382,2,0.406629763051108
"AC020916.1","Bin_1",-0.30501286409526,1,0.649550283067647,2,0.417524552442092
"AC020916.1","Bin_2",0.483892885718793,2,1.94865084920294,2,0.417524552442092
"AC020916.1","Bin_3",-0.605035605082552,3,3.24775141533823,2,0.417524552442092
"AC020916.1","Bin_4",-1.07632550342208,4,4.54685198147353,2,0.417524552442092
"AC020916.1","Bin_5",-1.98402851757715,5,5.84595254760882,2,0.417524552442092
"AC020916.1","Bin_6",-0.76679884128195,6,7.14505311374411,2,0.417524552442092
"AC020916.1","Bin_7",-0.0978649882031515,7,8.4441536798794,2,0.417524552442092
"AC020916.1","Bin_8",-2.06359191880408,8,9.7432542460147,2,0.417524552442092
"AC020916.1","Bin_9",-0.804485711055902,9,11.04235481215,2,0.417524552442092
"AC020916.1","Bin_10",-0.446496408392252,10,12.3414553782853,2,0.417524552442092
"AC020916.1","Bin_11",0.32326332953794,11,13.6405559444206,2,0.417524552442092
"AC020916.1","Bin_12",0.126881626121642,12,14.9396565105559,2,0.417524552442092
"AC020916.1","Bin_13",0.429559526862601,13,16.2387570766912,2,0.417524552442092
"AC020916.1","Bin_14",1.38110827521969,14,17.5378576428265,2,0.417524552442092
"AC020916.1","Bin_15",0.950024897166711,15,18.8369582089617,2,0.417524552442092
"AC020916.1","Bin_16",0.717641236814828,16,20.136058775097,2,0.417524552442092
"AC020916.1","Bin_17",0.444185271829718,17,21.4351593412323,2,0.417524552442092
"AC020916.1","Bin_18",1.20811072934259,18,22.7342599073676,2,0.417524552442092
"AC020916.1","Bin_19",1.19877419348319,19,24.0333604735029,2,0.417524552442092
"AC020916.1","Bin_20",0.886198385816689,20,25.3324610396382,2,0.417524552442092
"COMMD3","Bin_1",-0.333168166914946,1,0.649550283067647,2,0.684480352711463
"COMMD3","Bin_2",-1.07804664886843,2,1.94865084920294,2,0.684480352711463
"COMMD3","Bin_3",-0.896907511267369,3,3.24775141533823,2,0.684480352711463
"COMMD3","Bin_4",-1.5278998013874,4,4.54685198147353,2,0.684480352711463
"COMMD3","Bin_5",-1.47446183676127,5,5.84595254760882,2,0.684480352711463
"COMMD3","Bin_6",-1.28733057915596,6,7.14505311374411,2,0.684480352711463
"COMMD3","Bin_7",-1.2820197132109,7,8.4441536798794,2,0.684480352711463
"COMMD3","Bin_8",-1.24692518850752,8,9.7432542460147,2,0.684480352711463
"COMMD3","Bin_9",0.208633565144823,9,11.04235481215,2,0.684480352711463
"COMMD3","Bin_10",0.836172360686661,10,12.3414553782853,2,0.684480352711463
"COMMD3","Bin_11",0.977408310910595,11,13.6405559444206,2,0.684480352711463
"COMMD3","Bin_12",0.742973883269721,12,14.9396565105559,2,0.684480352711463
"COMMD3","Bin_13",0.743060683292639,13,16.2387570766912,2,0.684480352711463
"COMMD3","Bin_14",0.863910799572735,14,17.5378576428265,2,0.684480352711463
"COMMD3","Bin_15",0.822688897015804,15,18.8369582089617,2,0.684480352711463
"COMMD3","Bin_16",0.525348188778427,16,20.136058775097,2,0.684480352711463
"COMMD3","Bin_17",0.517107198218823,17,21.4351593412323,2,0.684480352711463
"COMMD3","Bin_18",0.972833188001645,18,22.7342599073676,2,0.684480352711463
"COMMD3","Bin_19",1.01477231627248,19,24.0333604735029,2,0.684480352711463
"COMMD3","Bin_20",0.901850054909448,20,25.3324610396382,2,0.684480352711463
"SERTAD4-AS1","Bin_1",-1.09749865570413,1,0.649550283067647,2,0.516477097781873
"SERTAD4-AS1","Bin_2",-0.964118899606705,2,1.94865084920294,2,0.516477097781873
"SERTAD4-AS1","Bin_3",-0.373369348912468,3,3.24775141533823,2,0.516477097781873
"SERTAD4-AS1","Bin_4",-0.304357890715318,4,4.54685198147353,2,0.516477097781873
"SERTAD4-AS1","Bin_5",-1.16592637511586,5,5.84595254760882,2,0.516477097781873
"SERTAD4-AS1","Bin_6",-1.35825890693191,6,7.14505311374411,2,0.516477097781873
"SERTAD4-AS1","Bin_7",-1.03796364748294,7,8.4441536798794,2,0.516477097781873
"SERTAD4-AS1","Bin_8",-0.894286088454945,8,9.7432542460147,2,0.516477097781873
"SERTAD4-AS1","Bin_9",-0.863779448031615,9,11.04235481215,2,0.516477097781873
"SERTAD4-AS1","Bin_10",-0.58335617257918,10,12.3414553782853,2,0.516477097781873
"SERTAD4-AS1","Bin_11",0.161532836841927,11,13.6405559444206,2,0.516477097781873
"SERTAD4-AS1","Bin_12",-0.0537972191455487,12,14.9396565105559,2,0.516477097781873
"SERTAD4-AS1","Bin_13",0.488548351030218,13,16.2387570766912,2,0.516477097781873
"SERTAD4-AS1","Bin_14",1.6160409533394,14,17.5378576428265,2,0.516477097781873
"SERTAD4-AS1","Bin_15",0.852548965352984,15,18.8369582089617,2,0.516477097781873
"SERTAD4-AS1","Bin_16",0.729694744884453,16,20.136058775097,2,0.516477097781873
"SERTAD4-AS1","Bin_17",0.969723594760133,17,21.4351593412323,2,0.516477097781873
"SERTAD4-AS1","Bin_18",1.76591756244778,18,22.7342599073676,2,0.516477097781873
"SERTAD4-AS1","Bin_19",0.920327616968559,19,24.0333604735029,2,0.516477097781873
"SERTAD4-AS1","Bin_20",1.19237802705516,20,25.3324610396382,2,0.516477097781873
"HIGD2A","Bin_1",-0.460141528408217,1,0.649550283067647,2,0.621080995370207
"HIGD2A","Bin_2",-1.18404548953813,2,1.94865084920294,2,0.621080995370207
"HIGD2A","Bin_3",-0.992316455470386,3,3.24775141533823,2,0.621080995370207
"HIGD2A","Bin_4",-1.27869972161,4,4.54685198147353,2,0.621080995370207
"HIGD2A","Bin_5",-1.56364627784085,5,5.84595254760882,2,0.621080995370207
"HIGD2A","Bin_6",-1.2191968845201,6,7.14505311374411,2,0.621080995370207
"HIGD2A","Bin_7",-1.60935516237999,7,8.4441536798794,2,0.621080995370207
"HIGD2A","Bin_8",-0.596305069668433,8,9.7432542460147,2,0.621080995370207
"HIGD2A","Bin_9",1.1063976271335,9,11.04235481215,2,0.621080995370207
"HIGD2A","Bin_10",0.910779778339165,10,12.3414553782853,2,0.621080995370207
"HIGD2A","Bin_11",0.760739528550883,11,13.6405559444206,2,0.621080995370207
"HIGD2A","Bin_12",0.983565911249597,12,14.9396565105559,2,0.621080995370207
"HIGD2A","Bin_13",1.16771536928943,13,16.2387570766912,2,0.621080995370207
"HIGD2A","Bin_14",1.1414245918876,14,17.5378576428265,2,0.621080995370207
"HIGD2A","Bin_15",0.776137966245038,15,18.8369582089617,2,0.621080995370207
"HIGD2A","Bin_16",0.464743223502858,16,20.136058775097,2,0.621080995370207
"HIGD2A","Bin_17",0.134156027189108,17,21.4351593412323,2,0.621080995370207
"HIGD2A","Bin_18",0.376635857111436,18,22.7342599073676,2,0.621080995370207
"HIGD2A","Bin_19",0.366949891000486,19,24.0333604735029,2,0.621080995370207
"HIGD2A","Bin_20",0.714460817936994,20,25.3324610396382,2,0.621080995370207
"MEAF6","Bin_1",0.0775925532352547,1,0.649550283067647,2,0.672981629984403
"MEAF6","Bin_2",-0.924041316687842,2,1.94865084920294,2,0.672981629984403
"MEAF6","Bin_3",-1.22948222306664,3,3.24775141533823,2,0.672981629984403
"MEAF6","Bin_4",-1.16355957874242,4,4.54685198147353,2,0.672981629984403
"MEAF6","Bin_5",-1.57790036580743,5,5.84595254760882,2,0.672981629984403
"MEAF6","Bin_6",-2.04597534523678,6,7.14505311374411,2,0.672981629984403
"MEAF6","Bin_7",-1.23472336992083,7,8.4441536798794,2,0.672981629984403
"MEAF6","Bin_8",-0.21427970088812,8,9.7432542460147,2,0.672981629984403
"MEAF6","Bin_9",0.585230303470419,9,11.04235481215,2,0.672981629984403
"MEAF6","Bin_10",1.03916945599038,10,12.3414553782853,2,0.672981629984403
"MEAF6","Bin_11",1.03422712859628,11,13.6405559444206,2,0.672981629984403
"MEAF6","Bin_12",0.813176924636136,12,14.9396565105559,2,0.672981629984403
"MEAF6","Bin_13",0.358183739562614,13,16.2387570766912,2,0.672981629984403
"MEAF6","Bin_14",0.0130347899611621,14,17.5378576428265,2,0.672981629984403
"MEAF6","Bin_15",0.299070939277713,15,18.8369582089617,2,0.672981629984403
"MEAF6","Bin_16",0.714723171679982,16,20.136058775097,2,0.672981629984403
"MEAF6","Bin_17",0.664469131743906,17,21.4351593412323,2,0.672981629984403
"MEAF6","Bin_18",0.6897893569097,18,22.7342599073676,2,0.672981629984403
"MEAF6","Bin_19",1.15397048924988,19,24.0333604735029,2,0.672981629984403
"MEAF6","Bin_20",0.947323916036644,20,25.3324610396382,2,0.672981629984403
"COX5B","Bin_1",-0.00217639398317428,1,0.649550283067647,2,0.580925547421055
"COX5B","Bin_2",-0.705221531389951,2,1.94865084920294,2,0.580925547421055
"COX5B","Bin_3",-0.848114954755951,3,3.24775141533823,2,0.580925547421055
"COX5B","Bin_4",-0.324813193673293,4,4.54685198147353,2,0.580925547421055
"COX5B","Bin_5",-0.650544135945286,5,5.84595254760882,2,0.580925547421055
"COX5B","Bin_6",-2.73255242733299,6,7.14505311374411,2,0.580925547421055
"COX5B","Bin_7",-1.85761150563944,7,8.4441536798794,2,0.580925547421055
"COX5B","Bin_8",-0.378500465734556,8,9.7432542460147,2,0.580925547421055
"COX5B","Bin_9",0.491922046544532,9,11.04235481215,2,0.580925547421055
"COX5B","Bin_10",0.567182576621058,10,12.3414553782853,2,0.580925547421055
"COX5B","Bin_11",0.40114966621889,11,13.6405559444206,2,0.580925547421055
"COX5B","Bin_12",0.42324736712683,12,14.9396565105559,2,0.580925547421055
"COX5B","Bin_13",0.4474371307579,13,16.2387570766912,2,0.580925547421055
"COX5B","Bin_14",0.261436432542348,14,17.5378576428265,2,0.580925547421055
"COX5B","Bin_15",0.421730833635268,15,18.8369582089617,2,0.580925547421055
"COX5B","Bin_16",0.245847228181038,16,20.136058775097,2,0.580925547421055
"COX5B","Bin_17",0.699259880431163,17,21.4351593412323,2,0.580925547421055
"COX5B","Bin_18",0.952130299937345,18,22.7342599073676,2,0.580925547421055
"COX5B","Bin_19",1.15562353432922,19,24.0333604735029,2,0.580925547421055
"COX5B","Bin_20",1.43256761212905,20,25.3324610396382,2,0.580925547421055
"EEF1B2","Bin_1",-0.695788073219921,1,0.649550283067647,2,0.549154323962774
"EEF1B2","Bin_2",-0.262277475356652,2,1.94865084920294,2,0.549154323962774
"EEF1B2","Bin_3",-0.313614110839047,3,3.24775141533823,2,0.549154323962774
"EEF1B2","Bin_4",-1.28477651008843,4,4.54685198147353,2,0.549154323962774
"EEF1B2","Bin_5",-0.510047567506445,5,5.84595254760882,2,0.549154323962774
"EEF1B2","Bin_6",-2.3469671781055,6,7.14505311374411,2,0.549154323962774
"EEF1B2","Bin_7",-2.08988137532763,7,8.4441536798794,2,0.549154323962774
"EEF1B2","Bin_8",-0.579668901380942,8,9.7432542460147,2,0.549154323962774
"EEF1B2","Bin_9",0.675467250196945,9,11.04235481215,2,0.549154323962774
"EEF1B2","Bin_10",0.668978220004209,10,12.3414553782853,2,0.549154323962774
"EEF1B2","Bin_11",0.595665235507454,11,13.6405559444206,2,0.549154323962774
"EEF1B2","Bin_12",0.609285889188549,12,14.9396565105559,2,0.549154323962774
"EEF1B2","Bin_13",1.12314975128242,13,16.2387570766912,2,0.549154323962774
"EEF1B2","Bin_14",1.15306256553095,14,17.5378576428265,2,0.549154323962774
"EEF1B2","Bin_15",0.553033127439046,15,18.8369582089617,2,0.549154323962774
"EEF1B2","Bin_16",0.286713938686636,16,20.136058775097,2,0.549154323962774
"EEF1B2","Bin_17",0.285131800359533,17,21.4351593412323,2,0.549154323962774
"EEF1B2","Bin_18",0.595874789247926,18,22.7342599073676,2,0.549154323962774
"EEF1B2","Bin_19",0.776427655180277,19,24.0333604735029,2,0.549154323962774
"EEF1B2","Bin_20",0.760230969200628,20,25.3324610396382,2,0.549154323962774
"MRPS33","Bin_1",-0.111902702798996,1,0.649550283067647,2,0.681905852914083
"MRPS33","Bin_2",-0.977101237117956,2,1.94865084920294,2,0.681905852914083
"MRPS33","Bin_3",-0.93990235427715,3,3.24775141533823,2,0.681905852914083
"MRPS33","Bin_4",-0.893966241337355,4,4.54685198147353,2,0.681905852914083
"MRPS33","Bin_5",-1.28421426430891,5,5.84595254760882,2,0.681905852914083
"MRPS33","Bin_6",-2.10464662713052,6,7.14505311374411,2,0.681905852914083
"MRPS33","Bin_7",-1.28874484997881,7,8.4441536798794,2,0.681905852914083
"MRPS33","Bin_8",-1.27805855369686,8,9.7432542460147,2,0.681905852914083
"MRPS33","Bin_9",0.529299417334879,9,11.04235481215,2,0.681905852914083
"MRPS33","Bin_10",0.734816976386711,10,12.3414553782853,2,0.681905852914083
"MRPS33","Bin_11",0.819769306600742,11,13.6405559444206,2,0.681905852914083
"MRPS33","Bin_12",0.617963158257027,12,14.9396565105559,2,0.681905852914083
"MRPS33","Bin_13",0.703649715512749,13,16.2387570766912,2,0.681905852914083
"MRPS33","Bin_14",0.723815560328429,14,17.5378576428265,2,0.681905852914083
"MRPS33","Bin_15",0.596908600033983,15,18.8369582089617,2,0.681905852914083
"MRPS33","Bin_16",0.572427632282861,16,20.136058775097,2,0.681905852914083
"MRPS33","Bin_17",0.600307858915822,17,21.4351593412323,2,0.681905852914083
"MRPS33","Bin_18",0.761727766350426,18,22.7342599073676,2,0.681905852914083
"MRPS33","Bin_19",1.10304595096222,19,24.0333604735029,2,0.681905852914083
"MRPS33","Bin_20",1.11480488768071,20,25.3324610396382,2,0.681905852914083
"YWHAQ","Bin_1",-0.628722617172805,1,0.649550283067647,2,0.672066638391667
"YWHAQ","Bin_2",-1.00763748854691,2,1.94865084920294,2,0.672066638391667
"YWHAQ","Bin_3",-0.978702186110543,3,3.24775141533823,2,0.672066638391667
"YWHAQ","Bin_4",-1.11204860152923,4,4.54685198147353,2,0.672066638391667
"YWHAQ","Bin_5",-1.61163946518693,5,5.84595254760882,2,0.672066638391667
"YWHAQ","Bin_6",-1.60942477220981,6,7.14505311374411,2,0.672066638391667
"YWHAQ","Bin_7",-1.54003515328809,7,8.4441536798794,2,0.672066638391667
"YWHAQ","Bin_8",0.150008888326137,8,9.7432542460147,2,0.672066638391667
"YWHAQ","Bin_9",0.809573180776078,9,11.04235481215,2,0.672066638391667
"YWHAQ","Bin_10",1.29057854887024,10,12.3414553782853,2,0.672066638391667
"YWHAQ","Bin_11",0.902040952316473,11,13.6405559444206,2,0.672066638391667
"YWHAQ","Bin_12",0.719818303702239,12,14.9396565105559,2,0.672066638391667
"YWHAQ","Bin_13",0.257119251263511,13,16.2387570766912,2,0.672066638391667
"YWHAQ","Bin_14",-0.0159493696879943,14,17.5378576428265,2,0.672066638391667
"YWHAQ","Bin_15",0.247351808657533,15,18.8369582089617,2,0.672066638391667
"YWHAQ","Bin_16",0.377741754977629,16,20.136058775097,2,0.672066638391667
"YWHAQ","Bin_17",0.509828597298243,17,21.4351593412323,2,0.672066638391667
"YWHAQ","Bin_18",0.806207074846066,18,22.7342599073676,2,0.672066638391667
"YWHAQ","Bin_19",1.31223678231677,19,24.0333604735029,2,0.672066638391667
"YWHAQ","Bin_20",1.12165451038138,20,25.3324610396382,2,0.672066638391667
"NCBP2","Bin_1",-0.839913267689117,1,0.649550283067647,2,0.419256026489435
"NCBP2","Bin_2",-1.30053917610793,2,1.94865084920294,2,0.419256026489435
"NCBP2","Bin_3",-1.20944393896345,3,3.24775141533823,2,0.419256026489435
"NCBP2","Bin_4",-1.30670534460191,4,4.54685198147353,2,0.419256026489435
"NCBP2","Bin_5",-1.46180653524257,5,5.84595254760882,2,0.419256026489435
"NCBP2","Bin_6",2.09067953709904,6,7.14505311374411,2,0.419256026489435
"NCBP2","Bin_7",-0.315518522890091,7,8.4441536798794,2,0.419256026489435
"NCBP2","Bin_8",-1.65764447687113,8,9.7432542460147,2,0.419256026489435
"NCBP2","Bin_9",0.767594276515457,9,11.04235481215,2,0.419256026489435
"NCBP2","Bin_10",0.688854858594737,10,12.3414553782853,2,0.419256026489435
"NCBP2","Bin_11",0.756686670045631,11,13.6405559444206,2,0.419256026489435
"NCBP2","Bin_12",0.526051434692922,12,14.9396565105559,2,0.419256026489435
"NCBP2","Bin_13",0.0632602258876549,13,16.2387570766912,2,0.419256026489435
"NCBP2","Bin_14",0.181457898009698,14,17.5378576428265,2,0.419256026489435
"NCBP2","Bin_15",0.108395356340717,15,18.8369582089617,2,0.419256026489435
"NCBP2","Bin_16",0.246134889242997,16,20.136058775097,2,0.419256026489435
"NCBP2","Bin_17",0.24795449295074,17,21.4351593412323,2,0.419256026489435
"NCBP2","Bin_18",0.722851945182088,18,22.7342599073676,2,0.419256026489435
"NCBP2","Bin_19",0.988356186841096,19,24.0333604735029,2,0.419256026489435
"NCBP2","Bin_20",0.703293490963431,20,25.3324610396382,2,0.419256026489435
"HSBP1","Bin_1",0.682093544593283,1,0.649550283067647,2,0.608090463189509
"HSBP1","Bin_2",-0.772831812239251,2,1.94865084920294,2,0.608090463189509
"HSBP1","Bin_3",-1.37180083765239,3,3.24775141533823,2,0.608090463189509
"HSBP1","Bin_4",-0.877316703658774,4,4.54685198147353,2,0.608090463189509
"HSBP1","Bin_5",-0.692758567049397,5,5.84595254760882,2,0.608090463189509
"HSBP1","Bin_6",-2.07073603152936,6,7.14505311374411,2,0.608090463189509
"HSBP1","Bin_7",-1.70898477226294,7,8.4441536798794,2,0.608090463189509
"HSBP1","Bin_8",-0.924575972869438,8,9.7432542460147,2,0.608090463189509
"HSBP1","Bin_9",0.436095887390962,9,11.04235481215,2,0.608090463189509
"HSBP1","Bin_10",0.80866840776027,10,12.3414553782853,2,0.608090463189509
"HSBP1","Bin_11",0.727833427101696,11,13.6405559444206,2,0.608090463189509
"HSBP1","Bin_12",0.513171927593591,12,14.9396565105559,2,0.608090463189509
"HSBP1","Bin_13",0.155273074327965,13,16.2387570766912,2,0.608090463189509
"HSBP1","Bin_14",-0.00955423209381537,14,17.5378576428265,2,0.608090463189509
"HSBP1","Bin_15",0.371932717893557,15,18.8369582089617,2,0.608090463189509
"HSBP1","Bin_16",0.422748494037268,16,20.136058775097,2,0.608090463189509
"HSBP1","Bin_17",0.878858422632969,17,21.4351593412323,2,0.608090463189509
"HSBP1","Bin_18",0.938005017970566,18,22.7342599073676,2,0.608090463189509
"HSBP1","Bin_19",1.21374461376689,19,24.0333604735029,2,0.608090463189509
"HSBP1","Bin_20",1.28013339428635,20,25.3324610396382,2,0.608090463189509
"PCNA","Bin_1",-0.975069982147444,1,0.649550283067647,2,0.652858042778933
"PCNA","Bin_2",-1.42893710587819,2,1.94865084920294,2,0.652858042778933
"PCNA","Bin_3",-1.42290350090507,3,3.24775141533823,2,0.652858042778933
"PCNA","Bin_4",-0.641932170110449,4,4.54685198147353,2,0.652858042778933
"PCNA","Bin_5",-0.883767016611561,5,5.84595254760882,2,0.652858042778933
"PCNA","Bin_6",-1.821212369209,6,7.14505311374411,2,0.652858042778933
"PCNA","Bin_7",-1.20266840332808,7,8.4441536798794,2,0.652858042778933
"PCNA","Bin_8",-0.14645054353203,8,9.7432542460147,2,0.652858042778933
"PCNA","Bin_9",0.794733306624863,9,11.04235481215,2,0.652858042778933
"PCNA","Bin_10",1.36463992342143,10,12.3414553782853,2,0.652858042778933
"PCNA","Bin_11",0.575719724790502,11,13.6405559444206,2,0.652858042778933
"PCNA","Bin_12",0.392599260186256,12,14.9396565105559,2,0.652858042778933
"PCNA","Bin_13",1.02880765280819,13,16.2387570766912,2,0.652858042778933
"PCNA","Bin_14",0.77125341784094,14,17.5378576428265,2,0.652858042778933
"PCNA","Bin_15",0.117262528655508,15,18.8369582089617,2,0.652858042778933
"PCNA","Bin_16",0.673340242845987,16,20.136058775097,2,0.652858042778933
"PCNA","Bin_17",0.0802446449070817,17,21.4351593412323,2,0.652858042778933
"PCNA","Bin_18",0.492889606103249,18,22.7342599073676,2,0.652858042778933
"PCNA","Bin_19",0.827612992417127,19,24.0333604735029,2,0.652858042778933
"PCNA","Bin_20",1.40383779112069,20,25.3324610396382,2,0.652858042778933
"SERP1","Bin_1",-0.917975028050217,1,0.649550283067647,2,0.680660386976166
"SERP1","Bin_2",-1.34958199134956,2,1.94865084920294,2,0.680660386976166
"SERP1","Bin_3",-1.56813569849161,3,3.24775141533823,2,0.680660386976166
"SERP1","Bin_4",-0.628573173087329,4,4.54685198147353,2,0.680660386976166
"SERP1","Bin_5",-1.15935843297943,5,5.84595254760882,2,0.680660386976166
"SERP1","Bin_6",-1.96930184922614,6,7.14505311374411,2,0.680660386976166
"SERP1","Bin_7",-1.11775470558056,7,8.4441536798794,2,0.680660386976166
"SERP1","Bin_8",-0.0071662221353324,8,9.7432542460147,2,0.680660386976166
"SERP1","Bin_9",0.580483961805642,9,11.04235481215,2,0.680660386976166
"SERP1","Bin_10",0.864680834383678,10,12.3414553782853,2,0.680660386976166
"SERP1","Bin_11",0.64014704727501,11,13.6405559444206,2,0.680660386976166
"SERP1","Bin_12",0.815879982315553,12,14.9396565105559,2,0.680660386976166
"SERP1","Bin_13",0.347945697239036,13,16.2387570766912,2,0.680660386976166
"SERP1","Bin_14",0.353806348813008,14,17.5378576428265,2,0.680660386976166
"SERP1","Bin_15",0.752810934483367,15,18.8369582089617,2,0.680660386976166
"SERP1","Bin_16",0.909652682875611,16,20.136058775097,2,0.680660386976166
"SERP1","Bin_17",1.24788356034972,17,21.4351593412323,2,0.680660386976166
"SERP1","Bin_18",0.865013185295112,18,22.7342599073676,2,0.680660386976166
"SERP1","Bin_19",0.728672458113844,19,24.0333604735029,2,0.680660386976166
"SERP1","Bin_20",0.610870407950601,20,25.3324610396382,2,0.680660386976166
"TRAPPC4","Bin_1",-0.851930700324387,1,0.649550283067647,2,0.717496843695598
"TRAPPC4","Bin_2",-1.20353408132711,2,1.94865084920294,2,0.717496843695598
"TRAPPC4","Bin_3",-1.3225467698069,3,3.24775141533823,2,0.717496843695598
"TRAPPC4","Bin_4",-1.21179241249194,4,4.54685198147353,2,0.717496843695598
"TRAPPC4","Bin_5",-1.5434430466844,5,5.84595254760882,2,0.717496843695598
"TRAPPC4","Bin_6",-1.03928491408809,6,7.14505311374411,2,0.717496843695598
"TRAPPC4","Bin_7",-1.44652452764813,7,8.4441536798794,2,0.717496843695598
"TRAPPC4","Bin_8",-0.39588185384361,8,9.7432542460147,2,0.717496843695598
"TRAPPC4","Bin_9",0.533222007703371,9,11.04235481215,2,0.717496843695598
"TRAPPC4","Bin_10",1.1687900924651,10,12.3414553782853,2,0.717496843695598
"TRAPPC4","Bin_11",0.837357414299579,11,13.6405559444206,2,0.717496843695598
"TRAPPC4","Bin_12",0.407748496868831,12,14.9396565105559,2,0.717496843695598
"TRAPPC4","Bin_13",0.536945940015644,13,16.2387570766912,2,0.717496843695598
"TRAPPC4","Bin_14",0.368242469320404,14,17.5378576428265,2,0.717496843695598
"TRAPPC4","Bin_15",0.512808795952405,15,18.8369582089617,2,0.717496843695598
"TRAPPC4","Bin_16",0.564357811703974,16,20.136058775097,2,0.717496843695598
"TRAPPC4","Bin_17",0.676110007212289,17,21.4351593412323,2,0.717496843695598
"TRAPPC4","Bin_18",1.06922009971117,18,22.7342599073676,2,0.717496843695598
"TRAPPC4","Bin_19",1.30232258045503,19,24.0333604735029,2,0.717496843695598
"TRAPPC4","Bin_20",1.03781259050678,20,25.3324610396382,2,0.717496843695598
"JUNB","Bin_1",0.292302227226977,1,0.649550283067647,2,0.418838390456702
"JUNB","Bin_2",0.832240248305584,2,1.94865084920294,2,0.418838390456702
"JUNB","Bin_3",0.108773454850526,3,3.24775141533823,2,0.418838390456702
"JUNB","Bin_4",-1.37345709056344,4,4.54685198147353,2,0.418838390456702
"JUNB","Bin_5",-2.14009298751644,5,5.84595254760882,2,0.418838390456702
"JUNB","Bin_6",-1.6035919572015,6,7.14505311374411,2,0.418838390456702
"JUNB","Bin_7",-1.06452316755583,7,8.4441536798794,2,0.418838390456702
"JUNB","Bin_8",-1.65486968317432,8,9.7432542460147,2,0.418838390456702
"JUNB","Bin_9",-0.142755727736851,9,11.04235481215,2,0.418838390456702
"JUNB","Bin_10",0.121314942941402,10,12.3414553782853,2,0.418838390456702
"JUNB","Bin_11",0.374617183952606,11,13.6405559444206,2,0.418838390456702
"JUNB","Bin_12",0.396844029730907,12,14.9396565105559,2,0.418838390456702
"JUNB","Bin_13",0.262208252847108,13,16.2387570766912,2,0.418838390456702
"JUNB","Bin_14",0.739450153753466,14,17.5378576428265,2,0.418838390456702
"JUNB","Bin_15",0.826228769382496,15,18.8369582089617,2,0.418838390456702
"JUNB","Bin_16",0.430817208632989,16,20.136058775097,2,0.418838390456702
"JUNB","Bin_17",0.474412144157373,17,21.4351593412323,2,0.418838390456702
"JUNB","Bin_18",0.944988256370058,18,22.7342599073676,2,0.418838390456702
"JUNB","Bin_19",1.08019246956356,19,24.0333604735029,2,0.418838390456702
"JUNB","Bin_20",1.09490127203333,20,25.3324610396382,2,0.418838390456702
"GNL2","Bin_1",-1.35570073724539,1,0.649550283067647,2,0.663208968196716
"GNL2","Bin_2",-1.07902419273344,2,1.94865084920294,2,0.663208968196716
"GNL2","Bin_3",-1.20604375452281,3,3.24775141533823,2,0.663208968196716
"GNL2","Bin_4",-0.970492590069383,4,4.54685198147353,2,0.663208968196716
"GNL2","Bin_5",-1.29337223240425,5,5.84595254760882,2,0.663208968196716
"GNL2","Bin_6",-1.82757519353917,6,7.14505311374411,2,0.663208968196716
"GNL2","Bin_7",-0.0700675829426402,7,8.4441536798794,2,0.663208968196716
"GNL2","Bin_8",-0.230779321396716,8,9.7432542460147,2,0.663208968196716
"GNL2","Bin_9",0.310142337117733,9,11.04235481215,2,0.663208968196716
"GNL2","Bin_10",1.10185196234556,10,12.3414553782853,2,0.663208968196716
"GNL2","Bin_11",0.938516235492245,11,13.6405559444206,2,0.663208968196716
"GNL2","Bin_12",0.374736798727553,12,14.9396565105559,2,0.663208968196716
"GNL2","Bin_13",0.131298033790784,13,16.2387570766912,2,0.663208968196716
"GNL2","Bin_14",0.0583423743378181,14,17.5378576428265,2,0.663208968196716
"GNL2","Bin_15",0.0671275590262682,15,18.8369582089617,2,0.663208968196716
"GNL2","Bin_16",0.537595643260105,16,20.136058775097,2,0.663208968196716
"GNL2","Bin_17",0.676687802546489,17,21.4351593412323,2,0.663208968196716
"GNL2","Bin_18",0.729096860050293,18,22.7342599073676,2,0.663208968196716
"GNL2","Bin_19",1.73610036266588,19,24.0333604735029,2,0.663208968196716
"GNL2","Bin_20",1.37155963549307,20,25.3324610396382,2,0.663208968196716
"CKS1B","Bin_1",-1.5016933569952,1,0.649550283067647,2,0.60073568942843
"CKS1B","Bin_2",-1.33099633775139,2,1.94865084920294,2,0.60073568942843
"CKS1B","Bin_3",-1.30033752290964,3,3.24775141533823,2,0.60073568942843
"CKS1B","Bin_4",-0.246367613839861,4,4.54685198147353,2,0.60073568942843
"CKS1B","Bin_5",-0.700355367722972,5,5.84595254760882,2,0.60073568942843
"CKS1B","Bin_6",-1.20164478551625,6,7.14505311374411,2,0.60073568942843
"CKS1B","Bin_7",-1.46303685599315,7,8.4441536798794,2,0.60073568942843
"CKS1B","Bin_8",-0.0197007321880924,8,9.7432542460147,2,0.60073568942843
"CKS1B","Bin_9",0.118893136875709,9,11.04235481215,2,0.60073568942843
"CKS1B","Bin_10",0.418466372361217,10,12.3414553782853,2,0.60073568942843
"CKS1B","Bin_11",1.67550808789886,11,13.6405559444206,2,0.60073568942843
"CKS1B","Bin_12",0.127694474714719,12,14.9396565105559,2,0.60073568942843
"CKS1B","Bin_13",0.123315607131064,13,16.2387570766912,2,0.60073568942843
"CKS1B","Bin_14",0.152235242788527,14,17.5378576428265,2,0.60073568942843
"CKS1B","Bin_15",0.0535192706881974,15,18.8369582089617,2,0.60073568942843
"CKS1B","Bin_16",0.90176815778546,16,20.136058775097,2,0.60073568942843
"CKS1B","Bin_17",1.12351198436498,17,21.4351593412323,2,0.60073568942843
"CKS1B","Bin_18",0.532222400630256,18,22.7342599073676,2,0.60073568942843
"CKS1B","Bin_19",0.760835584896796,19,24.0333604735029,2,0.60073568942843
"CKS1B","Bin_20",1.77616225278077,20,25.3324610396382,2,0.60073568942843
"ALDH16A1","Bin_1",-1.00113605913614,1,0.649550283067647,2,0.684813368998446
"ALDH16A1","Bin_2",-1.11883434611967,2,1.94865084920294,2,0.684813368998446
"ALDH16A1","Bin_3",-1.26173369703702,3,3.24775141533823,2,0.684813368998446
"ALDH16A1","Bin_4",-1.2653970112437,4,4.54685198147353,2,0.684813368998446
"ALDH16A1","Bin_5",-1.46412172269224,5,5.84595254760882,2,0.684813368998446
"ALDH16A1","Bin_6",-1.61982054816422,6,7.14505311374411,2,0.684813368998446
"ALDH16A1","Bin_7",-0.0978403507926307,7,8.4441536798794,2,0.684813368998446
"ALDH16A1","Bin_8",-0.637549616832429,8,9.7432542460147,2,0.684813368998446
"ALDH16A1","Bin_9",-0.258137955233573,9,11.04235481215,2,0.684813368998446
"ALDH16A1","Bin_10",0.522670206383721,10,12.3414553782853,2,0.684813368998446
"ALDH16A1","Bin_11",0.792206864736162,11,13.6405559444206,2,0.684813368998446
"ALDH16A1","Bin_12",0.397405164901572,12,14.9396565105559,2,0.684813368998446
"ALDH16A1","Bin_13",0.340898474470374,13,16.2387570766912,2,0.684813368998446
"ALDH16A1","Bin_14",0.801161934880132,14,17.5378576428265,2,0.684813368998446
"ALDH16A1","Bin_15",0.315321176408998,15,18.8369582089617,2,0.684813368998446
"ALDH16A1","Bin_16",0.923875280382142,16,20.136058775097,2,0.684813368998446
"ALDH16A1","Bin_17",0.869901922656988,17,21.4351593412323,2,0.684813368998446
"ALDH16A1","Bin_18",1.05449547553061,18,22.7342599073676,2,0.684813368998446
"ALDH16A1","Bin_19",1.3778971466,19,24.0333604735029,2,0.684813368998446
"ALDH16A1","Bin_20",1.32873766030092,20,25.3324610396382,2,0.684813368998446
"CHCHD2","Bin_1",-0.689777235108249,1,0.649550283067647,2,0.627175004253031
"CHCHD2","Bin_2",-1.09618721528168,2,1.94865084920294,2,0.627175004253031
"CHCHD2","Bin_3",-1.06386654394526,3,3.24775141533823,2,0.627175004253031
"CHCHD2","Bin_4",-0.013081243025229,4,4.54685198147353,2,0.627175004253031
"CHCHD2","Bin_5",-1.00478962087771,5,5.84595254760882,2,0.627175004253031
"CHCHD2","Bin_6",-2.47288728669557,6,7.14505311374411,2,0.627175004253031
"CHCHD2","Bin_7",-1.71598146948901,7,8.4441536798794,2,0.627175004253031
"CHCHD2","Bin_8",-0.358170304466081,8,9.7432542460147,2,0.627175004253031
"CHCHD2","Bin_9",0.817733189371228,9,11.04235481215,2,0.627175004253031
"CHCHD2","Bin_10",0.8251576178336,10,12.3414553782853,2,0.627175004253031
"CHCHD2","Bin_11",0.657819385194164,11,13.6405559444206,2,0.627175004253031
"CHCHD2","Bin_12",0.690106828609564,12,14.9396565105559,2,0.627175004253031
"CHCHD2","Bin_13",0.571156750092599,13,16.2387570766912,2,0.627175004253031
"CHCHD2","Bin_14",0.548297946768565,14,17.5378576428265,2,0.627175004253031
"CHCHD2","Bin_15",0.648297963438292,15,18.8369582089617,2,0.627175004253031
"CHCHD2","Bin_16",0.636954373635538,16,20.136058775097,2,0.627175004253031
"CHCHD2","Bin_17",0.735608899410053,17,21.4351593412323,2,0.627175004253031
"CHCHD2","Bin_18",0.726691477526178,18,22.7342599073676,2,0.627175004253031
"CHCHD2","Bin_19",0.791725877450517,19,24.0333604735029,2,0.627175004253031
"CHCHD2","Bin_20",0.765190609558477,20,25.3324610396382,2,0.627175004253031
"SRSF9","Bin_1",0.0934963822807594,1,0.649550283067647,2,0.659670982278806
"SRSF9","Bin_2",-1.0369133504766,2,1.94865084920294,2,0.659670982278806
"SRSF9","Bin_3",-1.06754114173478,3,3.24775141533823,2,0.659670982278806
"SRSF9","Bin_4",-0.926764430949201,4,4.54685198147353,2,0.659670982278806
"SRSF9","Bin_5",-0.894395142559846,5,5.84595254760882,2,0.659670982278806
"SRSF9","Bin_6",-1.74581323024585,6,7.14505311374411,2,0.659670982278806
"SRSF9","Bin_7",-1.97373793939637,7,8.4441536798794,2,0.659670982278806
"SRSF9","Bin_8",-1.07238824865941,8,9.7432542460147,2,0.659670982278806
"SRSF9","Bin_9",0.37354371892206,9,11.04235481215,2,0.659670982278806
"SRSF9","Bin_10",0.948906912034847,10,12.3414553782853,2,0.659670982278806
"SRSF9","Bin_11",0.897205017334439,11,13.6405559444206,2,0.659670982278806
"SRSF9","Bin_12",0.684617927957032,12,14.9396565105559,2,0.659670982278806
"SRSF9","Bin_13",0.474716592944356,13,16.2387570766912,2,0.659670982278806
"SRSF9","Bin_14",0.334189136394843,14,17.5378576428265,2,0.659670982278806
"SRSF9","Bin_15",0.425413734289002,15,18.8369582089617,2,0.659670982278806
"SRSF9","Bin_16",0.725962965750061,16,20.136058775097,2,0.659670982278806
"SRSF9","Bin_17",0.770372948628441,17,21.4351593412323,2,0.659670982278806
"SRSF9","Bin_18",0.749618787375879,18,22.7342599073676,2,0.659670982278806
"SRSF9","Bin_19",1.08592246005898,19,24.0333604735029,2,0.659670982278806
"SRSF9","Bin_20",1.15358690005136,20,25.3324610396382,2,0.659670982278806
"NDUFS2","Bin_1",-0.470775585803839,1,0.649550283067647,2,0.680031439404581
"NDUFS2","Bin_2",-1.005377401167,2,1.94865084920294,2,0.680031439404581
"NDUFS2","Bin_3",-1.35836406430425,3,3.24775141533823,2,0.680031439404581
"NDUFS2","Bin_4",-0.941479043395789,4,4.54685198147353,2,0.680031439404581
"NDUFS2","Bin_5",-1.44567181832307,5,5.84595254760882,2,0.680031439404581
"NDUFS2","Bin_6",-2.10905451144501,6,7.14505311374411,2,0.680031439404581
"NDUFS2","Bin_7",-0.940972387025033,7,8.4441536798794,2,0.680031439404581
"NDUFS2","Bin_8",-0.127788565290694,8,9.7432542460147,2,0.680031439404581
"NDUFS2","Bin_9",0.426366334673623,9,11.04235481215,2,0.680031439404581
"NDUFS2","Bin_10",0.321520411604841,10,12.3414553782853,2,0.680031439404581
"NDUFS2","Bin_11",0.832765906013461,11,13.6405559444206,2,0.680031439404581
"NDUFS2","Bin_12",0.389543513662263,12,14.9396565105559,2,0.680031439404581
"NDUFS2","Bin_13",0.931682738183455,13,16.2387570766912,2,0.680031439404581
"NDUFS2","Bin_14",0.893540167532941,14,17.5378576428265,2,0.680031439404581
"NDUFS2","Bin_15",0.303221504824591,15,18.8369582089617,2,0.680031439404581
"NDUFS2","Bin_16",0.40707240655537,16,20.136058775097,2,0.680031439404581
"NDUFS2","Bin_17",0.388172801029115,17,21.4351593412323,2,0.680031439404581
"NDUFS2","Bin_18",0.785265588424831,18,22.7342599073676,2,0.680031439404581
"NDUFS2","Bin_19",1.55289111027205,19,24.0333604735029,2,0.680031439404581
"NDUFS2","Bin_20",1.16744089397814,20,25.3324610396382,2,0.680031439404581
"TMED2","Bin_1",0.347847515571493,1,0.649550283067647,2,0.594061084255157
"TMED2","Bin_2",-0.721069843788661,2,1.94865084920294,2,0.594061084255157
"TMED2","Bin_3",-0.805775586409784,3,3.24775141533823,2,0.594061084255157
"TMED2","Bin_4",-0.743220718614073,4,4.54685198147353,2,0.594061084255157
"TMED2","Bin_5",-1.35743465378858,5,5.84595254760882,2,0.594061084255157
"TMED2","Bin_6",-2.45509132085029,6,7.14505311374411,2,0.594061084255157
"TMED2","Bin_7",-1.26969504947384,7,8.4441536798794,2,0.594061084255157
"TMED2","Bin_8",-0.372279652181802,8,9.7432542460147,2,0.594061084255157
"TMED2","Bin_9",0.0409420987611176,9,11.04235481215,2,0.594061084255157
"TMED2","Bin_10",0.272155887254499,10,12.3414553782853,2,0.594061084255157
"TMED2","Bin_11",0.430120614049538,11,13.6405559444206,2,0.594061084255157
"TMED2","Bin_12",0.228762635272709,12,14.9396565105559,2,0.594061084255157
"TMED2","Bin_13",0.0941431840923695,13,16.2387570766912,2,0.594061084255157
"TMED2","Bin_14",0.12609177988566,14,17.5378576428265,2,0.594061084255157
"TMED2","Bin_15",0.618693112441537,15,18.8369582089617,2,0.594061084255157
"TMED2","Bin_16",0.658120226647532,16,20.136058775097,2,0.594061084255157
"TMED2","Bin_17",1.73222471035605,17,21.4351593412323,2,0.594061084255157
"TMED2","Bin_18",1.14834137716701,18,22.7342599073676,2,0.594061084255157
"TMED2","Bin_19",1.0804084514069,19,24.0333604735029,2,0.594061084255157
"TMED2","Bin_20",0.946715232200621,20,25.3324610396382,2,0.594061084255157
"ASPG","Bin_1",-1.33272062561091,1,0.649550283067647,2,0.623817492678889
"ASPG","Bin_2",-1.33067508364805,2,1.94865084920294,2,0.623817492678889
"ASPG","Bin_3",-1.31902133510986,3,3.24775141533823,2,0.623817492678889
"ASPG","Bin_4",-1.31863334106072,4,4.54685198147353,2,0.623817492678889
"ASPG","Bin_5",-1.36390327835999,5,5.84595254760882,2,0.623817492678889
"ASPG","Bin_6",-0.14570143260466,6,7.14505311374411,2,0.623817492678889
"ASPG","Bin_7",-0.6997453093736,7,8.4441536798794,2,0.623817492678889
"ASPG","Bin_8",-0.874808619591914,8,9.7432542460147,2,0.623817492678889
"ASPG","Bin_9",1.13724902008185,9,11.04235481215,2,0.623817492678889
"ASPG","Bin_10",0.806672515470902,10,12.3414553782853,2,0.623817492678889
"ASPG","Bin_11",0.544897502100823,11,13.6405559444206,2,0.623817492678889
"ASPG","Bin_12",0.428865964265847,12,14.9396565105559,2,0.623817492678889
"ASPG","Bin_13",0.600683687707086,13,16.2387570766912,2,0.623817492678889
"ASPG","Bin_14",0.246395550092812,14,17.5378576428265,2,0.623817492678889
"ASPG","Bin_15",0.392929587604732,15,18.8369582089617,2,0.623817492678889
"ASPG","Bin_16",0.187660871881261,16,20.136058775097,2,0.623817492678889
"ASPG","Bin_17",0.395932194933105,17,21.4351593412323,2,0.623817492678889
"ASPG","Bin_18",0.980782181220965,18,22.7342599073676,2,0.623817492678889
"ASPG","Bin_19",2.08564669923109,19,24.0333604735029,2,0.623817492678889
"ASPG","Bin_20",0.577493250769243,20,25.3324610396382,2,0.623817492678889
"FAM213A","Bin_1",0.841738896072157,1,0.649550283067647,2,0.613507292700879
"FAM213A","Bin_2",-1.20481821265339,2,1.94865084920294,2,0.613507292700879
"FAM213A","Bin_3",-1.87522491927051,3,3.24775141533823,2,0.613507292700879
"FAM213A","Bin_4",-1.30326358922809,4,4.54685198147353,2,0.613507292700879
"FAM213A","Bin_5",-1.74219673475568,5,5.84595254760882,2,0.613507292700879
"FAM213A","Bin_6",-1.11227232779651,6,7.14505311374411,2,0.613507292700879
"FAM213A","Bin_7",-0.32051856941694,7,8.4441536798794,2,0.613507292700879
"FAM213A","Bin_8",-0.943243231558802,8,9.7432542460147,2,0.613507292700879
"FAM213A","Bin_9",0.136373186919918,9,11.04235481215,2,0.613507292700879
"FAM213A","Bin_10",0.82683928870256,10,12.3414553782853,2,0.613507292700879
"FAM213A","Bin_11",0.377703061804625,11,13.6405559444206,2,0.613507292700879
"FAM213A","Bin_12",0.805306783593386,12,14.9396565105559,2,0.613507292700879
"FAM213A","Bin_13",0.30544347223791,13,16.2387570766912,2,0.613507292700879
"FAM213A","Bin_14",0.406684150431901,14,17.5378576428265,2,0.613507292700879
"FAM213A","Bin_15",0.342050675142762,15,18.8369582089617,2,0.613507292700879
"FAM213A","Bin_16",0.506249374299151,16,20.136058775097,2,0.613507292700879
"FAM213A","Bin_17",0.588854514093564,17,21.4351593412323,2,0.613507292700879
"FAM213A","Bin_18",0.922443139813987,18,22.7342599073676,2,0.613507292700879
"FAM213A","Bin_19",1.38781105571382,19,24.0333604735029,2,0.613507292700879
"FAM213A","Bin_20",1.05403998585417,20,25.3324610396382,2,0.613507292700879
"MLEC","Bin_1",0.782423692441749,1,0.649550283067647,2,0.595486179207629
"MLEC","Bin_2",-0.999008289190877,2,1.94865084920294,2,0.595486179207629
"MLEC","Bin_3",-1.18177295194947,3,3.24775141533823,2,0.595486179207629
"MLEC","Bin_4",-0.835411830022709,4,4.54685198147353,2,0.595486179207629
"MLEC","Bin_5",-1.72650951840477,5,5.84595254760882,2,0.595486179207629
"MLEC","Bin_6",-1.30275726201549,6,7.14505311374411,2,0.595486179207629
"MLEC","Bin_7",-1.07872356691389,7,8.4441536798794,2,0.595486179207629
"MLEC","Bin_8",-0.889168097477706,8,9.7432542460147,2,0.595486179207629
"MLEC","Bin_9",-0.145353796663103,9,11.04235481215,2,0.595486179207629
"MLEC","Bin_10",0.351476636958809,10,12.3414553782853,2,0.595486179207629
"MLEC","Bin_11",0.526962293271899,11,13.6405559444206,2,0.595486179207629
"MLEC","Bin_12",-0.135533985574541,12,14.9396565105559,2,0.595486179207629
"MLEC","Bin_13",0.230151703922052,13,16.2387570766912,2,0.595486179207629
"MLEC","Bin_14",0.0358143650777517,14,17.5378576428265,2,0.595486179207629
"MLEC","Bin_15",0.219172631022884,15,18.8369582089617,2,0.595486179207629
"MLEC","Bin_16",0.621415211796893,16,20.136058775097,2,0.595486179207629
"MLEC","Bin_17",1.56771531283184,17,21.4351593412323,2,0.595486179207629
"MLEC","Bin_18",1.22650728445817,18,22.7342599073676,2,0.595486179207629
"MLEC","Bin_19",1.50458930269665,19,24.0333604735029,2,0.595486179207629
"MLEC","Bin_20",1.22801086373387,20,25.3324610396382,2,0.595486179207629
"TFAM","Bin_1",-1.08963634231298,1,0.649550283067647,2,0.671782832774167
"TFAM","Bin_2",-0.946187714183493,2,1.94865084920294,2,0.671782832774167
"TFAM","Bin_3",-0.978877400740715,3,3.24775141533823,2,0.671782832774167
"TFAM","Bin_4",-0.977508774979226,4,4.54685198147353,2,0.671782832774167
"TFAM","Bin_5",-1.32309109948827,5,5.84595254760882,2,0.671782832774167
"TFAM","Bin_6",-1.04851552577204,6,7.14505311374411,2,0.671782832774167
"TFAM","Bin_7",-1.84700167570499,7,8.4441536798794,2,0.671782832774167
"TFAM","Bin_8",-0.648238542565355,8,9.7432542460147,2,0.671782832774167
"TFAM","Bin_9",0.167477744237205,9,11.04235481215,2,0.671782832774167
"TFAM","Bin_10",1.05749054358277,10,12.3414553782853,2,0.671782832774167
"TFAM","Bin_11",1.05352326903906,11,13.6405559444206,2,0.671782832774167
"TFAM","Bin_12",0.458397997427188,12,14.9396565105559,2,0.671782832774167
"TFAM","Bin_13",0.689044745730912,13,16.2387570766912,2,0.671782832774167
"TFAM","Bin_14",0.484942520915954,14,17.5378576428265,2,0.671782832774167
"TFAM","Bin_15",0.151927100469474,15,18.8369582089617,2,0.671782832774167
"TFAM","Bin_16",1.10974665953213,16,20.136058775097,2,0.671782832774167
"TFAM","Bin_17",0.443960367290141,17,21.4351593412323,2,0.671782832774167
"TFAM","Bin_18",0.7258176973691,18,22.7342599073676,2,0.671782832774167
"TFAM","Bin_19",1.24623503151059,19,24.0333604735029,2,0.671782832774167
"TFAM","Bin_20",1.27049339864254,20,25.3324610396382,2,0.671782832774167
"PMP22","Bin_1",3.43077823341082,1,0.649550283067647,1,0.523006868220746
"PMP22","Bin_2",1.00198015766513,2,1.94865084920294,1,0.523006868220746
"PMP22","Bin_3",1.57718668087806,3,3.24775141533823,1,0.523006868220746
"PMP22","Bin_4",0.84640226621986,4,4.54685198147353,1,0.523006868220746
"PMP22","Bin_5",-0.230816799119652,5,5.84595254760882,1,0.523006868220746
"PMP22","Bin_6",-0.47206917761576,6,7.14505311374411,1,0.523006868220746
"PMP22","Bin_7",-0.47206917761576,7,8.4441536798794,1,0.523006868220746
"PMP22","Bin_8",-0.47206917761576,8,9.7432542460147,1,0.523006868220746
"PMP22","Bin_9",-0.394674418617297,9,11.04235481215,1,0.523006868220746
"PMP22","Bin_10",-0.451094183862638,10,12.3414553782853,1,0.523006868220746
"PMP22","Bin_11",-0.458386641994413,11,13.6405559444206,1,0.523006868220746
"PMP22","Bin_12",-0.47206917761576,12,14.9396565105559,1,0.523006868220746
"PMP22","Bin_13",-0.47206917761576,13,16.2387570766912,1,0.523006868220746
"PMP22","Bin_14",-0.457069714893222,14,17.5378576428265,1,0.523006868220746
"PMP22","Bin_15",-0.47206917761576,15,18.8369582089617,1,0.523006868220746
"PMP22","Bin_16",-0.47206917761576,16,20.136058775097,1,0.523006868220746
"PMP22","Bin_17",-0.433926761336244,17,21.4351593412323,1,0.523006868220746
"PMP22","Bin_18",-0.417112532913733,18,22.7342599073676,1,0.523006868220746
"PMP22","Bin_19",-0.446353274363248,19,24.0333604735029,1,0.523006868220746
"PMP22","Bin_20",-0.262428767763106,20,25.3324610396382,1,0.523006868220746
"UNC50","Bin_1",-0.10224393636741,1,0.649550283067647,2,0.608437580249015
"UNC50","Bin_2",-0.645352673269203,2,1.94865084920294,2,0.608437580249015
"UNC50","Bin_3",-0.77545443692478,3,3.24775141533823,2,0.608437580249015
"UNC50","Bin_4",-0.716042358801254,4,4.54685198147353,2,0.608437580249015
"UNC50","Bin_5",-1.17057503762778,5,5.84595254760882,2,0.608437580249015
"UNC50","Bin_6",-1.52042703748134,6,7.14505311374411,2,0.608437580249015
"UNC50","Bin_7",-1.52042703748134,7,8.4441536798794,2,0.608437580249015
"UNC50","Bin_8",-1.13921399569434,8,9.7432542460147,2,0.608437580249015
"UNC50","Bin_9",-0.163815314206509,9,11.04235481215,2,0.608437580249015
"UNC50","Bin_10",0.20934720285336,10,12.3414553782853,2,0.608437580249015
"UNC50","Bin_11",0.299308667678337,11,13.6405559444206,2,0.608437580249015
"UNC50","Bin_12",-0.103617790727798,12,14.9396565105559,2,0.608437580249015
"UNC50","Bin_13",0.14429633593741,13,16.2387570766912,2,0.608437580249015
"UNC50","Bin_14",0.25130222706921,14,17.5378576428265,2,0.608437580249015
"UNC50","Bin_15",0.503202329804614,15,18.8369582089617,2,0.608437580249015
"UNC50","Bin_16",0.384137360322894,16,20.136058775097,2,0.608437580249015
"UNC50","Bin_17",1.29363672313696,17,21.4351593412323,2,0.608437580249015
"UNC50","Bin_18",1.26406661541959,18,22.7342599073676,2,0.608437580249015
"UNC50","Bin_19",1.96356954133829,19,24.0333604735029,2,0.608437580249015
"UNC50","Bin_20",1.54430261502111,20,25.3324610396382,2,0.608437580249015
"HAT1","Bin_1",-0.283961052167192,1,0.649550283067647,2,0.640123712033826
"HAT1","Bin_2",-0.695603842949372,2,1.94865084920294,2,0.640123712033826
"HAT1","Bin_3",-0.695078997163737,3,3.24775141533823,2,0.640123712033826
"HAT1","Bin_4",-0.894223993703757,4,4.54685198147353,2,0.640123712033826
"HAT1","Bin_5",-1.49179756955217,5,5.84595254760882,2,0.640123712033826
"HAT1","Bin_6",-2.02856692497307,6,7.14505311374411,2,0.640123712033826
"HAT1","Bin_7",-0.74796886311889,7,8.4441536798794,2,0.640123712033826
"HAT1","Bin_8",-1.08302003171964,8,9.7432542460147,2,0.640123712033826
"HAT1","Bin_9",0.16250377896328,9,11.04235481215,2,0.640123712033826
"HAT1","Bin_10",0.664556482777005,10,12.3414553782853,2,0.640123712033826
"HAT1","Bin_11",0.660531700653178,11,13.6405559444206,2,0.640123712033826
"HAT1","Bin_12",-0.195459820685061,12,14.9396565105559,2,0.640123712033826
"HAT1","Bin_13",0.527161366736426,13,16.2387570766912,2,0.640123712033826
"HAT1","Bin_14",0.374326317647825,14,17.5378576428265,2,0.640123712033826
"HAT1","Bin_15",0.027896617954937,15,18.8369582089617,2,0.640123712033826
"HAT1","Bin_16",0.624441866889711,16,20.136058775097,2,0.640123712033826
"HAT1","Bin_17",0.662675757442295,17,21.4351593412323,2,0.640123712033826
"HAT1","Bin_18",1.01459371753549,18,22.7342599073676,2,0.640123712033826
"HAT1","Bin_19",1.48612925841412,19,24.0333604735029,2,0.640123712033826
"HAT1","Bin_20",1.91086423101863,20,25.3324610396382,2,0.640123712033826
"APH1A","Bin_1",-0.494099759456463,1,0.649550283067647,2,0.663856407955062
"APH1A","Bin_2",-0.852343775352573,2,1.94865084920294,2,0.663856407955062
"APH1A","Bin_3",-1.46326921761167,3,3.24775141533823,2,0.663856407955062
"APH1A","Bin_4",-0.885873810463171,4,4.54685198147353,2,0.663856407955062
"APH1A","Bin_5",-1.42239640294398,5,5.84595254760882,2,0.663856407955062
"APH1A","Bin_6",-0.808373443049176,6,7.14505311374411,2,0.663856407955062
"APH1A","Bin_7",-1.64896572513862,7,8.4441536798794,2,0.663856407955062
"APH1A","Bin_8",-1.42184204274242,8,9.7432542460147,2,0.663856407955062
"APH1A","Bin_9",0.515583466679422,9,11.04235481215,2,0.663856407955062
"APH1A","Bin_10",0.716764370612705,10,12.3414553782853,2,0.663856407955062
"APH1A","Bin_11",0.857093360202725,11,13.6405559444206,2,0.663856407955062
"APH1A","Bin_12",0.509826199197976,12,14.9396565105559,2,0.663856407955062
"APH1A","Bin_13",0.313143516410237,13,16.2387570766912,2,0.663856407955062
"APH1A","Bin_14",0.394768544767067,14,17.5378576428265,2,0.663856407955062
"APH1A","Bin_15",0.653420286562718,15,18.8369582089617,2,0.663856407955062
"APH1A","Bin_16",1.02395822769232,16,20.136058775097,2,0.663856407955062
"APH1A","Bin_17",1.28935463846086,17,21.4351593412323,2,0.663856407955062
"APH1A","Bin_18",0.986872215042757,18,22.7342599073676,2,0.663856407955062
"APH1A","Bin_19",0.729037286220528,19,24.0333604735029,2,0.663856407955062
"APH1A","Bin_20",1.00734206490876,20,25.3324610396382,2,0.663856407955062
"MRPL39","Bin_1",-0.913300808393399,1,0.649550283067647,2,0.682905935039709
"MRPL39","Bin_2",-1.30162480546695,2,1.94865084920294,2,0.682905935039709
"MRPL39","Bin_3",-1.4474407208158,3,3.24775141533823,2,0.682905935039709
"MRPL39","Bin_4",-1.20809504335362,4,4.54685198147353,2,0.682905935039709
"MRPL39","Bin_5",-1.19608657621772,5,5.84595254760882,2,0.682905935039709
"MRPL39","Bin_6",-1.52597304599259,6,7.14505311374411,2,0.682905935039709
"MRPL39","Bin_7",-0.786860838888922,7,8.4441536798794,2,0.682905935039709
"MRPL39","Bin_8",0.0678569445522448,8,9.7432542460147,2,0.682905935039709
"MRPL39","Bin_9",0.0911963132610644,9,11.04235481215,2,0.682905935039709
"MRPL39","Bin_10",1.5037900321901,10,12.3414553782853,2,0.682905935039709
"MRPL39","Bin_11",1.09909555169931,11,13.6405559444206,2,0.682905935039709
"MRPL39","Bin_12",0.584063782628747,12,14.9396565105559,2,0.682905935039709
"MRPL39","Bin_13",0.424398827418345,13,16.2387570766912,2,0.682905935039709
"MRPL39","Bin_14",0.0863291670816385,14,17.5378576428265,2,0.682905935039709
"MRPL39","Bin_15",0.163635765961862,15,18.8369582089617,2,0.682905935039709
"MRPL39","Bin_16",0.434598076357536,16,20.136058775097,2,0.682905935039709
"MRPL39","Bin_17",0.686769311510375,17,21.4351593412323,2,0.682905935039709
"MRPL39","Bin_18",0.658484652812329,18,22.7342599073676,2,0.682905935039709
"MRPL39","Bin_19",1.08865042623126,19,24.0333604735029,2,0.682905935039709
"MRPL39","Bin_20",1.49051298742418,20,25.3324610396382,2,0.682905935039709
"MAGOH","Bin_1",-1.29505129376518,1,0.649550283067647,2,0.676585481174411
"MAGOH","Bin_2",-1.14302745092764,2,1.94865084920294,2,0.676585481174411
"MAGOH","Bin_3",-1.1104324784162,3,3.24775141533823,2,0.676585481174411
"MAGOH","Bin_4",-0.900162843687479,4,4.54685198147353,2,0.676585481174411
"MAGOH","Bin_5",-1.1599443290328,5,5.84595254760882,2,0.676585481174411
"MAGOH","Bin_6",-1.75879320943051,6,7.14505311374411,2,0.676585481174411
"MAGOH","Bin_7",-1.243615229342,7,8.4441536798794,2,0.676585481174411
"MAGOH","Bin_8",-0.247223844733006,8,9.7432542460147,2,0.676585481174411
"MAGOH","Bin_9",0.772517594815007,9,11.04235481215,2,0.676585481174411
"MAGOH","Bin_10",1.2684762970531,10,12.3414553782853,2,0.676585481174411
"MAGOH","Bin_11",1.20986752821384,11,13.6405559444206,2,0.676585481174411
"MAGOH","Bin_12",0.691273975505666,12,14.9396565105559,2,0.676585481174411
"MAGOH","Bin_13",0.83225659351516,13,16.2387570766912,2,0.676585481174411
"MAGOH","Bin_14",0.458400504905046,14,17.5378576428265,2,0.676585481174411
"MAGOH","Bin_15",0.284499112531645,15,18.8369582089617,2,0.676585481174411
"MAGOH","Bin_16",0.643684890277368,16,20.136058775097,2,0.676585481174411
"MAGOH","Bin_17",0.207470949061519,17,21.4351593412323,2,0.676585481174411
"MAGOH","Bin_18",0.409589932038492,18,22.7342599073676,2,0.676585481174411
"MAGOH","Bin_19",1.09709592564098,19,24.0333604735029,2,0.676585481174411
"MAGOH","Bin_20",0.983117375776985,20,25.3324610396382,2,0.676585481174411
"EFNA4","Bin_1",-0.619098358095456,1,0.649550283067647,2,0.675951752718625
"EFNA4","Bin_2",-1.07839392912738,2,1.94865084920294,2,0.675951752718625
"EFNA4","Bin_3",-1.3054676738992,3,3.24775141533823,2,0.675951752718625
"EFNA4","Bin_4",-1.03664237730106,4,4.54685198147353,2,0.675951752718625
"EFNA4","Bin_5",-1.28067464657503,5,5.84595254760882,2,0.675951752718625
"EFNA4","Bin_6",-1.6116490201681,6,7.14505311374411,2,0.675951752718625
"EFNA4","Bin_7",-0.616276024798331,7,8.4441536798794,2,0.675951752718625
"EFNA4","Bin_8",-1.6116490201681,8,9.7432542460147,2,0.675951752718625
"EFNA4","Bin_9",0.717847368761184,9,11.04235481215,2,0.675951752718625
"EFNA4","Bin_10",1.02936462073073,10,12.3414553782853,2,0.675951752718625
"EFNA4","Bin_11",1.03372032027259,11,13.6405559444206,2,0.675951752718625
"EFNA4","Bin_12",0.754834750183727,12,14.9396565105559,2,0.675951752718625
"EFNA4","Bin_13",1.01519726971164,13,16.2387570766912,2,0.675951752718625
"EFNA4","Bin_14",0.653361176931425,14,17.5378576428265,2,0.675951752718625
"EFNA4","Bin_15",0.49401749313005,15,18.8369582089617,2,0.675951752718625
"EFNA4","Bin_16",0.501600167258808,16,20.136058775097,2,0.675951752718625
"EFNA4","Bin_17",0.564773962387335,17,21.4351593412323,2,0.675951752718625
"EFNA4","Bin_18",0.598578041705535,18,22.7342599073676,2,0.675951752718625
"EFNA4","Bin_19",0.861685890964372,19,24.0333604735029,2,0.675951752718625
"EFNA4","Bin_20",0.93486998809525,20,25.3324610396382,2,0.675951752718625
"TMEM59","Bin_1",0.737164645768016,1,0.649550283067647,2,0.545526518249527
"TMEM59","Bin_2",-0.187668756247919,2,1.94865084920294,2,0.545526518249527
"TMEM59","Bin_3",-0.710424234199808,3,3.24775141533823,2,0.545526518249527
"TMEM59","Bin_4",-0.875224999767803,4,4.54685198147353,2,0.545526518249527
"TMEM59","Bin_5",-1.67416824179996,5,5.84595254760882,2,0.545526518249527
"TMEM59","Bin_6",-2.67365509824518,6,7.14505311374411,2,0.545526518249527
"TMEM59","Bin_7",-0.841594742714334,7,8.4441536798794,2,0.545526518249527
"TMEM59","Bin_8",-0.822951346723736,8,9.7432542460147,2,0.545526518249527
"TMEM59","Bin_9",0.0591947271460649,9,11.04235481215,2,0.545526518249527
"TMEM59","Bin_10",0.258956064551865,10,12.3414553782853,2,0.545526518249527
"TMEM59","Bin_11",0.46204088098041,11,13.6405559444206,2,0.545526518249527
"TMEM59","Bin_12",0.435161105392792,12,14.9396565105559,2,0.545526518249527
"TMEM59","Bin_13",0.129472819533901,13,16.2387570766912,2,0.545526518249527
"TMEM59","Bin_14",0.285310591279313,14,17.5378576428265,2,0.545526518249527
"TMEM59","Bin_15",0.507548333960019,15,18.8369582089617,2,0.545526518249527
"TMEM59","Bin_16",0.65327679346786,16,20.136058775097,2,0.545526518249527
"TMEM59","Bin_17",1.08061580739237,17,21.4351593412323,2,0.545526518249527
"TMEM59","Bin_18",1.02212291356192,18,22.7342599073676,2,0.545526518249527
"TMEM59","Bin_19",0.968326355649697,19,24.0333604735029,2,0.545526518249527
"TMEM59","Bin_20",1.18649638101451,20,25.3324610396382,2,0.545526518249527
"ACTA2","Bin_1",-0.00297831201697006,1,0.649550283067647,1,0.503284602875445
"ACTA2","Bin_2",1.84160887474179,2,1.94865084920294,1,0.503284602875445
"ACTA2","Bin_3",3.63149071773158,3,3.24775141533823,1,0.503284602875445
"ACTA2","Bin_4",-0.0420543630197203,4,4.54685198147353,1,0.503284602875445
"ACTA2","Bin_5",0.396160957355979,5,5.84595254760882,1,0.503284602875445
"ACTA2","Bin_6",-0.392969244876539,6,7.14505311374411,1,0.503284602875445
"ACTA2","Bin_7",-0.392969244876539,7,8.4441536798794,1,0.503284602875445
"ACTA2","Bin_8",-0.392969244876539,8,9.7432542460147,1,0.503284602875445
"ACTA2","Bin_9",-0.392969244876539,9,11.04235481215,1,0.503284602875445
"ACTA2","Bin_10",-0.389088070522266,10,12.3414553782853,1,0.503284602875445
"ACTA2","Bin_11",-0.375329659203973,11,13.6405559444206,1,0.503284602875445
"ACTA2","Bin_12",-0.375628354619674,12,14.9396565105559,1,0.503284602875445
"ACTA2","Bin_13",-0.392969244876539,13,16.2387570766912,1,0.503284602875445
"ACTA2","Bin_14",-0.386360249000884,14,17.5378576428265,1,0.503284602875445
"ACTA2","Bin_15",-0.389782990783586,15,18.8369582089617,1,0.503284602875445
"ACTA2","Bin_16",-0.383431734087058,16,20.136058775097,1,0.503284602875445
"ACTA2","Bin_17",-0.392969244876539,17,21.4351593412323,1,0.503284602875445
"ACTA2","Bin_18",-0.392969244876539,18,22.7342599073676,1,0.503284602875445
"ACTA2","Bin_19",-0.392969244876539,19,24.0333604735029,1,0.503284602875445
"ACTA2","Bin_20",-0.38085285756291,20,25.3324610396382,1,0.503284602875445
"ERBB3","Bin_1",0.627610697442919,1,0.649550283067647,2,0.434692389729273
"ERBB3","Bin_2",-0.993272143297028,2,1.94865084920294,2,0.434692389729273
"ERBB3","Bin_3",-1.54229994285497,3,3.24775141533823,2,0.434692389729273
"ERBB3","Bin_4",-1.6960849127994,4,4.54685198147353,2,0.434692389729273
"ERBB3","Bin_5",-2.05568729288229,5,5.84595254760882,2,0.434692389729273
"ERBB3","Bin_6",1.37892505289185,6,7.14505311374411,2,0.434692389729273
"ERBB3","Bin_7",-0.357758457632539,7,8.4441536798794,2,0.434692389729273
"ERBB3","Bin_8",-1.51611189115612,8,9.7432542460147,2,0.434692389729273
"ERBB3","Bin_9",-0.0499646462701707,9,11.04235481215,2,0.434692389729273
"ERBB3","Bin_10",0.501681499828187,10,12.3414553782853,2,0.434692389729273
"ERBB3","Bin_11",0.438303812562609,11,13.6405559444206,2,0.434692389729273
"ERBB3","Bin_12",0.566441136223404,12,14.9396565105559,2,0.434692389729273
"ERBB3","Bin_13",0.450777764108849,13,16.2387570766912,2,0.434692389729273
"ERBB3","Bin_14",0.878846318990865,14,17.5378576428265,2,0.434692389729273
"ERBB3","Bin_15",0.580622555462208,15,18.8369582089617,2,0.434692389729273
"ERBB3","Bin_16",0.28817764764842,16,20.136058775097,2,0.434692389729273
"ERBB3","Bin_17",0.739026324563051,17,21.4351593412323,2,0.434692389729273
"ERBB3","Bin_18",0.672697608903695,18,22.7342599073676,2,0.434692389729273
"ERBB3","Bin_19",0.71246147540726,19,24.0333604735029,2,0.434692389729273
"ERBB3","Bin_20",0.3756073928592,20,25.3324610396382,2,0.434692389729273
"PSMA3","Bin_1",-0.427826014545346,1,0.649550283067647,2,0.688641813632585
"PSMA3","Bin_2",-1.07982661217105,2,1.94865084920294,2,0.688641813632585
"PSMA3","Bin_3",-1.24352054675509,3,3.24775141533823,2,0.688641813632585
"PSMA3","Bin_4",-0.866312200212396,4,4.54685198147353,2,0.688641813632585
"PSMA3","Bin_5",-1.33952155851829,5,5.84595254760882,2,0.688641813632585
"PSMA3","Bin_6",-1.73064253642077,6,7.14505311374411,2,0.688641813632585
"PSMA3","Bin_7",-1.43522623404289,7,8.4441536798794,2,0.688641813632585
"PSMA3","Bin_8",-0.422677332393939,8,9.7432542460147,2,0.688641813632585
"PSMA3","Bin_9",0.431671618999881,9,11.04235481215,2,0.688641813632585
"PSMA3","Bin_10",0.890531807636379,10,12.3414553782853,2,0.688641813632585
"PSMA3","Bin_11",1.02026277226097,11,13.6405559444206,2,0.688641813632585
"PSMA3","Bin_12",0.108512898045335,12,14.9396565105559,2,0.688641813632585
"PSMA3","Bin_13",0.744340150700586,13,16.2387570766912,2,0.688641813632585
"PSMA3","Bin_14",0.612462686443375,14,17.5378576428265,2,0.688641813632585
"PSMA3","Bin_15",0.228635543714362,15,18.8369582089617,2,0.688641813632585
"PSMA3","Bin_16",0.564154398137194,16,20.136058775097,2,0.688641813632585
"PSMA3","Bin_17",0.235067680289678,17,21.4351593412323,2,0.688641813632585
"PSMA3","Bin_18",0.856462991726722,18,22.7342599073676,2,0.688641813632585
"PSMA3","Bin_19",1.68600884735297,19,24.0333604735029,2,0.688641813632585
"PSMA3","Bin_20",1.16744163975231,20,25.3324610396382,2,0.688641813632585
"RBM42","Bin_1",-0.972723976674964,1,0.649550283067647,2,0.649742142558803
"RBM42","Bin_2",-1.45064211189852,2,1.94865084920294,2,0.649742142558803
"RBM42","Bin_3",-1.54030162730741,3,3.24775141533823,2,0.649742142558803
"RBM42","Bin_4",-1.39595603061344,4,4.54685198147353,2,0.649742142558803
"RBM42","Bin_5",-1.67617724804418,5,5.84595254760882,2,0.649742142558803
"RBM42","Bin_6",-0.435323354800926,6,7.14505311374411,2,0.649742142558803
"RBM42","Bin_7",-0.563241655552489,7,8.4441536798794,2,0.649742142558803
"RBM42","Bin_8",-0.203103459055591,8,9.7432542460147,2,0.649742142558803
"RBM42","Bin_9",0.634136171670808,9,11.04235481215,2,0.649742142558803
"RBM42","Bin_10",1.13673823810364,10,12.3414553782853,2,0.649742142558803
"RBM42","Bin_11",1.17405729611164,11,13.6405559444206,2,0.649742142558803
"RBM42","Bin_12",0.282060413754232,12,14.9396565105559,2,0.649742142558803
"RBM42","Bin_13",0.755315333809205,13,16.2387570766912,2,0.649742142558803
"RBM42","Bin_14",-0.0270119339839836,14,17.5378576428265,2,0.649742142558803
"RBM42","Bin_15",0.143125543891767,15,18.8369582089617,2,0.649742142558803
"RBM42","Bin_16",0.640619294967434,16,20.136058775097,2,0.649742142558803
"RBM42","Bin_17",0.330589025354323,17,21.4351593412323,2,0.649742142558803
"RBM42","Bin_18",0.408674434464664,18,22.7342599073676,2,0.649742142558803
"RBM42","Bin_19",1.25021325075198,19,24.0333604735029,2,0.649742142558803
"RBM42","Bin_20",1.50895239505181,20,25.3324610396382,2,0.649742142558803
"MRPL3","Bin_1",-0.470682862422913,1,0.649550283067647,2,0.671390258830102
"MRPL3","Bin_2",-0.856291273968318,2,1.94865084920294,2,0.671390258830102
"MRPL3","Bin_3",-1.2808053802696,3,3.24775141533823,2,0.671390258830102
"MRPL3","Bin_4",-0.797702369081946,4,4.54685198147353,2,0.671390258830102
"MRPL3","Bin_5",-1.03107516238431,5,5.84595254760882,2,0.671390258830102
"MRPL3","Bin_6",-1.77424767228903,6,7.14505311374411,2,0.671390258830102
"MRPL3","Bin_7",-1.17213276994317,7,8.4441536798794,2,0.671390258830102
"MRPL3","Bin_8",-1.35948862994796,8,9.7432542460147,2,0.671390258830102
"MRPL3","Bin_9",0.903722545443987,9,11.04235481215,2,0.671390258830102
"MRPL3","Bin_10",1.28755966766281,10,12.3414553782853,2,0.671390258830102
"MRPL3","Bin_11",0.999811293687355,11,13.6405559444206,2,0.671390258830102
"MRPL3","Bin_12",0.520739735895546,12,14.9396565105559,2,0.671390258830102
"MRPL3","Bin_13",0.630331462854151,13,16.2387570766912,2,0.671390258830102
"MRPL3","Bin_14",0.257943662693648,14,17.5378576428265,2,0.671390258830102
"MRPL3","Bin_15",0.190084501018069,15,18.8369582089617,2,0.671390258830102
"MRPL3","Bin_16",0.27534330625054,16,20.136058775097,2,0.671390258830102
"MRPL3","Bin_17",0.45231461256582,17,21.4351593412323,2,0.671390258830102
"MRPL3","Bin_18",0.600805778932827,18,22.7342599073676,2,0.671390258830102
"MRPL3","Bin_19",1.36889814047079,19,24.0333604735029,2,0.671390258830102
"MRPL3","Bin_20",1.2548714128317,20,25.3324610396382,2,0.671390258830102
"RPS26","Bin_1",0.363990977013822,1,0.649550283067647,2,0.493036931142272
"RPS26","Bin_2",0.0128320712375734,2,1.94865084920294,2,0.493036931142272
"RPS26","Bin_3",-0.296937766546384,3,3.24775141533823,2,0.493036931142272
"RPS26","Bin_4",-1.33724905525991,4,4.54685198147353,2,0.493036931142272
"RPS26","Bin_5",-0.753653402965266,5,5.84595254760882,2,0.493036931142272
"RPS26","Bin_6",-3.03142202680724,6,7.14505311374411,2,0.493036931142272
"RPS26","Bin_7",-1.27359316276802,7,8.4441536798794,2,0.493036931142272
"RPS26","Bin_8",-0.989991811836233,8,9.7432542460147,2,0.493036931142272
"RPS26","Bin_9",0.67001109339297,9,11.04235481215,2,0.493036931142272
"RPS26","Bin_10",0.575116455653714,10,12.3414553782853,2,0.493036931142272
"RPS26","Bin_11",0.515682330034028,11,13.6405559444206,2,0.493036931142272
"RPS26","Bin_12",0.580492120936683,12,14.9396565105559,2,0.493036931142272
"RPS26","Bin_13",0.820723647973331,13,16.2387570766912,2,0.493036931142272
"RPS26","Bin_14",0.716006610651199,14,17.5378576428265,2,0.493036931142272
"RPS26","Bin_15",0.659123614760529,15,18.8369582089617,2,0.493036931142272
"RPS26","Bin_16",0.379913370578459,16,20.136058775097,2,0.493036931142272
"RPS26","Bin_17",0.413932057079575,17,21.4351593412323,2,0.493036931142272
"RPS26","Bin_18",0.57961556763316,18,22.7342599073676,2,0.493036931142272
"RPS26","Bin_19",0.735278643981232,19,24.0333604735029,2,0.493036931142272
"RPS26","Bin_20",0.660128665256767,20,25.3324610396382,2,0.493036931142272
"PFDN4","Bin_1",-1.10573595332492,1,0.649550283067647,2,0.701629261068141
"PFDN4","Bin_2",-1.09837428113125,2,1.94865084920294,2,0.701629261068141
"PFDN4","Bin_3",-1.11619697951652,3,3.24775141533823,2,0.701629261068141
"PFDN4","Bin_4",-1.16264328007601,4,4.54685198147353,2,0.701629261068141
"PFDN4","Bin_5",-1.50173136568725,5,5.84595254760882,2,0.701629261068141
"PFDN4","Bin_6",-1.36886952757598,6,7.14505311374411,2,0.701629261068141
"PFDN4","Bin_7",-0.752334818030327,7,8.4441536798794,2,0.701629261068141
"PFDN4","Bin_8",-1.15827401644209,8,9.7432542460147,2,0.701629261068141
"PFDN4","Bin_9",0.966879839692057,9,11.04235481215,2,0.701629261068141
"PFDN4","Bin_10",0.610783209999429,10,12.3414553782853,2,0.701629261068141
"PFDN4","Bin_11",0.712136921097587,11,13.6405559444206,2,0.701629261068141
"PFDN4","Bin_12",0.716015859897796,12,14.9396565105559,2,0.701629261068141
"PFDN4","Bin_13",0.876600691394522,13,16.2387570766912,2,0.701629261068141
"PFDN4","Bin_14",0.675803567450138,14,17.5378576428265,2,0.701629261068141
"PFDN4","Bin_15",0.607669522168915,15,18.8369582089617,2,0.701629261068141
"PFDN4","Bin_16",0.455103304430685,16,20.136058775097,2,0.701629261068141
"PFDN4","Bin_17",0.50424779896385,17,21.4351593412323,2,0.701629261068141
"PFDN4","Bin_18",0.623127208414054,18,22.7342599073676,2,0.701629261068141
"PFDN4","Bin_19",1.26951139741778,19,24.0333604735029,2,0.701629261068141
"PFDN4","Bin_20",1.24628090085753,20,25.3324610396382,2,0.701629261068141
"ANAPC16","Bin_1",0.512526819488365,1,0.649550283067647,2,0.577511059516202
"ANAPC16","Bin_2",-0.451619798320302,2,1.94865084920294,2,0.577511059516202
"ANAPC16","Bin_3",-0.835588790329528,3,3.24775141533823,2,0.577511059516202
"ANAPC16","Bin_4",-1.05826168751308,4,4.54685198147353,2,0.577511059516202
"ANAPC16","Bin_5",-0.776165311016905,5,5.84595254760882,2,0.577511059516202
"ANAPC16","Bin_6",-2.40584398585251,6,7.14505311374411,2,0.577511059516202
"ANAPC16","Bin_7",-1.07913609322914,7,8.4441536798794,2,0.577511059516202
"ANAPC16","Bin_8",-1.22651573612359,8,9.7432542460147,2,0.577511059516202
"ANAPC16","Bin_9",0.44626844874268,9,11.04235481215,2,0.577511059516202
"ANAPC16","Bin_10",0.721533170755739,10,12.3414553782853,2,0.577511059516202
"ANAPC16","Bin_11",0.530679852300984,11,13.6405559444206,2,0.577511059516202
"ANAPC16","Bin_12",0.205462834414343,12,14.9396565105559,2,0.577511059516202
"ANAPC16","Bin_13",0.201001888041292,13,16.2387570766912,2,0.577511059516202
"ANAPC16","Bin_14",-0.063002517178699,14,17.5378576428265,2,0.577511059516202
"ANAPC16","Bin_15",0.154154115561103,15,18.8369582089617,2,0.577511059516202
"ANAPC16","Bin_16",0.17662496573699,16,20.136058775097,2,0.577511059516202
"ANAPC16","Bin_17",0.963661797963416,17,21.4351593412323,2,0.577511059516202
"ANAPC16","Bin_18",0.899111082581177,18,22.7342599073676,2,0.577511059516202
"ANAPC16","Bin_19",1.63450524063673,19,24.0333604735029,2,0.577511059516202
"ANAPC16","Bin_20",1.45060370334093,20,25.3324610396382,2,0.577511059516202
"TEAD2","Bin_1",-0.521711088691988,1,0.649550283067647,2,0.649098928950967
"TEAD2","Bin_2",-0.977236151566487,2,1.94865084920294,2,0.649098928950967
"TEAD2","Bin_3",-1.21684036450406,3,3.24775141533823,2,0.649098928950967
"TEAD2","Bin_4",-0.689711128270661,4,4.54685198147353,2,0.649098928950967
"TEAD2","Bin_5",-1.27239907858086,5,5.84595254760882,2,0.649098928950967
"TEAD2","Bin_6",-1.65196116485542,6,7.14505311374411,2,0.649098928950967
"TEAD2","Bin_7",-1.38378574622964,7,8.4441536798794,2,0.649098928950967
"TEAD2","Bin_8",-0.395594404923365,8,9.7432542460147,2,0.649098928950967
"TEAD2","Bin_9",-0.65219150714708,9,11.04235481215,2,0.649098928950967
"TEAD2","Bin_10",0.205532177483774,10,12.3414553782853,2,0.649098928950967
"TEAD2","Bin_11",0.816546853892789,11,13.6405559444206,2,0.649098928950967
"TEAD2","Bin_12",0.299986199282915,12,14.9396565105559,2,0.649098928950967
"TEAD2","Bin_13",0.470270448140744,13,16.2387570766912,2,0.649098928950967
"TEAD2","Bin_14",0.915019152530289,14,17.5378576428265,2,0.649098928950967
"TEAD2","Bin_15",0.656665327699546,15,18.8369582089617,2,0.649098928950967
"TEAD2","Bin_16",0.75108843715159,16,20.136058775097,2,0.649098928950967
"TEAD2","Bin_17",0.521074611386723,17,21.4351593412323,2,0.649098928950967
"TEAD2","Bin_18",1.18784629390302,18,22.7342599073676,2,0.649098928950967
"TEAD2","Bin_19",1.71602278971477,19,24.0333604735029,2,0.649098928950967
"TEAD2","Bin_20",1.2213783435834,20,25.3324610396382,2,0.649098928950967
"SELENOF","Bin_1",0.0455110072045329,1,0.649550283067647,2,0.666465297211317
"SELENOF","Bin_2",-0.895099849417206,2,1.94865084920294,2,0.666465297211317
"SELENOF","Bin_3",-0.69927659345131,3,3.24775141533823,2,0.666465297211317
"SELENOF","Bin_4",-0.869008451882527,4,4.54685198147353,2,0.666465297211317
"SELENOF","Bin_5",-1.68510529499075,5,5.84595254760882,2,0.666465297211317
"SELENOF","Bin_6",-2.31002383468926,6,7.14505311374411,2,0.666465297211317
"SELENOF","Bin_7",-1.36624549450615,7,8.4441536798794,2,0.666465297211317
"SELENOF","Bin_8",-0.549409656624453,8,9.7432542460147,2,0.666465297211317
"SELENOF","Bin_9",0.465610161103246,9,11.04235481215,2,0.666465297211317
"SELENOF","Bin_10",0.770990664660742,10,12.3414553782853,2,0.666465297211317
"SELENOF","Bin_11",0.605786081169236,11,13.6405559444206,2,0.666465297211317
"SELENOF","Bin_12",0.532716627204005,12,14.9396565105559,2,0.666465297211317
"SELENOF","Bin_13",0.597814836602915,13,16.2387570766912,2,0.666465297211317
"SELENOF","Bin_14",0.418878401633374,14,17.5378576428265,2,0.666465297211317
"SELENOF","Bin_15",0.397524030908425,15,18.8369582089617,2,0.666465297211317
"SELENOF","Bin_16",0.45699885748265,16,20.136058775097,2,0.666465297211317
"SELENOF","Bin_17",0.85507542354459,17,21.4351593412323,2,0.666465297211317
"SELENOF","Bin_18",0.954105945364151,18,22.7342599073676,2,0.666465297211317
"SELENOF","Bin_19",1.24026519661267,19,24.0333604735029,2,0.666465297211317
"SELENOF","Bin_20",1.03289194207111,20,25.3324610396382,2,0.666465297211317
"CD9","Bin_1",-0.135393101838403,1,0.649550283067647,2,0.642095253237715
"CD9","Bin_2",-0.535043506881721,2,1.94865084920294,2,0.642095253237715
"CD9","Bin_3",-0.905753527293221,3,3.24775141533823,2,0.642095253237715
"CD9","Bin_4",-0.931054960997195,4,4.54685198147353,2,0.642095253237715
"CD9","Bin_5",-2.07539188640057,5,5.84595254760882,2,0.642095253237715
"CD9","Bin_6",-2.44147232410275,6,7.14505311374411,2,0.642095253237715
"CD9","Bin_7",-0.858532432544203,7,8.4441536798794,2,0.642095253237715
"CD9","Bin_8",-0.394457042257032,8,9.7432542460147,2,0.642095253237715
"CD9","Bin_9",0.51352896387039,9,11.04235481215,2,0.642095253237715
"CD9","Bin_10",0.802162078334934,10,12.3414553782853,2,0.642095253237715
"CD9","Bin_11",0.691369015875336,11,13.6405559444206,2,0.642095253237715
"CD9","Bin_12",0.708577940564981,12,14.9396565105559,2,0.642095253237715
"CD9","Bin_13",0.524773836977718,13,16.2387570766912,2,0.642095253237715
"CD9","Bin_14",0.657838464616861,14,17.5378576428265,2,0.642095253237715
"CD9","Bin_15",0.685404275192663,15,18.8369582089617,2,0.642095253237715
"CD9","Bin_16",0.56606966458293,16,20.136058775097,2,0.642095253237715
"CD9","Bin_17",0.687566708213967,17,21.4351593412323,2,0.642095253237715
"CD9","Bin_18",0.815320195388658,18,22.7342599073676,2,0.642095253237715
"CD9","Bin_19",0.762980706515345,19,24.0333604735029,2,0.642095253237715
"CD9","Bin_20",0.861506932181315,20,25.3324610396382,2,0.642095253237715
"RPS10","Bin_1",0.204251589511648,1,0.649550283067647,2,0.575429646246461
"RPS10","Bin_2",-0.779029877387858,2,1.94865084920294,2,0.575429646246461
"RPS10","Bin_3",-1.42974628252561,3,3.24775141533823,2,0.575429646246461
"RPS10","Bin_4",-1.5787808560529,4,4.54685198147353,2,0.575429646246461
"RPS10","Bin_5",-0.168726035427968,5,5.84595254760882,2,0.575429646246461
"RPS10","Bin_6",-2.5048994123169,6,7.14505311374411,2,0.575429646246461
"RPS10","Bin_7",-1.25934107021447,7,8.4441536798794,2,0.575429646246461
"RPS10","Bin_8",-0.442441524878506,8,9.7432542460147,2,0.575429646246461
"RPS10","Bin_9",0.688683899063417,9,11.04235481215,2,0.575429646246461
"RPS10","Bin_10",0.71141670582624,10,12.3414553782853,2,0.575429646246461
"RPS10","Bin_11",0.592738066638752,11,13.6405559444206,2,0.575429646246461
"RPS10","Bin_12",0.707819766148352,12,14.9396565105559,2,0.575429646246461
"RPS10","Bin_13",0.966432359297195,13,16.2387570766912,2,0.575429646246461
"RPS10","Bin_14",0.992426381374341,14,17.5378576428265,2,0.575429646246461
"RPS10","Bin_15",0.809595487113976,15,18.8369582089617,2,0.575429646246461
"RPS10","Bin_16",0.534505100424378,16,20.136058775097,2,0.575429646246461
"RPS10","Bin_17",0.268858691506412,17,21.4351593412323,2,0.575429646246461
"RPS10","Bin_18",0.650109543946805,18,22.7342599073676,2,0.575429646246461
"RPS10","Bin_19",0.570457424812879,19,24.0333604735029,2,0.575429646246461
"RPS10","Bin_20",0.465670043139822,20,25.3324610396382,2,0.575429646246461
"HLA-DQA1","Bin_1",0.0860904178512038,1,0.649550283067647,1,0.517648489043684
"HLA-DQA1","Bin_2",1.0616104267184,2,1.94865084920294,1,0.517648489043684
"HLA-DQA1","Bin_3",1.39486260089096,3,3.24775141533823,1,0.517648489043684
"HLA-DQA1","Bin_4",3.66836612038072,4,4.54685198147353,1,0.517648489043684
"HLA-DQA1","Bin_5",-0.170135067464934,5,5.84595254760882,1,0.517648489043684
"HLA-DQA1","Bin_6",-0.406952071765473,6,7.14505311374411,1,0.517648489043684
"HLA-DQA1","Bin_7",-0.406952071765473,7,8.4441536798794,1,0.517648489043684
"HLA-DQA1","Bin_8",-0.406952071765473,8,9.7432542460147,1,0.517648489043684
"HLA-DQA1","Bin_9",-0.379868620156692,9,11.04235481215,1,0.517648489043684
"HLA-DQA1","Bin_10",-0.406952071765473,10,12.3414553782853,1,0.517648489043684
"HLA-DQA1","Bin_11",-0.406952071765473,11,13.6405559444206,1,0.517648489043684
"HLA-DQA1","Bin_12",-0.406952071765473,12,14.9396565105559,1,0.517648489043684
"HLA-DQA1","Bin_13",-0.406952071765473,13,16.2387570766912,1,0.517648489043684
"HLA-DQA1","Bin_14",-0.378745928576383,14,17.5378576428265,1,0.517648489043684
"HLA-DQA1","Bin_15",-0.406952071765473,15,18.8369582089617,1,0.517648489043684
"HLA-DQA1","Bin_16",-0.406952071765473,16,20.136058775097,1,0.517648489043684
"HLA-DQA1","Bin_17",-0.406952071765473,17,21.4351593412323,1,0.517648489043684
"HLA-DQA1","Bin_18",-0.406952071765473,18,22.7342599073676,1,0.517648489043684
"HLA-DQA1","Bin_19",-0.406952071765473,19,24.0333604735029,1,0.517648489043684
"HLA-DQA1","Bin_20",-0.398755088457602,20,25.3324610396382,1,0.517648489043684
"BIRC3","Bin_1",0.696435621133289,1,0.649550283067647,1,0.587983554913135
"BIRC3","Bin_2",2.07037268790597,2,1.94865084920294,1,0.587983554913135
"BIRC3","Bin_3",1.39036545910025,3,3.24775141533823,1,0.587983554913135
"BIRC3","Bin_4",2.98897946503427,4,4.54685198147353,1,0.587983554913135
"BIRC3","Bin_5",-0.472564185100331,5,5.84595254760882,1,0.587983554913135
"BIRC3","Bin_6",-0.565805505307539,6,7.14505311374411,1,0.587983554913135
"BIRC3","Bin_7",-0.565805505307539,7,8.4441536798794,1,0.587983554913135
"BIRC3","Bin_8",-0.146486037031498,8,9.7432542460147,1,0.587983554913135
"BIRC3","Bin_9",-0.504445162296661,9,11.04235481215,1,0.587983554913135
"BIRC3","Bin_10",-0.405006417793602,10,12.3414553782853,1,0.587983554913135
"BIRC3","Bin_11",-0.370602896860049,11,13.6405559444206,1,0.587983554913135
"BIRC3","Bin_12",-0.409429767629289,12,14.9396565105559,1,0.587983554913135
"BIRC3","Bin_13",-0.451555600217835,13,16.2387570766912,1,0.587983554913135
"BIRC3","Bin_14",-0.449666602825747,14,17.5378576428265,1,0.587983554913135
"BIRC3","Bin_15",-0.313673901532439,15,18.8369582089617,1,0.587983554913135
"BIRC3","Bin_16",-0.424591123870977,16,20.136058775097,1,0.587983554913135
"BIRC3","Bin_17",-0.534480657667685,17,21.4351593412323,1,0.587983554913135
"BIRC3","Bin_18",-0.509982676653103,18,22.7342599073676,1,0.587983554913135
"BIRC3","Bin_19",-0.504903763940163,19,24.0333604735029,1,0.587983554913135
"BIRC3","Bin_20",-0.517153429139322,20,25.3324610396382,1,0.587983554913135
"GPI","Bin_1",-1.23051930980604,1,0.649550283067647,2,0.586798027896628
"GPI","Bin_2",-1.60424554550528,2,1.94865084920294,2,0.586798027896628
"GPI","Bin_3",-1.65657461657829,3,3.24775141533823,2,0.586798027896628
"GPI","Bin_4",-0.464176731962866,4,4.54685198147353,2,0.586798027896628
"GPI","Bin_5",-1.31421587979611,5,5.84595254760882,2,0.586798027896628
"GPI","Bin_6",0.0725950990483376,6,7.14505311374411,2,0.586798027896628
"GPI","Bin_7",-0.305851716067331,7,8.4441536798794,2,0.586798027896628
"GPI","Bin_8",-1.68110376991331,8,9.7432542460147,2,0.586798027896628
"GPI","Bin_9",0.179682918379011,9,11.04235481215,2,0.586798027896628
"GPI","Bin_10",0.716932904266017,10,12.3414553782853,2,0.586798027896628
"GPI","Bin_11",0.593306622277837,11,13.6405559444206,2,0.586798027896628
"GPI","Bin_12",0.55267651344132,12,14.9396565105559,2,0.586798027896628
"GPI","Bin_13",0.0911239831848807,13,16.2387570766912,2,0.586798027896628
"GPI","Bin_14",0.0809204400213938,14,17.5378576428265,2,0.586798027896628
"GPI","Bin_15",1.0024847214518,15,18.8369582089617,2,0.586798027896628
"GPI","Bin_16",1.05498038588497,16,20.136058775097,2,0.586798027896628
"GPI","Bin_17",1.27495211923282,17,21.4351593412323,2,0.586798027896628
"GPI","Bin_18",0.806924672682878,18,22.7342599073676,2,0.586798027896628
"GPI","Bin_19",0.835680640848627,19,24.0333604735029,2,0.586798027896628
"GPI","Bin_20",0.994426548909351,20,25.3324610396382,2,0.586798027896628
"WRB","Bin_1",-0.517336882463178,1,0.649550283067647,2,0.676128476752166
"WRB","Bin_2",-1.10657319682151,2,1.94865084920294,2,0.676128476752166
"WRB","Bin_3",-1.44583362391364,3,3.24775141533823,2,0.676128476752166
"WRB","Bin_4",-1.33778053227024,4,4.54685198147353,2,0.676128476752166
"WRB","Bin_5",-1.33147335621669,5,5.84595254760882,2,0.676128476752166
"WRB","Bin_6",-0.499748621228451,6,7.14505311374411,2,0.676128476752166
"WRB","Bin_7",-1.74445579725368,7,8.4441536798794,2,0.676128476752166
"WRB","Bin_8",-0.854623669114865,8,9.7432542460147,2,0.676128476752166
"WRB","Bin_9",0.425538772160682,9,11.04235481215,2,0.676128476752166
"WRB","Bin_10",0.639027044935039,10,12.3414553782853,2,0.676128476752166
"WRB","Bin_11",0.539343141595882,11,13.6405559444206,2,0.676128476752166
"WRB","Bin_12",0.838329765821767,12,14.9396565105559,2,0.676128476752166
"WRB","Bin_13",0.285079109137204,13,16.2387570766912,2,0.676128476752166
"WRB","Bin_14",0.34756765306622,14,17.5378576428265,2,0.676128476752166
"WRB","Bin_15",0.456606109845351,15,18.8369582089617,2,0.676128476752166
"WRB","Bin_16",0.683900444833451,16,20.136058775097,2,0.676128476752166
"WRB","Bin_17",1.25700031423465,17,21.4351593412323,2,0.676128476752166
"WRB","Bin_18",1.15726386506941,18,22.7342599073676,2,0.676128476752166
"WRB","Bin_19",1.02357237366951,19,24.0333604735029,2,0.676128476752166
"WRB","Bin_20",1.18459708491307,20,25.3324610396382,2,0.676128476752166
"MTX2","Bin_1",-0.496880695835068,1,0.649550283067647,2,0.699140934322188
"MTX2","Bin_2",-1.20453281310743,2,1.94865084920294,2,0.699140934322188
"MTX2","Bin_3",-1.28787864471845,3,3.24775141533823,2,0.699140934322188
"MTX2","Bin_4",-0.754516105099214,4,4.54685198147353,2,0.699140934322188
"MTX2","Bin_5",-1.11394705034433,5,5.84595254760882,2,0.699140934322188
"MTX2","Bin_6",-1.76049619937538,6,7.14505311374411,2,0.699140934322188
"MTX2","Bin_7",-1.13464669965243,7,8.4441536798794,2,0.699140934322188
"MTX2","Bin_8",-0.652391593767491,8,9.7432542460147,2,0.699140934322188
"MTX2","Bin_9",0.509561213258359,9,11.04235481215,2,0.699140934322188
"MTX2","Bin_10",0.83895048189409,10,12.3414553782853,2,0.699140934322188
"MTX2","Bin_11",0.755340734015216,11,13.6405559444206,2,0.699140934322188
"MTX2","Bin_12",0.202878968506788,12,14.9396565105559,2,0.699140934322188
"MTX2","Bin_13",0.28864880855146,13,16.2387570766912,2,0.699140934322188
"MTX2","Bin_14",0.269840292871694,14,17.5378576428265,2,0.699140934322188
"MTX2","Bin_15",0.301741734884501,15,18.8369582089617,2,0.699140934322188
"MTX2","Bin_16",0.123945578186717,16,20.136058775097,2,0.699140934322188
"MTX2","Bin_17",0.665315045575521,17,21.4351593412323,2,0.699140934322188
"MTX2","Bin_18",1.18070699134029,18,22.7342599073676,2,0.699140934322188
"MTX2","Bin_19",1.58179937084418,19,24.0333604735029,2,0.699140934322188
"MTX2","Bin_20",1.68656058197098,20,25.3324610396382,2,0.699140934322188
"UBB","Bin_1",0.137796175380411,1,0.649550283067647,2,0.624475529693352
"UBB","Bin_2",-0.751563314797839,2,1.94865084920294,2,0.624475529693352
"UBB","Bin_3",-0.729991839249525,3,3.24775141533823,2,0.624475529693352
"UBB","Bin_4",-1.01755430210534,4,4.54685198147353,2,0.624475529693352
"UBB","Bin_5",-1.28378146553971,5,5.84595254760882,2,0.624475529693352
"UBB","Bin_6",-2.62688525402972,6,7.14505311374411,2,0.624475529693352
"UBB","Bin_7",-1.46066386177503,7,8.4441536798794,2,0.624475529693352
"UBB","Bin_8",-0.250560022407461,8,9.7432542460147,2,0.624475529693352
"UBB","Bin_9",0.805299087434139,9,11.04235481215,2,0.624475529693352
"UBB","Bin_10",0.827273906135069,10,12.3414553782853,2,0.624475529693352
"UBB","Bin_11",0.872685089436504,11,13.6405559444206,2,0.624475529693352
"UBB","Bin_12",0.500682540214737,12,14.9396565105559,2,0.624475529693352
"UBB","Bin_13",0.698708122664069,13,16.2387570766912,2,0.624475529693352
"UBB","Bin_14",0.41388104545236,14,17.5378576428265,2,0.624475529693352
"UBB","Bin_15",0.312803237563331,15,18.8369582089617,2,0.624475529693352
"UBB","Bin_16",0.24690061098313,16,20.136058775097,2,0.624475529693352
"UBB","Bin_17",0.495029473947465,17,21.4351593412323,2,0.624475529693352
"UBB","Bin_18",0.741858354223832,18,22.7342599073676,2,0.624475529693352
"UBB","Bin_19",1.08687084156741,19,24.0333604735029,2,0.624475529693352
"UBB","Bin_20",0.981211574902173,20,25.3324610396382,2,0.624475529693352
"NR1H2","Bin_1",-0.671970417243734,1,0.649550283067647,2,0.651569481734857
"NR1H2","Bin_2",-1.20347792793852,2,1.94865084920294,2,0.651569481734857
"NR1H2","Bin_3",-1.22168351903047,3,3.24775141533823,2,0.651569481734857
"NR1H2","Bin_4",-1.44867731046447,4,4.54685198147353,2,0.651569481734857
"NR1H2","Bin_5",-1.2873215762505,5,5.84595254760882,2,0.651569481734857
"NR1H2","Bin_6",-0.530361603926523,6,7.14505311374411,2,0.651569481734857
"NR1H2","Bin_7",-0.9217655740737,7,8.4441536798794,2,0.651569481734857
"NR1H2","Bin_8",-1.81672142608095,8,9.7432542460147,2,0.651569481734857
"NR1H2","Bin_9",0.199162664675486,9,11.04235481215,2,0.651569481734857
"NR1H2","Bin_10",0.9452453576748,10,12.3414553782853,2,0.651569481734857
"NR1H2","Bin_11",0.914333005551487,11,13.6405559444206,2,0.651569481734857
"NR1H2","Bin_12",0.61752410284637,12,14.9396565105559,2,0.651569481734857
"NR1H2","Bin_13",0.768334162355858,13,16.2387570766912,2,0.651569481734857
"NR1H2","Bin_14",0.696397875057057,14,17.5378576428265,2,0.651569481734857
"NR1H2","Bin_15",0.691112796619328,15,18.8369582089617,2,0.651569481734857
"NR1H2","Bin_16",0.761520429664937,16,20.136058775097,2,0.651569481734857
"NR1H2","Bin_17",1.0802033425304,17,21.4351593412323,2,0.651569481734857
"NR1H2","Bin_18",0.762920337092502,18,22.7342599073676,2,0.651569481734857
"NR1H2","Bin_19",0.860754209692835,19,24.0333604735029,2,0.651569481734857
"NR1H2","Bin_20",0.804471071247805,20,25.3324610396382,2,0.651569481734857
"CCT4","Bin_1",-0.774957016164202,1,0.649550283067647,2,0.698381928129857
"CCT4","Bin_2",-1.11348900781563,2,1.94865084920294,2,0.698381928129857
"CCT4","Bin_3",-1.08785385595593,3,3.24775141533823,2,0.698381928129857
"CCT4","Bin_4",-0.973580531774831,4,4.54685198147353,2,0.698381928129857
"CCT4","Bin_5",-1.35908295444857,5,5.84595254760882,2,0.698381928129857
"CCT4","Bin_6",-1.83323509975371,6,7.14505311374411,2,0.698381928129857
"CCT4","Bin_7",-1.03212131685374,7,8.4441536798794,2,0.698381928129857
"CCT4","Bin_8",-0.772919881749469,8,9.7432542460147,2,0.698381928129857
"CCT4","Bin_9",1.00872635688503,9,11.04235481215,2,0.698381928129857
"CCT4","Bin_10",1.41009243322276,10,12.3414553782853,2,0.698381928129857
"CCT4","Bin_11",1.02125411352866,11,13.6405559444206,2,0.698381928129857
"CCT4","Bin_12",0.644696103308152,12,14.9396565105559,2,0.698381928129857
"CCT4","Bin_13",0.653415743582901,13,16.2387570766912,2,0.698381928129857
"CCT4","Bin_14",0.21744568650437,14,17.5378576428265,2,0.698381928129857
"CCT4","Bin_15",0.367728693663956,15,18.8369582089617,2,0.698381928129857
"CCT4","Bin_16",0.326763038685994,16,20.136058775097,2,0.698381928129857
"CCT4","Bin_17",0.50657956508795,17,21.4351593412323,2,0.698381928129857
"CCT4","Bin_18",0.64412653963236,18,22.7342599073676,2,0.698381928129857
"CCT4","Bin_19",1.10469570725403,19,24.0333604735029,2,0.698381928129857
"CCT4","Bin_20",1.04171568315993,20,25.3324610396382,2,0.698381928129857
"KIN","Bin_1",-1.06789142811387,1,0.649550283067647,2,0.700572439685275
"KIN","Bin_2",-1.03322829961003,2,1.94865084920294,2,0.700572439685275
"KIN","Bin_3",-1.11090030624214,3,3.24775141533823,2,0.700572439685275
"KIN","Bin_4",-1.13590139373477,4,4.54685198147353,2,0.700572439685275
"KIN","Bin_5",-1.66134371907767,5,5.84595254760882,2,0.700572439685275
"KIN","Bin_6",-1.66134371907767,6,7.14505311374411,2,0.700572439685275
"KIN","Bin_7",-0.421876189750339,7,8.4441536798794,2,0.700572439685275
"KIN","Bin_8",-0.450166952284559,8,9.7432542460147,2,0.700572439685275
"KIN","Bin_9",0.308305259019068,9,11.04235481215,2,0.700572439685275
"KIN","Bin_10",0.890799939585917,10,12.3414553782853,2,0.700572439685275
"KIN","Bin_11",1.04049625516383,11,13.6405559444206,2,0.700572439685275
"KIN","Bin_12",0.261312703083298,12,14.9396565105559,2,0.700572439685275
"KIN","Bin_13",-0.0062111408081648,13,16.2387570766912,2,0.700572439685275
"KIN","Bin_14",0.221852343638136,14,17.5378576428265,2,0.700572439685275
"KIN","Bin_15",0.478355588042691,15,18.8369582089617,2,0.700572439685275
"KIN","Bin_16",0.698937068520682,16,20.136058775097,2,0.700572439685275
"KIN","Bin_17",1.00346633142776,17,21.4351593412323,2,0.700572439685275
"KIN","Bin_18",1.03072601141442,18,22.7342599073676,2,0.700572439685275
"KIN","Bin_19",1.49887120467587,19,24.0333604735029,2,0.700572439685275
"KIN","Bin_20",1.11574044412753,20,25.3324610396382,2,0.700572439685275
"PLAT","Bin_1",3.7908200745181,1,0.649550283067647,1,0.418188740365785
"PLAT","Bin_2",1.04663952825558,2,1.94865084920294,1,0.418188740365785
"PLAT","Bin_3",1.18040594472571,3,3.24775141533823,1,0.418188740365785
"PLAT","Bin_4",-0.25493525580984,4,4.54685198147353,1,0.418188740365785
"PLAT","Bin_5",-0.362505306814868,5,5.84595254760882,1,0.418188740365785
"PLAT","Bin_6",-0.362505306814868,6,7.14505311374411,1,0.418188740365785
"PLAT","Bin_7",-0.362505306814868,7,8.4441536798794,1,0.418188740365785
"PLAT","Bin_8",-0.362505306814868,8,9.7432542460147,1,0.418188740365785
"PLAT","Bin_9",-0.362505306814868,9,11.04235481215,1,0.418188740365785
"PLAT","Bin_10",-0.358977420463757,10,12.3414553782853,1,0.418188740365785
"PLAT","Bin_11",-0.359633900002055,11,13.6405559444206,1,0.418188740365785
"PLAT","Bin_12",-0.362505306814868,12,14.9396565105559,1,0.418188740365785
"PLAT","Bin_13",-0.356940634788135,13,16.2387570766912,1,0.418188740365785
"PLAT","Bin_14",-0.362505306814868,14,17.5378576428265,1,0.418188740365785
"PLAT","Bin_15",-0.358889750902575,15,18.8369582089617,1,0.418188740365785
"PLAT","Bin_16",-0.350712477440103,16,20.136058775097,1,0.418188740365785
"PLAT","Bin_17",-0.356395984345596,17,21.4351593412323,1,0.418188740365785
"PLAT","Bin_18",-0.362505306814868,18,22.7342599073676,1,0.418188740365785
"PLAT","Bin_19",-0.358832362413505,19,24.0333604735029,1,0.418188740365785
"PLAT","Bin_20",-0.362505306814868,20,25.3324610396382,1,0.418188740365785
"KIAA1324","Bin_1",1.9039249011482,1,0.649550283067647,2,0.344396720231989
"KIAA1324","Bin_2",-0.365033800156757,2,1.94865084920294,2,0.344396720231989
"KIAA1324","Bin_3",-1.21549657761843,3,3.24775141533823,2,0.344396720231989
"KIAA1324","Bin_4",-1.91102292417902,4,4.54685198147353,2,0.344396720231989
"KIAA1324","Bin_5",-1.9407266557252,5,5.84595254760882,2,0.344396720231989
"KIAA1324","Bin_6",-0.130458686120394,6,7.14505311374411,2,0.344396720231989
"KIAA1324","Bin_7",0.295726475853429,7,8.4441536798794,2,0.344396720231989
"KIAA1324","Bin_8",-0.692898616688007,8,9.7432542460147,2,0.344396720231989
"KIAA1324","Bin_9",-0.603061795634456,9,11.04235481215,2,0.344396720231989
"KIAA1324","Bin_10",-0.7457541674647,10,12.3414553782853,2,0.344396720231989
"KIAA1324","Bin_11",0.00334979846697343,11,13.6405559444206,2,0.344396720231989
"KIAA1324","Bin_12",0.533004893218269,12,14.9396565105559,2,0.344396720231989
"KIAA1324","Bin_13",0.00929421757678417,13,16.2387570766912,2,0.344396720231989
"KIAA1324","Bin_14",0.510023902334391,14,17.5378576428265,2,0.344396720231989
"KIAA1324","Bin_15",0.533828066449593,15,18.8369582089617,2,0.344396720231989
"KIAA1324","Bin_16",0.108307694746532,16,20.136058775097,2,0.344396720231989
"KIAA1324","Bin_17",1.08448556493197,17,21.4351593412323,2,0.344396720231989
"KIAA1324","Bin_18",1.18226186663431,18,22.7342599073676,2,0.344396720231989
"KIAA1324","Bin_19",0.278806928045816,19,24.0333604735029,2,0.344396720231989
"KIAA1324","Bin_20",1.1614389141807,20,25.3324610396382,2,0.344396720231989
"SHKBP1","Bin_1",-0.67060441102162,1,0.649550283067647,2,0.696071623680678
"SHKBP1","Bin_2",-1.1960264573441,2,1.94865084920294,2,0.696071623680678
"SHKBP1","Bin_3",-1.39508079395999,3,3.24775141533823,2,0.696071623680678
"SHKBP1","Bin_4",-1.14933699271074,4,4.54685198147353,2,0.696071623680678
"SHKBP1","Bin_5",-1.28842015752804,5,5.84595254760882,2,0.696071623680678
"SHKBP1","Bin_6",-1.50025374879007,6,7.14505311374411,2,0.696071623680678
"SHKBP1","Bin_7",-1.0982327321681,7,8.4441536798794,2,0.696071623680678
"SHKBP1","Bin_8",-0.484131706330634,8,9.7432542460147,2,0.696071623680678
"SHKBP1","Bin_9",0.946122835656094,9,11.04235481215,2,0.696071623680678
"SHKBP1","Bin_10",1.50945617650292,10,12.3414553782853,2,0.696071623680678
"SHKBP1","Bin_11",1.04765292005557,11,13.6405559444206,2,0.696071623680678
"SHKBP1","Bin_12",0.668404497740683,12,14.9396565105559,2,0.696071623680678
"SHKBP1","Bin_13",0.368627624155031,13,16.2387570766912,2,0.696071623680678
"SHKBP1","Bin_14",0.279602070866849,14,17.5378576428265,2,0.696071623680678
"SHKBP1","Bin_15",0.304719552238237,15,18.8369582089617,2,0.696071623680678
"SHKBP1","Bin_16",0.197928083303219,16,20.136058775097,2,0.696071623680678
"SHKBP1","Bin_17",0.388592546031109,17,21.4351593412323,2,0.696071623680678
"SHKBP1","Bin_18",0.76631126702964,18,22.7342599073676,2,0.696071623680678
"SHKBP1","Bin_19",1.29942239473695,19,24.0333604735029,2,0.696071623680678
"SHKBP1","Bin_20",1.00524703153699,20,25.3324610396382,2,0.696071623680678
"MAL","Bin_1",-0.77731187347463,1,0.649550283067647,2,0.488663754345297
"MAL","Bin_2",-0.74146670716975,2,1.94865084920294,2,0.488663754345297
"MAL","Bin_3",-0.649224659424717,3,3.24775141533823,2,0.488663754345297
"MAL","Bin_4",-0.700655447470531,4,4.54685198147353,2,0.488663754345297
"MAL","Bin_5",-0.77731187347463,5,5.84595254760882,2,0.488663754345297
"MAL","Bin_6",-0.77731187347463,6,7.14505311374411,2,0.488663754345297
"MAL","Bin_7",-0.77731187347463,7,8.4441536798794,2,0.488663754345297
"MAL","Bin_8",-0.77731187347463,8,9.7432542460147,2,0.488663754345297
"MAL","Bin_9",-0.135572011329569,9,11.04235481215,2,0.488663754345297
"MAL","Bin_10",-0.397933497965873,10,12.3414553782853,2,0.488663754345297
"MAL","Bin_11",-0.448973501722878,11,13.6405559444206,2,0.488663754345297
"MAL","Bin_12",-0.425342239902114,12,14.9396565105559,2,0.488663754345297
"MAL","Bin_13",0.148922592571476,13,16.2387570766912,2,0.488663754345297
"MAL","Bin_14",-0.0478251636313427,14,17.5378576428265,2,0.488663754345297
"MAL","Bin_15",0.386956240192099,15,18.8369582089617,2,0.488663754345297
"MAL","Bin_16",-0.179888925147312,16,20.136058775097,2,0.488663754345297
"MAL","Bin_17",1.88614851011747,17,21.4351593412323,2,0.488663754345297
"MAL","Bin_18",2.18790709147969,18,22.7342599073676,2,0.488663754345297
"MAL","Bin_19",2.17105997683791,19,24.0333604735029,2,0.488663754345297
"MAL","Bin_20",0.832447109938592,20,25.3324610396382,2,0.488663754345297
"A2M","Bin_1",-0.285045565262853,1,0.649550283067647,1,0.541520550504504
"A2M","Bin_2",2.37855077908763,2,1.94865084920294,1,0.541520550504504
"A2M","Bin_3",3.2183230429102,3,3.24775141533823,1,0.541520550504504
"A2M","Bin_4",0.750779598032289,4,4.54685198147353,1,0.541520550504504
"A2M","Bin_5",-0.182582602005055,5,5.84595254760882,1,0.541520550504504
"A2M","Bin_6",-0.400344590596324,6,7.14505311374411,1,0.541520550504504
"A2M","Bin_7",-0.400344590596324,7,8.4441536798794,1,0.541520550504504
"A2M","Bin_8",-0.400344590596324,8,9.7432542460147,1,0.541520550504504
"A2M","Bin_9",-0.370959936708176,9,11.04235481215,1,0.541520550504504
"A2M","Bin_10",-0.400344590596324,10,12.3414553782853,1,0.541520550504504
"A2M","Bin_11",-0.394259842760234,11,13.6405559444206,1,0.541520550504504
"A2M","Bin_12",-0.378076376511139,12,14.9396565105559,1,0.541520550504504
"A2M","Bin_13",-0.392555501705793,13,16.2387570766912,1,0.541520550504504
"A2M","Bin_14",-0.400344590596324,14,17.5378576428265,1,0.541520550504504
"A2M","Bin_15",-0.395294086766876,15,18.8369582089617,1,0.541520550504504
"A2M","Bin_16",-0.382021449862829,16,20.136058775097,1,0.541520550504504
"A2M","Bin_17",-0.400344590596324,17,21.4351593412323,1,0.541520550504504
"A2M","Bin_18",-0.400344590596324,18,22.7342599073676,1,0.541520550504504
"A2M","Bin_19",-0.392824923657858,19,24.0333604735029,1,0.541520550504504
"A2M","Bin_20",-0.371621000615036,20,25.3324610396382,1,0.541520550504504
"IGLC3","Bin_1",0.806080523583767,1,0.649550283067647,1,0.60068151134533
"IGLC3","Bin_2",2.26756990402763,2,1.94865084920294,1,0.60068151134533
"IGLC3","Bin_3",1.12115007130227,3,3.24775141533823,1,0.60068151134533
"IGLC3","Bin_4",2.31440412034003,4,4.54685198147353,1,0.60068151134533
"IGLC3","Bin_5",1.51674754835385,5,5.84595254760882,1,0.60068151134533
"IGLC3","Bin_6",-0.535063477840503,6,7.14505311374411,1,0.60068151134533
"IGLC3","Bin_7",-0.535063477840503,7,8.4441536798794,1,0.60068151134533
"IGLC3","Bin_8",-0.535063477840503,8,9.7432542460147,1,0.60068151134533
"IGLC3","Bin_9",-0.535063477840503,9,11.04235481215,1,0.60068151134533
"IGLC3","Bin_10",-0.535063477840503,10,12.3414553782853,1,0.60068151134533
"IGLC3","Bin_11",-0.535063477840503,11,13.6405559444206,1,0.60068151134533
"IGLC3","Bin_12",-0.535063477840503,12,14.9396565105559,1,0.60068151134533
"IGLC3","Bin_13",-0.535063477840503,13,16.2387570766912,1,0.60068151134533
"IGLC3","Bin_14",-0.535063477840503,14,17.5378576428265,1,0.60068151134533
"IGLC3","Bin_15",-0.535063477840503,15,18.8369582089617,1,0.60068151134533
"IGLC3","Bin_16",-0.535063477840503,16,20.136058775097,1,0.60068151134533
"IGLC3","Bin_17",-0.535063477840503,17,21.4351593412323,1,0.60068151134533
"IGLC3","Bin_18",-0.535063477840503,18,22.7342599073676,1,0.60068151134533
"IGLC3","Bin_19",-0.535063477840503,19,24.0333604735029,1,0.60068151134533
"IGLC3","Bin_20",-0.535063477840503,20,25.3324610396382,1,0.60068151134533
"MFSD1","Bin_1",-1.02123218942855,1,0.649550283067647,2,0.609410316477877
"MFSD1","Bin_2",-0.664884928174741,2,1.94865084920294,2,0.609410316477877
"MFSD1","Bin_3",-1.01868513710357,3,3.24775141533823,2,0.609410316477877
"MFSD1","Bin_4",-1.25663759192107,4,4.54685198147353,2,0.609410316477877
"MFSD1","Bin_5",-1.69840190312151,5,5.84595254760882,2,0.609410316477877
"MFSD1","Bin_6",-1.86492481251287,6,7.14505311374411,2,0.609410316477877
"MFSD1","Bin_7",0.00659014905777155,7,8.4441536798794,2,0.609410316477877
"MFSD1","Bin_8",0.425940636707271,8,9.7432542460147,2,0.609410316477877
"MFSD1","Bin_9",0.0407508455852316,9,11.04235481215,2,0.609410316477877
"MFSD1","Bin_10",0.0343008593959417,10,12.3414553782853,2,0.609410316477877
"MFSD1","Bin_11",0.204859285981801,11,13.6405559444206,2,0.609410316477877
"MFSD1","Bin_12",0.141715413823103,12,14.9396565105559,2,0.609410316477877
"MFSD1","Bin_13",0.283858831597678,13,16.2387570766912,2,0.609410316477877
"MFSD1","Bin_14",0.38643057869356,14,17.5378576428265,2,0.609410316477877
"MFSD1","Bin_15",0.18790813050778,15,18.8369582089617,2,0.609410316477877
"MFSD1","Bin_16",0.259628837166348,16,20.136058775097,2,0.609410316477877
"MFSD1","Bin_17",0.993445195629901,17,21.4351593412323,2,0.609410316477877
"MFSD1","Bin_18",1.50324922466104,18,22.7342599073676,2,0.609410316477877
"MFSD1","Bin_19",1.66970214766564,19,24.0333604735029,2,0.609410316477877
"MFSD1","Bin_20",1.38638642578923,20,25.3324610396382,2,0.609410316477877
"NECTIN4","Bin_1",-0.782636059483474,1,0.649550283067647,2,0.511846182677673
"NECTIN4","Bin_2",-1.2056766198394,2,1.94865084920294,2,0.511846182677673
"NECTIN4","Bin_3",-1.78516545406585,3,3.24775141533823,2,0.511846182677673
"NECTIN4","Bin_4",-1.347613244066,4,4.54685198147353,2,0.511846182677673
"NECTIN4","Bin_5",-1.94497230497685,5,5.84595254760882,2,0.511846182677673
"NECTIN4","Bin_6",-0.613109286791114,6,7.14505311374411,2,0.511846182677673
"NECTIN4","Bin_7",1.56119273378538,7,8.4441536798794,2,0.511846182677673
"NECTIN4","Bin_8",-0.779604054678877,8,9.7432542460147,2,0.511846182677673
"NECTIN4","Bin_9",0.688139012897314,9,11.04235481215,2,0.511846182677673
"NECTIN4","Bin_10",0.969807370370903,10,12.3414553782853,2,0.511846182677673
"NECTIN4","Bin_11",0.773367244716386,11,13.6405559444206,2,0.511846182677673
"NECTIN4","Bin_12",0.490996416960644,12,14.9396565105559,2,0.511846182677673
"NECTIN4","Bin_13",0.660312990664651,13,16.2387570766912,2,0.511846182677673
"NECTIN4","Bin_14",0.586771670616698,14,17.5378576428265,2,0.511846182677673
"NECTIN4","Bin_15",0.604728398555341,15,18.8369582089617,2,0.511846182677673
"NECTIN4","Bin_16",0.271213345298052,16,20.136058775097,2,0.511846182677673
"NECTIN4","Bin_17",0.834987533981157,17,21.4351593412323,2,0.511846182677673
"NECTIN4","Bin_18",0.465910622911075,18,22.7342599073676,2,0.511846182677673
"NECTIN4","Bin_19",0.582227071947202,19,24.0333604735029,2,0.511846182677673
"NECTIN4","Bin_20",-0.0308773888032369,20,25.3324610396382,2,0.511846182677673
"PYM1","Bin_1",-0.638105790402268,1,0.649550283067647,2,0.718751850567248
"PYM1","Bin_2",-1.15023323454775,2,1.94865084920294,2,0.718751850567248
"PYM1","Bin_3",-1.02399397250868,3,3.24775141533823,2,0.718751850567248
"PYM1","Bin_4",-1.2308676786104,4,4.54685198147353,2,0.718751850567248
"PYM1","Bin_5",-1.27259009519813,5,5.84595254760882,2,0.718751850567248
"PYM1","Bin_6",-1.68107617755355,6,7.14505311374411,2,0.718751850567248
"PYM1","Bin_7",-0.950950953775122,7,8.4441536798794,2,0.718751850567248
"PYM1","Bin_8",-1.25379695826474,8,9.7432542460147,2,0.718751850567248
"PYM1","Bin_9",0.3837354283822,9,11.04235481215,2,0.718751850567248
"PYM1","Bin_10",0.679129192544195,10,12.3414553782853,2,0.718751850567248
"PYM1","Bin_11",0.727038204445817,11,13.6405559444206,2,0.718751850567248
"PYM1","Bin_12",0.68797179814021,12,14.9396565105559,2,0.718751850567248
"PYM1","Bin_13",0.509404800277802,13,16.2387570766912,2,0.718751850567248
"PYM1","Bin_14",0.823550110809735,14,17.5378576428265,2,0.718751850567248
"PYM1","Bin_15",0.656896164278403,15,18.8369582089617,2,0.718751850567248
"PYM1","Bin_16",0.498890862193607,16,20.136058775097,2,0.718751850567248
"PYM1","Bin_17",0.850057517971288,17,21.4351593412323,2,0.718751850567248
"PYM1","Bin_18",1.05957885674198,18,22.7342599073676,2,0.718751850567248
"PYM1","Bin_19",1.10387002849774,19,24.0333604735029,2,0.718751850567248
"PYM1","Bin_20",1.22149189657767,20,25.3324610396382,2,0.718751850567248
"SEC11C","Bin_1",-0.577176615220811,1,0.649550283067647,2,0.621300734417604
"SEC11C","Bin_2",-0.71648341533395,2,1.94865084920294,2,0.621300734417604
"SEC11C","Bin_3",-1.11057636402121,3,3.24775141533823,2,0.621300734417604
"SEC11C","Bin_4",-0.796060661730524,4,4.54685198147353,2,0.621300734417604
"SEC11C","Bin_5",-1.57125514445694,5,5.84595254760882,2,0.621300734417604
"SEC11C","Bin_6",-0.621016192738103,6,7.14505311374411,2,0.621300734417604
"SEC11C","Bin_7",-1.23973192506332,7,8.4441536798794,2,0.621300734417604
"SEC11C","Bin_8",-1.19812484438361,8,9.7432542460147,2,0.621300734417604
"SEC11C","Bin_9",0.204318619631827,9,11.04235481215,2,0.621300734417604
"SEC11C","Bin_10",0.799176247122738,10,12.3414553782853,2,0.621300734417604
"SEC11C","Bin_11",0.327794108193114,11,13.6405559444206,2,0.621300734417604
"SEC11C","Bin_12",0.0500665355892658,12,14.9396565105559,2,0.621300734417604
"SEC11C","Bin_13",0.22254692572333,13,16.2387570766912,2,0.621300734417604
"SEC11C","Bin_14",0.142162240976648,14,17.5378576428265,2,0.621300734417604
"SEC11C","Bin_15",0.143847143600622,15,18.8369582089617,2,0.621300734417604
"SEC11C","Bin_16",-0.181047661480304,16,20.136058775097,2,0.621300734417604
"SEC11C","Bin_17",1.37688061382667,17,21.4351593412323,2,0.621300734417604
"SEC11C","Bin_18",1.56957634576055,18,22.7342599073676,2,0.621300734417604
"SEC11C","Bin_19",1.85762527827607,19,24.0333604735029,2,0.621300734417604
"SEC11C","Bin_20",1.31747876572794,20,25.3324610396382,2,0.621300734417604
"PLLP","Bin_1",-1.13109999733117,1,0.649550283067647,2,0.684458556804169
"PLLP","Bin_2",-0.949746917883501,2,1.94865084920294,2,0.684458556804169
"PLLP","Bin_3",-1.27582979543431,3,3.24775141533823,2,0.684458556804169
"PLLP","Bin_4",-1.39735270950972,4,4.54685198147353,2,0.684458556804169
"PLLP","Bin_5",-1.32340454135072,5,5.84595254760882,2,0.684458556804169
"PLLP","Bin_6",-1.42888684650026,6,7.14505311374411,2,0.684458556804169
"PLLP","Bin_7",-1.01167233894209,7,8.4441536798794,2,0.684458556804169
"PLLP","Bin_8",-0.336900070466999,8,9.7432542460147,2,0.684458556804169
"PLLP","Bin_9",0.180831542893015,9,11.04235481215,2,0.684458556804169
"PLLP","Bin_10",0.56020185879387,10,12.3414553782853,2,0.684458556804169
"PLLP","Bin_11",0.689057481999387,11,13.6405559444206,2,0.684458556804169
"PLLP","Bin_12",0.593919572466108,12,14.9396565105559,2,0.684458556804169
"PLLP","Bin_13",0.629756347906991,13,16.2387570766912,2,0.684458556804169
"PLLP","Bin_14",0.999566729042223,14,17.5378576428265,2,0.684458556804169
"PLLP","Bin_15",0.833187106357411,15,18.8369582089617,2,0.684458556804169
"PLLP","Bin_16",0.122153758509822,16,20.136058775097,2,0.684458556804169
"PLLP","Bin_17",0.840516863812884,17,21.4351593412323,2,0.684458556804169
"PLLP","Bin_18",1.66186381617586,18,22.7342599073676,2,0.684458556804169
"PLLP","Bin_19",1.01421460213245,19,24.0333604735029,2,0.684458556804169
"PLLP","Bin_20",0.729623537328745,20,25.3324610396382,2,0.684458556804169
"FARSA","Bin_1",-0.490207329336845,1,0.649550283067647,2,0.669479396891456
"FARSA","Bin_2",-1.14497483131035,2,1.94865084920294,2,0.669479396891456
"FARSA","Bin_3",-1.2626619011415,3,3.24775141533823,2,0.669479396891456
"FARSA","Bin_4",-0.63470826217806,4,4.54685198147353,2,0.669479396891456
"FARSA","Bin_5",-1.3196525913104,5,5.84595254760882,2,0.669479396891456
"FARSA","Bin_6",-1.61551147920027,6,7.14505311374411,2,0.669479396891456
"FARSA","Bin_7",-0.812501168851025,7,8.4441536798794,2,0.669479396891456
"FARSA","Bin_8",-0.893834340759376,8,9.7432542460147,2,0.669479396891456
"FARSA","Bin_9",0.28001931898529,9,11.04235481215,2,0.669479396891456
"FARSA","Bin_10",0.962186440675664,10,12.3414553782853,2,0.669479396891456
"FARSA","Bin_11",0.805756167361366,11,13.6405559444206,2,0.669479396891456
"FARSA","Bin_12",0.0295507269377156,12,14.9396565105559,2,0.669479396891456
"FARSA","Bin_13",0.607676837288436,13,16.2387570766912,2,0.669479396891456
"FARSA","Bin_14",0.23533665972289,14,17.5378576428265,2,0.669479396891456
"FARSA","Bin_15",-0.0161562266508307,15,18.8369582089617,2,0.669479396891456
"FARSA","Bin_16",0.546505575435302,16,20.136058775097,2,0.669479396891456
"FARSA","Bin_17",0.327921952334691,17,21.4351593412323,2,0.669479396891456
"FARSA","Bin_18",0.779816604590825,18,22.7342599073676,2,0.669479396891456
"FARSA","Bin_19",1.88467883589544,19,24.0333604735029,2,0.669479396891456
"FARSA","Bin_20",1.73075901151103,20,25.3324610396382,2,0.669479396891456
"TMEM258","Bin_1",-0.218715827080826,1,0.649550283067647,2,0.611495089211954
"TMEM258","Bin_2",-0.698754548972554,2,1.94865084920294,2,0.611495089211954
"TMEM258","Bin_3",-0.944235701530154,3,3.24775141533823,2,0.611495089211954
"TMEM258","Bin_4",-0.133617920353986,4,4.54685198147353,2,0.611495089211954
"TMEM258","Bin_5",-1.24561946795482,5,5.84595254760882,2,0.611495089211954
"TMEM258","Bin_6",-2.55835887834042,6,7.14505311374411,2,0.611495089211954
"TMEM258","Bin_7",-1.26135371726549,7,8.4441536798794,2,0.611495089211954
"TMEM258","Bin_8",-1.03753664316718,8,9.7432542460147,2,0.611495089211954
"TMEM258","Bin_9",0.20818239746248,9,11.04235481215,2,0.611495089211954
"TMEM258","Bin_10",0.272136593490259,10,12.3414553782853,2,0.611495089211954
"TMEM258","Bin_11",0.519601087271029,11,13.6405559444206,2,0.611495089211954
"TMEM258","Bin_12",0.503549684662152,12,14.9396565105559,2,0.611495089211954
"TMEM258","Bin_13",0.23034544134489,13,16.2387570766912,2,0.611495089211954
"TMEM258","Bin_14",0.49029302240892,14,17.5378576428265,2,0.611495089211954
"TMEM258","Bin_15",0.819252506435089,15,18.8369582089617,2,0.611495089211954
"TMEM258","Bin_16",0.874847191251738,16,20.136058775097,2,0.611495089211954
"TMEM258","Bin_17",1.18635804973155,17,21.4351593412323,2,0.611495089211954
"TMEM258","Bin_18",1.11793846034515,18,22.7342599073676,2,0.611495089211954
"TMEM258","Bin_19",0.899453133938094,19,24.0333604735029,2,0.611495089211954
"TMEM258","Bin_20",0.976235136324076,20,25.3324610396382,2,0.611495089211954
"CHCHD1","Bin_1",-0.316655535907017,1,0.649550283067647,2,0.679883593276264
"CHCHD1","Bin_2",-1.13178942724132,2,1.94865084920294,2,0.679883593276264
"CHCHD1","Bin_3",-1.23049867088953,3,3.24775141533823,2,0.679883593276264
"CHCHD1","Bin_4",-1.03688795423428,4,4.54685198147353,2,0.679883593276264
"CHCHD1","Bin_5",-1.15789725435145,5,5.84595254760882,2,0.679883593276264
"CHCHD1","Bin_6",-1.94815745854055,6,7.14505311374411,2,0.679883593276264
"CHCHD1","Bin_7",-1.13499447285656,7,8.4441536798794,2,0.679883593276264
"CHCHD1","Bin_8",-0.520694000852747,8,9.7432542460147,2,0.679883593276264
"CHCHD1","Bin_9",0.923135024149768,9,11.04235481215,2,0.679883593276264
"CHCHD1","Bin_10",1.33123139822465,10,12.3414553782853,2,0.679883593276264
"CHCHD1","Bin_11",1.07629768398775,11,13.6405559444206,2,0.679883593276264
"CHCHD1","Bin_12",0.682237323655427,12,14.9396565105559,2,0.679883593276264
"CHCHD1","Bin_13",0.426805802472094,13,16.2387570766912,2,0.679883593276264
"CHCHD1","Bin_14",0.0187655317343056,14,17.5378576428265,2,0.679883593276264
"CHCHD1","Bin_15",0.133776146303997,15,18.8369582089617,2,0.679883593276264
"CHCHD1","Bin_16",0.341767828954396,16,20.136058775097,2,0.679883593276264
"CHCHD1","Bin_17",0.523367745815728,17,21.4351593412323,2,0.679883593276264
"CHCHD1","Bin_18",0.464328122806395,18,22.7342599073676,2,0.679883593276264
"CHCHD1","Bin_19",1.35847172674695,19,24.0333604735029,2,0.679883593276264
"CHCHD1","Bin_20",1.19739044002199,20,25.3324610396382,2,0.679883593276264
"RPL6","Bin_1",0.198433680397874,1,0.649550283067647,2,0.400243126617039
"RPL6","Bin_2",0.0966490683464481,2,1.94865084920294,2,0.400243126617039
"RPL6","Bin_3",0.100479215475801,3,3.24775141533823,2,0.400243126617039
"RPL6","Bin_4",-1.40212618474609,4,4.54685198147353,2,0.400243126617039
"RPL6","Bin_5",-0.184104245168447,5,5.84595254760882,2,0.400243126617039
"RPL6","Bin_6",-2.96842293587239,6,7.14505311374411,2,0.400243126617039
"RPL6","Bin_7",-2.10337267053849,7,8.4441536798794,2,0.400243126617039
"RPL6","Bin_8",-0.114553371293141,8,9.7432542460147,2,0.400243126617039
"RPL6","Bin_9",0.494252611340637,9,11.04235481215,2,0.400243126617039
"RPL6","Bin_10",0.509520946042798,10,12.3414553782853,2,0.400243126617039
"RPL6","Bin_11",0.313072865787166,11,13.6405559444206,2,0.400243126617039
"RPL6","Bin_12",0.647430703257284,12,14.9396565105559,2,0.400243126617039
"RPL6","Bin_13",0.752558236693514,13,16.2387570766912,2,0.400243126617039
"RPL6","Bin_14",0.837692247913177,14,17.5378576428265,2,0.400243126617039
"RPL6","Bin_15",0.644193772634878,15,18.8369582089617,2,0.400243126617039
"RPL6","Bin_16",0.411219467037098,16,20.136058775097,2,0.400243126617039
"RPL6","Bin_17",0.394119442683709,17,21.4351593412323,2,0.400243126617039
"RPL6","Bin_18",0.553370202349302,18,22.7342599073676,2,0.400243126617039
"RPL6","Bin_19",0.51432389048084,19,24.0333604735029,2,0.400243126617039
"RPL6","Bin_20",0.305263057178023,20,25.3324610396382,2,0.400243126617039
"UROD","Bin_1",-0.165002856002942,1,0.649550283067647,2,0.688510743349012
"UROD","Bin_2",-1.32418328371991,2,1.94865084920294,2,0.688510743349012
"UROD","Bin_3",-1.25403069009423,3,3.24775141533823,2,0.688510743349012
"UROD","Bin_4",-1.46123992187919,4,4.54685198147353,2,0.688510743349012
"UROD","Bin_5",-1.58826691647303,5,5.84595254760882,2,0.688510743349012
"UROD","Bin_6",-0.938222254514941,6,7.14505311374411,2,0.688510743349012
"UROD","Bin_7",-0.977629315380098,7,8.4441536798794,2,0.688510743349012
"UROD","Bin_8",-0.719101573685986,8,9.7432542460147,2,0.688510743349012
"UROD","Bin_9",0.430918701345117,9,11.04235481215,2,0.688510743349012
"UROD","Bin_10",1.01695941666649,10,12.3414553782853,2,0.688510743349012
"UROD","Bin_11",0.821026846613386,11,13.6405559444206,2,0.688510743349012
"UROD","Bin_12",0.554119897182738,12,14.9396565105559,2,0.688510743349012
"UROD","Bin_13",0.0731271744661219,13,16.2387570766912,2,0.688510743349012
"UROD","Bin_14",0.0165476014556996,14,17.5378576428265,2,0.688510743349012
"UROD","Bin_15",0.0782974208675075,15,18.8369582089617,2,0.688510743349012
"UROD","Bin_16",0.563936918083253,16,20.136058775097,2,0.688510743349012
"UROD","Bin_17",0.868539770211189,17,21.4351593412323,2,0.688510743349012
"UROD","Bin_18",1.2739312894188,18,22.7342599073676,2,0.688510743349012
"UROD","Bin_19",1.34906811443822,19,24.0333604735029,2,0.688510743349012
"UROD","Bin_20",1.3812036610018,20,25.3324610396382,2,0.688510743349012
"SPATC1L","Bin_1",-1.04940707411402,1,0.649550283067647,2,0.67749110001458
"SPATC1L","Bin_2",-1.22466985923063,2,1.94865084920294,2,0.67749110001458
"SPATC1L","Bin_3",-1.62373734989077,3,3.24775141533823,2,0.67749110001458
"SPATC1L","Bin_4",-1.01223887110474,4,4.54685198147353,2,0.67749110001458
"SPATC1L","Bin_5",-1.37938006105115,5,5.84595254760882,2,0.67749110001458
"SPATC1L","Bin_6",-0.497907383582091,6,7.14505311374411,2,0.67749110001458
"SPATC1L","Bin_7",-0.961123221298308,7,8.4441536798794,2,0.67749110001458
"SPATC1L","Bin_8",-0.895428749794498,8,9.7432542460147,2,0.67749110001458
"SPATC1L","Bin_9",0.101554209285705,9,11.04235481215,2,0.67749110001458
"SPATC1L","Bin_10",1.15657805564238,10,12.3414553782853,2,0.67749110001458
"SPATC1L","Bin_11",0.740742173272342,11,13.6405559444206,2,0.67749110001458
"SPATC1L","Bin_12",0.731027567286252,12,14.9396565105559,2,0.67749110001458
"SPATC1L","Bin_13",0.0355747002382338,13,16.2387570766912,2,0.67749110001458
"SPATC1L","Bin_14",0.0071949372589296,14,17.5378576428265,2,0.67749110001458
"SPATC1L","Bin_15",0.758360749661315,15,18.8369582089617,2,0.67749110001458
"SPATC1L","Bin_16",0.552999668133947,16,20.136058775097,2,0.67749110001458
"SPATC1L","Bin_17",0.747033020807131,17,21.4351593412323,2,0.67749110001458
"SPATC1L","Bin_18",1.01572826508263,18,22.7342599073676,2,0.67749110001458
"SPATC1L","Bin_19",1.55128928911122,19,24.0333604735029,2,0.67749110001458
"SPATC1L","Bin_20",1.24580993428612,20,25.3324610396382,2,0.67749110001458
"FADS2","Bin_1",-1.19855396027269,1,0.649550283067647,2,0.655569514660183
"FADS2","Bin_2",-1.37171606229788,2,1.94865084920294,2,0.655569514660183
"FADS2","Bin_3",-1.3631797326355,3,3.24775141533823,2,0.655569514660183
"FADS2","Bin_4",-0.8796249458377,4,4.54685198147353,2,0.655569514660183
"FADS2","Bin_5",-1.42549857579877,5,5.84595254760882,2,0.655569514660183
"FADS2","Bin_6",-1.42549857579877,6,7.14505311374411,2,0.655569514660183
"FADS2","Bin_7",0.339876158857867,7,8.4441536798794,2,0.655569514660183
"FADS2","Bin_8",-1.03845287322186,8,9.7432542460147,2,0.655569514660183
"FADS2","Bin_9",0.531899133120211,9,11.04235481215,2,0.655569514660183
"FADS2","Bin_10",1.20099002632015,10,12.3414553782853,2,0.655569514660183
"FADS2","Bin_11",0.751196732300038,11,13.6405559444206,2,0.655569514660183
"FADS2","Bin_12",0.778427418493097,12,14.9396565105559,2,0.655569514660183
"FADS2","Bin_13",0.41438999025789,13,16.2387570766912,2,0.655569514660183
"FADS2","Bin_14",0.217495237793719,14,17.5378576428265,2,0.655569514660183
"FADS2","Bin_15",0.0946619340142398,15,18.8369582089617,2,0.655569514660183
"FADS2","Bin_16",0.193606993392907,16,20.136058775097,2,0.655569514660183
"FADS2","Bin_17",0.655965563396853,17,21.4351593412323,2,0.655569514660183
"FADS2","Bin_18",1.02252913132384,18,22.7342599073676,2,0.655569514660183
"FADS2","Bin_19",1.13608980872782,19,24.0333604735029,2,0.655569514660183
"FADS2","Bin_20",1.36539659786454,20,25.3324610396382,2,0.655569514660183
"TFPT","Bin_1",-0.95334867039121,1,0.649550283067647,2,0.64377303511573
"TFPT","Bin_2",-1.37863721650889,2,1.94865084920294,2,0.64377303511573
"TFPT","Bin_3",-1.37698754153399,3,3.24775141533823,2,0.64377303511573
"TFPT","Bin_4",-1.08503610436564,4,4.54685198147353,2,0.64377303511573
"TFPT","Bin_5",-0.92149390870023,5,5.84595254760882,2,0.64377303511573
"TFPT","Bin_6",-0.935562939526175,6,7.14505311374411,2,0.64377303511573
"TFPT","Bin_7",-1.23774560755059,7,8.4441536798794,2,0.64377303511573
"TFPT","Bin_8",-1.4282087065012,8,9.7432542460147,2,0.64377303511573
"TFPT","Bin_9",0.59395728790644,9,11.04235481215,2,0.64377303511573
"TFPT","Bin_10",1.09615875731683,10,12.3414553782853,2,0.64377303511573
"TFPT","Bin_11",1.10385719248927,11,13.6405559444206,2,0.64377303511573
"TFPT","Bin_12",0.966502449724179,12,14.9396565105559,2,0.64377303511573
"TFPT","Bin_13",0.865039456675512,13,16.2387570766912,2,0.64377303511573
"TFPT","Bin_14",0.897506692405551,14,17.5378576428265,2,0.64377303511573
"TFPT","Bin_15",0.885684066288147,15,18.8369582089617,2,0.64377303511573
"TFPT","Bin_16",0.724119196732072,16,20.136058775097,2,0.64377303511573
"TFPT","Bin_17",0.535778955131441,17,21.4351593412323,2,0.64377303511573
"TFPT","Bin_18",0.742559209707206,18,22.7342599073676,2,0.64377303511573
"TFPT","Bin_19",0.488628049486414,19,24.0333604735029,2,0.64377303511573
"TFPT","Bin_20",0.417229381214848,20,25.3324610396382,2,0.64377303511573
"RRAGA","Bin_1",-0.45468108505341,1,0.649550283067647,2,0.574492712150522
"RRAGA","Bin_2",-0.690257141382648,2,1.94865084920294,2,0.574492712150522
"RRAGA","Bin_3",-1.12273695948215,3,3.24775141533823,2,0.574492712150522
"RRAGA","Bin_4",-1.18692586017039,4,4.54685198147353,2,0.574492712150522
"RRAGA","Bin_5",-1.48761579654496,5,5.84595254760882,2,0.574492712150522
"RRAGA","Bin_6",-1.41917288903127,6,7.14505311374411,2,0.574492712150522
"RRAGA","Bin_7",-1.92270987072721,7,8.4441536798794,2,0.574492712150522
"RRAGA","Bin_8",1.37885172309505,8,9.7432542460147,2,0.574492712150522
"RRAGA","Bin_9",-0.0288423674941432,9,11.04235481215,2,0.574492712150522
"RRAGA","Bin_10",0.297784286051175,10,12.3414553782853,2,0.574492712150522
"RRAGA","Bin_11",0.511604144497361,11,13.6405559444206,2,0.574492712150522
"RRAGA","Bin_12",0.286596841427193,12,14.9396565105559,2,0.574492712150522
"RRAGA","Bin_13",0.438186654528894,13,16.2387570766912,2,0.574492712150522
"RRAGA","Bin_14",0.37255233472998,14,17.5378576428265,2,0.574492712150522
"RRAGA","Bin_15",0.464651899234338,15,18.8369582089617,2,0.574492712150522
"RRAGA","Bin_16",0.3367814015436,16,20.136058775097,2,0.574492712150522
"RRAGA","Bin_17",1.03482964890295,17,21.4351593412323,2,0.574492712150522
"RRAGA","Bin_18",0.652317943828435,18,22.7342599073676,2,0.574492712150522
"RRAGA","Bin_19",1.33926875838837,19,24.0333604735029,2,0.574492712150522
"RRAGA","Bin_20",1.19951633365884,20,25.3324610396382,2,0.574492712150522
"CALR","Bin_1",-0.537211905963766,1,0.649550283067647,2,0.617248377661968
"CALR","Bin_2",-0.835724429432633,2,1.94865084920294,2,0.617248377661968
"CALR","Bin_3",-1.24015664633449,3,3.24775141533823,2,0.617248377661968
"CALR","Bin_4",0.328346816695868,4,4.54685198147353,2,0.617248377661968
"CALR","Bin_5",-1.93930518196177,5,5.84595254760882,2,0.617248377661968
"CALR","Bin_6",-2.00507902977692,6,7.14505311374411,2,0.617248377661968
"CALR","Bin_7",-1.04932628952588,7,8.4441536798794,2,0.617248377661968
"CALR","Bin_8",-0.655593047199007,8,9.7432542460147,2,0.617248377661968
"CALR","Bin_9",0.153561141252471,9,11.04235481215,2,0.617248377661968
"CALR","Bin_10",0.353038726150534,10,12.3414553782853,2,0.617248377661968
"CALR","Bin_11",0.55446701681202,11,13.6405559444206,2,0.617248377661968
"CALR","Bin_12",0.110306158797739,12,14.9396565105559,2,0.617248377661968
"CALR","Bin_13",0.268267257758391,13,16.2387570766912,2,0.617248377661968
"CALR","Bin_14",0.449482871078016,14,17.5378576428265,2,0.617248377661968
"CALR","Bin_15",0.730205886915935,15,18.8369582089617,2,0.617248377661968
"CALR","Bin_16",0.850857837442749,16,20.136058775097,2,0.617248377661968
"CALR","Bin_17",1.33125502453489,17,21.4351593412323,2,0.617248377661968
"CALR","Bin_18",0.954362011882166,18,22.7342599073676,2,0.617248377661968
"CALR","Bin_19",1.10685715542499,19,24.0333604735029,2,0.617248377661968
"CALR","Bin_20",1.07138862544869,20,25.3324610396382,2,0.617248377661968
"MAP3K13","Bin_1",-0.642072034248965,1,0.649550283067647,2,0.691956612203714
"MAP3K13","Bin_2",-0.608496656297246,2,1.94865084920294,2,0.691956612203714
"MAP3K13","Bin_3",-1.24973012946895,3,3.24775141533823,2,0.691956612203714
"MAP3K13","Bin_4",-1.15409643029398,4,4.54685198147353,2,0.691956612203714
"MAP3K13","Bin_5",-1.58507376110706,5,5.84595254760882,2,0.691956612203714
"MAP3K13","Bin_6",-1.79522378938444,6,7.14505311374411,2,0.691956612203714
"MAP3K13","Bin_7",-1.09863856120723,7,8.4441536798794,2,0.691956612203714
"MAP3K13","Bin_8",-1.01393436580268,8,9.7432542460147,2,0.691956612203714
"MAP3K13","Bin_9",0.50058801351664,9,11.04235481215,2,0.691956612203714
"MAP3K13","Bin_10",1.0384053730499,10,12.3414553782853,2,0.691956612203714
"MAP3K13","Bin_11",0.987035379192975,11,13.6405559444206,2,0.691956612203714
"MAP3K13","Bin_12",1.02519292341597,12,14.9396565105559,2,0.691956612203714
"MAP3K13","Bin_13",0.56308312896104,13,16.2387570766912,2,0.691956612203714
"MAP3K13","Bin_14",0.518814950645273,14,17.5378576428265,2,0.691956612203714
"MAP3K13","Bin_15",0.716038590480804,15,18.8369582089617,2,0.691956612203714
"MAP3K13","Bin_16",0.718902670631923,16,20.136058775097,2,0.691956612203714
"MAP3K13","Bin_17",0.824719772672671,17,21.4351593412323,2,0.691956612203714
"MAP3K13","Bin_18",0.810927690836364,18,22.7342599073676,2,0.691956612203714
"MAP3K13","Bin_19",0.765149084952202,19,24.0333604735029,2,0.691956612203714
"MAP3K13","Bin_20",0.678408149454784,20,25.3324610396382,2,0.691956612203714
"POLR2F","Bin_1",-0.495325739093538,1,0.649550283067647,2,0.609342939446241
"POLR2F","Bin_2",-0.949595619759743,2,1.94865084920294,2,0.609342939446241
"POLR2F","Bin_3",-1.11768371287527,3,3.24775141533823,2,0.609342939446241
"POLR2F","Bin_4",-0.685462011403954,4,4.54685198147353,2,0.609342939446241
"POLR2F","Bin_5",-0.410303014116845,5,5.84595254760882,2,0.609342939446241
"POLR2F","Bin_6",-1.51690543085937,6,7.14505311374411,2,0.609342939446241
"POLR2F","Bin_7",-1.22643375638905,7,8.4441536798794,2,0.609342939446241
"POLR2F","Bin_8",-1.68341634460913,8,9.7432542460147,2,0.609342939446241
"POLR2F","Bin_9",0.921435543706127,9,11.04235481215,2,0.609342939446241
"POLR2F","Bin_10",0.994531395890301,10,12.3414553782853,2,0.609342939446241
"POLR2F","Bin_11",0.726757370540877,11,13.6405559444206,2,0.609342939446241
"POLR2F","Bin_12",0.163273290943482,12,14.9396565105559,2,0.609342939446241
"POLR2F","Bin_13",0.482304219124525,13,16.2387570766912,2,0.609342939446241
"POLR2F","Bin_14",-0.0505999981701494,14,17.5378576428265,2,0.609342939446241
"POLR2F","Bin_15",0.0993474379408497,15,18.8369582089617,2,0.609342939446241
"POLR2F","Bin_16",0.0319349536365708,16,20.136058775097,2,0.609342939446241
"POLR2F","Bin_17",0.400215534331742,17,21.4351593412323,2,0.609342939446241
"POLR2F","Bin_18",1.03370590743225,18,22.7342599073676,2,0.609342939446241
"POLR2F","Bin_19",1.83113905215975,19,24.0333604735029,2,0.609342939446241
"POLR2F","Bin_20",1.45108092157057,20,25.3324610396382,2,0.609342939446241
"MYDGF","Bin_1",0.435788302841496,1,0.649550283067647,2,0.608077918154808
"MYDGF","Bin_2",-0.84718005915217,2,1.94865084920294,2,0.608077918154808
"MYDGF","Bin_3",-1.04682673856274,3,3.24775141533823,2,0.608077918154808
"MYDGF","Bin_4",-0.646872650637205,4,4.54685198147353,2,0.608077918154808
"MYDGF","Bin_5",-1.28666886249863,5,5.84595254760882,2,0.608077918154808
"MYDGF","Bin_6",-1.94961676436773,6,7.14505311374411,2,0.608077918154808
"MYDGF","Bin_7",-1.76202782360298,7,8.4441536798794,2,0.608077918154808
"MYDGF","Bin_8",-0.706536126877922,8,9.7432542460147,2,0.608077918154808
"MYDGF","Bin_9",-0.137382447201456,9,11.04235481215,2,0.608077918154808
"MYDGF","Bin_10",0.401239714237481,10,12.3414553782853,2,0.608077918154808
"MYDGF","Bin_11",0.829143940678646,11,13.6405559444206,2,0.608077918154808
"MYDGF","Bin_12",0.307846857719967,12,14.9396565105559,2,0.608077918154808
"MYDGF","Bin_13",0.372133530443346,13,16.2387570766912,2,0.608077918154808
"MYDGF","Bin_14",0.237106018863416,14,17.5378576428265,2,0.608077918154808
"MYDGF","Bin_15",0.594107629252915,15,18.8369582089617,2,0.608077918154808
"MYDGF","Bin_16",0.751957064731408,16,20.136058775097,2,0.608077918154808
"MYDGF","Bin_17",1.66182569712575,17,21.4351593412323,2,0.608077918154808
"MYDGF","Bin_18",0.875607868100181,18,22.7342599073676,2,0.608077918154808
"MYDGF","Bin_19",0.760893189923968,19,24.0333604735029,2,0.608077918154808
"MYDGF","Bin_20",1.15546165898226,20,25.3324610396382,2,0.608077918154808
"RAB1A","Bin_1",-0.379694363493031,1,0.649550283067647,2,0.675044266087904
"RAB1A","Bin_2",-0.807899388479445,2,1.94865084920294,2,0.675044266087904
"RAB1A","Bin_3",-1.08264952870641,3,3.24775141533823,2,0.675044266087904
"RAB1A","Bin_4",-0.696474573805211,4,4.54685198147353,2,0.675044266087904
"RAB1A","Bin_5",-1.62565703008135,5,5.84595254760882,2,0.675044266087904
"RAB1A","Bin_6",-1.9458525982346,6,7.14505311374411,2,0.675044266087904
"RAB1A","Bin_7",-1.65998736682982,7,8.4441536798794,2,0.675044266087904
"RAB1A","Bin_8",-0.137627680152815,8,9.7432542460147,2,0.675044266087904
"RAB1A","Bin_9",0.583726405576592,9,11.04235481215,2,0.675044266087904
"RAB1A","Bin_10",0.559831490728084,10,12.3414553782853,2,0.675044266087904
"RAB1A","Bin_11",0.577232908157184,11,13.6405559444206,2,0.675044266087904
"RAB1A","Bin_12",0.66664653532785,12,14.9396565105559,2,0.675044266087904
"RAB1A","Bin_13",0.234759031426538,13,16.2387570766912,2,0.675044266087904
"RAB1A","Bin_14",0.0433848361998155,14,17.5378576428265,2,0.675044266087904
"RAB1A","Bin_15",0.54727976285315,15,18.8369582089617,2,0.675044266087904
"RAB1A","Bin_16",0.566899407120808,16,20.136058775097,2,0.675044266087904
"RAB1A","Bin_17",1.17316361187254,17,21.4351593412323,2,0.675044266087904
"RAB1A","Bin_18",1.08220693317695,18,22.7342599073676,2,0.675044266087904
"RAB1A","Bin_19",1.28919448106265,19,24.0333604735029,2,0.675044266087904
"RAB1A","Bin_20",1.01151712628053,20,25.3324610396382,2,0.675044266087904
"CTHRC1","Bin_1",-0.567689322796148,1,0.649550283067647,2,0.288010211104563
"CTHRC1","Bin_2",-0.688828557008154,2,1.94865084920294,2,0.288010211104563
"CTHRC1","Bin_3",-0.681985711567458,3,3.24775141533823,2,0.288010211104563
"CTHRC1","Bin_4",0.963661434034591,4,4.54685198147353,2,0.288010211104563
"CTHRC1","Bin_5",0.00473038830470279,5,5.84595254760882,2,0.288010211104563
"CTHRC1","Bin_6",-0.762052452553978,6,7.14505311374411,2,0.288010211104563
"CTHRC1","Bin_7",-0.762052452553978,7,8.4441536798794,2,0.288010211104563
"CTHRC1","Bin_8",-0.506347844823658,8,9.7432542460147,2,0.288010211104563
"CTHRC1","Bin_9",-0.582247837210217,9,11.04235481215,2,0.288010211104563
"CTHRC1","Bin_10",-0.637015319982937,10,12.3414553782853,2,0.288010211104563
"CTHRC1","Bin_11",-0.556309973323055,11,13.6405559444206,2,0.288010211104563
"CTHRC1","Bin_12",-0.583722682051867,12,14.9396565105559,2,0.288010211104563
"CTHRC1","Bin_13",-0.664901698609734,13,16.2387570766912,2,0.288010211104563
"CTHRC1","Bin_14",-0.59450734556045,14,17.5378576428265,2,0.288010211104563
"CTHRC1","Bin_15",-0.220571749764941,15,18.8369582089617,2,0.288010211104563
"CTHRC1","Bin_16",-0.3502346616261,16,20.136058775097,2,0.288010211104563
"CTHRC1","Bin_17",1.79028288562145,17,21.4351593412323,2,0.288010211104563
"CTHRC1","Bin_18",1.55082779598586,18,22.7342599073676,2,0.288010211104563
"CTHRC1","Bin_19",2.00299511124055,19,24.0333604735029,2,0.288010211104563
"CTHRC1","Bin_20",1.84596999424552,20,25.3324610396382,2,0.288010211104563
"C1orf43","Bin_1",-0.375414942331159,1,0.649550283067647,2,0.697860767829986
"C1orf43","Bin_2",-1.12623373902917,2,1.94865084920294,2,0.697860767829986
"C1orf43","Bin_3",-1.23537429756015,3,3.24775141533823,2,0.697860767829986
"C1orf43","Bin_4",-0.524649973867583,4,4.54685198147353,2,0.697860767829986
"C1orf43","Bin_5",-1.20949019348414,5,5.84595254760882,2,0.697860767829986
"C1orf43","Bin_6",-1.9554718870773,6,7.14505311374411,2,0.697860767829986
"C1orf43","Bin_7",-1.58677255045759,7,8.4441536798794,2,0.697860767829986
"C1orf43","Bin_8",-0.816709427827042,8,9.7432542460147,2,0.697860767829986
"C1orf43","Bin_9",0.500912794899664,9,11.04235481215,2,0.697860767829986
"C1orf43","Bin_10",0.942679019908227,10,12.3414553782853,2,0.697860767829986
"C1orf43","Bin_11",1.01399795202316,11,13.6405559444206,2,0.697860767829986
"C1orf43","Bin_12",0.569374520473842,12,14.9396565105559,2,0.697860767829986
"C1orf43","Bin_13",0.575460368179701,13,16.2387570766912,2,0.697860767829986
"C1orf43","Bin_14",0.484572130908683,14,17.5378576428265,2,0.697860767829986
"C1orf43","Bin_15",0.401989678894753,15,18.8369582089617,2,0.697860767829986
"C1orf43","Bin_16",0.558786174881307,16,20.136058775097,2,0.697860767829986
"C1orf43","Bin_17",0.72993437436105,17,21.4351593412323,2,0.697860767829986
"C1orf43","Bin_18",0.717927605864053,18,22.7342599073676,2,0.697860767829986
"C1orf43","Bin_19",1.08727744080561,19,24.0333604735029,2,0.697860767829986
"C1orf43","Bin_20",1.24720495043408,20,25.3324610396382,2,0.697860767829986
"REEP5","Bin_1",1.12843550436631,1,0.649550283067647,2,0.544586839007902
"REEP5","Bin_2",-0.602929403275815,2,1.94865084920294,2,0.544586839007902
"REEP5","Bin_3",-0.771142831284192,3,3.24775141533823,2,0.544586839007902
"REEP5","Bin_4",-1.31783979864551,4,4.54685198147353,2,0.544586839007902
"REEP5","Bin_5",-1.73212116405982,5,5.84595254760882,2,0.544586839007902
"REEP5","Bin_6",-1.99250715434989,6,7.14505311374411,2,0.544586839007902
"REEP5","Bin_7",-0.701999766860771,7,8.4441536798794,2,0.544586839007902
"REEP5","Bin_8",-1.39610669328548,8,9.7432542460147,2,0.544586839007902
"REEP5","Bin_9",0.527405827112555,9,11.04235481215,2,0.544586839007902
"REEP5","Bin_10",0.914205794166913,10,12.3414553782853,2,0.544586839007902
"REEP5","Bin_11",0.832375148849653,11,13.6405559444206,2,0.544586839007902
"REEP5","Bin_12",0.767234428923159,12,14.9396565105559,2,0.544586839007902
"REEP5","Bin_13",0.0601670764704643,13,16.2387570766912,2,0.544586839007902
"REEP5","Bin_14",-0.00318773405329688,14,17.5378576428265,2,0.544586839007902
"REEP5","Bin_15",0.441290765679753,15,18.8369582089617,2,0.544586839007902
"REEP5","Bin_16",0.636208158816731,16,20.136058775097,2,0.544586839007902
"REEP5","Bin_17",0.929005739338764,17,21.4351593412323,2,0.544586839007902
"REEP5","Bin_18",0.637264172411004,18,22.7342599073676,2,0.544586839007902
"REEP5","Bin_19",0.825477935169607,19,24.0333604735029,2,0.544586839007902
"REEP5","Bin_20",0.818763994509864,20,25.3324610396382,2,0.544586839007902
"MSRB2","Bin_1",-0.159076099034996,1,0.649550283067647,2,0.622117462850141
"MSRB2","Bin_2",-0.781213615821919,2,1.94865084920294,2,0.622117462850141
"MSRB2","Bin_3",-0.720810792279276,3,3.24775141533823,2,0.622117462850141
"MSRB2","Bin_4",-1.0951193928479,4,4.54685198147353,2,0.622117462850141
"MSRB2","Bin_5",-1.09500566895744,5,5.84595254760882,2,0.622117462850141
"MSRB2","Bin_6",-1.76572236543472,6,7.14505311374411,2,0.622117462850141
"MSRB2","Bin_7",-1.2592421650823,7,8.4441536798794,2,0.622117462850141
"MSRB2","Bin_8",-1.76572236543472,8,9.7432542460147,2,0.622117462850141
"MSRB2","Bin_9",0.232295369027325,9,11.04235481215,2,0.622117462850141
"MSRB2","Bin_10",1.03642143738479,10,12.3414553782853,2,0.622117462850141
"MSRB2","Bin_11",0.986649347658832,11,13.6405559444206,2,0.622117462850141
"MSRB2","Bin_12",1.24378880976744,12,14.9396565105559,2,0.622117462850141
"MSRB2","Bin_13",0.15047982973373,13,16.2387570766912,2,0.622117462850141
"MSRB2","Bin_14",0.221344876033498,14,17.5378576428265,2,0.622117462850141
"MSRB2","Bin_15",0.648284914529611,15,18.8369582089617,2,0.622117462850141
"MSRB2","Bin_16",0.882736213359431,16,20.136058775097,2,0.622117462850141
"MSRB2","Bin_17",0.611878906376425,17,21.4351593412323,2,0.622117462850141
"MSRB2","Bin_18",0.798529093262474,18,22.7342599073676,2,0.622117462850141
"MSRB2","Bin_19",0.814933232519347,19,24.0333604735029,2,0.622117462850141
"MSRB2","Bin_20",1.01457043524036,20,25.3324610396382,2,0.622117462850141
"SFT2D1","Bin_1",-0.0302999937604529,1,0.649550283067647,2,0.678082495066888
"SFT2D1","Bin_2",-0.814656258239048,2,1.94865084920294,2,0.678082495066888
"SFT2D1","Bin_3",-1.13109652853791,3,3.24775141533823,2,0.678082495066888
"SFT2D1","Bin_4",-0.922002471796021,4,4.54685198147353,2,0.678082495066888
"SFT2D1","Bin_5",-1.20572352553535,5,5.84595254760882,2,0.678082495066888
"SFT2D1","Bin_6",-1.90500478841491,6,7.14505311374411,2,0.678082495066888
"SFT2D1","Bin_7",-1.26345843811851,7,8.4441536798794,2,0.678082495066888
"SFT2D1","Bin_8",-1.31293353475424,8,9.7432542460147,2,0.678082495066888
"SFT2D1","Bin_9",0.527622521002847,9,11.04235481215,2,0.678082495066888
"SFT2D1","Bin_10",1.00188091724768,10,12.3414553782853,2,0.678082495066888
"SFT2D1","Bin_11",0.825088057344494,11,13.6405559444206,2,0.678082495066888
"SFT2D1","Bin_12",0.708418937782713,12,14.9396565105559,2,0.678082495066888
"SFT2D1","Bin_13",0.195428473274822,13,16.2387570766912,2,0.678082495066888
"SFT2D1","Bin_14",0.0250308979639769,14,17.5378576428265,2,0.678082495066888
"SFT2D1","Bin_15",0.401350724759695,15,18.8369582089617,2,0.678082495066888
"SFT2D1","Bin_16",0.539157986680244,16,20.136058775097,2,0.678082495066888
"SFT2D1","Bin_17",0.851302016577046,17,21.4351593412323,2,0.678082495066888
"SFT2D1","Bin_18",1.08600023872987,18,22.7342599073676,2,0.678082495066888
"SFT2D1","Bin_19",1.2662580305268,19,24.0333604735029,2,0.678082495066888
"SFT2D1","Bin_20",1.15763673726625,20,25.3324610396382,2,0.678082495066888
"ERLEC1","Bin_1",-0.0877835854390335,1,0.649550283067647,2,0.590596609006904
"ERLEC1","Bin_2",-0.560178658961865,2,1.94865084920294,2,0.590596609006904
"ERLEC1","Bin_3",-1.35044508739,3,3.24775141533823,2,0.590596609006904
"ERLEC1","Bin_4",-0.852952371905785,4,4.54685198147353,2,0.590596609006904
"ERLEC1","Bin_5",-1.62309203227571,5,5.84595254760882,2,0.590596609006904
"ERLEC1","Bin_6",-1.9809253742872,6,7.14505311374411,2,0.590596609006904
"ERLEC1","Bin_7",0.121670794975671,7,8.4441536798794,2,0.590596609006904
"ERLEC1","Bin_8",-0.960127512101674,8,9.7432542460147,2,0.590596609006904
"ERLEC1","Bin_9",-0.193022255463656,9,11.04235481215,2,0.590596609006904
"ERLEC1","Bin_10",0.268854538074333,10,12.3414553782853,2,0.590596609006904
"ERLEC1","Bin_11",0.41109440055266,11,13.6405559444206,2,0.590596609006904
"ERLEC1","Bin_12",0.297499835680787,12,14.9396565105559,2,0.590596609006904
"ERLEC1","Bin_13",-0.299562657014243,13,16.2387570766912,2,0.590596609006904
"ERLEC1","Bin_14",0.174211446121841,14,17.5378576428265,2,0.590596609006904
"ERLEC1","Bin_15",0.606763015240865,15,18.8369582089617,2,0.590596609006904
"ERLEC1","Bin_16",0.883637321156815,16,20.136058775097,2,0.590596609006904
"ERLEC1","Bin_17",1.74769485238762,17,21.4351593412323,2,0.590596609006904
"ERLEC1","Bin_18",1.3719268020979,18,22.7342599073676,2,0.590596609006904
"ERLEC1","Bin_19",0.94303474491813,19,24.0333604735029,2,0.590596609006904
"ERLEC1","Bin_20",1.08170178363255,20,25.3324610396382,2,0.590596609006904
"PAK4","Bin_1",-0.655718844227071,1,0.649550283067647,2,0.692029939537663
"PAK4","Bin_2",-1.22335953426933,2,1.94865084920294,2,0.692029939537663
"PAK4","Bin_3",-1.78979619560798,3,3.24775141533823,2,0.692029939537663
"PAK4","Bin_4",-1.32183059980176,4,4.54685198147353,2,0.692029939537663
"PAK4","Bin_5",-1.70020104158046,5,5.84595254760882,2,0.692029939537663
"PAK4","Bin_6",-0.81619606869773,6,7.14505311374411,2,0.692029939537663
"PAK4","Bin_7",-0.527824920138841,7,8.4441536798794,2,0.692029939537663
"PAK4","Bin_8",-0.949371950553758,8,9.7432542460147,2,0.692029939537663
"PAK4","Bin_9",0.465742707638838,9,11.04235481215,2,0.692029939537663
"PAK4","Bin_10",0.656434032177035,10,12.3414553782853,2,0.692029939537663
"PAK4","Bin_11",1.00186579828577,11,13.6405559444206,2,0.692029939537663
"PAK4","Bin_12",0.581373692761562,12,14.9396565105559,2,0.692029939537663
"PAK4","Bin_13",0.609144837793983,13,16.2387570766912,2,0.692029939537663
"PAK4","Bin_14",0.71391460887747,14,17.5378576428265,2,0.692029939537663
"PAK4","Bin_15",0.728426891244234,15,18.8369582089617,2,0.692029939537663
"PAK4","Bin_16",0.610665581736175,16,20.136058775097,2,0.692029939537663
"PAK4","Bin_17",0.408103862244259,17,21.4351593412323,2,0.692029939537663
"PAK4","Bin_18",1.09209037370572,18,22.7342599073676,2,0.692029939537663
"PAK4","Bin_19",1.13943395397936,19,24.0333604735029,2,0.692029939537663
"PAK4","Bin_20",0.977102814432536,20,25.3324610396382,2,0.692029939537663
"EIF2D","Bin_1",-0.835639699949088,1,0.649550283067647,2,0.706362550107495
"EIF2D","Bin_2",-0.996940958803591,2,1.94865084920294,2,0.706362550107495
"EIF2D","Bin_3",-1.22892210014953,3,3.24775141533823,2,0.706362550107495
"EIF2D","Bin_4",-1.29937595126301,4,4.54685198147353,2,0.706362550107495
"EIF2D","Bin_5",-1.37226624939624,5,5.84595254760882,2,0.706362550107495
"EIF2D","Bin_6",-1.61431476391721,6,7.14505311374411,2,0.706362550107495
"EIF2D","Bin_7",-0.630178922180356,7,8.4441536798794,2,0.706362550107495
"EIF2D","Bin_8",-1.29416474342625,8,9.7432542460147,2,0.706362550107495
"EIF2D","Bin_9",0.728686676478517,9,11.04235481215,2,0.706362550107495
"EIF2D","Bin_10",1.05019664127253,10,12.3414553782853,2,0.706362550107495
"EIF2D","Bin_11",0.873376296560578,11,13.6405559444206,2,0.706362550107495
"EIF2D","Bin_12",0.487890268719313,12,14.9396565105559,2,0.706362550107495
"EIF2D","Bin_13",0.883519650838877,13,16.2387570766912,2,0.706362550107495
"EIF2D","Bin_14",0.6893259159744,14,17.5378576428265,2,0.706362550107495
"EIF2D","Bin_15",0.474790254034516,15,18.8369582089617,2,0.706362550107495
"EIF2D","Bin_16",0.669249515215894,16,20.136058775097,2,0.706362550107495
"EIF2D","Bin_17",0.711213793300286,17,21.4351593412323,2,0.706362550107495
"EIF2D","Bin_18",0.734016479023098,18,22.7342599073676,2,0.706362550107495
"EIF2D","Bin_19",0.977362279482681,19,24.0333604735029,2,0.706362550107495
"EIF2D","Bin_20",0.992175618184586,20,25.3324610396382,2,0.706362550107495
"HSPA14.1","Bin_1",-1.17318057444007,1,0.649550283067647,2,0.54135300763605
"HSPA14.1","Bin_2",-1.29002237311247,2,1.94865084920294,2,0.54135300763605
"HSPA14.1","Bin_3",-1.26148298730852,3,3.24775141533823,2,0.54135300763605
"HSPA14.1","Bin_4",-1.05578008253948,4,4.54685198147353,2,0.54135300763605
"HSPA14.1","Bin_5",-1.25124794053738,5,5.84595254760882,2,0.54135300763605
"HSPA14.1","Bin_6",-1.61984342338019,6,7.14505311374411,2,0.54135300763605
"HSPA14.1","Bin_7",0.876585357614222,7,8.4441536798794,2,0.54135300763605
"HSPA14.1","Bin_8",0.417332250485699,8,9.7432542460147,2,0.54135300763605
"HSPA14.1","Bin_9",0.980057151744092,9,11.04235481215,2,0.54135300763605
"HSPA14.1","Bin_10",1.18538871395545,10,12.3414553782853,2,0.54135300763605
"HSPA14.1","Bin_11",0.628132250139136,11,13.6405559444206,2,0.54135300763605
"HSPA14.1","Bin_12",0.188626302480347,12,14.9396565105559,2,0.54135300763605
"HSPA14.1","Bin_13",0.20895913381417,13,16.2387570766912,2,0.54135300763605
"HSPA14.1","Bin_14",-0.156466876830476,14,17.5378576428265,2,0.54135300763605
"HSPA14.1","Bin_15",-0.293496646091921,15,18.8369582089617,2,0.54135300763605
"HSPA14.1","Bin_16",0.114984807797248,16,20.136058775097,2,0.54135300763605
"HSPA14.1","Bin_17",0.167479107483158,17,21.4351593412323,2,0.54135300763605
"HSPA14.1","Bin_18",0.196711093088637,18,22.7342599073676,2,0.54135300763605
"HSPA14.1","Bin_19",1.27696393539516,19,24.0333604735029,2,0.54135300763605
"HSPA14.1","Bin_20",1.86030080024319,20,25.3324610396382,2,0.54135300763605
"SYNCRIP","Bin_1",-0.725786051472308,1,0.649550283067647,2,0.674502740377098
"SYNCRIP","Bin_2",-1.0520037077038,2,1.94865084920294,2,0.674502740377098
"SYNCRIP","Bin_3",-0.893235434914939,3,3.24775141533823,2,0.674502740377098
"SYNCRIP","Bin_4",-0.831982439798767,4,4.54685198147353,2,0.674502740377098
"SYNCRIP","Bin_5",-1.4246344016433,5,5.84595254760882,2,0.674502740377098
"SYNCRIP","Bin_6",-1.60569055782196,6,7.14505311374411,2,0.674502740377098
"SYNCRIP","Bin_7",-1.08789228852074,7,8.4441536798794,2,0.674502740377098
"SYNCRIP","Bin_8",-0.890296542166302,8,9.7432542460147,2,0.674502740377098
"SYNCRIP","Bin_9",0.502327756204821,9,11.04235481215,2,0.674502740377098
"SYNCRIP","Bin_10",1.50724646678198,10,12.3414553782853,2,0.674502740377098
"SYNCRIP","Bin_11",1.04385341768472,11,13.6405559444206,2,0.674502740377098
"SYNCRIP","Bin_12",0.21550288608542,12,14.9396565105559,2,0.674502740377098
"SYNCRIP","Bin_13",0.726211245473471,13,16.2387570766912,2,0.674502740377098
"SYNCRIP","Bin_14",0.120885536411896,14,17.5378576428265,2,0.674502740377098
"SYNCRIP","Bin_15",-0.0612591471096734,15,18.8369582089617,2,0.674502740377098
"SYNCRIP","Bin_16",0.428884905101858,16,20.136058775097,2,0.674502740377098
"SYNCRIP","Bin_17",0.510791346047576,17,21.4351593412323,2,0.674502740377098
"SYNCRIP","Bin_18",0.592069824530986,18,22.7342599073676,2,0.674502740377098
"SYNCRIP","Bin_19",1.54411243909865,19,24.0333604735029,2,0.674502740377098
"SYNCRIP","Bin_20",1.38089474773042,20,25.3324610396382,2,0.674502740377098
"SLIRP","Bin_1",-0.1525914555316,1,0.649550283067647,2,0.633602266648526
"SLIRP","Bin_2",-0.923948408912497,2,1.94865084920294,2,0.633602266648526
"SLIRP","Bin_3",-1.13558699638565,3,3.24775141533823,2,0.633602266648526
"SLIRP","Bin_4",-0.882978945864351,4,4.54685198147353,2,0.633602266648526
"SLIRP","Bin_5",-1.28707767221647,5,5.84595254760882,2,0.633602266648526
"SLIRP","Bin_6",-1.75089593487332,6,7.14505311374411,2,0.633602266648526
"SLIRP","Bin_7",-0.984819019855153,7,8.4441536798794,2,0.633602266648526
"SLIRP","Bin_8",-0.836706017876246,8,9.7432542460147,2,0.633602266648526
"SLIRP","Bin_9",1.00325441474081,9,11.04235481215,2,0.633602266648526
"SLIRP","Bin_10",1.35307117131976,10,12.3414553782853,2,0.633602266648526
"SLIRP","Bin_11",0.790451020613913,11,13.6405559444206,2,0.633602266648526
"SLIRP","Bin_12",0.278217671206502,12,14.9396565105559,2,0.633602266648526
"SLIRP","Bin_13",0.636644781750297,13,16.2387570766912,2,0.633602266648526
"SLIRP","Bin_14",0.0585502344288733,14,17.5378576428265,2,0.633602266648526
"SLIRP","Bin_15",-0.168966973775565,15,18.8369582089617,2,0.633602266648526
"SLIRP","Bin_16",-0.0689210745875987,16,20.136058775097,2,0.633602266648526
"SLIRP","Bin_17",0.186249237268592,17,21.4351593412323,2,0.633602266648526
"SLIRP","Bin_18",0.659087676543789,18,22.7342599073676,2,0.633602266648526
"SLIRP","Bin_19",1.66011969552379,19,24.0333604735029,2,0.633602266648526
"SLIRP","Bin_20",1.56684659648212,20,25.3324610396382,2,0.633602266648526
"CAPG","Bin_1",0.954994447954933,1,0.649550283067647,2,0.587762214706077
"CAPG","Bin_2",-1.02011592800879,2,1.94865084920294,2,0.587762214706077
"CAPG","Bin_3",-1.37002151527459,3,3.24775141533823,2,0.587762214706077
"CAPG","Bin_4",-0.493221795537373,4,4.54685198147353,2,0.587762214706077
"CAPG","Bin_5",-1.3427146630835,5,5.84595254760882,2,0.587762214706077
"CAPG","Bin_6",-2.20882893378104,6,7.14505311374411,2,0.587762214706077
"CAPG","Bin_7",-0.80368480077351,7,8.4441536798794,2,0.587762214706077
"CAPG","Bin_8",-0.988722703658651,8,9.7432542460147,2,0.587762214706077
"CAPG","Bin_9",0.0711697896904081,9,11.04235481215,2,0.587762214706077
"CAPG","Bin_10",0.64857460183332,10,12.3414553782853,2,0.587762214706077
"CAPG","Bin_11",0.578840064087909,11,13.6405559444206,2,0.587762214706077
"CAPG","Bin_12",0.377079301878407,12,14.9396565105559,2,0.587762214706077
"CAPG","Bin_13",0.386381662221559,13,16.2387570766912,2,0.587762214706077
"CAPG","Bin_14",0.356052161603448,14,17.5378576428265,2,0.587762214706077
"CAPG","Bin_15",0.120564926734697,15,18.8369582089617,2,0.587762214706077
"CAPG","Bin_16",0.322687422540507,16,20.136058775097,2,0.587762214706077
"CAPG","Bin_17",0.65663228712205,17,21.4351593412323,2,0.587762214706077
"CAPG","Bin_18",0.891640701889877,18,22.7342599073676,2,0.587762214706077
"CAPG","Bin_19",1.44638360622193,19,24.0333604735029,2,0.587762214706077
"CAPG","Bin_20",1.41630936633841,20,25.3324610396382,2,0.587762214706077
"COX14","Bin_1",-0.0430761555571467,1,0.649550283067647,2,0.673257690507107
"COX14","Bin_2",-0.696565174369357,2,1.94865084920294,2,0.673257690507107
"COX14","Bin_3",-1.20590062035262,3,3.24775141533823,2,0.673257690507107
"COX14","Bin_4",-1.27474974250249,4,4.54685198147353,2,0.673257690507107
"COX14","Bin_5",-1.4926747182332,5,5.84595254760882,2,0.673257690507107
"COX14","Bin_6",-1.66063789516094,6,7.14505311374411,2,0.673257690507107
"COX14","Bin_7",-1.72880421850316,7,8.4441536798794,2,0.673257690507107
"COX14","Bin_8",-0.705035496564575,8,9.7432542460147,2,0.673257690507107
"COX14","Bin_9",0.272524733078712,9,11.04235481215,2,0.673257690507107
"COX14","Bin_10",0.764575446337133,10,12.3414553782853,2,0.673257690507107
"COX14","Bin_11",0.740602840834696,11,13.6405559444206,2,0.673257690507107
"COX14","Bin_12",0.536123412753372,12,14.9396565105559,2,0.673257690507107
"COX14","Bin_13",1.01132972276708,13,16.2387570766912,2,0.673257690507107
"COX14","Bin_14",0.635453071578897,14,17.5378576428265,2,0.673257690507107
"COX14","Bin_15",0.783052614697923,15,18.8369582089617,2,0.673257690507107
"COX14","Bin_16",0.814210954526093,16,20.136058775097,2,0.673257690507107
"COX14","Bin_17",0.53440763346031,17,21.4351593412323,2,0.673257690507107
"COX14","Bin_18",0.808015911776372,18,22.7342599073676,2,0.673257690507107
"COX14","Bin_19",0.892050686012551,19,24.0333604735029,2,0.673257690507107
"COX14","Bin_20",1.01509699342036,20,25.3324610396382,2,0.673257690507107
"KANK2","Bin_1",-1.08527662718218,1,0.649550283067647,2,0.594002118220169
"KANK2","Bin_2",-1.2692335822072,2,1.94865084920294,2,0.594002118220169
"KANK2","Bin_3",-0.852876152826173,3,3.24775141533823,2,0.594002118220169
"KANK2","Bin_4",-1.05715353427401,4,4.54685198147353,2,0.594002118220169
"KANK2","Bin_5",-1.32816842506818,5,5.84595254760882,2,0.594002118220169
"KANK2","Bin_6",-1.45599267337598,6,7.14505311374411,2,0.594002118220169
"KANK2","Bin_7",0.661317321587107,7,8.4441536798794,2,0.594002118220169
"KANK2","Bin_8",-0.875192031406382,8,9.7432542460147,2,0.594002118220169
"KANK2","Bin_9",-0.384710801569719,9,11.04235481215,2,0.594002118220169
"KANK2","Bin_10",0.0759808194149159,10,12.3414553782853,2,0.594002118220169
"KANK2","Bin_11",0.0485310003273618,11,13.6405559444206,2,0.594002118220169
"KANK2","Bin_12",0.239698035967348,12,14.9396565105559,2,0.594002118220169
"KANK2","Bin_13",0.252656004338155,13,16.2387570766912,2,0.594002118220169
"KANK2","Bin_14",0.604518087917869,14,17.5378576428265,2,0.594002118220169
"KANK2","Bin_15",0.242481153854531,15,18.8369582089617,2,0.594002118220169
"KANK2","Bin_16",0.537035905127851,16,20.136058775097,2,0.594002118220169
"KANK2","Bin_17",1.11355164842462,17,21.4351593412323,2,0.594002118220169
"KANK2","Bin_18",1.16180695319625,18,22.7342599073676,2,0.594002118220169
"KANK2","Bin_19",1.59269609154305,19,24.0333604735029,2,0.594002118220169
"KANK2","Bin_20",1.77833080621076,20,25.3324610396382,2,0.594002118220169
"CLDN7","Bin_1",0.436082666566167,1,0.649550283067647,2,0.619103818931392
"CLDN7","Bin_2",-1.11221989440255,2,1.94865084920294,2,0.619103818931392
"CLDN7","Bin_3",-1.31969319685928,3,3.24775141533823,2,0.619103818931392
"CLDN7","Bin_4",-1.31404524165418,4,4.54685198147353,2,0.619103818931392
"CLDN7","Bin_5",-2.02291120480935,5,5.84595254760882,2,0.619103818931392
"CLDN7","Bin_6",-0.938561689205408,6,7.14505311374411,2,0.619103818931392
"CLDN7","Bin_7",-1.31309729218307,7,8.4441536798794,2,0.619103818931392
"CLDN7","Bin_8",-0.607279570495673,8,9.7432542460147,2,0.619103818931392
"CLDN7","Bin_9",0.143656664349203,9,11.04235481215,2,0.619103818931392
"CLDN7","Bin_10",0.934275167782867,10,12.3414553782853,2,0.619103818931392
"CLDN7","Bin_11",1.23965546032448,11,13.6405559444206,2,0.619103818931392
"CLDN7","Bin_12",0.420474586202266,12,14.9396565105559,2,0.619103818931392
"CLDN7","Bin_13",0.56234468378997,13,16.2387570766912,2,0.619103818931392
"CLDN7","Bin_14",0.216912585368964,14,17.5378576428265,2,0.619103818931392
"CLDN7","Bin_15",0.616812321983576,15,18.8369582089617,2,0.619103818931392
"CLDN7","Bin_16",1.16804401428433,16,20.136058775097,2,0.619103818931392
"CLDN7","Bin_17",1.12309137079904,17,21.4351593412323,2,0.619103818931392
"CLDN7","Bin_18",0.482611140890612,18,22.7342599073676,2,0.619103818931392
"CLDN7","Bin_19",0.691494042637537,19,24.0333604735029,2,0.619103818931392
"CLDN7","Bin_20",0.592353384630497,20,25.3324610396382,2,0.619103818931392
"ACTR1B","Bin_1",-0.561809120843928,1,0.649550283067647,2,0.665239064976012
"ACTR1B","Bin_2",-0.994769814626952,2,1.94865084920294,2,0.665239064976012
"ACTR1B","Bin_3",-0.795476913491806,3,3.24775141533823,2,0.665239064976012
"ACTR1B","Bin_4",-1.00418610490581,4,4.54685198147353,2,0.665239064976012
"ACTR1B","Bin_5",-1.19819866828698,5,5.84595254760882,2,0.665239064976012
"ACTR1B","Bin_6",-1.49952347951933,6,7.14505311374411,2,0.665239064976012
"ACTR1B","Bin_7",-1.19923596406583,7,8.4441536798794,2,0.665239064976012
"ACTR1B","Bin_8",-1.02787034774865,8,9.7432542460147,2,0.665239064976012
"ACTR1B","Bin_9",0.183338051968072,9,11.04235481215,2,0.665239064976012
"ACTR1B","Bin_10",0.318256973116121,10,12.3414553782853,2,0.665239064976012
"ACTR1B","Bin_11",0.717874796370796,11,13.6405559444206,2,0.665239064976012
"ACTR1B","Bin_12",0.331160625302831,12,14.9396565105559,2,0.665239064976012
"ACTR1B","Bin_13",-0.210000907059719,13,16.2387570766912,2,0.665239064976012
"ACTR1B","Bin_14",0.271546765700718,14,17.5378576428265,2,0.665239064976012
"ACTR1B","Bin_15",0.335094767755342,15,18.8369582089617,2,0.665239064976012
"ACTR1B","Bin_16",0.78354278634773,16,20.136058775097,2,0.665239064976012
"ACTR1B","Bin_17",1.17386537122221,17,21.4351593412323,2,0.665239064976012
"ACTR1B","Bin_18",1.18156716888858,18,22.7342599073676,2,0.665239064976012
"ACTR1B","Bin_19",1.1540124506187,19,24.0333604735029,2,0.665239064976012
"ACTR1B","Bin_20",2.0408115632579,20,25.3324610396382,2,0.665239064976012
"DESI2","Bin_1",-1.19846142704284,1,0.649550283067647,2,0.671268466820764
"DESI2","Bin_2",-1.30346073266302,2,1.94865084920294,2,0.671268466820764
"DESI2","Bin_3",-1.55296325300259,3,3.24775141533823,2,0.671268466820764
"DESI2","Bin_4",-0.604559919062704,4,4.54685198147353,2,0.671268466820764
"DESI2","Bin_5",-1.65538598104244,5,5.84595254760882,2,0.671268466820764
"DESI2","Bin_6",-0.975699792263546,6,7.14505311374411,2,0.671268466820764
"DESI2","Bin_7",-0.933620505236995,7,8.4441536798794,2,0.671268466820764
"DESI2","Bin_8",-0.328434599662157,8,9.7432542460147,2,0.671268466820764
"DESI2","Bin_9",-0.152908303047822,9,11.04235481215,2,0.671268466820764
"DESI2","Bin_10",0.354848137679658,10,12.3414553782853,2,0.671268466820764
"DESI2","Bin_11",1.37740233775591,11,13.6405559444206,2,0.671268466820764
"DESI2","Bin_12",0.234847445982464,12,14.9396565105559,2,0.671268466820764
"DESI2","Bin_13",0.94944022513859,13,16.2387570766912,2,0.671268466820764
"DESI2","Bin_14",0.624966897216918,14,17.5378576428265,2,0.671268466820764
"DESI2","Bin_15",0.522503316182458,15,18.8369582089617,2,0.671268466820764
"DESI2","Bin_16",0.436296735476626,16,20.136058775097,2,0.671268466820764
"DESI2","Bin_17",0.822138927972273,17,21.4351593412323,2,0.671268466820764
"DESI2","Bin_18",1.00044695603859,18,22.7342599073676,2,0.671268466820764
"DESI2","Bin_19",1.04398666371084,19,24.0333604735029,2,0.671268466820764
"DESI2","Bin_20",1.33861686986979,20,25.3324610396382,2,0.671268466820764
