"Gene","Pseudotime_Bin","Z_Score","Cluster"
"IGFBP5","Bin_1",-1.50597872654837,2
"IGFBP5","Bin_2",-1.35331233415241,2
"IGFBP5","Bin_3",-0.834254539627525,2
"IGFBP5","Bin_4",-1.28757617998337,2
"IGFBP5","Bin_5",-1.41810180128932,2
"IGFBP5","Bin_6",-0.751036977289904,2
"IGFBP5","Bin_7",-0.0393716029249449,2
"IGFBP5","Bin_8",-0.450156271698333,2
"IGFBP5","Bin_9",-0.131289308680621,2
"IGFBP5","Bin_10",-0.196894010899714,2
"IGFBP5","Bin_11",-0.102679165367185,2
"IGFBP5","Bin_12",-0.00531423963129171,2
"IGFBP5","Bin_13",0.192491484841731,2
"IGFBP5","Bin_14",0.619797690475458,2
"IGFBP5","Bin_15",0.842703594621291,2
"IGFBP5","Bin_16",0.797385540334102,2
"IGFBP5","Bin_17",1.39698396962339,2
"IGFBP5","Bin_18",1.47301768434629,2
"IGFBP5","Bin_19",1.27366866657645,2
"IGFBP5","Bin_20",1.47991652727427,2
"NDUFA4L2","Bin_1",-1.22834906286639,2
"NDUFA4L2","Bin_2",-1.23510191833789,2
"NDUFA4L2","Bin_3",-1.23053990013727,2
"NDUFA4L2","Bin_4",-1.05431422166512,2
"NDUFA4L2","Bin_5",-1.13855181351348,2
"NDUFA4L2","Bin_6",-1.24469978725209,2
"NDUFA4L2","Bin_7",-0.512208869385697,2
"NDUFA4L2","Bin_8",0.122237561792916,2
"NDUFA4L2","Bin_9",-0.334599196213121,2
"NDUFA4L2","Bin_10",-0.452653013976795,2
"NDUFA4L2","Bin_11",0.25680411120111,2
"NDUFA4L2","Bin_12",0.55406035434445,2
"NDUFA4L2","Bin_13",0.00718801366462086,2
"NDUFA4L2","Bin_14",0.575402758955366,2
"NDUFA4L2","Bin_15",1.35552546262042,2
"NDUFA4L2","Bin_16",1.13613491682596,2
"NDUFA4L2","Bin_17",1.88283928531246,2
"NDUFA4L2","Bin_18",1.30948458923319,2
"NDUFA4L2","Bin_19",0.457731966638355,2
"NDUFA4L2","Bin_20",0.773608762759006,2
"SEC61B","Bin_1",-0.986382167542452,2
"SEC61B","Bin_2",-1.33381078247377,2
"SEC61B","Bin_3",-1.45920444438644,2
"SEC61B","Bin_4",-0.937294461536166,2
"SEC61B","Bin_5",-1.32392043376548,2
"SEC61B","Bin_6",-1.42292765855051,2
"SEC61B","Bin_7",-1.45648916075548,2
"SEC61B","Bin_8",-0.0107638674928223,2
"SEC61B","Bin_9",0.525075976377004,2
"SEC61B","Bin_10",0.627413213722742,2
"SEC61B","Bin_11",0.554653923219352,2
"SEC61B","Bin_12",0.558535781527061,2
"SEC61B","Bin_13",0.471211321592821,2
"SEC61B","Bin_14",0.509107997375574,2
"SEC61B","Bin_15",0.709266114298349,2
"SEC61B","Bin_16",0.708134136463798,2
"SEC61B","Bin_17",1.04874020618177,2
"SEC61B","Bin_18",1.05010709480641,2
"SEC61B","Bin_19",1.16382653577343,2
"SEC61B","Bin_20",1.00472067516482,2
"PRDX2","Bin_1",-0.397766231889624,2
"PRDX2","Bin_2",-1.11711907024553,2
"PRDX2","Bin_3",-1.09994284441975,2
"PRDX2","Bin_4",-0.918412076576276,2
"PRDX2","Bin_5",-1.42448817219062,2
"PRDX2","Bin_6",-2.02654775781737,2
"PRDX2","Bin_7",-1.06638478743697,2
"PRDX2","Bin_8",-0.830930000325513,2
"PRDX2","Bin_9",0.59047967049013,2
"PRDX2","Bin_10",0.67162923539553,2
"PRDX2","Bin_11",0.595284059962774,2
"PRDX2","Bin_12",0.4535404391416,2
"PRDX2","Bin_13",0.557362476250402,2
"PRDX2","Bin_14",0.399949317738374,2
"PRDX2","Bin_15",0.549173821450222,2
"PRDX2","Bin_16",0.563395239856575,2
"PRDX2","Bin_17",1.09293685055922,2
"PRDX2","Bin_18",0.954192326129825,2
"PRDX2","Bin_19",1.14882092196695,2
"PRDX2","Bin_20",1.30482658196006,2
"RPL7","Bin_1",-0.437212962306422,2
"RPL7","Bin_2",-0.809943123282832,2
"RPL7","Bin_3",-1.01053294380365,2
"RPL7","Bin_4",-1.27920866718706,2
"RPL7","Bin_5",0.230593687633345,2
"RPL7","Bin_6",-2.90893479747916,2
"RPL7","Bin_7",-1.29852256339868,2
"RPL7","Bin_8",0.159337539621693,2
"RPL7","Bin_9",0.72514462450344,2
"RPL7","Bin_10",0.572445945746951,2
"RPL7","Bin_11",0.229976262481345,2
"RPL7","Bin_12",0.623267687074611,2
"RPL7","Bin_13",0.478725388362328,2
"RPL7","Bin_14",0.480265092656077,2
"RPL7","Bin_15",0.462516129815819,2
"RPL7","Bin_16",0.20226020289627,2
"RPL7","Bin_17",0.725766220659293,2
"RPL7","Bin_18",0.976334621142031,2
"RPL7","Bin_19",1.02894970826251,2
"RPL7","Bin_20",0.848771946602094,2
"COL8A1","Bin_1",-0.866165050660684,2
"COL8A1","Bin_2",-0.79207111400455,2
"COL8A1","Bin_3",-0.818570820812443,2
"COL8A1","Bin_4",-0.797201976795288,2
"COL8A1","Bin_5",-0.880355299302299,2
"COL8A1","Bin_6",-0.880355299302299,2
"COL8A1","Bin_7",-0.594746155251341,2
"COL8A1","Bin_8",-0.70146468926911,2
"COL8A1","Bin_9",-0.496861222839425,2
"COL8A1","Bin_10",-0.619785945862264,2
"COL8A1","Bin_11",-0.113222095420724,2
"COL8A1","Bin_12",-0.387137888577187,2
"COL8A1","Bin_13",0.0740087227183987,2
"COL8A1","Bin_14",0.459054153059579,2
"COL8A1","Bin_15",0.28303029465217,2
"COL8A1","Bin_16",0.299136653189502,2
"COL8A1","Bin_17",1.03428622583132,2
"COL8A1","Bin_18",1.53203621768841,2
"COL8A1","Bin_19",1.7988549403712,2
"COL8A1","Bin_20",2.46753035058704,2
"VCAN","Bin_1",-1.44227074868507,2
"VCAN","Bin_2",-1.43117713742676,2
"VCAN","Bin_3",-1.4574156552389,2
"VCAN","Bin_4",-1.34945646132427,2
"VCAN","Bin_5",-1.40983794006836,2
"VCAN","Bin_6",-0.417628993962557,2
"VCAN","Bin_7",0.766710141304618,2
"VCAN","Bin_8",-0.970600394243109,2
"VCAN","Bin_9",0.477786572850801,2
"VCAN","Bin_10",0.47285198435319,2
"VCAN","Bin_11",0.402167616838018,2
"VCAN","Bin_12",0.472007392248034,2
"VCAN","Bin_13",0.395495880852239,2
"VCAN","Bin_14",0.451694011609663,2
"VCAN","Bin_15",0.151446413576774,2
"VCAN","Bin_16",0.11725499383654,2
"VCAN","Bin_17",0.774051031516684,2
"VCAN","Bin_18",1.23049313268838,2
"VCAN","Bin_19",1.55809784986701,2
"VCAN","Bin_20",1.20833030940707,2
"HOOK2","Bin_1",-0.889517482643491,2
"HOOK2","Bin_2",-1.21421864986488,2
"HOOK2","Bin_3",-1.29301873528037,2
"HOOK2","Bin_4",-1.53126241857134,2
"HOOK2","Bin_5",-1.7453107406044,2
"HOOK2","Bin_6",1.07187612975962,2
"HOOK2","Bin_7",1.22842470789733,2
"HOOK2","Bin_8",-1.5484680688031,2
"HOOK2","Bin_9",-0.296345855692309,2
"HOOK2","Bin_10",0.112785393914474,2
"HOOK2","Bin_11",0.246407094958728,2
"HOOK2","Bin_12",0.339475592761475,2
"HOOK2","Bin_13",0.216106536368033,2
"HOOK2","Bin_14",0.521705806886984,2
"HOOK2","Bin_15",0.575356090617584,2
"HOOK2","Bin_16",0.716497355012201,2
"HOOK2","Bin_17",1.10340641639383,2
"HOOK2","Bin_18",0.99663383931533,2
"HOOK2","Bin_19",0.701192110241982,2
"HOOK2","Bin_20",0.688274877332324,2
"CD63","Bin_1",-0.197144190957735,2
"CD63","Bin_2",-0.434150382661683,2
"CD63","Bin_3",-0.463302028152283,2
"CD63","Bin_4",-1.40541112197977,2
"CD63","Bin_5",-1.9901522073618,2
"CD63","Bin_6",-2.14623560673736,2
"CD63","Bin_7",-0.953148213596608,2
"CD63","Bin_8",-0.592376074726369,2
"CD63","Bin_9",0.158526393535079,2
"CD63","Bin_10",0.434360871010583,2
"CD63","Bin_11",0.522322249372538,2
"CD63","Bin_12",0.42704980141989,2
"CD63","Bin_13",0.521931926290049,2
"CD63","Bin_14",0.533047867023354,2
"CD63","Bin_15",0.650241607813214,2
"CD63","Bin_16",0.558138889551563,2
"CD63","Bin_17",1.07235181114636,2
"CD63","Bin_18",1.04460354031186,2
"CD63","Bin_19",1.09061068635731,2
"CD63","Bin_20",1.1687341823418,2
"MT-ND3","Bin_1",1.32732411389189,1
"MT-ND3","Bin_2",1.79956420715281,1
"MT-ND3","Bin_3",1.85613139142963,1
"MT-ND3","Bin_4",1.72180913194977,1
"MT-ND3","Bin_5",0.149095259544444,1
"MT-ND3","Bin_6",0.555271251190615,1
"MT-ND3","Bin_7",0.562082151361775,1
"MT-ND3","Bin_8",-1.84444503607673,1
"MT-ND3","Bin_9",-0.533752494893367,1
"MT-ND3","Bin_10",-0.2713774772134,1
"MT-ND3","Bin_11",-0.405026416134234,1
"MT-ND3","Bin_12",-0.488010326528012,1
"MT-ND3","Bin_13",-0.341576670214538,1
"MT-ND3","Bin_14",-0.42320461891013,1
"MT-ND3","Bin_15",-0.673098943964625,1
"MT-ND3","Bin_16",-0.766379143425107,1
"MT-ND3","Bin_17",-0.936578034075207,1
"MT-ND3","Bin_18",-0.527580348931287,1
"MT-ND3","Bin_19",-0.375782205681135,1
"MT-ND3","Bin_20",-0.384465790473161,1
"TMEM205","Bin_1",-0.365423801760106,2
"TMEM205","Bin_2",-0.991069043015277,2
"TMEM205","Bin_3",-1.17145916822967,2
"TMEM205","Bin_4",-1.25353624143033,2
"TMEM205","Bin_5",-1.40879316531711,2
"TMEM205","Bin_6",-0.755917281790843,2
"TMEM205","Bin_7",-0.756996796160289,2
"TMEM205","Bin_8",-1.27159455213977,2
"TMEM205","Bin_9",-0.060862118342471,2
"TMEM205","Bin_10",0.322088633437657,2
"TMEM205","Bin_11",0.39633040463365,2
"TMEM205","Bin_12",0.274520615732772,2
"TMEM205","Bin_13",0.0385896069724763,2
"TMEM205","Bin_14",0.203626656016002,2
"TMEM205","Bin_15",0.266393787140996,2
"TMEM205","Bin_16",0.400961879130741,2
"TMEM205","Bin_17",1.57247407529813,2
"TMEM205","Bin_18",1.38262359330333,2
"TMEM205","Bin_19",1.8588335496671,2
"TMEM205","Bin_20",1.31920936685301,2
"RPL18A","Bin_1",-1.01975849882738,2
"RPL18A","Bin_2",-0.844049138833923,2
"RPL18A","Bin_3",-0.900299316597354,2
"RPL18A","Bin_4",-0.551323779729522,2
"RPL18A","Bin_5",-0.145938554079748,2
"RPL18A","Bin_6",-3.11715951197506,2
"RPL18A","Bin_7",-1.17209392158011,2
"RPL18A","Bin_8",0.442670587576931,2
"RPL18A","Bin_9",0.448572973019714,2
"RPL18A","Bin_10",0.366152934127559,2
"RPL18A","Bin_11",0.434155758913837,2
"RPL18A","Bin_12",0.616262545493379,2
"RPL18A","Bin_13",0.837314169565519,2
"RPL18A","Bin_14",0.969031889709441,2
"RPL18A","Bin_15",0.822902574222447,2
"RPL18A","Bin_16",0.570475593561952,2
"RPL18A","Bin_17",0.527973977912056,2
"RPL18A","Bin_18",0.655428454913041,2
"RPL18A","Bin_19",0.598190899535263,2
"RPL18A","Bin_20",0.461490363071966,2
"TRIR","Bin_1",-0.881985028657461,2
"TRIR","Bin_2",-1.16419519318112,2
"TRIR","Bin_3",-1.24391985846393,2
"TRIR","Bin_4",-1.25633116399263,2
"TRIR","Bin_5",-1.54238666511888,2
"TRIR","Bin_6",-1.71426416363966,2
"TRIR","Bin_7",-0.758109888148957,2
"TRIR","Bin_8",-0.710680580215266,2
"TRIR","Bin_9",0.530068508955277,2
"TRIR","Bin_10",0.676272905873215,2
"TRIR","Bin_11",0.738740503996957,2
"TRIR","Bin_12",0.661854630846747,2
"TRIR","Bin_13",0.832970849707123,2
"TRIR","Bin_14",0.818628393687157,2
"TRIR","Bin_15",0.74807922454803,2
"TRIR","Bin_16",0.684403551817409,2
"TRIR","Bin_17",0.829546563856003,2
"TRIR","Bin_18",0.853481507815579,2
"TRIR","Bin_19",0.871416262160451,2
"TRIR","Bin_20",1.02640963815396,2
"MT-CO2","Bin_1",1.13663538111122,1
"MT-CO2","Bin_2",1.4455267550426,1
"MT-CO2","Bin_3",1.54783363590164,1
"MT-CO2","Bin_4",1.7905947617102,1
"MT-CO2","Bin_5",-0.0134119186993753,1
"MT-CO2","Bin_6",0.890531616984286,1
"MT-CO2","Bin_7",0.501891641207308,1
"MT-CO2","Bin_8",-2.5658406003135,1
"MT-CO2","Bin_9",-0.55461593934159,1
"MT-CO2","Bin_10",-0.157395388663699,1
"MT-CO2","Bin_11",-0.206772114990306,1
"MT-CO2","Bin_12",-0.354476535796141,1
"MT-CO2","Bin_13",-0.189716711430822,1
"MT-CO2","Bin_14",-0.24301568311008,1
"MT-CO2","Bin_15",-0.57527167911012,1
"MT-CO2","Bin_16",-0.64519251524145,1
"MT-CO2","Bin_17",-0.860720953111972,1
"MT-CO2","Bin_18",-0.359691811047463,1
"MT-CO2","Bin_19",-0.327753086769491,1
"MT-CO2","Bin_20",-0.259138854331248,1
"CALML3","Bin_1",-0.611986540402971,2
"CALML3","Bin_2",-0.549669110367106,2
"CALML3","Bin_3",-0.339939892925459,2
"CALML3","Bin_4",-1.21720031324828,2
"CALML3","Bin_5",-1.21307845466571,2
"CALML3","Bin_6",-0.929385705662232,2
"CALML3","Bin_7",-0.353479450904228,2
"CALML3","Bin_8",-0.678844497134357,2
"CALML3","Bin_9",-1.0703791166216,2
"CALML3","Bin_10",-1.01175357416685,2
"CALML3","Bin_11",-0.116278615735194,2
"CALML3","Bin_12",-0.726256669654161,2
"CALML3","Bin_13",0.623628509934364,2
"CALML3","Bin_14",1.71302449132748,2
"CALML3","Bin_15",0.78448185373499,2
"CALML3","Bin_16",0.8009453044348,2
"CALML3","Bin_17",1.1701594892584,2
"CALML3","Bin_18",1.63435277999391,2
"CALML3","Bin_19",1.42437110840219,2
"CALML3","Bin_20",0.667288404402006,2
"RPL35A","Bin_1",-1.23988278740292,2
"RPL35A","Bin_2",-0.925661114952059,2
"RPL35A","Bin_3",-0.859212473935197,2
"RPL35A","Bin_4",-1.72347871455618,2
"RPL35A","Bin_5",-0.664866311431058,2
"RPL35A","Bin_6",-2.21012900553104,2
"RPL35A","Bin_7",-1.16103785237941,2
"RPL35A","Bin_8",0.502774719348713,2
"RPL35A","Bin_9",0.737634650574938,2
"RPL35A","Bin_10",0.679783303885164,2
"RPL35A","Bin_11",0.561326507655431,2
"RPL35A","Bin_12",0.886050560467911,2
"RPL35A","Bin_13",0.783775626561098,2
"RPL35A","Bin_14",0.862587605688265,2
"RPL35A","Bin_15",0.87954271861108,2
"RPL35A","Bin_16",0.662312724398415,2
"RPL35A","Bin_17",0.587746379749575,2
"RPL35A","Bin_18",0.705913095994287,2
"RPL35A","Bin_19",0.544890491452081,2
"RPL35A","Bin_20",0.389929875800914,2
"IGKC","Bin_1",0.923444484889194,1
"IGKC","Bin_2",1.79177811852136,1
"IGKC","Bin_3",1.20410797273011,1
"IGKC","Bin_4",2.01971503252224,1
"IGKC","Bin_5",2.22541447162856,1
"IGKC","Bin_6",-0.556635435111521,1
"IGKC","Bin_7",-0.446499790092318,1
"IGKC","Bin_8",-0.556635435111521,1
"IGKC","Bin_9",-0.521525861960735,1
"IGKC","Bin_10",-0.55421856635942,1
"IGKC","Bin_11",-0.548382055554652,1
"IGKC","Bin_12",-0.554109633502931,1
"IGKC","Bin_13",-0.550391981695347,1
"IGKC","Bin_14",-0.552270543109292,1
"IGKC","Bin_15",-0.553692349647176,1
"IGKC","Bin_16",-0.556635435111521,1
"IGKC","Bin_17",-0.554611360766882,1
"IGKC","Bin_18",-0.552063054020141,1
"IGKC","Bin_19",-0.556635435111521,1
"IGKC","Bin_20",-0.550153143136497,1
"CBR3","Bin_1",-1.32326497391871,2
"CBR3","Bin_2",-1.17565053422668,2
"CBR3","Bin_3",-1.18886627961065,2
"CBR3","Bin_4",-1.14516592022028,2
"CBR3","Bin_5",-1.27264716579741,2
"CBR3","Bin_6",-1.42971985288498,2
"CBR3","Bin_7",-0.643431506626136,2
"CBR3","Bin_8",-0.777833054366325,2
"CBR3","Bin_9",0.447576556261242,2
"CBR3","Bin_10",0.648728676934065,2
"CBR3","Bin_11",0.874848230725633,2
"CBR3","Bin_12",0.604117943236151,2
"CBR3","Bin_13",0.399328879161032,2
"CBR3","Bin_14",0.375414771381373,2
"CBR3","Bin_15",0.428957819332558,2
"CBR3","Bin_16",0.438361994026346,2
"CBR3","Bin_17",0.854277609297243,2
"CBR3","Bin_18",0.906862653488695,2
"CBR3","Bin_19",1.33997179064458,2
"CBR3","Bin_20",1.63813236316225,2
"MT-ATP6","Bin_1",1.19030892126438,1
"MT-ATP6","Bin_2",1.69872753237997,1
"MT-ATP6","Bin_3",1.74745362717985,1
"MT-ATP6","Bin_4",1.58257729391308,1
"MT-ATP6","Bin_5",-0.0387254267341012,1
"MT-ATP6","Bin_6",0.370520410908145,1
"MT-ATP6","Bin_7",0.692623619324624,1
"MT-ATP6","Bin_8",-2.44958133992267,1
"MT-ATP6","Bin_9",-0.629884417327868,1
"MT-ATP6","Bin_10",-0.200736034904416,1
"MT-ATP6","Bin_11",-0.270610646048621,1
"MT-ATP6","Bin_12",-0.330366606315726,1
"MT-ATP6","Bin_13",-0.113378640188815,1
"MT-ATP6","Bin_14",-0.139442601511005,1
"MT-ATP6","Bin_15",-0.569662691104326,1
"MT-ATP6","Bin_16",-0.649929085444903,1
"MT-ATP6","Bin_17",-0.884330025134932,1
"MT-ATP6","Bin_18",-0.316920667648208,1
"MT-ATP6","Bin_19",-0.377079577338199,1
"MT-ATP6","Bin_20",-0.311563645346255,1
"LAPTM4A","Bin_1",-0.515616499798348,2
"LAPTM4A","Bin_2",-0.83392080837463,2
"LAPTM4A","Bin_3",-0.975170891721715,2
"LAPTM4A","Bin_4",-1.68479956290262,2
"LAPTM4A","Bin_5",-1.96739593474709,2
"LAPTM4A","Bin_6",-1.88064253658309,2
"LAPTM4A","Bin_7",-0.298754240587313,2
"LAPTM4A","Bin_8",0.187829547777867,2
"LAPTM4A","Bin_9",0.435850934745288,2
"LAPTM4A","Bin_10",0.75136092269852,2
"LAPTM4A","Bin_11",0.629545018632141,2
"LAPTM4A","Bin_12",0.530123308541839,2
"LAPTM4A","Bin_13",0.130071600419019,2
"LAPTM4A","Bin_14",0.0964116286848124,2
"LAPTM4A","Bin_15",0.504667200459702,2
"LAPTM4A","Bin_16",0.570167223241434,2
"LAPTM4A","Bin_17",1.14496116838074,2
"LAPTM4A","Bin_18",1.00624775427129,2
"LAPTM4A","Bin_19",1.1261255335521,2
"LAPTM4A","Bin_20",1.04293863331005,2
"CSTB","Bin_1",-1.62097348075512,2
"CSTB","Bin_2",-1.71448108660024,2
"CSTB","Bin_3",-1.85144662813193,2
"CSTB","Bin_4",-0.634648784180372,2
"CSTB","Bin_5",-1.3612226505595,2
"CSTB","Bin_6",-1.20006210549577,2
"CSTB","Bin_7",-0.194289875392981,2
"CSTB","Bin_8",0.712786566132534,2
"CSTB","Bin_9",0.549327345474916,2
"CSTB","Bin_10",0.567435552480606,2
"CSTB","Bin_11",0.583557870851864,2
"CSTB","Bin_12",0.673131428446183,2
"CSTB","Bin_13",0.291738436747199,2
"CSTB","Bin_14",0.27259964115876,2
"CSTB","Bin_15",0.70920941230174,2
"CSTB","Bin_16",0.714119828137672,2
"CSTB","Bin_17",1.10930826373188,2
"CSTB","Bin_18",0.90782868752672,2
"CSTB","Bin_19",0.829015062650508,2
"CSTB","Bin_20",0.657066515475313,2
"ATP5PO","Bin_1",-0.661374057403959,2
"ATP5PO","Bin_2",-1.23721592161123,2
"ATP5PO","Bin_3",-1.30718049034504,2
"ATP5PO","Bin_4",-1.05165283125747,2
"ATP5PO","Bin_5",-1.33787819042217,2
"ATP5PO","Bin_6",-1.80444304720927,2
"ATP5PO","Bin_7",-0.98485972912124,2
"ATP5PO","Bin_8",-0.75845461278214,2
"ATP5PO","Bin_9",0.891320832926061,2
"ATP5PO","Bin_10",0.916579345729288,2
"ATP5PO","Bin_11",0.653509391566045,2
"ATP5PO","Bin_12",0.663640569415387,2
"ATP5PO","Bin_13",0.618045488002054,2
"ATP5PO","Bin_14",0.436978517547945,2
"ATP5PO","Bin_15",0.52288152430253,2
"ATP5PO","Bin_16",0.486011944945076,2
"ATP5PO","Bin_17",0.731246193858313,2
"ATP5PO","Bin_18",0.904376900225519,2
"ATP5PO","Bin_19",1.13495600695621,2
"ATP5PO","Bin_20",1.1835121646781,2
"NACA","Bin_1",-0.629152607503825,2
"NACA","Bin_2",-0.504292775686652,2
"NACA","Bin_3",-0.553919007433146,2
"NACA","Bin_4",-1.78717044797626,2
"NACA","Bin_5",-0.64958142356525,2
"NACA","Bin_6",-2.45229052701117,2
"NACA","Bin_7",-1.54781433942497,2
"NACA","Bin_8",-0.210722232241533,2
"NACA","Bin_9",0.716319706203898,2
"NACA","Bin_10",0.605831457878176,2
"NACA","Bin_11",0.536192692711522,2
"NACA","Bin_12",0.730432543629094,2
"NACA","Bin_13",0.852436178703927,2
"NACA","Bin_14",0.923914367861809,2
"NACA","Bin_15",0.799898702240111,2
"NACA","Bin_16",0.505839773025209,2
"NACA","Bin_17",0.618142946089082,2
"NACA","Bin_18",0.688564293089712,2
"NACA","Bin_19",0.77519257309861,2
"NACA","Bin_20",0.582178126311658,2
"C6orf48","Bin_1",-0.812797252310349,2
"C6orf48","Bin_2",-1.05935384259432,2
"C6orf48","Bin_3",-1.10346568424178,2
"C6orf48","Bin_4",-1.47680451604562,2
"C6orf48","Bin_5",-1.08755057762575,2
"C6orf48","Bin_6",-1.71353363475057,2
"C6orf48","Bin_7",-1.05398440756329,2
"C6orf48","Bin_8",-0.887532137782816,2
"C6orf48","Bin_9",0.561435379609802,2
"C6orf48","Bin_10",0.28058502134813,2
"C6orf48","Bin_11",0.635611779420501,2
"C6orf48","Bin_12",0.73481546059903,2
"C6orf48","Bin_13",1.01094971988974,2
"C6orf48","Bin_14",1.2357092084471,2
"C6orf48","Bin_15",1.04038429786803,2
"C6orf48","Bin_16",0.900637802193537,2
"C6orf48","Bin_17",0.886949279864248,2
"C6orf48","Bin_18",0.705979442838892,2
"C6orf48","Bin_19",0.52005648175979,2
"C6orf48","Bin_20",0.681908179075704,2
"RPS16","Bin_1",-1.17277003413731,2
"RPS16","Bin_2",-1.16939195565586,2
"RPS16","Bin_3",-1.0470309021731,2
"RPS16","Bin_4",-1.24608812482029,2
"RPS16","Bin_5",-0.294592191898931,2
"RPS16","Bin_6",-2.52215354670754,2
"RPS16","Bin_7",-1.1160128397423,2
"RPS16","Bin_8",0.390438487863863,2
"RPS16","Bin_9",0.7770616743579,2
"RPS16","Bin_10",0.710589661429016,2
"RPS16","Bin_11",0.544990092934315,2
"RPS16","Bin_12",0.79872295456049,2
"RPS16","Bin_13",0.855523567954674,2
"RPS16","Bin_14",0.87373285826176,2
"RPS16","Bin_15",0.743585626196874,2
"RPS16","Bin_16",0.510486731510322,2
"RPS16","Bin_17",0.493537899309066,2
"RPS16","Bin_18",0.637518655786228,2
"RPS16","Bin_19",0.63634600875302,2
"RPS16","Bin_20",0.59550537621781,2
"EEF1A1","Bin_1",-0.230201725744758,2
"EEF1A1","Bin_2",-0.49609293215215,2
"EEF1A1","Bin_3",-0.466238640497823,2
"EEF1A1","Bin_4",-1.64429860885499,2
"EEF1A1","Bin_5",-0.618830317795623,2
"EEF1A1","Bin_6",-2.96980390010981,2
"EEF1A1","Bin_7",-1.31387388382228,2
"EEF1A1","Bin_8",0.523310081523819,2
"EEF1A1","Bin_9",0.70464866138712,2
"EEF1A1","Bin_10",0.515235242095478,2
"EEF1A1","Bin_11",0.26346204250652,2
"EEF1A1","Bin_12",0.724323852655632,2
"EEF1A1","Bin_13",0.647924570139563,2
"EEF1A1","Bin_14",0.743658860541139,2
"EEF1A1","Bin_15",0.76583553202575,2
"EEF1A1","Bin_16",0.491290519679581,2
"EEF1A1","Bin_17",0.62038335993416,2
"EEF1A1","Bin_18",0.69564429300515,2
"EEF1A1","Bin_19",0.58041120460274,2
"EEF1A1","Bin_20",0.463211788880779,2
"HEY1","Bin_1",-1.02535379677369,2
"HEY1","Bin_2",-0.947354710094872,2
"HEY1","Bin_3",-0.895244449940514,2
"HEY1","Bin_4",-0.987547208963368,2
"HEY1","Bin_5",-1.02089759482254,2
"HEY1","Bin_6",-1.05030140540257,2
"HEY1","Bin_7",-0.810389091434673,2
"HEY1","Bin_8",-0.371734303692738,2
"HEY1","Bin_9",-0.278826617173387,2
"HEY1","Bin_10",-0.0415212766734181,2
"HEY1","Bin_11",0.153358778734739,2
"HEY1","Bin_12",-0.196060249844655,2
"HEY1","Bin_13",-0.0938051489105904,2
"HEY1","Bin_14",0.337480943231822,2
"HEY1","Bin_15",0.136029924079216,2
"HEY1","Bin_16",0.308630530350045,2
"HEY1","Bin_17",1.22302695178248,2
"HEY1","Bin_18",1.71974309546881,2
"HEY1","Bin_19",2.17261940189579,2
"HEY1","Bin_20",1.66814622818411,2
"RPL13A","Bin_1",-0.358247959415925,2
"RPL13A","Bin_2",-0.8223856929969,2
"RPL13A","Bin_3",-1.04593304654378,2
"RPL13A","Bin_4",-2.11543531440287,2
"RPL13A","Bin_5",-0.167096229478138,2
"RPL13A","Bin_6",-2.56774322340898,2
"RPL13A","Bin_7",-0.689497231468304,2
"RPL13A","Bin_8",-0.0417337303459681,2
"RPL13A","Bin_9",0.674213868037013,2
"RPL13A","Bin_10",0.505459742524501,2
"RPL13A","Bin_11",0.515034639613797,2
"RPL13A","Bin_12",0.819345677478965,2
"RPL13A","Bin_13",0.846455971981166,2
"RPL13A","Bin_14",1.00229106056621,2
"RPL13A","Bin_15",0.896618681843218,2
"RPL13A","Bin_16",0.601853495024327,2
"RPL13A","Bin_17",0.51998944842744,2
"RPL13A","Bin_18",0.646160519449947,2
"RPL13A","Bin_19",0.41710438573247,2
"RPL13A","Bin_20",0.363544937381799,2
"ALDH1A1","Bin_1",-0.70701959661434,2
"ALDH1A1","Bin_2",-0.631581211990914,2
"ALDH1A1","Bin_3",-0.72627273638682,2
"ALDH1A1","Bin_4",-0.70029664795083,2
"ALDH1A1","Bin_5",-0.72627273638682,2
"ALDH1A1","Bin_6",-0.236331378061164,2
"ALDH1A1","Bin_7",-0.0751917931441856,2
"ALDH1A1","Bin_8",-0.540003335335074,2
"ALDH1A1","Bin_9",-0.443825073480086,2
"ALDH1A1","Bin_10",-0.450435674029579,2
"ALDH1A1","Bin_11",-0.373496687324086,2
"ALDH1A1","Bin_12",-0.578059636718178,2
"ALDH1A1","Bin_13",-0.501537068223466,2
"ALDH1A1","Bin_14",-0.433644454402917,2
"ALDH1A1","Bin_15",-0.110140841295951,2
"ALDH1A1","Bin_16",-0.158511480936408,2
"ALDH1A1","Bin_17",1.23900130164943,2
"ALDH1A1","Bin_18",1.63073654231542,2
"ALDH1A1","Bin_19",2.72497681195396,2
"ALDH1A1","Bin_20",1.79790569636202,2
"RPS23","Bin_1",-0.698640044539623,2
"RPS23","Bin_2",-0.551312590946026,2
"RPS23","Bin_3",-0.519554948953199,2
"RPS23","Bin_4",-1.87606408981366,2
"RPS23","Bin_5",-0.712337259571299,2
"RPS23","Bin_6",-2.68249907754229,2
"RPS23","Bin_7",-1.13293012170025,2
"RPS23","Bin_8",0.513227285527176,2
"RPS23","Bin_9",0.834468798486351,2
"RPS23","Bin_10",0.633979633521952,2
"RPS23","Bin_11",0.541440529468275,2
"RPS23","Bin_12",0.748562294164257,2
"RPS23","Bin_13",0.844959569030651,2
"RPS23","Bin_14",0.826945267909036,2
"RPS23","Bin_15",0.592832825457931,2
"RPS23","Bin_16",0.358318454710277,2
"RPS23","Bin_17",0.404814770946067,2
"RPS23","Bin_18",0.601292383410101,2
"RPS23","Bin_19",0.679741951268824,2
"RPS23","Bin_20",0.592754369165453,2
"RPS25","Bin_1",-0.532512697144073,2
"RPS25","Bin_2",-0.668806336182274,2
"RPS25","Bin_3",-0.727162886832883,2
"RPS25","Bin_4",-1.54620318668083,2
"RPS25","Bin_5",-1.2332921655081,2
"RPS25","Bin_6",-2.43584631281244,2
"RPS25","Bin_7",-1.39462461765011,2
"RPS25","Bin_8",0.376307886907515,2
"RPS25","Bin_9",0.890829858522925,2
"RPS25","Bin_10",0.606781620349439,2
"RPS25","Bin_11",0.388244398481118,2
"RPS25","Bin_12",0.768316191687248,2
"RPS25","Bin_13",0.775929845100516,2
"RPS25","Bin_14",0.794387458750452,2
"RPS25","Bin_15",0.768735812550488,2
"RPS25","Bin_16",0.484425410547032,2
"RPS25","Bin_17",0.531944582305485,2
"RPS25","Bin_18",0.738690290350035,2
"RPS25","Bin_19",0.804416367243858,2
"RPS25","Bin_20",0.609438480014608,2
"B2M","Bin_1",2.1231384581316,1
"B2M","Bin_2",1.75675081139721,1
"B2M","Bin_3",1.56414290746646,1
"B2M","Bin_4",1.54598049637467,1
"B2M","Bin_5",0.0472048684564847,1
"B2M","Bin_6",-1.88405958515789,1
"B2M","Bin_7",-1.23449009318975,1
"B2M","Bin_8",-0.367880415922758,1
"B2M","Bin_9",-0.356737524149431,1
"B2M","Bin_10",-0.20630301609655,1
"B2M","Bin_11",0.0995223093333377,1
"B2M","Bin_12",-0.329181256082061,1
"B2M","Bin_13",-0.412453404191326,1
"B2M","Bin_14",-0.499385459665533,1
"B2M","Bin_15",-0.250853296182277,1
"B2M","Bin_16",-0.144749018448734,1
"B2M","Bin_17",-0.196183344914618,1
"B2M","Bin_18",-0.436603037312983,1
"B2M","Bin_19",-0.449374681281309,1
"B2M","Bin_20",-0.368485718564541,1
"ATP5F1C","Bin_1",-1.05337348294729,2
"ATP5F1C","Bin_2",-1.2832143912832,2
"ATP5F1C","Bin_3",-1.16545070735131,2
"ATP5F1C","Bin_4",-1.04983177452956,2
"ATP5F1C","Bin_5",-1.31931225275132,2
"ATP5F1C","Bin_6",-1.84253499019369,2
"ATP5F1C","Bin_7",-0.920150321055545,2
"ATP5F1C","Bin_8",-0.433108777218284,2
"ATP5F1C","Bin_9",0.978471899929834,2
"ATP5F1C","Bin_10",0.97057358789264,2
"ATP5F1C","Bin_11",0.777440951917477,2
"ATP5F1C","Bin_12",0.635927867876895,2
"ATP5F1C","Bin_13",0.583128955437209,2
"ATP5F1C","Bin_14",0.38644624315865,2
"ATP5F1C","Bin_15",0.423461588599736,2
"ATP5F1C","Bin_16",0.488560088856604,2
"ATP5F1C","Bin_17",0.685679602307752,2
"ATP5F1C","Bin_18",0.868896491397525,2
"ATP5F1C","Bin_19",1.13468887610363,2
"ATP5F1C","Bin_20",1.13370054385225,2
"SLPI","Bin_1",-1.68062416395437,2
"SLPI","Bin_2",-1.04661855818849,2
"SLPI","Bin_3",-1.02886636982661,2
"SLPI","Bin_4",-1.39514095952171,2
"SLPI","Bin_5",-1.50951125742429,2
"SLPI","Bin_6",-1.53977616240735,2
"SLPI","Bin_7",-0.607020947003808,2
"SLPI","Bin_8",0.0959538543326262,2
"SLPI","Bin_9",0.512076240798371,2
"SLPI","Bin_10",0.654430271993155,2
"SLPI","Bin_11",0.743011160632954,2
"SLPI","Bin_12",0.409936620703488,2
"SLPI","Bin_13",0.534468078898553,2
"SLPI","Bin_14",0.54959630623039,2
"SLPI","Bin_15",0.59688841459485,2
"SLPI","Bin_16",0.738669231758553,2
"SLPI","Bin_17",1.04332407351461,2
"SLPI","Bin_18",1.07358225540953,2
"SLPI","Bin_19",1.23185539043361,2
"SLPI","Bin_20",0.623766519025956,2
"RPS7","Bin_1",-1.05366326870004,2
"RPS7","Bin_2",-0.959982272758065,2
"RPS7","Bin_3",-1.11816830826285,2
"RPS7","Bin_4",-1.4668505459976,2
"RPS7","Bin_5",-0.866053646042479,2
"RPS7","Bin_6",-1.96582027455517,2
"RPS7","Bin_7",-1.55945017986684,2
"RPS7","Bin_8",0.438721550793527,2
"RPS7","Bin_9",0.897672571311845,2
"RPS7","Bin_10",0.912987493971107,2
"RPS7","Bin_11",0.618320696367852,2
"RPS7","Bin_12",0.916093988306701,2
"RPS7","Bin_13",0.795788697451809,2
"RPS7","Bin_14",0.712738311059277,2
"RPS7","Bin_15",0.740110842022322,2
"RPS7","Bin_16",0.519122415181963,2
"RPS7","Bin_17",0.532482957783134,2
"RPS7","Bin_18",0.690265445905942,2
"RPS7","Bin_19",0.675038661213422,2
"RPS7","Bin_20",0.540644864814142,2
"RPS18","Bin_1",-0.707513125536062,2
"RPS18","Bin_2",-0.67123237640903,2
"RPS18","Bin_3",-0.871543819307487,2
"RPS18","Bin_4",-1.38922872762229,2
"RPS18","Bin_5",-0.0449555711645472,2
"RPS18","Bin_6",-3.07584133054413,2
"RPS18","Bin_7",-0.912182305821767,2
"RPS18","Bin_8",0.366883362961247,2
"RPS18","Bin_9",0.568827608179156,2
"RPS18","Bin_10",0.492460361598954,2
"RPS18","Bin_11",0.471427362015332,2
"RPS18","Bin_12",0.721111700604219,2
"RPS18","Bin_13",0.894086627541479,2
"RPS18","Bin_14",1.01104065470619,2
"RPS18","Bin_15",0.815893201239678,2
"RPS18","Bin_16",0.587986883265111,2
"RPS18","Bin_17",0.444360030697011,2
"RPS18","Bin_18",0.558558109380265,2
"RPS18","Bin_19",0.421668624558606,2
"RPS18","Bin_20",0.318192729658062,2
"CRABP1","Bin_1",-1.41807147980745,2
"CRABP1","Bin_2",-1.07141133878401,2
"CRABP1","Bin_3",-1.25408059232538,2
"CRABP1","Bin_4",-1.02793030271919,2
"CRABP1","Bin_5",-0.368551303850784,2
"CRABP1","Bin_6",-1.49696701186845,2
"CRABP1","Bin_7",-0.861479985190721,2
"CRABP1","Bin_8",-0.790437514738732,2
"CRABP1","Bin_9",0.183663769820637,2
"CRABP1","Bin_10",0.404731499650875,2
"CRABP1","Bin_11",0.224753511876359,2
"CRABP1","Bin_12",-0.0814679188342725,2
"CRABP1","Bin_13",0.245636446478808,2
"CRABP1","Bin_14",0.460376185903387,2
"CRABP1","Bin_15",0.608558249786646,2
"CRABP1","Bin_16",0.528292209184213,2
"CRABP1","Bin_17",1.52188836123252,2
"CRABP1","Bin_18",1.32196615699981,2
"CRABP1","Bin_19",1.20289809686753,2
"CRABP1","Bin_20",1.66763296031822,2
"EIF3H","Bin_1",-0.631713253944915,2
"EIF3H","Bin_2",-1.33583765332936,2
"EIF3H","Bin_3",-1.31490209616849,2
"EIF3H","Bin_4",-1.24508519601816,2
"EIF3H","Bin_5",-1.09208341071076,2
"EIF3H","Bin_6",-1.82344408935375,2
"EIF3H","Bin_7",-1.1918662062241,2
"EIF3H","Bin_8",-0.532174229789354,2
"EIF3H","Bin_9",0.588199980866014,2
"EIF3H","Bin_10",0.662060915859199,2
"EIF3H","Bin_11",0.537444756542294,2
"EIF3H","Bin_12",0.811650863999749,2
"EIF3H","Bin_13",0.74626892966097,2
"EIF3H","Bin_14",0.768724786921159,2
"EIF3H","Bin_15",0.740181499415573,2
"EIF3H","Bin_16",0.5210035245265,2
"EIF3H","Bin_17",0.854145785340028,2
"EIF3H","Bin_18",1.00164474319632,2
"EIF3H","Bin_19",1.03981435672669,2
"EIF3H","Bin_20",0.895965992484385,2
"KRT8","Bin_1",0.021950161165657,2
"KRT8","Bin_2",-1.27932624854971,2
"KRT8","Bin_3",-1.04443169529472,2
"KRT8","Bin_4",-1.76235180381948,2
"KRT8","Bin_5",-1.84584974713906,2
"KRT8","Bin_6",-1.83106911103814,2
"KRT8","Bin_7",-0.542920257463733,2
"KRT8","Bin_8",0.281244001413819,2
"KRT8","Bin_9",0.401547115214118,2
"KRT8","Bin_10",0.657214223881466,2
"KRT8","Bin_11",0.616899146806485,2
"KRT8","Bin_12",0.437285843487985,2
"KRT8","Bin_13",0.480376914719099,2
"KRT8","Bin_14",0.337526854695933,2
"KRT8","Bin_15",0.558931320195865,2
"KRT8","Bin_16",0.63043435022491,2
"KRT8","Bin_17",1.1283079860558,2
"KRT8","Bin_18",0.836711331801223,2
"KRT8","Bin_19",0.934392965786984,2
"KRT8","Bin_20",0.983126647855496,2
"HLA-DRA","Bin_1",1.09169152157769,1
"HLA-DRA","Bin_2",2.0945028845767,1
"HLA-DRA","Bin_3",2.06573278694692,1
"HLA-DRA","Bin_4",2.28372496891938,1
"HLA-DRA","Bin_5",0.0152612443360941,1
"HLA-DRA","Bin_6",-0.181149572309739,1
"HLA-DRA","Bin_7",-0.548628427895972,1
"HLA-DRA","Bin_8",-0.374876824133882,1
"HLA-DRA","Bin_9",-0.517983283642416,1
"HLA-DRA","Bin_10",-0.544846397719955,1
"HLA-DRA","Bin_11",-0.533481163569384,1
"HLA-DRA","Bin_12",-0.543122506579149,1
"HLA-DRA","Bin_13",-0.532191942646591,1
"HLA-DRA","Bin_14",-0.525316306521921,1
"HLA-DRA","Bin_15",-0.534431134802912,1
"HLA-DRA","Bin_16",-0.548628427895972,1
"HLA-DRA","Bin_17",-0.548628427895972,1
"HLA-DRA","Bin_18",-0.525955166536562,1
"HLA-DRA","Bin_19",-0.545584800499753,1
"HLA-DRA","Bin_20",-0.546089023706601,1
"CNPY2","Bin_1",-0.609561173530001,2
"CNPY2","Bin_2",-1.38825947368961,2
"CNPY2","Bin_3",-1.62753661220977,2
"CNPY2","Bin_4",-1.6120665919888,2
"CNPY2","Bin_5",-1.60093225083757,2
"CNPY2","Bin_6",-0.203589013254883,2
"CNPY2","Bin_7",-0.112773487655244,2
"CNPY2","Bin_8",-1.25841282219711,2
"CNPY2","Bin_9",-0.00987827275205984,2
"CNPY2","Bin_10",0.680585281281527,2
"CNPY2","Bin_11",0.689342454446229,2
"CNPY2","Bin_12",0.322903718293437,2
"CNPY2","Bin_13",0.538225637058943,2
"CNPY2","Bin_14",0.600899410588133,2
"CNPY2","Bin_15",0.723962995248588,2
"CNPY2","Bin_16",0.540995723903712,2
"CNPY2","Bin_17",1.10637028424361,2
"CNPY2","Bin_18",0.912002155312547,2
"CNPY2","Bin_19",1.26310921066485,2
"CNPY2","Bin_20",1.04461282707347,2
"NUDT5","Bin_1",-1.19253665616405,2
"NUDT5","Bin_2",-1.36130011042409,2
"NUDT5","Bin_3",-1.44954128681034,2
"NUDT5","Bin_4",-1.15585095912657,2
"NUDT5","Bin_5",-1.41200101056992,2
"NUDT5","Bin_6",-1.45391945007457,2
"NUDT5","Bin_7",-0.546952225441912,2
"NUDT5","Bin_8",-0.286937999832911,2
"NUDT5","Bin_9",0.592675825465281,2
"NUDT5","Bin_10",1.14509457647903,2
"NUDT5","Bin_11",0.864246550580964,2
"NUDT5","Bin_12",0.485727092183296,2
"NUDT5","Bin_13",0.609792018563768,2
"NUDT5","Bin_14",0.33728750732481,2
"NUDT5","Bin_15",0.302883841164008,2
"NUDT5","Bin_16",0.503892286031086,2
"NUDT5","Bin_17",0.66242159058437,2
"NUDT5","Bin_18",0.822905482704297,2
"NUDT5","Bin_19",1.26105223248979,2
"NUDT5","Bin_20",1.27106069487367,2
"SH3YL1","Bin_1",-0.932028746044612,2
"SH3YL1","Bin_2",-1.09289797010898,2
"SH3YL1","Bin_3",-1.07590254071303,2
"SH3YL1","Bin_4",-1.46282882781477,2
"SH3YL1","Bin_5",-1.7173935564881,2
"SH3YL1","Bin_6",-0.0317558648337094,2
"SH3YL1","Bin_7",-1.16648274902936,2
"SH3YL1","Bin_8",-0.831910764948655,2
"SH3YL1","Bin_9",-0.138185967262686,2
"SH3YL1","Bin_10",-0.0795633841725825,2
"SH3YL1","Bin_11",0.325800913122751,2
"SH3YL1","Bin_12",0.531602128273062,2
"SH3YL1","Bin_13",0.357013999385698,2
"SH3YL1","Bin_14",0.838525626967338,2
"SH3YL1","Bin_15",1.03374787308894,2
"SH3YL1","Bin_16",0.863206001941584,2
"SH3YL1","Bin_17",1.51007848433062,2
"SH3YL1","Bin_18",1.3472451527487,2
"SH3YL1","Bin_19",0.852055965026648,2
"SH3YL1","Bin_20",0.869674226531143,2
"SOD1","Bin_1",-0.602944226743723,2
"SOD1","Bin_2",-1.40590665558054,2
"SOD1","Bin_3",-1.41707904646705,2
"SOD1","Bin_4",-0.995885721185151,2
"SOD1","Bin_5",-1.46674887709148,2
"SOD1","Bin_6",-1.36524017498506,2
"SOD1","Bin_7",-1.2357494584634,2
"SOD1","Bin_8",-0.409751707400451,2
"SOD1","Bin_9",0.822638328142452,2
"SOD1","Bin_10",0.948500621924876,2
"SOD1","Bin_11",0.712055733119459,2
"SOD1","Bin_12",0.614935290551751,2
"SOD1","Bin_13",0.334659940199886,2
"SOD1","Bin_14",0.139225607465685,2
"SOD1","Bin_15",0.465943185174827,2
"SOD1","Bin_16",0.484383796568678,2
"SOD1","Bin_17",0.863739772028702,2
"SOD1","Bin_18",0.999913887395597,2
"SOD1","Bin_19",1.23577003034356,2
"SOD1","Bin_20",1.27753967500138,2
"ERH","Bin_1",-0.587047405578391,2
"ERH","Bin_2",-1.14589575185349,2
"ERH","Bin_3",-1.23682046934027,2
"ERH","Bin_4",-1.29659104456704,2
"ERH","Bin_5",-1.37844832793282,2
"ERH","Bin_6",-1.4903769359164,2
"ERH","Bin_7",-1.39420292988826,2
"ERH","Bin_8",-0.258444997120219,2
"ERH","Bin_9",0.672208645719431,2
"ERH","Bin_10",0.768803446503299,2
"ERH","Bin_11",0.710573648087633,2
"ERH","Bin_12",0.407951144411706,2
"ERH","Bin_13",0.410089911795835,2
"ERH","Bin_14",0.295833380509964,2
"ERH","Bin_15",0.333773166015663,2
"ERH","Bin_16",0.501278355896393,2
"ERH","Bin_17",0.913661424341664,2
"ERH","Bin_18",1.05406729347605,2
"ERH","Bin_19",1.46688094272375,2
"ERH","Bin_20",1.2527065027155,2
"RPL36","Bin_1",1.08254263082665,1
"RPL36","Bin_2",1.43838529258219,1
"RPL36","Bin_3",1.53763050049297,1
"RPL36","Bin_4",0.882892443777607,1
"RPL36","Bin_5",0.879741899262961,1
"RPL36","Bin_6",-2.55973198367924,1
"RPL36","Bin_7",-1.39001567379862,1
"RPL36","Bin_8",-1.74316653369148,1
"RPL36","Bin_9",0.00319969746481853,1
"RPL36","Bin_10",-0.0177801551915937,1
"RPL36","Bin_11",0.0154050907661033,1
"RPL36","Bin_12",0.206115993504205,1
"RPL36","Bin_13",0.131218948853207,1
"RPL36","Bin_14",0.144061154992049,1
"RPL36","Bin_15",0.18722822179198,1
"RPL36","Bin_16",0.0376650616701615,1
"RPL36","Bin_17",-0.215811470397202,1
"RPL36","Bin_18",-0.114739627510007,1
"RPL36","Bin_19",-0.169562490796819,1
"RPL36","Bin_20",-0.335279000919928,1
"TSEN34","Bin_1",-1.16915529813195,2
"TSEN34","Bin_2",-1.43969647403129,2
"TSEN34","Bin_3",-1.46570707976061,2
"TSEN34","Bin_4",-1.43549174861879,2
"TSEN34","Bin_5",-1.31776702134507,2
"TSEN34","Bin_6",-1.46657222864084,2
"TSEN34","Bin_7",-0.511317998343141,2
"TSEN34","Bin_8",-0.308768975584464,2
"TSEN34","Bin_9",0.552265012311137,2
"TSEN34","Bin_10",0.978338137405686,2
"TSEN34","Bin_11",0.946684893275868,2
"TSEN34","Bin_12",0.828454349808806,2
"TSEN34","Bin_13",0.79797930238478,2
"TSEN34","Bin_14",0.700084555980806,2
"TSEN34","Bin_15",0.730160483542173,2
"TSEN34","Bin_16",0.845462152651085,2
"TSEN34","Bin_17",0.739794837038308,2
"TSEN34","Bin_18",0.665851103179533,2
"TSEN34","Bin_19",0.582671026458014,2
"TSEN34","Bin_20",0.746730970419961,2
"TMEM213","Bin_1",-1.39860145595176,2
"TMEM213","Bin_2",-1.21330791220558,2
"TMEM213","Bin_3",-1.3347078384344,2
"TMEM213","Bin_4",-1.41176833215058,2
"TMEM213","Bin_5",-1.39467620990017,2
"TMEM213","Bin_6",-0.33669246189187,2
"TMEM213","Bin_7",-0.299099246966065,2
"TMEM213","Bin_8",-0.903077987362917,2
"TMEM213","Bin_9",-0.0295454973894004,2
"TMEM213","Bin_10",0.0282258674871217,2
"TMEM213","Bin_11",0.538207188957807,2
"TMEM213","Bin_12",0.133006458931573,2
"TMEM213","Bin_13",1.11096323799363,2
"TMEM213","Bin_14",1.41924065037449,2
"TMEM213","Bin_15",0.685719567456363,2
"TMEM213","Bin_16",0.409823492196543,2
"TMEM213","Bin_17",0.498988762830611,2
"TMEM213","Bin_18",1.14262586962241,2
"TMEM213","Bin_19",1.57183707304008,2
"TMEM213","Bin_20",0.782838773362107,2
"MMADHC","Bin_1",-0.866103213946218,2
"MMADHC","Bin_2",-1.02337205238291,2
"MMADHC","Bin_3",-1.15710596486712,2
"MMADHC","Bin_4",-1.20042185720721,2
"MMADHC","Bin_5",-1.33114097460135,2
"MMADHC","Bin_6",-1.37511860501865,2
"MMADHC","Bin_7",-1.17641155676813,2
"MMADHC","Bin_8",-1.17006598762119,2
"MMADHC","Bin_9",0.551368526441902,2
"MMADHC","Bin_10",0.710350909917937,2
"MMADHC","Bin_11",0.762265201337245,2
"MMADHC","Bin_12",0.50780222753007,2
"MMADHC","Bin_13",0.600556922659979,2
"MMADHC","Bin_14",0.496251447003806,2
"MMADHC","Bin_15",0.593281543154984,2
"MMADHC","Bin_16",0.642851845413181,2
"MMADHC","Bin_17",0.965818957480899,2
"MMADHC","Bin_18",0.994743297577954,2
"MMADHC","Bin_19",1.19648690412733,2
"MMADHC","Bin_20",1.2779624297675,2
"ETFB","Bin_1",-0.828415744541628,2
"ETFB","Bin_2",-1.27926268848918,2
"ETFB","Bin_3",-1.29617240041503,2
"ETFB","Bin_4",-1.30964396965129,2
"ETFB","Bin_5",-1.33725752078725,2
"ETFB","Bin_6",-1.53978195692179,2
"ETFB","Bin_7",-0.7232788983215,2
"ETFB","Bin_8",-0.980018508988612,2
"ETFB","Bin_9",0.450098159870004,2
"ETFB","Bin_10",0.749177024761458,2
"ETFB","Bin_11",0.704915753489184,2
"ETFB","Bin_12",0.736549743478838,2
"ETFB","Bin_13",0.623692652539094,2
"ETFB","Bin_14",0.532102790901469,2
"ETFB","Bin_15",0.741072775666982,2
"ETFB","Bin_16",0.90736292657592,2
"ETFB","Bin_17",0.860376412379044,2
"ETFB","Bin_18",1.05060413707915,2
"ETFB","Bin_19",0.78234380659436,2
"ETFB","Bin_20",1.15553550478078,2
"ATP5F1B","Bin_1",-0.906040122951985,2
"ATP5F1B","Bin_2",-1.33416544694025,2
"ATP5F1B","Bin_3",-1.29470303563238,2
"ATP5F1B","Bin_4",-1.45800177747816,2
"ATP5F1B","Bin_5",-1.47654719562471,2
"ATP5F1B","Bin_6",-1.38789454194746,2
"ATP5F1B","Bin_7",-0.710238663856189,2
"ATP5F1B","Bin_8",-0.363756167448418,2
"ATP5F1B","Bin_9",0.870071081843129,2
"ATP5F1B","Bin_10",1.02827638864784,2
"ATP5F1B","Bin_11",0.797774998232245,2
"ATP5F1B","Bin_12",0.503154758875192,2
"ATP5F1B","Bin_13",0.982865841958086,2
"ATP5F1B","Bin_14",0.528429846576672,2
"ATP5F1B","Bin_15",0.320448112415495,2
"ATP5F1B","Bin_16",0.459828335018935,2
"ATP5F1B","Bin_17",0.345947561337647,2
"ATP5F1B","Bin_18",0.60297894699069,2
"ATP5F1B","Bin_19",1.20538969161218,2
"ATP5F1B","Bin_20",1.28618138837144,2
"CD74","Bin_1",1.82785272480652,1
"CD74","Bin_2",1.97223877962341,1
"CD74","Bin_3",1.88484632014903,1
"CD74","Bin_4",2.07884171660789,1
"CD74","Bin_5",-0.162437897375425,1
"CD74","Bin_6",-0.556856982360264,1
"CD74","Bin_7",-0.443207512721844,1
"CD74","Bin_8",-0.556856982360264,1
"CD74","Bin_9",-0.548797763118269,1
"CD74","Bin_10",-0.522486533173723,1
"CD74","Bin_11",-0.482262977639896,1
"CD74","Bin_12",-0.482894794211938,1
"CD74","Bin_13",-0.513536092546878,1
"CD74","Bin_14",-0.492678661300808,1
"CD74","Bin_15",-0.495452535382588,1
"CD74","Bin_16",-0.516466244170621,1
"CD74","Bin_17",-0.472026101442114,1
"CD74","Bin_18",-0.467330539565499,1
"CD74","Bin_19",-0.539983318650151,1
"CD74","Bin_20",-0.510504605166574,1
"RPL27","Bin_1",-0.390725168911268,2
"RPL27","Bin_2",-0.69028450649968,2
"RPL27","Bin_3",-0.858325870759707,2
"RPL27","Bin_4",-1.53947628965201,2
"RPL27","Bin_5",-0.757686439018165,2
"RPL27","Bin_6",-3.03471473234236,2
"RPL27","Bin_7",-0.666000415861546,2
"RPL27","Bin_8",0.427723978000002,2
"RPL27","Bin_9",0.680233188320178,2
"RPL27","Bin_10",0.637565970877418,2
"RPL27","Bin_11",0.563288387439438,2
"RPL27","Bin_12",0.705835873960168,2
"RPL27","Bin_13",0.79663234193009,2
"RPL27","Bin_14",0.797439005270315,2
"RPL27","Bin_15",0.721226327764366,2
"RPL27","Bin_16",0.55847972272272,2
"RPL27","Bin_17",0.437952855213057,2
"RPL27","Bin_18",0.604062564108319,2
"RPL27","Bin_19",0.543690731601082,2
"RPL27","Bin_20",0.463082475837578,2
"TTYH1","Bin_1",-1.5858989206985,2
"TTYH1","Bin_2",-1.42659588760075,2
"TTYH1","Bin_3",-1.43555960392386,2
"TTYH1","Bin_4",-1.36183451302935,2
"TTYH1","Bin_5",-1.18612707501745,2
"TTYH1","Bin_6",-0.780788302384749,2
"TTYH1","Bin_7",-0.541367559921143,2
"TTYH1","Bin_8",-0.877211027658152,2
"TTYH1","Bin_9",1.01040815328215,2
"TTYH1","Bin_10",0.913712704313927,2
"TTYH1","Bin_11",0.717239545606532,2
"TTYH1","Bin_12",0.86174096460671,2
"TTYH1","Bin_13",1.04507979201563,2
"TTYH1","Bin_14",0.845340811815679,2
"TTYH1","Bin_15",0.605009351278941,2
"TTYH1","Bin_16",0.510064503021123,2
"TTYH1","Bin_17",0.41756891815764,2
"TTYH1","Bin_18",0.856219023956238,2
"TTYH1","Bin_19",0.749159190607752,2
"TTYH1","Bin_20",0.663839931571635,2
"DNASE2","Bin_1",-0.730276113956899,2
"DNASE2","Bin_2",-1.09830702266149,2
"DNASE2","Bin_3",-1.35273600935323,2
"DNASE2","Bin_4",-1.01889442549905,2
"DNASE2","Bin_5",-1.36396472710016,2
"DNASE2","Bin_6",-1.45197129156541,2
"DNASE2","Bin_7",-0.182342460542115,2
"DNASE2","Bin_8",-0.6088484076461,2
"DNASE2","Bin_9",-0.245916646288809,2
"DNASE2","Bin_10",0.25775317216793,2
"DNASE2","Bin_11",0.568303022006827,2
"DNASE2","Bin_12",0.0745232738591877,2
"DNASE2","Bin_13",0.0580018469940551,2
"DNASE2","Bin_14",0.266409916757994,2
"DNASE2","Bin_15",0.350119741261891,2
"DNASE2","Bin_16",0.423248456916067,2
"DNASE2","Bin_17",1.54799906139487,2
"DNASE2","Bin_18",1.39735185139709,2
"DNASE2","Bin_19",1.50586915207244,2
"DNASE2","Bin_20",1.60367760978489,2
"CRABP2","Bin_1",-0.772010266171819,2
"CRABP2","Bin_2",-1.51583781662198,2
"CRABP2","Bin_3",-1.61963448044179,2
"CRABP2","Bin_4",-1.69466391929743,2
"CRABP2","Bin_5",-1.65466129420646,2
"CRABP2","Bin_6",-1.09841361403202,2
"CRABP2","Bin_7",-0.56107689585027,2
"CRABP2","Bin_8",0.548172356430178,2
"CRABP2","Bin_9",0.767609169527986,2
"CRABP2","Bin_10",0.987414707861512,2
"CRABP2","Bin_11",0.786635421023877,2
"CRABP2","Bin_12",0.690465471911389,2
"CRABP2","Bin_13",0.709746758896364,2
"CRABP2","Bin_14",0.464262813453036,2
"CRABP2","Bin_15",0.601902761389974,2
"CRABP2","Bin_16",0.570050550260201,2
"CRABP2","Bin_17",0.663123694608818,2
"CRABP2","Bin_18",0.648040709263549,2
"CRABP2","Bin_19",0.865768424604812,2
"CRABP2","Bin_20",0.613105447390068,2
"SPINT2","Bin_1",0.375569066168444,2
"SPINT2","Bin_2",-0.8944105406533,2
"SPINT2","Bin_3",-1.04851483165888,2
"SPINT2","Bin_4",-1.25343589349165,2
"SPINT2","Bin_5",-1.89290609966752,2
"SPINT2","Bin_6",-1.94962700350528,2
"SPINT2","Bin_7",-0.908433610119846,2
"SPINT2","Bin_8",-0.699097068480501,2
"SPINT2","Bin_9",0.32692673403231,2
"SPINT2","Bin_10",0.503316652941121,2
"SPINT2","Bin_11",0.614006725739985,2
"SPINT2","Bin_12",0.533314593706131,2
"SPINT2","Bin_13",0.334285293880579,2
"SPINT2","Bin_14",0.383694771436501,2
"SPINT2","Bin_15",0.644512775098535,2
"SPINT2","Bin_16",0.759441382876,2
"SPINT2","Bin_17",1.26512205208303,2
"SPINT2","Bin_18",0.987554957279059,2
"SPINT2","Bin_19",0.98328373500573,2
"SPINT2","Bin_20",0.935396307329546,2
"TMEM167A","Bin_1",-1.01167587658055,2
"TMEM167A","Bin_2",-1.32415909219942,2
"TMEM167A","Bin_3",-1.37499839339614,2
"TMEM167A","Bin_4",-1.04993815046264,2
"TMEM167A","Bin_5",-1.45398863529386,2
"TMEM167A","Bin_6",-1.44665519883661,2
"TMEM167A","Bin_7",-0.619519408292441,2
"TMEM167A","Bin_8",-0.615207580654346,2
"TMEM167A","Bin_9",0.698850648825379,2
"TMEM167A","Bin_10",0.588796170269141,2
"TMEM167A","Bin_11",0.702922730628104,2
"TMEM167A","Bin_12",0.397236415976307,2
"TMEM167A","Bin_13",0.491524186078462,2
"TMEM167A","Bin_14",0.349904795833333,2
"TMEM167A","Bin_15",0.361817206923339,2
"TMEM167A","Bin_16",0.495137771927638,2
"TMEM167A","Bin_17",0.932644841791854,2
"TMEM167A","Bin_18",0.974689565640335,2
"TMEM167A","Bin_19",1.42456518180992,2
"TMEM167A","Bin_20",1.4780528200122,2
"RPS5","Bin_1",-0.945466975906666,2
"RPS5","Bin_2",-0.798435871301956,2
"RPS5","Bin_3",-0.929684764040953,2
"RPS5","Bin_4",-2.05666874403806,2
"RPS5","Bin_5",-0.763537348922426,2
"RPS5","Bin_6",-2.0306213986954,2
"RPS5","Bin_7",-0.827953492268966,2
"RPS5","Bin_8",-0.121855603842539,2
"RPS5","Bin_9",0.791006559460198,2
"RPS5","Bin_10",0.702684649076339,2
"RPS5","Bin_11",0.689717752946758,2
"RPS5","Bin_12",0.841008550201802,2
"RPS5","Bin_13",1.08093070651711,2
"RPS5","Bin_14",1.17769919452042,2
"RPS5","Bin_15",0.967295202197495,2
"RPS5","Bin_16",0.795419089914892,2
"RPS5","Bin_17",0.367939100115043,2
"RPS5","Bin_18",0.497480694316347,2
"RPS5","Bin_19",0.276621688371775,2
"RPS5","Bin_20",0.286421011378779,2
"NDUFB5","Bin_1",-0.859670806970867,2
"NDUFB5","Bin_2",-1.31954131820954,2
"NDUFB5","Bin_3",-1.43074209564432,2
"NDUFB5","Bin_4",-1.30833207784628,2
"NDUFB5","Bin_5",-1.28256981287363,2
"NDUFB5","Bin_6",-1.57532080836865,2
"NDUFB5","Bin_7",-1.07127041474638,2
"NDUFB5","Bin_8",-0.432276690798506,2
"NDUFB5","Bin_9",0.811778798002123,2
"NDUFB5","Bin_10",0.950878287489364,2
"NDUFB5","Bin_11",0.899231548014533,2
"NDUFB5","Bin_12",0.721633778155445,2
"NDUFB5","Bin_13",0.679848442710299,2
"NDUFB5","Bin_14",0.702946328824712,2
"NDUFB5","Bin_15",0.650585387159517,2
"NDUFB5","Bin_16",0.683629186494789,2
"NDUFB5","Bin_17",0.674115076375666,2
"NDUFB5","Bin_18",0.76927384851975,2
"NDUFB5","Bin_19",0.805724756597316,2
"NDUFB5","Bin_20",0.930078587114649,2
"CCSER2","Bin_1",-0.808004234737251,2
"CCSER2","Bin_2",-1.07535250134988,2
"CCSER2","Bin_3",-1.14486251440063,2
"CCSER2","Bin_4",-1.29072671234185,2
"CCSER2","Bin_5",-1.48830683216527,2
"CCSER2","Bin_6",-1.02851274382209,2
"CCSER2","Bin_7",0.304063282276397,2
"CCSER2","Bin_8",-1.64717027909224,2
"CCSER2","Bin_9",-0.306927946474264,2
"CCSER2","Bin_10",0.164740562235648,2
"CCSER2","Bin_11",0.607827742444589,2
"CCSER2","Bin_12",0.458645560260059,2
"CCSER2","Bin_13",0.19264303142661,2
"CCSER2","Bin_14",0.76666459557941,2
"CCSER2","Bin_15",0.87630731770266,2
"CCSER2","Bin_16",0.9408635878201,2
"CCSER2","Bin_17",1.18038627845274,2
"CCSER2","Bin_18",1.23555478995736,2
"CCSER2","Bin_19",1.26580392568601,2
"CCSER2","Bin_20",0.79636309054189,2
"PPIC","Bin_1",-0.170068751832877,2
"PPIC","Bin_2",-1.12353926602883,2
"PPIC","Bin_3",-1.36317209248079,2
"PPIC","Bin_4",-1.18784249277899,2
"PPIC","Bin_5",-1.40308615674462,2
"PPIC","Bin_6",-1.68709830734588,2
"PPIC","Bin_7",-0.756899225238333,2
"PPIC","Bin_8",-0.573025225633785,2
"PPIC","Bin_9",0.0860177299770134,2
"PPIC","Bin_10",0.468443259477321,2
"PPIC","Bin_11",0.38820353680067,2
"PPIC","Bin_12",0.294658768282537,2
"PPIC","Bin_13",0.139400247772319,2
"PPIC","Bin_14",0.323214957580038,2
"PPIC","Bin_15",0.453816261364447,2
"PPIC","Bin_16",0.716106369888299,2
"PPIC","Bin_17",1.38461701425647,2
"PPIC","Bin_18",1.34522560788014,2
"PPIC","Bin_19",1.06953299055555,2
"PPIC","Bin_20",1.59549477424929,2
"OST4","Bin_1",-0.415308634621255,2
"OST4","Bin_2",-0.9916007004081,2
"OST4","Bin_3",-1.00764813976899,2
"OST4","Bin_4",-1.40264942253879,2
"OST4","Bin_5",-1.27372503407277,2
"OST4","Bin_6",-2.06119744235771,2
"OST4","Bin_7",-1.28375933477669,2
"OST4","Bin_8",-0.4848957185396,2
"OST4","Bin_9",0.745831972837631,2
"OST4","Bin_10",0.690566869091258,2
"OST4","Bin_11",0.663685181832204,2
"OST4","Bin_12",0.907177175221697,2
"OST4","Bin_13",0.326666697193465,2
"OST4","Bin_14",0.42650861172216,2
"OST4","Bin_15",0.937280425960444,2
"OST4","Bin_16",0.776564595690629,2
"OST4","Bin_17",0.989767373608061,2
"OST4","Bin_18",0.988988435803647,2
"OST4","Bin_19",0.680246340774342,2
"OST4","Bin_20",0.787500747348372,2
"PAM","Bin_1",-1.14833087806623,2
"PAM","Bin_2",-1.14493180122135,2
"PAM","Bin_3",-1.28229925865324,2
"PAM","Bin_4",-0.824094193280182,2
"PAM","Bin_5",-1.58425388185136,2
"PAM","Bin_6",-1.06739400477514,2
"PAM","Bin_7",0.537140042683644,2
"PAM","Bin_8",-1.16315610929126,2
"PAM","Bin_9",-0.196916899967426,2
"PAM","Bin_10",0.205823537064951,2
"PAM","Bin_11",0.333994925137353,2
"PAM","Bin_12",0.299489489226716,2
"PAM","Bin_13",0.230693605296443,2
"PAM","Bin_14",0.321443391276252,2
"PAM","Bin_15",0.451836511050946,2
"PAM","Bin_16",0.393484281901263,2
"PAM","Bin_17",1.3245953089002,2
"PAM","Bin_18",1.39671629223228,2
"PAM","Bin_19",1.43438883235172,2
"PAM","Bin_20",1.48177080998443,2
"CSRP2","Bin_1",-1.46210305351612,2
"CSRP2","Bin_2",-0.982088616517939,2
"CSRP2","Bin_3",-1.35406165153684,2
"CSRP2","Bin_4",-0.886262819644768,2
"CSRP2","Bin_5",-0.975437397333331,2
"CSRP2","Bin_6",-1.05487088575199,2
"CSRP2","Bin_7",-1.57356115445546,2
"CSRP2","Bin_8",-0.600904561138668,2
"CSRP2","Bin_9",-0.0402084011513252,2
"CSRP2","Bin_10",0.202790261692976,2
"CSRP2","Bin_11",0.579076365366002,2
"CSRP2","Bin_12",0.5433096210778,2
"CSRP2","Bin_13",0.513573140916212,2
"CSRP2","Bin_14",0.768085088061028,2
"CSRP2","Bin_15",0.817453364419041,2
"CSRP2","Bin_16",0.893769377145113,2
"CSRP2","Bin_17",1.35664367967333,2
"CSRP2","Bin_18",1.0212025648701,2
"CSRP2","Bin_19",1.06403027940305,2
"CSRP2","Bin_20",1.16956479842179,2
"RPL23A","Bin_1",-0.0400338950750469,2
"RPL23A","Bin_2",-0.780031796264519,2
"RPL23A","Bin_3",-0.762168504218479,2
"RPL23A","Bin_4",-1.99613239938864,2
"RPL23A","Bin_5",-1.18733543775835,2
"RPL23A","Bin_6",-2.51941932938836,2
"RPL23A","Bin_7",-0.72664177423217,2
"RPL23A","Bin_8",0.00935629593902276,2
"RPL23A","Bin_9",0.773969043272101,2
"RPL23A","Bin_10",0.553089537826771,2
"RPL23A","Bin_11",0.575472843777537,2
"RPL23A","Bin_12",0.786636688249896,2
"RPL23A","Bin_13",0.826427798813568,2
"RPL23A","Bin_14",0.893554062763186,2
"RPL23A","Bin_15",0.785143976669832,2
"RPL23A","Bin_16",0.583986508034047,2
"RPL23A","Bin_17",0.478380303572239,2
"RPL23A","Bin_18",0.602351359075255,2
"RPL23A","Bin_19",0.572475485586934,2
"RPL23A","Bin_20",0.570919232745179,2
"MT-CYB","Bin_1",1.13941988417234,1
"MT-CYB","Bin_2",1.3950836873831,1
"MT-CYB","Bin_3",1.46355307134901,1
"MT-CYB","Bin_4",1.2708291233567,1
"MT-CYB","Bin_5",-1.00075679338606,1
"MT-CYB","Bin_6",0.588421331755759,1
"MT-CYB","Bin_7",0.971445003602743,1
"MT-CYB","Bin_8",-2.80397553185984,1
"MT-CYB","Bin_9",-0.415809888102805,1
"MT-CYB","Bin_10",0.127772242827246,1
"MT-CYB","Bin_11",-0.0725736176805414,1
"MT-CYB","Bin_12",-0.218618799506112,1
"MT-CYB","Bin_13",0.0868668276344652,1
"MT-CYB","Bin_14",-0.0966660851090443,1
"MT-CYB","Bin_15",-0.54747210353013,1
"MT-CYB","Bin_16",-0.607718170245767,1
"MT-CYB","Bin_17",-0.926161953452826,1
"MT-CYB","Bin_18",-0.224443841676792,1
"MT-CYB","Bin_19",-0.0671472894050701,1
"MT-CYB","Bin_20",-0.0620470981263681,1
"ACTB","Bin_1",0.63007238847352,1
"ACTB","Bin_2",1.42003420083629,1
"ACTB","Bin_3",1.79446330543248,1
"ACTB","Bin_4",1.61240591890325,1
"ACTB","Bin_5",-0.074025662916251,1
"ACTB","Bin_6",-2.66292173449353,1
"ACTB","Bin_7",-1.58959642521788,1
"ACTB","Bin_8",0.209275922871552,1
"ACTB","Bin_9",0.0834690061073924,1
"ACTB","Bin_10",0.385812386790043,1
"ACTB","Bin_11",0.357742757492097,1
"ACTB","Bin_12",-0.235949831538842,1
"ACTB","Bin_13",-0.173514688252667,1
"ACTB","Bin_14",-0.364752244970272,1
"ACTB","Bin_15",-0.410923091134001,1
"ACTB","Bin_16",-0.147184258574986,1
"ACTB","Bin_17",-0.532985136610829,1
"ACTB","Bin_18",-0.323787894563801,1
"ACTB","Bin_19",-0.0810405876379138,1
"ACTB","Bin_20",0.103405669004337,1
"TMSB10","Bin_1",0.72352214126196,1
"TMSB10","Bin_2",0.555718338088857,1
"TMSB10","Bin_3",0.81746209171161,1
"TMSB10","Bin_4",2.12958782702454,1
"TMSB10","Bin_5",1.58724709950036,1
"TMSB10","Bin_6",-2.40360560967744,1
"TMSB10","Bin_7",-1.97419393772183,1
"TMSB10","Bin_8",-0.0299762625695971,1
"TMSB10","Bin_9",-0.00666436603141592,1
"TMSB10","Bin_10",0.0806584796654996,1
"TMSB10","Bin_11",0.0182580556977865,1
"TMSB10","Bin_12",0.152030124205403,1
"TMSB10","Bin_13",-0.196380002666332,1
"TMSB10","Bin_14",-0.265704189949572,1
"TMSB10","Bin_15",-0.0106955704438423,1
"TMSB10","Bin_16",0.0876420076106319,1
"TMSB10","Bin_17",-0.235780935161999,1
"TMSB10","Bin_18",-0.070650395541671,1
"TMSB10","Bin_19",-0.252948422626759,1
"TMSB10","Bin_20",-0.705526472376183,1
"CYC1","Bin_1",-1.19244338370237,2
"CYC1","Bin_2",-1.50369606326032,2
"CYC1","Bin_3",-1.59932122077579,2
"CYC1","Bin_4",-1.11809319283911,2
"CYC1","Bin_5",-1.24591149682518,2
"CYC1","Bin_6",-1.37041639605741,2
"CYC1","Bin_7",-0.574961197338332,2
"CYC1","Bin_8",-0.214630317636991,2
"CYC1","Bin_9",0.541551370382864,2
"CYC1","Bin_10",1.01005813577543,2
"CYC1","Bin_11",0.98220527106282,2
"CYC1","Bin_12",0.51217779041556,2
"CYC1","Bin_13",0.601569416155839,2
"CYC1","Bin_14",0.311515607082111,2
"CYC1","Bin_15",0.304317815494019,2
"CYC1","Bin_16",0.654886136192423,2
"CYC1","Bin_17",0.69813144715091,2
"CYC1","Bin_18",0.690487302261959,2
"CYC1","Bin_19",1.08250527294198,2
"CYC1","Bin_20",1.43006770351958,2
"TCTEX1D2","Bin_1",-1.23916577969732,2
"TCTEX1D2","Bin_2",-1.35263087047164,2
"TCTEX1D2","Bin_3",-1.31113302600619,2
"TCTEX1D2","Bin_4",-1.27381908879568,2
"TCTEX1D2","Bin_5",-1.24650573377127,2
"TCTEX1D2","Bin_6",-1.50426647819373,2
"TCTEX1D2","Bin_7",-0.955024333460611,2
"TCTEX1D2","Bin_8",-0.233304385153019,2
"TCTEX1D2","Bin_9",0.724742870177989,2
"TCTEX1D2","Bin_10",1.22449268168926,2
"TCTEX1D2","Bin_11",0.99635311256928,2
"TCTEX1D2","Bin_12",0.710480786876682,2
"TCTEX1D2","Bin_13",0.79100749453955,2
"TCTEX1D2","Bin_14",0.644194304611324,2
"TCTEX1D2","Bin_15",0.523636885017057,2
"TCTEX1D2","Bin_16",0.5304022484738,2
"TCTEX1D2","Bin_17",0.410040880123262,2
"TCTEX1D2","Bin_18",0.716763344513809,2
"TCTEX1D2","Bin_19",0.993195482271557,2
"TCTEX1D2","Bin_20",0.850539604685879,2
"TSTA3","Bin_1",-0.628140600022317,2
"TSTA3","Bin_2",-1.12923413444486,2
"TSTA3","Bin_3",-1.33832166912458,2
"TSTA3","Bin_4",-0.98124729578704,2
"TSTA3","Bin_5",-1.15120667448782,2
"TSTA3","Bin_6",-1.59750917833895,2
"TSTA3","Bin_7",-0.432031547341995,2
"TSTA3","Bin_8",-1.06884708108712,2
"TSTA3","Bin_9",0.36643893664827,2
"TSTA3","Bin_10",0.889987826243172,2
"TSTA3","Bin_11",0.680095774114029,2
"TSTA3","Bin_12",0.404151779433316,2
"TSTA3","Bin_13",0.222739137451762,2
"TSTA3","Bin_14",-0.084343381161881,2
"TSTA3","Bin_15",0.139204815779519,2
"TSTA3","Bin_16",0.252776274844876,2
"TSTA3","Bin_17",0.982196490275081,2
"TSTA3","Bin_18",1.36094584570407,2
"TSTA3","Bin_19",1.64962670544481,2
"TSTA3","Bin_20",1.46271797585765,2
"SF3B6","Bin_1",-1.0276133428793,2
"SF3B6","Bin_2",-1.20053031361519,2
"SF3B6","Bin_3",-1.30328157951617,2
"SF3B6","Bin_4",-1.38800058777933,2
"SF3B6","Bin_5",-1.42486722989198,2
"SF3B6","Bin_6",-1.48880190242671,2
"SF3B6","Bin_7",-1.26688806093479,2
"SF3B6","Bin_8",0.14990495987949,2
"SF3B6","Bin_9",0.835771446478559,2
"SF3B6","Bin_10",1.05646165834684,2
"SF3B6","Bin_11",0.826657165868469,2
"SF3B6","Bin_12",0.813746593281813,2
"SF3B6","Bin_13",0.637650542035661,2
"SF3B6","Bin_14",0.397421332047658,2
"SF3B6","Bin_15",0.594223618854012,2
"SF3B6","Bin_16",0.608277987359509,2
"SF3B6","Bin_17",0.711879702924159,2
"SF3B6","Bin_18",0.746759512156802,2
"SF3B6","Bin_19",0.930763944024434,2
"SF3B6","Bin_20",0.790464553786075,2
"SLC9A3R1","Bin_1",-0.501271107254596,2
"SLC9A3R1","Bin_2",-1.30751902159812,2
"SLC9A3R1","Bin_3",-1.43506502366618,2
"SLC9A3R1","Bin_4",-1.29588719963103,2
"SLC9A3R1","Bin_5",-1.67433618924107,2
"SLC9A3R1","Bin_6",-1.1262122677976,2
"SLC9A3R1","Bin_7",-1.15611823717901,2
"SLC9A3R1","Bin_8",-0.638208353382154,2
"SLC9A3R1","Bin_9",0.742523768868883,2
"SLC9A3R1","Bin_10",0.876657226441606,2
"SLC9A3R1","Bin_11",0.841471509099399,2
"SLC9A3R1","Bin_12",0.814892143461548,2
"SLC9A3R1","Bin_13",0.622972180069628,2
"SLC9A3R1","Bin_14",0.313912751115079,2
"SLC9A3R1","Bin_15",0.562414132150537,2
"SLC9A3R1","Bin_16",0.568297088077169,2
"SLC9A3R1","Bin_17",0.853761172654267,2
"SLC9A3R1","Bin_18",0.79525407923966,2
"SLC9A3R1","Bin_19",1.14335473755497,2
"SLC9A3R1","Bin_20",0.999106611017015,2
"GHITM","Bin_1",-0.363570346662637,2
"GHITM","Bin_2",-0.899005146712199,2
"GHITM","Bin_3",-1.16839736418815,2
"GHITM","Bin_4",-1.11257356675965,2
"GHITM","Bin_5",-1.27126188486386,2
"GHITM","Bin_6",-1.65119441954347,2
"GHITM","Bin_7",-1.33277441654017,2
"GHITM","Bin_8",-0.90022968785787,2
"GHITM","Bin_9",0.588024432026367,2
"GHITM","Bin_10",0.576274921453032,2
"GHITM","Bin_11",0.568770250342599,2
"GHITM","Bin_12",0.237091548309743,2
"GHITM","Bin_13",0.538628596862297,2
"GHITM","Bin_14",0.248688004678542,2
"GHITM","Bin_15",0.36968674107755,2
"GHITM","Bin_16",0.445100280902346,2
"GHITM","Bin_17",1.09259691416457,2
"GHITM","Bin_18",1.01991581766079,2
"GHITM","Bin_19",1.4511190348429,2
"GHITM","Bin_20",1.56311029080728,2
"CUTA","Bin_1",-0.5924629088216,2
"CUTA","Bin_2",-0.998224143324516,2
"CUTA","Bin_3",-1.22527544023043,2
"CUTA","Bin_4",-1.20859928188101,2
"CUTA","Bin_5",-1.36424443650163,2
"CUTA","Bin_6",-1.75355813850147,2
"CUTA","Bin_7",-1.68522875979964,2
"CUTA","Bin_8",-0.102972706211933,2
"CUTA","Bin_9",0.534954746560656,2
"CUTA","Bin_10",0.649128277768408,2
"CUTA","Bin_11",0.616314602790229,2
"CUTA","Bin_12",0.668503372043914,2
"CUTA","Bin_13",0.691331749460158,2
"CUTA","Bin_14",0.690285973788522,2
"CUTA","Bin_15",0.726921478827352,2
"CUTA","Bin_16",0.651225907515281,2
"CUTA","Bin_17",1.04374702762412,2
"CUTA","Bin_18",0.993631915598915,2
"CUTA","Bin_19",0.81582954745097,2
"CUTA","Bin_20",0.84869121584371,2
"ABRACL","Bin_1",-0.981253722712905,2
"ABRACL","Bin_2",-1.51463490154536,2
"ABRACL","Bin_3",-1.68508786951993,2
"ABRACL","Bin_4",-0.856617495578355,2
"ABRACL","Bin_5",-1.44309223027615,2
"ABRACL","Bin_6",-1.01994034431751,2
"ABRACL","Bin_7",-1.13375165014919,2
"ABRACL","Bin_8",-0.309403570062045,2
"ABRACL","Bin_9",0.602493324223205,2
"ABRACL","Bin_10",0.934086502422203,2
"ABRACL","Bin_11",0.714315625141428,2
"ABRACL","Bin_12",0.64055263001337,2
"ABRACL","Bin_13",0.377604468781387,2
"ABRACL","Bin_14",0.286657337944816,2
"ABRACL","Bin_15",0.622225340144011,2
"ABRACL","Bin_16",0.502353727919919,2
"ABRACL","Bin_17",0.826244560472596,2
"ABRACL","Bin_18",1.10559396917786,2
"ABRACL","Bin_19",1.27098239044611,2
"ABRACL","Bin_20",1.06067190747453,2
"RBP4","Bin_1",-0.90188311006609,2
"RBP4","Bin_2",-0.93064841470604,2
"RBP4","Bin_3",-0.919894296907414,2
"RBP4","Bin_4",-0.890055525974382,2
"RBP4","Bin_5",-0.905233484750498,2
"RBP4","Bin_6",-0.93064841470604,2
"RBP4","Bin_7",-0.58379605296829,2
"RBP4","Bin_8",0.0646387776305829,2
"RBP4","Bin_9",0.292687420347343,2
"RBP4","Bin_10",-0.398813795063239,2
"RBP4","Bin_11",-0.164950901554737,2
"RBP4","Bin_12",-0.0826001946194945,2
"RBP4","Bin_13",0.516474131518717,2
"RBP4","Bin_14",-0.313168000546128,2
"RBP4","Bin_15",-0.0753004306048401,2
"RBP4","Bin_16",-0.121920992556651,2
"RBP4","Bin_17",0.545006514050433,2
"RBP4","Bin_18",1.04919519436544,2
"RBP4","Bin_19",1.98557230735244,2
"RBP4","Bin_20",2.76533926975888,2
"NPW","Bin_1",-1.14443320298474,2
"NPW","Bin_2",-1.13254560211423,2
"NPW","Bin_3",-1.10670440562586,2
"NPW","Bin_4",-0.418977776690804,2
"NPW","Bin_5",-0.884880991825771,2
"NPW","Bin_6",-1.17415690503395,2
"NPW","Bin_7",-1.03435781714811,2
"NPW","Bin_8",-0.820119229307678,2
"NPW","Bin_9",0.441340680049969,2
"NPW","Bin_10",0.292356586294093,2
"NPW","Bin_11",0.254786691405412,2
"NPW","Bin_12",-0.0320481249059799,2
"NPW","Bin_13",0.522380721680596,2
"NPW","Bin_14",-0.102643041879296,2
"NPW","Bin_15",-0.0301924047282405,2
"NPW","Bin_16",-0.00100437764076059,2
"NPW","Bin_17",1.25874961091322,2
"NPW","Bin_18",1.37399474752511,2
"NPW","Bin_19",1.94753472681053,2
"NPW","Bin_20",1.79092011520649,2
"NFIX","Bin_1",-1.35003116025277,2
"NFIX","Bin_2",-1.21557889741576,2
"NFIX","Bin_3",-1.2603023507417,2
"NFIX","Bin_4",-1.02158798146067,2
"NFIX","Bin_5",-1.72718902976407,2
"NFIX","Bin_6",0.715274697410351,2
"NFIX","Bin_7",-0.297009647446076,2
"NFIX","Bin_8",-1.38877048291346,2
"NFIX","Bin_9",-0.373804753378481,2
"NFIX","Bin_10",0.2925628216715,2
"NFIX","Bin_11",0.326395442574563,2
"NFIX","Bin_12",0.367231054784211,2
"NFIX","Bin_13",0.439067543900505,2
"NFIX","Bin_14",0.50428259268738,2
"NFIX","Bin_15",0.499259952846651,2
"NFIX","Bin_16",0.583911936545848,2
"NFIX","Bin_17",1.18038269927625,2
"NFIX","Bin_18",1.32614715153217,2
"NFIX","Bin_19",1.30156855806155,2
"NFIX","Bin_20",1.09818985208202,2
"H3F3A","Bin_1",-0.663767570949876,2
"H3F3A","Bin_2",-1.16549895960201,2
"H3F3A","Bin_3",-1.43300628561065,2
"H3F3A","Bin_4",-0.857637553502728,2
"H3F3A","Bin_5",-0.767838624549383,2
"H3F3A","Bin_6",-2.49965266988701,2
"H3F3A","Bin_7",-1.22566991701495,2
"H3F3A","Bin_8",0.450894310367541,2
"H3F3A","Bin_9",0.713188198466656,2
"H3F3A","Bin_10",0.632720058691937,2
"H3F3A","Bin_11",0.727923183891393,2
"H3F3A","Bin_12",0.663116666097754,2
"H3F3A","Bin_13",0.940074977657291,2
"H3F3A","Bin_14",0.993827940839949,2
"H3F3A","Bin_15",0.716980739305923,2
"H3F3A","Bin_16",0.570287755834405,2
"H3F3A","Bin_17",0.343288613262548,2
"H3F3A","Bin_18",0.686949978552172,2
"H3F3A","Bin_19",0.604202639360512,2
"H3F3A","Bin_20",0.569616518788517,2
"RPL8","Bin_1",-1.11074679681617,2
"RPL8","Bin_2",-0.926172588731101,2
"RPL8","Bin_3",-0.945866429842679,2
"RPL8","Bin_4",-0.996734355330069,2
"RPL8","Bin_5",-0.384252640125392,2
"RPL8","Bin_6",-2.72077241865001,2
"RPL8","Bin_7",-1.15026339166683,2
"RPL8","Bin_8",-0.0651233077385346,2
"RPL8","Bin_9",0.860147052462997,2
"RPL8","Bin_10",0.797205996360935,2
"RPL8","Bin_11",0.623261105853386,2
"RPL8","Bin_12",0.859540375510488,2
"RPL8","Bin_13",0.952004171500554,2
"RPL8","Bin_14",0.90483688695488,2
"RPL8","Bin_15",0.805809440968262,2
"RPL8","Bin_16",0.526537104809095,2
"RPL8","Bin_17",0.458238916377171,2
"RPL8","Bin_18",0.599396722474603,2
"RPL8","Bin_19",0.491372216603384,2
"RPL8","Bin_20",0.421581939025024,2
"RAD23A","Bin_1",-0.95024798118222,2
"RAD23A","Bin_2",-1.27652272860419,2
"RAD23A","Bin_3",-1.37376950068883,2
"RAD23A","Bin_4",-0.954517834789021,2
"RAD23A","Bin_5",-1.72056683523853,2
"RAD23A","Bin_6",-1.55777988506839,2
"RAD23A","Bin_7",-0.78655983185136,2
"RAD23A","Bin_8",-0.466363332070579,2
"RAD23A","Bin_9",0.459812422678847,2
"RAD23A","Bin_10",0.7856777859645,2
"RAD23A","Bin_11",1.03785626049206,2
"RAD23A","Bin_12",0.479617059408044,2
"RAD23A","Bin_13",0.682063820651277,2
"RAD23A","Bin_14",0.599998334895254,2
"RAD23A","Bin_15",0.532188224234166,2
"RAD23A","Bin_16",0.883843714409122,2
"RAD23A","Bin_17",0.782640760587232,2
"RAD23A","Bin_18",0.749350713432874,2
"RAD23A","Bin_19",0.880052236155983,2
"RAD23A","Bin_20",1.21322659658376,2
"CHST1","Bin_1",-0.724178114132681,2
"CHST1","Bin_2",-0.724178114132681,2
"CHST1","Bin_3",-0.691404574745123,2
"CHST1","Bin_4",-0.715052974419292,2
"CHST1","Bin_5",-0.724178114132681,2
"CHST1","Bin_6",0.242466482892612,2
"CHST1","Bin_7",-0.724178114132681,2
"CHST1","Bin_8",-0.724178114132681,2
"CHST1","Bin_9",-0.592014445149542,2
"CHST1","Bin_10",-0.676872322406386,2
"CHST1","Bin_11",-0.486181093666867,2
"CHST1","Bin_12",-0.64083257723427,2
"CHST1","Bin_13",-0.315617631604793,2
"CHST1","Bin_14",0.339292045501612,2
"CHST1","Bin_15",0.270018017239558,2
"CHST1","Bin_16",-0.0798433755745488,2
"CHST1","Bin_17",1.40558529456193,2
"CHST1","Bin_18",2.3004951405452,2
"CHST1","Bin_19",2.33593234766853,2
"CHST1","Bin_20",0.924920237054777,2
"MT-CO1","Bin_1",1.2119988858243,1
"MT-CO1","Bin_2",1.23772203304098,1
"MT-CO1","Bin_3",1.15774122509375,1
"MT-CO1","Bin_4",0.835814241590443,1
"MT-CO1","Bin_5",-1.17100491830638,1
"MT-CO1","Bin_6",1.19150053809527,1
"MT-CO1","Bin_7",1.05660078465434,1
"MT-CO1","Bin_8",-2.9875959763965,1
"MT-CO1","Bin_9",-0.632019094998753,1
"MT-CO1","Bin_10",-0.112558083647942,1
"MT-CO1","Bin_11",-0.122086791833598,1
"MT-CO1","Bin_12",-0.0739069788217659,1
"MT-CO1","Bin_13",0.0679040298426699,1
"MT-CO1","Bin_14",0.166760714603473,1
"MT-CO1","Bin_15",-0.183839877588398,1
"MT-CO1","Bin_16",-0.295708687664783,1
"MT-CO1","Bin_17",-0.544722498659892,1
"MT-CO1","Bin_18",-0.138085782463694,1
"MT-CO1","Bin_19",-0.378981772643733,1
"MT-CO1","Bin_20",-0.285531989719781,1
"MT-CO3","Bin_1",1.32373137205866,1
"MT-CO3","Bin_2",1.45448857251687,1
"MT-CO3","Bin_3",1.33647794027745,1
"MT-CO3","Bin_4",1.0217019063728,1
"MT-CO3","Bin_5",-1.24429419580503,1
"MT-CO3","Bin_6",0.160403347929042,1
"MT-CO3","Bin_7",1.29446872606864,1
"MT-CO3","Bin_8",-2.70377015120612,1
"MT-CO3","Bin_9",-0.612779909957513,1
"MT-CO3","Bin_10",0.0409521475914688,1
"MT-CO3","Bin_11",-0.134180970186032,1
"MT-CO3","Bin_12",-0.0995587904353981,1
"MT-CO3","Bin_13",0.212520091627117,1
"MT-CO3","Bin_14",0.156166105749916,1
"MT-CO3","Bin_15",-0.450464008068828,1
"MT-CO3","Bin_16",-0.559500677853296,1
"MT-CO3","Bin_17",-0.840846687122144,1
"MT-CO3","Bin_18",-0.0884739957531376,1
"MT-CO3","Bin_19",-0.156105016423686,1
"MT-CO3","Bin_20",-0.110935807380783,1
"PPA1","Bin_1",-0.701353880640892,2
"PPA1","Bin_2",-0.864536596678702,2
"PPA1","Bin_3",-1.19311052819136,2
"PPA1","Bin_4",-1.52970002061674,2
"PPA1","Bin_5",-1.22153944783798,2
"PPA1","Bin_6",-1.14622022721874,2
"PPA1","Bin_7",-1.44419705064055,2
"PPA1","Bin_8",-0.996404641967954,2
"PPA1","Bin_9",0.717792313313146,2
"PPA1","Bin_10",0.875004117141186,2
"PPA1","Bin_11",0.69939604458121,2
"PPA1","Bin_12",0.417826753942554,2
"PPA1","Bin_13",0.751303607719299,2
"PPA1","Bin_14",0.529183910755426,2
"PPA1","Bin_15",0.423363360280841,2
"PPA1","Bin_16",0.354206922485076,2
"PPA1","Bin_17",0.650942385451723,2
"PPA1","Bin_18",0.992186536547986,2
"PPA1","Bin_19",1.38663862277929,2
"PPA1","Bin_20",1.29921781879519,2
"BASP1","Bin_1",-1.20697414261721,2
"BASP1","Bin_2",-1.17106109789639,2
"BASP1","Bin_3",-1.17856283460575,2
"BASP1","Bin_4",-0.96759695780303,2
"BASP1","Bin_5",-1.10234685717633,2
"BASP1","Bin_6",-0.622347022961645,2
"BASP1","Bin_7",-1.22172838451744,2
"BASP1","Bin_8",-1.16225055950202,2
"BASP1","Bin_9",0.420192556157427,2
"BASP1","Bin_10",0.921704802994663,2
"BASP1","Bin_11",0.606935362012702,2
"BASP1","Bin_12",0.428991301013256,2
"BASP1","Bin_13",0.112379476328517,2
"BASP1","Bin_14",0.0656764515643576,2
"BASP1","Bin_15",0.538615170353553,2
"BASP1","Bin_16",0.198838110978277,2
"BASP1","Bin_17",0.856493798415365,2
"BASP1","Bin_18",1.36285018357526,2
"BASP1","Bin_19",1.65179037017658,2
"BASP1","Bin_20",1.46840027350986,2
"TBCB","Bin_1",-0.711986956646782,2
"TBCB","Bin_2",-1.0631360335947,2
"TBCB","Bin_3",-1.23459035596144,2
"TBCB","Bin_4",-0.840331380615805,2
"TBCB","Bin_5",-0.994282293668062,2
"TBCB","Bin_6",-1.70563223659615,2
"TBCB","Bin_7",-1.10423516001656,2
"TBCB","Bin_8",-1.31501742903435,2
"TBCB","Bin_9",0.59075998773621,2
"TBCB","Bin_10",1.07490552426286,2
"TBCB","Bin_11",0.731268039771787,2
"TBCB","Bin_12",0.555756506560179,2
"TBCB","Bin_13",0.540923617433691,2
"TBCB","Bin_14",0.315737554334239,2
"TBCB","Bin_15",0.377917905655738,2
"TBCB","Bin_16",0.263800971716258,2
"TBCB","Bin_17",0.802433387804628,2
"TBCB","Bin_18",1.00522836245284,2
"TBCB","Bin_19",1.40809925430424,2
"TBCB","Bin_20",1.30238073410117,2
"COPE","Bin_1",-0.856960937294365,2
"COPE","Bin_2",-1.29424321634009,2
"COPE","Bin_3",-1.44242779640007,2
"COPE","Bin_4",-0.444854683219692,2
"COPE","Bin_5",-1.54094048872874,2
"COPE","Bin_6",-1.65072127420638,2
"COPE","Bin_7",-1.23373290681559,2
"COPE","Bin_8",-0.387358762657405,2
"COPE","Bin_9",0.403412995283,2
"COPE","Bin_10",0.532799255296529,2
"COPE","Bin_11",0.627121215064432,2
"COPE","Bin_12",0.424377143389996,2
"COPE","Bin_13",0.691683458368815,2
"COPE","Bin_14",0.646265567210951,2
"COPE","Bin_15",0.560588208086048,2
"COPE","Bin_16",0.537791878386511,2
"COPE","Bin_17",0.94565454858401,2
"COPE","Bin_18",0.922389963578624,2
"COPE","Bin_19",1.25434658365847,2
"COPE","Bin_20",1.30480924875495,2
"HMGN1","Bin_1",-0.56962586591655,2
"HMGN1","Bin_2",-1.44380383371567,2
"HMGN1","Bin_3",-1.42178612635749,2
"HMGN1","Bin_4",-0.826501755229982,2
"HMGN1","Bin_5",-0.900564274362434,2
"HMGN1","Bin_6",-2.33180855746176,2
"HMGN1","Bin_7",-0.884539561017401,2
"HMGN1","Bin_8",-0.23978396482092,2
"HMGN1","Bin_9",0.844836920422539,2
"HMGN1","Bin_10",0.959339157860512,2
"HMGN1","Bin_11",0.798592965499429,2
"HMGN1","Bin_12",0.61918070578895,2
"HMGN1","Bin_13",0.487903333478733,2
"HMGN1","Bin_14",0.398543254787335,2
"HMGN1","Bin_15",0.465155665956003,2
"HMGN1","Bin_16",0.517488828348217,2
"HMGN1","Bin_17",0.610877696702672,2
"HMGN1","Bin_18",0.802174713686147,2
"HMGN1","Bin_19",1.12795215079752,2
"HMGN1","Bin_20",0.986368545554157,2
"CXCR4","Bin_1",-0.813607869501591,2
"CXCR4","Bin_2",-0.903041689554194,2
"CXCR4","Bin_3",-0.646454471051177,2
"CXCR4","Bin_4",-0.351738892272363,2
"CXCR4","Bin_5",-1.09489920625845,2
"CXCR4","Bin_6",-1.36044160747025,2
"CXCR4","Bin_7",0.050095758444921,2
"CXCR4","Bin_8",-0.786766285868838,2
"CXCR4","Bin_9",-0.55475585199894,2
"CXCR4","Bin_10",-0.735442009506788,2
"CXCR4","Bin_11",-0.31236343217662,2
"CXCR4","Bin_12",-0.435425456834709,2
"CXCR4","Bin_13",-0.116789045194036,2
"CXCR4","Bin_14",0.440074025084893,2
"CXCR4","Bin_15",0.517156932390642,2
"CXCR4","Bin_16",0.346277981334779,2
"CXCR4","Bin_17",1.73290962790281,2
"CXCR4","Bin_18",1.98196930475869,2
"CXCR4","Bin_19",1.61521190148518,2
"CXCR4","Bin_20",1.42803028628603,2
"COMT","Bin_1",-0.350430948749771,2
"COMT","Bin_2",-1.2316619410535,2
"COMT","Bin_3",-1.24633952192027,2
"COMT","Bin_4",-1.49353452949784,2
"COMT","Bin_5",-1.5622979734307,2
"COMT","Bin_6",-1.43621604417218,2
"COMT","Bin_7",-1.00042362230848,2
"COMT","Bin_8",-0.857694169809217,2
"COMT","Bin_9",0.676816233241168,2
"COMT","Bin_10",1.13093527806949,2
"COMT","Bin_11",0.86683890305634,2
"COMT","Bin_12",0.92688743148157,2
"COMT","Bin_13",0.633562752037096,2
"COMT","Bin_14",0.519554232668215,2
"COMT","Bin_15",0.622904566793762,2
"COMT","Bin_16",0.687016572287909,2
"COMT","Bin_17",0.625080749736644,2
"COMT","Bin_18",0.839319610356648,2
"COMT","Bin_19",0.798891432087139,2
"COMT","Bin_20",0.850790989125973,2
"DPM1","Bin_1",-0.92609363469412,2
"DPM1","Bin_2",-1.33291783622683,2
"DPM1","Bin_3",-1.56652960082741,2
"DPM1","Bin_4",-1.32095892817649,2
"DPM1","Bin_5",-1.63142964603273,2
"DPM1","Bin_6",-0.823244004089855,2
"DPM1","Bin_7",-1.27540610237564,2
"DPM1","Bin_8",0.426598637511522,2
"DPM1","Bin_9",0.368969689779271,2
"DPM1","Bin_10",0.991887534099223,2
"DPM1","Bin_11",0.740081762290653,2
"DPM1","Bin_12",0.373132644275093,2
"DPM1","Bin_13",0.688124657112401,2
"DPM1","Bin_14",0.31925482096815,2
"DPM1","Bin_15",0.391618312007628,2
"DPM1","Bin_16",0.588856871213179,2
"DPM1","Bin_17",0.756717320320924,2
"DPM1","Bin_18",0.842316755916184,2
"DPM1","Bin_19",1.20998541844339,2
"DPM1","Bin_20",1.17903532848546,2
"POLR2H","Bin_1",-1.05643120448849,2
"POLR2H","Bin_2",-1.38447428423664,2
"POLR2H","Bin_3",-1.58760382161938,2
"POLR2H","Bin_4",-1.29554275369732,2
"POLR2H","Bin_5",-1.52515744093482,2
"POLR2H","Bin_6",-0.99140549211109,2
"POLR2H","Bin_7",-1.15575117941292,2
"POLR2H","Bin_8",-0.0191244429913289,2
"POLR2H","Bin_9",0.734012284363541,2
"POLR2H","Bin_10",1.07808576543011,2
"POLR2H","Bin_11",0.955832087370459,2
"POLR2H","Bin_12",0.741383342168869,2
"POLR2H","Bin_13",0.750552308765178,2
"POLR2H","Bin_14",0.593514236914095,2
"POLR2H","Bin_15",0.503822230580787,2
"POLR2H","Bin_16",0.774383873247312,2
"POLR2H","Bin_17",0.537799367709614,2
"POLR2H","Bin_18",0.573592430112389,2
"POLR2H","Bin_19",0.86877560384291,2
"POLR2H","Bin_20",0.903737088986732,2
"HSD17B1","Bin_1",-1.22120551941218,2
"HSD17B1","Bin_2",-1.22865087281187,2
"HSD17B1","Bin_3",-1.3033133941195,2
"HSD17B1","Bin_4",-1.27742411371964,2
"HSD17B1","Bin_5",-1.25604284322291,2
"HSD17B1","Bin_6",1.3884936644484,2
"HSD17B1","Bin_7",-0.166287961491454,2
"HSD17B1","Bin_8",0.438597006998921,2
"HSD17B1","Bin_9",-0.243443558407045,2
"HSD17B1","Bin_10",-0.221843807942828,2
"HSD17B1","Bin_11",-0.254082563143894,2
"HSD17B1","Bin_12",-0.0795441307759183,2
"HSD17B1","Bin_13",-0.348536254329067,2
"HSD17B1","Bin_14",-0.0860732362744196,2
"HSD17B1","Bin_15",0.146318578698954,2
"HSD17B1","Bin_16",-0.0733574046651559,2
"HSD17B1","Bin_17",1.05568910720633,2
"HSD17B1","Bin_18",1.54656383761827,2
"HSD17B1","Bin_19",1.71914144969097,2
"HSD17B1","Bin_20",1.46500201565404,2
"CYB5A","Bin_1",0.47020411259492,2
"CYB5A","Bin_2",-1.16097998894113,2
"CYB5A","Bin_3",-1.31123129154439,2
"CYB5A","Bin_4",-1.35730831736995,2
"CYB5A","Bin_5",-1.68564907603407,2
"CYB5A","Bin_6",-0.948857235236308,2
"CYB5A","Bin_7",-0.665332572738158,2
"CYB5A","Bin_8",-0.829109234027724,2
"CYB5A","Bin_9",0.506699047724532,2
"CYB5A","Bin_10",0.642384664422522,2
"CYB5A","Bin_11",0.20645760929542,2
"CYB5A","Bin_12",0.406750557315052,2
"CYB5A","Bin_13",-0.102787769096454,2
"CYB5A","Bin_14",-0.274730781299472,2
"CYB5A","Bin_15",0.0996559425753715,2
"CYB5A","Bin_16",0.430090855692206,2
"CYB5A","Bin_17",1.5464722080803,2
"CYB5A","Bin_18",1.31917164766388,2
"CYB5A","Bin_19",1.21179765951321,2
"CYB5A","Bin_20",1.49630196141024,2
"WDR83OS","Bin_1",-0.219286263891963,2
"WDR83OS","Bin_2",-0.755586096063544,2
"WDR83OS","Bin_3",-0.890139739452639,2
"WDR83OS","Bin_4",-1.26285292051666,2
"WDR83OS","Bin_5",-1.8948974612114,2
"WDR83OS","Bin_6",-1.76537943215725,2
"WDR83OS","Bin_7",-1.571186376552,2
"WDR83OS","Bin_8",0.251600332443157,2
"WDR83OS","Bin_9",0.28495801423828,2
"WDR83OS","Bin_10",0.291392016003198,2
"WDR83OS","Bin_11",0.458729480512658,2
"WDR83OS","Bin_12",0.443027412370275,2
"WDR83OS","Bin_13",0.483057716120887,2
"WDR83OS","Bin_14",0.463588833166633,2
"WDR83OS","Bin_15",0.616736494954131,2
"WDR83OS","Bin_16",0.602588941987328,2
"WDR83OS","Bin_17",1.1633769580782,2
"WDR83OS","Bin_18",1.03650008706804,2
"WDR83OS","Bin_19",1.13751302052851,2
"WDR83OS","Bin_20",1.12625898237416,2
"PHGDH","Bin_1",-1.72713819004012,2
"PHGDH","Bin_2",-1.40383507896128,2
"PHGDH","Bin_3",-1.50416076037109,2
"PHGDH","Bin_4",-0.845028284371733,2
"PHGDH","Bin_5",-0.937429820270166,2
"PHGDH","Bin_6",-1.50747698894983,2
"PHGDH","Bin_7",0.00400213099104009,2
"PHGDH","Bin_8",-0.882666728568679,2
"PHGDH","Bin_9",0.803585538651527,2
"PHGDH","Bin_10",0.807528708863859,2
"PHGDH","Bin_11",0.61628972243561,2
"PHGDH","Bin_12",0.667676508407683,2
"PHGDH","Bin_13",0.54319188104573,2
"PHGDH","Bin_14",0.550702629742915,2
"PHGDH","Bin_15",0.421772501540996,2
"PHGDH","Bin_16",0.596397854802026,2
"PHGDH","Bin_17",0.632401685460619,2
"PHGDH","Bin_18",0.904695961886057,2
"PHGDH","Bin_19",1.36729942399401,2
"PHGDH","Bin_20",0.892191303710827,2
"SIX1","Bin_1",-1.14371246778669,2
"SIX1","Bin_2",-1.38286649297679,2
"SIX1","Bin_3",-1.4003916238282,2
"SIX1","Bin_4",-1.26061637720981,2
"SIX1","Bin_5",-1.35189665684994,2
"SIX1","Bin_6",-0.845380820921417,2
"SIX1","Bin_7",-0.723614372554248,2
"SIX1","Bin_8",-0.909597954856833,2
"SIX1","Bin_9",-0.0523732269923573,2
"SIX1","Bin_10",0.317350043944349,2
"SIX1","Bin_11",0.99167531608021,2
"SIX1","Bin_12",0.500404825228703,2
"SIX1","Bin_13",0.915843238483672,2
"SIX1","Bin_14",1.27107884681488,2
"SIX1","Bin_15",0.851447880740948,2
"SIX1","Bin_16",1.05139051667817,2
"SIX1","Bin_17",1.08788820788628,2
"SIX1","Bin_18",0.929442084664882,2
"SIX1","Bin_19",0.597677315752389,2
"SIX1","Bin_20",0.556251717701795,2
"PDCD6","Bin_1",-0.859629582434339,2
"PDCD6","Bin_2",-1.28457093382966,2
"PDCD6","Bin_3",-1.31077520394203,2
"PDCD6","Bin_4",-1.08530991222549,2
"PDCD6","Bin_5",-1.27218986063636,2
"PDCD6","Bin_6",-1.0348596607863,2
"PDCD6","Bin_7",-1.02235965753927,2
"PDCD6","Bin_8",-1.31711427392746,2
"PDCD6","Bin_9",0.570793490596477,2
"PDCD6","Bin_10",0.745319846496813,2
"PDCD6","Bin_11",0.769082734373702,2
"PDCD6","Bin_12",0.639951975394647,2
"PDCD6","Bin_13",0.390883214224469,2
"PDCD6","Bin_14",0.315513994474905,2
"PDCD6","Bin_15",0.541975729510577,2
"PDCD6","Bin_16",0.571505238696358,2
"PDCD6","Bin_17",0.942902453434085,2
"PDCD6","Bin_18",1.14645478901691,2
"PDCD6","Bin_19",1.39783551291539,2
"PDCD6","Bin_20",1.15459010618657,2
"RPS6","Bin_1",-0.386467527539745,2
"RPS6","Bin_2",-0.572481444967826,2
"RPS6","Bin_3",-0.976988615682412,2
"RPS6","Bin_4",-1.9506807845134,2
"RPS6","Bin_5",0.244663343707701,2
"RPS6","Bin_6",-2.74225211956953,2
"RPS6","Bin_7",-1.10323934138775,2
"RPS6","Bin_8",0.19500425509101,2
"RPS6","Bin_9",0.728397021885328,2
"RPS6","Bin_10",0.602667661967501,2
"RPS6","Bin_11",0.440550209898734,2
"RPS6","Bin_12",0.748977735078201,2
"RPS6","Bin_13",0.92051241200372,2
"RPS6","Bin_14",0.969196153475048,2
"RPS6","Bin_15",0.728888796653512,2
"RPS6","Bin_16",0.526577624406428,2
"RPS6","Bin_17",0.36543598293955,2
"RPS6","Bin_18",0.504033384138062,2
"RPS6","Bin_19",0.449073161630272,2
"RPS6","Bin_20",0.308132090785599,2
"PERP","Bin_1",-1.14110331778444,2
"PERP","Bin_2",-0.906399276690567,2
"PERP","Bin_3",-1.11053781374366,2
"PERP","Bin_4",-1.33193950788406,2
"PERP","Bin_5",-2.04007578983152,2
"PERP","Bin_6",-1.55868982763784,2
"PERP","Bin_7",-0.862850314111258,2
"PERP","Bin_8",0.579967832554273,2
"PERP","Bin_9",0.806682024222699,2
"PERP","Bin_10",0.764961396067956,2
"PERP","Bin_11",0.688912545233276,2
"PERP","Bin_12",0.714074734663896,2
"PERP","Bin_13",0.504026138164173,2
"PERP","Bin_14",0.221324275663759,2
"PERP","Bin_15",0.71108186380515,2
"PERP","Bin_16",0.711399867321519,2
"PERP","Bin_17",0.858020822196712,2
"PERP","Bin_18",0.709022832710336,2
"PERP","Bin_19",0.778485204746098,2
"PERP","Bin_20",0.903636310333488,2
"RPS11","Bin_1",-0.432933565249686,2
"RPS11","Bin_2",-0.356690725111328,2
"RPS11","Bin_3",-0.323233892795583,2
"RPS11","Bin_4",-1.18488788407167,2
"RPS11","Bin_5",0.338905794464494,2
"RPS11","Bin_6",-2.89063375662601,2
"RPS11","Bin_7",-1.45353674053479,2
"RPS11","Bin_8",-1.26593856394835,2
"RPS11","Bin_9",0.584603367936102,2
"RPS11","Bin_10",0.506928246583063,2
"RPS11","Bin_11",0.446169036944315,2
"RPS11","Bin_12",0.677858157399281,2
"RPS11","Bin_13",0.802664579468694,2
"RPS11","Bin_14",0.874180126052854,2
"RPS11","Bin_15",0.750270803217426,2
"RPS11","Bin_16",0.447733712299688,2
"RPS11","Bin_17",0.541405188279939,2
"RPS11","Bin_18",0.700788398082806,2
"RPS11","Bin_19",0.699659881244963,2
"RPS11","Bin_20",0.536687836363776,2
"PIGP","Bin_1",-0.754094765723373,2
"PIGP","Bin_2",-1.07126433248241,2
"PIGP","Bin_3",-1.2518938626679,2
"PIGP","Bin_4",-1.08504721332091,2
"PIGP","Bin_5",-1.42506184339227,2
"PIGP","Bin_6",-1.63662411450034,2
"PIGP","Bin_7",-1.32415866310876,2
"PIGP","Bin_8",-0.66380918238874,2
"PIGP","Bin_9",0.336401168841301,2
"PIGP","Bin_10",0.878957825755213,2
"PIGP","Bin_11",0.906079177531974,2
"PIGP","Bin_12",0.922321402592096,2
"PIGP","Bin_13",0.477419450101233,2
"PIGP","Bin_14",0.518862583790329,2
"PIGP","Bin_15",0.737826940475916,2
"PIGP","Bin_16",0.697352004154151,2
"PIGP","Bin_17",0.805225113525001,2
"PIGP","Bin_18",1.00032121753185,2
"PIGP","Bin_19",0.829960256910708,2
"PIGP","Bin_20",1.10122683637494,2
"VDAC2","Bin_1",-0.830452688752499,2
"VDAC2","Bin_2",-0.967179187474678,2
"VDAC2","Bin_3",-0.954406403195748,2
"VDAC2","Bin_4",-1.23246873044948,2
"VDAC2","Bin_5",-1.23946135342766,2
"VDAC2","Bin_6",-1.81858538573621,2
"VDAC2","Bin_7",-1.1916756700916,2
"VDAC2","Bin_8",-0.963313573452339,2
"VDAC2","Bin_9",0.832498920695073,2
"VDAC2","Bin_10",0.990195322918725,2
"VDAC2","Bin_11",0.799466322385026,2
"VDAC2","Bin_12",0.570810292394167,2
"VDAC2","Bin_13",0.69040704690822,2
"VDAC2","Bin_14",0.428151442110072,2
"VDAC2","Bin_15",0.508877394868088,2
"VDAC2","Bin_16",0.457400656525818,2
"VDAC2","Bin_17",0.819105445463522,2
"VDAC2","Bin_18",0.788119511570922,2
"VDAC2","Bin_19",1.05407202355643,2
"VDAC2","Bin_20",1.25843861318415,2
"CDK4","Bin_1",-1.16525861151463,2
"CDK4","Bin_2",-1.30611612446001,2
"CDK4","Bin_3",-1.25272768858677,2
"CDK4","Bin_4",-1.29364251408971,2
"CDK4","Bin_5",-1.38142679545531,2
"CDK4","Bin_6",-0.976489556734704,2
"CDK4","Bin_7",-1.00146362445162,2
"CDK4","Bin_8",-0.968383486637393,2
"CDK4","Bin_9",0.608659681323675,2
"CDK4","Bin_10",1.16167618448641,2
"CDK4","Bin_11",0.966816220001414,2
"CDK4","Bin_12",0.766550340055451,2
"CDK4","Bin_13",0.948302818167538,2
"CDK4","Bin_14",0.678618320544318,2
"CDK4","Bin_15",0.496448687863962,2
"CDK4","Bin_16",0.666918037165479,2
"CDK4","Bin_17",0.373904436080304,2
"CDK4","Bin_18",0.683944879508423,2
"CDK4","Bin_19",1.03255292624958,2
"CDK4","Bin_20",0.961115870483604,2
"AP2M1","Bin_1",-0.970620787497732,2
"AP2M1","Bin_2",-1.20995339295487,2
"AP2M1","Bin_3",-1.30728503309822,2
"AP2M1","Bin_4",-1.03803703575513,2
"AP2M1","Bin_5",-1.3909900929451,2
"AP2M1","Bin_6",-1.99428990763484,2
"AP2M1","Bin_7",-0.608548471011466,2
"AP2M1","Bin_8",-0.416214922544777,2
"AP2M1","Bin_9",0.928921408780289,2
"AP2M1","Bin_10",1.07037265041127,2
"AP2M1","Bin_11",0.842236007102269,2
"AP2M1","Bin_12",0.774719770763765,2
"AP2M1","Bin_13",0.529134119189283,2
"AP2M1","Bin_14",0.22188937474923,2
"AP2M1","Bin_15",0.457847538898209,2
"AP2M1","Bin_16",0.614779959242725,2
"AP2M1","Bin_17",0.737054243473201,2
"AP2M1","Bin_18",0.764459024582891,2
"AP2M1","Bin_19",1.00523861509728,2
"AP2M1","Bin_20",0.989286931151717,2
"TNNT1","Bin_1",-0.927527836464998,2
"TNNT1","Bin_2",-0.916184018938229,2
"TNNT1","Bin_3",-0.882560805598009,2
"TNNT1","Bin_4",-0.841551933581055,2
"TNNT1","Bin_5",-0.784630329333317,2
"TNNT1","Bin_6",-0.927527836464998,2
"TNNT1","Bin_7",-0.927527836464998,2
"TNNT1","Bin_8",-0.416656284596164,2
"TNNT1","Bin_9",-0.286540357550507,2
"TNNT1","Bin_10",-0.0881355878164564,2
"TNNT1","Bin_11",0.10680947836976,2
"TNNT1","Bin_12",0.519409409265819,2
"TNNT1","Bin_13",-0.595157063375101,2
"TNNT1","Bin_14",-0.57852552606055,2
"TNNT1","Bin_15",0.410873201593943,2
"TNNT1","Bin_16",0.718762498444224,2
"TNNT1","Bin_17",2.33646435046465,2
"TNNT1","Bin_18",1.9541085347316,2
"TNNT1","Bin_19",0.962667230851952,2
"TNNT1","Bin_20",1.16343071252244,2
"CXCL14","Bin_1",-1.40546519049397,2
"CXCL14","Bin_2",-1.00608354423719,2
"CXCL14","Bin_3",0.625565259743788,2
"CXCL14","Bin_4",-1.32887719832263,2
"CXCL14","Bin_5",-1.39021165884014,2
"CXCL14","Bin_6",-1.46229602081829,2
"CXCL14","Bin_7",-0.547180183730689,2
"CXCL14","Bin_8",0.389502862320039,2
"CXCL14","Bin_9",0.127429932241604,2
"CXCL14","Bin_10",0.171897548189272,2
"CXCL14","Bin_11",-0.309632742369038,2
"CXCL14","Bin_12",0.0508866035547666,2
"CXCL14","Bin_13",0.329675561555617,2
"CXCL14","Bin_14",0.95934576486262,2
"CXCL14","Bin_15",0.342667451367132,2
"CXCL14","Bin_16",-0.0895883634763592,2
"CXCL14","Bin_17",0.13533772306248,2
"CXCL14","Bin_18",1.14405534639981,2
"CXCL14","Bin_19",0.799708539028011,2
"CXCL14","Bin_20",2.46326230996316,2
"TECR","Bin_1",-0.696047264217406,2
"TECR","Bin_2",-1.18149193589441,2
"TECR","Bin_3",-1.49288299493645,2
"TECR","Bin_4",-0.806424237842978,2
"TECR","Bin_5",-1.97146355010412,2
"TECR","Bin_6",-1.59110352671211,2
"TECR","Bin_7",-0.425064884463901,2
"TECR","Bin_8",-0.484602947665267,2
"TECR","Bin_9",0.120092753351898,2
"TECR","Bin_10",0.527060412059735,2
"TECR","Bin_11",0.652651574852209,2
"TECR","Bin_12",0.386839076519095,2
"TECR","Bin_13",0.53625918669853,2
"TECR","Bin_14",0.591282429046858,2
"TECR","Bin_15",0.672269036572626,2
"TECR","Bin_16",0.768588055626527,2
"TECR","Bin_17",1.18640627590913,2
"TECR","Bin_18",1.06780703106276,2
"TECR","Bin_19",0.965265025104024,2
"TECR","Bin_20",1.17456048503324,2
"MRPL36","Bin_1",-1.13070245679614,2
"MRPL36","Bin_2",-1.24869447836023,2
"MRPL36","Bin_3",-1.18689030254141,2
"MRPL36","Bin_4",-0.836761331115138,2
"MRPL36","Bin_5",-1.10473282280364,2
"MRPL36","Bin_6",-1.70710117677003,2
"MRPL36","Bin_7",-1.12585613666909,2
"MRPL36","Bin_8",-0.431890699794541,2
"MRPL36","Bin_9",0.665966443663789,2
"MRPL36","Bin_10",0.896346351918137,2
"MRPL36","Bin_11",0.804353258481707,2
"MRPL36","Bin_12",0.346580794534269,2
"MRPL36","Bin_13",0.452697197533211,2
"MRPL36","Bin_14",0.0563505150138103,2
"MRPL36","Bin_15",0.350456686484137,2
"MRPL36","Bin_16",0.480834432790199,2
"MRPL36","Bin_17",0.789008101703455,2
"MRPL36","Bin_18",1.03127417629842,2
"MRPL36","Bin_19",1.47211658282,2
"MRPL36","Bin_20",1.42664486360909,2
"KRT19","Bin_1",-0.498417222535796,2
"KRT19","Bin_2",-0.980981199572862,2
"KRT19","Bin_3",-1.35171440027185,2
"KRT19","Bin_4",-1.59021090509993,2
"KRT19","Bin_5",-1.47476548948569,2
"KRT19","Bin_6",-1.61590414291108,2
"KRT19","Bin_7",-0.563770859766485,2
"KRT19","Bin_8",-0.654231410488141,2
"KRT19","Bin_9",0.574371851385476,2
"KRT19","Bin_10",0.751331434381656,2
"KRT19","Bin_11",0.645212190875612,2
"KRT19","Bin_12",0.812021841888498,2
"KRT19","Bin_13",0.171319784376778,2
"KRT19","Bin_14",0.0287415076486374,2
"KRT19","Bin_15",0.66031517468592,2
"KRT19","Bin_16",0.636026562344154,2
"KRT19","Bin_17",1.18658773384788,2
"KRT19","Bin_18",0.872553594170904,2
"KRT19","Bin_19",1.32146591316265,2
"KRT19","Bin_20",1.07004804136368,2
"HINT2","Bin_1",-0.717718161894895,2
"HINT2","Bin_2",-1.20843821758794,2
"HINT2","Bin_3",-1.11557551032522,2
"HINT2","Bin_4",-1.15489699825349,2
"HINT2","Bin_5",-1.39046253390202,2
"HINT2","Bin_6",-1.64417271162923,2
"HINT2","Bin_7",-1.34187577097266,2
"HINT2","Bin_8",-0.218852353959259,2
"HINT2","Bin_9",0.555856174101329,2
"HINT2","Bin_10",0.80469833376818,2
"HINT2","Bin_11",0.920424322187351,2
"HINT2","Bin_12",0.536700231277642,2
"HINT2","Bin_13",0.510669757777932,2
"HINT2","Bin_14",0.269810151179467,2
"HINT2","Bin_15",0.304002173807337,2
"HINT2","Bin_16",0.546813766942731,2
"HINT2","Bin_17",0.830900361862755,2
"HINT2","Bin_18",0.771134718231864,2
"HINT2","Bin_19",1.14381774013559,2
"HINT2","Bin_20",1.59716452725253,2
"MTRNR2L12","Bin_1",1.58159117432734,1
"MTRNR2L12","Bin_2",2.23380584283915,1
"MTRNR2L12","Bin_3",2.27634710633629,1
"MTRNR2L12","Bin_4",1.48673728800607,1
"MTRNR2L12","Bin_5",-0.353663083508434,1
"MTRNR2L12","Bin_6",0.152853226737928,1
"MTRNR2L12","Bin_7",-0.31828952015564,1
"MTRNR2L12","Bin_8",-0.678384123314894,1
"MTRNR2L12","Bin_9",-0.505543698428176,1
"MTRNR2L12","Bin_10",-0.560547813491304,1
"MTRNR2L12","Bin_11",-0.503694868175612,1
"MTRNR2L12","Bin_12",-0.531766395251972,1
"MTRNR2L12","Bin_13",-0.536096951684559,1
"MTRNR2L12","Bin_14",-0.513627621613016,1
"MTRNR2L12","Bin_15",-0.496540706192177,1
"MTRNR2L12","Bin_16",-0.485899318989707,1
"MTRNR2L12","Bin_17",-0.520612816172858,1
"MTRNR2L12","Bin_18",-0.542965487610965,1
"MTRNR2L12","Bin_19",-0.588621047321355,1
"MTRNR2L12","Bin_20",-0.595081186336111,1
"DBI","Bin_1",-0.930221709651288,2
"DBI","Bin_2",-1.34960559111384,2
"DBI","Bin_3",-1.68596545392476,2
"DBI","Bin_4",-1.17584102859371,2
"DBI","Bin_5",-0.467435352023764,2
"DBI","Bin_6",-1.06424748834036,2
"DBI","Bin_7",-1.62326115624924,2
"DBI","Bin_8",-0.70201978198897,2
"DBI","Bin_9",0.994448855844,2
"DBI","Bin_10",0.91549866865567,2
"DBI","Bin_11",0.567808231953222,2
"DBI","Bin_12",0.939995495859812,2
"DBI","Bin_13",0.533978726326086,2
"DBI","Bin_14",0.398420249889369,2
"DBI","Bin_15",0.489909166762078,2
"DBI","Bin_16",0.358705211196636,2
"DBI","Bin_17",0.616396069523375,2
"DBI","Bin_18",1.01635159248802,2
"DBI","Bin_19",1.04760423812946,2
"DBI","Bin_20",1.11948105525821,2
"VIM","Bin_1",-1.78135967362473,2
"VIM","Bin_2",-0.85184726605703,2
"VIM","Bin_3",-0.444892031662052,2
"VIM","Bin_4",-0.961478150887339,2
"VIM","Bin_5",-1.36266328321687,2
"VIM","Bin_6",-2.23159066860942,2
"VIM","Bin_7",-0.504012071214492,2
"VIM","Bin_8",0.0320955377843761,2
"VIM","Bin_9",0.201964354515251,2
"VIM","Bin_10",0.333635145728043,2
"VIM","Bin_11",0.469013602876406,2
"VIM","Bin_12",0.422237206333936,2
"VIM","Bin_13",0.170087639214774,2
"VIM","Bin_14",0.714921402662037,2
"VIM","Bin_15",0.881470432923351,2
"VIM","Bin_16",0.925489218559982,2
"VIM","Bin_17",1.31643909363552,2
"VIM","Bin_18",1.07149284519041,2
"VIM","Bin_19",0.840799239768393,2
"VIM","Bin_20",0.758197426079455,2
"C19orf53","Bin_1",-0.718627090978521,2
"C19orf53","Bin_2",-1.14227121088628,2
"C19orf53","Bin_3",-0.995625489263935,2
"C19orf53","Bin_4",-0.590917386184955,2
"C19orf53","Bin_5",-1.76010085820432,2
"C19orf53","Bin_6",-1.91868131496454,2
"C19orf53","Bin_7",-1.37218904998419,2
"C19orf53","Bin_8",-0.469590501658234,2
"C19orf53","Bin_9",0.472532262337475,2
"C19orf53","Bin_10",0.63700265427106,2
"C19orf53","Bin_11",0.735615778016305,2
"C19orf53","Bin_12",0.573308453556005,2
"C19orf53","Bin_13",0.78473011152321,2
"C19orf53","Bin_14",0.729714353012386,2
"C19orf53","Bin_15",0.814520212062165,2
"C19orf53","Bin_16",0.647014333093425,2
"C19orf53","Bin_17",0.734618337582196,2
"C19orf53","Bin_18",0.940808814643653,2
"C19orf53","Bin_19",0.940374140034525,2
"C19orf53","Bin_20",0.957763451992554,2
"MT-ND4","Bin_1",0.987849291156606,1
"MT-ND4","Bin_2",1.26701038731226,1
"MT-ND4","Bin_3",1.25603697372796,1
"MT-ND4","Bin_4",0.988031549225606,1
"MT-ND4","Bin_5",-0.901993355000002,1
"MT-ND4","Bin_6",0.730642517755029,1
"MT-ND4","Bin_7",1.22539923744987,1
"MT-ND4","Bin_8",-3.10779325019988,1
"MT-ND4","Bin_9",-0.472630285617703,1
"MT-ND4","Bin_10",0.118456076611841,1
"MT-ND4","Bin_11",-0.0499964655476633,1
"MT-ND4","Bin_12",-0.167370852372132,1
"MT-ND4","Bin_13",0.0186327315542678,1
"MT-ND4","Bin_14",-0.133943324686659,1
"MT-ND4","Bin_15",-0.483883957856015,1
"MT-ND4","Bin_16",-0.517262642259099,1
"MT-ND4","Bin_17",-0.741851878456917,1
"MT-ND4","Bin_18",-0.113075555170097,1
"MT-ND4","Bin_19",0.0191456417740654,1
"MT-ND4","Bin_20",0.0785971605986512,1
"CA2","Bin_1",1.00891854513467,2
"CA2","Bin_2",-0.646003218356815,2
"CA2","Bin_3",-0.795840122421857,2
"CA2","Bin_4",-0.810172064177108,2
"CA2","Bin_5",-0.712452804613106,2
"CA2","Bin_6",-0.859502859955899,2
"CA2","Bin_7",-0.694642009798615,2
"CA2","Bin_8",-0.211714967538225,2
"CA2","Bin_9",-0.340460333126862,2
"CA2","Bin_10",-0.200479926915241,2
"CA2","Bin_11",-0.365895380203278,2
"CA2","Bin_12",-0.492280593372889,2
"CA2","Bin_13",-0.358866835065644,2
"CA2","Bin_14",-0.545712946224491,2
"CA2","Bin_15",-0.318053092798675,2
"CA2","Bin_16",-0.269733743513475,2
"CA2","Bin_17",0.654949269179175,2
"CA2","Bin_18",1.2771946820077,2
"CA2","Bin_19",1.91988443706509,2
"CA2","Bin_20",2.76086396469554,2
"RPL34","Bin_1",1.12998740760307,1
"RPL34","Bin_2",1.33120810040159,1
"RPL34","Bin_3",1.43663402214969,1
"RPL34","Bin_4",0.646710772776825,1
"RPL34","Bin_5",1.1489186200582,1
"RPL34","Bin_6",-2.76374319594998,1
"RPL34","Bin_7",-1.72720636865423,1
"RPL34","Bin_8",-1.00464918119949,1
"RPL34","Bin_9",-0.00258500408989122,1
"RPL34","Bin_10",-0.168596366360685,1
"RPL34","Bin_11",-0.146862747615861,1
"RPL34","Bin_12",0.142134769994625,1
"RPL34","Bin_13",0.0968002419293558,1
"RPL34","Bin_14",0.345761083465579,1
"RPL34","Bin_15",0.274646853509147,1
"RPL34","Bin_16",0.00341830626949346,1
"RPL34","Bin_17",-0.072370199206326,1
"RPL34","Bin_18",0.00695872769524245,1
"RPL34","Bin_19",-0.271948017127926,1
"RPL34","Bin_20",-0.405217825648435,1
"RAB10","Bin_1",-0.746120784264627,2
"RAB10","Bin_2",-1.21372033662791,2
"RAB10","Bin_3",-1.35895939565951,2
"RAB10","Bin_4",-1.36790278044759,2
"RAB10","Bin_5",-1.67008227989938,2
"RAB10","Bin_6",-1.43485044022258,2
"RAB10","Bin_7",-0.78989451695825,2
"RAB10","Bin_8",-0.305560439371791,2
"RAB10","Bin_9",0.562763356868948,2
"RAB10","Bin_10",1.10751947773845,2
"RAB10","Bin_11",0.999088488347159,2
"RAB10","Bin_12",0.681912365762278,2
"RAB10","Bin_13",0.242851128755871,2
"RAB10","Bin_14",0.249169630119846,2
"RAB10","Bin_15",0.502649343214606,2
"RAB10","Bin_16",0.67234113198052,2
"RAB10","Bin_17",0.707591807704765,2
"RAB10","Bin_18",0.949716513645083,2
"RAB10","Bin_19",1.16385973409379,2
"RAB10","Bin_20",1.04762799522032,2
"LMO4","Bin_1",-1.67398091653098,2
"LMO4","Bin_2",-1.04076212102744,2
"LMO4","Bin_3",-1.31630628919545,2
"LMO4","Bin_4",-0.498577449420696,2
"LMO4","Bin_5",-1.43743903505136,2
"LMO4","Bin_6",-0.865009392520497,2
"LMO4","Bin_7",-1.10136694503995,2
"LMO4","Bin_8",-1.12140597974036,2
"LMO4","Bin_9",0.242483769983477,2
"LMO4","Bin_10",0.305157469660753,2
"LMO4","Bin_11",0.665019232377779,2
"LMO4","Bin_12",0.452536008434481,2
"LMO4","Bin_13",0.840955679548397,2
"LMO4","Bin_14",1.0098490835666,2
"LMO4","Bin_15",0.953588730129886,2
"LMO4","Bin_16",0.678820133198607,2
"LMO4","Bin_17",0.893221832750857,2
"LMO4","Bin_18",1.19715627453754,2
"LMO4","Bin_19",1.09799533828717,2
"LMO4","Bin_20",0.718064576051176,2
"SH3BGR","Bin_1",-1.16714767511605,2
"SH3BGR","Bin_2",-1.053277422182,2
"SH3BGR","Bin_3",-1.03840725791794,2
"SH3BGR","Bin_4",-1.14955336426456,2
"SH3BGR","Bin_5",-1.23478993544974,2
"SH3BGR","Bin_6",-1.31941292503741,2
"SH3BGR","Bin_7",-0.653669921738233,2
"SH3BGR","Bin_8",-0.450890252272569,2
"SH3BGR","Bin_9",-0.00537706437088201,2
"SH3BGR","Bin_10",0.236952169033389,2
"SH3BGR","Bin_11",0.311619182446194,2
"SH3BGR","Bin_12",0.130878642732874,2
"SH3BGR","Bin_13",-0.0155234494090436,2
"SH3BGR","Bin_14",0.289160705002189,2
"SH3BGR","Bin_15",0.741123967991538,2
"SH3BGR","Bin_16",0.599239264910541,2
"SH3BGR","Bin_17",2.01601216304788,2
"SH3BGR","Bin_18",1.49351103249422,2
"SH3BGR","Bin_19",1.45063629511989,2
"SH3BGR","Bin_20",0.818915844979708,2
"BABAM1","Bin_1",-1.05597588827048,2
"BABAM1","Bin_2",-1.21833418267246,2
"BABAM1","Bin_3",-1.30889050668216,2
"BABAM1","Bin_4",-0.921914611222542,2
"BABAM1","Bin_5",-1.29345047218647,2
"BABAM1","Bin_6",-1.66804627665297,2
"BABAM1","Bin_7",-1.31881763786961,2
"BABAM1","Bin_8",-0.41493568078598,2
"BABAM1","Bin_9",0.320513044783154,2
"BABAM1","Bin_10",0.883446170438086,2
"BABAM1","Bin_11",0.933105503146623,2
"BABAM1","Bin_12",0.60707580584607,2
"BABAM1","Bin_13",0.780359710664242,2
"BABAM1","Bin_14",0.600967240218429,2
"BABAM1","Bin_15",0.726685218906089,2
"BABAM1","Bin_16",0.803451466549671,2
"BABAM1","Bin_17",0.720257766932163,2
"BABAM1","Bin_18",0.840082355644423,2
"BABAM1","Bin_19",0.918124041177304,2
"BABAM1","Bin_20",1.06629693203641,2
"ATP5PF","Bin_1",-0.555723394505557,2
"ATP5PF","Bin_2",-1.19044936901152,2
"ATP5PF","Bin_3",-1.19356477835038,2
"ATP5PF","Bin_4",-0.750653579412741,2
"ATP5PF","Bin_5",-1.22448675982727,2
"ATP5PF","Bin_6",-1.67251505936596,2
"ATP5PF","Bin_7",-1.74168785708885,2
"ATP5PF","Bin_8",-0.573579246370056,2
"ATP5PF","Bin_9",0.828392041305535,2
"ATP5PF","Bin_10",1.03679924367728,2
"ATP5PF","Bin_11",0.701971116724111,2
"ATP5PF","Bin_12",0.638037435782737,2
"ATP5PF","Bin_13",0.486855774246582,2
"ATP5PF","Bin_14",0.261314287812247,2
"ATP5PF","Bin_15",0.528088698205237,2
"ATP5PF","Bin_16",0.383579037951557,2
"ATP5PF","Bin_17",0.711470937283148,2
"ATP5PF","Bin_18",0.94448061804071,2
"ATP5PF","Bin_19",1.18986993190424,2
"ATP5PF","Bin_20",1.19180092099896,2
"CDC123","Bin_1",-0.881953188350539,2
"CDC123","Bin_2",-1.27048372850184,2
"CDC123","Bin_3",-1.3927044613521,2
"CDC123","Bin_4",-1.05280178803158,2
"CDC123","Bin_5",-1.39106208766485,2
"CDC123","Bin_6",-1.63326369825701,2
"CDC123","Bin_7",-0.640421980176659,2
"CDC123","Bin_8",-0.3062812069936,2
"CDC123","Bin_9",0.792099805623035,2
"CDC123","Bin_10",1.3445880947765,2
"CDC123","Bin_11",0.855429193013019,2
"CDC123","Bin_12",0.403061315792486,2
"CDC123","Bin_13",0.547225818163849,2
"CDC123","Bin_14",0.0822881825274353,2
"CDC123","Bin_15",0.0827622761013407,2
"CDC123","Bin_16",0.502509735332519,2
"CDC123","Bin_17",0.458536836614208,2
"CDC123","Bin_18",0.772568763857103,2
"CDC123","Bin_19",1.48737404250827,2
"CDC123","Bin_20",1.24052807501841,2
"CBR1","Bin_1",-1.33852519543082,2
"CBR1","Bin_2",-1.17062808672389,2
"CBR1","Bin_3",-0.966807783440786,2
"CBR1","Bin_4",-1.00076061066113,2
"CBR1","Bin_5",-1.2097135930314,2
"CBR1","Bin_6",-1.68889394258552,2
"CBR1","Bin_7",-1.17116701062682,2
"CBR1","Bin_8",-0.227376659817867,2
"CBR1","Bin_9",0.557673719009244,2
"CBR1","Bin_10",1.05549723422648,2
"CBR1","Bin_11",0.896050107037617,2
"CBR1","Bin_12",0.662825752102501,2
"CBR1","Bin_13",0.241947752941634,2
"CBR1","Bin_14",0.177599209369404,2
"CBR1","Bin_15",0.351172290563372,2
"CBR1","Bin_16",0.452088273776022,2
"CBR1","Bin_17",0.701612899959208,2
"CBR1","Bin_18",1.00035788265549,2
"CBR1","Bin_19",1.36368341424858,2
"CBR1","Bin_20",1.31336434642868,2
"PPP1R16A","Bin_1",-1.19718939775957,2
"PPP1R16A","Bin_2",-0.773070439332106,2
"PPP1R16A","Bin_3",-1.04186266597231,2
"PPP1R16A","Bin_4",-1.23871361369477,2
"PPP1R16A","Bin_5",-1.24941992163093,2
"PPP1R16A","Bin_6",-0.870115552899866,2
"PPP1R16A","Bin_7",-0.169347793394159,2
"PPP1R16A","Bin_8",-1.00577245073189,2
"PPP1R16A","Bin_9",-0.279897119806967,2
"PPP1R16A","Bin_10",-0.206414567583029,2
"PPP1R16A","Bin_11",0.0590205971721822,2
"PPP1R16A","Bin_12",-0.00627014918738096,2
"PPP1R16A","Bin_13",0.170018075775369,2
"PPP1R16A","Bin_14",0.72298488914837,2
"PPP1R16A","Bin_15",0.81836571088539,2
"PPP1R16A","Bin_16",0.740608762793062,2
"PPP1R16A","Bin_17",2.1559674076878,2
"PPP1R16A","Bin_18",1.53787024268374,2
"PPP1R16A","Bin_19",1.36543521611708,2
"PPP1R16A","Bin_20",0.46780276972997,2
"COX4I1","Bin_1",-0.290644268261499,2
"COX4I1","Bin_2",-0.569895749401193,2
"COX4I1","Bin_3",-0.890564276567133,2
"COX4I1","Bin_4",-0.954933387564127,2
"COX4I1","Bin_5",-0.911806697695637,2
"COX4I1","Bin_6",-2.2477884505871,2
"COX4I1","Bin_7",-1.91542394749783,2
"COX4I1","Bin_8",-0.907343697998227,2
"COX4I1","Bin_9",0.658617877876701,2
"COX4I1","Bin_10",0.709666883049039,2
"COX4I1","Bin_11",0.597973473403261,2
"COX4I1","Bin_12",0.663194709448648,2
"COX4I1","Bin_13",0.866829124529036,2
"COX4I1","Bin_14",0.836581355178667,2
"COX4I1","Bin_15",0.670086532627506,2
"COX4I1","Bin_16",0.478769175020892,2
"COX4I1","Bin_17",0.604490946805935,2
"COX4I1","Bin_18",0.763081465650895,2
"COX4I1","Bin_19",0.862493749177973,2
"COX4I1","Bin_20",0.976615182804198,2
"ATP5MG","Bin_1",-0.500985450300282,2
"ATP5MG","Bin_2",-1.01614499800121,2
"ATP5MG","Bin_3",-0.987998584018152,2
"ATP5MG","Bin_4",-0.671173906156023,2
"ATP5MG","Bin_5",-0.965315719398785,2
"ATP5MG","Bin_6",-2.85670187015368,2
"ATP5MG","Bin_7",-0.992895180155978,2
"ATP5MG","Bin_8",-0.292382552393199,2
"ATP5MG","Bin_9",0.877225363130101,2
"ATP5MG","Bin_10",0.837355995825842,2
"ATP5MG","Bin_11",0.630874674442611,2
"ATP5MG","Bin_12",0.676323245486698,2
"ATP5MG","Bin_13",0.706625521690336,2
"ATP5MG","Bin_14",0.570858884312517,2
"ATP5MG","Bin_15",0.516515446857421,2
"ATP5MG","Bin_16",0.332566156201404,2
"ATP5MG","Bin_17",0.514068912860128,2
"ATP5MG","Bin_18",0.705068477046115,2
"ATP5MG","Bin_19",0.950719762059762,2
"ATP5MG","Bin_20",0.965395820664378,2
"PEPD","Bin_1",-0.602673841538389,2
"PEPD","Bin_2",-0.962801318456382,2
"PEPD","Bin_3",-1.08324624155805,2
"PEPD","Bin_4",-0.912172152851278,2
"PEPD","Bin_5",-1.03137832623354,2
"PEPD","Bin_6",-1.34496570079156,2
"PEPD","Bin_7",-0.895360151423108,2
"PEPD","Bin_8",-1.1649074376069,2
"PEPD","Bin_9",0.1182831863711,2
"PEPD","Bin_10",0.381890329154517,2
"PEPD","Bin_11",0.385306415659215,2
"PEPD","Bin_12",0.48635562911099,2
"PEPD","Bin_13",-0.0464767946033428,2
"PEPD","Bin_14",0.166282338414066,2
"PEPD","Bin_15",0.925735583686672,2
"PEPD","Bin_16",1.20944381601104,2
"PEPD","Bin_17",2.55189072760114,2
"PEPD","Bin_18",0.634870408825512,2
"PEPD","Bin_19",0.306886772249424,2
"PEPD","Bin_20",0.877036757978873,2
"GPAA1","Bin_1",-0.678460593375783,2
"GPAA1","Bin_2",-1.15345157809582,2
"GPAA1","Bin_3",-1.28045862720267,2
"GPAA1","Bin_4",-1.00072953962143,2
"GPAA1","Bin_5",-1.33221608253533,2
"GPAA1","Bin_6",-1.25532386092797,2
"GPAA1","Bin_7",-0.848891720207518,2
"GPAA1","Bin_8",-1.35306822543599,2
"GPAA1","Bin_9",-0.0197518077756384,2
"GPAA1","Bin_10",0.698546640991757,2
"GPAA1","Bin_11",0.710447922059466,2
"GPAA1","Bin_12",0.593861060026751,2
"GPAA1","Bin_13",0.266558085107818,2
"GPAA1","Bin_14",0.433197578131924,2
"GPAA1","Bin_15",0.467267832801519,2
"GPAA1","Bin_16",1.07832791224478,2
"GPAA1","Bin_17",1.0912684173853,2
"GPAA1","Bin_18",1.07298204956448,2
"GPAA1","Bin_19",0.947858225926938,2
"GPAA1","Bin_20",1.56203631093743,2
"GJA1","Bin_1",-1.02017693712712,2
"GJA1","Bin_2",-0.595845682280597,2
"GJA1","Bin_3",-0.0532013050948983,2
"GJA1","Bin_4",-1.01913248468857,2
"GJA1","Bin_5",-1.11357378662983,2
"GJA1","Bin_6",-1.19805113187939,2
"GJA1","Bin_7",-0.148643106494102,2
"GJA1","Bin_8",-0.37049156440408,2
"GJA1","Bin_9",-0.854476891950951,2
"GJA1","Bin_10",-0.932773534105336,2
"GJA1","Bin_11",-0.332995288216742,2
"GJA1","Bin_12",-0.642354868507224,2
"GJA1","Bin_13",0.0403431784384347,2
"GJA1","Bin_14",0.652771174577013,2
"GJA1","Bin_15",0.785534152419922,2
"GJA1","Bin_16",0.589425998501375,2
"GJA1","Bin_17",1.90618005663562,2
"GJA1","Bin_18",1.88577484976884,2
"GJA1","Bin_19",1.42313177437183,2
"GJA1","Bin_20",0.998555396665813,2
"TTC3","Bin_1",-0.507123739355276,2
"TTC3","Bin_2",-1.32901681529687,2
"TTC3","Bin_3",-1.51546828116464,2
"TTC3","Bin_4",-1.21215845270199,2
"TTC3","Bin_5",-1.63479995450932,2
"TTC3","Bin_6",-0.941492374707718,2
"TTC3","Bin_7",0.0665179608645742,2
"TTC3","Bin_8",-1.33623075655485,2
"TTC3","Bin_9",0.15378718979732,2
"TTC3","Bin_10",0.510951700280553,2
"TTC3","Bin_11",0.360216979570415,2
"TTC3","Bin_12",0.787399594143169,2
"TTC3","Bin_13",0.153190608449442,2
"TTC3","Bin_14",0.351189104675178,2
"TTC3","Bin_15",0.877334431699368,2
"TTC3","Bin_16",0.91282040205751,2
"TTC3","Bin_17",1.50206993585822,2
"TTC3","Bin_18",1.29719498621878,2
"TTC3","Bin_19",0.815272794740048,2
"TTC3","Bin_20",0.688344685936089,2
"CISD1","Bin_1",-1.0161524998537,2
"CISD1","Bin_2",-1.02874920851242,2
"CISD1","Bin_3",-1.24997714268227,2
"CISD1","Bin_4",-1.21763511035435,2
"CISD1","Bin_5",-1.06271324108464,2
"CISD1","Bin_6",-0.704344067406834,2
"CISD1","Bin_7",-1.32967742565823,2
"CISD1","Bin_8",-1.19986089106279,2
"CISD1","Bin_9",0.848881853074906,2
"CISD1","Bin_10",0.926446484200318,2
"CISD1","Bin_11",0.603989492481979,2
"CISD1","Bin_12",0.338209146932424,2
"CISD1","Bin_13",0.509356953313176,2
"CISD1","Bin_14",0.196460233863258,2
"CISD1","Bin_15",0.286189326180071,2
"CISD1","Bin_16",0.274233546638522,2
"CISD1","Bin_17",0.70145456067233,2
"CISD1","Bin_18",0.969486188040179,2
"CISD1","Bin_19",1.34209052255322,2
"CISD1","Bin_20",1.81231127866483,2
"ISOC2","Bin_1",-1.06160205902446,2
"ISOC2","Bin_2",-1.30983193336822,2
"ISOC2","Bin_3",-1.42137111771775,2
"ISOC2","Bin_4",-1.18174959711144,2
"ISOC2","Bin_5",-1.1386493361304,2
"ISOC2","Bin_6",-1.70231469755529,2
"ISOC2","Bin_7",-1.1745439493555,2
"ISOC2","Bin_8",-0.100925108983224,2
"ISOC2","Bin_9",0.814193692862907,2
"ISOC2","Bin_10",0.831404319474911,2
"ISOC2","Bin_11",0.927987691456717,2
"ISOC2","Bin_12",0.514860074351668,2
"ISOC2","Bin_13",1.03184383150926,2
"ISOC2","Bin_14",0.738302805448271,2
"ISOC2","Bin_15",0.843036774099354,2
"ISOC2","Bin_16",0.728262071670545,2
"ISOC2","Bin_17",0.613186028088066,2
"ISOC2","Bin_18",0.522960635096064,2
"ISOC2","Bin_19",0.682164679272233,2
"ISOC2","Bin_20",0.842785195916291,2
"UTP11","Bin_1",-1.20965485399274,2
"UTP11","Bin_2",-1.3541283981145,2
"UTP11","Bin_3",-1.44373868546868,2
"UTP11","Bin_4",-1.14958020053713,2
"UTP11","Bin_5",-1.29699574014787,2
"UTP11","Bin_6",-0.589971873578206,2
"UTP11","Bin_7",-1.39755591205482,2
"UTP11","Bin_8",-0.194210465895928,2
"UTP11","Bin_9",0.795380712390512,2
"UTP11","Bin_10",1.22751236409818,2
"UTP11","Bin_11",0.766185230587849,2
"UTP11","Bin_12",0.488033443520688,2
"UTP11","Bin_13",0.436891057487524,2
"UTP11","Bin_14",0.0672956951821575,2
"UTP11","Bin_15",0.189964464273396,2
"UTP11","Bin_16",0.396437384332773,2
"UTP11","Bin_17",0.644119669520696,2
"UTP11","Bin_18",0.913813047857311,2
"UTP11","Bin_19",1.36460171987077,2
"UTP11","Bin_20",1.34560134066802,2
"PDIA6","Bin_1",-0.687000945592176,2
"PDIA6","Bin_2",-0.958098636072037,2
"PDIA6","Bin_3",-1.40721740244904,2
"PDIA6","Bin_4",-0.741712272115562,2
"PDIA6","Bin_5",-1.67301659684811,2
"PDIA6","Bin_6",-2.07667145609923,2
"PDIA6","Bin_7",0.146016710249577,2
"PDIA6","Bin_8",-0.585659470254122,2
"PDIA6","Bin_9",0.229339257672951,2
"PDIA6","Bin_10",0.697324344741246,2
"PDIA6","Bin_11",0.675767704105608,2
"PDIA6","Bin_12",0.360431300672569,2
"PDIA6","Bin_13",0.0618678758818908,2
"PDIA6","Bin_14",0.0167049773919469,2
"PDIA6","Bin_15",0.421176570717574,2
"PDIA6","Bin_16",0.746606239719136,2
"PDIA6","Bin_17",1.36119112075842,2
"PDIA6","Bin_18",1.08836852788869,2
"PDIA6","Bin_19",1.15143055429283,2
"PDIA6","Bin_20",1.17315159533782,2
"REXO2","Bin_1",-0.926436004479265,2
"REXO2","Bin_2",-1.15571615675092,2
"REXO2","Bin_3",-1.34008374833983,2
"REXO2","Bin_4",-0.990230493511748,2
"REXO2","Bin_5",-1.71300983587489,2
"REXO2","Bin_6",-0.893407350350623,2
"REXO2","Bin_7",-1.16069145071296,2
"REXO2","Bin_8",-0.962954502663822,2
"REXO2","Bin_9",0.484830837211448,2
"REXO2","Bin_10",0.760194821103643,2
"REXO2","Bin_11",0.804571450866962,2
"REXO2","Bin_12",0.577547866239756,2
"REXO2","Bin_13",0.421798667878366,2
"REXO2","Bin_14",0.24380856966388,2
"REXO2","Bin_15",0.619725143967804,2
"REXO2","Bin_16",0.767451461099933,2
"REXO2","Bin_17",0.998067836600011,2
"REXO2","Bin_18",1.08010258103491,2
"REXO2","Bin_19",1.27228908081312,2
"REXO2","Bin_20",1.11214122620422,2
"CFAP298","Bin_1",-0.699999604099951,2
"CFAP298","Bin_2",-1.03131664743672,2
"CFAP298","Bin_3",-1.09733837471052,2
"CFAP298","Bin_4",-1.10130874614502,2
"CFAP298","Bin_5",-1.31336629721246,2
"CFAP298","Bin_6",-1.02995603861362,2
"CFAP298","Bin_7",-1.14361956273687,2
"CFAP298","Bin_8",-1.54351060803825,2
"CFAP298","Bin_9",0.501154326725343,2
"CFAP298","Bin_10",1.33905123869086,2
"CFAP298","Bin_11",0.687874018117525,2
"CFAP298","Bin_12",0.673021537817236,2
"CFAP298","Bin_13",0.419801183790687,2
"CFAP298","Bin_14",0.270998768440997,2
"CFAP298","Bin_15",0.384800475500991,2
"CFAP298","Bin_16",0.413957493303461,2
"CFAP298","Bin_17",0.624688832800975,2
"CFAP298","Bin_18",1.02667420626221,2
"CFAP298","Bin_19",1.57526613275549,2
"CFAP298","Bin_20",1.04312766478763,2
"THUMPD3-AS1","Bin_1",-1.27384657882649,2
"THUMPD3-AS1","Bin_2",-0.733802587558309,2
"THUMPD3-AS1","Bin_3",-0.955724352913334,2
"THUMPD3-AS1","Bin_4",-1.62688473668588,2
"THUMPD3-AS1","Bin_5",-2.11439865109959,2
"THUMPD3-AS1","Bin_6",-0.329953974721223,2
"THUMPD3-AS1","Bin_7",0.364667582449913,2
"THUMPD3-AS1","Bin_8",-1.49182682345107,2
"THUMPD3-AS1","Bin_9",-0.00212044290460059,2
"THUMPD3-AS1","Bin_10",0.418676292333532,2
"THUMPD3-AS1","Bin_11",0.71149980278576,2
"THUMPD3-AS1","Bin_12",0.834825180383104,2
"THUMPD3-AS1","Bin_13",0.458805469472367,2
"THUMPD3-AS1","Bin_14",0.667345123220609,2
"THUMPD3-AS1","Bin_15",0.890362970309243,2
"THUMPD3-AS1","Bin_16",0.92348437019891,2
"THUMPD3-AS1","Bin_17",0.781396938406729,2
"THUMPD3-AS1","Bin_18",0.807381733972625,2
"THUMPD3-AS1","Bin_19",0.877712438223778,2
"THUMPD3-AS1","Bin_20",0.792400246403933,2
"SCRG1","Bin_1",-0.682979972117754,2
"SCRG1","Bin_2",-0.602101056432333,2
"SCRG1","Bin_3",-0.60851667234924,2
"SCRG1","Bin_4",-0.27423763308996,2
"SCRG1","Bin_5",0.279850623982426,2
"SCRG1","Bin_6",-0.695643262760936,2
"SCRG1","Bin_7",-0.695643262760936,2
"SCRG1","Bin_8",-0.0093413165382521,2
"SCRG1","Bin_9",-0.642346412684075,2
"SCRG1","Bin_10",-0.613228071227283,2
"SCRG1","Bin_11",-0.585400697974977,2
"SCRG1","Bin_12",-0.628542028620533,2
"SCRG1","Bin_13",-0.58081893139185,2
"SCRG1","Bin_14",-0.521224723359948,2
"SCRG1","Bin_15",-0.275104935171678,2
"SCRG1","Bin_16",-0.246667910181783,2
"SCRG1","Bin_17",2.05061557857685,2
"SCRG1","Bin_18",1.85878794156702,2
"SCRG1","Bin_19",1.1371439029053,2
"SCRG1","Bin_20",2.33539883962994,2
"KDELR1","Bin_1",-0.601968332587102,2
"KDELR1","Bin_2",-0.972691507931864,2
"KDELR1","Bin_3",-1.3335395961251,2
"KDELR1","Bin_4",-1.16062456745578,2
"KDELR1","Bin_5",-1.31510754278344,2
"KDELR1","Bin_6",-1.84430056045395,2
"KDELR1","Bin_7",-1.01935579763813,2
"KDELR1","Bin_8",-0.778054462087955,2
"KDELR1","Bin_9",0.256428112937015,2
"KDELR1","Bin_10",0.702127570081852,2
"KDELR1","Bin_11",0.828935883138091,2
"KDELR1","Bin_12",0.503063240465237,2
"KDELR1","Bin_13",0.396320722904665,2
"KDELR1","Bin_14",0.419264732720551,2
"KDELR1","Bin_15",0.842163182628624,2
"KDELR1","Bin_16",1.02405568443616,2
"KDELR1","Bin_17",1.1742397026558,2
"KDELR1","Bin_18",0.76434833833249,2
"KDELR1","Bin_19",1.02605985588996,2
"KDELR1","Bin_20",1.08863534087287,2
"CADM1","Bin_1",-0.828060793564266,2
"CADM1","Bin_2",-0.581976527287198,2
"CADM1","Bin_3",-0.42187113189736,2
"CADM1","Bin_4",-0.591894850093279,2
"CADM1","Bin_5",-0.884440450849585,2
"CADM1","Bin_6",-1.12802105202922,2
"CADM1","Bin_7",-0.785493481505565,2
"CADM1","Bin_8",-0.692480208399066,2
"CADM1","Bin_9",-0.273144178538315,2
"CADM1","Bin_10",-0.0140682707856296,2
"CADM1","Bin_11",-0.0978962946273687,2
"CADM1","Bin_12",-0.0761079429038366,2
"CADM1","Bin_13",-0.250475121712395,2
"CADM1","Bin_14",-0.311954658777873,2
"CADM1","Bin_15",0.0269383784089283,2
"CADM1","Bin_16",0.0429222599886176,2
"CADM1","Bin_17",1.0478834692286,2
"CADM1","Bin_18",1.25017879542041,2
"CADM1","Bin_19",1.59940755819048,2
"CADM1","Bin_20",2.97055450173392,2
"HMGA1","Bin_1",-1.28816616793854,2
"HMGA1","Bin_2",-1.13496075686549,2
"HMGA1","Bin_3",-1.05234451074912,2
"HMGA1","Bin_4",-0.868451587481715,2
"HMGA1","Bin_5",-1.15467061573189,2
"HMGA1","Bin_6",-1.67232009841181,2
"HMGA1","Bin_7",-1.48692222675205,2
"HMGA1","Bin_8",-0.633719648701906,2
"HMGA1","Bin_9",0.85945403455957,2
"HMGA1","Bin_10",0.878233174724833,2
"HMGA1","Bin_11",0.742451319312215,2
"HMGA1","Bin_12",0.804435781457298,2
"HMGA1","Bin_13",0.933629509891104,2
"HMGA1","Bin_14",0.721673055789788,2
"HMGA1","Bin_15",0.598148234441404,2
"HMGA1","Bin_16",0.481267836120356,2
"HMGA1","Bin_17",0.686336506841319,2
"HMGA1","Bin_18",0.893654839521604,2
"HMGA1","Bin_19",1.01443333033795,2
"HMGA1","Bin_20",0.677837989635085,2
"GAPDH","Bin_1",-1.38834596473031,2
"GAPDH","Bin_2",-1.27413832299996,2
"GAPDH","Bin_3",-1.2058625588546,2
"GAPDH","Bin_4",0.228240446341216,2
"GAPDH","Bin_5",0.187405045024514,2
"GAPDH","Bin_6",-2.77967047408303,2
"GAPDH","Bin_7",-1.01988240940556,2
"GAPDH","Bin_8",0.0460149774136668,2
"GAPDH","Bin_9",0.331612492189868,2
"GAPDH","Bin_10",0.319113073761726,2
"GAPDH","Bin_11",0.363695670322431,2
"GAPDH","Bin_12",0.499743856366655,2
"GAPDH","Bin_13",0.325030117738233,2
"GAPDH","Bin_14",0.485242150156249,2
"GAPDH","Bin_15",0.824068924879286,2
"GAPDH","Bin_16",0.759888282951994,2
"GAPDH","Bin_17",1.18892560858542,2
"GAPDH","Bin_18",0.766168849940019,2
"GAPDH","Bin_19",0.520689986349902,2
"GAPDH","Bin_20",0.822060248052281,2
"SLC25A5","Bin_1",-0.890857218759647,2
"SLC25A5","Bin_2",-1.21991061365265,2
"SLC25A5","Bin_3",-1.35522592631373,2
"SLC25A5","Bin_4",-1.12669312800692,2
"SLC25A5","Bin_5",-1.10508210010404,2
"SLC25A5","Bin_6",-1.74872190800617,2
"SLC25A5","Bin_7",-1.09749481776113,2
"SLC25A5","Bin_8",-0.613320109143346,2
"SLC25A5","Bin_9",0.966344618010623,2
"SLC25A5","Bin_10",1.05653308932654,2
"SLC25A5","Bin_11",0.906946972105731,2
"SLC25A5","Bin_12",0.698769965151079,2
"SLC25A5","Bin_13",0.930698150082646,2
"SLC25A5","Bin_14",0.841339709871876,2
"SLC25A5","Bin_15",0.497231218347856,2
"SLC25A5","Bin_16",0.468337881296905,2
"SLC25A5","Bin_17",0.293120770208469,2
"SLC25A5","Bin_18",0.525934681964295,2
"SLC25A5","Bin_19",0.838269200134809,2
"SLC25A5","Bin_20",1.13377956524681,2
"RPS27A","Bin_1",-0.762093867604008,2
"RPS27A","Bin_2",-0.309847067529799,2
"RPS27A","Bin_3",-0.296967574954353,2
"RPS27A","Bin_4",-1.06812694411042,2
"RPS27A","Bin_5",0.23522234743929,2
"RPS27A","Bin_6",-3.19902180583871,2
"RPS27A","Bin_7",-1.60009805528722,2
"RPS27A","Bin_8",0.528450104863014,2
"RPS27A","Bin_9",0.891131564777122,2
"RPS27A","Bin_10",0.698241331835979,2
"RPS27A","Bin_11",0.295526072126411,2
"RPS27A","Bin_12",0.724776024991632,2
"RPS27A","Bin_13",0.585186590333676,2
"RPS27A","Bin_14",0.507737413944518,2
"RPS27A","Bin_15",0.516950494816306,2
"RPS27A","Bin_16",0.169883648214793,2
"RPS27A","Bin_17",0.29087311179924,2
"RPS27A","Bin_18",0.640165701532356,2
"RPS27A","Bin_19",0.667832280937763,2
"RPS27A","Bin_20",0.484178627712406,2
"RPL24","Bin_1",-0.798600445996497,2
"RPL24","Bin_2",-0.658842332844292,2
"RPL24","Bin_3",-0.527627909920948,2
"RPL24","Bin_4",-1.66479960517449,2
"RPL24","Bin_5",-0.487880984203407,2
"RPL24","Bin_6",-2.65805726881115,2
"RPL24","Bin_7",-1.26145972868966,2
"RPL24","Bin_8",-0.0613114314378879,2
"RPL24","Bin_9",0.886049248227282,2
"RPL24","Bin_10",0.784260357941604,2
"RPL24","Bin_11",0.646856108188159,2
"RPL24","Bin_12",0.92284253478934,2
"RPL24","Bin_13",0.830732121972682,2
"RPL24","Bin_14",0.874956544475905,2
"RPL24","Bin_15",0.814206456482548,2
"RPL24","Bin_16",0.6782583102151,2
"RPL24","Bin_17",0.42905776369934,2
"RPL24","Bin_18",0.532335440989922,2
"RPL24","Bin_19",0.409856977571784,2
"RPL24","Bin_20",0.309167842524663,2
"DDX39A","Bin_1",-1.36445518164831,2
"DDX39A","Bin_2",-1.43343933907477,2
"DDX39A","Bin_3",-1.45932713713472,2
"DDX39A","Bin_4",-0.916579138510011,2
"DDX39A","Bin_5",-1.32310723171307,2
"DDX39A","Bin_6",-0.106391929039807,2
"DDX39A","Bin_7",-1.02530870555802,2
"DDX39A","Bin_8",-1.11565083280718,2
"DDX39A","Bin_9",0.303198326556414,2
"DDX39A","Bin_10",0.763209447288053,2
"DDX39A","Bin_11",1.32620334862172,2
"DDX39A","Bin_12",0.165078146368076,2
"DDX39A","Bin_13",0.922991085712354,2
"DDX39A","Bin_14",0.542895542876517,2
"DDX39A","Bin_15",0.311387753519791,2
"DDX39A","Bin_16",0.821462917712036,2
"DDX39A","Bin_17",0.555452267222973,2
"DDX39A","Bin_18",0.612321511918124,2
"DDX39A","Bin_19",1.02948840501289,2
"DDX39A","Bin_20",1.39057074267693,2
"TAGLN","Bin_1",-0.33652710836926,1
"TAGLN","Bin_2",2.11026537303328,1
"TAGLN","Bin_3",3.16726222407868,1
"TAGLN","Bin_4",1.03273171285188,1
"TAGLN","Bin_5",0.606451731695331,1
"TAGLN","Bin_6",-0.178398927128186,1
"TAGLN","Bin_7",-0.384185644303754,1
"TAGLN","Bin_8",-0.486145596485497,1
"TAGLN","Bin_9",-0.477696172165128,1
"TAGLN","Bin_10",-0.467813644699132,1
"TAGLN","Bin_11",-0.441430832954826,1
"TAGLN","Bin_12",-0.450336518158591,1
"TAGLN","Bin_13",-0.464374849478587,1
"TAGLN","Bin_14",-0.467107744852457,1
"TAGLN","Bin_15",-0.461894445697811,1
"TAGLN","Bin_16",-0.454717826852064,1
"TAGLN","Bin_17",-0.431697792896983,1
"TAGLN","Bin_18",-0.465734376841891,1
"TAGLN","Bin_19",-0.473015444584841,1
"TAGLN","Bin_20",-0.47563411619016,1
"KRT14","Bin_1",-2.04096455192116,2
"KRT14","Bin_2",-0.78349158517074,2
"KRT14","Bin_3",-0.0820309191000014,2
"KRT14","Bin_4",-1.52948557257291,2
"KRT14","Bin_5",-1.59297177041993,2
"KRT14","Bin_6",-1.78208739024712,2
"KRT14","Bin_7",-0.209179049207387,2
"KRT14","Bin_8",0.164483483400064,2
"KRT14","Bin_9",0.974136715945697,2
"KRT14","Bin_10",0.762339372516902,2
"KRT14","Bin_11",0.4733900764887,2
"KRT14","Bin_12",0.54352108327362,2
"KRT14","Bin_13",1.02820139147025,2
"KRT14","Bin_14",0.547013876417622,2
"KRT14","Bin_15",0.39756677255841,2
"KRT14","Bin_16",0.263421469435448,2
"KRT14","Bin_17",0.259747453533052,2
"KRT14","Bin_18",0.705188195641127,2
"KRT14","Bin_19",1.15652896777184,2
"KRT14","Bin_20",0.744671980186525,2
"CALML5","Bin_1",-1.78062069262291,2
"CALML5","Bin_2",-1.5233650957081,2
"CALML5","Bin_3",-1.49717109177197,2
"CALML5","Bin_4",-1.37870576623282,2
"CALML5","Bin_5",-1.54592365557309,2
"CALML5","Bin_6",-0.51120976451669,2
"CALML5","Bin_7",-0.16819588443914,2
"CALML5","Bin_8",0.218770210971721,2
"CALML5","Bin_9",0.883546910823858,2
"CALML5","Bin_10",1.00242127163867,2
"CALML5","Bin_11",0.786888762261586,2
"CALML5","Bin_12",1.10919996995327,2
"CALML5","Bin_13",0.681869717179932,2
"CALML5","Bin_14",0.631581967818885,2
"CALML5","Bin_15",0.863171865990178,2
"CALML5","Bin_16",0.666843203850192,2
"CALML5","Bin_17",0.410395124905519,2
"CALML5","Bin_18",0.777002074968975,2
"CALML5","Bin_19",0.419682540325838,2
"CALML5","Bin_20",-0.0461816698239157,2
"DYNLT1","Bin_1",-0.338887578646135,2
"DYNLT1","Bin_2",-1.36560737645676,2
"DYNLT1","Bin_3",-1.51790357837847,2
"DYNLT1","Bin_4",-1.10714075937105,2
"DYNLT1","Bin_5",-1.4946026155494,2
"DYNLT1","Bin_6",-1.33776210758224,2
"DYNLT1","Bin_7",-1.40708602999653,2
"DYNLT1","Bin_8",-0.234800054917406,2
"DYNLT1","Bin_9",0.809673255231146,2
"DYNLT1","Bin_10",1.09579319230734,2
"DYNLT1","Bin_11",0.878976132749124,2
"DYNLT1","Bin_12",0.703838503727051,2
"DYNLT1","Bin_13",0.446492496518065,2
"DYNLT1","Bin_14",0.147616720231757,2
"DYNLT1","Bin_15",0.395190877183263,2
"DYNLT1","Bin_16",0.543443914034089,2
"DYNLT1","Bin_17",0.756696990886998,2
"DYNLT1","Bin_18",0.928573847026028,2
"DYNLT1","Bin_19",1.06387988172453,2
"DYNLT1","Bin_20",1.03361428927859,2
"TF","Bin_1",-0.34527547459669,2
"TF","Bin_2",-0.430449225458486,2
"TF","Bin_3",-0.523335150867113,2
"TF","Bin_4",-0.700339858599833,2
"TF","Bin_5",-0.568548604859735,2
"TF","Bin_6",-0.732045169303342,2
"TF","Bin_7",0.121846306416181,2
"TF","Bin_8",-0.732045169303342,2
"TF","Bin_9",-0.636861343796895,2
"TF","Bin_10",-0.421118357224657,2
"TF","Bin_11",-0.449298351820023,2
"TF","Bin_12",-0.491173876980499,2
"TF","Bin_13",-0.594823898166246,2
"TF","Bin_14",-0.615335150690001,2
"TF","Bin_15",-0.119575724677277,2
"TF","Bin_16",0.0588522353442323,2
"TF","Bin_17",2.84485509488516,2
"TF","Bin_18",1.8775210255818,2
"TF","Bin_19",1.46086756643345,2
"TF","Bin_20",0.996283127683315,2
"UQCRH","Bin_1",-1.51596404879702,2
"UQCRH","Bin_2",-1.58531992700075,2
"UQCRH","Bin_3",-1.65677842095284,2
"UQCRH","Bin_4",-0.392775258210644,2
"UQCRH","Bin_5",-0.661624896318973,2
"UQCRH","Bin_6",-2.03528582651805,2
"UQCRH","Bin_7",-0.76858323657636,2
"UQCRH","Bin_8",0.20044518904528,2
"UQCRH","Bin_9",0.930415251105425,2
"UQCRH","Bin_10",0.828816193489905,2
"UQCRH","Bin_11",0.647993482827195,2
"UQCRH","Bin_12",0.81738980062887,2
"UQCRH","Bin_13",0.761602461483105,2
"UQCRH","Bin_14",0.672921689760091,2
"UQCRH","Bin_15",0.623160324228012,2
"UQCRH","Bin_16",0.531940985931577,2
"UQCRH","Bin_17",0.492263967505519,2
"UQCRH","Bin_18",0.632603164458933,2
"UQCRH","Bin_19",0.720209681126837,2
"UQCRH","Bin_20",0.756569422783889,2
"UBXN4","Bin_1",-0.0337162204025346,2
"UBXN4","Bin_2",-0.506649258906678,2
"UBXN4","Bin_3",-0.925612405938611,2
"UBXN4","Bin_4",-0.751510934799014,2
"UBXN4","Bin_5",-1.61120091166926,2
"UBXN4","Bin_6",-1.73863307841229,2
"UBXN4","Bin_7",-1.37106523763048,2
"UBXN4","Bin_8",-1.00915358568101,2
"UBXN4","Bin_9",-0.252753929715638,2
"UBXN4","Bin_10",0.1352401856095,2
"UBXN4","Bin_11",0.522424852659315,2
"UBXN4","Bin_12",0.214734912907882,2
"UBXN4","Bin_13",0.162722598532911,2
"UBXN4","Bin_14",0.501465916582189,2
"UBXN4","Bin_15",0.575604841782439,2
"UBXN4","Bin_16",0.745307519996485,2
"UBXN4","Bin_17",1.07288103195046,2
"UBXN4","Bin_18",1.35692894794966,2
"UBXN4","Bin_19",1.42054554349942,2
"UBXN4","Bin_20",1.49243921168526,2
"LSR","Bin_1",-0.895409628067767,2
"LSR","Bin_2",-1.22746211613087,2
"LSR","Bin_3",-1.30150542819589,2
"LSR","Bin_4",-0.648884343142878,2
"LSR","Bin_5",-1.51883133622185,2
"LSR","Bin_6",-1.39353684225166,2
"LSR","Bin_7",-0.872099346384297,2
"LSR","Bin_8",-1.15572762016612,2
"LSR","Bin_9",0.270139877612183,2
"LSR","Bin_10",0.803166832829401,2
"LSR","Bin_11",0.862846169765929,2
"LSR","Bin_12",0.574086447832318,2
"LSR","Bin_13",0.489893036501717,2
"LSR","Bin_14",0.274963430658305,2
"LSR","Bin_15",0.454686021093084,2
"LSR","Bin_16",0.65461405649064,2
"LSR","Bin_17",0.989649743968697,2
"LSR","Bin_18",1.00151351563387,2
"LSR","Bin_19",1.20302636570633,2
"LSR","Bin_20",1.43487116246886,2
"GPX3","Bin_1",-0.766841774794818,2
"GPX3","Bin_2",-0.709645756801913,2
"GPX3","Bin_3",-0.766841774794818,2
"GPX3","Bin_4",-0.528636413540468,2
"GPX3","Bin_5",-0.643229646723581,2
"GPX3","Bin_6",-0.766841774794818,2
"GPX3","Bin_7",-0.505941508195992,2
"GPX3","Bin_8",-0.457269334160898,2
"GPX3","Bin_9",-0.606465761226479,2
"GPX3","Bin_10",-0.523638018376172,2
"GPX3","Bin_11",-0.190288608649604,2
"GPX3","Bin_12",-0.37518427406795,2
"GPX3","Bin_13",-0.442904987294236,2
"GPX3","Bin_14",-0.25944707787086,2
"GPX3","Bin_15",0.200775124330684,2
"GPX3","Bin_16",0.282146027128327,2
"GPX3","Bin_17",2.77727369273823,2
"GPX3","Bin_18",1.87504207676459,2
"GPX3","Bin_19",1.55290182498521,2
"GPX3","Bin_20",0.855037965345559,2
"IFI16","Bin_1",0.105649461717668,1
"IFI16","Bin_2",2.46391927046215,1
"IFI16","Bin_3",2.1330901655779,1
"IFI16","Bin_4",2.28245420072945,1
"IFI16","Bin_5",-0.117755783196993,1
"IFI16","Bin_6",-0.459941202383066,1
"IFI16","Bin_7",-0.459941202383066,1
"IFI16","Bin_8",-0.459941202383066,1
"IFI16","Bin_9",-0.459941202383066,1
"IFI16","Bin_10",-0.451531356110092,1
"IFI16","Bin_11",-0.441674540656714,1
"IFI16","Bin_12",-0.454856989926582,1
"IFI16","Bin_13",-0.459941202383066,1
"IFI16","Bin_14",-0.459941202383066,1
"IFI16","Bin_15",-0.459941202383066,1
"IFI16","Bin_16",-0.459941202383066,1
"IFI16","Bin_17",-0.459941202383066,1
"IFI16","Bin_18",-0.459941202383066,1
"IFI16","Bin_19",-0.459941202383066,1
"IFI16","Bin_20",-0.459941202383066,1
"NQO1","Bin_1",0.0118467372896667,2
"NQO1","Bin_2",-1.39131614517206,2
"NQO1","Bin_3",-1.57036263482154,2
"NQO1","Bin_4",-0.600929550127429,2
"NQO1","Bin_5",-1.13305500050284,2
"NQO1","Bin_6",-1.7973546561704,2
"NQO1","Bin_7",-1.10465529095338,2
"NQO1","Bin_8",-0.509832596071737,2
"NQO1","Bin_9",-0.197431490493597,2
"NQO1","Bin_10",0.155973831497434,2
"NQO1","Bin_11",0.626739061188557,2
"NQO1","Bin_12",0.182934167649697,2
"NQO1","Bin_13",0.410629505321526,2
"NQO1","Bin_14",0.801661284847965,2
"NQO1","Bin_15",0.65761877958496,2
"NQO1","Bin_16",0.75417952636261,2
"NQO1","Bin_17",0.800371498195635,2
"NQO1","Bin_18",0.968868886292929,2
"NQO1","Bin_19",1.29892119726417,2
"NQO1","Bin_20",1.63519288881782,2
"RPL7A","Bin_1",-0.0555547596446977,2
"RPL7A","Bin_2",-0.127576000443216,2
"RPL7A","Bin_3",-0.235311954560846,2
"RPL7A","Bin_4",-1.47881052710728,2
"RPL7A","Bin_5",-0.245629170155071,2
"RPL7A","Bin_6",-3.18768004230506,2
"RPL7A","Bin_7",-1.49347650714678,2
"RPL7A","Bin_8",-0.0419671515962928,2
"RPL7A","Bin_9",0.490288424867631,2
"RPL7A","Bin_10",0.531930403451472,2
"RPL7A","Bin_11",0.40317893396222,2
"RPL7A","Bin_12",0.669385026168357,2
"RPL7A","Bin_13",0.871021326657634,2
"RPL7A","Bin_14",0.92861782550808,2
"RPL7A","Bin_15",0.623589331438038,2
"RPL7A","Bin_16",0.384695902733181,2
"RPL7A","Bin_17",0.396688995040786,2
"RPL7A","Bin_18",0.578316260777283,2
"RPL7A","Bin_19",0.573249795317561,2
"RPL7A","Bin_20",0.415043887037,2
"BRK1","Bin_1",-0.405723486870764,2
"BRK1","Bin_2",-1.227832919844,2
"BRK1","Bin_3",-1.24846735742568,2
"BRK1","Bin_4",-1.13820702121677,2
"BRK1","Bin_5",-1.29191211231487,2
"BRK1","Bin_6",-2.10133666196397,2
"BRK1","Bin_7",-1.27479034249133,2
"BRK1","Bin_8",-0.218708369726725,2
"BRK1","Bin_9",0.81176989827704,2
"BRK1","Bin_10",0.923560991722363,2
"BRK1","Bin_11",0.788205590174727,2
"BRK1","Bin_12",0.862817071094415,2
"BRK1","Bin_13",0.626258735809276,2
"BRK1","Bin_14",0.570403799455626,2
"BRK1","Bin_15",0.716217965779448,2
"BRK1","Bin_16",0.736743179031485,2
"BRK1","Bin_17",0.744322371093256,2
"BRK1","Bin_18",0.709911901204286,2
"BRK1","Bin_19",0.750047638870055,2
"BRK1","Bin_20",0.66671912934214,2
"ATP5MC3","Bin_1",-1.02281013230636,2
"ATP5MC3","Bin_2",-1.3605541157248,2
"ATP5MC3","Bin_3",-1.55712875320041,2
"ATP5MC3","Bin_4",-0.2947573224244,2
"ATP5MC3","Bin_5",-0.740332920253185,2
"ATP5MC3","Bin_6",-1.87813363205254,2
"ATP5MC3","Bin_7",-1.49630995300726,2
"ATP5MC3","Bin_8",-0.401435102073746,2
"ATP5MC3","Bin_9",0.785057624239562,2
"ATP5MC3","Bin_10",0.856950108213361,2
"ATP5MC3","Bin_11",0.586086807193409,2
"ATP5MC3","Bin_12",0.571782222239861,2
"ATP5MC3","Bin_13",0.719506493771955,2
"ATP5MC3","Bin_14",0.511655627429547,2
"ATP5MC3","Bin_15",0.477838560028053,2
"ATP5MC3","Bin_16",0.410498500979105,2
"ATP5MC3","Bin_17",0.608004997499497,2
"ATP5MC3","Bin_18",0.862006587379998,2
"ATP5MC3","Bin_19",1.09217457152403,2
"ATP5MC3","Bin_20",1.26989983054432,2
"EXOSC4","Bin_1",-0.885322071201823,2
"EXOSC4","Bin_2",-1.07388401602983,2
"EXOSC4","Bin_3",-1.11424984543052,2
"EXOSC4","Bin_4",-0.802990356720128,2
"EXOSC4","Bin_5",-1.1336391460743,2
"EXOSC4","Bin_6",-1.53662326001829,2
"EXOSC4","Bin_7",-1.13255353006355,2
"EXOSC4","Bin_8",-1.28331064303476,2
"EXOSC4","Bin_9",0.224734155919475,2
"EXOSC4","Bin_10",0.75053320102734,2
"EXOSC4","Bin_11",0.631736492266237,2
"EXOSC4","Bin_12",0.473248267644176,2
"EXOSC4","Bin_13",0.56841937196407,2
"EXOSC4","Bin_14",0.50042361024042,2
"EXOSC4","Bin_15",0.493206964840951,2
"EXOSC4","Bin_16",0.491175727027151,2
"EXOSC4","Bin_17",0.671684580753566,2
"EXOSC4","Bin_18",1.13851471615245,2
"EXOSC4","Bin_19",1.53760755070759,2
"EXOSC4","Bin_20",1.48128823002977,2
"STX10","Bin_1",-0.953163719387883,2
"STX10","Bin_2",-1.35916661401166,2
"STX10","Bin_3",-1.44777259549345,2
"STX10","Bin_4",-1.0567776944696,2
"STX10","Bin_5",-1.48909585037074,2
"STX10","Bin_6",-0.531666983808508,2
"STX10","Bin_7",-1.05811628310788,2
"STX10","Bin_8",-1.02013908855493,2
"STX10","Bin_9",0.232691024547397,2
"STX10","Bin_10",0.861870739865597,2
"STX10","Bin_11",0.67250972228322,2
"STX10","Bin_12",0.610872678818462,2
"STX10","Bin_13",0.658808520651902,2
"STX10","Bin_14",0.246207210334159,2
"STX10","Bin_15",0.326598837445502,2
"STX10","Bin_16",0.564333334588776,2
"STX10","Bin_17",0.936103866924305,2
"STX10","Bin_18",0.987098569249489,2
"STX10","Bin_19",1.46078716443481,2
"STX10","Bin_20",1.35801716006102,2
"FBL","Bin_1",-0.924244097902379,2
"FBL","Bin_2",-0.880089066925937,2
"FBL","Bin_3",-1.01958187320548,2
"FBL","Bin_4",-1.08618087350185,2
"FBL","Bin_5",-1.1446992657048,2
"FBL","Bin_6",-1.83228776434829,2
"FBL","Bin_7",-1.16690720124206,2
"FBL","Bin_8",-1.24957553509101,2
"FBL","Bin_9",0.898725070397722,2
"FBL","Bin_10",1.01823406251806,2
"FBL","Bin_11",0.780935763259785,2
"FBL","Bin_12",0.778595917359951,2
"FBL","Bin_13",0.948682329652123,2
"FBL","Bin_14",0.928558171672988,2
"FBL","Bin_15",0.600776949934538,2
"FBL","Bin_16",0.624321165196659,2
"FBL","Bin_17",0.429110661688076,2
"FBL","Bin_18",0.63511755028282,2
"FBL","Bin_19",0.933917032093326,2
"FBL","Bin_20",0.726591003865763,2
"PSMC4","Bin_1",-0.951224169818399,2
"PSMC4","Bin_2",-1.30863961298068,2
"PSMC4","Bin_3",-1.49888834732609,2
"PSMC4","Bin_4",-1.08055824350747,2
"PSMC4","Bin_5",-1.49801263377269,2
"PSMC4","Bin_6",-1.33193245859598,2
"PSMC4","Bin_7",-0.572800994659107,2
"PSMC4","Bin_8",-0.294881417879988,2
"PSMC4","Bin_9",0.460915599806368,2
"PSMC4","Bin_10",0.825811127123244,2
"PSMC4","Bin_11",0.720439421719873,2
"PSMC4","Bin_12",0.2315574606953,2
"PSMC4","Bin_13",0.724977043969013,2
"PSMC4","Bin_14",0.228613135143774,2
"PSMC4","Bin_15",0.0633797195436836,2
"PSMC4","Bin_16",0.410874275226109,2
"PSMC4","Bin_17",0.909100763977477,2
"PSMC4","Bin_18",0.905894229602523,2
"PSMC4","Bin_19",1.56445823527336,2
"PSMC4","Bin_20",1.49091686645969,2
"TMEM45A","Bin_1",-0.317982909567033,2
"TMEM45A","Bin_2",-1.1683512992647,2
"TMEM45A","Bin_3",-1.44266931207468,2
"TMEM45A","Bin_4",-0.487092945826191,2
"TMEM45A","Bin_5",-0.782214114857884,2
"TMEM45A","Bin_6",-1.77021363591709,2
"TMEM45A","Bin_7",0.176110420655405,2
"TMEM45A","Bin_8",-1.37969990293904,2
"TMEM45A","Bin_9",-0.156595038490965,2
"TMEM45A","Bin_10",-0.269360857824032,2
"TMEM45A","Bin_11",0.284085846945496,2
"TMEM45A","Bin_12",0.164168245523265,2
"TMEM45A","Bin_13",0.0207760061100794,2
"TMEM45A","Bin_14",0.0440647193336451,2
"TMEM45A","Bin_15",0.684424915362423,2
"TMEM45A","Bin_16",0.79581210715493,2
"TMEM45A","Bin_17",1.8736623422346,2
"TMEM45A","Bin_18",1.39251745101297,2
"TMEM45A","Bin_19",1.02405016764084,2
"TMEM45A","Bin_20",1.31450779478796,2
"RPS27","Bin_1",0.453063256342507,1
"RPS27","Bin_2",0.954179810653719,1
"RPS27","Bin_3",1.22111333674012,1
"RPS27","Bin_4",0.759534135279248,1
"RPS27","Bin_5",1.2140075470412,1
"RPS27","Bin_6",-3.54161772112173,1
"RPS27","Bin_7",-1.03971273799292,1
"RPS27","Bin_8",-0.427174727900578,1
"RPS27","Bin_9",0.0878315462436368,1
"RPS27","Bin_10",-0.086515578441527,1
"RPS27","Bin_11",-0.0934552500320168,1
"RPS27","Bin_12",0.294419222550159,1
"RPS27","Bin_13",0.21376655484228,1
"RPS27","Bin_14",0.350942969800607,1
"RPS27","Bin_15",0.321248915262466,1
"RPS27","Bin_16",-0.0464439942242683,1
"RPS27","Bin_17",-0.0698789959635036,1
"RPS27","Bin_18",-0.0283232374567368,1
"RPS27","Bin_19",-0.243786258657178,1
"RPS27","Bin_20",-0.293198792965485,1
"SPATS2","Bin_1",-0.704710024741092,2
"SPATS2","Bin_2",-1.07511795436301,2
"SPATS2","Bin_3",-1.3151993641063,2
"SPATS2","Bin_4",-1.26292616507082,2
"SPATS2","Bin_5",-1.54277721615416,2
"SPATS2","Bin_6",-0.821343433302085,2
"SPATS2","Bin_7",-0.595562093292851,2
"SPATS2","Bin_8",-1.69724240473494,2
"SPATS2","Bin_9",0.284834665548293,2
"SPATS2","Bin_10",0.523389930235507,2
"SPATS2","Bin_11",0.732179923109571,2
"SPATS2","Bin_12",0.252963296703493,2
"SPATS2","Bin_13",0.636459488419464,2
"SPATS2","Bin_14",0.765212155796722,2
"SPATS2","Bin_15",0.859351119561349,2
"SPATS2","Bin_16",1.0572072183342,2
"SPATS2","Bin_17",0.804366834990717,2
"SPATS2","Bin_18",0.945216438474199,2
"SPATS2","Bin_19",0.88831958208608,2
"SPATS2","Bin_20",1.26537800250567,2
"HLA-DRB1","Bin_1",0.42009547965745,1
"HLA-DRB1","Bin_2",1.80342139542486,1
"HLA-DRB1","Bin_3",1.79802647265381,1
"HLA-DRB1","Bin_4",3.02761273219664,1
"HLA-DRB1","Bin_5",-0.308933931939187,1
"HLA-DRB1","Bin_6",-0.513626129114965,1
"HLA-DRB1","Bin_7",-0.296663710970505,1
"HLA-DRB1","Bin_8",-0.513626129114965,1
"HLA-DRB1","Bin_9",-0.445052376276132,1
"HLA-DRB1","Bin_10",-0.421103426204166,1
"HLA-DRB1","Bin_11",-0.421936498885339,1
"HLA-DRB1","Bin_12",-0.439281339765667,1
"HLA-DRB1","Bin_13",-0.493180173959839,1
"HLA-DRB1","Bin_14",-0.469648325543566,1
"HLA-DRB1","Bin_15",-0.43841832731938,1
"HLA-DRB1","Bin_16",-0.364804144574401,1
"HLA-DRB1","Bin_17",-0.454648376406454,1
"HLA-DRB1","Bin_18",-0.486449954801676,1
"HLA-DRB1","Bin_19",-0.492450973020855,1
"HLA-DRB1","Bin_20",-0.489332262035665,1
"S100A1","Bin_1",-1.63236972894837,2
"S100A1","Bin_2",-1.07693111350602,2
"S100A1","Bin_3",-1.17203635928916,2
"S100A1","Bin_4",0.033914520391478,2
"S100A1","Bin_5",-0.837490437419531,2
"S100A1","Bin_6",-1.46914121225017,2
"S100A1","Bin_7",-1.30836881339616,2
"S100A1","Bin_8",-0.601505702625577,2
"S100A1","Bin_9",0.467119238616096,2
"S100A1","Bin_10",0.310242340542056,2
"S100A1","Bin_11",0.295743738083698,2
"S100A1","Bin_12",0.571038868520105,2
"S100A1","Bin_13",-0.199767518706496,2
"S100A1","Bin_14",0.0137931905130094,2
"S100A1","Bin_15",0.725151544399631,2
"S100A1","Bin_16",0.506031741658217,2
"S100A1","Bin_17",1.33010303151261,2
"S100A1","Bin_18",1.59070491026587,2
"S100A1","Bin_19",1.16626257415757,2
"S100A1","Bin_20",1.28750518748113,2
"TMEM147","Bin_1",-0.53096260321158,2
"TMEM147","Bin_2",-1.17519801407265,2
"TMEM147","Bin_3",-1.33256220094793,2
"TMEM147","Bin_4",-1.04998355333411,2
"TMEM147","Bin_5",-1.12632637259885,2
"TMEM147","Bin_6",-1.51604448564756,2
"TMEM147","Bin_7",-1.32228176727848,2
"TMEM147","Bin_8",-0.799854000077346,2
"TMEM147","Bin_9",0.354200627780531,2
"TMEM147","Bin_10",0.807257148168305,2
"TMEM147","Bin_11",0.671708471281903,2
"TMEM147","Bin_12",0.540099850414853,2
"TMEM147","Bin_13",0.678802179139724,2
"TMEM147","Bin_14",0.140946670227328,2
"TMEM147","Bin_15",0.213738839614107,2
"TMEM147","Bin_16",0.561593776183385,2
"TMEM147","Bin_17",0.988552697834141,2
"TMEM147","Bin_18",1.03605328671303,2
"TMEM147","Bin_19",1.41161018155737,2
"TMEM147","Bin_20",1.44864926825383,2
"SSR3","Bin_1",-0.873584950579789,2
"SSR3","Bin_2",-0.975530312055115,2
"SSR3","Bin_3",-0.8018945636537,2
"SSR3","Bin_4",-0.548312689235679,2
"SSR3","Bin_5",-1.61903447077644,2
"SSR3","Bin_6",-2.01113873713343,2
"SSR3","Bin_7",-1.02469608315097,2
"SSR3","Bin_8",-1.10668399335697,2
"SSR3","Bin_9",0.371875801481748,2
"SSR3","Bin_10",0.577607194095749,2
"SSR3","Bin_11",0.610588777742361,2
"SSR3","Bin_12",0.614556176122025,2
"SSR3","Bin_13",0.40456593056344,2
"SSR3","Bin_14",0.616315920735692,2
"SSR3","Bin_15",0.800385499115028,2
"SSR3","Bin_16",0.875839942676715,2
"SSR3","Bin_17",1.20459878153374,2
"SSR3","Bin_18",0.922890926124834,2
"SSR3","Bin_19",0.993691699965477,2
"SSR3","Bin_20",0.967959149785289,2
"PPP1R1B","Bin_1",0.0727729992951488,2
"PPP1R1B","Bin_2",-0.286130632992779,2
"PPP1R1B","Bin_3",-0.875604469259716,2
"PPP1R1B","Bin_4",-0.977271427064172,2
"PPP1R1B","Bin_5",-0.687233551550448,2
"PPP1R1B","Bin_6",-1.26647197025443,2
"PPP1R1B","Bin_7",-0.956202766110199,2
"PPP1R1B","Bin_8",-0.697426669839059,2
"PPP1R1B","Bin_9",-0.463739344541276,2
"PPP1R1B","Bin_10",-0.748797229808033,2
"PPP1R1B","Bin_11",-0.530328605030381,2
"PPP1R1B","Bin_12",-0.326364247348733,2
"PPP1R1B","Bin_13",0.190146102907688,2
"PPP1R1B","Bin_14",0.52224376786469,2
"PPP1R1B","Bin_15",0.235479120038441,2
"PPP1R1B","Bin_16",0.00878408140289449,2
"PPP1R1B","Bin_17",1.07764460685199,2
"PPP1R1B","Bin_18",1.78290692324696,2
"PPP1R1B","Bin_19",2.22828696972997,2
"PPP1R1B","Bin_20",1.69730634246145,2
"UCHL3","Bin_1",-0.750707510775095,2
"UCHL3","Bin_2",-1.21756572849168,2
"UCHL3","Bin_3",-1.2677229359482,2
"UCHL3","Bin_4",-0.655201531847284,2
"UCHL3","Bin_5",-1.08726925977437,2
"UCHL3","Bin_6",-1.68616963669017,2
"UCHL3","Bin_7",-1.08608849393573,2
"UCHL3","Bin_8",-0.294772138595856,2
"UCHL3","Bin_9",0.404369928153749,2
"UCHL3","Bin_10",0.976252418180955,2
"UCHL3","Bin_11",0.719452397705346,2
"UCHL3","Bin_12",0.31287063460215,2
"UCHL3","Bin_13",0.206061692533714,2
"UCHL3","Bin_14",-0.195210958625164,2
"UCHL3","Bin_15",-0.00856320441307417,2
"UCHL3","Bin_16",0.297401325590812,2
"UCHL3","Bin_17",0.780402480354653,2
"UCHL3","Bin_18",1.14683443896485,2
"UCHL3","Bin_19",1.72715566807296,2
"UCHL3","Bin_20",1.67847041493744,2
"LTF","Bin_1",1.09571468977963,1
"LTF","Bin_2",3.0230943729906,1
"LTF","Bin_3",1.98068546275327,1
"LTF","Bin_4",0.900580234547405,1
"LTF","Bin_5",0.461881358118467,1
"LTF","Bin_6",-0.503487871160256,1
"LTF","Bin_7",-0.503487871160256,1
"LTF","Bin_8",-0.503487871160256,1
"LTF","Bin_9",-0.503487871160256,1
"LTF","Bin_10",-0.495302437665165,1
"LTF","Bin_11",-0.496646306637217,1
"LTF","Bin_12",-0.498777764046549,1
"LTF","Bin_13",-0.499991739600493,1
"LTF","Bin_14",-0.48245608643611,1
"LTF","Bin_15",-0.48963119361053,1
"LTF","Bin_16",-0.48576330202084,1
"LTF","Bin_17",-0.503487871160256,1
"LTF","Bin_18",-0.48897219005068,1
"LTF","Bin_19",-0.503487871160256,1
"LTF","Bin_20",-0.503487871160256,1
"MDH1","Bin_1",-0.870361548650788,2
"MDH1","Bin_2",-1.32866571990831,2
"MDH1","Bin_3",-1.3471643002439,2
"MDH1","Bin_4",-0.991218871933879,2
"MDH1","Bin_5",-1.45390900685991,2
"MDH1","Bin_6",-1.52203613813954,2
"MDH1","Bin_7",-0.991977276393903,2
"MDH1","Bin_8",0.299880508912649,2
"MDH1","Bin_9",0.969173217609558,2
"MDH1","Bin_10",0.920393486214572,2
"MDH1","Bin_11",0.699748663137112,2
"MDH1","Bin_12",0.415303753989446,2
"MDH1","Bin_13",0.439443365098385,2
"MDH1","Bin_14",0.127736402950341,2
"MDH1","Bin_15",0.181096932106951,2
"MDH1","Bin_16",0.249557036933639,2
"MDH1","Bin_17",0.360694403822873,2
"MDH1","Bin_18",0.898098311999785,2
"MDH1","Bin_19",1.19691885701824,2
"MDH1","Bin_20",1.74728792233667,2
"LARP6","Bin_1",-0.969930023692773,2
"LARP6","Bin_2",-0.897118060924551,2
"LARP6","Bin_3",-0.933923753049382,2
"LARP6","Bin_4",-0.676277452361274,2
"LARP6","Bin_5",-0.982749431062732,2
"LARP6","Bin_6",-1.36827379700277,2
"LARP6","Bin_7",-1.13466507353668,2
"LARP6","Bin_8",-1.07326189473992,2
"LARP6","Bin_9",0.188155752230854,2
"LARP6","Bin_10",0.197199321246067,2
"LARP6","Bin_11",0.330864313671704,2
"LARP6","Bin_12",0.246900172072457,2
"LARP6","Bin_13",0.0690009615944471,2
"LARP6","Bin_14",0.0187880263863803,2
"LARP6","Bin_15",0.406863523223791,2
"LARP6","Bin_16",0.300367466548977,2
"LARP6","Bin_17",1.30853099805989,2
"LARP6","Bin_18",1.30101902613077,2
"LARP6","Bin_19",1.77083380784964,2
"LARP6","Bin_20",1.89767611735511,2
"SEC13","Bin_1",-1.12830740429327,2
"SEC13","Bin_2",-1.26147979674891,2
"SEC13","Bin_3",-1.39566460414115,2
"SEC13","Bin_4",-1.02484443911942,2
"SEC13","Bin_5",-1.31222143453258,2
"SEC13","Bin_6",-0.579131137922022,2
"SEC13","Bin_7",-1.56633102603255,2
"SEC13","Bin_8",-0.747375759057638,2
"SEC13","Bin_9",0.392215837977726,2
"SEC13","Bin_10",0.949305503357833,2
"SEC13","Bin_11",0.669468496323713,2
"SEC13","Bin_12",0.649372678571263,2
"SEC13","Bin_13",0.539094655246998,2
"SEC13","Bin_14",0.152252916396698,2
"SEC13","Bin_15",0.420513576431998,2
"SEC13","Bin_16",0.737950869780698,2
"SEC13","Bin_17",1.05185683431913,2
"SEC13","Bin_18",1.09461372079858,2
"SEC13","Bin_19",1.28349458420944,2
"SEC13","Bin_20",1.07521592843346,2
"LINC00623","Bin_1",0.0118505993589358,2
"LINC00623","Bin_2",-1.0648097702832,2
"LINC00623","Bin_3",-1.44523997853527,2
"LINC00623","Bin_4",-1.20320820608792,2
"LINC00623","Bin_5",-1.46472451964644,2
"LINC00623","Bin_6",-0.979065113340871,2
"LINC00623","Bin_7",-1.20570078706664,2
"LINC00623","Bin_8",-0.905455720041031,2
"LINC00623","Bin_9",0.0794455892446394,2
"LINC00623","Bin_10",0.5690709008984,2
"LINC00623","Bin_11",0.61990506795878,2
"LINC00623","Bin_12",0.808985270456768,2
"LINC00623","Bin_13",0.0554176057945214,2
"LINC00623","Bin_14",0.0479484037636029,2
"LINC00623","Bin_15",0.666108927280174,2
"LINC00623","Bin_16",0.123579876487628,2
"LINC00623","Bin_17",1.12427629880211,2
"LINC00623","Bin_18",1.1769400562189,2
"LINC00623","Bin_19",1.58035837041642,2
"LINC00623","Bin_20",1.4043171283205,2
"RPL5","Bin_1",-0.288333676091363,2
"RPL5","Bin_2",-0.287484290546314,2
"RPL5","Bin_3",-0.369562249757873,2
"RPL5","Bin_4",-1.05878168841512,2
"RPL5","Bin_5",-0.394258884757431,2
"RPL5","Bin_6",-2.95030215165369,2
"RPL5","Bin_7",-1.64223577374889,2
"RPL5","Bin_8",-0.722394680557188,2
"RPL5","Bin_9",0.84888598233517,2
"RPL5","Bin_10",0.775296560647668,2
"RPL5","Bin_11",0.426230409581453,2
"RPL5","Bin_12",0.786651161813409,2
"RPL5","Bin_13",0.96512537053917,2
"RPL5","Bin_14",0.882596460074129,2
"RPL5","Bin_15",0.720632263713655,2
"RPL5","Bin_16",0.352456110433676,2
"RPL5","Bin_17",0.318894365325927,2
"RPL5","Bin_18",0.59544126859288,2
"RPL5","Bin_19",0.62944846819823,2
"RPL5","Bin_20",0.411694974272507,2
"RPS28","Bin_1",1.04073371010035,1
"RPS28","Bin_2",1.54678746612168,1
"RPS28","Bin_3",1.69957583963513,1
"RPS28","Bin_4",0.585508763591906,1
"RPS28","Bin_5",0.679975075876062,1
"RPS28","Bin_6",-2.51860123759063,1
"RPS28","Bin_7",-1.75875828507454,1
"RPS28","Bin_8",-1.47251630203915,1
"RPS28","Bin_9",0.0276045058333538,1
"RPS28","Bin_10",-0.0715118926040408,1
"RPS28","Bin_11",-0.10909366040238,1
"RPS28","Bin_12",0.220195205841734,1
"RPS28","Bin_13",0.114144406862581,1
"RPS28","Bin_14",0.228767355929132,1
"RPS28","Bin_15",0.187742250562109,1
"RPS28","Bin_16",-0.125874008859725,1
"RPS28","Bin_17",-0.131460097632835,1
"RPS28","Bin_18",0.0561872901464065,1
"RPS28","Bin_19",-0.0632912118967967,1
"RPS28","Bin_20",-0.136115174400347,1
"YBEY","Bin_1",-0.798658047502112,2
"YBEY","Bin_2",-1.31448524520078,2
"YBEY","Bin_3",-1.18691329469412,2
"YBEY","Bin_4",-1.32369612413842,2
"YBEY","Bin_5",-1.31672299750657,2
"YBEY","Bin_6",-1.0411207036902,2
"YBEY","Bin_7",-0.530064709976159,2
"YBEY","Bin_8",-1.47505432852778,2
"YBEY","Bin_9",0.389066607159915,2
"YBEY","Bin_10",0.509591539310659,2
"YBEY","Bin_11",0.642421355670407,2
"YBEY","Bin_12",0.43865249047155,2
"YBEY","Bin_13",0.554866367196057,2
"YBEY","Bin_14",0.999359722590038,2
"YBEY","Bin_15",0.751185542290913,2
"YBEY","Bin_16",0.258762378155646,2
"YBEY","Bin_17",0.718990381376878,2
"YBEY","Bin_18",1.1815172582431,2
"YBEY","Bin_19",1.49509552446573,2
"YBEY","Bin_20",1.04720628430525,2
"KRT6B","Bin_1",-1.60604348083688,2
"KRT6B","Bin_2",-1.17366719992553,2
"KRT6B","Bin_3",-0.824161628383021,2
"KRT6B","Bin_4",-0.83976089762631,2
"KRT6B","Bin_5",-1.23890181568188,2
"KRT6B","Bin_6",-1.72811311967354,2
"KRT6B","Bin_7",-0.832685555858452,2
"KRT6B","Bin_8",-0.0423144110090722,2
"KRT6B","Bin_9",1.18946119200803,2
"KRT6B","Bin_10",0.895593547045542,2
"KRT6B","Bin_11",0.733755492113863,2
"KRT6B","Bin_12",0.69909650852789,2
"KRT6B","Bin_13",0.918633647988744,2
"KRT6B","Bin_14",-0.00561781686852743,2
"KRT6B","Bin_15",0.19193486427986,2
"KRT6B","Bin_16",0.144405195507951,2
"KRT6B","Bin_17",0.104986688014522,2
"KRT6B","Bin_18",0.659168869834011,2
"KRT6B","Bin_19",1.20650798968268,2
"KRT6B","Bin_20",1.54772193086011,2
"ACP1","Bin_1",-1.10030602278198,2
"ACP1","Bin_2",-1.266504909795,2
"ACP1","Bin_3",-1.61588996039633,2
"ACP1","Bin_4",-0.933543496899422,2
"ACP1","Bin_5",-1.06720107971654,2
"ACP1","Bin_6",-1.76067620915755,2
"ACP1","Bin_7",-0.778469549221843,2
"ACP1","Bin_8",-0.612792453923625,2
"ACP1","Bin_9",0.71104255092846,2
"ACP1","Bin_10",0.936296846361142,2
"ACP1","Bin_11",0.831865684229023,2
"ACP1","Bin_12",0.825436005270978,2
"ACP1","Bin_13",0.390566804749904,2
"ACP1","Bin_14",0.323991453436562,2
"ACP1","Bin_15",0.660347434032375,2
"ACP1","Bin_16",0.671662540947535,2
"ACP1","Bin_17",0.973090939979864,2
"ACP1","Bin_18",0.95324957844527,2
"ACP1","Bin_19",0.946455770269248,2
"ACP1","Bin_20",0.911378073241932,2
"RHOBTB3","Bin_1",1.04770452727839,2
"RHOBTB3","Bin_2",-1.01835825414004,2
"RHOBTB3","Bin_3",-1.46277176482281,2
"RHOBTB3","Bin_4",-1.20339093055048,2
"RHOBTB3","Bin_5",-1.4300591362709,2
"RHOBTB3","Bin_6",-1.02763003501383,2
"RHOBTB3","Bin_7",-1.06058243999456,2
"RHOBTB3","Bin_8",-1.08261949319377,2
"RHOBTB3","Bin_9",-0.247418762334576,2
"RHOBTB3","Bin_10",0.147657255883781,2
"RHOBTB3","Bin_11",0.126141598176857,2
"RHOBTB3","Bin_12",0.276278089206572,2
"RHOBTB3","Bin_13",0.380213025843267,2
"RHOBTB3","Bin_14",0.741152848876719,2
"RHOBTB3","Bin_15",0.492372516439849,2
"RHOBTB3","Bin_16",0.349618893174158,2
"RHOBTB3","Bin_17",0.737008746144685,2
"RHOBTB3","Bin_18",1.39612025195434,2
"RHOBTB3","Bin_19",1.16971121249525,2
"RHOBTB3","Bin_20",1.6688518508471,2
"PSAP","Bin_1",0.283055558330217,2
"PSAP","Bin_2",-0.49244734622253,2
"PSAP","Bin_3",-1.09806801654186,2
"PSAP","Bin_4",-0.994108367476902,2
"PSAP","Bin_5",-1.59236280079331,2
"PSAP","Bin_6",-1.44183414582885,2
"PSAP","Bin_7",0.346255708196618,2
"PSAP","Bin_8",-1.47900702448098,2
"PSAP","Bin_9",-0.553114610513166,2
"PSAP","Bin_10",0.106329290244631,2
"PSAP","Bin_11",0.283067051173354,2
"PSAP","Bin_12",0.0242669844876857,2
"PSAP","Bin_13",-0.285033686478216,2
"PSAP","Bin_14",-0.00493123609309389,2
"PSAP","Bin_15",0.590572888003864,2
"PSAP","Bin_16",0.81516224688559,2
"PSAP","Bin_17",1.97461227363273,2
"PSAP","Bin_18",1.24234556842266,2
"PSAP","Bin_19",1.27572264495313,2
"PSAP","Bin_20",0.999517020098445,2
"MYO10","Bin_1",-1.33708285578618,2
"MYO10","Bin_2",-1.36428711593736,2
"MYO10","Bin_3",-1.57087634230553,2
"MYO10","Bin_4",-1.03344589149425,2
"MYO10","Bin_5",-1.5958147829655,2
"MYO10","Bin_6",-1.10357958794278,2
"MYO10","Bin_7",0.77448274594063,2
"MYO10","Bin_8",-0.751761653168523,2
"MYO10","Bin_9",0.346752398437565,2
"MYO10","Bin_10",0.676497710796991,2
"MYO10","Bin_11",0.622002281354366,2
"MYO10","Bin_12",0.525212432632223,2
"MYO10","Bin_13",0.253080730594563,2
"MYO10","Bin_14",0.365588860375149,2
"MYO10","Bin_15",0.377201277502394,2
"MYO10","Bin_16",0.300883019225746,2
"MYO10","Bin_17",1.22593854987545,2
"MYO10","Bin_18",1.06558580921239,2
"MYO10","Bin_19",1.33984719862401,2
"MYO10","Bin_20",0.883775215028647,2
"RPL28","Bin_1",-0.884008171370445,2
"RPL28","Bin_2",-0.777470518027962,2
"RPL28","Bin_3",-0.670654953518465,2
"RPL28","Bin_4",-1.46411870391161,2
"RPL28","Bin_5",-0.562070451497415,2
"RPL28","Bin_6",-2.64986997740351,2
"RPL28","Bin_7",-0.87676639563865,2
"RPL28","Bin_8",0.270272610866206,2
"RPL28","Bin_9",0.832800793146815,2
"RPL28","Bin_10",0.638301898209123,2
"RPL28","Bin_11",0.710895802600725,2
"RPL28","Bin_12",0.908751045449283,2
"RPL28","Bin_13",1.08077170342331,2
"RPL28","Bin_14",1.18541503716726,2
"RPL28","Bin_15",1.05672803610498,2
"RPL28","Bin_16",0.773097408428678,2
"RPL28","Bin_17",0.169758115151702,2
"RPL28","Bin_18",0.302527382278927,2
"RPL28","Bin_19",-0.0206910286577554,2
"RPL28","Bin_20",-0.0236696328011905,2
"SAA1","Bin_1",-0.279945830945494,1
"SAA1","Bin_2",2.25903698181724,1
"SAA1","Bin_3",3.13901914415936,1
"SAA1","Bin_4",0.754482019095799,1
"SAA1","Bin_5",0.677585087336974,1
"SAA1","Bin_6",-0.513795174653548,1
"SAA1","Bin_7",-0.513795174653548,1
"SAA1","Bin_8",-0.513795174653548,1
"SAA1","Bin_9",-0.490977477616208,1
"SAA1","Bin_10",-0.381501088935316,1
"SAA1","Bin_11",-0.314067663069927,1
"SAA1","Bin_12",-0.406901946158263,1
"SAA1","Bin_13",-0.402813143415874,1
"SAA1","Bin_14",-0.371507121812012,1
"SAA1","Bin_15",-0.344273240773541,1
"SAA1","Bin_16",-0.337116428209804,1
"SAA1","Bin_17",-0.460043767013281,1
"SAA1","Bin_18",-0.490535998589896,1
"SAA1","Bin_19",-0.50551400055342,1
"SAA1","Bin_20",-0.503540001355686,1
"ACTL6A","Bin_1",-1.20545758809394,2
"ACTL6A","Bin_2",-1.3933247272654,2
"ACTL6A","Bin_3",-1.52736990457537,2
"ACTL6A","Bin_4",-0.99025894823515,2
"ACTL6A","Bin_5",-1.21901920337036,2
"ACTL6A","Bin_6",-1.68090289109279,2
"ACTL6A","Bin_7",-0.688229160442963,2
"ACTL6A","Bin_8",0.0643224775950854,2
"ACTL6A","Bin_9",1.00536147449117,2
"ACTL6A","Bin_10",1.14852070313737,2
"ACTL6A","Bin_11",1.14588266119337,2
"ACTL6A","Bin_12",0.605876449414766,2
"ACTL6A","Bin_13",0.644224576644404,2
"ACTL6A","Bin_14",0.438961995866418,2
"ACTL6A","Bin_15",0.236456869518878,2
"ACTL6A","Bin_16",0.618679551925656,2
"ACTL6A","Bin_17",0.289369443258449,2
"ACTL6A","Bin_18",0.432639291127979,2
"ACTL6A","Bin_19",1.14720251455678,2
"ACTL6A","Bin_20",0.927064414345645,2
"ODC1","Bin_1",-1.26413709407695,2
"ODC1","Bin_2",-1.19701381085272,2
"ODC1","Bin_3",-1.07348423237315,2
"ODC1","Bin_4",-1.04173209007821,2
"ODC1","Bin_5",-0.989124890560562,2
"ODC1","Bin_6",-1.47630470451854,2
"ODC1","Bin_7",-0.69985577571935,2
"ODC1","Bin_8",-1.01317632921344,2
"ODC1","Bin_9",1.11194122839202,2
"ODC1","Bin_10",1.49093692236463,2
"ODC1","Bin_11",0.962510175868367,2
"ODC1","Bin_12",0.557230081828171,2
"ODC1","Bin_13",0.715794285116311,2
"ODC1","Bin_14",0.236088442989942,2
"ODC1","Bin_15",0.152518592360392,2
"ODC1","Bin_16",0.236073124744525,2
"ODC1","Bin_17",0.12277752561504,2
"ODC1","Bin_18",0.652052735095339,2
"ODC1","Bin_19",1.4890928915949,2
"ODC1","Bin_20",1.02781292142328,2
"CDKN2A","Bin_1",-1.51650692560749,2
"CDKN2A","Bin_2",-1.60714820614072,2
"CDKN2A","Bin_3",-1.59255414422862,2
"CDKN2A","Bin_4",-0.801538948564312,2
"CDKN2A","Bin_5",-1.24490068816305,2
"CDKN2A","Bin_6",-1.30517475892575,2
"CDKN2A","Bin_7",-0.807371867754098,2
"CDKN2A","Bin_8",0.334855818668742,2
"CDKN2A","Bin_9",1.02758708562048,2
"CDKN2A","Bin_10",1.18800034812543,2
"CDKN2A","Bin_11",0.9289174158191,2
"CDKN2A","Bin_12",0.922068732248178,2
"CDKN2A","Bin_13",0.727464020815331,2
"CDKN2A","Bin_14",0.388389627540382,2
"CDKN2A","Bin_15",0.476881925259929,2
"CDKN2A","Bin_16",0.479303097410137,2
"CDKN2A","Bin_17",0.306849792683101,2
"CDKN2A","Bin_18",0.5229262351678,2
"CDKN2A","Bin_19",0.804010034380015,2
"CDKN2A","Bin_20",0.767941405645405,2
"MPZL2","Bin_1",-0.806022217654835,2
"MPZL2","Bin_2",-0.768566494664741,2
"MPZL2","Bin_3",-1.14379366341939,2
"MPZL2","Bin_4",-1.33799074316941,2
"MPZL2","Bin_5",-1.61587218181073,2
"MPZL2","Bin_6",-0.953431064494389,2
"MPZL2","Bin_7",-1.25424699924187,2
"MPZL2","Bin_8",-0.567973198054722,2
"MPZL2","Bin_9",0.0680099261810276,2
"MPZL2","Bin_10",0.547068493804041,2
"MPZL2","Bin_11",0.550826844693801,2
"MPZL2","Bin_12",0.39718785982281,2
"MPZL2","Bin_13",0.214243063480724,2
"MPZL2","Bin_14",0.250558647023218,2
"MPZL2","Bin_15",0.261159497397091,2
"MPZL2","Bin_16",0.616810549166278,2
"MPZL2","Bin_17",1.80970087426791,2
"MPZL2","Bin_18",1.20877317984896,2
"MPZL2","Bin_19",1.22565816666563,2
"MPZL2","Bin_20",1.29789946015861,2
"FXYD3","Bin_1",-0.104833305302209,2
"FXYD3","Bin_2",-0.813387027040661,2
"FXYD3","Bin_3",-1.00160820118558,2
"FXYD3","Bin_4",-1.48303087806222,2
"FXYD3","Bin_5",-1.98250792303402,2
"FXYD3","Bin_6",-1.9291713674197,2
"FXYD3","Bin_7",-1.21430565470556,2
"FXYD3","Bin_8",0.361311728274307,2
"FXYD3","Bin_9",0.808349151717175,2
"FXYD3","Bin_10",0.644838948389983,2
"FXYD3","Bin_11",0.701086094603007,2
"FXYD3","Bin_12",0.871513084515547,2
"FXYD3","Bin_13",0.807904580015823,2
"FXYD3","Bin_14",0.744981004435814,2
"FXYD3","Bin_15",0.837961405110687,2
"FXYD3","Bin_16",0.61752231704729,2
"FXYD3","Bin_17",0.51125761203097,2
"FXYD3","Bin_18",0.791762391007123,2
"FXYD3","Bin_19",0.307595261452459,2
"FXYD3","Bin_20",0.522760778149765,2
"PSMA5","Bin_1",-0.662068879357606,2
"PSMA5","Bin_2",-1.24634556714718,2
"PSMA5","Bin_3",-1.44100597159239,2
"PSMA5","Bin_4",-0.846705032371256,2
"PSMA5","Bin_5",-1.05986343085122,2
"PSMA5","Bin_6",-1.84833239215007,2
"PSMA5","Bin_7",-1.02981235481656,2
"PSMA5","Bin_8",-0.873851141749493,2
"PSMA5","Bin_9",0.560750205625446,2
"PSMA5","Bin_10",1.156554419335,2
"PSMA5","Bin_11",0.933938827664381,2
"PSMA5","Bin_12",0.377603972844443,2
"PSMA5","Bin_13",0.818272081656318,2
"PSMA5","Bin_14",0.5373780502468,2
"PSMA5","Bin_15",0.402792425547557,2
"PSMA5","Bin_16",0.467205426320575,2
"PSMA5","Bin_17",0.624534893842971,2
"PSMA5","Bin_18",0.736126638898089,2
"PSMA5","Bin_19",1.35549923338408,2
"PSMA5","Bin_20",1.03732859467011,2
"MRPS6","Bin_1",-0.832531170649124,2
"MRPS6","Bin_2",-1.18251704755392,2
"MRPS6","Bin_3",-1.07107680296168,2
"MRPS6","Bin_4",-0.831792449716908,2
"MRPS6","Bin_5",-1.47313232341387,2
"MRPS6","Bin_6",-1.6370161965216,2
"MRPS6","Bin_7",-1.1920997388468,2
"MRPS6","Bin_8",-0.745144868242676,2
"MRPS6","Bin_9",0.861699853846716,2
"MRPS6","Bin_10",1.25028261755056,2
"MRPS6","Bin_11",0.931654319760178,2
"MRPS6","Bin_12",0.604416348129622,2
"MRPS6","Bin_13",0.482754100755484,2
"MRPS6","Bin_14",0.101421358528577,2
"MRPS6","Bin_15",0.239643060454618,2
"MRPS6","Bin_16",0.488589137285978,2
"MRPS6","Bin_17",0.78259917132551,2
"MRPS6","Bin_18",0.84992703959923,2
"MRPS6","Bin_19",1.27521907279359,2
"MRPS6","Bin_20",1.09710451787651,2
"ARL1","Bin_1",-0.453964007418144,2
"ARL1","Bin_2",-1.07276543720525,2
"ARL1","Bin_3",-1.34767487184677,2
"ARL1","Bin_4",-0.986520110402802,2
"ARL1","Bin_5",-1.32398390729045,2
"ARL1","Bin_6",-1.19947873547231,2
"ARL1","Bin_7",-1.50744581638731,2
"ARL1","Bin_8",-0.551672860778269,2
"ARL1","Bin_9",0.0957705543773116,2
"ARL1","Bin_10",0.378038006453038,2
"ARL1","Bin_11",0.517975095714891,2
"ARL1","Bin_12",0.240461828824,2
"ARL1","Bin_13",0.130919053703078,2
"ARL1","Bin_14",0.143240312989994,2
"ARL1","Bin_15",0.619838546025836,2
"ARL1","Bin_16",1.01993642704823,2
"ARL1","Bin_17",1.62840713453891,2
"ARL1","Bin_18",1.24687497983849,2
"ARL1","Bin_19",1.2626716280402,2
"ARL1","Bin_20",1.15937217924732,2
"P4HA1","Bin_1",-0.614935788519988,2
"P4HA1","Bin_2",-1.00407880898899,2
"P4HA1","Bin_3",-1.09250495842077,2
"P4HA1","Bin_4",-0.50490003068299,2
"P4HA1","Bin_5",-1.04554233159915,2
"P4HA1","Bin_6",-0.171073473837744,2
"P4HA1","Bin_7",-0.453882955228521,2
"P4HA1","Bin_8",-0.0203776864130641,2
"P4HA1","Bin_9",-0.698315190674058,2
"P4HA1","Bin_10",-0.684615196225062,2
"P4HA1","Bin_11",-0.194442942361154,2
"P4HA1","Bin_12",0.168843395382111,2
"P4HA1","Bin_13",-0.642779854808989,2
"P4HA1","Bin_14",-0.251887620995834,2
"P4HA1","Bin_15",1.05746410657347,2
"P4HA1","Bin_16",1.3659546368618,2
"P4HA1","Bin_17",2.9380432931608,2
"P4HA1","Bin_18",1.06873024223655,2
"P4HA1","Bin_19",0.0198216155940687,2
"P4HA1","Bin_20",0.760479548947521,2
"RPL18","Bin_1",-0.321710297992673,2
"RPL18","Bin_2",-0.138998628893765,2
"RPL18","Bin_3",-0.204468935125131,2
"RPL18","Bin_4",-1.45092891384165,2
"RPL18","Bin_5",-0.195110408266746,2
"RPL18","Bin_6",-2.84259776442588,2
"RPL18","Bin_7",-1.77340238891944,2
"RPL18","Bin_8",-0.576662080953179,2
"RPL18","Bin_9",0.619778131734917,2
"RPL18","Bin_10",0.581617586724199,2
"RPL18","Bin_11",0.496812841526404,2
"RPL18","Bin_12",0.836933172878941,2
"RPL18","Bin_13",0.810995626346225,2
"RPL18","Bin_14",0.917182561981545,2
"RPL18","Bin_15",0.871224462939992,2
"RPL18","Bin_16",0.618390453977828,2
"RPL18","Bin_17",0.521478155036982,2
"RPL18","Bin_18",0.565185546521164,2
"RPL18","Bin_19",0.410194663830798,2
"RPL18","Bin_20",0.254086214919472,2
"HLA-DPA1","Bin_1",0.585010696108781,1
"HLA-DPA1","Bin_2",1.4713164523507,1
"HLA-DPA1","Bin_3",2.08300278164241,1
"HLA-DPA1","Bin_4",2.99108043916831,1
"HLA-DPA1","Bin_5",-0.279848568846166,1
"HLA-DPA1","Bin_6",-0.461062336061467,1
"HLA-DPA1","Bin_7",-0.461062336061467,1
"HLA-DPA1","Bin_8",-0.461062336061467,1
"HLA-DPA1","Bin_9",-0.461062336061467,1
"HLA-DPA1","Bin_10",-0.453851387987351,1
"HLA-DPA1","Bin_11",-0.45928608719474,1
"HLA-DPA1","Bin_12",-0.461062336061467,1
"HLA-DPA1","Bin_13",-0.461062336061467,1
"HLA-DPA1","Bin_14",-0.442796669971406,1
"HLA-DPA1","Bin_15",-0.455961868553291,1
"HLA-DPA1","Bin_16",-0.461062336061467,1
"HLA-DPA1","Bin_17",-0.453532688155273,1
"HLA-DPA1","Bin_18",-0.451566554728556,1
"HLA-DPA1","Bin_19",-0.445067855341678,1
"HLA-DPA1","Bin_20",-0.461062336061467,1
"DDIT4","Bin_1",-1.18655678818476,2
"DDIT4","Bin_2",-0.828746614640165,2
"DDIT4","Bin_3",-1.14679505189764,2
"DDIT4","Bin_4",-0.34957198265105,2
"DDIT4","Bin_5",-1.4773068829918,2
"DDIT4","Bin_6",-1.4191409194817,2
"DDIT4","Bin_7",0.124145278748848,2
"DDIT4","Bin_8",-0.854687443109302,2
"DDIT4","Bin_9",-0.0217719030336371,2
"DDIT4","Bin_10",-0.121568960135813,2
"DDIT4","Bin_11",0.155491939031079,2
"DDIT4","Bin_12",0.117449081775783,2
"DDIT4","Bin_13",-0.16783409199767,2
"DDIT4","Bin_14",0.0213210753336311,2
"DDIT4","Bin_15",0.703844047725965,2
"DDIT4","Bin_16",0.740897954742672,2
"DDIT4","Bin_17",2.34291071489294,2
"DDIT4","Bin_18",1.20003825518993,2
"DDIT4","Bin_19",1.32916545815992,2
"DDIT4","Bin_20",0.838716832522773,2
"RPS15","Bin_1",1.11832487238998,1
"RPS15","Bin_2",1.24524327843722,1
"RPS15","Bin_3",1.20537754571243,1
"RPS15","Bin_4",0.349515699253214,1
"RPS15","Bin_5",0.974144799411246,1
"RPS15","Bin_6",-3.12507001062723,1
"RPS15","Bin_7",-1.2456114354383,1
"RPS15","Bin_8",-1.23228478625278,1
"RPS15","Bin_9",0.15439561793876,1
"RPS15","Bin_10",-0.0235345081140372,1
"RPS15","Bin_11",0.0186651340090339,1
"RPS15","Bin_12",0.322779921810782,1
"RPS15","Bin_13",0.372256714243473,1
"RPS15","Bin_14",0.475739907029862,1
"RPS15","Bin_15",0.283791432947383,1
"RPS15","Bin_16",0.015295813060226,1
"RPS15","Bin_17",-0.17180989698898,1
"RPS15","Bin_18",-0.0577089736249593,1
"RPS15","Bin_19",-0.329527031071841,1
"RPS15","Bin_20",-0.349984094125487,1
"SDHC","Bin_1",-0.766539696527165,2
"SDHC","Bin_2",-1.45650735589935,2
"SDHC","Bin_3",-1.72105166426247,2
"SDHC","Bin_4",-1.046318194421,2
"SDHC","Bin_5",-1.22883708970894,2
"SDHC","Bin_6",-0.959705817638716,2
"SDHC","Bin_7",-1.18274438890096,2
"SDHC","Bin_8",-0.904508008038173,2
"SDHC","Bin_9",0.800565350067954,2
"SDHC","Bin_10",0.75332173302418,2
"SDHC","Bin_11",0.70543046779823,2
"SDHC","Bin_12",0.594168281656791,2
"SDHC","Bin_13",0.765569718887316,2
"SDHC","Bin_14",0.728874099989437,2
"SDHC","Bin_15",0.532016823482762,2
"SDHC","Bin_16",0.575705458280061,2
"SDHC","Bin_17",0.693003441993175,2
"SDHC","Bin_18",0.816349316877164,2
"SDHC","Bin_19",1.13123876111921,2
"SDHC","Bin_20",1.1699687622205,2
"FAM162A","Bin_1",-0.51565688460481,2
"FAM162A","Bin_2",-1.0992759869451,2
"FAM162A","Bin_3",-1.06419659129412,2
"FAM162A","Bin_4",-1.00509996082303,2
"FAM162A","Bin_5",-1.11091337728836,2
"FAM162A","Bin_6",-1.65480847085301,2
"FAM162A","Bin_7",-0.925834559428034,2
"FAM162A","Bin_8",-0.736495922468818,2
"FAM162A","Bin_9",-0.0115539243648239,2
"FAM162A","Bin_10",0.562064590176997,2
"FAM162A","Bin_11",0.677956569627553,2
"FAM162A","Bin_12",0.605127357619946,2
"FAM162A","Bin_13",-0.134366126984697,2
"FAM162A","Bin_14",-0.0657229034770998,2
"FAM162A","Bin_15",1.14895742453065,2
"FAM162A","Bin_16",1.54292277138714,2
"FAM162A","Bin_17",1.98415244687398,2
"FAM162A","Bin_18",0.536138110663501,2
"FAM162A","Bin_19",0.388923008100188,2
"FAM162A","Bin_20",0.877682429551947,2
"SMAGP","Bin_1",-1.27921817017159,2
"SMAGP","Bin_2",-1.30633892356359,2
"SMAGP","Bin_3",-1.14824507229609,2
"SMAGP","Bin_4",-1.32241544034433,2
"SMAGP","Bin_5",-1.40134888034639,2
"SMAGP","Bin_6",-0.950605251202438,2
"SMAGP","Bin_7",-1.17139016217956,2
"SMAGP","Bin_8",-0.807941487929853,2
"SMAGP","Bin_9",0.539536429210924,2
"SMAGP","Bin_10",0.636869124436588,2
"SMAGP","Bin_11",1.08047085161847,2
"SMAGP","Bin_12",0.777500020019185,2
"SMAGP","Bin_13",0.863588614338839,2
"SMAGP","Bin_14",0.831469202723372,2
"SMAGP","Bin_15",0.772660569922207,2
"SMAGP","Bin_16",0.601591204527473,2
"SMAGP","Bin_17",0.629869809850222,2
"SMAGP","Bin_18",0.670907523175492,2
"SMAGP","Bin_19",0.892192444008964,2
"SMAGP","Bin_20",1.0908475942021,2
"FAM84A","Bin_1",-1.27530539455533,2
"FAM84A","Bin_2",-1.16458941385016,2
"FAM84A","Bin_3",-1.55071490559207,2
"FAM84A","Bin_4",-1.55666046641763,2
"FAM84A","Bin_5",-1.71586213748066,2
"FAM84A","Bin_6",0.177823781060929,2
"FAM84A","Bin_7",-0.240071086567095,2
"FAM84A","Bin_8",-0.739233265138069,2
"FAM84A","Bin_9",0.482269637861882,2
"FAM84A","Bin_10",0.194571172728148,2
"FAM84A","Bin_11",0.382810506460109,2
"FAM84A","Bin_12",0.910521686944723,2
"FAM84A","Bin_13",0.306042474920832,2
"FAM84A","Bin_14",0.0396214763160839,2
"FAM84A","Bin_15",0.423794649849802,2
"FAM84A","Bin_16",0.509166063155484,2
"FAM84A","Bin_17",1.27334141001642,2
"FAM84A","Bin_18",1.19980784286718,2
"FAM84A","Bin_19",1.28182385438453,2
"FAM84A","Bin_20",1.06084211303488,2
"RPL31","Bin_1",0.227766892919048,2
"RPL31","Bin_2",-0.820828765439367,2
"RPL31","Bin_3",-1.10179461479317,2
"RPL31","Bin_4",-1.73764045439045,2
"RPL31","Bin_5",-0.853558559339988,2
"RPL31","Bin_6",-2.55192455551864,2
"RPL31","Bin_7",-1.05308674487622,2
"RPL31","Bin_8",-0.00177674784913863,2
"RPL31","Bin_9",0.667094459146637,2
"RPL31","Bin_10",0.496710090217135,2
"RPL31","Bin_11",0.424158036049197,2
"RPL31","Bin_12",0.791668934687346,2
"RPL31","Bin_13",0.862714971856163,2
"RPL31","Bin_14",1.02834847616441,2
"RPL31","Bin_15",0.920159929802521,2
"RPL31","Bin_16",0.629918591459822,2
"RPL31","Bin_17",0.595074351444575,2
"RPL31","Bin_18",0.683208964366582,2
"RPL31","Bin_19",0.472883093532086,2
"RPL31","Bin_20",0.320903650561462,2
"TMED10","Bin_1",0.505651304912789,2
"TMED10","Bin_2",-0.573575897145811,2
"TMED10","Bin_3",-1.06200626481405,2
"TMED10","Bin_4",-0.95775648388838,2
"TMED10","Bin_5",-1.47935666984203,2
"TMED10","Bin_6",-1.7847717552135,2
"TMED10","Bin_7",-1.13880763082297,2
"TMED10","Bin_8",-0.757396905646834,2
"TMED10","Bin_9",-0.162453236225034,2
"TMED10","Bin_10",0.0351002775196237,2
"TMED10","Bin_11",0.330441826910191,2
"TMED10","Bin_12",0.0242729669392237,2
"TMED10","Bin_13",0.145607064898758,2
"TMED10","Bin_14",0.239669703108357,2
"TMED10","Bin_15",0.430650505442447,2
"TMED10","Bin_16",0.434013189067921,2
"TMED10","Bin_17",1.36198729011895,2
"TMED10","Bin_18",1.15488846928944,2
"TMED10","Bin_19",1.46361526499993,2
"TMED10","Bin_20",1.79022698039099,2
"MRPL47","Bin_1",-1.28462538555425,2
"MRPL47","Bin_2",-1.46287468464725,2
"MRPL47","Bin_3",-1.63432165217597,2
"MRPL47","Bin_4",-1.00401508823039,2
"MRPL47","Bin_5",-1.19817232143427,2
"MRPL47","Bin_6",-1.32575739219899,2
"MRPL47","Bin_7",-0.898577715503249,2
"MRPL47","Bin_8",0.668328982101943,2
"MRPL47","Bin_9",0.981951044525689,2
"MRPL47","Bin_10",1.14492637674075,2
"MRPL47","Bin_11",1.00560935714345,2
"MRPL47","Bin_12",0.426617843991503,2
"MRPL47","Bin_13",0.692002545173746,2
"MRPL47","Bin_14",0.29141333183578,2
"MRPL47","Bin_15",0.179190741593248,2
"MRPL47","Bin_16",0.292453429624843,2
"MRPL47","Bin_17",0.357028074121224,2
"MRPL47","Bin_18",0.519094145806783,2
"MRPL47","Bin_19",1.07011405984588,2
"MRPL47","Bin_20",1.17961430723952,2
"PSMB1","Bin_1",-0.860121707453103,2
"PSMB1","Bin_2",-1.17785827430084,2
"PSMB1","Bin_3",-1.27414725745326,2
"PSMB1","Bin_4",-0.791600249336085,2
"PSMB1","Bin_5",-1.41710751655364,2
"PSMB1","Bin_6",-1.30380329202819,2
"PSMB1","Bin_7",-1.519543465142,2
"PSMB1","Bin_8",-0.309130580953504,2
"PSMB1","Bin_9",0.835229892779694,2
"PSMB1","Bin_10",1.01280611792836,2
"PSMB1","Bin_11",0.738699132790383,2
"PSMB1","Bin_12",0.517985467374532,2
"PSMB1","Bin_13",0.368752460654193,2
"PSMB1","Bin_14",0.022231676484172,2
"PSMB1","Bin_15",0.320122235923241,2
"PSMB1","Bin_16",0.237115518487411,2
"PSMB1","Bin_17",0.693319982984711,2
"PSMB1","Bin_18",1.06587871322283,2
"PSMB1","Bin_19",1.53154859211609,2
"PSMB1","Bin_20",1.309622552475,2
"MTRNR2L8","Bin_1",1.08454243788861,1
"MTRNR2L8","Bin_2",2.1000964175495,1
"MTRNR2L8","Bin_3",2.84128791310651,1
"MTRNR2L8","Bin_4",1.34322039842026,1
"MTRNR2L8","Bin_5",-0.375896588254825,1
"MTRNR2L8","Bin_6",-0.630237768808333,1
"MTRNR2L8","Bin_7",-0.253855902318858,1
"MTRNR2L8","Bin_8",-0.630237768808333,1
"MTRNR2L8","Bin_9",-0.506363038283753,1
"MTRNR2L8","Bin_10",-0.43482795090207,1
"MTRNR2L8","Bin_11",-0.467602580028969,1
"MTRNR2L8","Bin_12",-0.444484036251565,1
"MTRNR2L8","Bin_13",-0.471191941843932,1
"MTRNR2L8","Bin_14",-0.451881565648695,1
"MTRNR2L8","Bin_15",-0.382494230300763,1
"MTRNR2L8","Bin_16",-0.334704402423563,1
"MTRNR2L8","Bin_17",-0.454226583738177,1
"MTRNR2L8","Bin_18",-0.483685779352271,1
"MTRNR2L8","Bin_19",-0.501788505059565,1
"MTRNR2L8","Bin_20",-0.545668524941206,1
"CCT8","Bin_1",-1.05630231827128,2
"CCT8","Bin_2",-1.37748323814143,2
"CCT8","Bin_3",-1.46375442234964,2
"CCT8","Bin_4",-1.03555351877105,2
"CCT8","Bin_5",-1.42517914812755,2
"CCT8","Bin_6",-1.26295926090928,2
"CCT8","Bin_7",-0.780898479882448,2
"CCT8","Bin_8",-0.614097962850115,2
"CCT8","Bin_9",1.18192941220888,2
"CCT8","Bin_10",1.26513134579486,2
"CCT8","Bin_11",0.854239834207221,2
"CCT8","Bin_12",0.734373305030177,2
"CCT8","Bin_13",0.675114420802376,2
"CCT8","Bin_14",0.396949407179188,2
"CCT8","Bin_15",0.395705892121379,2
"CCT8","Bin_16",0.3805246207932,2
"CCT8","Bin_17",0.237813261044235,2
"CCT8","Bin_18",0.684582195751869,2
"CCT8","Bin_19",1.17726218851381,2
"CCT8","Bin_20",1.0326024658556,2
"TSFM","Bin_1",-0.464921549772385,2
"TSFM","Bin_2",-1.049493282604,2
"TSFM","Bin_3",-1.30989695976901,2
"TSFM","Bin_4",-1.23218072540569,2
"TSFM","Bin_5",-1.1687908139369,2
"TSFM","Bin_6",-1.47926138784555,2
"TSFM","Bin_7",-1.47926138784555,2
"TSFM","Bin_8",-0.890663836171264,2
"TSFM","Bin_9",0.490203568468701,2
"TSFM","Bin_10",0.87439065564307,2
"TSFM","Bin_11",0.878874244362935,2
"TSFM","Bin_12",0.30759551779354,2
"TSFM","Bin_13",0.797751115901152,2
"TSFM","Bin_14",0.763859950946942,2
"TSFM","Bin_15",0.646716753822782,2
"TSFM","Bin_16",0.875250310159038,2
"TSFM","Bin_17",0.281838655394114,2
"TSFM","Bin_18",0.660181250292805,2
"TSFM","Bin_19",1.22020440196082,2
"TSFM","Bin_20",1.27760351860444,2
"PCMT1","Bin_1",-0.637523946671374,2
"PCMT1","Bin_2",-1.15509301484326,2
"PCMT1","Bin_3",-1.22272120434409,2
"PCMT1","Bin_4",-0.583285707651583,2
"PCMT1","Bin_5",-1.20439437269248,2
"PCMT1","Bin_6",-1.83396227107879,2
"PCMT1","Bin_7",-1.57658472741424,2
"PCMT1","Bin_8",-0.1099783922078,2
"PCMT1","Bin_9",0.504377578144166,2
"PCMT1","Bin_10",1.00211902893126,2
"PCMT1","Bin_11",0.82051910364288,2
"PCMT1","Bin_12",0.373758367479799,2
"PCMT1","Bin_13",0.0737277444200613,2
"PCMT1","Bin_14",-0.0161126236800364,2
"PCMT1","Bin_15",0.356403711307558,2
"PCMT1","Bin_16",0.567080376268507,2
"PCMT1","Bin_17",1.22100354872831,2
"PCMT1","Bin_18",0.838621822410527,2
"PCMT1","Bin_19",1.11947629785466,2
"PCMT1","Bin_20",1.46256868139591,2
"RPL22L1","Bin_1",-0.92266588761348,2
"RPL22L1","Bin_2",-0.762624910829833,2
"RPL22L1","Bin_3",-0.911735929259214,2
"RPL22L1","Bin_4",-1.33035261220086,2
"RPL22L1","Bin_5",-1.42512008373929,2
"RPL22L1","Bin_6",-1.58161649355491,2
"RPL22L1","Bin_7",-1.2806188725043,2
"RPL22L1","Bin_8",-1.04972835545488,2
"RPL22L1","Bin_9",0.47884816436046,2
"RPL22L1","Bin_10",0.922441780791295,2
"RPL22L1","Bin_11",1.10409700526744,2
"RPL22L1","Bin_12",0.943091468623011,2
"RPL22L1","Bin_13",0.540773817318364,2
"RPL22L1","Bin_14",0.396860556974761,2
"RPL22L1","Bin_15",0.829825152066017,2
"RPL22L1","Bin_16",0.964399639243374,2
"RPL22L1","Bin_17",0.924028331898206,2
"RPL22L1","Bin_18",0.845070565703562,2
"RPL22L1","Bin_19",0.686845522016346,2
"RPL22L1","Bin_20",0.628181140893928,2
"PSMB5","Bin_1",-0.67542950200485,2
"PSMB5","Bin_2",-1.21406329682415,2
"PSMB5","Bin_3",-1.25360565713265,2
"PSMB5","Bin_4",-0.605716671328367,2
"PSMB5","Bin_5",-1.08156155306091,2
"PSMB5","Bin_6",-1.74857129564869,2
"PSMB5","Bin_7",-1.2901556466756,2
"PSMB5","Bin_8",-1.31333041109022,2
"PSMB5","Bin_9",0.762698923088225,2
"PSMB5","Bin_10",0.770557831774036,2
"PSMB5","Bin_11",0.783149160645868,2
"PSMB5","Bin_12",0.586277587072703,2
"PSMB5","Bin_13",0.635893975887619,2
"PSMB5","Bin_14",0.637690317989498,2
"PSMB5","Bin_15",0.672910883458313,2
"PSMB5","Bin_16",0.559180054580933,2
"PSMB5","Bin_17",0.550978683442697,2
"PSMB5","Bin_18",0.916994838017061,2
"PSMB5","Bin_19",1.11924353160817,2
"PSMB5","Bin_20",1.18685824620031,2
"DLX5","Bin_1",-0.896142599333247,2
"DLX5","Bin_2",-0.896142599333247,2
"DLX5","Bin_3",-0.860909744131379,2
"DLX5","Bin_4",-0.421397274377175,2
"DLX5","Bin_5",-0.829584041057131,2
"DLX5","Bin_6",-0.896142599333247,2
"DLX5","Bin_7",-0.566169366995486,2
"DLX5","Bin_8",-0.233683949225552,2
"DLX5","Bin_9",-0.310271045129731,2
"DLX5","Bin_10",-0.181840293505507,2
"DLX5","Bin_11",-0.0552952198492536,2
"DLX5","Bin_12",-0.221295701305922,2
"DLX5","Bin_13",-0.197593384931644,2
"DLX5","Bin_14",-0.219810584987622,2
"DLX5","Bin_15",0.364867511771684,2
"DLX5","Bin_16",-0.119810869868789,2
"DLX5","Bin_17",0.580266400508672,2
"DLX5","Bin_18",1.14208636066481,2
"DLX5","Bin_19",1.72363105405601,2
"DLX5","Bin_20",3.09523794636376,2
"RPL21","Bin_1",-0.231151221468006,2
"RPL21","Bin_2",-0.268675439718071,2
"RPL21","Bin_3",-0.306933943817627,2
"RPL21","Bin_4",-1.1092446279518,2
"RPL21","Bin_5",0.495364794693588,2
"RPL21","Bin_6",-3.38430112441699,2
"RPL21","Bin_7",-1.48678496269142,2
"RPL21","Bin_8",-0.0155291719720628,2
"RPL21","Bin_9",0.744431860814514,2
"RPL21","Bin_10",0.442482431482972,2
"RPL21","Bin_11",0.349433832020032,2
"RPL21","Bin_12",0.62526414011038,2
"RPL21","Bin_13",0.707351078601029,2
"RPL21","Bin_14",0.788744182747107,2
"RPL21","Bin_15",0.682630310820967,2
"RPL21","Bin_16",0.370012022772812,2
"RPL21","Bin_17",0.342280461879951,2
"RPL21","Bin_18",0.469687539731768,2
"RPL21","Bin_19",0.446731006425956,2
"RPL21","Bin_20",0.338206829934903,2
"NNMT","Bin_1",1.74190012807806,1
"NNMT","Bin_2",2.16341501077103,1
"NNMT","Bin_3",2.81822219893868,1
"NNMT","Bin_4",0.247290531011632,1
"NNMT","Bin_5",-0.00152743394256644,1
"NNMT","Bin_6",-0.514421474150664,1
"NNMT","Bin_7",-0.514421474150664,1
"NNMT","Bin_8",-0.514421474150664,1
"NNMT","Bin_9",-0.471730265144102,1
"NNMT","Bin_10",-0.463734590187583,1
"NNMT","Bin_11",-0.393520050595623,1
"NNMT","Bin_12",-0.414149707395549,1
"NNMT","Bin_13",-0.514421474150664,1
"NNMT","Bin_14",-0.509093380472715,1
"NNMT","Bin_15",-0.425381198607728,1
"NNMT","Bin_16",-0.326419753763617,1
"NNMT","Bin_17",-0.438058687580984,1
"NNMT","Bin_18",-0.465375624444723,1
"NNMT","Bin_19",-0.494719528647539,1
"NNMT","Bin_20",-0.509431751414014,1
"ADI1","Bin_1",-0.903511229252671,2
"ADI1","Bin_2",-0.900643210750672,2
"ADI1","Bin_3",-1.30179101843473,2
"ADI1","Bin_4",-0.863289740383121,2
"ADI1","Bin_5",-1.38178100190974,2
"ADI1","Bin_6",-0.900364602541159,2
"ADI1","Bin_7",-1.41861578527423,2
"ADI1","Bin_8",-1.04874810352898,2
"ADI1","Bin_9",0.624574949276661,2
"ADI1","Bin_10",0.99032490792682,2
"ADI1","Bin_11",0.597933624682326,2
"ADI1","Bin_12",0.421668251410804,2
"ADI1","Bin_13",0.243686264495034,2
"ADI1","Bin_14",0.0241836048577858,2
"ADI1","Bin_15",0.294385221194543,2
"ADI1","Bin_16",0.356668576744062,2
"ADI1","Bin_17",0.980028521349851,2
"ADI1","Bin_18",1.13828903323675,2
"ADI1","Bin_19",1.62834630602039,2
"ADI1","Bin_20",1.4186554308803,2
"EPCAM","Bin_1",-0.757542866023236,2
"EPCAM","Bin_2",-1.10022563776482,2
"EPCAM","Bin_3",-1.68089952336816,2
"EPCAM","Bin_4",-1.17284670970809,2
"EPCAM","Bin_5",-1.63651698898415,2
"EPCAM","Bin_6",-1.38202257711841,2
"EPCAM","Bin_7",-0.525064656346832,2
"EPCAM","Bin_8",-0.835162657052833,2
"EPCAM","Bin_9",0.544535914388653,2
"EPCAM","Bin_10",1.13911067988457,2
"EPCAM","Bin_11",0.963635472634968,2
"EPCAM","Bin_12",0.527178414360939,2
"EPCAM","Bin_13",0.669269839408184,2
"EPCAM","Bin_14",0.472333543679954,2
"EPCAM","Bin_15",0.479463888989645,2
"EPCAM","Bin_16",0.763326825409147,2
"EPCAM","Bin_17",0.801879928145758,2
"EPCAM","Bin_18",0.922981501656466,2
"EPCAM","Bin_19",1.04880348864407,2
"EPCAM","Bin_20",0.757762119164181,2
"RER1","Bin_1",-0.131503946770141,2
"RER1","Bin_2",-1.07524637167266,2
"RER1","Bin_3",-1.32522194644632,2
"RER1","Bin_4",-0.779493436616011,2
"RER1","Bin_5",-1.27130653265794,2
"RER1","Bin_6",-1.42683175826506,2
"RER1","Bin_7",-1.81927844287084,2
"RER1","Bin_8",-0.709138463142027,2
"RER1","Bin_9",0.421468462667769,2
"RER1","Bin_10",0.535457745921821,2
"RER1","Bin_11",0.814116616122455,2
"RER1","Bin_12",0.354702633801753,2
"RER1","Bin_13",0.336499239421487,2
"RER1","Bin_14",0.135490762642739,2
"RER1","Bin_15",0.47775547736209,2
"RER1","Bin_16",0.549750888925631,2
"RER1","Bin_17",1.20409715120636,2
"RER1","Bin_18",1.07210516735705,2
"RER1","Bin_19",1.25518562385182,2
"RER1","Bin_20",1.38139112916002,2
"NEBL","Bin_1",-0.726841624177736,2
"NEBL","Bin_2",-1.24068518054394,2
"NEBL","Bin_3",-1.59024338644349,2
"NEBL","Bin_4",-1.76065239808699,2
"NEBL","Bin_5",-1.87861125408769,2
"NEBL","Bin_6",0.382363068343197,2
"NEBL","Bin_7",1.12444951976609,2
"NEBL","Bin_8",-0.914969891165316,2
"NEBL","Bin_9",-0.225961929236097,2
"NEBL","Bin_10",0.776587507848447,2
"NEBL","Bin_11",0.471876070563641,2
"NEBL","Bin_12",1.04735246305622,2
"NEBL","Bin_13",0.026130883026268,2
"NEBL","Bin_14",0.129634030024165,2
"NEBL","Bin_15",0.508815676951718,2
"NEBL","Bin_16",0.595545294349596,2
"NEBL","Bin_17",1.22754929897464,2
"NEBL","Bin_18",0.781059578818063,2
"NEBL","Bin_19",0.670742409186839,2
"NEBL","Bin_20",0.595859862832374,2
"FABP5","Bin_1",-1.15474190869306,2
"FABP5","Bin_2",-1.38795287422508,2
"FABP5","Bin_3",-1.38758545995114,2
"FABP5","Bin_4",-0.420113552718368,2
"FABP5","Bin_5",-0.642390741832843,2
"FABP5","Bin_6",-1.40693415022151,2
"FABP5","Bin_7",-1.10513876437549,2
"FABP5","Bin_8",-0.573260367365878,2
"FABP5","Bin_9",1.02649859954544,2
"FABP5","Bin_10",1.30471788775339,2
"FABP5","Bin_11",0.729241063593425,2
"FABP5","Bin_12",0.567240266160112,2
"FABP5","Bin_13",0.319439487948792,2
"FABP5","Bin_14",-0.325228612661465,2
"FABP5","Bin_15",-0.0356247107308377,2
"FABP5","Bin_16",-0.0195980211813819,2
"FABP5","Bin_17",0.559476631973506,2
"FABP5","Bin_18",0.887379388261121,2
"FABP5","Bin_19",1.733410999178,2
"FABP5","Bin_20",1.33116483954327,2
"KRT5","Bin_1",-1.84272367165985,2
"KRT5","Bin_2",-0.899876153289107,2
"KRT5","Bin_3",-0.0191886355515554,2
"KRT5","Bin_4",-1.57164357808388,2
"KRT5","Bin_5",-1.68243299852834,2
"KRT5","Bin_6",-1.28223506321766,2
"KRT5","Bin_7",-0.369702979097288,2
"KRT5","Bin_8",-0.0950181524456385,2
"KRT5","Bin_9",1.24807208375376,2
"KRT5","Bin_10",1.3405421275997,2
"KRT5","Bin_11",0.806517850852164,2
"KRT5","Bin_12",0.689848744760793,2
"KRT5","Bin_13",0.787392562677146,2
"KRT5","Bin_14",-0.0228212130650426,2
"KRT5","Bin_15",0.021451699686236,2
"KRT5","Bin_16",0.0957429436387677,2
"KRT5","Bin_17",0.266416606727162,2
"KRT5","Bin_18",0.423204527463962,2
"KRT5","Bin_19",1.3020815438335,2
"KRT5","Bin_20",0.80437175394516,2
"MALL","Bin_1",-1.27873068370592,2
"MALL","Bin_2",-1.2094587054177,2
"MALL","Bin_3",-1.36983535626935,2
"MALL","Bin_4",-0.892492788310717,2
"MALL","Bin_5",-1.22843399676664,2
"MALL","Bin_6",-0.812320014766882,2
"MALL","Bin_7",-1.15282333029648,2
"MALL","Bin_8",0.151399477781734,2
"MALL","Bin_9",0.670519191608513,2
"MALL","Bin_10",0.406866654175333,2
"MALL","Bin_11",0.616742155580698,2
"MALL","Bin_12",0.220212760293375,2
"MALL","Bin_13",0.415283358603369,2
"MALL","Bin_14",-0.296197631533539,2
"MALL","Bin_15",0.0113442716360039,2
"MALL","Bin_16",0.0382812580077584,2
"MALL","Bin_17",1.18755127570974,2
"MALL","Bin_18",1.1784105003868,2
"MALL","Bin_19",1.75371492316207,2
"MALL","Bin_20",1.58996668012182,2
"ANP32B","Bin_1",-1.25071441109883,2
"ANP32B","Bin_2",-1.29667604613109,2
"ANP32B","Bin_3",-1.03495841549647,2
"ANP32B","Bin_4",-0.6741482779338,2
"ANP32B","Bin_5",-0.874877158214287,2
"ANP32B","Bin_6",-1.79876941886619,2
"ANP32B","Bin_7",-1.31453613860241,2
"ANP32B","Bin_8",-0.807349362746862,2
"ANP32B","Bin_9",0.599740369973886,2
"ANP32B","Bin_10",1.06981411151143,2
"ANP32B","Bin_11",1.09468372453217,2
"ANP32B","Bin_12",0.564804845889016,2
"ANP32B","Bin_13",0.782269069814119,2
"ANP32B","Bin_14",0.486269353414485,2
"ANP32B","Bin_15",0.431599970631932,2
"ANP32B","Bin_16",0.417746945537513,2
"ANP32B","Bin_17",0.563974392391421,2
"ANP32B","Bin_18",0.639507556260797,2
"ANP32B","Bin_19",1.14475171897958,2
"ANP32B","Bin_20",1.25686717015359,2
"ELOF1","Bin_1",-0.845378714109967,2
"ELOF1","Bin_2",-1.0223443382518,2
"ELOF1","Bin_3",-1.39038386453019,2
"ELOF1","Bin_4",-1.21258704270491,2
"ELOF1","Bin_5",-1.15148917366641,2
"ELOF1","Bin_6",-0.974440774553348,2
"ELOF1","Bin_7",-1.08105443421771,2
"ELOF1","Bin_8",-1.22537305711621,2
"ELOF1","Bin_9",0.587009336450164,2
"ELOF1","Bin_10",0.917806673607102,2
"ELOF1","Bin_11",0.615816103475435,2
"ELOF1","Bin_12",0.221317508709437,2
"ELOF1","Bin_13",0.464573320730744,2
"ELOF1","Bin_14",0.281259892820811,2
"ELOF1","Bin_15",0.249717154530021,2
"ELOF1","Bin_16",0.470413486596503,2
"ELOF1","Bin_17",0.993649403602846,2
"ELOF1","Bin_18",1.14255430665633,2
"ELOF1","Bin_19",1.59516934039408,2
"ELOF1","Bin_20",1.36376487157706,2
"RPL41","Bin_1",-0.0155329026814249,2
"RPL41","Bin_2",-0.121493642742729,2
"RPL41","Bin_3",-0.0188167693842509,2
"RPL41","Bin_4",-1.66252392991327,2
"RPL41","Bin_5",-0.473574484718211,2
"RPL41","Bin_6",-3.1524942911327,2
"RPL41","Bin_7",-1.33694596053127,2
"RPL41","Bin_8",0.755509949432639,2
"RPL41","Bin_9",0.531398221019389,2
"RPL41","Bin_10",0.343575628551483,2
"RPL41","Bin_11",0.456382141228089,2
"RPL41","Bin_12",0.74332181096765,2
"RPL41","Bin_13",0.757983701748956,2
"RPL41","Bin_14",0.929015698753283,2
"RPL41","Bin_15",0.776745270725968,2
"RPL41","Bin_16",0.487220394291914,2
"RPL41","Bin_17",0.286670155741443,2
"RPL41","Bin_18",0.312902478845083,2
"RPL41","Bin_19",0.204075998177462,2
"RPL41","Bin_20",0.196580531620508,2
"LTBP4","Bin_1",-1.05469800181182,2
"LTBP4","Bin_2",-1.04072882898994,2
"LTBP4","Bin_3",-1.25031701771074,2
"LTBP4","Bin_4",-1.17204964641043,2
"LTBP4","Bin_5",-1.48428794433234,2
"LTBP4","Bin_6",2.37605537243753,2
"LTBP4","Bin_7",-0.580341664567906,2
"LTBP4","Bin_8",-0.839365195103491,2
"LTBP4","Bin_9",-0.300652385259409,2
"LTBP4","Bin_10",-0.118821993199495,2
"LTBP4","Bin_11",-0.061556945064313,2
"LTBP4","Bin_12",0.15349004330213,2
"LTBP4","Bin_13",0.0149583207475948,2
"LTBP4","Bin_14",0.375703859125005,2
"LTBP4","Bin_15",0.340797785253972,2
"LTBP4","Bin_16",0.492524503453405,2
"LTBP4","Bin_17",1.16794978907616,2
"LTBP4","Bin_18",1.04774323247316,2
"LTBP4","Bin_19",0.882560468528585,2
"LTBP4","Bin_20",1.05103624805233,2
"DDAH2","Bin_1",-0.0450010895236483,2
"DDAH2","Bin_2",-0.868045813776312,2
"DDAH2","Bin_3",-1.20456571652168,2
"DDAH2","Bin_4",-1.26654449695235,2
"DDAH2","Bin_5",-0.993604594816454,2
"DDAH2","Bin_6",-1.91829121375865,2
"DDAH2","Bin_7",-1.31543448463639,2
"DDAH2","Bin_8",-1.33966253446687,2
"DDAH2","Bin_9",0.451717109245336,2
"DDAH2","Bin_10",0.616113867493126,2
"DDAH2","Bin_11",0.905336132444141,2
"DDAH2","Bin_12",0.591753063045778,2
"DDAH2","Bin_13",0.916181670647596,2
"DDAH2","Bin_14",0.862288980126669,2
"DDAH2","Bin_15",0.789379587212147,2
"DDAH2","Bin_16",0.547569061615211,2
"DDAH2","Bin_17",0.627212381774014,2
"DDAH2","Bin_18",0.924707676332896,2
"DDAH2","Bin_19",0.937221157792936,2
"DDAH2","Bin_20",0.781669256722503,2
"ARL6IP6","Bin_1",-0.961395314695895,2
"ARL6IP6","Bin_2",-1.17855590933959,2
"ARL6IP6","Bin_3",-1.19112676418251,2
"ARL6IP6","Bin_4",-1.20628489660866,2
"ARL6IP6","Bin_5",-1.49272642935539,2
"ARL6IP6","Bin_6",-1.6201252185766,2
"ARL6IP6","Bin_7",-0.850511632753049,2
"ARL6IP6","Bin_8",-0.378166850745765,2
"ARL6IP6","Bin_9",0.272270439224692,2
"ARL6IP6","Bin_10",0.667921306312693,2
"ARL6IP6","Bin_11",0.608528577333476,2
"ARL6IP6","Bin_12",0.644007514028638,2
"ARL6IP6","Bin_13",0.56911839804494,2
"ARL6IP6","Bin_14",0.364589142137243,2
"ARL6IP6","Bin_15",0.536502191023405,2
"ARL6IP6","Bin_16",0.747090840808866,2
"ARL6IP6","Bin_17",1.08069252232255,2
"ARL6IP6","Bin_18",0.734202433946112,2
"ARL6IP6","Bin_19",0.968815459281105,2
"ARL6IP6","Bin_20",1.68515419179373,2
"MT-ND5","Bin_1",1.27773645901605,1
"MT-ND5","Bin_2",1.54254665679253,1
"MT-ND5","Bin_3",2.08763029805359,1
"MT-ND5","Bin_4",1.84268373691713,1
"MT-ND5","Bin_5",-0.81100094530156,1
"MT-ND5","Bin_6",0.613802786612715,1
"MT-ND5","Bin_7",0.559781273368007,1
"MT-ND5","Bin_8",-1.80081220683607,1
"MT-ND5","Bin_9",-0.511648421777649,1
"MT-ND5","Bin_10",-0.22616480855842,1
"MT-ND5","Bin_11",-0.336412932373217,1
"MT-ND5","Bin_12",-0.441686197776036,1
"MT-ND5","Bin_13",-0.275874842369674,1
"MT-ND5","Bin_14",-0.44106914780543,1
"MT-ND5","Bin_15",-0.551737369655909,1
"MT-ND5","Bin_16",-0.628741878507025,1
"MT-ND5","Bin_17",-0.803934281633097,1
"MT-ND5","Bin_18",-0.385914519608172,1
"MT-ND5","Bin_19",-0.405651623867957,1
"MT-ND5","Bin_20",-0.303532034689809,1
"PFN1","Bin_1",-0.501270716764866,2
"PFN1","Bin_2",-1.2127973317637,2
"PFN1","Bin_3",-0.975194367454846,2
"PFN1","Bin_4",-0.831561847878929,2
"PFN1","Bin_5",-1.3583541094037,2
"PFN1","Bin_6",-2.34082376646023,2
"PFN1","Bin_7",-1.32419757466075,2
"PFN1","Bin_8",0.120860188633596,2
"PFN1","Bin_9",0.926750691724179,2
"PFN1","Bin_10",1.04414419476817,2
"PFN1","Bin_11",0.849001516014747,2
"PFN1","Bin_12",0.713364098505969,2
"PFN1","Bin_13",0.601481690675332,2
"PFN1","Bin_14",0.337326736710749,2
"PFN1","Bin_15",0.416556822403188,2
"PFN1","Bin_16",0.431770716804975,2
"PFN1","Bin_17",0.52228956732977,2
"PFN1","Bin_18",0.706073528873207,2
"PFN1","Bin_19",0.937907693603829,2
"PFN1","Bin_20",0.936672268339293,2
"MRPL9","Bin_1",-1.02519092605602,2
"MRPL9","Bin_2",-1.17865712319123,2
"MRPL9","Bin_3",-1.23118820551731,2
"MRPL9","Bin_4",-1.09589318744197,2
"MRPL9","Bin_5",-1.37050838201165,2
"MRPL9","Bin_6",-1.21847225794821,2
"MRPL9","Bin_7",-0.921076471439802,2
"MRPL9","Bin_8",-1.1423545025603,2
"MRPL9","Bin_9",0.991231322031951,2
"MRPL9","Bin_10",1.21636245965741,2
"MRPL9","Bin_11",0.950363005819018,2
"MRPL9","Bin_12",0.608937783332861,2
"MRPL9","Bin_13",0.762601210387156,2
"MRPL9","Bin_14",0.382554314866493,2
"MRPL9","Bin_15",0.416783404239968,2
"MRPL9","Bin_16",0.389572784533248,2
"MRPL9","Bin_17",0.415510979699946,2
"MRPL9","Bin_18",0.602519424625048,2
"MRPL9","Bin_19",1.16093976480865,2
"MRPL9","Bin_20",1.28596460216475,2
"IGHA1","Bin_1",0.991689384718992,1
"IGHA1","Bin_2",1.72931039085149,1
"IGHA1","Bin_3",1.84289891037685,1
"IGHA1","Bin_4",2.78247940057152,1
"IGHA1","Bin_5",0.135557534667242,1
"IGHA1","Bin_6",-0.524359494470416,1
"IGHA1","Bin_7",-0.140902698600274,1
"IGHA1","Bin_8",-0.524359494470416,1
"IGHA1","Bin_9",-0.524359494470416,1
"IGHA1","Bin_10",-0.524359494470416,1
"IGHA1","Bin_11",-0.524359494470416,1
"IGHA1","Bin_12",-0.524359494470416,1
"IGHA1","Bin_13",-0.524359494470416,1
"IGHA1","Bin_14",-0.524359494470416,1
"IGHA1","Bin_15",-0.524359494470416,1
"IGHA1","Bin_16",-0.524359494470416,1
"IGHA1","Bin_17",-0.524359494470416,1
"IGHA1","Bin_18",-0.524359494470416,1
"IGHA1","Bin_19",-0.524359494470416,1
"IGHA1","Bin_20",-0.524359494470416,1
"TUBA1B","Bin_1",-1.50145310029289,2
"TUBA1B","Bin_2",-1.32296899554004,2
"TUBA1B","Bin_3",-1.19593780312151,2
"TUBA1B","Bin_4",-0.872573449045341,2
"TUBA1B","Bin_5",-1.3837302416776,2
"TUBA1B","Bin_6",-1.37415443355749,2
"TUBA1B","Bin_7",-1.09102037907467,2
"TUBA1B","Bin_8",0.500876736404152,2
"TUBA1B","Bin_9",0.70740910370362,2
"TUBA1B","Bin_10",0.988412571894632,2
"TUBA1B","Bin_11",1.31623374164045,2
"TUBA1B","Bin_12",0.356692181863413,2
"TUBA1B","Bin_13",0.569712787235965,2
"TUBA1B","Bin_14",0.301929455943134,2
"TUBA1B","Bin_15",0.119016777770014,2
"TUBA1B","Bin_16",0.612624273104616,2
"TUBA1B","Bin_17",0.436138367000189,2
"TUBA1B","Bin_18",0.406400348027414,2
"TUBA1B","Bin_19",0.97012720550554,2
"TUBA1B","Bin_20",1.45626485221641,2
"SDC1","Bin_1",-0.519479626367609,2
"SDC1","Bin_2",-1.00585602761759,2
"SDC1","Bin_3",-1.17388178576683,2
"SDC1","Bin_4",-1.39722772047307,2
"SDC1","Bin_5",-1.595819002737,2
"SDC1","Bin_6",-1.73221712950814,2
"SDC1","Bin_7",-0.444934901949796,2
"SDC1","Bin_8",-0.197618964851728,2
"SDC1","Bin_9",0.572114234813651,2
"SDC1","Bin_10",1.44598896431474,2
"SDC1","Bin_11",0.91443488004714,2
"SDC1","Bin_12",0.608474356105762,2
"SDC1","Bin_13",0.00533818571887013,2
"SDC1","Bin_14",-0.257946815844329,2
"SDC1","Bin_15",0.086600392505928,2
"SDC1","Bin_16",0.400071870324284,2
"SDC1","Bin_17",1.05982752199714,2
"SDC1","Bin_18",0.959550073857907,2
"SDC1","Bin_19",1.38009273391616,2
"SDC1","Bin_20",0.892488761514517,2
"GMPR","Bin_1",-0.615822268885891,2
"GMPR","Bin_2",-0.760533162787201,2
"GMPR","Bin_3",-0.883985988218781,2
"GMPR","Bin_4",-0.991264544881203,2
"GMPR","Bin_5",-1.04678766634725,2
"GMPR","Bin_6",-1.10173490409191,2
"GMPR","Bin_7",-0.105045403819319,2
"GMPR","Bin_8",-1.10173490409191,2
"GMPR","Bin_9",-0.504423757097236,2
"GMPR","Bin_10",-0.184225424793179,2
"GMPR","Bin_11",0.147479483637597,2
"GMPR","Bin_12",-0.096573572947908,2
"GMPR","Bin_13",-0.0846454306534301,2
"GMPR","Bin_14",0.255941988882692,2
"GMPR","Bin_15",0.432268673829097,2
"GMPR","Bin_16",-0.0205274442629978,2
"GMPR","Bin_17",0.995534909135118,2
"GMPR","Bin_18",1.37714032184587,2
"GMPR","Bin_19",1.94526508101346,2
"GMPR","Bin_20",2.34367401453438,2
"EIF3L","Bin_1",0.165020327301363,2
"EIF3L","Bin_2",-0.519229295306999,2
"EIF3L","Bin_3",-0.545239076164538,2
"EIF3L","Bin_4",-1.26478665676143,2
"EIF3L","Bin_5",-0.878565199939276,2
"EIF3L","Bin_6",-2.49869714344091,2
"EIF3L","Bin_7",-1.44719324023882,2
"EIF3L","Bin_8",-1.01497895158338,2
"EIF3L","Bin_9",0.055220194506749,2
"EIF3L","Bin_10",0.279215401940313,2
"EIF3L","Bin_11",0.235262796594763,2
"EIF3L","Bin_12",0.692858579196166,2
"EIF3L","Bin_13",0.645729199041464,2
"EIF3L","Bin_14",1.02914409580959,2
"EIF3L","Bin_15",0.525152840241017,2
"EIF3L","Bin_16",0.5558821714731,2
"EIF3L","Bin_17",0.88977451772131,2
"EIF3L","Bin_18",1.06893883616343,2
"EIF3L","Bin_19",1.0388982067101,2
"EIF3L","Bin_20",0.987592396735985,2
"RPL37","Bin_1",0.738919384552229,1
"RPL37","Bin_2",1.14408902827215,1
"RPL37","Bin_3",1.40653442524432,1
"RPL37","Bin_4",0.656553014276792,1
"RPL37","Bin_5",0.949984075122802,1
"RPL37","Bin_6",-3.35452018132039,1
"RPL37","Bin_7",-1.08653929399198,1
"RPL37","Bin_8",-0.901335672474293,1
"RPL37","Bin_9",-0.00679648637580847,1
"RPL37","Bin_10",-0.0959618020597054,1
"RPL37","Bin_11",-0.0894815625188821,1
"RPL37","Bin_12",0.155973534227576,1
"RPL37","Bin_13",0.313596387838108,1
"RPL37","Bin_14",0.442887405849196,1
"RPL37","Bin_15",0.285733179976375,1
"RPL37","Bin_16",0.074972621951508,1
"RPL37","Bin_17",-0.134705283738098,1
"RPL37","Bin_18",0.0244008695442016,1
"RPL37","Bin_19",-0.199404116341821,1
"RPL37","Bin_20",-0.324899528034283,1
"MRPL14","Bin_1",-1.02168691419857,2
"MRPL14","Bin_2",-1.15410869610491,2
"MRPL14","Bin_3",-1.16019849718611,2
"MRPL14","Bin_4",-0.429671146183382,2
"MRPL14","Bin_5",-0.657198446048924,2
"MRPL14","Bin_6",-1.56420720435497,2
"MRPL14","Bin_7",-1.45170510911614,2
"MRPL14","Bin_8",-1.63992342173651,2
"MRPL14","Bin_9",0.687471479941503,2
"MRPL14","Bin_10",0.863222170667977,2
"MRPL14","Bin_11",0.846586865839152,2
"MRPL14","Bin_12",0.538618380263075,2
"MRPL14","Bin_13",0.623459945160384,2
"MRPL14","Bin_14",0.39482541487758,2
"MRPL14","Bin_15",0.543347956095547,2
"MRPL14","Bin_16",0.695810688472181,2
"MRPL14","Bin_17",0.825387434609092,2
"MRPL14","Bin_18",0.81421811477897,2
"MRPL14","Bin_19",1.08051551886324,2
"MRPL14","Bin_20",1.16523546536082,2
"MAP1LC3B","Bin_1",-0.459029003249659,2
"MAP1LC3B","Bin_2",-0.407385433272132,2
"MAP1LC3B","Bin_3",-0.628291129674148,2
"MAP1LC3B","Bin_4",-1.29541748863034,2
"MAP1LC3B","Bin_5",-1.78901597597466,2
"MAP1LC3B","Bin_6",-1.13328896221454,2
"MAP1LC3B","Bin_7",-1.07202827405945,2
"MAP1LC3B","Bin_8",-1.27323654126675,2
"MAP1LC3B","Bin_9",0.25800132222413,2
"MAP1LC3B","Bin_10",0.307985329280162,2
"MAP1LC3B","Bin_11",0.485690912469968,2
"MAP1LC3B","Bin_12",0.391158813806325,2
"MAP1LC3B","Bin_13",-0.0936207587128637,2
"MAP1LC3B","Bin_14",-0.0105084270191662,2
"MAP1LC3B","Bin_15",0.466820101511716,2
"MAP1LC3B","Bin_16",0.573959043898236,2
"MAP1LC3B","Bin_17",1.46924115386005,2
"MAP1LC3B","Bin_18",1.15444524765998,2
"MAP1LC3B","Bin_19",1.40043395370578,2
"MAP1LC3B","Bin_20",1.65408611565736,2
"ATG101","Bin_1",-0.773103548377571,2
"ATG101","Bin_2",-0.87698817811783,2
"ATG101","Bin_3",-1.1057320872207,2
"ATG101","Bin_4",-0.960306335831927,2
"ATG101","Bin_5",-1.35254558300436,2
"ATG101","Bin_6",-1.85380816515937,2
"ATG101","Bin_7",-0.901841457968966,2
"ATG101","Bin_8",-0.793915726506439,2
"ATG101","Bin_9",0.144227219674051,2
"ATG101","Bin_10",0.449481974778461,2
"ATG101","Bin_11",0.838601493021996,2
"ATG101","Bin_12",0.413475103760782,2
"ATG101","Bin_13",0.521809944895977,2
"ATG101","Bin_14",0.198515575824183,2
"ATG101","Bin_15",0.500833043113902,2
"ATG101","Bin_16",0.413804405686557,2
"ATG101","Bin_17",1.483063048179,2
"ATG101","Bin_18",0.853887380315225,2
"ATG101","Bin_19",1.17909474948731,2
"ATG101","Bin_20",1.62144714344972,2
"IDH2","Bin_1",-1.04880285282306,2
"IDH2","Bin_2",-1.32320801466731,2
"IDH2","Bin_3",-1.48407916091497,2
"IDH2","Bin_4",-0.767164033174759,2
"IDH2","Bin_5",-1.01136712795983,2
"IDH2","Bin_6",-1.65137000553728,2
"IDH2","Bin_7",-1.26544837810158,2
"IDH2","Bin_8",-0.582683461582055,2
"IDH2","Bin_9",0.188923989588891,2
"IDH2","Bin_10",0.647420341939846,2
"IDH2","Bin_11",1.05304030783946,2
"IDH2","Bin_12",0.601548795942192,2
"IDH2","Bin_13",0.590217767871384,2
"IDH2","Bin_14",0.95606314364297,2
"IDH2","Bin_15",0.772424235166586,2
"IDH2","Bin_16",1.10935457704847,2
"IDH2","Bin_17",0.618203139144546,2
"IDH2","Bin_18",0.745162820043013,2
"IDH2","Bin_19",0.931232044505418,2
"IDH2","Bin_20",0.920531872028069,2
"PPP2R1A","Bin_1",-0.664804302245645,2
"PPP2R1A","Bin_2",-1.17262972810111,2
"PPP2R1A","Bin_3",-1.18658824532105,2
"PPP2R1A","Bin_4",-1.33371053166487,2
"PPP2R1A","Bin_5",-1.69878045649937,2
"PPP2R1A","Bin_6",-1.51612164977713,2
"PPP2R1A","Bin_7",-0.837349312825097,2
"PPP2R1A","Bin_8",-0.795003358236817,2
"PPP2R1A","Bin_9",0.752313737033366,2
"PPP2R1A","Bin_10",0.812257063983592,2
"PPP2R1A","Bin_11",1.10880141827714,2
"PPP2R1A","Bin_12",0.686560322615576,2
"PPP2R1A","Bin_13",1.02312377893751,2
"PPP2R1A","Bin_14",0.786209279270827,2
"PPP2R1A","Bin_15",0.667447449480922,2
"PPP2R1A","Bin_16",1.03261001672566,2
"PPP2R1A","Bin_17",0.538041519397013,2
"PPP2R1A","Bin_18",0.534354104364245,2
"PPP2R1A","Bin_19",0.597224635937518,2
"PPP2R1A","Bin_20",0.66604425864773,2
"TMEM134","Bin_1",-0.315178211954884,2
"TMEM134","Bin_2",-0.765525679927561,2
"TMEM134","Bin_3",-0.77498234268131,2
"TMEM134","Bin_4",-1.03165053503013,2
"TMEM134","Bin_5",-1.40678474355292,2
"TMEM134","Bin_6",-1.82625145034367,2
"TMEM134","Bin_7",-1.2169146822489,2
"TMEM134","Bin_8",-1.07839446948745,2
"TMEM134","Bin_9",-0.174192947261962,2
"TMEM134","Bin_10",0.531072540632266,2
"TMEM134","Bin_11",0.643604121245004,2
"TMEM134","Bin_12",0.502216157835447,2
"TMEM134","Bin_13",0.162726691086104,2
"TMEM134","Bin_14",0.279331011343376,2
"TMEM134","Bin_15",0.617901157291977,2
"TMEM134","Bin_16",0.651757789413939,2
"TMEM134","Bin_17",1.46174708189731,2
"TMEM134","Bin_18",1.2225839698557,2
"TMEM134","Bin_19",1.22066003248728,2
"TMEM134","Bin_20",1.29627450940039,2
"EBPL","Bin_1",-0.244569864247635,2
"EBPL","Bin_2",-0.834777496412004,2
"EBPL","Bin_3",-1.0661441007541,2
"EBPL","Bin_4",-1.02655127356281,2
"EBPL","Bin_5",-1.32467607611621,2
"EBPL","Bin_6",-1.8663692698482,2
"EBPL","Bin_7",-1.25324631259518,2
"EBPL","Bin_8",-1.24350060750119,2
"EBPL","Bin_9",0.378730236807238,2
"EBPL","Bin_10",0.85319236607151,2
"EBPL","Bin_11",0.588382082268906,2
"EBPL","Bin_12",0.700401714729053,2
"EBPL","Bin_13",0.623428314776183,2
"EBPL","Bin_14",0.455007371830288,2
"EBPL","Bin_15",0.618019339521799,2
"EBPL","Bin_16",0.382126433243043,2
"EBPL","Bin_17",0.677025085724079,2
"EBPL","Bin_18",0.925888111937096,2
"EBPL","Bin_19",1.42604487590133,2
"EBPL","Bin_20",1.23158906822681,2
"RAB5IF","Bin_1",-0.947932639867924,2
"RAB5IF","Bin_2",-1.18253743006042,2
"RAB5IF","Bin_3",-1.52966012613566,2
"RAB5IF","Bin_4",-1.01616277411813,2
"RAB5IF","Bin_5",-1.36905909079555,2
"RAB5IF","Bin_6",-0.496241882426339,2
"RAB5IF","Bin_7",-1.47260347262549,2
"RAB5IF","Bin_8",-0.97440248365294,2
"RAB5IF","Bin_9",0.712022867941315,2
"RAB5IF","Bin_10",1.44006338714056,2
"RAB5IF","Bin_11",0.996796176106131,2
"RAB5IF","Bin_12",0.637570801901112,2
"RAB5IF","Bin_13",0.484630422338265,2
"RAB5IF","Bin_14",0.208767654761352,2
"RAB5IF","Bin_15",0.405096475408264,2
"RAB5IF","Bin_16",0.534496320864127,2
"RAB5IF","Bin_17",0.679618275701126,2
"RAB5IF","Bin_18",0.660147544165146,2
"RAB5IF","Bin_19",1.12238061533901,2
"RAB5IF","Bin_20",1.10700935801605,2
"LMAN1","Bin_1",-0.678414034963554,2
"LMAN1","Bin_2",-0.889043421510342,2
"LMAN1","Bin_3",-1.40010898720165,2
"LMAN1","Bin_4",-0.855919412205953,2
"LMAN1","Bin_5",-1.39881306593326,2
"LMAN1","Bin_6",-0.877284622956426,2
"LMAN1","Bin_7",-0.376069215147997,2
"LMAN1","Bin_8",-1.62444750163922,2
"LMAN1","Bin_9",-0.180777532252491,2
"LMAN1","Bin_10",0.215473814394901,2
"LMAN1","Bin_11",0.296503485338221,2
"LMAN1","Bin_12",0.227056084530365,2
"LMAN1","Bin_13",0.089367795820328,2
"LMAN1","Bin_14",0.153246194389089,2
"LMAN1","Bin_15",0.745425650037874,2
"LMAN1","Bin_16",1.10657930348943,2
"LMAN1","Bin_17",1.60061768196275,2
"LMAN1","Bin_18",1.33852312870904,2
"LMAN1","Bin_19",1.15206912791672,2
"LMAN1","Bin_20",1.35601552722219,2
"CCT5","Bin_1",-1.31406453929306,2
"CCT5","Bin_2",-1.47965845982898,2
"CCT5","Bin_3",-1.40568850315629,2
"CCT5","Bin_4",-0.81758371522926,2
"CCT5","Bin_5",-0.876377376678668,2
"CCT5","Bin_6",-0.547063332406549,2
"CCT5","Bin_7",-0.779537425354436,2
"CCT5","Bin_8",-1.30954810166126,2
"CCT5","Bin_9",1.16599826263764,2
"CCT5","Bin_10",1.19596137251104,2
"CCT5","Bin_11",0.899719430107086,2
"CCT5","Bin_12",0.198987904321981,2
"CCT5","Bin_13",0.808518649318062,2
"CCT5","Bin_14",0.251468182532221,2
"CCT5","Bin_15",-0.0886113856498759,2
"CCT5","Bin_16",0.355855802782182,2
"CCT5","Bin_17",0.188249296578848,2
"CCT5","Bin_18",0.737200371753835,2
"CCT5","Bin_19",1.49417326760932,2
"CCT5","Bin_20",1.32200029910618,2
"DGUOK","Bin_1",-0.79332782916335,2
"DGUOK","Bin_2",-1.09753904168769,2
"DGUOK","Bin_3",-1.28113296739035,2
"DGUOK","Bin_4",-0.63007431629743,2
"DGUOK","Bin_5",-0.998245954443488,2
"DGUOK","Bin_6",-1.01542047928145,2
"DGUOK","Bin_7",-1.6832624089437,2
"DGUOK","Bin_8",-1.36618017910294,2
"DGUOK","Bin_9",0.294725517658066,2
"DGUOK","Bin_10",0.739235972953416,2
"DGUOK","Bin_11",0.622300422701012,2
"DGUOK","Bin_12",0.526068535999049,2
"DGUOK","Bin_13",0.544639960488561,2
"DGUOK","Bin_14",0.132440920747059,2
"DGUOK","Bin_15",0.651726297625587,2
"DGUOK","Bin_16",0.390313397675518,2
"DGUOK","Bin_17",1.21251664103578,2
"DGUOK","Bin_18",1.07248087135116,2
"DGUOK","Bin_19",1.38134349916049,2
"DGUOK","Bin_20",1.2973911389147,2
"MRPS15","Bin_1",-0.730667617237592,2
"MRPS15","Bin_2",-1.28651722851858,2
"MRPS15","Bin_3",-1.49298922182977,2
"MRPS15","Bin_4",-1.07358041854739,2
"MRPS15","Bin_5",-1.24046110792757,2
"MRPS15","Bin_6",-1.04280913774632,2
"MRPS15","Bin_7",-1.00714172952085,2
"MRPS15","Bin_8",-1.00256921686867,2
"MRPS15","Bin_9",1.09946251307854,2
"MRPS15","Bin_10",1.48367588956036,2
"MRPS15","Bin_11",1.00018203630854,2
"MRPS15","Bin_12",0.718277357697673,2
"MRPS15","Bin_13",0.76194954054152,2
"MRPS15","Bin_14",0.318434753145675,2
"MRPS15","Bin_15",0.200781774868113,2
"MRPS15","Bin_16",0.396731769106015,2
"MRPS15","Bin_17",0.127719742350882,2
"MRPS15","Bin_18",0.40529928748985,2
"MRPS15","Bin_19",1.14815188331563,2
"MRPS15","Bin_20",1.21606913073395,2
"PTRHD1","Bin_1",-0.145894622207021,2
"PTRHD1","Bin_2",-0.59413175786635,2
"PTRHD1","Bin_3",-1.17114094886966,2
"PTRHD1","Bin_4",-1.36563608068476,2
"PTRHD1","Bin_5",-1.43834536595874,2
"PTRHD1","Bin_6",-1.75378890872103,2
"PTRHD1","Bin_7",-1.18887182267381,2
"PTRHD1","Bin_8",-1.24164854526557,2
"PTRHD1","Bin_9",0.397444288226597,2
"PTRHD1","Bin_10",0.816772052823615,2
"PTRHD1","Bin_11",0.646464942049465,2
"PTRHD1","Bin_12",1.14368586683016,2
"PTRHD1","Bin_13",0.605021259927848,2
"PTRHD1","Bin_14",0.578748545840054,2
"PTRHD1","Bin_15",0.731132851597956,2
"PTRHD1","Bin_16",0.432155972410743,2
"PTRHD1","Bin_17",0.536609291407008,2
"PTRHD1","Bin_18",0.944380937866334,2
"PTRHD1","Bin_19",1.03191187908478,2
"PTRHD1","Bin_20",1.03513016418239,2
"TMEM14B","Bin_1",-0.651962660035812,2
"TMEM14B","Bin_2",-1.18984610867464,2
"TMEM14B","Bin_3",-1.34588891471989,2
"TMEM14B","Bin_4",-0.720610872032592,2
"TMEM14B","Bin_5",-0.886811299446873,2
"TMEM14B","Bin_6",-1.92860808919599,2
"TMEM14B","Bin_7",-1.70937469102681,2
"TMEM14B","Bin_8",-0.608458323239722,2
"TMEM14B","Bin_9",0.570705727500163,2
"TMEM14B","Bin_10",0.950225602805395,2
"TMEM14B","Bin_11",0.831221487840304,2
"TMEM14B","Bin_12",0.717404153623928,2
"TMEM14B","Bin_13",0.738911341971556,2
"TMEM14B","Bin_14",0.623123470564378,2
"TMEM14B","Bin_15",0.638822510955431,2
"TMEM14B","Bin_16",0.737891156697168,2
"TMEM14B","Bin_17",0.56571485941492,2
"TMEM14B","Bin_18",0.833146920810293,2
"TMEM14B","Bin_19",0.996625633645462,2
"TMEM14B","Bin_20",0.837768092543338,2
"PIH1D1","Bin_1",-0.636454145557932,2
"PIH1D1","Bin_2",-1.35177356144521,2
"PIH1D1","Bin_3",-1.51280637200719,2
"PIH1D1","Bin_4",-1.29431837137843,2
"PIH1D1","Bin_5",-1.54789912590954,2
"PIH1D1","Bin_6",-0.807801356622123,2
"PIH1D1","Bin_7",-1.38185278457236,2
"PIH1D1","Bin_8",-0.443742128372248,2
"PIH1D1","Bin_9",0.685595403622964,2
"PIH1D1","Bin_10",0.852328657674672,2
"PIH1D1","Bin_11",1.05280462561037,2
"PIH1D1","Bin_12",0.502568373765339,2
"PIH1D1","Bin_13",0.649464986884291,2
"PIH1D1","Bin_14",0.276068661835201,2
"PIH1D1","Bin_15",0.454208926430457,2
"PIH1D1","Bin_16",0.612506533276918,2
"PIH1D1","Bin_17",0.898084228613538,2
"PIH1D1","Bin_18",0.616490403359217,2
"PIH1D1","Bin_19",1.16267308444442,2
"PIH1D1","Bin_20",1.21385396034765,2
"PSMB9","Bin_1",1.73448483374961,1
"PSMB9","Bin_2",1.52105340886309,1
"PSMB9","Bin_3",1.20696348740875,1
"PSMB9","Bin_4",2.6879178918125,1
"PSMB9","Bin_5",0.62811357177836,1
"PSMB9","Bin_6",-0.614600703481538,1
"PSMB9","Bin_7",-0.614600703481538,1
"PSMB9","Bin_8",-0.614600703481538,1
"PSMB9","Bin_9",-0.614600703481538,1
"PSMB9","Bin_10",-0.564287744781681,1
"PSMB9","Bin_11",0.186715930855094,1
"PSMB9","Bin_12",-0.499033447857558,1
"PSMB9","Bin_13",-0.607743644746232,1
"PSMB9","Bin_14",-0.600227029529665,1
"PSMB9","Bin_15",-0.59937417225693,1
"PSMB9","Bin_16",-0.501225921785138,1
"PSMB9","Bin_17",-0.463799470777953,1
"PSMB9","Bin_18",-0.589837342511383,1
"PSMB9","Bin_19",-0.560296785444465,1
"PSMB9","Bin_20",-0.521020750850253,1
"CCT2","Bin_1",-0.684229340125047,2
"CCT2","Bin_2",-0.930473697897566,2
"CCT2","Bin_3",-1.04570181490034,2
"CCT2","Bin_4",-1.04223910398989,2
"CCT2","Bin_5",-1.14371669302661,2
"CCT2","Bin_6",-1.84452777121062,2
"CCT2","Bin_7",-1.15208944851771,2
"CCT2","Bin_8",-0.955470792099243,2
"CCT2","Bin_9",0.614295974409436,2
"CCT2","Bin_10",1.18112953275248,2
"CCT2","Bin_11",0.882952228146418,2
"CCT2","Bin_12",0.31478135370652,2
"CCT2","Bin_13",0.951623512752189,2
"CCT2","Bin_14",0.578991876853996,2
"CCT2","Bin_15",0.215030226869468,2
"CCT2","Bin_16",0.335940807845816,2
"CCT2","Bin_17",0.185480099387491,2
"CCT2","Bin_18",0.80674007889482,2
"CCT2","Bin_19",1.55138301289241,2
"CCT2","Bin_20",1.18009995725598,2
"TIMP1","Bin_1",2.67420114563948,1
"TIMP1","Bin_2",2.50943303301354,1
"TIMP1","Bin_3",1.50099595758328,1
"TIMP1","Bin_4",0.366519796238163,1
"TIMP1","Bin_5",-0.26321414708259,1
"TIMP1","Bin_6",-0.502557755765743,1
"TIMP1","Bin_7",-0.38380834292758,1
"TIMP1","Bin_8",-0.502557755765743,1
"TIMP1","Bin_9",-0.488495997736572,1
"TIMP1","Bin_10",-0.471196335956686,1
"TIMP1","Bin_11",-0.462186903885308,1
"TIMP1","Bin_12",-0.486085003807309,1
"TIMP1","Bin_13",-0.483052318614327,1
"TIMP1","Bin_14",-0.455143134224451,1
"TIMP1","Bin_15",-0.437159831255758,1
"TIMP1","Bin_16",-0.380500836308845,1
"TIMP1","Bin_17",-0.428006876962726,1
"TIMP1","Bin_18",-0.444889571868492,1
"TIMP1","Bin_19",-0.466659290743486,1
"TIMP1","Bin_20",-0.39563582956885,1
"NCBP2-AS2","Bin_1",-1.22673779033641,2
"NCBP2-AS2","Bin_2",-1.4678023170866,2
"NCBP2-AS2","Bin_3",-1.35095021697186,2
"NCBP2-AS2","Bin_4",-1.14704830829386,2
"NCBP2-AS2","Bin_5",-1.33894371033686,2
"NCBP2-AS2","Bin_6",-1.27598915696402,2
"NCBP2-AS2","Bin_7",-0.616024634212361,2
"NCBP2-AS2","Bin_8",-0.57031567474425,2
"NCBP2-AS2","Bin_9",1.02332556637707,2
"NCBP2-AS2","Bin_10",1.36486075919145,2
"NCBP2-AS2","Bin_11",0.963648650352775,2
"NCBP2-AS2","Bin_12",0.626136436915536,2
"NCBP2-AS2","Bin_13",0.770212739177704,2
"NCBP2-AS2","Bin_14",0.297299505072645,2
"NCBP2-AS2","Bin_15",0.301769734568684,2
"NCBP2-AS2","Bin_16",0.458101189887091,2
"NCBP2-AS2","Bin_17",0.433358705077289,2
"NCBP2-AS2","Bin_18",0.619847496921143,2
"NCBP2-AS2","Bin_19",1.13588376892314,2
"NCBP2-AS2","Bin_20",0.999367256481699,2
"AL139393.2","Bin_1",-0.550479398022116,2
"AL139393.2","Bin_2",-0.467571004167417,2
"AL139393.2","Bin_3",-0.460640998518893,2
"AL139393.2","Bin_4",-0.53751202003511,2
"AL139393.2","Bin_5",-0.582121485664738,2
"AL139393.2","Bin_6",-0.582121485664738,2
"AL139393.2","Bin_7",-0.582121485664738,2
"AL139393.2","Bin_8",-0.582121485664738,2
"AL139393.2","Bin_9",-0.250548869910058,2
"AL139393.2","Bin_10",-0.316573014868332,2
"AL139393.2","Bin_11",-0.350430984147641,2
"AL139393.2","Bin_12",-0.121737396596756,2
"AL139393.2","Bin_13",-0.366880798681939,2
"AL139393.2","Bin_14",-0.422689664529612,2
"AL139393.2","Bin_15",-0.281075073256024,2
"AL139393.2","Bin_16",-0.184092977924216,2
"AL139393.2","Bin_17",0.281622562605056,2
"AL139393.2","Bin_18",1.14326953871773,2
"AL139393.2","Bin_19",1.92992161990555,2
"AL139393.2","Bin_20",3.28390442208873,2
"MRPL34","Bin_1",-0.714890908164006,2
"MRPL34","Bin_2",-1.1283040173727,2
"MRPL34","Bin_3",-1.27596748083435,2
"MRPL34","Bin_4",-0.26946489072432,2
"MRPL34","Bin_5",-1.12983192961949,2
"MRPL34","Bin_6",-1.71859085886627,2
"MRPL34","Bin_7",-1.37808483860864,2
"MRPL34","Bin_8",-1.11767653888928,2
"MRPL34","Bin_9",0.0752041347301871,2
"MRPL34","Bin_10",0.578400340500946,2
"MRPL34","Bin_11",0.669052077951917,2
"MRPL34","Bin_12",0.304282343935485,2
"MRPL34","Bin_13",0.963426274660274,2
"MRPL34","Bin_14",0.74337799956203,2
"MRPL34","Bin_15",0.508001732785461,2
"MRPL34","Bin_16",0.667015608791969,2
"MRPL34","Bin_17",0.52047009480732,2
"MRPL34","Bin_18",0.91244063723914,2
"MRPL34","Bin_19",1.20335052255252,2
"MRPL34","Bin_20",1.58778969556181,2
"ATP5PD","Bin_1",-0.770576918967465,2
"ATP5PD","Bin_2",-1.34754289178309,2
"ATP5PD","Bin_3",-1.26724774718829,2
"ATP5PD","Bin_4",-0.939996453367591,2
"ATP5PD","Bin_5",-1.19833495930357,2
"ATP5PD","Bin_6",-1.82780887490256,2
"ATP5PD","Bin_7",-1.50523427382758,2
"ATP5PD","Bin_8",0.25251791518905,2
"ATP5PD","Bin_9",1.00264367900559,2
"ATP5PD","Bin_10",1.07354073541132,2
"ATP5PD","Bin_11",0.879108000087954,2
"ATP5PD","Bin_12",0.661610972252448,2
"ATP5PD","Bin_13",0.765106867208888,2
"ATP5PD","Bin_14",0.442701376654086,2
"ATP5PD","Bin_15",0.427834888264481,2
"ATP5PD","Bin_16",0.561259425781054,2
"ATP5PD","Bin_17",0.286276694783246,2
"ATP5PD","Bin_18",0.50967489143705,2
"ATP5PD","Bin_19",0.907795265775634,2
"ATP5PD","Bin_20",1.08667140748935,2
"ATRAID","Bin_1",-0.192080674224027,2
"ATRAID","Bin_2",-0.908037634451162,2
"ATRAID","Bin_3",-0.899145697470206,2
"ATRAID","Bin_4",-1.3934452799459,2
"ATRAID","Bin_5",-1.74480265647638,2
"ATRAID","Bin_6",-1.58352191249561,2
"ATRAID","Bin_7",-1.17922413233361,2
"ATRAID","Bin_8",-0.769363424089483,2
"ATRAID","Bin_9",0.253922726815674,2
"ATRAID","Bin_10",0.857180165155984,2
"ATRAID","Bin_11",0.93216502530871,2
"ATRAID","Bin_12",0.691819938943059,2
"ATRAID","Bin_13",0.179824652788918,2
"ATRAID","Bin_14",0.0601125191858065,2
"ATRAID","Bin_15",0.611006270995745,2
"ATRAID","Bin_16",0.827291817470557,2
"ATRAID","Bin_17",1.24152176187086,2
"ATRAID","Bin_18",0.9395305973198,2
"ATRAID","Bin_19",0.903154409921841,2
"ATRAID","Bin_20",1.17209152570944,2
"NDUFA8","Bin_1",-0.719431123769433,2
"NDUFA8","Bin_2",-1.20163025383486,2
"NDUFA8","Bin_3",-1.21502905327334,2
"NDUFA8","Bin_4",-0.976498142537178,2
"NDUFA8","Bin_5",-0.914388642743956,2
"NDUFA8","Bin_6",-1.85310091434709,2
"NDUFA8","Bin_7",-1.11597467980124,2
"NDUFA8","Bin_8",-1.06359466402229,2
"NDUFA8","Bin_9",0.78886480384415,2
"NDUFA8","Bin_10",1.18445769257112,2
"NDUFA8","Bin_11",0.850541188123565,2
"NDUFA8","Bin_12",0.68884965350813,2
"NDUFA8","Bin_13",0.67376726796445,2
"NDUFA8","Bin_14",0.438811877308427,2
"NDUFA8","Bin_15",0.377022384668632,2
"NDUFA8","Bin_16",0.290280697932909,2
"NDUFA8","Bin_17",0.558334617940442,2
"NDUFA8","Bin_18",0.796587212756512,2
"NDUFA8","Bin_19",1.13411583368033,2
"NDUFA8","Bin_20",1.27801424403071,2
"TFG","Bin_1",-1.01029814467833,2
"TFG","Bin_2",-1.28695954487338,2
"TFG","Bin_3",-1.39316612656512,2
"TFG","Bin_4",-1.27625520555145,2
"TFG","Bin_5",-1.58216098250409,2
"TFG","Bin_6",-1.3069182655288,2
"TFG","Bin_7",-0.553962251523976,2
"TFG","Bin_8",-0.66583646363869,2
"TFG","Bin_9",0.51680558321625,2
"TFG","Bin_10",0.864389939889003,2
"TFG","Bin_11",1.01747520266579,2
"TFG","Bin_12",0.603397610218139,2
"TFG","Bin_13",0.263937356539214,2
"TFG","Bin_14",0.273417270502817,2
"TFG","Bin_15",0.799533305389608,2
"TFG","Bin_16",1.19627159080299,2
"TFG","Bin_17",0.979102177143086,2
"TFG","Bin_18",0.823152486894266,2
"TFG","Bin_19",0.777390147933931,2
"TFG","Bin_20",0.960684313668736,2
"NDUFB3","Bin_1",-0.704276474356273,2
"NDUFB3","Bin_2",-1.21558301359487,2
"NDUFB3","Bin_3",-1.41176230644515,2
"NDUFB3","Bin_4",-0.723812551673348,2
"NDUFB3","Bin_5",-0.982513125466608,2
"NDUFB3","Bin_6",-1.86744475447449,2
"NDUFB3","Bin_7",-1.3087804020493,2
"NDUFB3","Bin_8",-0.868777876285642,2
"NDUFB3","Bin_9",0.82711487332103,2
"NDUFB3","Bin_10",1.10876158262877,2
"NDUFB3","Bin_11",0.844162961666311,2
"NDUFB3","Bin_12",0.785338261941279,2
"NDUFB3","Bin_13",0.629335180823597,2
"NDUFB3","Bin_14",0.501541739667072,2
"NDUFB3","Bin_15",0.561476425329922,2
"NDUFB3","Bin_16",0.476048757549342,2
"NDUFB3","Bin_17",0.392081466470507,2
"NDUFB3","Bin_18",0.761939965276633,2
"NDUFB3","Bin_19",1.01674194877618,2
"NDUFB3","Bin_20",1.17840734089504,2
"RABAC1","Bin_1",-0.0132256928324765,2
"RABAC1","Bin_2",-0.45830348436286,2
"RABAC1","Bin_3",-0.363970944470793,2
"RABAC1","Bin_4",-0.362857367302908,2
"RABAC1","Bin_5",-1.42131583317189,2
"RABAC1","Bin_6",-1.66291216100983,2
"RABAC1","Bin_7",-1.38850158962946,2
"RABAC1","Bin_8",-1.13444156945463,2
"RABAC1","Bin_9",-0.397957298436622,2
"RABAC1","Bin_10",-0.1453757658904,2
"RABAC1","Bin_11",0.109224516924445,2
"RABAC1","Bin_12",0.0930357259555655,2
"RABAC1","Bin_13",-0.241657194500895,2
"RABAC1","Bin_14",0.0590228070783712,2
"RABAC1","Bin_15",0.788623019294075,2
"RABAC1","Bin_16",0.532978680663016,2
"RABAC1","Bin_17",1.83460119488724,2
"RABAC1","Bin_18",1.63757063712177,2
"RABAC1","Bin_19",1.04900202542683,2
"RABAC1","Bin_20",1.48646029371145,2
"GRHPR","Bin_1",-0.675957307622774,2
"GRHPR","Bin_2",-1.1790100436506,2
"GRHPR","Bin_3",-1.24359751185204,2
"GRHPR","Bin_4",-0.911068780344575,2
"GRHPR","Bin_5",-1.28446676623869,2
"GRHPR","Bin_6",-1.78040957757877,2
"GRHPR","Bin_7",-0.723281353514478,2
"GRHPR","Bin_8",-1.33529552002807,2
"GRHPR","Bin_9",0.72993534194497,2
"GRHPR","Bin_10",0.979650986920201,2
"GRHPR","Bin_11",0.715656558714458,2
"GRHPR","Bin_12",0.736424077742804,2
"GRHPR","Bin_13",0.529570613425542,2
"GRHPR","Bin_14",0.533259401744161,2
"GRHPR","Bin_15",0.504120013656049,2
"GRHPR","Bin_16",0.510307120213652,2
"GRHPR","Bin_17",0.644842518553416,2
"GRHPR","Bin_18",0.881780805260349,2
"GRHPR","Bin_19",1.30256508002303,2
"GRHPR","Bin_20",1.06497434263136,2
"PRDX1","Bin_1",-1.0956761807847,2
"PRDX1","Bin_2",-1.54446380671491,2
"PRDX1","Bin_3",-1.68857382364162,2
"PRDX1","Bin_4",-0.430297431607821,2
"PRDX1","Bin_5",-0.68877284090596,2
"PRDX1","Bin_6",-2.07782134451302,2
"PRDX1","Bin_7",-0.911589035743065,2
"PRDX1","Bin_8",0.239652048782946,2
"PRDX1","Bin_9",0.994008852467919,2
"PRDX1","Bin_10",1.13338371922632,2
"PRDX1","Bin_11",0.731715898319603,2
"PRDX1","Bin_12",0.707216195197971,2
"PRDX1","Bin_13",0.496255908178895,2
"PRDX1","Bin_14",0.111222404383731,2
"PRDX1","Bin_15",0.345588854766356,2
"PRDX1","Bin_16",0.42097389500832,2
"PRDX1","Bin_17",0.542650284085868,2
"PRDX1","Bin_18",0.673736615293716,2
"PRDX1","Bin_19",1.06066000398722,2
"PRDX1","Bin_20",0.980129784212226,2
"IGFBP3","Bin_1",-1.23373353503384,2
"IGFBP3","Bin_2",-0.968622173111144,2
"IGFBP3","Bin_3",-0.88650441679633,2
"IGFBP3","Bin_4",-0.321169939780528,2
"IGFBP3","Bin_5",-1.01470090061149,2
"IGFBP3","Bin_6",-0.669320093788171,2
"IGFBP3","Bin_7",-0.850670648951547,2
"IGFBP3","Bin_8",-1.03420446806796,2
"IGFBP3","Bin_9",-0.236585106686543,2
"IGFBP3","Bin_10",0.212367991946184,2
"IGFBP3","Bin_11",0.273300894975147,2
"IGFBP3","Bin_12",0.135792908455487,2
"IGFBP3","Bin_13",-0.192436579707306,2
"IGFBP3","Bin_14",-0.0428105336800102,2
"IGFBP3","Bin_15",-0.00515181455300743,2
"IGFBP3","Bin_16",0.142380633872263,2
"IGFBP3","Bin_17",1.32950223091002,2
"IGFBP3","Bin_18",1.10784026732731,2
"IGFBP3","Bin_19",2.32762085704046,2
"IGFBP3","Bin_20",1.927104426241,2
"MRPS16","Bin_1",-0.406079175512209,2
"MRPS16","Bin_2",-0.998777559014326,2
"MRPS16","Bin_3",-1.10391439171556,2
"MRPS16","Bin_4",-1.02435133010249,2
"MRPS16","Bin_5",-1.13897553554136,2
"MRPS16","Bin_6",-1.98310376047047,2
"MRPS16","Bin_7",-1.5680380323056,2
"MRPS16","Bin_8",-0.648287792273053,2
"MRPS16","Bin_9",0.371563007307675,2
"MRPS16","Bin_10",0.785350025627834,2
"MRPS16","Bin_11",0.893939041158133,2
"MRPS16","Bin_12",0.563571021123035,2
"MRPS16","Bin_13",0.802737173636267,2
"MRPS16","Bin_14",0.662614111782921,2
"MRPS16","Bin_15",0.57519968972562,2
"MRPS16","Bin_16",0.507023178557953,2
"MRPS16","Bin_17",0.5496509825631,2
"MRPS16","Bin_18",0.637072795389564,2
"MRPS16","Bin_19",1.14428093820041,2
"MRPS16","Bin_20",1.37852561186255,2
"OCIAD2","Bin_1",-0.804703602503254,2
"OCIAD2","Bin_2",-1.29524581234156,2
"OCIAD2","Bin_3",-1.59114693206652,2
"OCIAD2","Bin_4",-0.663572988670443,2
"OCIAD2","Bin_5",-1.44494852066072,2
"OCIAD2","Bin_6",-1.42467814446598,2
"OCIAD2","Bin_7",-1.28460266193543,2
"OCIAD2","Bin_8",-0.686555986062358,2
"OCIAD2","Bin_9",0.492854401757357,2
"OCIAD2","Bin_10",0.876304103886868,2
"OCIAD2","Bin_11",0.8392610126737,2
"OCIAD2","Bin_12",0.745920061300295,2
"OCIAD2","Bin_13",0.689719219597446,2
"OCIAD2","Bin_14",0.514370569610834,2
"OCIAD2","Bin_15",0.689930150417091,2
"OCIAD2","Bin_16",0.700209011540298,2
"OCIAD2","Bin_17",0.642878488196523,2
"OCIAD2","Bin_18",1.05215471953406,2
"OCIAD2","Bin_19",1.14945207456256,2
"OCIAD2","Bin_20",0.802400835629248,2
"NUCB2","Bin_1",0.33806554533487,2
"NUCB2","Bin_2",-0.796587274992444,2
"NUCB2","Bin_3",-1.11662325003475,2
"NUCB2","Bin_4",-0.634944750244326,2
"NUCB2","Bin_5",-1.37158206767541,2
"NUCB2","Bin_6",-1.15721661042052,2
"NUCB2","Bin_7",-0.836707070641561,2
"NUCB2","Bin_8",-1.12192846047177,2
"NUCB2","Bin_9",-0.620303646783502,2
"NUCB2","Bin_10",-0.352665357346151,2
"NUCB2","Bin_11",0.217060275284789,2
"NUCB2","Bin_12",-0.0848866914105211,2
"NUCB2","Bin_13",-0.140952872763848,2
"NUCB2","Bin_14",0.340794020266056,2
"NUCB2","Bin_15",0.570794583180043,2
"NUCB2","Bin_16",1.07549788090836,2
"NUCB2","Bin_17",2.2966346689522,2
"NUCB2","Bin_18",1.41656338714346,2
"NUCB2","Bin_19",0.97204883622237,2
"NUCB2","Bin_20",1.00693885549265,2
"LGALS3BP","Bin_1",2.97950741427708,1
"LGALS3BP","Bin_2",1.27748555005406,1
"LGALS3BP","Bin_3",0.966171890364198,1
"LGALS3BP","Bin_4",1.96471448695172,1
"LGALS3BP","Bin_5",0.0994658816766232,1
"LGALS3BP","Bin_6",-0.582877436539606,1
"LGALS3BP","Bin_7",-0.40289096082946,1
"LGALS3BP","Bin_8",-0.582877436539606,1
"LGALS3BP","Bin_9",-0.582877436539606,1
"LGALS3BP","Bin_10",-0.513233054810956,1
"LGALS3BP","Bin_11",-0.194797814356135,1
"LGALS3BP","Bin_12",-0.504416454586872,1
"LGALS3BP","Bin_13",-0.544211167106378,1
"LGALS3BP","Bin_14",-0.506902223143525,1
"LGALS3BP","Bin_15",-0.499275301106596,1
"LGALS3BP","Bin_16",-0.376720412360315,1
"LGALS3BP","Bin_17",-0.420057178920116,1
"LGALS3BP","Bin_18",-0.506283491264584,1
"LGALS3BP","Bin_19",-0.54682664664509,1
"LGALS3BP","Bin_20",-0.523098208574841,1
"CACNA1A","Bin_1",-1.27483262791176,2
"CACNA1A","Bin_2",-1.32643489307442,2
"CACNA1A","Bin_3",-1.33628895786703,2
"CACNA1A","Bin_4",-0.856832473790948,2
"CACNA1A","Bin_5",-1.33743938511019,2
"CACNA1A","Bin_6",-0.163488853472625,2
"CACNA1A","Bin_7",0.0760218395046323,2
"CACNA1A","Bin_8",-0.977473820647757,2
"CACNA1A","Bin_9",-0.523952775459798,2
"CACNA1A","Bin_10",0.0991881183979564,2
"CACNA1A","Bin_11",0.670557584743185,2
"CACNA1A","Bin_12",0.249218297878957,2
"CACNA1A","Bin_13",0.185502647615034,2
"CACNA1A","Bin_14",0.328037023882013,2
"CACNA1A","Bin_15",0.49040496667947,2
"CACNA1A","Bin_16",-0.213682950972879,2
"CACNA1A","Bin_17",1.21749062507499,2
"CACNA1A","Bin_18",1.36732253666983,2
"CACNA1A","Bin_19",1.98681606986133,2
"CACNA1A","Bin_20",1.33986702800001,2
"NOTCH3","Bin_1",-0.729474031066624,2
"NOTCH3","Bin_2",-0.974303784091381,2
"NOTCH3","Bin_3",-1.44614124808553,2
"NOTCH3","Bin_4",-1.43000816064144,2
"NOTCH3","Bin_5",-1.44205469017913,2
"NOTCH3","Bin_6",-0.705674304330982,2
"NOTCH3","Bin_7",-0.328822057865551,2
"NOTCH3","Bin_8",-1.63474043669646,2
"NOTCH3","Bin_9",-0.0326602260201913,2
"NOTCH3","Bin_10",0.183469682850093,2
"NOTCH3","Bin_11",0.928643085494538,2
"NOTCH3","Bin_12",0.551044641043888,2
"NOTCH3","Bin_13",0.448159085341079,2
"NOTCH3","Bin_14",0.686890367683551,2
"NOTCH3","Bin_15",0.920036934447076,2
"NOTCH3","Bin_16",0.955485455683134,2
"NOTCH3","Bin_17",1.39129819516677,2
"NOTCH3","Bin_18",1.13145564224471,2
"NOTCH3","Bin_19",0.831302664226932,2
"NOTCH3","Bin_20",0.696093184795519,2
"OAT","Bin_1",0.149299484568201,2
"OAT","Bin_2",-0.439527970738122,2
"OAT","Bin_3",-1.18230449333165,2
"OAT","Bin_4",-1.27745878341882,2
"OAT","Bin_5",-1.45114440782531,2
"OAT","Bin_6",-1.98269682419451,2
"OAT","Bin_7",-0.727923275465807,2
"OAT","Bin_8",-1.30582703468684,2
"OAT","Bin_9",0.260209221836818,2
"OAT","Bin_10",0.739134737410143,2
"OAT","Bin_11",0.568115552719111,2
"OAT","Bin_12",0.20740093488456,2
"OAT","Bin_13",0.528587091278946,2
"OAT","Bin_14",0.423769518549955,2
"OAT","Bin_15",0.490401997470107,2
"OAT","Bin_16",0.403016238042072,2
"OAT","Bin_17",0.747649740643374,2
"OAT","Bin_18",0.992849839983866,2
"OAT","Bin_19",1.51970187490678,2
"OAT","Bin_20",1.33674655736713,2
"HADHB","Bin_1",0.0989656828896835,2
"HADHB","Bin_2",-0.846980169807045,2
"HADHB","Bin_3",-1.1140702241473,2
"HADHB","Bin_4",-1.38420658682038,2
"HADHB","Bin_5",-1.42421197775049,2
"HADHB","Bin_6",-1.94732527164973,2
"HADHB","Bin_7",-0.72070203013168,2
"HADHB","Bin_8",-1.25774439450356,2
"HADHB","Bin_9",0.537382805264243,2
"HADHB","Bin_10",0.96524734043983,2
"HADHB","Bin_11",0.707456874917232,2
"HADHB","Bin_12",0.451774171347227,2
"HADHB","Bin_13",0.305858087325598,2
"HADHB","Bin_14",0.483479522743259,2
"HADHB","Bin_15",0.415687185858026,2
"HADHB","Bin_16",0.592850191055039,2
"HADHB","Bin_17",0.84902241222454,2
"HADHB","Bin_18",0.890060202948842,2
"HADHB","Bin_19",1.32175505740703,2
"HADHB","Bin_20",1.07570112038964,2
"PRPF31","Bin_1",-0.971720677558932,2
"PRPF31","Bin_2",-1.15357139342217,2
"PRPF31","Bin_3",-1.37007470710062,2
"PRPF31","Bin_4",-1.38389288012243,2
"PRPF31","Bin_5",-1.42598691935857,2
"PRPF31","Bin_6",-1.80283521328638,2
"PRPF31","Bin_7",-0.394673896307383,2
"PRPF31","Bin_8",-0.331700277713499,2
"PRPF31","Bin_9",0.753957883063153,2
"PRPF31","Bin_10",1.18655436247192,2
"PRPF31","Bin_11",1.13309484568295,2
"PRPF31","Bin_12",0.699962376393451,2
"PRPF31","Bin_13",0.935491299970104,2
"PRPF31","Bin_14",0.705928420856268,2
"PRPF31","Bin_15",0.523117541998187,2
"PRPF31","Bin_16",0.931682484716917,2
"PRPF31","Bin_17",0.288551422866911,2
"PRPF31","Bin_18",0.306248883258355,2
"PRPF31","Bin_19",0.648696254982647,2
"PRPF31","Bin_20",0.72117018860912,2
"PSMD4","Bin_1",-0.639044170607932,2
"PSMD4","Bin_2",-1.0653553423497,2
"PSMD4","Bin_3",-1.15549952025426,2
"PSMD4","Bin_4",-0.698589946712886,2
"PSMD4","Bin_5",-1.19326277181373,2
"PSMD4","Bin_6",-2.02741868523419,2
"PSMD4","Bin_7",-1.02265515932567,2
"PSMD4","Bin_8",-1.19604938897769,2
"PSMD4","Bin_9",0.33312629579696,2
"PSMD4","Bin_10",0.872524143493411,2
"PSMD4","Bin_11",0.802114636829732,2
"PSMD4","Bin_12",0.533929985340762,2
"PSMD4","Bin_13",0.574019218978669,2
"PSMD4","Bin_14",0.55216737705432,2
"PSMD4","Bin_15",0.586739630172443,2
"PSMD4","Bin_16",0.53162611246448,2
"PSMD4","Bin_17",0.75629874628891,2
"PSMD4","Bin_18",1.08605490045513,2
"PSMD4","Bin_19",1.22015768881622,2
"PSMD4","Bin_20",1.14911624958503,2
"PSMB4","Bin_1",-1.2361035198152,2
"PSMB4","Bin_2",-1.14992147431281,2
"PSMB4","Bin_3",-1.17039152824154,2
"PSMB4","Bin_4",-0.566907387706353,2
"PSMB4","Bin_5",-1.47070088908066,2
"PSMB4","Bin_6",-1.49668662124861,2
"PSMB4","Bin_7",-1.66711014421314,2
"PSMB4","Bin_8",-0.325793361902194,2
"PSMB4","Bin_9",0.639551317316263,2
"PSMB4","Bin_10",1.01895902841774,2
"PSMB4","Bin_11",0.751520205441843,2
"PSMB4","Bin_12",0.747525134301665,2
"PSMB4","Bin_13",0.744775341924053,2
"PSMB4","Bin_14",0.715395434112254,2
"PSMB4","Bin_15",0.698910132592992,2
"PSMB4","Bin_16",0.596258384608235,2
"PSMB4","Bin_17",0.506312599213637,2
"PSMB4","Bin_18",0.6873137506869,2
"PSMB4","Bin_19",0.935932700217994,2
"PSMB4","Bin_20",1.04116089768695,2
"SRP19","Bin_1",-0.436471930303078,2
"SRP19","Bin_2",-1.17715758759263,2
"SRP19","Bin_3",-1.1198876806776,2
"SRP19","Bin_4",-1.30394925137553,2
"SRP19","Bin_5",-1.81975560636645,2
"SRP19","Bin_6",-1.44667661321793,2
"SRP19","Bin_7",-1.04225838737057,2
"SRP19","Bin_8",-0.457347258677488,2
"SRP19","Bin_9",0.0646510569870827,2
"SRP19","Bin_10",0.834426481159858,2
"SRP19","Bin_11",0.86353591237036,2
"SRP19","Bin_12",0.599223773124899,2
"SRP19","Bin_13",0.517825823609714,2
"SRP19","Bin_14",0.36636952669983,2
"SRP19","Bin_15",0.442176046840762,2
"SRP19","Bin_16",0.84194751927696,2
"SRP19","Bin_17",0.91621618531244,2
"SRP19","Bin_18",0.961338043238473,2
"SRP19","Bin_19",1.30742776918127,2
"SRP19","Bin_20",1.08836617777963,2
"KIT","Bin_1",-1.42689042688321,2
"KIT","Bin_2",-0.520037195074875,2
"KIT","Bin_3",-0.630325088286208,2
"KIT","Bin_4",-1.43435502112744,2
"KIT","Bin_5",-1.40269137550602,2
"KIT","Bin_6",-1.47536946757802,2
"KIT","Bin_7",0.0218451058655243,2
"KIT","Bin_8",-1.07953413214918,2
"KIT","Bin_9",-0.0715340675356117,2
"KIT","Bin_10",0.532229787774646,2
"KIT","Bin_11",0.373078776414613,2
"KIT","Bin_12",0.342978428854685,2
"KIT","Bin_13",0.421714378804796,2
"KIT","Bin_14",0.145961284371685,2
"KIT","Bin_15",0.305592837578771,2
"KIT","Bin_16",0.413806920101108,2
"KIT","Bin_17",0.888513606609001,2
"KIT","Bin_18",1.45358057733925,2
"KIT","Bin_19",1.36688784413164,2
"KIT","Bin_20",1.77454722629484,2
"DHPS","Bin_1",-0.758500377204435,2
"DHPS","Bin_2",-1.05489062042636,2
"DHPS","Bin_3",-1.28402508759089,2
"DHPS","Bin_4",-1.47926618787024,2
"DHPS","Bin_5",-1.70830955828721,2
"DHPS","Bin_6",-1.17031982235373,2
"DHPS","Bin_7",-1.10733275878697,2
"DHPS","Bin_8",-0.636701208193437,2
"DHPS","Bin_9",0.682156550885891,2
"DHPS","Bin_10",0.663652982136257,2
"DHPS","Bin_11",1.00667122457512,2
"DHPS","Bin_12",0.451497909928574,2
"DHPS","Bin_13",0.722738854119287,2
"DHPS","Bin_14",1.01866033547017,2
"DHPS","Bin_15",0.914271777842262,2
"DHPS","Bin_16",1.01991100410503,2
"DHPS","Bin_17",0.857975427043931,2
"DHPS","Bin_18",0.443266196157164,2
"DHPS","Bin_19",0.539700803417839,2
"DHPS","Bin_20",0.878842555031747,2
"AP3S1","Bin_1",-0.933168634538959,2
"AP3S1","Bin_2",-1.41148845599813,2
"AP3S1","Bin_3",-1.34804830182747,2
"AP3S1","Bin_4",-0.897864676657544,2
"AP3S1","Bin_5",-1.23961643443528,2
"AP3S1","Bin_6",0.20054509416261,2
"AP3S1","Bin_7",-1.51655319168445,2
"AP3S1","Bin_8",-1.38416021757327,2
"AP3S1","Bin_9",0.789324730398276,2
"AP3S1","Bin_10",0.970473504182172,2
"AP3S1","Bin_11",0.797785020137522,2
"AP3S1","Bin_12",0.917132966326438,2
"AP3S1","Bin_13",0.103572621532433,2
"AP3S1","Bin_14",-0.0809900491224635,2
"AP3S1","Bin_15",0.472575545191859,2
"AP3S1","Bin_16",0.551479442644555,2
"AP3S1","Bin_17",1.23545064413181,2
"AP3S1","Bin_18",0.756069037071428,2
"AP3S1","Bin_19",0.99266513901897,2
"AP3S1","Bin_20",1.02481621703949,2
"MAGEF1","Bin_1",-0.250730172773306,2
"MAGEF1","Bin_2",-1.10128831821285,2
"MAGEF1","Bin_3",-1.2689281248054,2
"MAGEF1","Bin_4",-0.966731466813058,2
"MAGEF1","Bin_5",-0.943708085382899,2
"MAGEF1","Bin_6",-1.81438614078797,2
"MAGEF1","Bin_7",-0.961509870655636,2
"MAGEF1","Bin_8",-1.57349907969957,2
"MAGEF1","Bin_9",0.104491168650121,2
"MAGEF1","Bin_10",0.820161024109072,2
"MAGEF1","Bin_11",0.829601779945601,2
"MAGEF1","Bin_12",0.4394087728252,2
"MAGEF1","Bin_13",0.847733762445755,2
"MAGEF1","Bin_14",1.02076600684157,2
"MAGEF1","Bin_15",0.541193249624029,2
"MAGEF1","Bin_16",0.767904886513789,2
"MAGEF1","Bin_17",0.420063248879453,2
"MAGEF1","Bin_18",1.02672448335786,2
"MAGEF1","Bin_19",0.908012815869812,2
"MAGEF1","Bin_20",1.15472006006844,2
"MGST3","Bin_1",-0.610824669878239,2
"MGST3","Bin_2",-0.845430091737261,2
"MGST3","Bin_3",-1.08105579964667,2
"MGST3","Bin_4",-0.551977710018451,2
"MGST3","Bin_5",-1.30932602293001,2
"MGST3","Bin_6",-2.52989628715777,2
"MGST3","Bin_7",-1.06977532477317,2
"MGST3","Bin_8",-0.768940847923726,2
"MGST3","Bin_9",0.435386724296181,2
"MGST3","Bin_10",0.59317990169532,2
"MGST3","Bin_11",0.640881467434731,2
"MGST3","Bin_12",0.700552168602586,2
"MGST3","Bin_13",0.847939084651951,2
"MGST3","Bin_14",0.761178667170681,2
"MGST3","Bin_15",0.757091651313219,2
"MGST3","Bin_16",0.743292720700618,2
"MGST3","Bin_17",0.834501332320827,2
"MGST3","Bin_18",0.929600262158599,2
"MGST3","Bin_19",0.769774876223857,2
"MGST3","Bin_20",0.753847897496722,2
"EBLN3P","Bin_1",-0.461650503532948,2
"EBLN3P","Bin_2",-1.10488935620889,2
"EBLN3P","Bin_3",-1.33401465257777,2
"EBLN3P","Bin_4",-1.16842260505611,2
"EBLN3P","Bin_5",-1.64990125152543,2
"EBLN3P","Bin_6",-1.04313014273347,2
"EBLN3P","Bin_7",-0.765693842311979,2
"EBLN3P","Bin_8",-1.19736411347568,2
"EBLN3P","Bin_9",-0.0807075143093652,2
"EBLN3P","Bin_10",0.412350864558471,2
"EBLN3P","Bin_11",0.680251349489601,2
"EBLN3P","Bin_12",0.609106998215033,2
"EBLN3P","Bin_13",0.310054077744994,2
"EBLN3P","Bin_14",0.771143478848265,2
"EBLN3P","Bin_15",0.781834273714715,2
"EBLN3P","Bin_16",0.689764133868708,2
"EBLN3P","Bin_17",1.76170970988063,2
"EBLN3P","Bin_18",1.19126259042252,2
"EBLN3P","Bin_19",0.761132133137131,2
"EBLN3P","Bin_20",0.837164371851567,2
"LAGE3","Bin_1",-1.26508878125352,2
"LAGE3","Bin_2",-1.49943914073132,2
"LAGE3","Bin_3",-1.61347208246711,2
"LAGE3","Bin_4",-0.725086821620474,2
"LAGE3","Bin_5",-1.37057995352496,2
"LAGE3","Bin_6",-1.26749443387331,2
"LAGE3","Bin_7",-0.915236286168182,2
"LAGE3","Bin_8",-0.552405653581867,2
"LAGE3","Bin_9",0.931951557787134,2
"LAGE3","Bin_10",1.08123397078877,2
"LAGE3","Bin_11",0.815243477860094,2
"LAGE3","Bin_12",1.0431665972068,2
"LAGE3","Bin_13",0.714742903462823,2
"LAGE3","Bin_14",0.58706585802136,2
"LAGE3","Bin_15",0.75932633303982,2
"LAGE3","Bin_16",0.758663999404021,2
"LAGE3","Bin_17",0.592120714869227,2
"LAGE3","Bin_18",0.58445752119494,2
"LAGE3","Bin_19",0.619582918134688,2
"LAGE3","Bin_20",0.721247301451075,2
"TMEM14A","Bin_1",-0.662597948656943,2
"TMEM14A","Bin_2",-1.2782972883676,2
"TMEM14A","Bin_3",-1.07924696165677,2
"TMEM14A","Bin_4",-0.755134515688494,2
"TMEM14A","Bin_5",-1.29270639092743,2
"TMEM14A","Bin_6",-1.81842275151058,2
"TMEM14A","Bin_7",-1.25407400239123,2
"TMEM14A","Bin_8",-0.747991152694592,2
"TMEM14A","Bin_9",0.653458551593259,2
"TMEM14A","Bin_10",1.14097254089137,2
"TMEM14A","Bin_11",0.722363632282246,2
"TMEM14A","Bin_12",0.70718642946489,2
"TMEM14A","Bin_13",0.410887131825498,2
"TMEM14A","Bin_14",0.363426939566099,2
"TMEM14A","Bin_15",0.493375079299582,2
"TMEM14A","Bin_16",0.234719545406101,2
"TMEM14A","Bin_17",0.64171319456888,2
"TMEM14A","Bin_18",0.89586252636301,2
"TMEM14A","Bin_19",1.12064558176819,2
"TMEM14A","Bin_20",1.50385985886451,2
"IGLC2","Bin_1",1.53348270992555,1
"IGLC2","Bin_2",2.09032090220239,1
"IGLC2","Bin_3",1.38847001407273,1
"IGLC2","Bin_4",2.17081464564861,1
"IGLC2","Bin_5",0.864385737799078,1
"IGLC2","Bin_6",-0.595501984533068,1
"IGLC2","Bin_7",0.19037111174196,1
"IGLC2","Bin_8",-0.595501984533068,1
"IGLC2","Bin_9",-0.502367638322874,1
"IGLC2","Bin_10",-0.595501984533068,1
"IGLC2","Bin_11",-0.595501984533068,1
"IGLC2","Bin_12",-0.595501984533068,1
"IGLC2","Bin_13",-0.595501984533068,1
"IGLC2","Bin_14",-0.589453668670633,1
"IGLC2","Bin_15",-0.595501984533068,1
"IGLC2","Bin_16",-0.595501984533068,1
"IGLC2","Bin_17",-0.595501984533068,1
"IGLC2","Bin_18",-0.595501984533068,1
"IGLC2","Bin_19",-0.595501984533068,1
"IGLC2","Bin_20",-0.595501984533068,1
"DNAJC19","Bin_1",-0.795271918723909,2
"DNAJC19","Bin_2",-1.10319773921585,2
"DNAJC19","Bin_3",-1.39352193069302,2
"DNAJC19","Bin_4",-1.07912349262117,2
"DNAJC19","Bin_5",-1.14549739326056,2
"DNAJC19","Bin_6",-1.57817486562234,2
"DNAJC19","Bin_7",-1.30366380883585,2
"DNAJC19","Bin_8",-0.93131249603626,2
"DNAJC19","Bin_9",0.959946593097659,2
"DNAJC19","Bin_10",1.08358407613525,2
"DNAJC19","Bin_11",0.981108836292021,2
"DNAJC19","Bin_12",0.782297392823483,2
"DNAJC19","Bin_13",0.692251331154732,2
"DNAJC19","Bin_14",0.42094837470076,2
"DNAJC19","Bin_15",0.523044322255633,2
"DNAJC19","Bin_16",0.697584459633527,2
"DNAJC19","Bin_17",0.631324011529225,2
"DNAJC19","Bin_18",0.777626542940208,2
"DNAJC19","Bin_19",0.893298652232194,2
"DNAJC19","Bin_20",0.886749052214265,2
"SSB","Bin_1",-1.09387505818447,2
"SSB","Bin_2",-1.17981449322195,2
"SSB","Bin_3",-1.33487321931388,2
"SSB","Bin_4",-0.939537806850462,2
"SSB","Bin_5",-1.30701137306069,2
"SSB","Bin_6",-1.17892353614519,2
"SSB","Bin_7",-1.12514102376018,2
"SSB","Bin_8",-1.01639545965213,2
"SSB","Bin_9",0.537060597311642,2
"SSB","Bin_10",1.15139190604718,2
"SSB","Bin_11",0.997442691356497,2
"SSB","Bin_12",0.507675922675473,2
"SSB","Bin_13",0.874950705688805,2
"SSB","Bin_14",0.471330427594032,2
"SSB","Bin_15",0.358134572448812,2
"SSB","Bin_16",0.409938353088857,2
"SSB","Bin_17",0.460009175828508,2
"SSB","Bin_18",0.987104469335905,2
"SSB","Bin_19",1.41456621430663,2
"SSB","Bin_20",1.00596693450661,2
"PSMB2","Bin_1",-1.25804776586423,2
"PSMB2","Bin_2",-1.42323515026868,2
"PSMB2","Bin_3",-1.43538893693756,2
"PSMB2","Bin_4",-0.55505428133866,2
"PSMB2","Bin_5",-1.12375317152109,2
"PSMB2","Bin_6",-1.29829742771447,2
"PSMB2","Bin_7",-1.01383773981757,2
"PSMB2","Bin_8",-0.928851775416742,2
"PSMB2","Bin_9",0.96019845052659,2
"PSMB2","Bin_10",1.18021897878493,2
"PSMB2","Bin_11",0.977316631209291,2
"PSMB2","Bin_12",0.541693485024626,2
"PSMB2","Bin_13",0.53099809292608,2
"PSMB2","Bin_14",0.351865067642244,2
"PSMB2","Bin_15",0.335936077694887,2
"PSMB2","Bin_16",0.345599530800448,2
"PSMB2","Bin_17",0.583343865366022,2
"PSMB2","Bin_18",0.757564869464875,2
"PSMB2","Bin_19",1.31893518397039,2
"PSMB2","Bin_20",1.15279601546863,2
"SELENBP1","Bin_1",0.27109150520254,2
"SELENBP1","Bin_2",-0.596997995104466,2
"SELENBP1","Bin_3",-1.10506151979026,2
"SELENBP1","Bin_4",-1.37432063022318,2
"SELENBP1","Bin_5",-1.23327370274387,2
"SELENBP1","Bin_6",-1.73512990864501,2
"SELENBP1","Bin_7",0.148732495190283,2
"SELENBP1","Bin_8",-1.42736568135085,2
"SELENBP1","Bin_9",-0.598186446140442,2
"SELENBP1","Bin_10",-0.100083374880429,2
"SELENBP1","Bin_11",0.0726180709970963,2
"SELENBP1","Bin_12",0.38030066828945,2
"SELENBP1","Bin_13",0.0454769643887042,2
"SELENBP1","Bin_14",0.707799270524755,2
"SELENBP1","Bin_15",0.905683974278492,2
"SELENBP1","Bin_16",0.804078243199748,2
"SELENBP1","Bin_17",1.60680421347491,2
"SELENBP1","Bin_18",1.50491639460369,2
"SELENBP1","Bin_19",1.02057552671873,2
"SELENBP1","Bin_20",0.702341932010101,2
"SEC63","Bin_1",-0.863107597553939,2
"SEC63","Bin_2",-1.14021284354399,2
"SEC63","Bin_3",-1.48863592889637,2
"SEC63","Bin_4",-1.0468861941255,2
"SEC63","Bin_5",-1.93031296164937,2
"SEC63","Bin_6",-0.136120075374716,2
"SEC63","Bin_7",-0.364541253905875,2
"SEC63","Bin_8",-0.931820908540752,2
"SEC63","Bin_9",-0.0558492605303937,2
"SEC63","Bin_10",0.234553128101956,2
"SEC63","Bin_11",0.563104231338093,2
"SEC63","Bin_12",0.184777921984386,2
"SEC63","Bin_13",0.1030015634091,2
"SEC63","Bin_14",0.0843415954108655,2
"SEC63","Bin_15",0.54493229308773,2
"SEC63","Bin_16",0.737715092599855,2
"SEC63","Bin_17",1.46932124671848,2
"SEC63","Bin_18",1.20663957893981,2
"SEC63","Bin_19",1.49228488009067,2
"SEC63","Bin_20",1.33681549243997,2
"DPY30","Bin_1",-0.336713774917455,2
"DPY30","Bin_2",-1.10259004351394,2
"DPY30","Bin_3",-1.24504593345172,2
"DPY30","Bin_4",-0.968239432674807,2
"DPY30","Bin_5",-1.35388235506007,2
"DPY30","Bin_6",-1.09370999113885,2
"DPY30","Bin_7",-1.76748737829686,2
"DPY30","Bin_8",-1.21036812905056,2
"DPY30","Bin_9",0.666673730256242,2
"DPY30","Bin_10",1.10637282474286,2
"DPY30","Bin_11",0.927395482573818,2
"DPY30","Bin_12",0.898279661450101,2
"DPY30","Bin_13",0.457562106315952,2
"DPY30","Bin_14",0.333892061372606,2
"DPY30","Bin_15",0.521038664218215,2
"DPY30","Bin_16",0.551399497366574,2
"DPY30","Bin_17",0.727712225300032,2
"DPY30","Bin_18",0.84832531195256,2
"DPY30","Bin_19",1.06696778848029,2
"DPY30","Bin_20",0.972417684075001,2
"TMEM123","Bin_1",-1.34402823664351,2
"TMEM123","Bin_2",-0.754407522846153,2
"TMEM123","Bin_3",-1.04955111825131,2
"TMEM123","Bin_4",-0.902650258331181,2
"TMEM123","Bin_5",-1.9655594337053,2
"TMEM123","Bin_6",-1.7323286315533,2
"TMEM123","Bin_7",-0.782465722832429,2
"TMEM123","Bin_8",-0.119163372807896,2
"TMEM123","Bin_9",0.501650800799512,2
"TMEM123","Bin_10",0.81032603915279,2
"TMEM123","Bin_11",0.90654841032166,2
"TMEM123","Bin_12",0.639470715526605,2
"TMEM123","Bin_13",0.346597533613349,2
"TMEM123","Bin_14",0.378181495031334,2
"TMEM123","Bin_15",0.928691390111813,2
"TMEM123","Bin_16",1.0703889697542,2
"TMEM123","Bin_17",1.30935883443541,2
"TMEM123","Bin_18",0.781970450235309,2
"TMEM123","Bin_19",0.445101138565774,2
"TMEM123","Bin_20",0.531868519423314,2
"COMMD6","Bin_1",-0.352861686683326,2
"COMMD6","Bin_2",-0.414755901020301,2
"COMMD6","Bin_3",-0.381444221285926,2
"COMMD6","Bin_4",-1.10291301835775,2
"COMMD6","Bin_5",-1.32685016174997,2
"COMMD6","Bin_6",-2.76993284656574,2
"COMMD6","Bin_7",-1.41921619349342,2
"COMMD6","Bin_8",-0.281412110596183,2
"COMMD6","Bin_9",0.698954432466019,2
"COMMD6","Bin_10",0.73436112784083,2
"COMMD6","Bin_11",0.560899499402641,2
"COMMD6","Bin_12",0.961983375623629,2
"COMMD6","Bin_13",0.339673352581422,2
"COMMD6","Bin_14",0.356820770896777,2
"COMMD6","Bin_15",0.721833676650347,2
"COMMD6","Bin_16",0.608431201764234,2
"COMMD6","Bin_17",0.832161432857864,2
"COMMD6","Bin_18",0.89781402460767,2
"COMMD6","Bin_19",0.772464509421603,2
"COMMD6","Bin_20",0.563988735639575,2
"ATP5PB","Bin_1",-0.653629038901455,2
"ATP5PB","Bin_2",-1.28243777578555,2
"ATP5PB","Bin_3",-1.34056667971502,2
"ATP5PB","Bin_4",-1.00793560942951,2
"ATP5PB","Bin_5",-1.22477134242054,2
"ATP5PB","Bin_6",-1.50292435267833,2
"ATP5PB","Bin_7",-1.14263904477967,2
"ATP5PB","Bin_8",-1.06950635943705,2
"ATP5PB","Bin_9",0.849043612184154,2
"ATP5PB","Bin_10",1.08202394650438,2
"ATP5PB","Bin_11",0.816912466579966,2
"ATP5PB","Bin_12",0.563225615609288,2
"ATP5PB","Bin_13",0.889468857883181,2
"ATP5PB","Bin_14",0.598836733120932,2
"ATP5PB","Bin_15",0.428069591701239,2
"ATP5PB","Bin_16",0.586926899559769,2
"ATP5PB","Bin_17",0.40886758271758,2
"ATP5PB","Bin_18",0.650406403570073,2
"ATP5PB","Bin_19",1.16758166352404,2
"ATP5PB","Bin_20",1.18304683019252,2
"FAM178B","Bin_1",-1.34794533729692,2
"FAM178B","Bin_2",-1.34794533729692,2
"FAM178B","Bin_3",-1.29522117327621,2
"FAM178B","Bin_4",-1.33561905911739,2
"FAM178B","Bin_5",-1.2596724873251,2
"FAM178B","Bin_6",-1.34794533729692,2
"FAM178B","Bin_7",0.0363848879214824,2
"FAM178B","Bin_8",-0.485836129192883,2
"FAM178B","Bin_9",-0.177649008049373,2
"FAM178B","Bin_10",0.399365910033215,2
"FAM178B","Bin_11",0.780280248524818,2
"FAM178B","Bin_12",0.511825583821259,2
"FAM178B","Bin_13",0.245076011263097,2
"FAM178B","Bin_14",0.457281019453393,2
"FAM178B","Bin_15",0.526307985478231,2
"FAM178B","Bin_16",1.13446802141346,2
"FAM178B","Bin_17",1.38552552266473,2
"FAM178B","Bin_18",1.19150050664804,2
"FAM178B","Bin_19",1.2538935848931,2
"FAM178B","Bin_20",0.675924586736904,2
"CSNK2B","Bin_1",-0.316895250035229,2
"CSNK2B","Bin_2",-1.0010010345355,2
"CSNK2B","Bin_3",-0.959436551763978,2
"CSNK2B","Bin_4",-0.876945995893708,2
"CSNK2B","Bin_5",-1.08048725517439,2
"CSNK2B","Bin_6",-1.98324935796548,2
"CSNK2B","Bin_7",-1.70359737078526,2
"CSNK2B","Bin_8",-0.999889315150223,2
"CSNK2B","Bin_9",0.435389828961415,2
"CSNK2B","Bin_10",0.994003967903493,2
"CSNK2B","Bin_11",0.884682485101155,2
"CSNK2B","Bin_12",0.538467167005616,2
"CSNK2B","Bin_13",0.735024881843241,2
"CSNK2B","Bin_14",0.410268062121872,2
"CSNK2B","Bin_15",0.718614368357061,2
"CSNK2B","Bin_16",0.718954007229954,2
"CSNK2B","Bin_17",0.636056686286832,2
"CSNK2B","Bin_18",0.691118458953519,2
"CSNK2B","Bin_19",1.06394232255854,2
"CSNK2B","Bin_20",1.09497989498107,2
"PLTP","Bin_1",-0.938317407430587,2
"PLTP","Bin_2",-0.339373646733293,2
"PLTP","Bin_3",-0.532004758278732,2
"PLTP","Bin_4",-0.681866663497538,2
"PLTP","Bin_5",-0.938317407430587,2
"PLTP","Bin_6",-0.938317407430587,2
"PLTP","Bin_7",-0.938317407430587,2
"PLTP","Bin_8",-0.437925481481565,2
"PLTP","Bin_9",-0.364196171630428,2
"PLTP","Bin_10",-0.241946630595234,2
"PLTP","Bin_11",-0.121675523627191,2
"PLTP","Bin_12",-0.354090650620046,2
"PLTP","Bin_13",-0.368422175268816,2
"PLTP","Bin_14",-0.148681609998214,2
"PLTP","Bin_15",-0.00111394143034006,2
"PLTP","Bin_16",-0.0929244368105797,2
"PLTP","Bin_17",2.01647119233019,2
"PLTP","Bin_18",1.68899537341283,2
"PLTP","Bin_19",2.0119782669051,2
"PLTP","Bin_20",1.72004648704621,2
"MRPL58","Bin_1",-0.825114605688919,2
"MRPL58","Bin_2",-1.32409249613522,2
"MRPL58","Bin_3",-1.33801663318016,2
"MRPL58","Bin_4",-1.01047576791831,2
"MRPL58","Bin_5",-1.40876778031882,2
"MRPL58","Bin_6",-1.60638887835445,2
"MRPL58","Bin_7",-1.20952139903863,2
"MRPL58","Bin_8",0.0872034592350102,2
"MRPL58","Bin_9",0.943854276702215,2
"MRPL58","Bin_10",1.08767118418535,2
"MRPL58","Bin_11",1.10695470180899,2
"MRPL58","Bin_12",0.773543353377659,2
"MRPL58","Bin_13",0.527081229042097,2
"MRPL58","Bin_14",0.286385208592536,2
"MRPL58","Bin_15",0.203501174850019,2
"MRPL58","Bin_16",0.395055019396309,2
"MRPL58","Bin_17",0.457479158614772,2
"MRPL58","Bin_18",0.479511796814358,2
"MRPL58","Bin_19",1.24431791308393,2
"MRPL58","Bin_20",1.12981908493126,2
"HEXIM1","Bin_1",-1.09628507410443,2
"HEXIM1","Bin_2",-0.399714105495097,2
"HEXIM1","Bin_3",-0.840620166011558,2
"HEXIM1","Bin_4",-1.74109591973143,2
"HEXIM1","Bin_5",-2.09901516695143,2
"HEXIM1","Bin_6",-0.522666391005817,2
"HEXIM1","Bin_7",-0.989482655906882,2
"HEXIM1","Bin_8",-0.647032451740596,2
"HEXIM1","Bin_9",-0.112691223055856,2
"HEXIM1","Bin_10",0.182643050878307,2
"HEXIM1","Bin_11",0.951555965514033,2
"HEXIM1","Bin_12",0.0408233399526764,2
"HEXIM1","Bin_13",0.834894211624369,2
"HEXIM1","Bin_14",0.829590606565398,2
"HEXIM1","Bin_15",0.831289278814546,2
"HEXIM1","Bin_16",0.63364907536064,2
"HEXIM1","Bin_17",0.814187310024275,2
"HEXIM1","Bin_18",1.14835810715617,2
"HEXIM1","Bin_19",1.21572686893993,2
"HEXIM1","Bin_20",0.965885339172739,2
"PCBD1","Bin_1",0.0166477879380941,2
"PCBD1","Bin_2",-1.03533952064626,2
"PCBD1","Bin_3",-1.22837618363932,2
"PCBD1","Bin_4",-1.1356396450958,2
"PCBD1","Bin_5",-1.32634132725688,2
"PCBD1","Bin_6",-1.33907894879595,2
"PCBD1","Bin_7",-1.05252471934216,2
"PCBD1","Bin_8",-1.76866928973446,2
"PCBD1","Bin_9",0.194450304796681,2
"PCBD1","Bin_10",0.954443031366354,2
"PCBD1","Bin_11",0.747666160685257,2
"PCBD1","Bin_12",0.651086177132271,2
"PCBD1","Bin_13",0.713833195860883,2
"PCBD1","Bin_14",0.536288776093774,2
"PCBD1","Bin_15",0.36296259020244,2
"PCBD1","Bin_16",0.783972450143146,2
"PCBD1","Bin_17",0.916069439253154,2
"PCBD1","Bin_18",1.00431125739692,2
"PCBD1","Bin_19",1.07059445395847,2
"PCBD1","Bin_20",0.933644009683395,2
"SLC3A2","Bin_1",-0.905889891461168,2
"SLC3A2","Bin_2",-0.753196325316709,2
"SLC3A2","Bin_3",-0.813559128004862,2
"SLC3A2","Bin_4",-0.755522981087409,2
"SLC3A2","Bin_5",-1.65716434072469,2
"SLC3A2","Bin_6",-2.0040000431925,2
"SLC3A2","Bin_7",-0.211016162792864,2
"SLC3A2","Bin_8",-1.25432595422186,2
"SLC3A2","Bin_9",0.472292290351344,2
"SLC3A2","Bin_10",0.830743128580663,2
"SLC3A2","Bin_11",0.8705650066685,2
"SLC3A2","Bin_12",0.508080161634584,2
"SLC3A2","Bin_13",0.493630021914951,2
"SLC3A2","Bin_14",0.124322476943615,2
"SLC3A2","Bin_15",0.22131600363005,2
"SLC3A2","Bin_16",0.3883508337943,2
"SLC3A2","Bin_17",0.677965156624223,2
"SLC3A2","Bin_18",0.740723432429129,2
"SLC3A2","Bin_19",1.61923057443465,2
"SLC3A2","Bin_20",1.40745573979605,2
"ERGIC3","Bin_1",0.394480837259043,2
"ERGIC3","Bin_2",-0.841035281924816,2
"ERGIC3","Bin_3",-1.15942559123663,2
"ERGIC3","Bin_4",-1.23661344079148,2
"ERGIC3","Bin_5",-1.49432356695316,2
"ERGIC3","Bin_6",-1.10585408317323,2
"ERGIC3","Bin_7",-1.63114416318031,2
"ERGIC3","Bin_8",-1.32594771075748,2
"ERGIC3","Bin_9",0.305499278868914,2
"ERGIC3","Bin_10",0.315895090755948,2
"ERGIC3","Bin_11",0.523681745813583,2
"ERGIC3","Bin_12",0.645299876375447,2
"ERGIC3","Bin_13",0.324815676511718,2
"ERGIC3","Bin_14",0.403208558181372,2
"ERGIC3","Bin_15",0.58305117306809,2
"ERGIC3","Bin_16",0.614787957550139,2
"ERGIC3","Bin_17",1.18069572869264,2
"ERGIC3","Bin_18",1.05290133551124,2
"ERGIC3","Bin_19",1.13797537304509,2
"ERGIC3","Bin_20",1.31205120638389,2
"EIF4G1","Bin_1",-0.960505511420605,2
"EIF4G1","Bin_2",-1.25954537667971,2
"EIF4G1","Bin_3",-1.23171572738377,2
"EIF4G1","Bin_4",-1.10553161270148,2
"EIF4G1","Bin_5",-1.40920556234928,2
"EIF4G1","Bin_6",-1.97117111956415,2
"EIF4G1","Bin_7",0.105074820526253,2
"EIF4G1","Bin_8",-0.927362024910188,2
"EIF4G1","Bin_9",0.664520401040085,2
"EIF4G1","Bin_10",1.16021459095322,2
"EIF4G1","Bin_11",1.01309993102841,2
"EIF4G1","Bin_12",0.555461478273552,2
"EIF4G1","Bin_13",0.602416045089871,2
"EIF4G1","Bin_14",0.371436181941764,2
"EIF4G1","Bin_15",0.459363780259168,2
"EIF4G1","Bin_16",0.674196269547689,2
"EIF4G1","Bin_17",0.738068057886838,2
"EIF4G1","Bin_18",0.649072849094723,2
"EIF4G1","Bin_19",0.965816940449323,2
"EIF4G1","Bin_20",0.906295588918278,2
"HDAC2","Bin_1",-1.12375096619037,2
"HDAC2","Bin_2",-1.32499189300022,2
"HDAC2","Bin_3",-1.3394452604869,2
"HDAC2","Bin_4",-0.727233388024595,2
"HDAC2","Bin_5",-1.44873731798425,2
"HDAC2","Bin_6",-1.58840747731841,2
"HDAC2","Bin_7",-0.593560161066547,2
"HDAC2","Bin_8",-0.856441044752221,2
"HDAC2","Bin_9",0.824779543149649,2
"HDAC2","Bin_10",1.15245503388276,2
"HDAC2","Bin_11",0.944840469347346,2
"HDAC2","Bin_12",0.470169407332577,2
"HDAC2","Bin_13",0.90107904105966,2
"HDAC2","Bin_14",0.409411289671465,2
"HDAC2","Bin_15",0.387739870712824,2
"HDAC2","Bin_16",0.489995142592304,2
"HDAC2","Bin_17",0.291005634968588,2
"HDAC2","Bin_18",0.806092832731811,2
"HDAC2","Bin_19",1.26603545031108,2
"HDAC2","Bin_20",1.05896379306344,2
"AHSA1","Bin_1",-0.6643093435737,2
"AHSA1","Bin_2",-1.01736052602888,2
"AHSA1","Bin_3",-1.16140711583646,2
"AHSA1","Bin_4",-1.10629206051797,2
"AHSA1","Bin_5",-1.10680583822729,2
"AHSA1","Bin_6",-1.81188289246562,2
"AHSA1","Bin_7",-1.13900063169339,2
"AHSA1","Bin_8",-0.164346411199204,2
"AHSA1","Bin_9",0.27534118189082,2
"AHSA1","Bin_10",1.08438973365787,2
"AHSA1","Bin_11",0.704435057322299,2
"AHSA1","Bin_12",0.0580998102106965,2
"AHSA1","Bin_13",0.530913225627769,2
"AHSA1","Bin_14",0.0481741734670619,2
"AHSA1","Bin_15",0.160321092203951,2
"AHSA1","Bin_16",0.404087531807226,2
"AHSA1","Bin_17",0.581916053341195,2
"AHSA1","Bin_18",0.994898417405497,2
"AHSA1","Bin_19",1.7765632943652,2
"AHSA1","Bin_20",1.55226524824294,2
"SF3B5","Bin_1",-0.288456365773769,2
"SF3B5","Bin_2",-1.23796252186091,2
"SF3B5","Bin_3",-1.06804907995821,2
"SF3B5","Bin_4",-0.702755449820365,2
"SF3B5","Bin_5",-1.15058421651219,2
"SF3B5","Bin_6",-2.16047053905626,2
"SF3B5","Bin_7",-1.18509725899931,2
"SF3B5","Bin_8",-0.411263714621432,2
"SF3B5","Bin_9",0.63799175592836,2
"SF3B5","Bin_10",0.810709799674102,2
"SF3B5","Bin_11",0.559897678397549,2
"SF3B5","Bin_12",0.274625047850397,2
"SF3B5","Bin_13",0.4342182290653,2
"SF3B5","Bin_14",0.00255738136186227,2
"SF3B5","Bin_15",0.28015054650894,2
"SF3B5","Bin_16",0.375849662443737,2
"SF3B5","Bin_17",0.801567195779514,2
"SF3B5","Bin_18",0.916726289358857,2
"SF3B5","Bin_19",1.59433914441509,2
"SF3B5","Bin_20",1.51600641581874,2
"YIF1A","Bin_1",-0.696566099920516,2
"YIF1A","Bin_2",-0.819008674790549,2
"YIF1A","Bin_3",-1.02506266551801,2
"YIF1A","Bin_4",-0.465961651270769,2
"YIF1A","Bin_5",-1.19459476870473,2
"YIF1A","Bin_6",-1.75173080366905,2
"YIF1A","Bin_7",-1.22090027633129,2
"YIF1A","Bin_8",-0.605748673997793,2
"YIF1A","Bin_9",0.00330185666649853,2
"YIF1A","Bin_10",0.414220635315987,2
"YIF1A","Bin_11",0.396603791143739,2
"YIF1A","Bin_12",0.139713132077571,2
"YIF1A","Bin_13",0.0792839579136153,2
"YIF1A","Bin_14",-0.289997684324512,2
"YIF1A","Bin_15",0.569892773275328,2
"YIF1A","Bin_16",0.659127375943849,2
"YIF1A","Bin_17",2.11128935962811,2
"YIF1A","Bin_18",1.14873514476973,2
"YIF1A","Bin_19",1.31381506944351,2
"YIF1A","Bin_20",1.23358820234929,2
"GMPS","Bin_1",-1.43796365060727,2
"GMPS","Bin_2",-1.43050676771235,2
"GMPS","Bin_3",-1.58845936072093,2
"GMPS","Bin_4",-0.793118357747277,2
"GMPS","Bin_5",-1.23050186497457,2
"GMPS","Bin_6",-1.30135911922893,2
"GMPS","Bin_7",-0.816792629562275,2
"GMPS","Bin_8",-0.403215877437927,2
"GMPS","Bin_9",0.733064738337713,2
"GMPS","Bin_10",1.34342321877751,2
"GMPS","Bin_11",1.02711856710824,2
"GMPS","Bin_12",0.586727900235563,2
"GMPS","Bin_13",0.790853458497592,2
"GMPS","Bin_14",0.706230552828935,2
"GMPS","Bin_15",0.416783365861501,2
"GMPS","Bin_16",0.868213315334487,2
"GMPS","Bin_17",0.330447695174057,2
"GMPS","Bin_18",0.38526294507891,2
"GMPS","Bin_19",0.924476728246887,2
"GMPS","Bin_20",0.889315142510136,2
"SSR2","Bin_1",-0.620165857689167,2
"SSR2","Bin_2",-0.91551417416764,2
"SSR2","Bin_3",-1.22406670464519,2
"SSR2","Bin_4",-0.70685553195114,2
"SSR2","Bin_5",-1.6536044729921,2
"SSR2","Bin_6",-1.66518005191629,2
"SSR2","Bin_7",-1.47052559137444,2
"SSR2","Bin_8",-0.482646977445991,2
"SSR2","Bin_9",0.140929708297102,2
"SSR2","Bin_10",0.174452435154829,2
"SSR2","Bin_11",0.459973591295246,2
"SSR2","Bin_12",0.467129579247106,2
"SSR2","Bin_13",0.541368097440014,2
"SSR2","Bin_14",0.849134092748983,2
"SSR2","Bin_15",0.839531518735396,2
"SSR2","Bin_16",0.94234689126726,2
"SSR2","Bin_17",1.3698020548438,2
"SSR2","Bin_18",1.01546741214354,2
"SSR2","Bin_19",1.00997377082965,2
"SSR2","Bin_20",0.928450210179026,2
"PGAM1","Bin_1",-0.309026531321005,2
"PGAM1","Bin_2",-1.19038240218653,2
"PGAM1","Bin_3",-0.945297611442861,2
"PGAM1","Bin_4",-0.868847074785831,2
"PGAM1","Bin_5",-1.4059708998462,2
"PGAM1","Bin_6",-1.08884450991107,2
"PGAM1","Bin_7",-1.77301206777022,2
"PGAM1","Bin_8",-1.28084006879854,2
"PGAM1","Bin_9",0.318816573580279,2
"PGAM1","Bin_10",0.940102094091512,2
"PGAM1","Bin_11",0.806686237077065,2
"PGAM1","Bin_12",0.644855877489146,2
"PGAM1","Bin_13",0.349944739963131,2
"PGAM1","Bin_14",0.125581968701147,2
"PGAM1","Bin_15",0.815908021479623,2
"PGAM1","Bin_16",1.21874049067472,2
"PGAM1","Bin_17",1.1988114736702,2
"PGAM1","Bin_18",0.755529305669892,2
"PGAM1","Bin_19",0.598779947022558,2
"PGAM1","Bin_20",1.08846443664299,2
"SUMO1","Bin_1",-0.370317413663703,2
"SUMO1","Bin_2",-1.20476187545179,2
"SUMO1","Bin_3",-1.30872428973883,2
"SUMO1","Bin_4",-1.20545390266943,2
"SUMO1","Bin_5",-1.07464815300105,2
"SUMO1","Bin_6",-1.75174419630706,2
"SUMO1","Bin_7",-1.89158518061541,2
"SUMO1","Bin_8",0.20991215370825,2
"SUMO1","Bin_9",0.681482541293767,2
"SUMO1","Bin_10",0.702315116178641,2
"SUMO1","Bin_11",0.831355028792714,2
"SUMO1","Bin_12",0.711925094946338,2
"SUMO1","Bin_13",0.622421913056009,2
"SUMO1","Bin_14",0.489561247234499,2
"SUMO1","Bin_15",0.526243201418019,2
"SUMO1","Bin_16",0.65604465410701,2
"SUMO1","Bin_17",0.634598534001354,2
"SUMO1","Bin_18",0.877452611187643,2
"SUMO1","Bin_19",0.924907454806939,2
"SUMO1","Bin_20",0.939015460716082,2
"NDUFB9","Bin_1",-0.757487535729494,2
"NDUFB9","Bin_2",-1.30429025182855,2
"NDUFB9","Bin_3",-1.26394591786566,2
"NDUFB9","Bin_4",-0.493979293109703,2
"NDUFB9","Bin_5",-1.19329361924291,2
"NDUFB9","Bin_6",-2.14930314625388,2
"NDUFB9","Bin_7",-1.02342946700624,2
"NDUFB9","Bin_8",-0.100789976028095,2
"NDUFB9","Bin_9",0.524958594483618,2
"NDUFB9","Bin_10",0.971674563517848,2
"NDUFB9","Bin_11",0.622669124922901,2
"NDUFB9","Bin_12",0.481456562202796,2
"NDUFB9","Bin_13",0.59464365109372,2
"NDUFB9","Bin_14",0.160334932261141,2
"NDUFB9","Bin_15",0.217526370798408,2
"NDUFB9","Bin_16",0.322501856137067,2
"NDUFB9","Bin_17",0.531063722768277,2
"NDUFB9","Bin_18",0.957597279381637,2
"NDUFB9","Bin_19",1.48618167139505,2
"NDUFB9","Bin_20",1.41591087810206,2
"ACTG1","Bin_1",0.20040107536985,1
"ACTG1","Bin_2",1.02051964668706,1
"ACTG1","Bin_3",0.594865981467096,1
"ACTG1","Bin_4",1.1428792969523,1
"ACTG1","Bin_5",0.60237998151767,1
"ACTG1","Bin_6",-3.00678190677123,1
"ACTG1","Bin_7",-1.56843783598971,1
"ACTG1","Bin_8",-1.09681511578904,1
"ACTG1","Bin_9",0.593554643031379,1
"ACTG1","Bin_10",0.541623874045001,1
"ACTG1","Bin_11",0.880825850351692,1
"ACTG1","Bin_12",0.412587168613644,1
"ACTG1","Bin_13",0.56585993188314,1
"ACTG1","Bin_14",0.442489791206904,1
"ACTG1","Bin_15",0.197647416881005,1
"ACTG1","Bin_16",0.36802090129782,1
"ACTG1","Bin_17",-0.487699347601277,1
"ACTG1","Bin_18",-0.488473441565064,1
"ACTG1","Bin_19",-0.541440355149721,1
"ACTG1","Bin_20",-0.374007556438527,1
"MYC","Bin_1",-1.20973351914717,2
"MYC","Bin_2",-0.594182414823666,2
"MYC","Bin_3",0.00377068467719703,2
"MYC","Bin_4",-1.41830539479199,2
"MYC","Bin_5",-1.58433044905671,2
"MYC","Bin_6",-1.71849972532867,2
"MYC","Bin_7",-0.753492722839177,2
"MYC","Bin_8",-1.08252378756496,2
"MYC","Bin_9",0.225037795936257,2
"MYC","Bin_10",0.715680128216085,2
"MYC","Bin_11",1.07828225734596,2
"MYC","Bin_12",0.425988218286305,2
"MYC","Bin_13",0.788319099827306,2
"MYC","Bin_14",0.824612012213117,2
"MYC","Bin_15",0.36327100600496,2
"MYC","Bin_16",0.415687700307213,2
"MYC","Bin_17",0.0599870123237634,2
"MYC","Bin_18",0.953483616150935,2
"MYC","Bin_19",1.70103253206895,2
"MYC","Bin_20",0.805915950194295,2
"RPN2","Bin_1",-0.161403524335671,2
"RPN2","Bin_2",-0.995189391953395,2
"RPN2","Bin_3",-1.19490440375694,2
"RPN2","Bin_4",-0.676943189967076,2
"RPN2","Bin_5",-1.71666981532689,2
"RPN2","Bin_6",-1.76832423878197,2
"RPN2","Bin_7",-0.779559080564476,2
"RPN2","Bin_8",-0.927731492302508,2
"RPN2","Bin_9",0.143673578985412,2
"RPN2","Bin_10",0.736976604279942,2
"RPN2","Bin_11",0.689630116215018,2
"RPN2","Bin_12",-0.0112569374525436,2
"RPN2","Bin_13",0.389004158207598,2
"RPN2","Bin_14",0.210726554732511,2
"RPN2","Bin_15",0.220014166851567,2
"RPN2","Bin_16",0.683802770145855,2
"RPN2","Bin_17",1.11941846828392,2
"RPN2","Bin_18",1.10233292906791,2
"RPN2","Bin_19",1.35753763879033,2
"RPN2","Bin_20",1.5788650888814,2
"SF3B2","Bin_1",-0.555026630657619,2
"SF3B2","Bin_2",-1.13036238592727,2
"SF3B2","Bin_3",-0.948400224539403,2
"SF3B2","Bin_4",-0.875083713548644,2
"SF3B2","Bin_5",-1.8961710712286,2
"SF3B2","Bin_6",-1.42074919565051,2
"SF3B2","Bin_7",0.184508962571997,2
"SF3B2","Bin_8",-1.81447082407443,2
"SF3B2","Bin_9",0.241284519522328,2
"SF3B2","Bin_10",0.989041294366349,2
"SF3B2","Bin_11",0.902740156365258,2
"SF3B2","Bin_12",0.421537047413378,2
"SF3B2","Bin_13",0.638277221546272,2
"SF3B2","Bin_14",0.346795208371434,2
"SF3B2","Bin_15",0.515991719200626,2
"SF3B2","Bin_16",0.701666656833175,2
"SF3B2","Bin_17",0.936535792370148,2
"SF3B2","Bin_18",0.704328420734337,2
"SF3B2","Bin_19",0.987546740776647,2
"SF3B2","Bin_20",1.07001030555454,2
"MT-ND4L","Bin_1",1.13281990000786,1
"MT-ND4L","Bin_2",1.72059654871437,1
"MT-ND4L","Bin_3",2.29748663122968,1
"MT-ND4L","Bin_4",2.16659781900357,1
"MT-ND4L","Bin_5",-0.330511499201307,1
"MT-ND4L","Bin_6",0.479079128624102,1
"MT-ND4L","Bin_7",-0.122563808210003,1
"MT-ND4L","Bin_8",-1.03270017888757,1
"MT-ND4L","Bin_9",-0.622674963193211,1
"MT-ND4L","Bin_10",-0.421196812560229,1
"MT-ND4L","Bin_11",-0.452142757940443,1
"MT-ND4L","Bin_12",-0.553031062485846,1
"MT-ND4L","Bin_13",-0.535652215662265,1
"MT-ND4L","Bin_14",-0.555407892806904,1
"MT-ND4L","Bin_15",-0.565834248239293,1
"MT-ND4L","Bin_16",-0.448585866238326,1
"MT-ND4L","Bin_17",-0.617200219495131,1
"MT-ND4L","Bin_18",-0.511807118525854,1
"MT-ND4L","Bin_19",-0.494962556562386,1
"MT-ND4L","Bin_20",-0.532308827570813,1
"LGALS1","Bin_1",-1.71129207353704,2
"LGALS1","Bin_2",-1.27229806139305,2
"LGALS1","Bin_3",-0.778340014623909,2
"LGALS1","Bin_4",0.558777565173818,2
"LGALS1","Bin_5",-0.258707651221858,2
"LGALS1","Bin_6",-2.22865814515224,2
"LGALS1","Bin_7",-0.713510523553215,2
"LGALS1","Bin_8",-0.319861222688968,2
"LGALS1","Bin_9",-0.234395321405558,2
"LGALS1","Bin_10",-0.0956620895006218,2
"LGALS1","Bin_11",0.28791416886119,2
"LGALS1","Bin_12",0.291629114631811,2
"LGALS1","Bin_13",0.0542102455020506,2
"LGALS1","Bin_14",0.189733622942191,2
"LGALS1","Bin_15",0.632197535191834,2
"LGALS1","Bin_16",0.266560129008795,2
"LGALS1","Bin_17",1.30505460590656,2
"LGALS1","Bin_18",1.18775451049158,2
"LGALS1","Bin_19",1.37389791571628,2
"LGALS1","Bin_20",1.46499568965036,2
"YIPF2","Bin_1",-0.140153640580198,2
"YIPF2","Bin_2",-0.813072293130307,2
"YIPF2","Bin_3",-0.839921945626812,2
"YIPF2","Bin_4",-0.840885579828701,2
"YIPF2","Bin_5",-1.16103514407463,2
"YIPF2","Bin_6",-1.42336716837239,2
"YIPF2","Bin_7",-0.398043690790986,2
"YIPF2","Bin_8",-1.07798074990097,2
"YIPF2","Bin_9",-0.13009905483922,2
"YIPF2","Bin_10",0.0816140437082481,2
"YIPF2","Bin_11",0.270447616097758,2
"YIPF2","Bin_12",0.177212179396027,2
"YIPF2","Bin_13",-0.527949087071015,2
"YIPF2","Bin_14",-0.460945547828226,2
"YIPF2","Bin_15",0.202552960038596,2
"YIPF2","Bin_16",0.614885524565737,2
"YIPF2","Bin_17",2.34585637628652,2
"YIPF2","Bin_18",1.40204781387706,2
"YIPF2","Bin_19",1.29237103532644,2
"YIPF2","Bin_20",1.42646635274706,2
"CEBPD","Bin_1",1.94576076295117,1
"CEBPD","Bin_2",2.34890527496759,1
"CEBPD","Bin_3",2.28066465479202,1
"CEBPD","Bin_4",0.618404820584804,1
"CEBPD","Bin_5",0.171425317500743,1
"CEBPD","Bin_6",0.0612902630702193,1
"CEBPD","Bin_7",-0.708072626227179,1
"CEBPD","Bin_8",-0.708072626227179,1
"CEBPD","Bin_9",-0.586071578046912,1
"CEBPD","Bin_10",-0.517222772939475,1
"CEBPD","Bin_11",-0.453473656376462,1
"CEBPD","Bin_12",-0.355744033878595,1
"CEBPD","Bin_13",-0.503068173280434,1
"CEBPD","Bin_14",-0.432426370623508,1
"CEBPD","Bin_15",-0.400210570891202,1
"CEBPD","Bin_16",-0.510181837921067,1
"CEBPD","Bin_17",-0.533977169914024,1
"CEBPD","Bin_18",-0.519603111406581,1
"CEBPD","Bin_19",-0.592144373328345,1
"CEBPD","Bin_20",-0.606182192805596,1
"FDPS","Bin_1",-0.977457714172451,2
"FDPS","Bin_2",-1.25846209568928,2
"FDPS","Bin_3",-1.36737434126811,2
"FDPS","Bin_4",-0.8306541334272,2
"FDPS","Bin_5",-1.02339724217886,2
"FDPS","Bin_6",-1.79523580070536,2
"FDPS","Bin_7",-0.403171433004823,2
"FDPS","Bin_8",-0.908897195190442,2
"FDPS","Bin_9",1.25165729224594,2
"FDPS","Bin_10",1.37002153056238,2
"FDPS","Bin_11",0.877997231371019,2
"FDPS","Bin_12",0.87912426750063,2
"FDPS","Bin_13",0.652227092695898,2
"FDPS","Bin_14",0.223327973369076,2
"FDPS","Bin_15",0.0941625588775798,2
"FDPS","Bin_16",0.108626395676558,2
"FDPS","Bin_17",0.212045432756996,2
"FDPS","Bin_18",0.531971994971517,2
"FDPS","Bin_19",1.04387680647752,2
"FDPS","Bin_20",1.31961137913141,2
"MTCH1","Bin_1",-0.928654888523591,2
"MTCH1","Bin_2",-1.04889677701859,2
"MTCH1","Bin_3",-1.40738602221521,2
"MTCH1","Bin_4",-0.78395855210543,2
"MTCH1","Bin_5",-1.03128876736864,2
"MTCH1","Bin_6",-1.79400547283861,2
"MTCH1","Bin_7",-0.948403346768425,2
"MTCH1","Bin_8",-0.980719599670247,2
"MTCH1","Bin_9",0.406874996694643,2
"MTCH1","Bin_10",0.887631680950176,2
"MTCH1","Bin_11",0.87040463878016,2
"MTCH1","Bin_12",0.606528355650446,2
"MTCH1","Bin_13",0.336064249276107,2
"MTCH1","Bin_14",0.0502517518586612,2
"MTCH1","Bin_15",0.451894631795426,2
"MTCH1","Bin_16",0.685530629750207,2
"MTCH1","Bin_17",1.2122767221653,2
"MTCH1","Bin_18",0.924879358285254,2
"MTCH1","Bin_19",1.28260449011629,2
"MTCH1","Bin_20",1.20837192118608,2
"GCHFR","Bin_1",-1.13235195171672,2
"GCHFR","Bin_2",-1.01213783583218,2
"GCHFR","Bin_3",-1.05695984478637,2
"GCHFR","Bin_4",-1.27634897397151,2
"GCHFR","Bin_5",-1.38492499472925,2
"GCHFR","Bin_6",-0.61036078520318,2
"GCHFR","Bin_7",-0.52811196963068,2
"GCHFR","Bin_8",-1.25790381941229,2
"GCHFR","Bin_9",-0.367740033155052,2
"GCHFR","Bin_10",-0.0288997133609866,2
"GCHFR","Bin_11",0.140646060549566,2
"GCHFR","Bin_12",0.554291247704383,2
"GCHFR","Bin_13",0.400449718584432,2
"GCHFR","Bin_14",0.922334382918755,2
"GCHFR","Bin_15",1.12041721721903,2
"GCHFR","Bin_16",1.08266065177444,2
"GCHFR","Bin_17",1.56604434072761,2
"GCHFR","Bin_18",1.59559724718541,2
"GCHFR","Bin_19",0.842361950018502,2
"GCHFR","Bin_20",0.430937105116105,2
"PARL","Bin_1",-0.840404634235205,2
"PARL","Bin_2",-0.899032155380873,2
"PARL","Bin_3",-1.13282435723309,2
"PARL","Bin_4",-1.12796077518166,2
"PARL","Bin_5",-1.0876497622919,2
"PARL","Bin_6",-1.60738772928801,2
"PARL","Bin_7",-1.3683351698068,2
"PARL","Bin_8",-1.15654804361606,2
"PARL","Bin_9",0.935262283319183,2
"PARL","Bin_10",1.17980882105443,2
"PARL","Bin_11",1.14558417044131,2
"PARL","Bin_12",0.692860955826103,2
"PARL","Bin_13",0.524740506087314,2
"PARL","Bin_14",0.418522819763743,2
"PARL","Bin_15",0.436968265366745,2
"PARL","Bin_16",0.642860881412674,2
"PARL","Bin_17",0.695427258527617,2
"PARL","Bin_18",0.520750705448287,2
"PARL","Bin_19",1.13524542865482,2
"PARL","Bin_20",0.892110531131373,2
"RPS24","Bin_1",-0.309170098287319,2
"RPS24","Bin_2",-0.0382281682825138,2
"RPS24","Bin_3",0.113482968199205,2
"RPS24","Bin_4",-1.51729354186641,2
"RPS24","Bin_5",0.050277591249194,2
"RPS24","Bin_6",-3.39635159028829,2
"RPS24","Bin_7",-1.13381399088998,2
"RPS24","Bin_8",-0.0824929876612798,2
"RPS24","Bin_9",0.630660916977391,2
"RPS24","Bin_10",0.382369829343053,2
"RPS24","Bin_11",0.293753718218832,2
"RPS24","Bin_12",0.601003230049935,2
"RPS24","Bin_13",0.791816958486134,2
"RPS24","Bin_14",0.90688991978609,2
"RPS24","Bin_15",0.643528056951432,2
"RPS24","Bin_16",0.375104444212952,2
"RPS24","Bin_17",0.334970991506465,2
"RPS24","Bin_18",0.57117222038089,2
"RPS24","Bin_19",0.485172613839781,2
"RPS24","Bin_20",0.297146918074433,2
"EMP2","Bin_1",-0.561968994965178,2
"EMP2","Bin_2",-1.4031513391169,2
"EMP2","Bin_3",-1.69558375944162,2
"EMP2","Bin_4",-1.0787246264125,2
"EMP2","Bin_5",-1.90038962502734,2
"EMP2","Bin_6",-0.612030802824365,2
"EMP2","Bin_7",-0.917210178369833,2
"EMP2","Bin_8",-0.829885338539115,2
"EMP2","Bin_9",0.704867666697636,2
"EMP2","Bin_10",1.00558795267228,2
"EMP2","Bin_11",0.710045201374445,2
"EMP2","Bin_12",0.951556801647136,2
"EMP2","Bin_13",0.849167467083114,2
"EMP2","Bin_14",0.535879216952128,2
"EMP2","Bin_15",0.402459042199992,2
"EMP2","Bin_16",0.473045744986349,2
"EMP2","Bin_17",0.761523853715634,2
"EMP2","Bin_18",0.867830330521619,2
"EMP2","Bin_19",0.929283958744031,2
"EMP2","Bin_20",0.807697428102486,2
"ID1","Bin_1",-1.23902308945733,2
"ID1","Bin_2",-0.231727214494252,2
"ID1","Bin_3",-0.579856166457251,2
"ID1","Bin_4",-0.678553542810142,2
"ID1","Bin_5",-0.901523059689794,2
"ID1","Bin_6",-0.568695021114569,2
"ID1","Bin_7",-0.90480274883999,2
"ID1","Bin_8",0.473280895659983,2
"ID1","Bin_9",-0.0809487633751726,2
"ID1","Bin_10",-0.440254430055159,2
"ID1","Bin_11",-0.170882204379633,2
"ID1","Bin_12",-0.174917133352356,2
"ID1","Bin_13",-0.00779895907588818,2
"ID1","Bin_14",-0.542043479703056,2
"ID1","Bin_15",-0.0772120235217246,2
"ID1","Bin_16",-0.177543509713112,2
"ID1","Bin_17",0.666504329214532,2
"ID1","Bin_18",0.938366926471772,2
"ID1","Bin_19",1.48698913964492,2
"ID1","Bin_20",3.21064005504822,2
"EIF4A2","Bin_1",-0.609186152194005,2
"EIF4A2","Bin_2",-0.762971817732213,2
"EIF4A2","Bin_3",-0.917821684378882,2
"EIF4A2","Bin_4",-1.62490448783827,2
"EIF4A2","Bin_5",-1.95998175569126,2
"EIF4A2","Bin_6",-2.24425458381921,2
"EIF4A2","Bin_7",0.48525996220755,2
"EIF4A2","Bin_8",-0.165426375752978,2
"EIF4A2","Bin_9",0.72793373075915,2
"EIF4A2","Bin_10",0.803284402652822,2
"EIF4A2","Bin_11",0.870810093600197,2
"EIF4A2","Bin_12",0.778871074057461,2
"EIF4A2","Bin_13",0.574271345649694,2
"EIF4A2","Bin_14",0.750460140880094,2
"EIF4A2","Bin_15",0.765153701181997,2
"EIF4A2","Bin_16",0.819773622226645,2
"EIF4A2","Bin_17",0.455547981674041,2
"EIF4A2","Bin_18",0.447650761097189,2
"EIF4A2","Bin_19",0.3964573243865,2
"EIF4A2","Bin_20",0.409072717033477,2
"KRT16","Bin_1",-1.211381973062,2
"KRT16","Bin_2",-0.963041177522013,2
"KRT16","Bin_3",-0.866819990192758,2
"KRT16","Bin_4",-0.468627628415319,2
"KRT16","Bin_5",-1.11699895149248,2
"KRT16","Bin_6",-1.5281066378976,2
"KRT16","Bin_7",-0.971499232474219,2
"KRT16","Bin_8",-0.592565696352818,2
"KRT16","Bin_9",0.841917612290534,2
"KRT16","Bin_10",0.509374365871552,2
"KRT16","Bin_11",0.15847527195731,2
"KRT16","Bin_12",0.751816514865147,2
"KRT16","Bin_13",0.027282363228987,2
"KRT16","Bin_14",-0.629556633296068,2
"KRT16","Bin_15",0.133370956605849,2
"KRT16","Bin_16",0.264897929234953,2
"KRT16","Bin_17",1.42935607142039,2
"KRT16","Bin_18",1.24928770343548,2
"KRT16","Bin_19",2.06600381667858,2
"KRT16","Bin_20",0.916815315116483,2
"ASNA1","Bin_1",0.00112350127375913,2
"ASNA1","Bin_2",-0.897242869020339,2
"ASNA1","Bin_3",-1.13667030255337,2
"ASNA1","Bin_4",-0.916224355167299,2
"ASNA1","Bin_5",-1.26307072250604,2
"ASNA1","Bin_6",-1.64494982708633,2
"ASNA1","Bin_7",-1.64494982708633,2
"ASNA1","Bin_8",-0.867279301848217,2
"ASNA1","Bin_9",0.143699188333938,2
"ASNA1","Bin_10",0.960973018251386,2
"ASNA1","Bin_11",0.905465594978751,2
"ASNA1","Bin_12",0.266681122570761,2
"ASNA1","Bin_13",0.494423208255768,2
"ASNA1","Bin_14",0.24248895732926,2
"ASNA1","Bin_15",0.328745459787493,2
"ASNA1","Bin_16",0.340084367164527,2
"ASNA1","Bin_17",0.826412791192374,2
"ASNA1","Bin_18",0.847091675146753,2
"ASNA1","Bin_19",1.47552962402551,2
"ASNA1","Bin_20",1.53766869695765,2
"CFL1","Bin_1",-0.446852261369386,2
"CFL1","Bin_2",-1.22591516230492,2
"CFL1","Bin_3",-0.991187763226393,2
"CFL1","Bin_4",-0.994512855404805,2
"CFL1","Bin_5",-1.64275424803764,2
"CFL1","Bin_6",-1.94633489650419,2
"CFL1","Bin_7",-1.27522322155426,2
"CFL1","Bin_8",-0.0149634347207566,2
"CFL1","Bin_9",0.98055202607421,2
"CFL1","Bin_10",1.15005983982094,2
"CFL1","Bin_11",0.962269276179542,2
"CFL1","Bin_12",0.647615791791956,2
"CFL1","Bin_13",0.635127646605749,2
"CFL1","Bin_14",0.215939405868103,2
"CFL1","Bin_15",0.299977580708295,2
"CFL1","Bin_16",0.429883790967246,2
"CFL1","Bin_17",0.483677197018701,2
"CFL1","Bin_18",0.612672716852761,2
"CFL1","Bin_19",1.028918793366,2
"CFL1","Bin_20",1.09104977786886,2
"MAF1","Bin_1",-0.401030187872116,2
"MAF1","Bin_2",-0.964085858967469,2
"MAF1","Bin_3",-1.22521923828344,2
"MAF1","Bin_4",-1.02650230147513,2
"MAF1","Bin_5",-1.16345237622062,2
"MAF1","Bin_6",-1.32005040546992,2
"MAF1","Bin_7",-1.45465078304024,2
"MAF1","Bin_8",-1.25399137060491,2
"MAF1","Bin_9",0.385940136143113,2
"MAF1","Bin_10",0.829687810304798,2
"MAF1","Bin_11",1.24656615905013,2
"MAF1","Bin_12",0.393714632171694,2
"MAF1","Bin_13",0.355901135657116,2
"MAF1","Bin_14",0.170239924530574,2
"MAF1","Bin_15",0.266745869996417,2
"MAF1","Bin_16",0.643305039449255,2
"MAF1","Bin_17",0.926175082618832,2
"MAF1","Bin_18",0.819128391741954,2
"MAF1","Bin_19",1.30308658127148,2
"MAF1","Bin_20",1.46849175899848,2
"MRPS12","Bin_1",-0.991740759040841,2
"MRPS12","Bin_2",-1.33080824304655,2
"MRPS12","Bin_3",-1.42755533452494,2
"MRPS12","Bin_4",-0.919905513779148,2
"MRPS12","Bin_5",-1.1993139644227,2
"MRPS12","Bin_6",-1.3632158932024,2
"MRPS12","Bin_7",-0.640993530020949,2
"MRPS12","Bin_8",-1.19442809279161,2
"MRPS12","Bin_9",0.889757690046169,2
"MRPS12","Bin_10",1.4042590156983,2
"MRPS12","Bin_11",0.986785388198561,2
"MRPS12","Bin_12",0.723390982370865,2
"MRPS12","Bin_13",0.877688171570913,2
"MRPS12","Bin_14",0.414008769111953,2
"MRPS12","Bin_15",0.324085823964035,2
"MRPS12","Bin_16",0.697441681488684,2
"MRPS12","Bin_17",0.152509681763842,2
"MRPS12","Bin_18",0.539810621015521,2
"MRPS12","Bin_19",1.04274087196167,2
"MRPS12","Bin_20",1.01548263363863,2
"TET1","Bin_1",-1.18039819767423,2
"TET1","Bin_2",-1.36727807837825,2
"TET1","Bin_3",-1.40980732165335,2
"TET1","Bin_4",-1.0439175407621,2
"TET1","Bin_5",-1.46727763690178,2
"TET1","Bin_6",0.558631397112702,2
"TET1","Bin_7",-0.484695289126689,2
"TET1","Bin_8",-1.10546676186809,2
"TET1","Bin_9",-0.181040865542008,2
"TET1","Bin_10",0.206541940395225,2
"TET1","Bin_11",0.400874748043366,2
"TET1","Bin_12",0.226129013594098,2
"TET1","Bin_13",0.290244124214616,2
"TET1","Bin_14",0.466218408322605,2
"TET1","Bin_15",0.589657708885452,2
"TET1","Bin_16",0.739923651050922,2
"TET1","Bin_17",2.26787591307069,2
"TET1","Bin_18",0.786596639616213,2
"TET1","Bin_19",0.721997358316846,2
"TET1","Bin_20",0.985190789283762,2
"TCP1","Bin_1",-1.13035653643135,2
"TCP1","Bin_2",-1.04752540550136,2
"TCP1","Bin_3",-1.19333320629891,2
"TCP1","Bin_4",-1.02484938898336,2
"TCP1","Bin_5",-1.29921004724732,2
"TCP1","Bin_6",-1.91696997893876,2
"TCP1","Bin_7",-0.467792562935494,2
"TCP1","Bin_8",-0.476151171420847,2
"TCP1","Bin_9",0.516631274066643,2
"TCP1","Bin_10",1.19529114572635,2
"TCP1","Bin_11",0.94528633971276,2
"TCP1","Bin_12",0.241003939819191,2
"TCP1","Bin_13",0.691579225301346,2
"TCP1","Bin_14",0.12182042675765,2
"TCP1","Bin_15",0.114400724865507,2
"TCP1","Bin_16",0.641514963419944,2
"TCP1","Bin_17",0.502743609125726,2
"TCP1","Bin_18",0.796718515317739,2
"TCP1","Bin_19",1.39434544292864,2
"TCP1","Bin_20",1.39485269071591,2
"POLR1D","Bin_1",-0.751954554635243,2
"POLR1D","Bin_2",-0.899373154479657,2
"POLR1D","Bin_3",-0.782690202020894,2
"POLR1D","Bin_4",-1.09954567484593,2
"POLR1D","Bin_5",-1.33885041264772,2
"POLR1D","Bin_6",-1.96796518088484,2
"POLR1D","Bin_7",-0.959031544526903,2
"POLR1D","Bin_8",-1.2907893652904,2
"POLR1D","Bin_9",0.595153356092898,2
"POLR1D","Bin_10",0.804025001093385,2
"POLR1D","Bin_11",1.00471548006539,2
"POLR1D","Bin_12",0.961108056183101,2
"POLR1D","Bin_13",0.944895034071014,2
"POLR1D","Bin_14",1.00567645919775,2
"POLR1D","Bin_15",1.04761272757232,2
"POLR1D","Bin_16",0.855655400066952,2
"POLR1D","Bin_17",0.469451877922045,2
"POLR1D","Bin_18",0.522748581069022,2
"POLR1D","Bin_19",0.489553825646638,2
"POLR1D","Bin_20",0.389604290351067,2
"RPLP2","Bin_1",-0.10614150553197,2
"RPLP2","Bin_2",-0.440043483956969,2
"RPLP2","Bin_3",-0.805143796954508,2
"RPLP2","Bin_4",-1.52468560038782,2
"RPLP2","Bin_5",-0.114162718972756,2
"RPLP2","Bin_6",-3.16414368085785,2
"RPLP2","Bin_7",-1.00667119480562,2
"RPLP2","Bin_8",-0.00716980374398447,2
"RPLP2","Bin_9",0.708358312075923,2
"RPLP2","Bin_10",0.652011996527804,2
"RPLP2","Bin_11",0.56682021885264,2
"RPLP2","Bin_12",0.892787679020633,2
"RPLP2","Bin_13",0.786028032420466,2
"RPLP2","Bin_14",0.832951414788056,2
"RPLP2","Bin_15",0.774458332480204,2
"RPLP2","Bin_16",0.591109173098616,2
"RPLP2","Bin_17",0.333397938292151,2
"RPLP2","Bin_18",0.435138467021522,2
"RPLP2","Bin_19",0.286721917881672,2
"RPLP2","Bin_20",0.308378302751787,2
"RAD23B","Bin_1",-0.576983033258369,2
"RAD23B","Bin_2",-1.13283030381663,2
"RAD23B","Bin_3",-1.10808345488474,2
"RAD23B","Bin_4",-0.803659809978341,2
"RAD23B","Bin_5",-1.29114028792787,2
"RAD23B","Bin_6",-1.43914787550773,2
"RAD23B","Bin_7",-1.07092776198871,2
"RAD23B","Bin_8",-1.32963938739549,2
"RAD23B","Bin_9",0.209286054873496,2
"RAD23B","Bin_10",1.12962563920475,2
"RAD23B","Bin_11",1.07881407259416,2
"RAD23B","Bin_12",0.38047829043015,2
"RAD23B","Bin_13",0.387036519894216,2
"RAD23B","Bin_14",0.0606682175738467,2
"RAD23B","Bin_15",0.286824417309456,2
"RAD23B","Bin_16",0.674043560576517,2
"RAD23B","Bin_17",0.895805766548572,2
"RAD23B","Bin_18",0.80244521323785,2
"RAD23B","Bin_19",1.56212493811986,2
"RAD23B","Bin_20",1.285259224395,2
"FGFBP2","Bin_1",-0.785754303771615,2
"FGFBP2","Bin_2",-0.762855146284477,2
"FGFBP2","Bin_3",-0.785754303771615,2
"FGFBP2","Bin_4",-0.661086476301154,2
"FGFBP2","Bin_5",-0.785754303771615,2
"FGFBP2","Bin_6",-0.785754303771615,2
"FGFBP2","Bin_7",-0.533715410432453,2
"FGFBP2","Bin_8",-0.101657735051143,2
"FGFBP2","Bin_9",0.382930908387028,2
"FGFBP2","Bin_10",-0.416562380441405,2
"FGFBP2","Bin_11",-0.442187146938684,2
"FGFBP2","Bin_12",-0.032885946526007,2
"FGFBP2","Bin_13",-0.438947591576955,2
"FGFBP2","Bin_14",-0.59032915274071,2
"FGFBP2","Bin_15",-0.0130423758447021,2
"FGFBP2","Bin_16",-0.292990969834868,2
"FGFBP2","Bin_17",2.50700893332004,2
"FGFBP2","Bin_18",2.18666712583157,2
"FGFBP2","Bin_19",0.831294672350193,2
"FGFBP2","Bin_20",1.52137590717019,2
"DLX1","Bin_1",-0.510503894341909,2
"DLX1","Bin_2",-0.510503894341909,2
"DLX1","Bin_3",-0.510503894341909,2
"DLX1","Bin_4",-0.510503894341909,2
"DLX1","Bin_5",-0.510503894341909,2
"DLX1","Bin_6",-0.510503894341909,2
"DLX1","Bin_7",-0.510503894341909,2
"DLX1","Bin_8",-0.510503894341909,2
"DLX1","Bin_9",-0.510503894341909,2
"DLX1","Bin_10",-0.482147781970151,2
"DLX1","Bin_11",-0.325534320136844,2
"DLX1","Bin_12",-0.488451867203613,2
"DLX1","Bin_13",-0.284497055791481,2
"DLX1","Bin_14",-0.227302811847121,2
"DLX1","Bin_15",0.0526076552934242,2
"DLX1","Bin_16",-0.393886989382137,2
"DLX1","Bin_17",0.671302598521288,2
"DLX1","Bin_18",1.16119058960227,2
"DLX1","Bin_19",1.47386781186388,2
"DLX1","Bin_20",3.43738722012766,2
"FXYD6","Bin_1",-1.41552074677931,2
"FXYD6","Bin_2",-1.01638798868015,2
"FXYD6","Bin_3",-0.763307291072537,2
"FXYD6","Bin_4",-1.12902498791048,2
"FXYD6","Bin_5",-1.2986216273893,2
"FXYD6","Bin_6",-1.4516595301035,2
"FXYD6","Bin_7",-0.522698220129507,2
"FXYD6","Bin_8",-1.4516595301035,2
"FXYD6","Bin_9",0.620167870672893,2
"FXYD6","Bin_10",0.813952292773565,2
"FXYD6","Bin_11",0.982202177740551,2
"FXYD6","Bin_12",1.00178075044969,2
"FXYD6","Bin_13",0.366543717259386,2
"FXYD6","Bin_14",0.431143458314719,2
"FXYD6","Bin_15",0.291566017783724,2
"FXYD6","Bin_16",0.691884841390411,2
"FXYD6","Bin_17",0.60513556713448,2
"FXYD6","Bin_18",0.934129029837495,2
"FXYD6","Bin_19",0.905595984638144,2
"FXYD6","Bin_20",1.40477821417323,2
"ILF2","Bin_1",-1.29844891358758,2
"ILF2","Bin_2",-1.158018053938,2
"ILF2","Bin_3",-1.34104528454168,2
"ILF2","Bin_4",-0.3648364199631,2
"ILF2","Bin_5",-0.996332370105118,2
"ILF2","Bin_6",-1.93086777076308,2
"ILF2","Bin_7",-1.20431345697828,2
"ILF2","Bin_8",-0.560046970106924,2
"ILF2","Bin_9",0.569724163593378,2
"ILF2","Bin_10",0.743159813464761,2
"ILF2","Bin_11",0.941894091921107,2
"ILF2","Bin_12",0.405227187769566,2
"ILF2","Bin_13",0.950081307544335,2
"ILF2","Bin_14",0.609022382112893,2
"ILF2","Bin_15",0.353290991672572,2
"ILF2","Bin_16",0.327830878456665,2
"ILF2","Bin_17",0.687387129652784,2
"ILF2","Bin_18",0.900521742047819,2
"ILF2","Bin_19",1.32535438367745,2
"ILF2","Bin_20",1.04041516807044,2
"TPM1","Bin_1",1.86961273026169,1
"TPM1","Bin_2",1.73198912348288,1
"TPM1","Bin_3",2.67433560592476,1
"TPM1","Bin_4",0.884283117482437,1
"TPM1","Bin_5",0.397651777601809,1
"TPM1","Bin_6",-0.502257397855468,1
"TPM1","Bin_7",-0.765053498343216,1
"TPM1","Bin_8",-0.935512350413945,1
"TPM1","Bin_9",-0.323920681318436,1
"TPM1","Bin_10",-0.14061443133154,1
"TPM1","Bin_11",-0.222833755091411,1
"TPM1","Bin_12",-0.328257275629436,1
"TPM1","Bin_13",-0.462279064928057,1
"TPM1","Bin_14",-0.53715571516773,1
"TPM1","Bin_15",-0.450406739211143,1
"TPM1","Bin_16",-0.427383331344409,1
"TPM1","Bin_17",-0.595987838993295,1
"TPM1","Bin_18",-0.583420371210925,1
"TPM1","Bin_19",-0.565128255235516,1
"TPM1","Bin_20",-0.717661648679059,1
"POLE4","Bin_1",-0.107331924436056,2
"POLE4","Bin_2",-0.872426424323837,2
"POLE4","Bin_3",-0.985642287664078,2
"POLE4","Bin_4",-0.591503167409878,2
"POLE4","Bin_5",-0.79473472496941,2
"POLE4","Bin_6",0.121408615515878,2
"POLE4","Bin_7",-1.82987799733893,2
"POLE4","Bin_8",-1.82987799733893,2
"POLE4","Bin_9",0.265734091083427,2
"POLE4","Bin_10",0.594535200186731,2
"POLE4","Bin_11",0.261429066000324,2
"POLE4","Bin_12",0.0348462746767338,2
"POLE4","Bin_13",0.150565443006651,2
"POLE4","Bin_14",-0.192454030648984,2
"POLE4","Bin_15",0.0209765997995562,2
"POLE4","Bin_16",0.115268472980061,2
"POLE4","Bin_17",0.637310775054569,2
"POLE4","Bin_18",1.27129699041843,2
"POLE4","Bin_19",1.95202276874992,2
"POLE4","Bin_20",1.77845425665782,2
"FKBP8","Bin_1",-0.276893066015585,2
"FKBP8","Bin_2",-1.00542293020873,2
"FKBP8","Bin_3",-1.14546533557331,2
"FKBP8","Bin_4",-0.3832657458545,2
"FKBP8","Bin_5",-1.38068548110134,2
"FKBP8","Bin_6",-2.07277347503464,2
"FKBP8","Bin_7",-1.31346357656903,2
"FKBP8","Bin_8",-0.993004433257614,2
"FKBP8","Bin_9",0.0837807898906188,2
"FKBP8","Bin_10",0.678228127907537,2
"FKBP8","Bin_11",0.647695459822645,2
"FKBP8","Bin_12",0.514611539241563,2
"FKBP8","Bin_13",0.465571154053074,2
"FKBP8","Bin_14",0.468442851433439,2
"FKBP8","Bin_15",0.673843926099776,2
"FKBP8","Bin_16",0.510131953107591,2
"FKBP8","Bin_17",1.01403419017747,2
"FKBP8","Bin_18",0.927624175244028,2
"FKBP8","Bin_19",1.25717082125673,2
"FKBP8","Bin_20",1.32983905538028,2
"RFC4","Bin_1",-1.44546330280777,2
"RFC4","Bin_2",-1.59483242626521,2
"RFC4","Bin_3",-1.52797410001977,2
"RFC4","Bin_4",-1.11725490347849,2
"RFC4","Bin_5",-1.17324272403641,2
"RFC4","Bin_6",-0.165464883972956,2
"RFC4","Bin_7",-0.953667849317327,2
"RFC4","Bin_8",-0.596409756254261,2
"RFC4","Bin_9",0.737754053705137,2
"RFC4","Bin_10",1.51772847060626,2
"RFC4","Bin_11",0.840358217681322,2
"RFC4","Bin_12",0.289197775288929,2
"RFC4","Bin_13",0.695215784560817,2
"RFC4","Bin_14",0.823934982552657,2
"RFC4","Bin_15",0.169886715993835,2
"RFC4","Bin_16",1.06864690696843,2
"RFC4","Bin_17",0.200661588023182,2
"RFC4","Bin_18",0.290053631738478,2
"RFC4","Bin_19",0.709140637931077,2
"RFC4","Bin_20",1.23173118110207,2
"GADD45GIP1","Bin_1",-0.671875071347007,2
"GADD45GIP1","Bin_2",-1.20974306472777,2
"GADD45GIP1","Bin_3",-1.16800989188012,2
"GADD45GIP1","Bin_4",-0.638302692132132,2
"GADD45GIP1","Bin_5",-1.29652152306944,2
"GADD45GIP1","Bin_6",-2.30461368462656,2
"GADD45GIP1","Bin_7",-1.07105149778884,2
"GADD45GIP1","Bin_8",-0.450950501282263,2
"GADD45GIP1","Bin_9",0.81195370458862,2
"GADD45GIP1","Bin_10",0.881463266829103,2
"GADD45GIP1","Bin_11",0.707302467066047,2
"GADD45GIP1","Bin_12",0.395987107042077,2
"GADD45GIP1","Bin_13",0.744294060537488,2
"GADD45GIP1","Bin_14",0.559457513920015,2
"GADD45GIP1","Bin_15",0.590586988328832,2
"GADD45GIP1","Bin_16",0.594801316875861,2
"GADD45GIP1","Bin_17",0.539562459914263,2
"GADD45GIP1","Bin_18",0.821839591468825,2
"GADD45GIP1","Bin_19",1.09254241282967,2
"GADD45GIP1","Bin_20",1.07127703745333,2
"DNAJB11","Bin_1",-0.945810170338015,2
"DNAJB11","Bin_2",-1.11629331630673,2
"DNAJB11","Bin_3",-1.25886295752821,2
"DNAJB11","Bin_4",-0.768428520274194,2
"DNAJB11","Bin_5",-1.37346447165168,2
"DNAJB11","Bin_6",-1.8159397230881,2
"DNAJB11","Bin_7",-0.290133023016475,2
"DNAJB11","Bin_8",-1.05638818317367,2
"DNAJB11","Bin_9",0.347435359945085,2
"DNAJB11","Bin_10",0.999252395053845,2
"DNAJB11","Bin_11",0.979125943454508,2
"DNAJB11","Bin_12",0.141439694390903,2
"DNAJB11","Bin_13",0.426616600128294,2
"DNAJB11","Bin_14",0.209397918015556,2
"DNAJB11","Bin_15",0.259089858348617,2
"DNAJB11","Bin_16",0.608446426373161,2
"DNAJB11","Bin_17",1.06147526637733,2
"DNAJB11","Bin_18",0.965785968756986,2
"DNAJB11","Bin_19",1.19501191835646,2
"DNAJB11","Bin_20",1.43224301617633,2
"UBC","Bin_1",1.38250784848088,1
"UBC","Bin_2",1.98717312062616,1
"UBC","Bin_3",1.89274540845524,1
"UBC","Bin_4",1.09471514755232,1
"UBC","Bin_5",-0.192085092988116,1
"UBC","Bin_6",-2.28591495574897,1
"UBC","Bin_7",-1.30334476362203,1
"UBC","Bin_8",-0.903742470727702,1
"UBC","Bin_9",-0.387107634403977,1
"UBC","Bin_10",-0.332152776773488,1
"UBC","Bin_11",0.131736685890801,1
"UBC","Bin_12",-0.244279723977316,1
"UBC","Bin_13",-0.346847024990705,1
"UBC","Bin_14",-0.0133339525401987,1
"UBC","Bin_15",0.0330561219510363,1
"UBC","Bin_16",0.0894056268341602,1
"UBC","Bin_17",-0.0843514275143648,1
"UBC","Bin_18",-0.204309803842345,1
"UBC","Bin_19",-0.247157402376012,1
"UBC","Bin_20",-0.0667129302853654,1
"AQP3","Bin_1",-1.0043751354157,2
"AQP3","Bin_2",-0.643220464203061,2
"AQP3","Bin_3",-1.08371945750499,2
"AQP3","Bin_4",-0.973729422817467,2
"AQP3","Bin_5",-1.12924580585826,2
"AQP3","Bin_6",-1.38452719928448,2
"AQP3","Bin_7",-0.842488864841961,2
"AQP3","Bin_8",0.122031866747277,2
"AQP3","Bin_9",0.447138640120249,2
"AQP3","Bin_10",0.524390972074939,2
"AQP3","Bin_11",0.0173877081471771,2
"AQP3","Bin_12",-0.208963900047118,2
"AQP3","Bin_13",0.563716780966309,2
"AQP3","Bin_14",-0.11027665277222,2
"AQP3","Bin_15",-0.228949229355091,2
"AQP3","Bin_16",-0.175273729457083,2
"AQP3","Bin_17",0.951208038204593,2
"AQP3","Bin_18",1.19289493984989,2
"AQP3","Bin_19",2.43784673537397,2
"AQP3","Bin_20",1.52815418007302,2
"RPL10A","Bin_1",0.143540023348972,2
"RPL10A","Bin_2",0.167875312876043,2
"RPL10A","Bin_3",0.109960444138347,2
"RPL10A","Bin_4",-1.01189391811615,2
"RPL10A","Bin_5",-0.0396842105678203,2
"RPL10A","Bin_6",-3.03525109823874,2
"RPL10A","Bin_7",-2.15854914858547,2
"RPL10A","Bin_8",-0.598998968989677,2
"RPL10A","Bin_9",0.475396482019285,2
"RPL10A","Bin_10",0.414832332862059,2
"RPL10A","Bin_11",0.397862483436686,2
"RPL10A","Bin_12",0.623660492180905,2
"RPL10A","Bin_13",0.686992192828084,2
"RPL10A","Bin_14",0.79802977302659,2
"RPL10A","Bin_15",0.692621154217351,2
"RPL10A","Bin_16",0.356005951298663,2
"RPL10A","Bin_17",0.442279708148987,2
"RPL10A","Bin_18",0.643269367626539,2
"RPL10A","Bin_19",0.53217009294897,2
"RPL10A","Bin_20",0.359881533540371,2
"MT2A","Bin_1",0.947115557810048,1
"MT2A","Bin_2",1.898672224114,1
"MT2A","Bin_3",2.91040390165803,1
"MT2A","Bin_4",0.940992865379034,1
"MT2A","Bin_5",0.477796662516764,1
"MT2A","Bin_6",-0.830647042779619,1
"MT2A","Bin_7",-0.94656520416567,1
"MT2A","Bin_8",-0.681242058701362,1
"MT2A","Bin_9",-0.311141011442976,1
"MT2A","Bin_10",-0.261217102641806,1
"MT2A","Bin_11",-0.139816445318924,1
"MT2A","Bin_12",-0.393978576874545,1
"MT2A","Bin_13",-0.857546144025891,1
"MT2A","Bin_14",-0.956321446544784,1
"MT2A","Bin_15",-0.664329117519306,1
"MT2A","Bin_16",-0.545980210603848,1
"MT2A","Bin_17",-0.241000186711919,1
"MT2A","Bin_18",-0.260468856547394,1
"MT2A","Bin_19",0.00797411027114375,1
"MT2A","Bin_20",-0.092701917870974,1
"ERG28","Bin_1",-0.0380322871496458,2
"ERG28","Bin_2",-1.07358898264347,2
"ERG28","Bin_3",-1.06902269441146,2
"ERG28","Bin_4",-1.27140584278887,2
"ERG28","Bin_5",-1.42502267712097,2
"ERG28","Bin_6",-1.76560992993789,2
"ERG28","Bin_7",-1.045959312101,2
"ERG28","Bin_8",-0.217799942558298,2
"ERG28","Bin_9",0.433445445771329,2
"ERG28","Bin_10",0.939141126606198,2
"ERG28","Bin_11",0.683195936102707,2
"ERG28","Bin_12",0.75331547272351,2
"ERG28","Bin_13",0.090763655613959,2
"ERG28","Bin_14",-0.14221786047489,2
"ERG28","Bin_15",0.259059543761724,2
"ERG28","Bin_16",-0.0213061219189912,2
"ERG28","Bin_17",0.877083066811616,2
"ERG28","Bin_18",0.91751839078931,2
"ERG28","Bin_19",1.30347922199173,2
"ERG28","Bin_20",1.81296379093341,2
"UBA52","Bin_1",-0.636654441865973,2
"UBA52","Bin_2",-0.658518509914369,2
"UBA52","Bin_3",-0.455448675772327,2
"UBA52","Bin_4",0.288807981849929,2
"UBA52","Bin_5",-0.137477732508771,2
"UBA52","Bin_6",-3.31019387488271,2
"UBA52","Bin_7",-1.47648409636367,2
"UBA52","Bin_8",-0.592746945169994,2
"UBA52","Bin_9",0.433992527064525,2
"UBA52","Bin_10",0.320829069935772,2
"UBA52","Bin_11",0.393633269511144,2
"UBA52","Bin_12",0.425596719705551,2
"UBA52","Bin_13",0.762862771468404,2
"UBA52","Bin_14",0.801957483841949,2
"UBA52","Bin_15",0.675870957599111,2
"UBA52","Bin_16",0.4909804071432,2
"UBA52","Bin_17",0.535147780491941,2
"UBA52","Bin_18",0.691016294315,2
"UBA52","Bin_19",0.694430977164381,2
"UBA52","Bin_20",0.752398036386912,2
"C19orf48","Bin_1",-1.2788905801354,2
"C19orf48","Bin_2",-1.19770847698101,2
"C19orf48","Bin_3",-1.27492211202278,2
"C19orf48","Bin_4",-1.20012303055759,2
"C19orf48","Bin_5",-1.22833165704754,2
"C19orf48","Bin_6",-1.15213975395432,2
"C19orf48","Bin_7",-1.12046292056468,2
"C19orf48","Bin_8",-0.187151201090304,2
"C19orf48","Bin_9",0.827889396830197,2
"C19orf48","Bin_10",0.911205559331849,2
"C19orf48","Bin_11",1.06500364452369,2
"C19orf48","Bin_12",0.83259968254224,2
"C19orf48","Bin_13",1.38280846636185,2
"C19orf48","Bin_14",1.39951934893907,2
"C19orf48","Bin_15",0.847247982648032,2
"C19orf48","Bin_16",0.739183387784239,2
"C19orf48","Bin_17",-0.182826135667451,2
"C19orf48","Bin_18",0.271862618937081,2
"C19orf48","Bin_19",0.231616711557263,2
"C19orf48","Bin_20",0.313619068565566,2
"CRIPT","Bin_1",-0.560775671638177,2
"CRIPT","Bin_2",-0.704540012936841,2
"CRIPT","Bin_3",-1.0660321547027,2
"CRIPT","Bin_4",-0.731375288476658,2
"CRIPT","Bin_5",-0.934813433187174,2
"CRIPT","Bin_6",-1.90059886018214,2
"CRIPT","Bin_7",-1.27358009051575,2
"CRIPT","Bin_8",-1.09740392122837,2
"CRIPT","Bin_9",0.133564727016801,2
"CRIPT","Bin_10",0.614388846357293,2
"CRIPT","Bin_11",0.39147247984786,2
"CRIPT","Bin_12",0.562142528645261,2
"CRIPT","Bin_13",0.13505733760806,2
"CRIPT","Bin_14",-0.0313389849721728,2
"CRIPT","Bin_15",0.366848765295588,2
"CRIPT","Bin_16",0.458489066725631,2
"CRIPT","Bin_17",1.27783700353557,2
"CRIPT","Bin_18",1.42261772477833,2
"CRIPT","Bin_19",1.42409256645032,2
"CRIPT","Bin_20",1.51394737157926,2
"EWSR1","Bin_1",-0.301497746540022,2
"EWSR1","Bin_2",-1.56834763395586,2
"EWSR1","Bin_3",-1.35335295653552,2
"EWSR1","Bin_4",-1.58609684101108,2
"EWSR1","Bin_5",-1.79691248557437,2
"EWSR1","Bin_6",0.511665194341084,2
"EWSR1","Bin_7",-1.11092820365533,2
"EWSR1","Bin_8",-0.829304242600597,2
"EWSR1","Bin_9",0.380321258799956,2
"EWSR1","Bin_10",0.685031718640221,2
"EWSR1","Bin_11",1.09678953120363,2
"EWSR1","Bin_12",0.311436259125576,2
"EWSR1","Bin_13",0.839314881757945,2
"EWSR1","Bin_14",0.668862810295732,2
"EWSR1","Bin_15",0.18542481025435,2
"EWSR1","Bin_16",0.528354278108618,2
"EWSR1","Bin_17",0.446007742470445,2
"EWSR1","Bin_18",0.506324116121169,2
"EWSR1","Bin_19",1.24977350674955,2
"EWSR1","Bin_20",1.13713400200449,2
"SMIM22","Bin_1",3.68417384252293,1
"SMIM22","Bin_2",1.25557160800031,1
"SMIM22","Bin_3",0.423480258417013,1
"SMIM22","Bin_4",0.914335072955823,1
"SMIM22","Bin_5",0.140538574116359,1
"SMIM22","Bin_6",-0.487122158566955,1
"SMIM22","Bin_7",-0.487122158566955,1
"SMIM22","Bin_8",-0.487122158566955,1
"SMIM22","Bin_9",-0.47589145480935,1
"SMIM22","Bin_10",-0.285523689891594,1
"SMIM22","Bin_11",-0.286524930302185,1
"SMIM22","Bin_12",-0.356532712026413,1
"SMIM22","Bin_13",-0.449532505831433,1
"SMIM22","Bin_14",-0.445812131949707,1
"SMIM22","Bin_15",-0.397676146957443,1
"SMIM22","Bin_16",-0.40228359657375,1
"SMIM22","Bin_17",-0.41453674488918,1
"SMIM22","Bin_18",-0.476201749470487,1
"SMIM22","Bin_19",-0.487122158566955,1
"SMIM22","Bin_20",-0.479095059043078,1
"TUBA1C","Bin_1",-1.17741914829009,2
"TUBA1C","Bin_2",-1.15068308036922,2
"TUBA1C","Bin_3",-0.659522879521966,2
"TUBA1C","Bin_4",-0.535981751393348,2
"TUBA1C","Bin_5",-1.64336013553233,2
"TUBA1C","Bin_6",-1.10267077916345,2
"TUBA1C","Bin_7",-1.64737243898899,2
"TUBA1C","Bin_8",0.0916004923629195,2
"TUBA1C","Bin_9",0.293473388717137,2
"TUBA1C","Bin_10",0.548265754168527,2
"TUBA1C","Bin_11",1.6024717377959,2
"TUBA1C","Bin_12",0.0602188008154794,2
"TUBA1C","Bin_13",0.214443520979159,2
"TUBA1C","Bin_14",0.0762420702214903,2
"TUBA1C","Bin_15",0.123252802537229,2
"TUBA1C","Bin_16",0.532985446160215,2
"TUBA1C","Bin_17",0.883342846606644,2
"TUBA1C","Bin_18",0.52425522135151,2
"TUBA1C","Bin_19",1.196679642749,2
"TUBA1C","Bin_20",1.76977848879418,2
"PRDX4","Bin_1",-0.878594306311952,2
"PRDX4","Bin_2",-1.10482334925961,2
"PRDX4","Bin_3",-1.18229545586806,2
"PRDX4","Bin_4",-0.0232703531083153,2
"PRDX4","Bin_5",-0.657324665542779,2
"PRDX4","Bin_6",-1.86136315361557,2
"PRDX4","Bin_7",-1.03497649617579,2
"PRDX4","Bin_8",-1.44564457578704,2
"PRDX4","Bin_9",0.355042408170857,2
"PRDX4","Bin_10",0.640273105125209,2
"PRDX4","Bin_11",0.561445845358517,2
"PRDX4","Bin_12",0.158941524721382,2
"PRDX4","Bin_13",0.264983409495304,2
"PRDX4","Bin_14",0.00318782123280508,2
"PRDX4","Bin_15",0.317263602040535,2
"PRDX4","Bin_16",0.600480491181158,2
"PRDX4","Bin_17",1.29111364384621,2
"PRDX4","Bin_18",1.03093966546379,2
"PRDX4","Bin_19",1.38480944312866,2
"PRDX4","Bin_20",1.57981139590469,2
"MXRA8","Bin_1",-1.24541364977653,2
"MXRA8","Bin_2",0.359838042514427,2
"MXRA8","Bin_3",-0.531899093110727,2
"MXRA8","Bin_4",-1.34480792931739,2
"MXRA8","Bin_5",-1.50747918050199,2
"MXRA8","Bin_6",-1.56097743498133,2
"MXRA8","Bin_7",0.517682664489881,2
"MXRA8","Bin_8",-0.995530902842397,2
"MXRA8","Bin_9",-0.560672116625467,2
"MXRA8","Bin_10",-0.0269794138123749,2
"MXRA8","Bin_11",0.0228680861006395,2
"MXRA8","Bin_12",-0.0995373797747596,2
"MXRA8","Bin_13",-0.0143918137245652,2
"MXRA8","Bin_14",0.305523473797807,2
"MXRA8","Bin_15",0.588199567351349,2
"MXRA8","Bin_16",0.861477307924185,2
"MXRA8","Bin_17",1.0682426288186,2
"MXRA8","Bin_18",1.85758842609935,2
"MXRA8","Bin_19",1.65384142685598,2
"MXRA8","Bin_20",0.652427290515309,2
"TMEM14C","Bin_1",0.332724603563808,2
"TMEM14C","Bin_2",-0.771232473661887,2
"TMEM14C","Bin_3",-0.869972665407402,2
"TMEM14C","Bin_4",-0.944729273292555,2
"TMEM14C","Bin_5",-1.55872344089412,2
"TMEM14C","Bin_6",-1.92833394426884,2
"TMEM14C","Bin_7",-1.77925170016463,2
"TMEM14C","Bin_8",-0.629365581054182,2
"TMEM14C","Bin_9",0.250134475572516,2
"TMEM14C","Bin_10",0.459046839336481,2
"TMEM14C","Bin_11",0.517015717641337,2
"TMEM14C","Bin_12",0.307774857741695,2
"TMEM14C","Bin_13",0.510362955818263,2
"TMEM14C","Bin_14",0.417441359375526,2
"TMEM14C","Bin_15",0.483739568253576,2
"TMEM14C","Bin_16",0.630867531473342,2
"TMEM14C","Bin_17",1.07668536163724,2
"TMEM14C","Bin_18",1.15053348689332,2
"TMEM14C","Bin_19",1.17233859261731,2
"TMEM14C","Bin_20",1.17294372881919,2
"DCUN1D5","Bin_1",-1.12716820969358,2
"DCUN1D5","Bin_2",-1.40621515862989,2
"DCUN1D5","Bin_3",-1.37392765172434,2
"DCUN1D5","Bin_4",-0.745870630296773,2
"DCUN1D5","Bin_5",-1.21963438256456,2
"DCUN1D5","Bin_6",-0.111263830017431,2
"DCUN1D5","Bin_7",-1.58700351996197,2
"DCUN1D5","Bin_8",-1.04433413110545,2
"DCUN1D5","Bin_9",1.08146418322743,2
"DCUN1D5","Bin_10",1.16684183050306,2
"DCUN1D5","Bin_11",1.08859540706412,2
"DCUN1D5","Bin_12",0.370546249185665,2
"DCUN1D5","Bin_13",0.691935452290004,2
"DCUN1D5","Bin_14",0.161781700886575,2
"DCUN1D5","Bin_15",0.292972928509157,2
"DCUN1D5","Bin_16",0.255017303694961,2
"DCUN1D5","Bin_17",0.294716859318426,2
"DCUN1D5","Bin_18",0.787700982330307,2
"DCUN1D5","Bin_19",1.36169321564888,2
"DCUN1D5","Bin_20",1.06215140133541,2
"SSR1","Bin_1",-0.394448992980674,2
"SSR1","Bin_2",-0.943430524633169,2
"SSR1","Bin_3",-1.39216977259639,2
"SSR1","Bin_4",-0.557263914106212,2
"SSR1","Bin_5",-1.64913914769266,2
"SSR1","Bin_6",-1.50167912168055,2
"SSR1","Bin_7",-0.639052084478352,2
"SSR1","Bin_8",-0.826171706212489,2
"SSR1","Bin_9",-0.246403727239187,2
"SSR1","Bin_10",0.0745624763601127,2
"SSR1","Bin_11",0.463189538105216,2
"SSR1","Bin_12",0.234414868478193,2
"SSR1","Bin_13",0.141849228181534,2
"SSR1","Bin_14",0.238697208759855,2
"SSR1","Bin_15",0.565814894045281,2
"SSR1","Bin_16",0.821759402129042,2
"SSR1","Bin_17",1.79692052858097,2
"SSR1","Bin_18",1.41498629797784,2
"SSR1","Bin_19",0.94733404714481,2
"SSR1","Bin_20",1.45023050185683,2
"MDFI","Bin_1",-1.09098707436534,2
"MDFI","Bin_2",-0.764080868054205,2
"MDFI","Bin_3",-0.981784815869512,2
"MDFI","Bin_4",-1.16725169874843,2
"MDFI","Bin_5",-1.00133889916071,2
"MDFI","Bin_6",-1.71399433509814,2
"MDFI","Bin_7",-1.22158000698564,2
"MDFI","Bin_8",-1.33295029074039,2
"MDFI","Bin_9",0.832270934704023,2
"MDFI","Bin_10",1.05917638060321,2
"MDFI","Bin_11",1.1613219029855,2
"MDFI","Bin_12",0.854323172780923,2
"MDFI","Bin_13",0.796695434410181,2
"MDFI","Bin_14",0.802356668745928,2
"MDFI","Bin_15",0.631655467782375,2
"MDFI","Bin_16",0.686494596078129,2
"MDFI","Bin_17",0.37452008430965,2
"MDFI","Bin_18",0.688775975177101,2
"MDFI","Bin_19",0.883650112270191,2
"MDFI","Bin_20",0.502727259175147,2
"PARP1","Bin_1",-0.88966426472728,2
"PARP1","Bin_2",-1.22293115640478,2
"PARP1","Bin_3",-1.48256563697378,2
"PARP1","Bin_4",-0.675910231099161,2
"PARP1","Bin_5",-0.878736210851906,2
"PARP1","Bin_6",-1.85803463818651,2
"PARP1","Bin_7",-0.371523167607988,2
"PARP1","Bin_8",-1.52723527847583,2
"PARP1","Bin_9",0.737551954007368,2
"PARP1","Bin_10",0.980789169118199,2
"PARP1","Bin_11",0.847416082293341,2
"PARP1","Bin_12",0.459003491063819,2
"PARP1","Bin_13",1.13816812048738,2
"PARP1","Bin_14",0.831351605448627,2
"PARP1","Bin_15",0.509136059230842,2
"PARP1","Bin_16",0.614081265798327,2
"PARP1","Bin_17",0.295270052324018,2
"PARP1","Bin_18",0.564355482621065,2
"PARP1","Bin_19",1.10329447891579,2
"PARP1","Bin_20",0.826182823018462,2
"RPL32","Bin_1",-0.634708293434404,2
"RPL32","Bin_2",-0.332427462786433,2
"RPL32","Bin_3",-0.23531487788485,2
"RPL32","Bin_4",-1.49903645062671,2
"RPL32","Bin_5",-0.257753407938326,2
"RPL32","Bin_6",-2.50745403028427,2
"RPL32","Bin_7",-2.12966435176883,2
"RPL32","Bin_8",0.462743045029708,2
"RPL32","Bin_9",0.757898668149776,2
"RPL32","Bin_10",0.64621905135671,2
"RPL32","Bin_11",0.476261815535768,2
"RPL32","Bin_12",0.883648317967759,2
"RPL32","Bin_13",0.904788962634597,2
"RPL32","Bin_14",0.96078079563531,2
"RPL32","Bin_15",0.801200547581609,2
"RPL32","Bin_16",0.530322570379354,2
"RPL32","Bin_17",0.28223081887059,2
"RPL32","Bin_18",0.507319353280305,2
"RPL32","Bin_19",0.24561690522807,2
"RPL32","Bin_20",0.137328023074266,2
"PSMG1","Bin_1",-0.817353119360018,2
"PSMG1","Bin_2",-1.12623163513782,2
"PSMG1","Bin_3",-0.97751512600389,2
"PSMG1","Bin_4",-0.460234719041514,2
"PSMG1","Bin_5",-0.840233876799827,2
"PSMG1","Bin_6",-1.51131147933606,2
"PSMG1","Bin_7",-0.964815811493594,2
"PSMG1","Bin_8",-1.09638533003891,2
"PSMG1","Bin_9",0.798562087590341,2
"PSMG1","Bin_10",1.27524203166375,2
"PSMG1","Bin_11",0.470148703192643,2
"PSMG1","Bin_12",0.2097652265786,2
"PSMG1","Bin_13",0.0912359004211139,2
"PSMG1","Bin_14",-0.356256950755224,2
"PSMG1","Bin_15",-0.110091789594097,2
"PSMG1","Bin_16",0.332187763587503,2
"PSMG1","Bin_17",0.590627912298028,2
"PSMG1","Bin_18",0.726699497934326,2
"PSMG1","Bin_19",1.97873605551299,2
"PSMG1","Bin_20",1.78722465878165,2
"EIF3D","Bin_1",0.210542274362529,2
"EIF3D","Bin_2",-0.547009935254706,2
"EIF3D","Bin_3",-0.805455080405591,2
"EIF3D","Bin_4",-1.34581074137096,2
"EIF3D","Bin_5",-1.11490252799982,2
"EIF3D","Bin_6",-1.90857291070761,2
"EIF3D","Bin_7",-1.66649530984585,2
"EIF3D","Bin_8",-0.942497090178233,2
"EIF3D","Bin_9",0.526165746358193,2
"EIF3D","Bin_10",0.436720895106398,2
"EIF3D","Bin_11",0.224233215184939,2
"EIF3D","Bin_12",0.297422310972188,2
"EIF3D","Bin_13",0.663433949602539,2
"EIF3D","Bin_14",0.56704896563819,2
"EIF3D","Bin_15",0.413993038973632,2
"EIF3D","Bin_16",0.290364947701258,2
"EIF3D","Bin_17",0.813046234347838,2
"EIF3D","Bin_18",0.867352326936385,2
"EIF3D","Bin_19",1.66318532287198,2
"EIF3D","Bin_20",1.3572343677067,2
"CCND1","Bin_1",-0.295236037051172,2
"CCND1","Bin_2",-1.28035801502971,2
"CCND1","Bin_3",-1.27677443257826,2
"CCND1","Bin_4",-1.23973917580854,2
"CCND1","Bin_5",-1.35395819785916,2
"CCND1","Bin_6",-1.1562619928592,2
"CCND1","Bin_7",-1.01061694255873,2
"CCND1","Bin_8",-1.08575553582397,2
"CCND1","Bin_9",1.06140700333512,2
"CCND1","Bin_10",1.32114964479291,2
"CCND1","Bin_11",1.11216642012232,2
"CCND1","Bin_12",0.795576838159197,2
"CCND1","Bin_13",1.01349167998714,2
"CCND1","Bin_14",0.327823224071209,2
"CCND1","Bin_15",0.262457300785176,2
"CCND1","Bin_16",0.295247621296353,2
"CCND1","Bin_17",0.0580034404996403,2
"CCND1","Bin_18",0.587766184180247,2
"CCND1","Bin_19",1.48774336639532,2
"CCND1","Bin_20",0.375867605944105,2
"RASIP1","Bin_1",-1.05622826096665,2
"RASIP1","Bin_2",-1.2339949272933,2
"RASIP1","Bin_3",-1.17843702997418,2
"RASIP1","Bin_4",-1.42991798658601,2
"RASIP1","Bin_5",-1.3492972451995,2
"RASIP1","Bin_6",-0.17586178781835,2
"RASIP1","Bin_7",-0.799591799958089,2
"RASIP1","Bin_8",-1.16309914811357,2
"RASIP1","Bin_9",-0.171437498897943,2
"RASIP1","Bin_10",0.92920711749847,2
"RASIP1","Bin_11",0.845219347926808,2
"RASIP1","Bin_12",0.391640438480273,2
"RASIP1","Bin_13",0.56180237357444,2
"RASIP1","Bin_14",0.332324575729843,2
"RASIP1","Bin_15",0.304534949033114,2
"RASIP1","Bin_16",0.3718941571429,2
"RASIP1","Bin_17",0.597782402554205,2
"RASIP1","Bin_18",0.943157376257274,2
"RASIP1","Bin_19",1.78121113923119,2
"RASIP1","Bin_20",1.49909180737907,2
"CLIC1","Bin_1",-0.136479540389448,2
"CLIC1","Bin_2",-1.19831467998865,2
"CLIC1","Bin_3",-0.945613139156784,2
"CLIC1","Bin_4",-0.901403186507482,2
"CLIC1","Bin_5",-1.36138684726323,2
"CLIC1","Bin_6",-2.12209667263008,2
"CLIC1","Bin_7",-1.72408676739322,2
"CLIC1","Bin_8",-0.0571311156513665,2
"CLIC1","Bin_9",0.481516923355221,2
"CLIC1","Bin_10",0.870150693816804,2
"CLIC1","Bin_11",0.930063651775109,2
"CLIC1","Bin_12",0.564971662961452,2
"CLIC1","Bin_13",0.521633170679727,2
"CLIC1","Bin_14",0.325591296080407,2
"CLIC1","Bin_15",0.550888713477584,2
"CLIC1","Bin_16",0.619749174598186,2
"CLIC1","Bin_17",0.856500915968189,2
"CLIC1","Bin_18",0.727074893747175,2
"CLIC1","Bin_19",0.934337178289323,2
"CLIC1","Bin_20",1.06403367423109,2
"HSPB11","Bin_1",-0.824008095646301,2
"HSPB11","Bin_2",-1.26947718632293,2
"HSPB11","Bin_3",-1.29728557855832,2
"HSPB11","Bin_4",-0.534439112158224,2
"HSPB11","Bin_5",-1.39747824581965,2
"HSPB11","Bin_6",-1.79875884378872,2
"HSPB11","Bin_7",-1.10003759277459,2
"HSPB11","Bin_8",-0.724340074573719,2
"HSPB11","Bin_9",0.461541950270225,2
"HSPB11","Bin_10",1.2575219752085,2
"HSPB11","Bin_11",1.03692293650331,2
"HSPB11","Bin_12",0.592210956997766,2
"HSPB11","Bin_13",0.443887114170243,2
"HSPB11","Bin_14",0.401860909637323,2
"HSPB11","Bin_15",0.262994492144637,2
"HSPB11","Bin_16",1.01532783765115,2
"HSPB11","Bin_17",0.885467626650703,2
"HSPB11","Bin_18",0.709397359574739,2
"HSPB11","Bin_19",0.731133737563347,2
"HSPB11","Bin_20",1.14755783327053,2
"UQCRFS1","Bin_1",-0.601224878997475,2
"UQCRFS1","Bin_2",-1.10521974338197,2
"UQCRFS1","Bin_3",-1.01850963752814,2
"UQCRFS1","Bin_4",-0.670326320086154,2
"UQCRFS1","Bin_5",-1.30408802570401,2
"UQCRFS1","Bin_6",-2.04645172146485,2
"UQCRFS1","Bin_7",-1.47160816506248,2
"UQCRFS1","Bin_8",-0.729438389864214,2
"UQCRFS1","Bin_9",0.794649074357273,2
"UQCRFS1","Bin_10",0.970732748288833,2
"UQCRFS1","Bin_11",0.913978118193507,2
"UQCRFS1","Bin_12",0.547274788749935,2
"UQCRFS1","Bin_13",0.894570162740362,2
"UQCRFS1","Bin_14",0.706383938290938,2
"UQCRFS1","Bin_15",0.422816681766136,2
"UQCRFS1","Bin_16",0.620636074771559,2
"UQCRFS1","Bin_17",0.40193007387872,2
"UQCRFS1","Bin_18",0.516686995953319,2
"UQCRFS1","Bin_19",0.986792944431438,2
"UQCRFS1","Bin_20",1.17041528066727,2
"RFXANK","Bin_1",-0.891965373326676,2
"RFXANK","Bin_2",-1.31297015221804,2
"RFXANK","Bin_3",-1.2581974633196,2
"RFXANK","Bin_4",-0.474943732126042,2
"RFXANK","Bin_5",-1.35232250505954,2
"RFXANK","Bin_6",-1.90569608821359,2
"RFXANK","Bin_7",-1.27285059458504,2
"RFXANK","Bin_8",0.308412150046009,2
"RFXANK","Bin_9",-0.293142507721614,2
"RFXANK","Bin_10",0.67147777813006,2
"RFXANK","Bin_11",0.394183332723259,2
"RFXANK","Bin_12",0.565603953666431,2
"RFXANK","Bin_13",0.83890644174943,2
"RFXANK","Bin_14",0.892705883310888,2
"RFXANK","Bin_15",0.604156487604838,2
"RFXANK","Bin_16",0.251154519174831,2
"RFXANK","Bin_17",0.955281234164667,2
"RFXANK","Bin_18",0.91661789680056,2
"RFXANK","Bin_19",1.24981316931858,2
"RFXANK","Bin_20",1.11377556988059,2
"LSM10","Bin_1",-0.694035939100992,2
"LSM10","Bin_2",-1.08267219872624,2
"LSM10","Bin_3",-1.21409413857993,2
"LSM10","Bin_4",-0.646883645191721,2
"LSM10","Bin_5",-1.01736089221651,2
"LSM10","Bin_6",-1.58287823960683,2
"LSM10","Bin_7",-1.40186722847537,2
"LSM10","Bin_8",-0.893634235630768,2
"LSM10","Bin_9",0.695974266189102,2
"LSM10","Bin_10",1.10301907563219,2
"LSM10","Bin_11",0.939413023775439,2
"LSM10","Bin_12",0.447915719394601,2
"LSM10","Bin_13",0.426221868411231,2
"LSM10","Bin_14",-0.00833662936571587,2
"LSM10","Bin_15",0.0330764247485584,2
"LSM10","Bin_16",0.17934749703092,2
"LSM10","Bin_17",0.622102449472135,2
"LSM10","Bin_18",1.03164385550607,2
"LSM10","Bin_19",1.59367628484697,2
"LSM10","Bin_20",1.46937268188684,2
"CDA","Bin_1",-0.725668546074031,2
"CDA","Bin_2",-0.711167600025827,2
"CDA","Bin_3",-0.725668546074031,2
"CDA","Bin_4",-0.416076383676783,2
"CDA","Bin_5",-0.526546092094386,2
"CDA","Bin_6",-0.725668546074031,2
"CDA","Bin_7",-0.725668546074031,2
"CDA","Bin_8",-0.725668546074031,2
"CDA","Bin_9",-0.147515518122558,2
"CDA","Bin_10",-0.282937109617374,2
"CDA","Bin_11",-0.222676232737784,2
"CDA","Bin_12",-0.16186348395248,2
"CDA","Bin_13",-0.543657764365303,2
"CDA","Bin_14",-0.529826367198583,2
"CDA","Bin_15",-0.0106937262479016,2
"CDA","Bin_16",-0.288141752415139,2
"CDA","Bin_17",2.53623046523636,2
"CDA","Bin_18",1.60029740385096,2
"CDA","Bin_19",1.78111740100843,2
"CDA","Bin_20",1.55179949072852,2
"MED10","Bin_1",-0.846435004097643,2
"MED10","Bin_2",-1.10727203228295,2
"MED10","Bin_3",-1.42477058813095,2
"MED10","Bin_4",-1.06664303712158,2
"MED10","Bin_5",-1.52334887604713,2
"MED10","Bin_6",-0.474125778897305,2
"MED10","Bin_7",-0.986174927147968,2
"MED10","Bin_8",-1.46370568380212,2
"MED10","Bin_9",0.294804612601573,2
"MED10","Bin_10",0.703181425868749,2
"MED10","Bin_11",0.998809832341017,2
"MED10","Bin_12",0.545919080604838,2
"MED10","Bin_13",0.448830337341602,2
"MED10","Bin_14",0.209584671677099,2
"MED10","Bin_15",0.419484713310094,2
"MED10","Bin_16",0.618311793526217,2
"MED10","Bin_17",1.03360124660553,2
"MED10","Bin_18",0.932944064980504,2
"MED10","Bin_19",1.34848935241342,2
"MED10","Bin_20",1.33851479625701,2
"FOLR1","Bin_1",-1.08928126434162,2
"FOLR1","Bin_2",0.0458720295147827,2
"FOLR1","Bin_3",-0.367081975534029,2
"FOLR1","Bin_4",-1.29162162908587,2
"FOLR1","Bin_5",-1.52319202830179,2
"FOLR1","Bin_6",-0.413048542519915,2
"FOLR1","Bin_7",-1.1953339072646,2
"FOLR1","Bin_8",-0.71416272979708,2
"FOLR1","Bin_9",-0.69359028170449,2
"FOLR1","Bin_10",-0.583815890158936,2
"FOLR1","Bin_11",-0.00523340922013052,2
"FOLR1","Bin_12",-0.0656457713353335,2
"FOLR1","Bin_13",-0.202914068013693,2
"FOLR1","Bin_14",0.817412312687621,2
"FOLR1","Bin_15",0.960995451214651,2
"FOLR1","Bin_16",0.713696569635649,2
"FOLR1","Bin_17",1.86376320501118,2
"FOLR1","Bin_18",1.78056745064021,2
"FOLR1","Bin_19",1.12331613532009,2
"FOLR1","Bin_20",0.8392983432533,2
"MORF4L2","Bin_1",-0.158978233099,2
"MORF4L2","Bin_2",-1.68792462491286,2
"MORF4L2","Bin_3",-1.28062843273283,2
"MORF4L2","Bin_4",-0.743115327656797,2
"MORF4L2","Bin_5",-0.944952955243871,2
"MORF4L2","Bin_6",-2.27725044240948,2
"MORF4L2","Bin_7",-0.899866085153388,2
"MORF4L2","Bin_8",0.200966192004577,2
"MORF4L2","Bin_9",0.203136851539295,2
"MORF4L2","Bin_10",0.323494184161138,2
"MORF4L2","Bin_11",0.735850793214986,2
"MORF4L2","Bin_12",0.260337003315273,2
"MORF4L2","Bin_13",0.192006400162625,2
"MORF4L2","Bin_14",0.137122632582262,2
"MORF4L2","Bin_15",0.618052604574143,2
"MORF4L2","Bin_16",0.823447762845352,2
"MORF4L2","Bin_17",1.23768700322808,2
"MORF4L2","Bin_18",0.89226692273501,2
"MORF4L2","Bin_19",1.20676504189841,2
"MORF4L2","Bin_20",1.16158270894707,2
"EXOSC3","Bin_1",-0.787687965981842,2
"EXOSC3","Bin_2",-1.32605393681233,2
"EXOSC3","Bin_3",-1.31914570907909,2
"EXOSC3","Bin_4",-0.953420206844416,2
"EXOSC3","Bin_5",-0.877553981051596,2
"EXOSC3","Bin_6",-1.59964907283259,2
"EXOSC3","Bin_7",-1.26666025066704,2
"EXOSC3","Bin_8",-0.755960135466907,2
"EXOSC3","Bin_9",0.311404612691983,2
"EXOSC3","Bin_10",1.26283401146174,2
"EXOSC3","Bin_11",1.28237729654807,2
"EXOSC3","Bin_12",0.354999276461938,2
"EXOSC3","Bin_13",0.858163861677145,2
"EXOSC3","Bin_14",0.431374349932097,2
"EXOSC3","Bin_15",0.321580941552981,2
"EXOSC3","Bin_16",0.756260145869019,2
"EXOSC3","Bin_17",0.240536913480986,2
"EXOSC3","Bin_18",0.648475590453113,2
"EXOSC3","Bin_19",1.25875449512447,2
"EXOSC3","Bin_20",1.15936976348227,2
"TSPO","Bin_1",-0.425218267607161,2
"TSPO","Bin_2",-0.891213940525481,2
"TSPO","Bin_3",-1.19342555251149,2
"TSPO","Bin_4",-0.438579689000938,2
"TSPO","Bin_5",-0.843407326734923,2
"TSPO","Bin_6",-2.30839810190472,2
"TSPO","Bin_7",-1.60934230622315,2
"TSPO","Bin_8",-0.880779136560701,2
"TSPO","Bin_9",0.561064750467224,2
"TSPO","Bin_10",0.814055531305036,2
"TSPO","Bin_11",0.62027703329361,2
"TSPO","Bin_12",0.742712488292486,2
"TSPO","Bin_13",0.484763996165797,2
"TSPO","Bin_14",0.306397876029054,2
"TSPO","Bin_15",0.476118759396664,2
"TSPO","Bin_16",0.451253608340912,2
"TSPO","Bin_17",0.835428630527407,2
"TSPO","Bin_18",1.05118392192928,2
"TSPO","Bin_19",1.15357718987791,2
"TSPO","Bin_20",1.09353053544319,2
"CLEC7A","Bin_1",-1.03967135739475,2
"CLEC7A","Bin_2",-0.6247463300935,2
"CLEC7A","Bin_3",-0.965257983785374,2
"CLEC7A","Bin_4",0.145906164747255,2
"CLEC7A","Bin_5",-1.02986766725858,2
"CLEC7A","Bin_6",-1.17851270762312,2
"CLEC7A","Bin_7",-0.774724993482982,2
"CLEC7A","Bin_8",-0.749993727941103,2
"CLEC7A","Bin_9",-0.533115647560947,2
"CLEC7A","Bin_10",-0.534299900536518,2
"CLEC7A","Bin_11",-0.126346562427307,2
"CLEC7A","Bin_12",-0.319032612266989,2
"CLEC7A","Bin_13",-0.30252640365213,2
"CLEC7A","Bin_14",0.464506652370922,2
"CLEC7A","Bin_15",0.678986976689408,2
"CLEC7A","Bin_16",0.154278275545398,2
"CLEC7A","Bin_17",1.65760406121283,2
"CLEC7A","Bin_18",2.00309039107425,2
"CLEC7A","Bin_19",1.54383189547382,2
"CLEC7A","Bin_20",1.52989147690942,2
"VPS72","Bin_1",-0.925449408892258,2
"VPS72","Bin_2",-1.47562838400259,2
"VPS72","Bin_3",-1.44501079862439,2
"VPS72","Bin_4",-1.02243714933251,2
"VPS72","Bin_5",-1.69318879677776,2
"VPS72","Bin_6",-1.13984794777975,2
"VPS72","Bin_7",-0.556985062443811,2
"VPS72","Bin_8",-0.718539847864138,2
"VPS72","Bin_9",0.295519751819429,2
"VPS72","Bin_10",1.10391539686171,2
"VPS72","Bin_11",1.17057758072317,2
"VPS72","Bin_12",0.604146629374352,2
"VPS72","Bin_13",0.762312283127273,2
"VPS72","Bin_14",0.378580072652091,2
"VPS72","Bin_15",0.498676677140909,2
"VPS72","Bin_16",0.68481715294665,2
"VPS72","Bin_17",0.477152274213839,2
"VPS72","Bin_18",0.754394802353709,2
"VPS72","Bin_19",1.25649408838568,2
"VPS72","Bin_20",0.990500686118402,2
"MDK","Bin_1",0.398334922634364,2
"MDK","Bin_2",-0.923243452987325,2
"MDK","Bin_3",-1.34320008326433,2
"MDK","Bin_4",-1.50382103614297,2
"MDK","Bin_5",-1.60440851563654,2
"MDK","Bin_6",-0.974122829336274,2
"MDK","Bin_7",-1.51095128643361,2
"MDK","Bin_8",-1.24578952075954,2
"MDK","Bin_9",0.403504037102527,2
"MDK","Bin_10",0.892245167602872,2
"MDK","Bin_11",0.915721811024995,2
"MDK","Bin_12",0.79952394028821,2
"MDK","Bin_13",0.806951931333838,2
"MDK","Bin_14",0.816992872162772,2
"MDK","Bin_15",0.587592407170216,2
"MDK","Bin_16",0.590441580676659,2
"MDK","Bin_17",0.605193622619294,2
"MDK","Bin_18",0.736854860966279,2
"MDK","Bin_19",0.80923681690631,2
"MDK","Bin_20",0.74294275407226,2
"STMP1","Bin_1",-0.681946855574181,2
"STMP1","Bin_2",-1.27805316690401,2
"STMP1","Bin_3",-1.53365901217012,2
"STMP1","Bin_4",-0.843181590371464,2
"STMP1","Bin_5",-1.30356308568453,2
"STMP1","Bin_6",-1.91356577549497,2
"STMP1","Bin_7",-0.257078779326608,2
"STMP1","Bin_8",-1.03736467037663,2
"STMP1","Bin_9",0.227522362736865,2
"STMP1","Bin_10",0.707013917343852,2
"STMP1","Bin_11",0.744470753399333,2
"STMP1","Bin_12",0.669508939908453,2
"STMP1","Bin_13",0.534264636753996,2
"STMP1","Bin_14",0.495181980650846,2
"STMP1","Bin_15",0.679623628557022,2
"STMP1","Bin_16",0.583427542566886,2
"STMP1","Bin_17",0.931904071786132,2
"STMP1","Bin_18",1.10852617233319,2
"STMP1","Bin_19",1.12254359819047,2
"STMP1","Bin_20",1.04442533167546,2
"FIBP","Bin_1",-0.40084223103395,2
"FIBP","Bin_2",-0.958189210038556,2
"FIBP","Bin_3",-1.04857887565899,2
"FIBP","Bin_4",-0.938201866258564,2
"FIBP","Bin_5",-1.25970804110701,2
"FIBP","Bin_6",-1.73690162578006,2
"FIBP","Bin_7",-1.21687232169206,2
"FIBP","Bin_8",-1.23350399540529,2
"FIBP","Bin_9",0.869504001888431,2
"FIBP","Bin_10",0.924983769216057,2
"FIBP","Bin_11",1.01638504278779,2
"FIBP","Bin_12",0.556004285104404,2
"FIBP","Bin_13",0.373606193787313,2
"FIBP","Bin_14",0.404001119580564,2
"FIBP","Bin_15",0.0859640696301313,2
"FIBP","Bin_16",0.317109658755603,2
"FIBP","Bin_17",0.640859201070462,2
"FIBP","Bin_18",0.833489901436355,2
"FIBP","Bin_19",1.27017611777078,2
"FIBP","Bin_20",1.50071480594658,2
"MRPS14","Bin_1",-0.818449052824442,2
"MRPS14","Bin_2",-1.28932060349708,2
"MRPS14","Bin_3",-1.33835911252538,2
"MRPS14","Bin_4",-0.985306994067977,2
"MRPS14","Bin_5",-0.837119290693602,2
"MRPS14","Bin_6",-2.0212988452947,2
"MRPS14","Bin_7",-1.30056575636647,2
"MRPS14","Bin_8",-0.30756879021577,2
"MRPS14","Bin_9",0.565055183921261,2
"MRPS14","Bin_10",0.321352864710209,2
"MRPS14","Bin_11",0.769953804263661,2
"MRPS14","Bin_12",0.373948006122912,2
"MRPS14","Bin_13",0.704009224295134,2
"MRPS14","Bin_14",0.964194916545425,2
"MRPS14","Bin_15",0.733668486590812,2
"MRPS14","Bin_16",0.700544526008627,2
"MRPS14","Bin_17",0.640670293287572,2
"MRPS14","Bin_18",0.845116689366359,2
"MRPS14","Bin_19",1.16248074692941,2
"MRPS14","Bin_20",1.11699370344403,2
"BAMBI","Bin_1",-0.501935445047378,2
"BAMBI","Bin_2",-1.36310280379164,2
"BAMBI","Bin_3",-1.54113923401032,2
"BAMBI","Bin_4",-0.737037404975107,2
"BAMBI","Bin_5",-1.77211727001331,2
"BAMBI","Bin_6",-0.350230521598841,2
"BAMBI","Bin_7",-0.314080709840505,2
"BAMBI","Bin_8",-1.16196552460678,2
"BAMBI","Bin_9",-0.292854352886705,2
"BAMBI","Bin_10",0.572090903293698,2
"BAMBI","Bin_11",0.585880685277726,2
"BAMBI","Bin_12",0.220488447365219,2
"BAMBI","Bin_13",0.735991946680512,2
"BAMBI","Bin_14",1.21690651450245,2
"BAMBI","Bin_15",0.924818198801514,2
"BAMBI","Bin_16",0.333293794701458,2
"BAMBI","Bin_17",-0.0535955238241836,2
"BAMBI","Bin_18",0.590770903424882,2
"BAMBI","Bin_19",0.788183584980467,2
"BAMBI","Bin_20",2.11963381156685,2
"GORASP2","Bin_1",-0.664568803215875,2
"GORASP2","Bin_2",-0.926168612507997,2
"GORASP2","Bin_3",-1.20809700963375,2
"GORASP2","Bin_4",-0.631304497088552,2
"GORASP2","Bin_5",-1.13872466373272,2
"GORASP2","Bin_6",-0.916847067920967,2
"GORASP2","Bin_7",-1.8266729553213,2
"GORASP2","Bin_8",-1.17230613420152,2
"GORASP2","Bin_9",-0.0258918568999112,2
"GORASP2","Bin_10",0.499117701585374,2
"GORASP2","Bin_11",0.360949696981722,2
"GORASP2","Bin_12",0.457143309083341,2
"GORASP2","Bin_13",0.247460747001751,2
"GORASP2","Bin_14",0.295469647875499,2
"GORASP2","Bin_15",0.335380562359371,2
"GORASP2","Bin_16",0.92650934388149,2
"GORASP2","Bin_17",1.42351703048842,2
"GORASP2","Bin_18",1.43247051870687,2
"GORASP2","Bin_19",1.27998203398332,2
"GORASP2","Bin_20",1.25258100857543,2
"IL32","Bin_1",0.795065114529709,1
"IL32","Bin_2",0.740026496750477,1
"IL32","Bin_3",1.29943344209192,1
"IL32","Bin_4",3.62976266996614,1
"IL32","Bin_5",0.0779824552192758,1
"IL32","Bin_6",-0.537404321331757,1
"IL32","Bin_7",-0.537404321331757,1
"IL32","Bin_8",-0.235328718777536,1
"IL32","Bin_9",-0.537404321331757,1
"IL32","Bin_10",-0.388337168484848,1
"IL32","Bin_11",-0.366895858748398,1
"IL32","Bin_12",-0.380692785952651,1
"IL32","Bin_13",-0.49969814734609,1
"IL32","Bin_14",-0.449157308299857,1
"IL32","Bin_15",-0.379529576817483,1
"IL32","Bin_16",-0.384294361889689,1
"IL32","Bin_17",-0.420598271683041,1
"IL32","Bin_18",-0.451788129112282,1
"IL32","Bin_19",-0.491816381017415,1
"IL32","Bin_20",-0.481920506432956,1
"ERP44","Bin_1",-0.488778824730142,2
"ERP44","Bin_2",-0.614070282455881,2
"ERP44","Bin_3",-0.971559510992546,2
"ERP44","Bin_4",-1.12177381538324,2
"ERP44","Bin_5",-1.57667487725841,2
"ERP44","Bin_6",-1.8884396856274,2
"ERP44","Bin_7",-0.735225848292259,2
"ERP44","Bin_8",-1.15473288880388,2
"ERP44","Bin_9",-0.225177740202348,2
"ERP44","Bin_10",0.484934792620202,2
"ERP44","Bin_11",0.986884786903002,2
"ERP44","Bin_12",0.54859875729429,2
"ERP44","Bin_13",0.179450651615905,2
"ERP44","Bin_14",0.460818339015806,2
"ERP44","Bin_15",0.905918409287853,2
"ERP44","Bin_16",0.713572800080858,2
"ERP44","Bin_17",1.29706271092236,2
"ERP44","Bin_18",0.979990820999132,2
"ERP44","Bin_19",1.02226539559422,2
"ERP44","Bin_20",1.19693600941248,2
"IGHG1","Bin_1",0.917288903780218,1
"IGHG1","Bin_2",2.00813092137694,1
"IGHG1","Bin_3",1.16096047998046,1
"IGHG1","Bin_4",2.37033432050549,1
"IGHG1","Bin_5",1.66254003242365,1
"IGHG1","Bin_6",-0.544547235089045,1
"IGHG1","Bin_7",-0.544547235089045,1
"IGHG1","Bin_8",-0.544547235089045,1
"IGHG1","Bin_9",-0.544547235089045,1
"IGHG1","Bin_10",-0.544547235089045,1
"IGHG1","Bin_11",-0.540657544869356,1
"IGHG1","Bin_12",-0.544547235089045,1
"IGHG1","Bin_13",-0.544547235089045,1
"IGHG1","Bin_14",-0.540802622607744,1
"IGHG1","Bin_15",-0.544547235089045,1
"IGHG1","Bin_16",-0.544547235089045,1
"IGHG1","Bin_17",-0.544547235089045,1
"IGHG1","Bin_18",-0.516991922076839,1
"IGHG1","Bin_19",-0.544547235089045,1
"IGHG1","Bin_20",-0.53078298253332,1
"CBX5","Bin_1",-0.998459798601919,2
"CBX5","Bin_2",-1.14580638924215,2
"CBX5","Bin_3",-1.40182955475052,2
"CBX5","Bin_4",-0.936791995162284,2
"CBX5","Bin_5",-1.46225017984699,2
"CBX5","Bin_6",-1.34943179704209,2
"CBX5","Bin_7",-0.912609689852664,2
"CBX5","Bin_8",-1.0117374003013,2
"CBX5","Bin_9",0.598496098662145,2
"CBX5","Bin_10",1.04217372220815,2
"CBX5","Bin_11",1.16443824537137,2
"CBX5","Bin_12",0.648434494203383,2
"CBX5","Bin_13",0.7641844228856,2
"CBX5","Bin_14",0.877218088898907,2
"CBX5","Bin_15",0.238960929865411,2
"CBX5","Bin_16",0.518005453938162,2
"CBX5","Bin_17",0.559986577767982,2
"CBX5","Bin_18",0.690823126886462,2
"CBX5","Bin_19",0.831937131676365,2
"CBX5","Bin_20",1.28425851243598,2
"ATP6V1G1","Bin_1",0.0189295322601606,2
"ATP6V1G1","Bin_2",-0.722067723250036,2
"ATP6V1G1","Bin_3",-0.821785986507066,2
"ATP6V1G1","Bin_4",-1.15780157183191,2
"ATP6V1G1","Bin_5",-1.40206801769915,2
"ATP6V1G1","Bin_6",-2.13396197088546,2
"ATP6V1G1","Bin_7",-1.49670120611093,2
"ATP6V1G1","Bin_8",-1.02821169062631,2
"ATP6V1G1","Bin_9",0.608867973938987,2
"ATP6V1G1","Bin_10",0.800928426571838,2
"ATP6V1G1","Bin_11",0.764932875274604,2
"ATP6V1G1","Bin_12",0.934665913292079,2
"ATP6V1G1","Bin_13",0.573748573363787,2
"ATP6V1G1","Bin_14",0.476643697217654,2
"ATP6V1G1","Bin_15",0.64171184326931,2
"ATP6V1G1","Bin_16",0.575837820026752,2
"ATP6V1G1","Bin_17",0.696040993874371,2
"ATP6V1G1","Bin_18",0.795206544139186,2
"ATP6V1G1","Bin_19",0.940314092373467,2
"ATP6V1G1","Bin_20",0.93476988130868,2
"PTX3","Bin_1",-0.846401384030222,2
"PTX3","Bin_2",-0.68957366972933,2
"PTX3","Bin_3",-0.77570264793092,2
"PTX3","Bin_4",-0.717553312396527,2
"PTX3","Bin_5",-0.872236054026619,2
"PTX3","Bin_6",-0.872236054026619,2
"PTX3","Bin_7",-0.383078409481624,2
"PTX3","Bin_8",-0.872236054026619,2
"PTX3","Bin_9",-0.363173036406093,2
"PTX3","Bin_10",-0.270676609987679,2
"PTX3","Bin_11",-0.150866051644601,2
"PTX3","Bin_12",-0.562461912674652,2
"PTX3","Bin_13",-0.0590641803872988,2
"PTX3","Bin_14",-0.0542657220134276,2
"PTX3","Bin_15",0.0175001091938977,2
"PTX3","Bin_16",0.444193008348601,2
"PTX3","Bin_17",0.956154119477494,2
"PTX3","Bin_18",1.642490205238,2
"PTX3","Bin_19",2.43043094947096,2
"PTX3","Bin_20",1.99875670703328,2
"S100P","Bin_1",-1.57241002265405,2
"S100P","Bin_2",-1.38027282388044,2
"S100P","Bin_3",-1.36548335708294,2
"S100P","Bin_4",0.302341991857298,2
"S100P","Bin_5",-0.471789224025873,2
"S100P","Bin_6",-1.66366911549389,2
"S100P","Bin_7",-1.32764447444151,2
"S100P","Bin_8",-0.623985454959995,2
"S100P","Bin_9",0.468726363427809,2
"S100P","Bin_10",0.291152981705573,2
"S100P","Bin_11",0.409834173342673,2
"S100P","Bin_12",0.67173169814964,2
"S100P","Bin_13",0.540842228073756,2
"S100P","Bin_14",0.0365470084793718,2
"S100P","Bin_15",0.644565298274968,2
"S100P","Bin_16",0.339975931163762,2
"S100P","Bin_17",1.26148594137907,2
"S100P","Bin_18",0.816264733205002,2
"S100P","Bin_19",1.10968632670032,2
"S100P","Bin_20",1.51209979677944,2
"MARCKSL1","Bin_1",-0.234605805375158,2
"MARCKSL1","Bin_2",-1.16896829372201,2
"MARCKSL1","Bin_3",-1.44927119992072,2
"MARCKSL1","Bin_4",-1.37770673315589,2
"MARCKSL1","Bin_5",-0.85897714688623,2
"MARCKSL1","Bin_6",-1.74488807610833,2
"MARCKSL1","Bin_7",-1.45649753947746,2
"MARCKSL1","Bin_8",-0.649724086688088,2
"MARCKSL1","Bin_9",1.04285826714624,2
"MARCKSL1","Bin_10",0.991910196040431,2
"MARCKSL1","Bin_11",0.878418165337657,2
"MARCKSL1","Bin_12",0.951236609915755,2
"MARCKSL1","Bin_13",0.451568796230283,2
"MARCKSL1","Bin_14",0.462237642295756,2
"MARCKSL1","Bin_15",0.594935905525109,2
"MARCKSL1","Bin_16",0.618605965432146,2
"MARCKSL1","Bin_17",0.566294842600936,2
"MARCKSL1","Bin_18",0.933512755808278,2
"MARCKSL1","Bin_19",0.958918390317947,2
"MARCKSL1","Bin_20",0.490141344683354,2
"HNRNPA1","Bin_1",0.0161609579638088,2
"HNRNPA1","Bin_2",-0.542028501396192,2
"HNRNPA1","Bin_3",-0.591087244549978,2
"HNRNPA1","Bin_4",-1.7665697258921,2
"HNRNPA1","Bin_5",-1.42502061500084,2
"HNRNPA1","Bin_6",-2.24660725942003,2
"HNRNPA1","Bin_7",-0.966879216548294,2
"HNRNPA1","Bin_8",-0.796584624311964,2
"HNRNPA1","Bin_9",0.902616385833034,2
"HNRNPA1","Bin_10",0.750671743944013,2
"HNRNPA1","Bin_11",0.794976057418161,2
"HNRNPA1","Bin_12",0.801945894969433,2
"HNRNPA1","Bin_13",1.029771700494,2
"HNRNPA1","Bin_14",1.02461986151524,2
"HNRNPA1","Bin_15",0.660288686944192,2
"HNRNPA1","Bin_16",0.229816644946948,2
"HNRNPA1","Bin_17",0.168709995199775,2
"HNRNPA1","Bin_18",0.516278727862598,2
"HNRNPA1","Bin_19",0.773343652363728,2
"HNRNPA1","Bin_20",0.665576877664468,2
"EI24","Bin_1",-0.307218054950372,2
"EI24","Bin_2",-0.797955835964851,2
"EI24","Bin_3",-0.930968154007221,2
"EI24","Bin_4",-0.542983424520333,2
"EI24","Bin_5",-1.33080125059142,2
"EI24","Bin_6",-1.49232532159664,2
"EI24","Bin_7",-1.43580068597408,2
"EI24","Bin_8",-1.52316033948691,2
"EI24","Bin_9",0.321232808008032,2
"EI24","Bin_10",0.765117517409509,2
"EI24","Bin_11",0.505382539660692,2
"EI24","Bin_12",0.339654018769184,2
"EI24","Bin_13",0.609754858801886,2
"EI24","Bin_14",0.30867699714394,2
"EI24","Bin_15",0.0983008268309506,2
"EI24","Bin_16",0.367036276125058,2
"EI24","Bin_17",0.76435082331171,2
"EI24","Bin_18",0.936199746675491,2
"EI24","Bin_19",1.672207128901,2
"EI24","Bin_20",1.67329952545437,2
"YBX1","Bin_1",-1.57521502405017,2
"YBX1","Bin_2",-1.79263350532096,2
"YBX1","Bin_3",-1.71580952302928,2
"YBX1","Bin_4",-0.782771280316106,2
"YBX1","Bin_5",-0.116533728987543,2
"YBX1","Bin_6",-1.02376510006466,2
"YBX1","Bin_7",-1.34224962856686,2
"YBX1","Bin_8",0.176227174131514,2
"YBX1","Bin_9",1.0835895812881,2
"YBX1","Bin_10",1.1923256387002,2
"YBX1","Bin_11",0.817641091133033,2
"YBX1","Bin_12",0.787758637078539,2
"YBX1","Bin_13",0.597902534213918,2
"YBX1","Bin_14",0.152219466850771,2
"YBX1","Bin_15",0.290609303007726,2
"YBX1","Bin_16",0.397408478325925,2
"YBX1","Bin_17",0.342693452636491,2
"YBX1","Bin_18",0.568273292800797,2
"YBX1","Bin_19",1.06969600343912,2
"YBX1","Bin_20",0.872633136729451,2
"YIPF3","Bin_1",-0.228185097676037,2
"YIPF3","Bin_2",-0.585394261546945,2
"YIPF3","Bin_3",-1.05683029548658,2
"YIPF3","Bin_4",-0.822002542394481,2
"YIPF3","Bin_5",-1.42079509931269,2
"YIPF3","Bin_6",-1.99222846253368,2
"YIPF3","Bin_7",-0.997153477429569,2
"YIPF3","Bin_8",-0.845906508591731,2
"YIPF3","Bin_9",-0.333825168755365,2
"YIPF3","Bin_10",0.233371122450508,2
"YIPF3","Bin_11",0.518899046738679,2
"YIPF3","Bin_12",0.578606194169072,2
"YIPF3","Bin_13",0.287984559125969,2
"YIPF3","Bin_14",0.0443076540545113,2
"YIPF3","Bin_15",0.580964762400648,2
"YIPF3","Bin_16",0.710853182063971,2
"YIPF3","Bin_17",1.79073204827572,2
"YIPF3","Bin_18",1.28005235023005,2
"YIPF3","Bin_19",1.01376877126622,2
"YIPF3","Bin_20",1.24278122295173,2
"SMIM7","Bin_1",-0.448781667977528,2
"SMIM7","Bin_2",-1.00555266209833,2
"SMIM7","Bin_3",-1.62955233506327,2
"SMIM7","Bin_4",-0.2923328452253,2
"SMIM7","Bin_5",-1.40020485358783,2
"SMIM7","Bin_6",-0.53352828720572,2
"SMIM7","Bin_7",-1.38631979956492,2
"SMIM7","Bin_8",-1.3930903198739,2
"SMIM7","Bin_9",-0.290663849053146,2
"SMIM7","Bin_10",-0.0387001047486808,2
"SMIM7","Bin_11",0.486808610640208,2
"SMIM7","Bin_12",-0.0836676108256653,2
"SMIM7","Bin_13",0.685727017735719,2
"SMIM7","Bin_14",0.935708597122923,2
"SMIM7","Bin_15",0.577685814558184,2
"SMIM7","Bin_16",0.868856429037553,2
"SMIM7","Bin_17",1.04181804603791,2
"SMIM7","Bin_18",1.29047831265022,2
"SMIM7","Bin_19",1.2644502854721,2
"SMIM7","Bin_20",1.35086122196947,2
"RBM17","Bin_1",-1.22595698779385,2
"RBM17","Bin_2",-1.303134584707,2
"RBM17","Bin_3",-1.23777269782852,2
"RBM17","Bin_4",-1.0288592788047,2
"RBM17","Bin_5",-1.49482240976506,2
"RBM17","Bin_6",-1.02452111177692,2
"RBM17","Bin_7",-0.672671661556685,2
"RBM17","Bin_8",-0.998947988520813,2
"RBM17","Bin_9",0.983371307372121,2
"RBM17","Bin_10",1.39786554730126,2
"RBM17","Bin_11",1.20553376098604,2
"RBM17","Bin_12",0.790722795271207,2
"RBM17","Bin_13",0.473428182058926,2
"RBM17","Bin_14",0.0419900569356905,2
"RBM17","Bin_15",0.321852514896206,2
"RBM17","Bin_16",0.554389280751073,2
"RBM17","Bin_17",0.526427652176544,2
"RBM17","Bin_18",0.586625956548405,2
"RBM17","Bin_19",1.08058158713501,2
"RBM17","Bin_20",1.02389807932107,2
"PCBP2","Bin_1",0.0912566082314477,2
"PCBP2","Bin_2",-0.536570743411875,2
"PCBP2","Bin_3",-0.711780442102752,2
"PCBP2","Bin_4",-1.65681638764093,2
"PCBP2","Bin_5",-2.1632773712531,2
"PCBP2","Bin_6",-0.678843780194085,2
"PCBP2","Bin_7",-1.09866646743187,2
"PCBP2","Bin_8",-1.60176998226455,2
"PCBP2","Bin_9",0.450464785716688,2
"PCBP2","Bin_10",0.617278148391557,2
"PCBP2","Bin_11",0.802597534299579,2
"PCBP2","Bin_12",0.50570679873442,2
"PCBP2","Bin_13",0.575761495812724,2
"PCBP2","Bin_14",0.625503759282615,2
"PCBP2","Bin_15",0.487056410174273,2
"PCBP2","Bin_16",0.529781350388325,2
"PCBP2","Bin_17",0.637957809751241,2
"PCBP2","Bin_18",0.731038558028702,2
"PCBP2","Bin_19",1.13012050293807,2
"PCBP2","Bin_20",1.2632014125495,2
"RTRAF","Bin_1",0.0732215598334958,2
"RTRAF","Bin_2",-0.747461131356676,2
"RTRAF","Bin_3",-0.838637722294624,2
"RTRAF","Bin_4",-0.607584135037191,2
"RTRAF","Bin_5",-1.07796459997252,2
"RTRAF","Bin_6",-2.17393376902533,2
"RTRAF","Bin_7",-1.69013986575659,2
"RTRAF","Bin_8",-1.44960427295554,2
"RTRAF","Bin_9",0.405107567414501,2
"RTRAF","Bin_10",0.728038486463752,2
"RTRAF","Bin_11",0.708312117283059,2
"RTRAF","Bin_12",0.584023431239067,2
"RTRAF","Bin_13",0.698272892112061,2
"RTRAF","Bin_14",0.57176727816683,2
"RTRAF","Bin_15",0.597066153937667,2
"RTRAF","Bin_16",0.457323342215425,2
"RTRAF","Bin_17",0.827371634837217,2
"RTRAF","Bin_18",1.01059894241299,2
"RTRAF","Bin_19",1.10925258810068,2
"RTRAF","Bin_20",0.814969502381719,2
"PSIP1","Bin_1",-1.25265418438391,2
"PSIP1","Bin_2",-1.28198138115318,2
"PSIP1","Bin_3",-1.35537214485148,2
"PSIP1","Bin_4",-0.786152253184235,2
"PSIP1","Bin_5",-1.12937805360538,2
"PSIP1","Bin_6",-1.75683082645942,2
"PSIP1","Bin_7",-0.777017453762502,2
"PSIP1","Bin_8",-0.550861346572717,2
"PSIP1","Bin_9",0.384470126038496,2
"PSIP1","Bin_10",1.05736422125477,2
"PSIP1","Bin_11",1.34199576611802,2
"PSIP1","Bin_12",0.393983005500844,2
"PSIP1","Bin_13",0.78433650404328,2
"PSIP1","Bin_14",0.538584295269089,2
"PSIP1","Bin_15",0.336976181723792,2
"PSIP1","Bin_16",0.756553388375902,2
"PSIP1","Bin_17",0.629259391462258,2
"PSIP1","Bin_18",0.330038680513825,2
"PSIP1","Bin_19",1.08168192127345,2
"PSIP1","Bin_20",1.25500416239909,2
"YEATS4","Bin_1",-0.42061362716548,2
"YEATS4","Bin_2",-1.1474284321777,2
"YEATS4","Bin_3",-1.13841955640635,2
"YEATS4","Bin_4",-1.25383128363751,2
"YEATS4","Bin_5",-1.29200867980196,2
"YEATS4","Bin_6",-1.66583965962353,2
"YEATS4","Bin_7",-1.32870553110524,2
"YEATS4","Bin_8",-0.581935037566694,2
"YEATS4","Bin_9",0.0264284640390186,2
"YEATS4","Bin_10",1.04339703386751,2
"YEATS4","Bin_11",0.940601325385547,2
"YEATS4","Bin_12",0.305951371842103,2
"YEATS4","Bin_13",0.624208475469018,2
"YEATS4","Bin_14",0.733752922832095,2
"YEATS4","Bin_15",0.454517210823155,2
"YEATS4","Bin_16",1.24437218679083,2
"YEATS4","Bin_17",0.697404909963049,2
"YEATS4","Bin_18",0.487996965179069,2
"YEATS4","Bin_19",0.997439377632839,2
"YEATS4","Bin_20",1.27271156366024,2
"NAP1L1","Bin_1",-0.498325065772348,2
"NAP1L1","Bin_2",-0.850734182955904,2
"NAP1L1","Bin_3",-0.672160952484641,2
"NAP1L1","Bin_4",-1.32248240115291,2
"NAP1L1","Bin_5",-1.73947608929789,2
"NAP1L1","Bin_6",-1.69082639128965,2
"NAP1L1","Bin_7",-1.12423120649969,2
"NAP1L1","Bin_8",-1.10242639769633,2
"NAP1L1","Bin_9",0.812564993092638,2
"NAP1L1","Bin_10",1.04824782722585,2
"NAP1L1","Bin_11",0.691842128800359,2
"NAP1L1","Bin_12",0.66247383985635,2
"NAP1L1","Bin_13",1.12573153122574,2
"NAP1L1","Bin_14",1.08774378179211,2
"NAP1L1","Bin_15",0.663790331589335,2
"NAP1L1","Bin_16",0.473162316448965,2
"NAP1L1","Bin_17",0.319323872545539,2
"NAP1L1","Bin_18",0.482213559861638,2
"NAP1L1","Bin_19",0.778565554333148,2
"NAP1L1","Bin_20",0.855002950377684,2
"NOP10","Bin_1",-0.187299404790299,2
"NOP10","Bin_2",-0.872505750697112,2
"NOP10","Bin_3",-1.26259940483511,2
"NOP10","Bin_4",-0.937277406660636,2
"NOP10","Bin_5",-1.41939472369666,2
"NOP10","Bin_6",-1.59957847913747,2
"NOP10","Bin_7",-1.80060073926355,2
"NOP10","Bin_8",-0.880125284607454,2
"NOP10","Bin_9",0.720581194753444,2
"NOP10","Bin_10",0.937810165707622,2
"NOP10","Bin_11",0.896981816925091,2
"NOP10","Bin_12",0.744172174991602,2
"NOP10","Bin_13",0.434898999799807,2
"NOP10","Bin_14",0.403942718903774,2
"NOP10","Bin_15",0.471688635812976,2
"NOP10","Bin_16",0.821255552790617,2
"NOP10","Bin_17",0.752568694771545,2
"NOP10","Bin_18",0.941764596008058,2
"NOP10","Bin_19",0.916557848752436,2
"NOP10","Bin_20",0.917158794471321,2
"HSF1","Bin_1",-0.939699324026558,2
"HSF1","Bin_2",-0.970222767461568,2
"HSF1","Bin_3",-0.670812214154029,2
"HSF1","Bin_4",-0.970514140644104,2
"HSF1","Bin_5",-1.4334217796673,2
"HSF1","Bin_6",-1.78994592864849,2
"HSF1","Bin_7",-1.0239699859918,2
"HSF1","Bin_8",-0.973088634060036,2
"HSF1","Bin_9",0.284768840375997,2
"HSF1","Bin_10",1.01890111954856,2
"HSF1","Bin_11",1.09780703868363,2
"HSF1","Bin_12",0.535190394319398,2
"HSF1","Bin_13",0.189107471112166,2
"HSF1","Bin_14",0.104371998105972,2
"HSF1","Bin_15",0.29839629455869,2
"HSF1","Bin_16",0.736986214922222,2
"HSF1","Bin_17",1.24627148214194,2
"HSF1","Bin_18",0.844673014484259,2
"HSF1","Bin_19",1.03914132307474,2
"HSF1","Bin_20",1.37605958332629,2
"SAP18","Bin_1",-0.0768478280095306,2
"SAP18","Bin_2",-0.582603329121807,2
"SAP18","Bin_3",-0.826779080496277,2
"SAP18","Bin_4",-1.49917824683219,2
"SAP18","Bin_5",-1.7644948462318,2
"SAP18","Bin_6",-1.36763731973143,2
"SAP18","Bin_7",-1.46598073982368,2
"SAP18","Bin_8",-1.25065427603327,2
"SAP18","Bin_9",0.555750428345881,2
"SAP18","Bin_10",0.990411874602609,2
"SAP18","Bin_11",0.952475926839718,2
"SAP18","Bin_12",0.712463943068123,2
"SAP18","Bin_13",0.623094471962548,2
"SAP18","Bin_14",0.39450730373645,2
"SAP18","Bin_15",0.581860030565286,2
"SAP18","Bin_16",0.46506783615614,2
"SAP18","Bin_17",0.775294094852466,2
"SAP18","Bin_18",0.771849061542848,2
"SAP18","Bin_19",0.964230640118696,2
"SAP18","Bin_20",1.04717005448922,2
"SERTAD4","Bin_1",-1.14309783103059,2
"SERTAD4","Bin_2",-1.02213544065074,2
"SERTAD4","Bin_3",-1.13353788686218,2
"SERTAD4","Bin_4",-0.663146976157612,2
"SERTAD4","Bin_5",-1.30022444037801,2
"SERTAD4","Bin_6",-0.799384530647314,2
"SERTAD4","Bin_7",-0.770393740247722,2
"SERTAD4","Bin_8",-0.957787701545328,2
"SERTAD4","Bin_9",-0.635562147467116,2
"SERTAD4","Bin_10",-0.324804965420921,2
"SERTAD4","Bin_11",0.700664729453254,2
"SERTAD4","Bin_12",-0.31574100105612,2
"SERTAD4","Bin_13",0.534135309111115,2
"SERTAD4","Bin_14",1.66241003010455,2
"SERTAD4","Bin_15",0.694318818955704,2
"SERTAD4","Bin_16",1.06297722641052,2
"SERTAD4","Bin_17",1.24703029627195,2
"SERTAD4","Bin_18",1.46671010070603,2
"SERTAD4","Bin_19",0.552754388015486,2
"SERTAD4","Bin_20",1.14481576243505,2
"PPP4C","Bin_1",-0.430201002560193,2
"PPP4C","Bin_2",-1.17240922794278,2
"PPP4C","Bin_3",-1.47829162676148,2
"PPP4C","Bin_4",-1.0740621108183,2
"PPP4C","Bin_5",-1.51808254292243,2
"PPP4C","Bin_6",-0.706460275544047,2
"PPP4C","Bin_7",-1.57408027590244,2
"PPP4C","Bin_8",-1.01405367344552,2
"PPP4C","Bin_9",0.954057576958945,2
"PPP4C","Bin_10",1.20596813724361,2
"PPP4C","Bin_11",1.12215105813985,2
"PPP4C","Bin_12",0.640488275894458,2
"PPP4C","Bin_13",0.673806699198798,2
"PPP4C","Bin_14",0.373924634074806,2
"PPP4C","Bin_15",0.46542826243317,2
"PPP4C","Bin_16",0.398368606520883,2
"PPP4C","Bin_17",0.423179477938952,2
"PPP4C","Bin_18",0.577226989893502,2
"PPP4C","Bin_19",1.04062995550187,2
"PPP4C","Bin_20",1.09241106209834,2
"ANKRD35","Bin_1",-0.474812595369859,2
"ANKRD35","Bin_2",-0.714336125401856,2
"ANKRD35","Bin_3",-1.06349746006519,2
"ANKRD35","Bin_4",-1.22570370239921,2
"ANKRD35","Bin_5",-1.2824081075954,2
"ANKRD35","Bin_6",-1.38027553900668,2
"ANKRD35","Bin_7",-0.117086677841687,2
"ANKRD35","Bin_8",-1.38027553900668,2
"ANKRD35","Bin_9",-0.0951665953625964,2
"ANKRD35","Bin_10",-0.0604857630529986,2
"ANKRD35","Bin_11",0.208500329041383,2
"ANKRD35","Bin_12",-0.0653199276659538,2
"ANKRD35","Bin_13",0.413304669358011,2
"ANKRD35","Bin_14",0.457985777208833,2
"ANKRD35","Bin_15",0.531070878692418,2
"ANKRD35","Bin_16",0.306673709861287,2
"ANKRD35","Bin_17",1.10850739616079,2
"ANKRD35","Bin_18",1.82747623599191,2
"ANKRD35","Bin_19",1.8629010490707,2
"ANKRD35","Bin_20",1.14294798738278,2
"NIPSNAP3A","Bin_1",-1.13522155695968,2
"NIPSNAP3A","Bin_2",-1.35963418342995,2
"NIPSNAP3A","Bin_3",-1.42711617904998,2
"NIPSNAP3A","Bin_4",-1.17490308260877,2
"NIPSNAP3A","Bin_5",-1.23395197421963,2
"NIPSNAP3A","Bin_6",0.0967555795740387,2
"NIPSNAP3A","Bin_7",-1.26770889849996,2
"NIPSNAP3A","Bin_8",-1.07168010777448,2
"NIPSNAP3A","Bin_9",0.545519652578864,2
"NIPSNAP3A","Bin_10",1.13207805850694,2
"NIPSNAP3A","Bin_11",1.06846988151699,2
"NIPSNAP3A","Bin_12",0.735911402702444,2
"NIPSNAP3A","Bin_13",0.659568547988811,2
"NIPSNAP3A","Bin_14",0.163847235627813,2
"NIPSNAP3A","Bin_15",0.12416265127982,2
"NIPSNAP3A","Bin_16",0.214626109054208,2
"NIPSNAP3A","Bin_17",0.583979898572966,2
"NIPSNAP3A","Bin_18",0.782510710997051,2
"NIPSNAP3A","Bin_19",1.02159474924107,2
"NIPSNAP3A","Bin_20",1.54119150490144,2
"PSMD2","Bin_1",-1.46279469765079,2
"PSMD2","Bin_2",-1.30116667354319,2
"PSMD2","Bin_3",-1.40083837543387,2
"PSMD2","Bin_4",-0.72669701363323,2
"PSMD2","Bin_5",-1.2684357429263,2
"PSMD2","Bin_6",-1.65192357303621,2
"PSMD2","Bin_7",-0.48492219519053,2
"PSMD2","Bin_8",-0.178067594983635,2
"PSMD2","Bin_9",1.04506537596802,2
"PSMD2","Bin_10",1.24361390532151,2
"PSMD2","Bin_11",0.948260590396939,2
"PSMD2","Bin_12",0.303489522280769,2
"PSMD2","Bin_13",0.576539272599082,2
"PSMD2","Bin_14",0.177689627528473,2
"PSMD2","Bin_15",0.129294721227812,2
"PSMD2","Bin_16",0.47682550129118,2
"PSMD2","Bin_17",0.444045991254414,2
"PSMD2","Bin_18",0.548485943666943,2
"PSMD2","Bin_19",1.24687202095549,2
"PSMD2","Bin_20",1.33466339390713,2
"LAMTOR5","Bin_1",-0.254151973198927,2
"LAMTOR5","Bin_2",-1.06814960407217,2
"LAMTOR5","Bin_3",-1.33317211949794,2
"LAMTOR5","Bin_4",-0.636194320699441,2
"LAMTOR5","Bin_5",-0.942157751796644,2
"LAMTOR5","Bin_6",-1.61202486692186,2
"LAMTOR5","Bin_7",-1.6714072482102,2
"LAMTOR5","Bin_8",-1.47480612472743,2
"LAMTOR5","Bin_9",0.787960458180499,2
"LAMTOR5","Bin_10",0.857850579205418,2
"LAMTOR5","Bin_11",0.743845730571119,2
"LAMTOR5","Bin_12",0.720706574549605,2
"LAMTOR5","Bin_13",0.56265701209186,2
"LAMTOR5","Bin_14",0.278341069161485,2
"LAMTOR5","Bin_15",0.613068742646478,2
"LAMTOR5","Bin_16",0.728886021973592,2
"LAMTOR5","Bin_17",0.857087118677363,2
"LAMTOR5","Bin_18",0.930697394699518,2
"LAMTOR5","Bin_19",0.950658792760422,2
"LAMTOR5","Bin_20",0.960304514607253,2
"SUMO3","Bin_1",-1.00468608635711,2
"SUMO3","Bin_2",-1.37250495662811,2
"SUMO3","Bin_3",-1.31422155633138,2
"SUMO3","Bin_4",-0.759438293815344,2
"SUMO3","Bin_5",-1.03727802724651,2
"SUMO3","Bin_6",-2.18051188052983,2
"SUMO3","Bin_7",-0.766402432031924,2
"SUMO3","Bin_8",0.218848812276523,2
"SUMO3","Bin_9",0.734187074117089,2
"SUMO3","Bin_10",1.25065683887469,2
"SUMO3","Bin_11",1.10856556363557,2
"SUMO3","Bin_12",0.666034449823723,2
"SUMO3","Bin_13",0.25963330018413,2
"SUMO3","Bin_14",-0.0328876689498948,2
"SUMO3","Bin_15",0.367953055197214,2
"SUMO3","Bin_16",0.428781919913284,2
"SUMO3","Bin_17",0.591528690276911,2
"SUMO3","Bin_18",0.670560199213503,2
"SUMO3","Bin_19",0.993210369931423,2
"SUMO3","Bin_20",1.17797062844604,2
"RBX1","Bin_1",-0.482347551242286,2
"RBX1","Bin_2",-1.21591439213296,2
"RBX1","Bin_3",-1.25500673376779,2
"RBX1","Bin_4",0.0252309780379692,2
"RBX1","Bin_5",-0.765620060523924,2
"RBX1","Bin_6",-1.05277278075332,2
"RBX1","Bin_7",-1.9129655483892,2
"RBX1","Bin_8",-1.12596321618027,2
"RBX1","Bin_9",0.472027655388874,2
"RBX1","Bin_10",0.492048825539887,2
"RBX1","Bin_11",0.469974425107327,2
"RBX1","Bin_12",0.207271777870046,2
"RBX1","Bin_13",0.172695670588744,2
"RBX1","Bin_14",0.01223134672617,2
"RBX1","Bin_15",0.0677531740072259,2
"RBX1","Bin_16",0.226188609153181,2
"RBX1","Bin_17",1.12914399444211,2
"RBX1","Bin_18",1.20355824765402,2
"RBX1","Bin_19",1.64607525430421,2
"RBX1","Bin_20",1.68639032416999,2
"LSM4","Bin_1",-0.915425260734771,2
"LSM4","Bin_2",-1.39943151410122,2
"LSM4","Bin_3",-1.52554892104687,2
"LSM4","Bin_4",-0.0198667875618802,2
"LSM4","Bin_5",-0.973843247552095,2
"LSM4","Bin_6",-1.56993329763978,2
"LSM4","Bin_7",-1.60768581038967,2
"LSM4","Bin_8",-0.723258088969549,2
"LSM4","Bin_9",0.291380874304407,2
"LSM4","Bin_10",0.818598409523909,2
"LSM4","Bin_11",1.09473468593425,2
"LSM4","Bin_12",0.318580829309717,2
"LSM4","Bin_13",0.734105977216868,2
"LSM4","Bin_14",0.612472778982789,2
"LSM4","Bin_15",0.458930442176809,2
"LSM4","Bin_16",0.791183622261585,2
"LSM4","Bin_17",0.680671480653291,2
"LSM4","Bin_18",0.703824851651574,2
"LSM4","Bin_19",0.888052676626745,2
"LSM4","Bin_20",1.34245629935389,2
"PSENEN","Bin_1",0.163945217083713,2
"PSENEN","Bin_2",-1.14551358262425,2
"PSENEN","Bin_3",-1.25185095271137,2
"PSENEN","Bin_4",-1.24204834387604,2
"PSENEN","Bin_5",-1.80351535839597,2
"PSENEN","Bin_6",-1.3618162428732,2
"PSENEN","Bin_7",-0.582284528342952,2
"PSENEN","Bin_8",-1.22783005650672,2
"PSENEN","Bin_9",0.0553723074459916,2
"PSENEN","Bin_10",1.15037099069335,2
"PSENEN","Bin_11",0.883658776029849,2
"PSENEN","Bin_12",0.774790105483029,2
"PSENEN","Bin_13",0.35099622770655,2
"PSENEN","Bin_14",0.147118899953215,2
"PSENEN","Bin_15",0.568209968046352,2
"PSENEN","Bin_16",0.41523892972678,2
"PSENEN","Bin_17",0.955915715231675,2
"PSENEN","Bin_18",0.92371544638265,2
"PSENEN","Bin_19",1.16782323625397,2
"PSENEN","Bin_20",1.05770324529338,2
"ARF4","Bin_1",-0.116237187003417,2
"ARF4","Bin_2",-0.571196485265233,2
"ARF4","Bin_3",-0.643437445063055,2
"ARF4","Bin_4",-0.972877100103841,2
"ARF4","Bin_5",-1.50288052571094,2
"ARF4","Bin_6",-1.94304370358827,2
"ARF4","Bin_7",-1.57157317439302,2
"ARF4","Bin_8",-0.500182151535558,2
"ARF4","Bin_9",0.113424019732449,2
"ARF4","Bin_10",0.479493655858933,2
"ARF4","Bin_11",0.520179160869668,2
"ARF4","Bin_12",0.268290944443258,2
"ARF4","Bin_13",0.0109338624715142,2
"ARF4","Bin_14",-0.13981696879181,2
"ARF4","Bin_15",0.583475396977224,2
"ARF4","Bin_16",0.986029263137574,2
"ARF4","Bin_17",1.78192849681689,2
"ARF4","Bin_18",1.10099933500255,2
"ARF4","Bin_19",1.039770096987,2
"ARF4","Bin_20",1.07672050915808,2
"CCNH","Bin_1",-0.589908163745905,2
"CCNH","Bin_2",-1.02900655062127,2
"CCNH","Bin_3",-1.11135811909441,2
"CCNH","Bin_4",-1.13386855125276,2
"CCNH","Bin_5",-1.49373271350296,2
"CCNH","Bin_6",-0.593222914379972,2
"CCNH","Bin_7",-1.70066815514957,2
"CCNH","Bin_8",-0.128976084126601,2
"CCNH","Bin_9",0.00145867087183516,2
"CCNH","Bin_10",1.02771566367448,2
"CCNH","Bin_11",0.679796517854703,2
"CCNH","Bin_12",0.171769489317834,2
"CCNH","Bin_13",0.152038660572715,2
"CCNH","Bin_14",0.0635885051503715,2
"CCNH","Bin_15",0.0843775607532817,2
"CCNH","Bin_16",0.28661568161494,2
"CCNH","Bin_17",0.722533237339975,2
"CCNH","Bin_18",1.06034014537427,2
"CCNH","Bin_19",1.6284170625269,2
"CCNH","Bin_20",1.90209005682215,2
"PRPF40A","Bin_1",-0.891111003672773,2
"PRPF40A","Bin_2",-1.20976103686315,2
"PRPF40A","Bin_3",-1.72821499375153,2
"PRPF40A","Bin_4",-1.31576188529321,2
"PRPF40A","Bin_5",-1.92198697481313,2
"PRPF40A","Bin_6",-0.246517736689577,2
"PRPF40A","Bin_7",-0.927425935306153,2
"PRPF40A","Bin_8",0.049068390684764,2
"PRPF40A","Bin_9",0.292353845165278,2
"PRPF40A","Bin_10",0.715809028160397,2
"PRPF40A","Bin_11",0.966422234741155,2
"PRPF40A","Bin_12",0.301661720981917,2
"PRPF40A","Bin_13",0.773849103347527,2
"PRPF40A","Bin_14",0.53308926851617,2
"PRPF40A","Bin_15",0.23020690589184,2
"PRPF40A","Bin_16",0.336966452336207,2
"PRPF40A","Bin_17",0.345207303811436,2
"PRPF40A","Bin_18",1.05081748470676,2
"PRPF40A","Bin_19",1.40157242323709,2
"PRPF40A","Bin_20",1.24375540480898,2
"GRN","Bin_1",-0.286850557160371,2
"GRN","Bin_2",-0.232831409123462,2
"GRN","Bin_3",-0.977452846366357,2
"GRN","Bin_4",-1.34717197629555,2
"GRN","Bin_5",-2.00812182145641,2
"GRN","Bin_6",-1.62148243500105,2
"GRN","Bin_7",-0.433451756987168,2
"GRN","Bin_8",-1.21527015194243,2
"GRN","Bin_9",-0.0412303777864026,2
"GRN","Bin_10",0.427748153355517,2
"GRN","Bin_11",0.645447582233702,2
"GRN","Bin_12",0.798250098398402,2
"GRN","Bin_13",-0.0105188033921304,2
"GRN","Bin_14",0.172154673459373,2
"GRN","Bin_15",0.769943901566808,2
"GRN","Bin_16",0.873533160104922,2
"GRN","Bin_17",1.29289219762213,2
"GRN","Bin_18",1.2551123538906,2
"GRN","Bin_19",0.882231587819445,2
"GRN","Bin_20",1.05706842706043,2
"SDHB","Bin_1",-0.488832849908861,2
"SDHB","Bin_2",-0.977006999482879,2
"SDHB","Bin_3",-1.21839008824563,2
"SDHB","Bin_4",-0.974665522735735,2
"SDHB","Bin_5",-1.24746305304478,2
"SDHB","Bin_6",-1.75775482925835,2
"SDHB","Bin_7",-1.36590603521531,2
"SDHB","Bin_8",-0.676311963905927,2
"SDHB","Bin_9",0.390850727224843,2
"SDHB","Bin_10",1.20656385546351,2
"SDHB","Bin_11",0.78990132651089,2
"SDHB","Bin_12",0.4451468515485,2
"SDHB","Bin_13",0.752854056056328,2
"SDHB","Bin_14",0.225840804012788,2
"SDHB","Bin_15",0.359642675943805,2
"SDHB","Bin_16",0.553508137412902,2
"SDHB","Bin_17",0.339399140287393,2
"SDHB","Bin_18",0.712826555535891,2
"SDHB","Bin_19",1.42158572559275,2
"SDHB","Bin_20",1.50821148620789,2
"CXADR","Bin_1",-0.438557250135183,2
"CXADR","Bin_2",-0.0974052472893184,2
"CXADR","Bin_3",-1.40333615478157,2
"CXADR","Bin_4",-1.730290559826,2
"CXADR","Bin_5",-2.24790931804808,2
"CXADR","Bin_6",-0.519247881673462,2
"CXADR","Bin_7",-0.450182879706369,2
"CXADR","Bin_8",-1.2229828128716,2
"CXADR","Bin_9",0.457548440728226,2
"CXADR","Bin_10",0.521073276991912,2
"CXADR","Bin_11",0.822225326232615,2
"CXADR","Bin_12",1.07214950466693,2
"CXADR","Bin_13",0.0384132908845694,2
"CXADR","Bin_14",0.259766998451696,2
"CXADR","Bin_15",0.836737676971647,2
"CXADR","Bin_16",1.29184992715336,2
"CXADR","Bin_17",0.904800042000549,2
"CXADR","Bin_18",0.772380843535567,2
"CXADR","Bin_19",0.645305805901748,2
"CXADR","Bin_20",0.487660970812752,2
"MT-ND1","Bin_1",0.912276111996913,1
"MT-ND1","Bin_2",0.935413322672112,1
"MT-ND1","Bin_3",0.819043935240791,1
"MT-ND1","Bin_4",0.380272926056759,1
"MT-ND1","Bin_5",-1.61240802344249,1
"MT-ND1","Bin_6",1.02409484965111,1
"MT-ND1","Bin_7",1.09328975702463,1
"MT-ND1","Bin_8",-3.12784360917779,1
"MT-ND1","Bin_9",-0.219186806556381,1
"MT-ND1","Bin_10",0.422855004621898,1
"MT-ND1","Bin_11",0.231359634741571,1
"MT-ND1","Bin_12",0.116379140640335,1
"MT-ND1","Bin_13",0.332786226291909,1
"MT-ND1","Bin_14",0.126250227887744,1
"MT-ND1","Bin_15",-0.470666575016372,1
"MT-ND1","Bin_16",-0.472200450705133,1
"MT-ND1","Bin_17",-0.893025306838187,1
"MT-ND1","Bin_18",-0.163809739922044,1
"MT-ND1","Bin_19",0.303550771408463,1
"MT-ND1","Bin_20",0.261568603424148,1
"C1orf122","Bin_1",-0.69042645592966,2
"C1orf122","Bin_2",-0.982161814236344,2
"C1orf122","Bin_3",-1.06645312008594,2
"C1orf122","Bin_4",-0.603491994376824,2
"C1orf122","Bin_5",-0.508014828291652,2
"C1orf122","Bin_6",-1.95053453057359,2
"C1orf122","Bin_7",-1.05914475934448,2
"C1orf122","Bin_8",-1.20547169183359,2
"C1orf122","Bin_9",0.223966844676687,2
"C1orf122","Bin_10",0.926199002688195,2
"C1orf122","Bin_11",0.451515856119507,2
"C1orf122","Bin_12",0.664610570970845,2
"C1orf122","Bin_13",-0.000811693652093945,2
"C1orf122","Bin_14",-0.34931334359101,2
"C1orf122","Bin_15",0.191457776110504,2
"C1orf122","Bin_16",0.686102909700549,2
"C1orf122","Bin_17",1.41697090355728,2
"C1orf122","Bin_18",1.28376450826802,2
"C1orf122","Bin_19",0.91477231344134,2
"C1orf122","Bin_20",1.65646354638225,2
"NDUFB7","Bin_1",-0.647071609070912,2
"NDUFB7","Bin_2",-1.1964632324677,2
"NDUFB7","Bin_3",-1.21303821427986,2
"NDUFB7","Bin_4",-0.377422959793663,2
"NDUFB7","Bin_5",-1.4817163628961,2
"NDUFB7","Bin_6",-1.43213410739427,2
"NDUFB7","Bin_7",-1.73709695228335,2
"NDUFB7","Bin_8",-0.98785819813418,2
"NDUFB7","Bin_9",0.75470690714255,2
"NDUFB7","Bin_10",0.794606713590407,2
"NDUFB7","Bin_11",0.790476584914291,2
"NDUFB7","Bin_12",0.523593953456079,2
"NDUFB7","Bin_13",0.859738404568374,2
"NDUFB7","Bin_14",0.55980440392468,2
"NDUFB7","Bin_15",0.585110888388682,2
"NDUFB7","Bin_16",0.503733286733935,2
"NDUFB7","Bin_17",0.68808911068637,2
"NDUFB7","Bin_18",0.832086303969039,2
"NDUFB7","Bin_19",1.13217193402462,2
"NDUFB7","Bin_20",1.048683144921,2
"ECH1","Bin_1",0.0168142373961892,2
"ECH1","Bin_2",-0.558583728019723,2
"ECH1","Bin_3",-0.875644140079044,2
"ECH1","Bin_4",-1.18009685892212,2
"ECH1","Bin_5",-1.60908612447337,2
"ECH1","Bin_6",-2.15154829583636,2
"ECH1","Bin_7",-1.01056209084395,2
"ECH1","Bin_8",-1.20579432522384,2
"ECH1","Bin_9",0.1851384453274,2
"ECH1","Bin_10",0.971217662554365,2
"ECH1","Bin_11",0.779722553601039,2
"ECH1","Bin_12",0.961814368763506,2
"ECH1","Bin_13",0.383661111034033,2
"ECH1","Bin_14",0.382261162331405,2
"ECH1","Bin_15",0.75598691266183,2
"ECH1","Bin_16",0.790712658288234,2
"ECH1","Bin_17",0.879726323764763,2
"ECH1","Bin_18",0.810800197287073,2
"ECH1","Bin_19",0.800531945260148,2
"ECH1","Bin_20",0.872927985128436,2
"THYN1","Bin_1",-0.53872890897208,2
"THYN1","Bin_2",-0.588221224026204,2
"THYN1","Bin_3",-0.829507681509602,2
"THYN1","Bin_4",-1.08689228333044,2
"THYN1","Bin_5",-1.32298707373635,2
"THYN1","Bin_6",-1.7957958843212,2
"THYN1","Bin_7",-1.18152332737186,2
"THYN1","Bin_8",-0.541407098212055,2
"THYN1","Bin_9",-0.0166984115008491,2
"THYN1","Bin_10",0.474288181133738,2
"THYN1","Bin_11",0.24990885260832,2
"THYN1","Bin_12",0.221567633250379,2
"THYN1","Bin_13",0.278820762218184,2
"THYN1","Bin_14",0.345128545779695,2
"THYN1","Bin_15",0.53822709599481,2
"THYN1","Bin_16",0.164031910973284,2
"THYN1","Bin_17",0.621433067290216,2
"THYN1","Bin_18",1.83843149430534,2
"THYN1","Bin_19",1.89286513984799,2
"THYN1","Bin_20",1.27705920957868,2
"SMCO4","Bin_1",-0.976419797492256,2
"SMCO4","Bin_2",-1.02641419178013,2
"SMCO4","Bin_3",-1.21917244586185,2
"SMCO4","Bin_4",-1.18113073386606,2
"SMCO4","Bin_5",-1.19092928192128,2
"SMCO4","Bin_6",-1.62220131796753,2
"SMCO4","Bin_7",-0.879594341547261,2
"SMCO4","Bin_8",-1.06834708037014,2
"SMCO4","Bin_9",0.646540905875738,2
"SMCO4","Bin_10",1.02578769086913,2
"SMCO4","Bin_11",0.810531997751465,2
"SMCO4","Bin_12",0.896756134485814,2
"SMCO4","Bin_13",0.824294254593743,2
"SMCO4","Bin_14",0.733439317346657,2
"SMCO4","Bin_15",0.963260260304768,2
"SMCO4","Bin_16",1.46223834610428,2
"SMCO4","Bin_17",0.502330325747347,2
"SMCO4","Bin_18",0.649512935810304,2
"SMCO4","Bin_19",0.477715853757657,2
"SMCO4","Bin_20",0.171801168159595,2
"TRMT10C","Bin_1",-0.778892066402056,2
"TRMT10C","Bin_2",-1.06779121278921,2
"TRMT10C","Bin_3",-1.05641891322291,2
"TRMT10C","Bin_4",-1.28200844688374,2
"TRMT10C","Bin_5",-1.29396212231685,2
"TRMT10C","Bin_6",-1.77344887334088,2
"TRMT10C","Bin_7",0.211066617333593,2
"TRMT10C","Bin_8",-1.4954918943609,2
"TRMT10C","Bin_9",0.703621697815232,2
"TRMT10C","Bin_10",1.06520976856804,2
"TRMT10C","Bin_11",1.00072792992135,2
"TRMT10C","Bin_12",0.643287818299883,2
"TRMT10C","Bin_13",0.913913971715302,2
"TRMT10C","Bin_14",0.853811689130591,2
"TRMT10C","Bin_15",0.218480805496081,2
"TRMT10C","Bin_16",0.617907964469996,2
"TRMT10C","Bin_17",-0.012722254554807,2
"TRMT10C","Bin_18",0.549282335548133,2
"TRMT10C","Bin_19",1.19836399648261,2
"TRMT10C","Bin_20",0.785061189090539,2
"MLF2","Bin_1",-0.384545318772298,2
"MLF2","Bin_2",-0.826480097248075,2
"MLF2","Bin_3",-1.13077136697026,2
"MLF2","Bin_4",-0.372455549538974,2
"MLF2","Bin_5",-0.985939314086602,2
"MLF2","Bin_6",-1.86109321441615,2
"MLF2","Bin_7",-1.66404828038157,2
"MLF2","Bin_8",-1.50703970080458,2
"MLF2","Bin_9",0.495848293212288,2
"MLF2","Bin_10",0.953413687756893,2
"MLF2","Bin_11",1.00492604982582,2
"MLF2","Bin_12",0.502381011317727,2
"MLF2","Bin_13",0.472485211549542,2
"MLF2","Bin_14",0.244595569947601,2
"MLF2","Bin_15",0.54626989210708,2
"MLF2","Bin_16",0.566828440595322,2
"MLF2","Bin_17",1.08698015237792,2
"MLF2","Bin_18",0.80848137086621,2
"MLF2","Bin_19",0.927445401290808,2
"MLF2","Bin_20",1.1227177613713,2
"CHST9","Bin_1",-1.3578675808539,2
"CHST9","Bin_2",-0.87023748318606,2
"CHST9","Bin_3",-1.28760278521067,2
"CHST9","Bin_4",-1.44964648275224,2
"CHST9","Bin_5",-1.49884107155597,2
"CHST9","Bin_6",-0.500487433213814,2
"CHST9","Bin_7",0.553466285631929,2
"CHST9","Bin_8",-1.06916052087534,2
"CHST9","Bin_9",-0.257889392964307,2
"CHST9","Bin_10",0.13143628419417,2
"CHST9","Bin_11",0.584786514730043,2
"CHST9","Bin_12",0.476585111251965,2
"CHST9","Bin_13",0.678594858064131,2
"CHST9","Bin_14",1.84986864700519,2
"CHST9","Bin_15",1.21236301038795,2
"CHST9","Bin_16",0.954738994921559,2
"CHST9","Bin_17",0.595795533782892,2
"CHST9","Bin_18",1.02655741278005,2
"CHST9","Bin_19",0.527060958136256,2
"CHST9","Bin_20",-0.299520860273836,2
"HLA-A","Bin_1",2.39311813029752,1
"HLA-A","Bin_2",1.64058161106175,1
"HLA-A","Bin_3",1.34771789985026,1
"HLA-A","Bin_4",1.72047015849952,1
"HLA-A","Bin_5",0.559111160669128,1
"HLA-A","Bin_6",-1.09599657035838,1
"HLA-A","Bin_7",-0.809977138778239,1
"HLA-A","Bin_8",-0.6701733110979,1
"HLA-A","Bin_9",-0.717679121106446,1
"HLA-A","Bin_10",-0.522751533321746,1
"HLA-A","Bin_11",-0.351728888042141,1
"HLA-A","Bin_12",-0.617617591748677,1
"HLA-A","Bin_13",-0.795086540717191,1
"HLA-A","Bin_14",-0.788581170495729,1
"HLA-A","Bin_15",-0.570046445533569,1
"HLA-A","Bin_16",-0.489439623503953,1
"HLA-A","Bin_17",0.0949862291012791,1
"HLA-A","Bin_18",-0.249036234121678,1
"HLA-A","Bin_19",-0.0411664744869397,1
"HLA-A","Bin_20",-0.03670454616687,1
"TM9SF2","Bin_1",-0.476532354696501,2
"TM9SF2","Bin_2",-1.35007318324402,2
"TM9SF2","Bin_3",-1.38984557342457,2
"TM9SF2","Bin_4",-0.842190555657231,2
"TM9SF2","Bin_5",-1.64968863865162,2
"TM9SF2","Bin_6",-2.11242963311709,2
"TM9SF2","Bin_7",0.945687327689174,2
"TM9SF2","Bin_8",-0.530219237933733,2
"TM9SF2","Bin_9",0.0980088022983415,2
"TM9SF2","Bin_10",0.575154976258085,2
"TM9SF2","Bin_11",0.625633210614368,2
"TM9SF2","Bin_12",0.750136635608701,2
"TM9SF2","Bin_13",0.0739280820489866,2
"TM9SF2","Bin_14",0.12891541047558,2
"TM9SF2","Bin_15",0.617112295528574,2
"TM9SF2","Bin_16",0.895057005651694,2
"TM9SF2","Bin_17",1.13613285865353,2
"TM9SF2","Bin_18",0.982781325040439,2
"TM9SF2","Bin_19",0.895099259410619,2
"TM9SF2","Bin_20",0.62733198744666,2
"CLU","Bin_1",1.56907666291362,1
"CLU","Bin_2",2.70494527271427,1
"CLU","Bin_3",2.10706555615137,1
"CLU","Bin_4",0.794701630549689,1
"CLU","Bin_5",0.316568830152512,1
"CLU","Bin_6",-0.665387077653642,1
"CLU","Bin_7",-0.665387077653642,1
"CLU","Bin_8",-0.395295572010636,1
"CLU","Bin_9",-0.532815791652241,1
"CLU","Bin_10",-0.537141665702988,1
"CLU","Bin_11",-0.484101899492794,1
"CLU","Bin_12",-0.50979103276114,1
"CLU","Bin_13",-0.587705023316305,1
"CLU","Bin_14",-0.503372228745762,1
"CLU","Bin_15",-0.512894802273802,1
"CLU","Bin_16",-0.534467283912667,1
"CLU","Bin_17",-0.491757179391888,1
"CLU","Bin_18",-0.5429056613995,1
"CLU","Bin_19",-0.506759634291725,1
"CLU","Bin_20",-0.0225760222227243,1
"FAM3B","Bin_1",-0.798272265165329,2
"FAM3B","Bin_2",-1.07259936362675,2
"FAM3B","Bin_3",-1.22839184318329,2
"FAM3B","Bin_4",-1.51105420300201,2
"FAM3B","Bin_5",-1.61531828706707,2
"FAM3B","Bin_6",-1.0310869370898,2
"FAM3B","Bin_7",-0.269738452989854,2
"FAM3B","Bin_8",-0.306888861337863,2
"FAM3B","Bin_9",0.0210809163767312,2
"FAM3B","Bin_10",0.46337207493245,2
"FAM3B","Bin_11",0.791980946746062,2
"FAM3B","Bin_12",0.810607147173867,2
"FAM3B","Bin_13",0.089503770957039,2
"FAM3B","Bin_14",0.965968563776062,2
"FAM3B","Bin_15",1.34090613326021,2
"FAM3B","Bin_16",1.85011515777066,2
"FAM3B","Bin_17",0.987004536658795,2
"FAM3B","Bin_18",0.76012481704718,2
"FAM3B","Bin_19",0.286611561259631,2
"FAM3B","Bin_20",-0.533925412496725,2
"APLP2","Bin_1",0.171502689996826,2
"APLP2","Bin_2",-0.852893672497461,2
"APLP2","Bin_3",-1.18263815360459,2
"APLP2","Bin_4",-1.20827977414007,2
"APLP2","Bin_5",-2.5742780506246,2
"APLP2","Bin_6",-1.05562304294856,2
"APLP2","Bin_7",0.0878685288026899,2
"APLP2","Bin_8",-0.968374287502376,2
"APLP2","Bin_9",0.117251064197571,2
"APLP2","Bin_10",0.586385379836488,2
"APLP2","Bin_11",0.635767260218255,2
"APLP2","Bin_12",0.389697866988137,2
"APLP2","Bin_13",0.265269684728269,2
"APLP2","Bin_14",-0.0103103414359128,2
"APLP2","Bin_15",0.408031851191005,2
"APLP2","Bin_16",0.808284451145137,2
"APLP2","Bin_17",1.1179909745654,2
"APLP2","Bin_18",0.95564937878902,2
"APLP2","Bin_19",0.973092753790304,2
"APLP2","Bin_20",1.33560543850446,2
"HNRNPH3","Bin_1",-0.667066163552264,2
"HNRNPH3","Bin_2",-0.910866173545127,2
"HNRNPH3","Bin_3",-0.500108189454871,2
"HNRNPH3","Bin_4",-1.32051807045732,2
"HNRNPH3","Bin_5",-1.56384268110885,2
"HNRNPH3","Bin_6",-2.15103295106499,2
"HNRNPH3","Bin_7",-1.07268248425037,2
"HNRNPH3","Bin_8",0.216119975816388,2
"HNRNPH3","Bin_9",0.794259255078276,2
"HNRNPH3","Bin_10",1.02616709275233,2
"HNRNPH3","Bin_11",1.07510912212514,2
"HNRNPH3","Bin_12",0.367405661633171,2
"HNRNPH3","Bin_13",0.659508020928773,2
"HNRNPH3","Bin_14",0.0525490089545518,2
"HNRNPH3","Bin_15",0.182519120328426,2
"HNRNPH3","Bin_16",0.110517517213591,2
"HNRNPH3","Bin_17",0.572219346532714,2
"HNRNPH3","Bin_18",0.54054838804612,2
"HNRNPH3","Bin_19",1.42113461508444,2
"HNRNPH3","Bin_20",1.16805958893988,2
"LAPTM4B","Bin_1",-0.705616303595245,2
"LAPTM4B","Bin_2",-0.771265072044236,2
"LAPTM4B","Bin_3",-0.761545958796752,2
"LAPTM4B","Bin_4",0.0878436340443142,2
"LAPTM4B","Bin_5",-0.965572792529104,2
"LAPTM4B","Bin_6",-1.72414505382945,2
"LAPTM4B","Bin_7",-1.43794425539203,2
"LAPTM4B","Bin_8",-0.732905279469618,2
"LAPTM4B","Bin_9",0.0258479728813485,2
"LAPTM4B","Bin_10",0.608363986642799,2
"LAPTM4B","Bin_11",0.314581726584745,2
"LAPTM4B","Bin_12",0.209156736185148,2
"LAPTM4B","Bin_13",0.0511265299199642,2
"LAPTM4B","Bin_14",-0.159482080853422,2
"LAPTM4B","Bin_15",-0.0875593968419724,2
"LAPTM4B","Bin_16",0.08262237731843,2
"LAPTM4B","Bin_17",0.677414888217781,2
"LAPTM4B","Bin_18",1.20480569581657,2
"LAPTM4B","Bin_19",2.0058567515517,2
"LAPTM4B","Bin_20",2.07841589418903,2
"TBCA","Bin_1",-0.145509250982923,2
"TBCA","Bin_2",-0.952083672294725,2
"TBCA","Bin_3",-0.913056707487237,2
"TBCA","Bin_4",-1.08159297406411,2
"TBCA","Bin_5",-1.18831071840634,2
"TBCA","Bin_6",-2.0941546788305,2
"TBCA","Bin_7",-1.7668188270878,2
"TBCA","Bin_8",-0.359274474391279,2
"TBCA","Bin_9",0.970660026132431,2
"TBCA","Bin_10",1.07235567920844,2
"TBCA","Bin_11",0.917590984817837,2
"TBCA","Bin_12",0.758103098190797,2
"TBCA","Bin_13",0.62920114023719,2
"TBCA","Bin_14",0.425743332777685,2
"TBCA","Bin_15",0.292503461428017,2
"TBCA","Bin_16",0.336926238501793,2
"TBCA","Bin_17",0.385702351573609,2
"TBCA","Bin_18",0.60636246639136,2
"TBCA","Bin_19",1.08581542391188,2
"TBCA","Bin_20",1.01983710037388,2
"LMCD1","Bin_1",-0.117798946617738,2
"LMCD1","Bin_2",-1.02476095333337,2
"LMCD1","Bin_3",-1.37183322580886,2
"LMCD1","Bin_4",-1.05016687596288,2
"LMCD1","Bin_5",-1.2425694797988,2
"LMCD1","Bin_6",-1.48939398746925,2
"LMCD1","Bin_7",-0.930714612912077,2
"LMCD1","Bin_8",-1.48939398746925,2
"LMCD1","Bin_9",-0.274870548067628,2
"LMCD1","Bin_10",0.468135265347897,2
"LMCD1","Bin_11",0.698824269254055,2
"LMCD1","Bin_12",0.932875438110682,2
"LMCD1","Bin_13",0.330571737366916,2
"LMCD1","Bin_14",0.853098594232605,2
"LMCD1","Bin_15",1.1012055220999,2
"LMCD1","Bin_16",1.16243952000296,2
"LMCD1","Bin_17",0.886928673309388,2
"LMCD1","Bin_18",0.918994960728915,2
"LMCD1","Bin_19",0.623376238886785,2
"LMCD1","Bin_20",1.01505239809974,2
"GTPBP4","Bin_1",-1.43498326741273,2
"GTPBP4","Bin_2",-1.20584864654985,2
"GTPBP4","Bin_3",-0.945386581457717,2
"GTPBP4","Bin_4",-1.11948472545056,2
"GTPBP4","Bin_5",-1.42908301714798,2
"GTPBP4","Bin_6",-0.59966797210328,2
"GTPBP4","Bin_7",-0.890899332173129,2
"GTPBP4","Bin_8",-0.831551300391633,2
"GTPBP4","Bin_9",1.14740004897991,2
"GTPBP4","Bin_10",1.63197837961639,2
"GTPBP4","Bin_11",1.02220671834126,2
"GTPBP4","Bin_12",0.684325011620643,2
"GTPBP4","Bin_13",0.418125690619536,2
"GTPBP4","Bin_14",-0.0945977281241476,2
"GTPBP4","Bin_15",0.0366240239996394,2
"GTPBP4","Bin_16",0.330081565408416,2
"GTPBP4","Bin_17",0.241735084704055,2
"GTPBP4","Bin_18",0.437973387916632,2
"GTPBP4","Bin_19",1.42807338296784,2
"GTPBP4","Bin_20",1.1729792766367,2
"ARPC3","Bin_1",0.276167074230805,2
"ARPC3","Bin_2",-0.920774556058689,2
"ARPC3","Bin_3",-0.702123475354815,2
"ARPC3","Bin_4",-1.08397357764475,2
"ARPC3","Bin_5",-1.59067526683227,2
"ARPC3","Bin_6",-2.18608373664427,2
"ARPC3","Bin_7",-1.3917509666518,2
"ARPC3","Bin_8",-0.903740955566553,2
"ARPC3","Bin_9",0.705033181404635,2
"ARPC3","Bin_10",0.802412562479971,2
"ARPC3","Bin_11",0.772952636354539,2
"ARPC3","Bin_12",0.675437069382269,2
"ARPC3","Bin_13",0.475951404637109,2
"ARPC3","Bin_14",0.362885095761977,2
"ARPC3","Bin_15",0.597331918392919,2
"ARPC3","Bin_16",0.6963689193821,2
"ARPC3","Bin_17",0.826101856833556,2
"ARPC3","Bin_18",0.714721504103632,2
"ARPC3","Bin_19",0.90786013008703,2
"ARPC3","Bin_20",0.965899181702614,2
"RPL39L","Bin_1",-1.12470304543264,2
"RPL39L","Bin_2",-1.43408937568917,2
"RPL39L","Bin_3",-1.46393755627652,2
"RPL39L","Bin_4",-0.839673416115684,2
"RPL39L","Bin_5",-1.01303020777096,2
"RPL39L","Bin_6",-1.74466900327943,2
"RPL39L","Bin_7",-0.810828921025198,2
"RPL39L","Bin_8",-0.0437427607431963,2
"RPL39L","Bin_9",0.285903291193696,2
"RPL39L","Bin_10",1.11310609733325,2
"RPL39L","Bin_11",1.59087543274153,2
"RPL39L","Bin_12",0.696397653525066,2
"RPL39L","Bin_13",0.656084866592973,2
"RPL39L","Bin_14",0.457185035690397,2
"RPL39L","Bin_15",0.559573491598383,2
"RPL39L","Bin_16",1.29549129403446,2
"RPL39L","Bin_17",0.590837665007419,2
"RPL39L","Bin_18",0.208233806883127,2
"RPL39L","Bin_19",0.179081610976957,2
"RPL39L","Bin_20",0.841904040755543,2
"LURAP1L","Bin_1",0.10489043083669,2
"LURAP1L","Bin_2",-1.34105596618889,2
"LURAP1L","Bin_3",-1.57588248386001,2
"LURAP1L","Bin_4",-1.50005497911649,2
"LURAP1L","Bin_5",-1.53753637509355,2
"LURAP1L","Bin_6",-0.826274949464107,2
"LURAP1L","Bin_7",-1.78143809361876,2
"LURAP1L","Bin_8",0.551785884444867,2
"LURAP1L","Bin_9",0.240525961373841,2
"LURAP1L","Bin_10",0.447899015686778,2
"LURAP1L","Bin_11",0.660764112114825,2
"LURAP1L","Bin_12",0.592085305482737,2
"LURAP1L","Bin_13",0.255221006495211,2
"LURAP1L","Bin_14",0.902141467368733,2
"LURAP1L","Bin_15",0.763917546062399,2
"LURAP1L","Bin_16",0.678599580932703,2
"LURAP1L","Bin_17",0.604569432918654,2
"LURAP1L","Bin_18",1.00805816860208,2
"LURAP1L","Bin_19",1.02999150149594,2
"LURAP1L","Bin_20",0.721793433526345,2
"DNAJC9","Bin_1",-1.28802616291281,2
"DNAJC9","Bin_2",-1.42254092060115,2
"DNAJC9","Bin_3",-1.43141882603145,2
"DNAJC9","Bin_4",-1.14194786514832,2
"DNAJC9","Bin_5",-1.38117577790211,2
"DNAJC9","Bin_6",-0.0755604663118379,2
"DNAJC9","Bin_7",-0.869748796592946,2
"DNAJC9","Bin_8",-0.858221050063923,2
"DNAJC9","Bin_9",0.29130956932846,2
"DNAJC9","Bin_10",1.10044340347552,2
"DNAJC9","Bin_11",1.23137180686994,2
"DNAJC9","Bin_12",0.453345816008285,2
"DNAJC9","Bin_13",0.680052852923588,2
"DNAJC9","Bin_14",0.433066114525861,2
"DNAJC9","Bin_15",-0.0444757966415766,2
"DNAJC9","Bin_16",0.559220469005834,2
"DNAJC9","Bin_17",0.650413267096465,2
"DNAJC9","Bin_18",0.582142116553548,2
"DNAJC9","Bin_19",0.714135735767936,2
"DNAJC9","Bin_20",1.81761451065069,2
"MBOAT7","Bin_1",-0.67286788847282,2
"MBOAT7","Bin_2",-1.28397046555804,2
"MBOAT7","Bin_3",-1.26758611051819,2
"MBOAT7","Bin_4",-1.2967942850824,2
"MBOAT7","Bin_5",-1.61551942357071,2
"MBOAT7","Bin_6",-1.80165294750569,2
"MBOAT7","Bin_7",0.432597775796508,2
"MBOAT7","Bin_8",-0.813903702038031,2
"MBOAT7","Bin_9",0.114638790338267,2
"MBOAT7","Bin_10",0.949538153879301,2
"MBOAT7","Bin_11",1.03809800357216,2
"MBOAT7","Bin_12",0.712072068869215,2
"MBOAT7","Bin_13",0.337227056788461,2
"MBOAT7","Bin_14",0.385132718833869,2
"MBOAT7","Bin_15",0.770948622408377,2
"MBOAT7","Bin_16",1.17812013778018,2
"MBOAT7","Bin_17",0.795745005763204,2
"MBOAT7","Bin_18",0.475198251141601,2
"MBOAT7","Bin_19",0.580900869394488,2
"MBOAT7","Bin_20",0.982077368180255,2
"SRP72","Bin_1",-0.529182629781795,2
"SRP72","Bin_2",-1.21455358632593,2
"SRP72","Bin_3",-1.09965003739517,2
"SRP72","Bin_4",-0.759786052259718,2
"SRP72","Bin_5",-1.59886673847426,2
"SRP72","Bin_6",-1.68016186887286,2
"SRP72","Bin_7",-0.946181916845333,2
"SRP72","Bin_8",-1.17949479477896,2
"SRP72","Bin_9",0.477002849527041,2
"SRP72","Bin_10",0.728062982951387,2
"SRP72","Bin_11",0.801918338721344,2
"SRP72","Bin_12",0.140721807238726,2
"SRP72","Bin_13",0.797092891225381,2
"SRP72","Bin_14",0.574700664823351,2
"SRP72","Bin_15",0.601869690662022,2
"SRP72","Bin_16",0.766495455137053,2
"SRP72","Bin_17",0.859303114025665,2
"SRP72","Bin_18",0.767953460687882,2
"SRP72","Bin_19",1.35024926932336,2
"SRP72","Bin_20",1.14250710041081,2
"AC011503.1","Bin_1",-0.507299701885452,2
"AC011503.1","Bin_2",-0.507299701885452,2
"AC011503.1","Bin_3",-0.507299701885452,2
"AC011503.1","Bin_4",-0.507299701885452,2
"AC011503.1","Bin_5",-0.507299701885452,2
"AC011503.1","Bin_6",-0.507299701885452,2
"AC011503.1","Bin_7",0.162824455594095,2
"AC011503.1","Bin_8",-0.507299701885452,2
"AC011503.1","Bin_9",-0.507299701885452,2
"AC011503.1","Bin_10",-0.491087461099924,2
"AC011503.1","Bin_11",-0.500736065794527,2
"AC011503.1","Bin_12",-0.507299701885452,2
"AC011503.1","Bin_13",-0.507299701885452,2
"AC011503.1","Bin_14",-0.507299701885452,2
"AC011503.1","Bin_15",-0.400016964280035,2
"AC011503.1","Bin_16",-0.507299701885452,2
"AC011503.1","Bin_17",0.920085784492284,2
"AC011503.1","Bin_18",1.43644492266307,2
"AC011503.1","Bin_19",2.58539247089444,2
"AC011503.1","Bin_20",2.37468928015603,2
"FYTTD1","Bin_1",-0.550157346686201,2
"FYTTD1","Bin_2",-0.821695664215546,2
"FYTTD1","Bin_3",-0.572945261559431,2
"FYTTD1","Bin_4",-0.867478779012272,2
"FYTTD1","Bin_5",-1.40702163959422,2
"FYTTD1","Bin_6",-1.77530086047262,2
"FYTTD1","Bin_7",-0.469275176754055,2
"FYTTD1","Bin_8",-1.05010805759064,2
"FYTTD1","Bin_9",0.543968198725836,2
"FYTTD1","Bin_10",0.24812496297517,2
"FYTTD1","Bin_11",0.428217724511479,2
"FYTTD1","Bin_12",-0.0851957618931377,2
"FYTTD1","Bin_13",-0.256209337228422,2
"FYTTD1","Bin_14",-0.140568279725317,2
"FYTTD1","Bin_15",0.36849819488665,2
"FYTTD1","Bin_16",0.293744754515359,2
"FYTTD1","Bin_17",1.81794775544743,2
"FYTTD1","Bin_18",1.70776981616611,2
"FYTTD1","Bin_19",1.46986023317731,2
"FYTTD1","Bin_20",1.1178245243265,2
"PUF60","Bin_1",-0.675865702302629,2
"PUF60","Bin_2",-0.910509982712188,2
"PUF60","Bin_3",-0.646252390448897,2
"PUF60","Bin_4",-0.599598118339304,2
"PUF60","Bin_5",-0.99335071271751,2
"PUF60","Bin_6",-2.06605602706996,2
"PUF60","Bin_7",-1.34895849405586,2
"PUF60","Bin_8",-1.27720385242399,2
"PUF60","Bin_9",0.333994346109777,2
"PUF60","Bin_10",0.833066270879644,2
"PUF60","Bin_11",0.959672849819025,2
"PUF60","Bin_12",0.454054770121569,2
"PUF60","Bin_13",0.525886875796194,2
"PUF60","Bin_14",0.459736685483499,2
"PUF60","Bin_15",0.380412353126578,2
"PUF60","Bin_16",0.259537652362809,2
"PUF60","Bin_17",0.426166965983231,2
"PUF60","Bin_18",0.800174833243976,2
"PUF60","Bin_19",1.63548216933375,2
"PUF60","Bin_20",1.44960950781029,2
"FKBP10","Bin_1",-0.862853231422661,2
"FKBP10","Bin_2",-1.13889550687327,2
"FKBP10","Bin_3",-1.03038099717531,2
"FKBP10","Bin_4",-1.01309986398713,2
"FKBP10","Bin_5",-1.36470365417448,2
"FKBP10","Bin_6",-1.43101086158535,2
"FKBP10","Bin_7",-0.73160582490322,2
"FKBP10","Bin_8",-0.946830581374437,2
"FKBP10","Bin_9",0.290164749580848,2
"FKBP10","Bin_10",0.463007096106587,2
"FKBP10","Bin_11",0.358741534905973,2
"FKBP10","Bin_12",0.453893405149212,2
"FKBP10","Bin_13",-0.123708062469834,2
"FKBP10","Bin_14",-0.0554928197409343,2
"FKBP10","Bin_15",0.755046104291869,2
"FKBP10","Bin_16",1.19642803411268,2
"FKBP10","Bin_17",1.64397786854127,2
"FKBP10","Bin_18",1.19360447941725,2
"FKBP10","Bin_19",1.19770205499699,2
"FKBP10","Bin_20",1.14601607660394,2
"RPL10","Bin_1",-0.391991199655246,2
"RPL10","Bin_2",0.0598521945030705,2
"RPL10","Bin_3",0.00129744377025041,2
"RPL10","Bin_4",-0.332196994452627,2
"RPL10","Bin_5",0.166437004908182,2
"RPL10","Bin_6",-3.1994475506723,2
"RPL10","Bin_7",-2.19053234521268,2
"RPL10","Bin_8",-0.190205173396132,2
"RPL10","Bin_9",0.441913861332623,2
"RPL10","Bin_10",0.233549891804671,2
"RPL10","Bin_11",0.239409816448722,2
"RPL10","Bin_12",0.582067424729544,2
"RPL10","Bin_13",0.643906592498657,2
"RPL10","Bin_14",0.915194707069661,2
"RPL10","Bin_15",0.834506637756909,2
"RPL10","Bin_16",0.459809131272736,2
"RPL10","Bin_17",0.512785769513434,2
"RPL10","Bin_18",0.594649679325388,2
"RPL10","Bin_19",0.40828602784518,2
"RPL10","Bin_20",0.210707080609962,2
"LAMTOR2","Bin_1",-0.30900256273492,2
"LAMTOR2","Bin_2",-1.35929790800907,2
"LAMTOR2","Bin_3",-1.76749398374887,2
"LAMTOR2","Bin_4",-0.578912225354636,2
"LAMTOR2","Bin_5",-1.52976822005826,2
"LAMTOR2","Bin_6",-1.37666345983244,2
"LAMTOR2","Bin_7",-1.65831765420679,2
"LAMTOR2","Bin_8",0.023701513774531,2
"LAMTOR2","Bin_9",0.520831345329337,2
"LAMTOR2","Bin_10",0.834898679790478,2
"LAMTOR2","Bin_11",0.780072543078875,2
"LAMTOR2","Bin_12",0.855023614809262,2
"LAMTOR2","Bin_13",0.443512329365807,2
"LAMTOR2","Bin_14",0.297751050066605,2
"LAMTOR2","Bin_15",0.60820866261323,2
"LAMTOR2","Bin_16",0.663351705881042,2
"LAMTOR2","Bin_17",0.694488845079264,2
"LAMTOR2","Bin_18",0.925927615487732,2
"LAMTOR2","Bin_19",1.00522683374003,2
"LAMTOR2","Bin_20",0.926461274928772,2
"ARL6IP5","Bin_1",0.604303853465332,2
"ARL6IP5","Bin_2",-0.578873766586916,2
"ARL6IP5","Bin_3",-0.659475027639322,2
"ARL6IP5","Bin_4",-1.41688644138139,2
"ARL6IP5","Bin_5",-1.84370945526883,2
"ARL6IP5","Bin_6",-1.90794169967055,2
"ARL6IP5","Bin_7",-0.615714705003483,2
"ARL6IP5","Bin_8",-1.44893613873192,2
"ARL6IP5","Bin_9",0.149792531004093,2
"ARL6IP5","Bin_10",0.724877222052131,2
"ARL6IP5","Bin_11",0.738350077832683,2
"ARL6IP5","Bin_12",0.638656966764623,2
"ARL6IP5","Bin_13",0.110457939330106,2
"ARL6IP5","Bin_14",0.42938144473846,2
"ARL6IP5","Bin_15",0.617494351035526,2
"ARL6IP5","Bin_16",0.678326282580132,2
"ARL6IP5","Bin_17",1.09071834947725,2
"ARL6IP5","Bin_18",0.973469850404698,2
"ARL6IP5","Bin_19",1.16701408012241,2
"ARL6IP5","Bin_20",0.548694285474959,2
"RPS9","Bin_1",0.0596343107043323,2
"RPS9","Bin_2",0.147378969230672,2
"RPS9","Bin_3",-0.00640389241757816,2
"RPS9","Bin_4",-1.3569471821191,2
"RPS9","Bin_5",-0.0351708014893109,2
"RPS9","Bin_6",-2.874813000403,2
"RPS9","Bin_7",-1.78651146422141,2
"RPS9","Bin_8",-1.0417679130277,2
"RPS9","Bin_9",0.531095053515228,2
"RPS9","Bin_10",0.423054017877023,2
"RPS9","Bin_11",0.445760602204464,2
"RPS9","Bin_12",0.732456156063043,2
"RPS9","Bin_13",0.900258936053827,2
"RPS9","Bin_14",1.02705140558748,2
"RPS9","Bin_15",0.828719273591351,2
"RPS9","Bin_16",0.39162319278815,2
"RPS9","Bin_17",0.319642721517388,2
"RPS9","Bin_18",0.544838549387767,2
"RPS9","Bin_19",0.440866723949283,2
"RPS9","Bin_20",0.3092343412081,2
"AC020916.1","Bin_1",-0.30501286409526,2
"AC020916.1","Bin_2",0.483892885718793,2
"AC020916.1","Bin_3",-0.605035605082552,2
"AC020916.1","Bin_4",-1.07632550342208,2
"AC020916.1","Bin_5",-1.98402851757715,2
"AC020916.1","Bin_6",-0.76679884128195,2
"AC020916.1","Bin_7",-0.0978649882031515,2
"AC020916.1","Bin_8",-2.06359191880408,2
"AC020916.1","Bin_9",-0.804485711055902,2
"AC020916.1","Bin_10",-0.446496408392252,2
"AC020916.1","Bin_11",0.32326332953794,2
"AC020916.1","Bin_12",0.126881626121642,2
"AC020916.1","Bin_13",0.429559526862601,2
"AC020916.1","Bin_14",1.38110827521969,2
"AC020916.1","Bin_15",0.950024897166711,2
"AC020916.1","Bin_16",0.717641236814828,2
"AC020916.1","Bin_17",0.444185271829718,2
"AC020916.1","Bin_18",1.20811072934259,2
"AC020916.1","Bin_19",1.19877419348319,2
"AC020916.1","Bin_20",0.886198385816689,2
"COMMD3","Bin_1",-0.333168166914946,2
"COMMD3","Bin_2",-1.07804664886843,2
"COMMD3","Bin_3",-0.896907511267369,2
"COMMD3","Bin_4",-1.5278998013874,2
"COMMD3","Bin_5",-1.47446183676127,2
"COMMD3","Bin_6",-1.28733057915596,2
"COMMD3","Bin_7",-1.2820197132109,2
"COMMD3","Bin_8",-1.24692518850752,2
"COMMD3","Bin_9",0.208633565144823,2
"COMMD3","Bin_10",0.836172360686661,2
"COMMD3","Bin_11",0.977408310910595,2
"COMMD3","Bin_12",0.742973883269721,2
"COMMD3","Bin_13",0.743060683292639,2
"COMMD3","Bin_14",0.863910799572735,2
"COMMD3","Bin_15",0.822688897015804,2
"COMMD3","Bin_16",0.525348188778427,2
"COMMD3","Bin_17",0.517107198218823,2
"COMMD3","Bin_18",0.972833188001645,2
"COMMD3","Bin_19",1.01477231627248,2
"COMMD3","Bin_20",0.901850054909448,2
"SERTAD4-AS1","Bin_1",-1.09749865570413,2
"SERTAD4-AS1","Bin_2",-0.964118899606705,2
"SERTAD4-AS1","Bin_3",-0.373369348912468,2
"SERTAD4-AS1","Bin_4",-0.304357890715318,2
"SERTAD4-AS1","Bin_5",-1.16592637511586,2
"SERTAD4-AS1","Bin_6",-1.35825890693191,2
"SERTAD4-AS1","Bin_7",-1.03796364748294,2
"SERTAD4-AS1","Bin_8",-0.894286088454945,2
"SERTAD4-AS1","Bin_9",-0.863779448031615,2
"SERTAD4-AS1","Bin_10",-0.58335617257918,2
"SERTAD4-AS1","Bin_11",0.161532836841927,2
"SERTAD4-AS1","Bin_12",-0.0537972191455487,2
"SERTAD4-AS1","Bin_13",0.488548351030218,2
"SERTAD4-AS1","Bin_14",1.6160409533394,2
"SERTAD4-AS1","Bin_15",0.852548965352984,2
"SERTAD4-AS1","Bin_16",0.729694744884453,2
"SERTAD4-AS1","Bin_17",0.969723594760133,2
"SERTAD4-AS1","Bin_18",1.76591756244778,2
"SERTAD4-AS1","Bin_19",0.920327616968559,2
"SERTAD4-AS1","Bin_20",1.19237802705516,2
"HIGD2A","Bin_1",-0.460141528408217,2
"HIGD2A","Bin_2",-1.18404548953813,2
"HIGD2A","Bin_3",-0.992316455470386,2
"HIGD2A","Bin_4",-1.27869972161,2
"HIGD2A","Bin_5",-1.56364627784085,2
"HIGD2A","Bin_6",-1.2191968845201,2
"HIGD2A","Bin_7",-1.60935516237999,2
"HIGD2A","Bin_8",-0.596305069668433,2
"HIGD2A","Bin_9",1.1063976271335,2
"HIGD2A","Bin_10",0.910779778339165,2
"HIGD2A","Bin_11",0.760739528550883,2
"HIGD2A","Bin_12",0.983565911249597,2
"HIGD2A","Bin_13",1.16771536928943,2
"HIGD2A","Bin_14",1.1414245918876,2
"HIGD2A","Bin_15",0.776137966245038,2
"HIGD2A","Bin_16",0.464743223502858,2
"HIGD2A","Bin_17",0.134156027189108,2
"HIGD2A","Bin_18",0.376635857111436,2
"HIGD2A","Bin_19",0.366949891000486,2
"HIGD2A","Bin_20",0.714460817936994,2
"MEAF6","Bin_1",0.0775925532352547,2
"MEAF6","Bin_2",-0.924041316687842,2
"MEAF6","Bin_3",-1.22948222306664,2
"MEAF6","Bin_4",-1.16355957874242,2
"MEAF6","Bin_5",-1.57790036580743,2
"MEAF6","Bin_6",-2.04597534523678,2
"MEAF6","Bin_7",-1.23472336992083,2
"MEAF6","Bin_8",-0.21427970088812,2
"MEAF6","Bin_9",0.585230303470419,2
"MEAF6","Bin_10",1.03916945599038,2
"MEAF6","Bin_11",1.03422712859628,2
"MEAF6","Bin_12",0.813176924636136,2
"MEAF6","Bin_13",0.358183739562614,2
"MEAF6","Bin_14",0.0130347899611621,2
"MEAF6","Bin_15",0.299070939277713,2
"MEAF6","Bin_16",0.714723171679982,2
"MEAF6","Bin_17",0.664469131743906,2
"MEAF6","Bin_18",0.6897893569097,2
"MEAF6","Bin_19",1.15397048924988,2
"MEAF6","Bin_20",0.947323916036644,2
"COX5B","Bin_1",-0.00217639398317428,2
"COX5B","Bin_2",-0.705221531389951,2
"COX5B","Bin_3",-0.848114954755951,2
"COX5B","Bin_4",-0.324813193673293,2
"COX5B","Bin_5",-0.650544135945286,2
"COX5B","Bin_6",-2.73255242733299,2
"COX5B","Bin_7",-1.85761150563944,2
"COX5B","Bin_8",-0.378500465734556,2
"COX5B","Bin_9",0.491922046544532,2
"COX5B","Bin_10",0.567182576621058,2
"COX5B","Bin_11",0.40114966621889,2
"COX5B","Bin_12",0.42324736712683,2
"COX5B","Bin_13",0.4474371307579,2
"COX5B","Bin_14",0.261436432542348,2
"COX5B","Bin_15",0.421730833635268,2
"COX5B","Bin_16",0.245847228181038,2
"COX5B","Bin_17",0.699259880431163,2
"COX5B","Bin_18",0.952130299937345,2
"COX5B","Bin_19",1.15562353432922,2
"COX5B","Bin_20",1.43256761212905,2
"EEF1B2","Bin_1",-0.695788073219921,2
"EEF1B2","Bin_2",-0.262277475356652,2
"EEF1B2","Bin_3",-0.313614110839047,2
"EEF1B2","Bin_4",-1.28477651008843,2
"EEF1B2","Bin_5",-0.510047567506445,2
"EEF1B2","Bin_6",-2.3469671781055,2
"EEF1B2","Bin_7",-2.08988137532763,2
"EEF1B2","Bin_8",-0.579668901380942,2
"EEF1B2","Bin_9",0.675467250196945,2
"EEF1B2","Bin_10",0.668978220004209,2
"EEF1B2","Bin_11",0.595665235507454,2
"EEF1B2","Bin_12",0.609285889188549,2
"EEF1B2","Bin_13",1.12314975128242,2
"EEF1B2","Bin_14",1.15306256553095,2
"EEF1B2","Bin_15",0.553033127439046,2
"EEF1B2","Bin_16",0.286713938686636,2
"EEF1B2","Bin_17",0.285131800359533,2
"EEF1B2","Bin_18",0.595874789247926,2
"EEF1B2","Bin_19",0.776427655180277,2
"EEF1B2","Bin_20",0.760230969200628,2
"MRPS33","Bin_1",-0.111902702798996,2
"MRPS33","Bin_2",-0.977101237117956,2
"MRPS33","Bin_3",-0.93990235427715,2
"MRPS33","Bin_4",-0.893966241337355,2
"MRPS33","Bin_5",-1.28421426430891,2
"MRPS33","Bin_6",-2.10464662713052,2
"MRPS33","Bin_7",-1.28874484997881,2
"MRPS33","Bin_8",-1.27805855369686,2
"MRPS33","Bin_9",0.529299417334879,2
"MRPS33","Bin_10",0.734816976386711,2
"MRPS33","Bin_11",0.819769306600742,2
"MRPS33","Bin_12",0.617963158257027,2
"MRPS33","Bin_13",0.703649715512749,2
"MRPS33","Bin_14",0.723815560328429,2
"MRPS33","Bin_15",0.596908600033983,2
"MRPS33","Bin_16",0.572427632282861,2
"MRPS33","Bin_17",0.600307858915822,2
"MRPS33","Bin_18",0.761727766350426,2
"MRPS33","Bin_19",1.10304595096222,2
"MRPS33","Bin_20",1.11480488768071,2
"YWHAQ","Bin_1",-0.628722617172805,2
"YWHAQ","Bin_2",-1.00763748854691,2
"YWHAQ","Bin_3",-0.978702186110543,2
"YWHAQ","Bin_4",-1.11204860152923,2
"YWHAQ","Bin_5",-1.61163946518693,2
"YWHAQ","Bin_6",-1.60942477220981,2
"YWHAQ","Bin_7",-1.54003515328809,2
"YWHAQ","Bin_8",0.150008888326137,2
"YWHAQ","Bin_9",0.809573180776078,2
"YWHAQ","Bin_10",1.29057854887024,2
"YWHAQ","Bin_11",0.902040952316473,2
"YWHAQ","Bin_12",0.719818303702239,2
"YWHAQ","Bin_13",0.257119251263511,2
"YWHAQ","Bin_14",-0.0159493696879943,2
"YWHAQ","Bin_15",0.247351808657533,2
"YWHAQ","Bin_16",0.377741754977629,2
"YWHAQ","Bin_17",0.509828597298243,2
"YWHAQ","Bin_18",0.806207074846066,2
"YWHAQ","Bin_19",1.31223678231677,2
"YWHAQ","Bin_20",1.12165451038138,2
"NCBP2","Bin_1",-0.839913267689117,2
"NCBP2","Bin_2",-1.30053917610793,2
"NCBP2","Bin_3",-1.20944393896345,2
"NCBP2","Bin_4",-1.30670534460191,2
"NCBP2","Bin_5",-1.46180653524257,2
"NCBP2","Bin_6",2.09067953709904,2
"NCBP2","Bin_7",-0.315518522890091,2
"NCBP2","Bin_8",-1.65764447687113,2
"NCBP2","Bin_9",0.767594276515457,2
"NCBP2","Bin_10",0.688854858594737,2
"NCBP2","Bin_11",0.756686670045631,2
"NCBP2","Bin_12",0.526051434692922,2
"NCBP2","Bin_13",0.0632602258876549,2
"NCBP2","Bin_14",0.181457898009698,2
"NCBP2","Bin_15",0.108395356340717,2
"NCBP2","Bin_16",0.246134889242997,2
"NCBP2","Bin_17",0.24795449295074,2
"NCBP2","Bin_18",0.722851945182088,2
"NCBP2","Bin_19",0.988356186841096,2
"NCBP2","Bin_20",0.703293490963431,2
"HSBP1","Bin_1",0.682093544593283,2
"HSBP1","Bin_2",-0.772831812239251,2
"HSBP1","Bin_3",-1.37180083765239,2
"HSBP1","Bin_4",-0.877316703658774,2
"HSBP1","Bin_5",-0.692758567049397,2
"HSBP1","Bin_6",-2.07073603152936,2
"HSBP1","Bin_7",-1.70898477226294,2
"HSBP1","Bin_8",-0.924575972869438,2
"HSBP1","Bin_9",0.436095887390962,2
"HSBP1","Bin_10",0.80866840776027,2
"HSBP1","Bin_11",0.727833427101696,2
"HSBP1","Bin_12",0.513171927593591,2
"HSBP1","Bin_13",0.155273074327965,2
"HSBP1","Bin_14",-0.00955423209381537,2
"HSBP1","Bin_15",0.371932717893557,2
"HSBP1","Bin_16",0.422748494037268,2
"HSBP1","Bin_17",0.878858422632969,2
"HSBP1","Bin_18",0.938005017970566,2
"HSBP1","Bin_19",1.21374461376689,2
"HSBP1","Bin_20",1.28013339428635,2
"PCNA","Bin_1",-0.975069982147444,2
"PCNA","Bin_2",-1.42893710587819,2
"PCNA","Bin_3",-1.42290350090507,2
"PCNA","Bin_4",-0.641932170110449,2
"PCNA","Bin_5",-0.883767016611561,2
"PCNA","Bin_6",-1.821212369209,2
"PCNA","Bin_7",-1.20266840332808,2
"PCNA","Bin_8",-0.14645054353203,2
"PCNA","Bin_9",0.794733306624863,2
"PCNA","Bin_10",1.36463992342143,2
"PCNA","Bin_11",0.575719724790502,2
"PCNA","Bin_12",0.392599260186256,2
"PCNA","Bin_13",1.02880765280819,2
"PCNA","Bin_14",0.77125341784094,2
"PCNA","Bin_15",0.117262528655508,2
"PCNA","Bin_16",0.673340242845987,2
"PCNA","Bin_17",0.0802446449070817,2
"PCNA","Bin_18",0.492889606103249,2
"PCNA","Bin_19",0.827612992417127,2
"PCNA","Bin_20",1.40383779112069,2
"SERP1","Bin_1",-0.917975028050217,2
"SERP1","Bin_2",-1.34958199134956,2
"SERP1","Bin_3",-1.56813569849161,2
"SERP1","Bin_4",-0.628573173087329,2
"SERP1","Bin_5",-1.15935843297943,2
"SERP1","Bin_6",-1.96930184922614,2
"SERP1","Bin_7",-1.11775470558056,2
"SERP1","Bin_8",-0.0071662221353324,2
"SERP1","Bin_9",0.580483961805642,2
"SERP1","Bin_10",0.864680834383678,2
"SERP1","Bin_11",0.64014704727501,2
"SERP1","Bin_12",0.815879982315553,2
"SERP1","Bin_13",0.347945697239036,2
"SERP1","Bin_14",0.353806348813008,2
"SERP1","Bin_15",0.752810934483367,2
"SERP1","Bin_16",0.909652682875611,2
"SERP1","Bin_17",1.24788356034972,2
"SERP1","Bin_18",0.865013185295112,2
"SERP1","Bin_19",0.728672458113844,2
"SERP1","Bin_20",0.610870407950601,2
"TRAPPC4","Bin_1",-0.851930700324387,2
"TRAPPC4","Bin_2",-1.20353408132711,2
"TRAPPC4","Bin_3",-1.3225467698069,2
"TRAPPC4","Bin_4",-1.21179241249194,2
"TRAPPC4","Bin_5",-1.5434430466844,2
"TRAPPC4","Bin_6",-1.03928491408809,2
"TRAPPC4","Bin_7",-1.44652452764813,2
"TRAPPC4","Bin_8",-0.39588185384361,2
"TRAPPC4","Bin_9",0.533222007703371,2
"TRAPPC4","Bin_10",1.1687900924651,2
"TRAPPC4","Bin_11",0.837357414299579,2
"TRAPPC4","Bin_12",0.407748496868831,2
"TRAPPC4","Bin_13",0.536945940015644,2
"TRAPPC4","Bin_14",0.368242469320404,2
"TRAPPC4","Bin_15",0.512808795952405,2
"TRAPPC4","Bin_16",0.564357811703974,2
"TRAPPC4","Bin_17",0.676110007212289,2
"TRAPPC4","Bin_18",1.06922009971117,2
"TRAPPC4","Bin_19",1.30232258045503,2
"TRAPPC4","Bin_20",1.03781259050678,2
"JUNB","Bin_1",0.292302227226977,2
"JUNB","Bin_2",0.832240248305584,2
"JUNB","Bin_3",0.108773454850526,2
"JUNB","Bin_4",-1.37345709056344,2
"JUNB","Bin_5",-2.14009298751644,2
"JUNB","Bin_6",-1.6035919572015,2
"JUNB","Bin_7",-1.06452316755583,2
"JUNB","Bin_8",-1.65486968317432,2
"JUNB","Bin_9",-0.142755727736851,2
"JUNB","Bin_10",0.121314942941402,2
"JUNB","Bin_11",0.374617183952606,2
"JUNB","Bin_12",0.396844029730907,2
"JUNB","Bin_13",0.262208252847108,2
"JUNB","Bin_14",0.739450153753466,2
"JUNB","Bin_15",0.826228769382496,2
"JUNB","Bin_16",0.430817208632989,2
"JUNB","Bin_17",0.474412144157373,2
"JUNB","Bin_18",0.944988256370058,2
"JUNB","Bin_19",1.08019246956356,2
"JUNB","Bin_20",1.09490127203333,2
"GNL2","Bin_1",-1.35570073724539,2
"GNL2","Bin_2",-1.07902419273344,2
"GNL2","Bin_3",-1.20604375452281,2
"GNL2","Bin_4",-0.970492590069383,2
"GNL2","Bin_5",-1.29337223240425,2
"GNL2","Bin_6",-1.82757519353917,2
"GNL2","Bin_7",-0.0700675829426402,2
"GNL2","Bin_8",-0.230779321396716,2
"GNL2","Bin_9",0.310142337117733,2
"GNL2","Bin_10",1.10185196234556,2
"GNL2","Bin_11",0.938516235492245,2
"GNL2","Bin_12",0.374736798727553,2
"GNL2","Bin_13",0.131298033790784,2
"GNL2","Bin_14",0.0583423743378181,2
"GNL2","Bin_15",0.0671275590262682,2
"GNL2","Bin_16",0.537595643260105,2
"GNL2","Bin_17",0.676687802546489,2
"GNL2","Bin_18",0.729096860050293,2
"GNL2","Bin_19",1.73610036266588,2
"GNL2","Bin_20",1.37155963549307,2
"CKS1B","Bin_1",-1.5016933569952,2
"CKS1B","Bin_2",-1.33099633775139,2
"CKS1B","Bin_3",-1.30033752290964,2
"CKS1B","Bin_4",-0.246367613839861,2
"CKS1B","Bin_5",-0.700355367722972,2
"CKS1B","Bin_6",-1.20164478551625,2
"CKS1B","Bin_7",-1.46303685599315,2
"CKS1B","Bin_8",-0.0197007321880924,2
"CKS1B","Bin_9",0.118893136875709,2
"CKS1B","Bin_10",0.418466372361217,2
"CKS1B","Bin_11",1.67550808789886,2
"CKS1B","Bin_12",0.127694474714719,2
"CKS1B","Bin_13",0.123315607131064,2
"CKS1B","Bin_14",0.152235242788527,2
"CKS1B","Bin_15",0.0535192706881974,2
"CKS1B","Bin_16",0.90176815778546,2
"CKS1B","Bin_17",1.12351198436498,2
"CKS1B","Bin_18",0.532222400630256,2
"CKS1B","Bin_19",0.760835584896796,2
"CKS1B","Bin_20",1.77616225278077,2
"ALDH16A1","Bin_1",-1.00113605913614,2
"ALDH16A1","Bin_2",-1.11883434611967,2
"ALDH16A1","Bin_3",-1.26173369703702,2
"ALDH16A1","Bin_4",-1.2653970112437,2
"ALDH16A1","Bin_5",-1.46412172269224,2
"ALDH16A1","Bin_6",-1.61982054816422,2
"ALDH16A1","Bin_7",-0.0978403507926307,2
"ALDH16A1","Bin_8",-0.637549616832429,2
"ALDH16A1","Bin_9",-0.258137955233573,2
"ALDH16A1","Bin_10",0.522670206383721,2
"ALDH16A1","Bin_11",0.792206864736162,2
"ALDH16A1","Bin_12",0.397405164901572,2
"ALDH16A1","Bin_13",0.340898474470374,2
"ALDH16A1","Bin_14",0.801161934880132,2
"ALDH16A1","Bin_15",0.315321176408998,2
"ALDH16A1","Bin_16",0.923875280382142,2
"ALDH16A1","Bin_17",0.869901922656988,2
"ALDH16A1","Bin_18",1.05449547553061,2
"ALDH16A1","Bin_19",1.3778971466,2
"ALDH16A1","Bin_20",1.32873766030092,2
"CHCHD2","Bin_1",-0.689777235108249,2
"CHCHD2","Bin_2",-1.09618721528168,2
"CHCHD2","Bin_3",-1.06386654394526,2
"CHCHD2","Bin_4",-0.013081243025229,2
"CHCHD2","Bin_5",-1.00478962087771,2
"CHCHD2","Bin_6",-2.47288728669557,2
"CHCHD2","Bin_7",-1.71598146948901,2
"CHCHD2","Bin_8",-0.358170304466081,2
"CHCHD2","Bin_9",0.817733189371228,2
"CHCHD2","Bin_10",0.8251576178336,2
"CHCHD2","Bin_11",0.657819385194164,2
"CHCHD2","Bin_12",0.690106828609564,2
"CHCHD2","Bin_13",0.571156750092599,2
"CHCHD2","Bin_14",0.548297946768565,2
"CHCHD2","Bin_15",0.648297963438292,2
"CHCHD2","Bin_16",0.636954373635538,2
"CHCHD2","Bin_17",0.735608899410053,2
"CHCHD2","Bin_18",0.726691477526178,2
"CHCHD2","Bin_19",0.791725877450517,2
"CHCHD2","Bin_20",0.765190609558477,2
"SRSF9","Bin_1",0.0934963822807594,2
"SRSF9","Bin_2",-1.0369133504766,2
"SRSF9","Bin_3",-1.06754114173478,2
"SRSF9","Bin_4",-0.926764430949201,2
"SRSF9","Bin_5",-0.894395142559846,2
"SRSF9","Bin_6",-1.74581323024585,2
"SRSF9","Bin_7",-1.97373793939637,2
"SRSF9","Bin_8",-1.07238824865941,2
"SRSF9","Bin_9",0.37354371892206,2
"SRSF9","Bin_10",0.948906912034847,2
"SRSF9","Bin_11",0.897205017334439,2
"SRSF9","Bin_12",0.684617927957032,2
"SRSF9","Bin_13",0.474716592944356,2
"SRSF9","Bin_14",0.334189136394843,2
"SRSF9","Bin_15",0.425413734289002,2
"SRSF9","Bin_16",0.725962965750061,2
"SRSF9","Bin_17",0.770372948628441,2
"SRSF9","Bin_18",0.749618787375879,2
"SRSF9","Bin_19",1.08592246005898,2
"SRSF9","Bin_20",1.15358690005136,2
"NDUFS2","Bin_1",-0.470775585803839,2
"NDUFS2","Bin_2",-1.005377401167,2
"NDUFS2","Bin_3",-1.35836406430425,2
"NDUFS2","Bin_4",-0.941479043395789,2
"NDUFS2","Bin_5",-1.44567181832307,2
"NDUFS2","Bin_6",-2.10905451144501,2
"NDUFS2","Bin_7",-0.940972387025033,2
"NDUFS2","Bin_8",-0.127788565290694,2
"NDUFS2","Bin_9",0.426366334673623,2
"NDUFS2","Bin_10",0.321520411604841,2
"NDUFS2","Bin_11",0.832765906013461,2
"NDUFS2","Bin_12",0.389543513662263,2
"NDUFS2","Bin_13",0.931682738183455,2
"NDUFS2","Bin_14",0.893540167532941,2
"NDUFS2","Bin_15",0.303221504824591,2
"NDUFS2","Bin_16",0.40707240655537,2
"NDUFS2","Bin_17",0.388172801029115,2
"NDUFS2","Bin_18",0.785265588424831,2
"NDUFS2","Bin_19",1.55289111027205,2
"NDUFS2","Bin_20",1.16744089397814,2
"TMED2","Bin_1",0.347847515571493,2
"TMED2","Bin_2",-0.721069843788661,2
"TMED2","Bin_3",-0.805775586409784,2
"TMED2","Bin_4",-0.743220718614073,2
"TMED2","Bin_5",-1.35743465378858,2
"TMED2","Bin_6",-2.45509132085029,2
"TMED2","Bin_7",-1.26969504947384,2
"TMED2","Bin_8",-0.372279652181802,2
"TMED2","Bin_9",0.0409420987611176,2
"TMED2","Bin_10",0.272155887254499,2
"TMED2","Bin_11",0.430120614049538,2
"TMED2","Bin_12",0.228762635272709,2
"TMED2","Bin_13",0.0941431840923695,2
"TMED2","Bin_14",0.12609177988566,2
"TMED2","Bin_15",0.618693112441537,2
"TMED2","Bin_16",0.658120226647532,2
"TMED2","Bin_17",1.73222471035605,2
"TMED2","Bin_18",1.14834137716701,2
"TMED2","Bin_19",1.0804084514069,2
"TMED2","Bin_20",0.946715232200621,2
"ASPG","Bin_1",-1.33272062561091,2
"ASPG","Bin_2",-1.33067508364805,2
"ASPG","Bin_3",-1.31902133510986,2
"ASPG","Bin_4",-1.31863334106072,2
"ASPG","Bin_5",-1.36390327835999,2
"ASPG","Bin_6",-0.14570143260466,2
"ASPG","Bin_7",-0.6997453093736,2
"ASPG","Bin_8",-0.874808619591914,2
"ASPG","Bin_9",1.13724902008185,2
"ASPG","Bin_10",0.806672515470902,2
"ASPG","Bin_11",0.544897502100823,2
"ASPG","Bin_12",0.428865964265847,2
"ASPG","Bin_13",0.600683687707086,2
"ASPG","Bin_14",0.246395550092812,2
"ASPG","Bin_15",0.392929587604732,2
"ASPG","Bin_16",0.187660871881261,2
"ASPG","Bin_17",0.395932194933105,2
"ASPG","Bin_18",0.980782181220965,2
"ASPG","Bin_19",2.08564669923109,2
"ASPG","Bin_20",0.577493250769243,2
"FAM213A","Bin_1",0.841738896072157,2
"FAM213A","Bin_2",-1.20481821265339,2
"FAM213A","Bin_3",-1.87522491927051,2
"FAM213A","Bin_4",-1.30326358922809,2
"FAM213A","Bin_5",-1.74219673475568,2
"FAM213A","Bin_6",-1.11227232779651,2
"FAM213A","Bin_7",-0.32051856941694,2
"FAM213A","Bin_8",-0.943243231558802,2
"FAM213A","Bin_9",0.136373186919918,2
"FAM213A","Bin_10",0.82683928870256,2
"FAM213A","Bin_11",0.377703061804625,2
"FAM213A","Bin_12",0.805306783593386,2
"FAM213A","Bin_13",0.30544347223791,2
"FAM213A","Bin_14",0.406684150431901,2
"FAM213A","Bin_15",0.342050675142762,2
"FAM213A","Bin_16",0.506249374299151,2
"FAM213A","Bin_17",0.588854514093564,2
"FAM213A","Bin_18",0.922443139813987,2
"FAM213A","Bin_19",1.38781105571382,2
"FAM213A","Bin_20",1.05403998585417,2
"MLEC","Bin_1",0.782423692441749,2
"MLEC","Bin_2",-0.999008289190877,2
"MLEC","Bin_3",-1.18177295194947,2
"MLEC","Bin_4",-0.835411830022709,2
"MLEC","Bin_5",-1.72650951840477,2
"MLEC","Bin_6",-1.30275726201549,2
"MLEC","Bin_7",-1.07872356691389,2
"MLEC","Bin_8",-0.889168097477706,2
"MLEC","Bin_9",-0.145353796663103,2
"MLEC","Bin_10",0.351476636958809,2
"MLEC","Bin_11",0.526962293271899,2
"MLEC","Bin_12",-0.135533985574541,2
"MLEC","Bin_13",0.230151703922052,2
"MLEC","Bin_14",0.0358143650777517,2
"MLEC","Bin_15",0.219172631022884,2
"MLEC","Bin_16",0.621415211796893,2
"MLEC","Bin_17",1.56771531283184,2
"MLEC","Bin_18",1.22650728445817,2
"MLEC","Bin_19",1.50458930269665,2
"MLEC","Bin_20",1.22801086373387,2
"TFAM","Bin_1",-1.08963634231298,2
"TFAM","Bin_2",-0.946187714183493,2
"TFAM","Bin_3",-0.978877400740715,2
"TFAM","Bin_4",-0.977508774979226,2
"TFAM","Bin_5",-1.32309109948827,2
"TFAM","Bin_6",-1.04851552577204,2
"TFAM","Bin_7",-1.84700167570499,2
"TFAM","Bin_8",-0.648238542565355,2
"TFAM","Bin_9",0.167477744237205,2
"TFAM","Bin_10",1.05749054358277,2
"TFAM","Bin_11",1.05352326903906,2
"TFAM","Bin_12",0.458397997427188,2
"TFAM","Bin_13",0.689044745730912,2
"TFAM","Bin_14",0.484942520915954,2
"TFAM","Bin_15",0.151927100469474,2
"TFAM","Bin_16",1.10974665953213,2
"TFAM","Bin_17",0.443960367290141,2
"TFAM","Bin_18",0.7258176973691,2
"TFAM","Bin_19",1.24623503151059,2
"TFAM","Bin_20",1.27049339864254,2
"PMP22","Bin_1",3.43077823341082,1
"PMP22","Bin_2",1.00198015766513,1
"PMP22","Bin_3",1.57718668087806,1
"PMP22","Bin_4",0.84640226621986,1
"PMP22","Bin_5",-0.230816799119652,1
"PMP22","Bin_6",-0.47206917761576,1
"PMP22","Bin_7",-0.47206917761576,1
"PMP22","Bin_8",-0.47206917761576,1
"PMP22","Bin_9",-0.394674418617297,1
"PMP22","Bin_10",-0.451094183862638,1
"PMP22","Bin_11",-0.458386641994413,1
"PMP22","Bin_12",-0.47206917761576,1
"PMP22","Bin_13",-0.47206917761576,1
"PMP22","Bin_14",-0.457069714893222,1
"PMP22","Bin_15",-0.47206917761576,1
"PMP22","Bin_16",-0.47206917761576,1
"PMP22","Bin_17",-0.433926761336244,1
"PMP22","Bin_18",-0.417112532913733,1
"PMP22","Bin_19",-0.446353274363248,1
"PMP22","Bin_20",-0.262428767763106,1
"UNC50","Bin_1",-0.10224393636741,2
"UNC50","Bin_2",-0.645352673269203,2
"UNC50","Bin_3",-0.77545443692478,2
"UNC50","Bin_4",-0.716042358801254,2
"UNC50","Bin_5",-1.17057503762778,2
"UNC50","Bin_6",-1.52042703748134,2
"UNC50","Bin_7",-1.52042703748134,2
"UNC50","Bin_8",-1.13921399569434,2
"UNC50","Bin_9",-0.163815314206509,2
"UNC50","Bin_10",0.20934720285336,2
"UNC50","Bin_11",0.299308667678337,2
"UNC50","Bin_12",-0.103617790727798,2
"UNC50","Bin_13",0.14429633593741,2
"UNC50","Bin_14",0.25130222706921,2
"UNC50","Bin_15",0.503202329804614,2
"UNC50","Bin_16",0.384137360322894,2
"UNC50","Bin_17",1.29363672313696,2
"UNC50","Bin_18",1.26406661541959,2
"UNC50","Bin_19",1.96356954133829,2
"UNC50","Bin_20",1.54430261502111,2
"HAT1","Bin_1",-0.283961052167192,2
"HAT1","Bin_2",-0.695603842949372,2
"HAT1","Bin_3",-0.695078997163737,2
"HAT1","Bin_4",-0.894223993703757,2
"HAT1","Bin_5",-1.49179756955217,2
"HAT1","Bin_6",-2.02856692497307,2
"HAT1","Bin_7",-0.74796886311889,2
"HAT1","Bin_8",-1.08302003171964,2
"HAT1","Bin_9",0.16250377896328,2
"HAT1","Bin_10",0.664556482777005,2
"HAT1","Bin_11",0.660531700653178,2
"HAT1","Bin_12",-0.195459820685061,2
"HAT1","Bin_13",0.527161366736426,2
"HAT1","Bin_14",0.374326317647825,2
"HAT1","Bin_15",0.027896617954937,2
"HAT1","Bin_16",0.624441866889711,2
"HAT1","Bin_17",0.662675757442295,2
"HAT1","Bin_18",1.01459371753549,2
"HAT1","Bin_19",1.48612925841412,2
"HAT1","Bin_20",1.91086423101863,2
"APH1A","Bin_1",-0.494099759456463,2
"APH1A","Bin_2",-0.852343775352573,2
"APH1A","Bin_3",-1.46326921761167,2
"APH1A","Bin_4",-0.885873810463171,2
"APH1A","Bin_5",-1.42239640294398,2
"APH1A","Bin_6",-0.808373443049176,2
"APH1A","Bin_7",-1.64896572513862,2
"APH1A","Bin_8",-1.42184204274242,2
"APH1A","Bin_9",0.515583466679422,2
"APH1A","Bin_10",0.716764370612705,2
"APH1A","Bin_11",0.857093360202725,2
"APH1A","Bin_12",0.509826199197976,2
"APH1A","Bin_13",0.313143516410237,2
"APH1A","Bin_14",0.394768544767067,2
"APH1A","Bin_15",0.653420286562718,2
"APH1A","Bin_16",1.02395822769232,2
"APH1A","Bin_17",1.28935463846086,2
"APH1A","Bin_18",0.986872215042757,2
"APH1A","Bin_19",0.729037286220528,2
"APH1A","Bin_20",1.00734206490876,2
"MRPL39","Bin_1",-0.913300808393399,2
"MRPL39","Bin_2",-1.30162480546695,2
"MRPL39","Bin_3",-1.4474407208158,2
"MRPL39","Bin_4",-1.20809504335362,2
"MRPL39","Bin_5",-1.19608657621772,2
"MRPL39","Bin_6",-1.52597304599259,2
"MRPL39","Bin_7",-0.786860838888922,2
"MRPL39","Bin_8",0.0678569445522448,2
"MRPL39","Bin_9",0.0911963132610644,2
"MRPL39","Bin_10",1.5037900321901,2
"MRPL39","Bin_11",1.09909555169931,2
"MRPL39","Bin_12",0.584063782628747,2
"MRPL39","Bin_13",0.424398827418345,2
"MRPL39","Bin_14",0.0863291670816385,2
"MRPL39","Bin_15",0.163635765961862,2
"MRPL39","Bin_16",0.434598076357536,2
"MRPL39","Bin_17",0.686769311510375,2
"MRPL39","Bin_18",0.658484652812329,2
"MRPL39","Bin_19",1.08865042623126,2
"MRPL39","Bin_20",1.49051298742418,2
"MAGOH","Bin_1",-1.29505129376518,2
"MAGOH","Bin_2",-1.14302745092764,2
"MAGOH","Bin_3",-1.1104324784162,2
"MAGOH","Bin_4",-0.900162843687479,2
"MAGOH","Bin_5",-1.1599443290328,2
"MAGOH","Bin_6",-1.75879320943051,2
"MAGOH","Bin_7",-1.243615229342,2
"MAGOH","Bin_8",-0.247223844733006,2
"MAGOH","Bin_9",0.772517594815007,2
"MAGOH","Bin_10",1.2684762970531,2
"MAGOH","Bin_11",1.20986752821384,2
"MAGOH","Bin_12",0.691273975505666,2
"MAGOH","Bin_13",0.83225659351516,2
"MAGOH","Bin_14",0.458400504905046,2
"MAGOH","Bin_15",0.284499112531645,2
"MAGOH","Bin_16",0.643684890277368,2
"MAGOH","Bin_17",0.207470949061519,2
"MAGOH","Bin_18",0.409589932038492,2
"MAGOH","Bin_19",1.09709592564098,2
"MAGOH","Bin_20",0.983117375776985,2
"EFNA4","Bin_1",-0.619098358095456,2
"EFNA4","Bin_2",-1.07839392912738,2
"EFNA4","Bin_3",-1.3054676738992,2
"EFNA4","Bin_4",-1.03664237730106,2
"EFNA4","Bin_5",-1.28067464657503,2
"EFNA4","Bin_6",-1.6116490201681,2
"EFNA4","Bin_7",-0.616276024798331,2
"EFNA4","Bin_8",-1.6116490201681,2
"EFNA4","Bin_9",0.717847368761184,2
"EFNA4","Bin_10",1.02936462073073,2
"EFNA4","Bin_11",1.03372032027259,2
"EFNA4","Bin_12",0.754834750183727,2
"EFNA4","Bin_13",1.01519726971164,2
"EFNA4","Bin_14",0.653361176931425,2
"EFNA4","Bin_15",0.49401749313005,2
"EFNA4","Bin_16",0.501600167258808,2
"EFNA4","Bin_17",0.564773962387335,2
"EFNA4","Bin_18",0.598578041705535,2
"EFNA4","Bin_19",0.861685890964372,2
"EFNA4","Bin_20",0.93486998809525,2
"TMEM59","Bin_1",0.737164645768016,2
"TMEM59","Bin_2",-0.187668756247919,2
"TMEM59","Bin_3",-0.710424234199808,2
"TMEM59","Bin_4",-0.875224999767803,2
"TMEM59","Bin_5",-1.67416824179996,2
"TMEM59","Bin_6",-2.67365509824518,2
"TMEM59","Bin_7",-0.841594742714334,2
"TMEM59","Bin_8",-0.822951346723736,2
"TMEM59","Bin_9",0.0591947271460649,2
"TMEM59","Bin_10",0.258956064551865,2
"TMEM59","Bin_11",0.46204088098041,2
"TMEM59","Bin_12",0.435161105392792,2
"TMEM59","Bin_13",0.129472819533901,2
"TMEM59","Bin_14",0.285310591279313,2
"TMEM59","Bin_15",0.507548333960019,2
"TMEM59","Bin_16",0.65327679346786,2
"TMEM59","Bin_17",1.08061580739237,2
"TMEM59","Bin_18",1.02212291356192,2
"TMEM59","Bin_19",0.968326355649697,2
"TMEM59","Bin_20",1.18649638101451,2
"ACTA2","Bin_1",-0.00297831201697006,1
"ACTA2","Bin_2",1.84160887474179,1
"ACTA2","Bin_3",3.63149071773158,1
"ACTA2","Bin_4",-0.0420543630197203,1
"ACTA2","Bin_5",0.396160957355979,1
"ACTA2","Bin_6",-0.392969244876539,1
"ACTA2","Bin_7",-0.392969244876539,1
"ACTA2","Bin_8",-0.392969244876539,1
"ACTA2","Bin_9",-0.392969244876539,1
"ACTA2","Bin_10",-0.389088070522266,1
"ACTA2","Bin_11",-0.375329659203973,1
"ACTA2","Bin_12",-0.375628354619674,1
"ACTA2","Bin_13",-0.392969244876539,1
"ACTA2","Bin_14",-0.386360249000884,1
"ACTA2","Bin_15",-0.389782990783586,1
"ACTA2","Bin_16",-0.383431734087058,1
"ACTA2","Bin_17",-0.392969244876539,1
"ACTA2","Bin_18",-0.392969244876539,1
"ACTA2","Bin_19",-0.392969244876539,1
"ACTA2","Bin_20",-0.38085285756291,1
"ERBB3","Bin_1",0.627610697442919,2
"ERBB3","Bin_2",-0.993272143297028,2
"ERBB3","Bin_3",-1.54229994285497,2
"ERBB3","Bin_4",-1.6960849127994,2
"ERBB3","Bin_5",-2.05568729288229,2
"ERBB3","Bin_6",1.37892505289185,2
"ERBB3","Bin_7",-0.357758457632539,2
"ERBB3","Bin_8",-1.51611189115612,2
"ERBB3","Bin_9",-0.0499646462701707,2
"ERBB3","Bin_10",0.501681499828187,2
"ERBB3","Bin_11",0.438303812562609,2
"ERBB3","Bin_12",0.566441136223404,2
"ERBB3","Bin_13",0.450777764108849,2
"ERBB3","Bin_14",0.878846318990865,2
"ERBB3","Bin_15",0.580622555462208,2
"ERBB3","Bin_16",0.28817764764842,2
"ERBB3","Bin_17",0.739026324563051,2
"ERBB3","Bin_18",0.672697608903695,2
"ERBB3","Bin_19",0.71246147540726,2
"ERBB3","Bin_20",0.3756073928592,2
"PSMA3","Bin_1",-0.427826014545346,2
"PSMA3","Bin_2",-1.07982661217105,2
"PSMA3","Bin_3",-1.24352054675509,2
"PSMA3","Bin_4",-0.866312200212396,2
"PSMA3","Bin_5",-1.33952155851829,2
"PSMA3","Bin_6",-1.73064253642077,2
"PSMA3","Bin_7",-1.43522623404289,2
"PSMA3","Bin_8",-0.422677332393939,2
"PSMA3","Bin_9",0.431671618999881,2
"PSMA3","Bin_10",0.890531807636379,2
"PSMA3","Bin_11",1.02026277226097,2
"PSMA3","Bin_12",0.108512898045335,2
"PSMA3","Bin_13",0.744340150700586,2
"PSMA3","Bin_14",0.612462686443375,2
"PSMA3","Bin_15",0.228635543714362,2
"PSMA3","Bin_16",0.564154398137194,2
"PSMA3","Bin_17",0.235067680289678,2
"PSMA3","Bin_18",0.856462991726722,2
"PSMA3","Bin_19",1.68600884735297,2
"PSMA3","Bin_20",1.16744163975231,2
"RBM42","Bin_1",-0.972723976674964,2
"RBM42","Bin_2",-1.45064211189852,2
"RBM42","Bin_3",-1.54030162730741,2
"RBM42","Bin_4",-1.39595603061344,2
"RBM42","Bin_5",-1.67617724804418,2
"RBM42","Bin_6",-0.435323354800926,2
"RBM42","Bin_7",-0.563241655552489,2
"RBM42","Bin_8",-0.203103459055591,2
"RBM42","Bin_9",0.634136171670808,2
"RBM42","Bin_10",1.13673823810364,2
"RBM42","Bin_11",1.17405729611164,2
"RBM42","Bin_12",0.282060413754232,2
"RBM42","Bin_13",0.755315333809205,2
"RBM42","Bin_14",-0.0270119339839836,2
"RBM42","Bin_15",0.143125543891767,2
"RBM42","Bin_16",0.640619294967434,2
"RBM42","Bin_17",0.330589025354323,2
"RBM42","Bin_18",0.408674434464664,2
"RBM42","Bin_19",1.25021325075198,2
"RBM42","Bin_20",1.50895239505181,2
"MRPL3","Bin_1",-0.470682862422913,2
"MRPL3","Bin_2",-0.856291273968318,2
"MRPL3","Bin_3",-1.2808053802696,2
"MRPL3","Bin_4",-0.797702369081946,2
"MRPL3","Bin_5",-1.03107516238431,2
"MRPL3","Bin_6",-1.77424767228903,2
"MRPL3","Bin_7",-1.17213276994317,2
"MRPL3","Bin_8",-1.35948862994796,2
"MRPL3","Bin_9",0.903722545443987,2
"MRPL3","Bin_10",1.28755966766281,2
"MRPL3","Bin_11",0.999811293687355,2
"MRPL3","Bin_12",0.520739735895546,2
"MRPL3","Bin_13",0.630331462854151,2
"MRPL3","Bin_14",0.257943662693648,2
"MRPL3","Bin_15",0.190084501018069,2
"MRPL3","Bin_16",0.27534330625054,2
"MRPL3","Bin_17",0.45231461256582,2
"MRPL3","Bin_18",0.600805778932827,2
"MRPL3","Bin_19",1.36889814047079,2
"MRPL3","Bin_20",1.2548714128317,2
"RPS26","Bin_1",0.363990977013822,2
"RPS26","Bin_2",0.0128320712375734,2
"RPS26","Bin_3",-0.296937766546384,2
"RPS26","Bin_4",-1.33724905525991,2
"RPS26","Bin_5",-0.753653402965266,2
"RPS26","Bin_6",-3.03142202680724,2
"RPS26","Bin_7",-1.27359316276802,2
"RPS26","Bin_8",-0.989991811836233,2
"RPS26","Bin_9",0.67001109339297,2
"RPS26","Bin_10",0.575116455653714,2
"RPS26","Bin_11",0.515682330034028,2
"RPS26","Bin_12",0.580492120936683,2
"RPS26","Bin_13",0.820723647973331,2
"RPS26","Bin_14",0.716006610651199,2
"RPS26","Bin_15",0.659123614760529,2
"RPS26","Bin_16",0.379913370578459,2
"RPS26","Bin_17",0.413932057079575,2
"RPS26","Bin_18",0.57961556763316,2
"RPS26","Bin_19",0.735278643981232,2
"RPS26","Bin_20",0.660128665256767,2
"PFDN4","Bin_1",-1.10573595332492,2
"PFDN4","Bin_2",-1.09837428113125,2
"PFDN4","Bin_3",-1.11619697951652,2
"PFDN4","Bin_4",-1.16264328007601,2
"PFDN4","Bin_5",-1.50173136568725,2
"PFDN4","Bin_6",-1.36886952757598,2
"PFDN4","Bin_7",-0.752334818030327,2
"PFDN4","Bin_8",-1.15827401644209,2
"PFDN4","Bin_9",0.966879839692057,2
"PFDN4","Bin_10",0.610783209999429,2
"PFDN4","Bin_11",0.712136921097587,2
"PFDN4","Bin_12",0.716015859897796,2
"PFDN4","Bin_13",0.876600691394522,2
"PFDN4","Bin_14",0.675803567450138,2
"PFDN4","Bin_15",0.607669522168915,2
"PFDN4","Bin_16",0.455103304430685,2
"PFDN4","Bin_17",0.50424779896385,2
"PFDN4","Bin_18",0.623127208414054,2
"PFDN4","Bin_19",1.26951139741778,2
"PFDN4","Bin_20",1.24628090085753,2
"ANAPC16","Bin_1",0.512526819488365,2
"ANAPC16","Bin_2",-0.451619798320302,2
"ANAPC16","Bin_3",-0.835588790329528,2
"ANAPC16","Bin_4",-1.05826168751308,2
"ANAPC16","Bin_5",-0.776165311016905,2
"ANAPC16","Bin_6",-2.40584398585251,2
"ANAPC16","Bin_7",-1.07913609322914,2
"ANAPC16","Bin_8",-1.22651573612359,2
"ANAPC16","Bin_9",0.44626844874268,2
"ANAPC16","Bin_10",0.721533170755739,2
"ANAPC16","Bin_11",0.530679852300984,2
"ANAPC16","Bin_12",0.205462834414343,2
"ANAPC16","Bin_13",0.201001888041292,2
"ANAPC16","Bin_14",-0.063002517178699,2
"ANAPC16","Bin_15",0.154154115561103,2
"ANAPC16","Bin_16",0.17662496573699,2
"ANAPC16","Bin_17",0.963661797963416,2
"ANAPC16","Bin_18",0.899111082581177,2
"ANAPC16","Bin_19",1.63450524063673,2
"ANAPC16","Bin_20",1.45060370334093,2
"TEAD2","Bin_1",-0.521711088691988,2
"TEAD2","Bin_2",-0.977236151566487,2
"TEAD2","Bin_3",-1.21684036450406,2
"TEAD2","Bin_4",-0.689711128270661,2
"TEAD2","Bin_5",-1.27239907858086,2
"TEAD2","Bin_6",-1.65196116485542,2
"TEAD2","Bin_7",-1.38378574622964,2
"TEAD2","Bin_8",-0.395594404923365,2
"TEAD2","Bin_9",-0.65219150714708,2
"TEAD2","Bin_10",0.205532177483774,2
"TEAD2","Bin_11",0.816546853892789,2
"TEAD2","Bin_12",0.299986199282915,2
"TEAD2","Bin_13",0.470270448140744,2
"TEAD2","Bin_14",0.915019152530289,2
"TEAD2","Bin_15",0.656665327699546,2
"TEAD2","Bin_16",0.75108843715159,2
"TEAD2","Bin_17",0.521074611386723,2
"TEAD2","Bin_18",1.18784629390302,2
"TEAD2","Bin_19",1.71602278971477,2
"TEAD2","Bin_20",1.2213783435834,2
"SELENOF","Bin_1",0.0455110072045329,2
"SELENOF","Bin_2",-0.895099849417206,2
"SELENOF","Bin_3",-0.69927659345131,2
"SELENOF","Bin_4",-0.869008451882527,2
"SELENOF","Bin_5",-1.68510529499075,2
"SELENOF","Bin_6",-2.31002383468926,2
"SELENOF","Bin_7",-1.36624549450615,2
"SELENOF","Bin_8",-0.549409656624453,2
"SELENOF","Bin_9",0.465610161103246,2
"SELENOF","Bin_10",0.770990664660742,2
"SELENOF","Bin_11",0.605786081169236,2
"SELENOF","Bin_12",0.532716627204005,2
"SELENOF","Bin_13",0.597814836602915,2
"SELENOF","Bin_14",0.418878401633374,2
"SELENOF","Bin_15",0.397524030908425,2
"SELENOF","Bin_16",0.45699885748265,2
"SELENOF","Bin_17",0.85507542354459,2
"SELENOF","Bin_18",0.954105945364151,2
"SELENOF","Bin_19",1.24026519661267,2
"SELENOF","Bin_20",1.03289194207111,2
"CD9","Bin_1",-0.135393101838403,2
"CD9","Bin_2",-0.535043506881721,2
"CD9","Bin_3",-0.905753527293221,2
"CD9","Bin_4",-0.931054960997195,2
"CD9","Bin_5",-2.07539188640057,2
"CD9","Bin_6",-2.44147232410275,2
"CD9","Bin_7",-0.858532432544203,2
"CD9","Bin_8",-0.394457042257032,2
"CD9","Bin_9",0.51352896387039,2
"CD9","Bin_10",0.802162078334934,2
"CD9","Bin_11",0.691369015875336,2
"CD9","Bin_12",0.708577940564981,2
"CD9","Bin_13",0.524773836977718,2
"CD9","Bin_14",0.657838464616861,2
"CD9","Bin_15",0.685404275192663,2
"CD9","Bin_16",0.56606966458293,2
"CD9","Bin_17",0.687566708213967,2
"CD9","Bin_18",0.815320195388658,2
"CD9","Bin_19",0.762980706515345,2
"CD9","Bin_20",0.861506932181315,2
"RPS10","Bin_1",0.204251589511648,2
"RPS10","Bin_2",-0.779029877387858,2
"RPS10","Bin_3",-1.42974628252561,2
"RPS10","Bin_4",-1.5787808560529,2
"RPS10","Bin_5",-0.168726035427968,2
"RPS10","Bin_6",-2.5048994123169,2
"RPS10","Bin_7",-1.25934107021447,2
"RPS10","Bin_8",-0.442441524878506,2
"RPS10","Bin_9",0.688683899063417,2
"RPS10","Bin_10",0.71141670582624,2
"RPS10","Bin_11",0.592738066638752,2
"RPS10","Bin_12",0.707819766148352,2
"RPS10","Bin_13",0.966432359297195,2
"RPS10","Bin_14",0.992426381374341,2
"RPS10","Bin_15",0.809595487113976,2
"RPS10","Bin_16",0.534505100424378,2
"RPS10","Bin_17",0.268858691506412,2
"RPS10","Bin_18",0.650109543946805,2
"RPS10","Bin_19",0.570457424812879,2
"RPS10","Bin_20",0.465670043139822,2
"HLA-DQA1","Bin_1",0.0860904178512038,1
"HLA-DQA1","Bin_2",1.0616104267184,1
"HLA-DQA1","Bin_3",1.39486260089096,1
"HLA-DQA1","Bin_4",3.66836612038072,1
"HLA-DQA1","Bin_5",-0.170135067464934,1
"HLA-DQA1","Bin_6",-0.406952071765473,1
"HLA-DQA1","Bin_7",-0.406952071765473,1
"HLA-DQA1","Bin_8",-0.406952071765473,1
"HLA-DQA1","Bin_9",-0.379868620156692,1
"HLA-DQA1","Bin_10",-0.406952071765473,1
"HLA-DQA1","Bin_11",-0.406952071765473,1
"HLA-DQA1","Bin_12",-0.406952071765473,1
"HLA-DQA1","Bin_13",-0.406952071765473,1
"HLA-DQA1","Bin_14",-0.378745928576383,1
"HLA-DQA1","Bin_15",-0.406952071765473,1
"HLA-DQA1","Bin_16",-0.406952071765473,1
"HLA-DQA1","Bin_17",-0.406952071765473,1
"HLA-DQA1","Bin_18",-0.406952071765473,1
"HLA-DQA1","Bin_19",-0.406952071765473,1
"HLA-DQA1","Bin_20",-0.398755088457602,1
"BIRC3","Bin_1",0.696435621133289,1
"BIRC3","Bin_2",2.07037268790597,1
"BIRC3","Bin_3",1.39036545910025,1
"BIRC3","Bin_4",2.98897946503427,1
"BIRC3","Bin_5",-0.472564185100331,1
"BIRC3","Bin_6",-0.565805505307539,1
"BIRC3","Bin_7",-0.565805505307539,1
"BIRC3","Bin_8",-0.146486037031498,1
"BIRC3","Bin_9",-0.504445162296661,1
"BIRC3","Bin_10",-0.405006417793602,1
"BIRC3","Bin_11",-0.370602896860049,1
"BIRC3","Bin_12",-0.409429767629289,1
"BIRC3","Bin_13",-0.451555600217835,1
"BIRC3","Bin_14",-0.449666602825747,1
"BIRC3","Bin_15",-0.313673901532439,1
"BIRC3","Bin_16",-0.424591123870977,1
"BIRC3","Bin_17",-0.534480657667685,1
"BIRC3","Bin_18",-0.509982676653103,1
"BIRC3","Bin_19",-0.504903763940163,1
"BIRC3","Bin_20",-0.517153429139322,1
"GPI","Bin_1",-1.23051930980604,2
"GPI","Bin_2",-1.60424554550528,2
"GPI","Bin_3",-1.65657461657829,2
"GPI","Bin_4",-0.464176731962866,2
"GPI","Bin_5",-1.31421587979611,2
"GPI","Bin_6",0.0725950990483376,2
"GPI","Bin_7",-0.305851716067331,2
"GPI","Bin_8",-1.68110376991331,2
"GPI","Bin_9",0.179682918379011,2
"GPI","Bin_10",0.716932904266017,2
"GPI","Bin_11",0.593306622277837,2
"GPI","Bin_12",0.55267651344132,2
"GPI","Bin_13",0.0911239831848807,2
"GPI","Bin_14",0.0809204400213938,2
"GPI","Bin_15",1.0024847214518,2
"GPI","Bin_16",1.05498038588497,2
"GPI","Bin_17",1.27495211923282,2
"GPI","Bin_18",0.806924672682878,2
"GPI","Bin_19",0.835680640848627,2
"GPI","Bin_20",0.994426548909351,2
"WRB","Bin_1",-0.517336882463178,2
"WRB","Bin_2",-1.10657319682151,2
"WRB","Bin_3",-1.44583362391364,2
"WRB","Bin_4",-1.33778053227024,2
"WRB","Bin_5",-1.33147335621669,2
"WRB","Bin_6",-0.499748621228451,2
"WRB","Bin_7",-1.74445579725368,2
"WRB","Bin_8",-0.854623669114865,2
"WRB","Bin_9",0.425538772160682,2
"WRB","Bin_10",0.639027044935039,2
"WRB","Bin_11",0.539343141595882,2
"WRB","Bin_12",0.838329765821767,2
"WRB","Bin_13",0.285079109137204,2
"WRB","Bin_14",0.34756765306622,2
"WRB","Bin_15",0.456606109845351,2
"WRB","Bin_16",0.683900444833451,2
"WRB","Bin_17",1.25700031423465,2
"WRB","Bin_18",1.15726386506941,2
"WRB","Bin_19",1.02357237366951,2
"WRB","Bin_20",1.18459708491307,2
"MTX2","Bin_1",-0.496880695835068,2
"MTX2","Bin_2",-1.20453281310743,2
"MTX2","Bin_3",-1.28787864471845,2
"MTX2","Bin_4",-0.754516105099214,2
"MTX2","Bin_5",-1.11394705034433,2
"MTX2","Bin_6",-1.76049619937538,2
"MTX2","Bin_7",-1.13464669965243,2
"MTX2","Bin_8",-0.652391593767491,2
"MTX2","Bin_9",0.509561213258359,2
"MTX2","Bin_10",0.83895048189409,2
"MTX2","Bin_11",0.755340734015216,2
"MTX2","Bin_12",0.202878968506788,2
"MTX2","Bin_13",0.28864880855146,2
"MTX2","Bin_14",0.269840292871694,2
"MTX2","Bin_15",0.301741734884501,2
"MTX2","Bin_16",0.123945578186717,2
"MTX2","Bin_17",0.665315045575521,2
"MTX2","Bin_18",1.18070699134029,2
"MTX2","Bin_19",1.58179937084418,2
"MTX2","Bin_20",1.68656058197098,2
"UBB","Bin_1",0.137796175380411,2
"UBB","Bin_2",-0.751563314797839,2
"UBB","Bin_3",-0.729991839249525,2
"UBB","Bin_4",-1.01755430210534,2
"UBB","Bin_5",-1.28378146553971,2
"UBB","Bin_6",-2.62688525402972,2
"UBB","Bin_7",-1.46066386177503,2
"UBB","Bin_8",-0.250560022407461,2
"UBB","Bin_9",0.805299087434139,2
"UBB","Bin_10",0.827273906135069,2
"UBB","Bin_11",0.872685089436504,2
"UBB","Bin_12",0.500682540214737,2
"UBB","Bin_13",0.698708122664069,2
"UBB","Bin_14",0.41388104545236,2
"UBB","Bin_15",0.312803237563331,2
"UBB","Bin_16",0.24690061098313,2
"UBB","Bin_17",0.495029473947465,2
"UBB","Bin_18",0.741858354223832,2
"UBB","Bin_19",1.08687084156741,2
"UBB","Bin_20",0.981211574902173,2
"NR1H2","Bin_1",-0.671970417243734,2
"NR1H2","Bin_2",-1.20347792793852,2
"NR1H2","Bin_3",-1.22168351903047,2
"NR1H2","Bin_4",-1.44867731046447,2
"NR1H2","Bin_5",-1.2873215762505,2
"NR1H2","Bin_6",-0.530361603926523,2
"NR1H2","Bin_7",-0.9217655740737,2
"NR1H2","Bin_8",-1.81672142608095,2
"NR1H2","Bin_9",0.199162664675486,2
"NR1H2","Bin_10",0.9452453576748,2
"NR1H2","Bin_11",0.914333005551487,2
"NR1H2","Bin_12",0.61752410284637,2
"NR1H2","Bin_13",0.768334162355858,2
"NR1H2","Bin_14",0.696397875057057,2
"NR1H2","Bin_15",0.691112796619328,2
"NR1H2","Bin_16",0.761520429664937,2
"NR1H2","Bin_17",1.0802033425304,2
"NR1H2","Bin_18",0.762920337092502,2
"NR1H2","Bin_19",0.860754209692835,2
"NR1H2","Bin_20",0.804471071247805,2
"CCT4","Bin_1",-0.774957016164202,2
"CCT4","Bin_2",-1.11348900781563,2
"CCT4","Bin_3",-1.08785385595593,2
"CCT4","Bin_4",-0.973580531774831,2
"CCT4","Bin_5",-1.35908295444857,2
"CCT4","Bin_6",-1.83323509975371,2
"CCT4","Bin_7",-1.03212131685374,2
"CCT4","Bin_8",-0.772919881749469,2
"CCT4","Bin_9",1.00872635688503,2
"CCT4","Bin_10",1.41009243322276,2
"CCT4","Bin_11",1.02125411352866,2
"CCT4","Bin_12",0.644696103308152,2
"CCT4","Bin_13",0.653415743582901,2
"CCT4","Bin_14",0.21744568650437,2
"CCT4","Bin_15",0.367728693663956,2
"CCT4","Bin_16",0.326763038685994,2
"CCT4","Bin_17",0.50657956508795,2
"CCT4","Bin_18",0.64412653963236,2
"CCT4","Bin_19",1.10469570725403,2
"CCT4","Bin_20",1.04171568315993,2
"KIN","Bin_1",-1.06789142811387,2
"KIN","Bin_2",-1.03322829961003,2
"KIN","Bin_3",-1.11090030624214,2
"KIN","Bin_4",-1.13590139373477,2
"KIN","Bin_5",-1.66134371907767,2
"KIN","Bin_6",-1.66134371907767,2
"KIN","Bin_7",-0.421876189750339,2
"KIN","Bin_8",-0.450166952284559,2
"KIN","Bin_9",0.308305259019068,2
"KIN","Bin_10",0.890799939585917,2
"KIN","Bin_11",1.04049625516383,2
"KIN","Bin_12",0.261312703083298,2
"KIN","Bin_13",-0.0062111408081648,2
"KIN","Bin_14",0.221852343638136,2
"KIN","Bin_15",0.478355588042691,2
"KIN","Bin_16",0.698937068520682,2
"KIN","Bin_17",1.00346633142776,2
"KIN","Bin_18",1.03072601141442,2
"KIN","Bin_19",1.49887120467587,2
"KIN","Bin_20",1.11574044412753,2
"PLAT","Bin_1",3.7908200745181,1
"PLAT","Bin_2",1.04663952825558,1
"PLAT","Bin_3",1.18040594472571,1
"PLAT","Bin_4",-0.25493525580984,1
"PLAT","Bin_5",-0.362505306814868,1
"PLAT","Bin_6",-0.362505306814868,1
"PLAT","Bin_7",-0.362505306814868,1
"PLAT","Bin_8",-0.362505306814868,1
"PLAT","Bin_9",-0.362505306814868,1
"PLAT","Bin_10",-0.358977420463757,1
"PLAT","Bin_11",-0.359633900002055,1
"PLAT","Bin_12",-0.362505306814868,1
"PLAT","Bin_13",-0.356940634788135,1
"PLAT","Bin_14",-0.362505306814868,1
"PLAT","Bin_15",-0.358889750902575,1
"PLAT","Bin_16",-0.350712477440103,1
"PLAT","Bin_17",-0.356395984345596,1
"PLAT","Bin_18",-0.362505306814868,1
"PLAT","Bin_19",-0.358832362413505,1
"PLAT","Bin_20",-0.362505306814868,1
"KIAA1324","Bin_1",1.9039249011482,2
"KIAA1324","Bin_2",-0.365033800156757,2
"KIAA1324","Bin_3",-1.21549657761843,2
"KIAA1324","Bin_4",-1.91102292417902,2
"KIAA1324","Bin_5",-1.9407266557252,2
"KIAA1324","Bin_6",-0.130458686120394,2
"KIAA1324","Bin_7",0.295726475853429,2
"KIAA1324","Bin_8",-0.692898616688007,2
"KIAA1324","Bin_9",-0.603061795634456,2
"KIAA1324","Bin_10",-0.7457541674647,2
"KIAA1324","Bin_11",0.00334979846697343,2
"KIAA1324","Bin_12",0.533004893218269,2
"KIAA1324","Bin_13",0.00929421757678417,2
"KIAA1324","Bin_14",0.510023902334391,2
"KIAA1324","Bin_15",0.533828066449593,2
"KIAA1324","Bin_16",0.108307694746532,2
"KIAA1324","Bin_17",1.08448556493197,2
"KIAA1324","Bin_18",1.18226186663431,2
"KIAA1324","Bin_19",0.278806928045816,2
"KIAA1324","Bin_20",1.1614389141807,2
"SHKBP1","Bin_1",-0.67060441102162,2
"SHKBP1","Bin_2",-1.1960264573441,2
"SHKBP1","Bin_3",-1.39508079395999,2
"SHKBP1","Bin_4",-1.14933699271074,2
"SHKBP1","Bin_5",-1.28842015752804,2
"SHKBP1","Bin_6",-1.50025374879007,2
"SHKBP1","Bin_7",-1.0982327321681,2
"SHKBP1","Bin_8",-0.484131706330634,2
"SHKBP1","Bin_9",0.946122835656094,2
"SHKBP1","Bin_10",1.50945617650292,2
"SHKBP1","Bin_11",1.04765292005557,2
"SHKBP1","Bin_12",0.668404497740683,2
"SHKBP1","Bin_13",0.368627624155031,2
"SHKBP1","Bin_14",0.279602070866849,2
"SHKBP1","Bin_15",0.304719552238237,2
"SHKBP1","Bin_16",0.197928083303219,2
"SHKBP1","Bin_17",0.388592546031109,2
"SHKBP1","Bin_18",0.76631126702964,2
"SHKBP1","Bin_19",1.29942239473695,2
"SHKBP1","Bin_20",1.00524703153699,2
"MAL","Bin_1",-0.77731187347463,2
"MAL","Bin_2",-0.74146670716975,2
"MAL","Bin_3",-0.649224659424717,2
"MAL","Bin_4",-0.700655447470531,2
"MAL","Bin_5",-0.77731187347463,2
"MAL","Bin_6",-0.77731187347463,2
"MAL","Bin_7",-0.77731187347463,2
"MAL","Bin_8",-0.77731187347463,2
"MAL","Bin_9",-0.135572011329569,2
"MAL","Bin_10",-0.397933497965873,2
"MAL","Bin_11",-0.448973501722878,2
"MAL","Bin_12",-0.425342239902114,2
"MAL","Bin_13",0.148922592571476,2
"MAL","Bin_14",-0.0478251636313427,2
"MAL","Bin_15",0.386956240192099,2
"MAL","Bin_16",-0.179888925147312,2
"MAL","Bin_17",1.88614851011747,2
"MAL","Bin_18",2.18790709147969,2
"MAL","Bin_19",2.17105997683791,2
"MAL","Bin_20",0.832447109938592,2
"A2M","Bin_1",-0.285045565262853,1
"A2M","Bin_2",2.37855077908763,1
"A2M","Bin_3",3.2183230429102,1
"A2M","Bin_4",0.750779598032289,1
"A2M","Bin_5",-0.182582602005055,1
"A2M","Bin_6",-0.400344590596324,1
"A2M","Bin_7",-0.400344590596324,1
"A2M","Bin_8",-0.400344590596324,1
"A2M","Bin_9",-0.370959936708176,1
"A2M","Bin_10",-0.400344590596324,1
"A2M","Bin_11",-0.394259842760234,1
"A2M","Bin_12",-0.378076376511139,1
"A2M","Bin_13",-0.392555501705793,1
"A2M","Bin_14",-0.400344590596324,1
"A2M","Bin_15",-0.395294086766876,1
"A2M","Bin_16",-0.382021449862829,1
"A2M","Bin_17",-0.400344590596324,1
"A2M","Bin_18",-0.400344590596324,1
"A2M","Bin_19",-0.392824923657858,1
"A2M","Bin_20",-0.371621000615036,1
"IGLC3","Bin_1",0.806080523583767,1
"IGLC3","Bin_2",2.26756990402763,1
"IGLC3","Bin_3",1.12115007130227,1
"IGLC3","Bin_4",2.31440412034003,1
"IGLC3","Bin_5",1.51674754835385,1
"IGLC3","Bin_6",-0.535063477840503,1
"IGLC3","Bin_7",-0.535063477840503,1
"IGLC3","Bin_8",-0.535063477840503,1
"IGLC3","Bin_9",-0.535063477840503,1
"IGLC3","Bin_10",-0.535063477840503,1
"IGLC3","Bin_11",-0.535063477840503,1
"IGLC3","Bin_12",-0.535063477840503,1
"IGLC3","Bin_13",-0.535063477840503,1
"IGLC3","Bin_14",-0.535063477840503,1
"IGLC3","Bin_15",-0.535063477840503,1
"IGLC3","Bin_16",-0.535063477840503,1
"IGLC3","Bin_17",-0.535063477840503,1
"IGLC3","Bin_18",-0.535063477840503,1
"IGLC3","Bin_19",-0.535063477840503,1
"IGLC3","Bin_20",-0.535063477840503,1
"MFSD1","Bin_1",-1.02123218942855,2
"MFSD1","Bin_2",-0.664884928174741,2
"MFSD1","Bin_3",-1.01868513710357,2
"MFSD1","Bin_4",-1.25663759192107,2
"MFSD1","Bin_5",-1.69840190312151,2
"MFSD1","Bin_6",-1.86492481251287,2
"MFSD1","Bin_7",0.00659014905777155,2
"MFSD1","Bin_8",0.425940636707271,2
"MFSD1","Bin_9",0.0407508455852316,2
"MFSD1","Bin_10",0.0343008593959417,2
"MFSD1","Bin_11",0.204859285981801,2
"MFSD1","Bin_12",0.141715413823103,2
"MFSD1","Bin_13",0.283858831597678,2
"MFSD1","Bin_14",0.38643057869356,2
"MFSD1","Bin_15",0.18790813050778,2
"MFSD1","Bin_16",0.259628837166348,2
"MFSD1","Bin_17",0.993445195629901,2
"MFSD1","Bin_18",1.50324922466104,2
"MFSD1","Bin_19",1.66970214766564,2
"MFSD1","Bin_20",1.38638642578923,2
"NECTIN4","Bin_1",-0.782636059483474,2
"NECTIN4","Bin_2",-1.2056766198394,2
"NECTIN4","Bin_3",-1.78516545406585,2
"NECTIN4","Bin_4",-1.347613244066,2
"NECTIN4","Bin_5",-1.94497230497685,2
"NECTIN4","Bin_6",-0.613109286791114,2
"NECTIN4","Bin_7",1.56119273378538,2
"NECTIN4","Bin_8",-0.779604054678877,2
"NECTIN4","Bin_9",0.688139012897314,2
"NECTIN4","Bin_10",0.969807370370903,2
"NECTIN4","Bin_11",0.773367244716386,2
"NECTIN4","Bin_12",0.490996416960644,2
"NECTIN4","Bin_13",0.660312990664651,2
"NECTIN4","Bin_14",0.586771670616698,2
"NECTIN4","Bin_15",0.604728398555341,2
"NECTIN4","Bin_16",0.271213345298052,2
"NECTIN4","Bin_17",0.834987533981157,2
"NECTIN4","Bin_18",0.465910622911075,2
"NECTIN4","Bin_19",0.582227071947202,2
"NECTIN4","Bin_20",-0.0308773888032369,2
"PYM1","Bin_1",-0.638105790402268,2
"PYM1","Bin_2",-1.15023323454775,2
"PYM1","Bin_3",-1.02399397250868,2
"PYM1","Bin_4",-1.2308676786104,2
"PYM1","Bin_5",-1.27259009519813,2
"PYM1","Bin_6",-1.68107617755355,2
"PYM1","Bin_7",-0.950950953775122,2
"PYM1","Bin_8",-1.25379695826474,2
"PYM1","Bin_9",0.3837354283822,2
"PYM1","Bin_10",0.679129192544195,2
"PYM1","Bin_11",0.727038204445817,2
"PYM1","Bin_12",0.68797179814021,2
"PYM1","Bin_13",0.509404800277802,2
"PYM1","Bin_14",0.823550110809735,2
"PYM1","Bin_15",0.656896164278403,2
"PYM1","Bin_16",0.498890862193607,2
"PYM1","Bin_17",0.850057517971288,2
"PYM1","Bin_18",1.05957885674198,2
"PYM1","Bin_19",1.10387002849774,2
"PYM1","Bin_20",1.22149189657767,2
"SEC11C","Bin_1",-0.577176615220811,2
"SEC11C","Bin_2",-0.71648341533395,2
"SEC11C","Bin_3",-1.11057636402121,2
"SEC11C","Bin_4",-0.796060661730524,2
"SEC11C","Bin_5",-1.57125514445694,2
"SEC11C","Bin_6",-0.621016192738103,2
"SEC11C","Bin_7",-1.23973192506332,2
"SEC11C","Bin_8",-1.19812484438361,2
"SEC11C","Bin_9",0.204318619631827,2
"SEC11C","Bin_10",0.799176247122738,2
"SEC11C","Bin_11",0.327794108193114,2
"SEC11C","Bin_12",0.0500665355892658,2
"SEC11C","Bin_13",0.22254692572333,2
"SEC11C","Bin_14",0.142162240976648,2
"SEC11C","Bin_15",0.143847143600622,2
"SEC11C","Bin_16",-0.181047661480304,2
"SEC11C","Bin_17",1.37688061382667,2
"SEC11C","Bin_18",1.56957634576055,2
"SEC11C","Bin_19",1.85762527827607,2
"SEC11C","Bin_20",1.31747876572794,2
"PLLP","Bin_1",-1.13109999733117,2
"PLLP","Bin_2",-0.949746917883501,2
"PLLP","Bin_3",-1.27582979543431,2
"PLLP","Bin_4",-1.39735270950972,2
"PLLP","Bin_5",-1.32340454135072,2
"PLLP","Bin_6",-1.42888684650026,2
"PLLP","Bin_7",-1.01167233894209,2
"PLLP","Bin_8",-0.336900070466999,2
"PLLP","Bin_9",0.180831542893015,2
"PLLP","Bin_10",0.56020185879387,2
"PLLP","Bin_11",0.689057481999387,2
"PLLP","Bin_12",0.593919572466108,2
"PLLP","Bin_13",0.629756347906991,2
"PLLP","Bin_14",0.999566729042223,2
"PLLP","Bin_15",0.833187106357411,2
"PLLP","Bin_16",0.122153758509822,2
"PLLP","Bin_17",0.840516863812884,2
"PLLP","Bin_18",1.66186381617586,2
"PLLP","Bin_19",1.01421460213245,2
"PLLP","Bin_20",0.729623537328745,2
"FARSA","Bin_1",-0.490207329336845,2
"FARSA","Bin_2",-1.14497483131035,2
"FARSA","Bin_3",-1.2626619011415,2
"FARSA","Bin_4",-0.63470826217806,2
"FARSA","Bin_5",-1.3196525913104,2
"FARSA","Bin_6",-1.61551147920027,2
"FARSA","Bin_7",-0.812501168851025,2
"FARSA","Bin_8",-0.893834340759376,2
"FARSA","Bin_9",0.28001931898529,2
"FARSA","Bin_10",0.962186440675664,2
"FARSA","Bin_11",0.805756167361366,2
"FARSA","Bin_12",0.0295507269377156,2
"FARSA","Bin_13",0.607676837288436,2
"FARSA","Bin_14",0.23533665972289,2
"FARSA","Bin_15",-0.0161562266508307,2
"FARSA","Bin_16",0.546505575435302,2
"FARSA","Bin_17",0.327921952334691,2
"FARSA","Bin_18",0.779816604590825,2
"FARSA","Bin_19",1.88467883589544,2
"FARSA","Bin_20",1.73075901151103,2
"TMEM258","Bin_1",-0.218715827080826,2
"TMEM258","Bin_2",-0.698754548972554,2
"TMEM258","Bin_3",-0.944235701530154,2
"TMEM258","Bin_4",-0.133617920353986,2
"TMEM258","Bin_5",-1.24561946795482,2
"TMEM258","Bin_6",-2.55835887834042,2
"TMEM258","Bin_7",-1.26135371726549,2
"TMEM258","Bin_8",-1.03753664316718,2
"TMEM258","Bin_9",0.20818239746248,2
"TMEM258","Bin_10",0.272136593490259,2
"TMEM258","Bin_11",0.519601087271029,2
"TMEM258","Bin_12",0.503549684662152,2
"TMEM258","Bin_13",0.23034544134489,2
"TMEM258","Bin_14",0.49029302240892,2
"TMEM258","Bin_15",0.819252506435089,2
"TMEM258","Bin_16",0.874847191251738,2
"TMEM258","Bin_17",1.18635804973155,2
"TMEM258","Bin_18",1.11793846034515,2
"TMEM258","Bin_19",0.899453133938094,2
"TMEM258","Bin_20",0.976235136324076,2
"CHCHD1","Bin_1",-0.316655535907017,2
"CHCHD1","Bin_2",-1.13178942724132,2
"CHCHD1","Bin_3",-1.23049867088953,2
"CHCHD1","Bin_4",-1.03688795423428,2
"CHCHD1","Bin_5",-1.15789725435145,2
"CHCHD1","Bin_6",-1.94815745854055,2
"CHCHD1","Bin_7",-1.13499447285656,2
"CHCHD1","Bin_8",-0.520694000852747,2
"CHCHD1","Bin_9",0.923135024149768,2
"CHCHD1","Bin_10",1.33123139822465,2
"CHCHD1","Bin_11",1.07629768398775,2
"CHCHD1","Bin_12",0.682237323655427,2
"CHCHD1","Bin_13",0.426805802472094,2
"CHCHD1","Bin_14",0.0187655317343056,2
"CHCHD1","Bin_15",0.133776146303997,2
"CHCHD1","Bin_16",0.341767828954396,2
"CHCHD1","Bin_17",0.523367745815728,2
"CHCHD1","Bin_18",0.464328122806395,2
"CHCHD1","Bin_19",1.35847172674695,2
"CHCHD1","Bin_20",1.19739044002199,2
"RPL6","Bin_1",0.198433680397874,2
"RPL6","Bin_2",0.0966490683464481,2
"RPL6","Bin_3",0.100479215475801,2
"RPL6","Bin_4",-1.40212618474609,2
"RPL6","Bin_5",-0.184104245168447,2
"RPL6","Bin_6",-2.96842293587239,2
"RPL6","Bin_7",-2.10337267053849,2
"RPL6","Bin_8",-0.114553371293141,2
"RPL6","Bin_9",0.494252611340637,2
"RPL6","Bin_10",0.509520946042798,2
"RPL6","Bin_11",0.313072865787166,2
"RPL6","Bin_12",0.647430703257284,2
"RPL6","Bin_13",0.752558236693514,2
"RPL6","Bin_14",0.837692247913177,2
"RPL6","Bin_15",0.644193772634878,2
"RPL6","Bin_16",0.411219467037098,2
"RPL6","Bin_17",0.394119442683709,2
"RPL6","Bin_18",0.553370202349302,2
"RPL6","Bin_19",0.51432389048084,2
"RPL6","Bin_20",0.305263057178023,2
"UROD","Bin_1",-0.165002856002942,2
"UROD","Bin_2",-1.32418328371991,2
"UROD","Bin_3",-1.25403069009423,2
"UROD","Bin_4",-1.46123992187919,2
"UROD","Bin_5",-1.58826691647303,2
"UROD","Bin_6",-0.938222254514941,2
"UROD","Bin_7",-0.977629315380098,2
"UROD","Bin_8",-0.719101573685986,2
"UROD","Bin_9",0.430918701345117,2
"UROD","Bin_10",1.01695941666649,2
"UROD","Bin_11",0.821026846613386,2
"UROD","Bin_12",0.554119897182738,2
"UROD","Bin_13",0.0731271744661219,2
"UROD","Bin_14",0.0165476014556996,2
"UROD","Bin_15",0.0782974208675075,2
"UROD","Bin_16",0.563936918083253,2
"UROD","Bin_17",0.868539770211189,2
"UROD","Bin_18",1.2739312894188,2
"UROD","Bin_19",1.34906811443822,2
"UROD","Bin_20",1.3812036610018,2
"SPATC1L","Bin_1",-1.04940707411402,2
"SPATC1L","Bin_2",-1.22466985923063,2
"SPATC1L","Bin_3",-1.62373734989077,2
"SPATC1L","Bin_4",-1.01223887110474,2
"SPATC1L","Bin_5",-1.37938006105115,2
"SPATC1L","Bin_6",-0.497907383582091,2
"SPATC1L","Bin_7",-0.961123221298308,2
"SPATC1L","Bin_8",-0.895428749794498,2
"SPATC1L","Bin_9",0.101554209285705,2
"SPATC1L","Bin_10",1.15657805564238,2
"SPATC1L","Bin_11",0.740742173272342,2
"SPATC1L","Bin_12",0.731027567286252,2
"SPATC1L","Bin_13",0.0355747002382338,2
"SPATC1L","Bin_14",0.0071949372589296,2
"SPATC1L","Bin_15",0.758360749661315,2
"SPATC1L","Bin_16",0.552999668133947,2
"SPATC1L","Bin_17",0.747033020807131,2
"SPATC1L","Bin_18",1.01572826508263,2
"SPATC1L","Bin_19",1.55128928911122,2
"SPATC1L","Bin_20",1.24580993428612,2
"FADS2","Bin_1",-1.19855396027269,2
"FADS2","Bin_2",-1.37171606229788,2
"FADS2","Bin_3",-1.3631797326355,2
"FADS2","Bin_4",-0.8796249458377,2
"FADS2","Bin_5",-1.42549857579877,2
"FADS2","Bin_6",-1.42549857579877,2
"FADS2","Bin_7",0.339876158857867,2
"FADS2","Bin_8",-1.03845287322186,2
"FADS2","Bin_9",0.531899133120211,2
"FADS2","Bin_10",1.20099002632015,2
"FADS2","Bin_11",0.751196732300038,2
"FADS2","Bin_12",0.778427418493097,2
"FADS2","Bin_13",0.41438999025789,2
"FADS2","Bin_14",0.217495237793719,2
"FADS2","Bin_15",0.0946619340142398,2
"FADS2","Bin_16",0.193606993392907,2
"FADS2","Bin_17",0.655965563396853,2
"FADS2","Bin_18",1.02252913132384,2
"FADS2","Bin_19",1.13608980872782,2
"FADS2","Bin_20",1.36539659786454,2
"TFPT","Bin_1",-0.95334867039121,2
"TFPT","Bin_2",-1.37863721650889,2
"TFPT","Bin_3",-1.37698754153399,2
"TFPT","Bin_4",-1.08503610436564,2
"TFPT","Bin_5",-0.92149390870023,2
"TFPT","Bin_6",-0.935562939526175,2
"TFPT","Bin_7",-1.23774560755059,2
"TFPT","Bin_8",-1.4282087065012,2
"TFPT","Bin_9",0.59395728790644,2
"TFPT","Bin_10",1.09615875731683,2
"TFPT","Bin_11",1.10385719248927,2
"TFPT","Bin_12",0.966502449724179,2
"TFPT","Bin_13",0.865039456675512,2
"TFPT","Bin_14",0.897506692405551,2
"TFPT","Bin_15",0.885684066288147,2
"TFPT","Bin_16",0.724119196732072,2
"TFPT","Bin_17",0.535778955131441,2
"TFPT","Bin_18",0.742559209707206,2
"TFPT","Bin_19",0.488628049486414,2
"TFPT","Bin_20",0.417229381214848,2
"RRAGA","Bin_1",-0.45468108505341,2
"RRAGA","Bin_2",-0.690257141382648,2
"RRAGA","Bin_3",-1.12273695948215,2
"RRAGA","Bin_4",-1.18692586017039,2
"RRAGA","Bin_5",-1.48761579654496,2
"RRAGA","Bin_6",-1.41917288903127,2
"RRAGA","Bin_7",-1.92270987072721,2
"RRAGA","Bin_8",1.37885172309505,2
"RRAGA","Bin_9",-0.0288423674941432,2
"RRAGA","Bin_10",0.297784286051175,2
"RRAGA","Bin_11",0.511604144497361,2
"RRAGA","Bin_12",0.286596841427193,2
"RRAGA","Bin_13",0.438186654528894,2
"RRAGA","Bin_14",0.37255233472998,2
"RRAGA","Bin_15",0.464651899234338,2
"RRAGA","Bin_16",0.3367814015436,2
"RRAGA","Bin_17",1.03482964890295,2
"RRAGA","Bin_18",0.652317943828435,2
"RRAGA","Bin_19",1.33926875838837,2
"RRAGA","Bin_20",1.19951633365884,2
"CALR","Bin_1",-0.537211905963766,2
"CALR","Bin_2",-0.835724429432633,2
"CALR","Bin_3",-1.24015664633449,2
"CALR","Bin_4",0.328346816695868,2
"CALR","Bin_5",-1.93930518196177,2
"CALR","Bin_6",-2.00507902977692,2
"CALR","Bin_7",-1.04932628952588,2
"CALR","Bin_8",-0.655593047199007,2
"CALR","Bin_9",0.153561141252471,2
"CALR","Bin_10",0.353038726150534,2
"CALR","Bin_11",0.55446701681202,2
"CALR","Bin_12",0.110306158797739,2
"CALR","Bin_13",0.268267257758391,2
"CALR","Bin_14",0.449482871078016,2
"CALR","Bin_15",0.730205886915935,2
"CALR","Bin_16",0.850857837442749,2
"CALR","Bin_17",1.33125502453489,2
"CALR","Bin_18",0.954362011882166,2
"CALR","Bin_19",1.10685715542499,2
"CALR","Bin_20",1.07138862544869,2
"MAP3K13","Bin_1",-0.642072034248965,2
"MAP3K13","Bin_2",-0.608496656297246,2
"MAP3K13","Bin_3",-1.24973012946895,2
"MAP3K13","Bin_4",-1.15409643029398,2
"MAP3K13","Bin_5",-1.58507376110706,2
"MAP3K13","Bin_6",-1.79522378938444,2
"MAP3K13","Bin_7",-1.09863856120723,2
"MAP3K13","Bin_8",-1.01393436580268,2
"MAP3K13","Bin_9",0.50058801351664,2
"MAP3K13","Bin_10",1.0384053730499,2
"MAP3K13","Bin_11",0.987035379192975,2
"MAP3K13","Bin_12",1.02519292341597,2
"MAP3K13","Bin_13",0.56308312896104,2
"MAP3K13","Bin_14",0.518814950645273,2
"MAP3K13","Bin_15",0.716038590480804,2
"MAP3K13","Bin_16",0.718902670631923,2
"MAP3K13","Bin_17",0.824719772672671,2
"MAP3K13","Bin_18",0.810927690836364,2
"MAP3K13","Bin_19",0.765149084952202,2
"MAP3K13","Bin_20",0.678408149454784,2
"POLR2F","Bin_1",-0.495325739093538,2
"POLR2F","Bin_2",-0.949595619759743,2
"POLR2F","Bin_3",-1.11768371287527,2
"POLR2F","Bin_4",-0.685462011403954,2
"POLR2F","Bin_5",-0.410303014116845,2
"POLR2F","Bin_6",-1.51690543085937,2
"POLR2F","Bin_7",-1.22643375638905,2
"POLR2F","Bin_8",-1.68341634460913,2
"POLR2F","Bin_9",0.921435543706127,2
"POLR2F","Bin_10",0.994531395890301,2
"POLR2F","Bin_11",0.726757370540877,2
"POLR2F","Bin_12",0.163273290943482,2
"POLR2F","Bin_13",0.482304219124525,2
"POLR2F","Bin_14",-0.0505999981701494,2
"POLR2F","Bin_15",0.0993474379408497,2
"POLR2F","Bin_16",0.0319349536365708,2
"POLR2F","Bin_17",0.400215534331742,2
"POLR2F","Bin_18",1.03370590743225,2
"POLR2F","Bin_19",1.83113905215975,2
"POLR2F","Bin_20",1.45108092157057,2
"MYDGF","Bin_1",0.435788302841496,2
"MYDGF","Bin_2",-0.84718005915217,2
"MYDGF","Bin_3",-1.04682673856274,2
"MYDGF","Bin_4",-0.646872650637205,2
"MYDGF","Bin_5",-1.28666886249863,2
"MYDGF","Bin_6",-1.94961676436773,2
"MYDGF","Bin_7",-1.76202782360298,2
"MYDGF","Bin_8",-0.706536126877922,2
"MYDGF","Bin_9",-0.137382447201456,2
"MYDGF","Bin_10",0.401239714237481,2
"MYDGF","Bin_11",0.829143940678646,2
"MYDGF","Bin_12",0.307846857719967,2
"MYDGF","Bin_13",0.372133530443346,2
"MYDGF","Bin_14",0.237106018863416,2
"MYDGF","Bin_15",0.594107629252915,2
"MYDGF","Bin_16",0.751957064731408,2
"MYDGF","Bin_17",1.66182569712575,2
"MYDGF","Bin_18",0.875607868100181,2
"MYDGF","Bin_19",0.760893189923968,2
"MYDGF","Bin_20",1.15546165898226,2
"RAB1A","Bin_1",-0.379694363493031,2
"RAB1A","Bin_2",-0.807899388479445,2
"RAB1A","Bin_3",-1.08264952870641,2
"RAB1A","Bin_4",-0.696474573805211,2
"RAB1A","Bin_5",-1.62565703008135,2
"RAB1A","Bin_6",-1.9458525982346,2
"RAB1A","Bin_7",-1.65998736682982,2
"RAB1A","Bin_8",-0.137627680152815,2
"RAB1A","Bin_9",0.583726405576592,2
"RAB1A","Bin_10",0.559831490728084,2
"RAB1A","Bin_11",0.577232908157184,2
"RAB1A","Bin_12",0.66664653532785,2
"RAB1A","Bin_13",0.234759031426538,2
"RAB1A","Bin_14",0.0433848361998155,2
"RAB1A","Bin_15",0.54727976285315,2
"RAB1A","Bin_16",0.566899407120808,2
"RAB1A","Bin_17",1.17316361187254,2
"RAB1A","Bin_18",1.08220693317695,2
"RAB1A","Bin_19",1.28919448106265,2
"RAB1A","Bin_20",1.01151712628053,2
"CTHRC1","Bin_1",-0.567689322796148,2
"CTHRC1","Bin_2",-0.688828557008154,2
"CTHRC1","Bin_3",-0.681985711567458,2
"CTHRC1","Bin_4",0.963661434034591,2
"CTHRC1","Bin_5",0.00473038830470279,2
"CTHRC1","Bin_6",-0.762052452553978,2
"CTHRC1","Bin_7",-0.762052452553978,2
"CTHRC1","Bin_8",-0.506347844823658,2
"CTHRC1","Bin_9",-0.582247837210217,2
"CTHRC1","Bin_10",-0.637015319982937,2
"CTHRC1","Bin_11",-0.556309973323055,2
"CTHRC1","Bin_12",-0.583722682051867,2
"CTHRC1","Bin_13",-0.664901698609734,2
"CTHRC1","Bin_14",-0.59450734556045,2
"CTHRC1","Bin_15",-0.220571749764941,2
"CTHRC1","Bin_16",-0.3502346616261,2
"CTHRC1","Bin_17",1.79028288562145,2
"CTHRC1","Bin_18",1.55082779598586,2
"CTHRC1","Bin_19",2.00299511124055,2
"CTHRC1","Bin_20",1.84596999424552,2
"C1orf43","Bin_1",-0.375414942331159,2
"C1orf43","Bin_2",-1.12623373902917,2
"C1orf43","Bin_3",-1.23537429756015,2
"C1orf43","Bin_4",-0.524649973867583,2
"C1orf43","Bin_5",-1.20949019348414,2
"C1orf43","Bin_6",-1.9554718870773,2
"C1orf43","Bin_7",-1.58677255045759,2
"C1orf43","Bin_8",-0.816709427827042,2
"C1orf43","Bin_9",0.500912794899664,2
"C1orf43","Bin_10",0.942679019908227,2
"C1orf43","Bin_11",1.01399795202316,2
"C1orf43","Bin_12",0.569374520473842,2
"C1orf43","Bin_13",0.575460368179701,2
"C1orf43","Bin_14",0.484572130908683,2
"C1orf43","Bin_15",0.401989678894753,2
"C1orf43","Bin_16",0.558786174881307,2
"C1orf43","Bin_17",0.72993437436105,2
"C1orf43","Bin_18",0.717927605864053,2
"C1orf43","Bin_19",1.08727744080561,2
"C1orf43","Bin_20",1.24720495043408,2
"REEP5","Bin_1",1.12843550436631,2
"REEP5","Bin_2",-0.602929403275815,2
"REEP5","Bin_3",-0.771142831284192,2
"REEP5","Bin_4",-1.31783979864551,2
"REEP5","Bin_5",-1.73212116405982,2
"REEP5","Bin_6",-1.99250715434989,2
"REEP5","Bin_7",-0.701999766860771,2
"REEP5","Bin_8",-1.39610669328548,2
"REEP5","Bin_9",0.527405827112555,2
"REEP5","Bin_10",0.914205794166913,2
"REEP5","Bin_11",0.832375148849653,2
"REEP5","Bin_12",0.767234428923159,2
"REEP5","Bin_13",0.0601670764704643,2
"REEP5","Bin_14",-0.00318773405329688,2
"REEP5","Bin_15",0.441290765679753,2
"REEP5","Bin_16",0.636208158816731,2
"REEP5","Bin_17",0.929005739338764,2
"REEP5","Bin_18",0.637264172411004,2
"REEP5","Bin_19",0.825477935169607,2
"REEP5","Bin_20",0.818763994509864,2
"MSRB2","Bin_1",-0.159076099034996,2
"MSRB2","Bin_2",-0.781213615821919,2
"MSRB2","Bin_3",-0.720810792279276,2
"MSRB2","Bin_4",-1.0951193928479,2
"MSRB2","Bin_5",-1.09500566895744,2
"MSRB2","Bin_6",-1.76572236543472,2
"MSRB2","Bin_7",-1.2592421650823,2
"MSRB2","Bin_8",-1.76572236543472,2
"MSRB2","Bin_9",0.232295369027325,2
"MSRB2","Bin_10",1.03642143738479,2
"MSRB2","Bin_11",0.986649347658832,2
"MSRB2","Bin_12",1.24378880976744,2
"MSRB2","Bin_13",0.15047982973373,2
"MSRB2","Bin_14",0.221344876033498,2
"MSRB2","Bin_15",0.648284914529611,2
"MSRB2","Bin_16",0.882736213359431,2
"MSRB2","Bin_17",0.611878906376425,2
"MSRB2","Bin_18",0.798529093262474,2
"MSRB2","Bin_19",0.814933232519347,2
"MSRB2","Bin_20",1.01457043524036,2
"SFT2D1","Bin_1",-0.0302999937604529,2
"SFT2D1","Bin_2",-0.814656258239048,2
"SFT2D1","Bin_3",-1.13109652853791,2
"SFT2D1","Bin_4",-0.922002471796021,2
"SFT2D1","Bin_5",-1.20572352553535,2
"SFT2D1","Bin_6",-1.90500478841491,2
"SFT2D1","Bin_7",-1.26345843811851,2
"SFT2D1","Bin_8",-1.31293353475424,2
"SFT2D1","Bin_9",0.527622521002847,2
"SFT2D1","Bin_10",1.00188091724768,2
"SFT2D1","Bin_11",0.825088057344494,2
"SFT2D1","Bin_12",0.708418937782713,2
"SFT2D1","Bin_13",0.195428473274822,2
"SFT2D1","Bin_14",0.0250308979639769,2
"SFT2D1","Bin_15",0.401350724759695,2
"SFT2D1","Bin_16",0.539157986680244,2
"SFT2D1","Bin_17",0.851302016577046,2
"SFT2D1","Bin_18",1.08600023872987,2
"SFT2D1","Bin_19",1.2662580305268,2
"SFT2D1","Bin_20",1.15763673726625,2
"ERLEC1","Bin_1",-0.0877835854390335,2
"ERLEC1","Bin_2",-0.560178658961865,2
"ERLEC1","Bin_3",-1.35044508739,2
"ERLEC1","Bin_4",-0.852952371905785,2
"ERLEC1","Bin_5",-1.62309203227571,2
"ERLEC1","Bin_6",-1.9809253742872,2
"ERLEC1","Bin_7",0.121670794975671,2
"ERLEC1","Bin_8",-0.960127512101674,2
"ERLEC1","Bin_9",-0.193022255463656,2
"ERLEC1","Bin_10",0.268854538074333,2
"ERLEC1","Bin_11",0.41109440055266,2
"ERLEC1","Bin_12",0.297499835680787,2
"ERLEC1","Bin_13",-0.299562657014243,2
"ERLEC1","Bin_14",0.174211446121841,2
"ERLEC1","Bin_15",0.606763015240865,2
"ERLEC1","Bin_16",0.883637321156815,2
"ERLEC1","Bin_17",1.74769485238762,2
"ERLEC1","Bin_18",1.3719268020979,2
"ERLEC1","Bin_19",0.94303474491813,2
"ERLEC1","Bin_20",1.08170178363255,2
"PAK4","Bin_1",-0.655718844227071,2
"PAK4","Bin_2",-1.22335953426933,2
"PAK4","Bin_3",-1.78979619560798,2
"PAK4","Bin_4",-1.32183059980176,2
"PAK4","Bin_5",-1.70020104158046,2
"PAK4","Bin_6",-0.81619606869773,2
"PAK4","Bin_7",-0.527824920138841,2
"PAK4","Bin_8",-0.949371950553758,2
"PAK4","Bin_9",0.465742707638838,2
"PAK4","Bin_10",0.656434032177035,2
"PAK4","Bin_11",1.00186579828577,2
"PAK4","Bin_12",0.581373692761562,2
"PAK4","Bin_13",0.609144837793983,2
"PAK4","Bin_14",0.71391460887747,2
"PAK4","Bin_15",0.728426891244234,2
"PAK4","Bin_16",0.610665581736175,2
"PAK4","Bin_17",0.408103862244259,2
"PAK4","Bin_18",1.09209037370572,2
"PAK4","Bin_19",1.13943395397936,2
"PAK4","Bin_20",0.977102814432536,2
"EIF2D","Bin_1",-0.835639699949088,2
"EIF2D","Bin_2",-0.996940958803591,2
"EIF2D","Bin_3",-1.22892210014953,2
"EIF2D","Bin_4",-1.29937595126301,2
"EIF2D","Bin_5",-1.37226624939624,2
"EIF2D","Bin_6",-1.61431476391721,2
"EIF2D","Bin_7",-0.630178922180356,2
"EIF2D","Bin_8",-1.29416474342625,2
"EIF2D","Bin_9",0.728686676478517,2
"EIF2D","Bin_10",1.05019664127253,2
"EIF2D","Bin_11",0.873376296560578,2
"EIF2D","Bin_12",0.487890268719313,2
"EIF2D","Bin_13",0.883519650838877,2
"EIF2D","Bin_14",0.6893259159744,2
"EIF2D","Bin_15",0.474790254034516,2
"EIF2D","Bin_16",0.669249515215894,2
"EIF2D","Bin_17",0.711213793300286,2
"EIF2D","Bin_18",0.734016479023098,2
"EIF2D","Bin_19",0.977362279482681,2
"EIF2D","Bin_20",0.992175618184586,2
"HSPA14.1","Bin_1",-1.17318057444007,2
"HSPA14.1","Bin_2",-1.29002237311247,2
"HSPA14.1","Bin_3",-1.26148298730852,2
"HSPA14.1","Bin_4",-1.05578008253948,2
"HSPA14.1","Bin_5",-1.25124794053738,2
"HSPA14.1","Bin_6",-1.61984342338019,2
"HSPA14.1","Bin_7",0.876585357614222,2
"HSPA14.1","Bin_8",0.417332250485699,2
"HSPA14.1","Bin_9",0.980057151744092,2
"HSPA14.1","Bin_10",1.18538871395545,2
"HSPA14.1","Bin_11",0.628132250139136,2
"HSPA14.1","Bin_12",0.188626302480347,2
"HSPA14.1","Bin_13",0.20895913381417,2
"HSPA14.1","Bin_14",-0.156466876830476,2
"HSPA14.1","Bin_15",-0.293496646091921,2
"HSPA14.1","Bin_16",0.114984807797248,2
"HSPA14.1","Bin_17",0.167479107483158,2
"HSPA14.1","Bin_18",0.196711093088637,2
"HSPA14.1","Bin_19",1.27696393539516,2
"HSPA14.1","Bin_20",1.86030080024319,2
"SYNCRIP","Bin_1",-0.725786051472308,2
"SYNCRIP","Bin_2",-1.0520037077038,2
"SYNCRIP","Bin_3",-0.893235434914939,2
"SYNCRIP","Bin_4",-0.831982439798767,2
"SYNCRIP","Bin_5",-1.4246344016433,2
"SYNCRIP","Bin_6",-1.60569055782196,2
"SYNCRIP","Bin_7",-1.08789228852074,2
"SYNCRIP","Bin_8",-0.890296542166302,2
"SYNCRIP","Bin_9",0.502327756204821,2
"SYNCRIP","Bin_10",1.50724646678198,2
"SYNCRIP","Bin_11",1.04385341768472,2
"SYNCRIP","Bin_12",0.21550288608542,2
"SYNCRIP","Bin_13",0.726211245473471,2
"SYNCRIP","Bin_14",0.120885536411896,2
"SYNCRIP","Bin_15",-0.0612591471096734,2
"SYNCRIP","Bin_16",0.428884905101858,2
"SYNCRIP","Bin_17",0.510791346047576,2
"SYNCRIP","Bin_18",0.592069824530986,2
"SYNCRIP","Bin_19",1.54411243909865,2
"SYNCRIP","Bin_20",1.38089474773042,2
"SLIRP","Bin_1",-0.1525914555316,2
"SLIRP","Bin_2",-0.923948408912497,2
"SLIRP","Bin_3",-1.13558699638565,2
"SLIRP","Bin_4",-0.882978945864351,2
"SLIRP","Bin_5",-1.28707767221647,2
"SLIRP","Bin_6",-1.75089593487332,2
"SLIRP","Bin_7",-0.984819019855153,2
"SLIRP","Bin_8",-0.836706017876246,2
"SLIRP","Bin_9",1.00325441474081,2
"SLIRP","Bin_10",1.35307117131976,2
"SLIRP","Bin_11",0.790451020613913,2
"SLIRP","Bin_12",0.278217671206502,2
"SLIRP","Bin_13",0.636644781750297,2
"SLIRP","Bin_14",0.0585502344288733,2
"SLIRP","Bin_15",-0.168966973775565,2
"SLIRP","Bin_16",-0.0689210745875987,2
"SLIRP","Bin_17",0.186249237268592,2
"SLIRP","Bin_18",0.659087676543789,2
"SLIRP","Bin_19",1.66011969552379,2
"SLIRP","Bin_20",1.56684659648212,2
"CAPG","Bin_1",0.954994447954933,2
"CAPG","Bin_2",-1.02011592800879,2
"CAPG","Bin_3",-1.37002151527459,2
"CAPG","Bin_4",-0.493221795537373,2
"CAPG","Bin_5",-1.3427146630835,2
"CAPG","Bin_6",-2.20882893378104,2
"CAPG","Bin_7",-0.80368480077351,2
"CAPG","Bin_8",-0.988722703658651,2
"CAPG","Bin_9",0.0711697896904081,2
"CAPG","Bin_10",0.64857460183332,2
"CAPG","Bin_11",0.578840064087909,2
"CAPG","Bin_12",0.377079301878407,2
"CAPG","Bin_13",0.386381662221559,2
"CAPG","Bin_14",0.356052161603448,2
"CAPG","Bin_15",0.120564926734697,2
"CAPG","Bin_16",0.322687422540507,2
"CAPG","Bin_17",0.65663228712205,2
"CAPG","Bin_18",0.891640701889877,2
"CAPG","Bin_19",1.44638360622193,2
"CAPG","Bin_20",1.41630936633841,2
"COX14","Bin_1",-0.0430761555571467,2
"COX14","Bin_2",-0.696565174369357,2
"COX14","Bin_3",-1.20590062035262,2
"COX14","Bin_4",-1.27474974250249,2
"COX14","Bin_5",-1.4926747182332,2
"COX14","Bin_6",-1.66063789516094,2
"COX14","Bin_7",-1.72880421850316,2
"COX14","Bin_8",-0.705035496564575,2
"COX14","Bin_9",0.272524733078712,2
"COX14","Bin_10",0.764575446337133,2
"COX14","Bin_11",0.740602840834696,2
"COX14","Bin_12",0.536123412753372,2
"COX14","Bin_13",1.01132972276708,2
"COX14","Bin_14",0.635453071578897,2
"COX14","Bin_15",0.783052614697923,2
"COX14","Bin_16",0.814210954526093,2
"COX14","Bin_17",0.53440763346031,2
"COX14","Bin_18",0.808015911776372,2
"COX14","Bin_19",0.892050686012551,2
"COX14","Bin_20",1.01509699342036,2
"KANK2","Bin_1",-1.08527662718218,2
"KANK2","Bin_2",-1.2692335822072,2
"KANK2","Bin_3",-0.852876152826173,2
"KANK2","Bin_4",-1.05715353427401,2
"KANK2","Bin_5",-1.32816842506818,2
"KANK2","Bin_6",-1.45599267337598,2
"KANK2","Bin_7",0.661317321587107,2
"KANK2","Bin_8",-0.875192031406382,2
"KANK2","Bin_9",-0.384710801569719,2
"KANK2","Bin_10",0.0759808194149159,2
"KANK2","Bin_11",0.0485310003273618,2
"KANK2","Bin_12",0.239698035967348,2
"KANK2","Bin_13",0.252656004338155,2
"KANK2","Bin_14",0.604518087917869,2
"KANK2","Bin_15",0.242481153854531,2
"KANK2","Bin_16",0.537035905127851,2
"KANK2","Bin_17",1.11355164842462,2
"KANK2","Bin_18",1.16180695319625,2
"KANK2","Bin_19",1.59269609154305,2
"KANK2","Bin_20",1.77833080621076,2
"CLDN7","Bin_1",0.436082666566167,2
"CLDN7","Bin_2",-1.11221989440255,2
"CLDN7","Bin_3",-1.31969319685928,2
"CLDN7","Bin_4",-1.31404524165418,2
"CLDN7","Bin_5",-2.02291120480935,2
"CLDN7","Bin_6",-0.938561689205408,2
"CLDN7","Bin_7",-1.31309729218307,2
"CLDN7","Bin_8",-0.607279570495673,2
"CLDN7","Bin_9",0.143656664349203,2
"CLDN7","Bin_10",0.934275167782867,2
"CLDN7","Bin_11",1.23965546032448,2
"CLDN7","Bin_12",0.420474586202266,2
"CLDN7","Bin_13",0.56234468378997,2
"CLDN7","Bin_14",0.216912585368964,2
"CLDN7","Bin_15",0.616812321983576,2
"CLDN7","Bin_16",1.16804401428433,2
"CLDN7","Bin_17",1.12309137079904,2
"CLDN7","Bin_18",0.482611140890612,2
"CLDN7","Bin_19",0.691494042637537,2
"CLDN7","Bin_20",0.592353384630497,2
"ACTR1B","Bin_1",-0.561809120843928,2
"ACTR1B","Bin_2",-0.994769814626952,2
"ACTR1B","Bin_3",-0.795476913491806,2
"ACTR1B","Bin_4",-1.00418610490581,2
"ACTR1B","Bin_5",-1.19819866828698,2
"ACTR1B","Bin_6",-1.49952347951933,2
"ACTR1B","Bin_7",-1.19923596406583,2
"ACTR1B","Bin_8",-1.02787034774865,2
"ACTR1B","Bin_9",0.183338051968072,2
"ACTR1B","Bin_10",0.318256973116121,2
"ACTR1B","Bin_11",0.717874796370796,2
"ACTR1B","Bin_12",0.331160625302831,2
"ACTR1B","Bin_13",-0.210000907059719,2
"ACTR1B","Bin_14",0.271546765700718,2
"ACTR1B","Bin_15",0.335094767755342,2
"ACTR1B","Bin_16",0.78354278634773,2
"ACTR1B","Bin_17",1.17386537122221,2
"ACTR1B","Bin_18",1.18156716888858,2
"ACTR1B","Bin_19",1.1540124506187,2
"ACTR1B","Bin_20",2.0408115632579,2
"DESI2","Bin_1",-1.19846142704284,2
"DESI2","Bin_2",-1.30346073266302,2
"DESI2","Bin_3",-1.55296325300259,2
"DESI2","Bin_4",-0.604559919062704,2
"DESI2","Bin_5",-1.65538598104244,2
"DESI2","Bin_6",-0.975699792263546,2
"DESI2","Bin_7",-0.933620505236995,2
"DESI2","Bin_8",-0.328434599662157,2
"DESI2","Bin_9",-0.152908303047822,2
"DESI2","Bin_10",0.354848137679658,2
"DESI2","Bin_11",1.37740233775591,2
"DESI2","Bin_12",0.234847445982464,2
"DESI2","Bin_13",0.94944022513859,2
"DESI2","Bin_14",0.624966897216918,2
"DESI2","Bin_15",0.522503316182458,2
"DESI2","Bin_16",0.436296735476626,2
"DESI2","Bin_17",0.822138927972273,2
"DESI2","Bin_18",1.00044695603859,2
"DESI2","Bin_19",1.04398666371084,2
"DESI2","Bin_20",1.33861686986979,2
