"ID","Description","setSize","enrichmentScore","NES","pvalue","p.adjust","qvalue","rank","leading_edge","core_enrichment","Enrichment_Group"
"R-HSA-6803157","Antimicrobial peptides",10,-0.886004722228719,-2.2309294724327,3.62986548251222e-07,0.000389847552821812,0.000364514912664911,66,"tags=70%, list=1%, signal=69%","1672/3934/6280/57115/5266/6279/6278","TotalCell"
"R-HSA-156842","Eukaryotic Translation Elongation",77,0.442086207520187,2.14043309371384,6.65587368759947e-06,0.0030108170520381,0.00281517148646903,1762,"tags=60%, list=30%, signal=42%","6158/6228/6193/1933/6217/6231/6130/6205/6203/23521/6165/6171/6230/6152/6144/6141/6161/6208/6142/6128/6229/6206/6201/200916/1938/6155/1915/6147/6132/6223/6222/6154/9349/6143/6125/6133/6204/2197/6189/4736/6166/6159/6146/6138/6202/7311","BRCA1_tumour"
"R-HSA-9954714","PELO:HBS1L and ABCE1 dissociate a ribosome on a non-stop mRNA",77,0.439389849107438,2.12737823092694,8.41010349731314e-06,0.0030108170520381,0.00281517148646903,1762,"tags=60%, list=30%, signal=42%","6158/6228/6193/10767/6217/6231/6130/6205/6203/23521/6165/6171/6230/6152/6144/6141/6161/6208/6142/6128/6229/6206/6201/200916/6155/6147/6132/6223/53918/6222/6154/9349/6143/6125/6133/6204/2197/6189/4736/6166/6159/6059/6146/6138/6202/7311","BRCA1_tumour"
"R-HSA-6805567","Keratinization",27,-0.662209059585706,-2.16526868212491,2.49374569903238e-05,0.00334785360095096,0.0031303071011538,777,"tags=52%, list=13%, signal=45%","3728/3872/23254/5045/1825/25984/3887/3866/5493/3853/1475/5266/6700/6703","TotalCell"
"R-HSA-6809371","Formation of the cornified envelope",27,-0.662209059585706,-2.16526868212491,2.49374569903238e-05,0.00334785360095096,0.0031303071011538,777,"tags=52%, list=13%, signal=45%","3728/3872/23254/5045/1825/25984/3887/3866/5493/3853/1475/5266/6700/6703","TotalCell"
"R-HSA-156902","Peptide chain elongation",76,0.434867664764644,2.09737687842481,2.02216622358748e-05,0.00334785360095096,0.0031303071011538,1762,"tags=59%, list=30%, signal=42%","6158/6228/6193/6217/6231/6130/6205/6203/23521/6165/6171/6230/6152/6144/6141/6161/6208/6142/6128/6229/6206/6201/200916/1938/6155/1915/6147/6132/6223/6222/6154/9349/6143/6125/6133/6204/2197/6189/4736/6166/6159/6146/6138/6202/7311","BRCA1_tumour"
"R-HSA-975956","Nonsense Mediated Decay (NMD) independent of the Exon Junction Complex (EJC)",80,0.417356148958521,2.06869020230368,1.84366709580252e-05,0.00334785360095096,0.0031303071011538,1762,"tags=57%, list=30%, signal=41%","6158/6228/6193/6217/6231/6130/6205/6203/23521/6165/6171/6230/6152/6144/6141/6161/6208/6142/6128/6229/6206/6201/200916/6155/1981/6147/6132/22916/6223/6222/6154/9349/6143/6125/6133/6204/2197/6189/4736/6166/6159/6146/4686/6138/6202/7311","BRCA1_tumour"
"R-HSA-449147","Signaling by Interleukins",181,-0.404776619832215,-1.80827999108177,1.78133199905232e-05,0.00334785360095096,0.0031303071011538,937,"tags=28%, list=16%, signal=24%","5721/1326/207/4205/6627/301/2002/8660/5595/332/5687/57162/11274/998/29760/5604/598/5478/3597/8517/9235/3654/4478/834/5292/302/9021/3976/5782/53833/6095/146433/6648/4792/7076/4067/9180/3556/6288/1052/6347/3934/64127/3383/2919/6364/4692/5055/26525/56300","TotalCell"
"R-HSA-192823","Viral mRNA Translation",76,0.42175127838329,2.03411624133047,4.31482349669804e-05,0.00489673724356012,0.00457854290929761,1762,"tags=58%, list=30%, signal=41%","6158/6228/6193/6217/6231/6130/6205/6203/23521/6165/6171/6230/6152/6144/6141/6161/6208/6142/6128/6229/6206/6201/200916/2926/6155/6147/6132/6223/6222/6154/9349/6143/6125/6133/6204/2197/6189/4736/6166/6159/6146/6138/6202/7311","BRCA1_tumour"
"R-HSA-2408557","Selenocysteine synthesis",77,0.418646728766416,2.02694700170162,4.81750641098377e-05,0.00489673724356012,0.00457854290929761,1762,"tags=57%, list=30%, signal=40%","6158/6228/6193/6217/6231/6130/6205/6203/23521/6165/6171/6230/6152/6144/22928/6141/6161/6208/6142/6128/6229/6206/6201/200916/6155/6147/6132/6223/6222/6154/9349/6143/6125/6133/6204/2197/6189/4736/6166/6159/6146/6138/6202/7311","BRCA1_tumour"
"R-HSA-1799339","SRP-dependent cotranslational protein targeting to membrane",96,0.384575012070812,1.99164619127921,5.01528023083438e-05,0.00489673724356012,0.00457854290929761,1776,"tags=54%, list=30%, signal=38%","6158/6228/6734/6193/6217/6231/6130/6205/6203/23521/6165/6171/6230/6152/6144/6728/6141/6161/6208/6142/6128/6229/6206/6201/200916/10952/6746/6155/6147/6132/6223/6222/6154/9349/6747/6143/6125/6133/6204/6745/2197/6189/4736/6166/6159/6726/6146/6727/6138/6202/7311/6731","BRCA1_tumour"
"R-HSA-168273","Influenza Viral RNA Transcription and Replication",112,0.362471234965441,1.939452142105,5.65009477958955e-05,0.00505683482773264,0.00472823721028809,1605,"tags=48%, list=27%, signal=36%","6158/6228/6193/6217/6231/6130/57122/6205/6203/23521/6165/6171/6230/6152/6144/6141/6161/5431/6208/6142/6128/6229/6206/6201/200916/2926/142/129401/2963/6155/5437/23636/6147/6132/5903/6223/6222/3320/79023/6154/8021/9349/6143/6125/6133/8086/6204/6396/55746/2197/6189/4736/6166/6159","BRCA1_tumour"
"R-HSA-168255","Influenza Infection",122,0.342392580653384,1.84899513651283,6.95395998393003e-05,0.00574504078672373,0.00537172293495485,1605,"tags=46%, list=27%, signal=34%","9636/6158/6228/6193/6217/6231/6130/57122/6205/6203/23521/6165/6171/6230/6152/6144/6141/6161/5431/6208/6142/6128/6229/6206/6201/200916/2926/142/129401/2963/6155/5437/5610/23636/6147/6132/5903/6223/6222/3320/79023/6154/8021/9349/6143/6125/6133/8086/6204/6396/55746/2197/6189/4736/6166/6159","BRCA1_tumour"
"R-HSA-72764","Eukaryotic Translation Termination",77,0.402537976338145,1.9489538270461,0.00014734273452452,0.0113032926342382,0.010568794641834,1762,"tags=56%, list=30%, signal=40%","6158/6228/6193/6217/6231/6130/6205/6203/23521/6165/6171/6230/6152/6144/6141/6161/6208/6142/6128/6229/6206/6201/200916/6155/6147/6132/6223/6222/6154/9349/6143/6125/6133/6204/2197/6189/4736/6166/6159/6146/6138/6202/7311","BRCA1_tumour"
"R-HSA-9927418","Developmental Lineage of Mammary Gland Luminal Epithelial Cells",14,0.695271931524386,2.27238778584051,0.000176437802050979,0.0126329466268501,0.0118120465373076,639,"tags=57%, list=11%, signal=51%","216/3815/2001/3856/3852/3880/3875/4072","BRCA1_tumour"
"R-HSA-927802","Nonsense-Mediated Decay (NMD)",90,0.370697360176486,1.89537255896224,0.00022437621164061,0.0141752971354127,0.0132541737402565,1762,"tags=53%, list=30%, signal=38%","6158/6228/6193/6217/6231/6130/6205/6203/23521/6165/6171/6230/6152/6144/6141/6161/6208/6142/5518/6128/6229/6206/6201/200916/6155/1981/6147/6132/22916/6223/6222/6154/9349/6143/6125/6133/6204/2197/6189/4736/6166/6159/55110/6146/4686/6138/6202/7311","BRCA1_tumour"
"R-HSA-975957","Nonsense Mediated Decay (NMD) enhanced by the Exon Junction Complex (EJC)",90,0.370697360176486,1.89537255896224,0.00022437621164061,0.0141752971354127,0.0132541737402565,1762,"tags=53%, list=30%, signal=38%","6158/6228/6193/6217/6231/6130/6205/6203/23521/6165/6171/6230/6152/6144/6141/6161/6208/6142/5518/6128/6229/6206/6201/200916/6155/1981/6147/6132/22916/6223/6222/6154/9349/6143/6125/6133/6204/2197/6189/4736/6166/6159/55110/6146/4686/6138/6202/7311","BRCA1_tumour"
"R-HSA-373076","Class A/1 (Rhodopsin-like receptors)",28,-0.61296972688142,-2.01452138640652,0.000237656247149275,0.0141801560799067,0.0132587169462227,539,"tags=46%, list=9%, signal=42%","1889/1906/53637/1907/58191/23596/183/4935/6288/6347/2919/6364/2867","TotalCell"
"R-HSA-9954716","ZNF598 and the Ribosome-associated Quality Trigger (RQT) complex dissociate a ribosome stalled on a no-go mRNA",81,0.381224217737536,1.89501901772159,0.000297337989682923,0.0168074211010242,0.0157152599533246,1762,"tags=54%, list=30%, signal=38%","6158/6228/6193/6217/6231/6130/6205/6203/23521/6165/6171/6230/6152/6144/6141/6161/6208/6142/6128/6229/6206/6201/200916/6155/6147/6132/6223/6222/6154/9349/6143/6125/6133/6204/2197/6189/10973/4736/6166/6159/6146/6138/6202/7311","BRCA1_tumour"
"R-HSA-156827","L13a-mediated translational silencing of Ceruloplasmin expression",92,0.355060013107491,1.8258823197251,0.000321770046464936,0.0172790514951671,0.0161562433856605,1764,"tags=52%, list=30%, signal=37%","6158/6228/6193/1975/6217/6231/6130/6205/6203/23521/6165/6171/6230/6152/6144/6141/6161/6208/6142/6128/6229/6206/6201/1974/200916/6155/1981/6147/6132/6223/6222/6154/9349/6143/6125/6133/6204/2197/6189/8667/4736/6166/6159/6146/6138/6202/7311/3646","BRCA1_tumour"
"R-HSA-416476","G alpha (q) signalling events",29,-0.598190304639106,-1.98526394647769,0.000468087033869734,0.0228910899233799,0.0214036065734631,1019,"tags=55%, list=17%, signal=46%","3265/1956/301/4828/5595/10681/2783/1906/26090/10125/1907/1839/183/4935/6288/2867","TotalCell"
"R-HSA-72689","Formation of a pool of free 40S subunits",85,0.364089218336439,1.83938150959478,0.000490218871729736,0.0228910899233799,0.0214036065734631,1764,"tags=53%, list=30%, signal=38%","6158/6228/6193/6217/6231/6130/6205/6203/23521/6165/6171/6230/6152/6144/6141/6161/6208/6142/6128/6229/6206/6201/200916/6155/6147/6132/6223/6222/6154/9349/6143/6125/6133/6204/2197/6189/8667/4736/6166/6159/6146/6138/6202/7311/3646","BRCA1_tumour"
"R-HSA-72706","GTP hydrolysis and joining of the 60S ribosomal subunit",92,0.349276366539529,1.79614014200264,0.000482473940965411,0.0228910899233799,0.0214036065734631,1764,"tags=52%, list=30%, signal=37%","6158/6228/6193/1975/6217/6231/6130/6205/6203/23521/6165/6171/6230/6152/6144/6141/6161/6208/6142/6128/6229/6206/6201/1974/200916/6155/1981/6147/6132/6223/6222/6154/9349/6143/6125/6133/6204/2197/6189/8667/4736/6166/6159/6146/6138/6202/7311/3646","BRCA1_tumour"
"R-HSA-9725554","Differentiation of Keratinocytes in Interfollicular Epidermis in Mammalian Skin",17,-0.67852891632902,-1.99106185816162,0.00067688578839077,0.0290790134692675,0.0271894333526229,606,"tags=41%, list=10%, signal=37%","2707/3691/3866/93099/388533/374897/6700","TotalCell"
"R-HSA-500792","GPCR ligand binding",43,-0.530561488521889,-1.91385954324415,0.000667754633999544,0.0290790134692675,0.0271894333526229,852,"tags=47%, list=15%, signal=40%","301/8323/4828/10681/8321/2783/1889/133/1906/53637/1907/58191/23596/183/4935/6288/6347/2919/6364/2867","TotalCell"
"R-HSA-877300","Interferon gamma signaling",38,-0.555697315823919,-1.96602978808702,0.000764005369093572,0.0292757872986476,0.0273734206438399,858,"tags=42%, list=15%, signal=36%","3123/5595/3664/3107/3660/4502/567/3133/3122/9021/3106/3119/3105/3134/3127/3383","TotalCell"
"R-HSA-9918485","Dengue Virus Attachment and Entry",23,-0.620465457832355,-1.93676773535567,0.000887867155433995,0.0292757872986476,0.0273734206438399,483,"tags=39%, list=8%, signal=36%","5045/9672/6385/3339/2817/9076/5627/10082/2621","TotalCell"
"R-HSA-445144","Signal transduction by L1",11,-0.734682012183491,-1.90893096690372,0.000899535363924927,0.0292757872986476,0.0273734206438399,942,"tags=73%, list=16%, signal=61%","1956/5595/1459/5058/5604/5605/5879/2260","TotalCell"
"R-HSA-2024096","HS-GAG degradation",11,-0.734635908209452,-1.90881117452786,0.000899535363924927,0.0292757872986476,0.0273734206438399,540,"tags=64%, list=9%, signal=58%","138050/9672/6385/3423/3339/2817/10082","TotalCell"
"R-HSA-2408522","Selenoamino acid metabolism",86,0.364151706291069,1.84404771694533,0.000767842273490799,0.0292757872986476,0.0273734206438399,665,"tags=29%, list=11%, signal=26%","6158/6228/6193/6217/6231/6130/7296/6205/6203/23521/6165/6171/6230/6152/6144/22928/6141/6161/6208/6142/6128/6229/6206/6201/200916","BRCA1_tumour"
"R-HSA-72613","Eukaryotic Translation Initiation",97,0.336687786012311,1.73803317441137,0.000845922018213041,0.0292757872986476,0.0273734206438399,1764,"tags=52%, list=30%, signal=37%","6158/6228/6193/1975/6217/6231/6130/6205/6203/23521/6165/6171/6230/6152/6144/6141/6161/6208/6142/6128/6229/6206/6201/1974/200916/6155/1981/8893/6147/6132/6223/8892/6222/6154/9349/6143/6125/6133/6204/2197/6189/8667/4736/6166/6159/6146/6138/6202/7311/3646","BRCA1_tumour"
"R-HSA-72737","Cap-dependent Translation Initiation",97,0.336687786012311,1.73803317441137,0.000845922018213041,0.0292757872986476,0.0273734206438399,1764,"tags=52%, list=30%, signal=37%","6158/6228/6193/1975/6217/6231/6130/6205/6203/23521/6165/6171/6230/6152/6144/6141/6161/6208/6142/6128/6229/6206/6201/1974/200916/6155/1981/8893/6147/6132/6223/8892/6222/6154/9349/6143/6125/6133/6204/2197/6189/8667/4736/6166/6159/6146/6138/6202/7311/3646","BRCA1_tumour"
"R-HSA-1280215","Cytokine Signaling in Immune system",320,-0.325691641556295,-1.53246919549794,0.00086427625202159,0.0292757872986476,0.0273734206438399,1387,"tags=32%, list=24%, signal=26%","5515/25820/10762/54472/3113/25970/7422/8554/7979/9246/23650/51330/4790/8894/10581/4690/5306/7329/6624/79155/6845/9688/27/4055/3265/6868/3726/2316/2175/60/5721/1326/201254/207/4205/6627/3123/301/2002/8877/8660/5595/6923/332/5687/1958/3664/57162/9040/11274/998/1445/29760/3107/5604/598/5478/3597/8517/9235/3654/5045/3669/4478/3660/834/5971/4502/5292/302/567/3133/3122/9021/3976/3106/3119/5782/53833/6095/146433/6648/4792/7076/4067/3105/9180/3556/6288/1052/6347/3934/64127/3134/3127/3383/2919/6364/4692/5055/26525/56300","TotalCell"
"R-HSA-9948299","Ribosome-associated quality control",118,0.321709802450318,1.73555473651284,0.000944203643732748,0.0298257268637933,0.0278876246477103,1605,"tags=45%, list=27%, signal=33%","6158/6228/6193/10767/6217/6231/6130/6205/6203/23521/6165/6171/6230/6152/6144/6141/6161/26046/6208/6142/5692/6128/6229/6206/6201/200916/5704/5689/6155/5686/23008/6147/5684/6132/25898/6223/53918/6222/6154/5707/9349/5690/6143/6125/6133/6204/8453/2197/6189/10973/4736/6166/6159","BRCA1_tumour"
"R-HSA-9633012","Response of EIF2AK4 (GCN2) to amino acid deficiency",84,0.348932450428918,1.75166590295549,0.00115578210537652,0.0354659994621253,0.0331613873241866,1762,"tags=52%, list=30%, signal=37%","6158/6228/6193/6217/6231/6130/6205/6203/23521/6165/6171/6230/6152/6144/6141/6161/6208/6142/6128/6229/6206/6201/200916/6155/6147/6132/6223/6222/6154/9349/6143/6125/6133/6204/2197/6189/4736/6166/6159/1386/6146/6138/6202/7311","BRCA1_tumour"
"R-HSA-198933","Immunoregulatory interactions between a Lymphoid and a non-Lymphoid cell",15,-0.698960763318676,-1.98951177582707,0.00128946217108333,0.0384689547706526,0.0359692079302192,647,"tags=60%, list=11%, signal=53%","3107/3385/567/3133/3106/975/3105/3134/3383","TotalCell"
"R-HSA-9010553","Regulation of expression of SLITs and ROBOs",115,0.310075075002349,1.67329390405342,0.00155326128419081,0.0450865572762413,0.0421567927487349,1762,"tags=49%, list=30%, signal=35%","6158/6228/6193/6217/6231/6130/6205/6203/23521/6165/6171/6230/6152/6144/6141/6161/6208/6142/5692/6128/6229/6206/6201/200916/5704/5689/6155/1981/5686/6147/5684/6132/22916/6223/6222/6154/5707/9349/5690/6143/6125/6133/6204/8453/2197/6189/4736/6166/6159/23053/55110/6146/4686/6138/6202/7311","BRCA1_tumour"
"R-HSA-1236977","Endosomal/Vacuolar pathway",10,-0.748749835091691,-1.88532637882935,0.00160681148284564,0.0454135666467426,0.0424625527599651,698,"tags=70%, list=12%, signal=62%","1515/3107/567/3133/3106/3105/3134","TotalCell"
"R-HSA-1638091","Heparan sulfate/heparin (HS-GAG) metabolism",17,-0.656442160093857,-1.9262509166497,0.00184535818706867,0.0508183254592758,0.0475161055455739,540,"tags=47%, list=9%, signal=43%","138050/9672/6385/3423/3339/26035/2817/10082","TotalCell"
"R-HSA-9735869","SARS-CoV-1 modulates host translation machinery",32,0.473877809304685,1.95125699081874,0.00219966171002902,0.0549403878272364,0.0513703126405797,1092,"tags=47%, list=19%, signal=38%","6228/6193/6217/6231/6205/6203/6230/6208/6229/6206/6201/3178/1915/6223/6222","BRCA1_tumour"
"R-HSA-9913351","Formation of the dystrophin-glycoprotein complex (DGC)",17,-0.652099683244487,-1.91350843830183,0.00216862730098715,0.0549403878272364,0.0513703126405797,355,"tags=47%, list=6%, signal=44%","72/3910/3918/8082/3339/6645/3909/59","TotalCell"
"R-HSA-3000171","Non-integrin membrane-ECM interactions",30,-0.569929945429071,-1.90119390728109,0.00215657415136761,0.0549403878272364,0.0513703126405797,475,"tags=40%, list=8%, signal=37%","3693/9672/3691/72/3910/6385/3918/8082/3339/6645/3909/59","TotalCell"
"R-HSA-109582","Hemostasis",185,-0.35343825561561,-1.57925622259045,0.00209596648686716,0.0549403878272364,0.0513703126405797,1074,"tags=29%, list=18%, signal=24%","55604/10257/5874/3265/50848/51706/2316/2734/60/50808/207/5595/965/2157/10681/7423/998/1445/5478/2783/972/3660/9672/481/9564/5329/3959/302/634/4097/26090/6385/51097/832/10125/23348/7114/23764/7076/2817/4067/5879/5271/5627/857/5270/27040/2621/3779/7056/5328/161882/5055","TotalCell"
"R-HSA-2022928","HS-GAG biosynthesis",14,-0.672398324347912,-1.86837904486574,0.00255924561747411,0.062468858935618,0.0584095770112512,436,"tags=43%, list=7%, signal=40%","9672/6385/3339/26035/2817/10082","TotalCell"
"R-HSA-9694614","Attachment and Entry",11,-0.70631179945556,-1.83521638465468,0.00264683075860309,0.0631710274386605,0.0590661179814585,483,"tags=55%, list=8%, signal=50%","5045/9672/6385/3339/2817/10082","TotalCell"
"R-HSA-9734767","Developmental Cell Lineages",56,-0.456853637243375,-1.73195433747349,0.00277183020797072,0.0647162096382729,0.0605108928696583,644,"tags=32%, list=11%, signal=29%","3872/2707/8842/972/302/3691/3910/6035/3918/25984/3866/93099/4240/3909/59/388533/374897/6700","TotalCell"
"R-HSA-445355","Smooth Muscle Contraction",25,-0.581479296871323,-1.85811074373835,0.00293890669181552,0.0671571444044652,0.0627932135272565,1246,"tags=56%, list=21%, signal=44%","10174/10627/808/301/5058/3693/302/72/10398/7168/7169/217/59/4638","TotalCell"
"R-HSA-168249","Innate Immune System",426,-0.299835059839712,-1.42745719464766,0.00305151693338626,0.0682776913845176,0.0638409463695284,1244,"tags=27%, list=21%, signal=23%","1075/8566/51248/808/4361/4790/997/4690/5476/1509/84418/4775/3920/148022/1774/1499/528/79155/10695/56888/8826/57153/3265/81844/8836/5912/427/2588/29108/175/60/80331/5534/1326/9798/10043/25797/90423/4205/2002/5595/8804/3728/5687/715/965/835/529/10458/57162/51125/9040/1515/3958/5441/11240/2683/11274/998/5058/3107/5315/1785/5604/3385/598/5478/8517/3654/138050/7077/11333/5834/1672/3916/834/1508/5971/1512/55593/526/6286/5329/302/634/567/3133/4627/5873/9145/3106/10125/9844/4792/1116/4067/716/5879/975/93100/1471/5627/25798/6288/27040/3934/6280/64127/2919/57115/5328/7130/8876/5266/6279/6278","TotalCell"
"R-HSA-8875878","MET promotes cell motility",13,-0.683384510016226,-1.85081407169046,0.00336428246616294,0.0737395789522243,0.0689479156330707,343,"tags=38%, list=6%, signal=36%","3910/3918/64759/5879/3909","TotalCell"
"R-HSA-3656237","Defective EXT2 causes exostoses 2",10,-0.719657071397467,-1.81207179865431,0.00405906574586468,0.0854791492364445,0.0799246382157876,436,"tags=50%, list=7%, signal=46%","9672/6385/3339/2817/10082","TotalCell"
"R-HSA-3656253","Defective EXT1 causes exostoses 1, TRPS2 and CHDS",10,-0.719657071397467,-1.81207179865431,0.00405906574586468,0.0854791492364445,0.0799246382157876,436,"tags=50%, list=7%, signal=46%","9672/6385/3339/2817/10082","TotalCell"
"R-HSA-6785807","Interleukin-4 and Interleukin-13 signaling",39,-0.513348743903826,-1.8211998525831,0.00458600919389121,0.0947187283507531,0.0885638212747412,996,"tags=44%, list=17%, signal=36%","3726/207/301/332/598/3597/5292/9021/3976/6095/7076/6288/1052/6347/3934/3383/4692","TotalCell"
"R-HSA-9820960","Respiratory syncytial virus (RSV) attachment and entry",13,-0.660771223994481,-1.78957038330892,0.00573902575819481,0.116296484232099,0.108739435418428,942,"tags=62%, list=16%, signal=52%","1956/3480/5045/9672/6385/3339/2817/10082","TotalCell"
"R-HSA-202733","Cell surface interactions at the vascular wall",37,-0.496807306388051,-1.76205911570394,0.00626884984733886,0.124680458074851,0.116578611196126,1019,"tags=43%, list=17%, signal=36%","3265/50848/2734/965/5478/972/9672/481/634/6385/2817/4067/5627/857/2621/7056","TotalCell"
"R-HSA-977225","Amyloid fiber formation",24,-0.560343027966343,-1.77631191434724,0.00709668432418545,0.138578890257731,0.129573910914314,695,"tags=38%, list=12%, signal=33%","7045/6477/5045/567/3339/1471/6478/4240/6288","TotalCell"
"R-HSA-3560782","Diseases associated with glycosaminoglycan metabolism",22,-0.57333939679214,-1.76792417917032,0.00790615992346072,0.149436413086743,0.139725902268698,676,"tags=45%, list=12%, signal=40%","2683/22856/9672/6385/9060/3339/2817/3073/10082/4060","TotalCell"
"R-HSA-1474244","Extracellular matrix organization",91,-0.391133645169862,-1.61275998702493,0.00793098281745284,0.149436413086743,0.139725902268698,1159,"tags=36%, list=20%, signal=30%","1509/8974/4323/6868/50848/8573/5479/60/977/6696/1515/3385/7077/5045/3693/8754/1508/9672/634/3691/72/3910/6385/3918/8082/3339/6645/7076/3909/59/3383/4060/8076","TotalCell"
"R-HSA-72312","rRNA processing",154,0.253013342013729,1.42184984725502,0.0085536618756776,0.155705641601318,0.145587750747483,1392,"tags=36%, list=24%, signal=28%","6158/6228/6193/51106/6217/6231/6130/2091/84128/6205/6203/23521/6165/6171/51118/6230/6152/6144/57050/6141/6161/6208/84881/6142/6128/6229/6206/10885/6201/200916/55759/54931/6155/10557/6147/54512/55781/6132/22868/84946/10438/6223/130916/6222/56915/6154/134430/27292/11103/9349/6143/55127/6125/23160/6133","BRCA1_tumour"
"R-HSA-8868773","rRNA processing in the nucleus and cytosol",144,0.249632058743023,1.37018018815412,0.0084187001362075,0.155705641601318,0.145587750747483,1605,"tags=40%, list=27%, signal=30%","6158/6228/6193/6217/6231/6130/2091/84128/6205/6203/23521/6165/6171/51118/6230/6152/6144/57050/6141/6161/6208/6142/6128/6229/6206/10885/6201/200916/55759/6155/10557/6147/54512/55781/6132/84946/10438/6223/6222/56915/6154/134430/27292/11103/9349/6143/55127/6125/23160/6133/6204/2197/11056/6189/4736/6166/5393/6159","BRCA1_tumour"
"R-HSA-6791226","Major pathway of rRNA processing in the nucleolus and cytosol",138,0.259862329828671,1.4248987567046,0.00929867756276412,0.166446328373478,0.155630498155736,1605,"tags=41%, list=27%, signal=31%","6158/6228/6193/6217/6231/6130/2091/84128/6205/6203/23521/6165/6171/51118/6230/6152/6144/57050/6141/6161/6208/6142/6128/6229/6206/10885/6201/200916/55759/6155/10557/6147/54512/55781/6132/84946/10438/6223/6222/56915/6154/134430/11103/9349/6143/55127/6125/23160/6133/6204/2197/11056/6189/4736/6166/5393/6159","BRCA1_tumour"
"R-HSA-112409","RAF-independent MAPK1/3 activation",11,-0.654748739332767,-1.70123961567924,0.0101078803931501,0.175094573261987,0.163716772411972,811,"tags=55%, list=14%, signal=47%","5595/8682/5604/5605/1843/1847","TotalCell"
"R-HSA-3000157","Laminin interactions",11,-0.654132190766701,-1.69963763192185,0.0101078803931501,0.175094573261987,0.163716772411972,386,"tags=45%, list=7%, signal=43%","3691/3910/3918/3339/3909","TotalCell"
"R-HSA-1280218","Adaptive Immune System",359,-0.288268222461305,-1.36633817021887,0.0107748582033021,0.183685677942007,0.171749619481206,1434,"tags=29%, list=25%, signal=24%","79176/11004/4267/6891/1783/5515/1175/7532/3113/253260/11065/51444/7979/9246/5966/23608/8722/1075/5720/5928/27327/808/7174/4790/997/4690/5476/1509/4775/64223/1499/55284/10613/3265/10134/5534/5721/1326/6502/207/2146/23327/9690/3123/4008/9070/6923/6468/114907/5687/1459/4794/9040/6892/55585/1515/998/5058/1445/29760/3107/6477/57542/1785/3385/5478/8517/7004/57761/972/5698/3693/1508/1512/6890/567/3133/3122/84937/51422/9021/832/3106/10125/3119/8139/4792/5493/4067/3108/5728/5879/975/3105/51619/6478/30011/90135/255488/27040/6280/3134/3127/3383/6279","TotalCell"
"R-HSA-69205","G1/S-Specific Transcription",16,-0.604011302651672,-1.74992491311942,0.0117880143447682,0.197817615723142,0.184963251396528,763,"tags=44%, list=13%, signal=38%","1874/7083/81620/7027/7298/898/1869","TotalCell"
"R-HSA-72766","Translation",261,0.21685538690681,1.29273970949093,0.0120923179547704,0.199802299744975,0.186818968888274,1098,"tags=26%, list=19%, signal=22%","6158/6228/6734/6193/1975/1933/10767/6217/6231/6130/10102/6205/6203/23521/6165/6171/6230/6152/6144/6728/6141/6161/26046/6208/6142/5692/6128/6229/6206/65080/6201/1974/28977/200916/5704/1938/10952/54948/54148/219402/51067/80222/118487/3396/5689/6746/6155/1981/8893/5686/1915/64960/51649/27068/23008/6147/5684/6132/25898/10352/64432/6223/64965/57129/8892/53918/6222/65005","BRCA1_tumour"
"R-HSA-6782315","tRNA modification in the nucleus and cytosol",18,0.523346210780335,1.82695193462638,0.0124456396105835,0.202524499117677,0.189364277328495,1812,"tags=72%, list=31%, signal=50%","84520/83480/1787/57570/54974/55621/79691/54482/112858/10785/55644/51002/60487","BRCA1_tumour"
"R-HSA-983170","Antigen Presentation: Folding, assembly and peptide loading of class I MHC",19,-0.59052753453897,-1.77039472765685,0.0131559497546361,0.207786618183517,0.194284459224811,987,"tags=47%, list=17%, signal=39%","10134/6892/3107/6890/567/3133/3106/3105/3134","TotalCell"
"R-HSA-8953854","Metabolism of RNA",482,0.190515225720838,1.21833894398737,0.0131207372459438,0.207786618183517,0.194284459224811,1290,"tags=28%, list=22%, signal=24%","6638/79042/6158/6228/6193/1975/51106/10767/6217/26121/6231/6130/57122/64848/4849/57703/2091/84128/11260/902/85313/6205/6203/23521/6165/51639/53938/6171/51118/6230/6152/23451/6144/84520/57050/5580/6141/51808/6161/5431/6208/29894/84881/6142/5692/4331/84991/83480/5518/6128/6229/6206/22827/10885/10212/6201/1974/196441/1787/25996/3178/200916/5704/2926/10179/55759/84811/54931/129401/2963/79753/404672/5689/6155/1981/57570/11338/55006/83443/3312/5686/5437/10557/23636/84967/6147/54512/79833/5684/55781/23318/6132/22916/22868/84946/1656/54974/5903/10438/6223/130916/79869/115024/79074/84321/79670/53981/6222/167227/3188/55749/56915/79023/10978/27258/5094/55621/51747/1022/6154/79691/134430/84248/58517/27292/8021/11103/5707/9416/79165/9349/51095/1660/54482/5690/8559/6635","BRCA1_tumour"
"R-HSA-376176","Signaling by ROBO receptors",134,0.262840560805093,1.43717023401773,0.0133634330979749,0.208004741264131,0.19448840847396,1767,"tags=47%, list=30%, signal=34%","6158/6228/6193/6217/6231/6654/6130/6205/6203/23521/6165/10298/6171/6230/6152/6144/6141/6161/6208/6142/5692/6128/6229/6206/6201/5062/200916/5704/5689/6155/1981/55740/5686/6147/5684/6132/22916/6223/6222/6154/5576/5707/9349/5690/6143/6125/6133/6204/8453/2197/6189/4736/6166/6159/23053/7408/55110/6146/4686/6138/6202/7311/5532","BRCA1_tumour"
"R-HSA-72702","Ribosomal scanning and start codon recognition",47,0.348184178422932,1.55247993834461,0.013563316591651,0.208100028849046,0.194577504186994,616,"tags=28%, list=11%, signal=25%","6228/6193/1975/6217/6231/6205/6203/6230/6208/6229/6206/6201/1974","BRCA1_tumour"
"R-HSA-8956319","Nucleotide catabolism",11,-0.642128055117368,-1.66844717687883,0.0139743935788667,0.211387305685956,0.197651170856024,1439,"tags=73%, list=25%, signal=55%","4521/30833/55270/22978/51251/955/1890/7378","TotalCell"
"R-HSA-375276","Peptide ligand-binding receptors",21,-0.571810353582928,-1.74998055592354,0.0142944293869626,0.213225238355525,0.199369673028688,852,"tags=52%, list=15%, signal=45%","301/4828/1889/1906/1907/58191/183/6288/6347/2919/6364","TotalCell"
"R-HSA-389960","Formation of tubulin folding intermediates by CCT/TriC",12,0.618314255645031,1.88913874084111,0.0146996008529092,0.216265360493486,0.202212245330575,1822,"tags=83%, list=31%, signal=57%","7846/84790/10576/10694/6950/7280/10376/7203/908/10575","BRCA1_tumour"
"R-HSA-9772572","Early SARS-CoV-2 Infection Events",23,-0.540383687041435,-1.68679444852702,0.015132486867982,0.219625552651522,0.205354089218418,483,"tags=30%, list=8%, signal=28%","5045/9672/6385/79643/3339/2817/10082","TotalCell"
"R-HSA-397014","Muscle contraction",49,-0.433986625932289,-1.6191638666105,0.0154007632904108,0.220538930318683,0.206208114793711,852,"tags=33%, list=15%, signal=28%","301/29766/6261/5058/3693/481/302/72/9424/10398/7168/7169/217/59/4638/1066","TotalCell"
"R-HSA-9754678","SARS-CoV-2 modulates host translation machinery",36,0.407340322227622,1.72578166410351,0.016336274674886,0.230857355274046,0.215856039332981,1529,"tags=50%, list=26%, signal=37%","6228/6193/6217/6231/6205/6203/6230/6208/6229/6206/6201/79833/6223/6222/6635/6204/2197/6189","BRCA1_tumour"
"R-HSA-389977","Post-chaperonin tubulin folding pathway",10,0.627092124724401,1.7785004610212,0.0166839505402971,0.232708608834794,0.217586996793485,1123,"tags=60%, list=19%, signal=49%","7846/84790/6905/6902/7280/10376","BRCA1_tumour"
"R-HSA-5627123","RHO GTPases activate PAKs",17,-0.582533149801145,-1.70937377578377,0.0169511411281976,0.233404173995951,0.218237363512827,1213,"tags=53%, list=21%, signal=42%","808/2316/998/5058/2017/4627/10398/5879/4638","TotalCell"
"R-HSA-390918","Peroxisomal lipid metabolism",10,0.619356856304009,1.75656241091758,0.0184609196151623,0.250975033755498,0.23466645320273,638,"tags=50%, list=11%, signal=45%","10455/224/3295/26061/5264","BRCA1_tumour"
"R-HSA-9842860","Regulation of endogenous retroelements",37,0.386009973309373,1.61954060233772,0.0187591851355254,0.251842060444429,0.235477139727517,1272,"tags=46%, list=22%, signal=36%","7562/3066/55729/23468/51535/1788/86/10179/25799/7581/79813/5977/10155/57459/1108/9869/6601","BRCA1_tumour"
"R-HSA-373752","Netrin-1 signaling",10,-0.66147820696972,-1.66557941541053,0.019508803833501,0.25867228786642,0.241863532906562,1169,"tags=70%, list=20%, signal=56%","4690/5306/56963/998/6477/5879/6478","TotalCell"
"R-HSA-388396","GPCR downstream signalling",95,-0.363517191404412,-1.50230145705988,0.0203463865995148,0.263277339853962,0.246169344526786,1034,"tags=31%, list=18%, signal=26%","6001/3265/11214/1956/5534/207/301/4828/5595/10681/998/5058/2783/133/1906/53637/26090/2870/10125/1907/1839/58191/23596/183/4935/6288/2919/6364/2867","TotalCell"
"R-HSA-9006934","Signaling by Receptor Tyrosine Kinases",221,-0.301225678396204,-1.37452483897415,0.0201645432343392,0.263277339853962,0.246169344526786,1387,"tags=34%, list=24%, signal=27%","5515/5439/1175/10163/102/253260/7422/8874/808/4690/6692/1509/64223/1499/528/382/3265/6868/537/3726/60/5432/3399/6455/1956/8569/8841/90423/207/4205/2002/8877/3480/8660/5595/6696/3728/1958/529/10458/5441/4915/6446/7423/998/5058/1445/10048/1785/5604/57761/83888/5045/526/10076/9564/3397/5605/3315/8828/3910/3918/5782/64759/9982/1839/9844/6461/4067/5879/3400/2260/857/30011/3909","TotalCell"
"R-HSA-194138","Signaling by VEGF",53,-0.422337128109138,-1.58821897014733,0.0209028826836406,0.265744197186793,0.248475903279624,1366,"tags=45%, list=23%, signal=35%","10163/253260/7422/808/4690/64223/1499/3265/60/207/8877/3728/10458/7423/998/5058/57761/9564/3315/8828/9844/6461/5879/857","TotalCell"
"R-HSA-381426","Regulation of Insulin-like Growth Factor (IGF) transport and uptake by Insulin-like Growth Factor Binding Proteins (IGFBPs)",41,-0.440581497193417,-1.57518112184194,0.0212793305009909,0.265744197186793,0.248475903279624,418,"tags=37%, list=7%, signal=34%","6696/3895/56975/64856/84141/3490/3487/7076/1471/4240/8614/1356/11167/3485/2621","TotalCell"
"R-HSA-72649","Translation initiation complex formation",48,0.34561928944048,1.53937759922849,0.0212440162849689,0.265744197186793,0.248475903279624,616,"tags=27%, list=11%, signal=24%","6228/6193/1975/6217/6231/6205/6203/6230/6208/6229/6206/6201/1974","BRCA1_tumour"
"R-HSA-9843940","Regulation of endogenous retroelements by KRAB-ZFP proteins",16,0.552809997342973,1.84057787937066,0.0215472653093381,0.265997275198036,0.248712536056969,1199,"tags=62%, list=21%, signal=50%","7562/3066/55729/23468/25799/7581/10155/57459/1108/9869","BRCA1_tumour"
"R-HSA-372790","Signaling by GPCR",109,-0.346910902171574,-1.45850852883252,0.0237112053206585,0.289384483118037,0.270580022439094,1034,"tags=30%, list=18%, signal=25%","6001/3265/11214/1956/5534/207/301/8323/4828/5595/10681/998/8321/5058/2783/1889/133/1906/53637/26090/2870/10125/1907/1839/58191/23596/183/4935/6288/6347/2919/6364/2867","TotalCell"
"R-HSA-164952","The role of Nef in HIV-1 replication and disease pathogenesis",10,-0.645746894519718,-1.62596851074574,0.0257394781739986,0.310608983807578,0.290425336227021,384,"tags=40%, list=7%, signal=37%","567/9844/5879/3105","TotalCell"
"R-HSA-975634","Retinoid metabolism and transport",17,-0.561406164803711,-1.64737916804631,0.0270360630000834,0.319084963319666,0.298350539063962,436,"tags=35%, list=7%, signal=33%","9672/6385/3339/2817/10082/4023","TotalCell"
"R-HSA-6798695","Neutrophil degranulation",228,-0.294841386836008,-1.34891793510585,0.0267952840300107,0.319084963319666,0.298350539063962,1168,"tags=26%, list=20%, signal=22%","1075/8566/4790/5476/1509/84418/3920/1774/56888/8826/57153/8836/5912/427/2588/29108/175/80331/9798/10043/25797/8804/3728/965/51125/3958/11240/2683/3107/5315/5478/138050/7077/11333/5834/3916/1508/1512/6286/5329/302/634/567/5873/9145/3106/1116/5879/93100/1471/25798/3934/6280/2919/5328/7130/8876/6279/6278","TotalCell"
"R-HSA-9924644","Developmental Lineages of the Mammary Gland",23,0.466602941222921,1.76824323371959,0.0286953575327008,0.327859723299156,0.306555107348226,736,"tags=48%, list=13%, signal=42%","216/3815/4311/2001/7431/3856/3852/3880/3875/4072/2625","BRCA1_tumour"
"R-HSA-9658195","Leishmania infection",55,-0.406316049509566,-1.53868651623979,0.0285204720862059,0.327859723299156,0.306555107348226,1739,"tags=44%, list=30%, signal=31%","5336/1398/10552/5613/10095/10163/808/4790/4690/6868/29108/60/5595/10458/10681/998/2783/5045/834/4627/79651/9844/4067/5879","TotalCell"
"R-HSA-9824443","Parasitic Infection Pathways",55,-0.406316049509566,-1.53868651623979,0.0285204720862059,0.327859723299156,0.306555107348226,1739,"tags=44%, list=30%, signal=31%","5336/1398/10552/5613/10095/10163/808/4790/4690/6868/29108/60/5595/10458/10681/998/2783/5045/834/4627/79651/9844/4067/5879","TotalCell"
"R-HSA-1236974","ER-Phagosome pathway",53,-0.409580757631434,-1.54024802884359,0.0304911342828704,0.344710297050556,0.322310715854386,774,"tags=25%, list=13%, signal=21%","5687/6892/3107/8517/5698/6890/567/3133/3106/3105/6280/3134/6279","TotalCell"
"R-HSA-8848021","Signaling by PTK6",28,-0.476193992675345,-1.56500874391203,0.0327383645266627,0.362484572181811,0.338930002804516,1019,"tags=39%, list=17%, signal=33%","3265/1956/207/10656/2908/9564/9021/1839/9844/5879/898","TotalCell"
"R-HSA-9006927","Signaling by Non-Receptor Tyrosine Kinases",28,-0.476193992675345,-1.56500874391203,0.0327383645266627,0.362484572181811,0.338930002804516,1019,"tags=39%, list=17%, signal=33%","3265/1956/207/10656/2908/9564/9021/1839/9844/5879/898","TotalCell"
"R-HSA-446652","Interleukin-1 family signaling",70,-0.377274081689237,-1.50156723563633,0.034244448407809,0.375291199897826,0.35090444447959,774,"tags=20%, list=13%, signal=18%","5687/57162/11274/5604/8517/3654/834/5782/4792/3556/6288/64127/26525/56300","TotalCell"
"R-HSA-1236975","Antigen processing-Cross presentation",60,-0.404103288062443,-1.55911577261787,0.0345945312560741,0.375298248171956,0.350911034750609,774,"tags=25%, list=13%, signal=22%","5687/6892/1515/3107/8517/5698/3693/6890/567/3133/3106/3105/6280/3134/6279","TotalCell"
"R-HSA-9820448","Developmental Cell Lineages of the Exocrine Pancreas",21,-0.532550927181188,-1.62983017317991,0.0365064543974863,0.378435517970402,0.353844441971737,1274,"tags=57%, list=22%, signal=45%","6662/306/301/3872/8842/972/302/3910/6035/3918/25984/3909","TotalCell"
"R-HSA-202433","Generation of second messenger molecules",12,-0.60574864793449,-1.61140707320743,0.0387596899224806,0.378435517970402,0.353844441971737,1362,"tags=67%, list=23%, signal=51%","3113/4690/3123/5058/3122/3119/27040/3127","TotalCell"
"R-HSA-6806667","Metabolism of fat-soluble vitamins",19,-0.535158731613732,-1.6043996960246,0.0373679956222207,0.378435517970402,0.353844441971737,436,"tags=32%, list=7%, signal=29%","9672/6385/3339/2817/10082/4023","TotalCell"
"R-HSA-9925563","Developmental Lineage of Pancreatic Ductal Cells",19,-0.519474244371503,-1.55737778443614,0.0377906976744186,0.378435517970402,0.353844441971737,1274,"tags=58%, list=22%, signal=45%","6662/306/301/3872/8842/972/302/3910/3918/25984/3909","TotalCell"
"R-HSA-445989","TAK1-dependent IKK and NF-kappa-B activation",21,-0.506578327409224,-1.55034307697236,0.0373563218390805,0.378435517970402,0.353844441971737,673,"tags=29%, list=12%, signal=25%","11274/8517/3654/4792/6288/64127","TotalCell"
"R-HSA-9818564","Epigenetic regulation of gene expression by MLL3 and MLL4 complexes",33,-0.450964564828307,-1.54780573817499,0.0385032265398296,0.378435517970402,0.353844441971737,929,"tags=27%, list=16%, signal=23%","8841/10499/6907/9070/22976/6319/2180/1050/4023","TotalCell"
"R-HSA-9841922","MLL4 and MLL3 complexes regulate expression of PPARG target genes in adipogenesis and hepatic steatosis",33,-0.450964564828307,-1.54780573817499,0.0385032265398296,0.378435517970402,0.353844441971737,929,"tags=27%, list=16%, signal=23%","8841/10499/6907/9070/22976/6319/2180/1050/4023","TotalCell"
"R-HSA-9851695","Epigenetic regulation of adipogenesis genes by MLL3 and MLL4 complexes",33,-0.450964564828307,-1.54780573817499,0.0385032265398296,0.378435517970402,0.353844441971737,929,"tags=27%, list=16%, signal=23%","8841/10499/6907/9070/22976/6319/2180/1050/4023","TotalCell"
"R-HSA-381340","Transcriptional regulation of white adipocyte differentiation",44,-0.41984690724627,-1.52314269469725,0.0354796320630749,0.378435517970402,0.353844441971737,1201,"tags=30%, list=21%, signal=24%","4790/10974/896/8841/10499/6907/688/9412/1050/1051/7026/1052/4023","TotalCell"
"R-HSA-9009391","Extra-nuclear estrogen signaling",37,-0.429011452284505,-1.52160310550835,0.0371352785145889,0.378435517970402,0.353844441971737,1213,"tags=41%, list=21%, signal=32%","808/340481/3265/1956/207/2002/8877/3480/5595/10681/2783/858/3315/1839/857","TotalCell"
"R-HSA-9709957","Sensory Perception",52,-0.39532385407153,-1.48691900988032,0.0369897959183673,0.378435517970402,0.353844441971737,1067,"tags=35%, list=18%, signal=29%","26020/8573/60/80331/10681/10518/2059/4478/9672/4627/6385/11078/832/3339/2817/10082/3779/4023","TotalCell"
"R-HSA-5620924","Intraflagellar transport",23,0.451049885786161,1.70930321725154,0.0399770570358626,0.379763361893105,0.355086001417252,1556,"tags=48%, list=27%, signal=35%","7846/28981/9321/84790/56912/7280/10376/26146/51626/112752/11127","BRCA1_tumour"
"R-HSA-5625900","RHO GTPases activate CIT",12,-0.599131734007827,-1.59380481864097,0.0403100775193798,0.379763361893105,0.355086001417252,356,"tags=33%, list=6%, signal=31%","4627/9055/10398/5879","TotalCell"
"R-HSA-9734779","Developmental Cell Lineages of the Integumentary System",37,-0.434692611511233,-1.54175284621165,0.040078933740603,0.379763361893105,0.355086001417252,386,"tags=22%, list=7%, signal=20%","3691/3866/93099/4240/59/388533/374897/6700","TotalCell"
"R-HSA-4420097","VEGFA-VEGFR2 Pathway",50,-0.403761492246325,-1.5128892636556,0.0401631487788715,0.379763361893105,0.355086001417252,1366,"tags=44%, list=23%, signal=34%","10163/253260/7422/808/4690/64223/1499/3265/60/207/8877/3728/10458/998/5058/57761/9564/3315/9844/6461/5879/857","TotalCell"
"R-HSA-9711097","Cellular response to starvation",106,0.259125163482882,1.36366529828097,0.0414360942704194,0.386977089099395,0.361830974224075,1762,"tags=45%, list=30%, signal=32%","6158/6228/6193/6217/6231/6130/6205/6203/23521/6165/6171/6230/6152/6144/6141/6161/6208/6142/6128/6229/6206/6201/200916/28956/6155/9550/6147/6132/6223/6222/6154/51382/9349/6143/6125/6133/6204/6396/2197/6189/4736/6166/6159/1386/6146/6138/6202/7311","BRCA1_tumour"
"R-HSA-9020591","Interleukin-12 signaling",27,-0.468884610743363,-1.53314296818606,0.045643153526971,0.418980742632195,0.391755001931896,1161,"tags=37%, list=20%, signal=30%","5306/6845/5721/6627/998/5478/4478/302/6648/5055","TotalCell"
"R-HSA-2682334","EPH-Ephrin signaling",39,-0.424763461817759,-1.50692713916549,0.0455153949129853,0.418980742632195,0.391755001931896,1402,"tags=46%, list=24%, signal=35%","10095/1175/102/8874/10627/3985/3265/60/998/5058/1947/1948/1942/1212/4627/10398/4067/5879","TotalCell"
"R-HSA-1296071","Potassium Channels",10,-0.616894061106998,-1.55331806678229,0.0473890202377735,0.431320404537023,0.403292821648849,746,"tags=60%, list=13%, signal=52%","10681/2783/3790/9424/3755/3779","TotalCell"
"R-HSA-8957275","Post-translational protein phosphorylation",40,-0.414032885856222,-1.48642249664208,0.0486842105263158,0.439385227775321,0.410833585511767,800,"tags=35%, list=14%, signal=30%","6696/3895/56975/64856/84141/3490/3487/7076/1471/4240/8614/1356/11167/2621","TotalCell"
"R-HSA-72695","Formation of the ternary complex, and subsequently, the 43S complex",43,0.33292956345623,1.46258715625802,0.0495574642256825,0.443539304819858,0.414717726941237,612,"tags=26%, list=10%, signal=23%","6228/6193/6217/6231/6205/6203/6230/6208/6229/6206/6201","BRCA1_tumour"
"R-HSA-8979227","Triglyceride metabolism",11,-0.582297887676832,-1.51298990762729,0.0502354788069074,0.445891770567095,0.416917327375291,260,"tags=27%, list=4%, signal=26%","2710/857/150763","TotalCell"
"R-HSA-1630316","Glycosaminoglycan metabolism",54,-0.380149145268417,-1.43371018343308,0.0508259212198221,0.44743474909909,0.418360041792151,676,"tags=30%, list=12%, signal=26%","2683/8702/10678/138050/22856/9672/6385/9060/92126/3423/3339/26035/2817/3073/10082/4060","TotalCell"
"R-HSA-9659379","Sensory processing of sound",22,-0.484813206478677,-1.49494870736309,0.0520231213872832,0.450587357822115,0.421307791200919,978,"tags=45%, list=17%, signal=38%","8573/60/80331/10518/2059/4478/4627/11078/832/3779","TotalCell"
"R-HSA-9662360","Sensory processing of sound by inner hair cells of the cochlea",22,-0.484813206478677,-1.49494870736309,0.0520231213872832,0.450587357822115,0.421307791200919,978,"tags=45%, list=17%, signal=38%","8573/60/80331/10518/2059/4478/4627/11078/832/3779","TotalCell"
"R-HSA-9664407","Parasite infection",24,-0.47253346790636,-1.49795176718127,0.0536723163841808,0.451240007267442,0.421918030905753,1728,"tags=54%, list=30%, signal=38%","1398/10552/10095/10163/4690/60/5595/10458/998/4627/9844/4067/5879","TotalCell"
"R-HSA-9664417","Leishmania phagocytosis",24,-0.47253346790636,-1.49795176718127,0.0536723163841808,0.451240007267442,0.421918030905753,1728,"tags=54%, list=30%, signal=38%","1398/10552/10095/10163/4690/60/5595/10458/998/4627/9844/4067/5879","TotalCell"
"R-HSA-9664422","FCGR3A-mediated phagocytosis",24,-0.47253346790636,-1.49795176718127,0.0536723163841808,0.451240007267442,0.421918030905753,1728,"tags=54%, list=30%, signal=38%","1398/10552/10095/10163/4690/60/5595/10458/998/4627/9844/4067/5879","TotalCell"
"R-HSA-3928662","EPHB-mediated forward signaling",19,-0.497363305441222,-1.49108944491566,0.0537790697674419,0.451240007267442,0.421918030905753,1723,"tags=63%, list=29%, signal=45%","10552/387/10095/3985/3265/60/998/5058/1947/1948/4067/5879","TotalCell"
"R-HSA-76002","Platelet activation, signaling and aggregation",86,-0.333147800379711,-1.36682178036136,0.0550898203592814,0.458654783456343,0.42885098835377,1064,"tags=29%, list=18%, signal=24%","10257/5874/51706/2316/207/5595/2157/10681/7423/998/1445/5478/2783/9564/3959/26090/51097/10125/7114/7076/4067/5879/5627/27040/2621","TotalCell"
"R-HSA-5633008","TP53 Regulates Transcription of Cell Death Genes",15,-0.532210817389545,-1.5148771490286,0.0559646539027982,0.462354140704656,0.432309958083154,1413,"tags=53%, list=24%, signal=41%","3486/665/332/835/834/10397/27113/5366","TotalCell"
"R-HSA-9927426","Developmental Lineage of Mammary Gland Alveolar Cells",11,0.543912350267028,1.58644045509343,0.0613742672504121,0.487897513783039,0.45619350009705,639,"tags=55%, list=11%, signal=49%","3815/2001/3856/3880/3875/4072","BRCA1_tumour"
"R-HSA-202131","Metabolism of nitric oxide: NOS3 activation and regulation",14,-0.547707952817261,-1.52190453886467,0.0600600600600601,0.487897513783039,0.45619350009705,1396,"tags=57%, list=24%, signal=44%","9397/6697/808/340481/207/1785/80777/857","TotalCell"
"R-HSA-1538133","G0 and Early G1",16,-0.524488314548036,-1.51953310184482,0.0603829160530191,0.487897513783039,0.45619350009705,837,"tags=44%, list=14%, signal=38%","5928/9134/1874/4605/7027/898/1869","TotalCell"
"R-HSA-3928665","EPH-ephrin mediated repulsion of cells",17,-0.516832787626233,-1.51658392991899,0.0614035087719298,0.487897513783039,0.45619350009705,1377,"tags=53%, list=24%, signal=41%","1175/102/60/1947/1948/1942/1212/4067/5879","TotalCell"
"R-HSA-8950505","Gene and protein expression by JAK-STAT signaling after Interleukin-12 stimulation",25,-0.46502577121274,-1.48598477410076,0.0632022471910112,0.487897513783039,0.45619350009705,937,"tags=36%, list=16%, signal=30%","5306/5721/6627/998/5478/4478/302/6648/5055","TotalCell"
"R-HSA-166058","MyD88:MAL(TIRAP) cascade initiated on plasma membrane",52,-0.37762457654918,-1.42034728156673,0.0637755102040816,0.487897513783039,0.45619350009705,934,"tags=27%, list=16%, signal=23%","1326/4205/2002/5595/57162/11274/5604/8517/3654/4792/6288/6280/64127/6279","TotalCell"
"R-HSA-168179","Toll Like Receptor TLR1:TLR2 Cascade",52,-0.37762457654918,-1.42034728156673,0.0637755102040816,0.487897513783039,0.45619350009705,934,"tags=27%, list=16%, signal=23%","1326/4205/2002/5595/57162/11274/5604/8517/3654/4792/6288/6280/64127/6279","TotalCell"
"R-HSA-168188","Toll Like Receptor TLR6:TLR2 Cascade",52,-0.37762457654918,-1.42034728156673,0.0637755102040816,0.487897513783039,0.45619350009705,934,"tags=27%, list=16%, signal=23%","1326/4205/2002/5595/57162/11274/5604/8517/3654/4792/6288/6280/64127/6279","TotalCell"
"R-HSA-181438","Toll Like Receptor 2 (TLR2) Cascade",52,-0.37762457654918,-1.42034728156673,0.0637755102040816,0.487897513783039,0.45619350009705,934,"tags=27%, list=16%, signal=23%","1326/4205/2002/5595/57162/11274/5604/8517/3654/4792/6288/6280/64127/6279","TotalCell"
"R-HSA-9954709","Ribosome Quality Control (RQC) complex extracts and degrades nascent peptide",82,0.279618847506933,1.3950452025789,0.0640535842117398,0.487897513783039,0.45619350009705,1440,"tags=38%, list=25%, signal=29%","6158/6130/23521/6165/6171/6152/6144/6141/6161/26046/6142/5692/6128/200916/5704/5689/6155/5686/23008/6147/5684/6132/25898/6154/5707/9349/5690/6143/6125/6133/8453","BRCA1_tumour"
"R-HSA-5683057","MAPK family signaling cascades",119,-0.315182028992982,-1.33988601252938,0.0617142857142857,0.487897513783039,0.45619350009705,1084,"tags=25%, list=19%, signal=21%","22808/8826/3265/896/60/1956/8660/5595/5687/51125/8682/998/5058/1445/10048/5604/598/5597/5605/3315/1843/10125/1839/5879/58489/2260/9048/27040/148170/1847","TotalCell"
"R-HSA-73762","RNA Polymerase I Transcription Initiation",23,0.427567601843225,1.62031451609687,0.0655609969963044,0.492814272341831,0.460790763318737,1191,"tags=43%, list=20%, signal=35%","902/9014/51082/3066/4331/404672/5437/57459/1022/1108","BRCA1_tumour"
"R-HSA-9824439","Bacterial Infection Pathways",43,-0.392660005477453,-1.41641659824754,0.0656167979002625,0.492814272341831,0.460790763318737,1213,"tags=51%, list=21%, signal=41%","57674/3914/6844/7322/3836/2335/9146/808/11151/1499/6455/84168/5595/5604/5045/5605/567/3910/3918/1839/30011/3909","TotalCell"
"R-HSA-6811434","COPI-dependent Golgi-to-ER retrograde traffic",39,0.357890229586924,1.53491237943003,0.0666244423944896,0.493480352632288,0.461413561120458,1155,"tags=38%, list=20%, signal=31%","7846/51594/372/55605/84790/10945/51014/3796/11316/23095/10972/1315/7280/10376/9276","BRCA1_tumour"
"R-HSA-72662","Activation of the mRNA upon binding of the cap-binding complex and eIFs, and subsequent binding to 43S",49,0.326529849478095,1.44010566587766,0.0663031504164956,0.493480352632288,0.461413561120458,616,"tags=27%, list=11%, signal=24%","6228/6193/1975/6217/6231/6205/6203/6230/6208/6229/6206/6201/1974","BRCA1_tumour"
"R-HSA-9662851","Anti-inflammatory response favouring Leishmania parasite infection",20,-0.476048766393672,-1.44973197560147,0.0690647482014388,0.504595507267655,0.471806443137649,1213,"tags=50%, list=21%, signal=40%","5336/5613/808/6868/10681/2783/5045/4627/79651/4067","TotalCell"
"R-HSA-9664433","Leishmania parasite growth and survival",20,-0.476048766393672,-1.44973197560147,0.0690647482014388,0.504595507267655,0.471806443137649,1213,"tags=50%, list=21%, signal=40%","5336/5613/808/6868/10681/2783/5045/4627/79651/4067","TotalCell"
"R-HSA-446728","Cell junction organization",129,-0.308208153905429,-1.323743020607,0.0698985343855693,0.507236661689875,0.474275973000236,1004,"tags=23%, list=17%, signal=20%","50848/2316/60/2146/977/5595/3728/5687/1459/3611/687/5315/1785/1364/60559/6591/55742/5045/80149/1508/3691/72/50855/3918/9076/1001/1009/3909/59/94234","TotalCell"
"R-HSA-9696273","RND1 GTPase cycle",19,0.442302466913654,1.57620696869603,0.0703850935438895,0.507339533329781,0.474372159949633,764,"tags=37%, list=13%, signal=32%","22800/5295/224/667/23592/22852/10818","BRCA1_tumour"
"R-HSA-8955332","Carboxyterminal post-translational modifications of tubulin",11,0.530059412409852,1.54603530336682,0.0737313322885154,0.524420204489176,0.490342913929897,1123,"tags=64%, list=19%, signal=52%","7846/60509/79805/84790/79739/7280/10376","BRCA1_tumour"
"R-HSA-429914","Deadenylation-dependent mRNA decay",34,0.355578126840094,1.47780459664967,0.0734386215361108,0.524420204489176,0.490342913929897,1944,"tags=62%, list=33%, signal=41%","1975/10767/4849/1974/1981/54512/23318/1656/115024/79670/167227/56915/27258/55571/25804/5393/4850/54464/10605/51010/28960","BRCA1_tumour"
"R-HSA-2172127","DAP12 interactions",14,-0.5352994868383,-1.48742539610876,0.0750750750750751,0.530464675201517,0.495994609568017,647,"tags=50%, list=11%, signal=45%","3265/3107/567/3133/3106/5879/27040","TotalCell"
"R-HSA-174417","Telomere C-strand (Lagging Strand) Synthesis",22,-0.46414706883567,-1.43122351311767,0.0765895953757225,0.537628924402131,0.502693319493907,1965,"tags=73%, list=34%, signal=48%","7013/5985/54386/6117/10714/6119/54921/6118/5558/5983/5982/26277/100134934/79991/65057/5425","TotalCell"
"R-HSA-114452","Activation of BH3-only proteins",20,-0.469955538911484,-1.43117600541703,0.0776978417266187,0.541866766327198,0.506655782687589,1431,"tags=45%, list=24%, signal=34%","2810/7532/7533/5534/207/27113/7027/5366/1869","TotalCell"
"R-HSA-216083","Integrin cell surface interactions",20,-0.468904332018471,-1.42797471942837,0.079136690647482,0.548340682292875,0.512709017845147,1004,"tags=55%, list=17%, signal=46%","960/961/3694/2335/50848/6696/3385/3693/3339/3383/4060","TotalCell"
"R-HSA-203615","eNOS activation",12,-0.546911013404005,-1.45488773011601,0.0821705426356589,0.565712581991652,0.528952076075699,1396,"tags=58%, list=24%, signal=44%","9397/6697/808/340481/207/80777/857","TotalCell"
"R-HSA-9619665","EGR2 and SOX10-mediated initiation of Schwann cell myelination",14,0.444587066660831,1.45306343347948,0.0833333333333333,0.567982530963185,0.531074521747407,438,"tags=29%, list=7%, signal=26%","84059/57211/3066/7402","BRCA1_tumour"
"R-HSA-909733","Interferon alpha/beta signaling",34,-0.406900119953326,-1.40780931101986,0.0835579514824798,0.567982530963185,0.531074521747407,772,"tags=32%, list=13%, signal=28%","1958/3664/11274/3107/3669/3660/3133/9021/3106/3105/3134","TotalCell"
"R-HSA-9646399","Aggrephagy",18,0.429098166619705,1.49794096050033,0.0895372361236026,0.56963850629009,0.532622890327106,1123,"tags=39%, list=19%, signal=32%","7846/7431/5116/84790/7280/3320/10376","BRCA1_tumour"
"R-HSA-1839117","Signaling by cytosolic FGFR1 fusion mutants",12,0.487524068752167,1.48953480687811,0.0896358543417367,0.56963850629009,0.532622890327106,1331,"tags=58%, list=23%, signal=45%","5295/6776/6774/6772/7750/5290/8805","BRCA1_tumour"
"R-HSA-8876725","Protein methylation",13,0.463801036615903,1.46044865725419,0.0893371757925072,0.56963850629009,0.532622890327106,871,"tags=46%, list=15%, signal=39%","2109/22944/1938/3312/151194/1915","BRCA1_tumour"
"R-HSA-9662361","Sensory processing of sound by outer hair cells of the cochlea",16,-0.501485977935312,-1.45289136563582,0.0868924889543446,0.56963850629009,0.532622890327106,978,"tags=50%, list=17%, signal=42%","8573/60/10518/2059/4478/4627/11078/3779","TotalCell"
"R-HSA-73772","RNA Polymerase I Promoter Escape",17,0.426858318017709,1.44717480010179,0.0880503144654088,0.56963850629009,0.532622890327106,1167,"tags=41%, list=20%, signal=33%","902/9014/51082/4331/404672/5437/1022","BRCA1_tumour"
"R-HSA-73863","RNA Polymerase I Transcription Termination",17,0.424510343404179,1.4392144780264,0.0880503144654088,0.56963850629009,0.532622890327106,1167,"tags=41%, list=20%, signal=33%","902/9014/51082/4331/404672/5437/1022","BRCA1_tumour"
"R-HSA-6794361","Neurexins and neuroligins",13,0.456360245871146,1.43701858273047,0.0893371757925072,0.56963850629009,0.532622890327106,72,"tags=15%, list=1%, signal=15%","9229/2037","BRCA1_tumour"
"R-HSA-174437","Removal of the Flap Intermediate from the C-strand",11,-0.548906154714494,-1.42622786359555,0.0847723704866562,0.56963850629009,0.532622890327106,1965,"tags=82%, list=34%, signal=54%","7013/54386/6117/10714/6119/6118/26277/65057/5425","TotalCell"
"R-HSA-69231","Cyclin D associated events in G1",36,-0.397884224656906,-1.39399710203486,0.0878378378378378,0.56963850629009,0.532622890327106,965,"tags=33%, list=17%, signal=28%","896/6502/9134/1874/1032/1031/1870/28227/7027/4067/898/1869","TotalCell"
"R-HSA-69236","G1 Phase",36,-0.397884224656906,-1.39399710203486,0.0878378378378378,0.56963850629009,0.532622890327106,965,"tags=33%, list=17%, signal=28%","896/6502/9134/1874/1032/1031/1870/28227/7027/4067/898/1869","TotalCell"
"R-HSA-9843745","Adipogenesis",52,-0.366893396704033,-1.37998443691202,0.0880102040816327,0.56963850629009,0.532622890327106,1219,"tags=27%, list=21%, signal=22%","5928/4790/10974/896/8841/10499/6907/688/9412/1050/1051/7026/1052/4023","TotalCell"
"R-HSA-389958","Cooperation of Prefoldin and TriC/CCT  in actin and tubulin folding",18,0.427137485922639,1.49109641033659,0.0924100616615119,0.569761273209549,0.532737679743124,1123,"tags=44%, list=19%, signal=36%","7846/5204/84790/10576/10694/6950/7280/10376","BRCA1_tumour"
"R-HSA-9669938","Signaling by KIT in disease",10,0.515760972638273,1.46275338414917,0.0928381962864721,0.569761273209549,0.532737679743124,797,"tags=60%, list=14%, signal=52%","3815/6654/5295/6776/6774/6772","BRCA1_tumour"
"R-HSA-9670439","Signaling by phosphorylated juxtamembrane, extracellular and kinase domain KIT mutants",10,0.515760972638273,1.46275338414917,0.0928381962864721,0.569761273209549,0.532737679743124,797,"tags=60%, list=14%, signal=52%","3815/6654/5295/6776/6774/6772","BRCA1_tumour"
"R-HSA-389957","Prefoldin mediated transfer of substrate  to CCT/TriC",17,0.42309850033178,1.43442791623334,0.0911949685534591,0.569761273209549,0.532737679743124,1037,"tags=41%, list=18%, signal=34%","7846/5204/84790/10576/10694/6950/7280","BRCA1_tumour"
"R-HSA-9860931","Response of endothelial cells to shear stress",34,-0.402103179569124,-1.39121266480098,0.091644204851752,0.569761273209549,0.532737679743124,1429,"tags=47%, list=24%, signal=36%","2335/824/5515/253260/808/4790/64223/1499/4323/207/10681/8517/2783/133/302/4792","TotalCell"
"R-HSA-163841","Gamma carboxylation, hypusinylation, hydroxylation, and arylsulfatase activation",31,-0.412024453408518,-1.38939162855108,0.0911602209944751,0.569761273209549,0.532737679743124,941,"tags=29%, list=16%, signal=24%","1984/2157/91433/79672/5045/8459/5627/8460/2621","TotalCell"
"R-HSA-9659787","Aberrant regulation of mitotic G1/S transition in cancer due to RB1 defects",13,-0.536114922236157,-1.45196302751193,0.0977099236641221,0.59288394358908,0.554357818469061,1529,"tags=62%, list=26%, signal=46%","1026/1028/896/9134/1870/7027/898/1869","TotalCell"
"R-HSA-9661069","Defective binding of RB1 mutants to E2F1,(E2F2, E2F3)",13,-0.536114922236157,-1.45196302751193,0.0977099236641221,0.59288394358908,0.554357818469061,1529,"tags=62%, list=26%, signal=46%","1026/1028/896/9134/1870/7027/898/1869","TotalCell"
"R-HSA-2029482","Regulation of actin dynamics for phagocytic cup formation",26,-0.431478495758563,-1.3967373143176,0.0986111111111111,0.59499063670412,0.556327616794796,1728,"tags=50%, list=30%, signal=35%","1398/10552/10095/10163/4690/60/5595/10458/998/5058/4627/9844/5879","TotalCell"
"R-HSA-9671555","Signaling by PDGFR in disease",12,0.513587298777657,1.56916592827485,0.102419129234966,0.606319514661274,0.566920334202544,1384,"tags=58%, list=24%, signal=45%","6654/5295/51411/6774/6772/5290/2803","BRCA1_tumour"
"R-HSA-5260271","Diseases of Immune System",12,-0.532952008123661,-1.41775411055221,0.103875968992248,0.606319514661274,0.566920334202544,562,"tags=50%, list=10%, signal=45%","4790/148022/8517/4792/6280/6279","TotalCell"
"R-HSA-5602358","Diseases associated with the TLR signaling cascade",12,-0.532952008123661,-1.41775411055221,0.103875968992248,0.606319514661274,0.566920334202544,562,"tags=50%, list=10%, signal=45%","4790/148022/8517/4792/6280/6279","TotalCell"
"R-HSA-168638","NOD1/2 Signaling Pathway",18,-0.47792646833116,-1.41734312178086,0.101744186046512,0.606319514661274,0.566920334202544,757,"tags=28%, list=13%, signal=24%","835/8517/3654/834/64127","TotalCell"
"R-HSA-2173782","Binding and Uptake of Ligands by Scavenger Receptors",10,-0.56000654676855,-1.410077258729,0.1024,0.606319514661274,0.566920334202544,85,"tags=20%, list=1%, signal=20%","6288/6280","TotalCell"
"R-HSA-1971475","Glycosaminoglycan-protein linkage region biosynthesis",15,-0.494386770245702,-1.40721533000915,0.103092783505155,0.606319514661274,0.566920334202544,436,"tags=33%, list=7%, signal=31%","9672/6385/3339/2817/10082","TotalCell"
"R-HSA-201556","Signaling by ALK",12,0.477187342471173,1.45795295364957,0.106442577030812,0.614401193881358,0.574476858730585,1399,"tags=58%, list=24%, signal=44%","4192/5295/3066/6774/10818/5290/3091","BRCA1_tumour"
"R-HSA-1483191","Synthesis of PC",12,-0.531206929221535,-1.41311186744399,0.106976744186047,0.614401193881358,0.574476858730585,1214,"tags=58%, list=21%, signal=46%","10390/171586/57153/126969/1459/10809/56994","TotalCell"
"R-HSA-9616222","Transcriptional regulation of granulopoiesis",16,-0.487699614138376,-1.41294989208446,0.106038291605302,0.614401193881358,0.574476858730585,770,"tags=38%, list=13%, signal=33%","688/1050/7027/865/1051/1869","TotalCell"
"R-HSA-3781865","Diseases of glycosylation",51,-0.359639676461898,-1.34490459614143,0.108556832694764,0.620159778266895,0.579861245189276,676,"tags=22%, list=12%, signal=19%","2683/4351/22856/9672/6385/9060/3339/2817/3073/10082/4060","TotalCell"
"R-HSA-168643","Nucleotide-binding domain, leucine rich repeat containing receptor (NLR) signaling pathways",26,-0.424135893238124,-1.37296860504168,0.109722222222222,0.623500881834215,0.582985240879978,1201,"tags=31%, list=21%, signal=25%","4790/29108/835/598/8517/3654/834/64127","TotalCell"
"R-HSA-3000178","ECM proteoglycans",15,-0.488889501103626,-1.39156798288036,0.111929307805596,0.629382599912097,0.588484759694346,475,"tags=33%, list=8%, signal=31%","3693/3910/3339/3909/4060","TotalCell"
"R-HSA-1500931","Cell-Cell communication",141,-0.287493333088434,-1.2453599994848,0.111358574610245,0.629382599912097,0.588484759694346,1290,"tags=27%, list=22%, signal=22%","7979/92359/5928/27327/4690/1499/8826/50848/2316/8573/60/2146/977/5595/3728/5687/1459/3611/687/5315/1785/1364/60559/6591/55742/5045/80149/1508/3691/72/50855/3918/9076/1001/1009/3909/59/94234","TotalCell"
"R-HSA-3560783","Defective B4GALT7 causes EDS, progeroid type",11,-0.538454985209278,-1.3990724946359,0.114599686028257,0.637720532613205,0.596280886124667,436,"tags=45%, list=7%, signal=42%","9672/6385/3339/2817/10082","TotalCell"
"R-HSA-199418","Negative regulation of the PI3K/AKT network",34,-0.390185007642713,-1.34997769684309,0.11455525606469,0.637720532613205,0.596280886124667,942,"tags=35%, list=16%, signal=30%","1956/207/8660/5595/4915/3654/57761/1839/5728/5879/3556/2260","TotalCell"
"R-HSA-447115","Interleukin-12 family signaling",32,-0.399264443556925,-1.35027931230156,0.11522633744856,0.637902507318315,0.59645103595185,1161,"tags=31%, list=20%, signal=25%","5306/6845/5721/6627/998/5478/4478/302/6648/5055","TotalCell"
"R-HSA-163210","Formation of ATP by chemiosmotic coupling",13,0.446660182327289,1.40647435436636,0.118155619596542,0.639003015075377,0.597480031737636,1282,"tags=54%, list=22%, signal=42%","509/506/539/517/10632/10476/513","BRCA1_tumour"
"R-HSA-3928663","EPHA-mediated growth cone collapse",11,-0.535201413905915,-1.39061871067083,0.117739403453689,0.639003015075377,0.597480031737636,455,"tags=36%, list=8%, signal=34%","1942/4627/10398/4067","TotalCell"
"R-HSA-3560801","Defective B3GAT3 causes JDSSDHD",11,-0.534064527577909,-1.38766472856511,0.117739403453689,0.639003015075377,0.597480031737636,436,"tags=45%, list=7%, signal=42%","9672/6385/3339/2817/10082","TotalCell"
"R-HSA-4420332","Defective B3GALT6 causes EDSP2 and SEMDJL1",10,-0.548692751284403,-1.3815895101229,0.1184,0.639003015075377,0.597480031737636,436,"tags=50%, list=7%, signal=46%","9672/6385/3339/2817/10082","TotalCell"
"R-HSA-5620920","Cargo trafficking to the periciliary membrane",20,0.385588519162229,1.37584946003314,0.117263843648208,0.639003015075377,0.597480031737636,1390,"tags=50%, list=24%, signal=38%","7846/84790/10576/10694/6950/60412/7280/10376/10640/7203","BRCA1_tumour"
"R-HSA-9833482","PKR-mediated signaling",39,0.331723245106247,1.42268794553558,0.119687079504792,0.639522006906204,0.597965299018444,1358,"tags=49%, list=23%, signal=38%","7846/3306/9636/3608/6774/84790/5518/8575/6772/3312/5610/4869/5519/7280/10376/6895/1660/199990/51191","BRCA1_tumour"
"R-HSA-174414","Processive synthesis on the C-strand of the telomere",12,-0.523167018534103,-1.39172416976796,0.11937984496124,0.639522006906204,0.597965299018444,1965,"tags=75%, list=34%, signal=50%","7013/54386/6117/10714/6119/6118/26277/65057/5425","TotalCell"
"R-HSA-429947","Deadenylation of mRNA",15,0.45739323855907,1.4969701855217,0.122555264715924,0.646934197407777,0.604895838799391,1802,"tags=60%, list=31%, signal=42%","1975/4849/1974/1981/23318/79670/55571/4850/10605","BRCA1_tumour"
"R-HSA-182971","EGFR downregulation",16,-0.472513503925312,-1.36895311176172,0.122238586156112,0.646934197407777,0.604895838799391,945,"tags=50%, list=16%, signal=42%","9146/8874/6455/1956/998/5782/1839/30011","TotalCell"
"R-HSA-2559585","Oncogene Induced Senescence",24,-0.427058897450051,-1.3537953892666,0.122881355932203,0.646934197407777,0.604895838799391,811,"tags=29%, list=14%, signal=25%","5595/1032/1031/1870/7027/3397/1869","TotalCell"
"R-HSA-9927432","Developmental Lineage of Mammary Gland Myoepithelial Cells",10,0.48945749941073,1.38815391555881,0.124668435013263,0.648550724637681,0.606407322654462,268,"tags=40%, list=5%, signal=38%","216/4311/7431/3852","BRCA1_tumour"
"R-HSA-3214841","PKMTs methylate histone lysines",27,0.353676499949351,1.38376793951721,0.124554118167448,0.648550724637681,0.606407322654462,1199,"tags=37%, list=21%, signal=30%","2122/84787/55729/4297/84661/79723/29072/79813/64324/9869","BRCA1_tumour"
"R-HSA-163125","Post-translational modification: synthesis of GPI-anchored proteins",19,-0.452342417256318,-1.35611734215129,0.125,0.648550724637681,0.606407322654462,970,"tags=37%, list=17%, signal=31%","27076/128869/8581/5329/130576/54742/8876","TotalCell"
"R-HSA-174411","Polymerase switching on the C-strand of the telomere",17,-0.465630216281406,-1.36633611528488,0.128654970760234,0.64871097932625,0.606557163851066,1965,"tags=76%, list=34%, signal=51%","7013/5985/54386/10714/54921/5558/5983/5982/26277/100134934/79991/65057/5425","TotalCell"
"R-HSA-9656223","Signaling by RAF1 mutants",20,-0.443580563857053,-1.35085514883386,0.128057553956835,0.64871097932625,0.606557163851066,1587,"tags=50%, list=27%, signal=37%","2335/409/808/8826/3265/60/5595/1445/5604/5605","TotalCell"
"R-HSA-1474228","Degradation of the extracellular matrix",33,-0.390855259531655,-1.34149789292047,0.126016260162602,0.64871097932625,0.606557163851066,1429,"tags=45%, list=24%, signal=35%","824/102/1509/4323/6868/6696/1515/7077/5045/8754/1508/3918/3339/7076/3909","TotalCell"
"R-HSA-427413","NoRC negatively regulates rRNA expression",26,0.343527050368583,1.32177413147999,0.127659574468085,0.64871097932625,0.606557163851066,882,"tags=38%, list=15%, signal=33%","902/9014/51082/3066/8467/11176/4331/404672/51742/5437","BRCA1_tumour"
"R-HSA-5250941","Negative epigenetic regulation of rRNA expression",26,0.343527050368583,1.32177413147999,0.127659574468085,0.64871097932625,0.606557163851066,882,"tags=38%, list=15%, signal=33%","902/9014/51082/3066/8467/11176/4331/404672/51742/5437","BRCA1_tumour"
"R-HSA-1169410","Antimicrobial mechanism of IFN-stimulated genes",93,0.238154540235176,1.22535613778209,0.127703947236812,0.64871097932625,0.606557163851066,1468,"tags=42%, list=25%, signal=32%","7846/3306/9636/4600/57122/4599/3608/6774/84790/5518/1974/129401/8575/6772/5229/1981/3312/5610/23636/7324/4869/5519/4938/8678/7280/5903/79023/10376/6895/3661/8021/1660/199990/51191/8086/6396/55746/7341/7334","BRCA1_tumour"
"R-HSA-5621575","CD209 (DC-SIGN) signaling",13,-0.509261328477817,-1.37923529008894,0.129770992366412,0.64937738994019,0.607180270511557,1201,"tags=46%, list=21%, signal=37%","4790/3265/5058/3385/5971/4067","TotalCell"
"R-HSA-9033241","Peroxisomal protein import",26,0.341896967347106,1.31550213174186,0.131205673758865,0.64937738994019,0.607180270511557,638,"tags=27%, list=11%, signal=24%","10455/8540/5191/3295/3417/26061/5264","BRCA1_tumour"
"R-HSA-2132295","MHC class II antigen presentation",52,-0.347116704978968,-1.30559899678317,0.130102040816327,0.64937738994019,0.607180270511557,1428,"tags=37%, list=24%, signal=28%","11004/1783/1175/3113/8722/1075/5476/1509/3123/1515/1785/972/1508/1512/3122/832/3119/3108/3127","TotalCell"
"R-HSA-9855142","Cellular responses to mechanical stimuli",38,-0.366888440900775,-1.29803326950798,0.130666666666667,0.64937738994019,0.607180270511557,1429,"tags=45%, list=24%, signal=34%","824/5515/253260/808/4790/64223/1499/4323/207/6696/10681/8517/2783/133/302/3339/4792","TotalCell"
"R-HSA-168898","Toll-like Receptor Cascades",77,-0.314432806486439,-1.27566206455864,0.133971291866029,0.66002370396383,0.617134777596289,1201,"tags=27%, list=21%, signal=22%","4790/148022/79155/10695/1326/4205/2002/5595/57162/1515/11274/1785/5604/8517/3654/1508/4792/6288/6280/64127/6279","TotalCell"
"R-HSA-5218920","VEGFR2 mediated vascular permeability",21,-0.437300320002037,-1.33832319108528,0.135057471264368,0.662336639899229,0.619297416900778,1339,"tags=48%, list=23%, signal=37%","253260/808/64223/1499/207/3728/5058/57761/5879/857","TotalCell"
"R-HSA-72306","tRNA processing",64,0.273335651965347,1.26309175319397,0.136612021857924,0.666915052160954,0.623578319868225,1622,"tags=48%, list=28%, signal=35%","79042/57122/11260/84520/29894/83480/1787/54931/129401/57570/55006/10557/23636/54974/5903/79074/79023/10978/55621/79691/8021/51095/54482/112858/8086/6396/55746/1653/10785/55644/51002","BRCA1_tumour"
"R-HSA-3299685","Detoxification of Reactive Oxygen Species",17,0.393420022021898,1.33380917670664,0.141509433962264,0.681529740248752,0.637243332546613,513,"tags=24%, list=9%, signal=22%","2878/493869/7296/6647","BRCA1_tumour"
"R-HSA-109606","Intrinsic Pathway for Apoptosis",28,-0.401338077047044,-1.31899521939514,0.141470180305132,0.681529740248752,0.637243332546613,1431,"tags=39%, list=24%, signal=30%","2810/7532/7533/5534/207/5595/598/27113/7027/5366/1869","TotalCell"
"R-HSA-195258","RHO GTPase Effectors",137,-0.282105042992431,-1.21664002477122,0.140607424071991,0.681529740248752,0.637243332546613,1657,"tags=36%, list=28%, signal=26%","387/10726/23028/9184/29984/1729/9212/5347/2810/11004/1783/10095/5515/7532/10163/11130/7533/808/3985/4690/1499/57405/30851/8826/2316/55166/60/10403/10499/5595/332/10458/3895/998/5058/2017/5905/55055/55839/54820/4627/79682/79019/9055/10398/5879/6280/4638/6279","TotalCell"
"R-HSA-5663213","RHO GTPases Activate WASPs and WAVEs",18,-0.445375022540536,-1.32080825532648,0.143895348837209,0.686860465116279,0.642227662178703,1402,"tags=50%, list=24%, signal=38%","10552/10095/10163/4690/60/5595/10458/998/5879","TotalCell"
"R-HSA-6802948","Signaling by high-kinase activity BRAF mutants",18,-0.445176528380766,-1.32021959922411,0.143895348837209,0.686860465116279,0.642227662178703,1587,"tags=67%, list=27%, signal=49%","7094/4893/5594/2335/409/8826/3265/60/5595/1445/5604/5605","TotalCell"
"R-HSA-1433557","Signaling by SCF-KIT",16,0.399991895557938,1.33177084066864,0.145510835913313,0.691498397216362,0.646564217332559,494,"tags=44%, list=8%, signal=40%","3815/6654/1111/5295/5781/6776/6774","BRCA1_tumour"
"R-HSA-166016","Toll Like Receptor 4 (TLR4) Cascade",66,-0.322758294652662,-1.27179256858263,0.146520146520147,0.693227477368447,0.648180940320982,1201,"tags=27%, list=21%, signal=22%","4790/148022/79155/1326/4205/2002/5595/57162/11274/1785/5604/8517/3654/4792/6288/6280/64127/6279","TotalCell"
"R-HSA-450302","activated TAK1 mediates p38 MAPK activation",10,-0.536301970275961,-1.3503899489415,0.1504,0.705369432314411,0.659533900252816,562,"tags=30%, list=10%, signal=27%","8517/3654/64127","TotalCell"
"R-HSA-2424491","DAP12 signaling",12,-0.506842717300049,-1.34829841130623,0.150387596899225,0.705369432314411,0.659533900252816,384,"tags=42%, list=7%, signal=39%","3265/567/3133/5879/27040","TotalCell"
"R-HSA-933542","TRAF6 mediated NF-kB activation",14,-0.483765047588858,-1.34422773648351,0.151651651651652,0.708090759814898,0.662078393475853,562,"tags=29%, list=10%, signal=26%","4790/8517/4792/6288","TotalCell"
"R-HSA-9856530","High laminar flow shear stress activates signaling by PIEZO1 and PECAM1:CDH5:KDR in endothelial cells",21,-0.430665916576151,-1.31801912187299,0.152298850574713,0.708090759814898,0.662078393475853,1429,"tags=48%, list=24%, signal=36%","824/253260/808/64223/1499/4323/207/10681/2783/133","TotalCell"
"R-HSA-9013508","NOTCH3 Intracellular Domain Regulates Transcription",10,0.470566438001709,1.33457684115384,0.153846153846154,0.712201591511936,0.665922099678905,1750,"tags=60%, list=30%, signal=42%","23462/23493/6772/22938/4851/2648","BRCA1_tumour"
"R-HSA-9830369","Kidney development",10,-0.532186345979225,-1.34002694825912,0.1568,0.713572881355932,0.667204281891169,305,"tags=40%, list=5%, signal=38%","10406/3400/2303/79192","TotalCell"
"R-HSA-186763","Downstream signal transduction",13,0.418004447926118,1.31624120367274,0.155619596541787,0.713572881355932,0.667204281891169,1198,"tags=62%, list=20%, signal=49%","6654/5295/5781/6776/6774/6772/6778/5290","BRCA1_tumour"
"R-HSA-6811442","Intra-Golgi and retrograde Golgi-to-ER traffic",89,0.238454672613442,1.20917656880297,0.15527950310559,0.713572881355932,0.667204281891169,1753,"tags=43%, list=30%, signal=30%","7846/22836/51594/4124/9321/372/55605/84790/10945/51014/3796/9648/5050/11316/23095/9950/10972/10540/7110/1315/400/9712/7280/10376/9276/55860/60560/2803/4074/56894/11127/122830/9266/64147/5049/11311/10905/55850","BRCA1_tumour"
"R-HSA-5617833","Cilium Assembly",76,0.249823790322514,1.20490596095819,0.156626506024096,0.713572881355932,0.667204281891169,1556,"tags=38%, list=27%, signal=28%","7846/28981/80776/9321/5116/79598/80184/79600/84790/5518/10576/56912/51259/55755/10694/10540/6950/60412/7280/3320/10376/54801/10640/26146/7203/51626/112752/93323/11127","BRCA1_tumour"
"R-HSA-381676","Glucagon-like Peptide-1 (GLP1) regulates insulin secretion",10,-0.53081684776776,-1.33657859877999,0.16,0.725063291139241,0.677948034643571,1039,"tags=40%, list=18%, signal=33%","8826/10681/2783/3790","TotalCell"
"R-HSA-425407","SLC-mediated transmembrane transport",56,-0.331045836493731,-1.25501085178494,0.161006289308176,0.726557792928492,0.679345422379478,1465,"tags=39%, list=25%, signal=30%","6576/2030/120103/27173/7355/51248/808/6575/6550/57153/10568/126969/115286/23568/6522/6558/6509/11254/23516/1356/28232/347","TotalCell"
"R-HSA-9013422","RHOBTB1 GTPase cycle",14,0.391923900045164,1.28094209338921,0.163690476190476,0.735579796772265,0.687781168402177,1364,"tags=43%, list=23%, signal=33%","7431/9475/10576/1627/79869/23013","BRCA1_tumour"
"R-HSA-912446","Meiotic recombination",11,0.447449532542366,1.3050853500373,0.16986301369863,0.744099203832875,0.695746976826976,439,"tags=36%, list=8%, signal=34%","27030/675/472/1019","BRCA1_tumour"
"R-HSA-5685938","HDR through Single Strand Annealing (SSA)",17,-0.442103620418672,-1.29730013679173,0.172514619883041,0.744099203832875,0.695746976826976,1998,"tags=76%, list=34%, signal=50%","2067/5985/6117/6119/6118/83695/5883/116028/4361/5983/5982/5810/3364","TotalCell"
"R-HSA-5625740","RHO GTPases activate PKNs",22,-0.418018794667985,-1.28898439314661,0.169075144508671,0.744099203832875,0.695746976826976,1657,"tags=45%, list=28%, signal=33%","387/23028/2810/7532/7533/10499/5058/4627/10398/5879","TotalCell"
"R-HSA-2187338","Visual phototransduction",29,-0.388167087733072,-1.28824241802219,0.169421487603306,0.744099203832875,0.695746976826976,436,"tags=21%, list=7%, signal=19%","9672/6385/3339/2817/10082/4023","TotalCell"
"R-HSA-168181","Toll Like Receptor 7/8 (TLR7/8) Cascade",49,-0.334275486886796,-1.24715085101535,0.171355498721228,0.744099203832875,0.695746976826976,1201,"tags=31%, list=21%, signal=25%","4790/148022/79155/1326/4205/2002/5595/57162/11274/5604/8517/3654/4792/6288/64127","TotalCell"
"R-HSA-975138","TRAF6 mediated induction of NFkB and MAP kinases upon TLR7/8 or 9 activation",49,-0.334275486886796,-1.24715085101535,0.171355498721228,0.744099203832875,0.695746976826976,1201,"tags=31%, list=21%, signal=25%","4790/148022/79155/1326/4205/2002/5595/57162/11274/5604/8517/3654/4792/6288/64127","TotalCell"
"R-HSA-975155","MyD88 dependent cascade initiated on endosome",49,-0.334275486886796,-1.24715085101535,0.171355498721228,0.744099203832875,0.695746976826976,1201,"tags=31%, list=21%, signal=25%","4790/148022/79155/1326/4205/2002/5595/57162/11274/5604/8517/3654/4792/6288/64127","TotalCell"
"R-HSA-373760","L1CAM interactions",40,-0.346742009993692,-1.24484103024729,0.172368421052632,0.744099203832875,0.695746976826976,954,"tags=35%, list=16%, signal=29%","60/1956/5595/1459/5058/10048/1785/5604/4478/5605/8828/1808/5879/2260","TotalCell"
"R-HSA-1169408","ISG15 antiviral mechanism",51,0.279198902311939,1.24423388169305,0.168949771689498,0.744099203832875,0.695746976826976,1468,"tags=41%, list=25%, signal=31%","9636/4600/57122/4599/1974/129401/6772/1981/5610/23636/7324/8678/5903/79023/3661/8021/51191/8086/6396/55746/7334","BRCA1_tumour"
"R-HSA-983712","Ion channel transport",54,0.272093819265524,1.21591815745707,0.172093023255814,0.744099203832875,0.695746976826976,126,"tags=13%, list=2%, signal=13%","266675/286410/53826/57348/50617/55283/5348","BRCA1_tumour"
"R-HSA-9031628","NGF-stimulated transcription",21,-0.421495678989231,-1.2899543319129,0.175287356321839,0.750034345377112,0.701296447603416,996,"tags=38%, list=17%, signal=32%","3726/3399/2002/1958/6446/1785/3397/3400","TotalCell"
"R-HSA-983189","Kinesins",18,0.369489527530348,1.28985286076542,0.17515923566879,0.750034345377112,0.701296447603416,1123,"tags=39%, list=19%, signal=32%","7846/55605/84790/3796/23095/7280/10376","BRCA1_tumour"
"R-HSA-5689896","Ovarian tumor domain proteases",17,-0.436085740904113,-1.27964138993496,0.179824561403509,0.766395154553049,0.716594116871125,1176,"tags=35%, list=20%, signal=28%","10318/79155/8517/55593/5728/64127","TotalCell"
"R-HSA-445717","Aquaporin-mediated transport",10,-0.52007437283991,-1.30952941572019,0.1872,0.776011560693642,0.725585640401582,821,"tags=60%, list=14%, signal=52%","55970/360/4645/10681/8766/2783","TotalCell"
"R-HSA-9931509","Expression of BMAL (ARNTL), CLOCK, and NPAS2",14,-0.45885151223474,-1.27500102115179,0.183183183183183,0.776011560693642,0.725585640401582,929,"tags=43%, list=16%, signal=36%","10498/8841/10499/6907/64784/6095","TotalCell"
"R-HSA-6802946","Signaling by moderate kinase activity BRAF mutants",22,-0.411060632562418,-1.26752851012541,0.187861271676301,0.776011560693642,0.725585640401582,1587,"tags=45%, list=27%, signal=33%","2335/409/808/8826/3265/60/5595/1445/5604/5605","TotalCell"
"R-HSA-6802949","Signaling by RAS mutants",22,-0.411060632562418,-1.26752851012541,0.187861271676301,0.776011560693642,0.725585640401582,1587,"tags=45%, list=27%, signal=33%","2335/409/808/8826/3265/60/5595/1445/5604/5605","TotalCell"
"R-HSA-6802955","Paradoxical activation of RAF signaling by kinase inactive BRAF",22,-0.411060632562418,-1.26752851012541,0.187861271676301,0.776011560693642,0.725585640401582,1587,"tags=45%, list=27%, signal=33%","2335/409/808/8826/3265/60/5595/1445/5604/5605","TotalCell"
"R-HSA-9649948","Signaling downstream of RAS mutants",22,-0.411060632562418,-1.26752851012541,0.187861271676301,0.776011560693642,0.725585640401582,1587,"tags=45%, list=27%, signal=33%","2335/409/808/8826/3265/60/5595/1445/5604/5605","TotalCell"
"R-HSA-9682385","FLT3 signaling in disease",18,0.356897640667119,1.24589577921692,0.184713375796178,0.776011560693642,0.725585640401582,974,"tags=44%, list=17%, signal=37%","6654/9321/5295/5781/6776/7750/867/2804","BRCA1_tumour"
"R-HSA-196854","Metabolism of vitamins and cofactors",86,-0.294414359718704,-1.2079081982712,0.18562874251497,0.776011560693642,0.725585640401582,1422,"tags=31%, list=24%, signal=24%","10588/1727/154807/10229/6697/8566/51248/808/254552/26020/207/55034/57017/10797/56965/9672/349565/6385/3339/5095/4837/2817/93100/54/10082/8876/4023","TotalCell"
"R-HSA-2029480","Fcgamma receptor (FCGR) dependent phagocytosis",34,-0.357651609748308,-1.23741734547207,0.191374663072776,0.78749574000062,0.736323567539539,1739,"tags=47%, list=30%, signal=33%","5336/1398/10552/84513/10095/10163/4690/60/5595/10458/998/5058/4627/9844/4067/5879","TotalCell"
"R-HSA-9675126","Diseases of mitotic cell cycle",26,-0.386527490049608,-1.25122659337328,0.194444444444444,0.797073791348601,0.745279228605866,1529,"tags=46%, list=26%, signal=34%","1026/1028/11065/25906/119504/896/6502/9134/1870/7027/898/1869","TotalCell"
"R-HSA-9703465","Signaling by FLT3 fusion proteins",12,0.411947502978314,1.2586253348748,0.196078431372549,0.800715723551778,0.748684504820539,1198,"tags=58%, list=20%, signal=46%","6654/9321/5295/6776/7750/2804/5290","BRCA1_tumour"
"R-HSA-9687139","Aberrant regulation of mitotic cell cycle due to RB1 defects",25,-0.393062324010804,-1.25602636436575,0.199438202247191,0.808289166843333,0.755765819041987,1529,"tags=48%, list=26%, signal=36%","1026/1028/11065/25906/119504/896/6502/9134/1870/7027/898/1869","TotalCell"
"R-HSA-1793185","Chondroitin sulfate/dermatan sulfate metabolism",13,0.390946010441521,1.23103773155436,0.198847262247839,0.808289166843333,0.755765819041987,36,"tags=15%, list=1%, signal=15%","1462/83539","BRCA1_tumour"
"R-HSA-8936459","RUNX1 regulates genes involved in megakaryocyte differentiation and platelet function",16,-0.430525759936557,-1.24730737611234,0.204712812960236,0.826547222252981,0.772837449798436,373,"tags=31%, list=6%, signal=29%","27327/9070/865/10398/161882","TotalCell"
"R-HSA-114604","GPVI-mediated activation cascade",12,-0.477500680300619,-1.27024298992903,0.206201550387597,0.829439944255727,0.775542200156781,668,"tags=33%, list=11%, signal=30%","998/4067/5879/27040","TotalCell"
"R-HSA-5628897","TP53 Regulates Metabolic Genes",43,-0.334230715915435,-1.20564846702719,0.207349081364829,0.830943706663533,0.776948246748025,1500,"tags=37%, list=26%, signal=28%","55004/2810/7532/1349/4512/7533/27327/4514/64223/4513/207/6009/2539/51422/5728/54541","TotalCell"
"R-HSA-9764260","Regulation of Expression and Function of Type II Classical Cadherins",13,-0.460981868666096,-1.24847976039304,0.212213740458015,0.847184341408632,0.792133550626124,1216,"tags=38%, list=21%, signal=31%","27327/1499/3728/80149/1009","TotalCell"
"R-HSA-3371497","HSP90 chaperone cycle for steroid hormone receptors (SHR) in the presence of ligand",29,0.300959305163646,1.20456674250277,0.213768115942029,0.847184341408632,0.792133550626124,1235,"tags=38%, list=21%, signal=30%","7846/3306/84790/3312/10540/7280/2289/3320/10376/10728/55860","BRCA1_tumour"
"R-HSA-983169","Class I MHC mediated antigen processing & presentation",188,-0.257113981151735,-1.15283251003928,0.213740458015267,0.847184341408632,0.792133550626124,937,"tags=18%, list=16%, signal=16%","5721/6502/23327/9690/4008/6923/6468/114907/5687/9040/6892/55585/1515/3107/6477/57542/8517/5698/3693/6890/567/3133/84937/9021/3106/8139/3105/51619/6478/90135/255488/6280/3134/6279","TotalCell"
"R-HSA-3000170","Syndecan interactions",12,-0.47314447571079,-1.25865465388846,0.217054263565891,0.854392233533338,0.798873067520145,978,"tags=42%, list=17%, signal=35%","8573/3693/9672/3691/6385","TotalCell"
"R-HSA-9013149","RAC1 GTPase cycle",62,-0.306829923951935,-1.19566167492798,0.217177914110429,0.854392233533338,0.798873067520145,1042,"tags=27%, list=18%, signal=23%","27/8826/397/23075/10458/3895/998/5058/11135/55971/10652/23616/9411/50855/23348/5879/857","TotalCell"
"R-HSA-1912422","Pre-NOTCH Expression and Processing",27,-0.37916261795585,-1.23977304479332,0.218533886583679,0.856589029893691,0.800927114102305,676,"tags=19%, list=12%, signal=16%","2683/5045/7027/5986/1869","TotalCell"
"R-HSA-9640148","Infection with Enterobacteria",15,-0.433620857139815,-1.23425211656776,0.220913107511046,0.862766099879502,0.806702792595359,343,"tags=47%, list=6%, signal=44%","3914/7322/2335/808/3910/3918/3909","TotalCell"
"R-HSA-9648002","RAS processing",18,-0.413020680330761,-1.22485792106084,0.223837209302326,0.871018705763397,0.814419136820819,2620,"tags=72%, list=45%, signal=40%","51114/7316/402/4893/2339/10434/23463/9986/808/3265/51125/598/58489","TotalCell"
"R-HSA-72086","mRNA Capping",21,0.330204178123771,1.20951755567521,0.225490196078431,0.871138383410918,0.814531037708533,1167,"tags=38%, list=20%, signal=31%","902/5431/4331/2963/404672/5437/22916/1022","BRCA1_tumour"
"R-HSA-168138","Toll Like Receptor 9 (TLR9) Cascade",51,-0.317569568644872,-1.18757968160498,0.22477650063857,0.871138383410918,0.814531037708533,1201,"tags=29%, list=21%, signal=24%","4790/148022/79155/1326/4205/2002/5595/57162/11274/5604/8517/3654/4792/6288/64127","TotalCell"
"R-HSA-1660662","Glycosphingolipid metabolism",13,-0.456097170349805,-1.23525050475841,0.227480916030534,0.872186129272532,0.815510700113687,1168,"tags=31%, list=20%, signal=25%","5476/427/3073/53947","TotalCell"
"R-HSA-380994","ATF4 activates genes in response to endoplasmic reticulum  stress",19,-0.408391698686305,-1.22435359553137,0.228197674418605,0.872186129272532,0.815510700113687,350,"tags=16%, list=6%, signal=15%","1051/118460/6347","TotalCell"
"R-HSA-5673001","RAF/MAP kinase cascade",98,-0.281546565743506,-1.16576750571645,0.226618705035971,0.872186129272532,0.815510700113687,1084,"tags=23%, list=19%, signal=19%","22808/8826/3265/60/1956/8660/5595/5687/51125/8682/1445/10048/5604/598/5605/1843/10125/1839/58489/2260/9048/27040/1847","TotalCell"
"R-HSA-983705","Signaling by the B Cell Receptor (BCR)",58,-0.309221971983419,-1.18425433629151,0.233458177278402,0.878784897966484,0.82168067495837,2471,"tags=62%, list=42%, signal=36%","7316/5717/5685/5688/9861/6885/6500/5705/4893/4793/5701/5530/5713/5714/5336/8454/4772/5683/84876/7979/5966/808/4790/4690/4775/3265/5534/5687/4794/29760/5478/8517/10125/4792/4067/30011","TotalCell"
"R-HSA-168142","Toll Like Receptor 10 (TLR10) Cascade",49,-0.314580937346193,-1.17367231255391,0.234015345268542,0.878784897966484,0.82168067495837,934,"tags=29%, list=16%, signal=24%","4790/79155/1326/4205/2002/5595/57162/11274/5604/8517/3654/4792/6288/64127","TotalCell"
"R-HSA-168176","Toll Like Receptor 5 (TLR5) Cascade",49,-0.314580937346193,-1.17367231255391,0.234015345268542,0.878784897966484,0.82168067495837,934,"tags=29%, list=16%, signal=24%","4790/79155/1326/4205/2002/5595/57162/11274/5604/8517/3654/4792/6288/64127","TotalCell"
"R-HSA-975871","MyD88 cascade initiated on plasma membrane",49,-0.314580937346193,-1.17367231255391,0.234015345268542,0.878784897966484,0.82168067495837,934,"tags=29%, list=16%, signal=24%","4790/79155/1326/4205/2002/5595/57162/11274/5604/8517/3654/4792/6288/64127","TotalCell"
"R-HSA-5689603","UCH proteinases",47,0.259516031129878,1.15712733942369,0.232456140350877,0.878784897966484,0.82168067495837,1287,"tags=36%, list=22%, signal=28%","55252/114785/29844/9958/55777/5692/10445/5704/86/5689/5686/5684/4798/54891/7347/5707/5690","BRCA1_tumour"
"R-HSA-5620971","Pyroptosis",12,-0.465132523161314,-1.23734133019809,0.237209302325581,0.882278260436633,0.824947035633194,471,"tags=83%, list=8%, signal=77%","51652/91782/837/29082/128866/3659/92421/3660/834/79643","TotalCell"
"R-HSA-9748784","Drug ADME",20,-0.398994782337051,-1.21507613271248,0.237410071942446,0.882278260436633,0.824947035633194,1076,"tags=30%, list=18%, signal=25%","55270/10257/22978/7172/5879/1066","TotalCell"
"R-HSA-421270","Cell-cell junction organization",114,-0.269921009872976,-1.14055663373929,0.236933797909408,0.882278260436633,0.824947035633194,1290,"tags=25%, list=22%, signal=20%","7979/92359/5928/27327/1499/50848/60/2146/5595/3728/5687/1459/687/5315/1785/1364/60559/6591/5045/80149/1508/72/50855/9076/1001/1009/59/94234","TotalCell"
"R-HSA-9735871","SARS-CoV-1 targets host intracellular signalling and regulatory pathways",12,-0.462132936411904,-1.22936185666368,0.241860465116279,0.883531086853346,0.826118452276872,2216,"tags=67%, list=38%, signal=41%","4089/5170/7534/2810/7532/7533/7329/857","TotalCell"
"R-HSA-9635486","Infection with Mycobacterium tuberculosis",14,-0.435502289681279,-1.21012102881228,0.241741741741742,0.883531086853346,0.826118452276872,2200,"tags=71%, list=38%, signal=45%","7316/5987/5230/5594/57674/3836/9146/11151/5595/567","TotalCell"
"R-HSA-2871796","FCERI mediated MAPK activation",18,-0.406460385520806,-1.20540265054985,0.239825581395349,0.883531086853346,0.826118452276872,1019,"tags=33%, list=17%, signal=28%","3265/5595/5058/4067/5879/27040","TotalCell"
"R-HSA-6811558","PI5P, PP2A and IER3 Regulate PI3K/AKT Signaling",30,-0.360799488302327,-1.20356860419767,0.240997229916898,0.883531086853346,0.826118452276872,942,"tags=33%, list=16%, signal=28%","1956/207/8660/5595/4915/3654/1839/5879/3556/2260","TotalCell"
"R-HSA-9663891","Selective autophagy",41,0.264374249883548,1.15596141353052,0.239837398373984,0.883531086853346,0.826118452276872,1527,"tags=39%, list=26%, signal=29%","7846/139341/7431/5116/472/84790/55669/3312/7280/3320/10376/81631/9868/4077/7334/29110","BRCA1_tumour"
"R-HSA-5684264","MAP3K8 (TPL2)-dependent MAPK1/3 activation",11,-0.478763757829078,-1.24397623460919,0.244897959183673,0.891594603943272,0.8336579948661,1201,"tags=82%, list=21%, signal=65%","23291/7316/6500/8454/4790/79155/1326/5604/8517","TotalCell"
"R-HSA-5339562","Uptake and actions of bacterial toxins",13,-0.447820684374108,-1.21283525172962,0.248854961832061,0.896879963112864,0.83859990670359,1213,"tags=46%, list=21%, signal=37%","808/84168/5604/5045/5605/1839","TotalCell"
"R-HSA-6811440","Retrograde transport at the Trans-Golgi-Network",20,0.333382323864879,1.18956832861796,0.247557003257329,0.896879963112864,0.83859990670359,1563,"tags=45%, list=27%, signal=33%","22836/9648/7110/400/9712/60560/2803/4074/122830","BRCA1_tumour"
"R-HSA-73854","RNA Polymerase I Promoter Clearance",26,0.308235414608587,1.18598403531398,0.24822695035461,0.896879963112864,0.83859990670359,1191,"tags=38%, list=20%, signal=31%","902/9014/51082/3066/4331/404672/5437/57459/1022/1108","BRCA1_tumour"
"R-HSA-6807878","COPI-mediated anterograde transport",43,0.263815808502243,1.15896470450853,0.25,0.897993311036789,0.839640908290794,1235,"tags=37%, list=21%, signal=30%","7846/372/84790/10945/51014/8615/11316/10972/10540/1315/2804/7280/10376/9276/6709/55860","BRCA1_tumour"
"R-HSA-4090294","SUMOylation of intracellular receptors",10,-0.486099902840636,-1.22398286666682,0.2544,0.898768421052632,0.840365650969529,1294,"tags=50%, list=22%, signal=39%","8554/7329/4929/2908/6095","TotalCell"
"R-HSA-5675221","Negative regulation of MAPK pathway",21,-0.396389303931791,-1.2131182482272,0.252873563218391,0.898768421052632,0.840365650969529,1019,"tags=29%, list=17%, signal=24%","3265/5595/5604/5605/1843/1847","TotalCell"
"R-HSA-375165","NCAM signaling for neurite out-growth",14,-0.432849111147392,-1.20274869756828,0.252252252252252,0.898768421052632,0.840365650969529,1019,"tags=36%, list=17%, signal=30%","3265/5595/5621/2260/9048","TotalCell"
"R-HSA-5655302","Signaling by FGFR1 in disease",17,0.340696530669885,1.15506108902184,0.251572327044025,0.898768421052632,0.840365650969529,857,"tags=41%, list=15%, signal=35%","6654/5295/6776/6774/10818/6772/7750","BRCA1_tumour"
"R-HSA-5684996","MAPK1/MAPK3 signaling",100,-0.273831440084661,-1.13733441617701,0.2541567695962,0.898768421052632,0.840365650969529,1084,"tags=23%, list=19%, signal=19%","22808/8826/3265/60/1956/8660/5595/5687/51125/8682/1445/10048/5604/598/5605/1843/10125/1839/58489/2260/9048/27040/1847","TotalCell"
"R-HSA-389356","Co-stimulation by CD28",21,-0.393565116225979,-1.20447504416404,0.258620689655172,0.90475120745816,0.845959670601867,1387,"tags=48%, list=24%, signal=36%","5515/253260/64223/1326/207/998/5058/57761/4067/5879","TotalCell"
"R-HSA-9816359","Maternal to zygotic transition (MZT)",27,0.294639841496774,1.15278557219961,0.258064516129032,0.90475120745816,0.845959670601867,1802,"tags=52%, list=31%, signal=36%","1975/4849/10765/1974/1981/23318/79670/7374/55571/23405/23135/4850/5927/10605","BRCA1_tumour"
"R-HSA-73864","RNA Polymerase I Transcription",27,0.29458383784231,1.15256645653444,0.258064516129032,0.90475120745816,0.845959670601867,1191,"tags=37%, list=20%, signal=30%","902/9014/51082/3066/4331/404672/5437/57459/1022/1108","BRCA1_tumour"
"R-HSA-1362277","Transcription of E2F targets under negative control by DREAM complex",10,-0.479019099924392,-1.20615364802044,0.2688,0.910697791798107,0.851519840610991,1219,"tags=40%, list=21%, signal=32%","5928/1874/7027/1869","TotalCell"
"R-HSA-6783589","Interleukin-6 family signaling",10,-0.478447793391392,-1.20471511778433,0.2688,0.910697791798107,0.851519840610991,314,"tags=30%, list=5%, signal=28%","9021/3976/9180","TotalCell"
"R-HSA-9634638","Estrogen-dependent nuclear events downstream of ESR-membrane signaling",12,-0.452384750515036,-1.20342982072977,0.268217054263566,0.910697791798107,0.851519840610991,942,"tags=75%, list=16%, signal=63%","1027/5594/374/2353/1956/207/2002/5595/1839","TotalCell"
"R-HSA-9707616","Heme signaling",16,-0.409129911815259,-1.18531991412213,0.268041237113402,0.910697791798107,0.851519840610991,929,"tags=31%, list=16%, signal=26%","8841/10499/6907/64784/6095","TotalCell"
"R-HSA-9706574","RHOBTB GTPase Cycle",22,0.312814739526362,1.17120287653625,0.261290322580645,0.910697791798107,0.851519840610991,1747,"tags=50%, list=30%, signal=35%","7431/9475/124540/10576/1627/79869/3320/23013/5756/908/7919","BRCA1_tumour"
"R-HSA-6804115","TP53 regulates transcription of additional cell cycle genes whose exact role in the p53 pathway remain uncertain",13,0.368694782611161,1.16097153238366,0.265129682997118,0.910697791798107,0.851519840610991,932,"tags=38%, list=16%, signal=32%","5325/4849/10769/28984/4869","BRCA1_tumour"
"R-HSA-418594","G alpha (i) signalling events",50,-0.305567135586015,-1.14495623686681,0.263291139240506,0.910697791798107,0.851519840610991,1034,"tags=24%, list=18%, signal=20%","6001/5534/301/10681/2783/53637/58191/23596/183/6288/2919/6364","TotalCell"
"R-HSA-1168372","Downstream signaling events of B Cell Receptor (BCR)",49,-0.30597353188378,-1.14155888076309,0.265984654731458,0.910697791798107,0.851519840610991,2471,"tags=61%, list=42%, signal=36%","7316/5717/5685/5688/9861/6885/6500/5705/4893/4793/5701/5530/5713/5714/8454/4772/5683/7979/5966/808/4790/4775/3265/5534/5687/4794/5478/8517/10125/4792","TotalCell"
"R-HSA-5617472","Activation of anterior HOX genes in hindbrain development during early embryogenesis",35,0.268864259457553,1.13327212075339,0.26615969581749,0.910697791798107,0.851519840610991,21,"tags=6%, list=0%, signal=6%","3212/3213","BRCA1_tumour"
"R-HSA-5619507","Activation of HOX genes during differentiation",35,0.268864259457553,1.13327212075339,0.26615969581749,0.910697791798107,0.851519840610991,21,"tags=6%, list=0%, signal=6%","3212/3213","BRCA1_tumour"
"R-HSA-2559583","Cellular Senescence",77,-0.278866721413729,-1.13136953344809,0.270334928229665,0.91301796515302,0.853689247041048,1322,"tags=30%, list=23%, signal=23%","11065/25906/119504/5928/27327/4361/4790/8535/2146/9134/5595/26277/1032/65057/1031/1870/7027/3397/1051/1912/3490/898/1869","TotalCell"
"R-HSA-9709570","Impaired BRCA2 binding to RAD51",18,-0.394923492195783,-1.1711887337981,0.271802325581395,0.91509623095429,0.855632465285105,1940,"tags=72%, list=33%, signal=48%","5985/6117/6119/6118/83695/5883/7979/116028/4361/5983/5982/5810/3364","TotalCell"
"R-HSA-167160","RNA Pol II CTD phosphorylation and interaction with CE during HIV infection",19,0.320541334783835,1.14229407121991,0.273885350318471,0.916364069289839,0.856817918359802,1167,"tags=37%, list=20%, signal=30%","902/5431/4331/2963/404672/5437/1022","BRCA1_tumour"
"R-HSA-77075","RNA Pol II CTD phosphorylation and interaction with CE",19,0.320541334783835,1.14229407121991,0.273885350318471,0.916364069289839,0.856817918359802,1167,"tags=37%, list=20%, signal=30%","902/5431/4331/2963/404672/5437/1022","BRCA1_tumour"
"R-HSA-450321","JNK (c-Jun kinases) phosphorylation and  activation mediated by activated human TAK1",11,-0.46280836523968,-1.20251919265373,0.277864992150706,0.918236927907258,0.858569076961211,562,"tags=27%, list=10%, signal=25%","8517/3654/64127","TotalCell"
"R-HSA-6806834","Signaling by MET",38,-0.323250629347318,-1.1436448372482,0.277333333333333,0.918236927907258,0.858569076961211,1160,"tags=29%, list=20%, signal=23%","6692/382/3265/6455/10048/3910/3918/64759/5879/30011/3909","TotalCell"
"R-HSA-1226099","Signaling by FGFR in disease",31,0.281716316072858,1.13798608320542,0.276978417266187,0.918236927907258,0.858569076961211,978,"tags=35%, list=17%, signal=30%","6654/5295/6776/6774/5431/2963/10818/6772/7750/5437/22916","BRCA1_tumour"
"R-HSA-6784531","tRNA processing in the nucleus",40,0.254224400003203,1.09370204094463,0.276859504132231,0.918236927907258,0.858569076961211,1510,"tags=42%, list=26%, signal=32%","79042/57122/11260/29894/129401/10557/23636/5903/79074/79023/10978/8021/51095/8086/6396/55746/1653","BRCA1_tumour"
"R-HSA-1638074","Keratan sulfate/keratin metabolism",13,-0.440343880880172,-1.19258578321662,0.280916030534351,0.925471830656114,0.865333849305041,995,"tags=54%, list=17%, signal=45%","2588/8704/2683/8702/10678/3073/4060","TotalCell"
"R-HSA-420029","Tight junction interactions",12,-0.44543438069273,-1.1849405098064,0.285271317829457,0.936946163146291,0.876062569481096,1269,"tags=42%, list=22%, signal=33%","92359/50848/1364/50855/9076","TotalCell"
"R-HSA-936837","Ion transport by P-type ATPases",21,0.315326669929348,1.15502215998366,0.287581699346405,0.941654710664754,0.88046515140074,126,"tags=14%, list=2%, signal=14%","286410/53826/5348","BRCA1_tumour"
"R-HSA-177929","Signaling by EGFR",28,-0.35378530082232,-1.16271330124057,0.292649098474341,0.949562331605566,0.887858928111056,1364,"tags=39%, list=23%, signal=30%","102/8874/3265/6868/6455/1956/998/1445/5782/1839/30011","TotalCell"
"R-HSA-5674135","MAP2K and MAPK activation",20,-0.381275446769131,-1.16111467083573,0.292086330935252,0.949562331605566,0.887858928111056,1587,"tags=45%, list=27%, signal=33%","2335/409/8826/3265/60/5595/1445/5604/5605","TotalCell"
"R-HSA-9759476","Regulation of Homotypic Cell-Cell Adhesion",95,-0.268896522418623,-1.11126419046967,0.291017964071856,0.949562331605566,0.887858928111056,954,"tags=19%, list=16%, signal=16%","60/2146/5595/3728/5687/1459/687/5315/1785/60559/6591/5045/80149/1508/72/1009/59/94234","TotalCell"
"R-HSA-9696270","RND2 GTPase cycle",18,0.323231550521334,1.1283706548228,0.296178343949045,0.955241866069891,0.89316940138261,764,"tags=33%, list=13%, signal=29%","5295/224/667/23592/22852/10818","BRCA1_tumour"
"R-HSA-186797","Signaling by PDGF",18,0.323156361537465,1.12810817721866,0.296178343949045,0.955241866069891,0.89316940138261,1198,"tags=56%, list=20%, signal=44%","7059/6654/5295/5781/6776/6774/6772/6778/1298/5290","BRCA1_tumour"
"R-HSA-190861","Gap junction assembly",11,0.387628629311033,1.13060447844131,0.298630136986301,0.960265769830203,0.897866847415479,58,"tags=18%, list=1%, signal=18%","2697/7846","BRCA1_tumour"
"R-HSA-982772","Growth hormone receptor signaling",11,-0.451724094590187,-1.17371883122189,0.301412872841444,0.960585832141576,0.898166111793652,1346,"tags=55%, list=23%, signal=42%","25970/6868/8660/5595/9021/4067","TotalCell"
"R-HSA-425397","Transport of vitamins, nucleosides, and related molecules",11,-0.450889431746512,-1.17155011914947,0.301412872841444,0.960585832141576,0.898166111793652,1423,"tags=45%, list=24%, signal=34%","2030/7355/51248/23568/347","TotalCell"
"R-HSA-8978868","Fatty acid metabolism",64,0.237614177303879,1.09802181177796,0.300546448087432,0.960585832141576,0.898166111793652,638,"tags=20%, list=11%, signal=18%","1545/2182/3032/10455/3030/6785/224/8644/3295/9415/47/26061/5264","BRCA1_tumour"
"R-HSA-9013423","RAC3 GTPase cycle",39,-0.313761959613633,-1.11312872853077,0.302543507362784,0.961336470140919,0.898867972669251,1042,"tags=28%, list=18%, signal=23%","27/397/23075/10458/998/5058/11135/9235/55971/10652/857","TotalCell"
"R-HSA-390471","Association of TriC/CCT with target proteins during biosynthesis",25,-0.362781752577502,-1.15926512899677,0.304775280898876,0.965571243909715,0.902827567078181,929,"tags=28%, list=16%, signal=24%","8841/8877/9134/11328/6468/63971/898","TotalCell"
"R-HSA-9675136","Diseases of DNA Double-Strand Break Repair",19,-0.377545878866338,-1.13187818399589,0.309593023255814,0.972230722154223,0.909054306512916,1940,"tags=68%, list=33%, signal=46%","5985/6117/6119/6118/83695/5883/7979/116028/4361/5983/5982/5810/3364","TotalCell"
"R-HSA-9701190","Defective homologous recombination repair (HRR) due to BRCA2 loss of function",19,-0.377545878866338,-1.13187818399589,0.309593023255814,0.972230722154223,0.909054306512916,1940,"tags=68%, list=33%, signal=46%","5985/6117/6119/6118/83695/5883/7979/116028/4361/5983/5982/5810/3364","TotalCell"
"R-HSA-202403","TCR signaling",56,-0.293799289957812,-1.11380738404407,0.308176100628931,0.972230722154223,0.909054306512916,1362,"tags=59%, list=23%, signal=46%","7316/5717/5685/5688/7321/9861/6885/6500/5705/5170/5701/5713/5714/5336/8454/7322/5683/3113/7979/4790/997/4690/3123/5687/5058/1445/8517/3122/3119/4792/5728/27040/3127","TotalCell"
"R-HSA-373755","Semaphorin interactions",21,-0.367677902152306,-1.12524926416181,0.314655172413793,0.985246808082839,0.921224595619944,661,"tags=24%, list=11%, signal=21%","5058/4627/10398/1808/5879","TotalCell"
"R-HSA-5651801","PCNA-Dependent Long Patch Base Excision Repair",15,-0.401934603891894,-1.14406082504338,0.316642120765832,0.985720688992764,0.921667683327548,1940,"tags=53%, list=33%, signal=36%","5985/6117/10714/6119/6118/5983/5982/5425","TotalCell"
"R-HSA-180786","Extension of Telomeres",31,-0.334671928821035,-1.12855043521885,0.316298342541436,0.985720688992764,0.921667683327548,2185,"tags=58%, list=37%, signal=37%","890/1736/7013/5985/54386/6117/10714/6119/54921/6118/5558/5983/5982/26277/100134934/79991/65057/5425","TotalCell"
"R-HSA-913709","O-linked glycosylation of mucins",10,-0.454337701114118,-1.14400673317308,0.3312,0.99641385216507,0.931665995261665,967,"tags=40%, list=17%, signal=33%","63917/56913/2589/10678","TotalCell"
"R-HSA-9759475","Regulation of CDH11 Expression and Function",11,-0.437897851489247,-1.13779397778376,0.326530612244898,0.99641385216507,0.931665995261665,1216,"tags=64%, list=21%, signal=50%","1500/1495/23112/27327/1499/3728/1009","TotalCell"
"R-HSA-9648895","Response of EIF2AK1 (HRI) to heme deficiency",11,-0.437882608048593,-1.13775437061301,0.326530612244898,0.99641385216507,0.931665995261665,1200,"tags=45%, list=21%, signal=36%","8894/23645/440/57761/1051","TotalCell"
"R-HSA-9860927","Turbulent (oscillatory, disturbed) flow shear stress activates signaling by PIEZO1 and integrins in endothelial cells",15,-0.398331753411958,-1.1338057237093,0.322533136966127,0.99641385216507,0.931665995261665,1587,"tags=47%, list=27%, signal=34%","2335/824/5515/4790/8517/302/4792","TotalCell"
"R-HSA-2219530","Constitutive Signaling by Aberrant PI3K in Cancer",15,-0.397134017288872,-1.13039650498592,0.326951399116348,0.99641385216507,0.931665995261665,942,"tags=40%, list=16%, signal=34%","1956/8660/4915/1839/5879/2260","TotalCell"
"R-HSA-5655253","Signaling by FGFR2 in disease",20,0.313746866148941,1.11950547001762,0.322475570032573,0.99641385216507,0.931665995261665,1198,"tags=40%, list=20%, signal=32%","6654/5295/5431/2963/10818/5437/22916/5290","BRCA1_tumour"
"R-HSA-9917777","Epigenetic regulation by WDR5-containing histone modifying complexes",50,-0.294839953727397,-1.10476162055286,0.324050632911392,0.99641385216507,0.931665995261665,929,"tags=18%, list=16%, signal=15%","8841/10499/6907/9070/22976/6319/2180/1050/4023","TotalCell"
"R-HSA-191859","snRNP Assembly",32,0.26634776004289,1.09672349826882,0.32967032967033,0.99641385216507,0.931665995261665,1911,"tags=53%, list=33%, signal=36%","57122/51808/129401/23636/79833/22916/5903/79023/8021/6635/8086/6396/55746/4686/7175/8480/6636","BRCA1_tumour"
"R-HSA-194441","Metabolism of non-coding RNA",32,0.26634776004289,1.09672349826882,0.32967032967033,0.99641385216507,0.931665995261665,1911,"tags=53%, list=33%, signal=36%","57122/51808/129401/23636/79833/22916/5903/79023/8021/6635/8086/6396/55746/4686/7175/8480/6636","BRCA1_tumour"
"R-HSA-9607240","FLT3 Signaling",18,0.313966221379447,1.09602627045154,0.331210191082803,0.99641385216507,0.931665995261665,1198,"tags=44%, list=20%, signal=35%","6654/5295/5781/6776/208/867/10018/5290","BRCA1_tumour"
"R-HSA-114608","Platelet degranulation",50,-0.292392712643933,-1.09559183880832,0.330379746835443,0.99641385216507,0.931665995261665,1213,"tags=30%, list=21%, signal=24%","808/3920/10257/5874/51706/2316/2157/7423/5478/3959/51097/7114/7076/5627/2621","TotalCell"
"R-HSA-3700989","Transcriptional Regulation by TP53",195,-0.238721648955865,-1.0767795875316,0.327922077922078,0.99641385216507,0.931665995261665,1529,"tags=31%, list=26%, signal=24%","1026/55004/9212/10498/6118/83695/2810/3486/5883/5515/5439/7532/253260/1349/116028/4512/5928/7533/27327/4361/4514/64223/7936/665/10419/5983/4513/23019/5982/5432/207/5810/1263/6009/9134/6881/55215/2539/6923/332/1459/1874/835/5441/6446/834/10397/27113/1647/7027/3622/51422/29117/5366/3364/5728/898/54541/1869/7832","TotalCell"
"R-HSA-1606322","ZBP1(DAI) mediated induction of type I IFNs",10,-0.448476222379869,-1.12924773095538,0.3504,0.99822175066313,0.933356414909954,1201,"tags=40%, list=21%, signal=32%","4790/148022/8517/4792","TotalCell"
"R-HSA-400685","Sema4D in semaphorin signaling",12,-0.423294551314353,-1.1260443359865,0.33953488372093,0.99822175066313,0.933356414909954,356,"tags=33%, list=6%, signal=31%","3985/4627/10398/5879","TotalCell"
"R-HSA-354192","Integrin signaling",11,-0.43274090978317,-1.12439464915723,0.337519623233909,0.99822175066313,0.933356414909954,895,"tags=73%, list=15%, signal=62%","7094/5170/1398/2335/207/1445/9564/10125","TotalCell"
"R-HSA-76009","Platelet Aggregation (Plug Formation)",11,-0.43274090978317,-1.12439464915723,0.337519623233909,0.99822175066313,0.933356414909954,895,"tags=73%, list=15%, signal=62%","7094/5170/1398/2335/207/1445/9564/10125","TotalCell"
"R-HSA-917977","Transferrin endocytosis and recycling",16,-0.387754923170755,-1.12339288563366,0.343151693667158,0.99822175066313,0.933356414909954,1117,"tags=38%, list=19%, signal=30%","528/537/90423/529/526/79689","TotalCell"
"R-HSA-9764560","Regulation of CDH1 Gene Transcription",28,-0.340792243795599,-1.120011696076,0.334257975034674,0.99822175066313,0.933356414909954,887,"tags=57%, list=15%, signal=49%","7020/6938/1488/8726/5594/387893/116092/6597/23028/5928/2146/5595/687/5315/6591/94234","TotalCell"
"R-HSA-113510","E2F mediated regulation of DNA replication",14,-0.401145222094493,-1.11465376960333,0.334834834834835,0.99822175066313,0.933356414909954,515,"tags=43%, list=9%, signal=39%","5515/5558/23594/28227/7027/1869","TotalCell"
"R-HSA-9764725","Negative Regulation of CDH1 Gene Transcription",23,-0.354784325293551,-1.10745058498348,0.348637015781923,0.99822175066313,0.933356414909954,2178,"tags=52%, list=37%, signal=33%","8726/5594/387893/116092/6597/23028/5928/2146/5595/5315/6591/94234","TotalCell"
"R-HSA-198725","Nuclear Events (kinase and transcription factor activation)",32,-0.324850102139174,-1.09861616679382,0.347050754458162,0.99822175066313,0.933356414909954,996,"tags=31%, list=17%, signal=26%","3726/3399/4205/2002/5595/1958/6446/1785/3397/3400","TotalCell"
"R-HSA-6791312","TP53 Regulates Transcription of Cell Cycle Genes",29,-0.330203673085102,-1.09587441001046,0.349862258953168,0.99822175066313,0.933356414909954,1021,"tags=31%, list=17%, signal=26%","23019/1263/9134/1874/1647/7027/898/1869/7832","TotalCell"
"R-HSA-166520","Signaling by NTRKs",63,-0.279296644755773,-1.09321637295271,0.33698296836983,0.99822175066313,0.933356414909954,1019,"tags=27%, list=17%, signal=23%","3265/3726/3399/4205/2002/8660/5595/1958/4915/6446/1785/5604/5045/3397/5605/5879/3400","TotalCell"
"R-HSA-9020702","Interleukin-1 signaling",57,-0.286298550601109,-1.09264940247279,0.340399002493766,0.99822175066313,0.933356414909954,2494,"tags=58%, list=43%, signal=34%","28511/7316/5717/5685/5688/9861/6885/6500/9978/5705/4793/9097/5701/5713/9683/5714/8454/5683/54472/7979/4790/79155/1326/5687/57162/11274/5604/8517/3654/4792/3556/6288/64127","TotalCell"
"R-HSA-168164","Toll Like Receptor 3 (TLR3) Cascade",55,-0.288038970893401,-1.09078064034196,0.346733668341709,0.99822175066313,0.933356414909954,1201,"tags=25%, list=21%, signal=20%","4790/148022/79155/1326/4205/2002/5595/11274/5604/8517/3654/4792/6288/64127","TotalCell"
"R-HSA-3247509","Chromatin modifying enzymes",113,0.202763919416018,1.08882966095708,0.342657342657343,0.99822175066313,0.933356414909954,1272,"tags=29%, list=22%, signal=23%","2122/8089/10765/84787/3066/55729/1019/4297/10445/23522/1788/86/84661/3276/51742/9913/8648/79723/10856/5926/5978/29072/595/79813/284058/57459/64324/54934/1108/9869/79718/196528/6601","BRCA1_tumour"
"R-HSA-5250924","B-WICH complex positively regulates rRNA expression",18,0.310747603868795,1.08479038230182,0.35031847133758,0.99822175066313,0.933356414909954,453,"tags=22%, list=8%, signal=21%","9014/51082/23451/8467","BRCA1_tumour"
"R-HSA-9006931","Signaling by Nuclear Receptors",121,-0.252346394032344,-1.07658627137193,0.340159271899886,0.99822175066313,0.933356414909954,1216,"tags=23%, list=21%, signal=19%","27327/808/340481/1509/3265/5432/1956/8841/207/10499/2002/8877/3480/5595/6907/10681/5441/6319/7090/2783/858/3315/865/1839/10901/857/195814/347","TotalCell"
"R-HSA-2122947","NOTCH1 Intracellular Domain Regulates Transcription",28,0.272082971347786,1.07624491296552,0.345195729537367,0.99822175066313,0.933356414909954,372,"tags=14%, list=6%, signal=13%","23462/7091/23493/3066","BRCA1_tumour"
"R-HSA-5668914","Diseases of metabolism",100,-0.25866601407092,-1.07434617444669,0.347980997624703,0.99822175066313,0.933356414909954,995,"tags=22%, list=17%, signal=19%","2588/10568/7172/2730/56913/1892/2683/138050/4351/112812/22856/9672/435/6385/9060/3423/3339/5095/2817/3073/10082/4060","TotalCell"
"R-HSA-8856688","Golgi-to-ER retrograde transport",59,0.234820404329931,1.06958581588837,0.341584158415842,0.99822175066313,0.933356414909954,1235,"tags=31%, list=21%, signal=24%","7846/51594/372/55605/84790/10945/51014/3796/5050/11316/23095/10972/10540/1315/7280/10376/9276/55860","BRCA1_tumour"
"R-HSA-5620912","Anchoring of the basal body to the plasma membrane",43,0.243358507843023,1.06909408777727,0.345833333333333,0.99822175066313,0.933356414909954,700,"tags=21%, list=12%, signal=19%","7846/80776/5116/79598/80184/79600/5518/51259/55755","BRCA1_tumour"
"R-HSA-9755779","SARS-CoV-2 targets host intracellular signalling and regulatory pathways",11,-0.422418299712078,-1.09757331734673,0.362637362637363,1,0.935019112025875,1431,"tags=64%, list=24%, signal=48%","5170/7534/2810/7532/7533/207/857","TotalCell"
"R-HSA-983695","Antigen activates B Cell Receptor (BCR) leading to generation of second messengers",12,-0.412302226569534,-1.09680265314462,0.35968992248062,1,0.935019112025875,1739,"tags=58%, list=30%, signal=41%","5336/84876/808/4690/29760/4067/30011","TotalCell"
"R-HSA-9637690","Response of Mtb to phagocytosis",13,-0.402444332139069,-1.08994222444019,0.361832061068702,1,0.935019112025875,2471,"tags=69%, list=42%, signal=40%","7316/5987/5230/5594/57674/3836/9146/11151/5595","TotalCell"
"R-HSA-2871809","FCERI mediated Ca+2 mobilization",15,-0.381001708781592,-1.08447773610665,0.37260677466863,1,0.935019112025875,1739,"tags=47%, list=30%, signal=33%","5336/4772/808/4775/5534/4067/27040","TotalCell"
"R-HSA-2022090","Assembly of collagen fibrils and other multimeric structures",19,-0.361591693749509,-1.08404772129452,0.354651162790698,1,0.935019112025875,870,"tags=32%, list=15%, signal=27%","977/1515/1508/3691/3918/3909","TotalCell"
"R-HSA-1566948","Elastic fibre formation",14,-0.389708687677644,-1.08287531258375,0.367867867867868,1,0.935019112025875,483,"tags=21%, list=8%, signal=20%","5045/3693/8076","TotalCell"
"R-HSA-381042","PERK regulates gene expression",22,-0.351028595298877,-1.08241635701526,0.374277456647399,1,0.935019112025875,350,"tags=27%, list=6%, signal=26%","9709/8894/440/1051/118460/6347","TotalCell"
"R-HSA-9955298","SLC-mediated transport of organic anions",11,0.370643042512051,1.08106226444639,0.378082191780822,1,0.935019112025875,208,"tags=18%, list=4%, signal=18%","133418/6566","BRCA1_tumour"
"R-HSA-73884","Base Excision Repair",28,-0.327837151737838,-1.07743486255764,0.386962552011096,1,0.935019112025875,1965,"tags=46%, list=34%, signal=31%","7013/5985/54386/6117/10714/6119/4350/6118/5983/5982/26277/65057/5425","TotalCell"
"R-HSA-1442490","Collagen degradation",13,-0.397726827936464,-1.07716578155414,0.375572519083969,1,0.935019112025875,1364,"tags=54%, list=23%, signal=41%","102/1509/4323/6868/5045/8754/1508","TotalCell"
"R-HSA-5250913","Positive epigenetic regulation of rRNA expression",25,0.280593525872796,1.0747430880326,0.358620689655172,1,0.935019112025875,453,"tags=20%, list=8%, signal=19%","9014/51082/3066/23451/8467","BRCA1_tumour"
"R-HSA-113501","Inhibition of replication initiation of damaged DNA by RB1/E2F1",10,-0.425977458386854,-1.07259661564409,0.3968,1,0.935019112025875,425,"tags=50%, list=7%, signal=46%","5515/5558/28227/7027/1869","TotalCell"
"R-HSA-113418","Formation of the Early Elongation Complex",23,0.282808210316736,1.07173285925346,0.360655737704918,1,0.935019112025875,1326,"tags=39%, list=23%, signal=30%","902/5431/4331/2963/404672/5437/22916/1022/6827","BRCA1_tumour"
"R-HSA-167158","Formation of the HIV-1 Early Elongation Complex",23,0.282808210316736,1.07173285925346,0.360655737704918,1,0.935019112025875,1326,"tags=39%, list=23%, signal=30%","902/5431/4331/2963/404672/5437/22916/1022/6827","BRCA1_tumour"
"R-HSA-2559586","DNA Damage/Telomere Stress Induced Senescence",16,-0.369623337411616,-1.07086255466968,0.381443298969072,1,0.935019112025875,2339,"tags=69%, list=40%, signal=41%","1027/890/7013/54386/29855/1026/4361/9134/26277/65057/898","TotalCell"
"R-HSA-69190","DNA strand elongation",20,-0.351568465436077,-1.0706467108757,0.372661870503597,1,0.935019112025875,1940,"tags=60%, list=33%, signal=40%","4171/5985/6117/10714/6119/4173/6118/5558/5983/5982/5425/84296","TotalCell"
"R-HSA-2559580","Oxidative Stress Induced Senescence",39,-0.301697798874455,-1.07032888140804,0.358768406961178,1,0.935019112025875,1219,"tags=28%, list=21%, signal=22%","5928/27327/8535/2146/5595/1032/1031/1870/7027/1912/1869","TotalCell"
"R-HSA-76005","Response to elevated platelet cytosolic Ca2+",52,-0.284304870212236,-1.06934684503921,0.366071428571429,1,0.935019112025875,1213,"tags=29%, list=21%, signal=23%","808/3920/10257/5874/51706/2316/2157/7423/5478/3959/51097/7114/7076/5627/2621","TotalCell"
"R-HSA-418990","Adherens junctions interactions",102,-0.256866069968607,-1.06868101210193,0.364066193853428,1,0.935019112025875,954,"tags=19%, list=16%, signal=16%","60/2146/5595/3728/5687/1459/687/5315/1785/60559/6591/5045/80149/1508/72/1001/1009/59/94234","TotalCell"
"R-HSA-176187","Activation of ATR in response to replication stress",26,-0.329994010402636,-1.06822229233084,0.404166666666667,1,0.935019112025875,2272,"tags=62%, list=39%, signal=38%","23595/4171/55388/5985/6117/990/6119/4173/10926/6118/5883/5983/5982/5810/23594/3364","TotalCell"
"R-HSA-9820952","Respiratory Syncytial Virus Infection Pathway",65,-0.271526079677398,-1.0679104299361,0.365408038976857,1,0.935019112025875,987,"tags=20%, list=17%, signal=17%","10134/1956/3480/6923/1459/9412/60559/5045/9672/6385/3339/2817/10082","TotalCell"
"R-HSA-8868766","rRNA processing in the mitochondrion",10,0.376401670061378,1.06751546916255,0.379310344827586,1,0.935019112025875,1057,"tags=50%, list=18%, signal=41%","51106/84881/54931/22868/130916","BRCA1_tumour"
"R-HSA-174824","Plasma lipoprotein assembly, remodeling, and clearance",21,-0.348490400478523,-1.0665274263436,0.386494252873563,1,0.935019112025875,483,"tags=19%, list=8%, signal=18%","91289/5045/3988/4023","TotalCell"
"R-HSA-9013148","CDC42 GTPase cycle",54,-0.282584125101094,-1.06574943775791,0.376111817026684,1,0.935019112025875,777,"tags=26%, list=13%, signal=23%","8826/397/3728/10458/3895/998/5058/11135/10652/9411/50855/23348/857/148170","TotalCell"
"R-HSA-9933387","RORA,B,C and NR1D1 (REV-ERBA) regulate gene expression",13,-0.393398223976069,-1.06544259935839,0.384732824427481,1,0.935019112025875,929,"tags=46%, list=16%, signal=39%","6720/10498/8841/10499/6907/6095","TotalCell"
"R-HSA-6794362","Protein-protein interactions at synapses",19,0.29775866800397,1.06110483799116,0.36624203821656,1,0.935019112025875,1204,"tags=37%, list=21%, signal=29%","9229/2037/8541/26037/1739/9066/10313","BRCA1_tumour"
"R-HSA-983231","Factors involved in megakaryocyte development and platelet production",50,-0.283180133476888,-1.06107241984428,0.388607594936709,1,0.935019112025875,1762,"tags=40%, list=30%, signal=28%","25942/3659/23028/9493/11004/9585/7465/25970/3833/55604/60/50808/998/3660/4097/832/23348/23764/5879/161882","TotalCell"
"R-HSA-75067","Processing of Capped Intronless Pre-mRNA",23,0.27947091601103,1.0590858149388,0.373770491803279,1,0.935019112025875,2403,"tags=74%, list=41%, signal=44%","29894/84967/22916/79869/53981/10978/6635/1479/4686/10914/6636/8189/6628/81608/11052/51692/55339","BRCA1_tumour"
"R-HSA-9864848","Complex IV assembly",27,-0.323422496045827,-1.05751588814085,0.419087136929461,1,0.935019112025875,2584,"tags=63%, list=44%, signal=35%","1340/55969/1347/116228/25994/29090/1345/100131801/90639/51204/10063/1349/4512/4514/4513/55744/100303755","TotalCell"
"R-HSA-9705683","SARS-CoV-2-host interactions",117,0.196839508718037,1.05643830931872,0.361538461538462,1,0.935019112025875,1529,"tags=38%, list=26%, signal=29%","2697/9636/6228/6193/9908/6217/6231/57122/6205/6203/26007/23118/6230/84818/5781/6208/208/6229/6206/6201/129401/6772/23636/79833/8678/5903/6223/6222/3320/79023/3661/81631/8021/9868/6635/23367/9871/8086/6204/6396/55746/7334/2197/29110/6189","BRCA1_tumour"
"R-HSA-69473","G2/M DNA damage checkpoint",35,-0.30417705983623,-1.05524464975201,0.397834912043302,1,0.935019112025875,2185,"tags=60%, list=37%, signal=38%","890/8924/7534/5985/6117/6119/6118/7336/83695/2810/5883/7465/7532/116028/7533/4361/79184/5983/5982/5810/3364","TotalCell"
"R-HSA-382551","Transport of small molecules",220,-0.231060605763402,-1.05443843829529,0.361290322580645,1,0.935019112025875,1569,"tags=30%, list=27%, signal=23%","5683/51228/10539/23678/93380/344905/6576/2030/51076/120103/27173/483/1175/7355/7979/91689/51248/808/8894/6575/528/10613/10257/6550/57153/537/51706/10568/126969/56172/5824/91289/90423/115286/23327/56262/4645/5687/529/10681/23568/6261/6522/8766/6446/51700/23400/2783/5045/6558/3988/526/481/9914/23461/57488/6509/11254/23516/1356/28232/3934/51458/79689/4023/9635/347","TotalCell"
"R-HSA-913531","Interferon Signaling",137,-0.243923754861298,-1.05197482472761,0.383577052868391,1,0.935019112025875,1387,"tags=29%, list=24%, signal=23%","5515/25820/10762/3113/8554/9246/23650/8894/10581/4690/7329/9688/2316/2175/60/201254/3123/8877/5595/1958/3664/11274/3107/8517/5045/3669/3660/834/4502/5292/567/3133/3122/9021/3106/3119/3105/3134/3127/3383","TotalCell"
"R-HSA-8986944","Transcriptional Regulation by MECP2",23,-0.336908423732173,-1.05165139592721,0.39454806312769,1,0.935019112025875,1481,"tags=39%, list=25%, signal=29%","9212/4204/27327/808/8841/6907/6446/3654/5728","TotalCell"
"R-HSA-211859","Biological oxidations",50,-0.280576199006367,-1.0513155099374,0.40126582278481,1,0.935019112025875,1091,"tags=26%, list=19%, signal=21%","79017/8574/5447/7172/2730/10499/80777/112812/8459/4837/8460/217/1066","TotalCell"
"R-HSA-5654743","Signaling by FGFR4",19,0.294554526419166,1.04968642938517,0.39171974522293,1,0.935019112025875,1328,"tags=42%, list=23%, signal=33%","6654/5295/5781/5518/10818/867/5290/673","BRCA1_tumour"
"R-HSA-70895","Branched-chain amino acid catabolism",14,0.320502095075195,1.0475110718023,0.375,1,0.935019112025875,1065,"tags=36%, list=18%, signal=29%","152926/26275/4329/587/27034","BRCA1_tumour"
"R-HSA-166166","MyD88-independent TLR4 cascade",56,-0.276214811938192,-1.04714377343553,0.40251572327044,1,0.935019112025875,1201,"tags=25%, list=21%, signal=20%","4790/148022/79155/1326/4205/2002/5595/11274/5604/8517/3654/4792/6288/64127","TotalCell"
"R-HSA-937061","TRIF (TICAM1)-mediated TLR4 signaling",56,-0.276214811938192,-1.04714377343553,0.40251572327044,1,0.935019112025875,1201,"tags=25%, list=21%, signal=20%","4790/148022/79155/1326/4205/2002/5595/11274/5604/8517/3654/4792/6288/64127","TotalCell"
"R-HSA-112310","Neurotransmitter release cycle",10,0.368274709439752,1.04446653800493,0.40053050397878,1,0.935019112025875,838,"tags=40%, list=14%, signal=34%","27163/10550/8541/3312","BRCA1_tumour"
"R-HSA-77595","Processing of Intronless Pre-mRNAs",17,0.307916852400594,1.04392837274478,0.40251572327044,1,0.935019112025875,2403,"tags=76%, list=41%, signal=45%","29894/22916/79869/53981/10978/1479/4686/10914/8189/81608/11052/51692/55339","BRCA1_tumour"
"R-HSA-1221632","Meiotic synapsis",16,-0.360223243606302,-1.04362886175142,0.416789396170839,1,0.935019112025875,1120,"tags=56%, list=19%, signal=46%","7013/54386/4000/7329/23353/26277/65057/25777/27127","TotalCell"
"R-HSA-180746","Nuclear import of Rev protein",24,0.271763657487833,1.03991834299325,0.387755102040816,1,0.935019112025875,1464,"tags=42%, list=25%, signal=31%","57122/129401/23636/4869/5903/79023/8021/8086/6396/55746","BRCA1_tumour"
"R-HSA-8939211","ESR-mediated signaling",90,-0.252397845700621,-1.03872604419955,0.405693950177936,1,0.935019112025875,1216,"tags=24%, list=21%, signal=20%","27327/808/340481/1509/3265/5432/1956/207/10499/2002/8877/3480/5595/10681/5441/7090/2783/858/3315/865/1839/857","TotalCell"
"R-HSA-1839124","FGFR1 mutant receptor activation",13,0.32918624320075,1.03656432158264,0.386167146974063,1,0.935019112025875,1331,"tags=54%, list=23%, signal=42%","5295/6776/6774/6772/7750/5290/8805","BRCA1_tumour"
"R-HSA-8949613","Cristae formation",19,0.290788852441027,1.0362669212201,0.404458598726115,1,0.935019112025875,1282,"tags=37%, list=22%, signal=29%","509/506/539/517/10632/10476/513","BRCA1_tumour"
"R-HSA-73886","Chromosome Maintenance",61,-0.266091057000093,-1.03524992780893,0.407361963190184,1,0.935019112025875,1965,"tags=43%, list=34%, signal=29%","7013/91687/5985/54386/6117/10714/6119/54921/6118/5439/5558/5928/5983/5982/55166/5432/201254/26277/5441/100134934/79991/65057/5425/55839/79682/79019","TotalCell"
"R-HSA-202424","Downstream TCR signaling",48,-0.278771337286673,-1.03509172609384,0.418814432989691,1,0.935019112025875,2471,"tags=58%, list=42%, signal=34%","7316/5717/5685/5688/7321/9861/6885/6500/5705/5170/5701/5713/5714/8454/7322/5683/3113/7979/4790/997/3123/5687/8517/3122/3119/4792/5728/3127","TotalCell"
"R-HSA-5696397","Gap-filling DNA repair synthesis and ligation in GG-NER",16,-0.35717542755905,-1.03479881302836,0.425625920471281,1,0.935019112025875,1940,"tags=50%, list=33%, signal=33%","5985/6117/10714/6119/6118/5983/5982/5425","TotalCell"
"R-HSA-74752","Signaling by Insulin receptor",31,-0.306826885754781,-1.03465389725162,0.43232044198895,1,0.935019112025875,1159,"tags=35%, list=20%, signal=29%","1509/528/3265/537/90423/8660/5595/529/57761/526/2260","TotalCell"
"R-HSA-1614635","Sulfur amino acid metabolism",17,-0.352351801213875,-1.03393417018547,0.426900584795322,1,0.935019112025875,1995,"tags=53%, list=34%, signal=35%","58478/25828/4552/100131187/2806/58472/7263/2805/4357","TotalCell"
"R-HSA-446219","Synthesis of substrates in N-glycan biosythesis",27,-0.316050140977144,-1.03341001203926,0.437067773167358,1,0.935019112025875,2198,"tags=52%, list=38%, signal=33%","29880/2673/5372/10559/3098/79947/79644/6675/55907/5476/4597/207063/4351/282969","TotalCell"
"R-HSA-2672351","Stimuli-sensing channels",24,0.270012835362442,1.03321872737745,0.391156462585034,1,0.935019112025875,115,"tags=12%, list=2%, signal=12%","266675/57348/55283","BRCA1_tumour"
"R-HSA-2129379","Molecules associated with elastic fibres",11,-0.396494149188717,-1.03021436081308,0.437990580847724,1,0.935019112025875,475,"tags=18%, list=8%, signal=17%","3693/8076","TotalCell"
"R-HSA-9703648","Signaling by FLT3 ITD and TKD mutants",10,0.362623665477646,1.02843957179757,0.427055702917772,1,0.935019112025875,483,"tags=40%, list=8%, signal=37%","6654/5295/5781/6776","BRCA1_tumour"
"R-HSA-168333","NEP/NS2 Interacts with the Cellular Export Machinery",21,0.280747460513227,1.02836064683197,0.441176470588235,1,0.935019112025875,1464,"tags=43%, list=25%, signal=32%","57122/129401/23636/5903/79023/8021/8086/6396/55746","BRCA1_tumour"
"R-HSA-170822","Regulation of Glucokinase by Glucokinase Regulatory Protein",21,0.280747460513227,1.02836064683197,0.441176470588235,1,0.935019112025875,1464,"tags=43%, list=25%, signal=32%","57122/129401/23636/5903/79023/8021/8086/6396/55746","BRCA1_tumour"
"R-HSA-5619107","Defective TPR may confer susceptibility towards thyroid papillary carcinoma (TPC)",21,0.280747460513227,1.02836064683197,0.441176470588235,1,0.935019112025875,1464,"tags=43%, list=25%, signal=32%","57122/129401/23636/5903/79023/8021/8086/6396/55746","BRCA1_tumour"
"R-HSA-453279","Mitotic G1 phase and G1/S transition",95,-0.248518609572152,-1.02704872862914,0.42874251497006,1,0.935019112025875,1804,"tags=37%, list=31%, signal=26%","6117/990/5714/8454/6119/5683/1026/4173/10926/6118/1028/5515/7465/5558/7979/5928/896/6502/207/9134/5687/1874/7083/1032/1031/23594/1870/81620/4605/28227/7027/7298/4067/898/1869","TotalCell"
"R-HSA-71291","Metabolism of amino acids and derivatives",196,0.177355749579187,1.02409167375966,0.417721518987342,1,0.935019112025875,881,"tags=23%, list=15%, signal=20%","374569/6158/6228/6193/6217/6231/4953/6130/7296/152926/6205/6203/23521/6165/6171/6230/6152/6470/6144/22928/26275/6141/6161/6208/1152/6142/5692/4329/6128/6229/6206/4548/6201/6520/200916/5704/501/51380/587/54498/5689/6155/84245/5686/55349","BRCA1_tumour"
"R-HSA-5693616","Presynaptic phase of homologous DNA pairing and strand exchange",19,-0.341204484506036,-1.02292710346514,0.417151162790698,1,0.935019112025875,1940,"tags=68%, list=33%, signal=46%","5985/6117/6119/6118/83695/5883/7979/116028/4361/5983/5982/5810/3364","TotalCell"
"R-HSA-9680350","Signaling by CSF1 (M-CSF) in myeloid cells",15,0.31174776398385,1.02029734754509,0.408668730650155,1,0.935019112025875,1198,"tags=47%, list=20%, signal=37%","6654/5295/5781/6774/6772/867/5290","BRCA1_tumour"
"R-HSA-3214842","HDMs demethylate histones",11,0.349792703454144,1.02024764722426,0.43013698630137,1,0.935019112025875,2193,"tags=73%, list=38%, signal=46%","10765/84864/23135/5927/55818/7403/9682/84159","BRCA1_tumour"
"R-HSA-5637810","Constitutive Signaling by EGFRvIII",10,0.359438748036427,1.01940680465827,0.437665782493369,1,0.935019112025875,1198,"tags=50%, list=20%, signal=40%","6654/5295/867/3320/5290","BRCA1_tumour"
"R-HSA-5637812","Signaling by EGFRvIII in Cancer",10,0.359438748036427,1.01940680465827,0.437665782493369,1,0.935019112025875,1198,"tags=50%, list=20%, signal=40%","6654/5295/867/3320/5290","BRCA1_tumour"
"R-HSA-5654741","Signaling by FGFR3",20,0.285045886761663,1.01709519318105,0.452768729641694,1,0.935019112025875,1328,"tags=40%, list=23%, signal=31%","6654/5295/5781/5518/10818/867/5290/673","BRCA1_tumour"
"R-HSA-5223345","Miscellaneous transport and binding events",12,-0.382117398786781,-1.01650524735011,0.446511627906977,1,0.935019112025875,1613,"tags=58%, list=28%, signal=42%","57185/23507/84061/93380/56172/56262/51458","TotalCell"
"R-HSA-428157","Sphingolipid metabolism",37,-0.286428196614412,-1.01589370435878,0.445623342175066,1,0.935019112025875,1168,"tags=24%, list=20%, signal=20%","5476/222/427/8877/2531/8611/80777/3073/53947","TotalCell"
"R-HSA-9696264","RND3 GTPase cycle",19,0.284404028422232,1.01351370398723,0.449044585987261,1,0.935019112025875,517,"tags=26%, list=9%, signal=24%","5295/667/23592/22852/1152","BRCA1_tumour"
"R-HSA-1474290","Collagen formation",28,-0.306822038886161,-1.00836881831294,0.471567267683773,1,0.935019112025875,1148,"tags=29%, list=20%, signal=23%","8974/5479/977/1515/1508/3691/3918/3909","TotalCell"
"R-HSA-2219528","PI3K/AKT Signaling in Cancer",28,-0.305691183851283,-1.0046522699211,0.477115117891817,1,0.935019112025875,942,"tags=32%, list=16%, signal=27%","64223/1956/207/8660/4915/1839/5728/5879/2260","TotalCell"
"R-HSA-77387","Insulin receptor recycling",15,-0.352609642769418,-1.00366297133633,0.46980854197349,1,0.935019112025875,1159,"tags=40%, list=20%, signal=32%","1509/528/537/90423/529/526","TotalCell"
"R-HSA-442742","CREB1 phosphorylation through NMDA receptor-mediated activation of RAS signaling",10,-0.398367136181633,-1.00307477224347,0.4784,1,0.935019112025875,2182,"tags=70%, list=37%, signal=44%","5170/4893/5594/6195/808/3265/5595","TotalCell"
"R-HSA-69186","Lagging Strand Synthesis",14,-0.360958916917968,-1.00298893082609,0.483483483483483,1,0.935019112025875,1940,"tags=64%, list=33%, signal=43%","5985/6117/10714/6119/6118/5558/5983/5982/5425","TotalCell"
"R-HSA-9705671","SARS-CoV-2 activates/modulates innate and adaptive immune responses",63,-0.256188839942834,-1.00276834559961,0.453771289537713,1,0.935019112025875,647,"tags=14%, list=11%, signal=13%","3107/8517/3654/567/3133/3106/3105/64127/3134","TotalCell"
"R-HSA-157579","Telomere Maintenance",43,-0.277802901805748,-1.00210012649629,0.461942257217848,1,0.935019112025875,1965,"tags=44%, list=34%, signal=30%","7013/5985/54386/6117/10714/6119/54921/6118/5439/5558/5983/5982/5432/26277/5441/100134934/79991/65057/5425","TotalCell"
"R-HSA-9005891","Loss of function of MECP2 in Rett syndrome",10,-0.397733865833401,-1.00148021924794,0.4784,1,0.935019112025875,1762,"tags=50%, list=30%, signal=35%","25942/4204/808/8841/6907","TotalCell"
"R-HSA-9005895","Pervasive developmental disorders",10,-0.397733865833401,-1.00148021924794,0.4784,1,0.935019112025875,1762,"tags=50%, list=30%, signal=35%","25942/4204/808/8841/6907","TotalCell"
"R-HSA-9697154","Disorders of Nervous System Development",10,-0.397733865833401,-1.00148021924794,0.4784,1,0.935019112025875,1762,"tags=50%, list=30%, signal=35%","25942/4204/808/8841/6907","TotalCell"
"R-HSA-9029569","NR1H3 & NR1H2 regulate gene expression linked to cholesterol transport and efflux",19,-0.333289033310071,-0.999196672207095,0.457848837209302,1,0.935019112025875,8,"tags=21%, list=0%, signal=21%","27327/8841/6907/347","TotalCell"
"R-HSA-168274","Export of Viral Ribonucleoproteins from Nucleus",22,0.2667574390237,0.99876073740979,0.480645161290323,1,0.935019112025875,1464,"tags=41%, list=25%, signal=31%","57122/129401/23636/5903/79023/8021/8086/6396/55746","BRCA1_tumour"
"R-HSA-9820841","M-decay: degradation of maternal mRNAs by maternally stored factors",15,0.305026759970432,0.998300645852355,0.448916408668731,1,0.935019112025875,1802,"tags=53%, list=31%, signal=37%","1975/4849/1974/1981/55571/23405/4850/10605","BRCA1_tumour"
"R-HSA-73980","RNA Polymerase III Transcription Termination",18,0.285623975142835,0.997086179691297,0.464968152866242,1,0.935019112025875,1162,"tags=33%, list=20%, signal=27%","4784/51082/4774/10622/5437/6741","BRCA1_tumour"
"R-HSA-917937","Iron uptake and transport",34,-0.287522080923633,-0.994780396463206,0.481132075471698,1,0.935019112025875,1117,"tags=24%, list=19%, signal=19%","528/537/90423/529/526/1356/3934/79689","TotalCell"
"R-HSA-5693579","Homologous DNA Pairing and Strand Exchange",20,-0.326268457073344,-0.993599497027643,0.460431654676259,1,0.935019112025875,1940,"tags=65%, list=33%, signal=44%","5985/6117/6119/6118/83695/5883/7979/116028/4361/5983/5982/5810/3364","TotalCell"
"R-HSA-1852241","Organelle biogenesis and maintenance",123,0.183555939868168,0.992348268043326,0.516393442622951,1,0.935019112025875,1404,"tags=31%, list=24%, signal=24%","7846/28981/80776/51106/509/9321/5116/506/79598/80184/79600/2551/84790/539/5518/10576/56912/51259/55755/10694/517/10540/10632/8648/6950/60412/7280/3320/10376/79718/10476/54801/10640/513/26146/801/7203/51626","BRCA1_tumour"
"R-HSA-9828806","Maturation of hRSV A proteins",11,-0.381423060005318,-0.991055012455482,0.497645211930926,1,0.935019112025875,769,"tags=73%, list=13%, signal=63%","90701/1460/5499/9789/23478/1459/60559/5045","TotalCell"
"R-HSA-111447","Activation of BAD and translocation to mitochondria",11,-0.38117230515789,-0.990403473850455,0.497645211930926,1,0.935019112025875,1431,"tags=55%, list=24%, signal=41%","7534/2810/7532/7533/5534/207","TotalCell"
"R-HSA-383280","Nuclear Receptor transcription pathway",14,-0.356359814943457,-0.990209503151707,0.504504504504504,1,0.935019112025875,733,"tags=21%, list=13%, signal=19%","4929/2908/6095","TotalCell"
"R-HSA-8956321","Nucleotide salvage",10,0.348919328672521,0.989572604146498,0.469496021220159,1,0.935019112025875,97,"tags=20%, list=2%, signal=20%","2766/978","BRCA1_tumour"
"R-HSA-8939236","RUNX1 regulates transcription of genes involved in differentiation of HSCs",36,0.23330406685117,0.988441012985548,0.442748091603053,1,0.935019112025875,1476,"tags=39%, list=25%, signal=29%","902/5692/4331/4297/5704/2625/5689/5686/5684/1022/5707/5690/861/6929","BRCA1_tumour"
"R-HSA-196807","Nicotinate metabolism",13,-0.364484382323573,-0.987135081097839,0.479389312977099,1,0.935019112025875,667,"tags=31%, list=11%, signal=27%","56965/349565/4837/93100","TotalCell"
"R-HSA-8864260","Transcriptional regulation by the AP-2 (TFAP2) family of transcription factors",21,0.269257168705582,0.986272416028396,0.5,1,0.935019112025875,312,"tags=19%, list=5%, signal=18%","3815/3329/8089/10765","BRCA1_tumour"
"R-HSA-9764265","Regulation of CDH1 Expression and Function",92,-0.238936305107357,-0.98519831911525,0.505376344086022,1,0.935019112025875,954,"tags=50%, list=16%, signal=43%","7020/2060/1460/6938/7316/1488/5717/5685/5688/1500/9861/5705/8726/5594/387893/9789/5701/1495/23112/5713/116092/5714/6597/23028/5683/23478/7979/5928/27327/1499/60/2146/5595/3728/5687/1459/687/5315/1785/60559/6591/5045/1508/72/59/94234","TotalCell"
"R-HSA-9764274","Regulation of Expression and Function of Type I Classical Cadherins",92,-0.238936305107357,-0.98519831911525,0.505376344086022,1,0.935019112025875,954,"tags=50%, list=16%, signal=43%","7020/2060/1460/6938/7316/1488/5717/5685/5688/1500/9861/5705/8726/5594/387893/9789/5701/1495/23112/5713/116092/5714/6597/23028/5683/23478/7979/5928/27327/1499/60/2146/5595/3728/5687/1459/687/5315/1785/60559/6591/5045/1508/72/59/94234","TotalCell"
"R-HSA-450294","MAP kinase activation",34,-0.284612003048264,-0.984711992626886,0.5,1,0.935019112025875,1201,"tags=29%, list=21%, signal=24%","4790/79155/1326/4205/2002/5595/5604/8517/3654/64127","TotalCell"
"R-HSA-9678108","SARS-CoV-1 Infection",90,0.192407437575434,0.983777648557024,0.49685534591195,1,0.935019112025875,1529,"tags=37%, list=26%, signal=28%","79668/6228/6193/6217/6231/6205/6203/26007/6230/1514/684/6208/6229/6206/6201/3178/27090/1915/4869/8678/6223/6222/5094/3661/81631/9868/27243/861/6204/7341/2197/29110/6189","BRCA1_tumour"
"R-HSA-3371571","HSF1-dependent transactivation",13,0.311741187318358,0.981632127758623,0.475504322766571,1,0.935019112025875,1276,"tags=46%, list=22%, signal=36%","3306/3312/1410/3320/10728/84335","BRCA1_tumour"
"R-HSA-1368108","BMAL1:CLOCK,NPAS2 activates circadian expression",11,-0.377598240850866,-0.981116949993546,0.508634222919937,1,0.935019112025875,867,"tags=36%, list=15%, signal=31%","10498/10499/6907/79365","TotalCell"
"R-HSA-9012852","Signaling by NOTCH3",22,0.26192289992578,0.980659844508182,0.490322580645161,1,0.935019112025875,1813,"tags=45%, list=31%, signal=31%","23462/23493/6772/55851/142678/22938/4851/2648/7311/57534","BRCA1_tumour"
"R-HSA-512988","Interleukin-3, Interleukin-5 and GM-CSF signaling",15,0.299425539508351,0.979968805047966,0.46749226006192,1,0.935019112025875,483,"tags=27%, list=8%, signal=25%","6654/5295/5781/6776","BRCA1_tumour"
"R-HSA-6783310","Fanconi Anemia Pathway",14,-0.352520041024486,-0.979540004333155,0.512012012012012,1,0.935019112025875,1998,"tags=57%, list=34%, signal=38%","2067/2189/6117/6119/6118/2175/201254/55215","TotalCell"
"R-HSA-168276","NS1 Mediated Effects on Host Pathways",29,0.244653410365589,0.979206678477766,0.492753623188406,1,0.935019112025875,1464,"tags=38%, list=25%, signal=29%","9636/57122/129401/5610/23636/5903/79023/8021/8086/6396/55746","BRCA1_tumour"
"R-HSA-499943","Interconversion of nucleotide di- and triphosphates",16,-0.33682216029297,-0.97583188758188,0.490427098674521,1,0.935019112025875,921,"tags=56%, list=16%, signal=48%","2987/6241/51727/1503/1854/2745/204/1635/7298","TotalCell"
"R-HSA-9675108","Nervous system development",243,0.159807118822281,0.974834333310943,0.59375,1,0.935019112025875,1218,"tags=27%, list=21%, signal=22%","10752/84059/7846/6158/57211/6228/6193/6217/6231/6654/6130/9475/5295/6205/6203/23521/6165/10298/3066/6171/6230/6152/6144/7402/5781/6141/6161/6208/84790/6142/5692/6128/6229/6206/6201/5062/200916/10451/5704/10818/23365/5689/6155/1981/55740/3312/5686/1739/6147/6453/5684/6132/22916/7280/6223/55851/6222/3320/10376/1946/6154/1298/5576/5290/6709/1173","BRCA1_tumour"
"R-HSA-1500620","Meiosis",27,0.249053019464784,0.97442601819651,0.487455197132616,1,0.935019112025875,439,"tags=22%, list=8%, signal=21%","3306/27030/675/472/23224/1019","BRCA1_tumour"
"R-HSA-169893","Prolonged ERK activation events",10,-0.386912486245533,-0.974232356963154,0.5104,1,0.935019112025875,811,"tags=50%, list=14%, signal=43%","5594/1398/5595/5604/5605","TotalCell"
"R-HSA-8862803","Deregulated CDK5 triggers multiple neurodegenerative pathways in Alzheimer's disease models",12,-0.36563679386921,-0.972663691243516,0.506976744186047,1,0.935019112025875,409,"tags=42%, list=7%, signal=39%","1020/4000/824/994/6648","TotalCell"
"R-HSA-8863678","Neurodegenerative Diseases",12,-0.36563679386921,-0.972663691243516,0.506976744186047,1,0.935019112025875,409,"tags=42%, list=7%, signal=39%","1020/4000/824/994/6648","TotalCell"
"R-HSA-211945","Phase I - Functionalization of compounds",20,-0.319322494691267,-0.972446656231718,0.492086330935252,1,0.935019112025875,491,"tags=30%, list=8%, signal=28%","5447/10499/80777/112812/217/1066","TotalCell"
"R-HSA-9619483","Activation of AMPK downstream of NMDARs",13,0.308147943705311,0.970317474716552,0.489913544668588,1,0.935019112025875,1352,"tags=38%, list=23%, signal=30%","7846/84790/7280/10376/801","BRCA1_tumour"
"R-HSA-4085377","SUMOylation of SUMOylation proteins",24,0.252482367770307,0.966137444402275,0.5,1,0.935019112025875,1466,"tags=42%, list=25%, signal=31%","57122/129401/23636/5903/79023/8021/8086/6396/55746/7341","BRCA1_tumour"
"R-HSA-75876","Synthesis of very long-chain fatty acyl-CoAs",12,0.315902397035701,0.965178226308471,0.492997198879552,1,0.935019112025875,153,"tags=17%, list=3%, signal=16%","2182/6785","BRCA1_tumour"
"R-HSA-111885","Opioid Signalling",29,0.241092142704481,0.964952975362027,0.518115942028985,1,0.935019112025875,559,"tags=17%, list=10%, signal=16%","5443/84152/5580/5332/5518","BRCA1_tumour"
"R-HSA-9692914","SARS-CoV-1-host interactions",68,0.205658717073042,0.964657503428958,0.508108108108108,1,0.935019112025875,660,"tags=21%, list=11%, signal=18%","6228/6193/6217/6231/6205/6203/26007/6230/684/6208/6229/6206/6201/3178","BRCA1_tumour"
"R-HSA-9675151","Disorders of Developmental Biology",13,-0.35598572596889,-0.964118122795206,0.514503816793893,1,0.935019112025875,1308,"tags=46%, list=22%, signal=36%","25942/4204/808/8841/6907/9070","TotalCell"
"R-HSA-390466","Chaperonin-mediated protein folding",43,-0.267174639996464,-0.963761497078499,0.509186351706037,1,0.935019112025875,954,"tags=26%, list=16%, signal=22%","60/8841/8877/9134/11328/6468/1459/10681/2783/63971/898","TotalCell"
"R-HSA-556833","Metabolism of lipids",265,-0.20769179710012,-0.961308882011501,0.568544102019129,1,0.935019112025875,1214,"tags=22%, list=21%, signal=18%","10390/51495/5476/129642/7329/10478/222/1718/50814/171586/57153/26031/427/126969/8841/1632/10499/8877/10682/4597/2531/6907/54477/3638/1459/10809/1892/200931/283871/6307/6319/2180/9412/8611/57761/83930/200879/9200/80777/112812/6715/5445/22876/56994/2274/51422/5833/2710/5095/6095/183/3073/5728/857/388121/9536/3294/150763/53947","TotalCell"
"R-HSA-196071","Metabolism of steroid hormones",13,-0.354823160085299,-0.960969539142694,0.519083969465649,1,0.935019112025875,544,"tags=31%, list=9%, signal=28%","83930/112812/6715/3294","TotalCell"
"R-HSA-8853659","RET signaling",10,0.338558534762187,0.960188282418375,0.506631299734748,1,0.935019112025875,764,"tags=40%, list=13%, signal=35%","6654/5295/5781/10818","BRCA1_tumour"
"R-HSA-9730414","MITF-M-regulated melanocyte development",73,-0.240099863391786,-0.959969385353952,0.538274605103281,1,0.935019112025875,1529,"tags=33%, list=26%, signal=25%","1026/1729/5347/9275/7532/6662/9274/7533/27327/1499/7329/528/427/60/5595/529/6591/1906/526/3397/994/634/5873/4935","TotalCell"
"R-HSA-2980736","Peptide hormone metabolism",24,-0.302792230912432,-0.959864619523451,0.519774011299435,1,0.935019112025875,571,"tags=17%, list=10%, signal=15%","60559/5873/183/1066","TotalCell"
"R-HSA-373080","Class B/2 (Secretin family receptors)",15,0.293059977149267,0.959135403365754,0.504643962848297,1,0.935019112025875,186,"tags=13%, list=3%, signal=13%","2535/976","BRCA1_tumour"
"R-HSA-69278","Cell Cycle, Mitotic",289,-0.205805951168767,-0.958711379894027,0.579617834394904,1,0.935019112025875,1985,"tags=38%, list=34%, signal=26%","6232/5713/23354/6241/91687/5985/5862/51400/140735/55706/81876/22919/10121/9631/6117/990/10142/9702/10844/23141/5714/4000/2305/8454/10726/2010/221496/9184/10714/6119/5683/92421/9493/27229/1026/4173/10926/9212/6118/5347/11004/1028/1783/4926/5515/7465/51451/5558/10762/7532/11065/25906/11130/7979/119504/9133/5928/7329/113130/57405/9688/5983/5982/55166/896/10426/9798/51512/6502/10403/207/1454/9134/54892/1069/5595/332/5687/1459/1874/7083/1032/10776/5905/27183/29781/1031/23594/55055/1870/55844/81620/5425/4605/55839/28227/7027/994/54820/7298/79682/79643/79019/9088/22995/84296/4067/898/1869","TotalCell"
"R-HSA-9825892","Regulation of MITF-M-dependent genes involved in cell cycle and proliferation",10,-0.380227763636944,-0.957400454933304,0.5312,1,0.935019112025875,1762,"tags=50%, list=30%, signal=35%","25942/1026/5347/1499/994","TotalCell"
"R-HSA-111465","Apoptotic cleavage of cellular proteins",13,0.303719850728652,0.956373990482139,0.521613832853026,1,0.935019112025875,462,"tags=23%, list=8%, signal=21%","324/7431/5580","BRCA1_tumour"
"R-HSA-9833110","RSV-host interactions",47,-0.258726335038025,-0.956340908390865,0.524547803617571,1,0.935019112025875,790,"tags=17%, list=14%, signal=15%","10134/6923/9412/9672/6385/3339/2817/10082","TotalCell"
"R-HSA-8852276","The role of GTSE1 in G2/M progression after G2 checkpoint",40,0.222276430269139,0.956258271968308,0.524793388429752,1,0.935019112025875,1287,"tags=32%, list=22%, signal=26%","7846/84790/5692/5704/5689/5686/5684/7280/3320/10376/63943/5707/5690","BRCA1_tumour"
"R-HSA-187037","Signaling by NTRK1 (TRKA)",59,-0.248554868060522,-0.95559205833574,0.53125,1,0.935019112025875,1019,"tags=25%, list=17%, signal=21%","3265/3726/3399/4205/2002/8660/5595/1958/4915/6446/1785/5604/3397/5605/3400","TotalCell"
"R-HSA-418555","G alpha (s) signalling events",15,-0.33565846251423,-0.955413377794434,0.531664212076583,1,0.935019112025875,746,"tags=53%, list=13%, signal=47%","55970/5150/2335/409/10681/2783/133/2870","TotalCell"
"R-HSA-9614085","FOXO-mediated transcription",31,-0.282823730782178,-0.953712627135589,0.534530386740331,1,0.935019112025875,1873,"tags=45%, list=32%, signal=31%","6720/4802/25942/4087/1026/2810/7532/207/114907/2908/27113/1647/6648/857","TotalCell"
"R-HSA-75153","Apoptotic execution phase",17,0.281194556073921,0.953331956527801,0.528301886792453,1,0.935019112025875,617,"tags=24%, list=11%, signal=21%","324/7431/5580/5062","BRCA1_tumour"
"R-HSA-1660499","Synthesis of PIPs at the plasma membrane",14,0.291236399295321,0.95186071311674,0.514880952380952,1,0.935019112025875,1594,"tags=64%, list=27%, signal=47%","5295/65977/51552/5290/64419/79837/80230/8871/8394","BRCA1_tumour"
"R-HSA-606279","Deposition of new CENPA-containing nucleosomes at the centromere",19,-0.317488037631068,-0.951825469670916,0.527616279069767,1,0.935019112025875,1219,"tags=32%, list=21%, signal=25%","5928/55166/201254/55839/79682/79019","TotalCell"
"R-HSA-774815","Nucleosome assembly",19,-0.317488037631068,-0.951825469670916,0.527616279069767,1,0.935019112025875,1219,"tags=32%, list=21%, signal=25%","5928/55166/201254/55839/79682/79019","TotalCell"
"R-HSA-9931295","PD-L1(CD274) glycosylation and translocation to plasma membrane",12,0.310895681494925,0.949881182441054,0.521008403361345,1,0.935019112025875,3377,"tags=92%, list=58%, signal=39%","100128731/3703/142678/7311/58505/6233/6184/1650/3716/201595/7316","BRCA1_tumour"
"R-HSA-5578775","Ion homeostasis",16,0.285257715187344,0.949764011174166,0.523219814241486,1,0.935019112025875,126,"tags=12%, list=2%, signal=12%","53826/5348","BRCA1_tumour"
"R-HSA-110320","Translesion Synthesis by POLH",14,-0.341481753976474,-0.948868148879442,0.542042042042042,1,0.935019112025875,1940,"tags=50%, list=33%, signal=33%","5985/6117/6119/6118/55666/5983/5982","TotalCell"
"R-HSA-8941326","RUNX2 regulates bone development",10,0.334094965022018,0.947529120346806,0.517241379310345,1,0.935019112025875,269,"tags=20%, list=5%, signal=19%","23462/23493","BRCA1_tumour"
"R-HSA-212165","Epigenetic regulation of gene expression",128,0.174559013821431,0.947501074248016,0.612612612612613,1,0.935019112025875,1214,"tags=29%, list=21%, signal=23%","7562/80312/902/9014/51082/3066/23451/55729/8467/11176/4331/23468/51535/4297/10445/1788/86/10179/404672/54790/25799/84661/51742/5437/8648/7581/79813/284058/5977/10155/57459/26993/1022/54934/1108/9869/79718","BRCA1_tumour"
"R-HSA-199977","ER to Golgi Anterograde Transport",66,0.202795240188576,0.946164048797226,0.573770491803279,1,0.935019112025875,1235,"tags=30%, list=21%, signal=24%","7846/51399/372/22870/84790/10945/51014/10113/8615/11316/10972/10540/1315/2804/7280/375056/10376/9276/6709/55860","BRCA1_tumour"
"R-HSA-5685942","HDR through Homologous Recombination (HRR)",30,-0.282866264210179,-0.943596002289168,0.559556786703601,1,0.935019112025875,1603,"tags=47%, list=27%, signal=34%","10714/6119/6118/83695/5883/7979/116028/4361/5983/5982/5810/23514/5425/3364","TotalCell"
"R-HSA-5576891","Cardiac conduction",23,-0.302158494067654,-0.943180341285028,0.529411764705882,1,0.935019112025875,703,"tags=17%, list=12%, signal=15%","6261/481/9424/1066","TotalCell"
"R-HSA-1268020","Mitochondrial protein import",40,-0.261891339523327,-0.940218016591042,0.557894736842105,1,0.935019112025875,1997,"tags=45%, list=34%, signal=30%","56993/80273/90639/26517/29928/7416/10165/3421/10063/50/51287/56942/10245/2671/4714/10469/26515/79145","TotalCell"
"R-HSA-4839726","Chromatin organization",121,0.174193738370772,0.93973761801913,0.585365853658537,1,0.935019112025875,1272,"tags=28%, list=22%, signal=22%","2122/8089/10765/84787/3066/55729/1019/4297/10445/23522/1788/86/84661/3276/51742/9913/8648/79723/10856/5926/5978/29072/595/79813/284058/5977/57459/64324/54934/1108/9869/79718/196528/6601","BRCA1_tumour"
"R-HSA-1483255","PI Metabolism",21,-0.306979801540676,-0.939487507337586,0.527298850574713,1,0.935019112025875,803,"tags=19%, list=14%, signal=16%","54477/22876/5728/388121","TotalCell"
"R-HSA-112382","Formation of RNA Pol II elongation complex",34,0.226033624893195,0.939409667385889,0.546153846153846,1,0.935019112025875,978,"tags=26%, list=17%, signal=22%","902/5431/4331/55677/2963/404672/54623/5437/22916","BRCA1_tumour"
"R-HSA-75955","RNA Polymerase II Transcription Elongation",34,0.226033624893195,0.939409667385889,0.546153846153846,1,0.935019112025875,978,"tags=26%, list=17%, signal=22%","902/5431/4331/55677/2963/404672/54623/5437/22916","BRCA1_tumour"
"R-HSA-1640170","Cell Cycle",362,-0.197745724501183,-0.937395731910548,0.632124352331606,1,0.935019112025875,1985,"tags=37%, list=34%, signal=26%","6232/5713/7013/23354/6241/91687/5985/5862/51400/140735/55706/81876/22919/54386/10121/9631/6117/990/10142/9702/10844/23141/5714/4000/2305/8454/10726/2010/221496/9184/10714/6119/5683/92421/9493/27229/1026/54921/4173/10926/9212/6118/7336/83695/5347/2810/11004/1028/1783/5883/4926/5515/5439/7465/51451/5558/10762/7532/84057/11065/25906/11130/7979/119504/9133/116028/5928/7533/4361/7329/113130/57405/9688/79184/5983/5982/55166/896/10426/5432/201254/9798/51512/6502/10403/207/5810/1454/1263/23353/9134/54892/1069/5595/332/5687/1459/1874/7083/26277/5441/100134934/1032/10776/5905/27183/79991/29781/65057/1031/23594/55055/1870/55844/81620/5425/4605/55839/28227/7027/994/54820/7298/79682/25777/79643/79019/27127/9088/22995/84296/3364/4067/898/1869","TotalCell"
"R-HSA-5627117","RHO GTPases Activate ROCKs",12,-0.351925562748331,-0.936189198257186,0.545736434108527,1,0.935019112025875,661,"tags=42%, list=11%, signal=37%","387/3985/5058/4627/10398","TotalCell"
"R-HSA-9768727","Regulation of CDH1 posttranslational processing and trafficking to plasma membrane",18,-0.315250090947517,-0.934908563665592,0.543604651162791,1,0.935019112025875,1414,"tags=33%, list=24%, signal=25%","23478/1499/3728/1459/60559/5045","TotalCell"
"R-HSA-9024446","NR1H2 and NR1H3-mediated signaling",23,-0.299507952077569,-0.934906739357956,0.5480631276901,1,0.935019112025875,929,"tags=22%, list=16%, signal=18%","27327/8841/6907/6319/347","TotalCell"
"R-HSA-15869","Metabolism of nucleotides",43,-0.259072442332014,-0.934534972619369,0.562992125984252,1,0.935019112025875,1188,"tags=30%, list=20%, signal=24%","30833/55270/22978/1854/2745/51251/7083/955/204/1890/1635/7298/7378","TotalCell"
"R-HSA-5218859","Regulated Necrosis",23,-0.298416182040717,-0.931498805918456,0.555236728837877,1,0.935019112025875,724,"tags=70%, list=12%, signal=61%","10273/51652/330/91782/837/7316/29082/128866/8772/3659/92421/11140/57162/3660/834/79643","TotalCell"
"R-HSA-6802952","Signaling by BRAF and RAF1 fusions",36,-0.265581848069432,-0.93047249330151,0.558108108108108,1,0.935019112025875,2177,"tags=50%, list=37%, signal=32%","54845/4893/5594/9444/10142/4000/2335/409/808/11044/23164/8826/3265/60/5595/1445/5604/5605","TotalCell"
"R-HSA-5362517","Signaling by Retinoic Acid",17,-0.316229290561631,-0.927936987972761,0.583333333333333,1,0.935019112025875,165,"tags=12%, list=3%, signal=11%","10901/195814","TotalCell"
"R-HSA-3214858","RMTs methylate histone arginines",20,0.259770314062982,0.926907385916805,0.570032573289902,1,0.935019112025875,1272,"tags=35%, list=22%, signal=27%","1019/1788/86/3276/595/196528/6601","BRCA1_tumour"
"R-HSA-9839373","Signaling by TGFBR3",20,-0.30429092503166,-0.92667036456291,0.566906474820144,1,0.935019112025875,2480,"tags=55%, list=42%, signal=32%","6938/5663/4089/23112/10755/409/3070/27327/4323/7077/7076","TotalCell"
"R-HSA-1989781","PPARA activates gene expression",49,-0.248126656446953,-0.925737551471151,0.572890025575448,1,0.935019112025875,929,"tags=18%, list=16%, signal=16%","8841/10499/6907/2180/9412/57761/2274/6095/183","TotalCell"
"R-HSA-196849","Metabolism of water-soluble vitamins and cofactors",51,-0.247056936088759,-0.92389141299206,0.572158365261814,1,0.935019112025875,839,"tags=18%, list=14%, signal=15%","55034/10797/56965/349565/5095/4837/93100/54/8876","TotalCell"
"R-HSA-9613829","Chaperone Mediated Autophagy",13,0.292158191840767,0.919967842445806,0.559077809798271,1,0.935019112025875,1106,"tags=38%, list=19%, signal=31%","7431/5116/3312/1915/3320","BRCA1_tumour"
"R-HSA-2454202","Fc epsilon receptor (FCERI) signaling",70,-0.230960694922402,-0.919233599781023,0.587088915956151,1,0.935019112025875,2471,"tags=54%, list=42%, signal=32%","7316/5717/5685/5688/7321/9861/6885/6500/5705/5170/4893/5594/5701/5530/5713/2353/5714/5336/8454/7322/4772/5683/7979/808/4790/997/4775/3265/5534/5595/5687/5058/8517/10125/4792/4067/5879/27040","TotalCell"
"R-HSA-9933947","Formation of the non-canonical BAF (ncBAF) complex",12,-0.344935637948204,-0.917594663539658,0.567441860465116,1,0.935019112025875,2407,"tags=67%, list=41%, signal=39%","6595/6603/6760/6597/9275/9274/60/65980","TotalCell"
"R-HSA-110314","Recognition of DNA damage by PCNA-containing replication complex",22,-0.296522413412996,-0.914343488816323,0.573699421965318,1,0.935019112025875,2704,"tags=68%, list=46%, signal=37%","8450/54107/7316/51514/9978/5985/6117/7320/10714/6119/6118/8451/5983/5982/5425","TotalCell"
"R-HSA-1236382","Constitutive Signaling by Ligand-Responsive EGFR Cancer Variants",13,0.290345045499719,0.914258482332018,0.576368876080692,1,0.935019112025875,1198,"tags=38%, list=20%, signal=31%","6654/5295/867/3320/5290","BRCA1_tumour"
"R-HSA-5637815","Signaling by Ligand-Responsive EGFR Variants in Cancer",13,0.290345045499719,0.914258482332018,0.576368876080692,1,0.935019112025875,1198,"tags=38%, list=20%, signal=31%","6654/5295/867/3320/5290","BRCA1_tumour"
"R-HSA-71387","Metabolism of carbohydrates and carbohydrate derivatives",129,-0.212586966238917,-0.91305343244466,0.643742953776776,1,0.935019112025875,833,"tags=19%, list=14%, signal=16%","5260/8704/2539/83440/2683/8702/5315/10678/5634/138050/5834/22856/9672/6385/9060/92126/3423/3339/26035/2817/3073/2026/10082/4060","TotalCell"
"R-HSA-4086400","PCP/CE pathway",46,0.206395535984979,0.912028520265703,0.579185520361991,1,0.935019112025875,25,"tags=4%, list=0%, signal=4%","81029/2535","BRCA1_tumour"
"R-HSA-5621481","C-type lectin receptors (CLRs)",68,-0.229780503301759,-0.910984718953511,0.613219094247246,1,0.935019112025875,2471,"tags=54%, list=42%, signal=32%","7316/5717/5685/5688/7321/9861/4582/6885/6500/5705/5170/4893/5701/5530/5713/5714/5336/8454/7322/4772/5683/7979/808/4790/997/4775/3265/29108/5534/5687/9040/5058/3385/8517/5971/4792/4067","TotalCell"
"R-HSA-6790901","rRNA modification in the nucleus and cytosol",42,0.207611453213995,0.909833899671166,0.620833333333333,1,0.935019112025875,612,"tags=19%, list=10%, signal=17%","2091/84128/6203/51118/57050/6208/10885/6201","BRCA1_tumour"
"R-HSA-2173796","SMAD2/SMAD3:SMAD4 heterotrimer regulates transcription",23,-0.291456722808867,-0.909775024319299,0.593974175035868,1,0.935019112025875,1229,"tags=26%, list=21%, signal=21%","7050/3726/5595/1874/5045/7027","TotalCell"
"R-HSA-5687128","MAPK6/MAPK4 signaling",45,-0.24854083264612,-0.907724945759959,0.585714285714286,1,0.935019112025875,774,"tags=22%, list=13%, signal=19%","7979/27327/896/5687/998/5058/5597/3315/5879/148170","TotalCell"
"R-HSA-112316","Neuronal System",72,-0.227247678100759,-0.90721164099811,0.614634146341463,1,0.935019112025875,1019,"tags=22%, list=17%, signal=19%","3265/8573/80331/9455/5595/10681/78999/2783/51422/3790/9424/5879/3556/217/3755/3779","TotalCell"
"R-HSA-6796648","TP53 Regulates Transcription of DNA Repair Genes",40,0.210816011875642,0.906954259501807,0.619834710743802,1,0.935019112025875,882,"tags=22%, list=15%, signal=19%","1111/902/472/5431/4331/2963/545/404672/5437","BRCA1_tumour"
"R-HSA-9670095","Inhibition of DNA recombination at telomere",16,-0.313016229674685,-0.906862000948892,0.587628865979381,1,0.935019112025875,1965,"tags=44%, list=34%, signal=29%","7013/54386/5439/5432/26277/5441/65057","TotalCell"
"R-HSA-2979096","NOTCH2 Activation and Transmission of Signal to the Nucleus",12,0.296786968363178,0.906774758293043,0.565826330532213,1,0.935019112025875,2041,"tags=58%, list=35%, signal=38%","4192/55851/142678/4853/7311/57534/6233","BRCA1_tumour"
"R-HSA-69306","DNA Replication",80,-0.222736215276015,-0.904602277175971,0.643457382953181,1,0.935019112025875,2471,"tags=55%, list=42%, signal=32%","7316/5717/5685/5688/7321/9861/92667/23595/6500/9978/5705/890/4171/55388/5701/5713/5985/6117/990/5714/8454/23633/3836/10714/6119/5683/4173/10926/6118/5558/11065/25906/7979/119504/5983/5982/6502/9134/5687/23594/81620/5425/84296/898","TotalCell"
"R-HSA-168271","Transport of Ribonucleoproteins into the Host Nucleus",23,0.23870463654198,0.904597509215433,0.60655737704918,1,0.935019112025875,1464,"tags=39%, list=25%, signal=29%","57122/129401/23636/5903/79023/8021/8086/6396/55746","BRCA1_tumour"
"R-HSA-8876384","Listeria monocytogenes entry into host cells",11,-0.347850370561799,-0.903822787549765,0.590266875981162,1,0.935019112025875,1574,"tags=64%, list=27%, signal=47%","2060/7316/1500/9146/1499/6455/30011","TotalCell"
"R-HSA-6802957","Oncogenic MAPK signaling",41,-0.252569613090467,-0.902994994173284,0.613756613756614,1,0.935019112025875,2177,"tags=49%, list=37%, signal=31%","54845/4893/5594/8036/9444/10142/4000/2335/409/808/11044/22808/23164/8826/3265/60/5595/1445/5604/5605","TotalCell"
"R-HSA-8982491","Glycogen metabolism",11,0.309532296137658,0.902819280550743,0.575342465753425,1,0.935019112025875,479,"tags=18%, list=8%, signal=17%","5836/178","BRCA1_tumour"
"R-HSA-400206","Regulation of lipid metabolism by PPARalpha",50,-0.240163382470954,-0.899889191616756,0.60379746835443,1,0.935019112025875,929,"tags=18%, list=16%, signal=15%","8841/10499/6907/2180/9412/57761/2274/6095/183","TotalCell"
"R-HSA-69481","G2/M Checkpoints",78,-0.2217144214038,-0.897517482493494,0.652644230769231,1,0.935019112025875,2515,"tags=56%, list=43%, signal=33%","63967/7316/5717/5685/5688/9861/23595/5705/890/8924/4171/55388/5701/7534/5713/5985/6117/990/5714/6119/5683/4173/10926/6118/7336/83695/2810/5883/7465/7532/7979/9133/116028/7533/4361/79184/5983/5982/51512/5810/5687/23594/9088/3364","TotalCell"
"R-HSA-8939243","RUNX1 interacts with co-factors whose precise effect on RUNX1 targets is not known",25,-0.280211758060187,-0.895413613132753,0.606741573033708,1,0.935019112025875,1047,"tags=20%, list=18%, signal=16%","8535/1459/865/1912/84333","TotalCell"
"R-HSA-9856651","MITF-M-dependent gene expression",53,-0.237948201860841,-0.894815593883038,0.623724489795918,1,0.935019112025875,1529,"tags=30%, list=26%, signal=22%","1026/1729/5347/9275/9274/27327/1499/528/427/60/529/526/994/634/5873/4935","TotalCell"
"R-HSA-110373","Resolution of AP sites via the multiple-nucleotide patch replacement pathway",18,-0.301574265061106,-0.894351408874687,0.614825581395349,1,0.935019112025875,1940,"tags=44%, list=33%, signal=30%","5985/6117/10714/6119/6118/5983/5982/5425","TotalCell"
"R-HSA-9734009","Defective Intrinsic Pathway for Apoptosis",14,-0.32184753005978,-0.894310944912985,0.587087087087087,1,0.935019112025875,409,"tags=36%, list=7%, signal=33%","1020/4000/824/994/6648","TotalCell"
"R-HSA-416482","G alpha (12/13) signalling events",22,0.238688631142803,0.893668923063618,0.606451612903226,1,0.935019112025875,979,"tags=32%, list=17%, signal=27%","10276/6654/9475/10451/23365/6453/128272","BRCA1_tumour"
"R-HSA-391251","Protein folding",47,-0.241676368140318,-0.893318406918062,0.614987080103359,1,0.935019112025875,954,"tags=23%, list=16%, signal=20%","60/8841/8877/9134/11328/6468/1459/10681/2783/63971/898","TotalCell"
"R-HSA-2871837","FCERI mediated NF-kB activation",42,-0.247798801887239,-0.890897187411191,0.625984251968504,1,0.935019112025875,2471,"tags=57%, list=42%, signal=33%","7316/5717/5685/5688/7321/9861/6885/6500/5705/5170/5701/5713/5714/8454/7322/5683/7979/4790/997/5687/8517/10125/4792/4067","TotalCell"
"R-HSA-159231","Transport of Mature mRNA Derived from an Intronless Transcript",32,0.216196969797457,0.890220728693964,0.652014652014652,1,0.935019112025875,2403,"tags=72%, list=41%, signal=43%","57122/29894/129401/23636/22916/5903/53981/79023/8021/8086/6396/55746/4686/7175/8480/8189/10482/53371/81608/9818/4927/51692/55339","BRCA1_tumour"
"R-HSA-1483257","Phospholipid metabolism",65,-0.226240281035855,-0.889801657641559,0.643118148599269,1,0.935019112025875,1214,"tags=25%, list=21%, signal=20%","10390/129642/171586/57153/126969/54477/1459/10809/283871/200879/22876/56994/5833/5728/388121/150763","TotalCell"
"R-HSA-3232142","SUMOylation of ubiquitinylation proteins",27,0.226878889137382,0.887669192006106,0.663082437275986,1,0.935019112025875,1466,"tags=41%, list=25%, signal=31%","57122/129401/23636/5903/4193/79023/8021/8086/6396/55746/7341","BRCA1_tumour"
"R-HSA-212300","PRC2 methylates histones and DNA",10,-0.352395485559138,-0.887319734265665,0.608,1,0.935019112025875,2470,"tags=70%, list=42%, signal=40%","1786/3720/121536/8726/26147/5928/2146","TotalCell"
"R-HSA-6807004","Negative regulation of MET activity",11,-0.340456104539375,-0.884610198764886,0.610675039246468,1,0.935019112025875,1904,"tags=64%, list=33%, signal=43%","2060/7316/5771/9101/9146/6455/30011","TotalCell"
"R-HSA-9675135","Diseases of DNA repair",24,-0.279036892759579,-0.884559158253762,0.622881355932203,1,0.935019112025875,1940,"tags=54%, list=33%, signal=36%","5985/6117/6119/6118/83695/5883/7979/116028/4361/5983/5982/5810/3364","TotalCell"
"R-HSA-9035034","RHOF GTPase cycle",18,0.253189481142767,0.883860440512448,0.627388535031847,1,0.935019112025875,379,"tags=17%, list=6%, signal=16%","10409/5295/4162","BRCA1_tumour"
"R-HSA-422475","Axon guidance",230,0.146371399982136,0.882912182893102,0.838235294117647,1,0.935019112025875,1218,"tags=27%, list=21%, signal=22%","10752/7846/6158/6228/6193/6217/6231/6654/6130/9475/5295/6205/6203/23521/6165/10298/6171/6230/6152/6144/5781/6141/6161/6208/84790/6142/5692/6128/6229/6206/6201/5062/200916/10451/5704/10818/23365/5689/6155/1981/55740/3312/5686/1739/6147/6453/5684/6132/22916/7280/6223/55851/6222/3320/10376/1946/6154/1298/5576/5290/6709/1173","BRCA1_tumour"
"R-HSA-157858","Gap junction trafficking and regulation",15,-0.31010274205176,-0.882671945845629,0.622974963181149,1,0.935019112025875,1007,"tags=40%, list=17%, signal=33%","2706/60/1785/2707/1212/2709","TotalCell"
"R-HSA-190828","Gap junction trafficking",15,-0.31010274205176,-0.882671945845629,0.622974963181149,1,0.935019112025875,1007,"tags=40%, list=17%, signal=33%","2706/60/1785/2707/1212/2709","TotalCell"
"R-HSA-162588","Budding and maturation of HIV virion",21,-0.288360483395632,-0.882504550463484,0.616379310344828,1,0.935019112025875,1237,"tags=57%, list=21%, signal=45%","7316/51510/29082/128866/51271/92421/137492/9525/23327/27183/5478/79643","TotalCell"
"R-HSA-112399","IRS-mediated signalling",13,0.279829155874907,0.881145324598588,0.613832853025937,1,0.935019112025875,764,"tags=38%, list=13%, signal=34%","6654/5295/5781/208/10818","BRCA1_tumour"
"R-HSA-2404192","Signaling by Type 1 Insulin-like Growth Factor 1 Receptor (IGF1R)",15,-0.309521502536713,-0.881017514122923,0.622974963181149,1,0.935019112025875,1019,"tags=33%, list=17%, signal=28%","3265/3480/8660/57761/2260","TotalCell"
"R-HSA-2428924","IGF1R signaling cascade",15,-0.309521502536713,-0.881017514122923,0.622974963181149,1,0.935019112025875,1019,"tags=33%, list=17%, signal=28%","3265/3480/8660/57761/2260","TotalCell"
"R-HSA-9639288","Amino acids regulate mTORC1",22,-0.285632855370536,-0.880764925976478,0.615606936416185,1,0.935019112025875,1710,"tags=36%, list=29%, signal=26%","79726/55004/64223/528/90423/6009/529/526","TotalCell"
"R-HSA-3371556","Cellular response to heat stress",57,0.196421056107383,0.880752189863798,0.7,1,0.935019112025875,1464,"tags=39%, list=25%, signal=29%","3306/57122/472/129401/545/3312/1915/23636/3309/1410/10808/5903/9529/3320/79023/10728/8021/84335/7266/8086/6396/55746","BRCA1_tumour"
"R-HSA-3301854","Nuclear Pore Complex (NPC) Disassembly",23,0.232303616035983,0.880340137050217,0.632786885245902,1,0.935019112025875,1464,"tags=39%, list=25%, signal=29%","57122/129401/23636/5903/79023/8021/8086/6396/55746","BRCA1_tumour"
"R-HSA-2428928","IRS-related events triggered by IGF1R",14,-0.316382515393928,-0.879125423902853,0.602102102102102,1,0.935019112025875,1019,"tags=36%, list=17%, signal=30%","3265/3480/8660/57761/2260","TotalCell"
"R-HSA-8856828","Clathrin-mediated endocytosis",65,-0.223520248947438,-0.879103787881013,0.665042630937881,1,0.935019112025875,2111,"tags=43%, list=36%, signal=28%","29978/4738/374/2873/9341/6844/10980/10552/9318/9146/409/1175/3092/8301/6845/382/60/6455/1956/55707/29763/22848/1785/2017/11252/1212/1839/30011","TotalCell"
"R-HSA-448424","Interleukin-17 signaling",36,-0.250729419014229,-0.878436645237955,0.645945945945946,1,0.935019112025875,1201,"tags=28%, list=21%, signal=22%","4790/79155/1326/4205/2002/5595/5604/8517/3654/64127","TotalCell"
"R-HSA-69541","Stabilization of p53",32,0.212127117227722,0.873462551538652,0.666666666666667,1,0.935019112025875,1287,"tags=31%, list=22%, signal=25%","472/5692/5704/5689/5686/5684/4193/1029/5707/5690","BRCA1_tumour"
"R-HSA-194315","Signaling by Rho GTPases",297,-0.185702779149863,-0.870224290152434,0.762303664921466,1,0.935019112025875,1671,"tags=30%, list=29%, signal=22%","84364/65124/387/10726/2010/23028/9181/9184/9318/29984/9146/200894/1729/55004/11140/23229/9212/5347/2810/11004/1783/390/10095/5515/7532/10163/10928/79180/11130/8874/8301/54443/7533/808/3985/4690/1499/57405/27/30851/8826/397/537/11214/2316/10134/55166/60/10403/23075/10499/5595/332/3728/29766/10458/3895/9748/998/5058/1445/2017/5905/11135/9235/55971/55055/10652/55839/23616/54820/4627/79682/9411/50855/832/79019/23348/9055/10398/171177/23779/5879/857/148170/6280/4638/6279","TotalCell"
"R-HSA-159227","Transport of the SLBP independent Mature mRNA",25,0.227173711181379,0.8701318931556,0.682758620689655,1,0.935019112025875,2128,"tags=60%, list=36%, signal=38%","57122/129401/23636/22916/5903/79023/8021/8086/6396/55746/4686/7175/8480/10482/53371","BRCA1_tumour"
"R-HSA-446193","Biosynthesis of the N-glycan precursor (dolichol lipid-linked oligosaccharide, LLO) and transfer to a nascent protein",34,-0.251053707108712,-0.868605658003344,0.650943396226415,1,0.935019112025875,2252,"tags=47%, list=39%, signal=29%","10195/29880/2673/5372/10559/3098/79947/79644/6675/55907/79053/5476/4597/207063/4351/282969","TotalCell"
"R-HSA-9909505","Modulation of host responses by IFN-stimulated genes",13,0.275533623233536,0.867619255480557,0.628242074927954,1,0.935019112025875,1932,"tags=62%, list=33%, signal=41%","9636/10561/3309/2289/51191/7706/64135/2537","BRCA1_tumour"
"R-HSA-388841","Regulation of T cell activation by CD28 family",119,-0.204004908156114,-0.867255419984,0.726857142857143,1,0.935019112025875,1387,"tags=24%, list=24%, signal=19%","5515/7532/3113/253260/7979/5928/27327/4790/64223/1499/10613/1326/207/2146/3123/9070/5687/1459/998/5058/1445/7004/57761/3122/51422/3119/4067/5879/3127","TotalCell"
"R-HSA-389357","CD28 dependent PI3K/Akt signaling",11,-0.333040722452079,-0.865342743916232,0.631083202511774,1,0.935019112025875,1339,"tags=45%, list=23%, signal=35%","253260/64223/1326/207/57761","TotalCell"
"R-HSA-9692916","SARS-CoV-1 activates/modulates innate immune responses",23,-0.276983038112929,-0.864595771909768,0.658536585365854,1,0.935019112025875,1201,"tags=26%, list=21%, signal=21%","4790/29108/5479/5478/834/4792","TotalCell"
"R-HSA-168325","Viral Messenger RNA Synthesis",33,0.209813461919751,0.864008195933673,0.674242424242424,1,0.935019112025875,1464,"tags=36%, list=25%, signal=27%","57122/5431/129401/2963/5437/23636/5903/79023/8021/8086/6396/55746","BRCA1_tumour"
"R-HSA-1236394","Signaling by ERBB4",21,0.235805631625457,0.863741497150787,0.647058823529412,1,0.935019112025875,1198,"tags=33%, list=20%, signal=27%","6654/5295/23118/6776/55851/2065/5290","BRCA1_tumour"
"R-HSA-1227990","Signaling by ERBB2 in Cancer",13,-0.318815493041012,-0.863449774094566,0.629007633587786,1,0.935019112025875,1019,"tags=38%, list=17%, signal=32%","11140/3265/1956/5782/1839","TotalCell"
"R-HSA-8957322","Metabolism of steroids",63,-0.220489282423819,-0.863033975281338,0.690997566909976,1,0.935019112025875,1120,"tags=25%, list=19%, signal=21%","7329/1718/50814/26031/10499/10682/4597/6907/3638/200931/6307/6319/83930/112812/6715/3294","TotalCell"
"R-HSA-9665348","Signaling by ERBB2 ECD mutants",10,0.303861966223976,0.861785096174916,0.615384615384615,1,0.935019112025875,1198,"tags=40%, list=20%, signal=32%","6654/5295/3320/5290","BRCA1_tumour"
"R-HSA-3371453","Regulation of HSF1-mediated heat shock response",47,0.193095188114283,0.860970785910238,0.679824561403509,1,0.935019112025875,1464,"tags=36%, list=25%, signal=27%","3306/57122/472/129401/545/3312/23636/3309/10808/5903/9529/79023/8021/7266/8086/6396/55746","BRCA1_tumour"
"R-HSA-156580","Phase II - Conjugation of compounds",29,-0.25906680853714,-0.859786577497466,0.659779614325069,1,0.935019112025875,1761,"tags=34%, list=30%, signal=24%","9446/2937/4552/2948/79017/7172/2730/8459/4837/8460","TotalCell"
"R-HSA-8980692","RHOA GTPase cycle",58,-0.224305166796555,-0.85904104655815,0.68789013732834,1,0.935019112025875,2288,"tags=48%, list=39%, signal=30%","10424/2040/4649/3163/257106/23002/23263/9341/7984/23256/65124/387/9181/1729/8874/54443/8826/397/537/11214/10134/3728/3895/9748/10652/9411/23779/857","TotalCell"
"R-HSA-177243","Interactions of Rev with host cellular proteins",25,0.224212659806054,0.858790328915867,0.693103448275862,1,0.935019112025875,1464,"tags=40%, list=25%, signal=30%","57122/129401/23636/4869/5903/79023/8021/8086/6396/55746","BRCA1_tumour"
"R-HSA-9716542","Signaling by Rho GTPases, Miro GTPases and RHOBTB3",303,-0.183433789303174,-0.858287134437903,0.799158780231335,1,0.935019112025875,1671,"tags=29%, list=29%, signal=22%","84364/65124/387/10726/2010/23028/9181/9184/9318/29984/9146/200894/1729/55004/11140/23229/9212/5347/2810/11004/1783/390/10095/5515/7532/10163/10928/79180/11130/8874/8301/54443/7533/808/3985/4690/1499/57405/27/30851/8826/397/537/11214/2316/10134/55166/60/10403/23075/10499/5595/332/3728/29766/10458/3895/9748/998/5058/1445/2017/5905/11135/9235/55971/55055/10652/55839/23616/54820/4627/79682/9411/50855/832/79019/23348/9055/10398/171177/23779/5879/898/857/148170/6280/4638/6279","TotalCell"
"R-HSA-9694635","Translation of Structural Proteins",33,0.208309411307946,0.857814541609452,0.681818181818182,1,0.935019112025875,835,"tags=18%, list=14%, signal=16%","79668/4124/100128731/3703/27090/3276","BRCA1_tumour"
"R-HSA-1912408","Pre-NOTCH Transcription and Translation",19,-0.286018422912767,-0.857479928235378,0.662790697674419,1,0.935019112025875,414,"tags=21%, list=7%, signal=20%","1999/27327/7027/1869","TotalCell"
"R-HSA-193648","NRAGE signals death through JNK",20,0.240121948474838,0.856798469697731,0.657980456026059,1,0.935019112025875,1256,"tags=40%, list=21%, signal=32%","10276/6654/10451/23365/6453/128272/10018/1894","BRCA1_tumour"
"R-HSA-9012999","RHO GTPase cycle",190,0.148767348213927,0.854478067525788,0.831325301204819,1,0.935019112025875,617,"tags=14%, list=11%, signal=13%","2697/10409/153478/22800/92799/114793/7431/10276/84144/6654/93663/9475/124540/5295/224/667/10298/4162/79598/23592/3336/22852/1152/10576/4548/5062","BRCA1_tumour"
"R-HSA-425410","Metal ion SLC transporters",13,-0.315475121063669,-0.854403026078285,0.636641221374046,1,0.935019112025875,205,"tags=38%, list=4%, signal=37%","27173/808/6550/23516/1356","TotalCell"
"R-HSA-1169091","Activation of NF-kappaB in B cells",37,-0.240469665316235,-0.852889561752505,0.680371352785146,1,0.935019112025875,2471,"tags=57%, list=42%, signal=33%","7316/5717/5685/5688/9861/6885/6500/5705/4793/5701/5713/5714/8454/5683/7979/5966/4790/5687/4794/8517/4792","TotalCell"
"R-HSA-9854311","Maturation of TCA enzymes and regulation of TCA cycle",15,0.260018180528075,0.850995229335597,0.653250773993808,1,0.935019112025875,1497,"tags=40%, list=26%, signal=30%","1431/751071/57128/54949/6392/23479","BRCA1_tumour"
"R-HSA-5610787","Hedgehog 'off' state",46,0.192490698151905,0.850585288885173,0.705882352941177,1,0.935019112025875,1287,"tags=26%, list=22%, signal=21%","7846/84790/5692/5704/5689/5686/5684/7280/10376/5576/5707/5690","BRCA1_tumour"
"R-HSA-9824585","Regulation of MITF-M-dependent genes involved in pigmentation",20,-0.279301474808617,-0.850568906900296,0.671942446043165,1,0.935019112025875,1399,"tags=40%, list=24%, signal=31%","6760/6597/9275/9274/1499/60/5873/4935","TotalCell"
"R-HSA-9707564","Cytoprotection by HMOX1",30,-0.254677123537424,-0.849561598713156,0.673130193905817,1,0.935019112025875,1474,"tags=30%, list=25%, signal=23%","10498/1349/4512/4514/4513/8841/10499/6907/644","TotalCell"
"R-HSA-68962","Activation of the pre-replicative complex",21,-0.277440544843003,-0.849084938490318,0.665229885057471,1,0.935019112025875,2272,"tags=71%, list=39%, signal=44%","4174/4172/54107/23595/4171/55388/6117/990/6119/4173/10926/6118/5558/23594/81620","TotalCell"
"R-HSA-69620","Cell Cycle Checkpoints",161,-0.192958126281088,-0.848616199142197,0.753863134657837,1,0.935019112025875,2343,"tags=47%, list=40%, signal=29%","7321/1027/9861/81565/23595/6500/9978/5705/890/8924/4171/55388/5701/7534/23279/6232/5713/91687/5985/140735/22919/6117/990/5714/8454/10726/9184/6119/5683/1026/4173/10926/9212/6118/7336/83695/5347/2810/11004/1783/5883/5515/7465/7532/11065/25906/11130/7979/119504/9133/116028/7533/4361/57405/79184/5983/5982/55166/51512/10403/5810/1454/1263/9134/332/5687/5905/23594/55055/55839/54820/79682/79019/9088/3364/898","TotalCell"
"R-HSA-9013106","RHOC GTPase cycle",34,0.203994671955256,0.847814421507115,0.703846153846154,1,0.935019112025875,379,"tags=15%, list=6%, signal=14%","114793/93663/9475/5295/4162","BRCA1_tumour"
"R-HSA-176407","Conversion from APC/C:Cdc20 to APC/C:Cdh1 in late anaphase",12,0.276957655611774,0.846190156561916,0.647058823529412,1,0.935019112025875,1299,"tags=42%, list=22%, signal=32%","27338/996/7324/51433/246184","BRCA1_tumour"
"R-HSA-5357801","Programmed Cell Death",92,-0.205167346505872,-0.845959867103917,0.738351254480287,1,0.935019112025875,1776,"tags=32%, list=30%, signal=22%","5714/4000/3659/3836/5683/92421/11140/2810/7532/7979/7533/148022/1499/10134/5534/207/5595/5687/57162/598/23604/3660/834/27113/7027/8428/79643/5366/1869","TotalCell"
"R-HSA-9856649","Transcriptional and post-translational regulation of MITF-M expression and activity",23,-0.270783546164247,-0.845244209578235,0.678622668579627,1,0.935019112025875,1370,"tags=57%, list=23%, signal=43%","5594/7965/7534/6195/7532/6662/7533/1499/7329/5595/6591/1906/3397","TotalCell"
"R-HSA-422356","Regulation of insulin secretion",17,0.24892294333132,0.84392173128815,0.685534591194969,1,0.935019112025875,149,"tags=12%, list=3%, signal=11%","2182/773","BRCA1_tumour"
"R-HSA-2151201","Transcriptional activation of mitochondrial biogenesis",27,-0.257574237156137,-0.842207488652178,0.663900414937759,1,0.935019112025875,1474,"tags=33%, list=25%, signal=25%","10498/3418/808/2746/8841/10499/6907/64784/6648","TotalCell"
"R-HSA-5626467","RHO GTPases activate IQGAPs",16,-0.290632662447341,-0.842012946363895,0.674521354933726,1,0.935019112025875,1213,"tags=38%, list=21%, signal=30%","808/1499/8826/60/998/5879","TotalCell"
"R-HSA-5656169","Termination of translesion DNA synthesis",21,-0.275022326511524,-0.84168417172639,0.67816091954023,1,0.935019112025875,1940,"tags=48%, list=33%, signal=32%","5985/6117/10714/6119/6118/9246/5983/5982/9768/5425","TotalCell"
"R-HSA-9013418","RHOBTB2 GTPase cycle",14,0.257180991911757,0.840555929662356,0.69047619047619,1,0.935019112025875,1747,"tags=50%, list=30%, signal=35%","124540/10576/1627/3320/5756/908/7919","BRCA1_tumour"
"R-HSA-1483206","Glycerophospholipid biosynthesis",44,-0.231623271464487,-0.84029508795708,0.709592641261498,1,0.935019112025875,1700,"tags=39%, list=29%, signal=28%","9489/79887/2820/114971/84649/10390/129642/171586/57153/126969/1459/10809/283871/200879/56994/5833/150763","TotalCell"
"R-HSA-109704","PI3K Cascade",10,-0.333641874922826,-0.840098786528688,0.6608,1,0.935019112025875,822,"tags=30%, list=14%, signal=26%","8660/57761/2260","TotalCell"
"R-HSA-176033","Interactions of Vpr with host cellular proteins",25,0.219279151507355,0.839893763404294,0.713793103448276,1,0.935019112025875,1464,"tags=36%, list=25%, signal=27%","57122/129401/23636/5903/79023/8021/8086/6396/55746","BRCA1_tumour"
"R-HSA-180910","Vpr-mediated nuclear import of PICs",25,0.219279151507355,0.839893763404294,0.713793103448276,1,0.935019112025875,1464,"tags=36%, list=25%, signal=27%","57122/129401/23636/5903/79023/8021/8086/6396/55746","BRCA1_tumour"
"R-HSA-5358565","Mismatch repair (MMR) directed by MSH2:MSH6 (MutSalpha)",10,-0.33331976774779,-0.839287731720468,0.6624,1,0.935019112025875,1804,"tags=50%, list=31%, signal=35%","6117/10714/6119/6118/5425","TotalCell"
"R-HSA-416572","Sema4D induced cell migration and growth-cone collapse",10,-0.333223760637342,-0.839045989112458,0.6624,1,0.935019112025875,356,"tags=40%, list=6%, signal=38%","387/3985/4627/10398","TotalCell"
"R-HSA-70326","Glucose metabolism",45,0.190120064040738,0.838091332051234,0.724137931034483,1,0.935019112025875,1464,"tags=38%, list=25%, signal=29%","5213/57122/5209/2542/5518/92579/129401/5214/23636/5519/5903/669/79023/8021/8086/6396/55746","BRCA1_tumour"
"R-HSA-69273","Cyclin A/B1/B2 associated events during G2/M transition",22,-0.271793267358275,-0.838089780306171,0.670520231213873,1,0.935019112025875,1445,"tags=36%, list=25%, signal=27%","5347/5515/7465/51451/9133/28227/994/9088","TotalCell"
"R-HSA-69239","Synthesis of DNA",73,-0.209520193184185,-0.837705478999219,0.730255164034022,1,0.935019112025875,2471,"tags=53%, list=42%, signal=31%","7316/5717/5685/5688/7321/9861/23595/6500/9978/5705/890/4171/5701/5713/5985/6117/990/5714/8454/10714/6119/5683/4173/6118/5558/11065/25906/7979/119504/5983/5982/6502/9134/5687/23594/81620/5425/84296/898","TotalCell"
"R-HSA-5654738","Signaling by FGFR2",41,0.191554165311704,0.837559723758694,0.723577235772358,1,0.935019112025875,978,"tags=27%, list=17%, signal=22%","6654/5295/5781/5431/5518/3178/2963/10818/5437/867/22916","BRCA1_tumour"
"R-HSA-112314","Neurotransmitter receptors and postsynaptic signal transmission",38,-0.236637665960838,-0.837212430246488,0.706666666666667,1,0.935019112025875,1490,"tags=34%, list=25%, signal=26%","6195/23229/5613/1175/8874/808/3265/8573/5595/10681/2783/51422/5879","TotalCell"
"R-HSA-9865881","Complex III assembly",17,0.246869102762052,0.836958609826502,0.707547169811321,1,0.935019112025875,4407,"tags=100%, list=75%, signal=25%","57128/23479/790955/7386/7388/1537/7384/9054/3313/2395/4519/29796/7385/84300/3954/10975/27089","BRCA1_tumour"
"R-HSA-75815","Ubiquitin-dependent degradation of Cyclin D",28,0.211495843889963,0.836587916444684,0.740213523131673,1,0.935019112025875,1287,"tags=32%, list=22%, signal=25%","1019/5692/5704/5689/5686/5684/595/5707/5690","BRCA1_tumour"
"R-HSA-1474165","Reproduction",33,-0.243653772460013,-0.836271265094128,0.70189701897019,1,0.935019112025875,1848,"tags=52%, list=32%, signal=35%","7013/54386/6117/4000/7022/6119/6118/84057/4361/7329/23353/7784/26277/2683/65057/25777/27127","TotalCell"
"R-HSA-9006115","Signaling by NTRK2 (TRKB)",11,0.286261743111353,0.834945574952398,0.665753424657534,1,0.935019112025875,764,"tags=36%, list=13%, signal=32%","6654/5295/5781/10818","BRCA1_tumour"
"R-HSA-69206","G1/S Transition",83,-0.203645356236907,-0.833298504936158,0.747318235995232,1,0.935019112025875,2471,"tags=52%, list=42%, signal=30%","7316/5717/5685/5688/1027/9861/23595/6500/5705/890/4171/55388/5701/5713/6241/6117/990/5714/8454/6119/5683/1026/4173/10926/6118/5515/7465/5558/7979/5928/6502/207/9134/5687/1874/7083/23594/81620/28227/7027/7298/898/1869","TotalCell"
"R-HSA-204998","Cell death signalling via NRAGE, NRIF and NADE",30,0.206203193826075,0.830942822202078,0.735714285714286,1,0.935019112025875,1256,"tags=33%, list=21%, signal=26%","10276/6654/10451/27018/23365/6453/128272/55851/10018/1894","BRCA1_tumour"
"R-HSA-4641262","Disassembly of the destruction complex and recruitment of AXIN to the membrane",14,-0.298493283617785,-0.829416992800343,0.660660660660661,1,0.935019112025875,128,"tags=43%, list=2%, signal=42%","1455/5515/1499/8321/857/23401","TotalCell"
"R-HSA-611105","Respiratory electron transport",105,-0.197776699010238,-0.828001170551625,0.783529411764706,1,0.935019112025875,2634,"tags=53%, list=45%, signal=30%","126328/51300/1340/4718/55969/1347/4706/10131/29796/116228/5018/7385/55967/25994/4540/91942/2108/25880/29090/90871/1345/4728/84300/3954/8402/4695/3052/4726/10975/100131801/90639/4707/119559/4191/25915/51204/4538/4537/10165/55863/27089/4712/137682/10063/1349/2806/4512/4514/84233/4694/4513/4714/4700/2805/55744/100303755","TotalCell"
"R-HSA-9634597","GPER1 signaling",10,-0.328489568249157,-0.827125455212366,0.6752,1,0.935019112025875,746,"tags=40%, list=13%, signal=35%","55970/2335/10681/2783","TotalCell"
"R-HSA-9683701","Translation of Structural Proteins",13,0.262226116343113,0.825715660975194,0.68299711815562,1,0.935019112025875,51,"tags=8%, list=1%, signal=8%","79668","BRCA1_tumour"
"R-HSA-74751","Insulin receptor signalling cascade",17,-0.2807345752149,-0.823781995912098,0.691520467836257,1,0.935019112025875,1019,"tags=29%, list=17%, signal=24%","3265/8660/5595/57761/2260","TotalCell"
"R-HSA-8863795","Downregulation of ERBB2 signaling",17,-0.280667697015366,-0.823585749843536,0.691520467836257,1,0.935019112025875,1809,"tags=41%, list=31%, signal=29%","26469/9101/11140/1956/207/5782/1839","TotalCell"
"R-HSA-159234","Transport of Mature mRNAs Derived from Intronless Transcripts",33,0.199875983156279,0.823085830800397,0.734848484848485,1,0.935019112025875,2403,"tags=70%, list=41%, signal=41%","57122/29894/129401/23636/22916/5903/53981/79023/8021/8086/6396/55746/4686/7175/8480/8189/10482/53371/81608/9818/4927/51692/55339","BRCA1_tumour"
"R-HSA-450282","MAPK targets/ Nuclear events mediated by MAP kinases",18,0.23552818475232,0.822206531601125,0.707006369426752,1,0.935019112025875,628,"tags=22%, list=11%, signal=20%","5602/51231/5518/466","BRCA1_tumour"
"R-HSA-5218921","VEGFR2 mediated cell proliferation",10,-0.325319405015244,-0.819143093026791,0.6816,1,0.935019112025875,1328,"tags=60%, list=23%, signal=46%","5170/4893/7422/808/3265/8877","TotalCell"
"R-HSA-69242","S Phase",98,-0.19689893363687,-0.815276784278723,0.793764988009592,1,0.935019112025875,2435,"tags=50%, list=42%, signal=30%","5717/5685/9126/5688/7321/1027/9861/23595/6500/9978/5705/890/4171/5701/5713/5985/6117/990/5714/8454/10714/6119/5683/1026/4173/6118/7465/5558/11065/25906/7979/119504/5928/113130/5983/5982/6502/207/9134/5687/1874/23594/81620/5425/7027/994/84296/898/1869","TotalCell"
"R-HSA-156590","Glutathione conjugation",14,-0.292888764083832,-0.813843832554988,0.68018018018018,1,0.935019112025875,2068,"tags=50%, list=35%, signal=32%","55748/373156/9446/2937/2948/79017/2730","TotalCell"
"R-HSA-5358351","Signaling by Hedgehog",58,0.179881133138205,0.813409709033975,0.791044776119403,1,0.935019112025875,1294,"tags=26%, list=22%, signal=20%","7846/55733/84790/5692/5704/91653/5689/5686/5684/7280/10376/5576/5707/5690/8405","BRCA1_tumour"
"R-HSA-110312","Translesion synthesis by REV1",13,-0.300130064959589,-0.812843925232356,0.691603053435115,1,0.935019112025875,2551,"tags=62%, list=44%, signal=35%","51455/7316/5985/6117/6119/6118/5983/5982","TotalCell"
"R-HSA-5655862","Translesion synthesis by POLK",13,-0.300130064959589,-0.812843925232356,0.691603053435115,1,0.935019112025875,2551,"tags=62%, list=44%, signal=35%","51455/7316/5985/6117/6119/6118/5983/5982","TotalCell"
"R-HSA-5656121","Translesion synthesis by POLI",13,-0.300130064959589,-0.812843925232356,0.691603053435115,1,0.935019112025875,2551,"tags=62%, list=44%, signal=35%","51455/7316/5985/6117/6119/6118/5983/5982","TotalCell"
"R-HSA-174084","Autodegradation of Cdh1 by Cdh1:APC/C",37,0.193666086310589,0.812544006018367,0.782258064516129,1,0.935019112025875,1299,"tags=32%, list=22%, signal=25%","27338/996/5692/5704/5689/5686/7324/5684/5707/51433/5690/246184","BRCA1_tumour"
"R-HSA-8856825","Cargo recognition for clathrin-mediated endocytosis",46,-0.220389913063119,-0.811602781677292,0.750320102432778,1,0.935019112025875,2111,"tags=43%, list=36%, signal=28%","29978/4738/374/2873/9341/6844/10980/9318/9146/409/1175/8301/6845/6455/1956/55707/22848/1212/1839/30011","TotalCell"
"R-HSA-9006335","Signaling by Erythropoietin",10,0.286158344857511,0.811575728969354,0.684350132625995,1,0.935019112025875,483,"tags=30%, list=8%, signal=28%","6654/5295/6776","BRCA1_tumour"
"R-HSA-9820965","Respiratory syncytial virus (RSV) genome replication, transcription and translation",14,-0.291996287677491,-0.811363927184519,0.681681681681682,1,0.935019112025875,769,"tags=57%, list=13%, signal=50%","90701/1460/5499/9789/23478/1459/60559/5045","TotalCell"
"R-HSA-9705462","Inactivation of CSF3 (G-CSF) signaling",14,-0.291549211212006,-0.810121645237468,0.683183183183183,1,0.935019112025875,790,"tags=21%, list=14%, signal=19%","6923/9021/4067","TotalCell"
"R-HSA-9930044","Nuclear RNA decay",25,0.211313282566127,0.809382501399486,0.758620689655172,1,0.935019112025875,1883,"tags=48%, list=32%, signal=33%","64848/196441/10179/54512/22916/10438/56915/84186/5393/4686/51010/23517","BRCA1_tumour"
"R-HSA-9770562","mRNA Polyadenylation",93,0.157205150452301,0.808854182697762,0.843373493975904,1,0.935019112025875,1290,"tags=24%, list=22%, signal=19%","6638/51639/23451/5431/29894/84991/22827/3178/2963/11338/83443/5437/22916/79869/53981/3188/55749/10978/5094/58517/1660/6635","BRCA1_tumour"
"R-HSA-429958","mRNA decay by 3' to 5' exoribonuclease",11,0.276928002094746,0.807721658564325,0.695890410958904,1,0.935019112025875,1944,"tags=64%, list=33%, signal=43%","10767/54512/115024/56915/5393/51010/28960","BRCA1_tumour"
"R-HSA-9013695","NOTCH4 Intracellular Domain Regulates Transcription",10,-0.320692879681497,-0.807493661073372,0.6992,1,0.935019112025875,48,"tags=20%, list=1%, signal=20%","3280/59","TotalCell"
"R-HSA-9665686","Signaling by ERBB2 TMD/JMD mutants",10,-0.320513559840943,-0.807042139871231,0.6992,1,0.935019112025875,1498,"tags=40%, list=26%, signal=30%","11140/3265/1956/1839","TotalCell"
"R-HSA-9918487","Dengue Virus Genome Translation and Replication",53,0.180463255158506,0.806859925736104,0.825688073394495,1,0.935019112025875,1296,"tags=26%, list=22%, signal=21%","7431/4666/54431/100128731/64225/3703/1974/1981/3312/3309/10313/689/81631/3069","BRCA1_tumour"
"R-HSA-5607764","CLEC7A (Dectin-1) signaling",57,-0.211389507550855,-0.80676139865014,0.761845386533666,1,0.935019112025875,2471,"tags=54%, list=42%, signal=32%","7316/5717/5685/5688/7321/9861/6885/6500/5705/5170/5701/5530/5713/5714/5336/8454/7322/4772/5683/7979/808/4790/997/4775/29108/5534/5687/9040/8517/5971/4792","TotalCell"
"R-HSA-174154","APC/C:Cdc20 mediated degradation of Securin",38,0.189504663000358,0.805671176215823,0.78968253968254,1,0.935019112025875,1299,"tags=32%, list=22%, signal=25%","27338/996/5692/5704/5689/5686/7324/5684/5707/51433/5690/246184","BRCA1_tumour"
"R-HSA-9629569","Protein hydroxylation",14,0.246442774084889,0.80545974078275,0.729166666666667,1,0.935019112025875,976,"tags=29%, list=17%, signal=24%","6228/55854/11338/6132","BRCA1_tumour"
"R-HSA-6811438","Intra-Golgi traffic",14,0.246428269531083,0.805412334912593,0.732142857142857,1,0.935019112025875,232,"tags=14%, list=4%, signal=14%","4124/9321","BRCA1_tumour"
"R-HSA-4551638","SUMOylation of chromatin organization proteins",38,0.189432426895807,0.805364067428118,0.78968253968254,1,0.935019112025875,1466,"tags=37%, list=25%, signal=28%","57122/3066/23468/129401/7703/23636/5903/79023/648/8021/8086/6396/55746/7341","BRCA1_tumour"
"R-HSA-4086398","Ca2+ pathway",22,-0.261103531501067,-0.805127380379284,0.729768786127168,1,0.935019112025875,2268,"tags=59%, list=39%, signal=36%","6885/55970/23112/5530/4772/7976/27327/808/1499/5534/8323/10681/2783","TotalCell"
"R-HSA-9668328","Sealing of the nuclear envelope (NE) by ESCRT-III",17,0.237056140376901,0.80368979139493,0.745283018867924,1,0.935019112025875,1267,"tags=35%, list=22%, signal=28%","7846/6683/84790/7280/10376/27243","BRCA1_tumour"
"R-HSA-9912633","Antigen processing: Ub, ATP-independent proteasomal degradation",13,-0.296552172980405,-0.803153900473226,0.705343511450382,1,0.935019112025875,1569,"tags=46%, list=27%, signal=34%","5683/5696/5720/5721/5687/5698","TotalCell"
"R-HSA-3769402","Deactivation of the beta-catenin transactivating complex",22,0.213809366162749,0.800519007062647,0.758064516129032,1,0.935019112025875,865,"tags=23%, list=15%, signal=19%","324/7091/208/84661/283149","BRCA1_tumour"
"R-HSA-9612973","Autophagy",79,0.162656496635867,0.800295921914665,0.855421686746988,1,0.935019112025875,1373,"tags=30%, list=23%, signal=24%","7846/139341/7431/5116/472/93343/84790/55669/28956/60673/3312/51160/1915/115201/8678/7280/3320/10376/81631/9868/84938/27243/4077/64419","BRCA1_tumour"
"R-HSA-159230","Transport of the SLBP Dependant Mature mRNA",26,0.20767986584338,0.799080811850152,0.75886524822695,1,0.935019112025875,2128,"tags=58%, list=36%, signal=37%","57122/129401/23636/22916/5903/79023/8021/8086/6396/55746/4686/7175/8480/10482/53371","BRCA1_tumour"
"R-HSA-69183","Processive synthesis on the lagging strand",10,-0.316917521139231,-0.79798743787881,0.7072,1,0.935019112025875,1804,"tags=60%, list=31%, signal=42%","6117/10714/6119/6118/5558/5425","TotalCell"
"R-HSA-9006936","Signaling by TGFB family members",79,-0.196368823109258,-0.797072382476649,0.793062200956938,1,0.935019112025875,1282,"tags=23%, list=22%, signal=18%","3070/7050/27327/23645/4323/50848/3726/23327/5595/1874/9040/7077/5045/3693/7027/50855/7076/11167","TotalCell"
"R-HSA-167169","HIV Transcription Elongation",28,0.201439440477508,0.796809046926421,0.782918149466192,1,0.935019112025875,1326,"tags=32%, list=23%, signal=25%","902/5431/4331/2963/404672/5437/22916/1022/6827","BRCA1_tumour"
"R-HSA-167200","Formation of HIV-1 elongation complex containing HIV-1 Tat",28,0.201439440477508,0.796809046926421,0.782918149466192,1,0.935019112025875,1326,"tags=32%, list=23%, signal=25%","902/5431/4331/2963/404672/5437/22916/1022/6827","BRCA1_tumour"
"R-HSA-167246","Tat-mediated elongation of the HIV-1 transcript",28,0.201439440477508,0.796809046926421,0.782918149466192,1,0.935019112025875,1326,"tags=32%, list=23%, signal=25%","902/5431/4331/2963/404672/5437/22916/1022/6827","BRCA1_tumour"
"R-HSA-1632852","Macroautophagy",70,0.167797246254251,0.796512746005146,0.839779005524862,1,0.935019112025875,1373,"tags=30%, list=23%, signal=23%","7846/139341/7431/5116/472/84790/55669/28956/60673/3312/115201/8678/7280/3320/10376/81631/9868/84938/27243/4077/64419","BRCA1_tumour"
"R-HSA-9679506","SARS-CoV Infections",231,-0.173667589881092,-0.795338275544067,0.883422459893048,1,0.935019112025875,667,"tags=12%, list=11%, signal=11%","56965/29760/2908/3107/598/5478/8517/3654/5045/834/9672/481/567/3133/51065/6385/79643/3106/3339/4792/2817/3105/857/30011/8819/10082/64127/3134","TotalCell"
"R-HSA-1834949","Cytosolic sensors of pathogen-associated DNA",34,-0.229560096124005,-0.794241202973987,0.750673854447439,1,0.935019112025875,1331,"tags=26%, list=23%, signal=21%","661/4361/4790/148022/1499/81844/5441/8517/4792","TotalCell"
"R-HSA-948021","Transport to the Golgi and subsequent modification",76,0.164397729746274,0.792894080598007,0.903614457831325,1,0.935019112025875,1235,"tags=28%, list=21%, signal=22%","7846/51399/4124/372/22870/84790/10945/51014/10113/8615/11316/10972/10540/1315/2804/7280/375056/10376/9276/6709/55860","BRCA1_tumour"
"R-HSA-381070","IRE1alpha activates chaperones",31,0.196223080860077,0.79263827645932,0.798561151079137,1,0.935019112025875,1434,"tags=29%, list=25%, signal=22%","6734/10130/10113/10106/3309/2135/27230/37/6745","BRCA1_tumour"
"R-HSA-191273","Cholesterol biosynthesis",19,-0.264268891683157,-0.792275084827065,0.73546511627907,1,0.935019112025875,1878,"tags=47%, list=32%, signal=32%","51478/6720/6721/1717/1718/50814/10682/4597/6307","TotalCell"
"R-HSA-1650814","Collagen biosynthesis and modifying enzymes",13,0.251317272046192,0.79136514049797,0.737752161383285,1,0.935019112025875,1203,"tags=31%, list=21%, signal=24%","80781/1295/1298/85301","BRCA1_tumour"
"R-HSA-9764561","Regulation of CDH1 Function",42,-0.219978420047279,-0.790876122962283,0.771653543307087,1,0.935019112025875,2574,"tags=55%, list=44%, signal=31%","7414/2060/7316/5717/5685/5688/1500/9861/5705/5701/1495/5713/5714/5683/7979/1499/60/3728/5687/1785/1508/72/59","TotalCell"
"R-HSA-165054","Rev-mediated nuclear export of HIV RNA",23,0.208188726764944,0.78895410833455,0.773770491803279,1,0.935019112025875,1464,"tags=39%, list=25%, signal=29%","57122/129401/23636/5903/79023/8021/8086/6396/55746","BRCA1_tumour"
"R-HSA-75105","Fatty acyl-CoA biosynthesis",17,0.232362697906286,0.787777645883175,0.767295597484277,1,0.935019112025875,514,"tags=18%, list=9%, signal=16%","2182/6785/47","BRCA1_tumour"
"R-HSA-175474","Assembly Of The HIV Virion",11,-0.302773248801608,-0.786698491323731,0.712715855572998,1,0.935019112025875,1396,"tags=45%, list=24%, signal=35%","51271/9397/137492/5478/5045","TotalCell"
"R-HSA-9634815","Transcriptional Regulation by NPAS4",15,-0.276196292762885,-0.786161120522027,0.729013254786451,1,0.935019112025875,2147,"tags=53%, list=37%, signal=34%","10135/5594/23112/1020/2353/27327/5595/2908","TotalCell"
"R-HSA-167152","Formation of HIV elongation complex in the absence of HIV Tat",29,0.196207496801192,0.78530559189031,0.782608695652174,1,0.935019112025875,1326,"tags=31%, list=23%, signal=24%","902/5431/4331/2963/404672/5437/22916/1022/6827","BRCA1_tumour"
"R-HSA-9013424","RHOV GTPase cycle",23,-0.251136988381409,-0.783917960478834,0.761836441893831,1,0.935019112025875,1301,"tags=30%, list=22%, signal=24%","8874/4690/8826/998/5058/50855/171177","TotalCell"
"R-HSA-8878171","Transcriptional regulation by RUNX1",83,-0.191399418865281,-0.783189229223304,0.828367103694875,1,0.935019112025875,808,"tags=13%, list=14%, signal=12%","9070/5687/1459/1515/3958/865/9021/1912/10398/84333/161882","TotalCell"
"R-HSA-3214815","HDACs deacetylate histones",19,-0.260502156771835,-0.78098245707061,0.748546511627907,1,0.935019112025875,1241,"tags=26%, list=21%, signal=21%","25855/5928/8841/6907/8819","TotalCell"
"R-HSA-141424","Amplification of signal from the kinetochores",57,-0.203447109080805,-0.77644948500517,0.814214463840399,1,0.935019112025875,2028,"tags=40%, list=35%, signal=27%","23279/6232/91687/140735/22919/10726/9184/9212/5347/11004/1783/5515/11130/57405/55166/10403/332/5905/55055/55839/54820/79682/79019","TotalCell"
"R-HSA-141444","Amplification  of signal from unattached  kinetochores via a MAD2  inhibitory signal",57,-0.203447109080805,-0.77644948500517,0.814214463840399,1,0.935019112025875,2028,"tags=40%, list=35%, signal=27%","23279/6232/91687/140735/22919/10726/9184/9212/5347/11004/1783/5515/11130/57405/55166/10403/332/5905/55055/55839/54820/79682/79019","TotalCell"
"R-HSA-74158","RNA Polymerase III Transcription",28,0.196260960523187,0.776325175112896,0.825622775800712,1,0.935019112025875,1223,"tags=29%, list=21%, signal=23%","4784/51082/4774/10622/9330/5437/6741/2971","BRCA1_tumour"
"R-HSA-749476","RNA Polymerase III Abortive And Retractive Initiation",28,0.196260960523187,0.776325175112896,0.825622775800712,1,0.935019112025875,1223,"tags=29%, list=21%, signal=23%","4784/51082/4774/10622/9330/5437/6741/2971","BRCA1_tumour"
"R-HSA-9013406","RHOQ GTPase cycle",28,-0.235867905204034,-0.775178477113197,0.755894590846047,1,0.935019112025875,1561,"tags=54%, list=27%, signal=39%","9497/9322/2040/6510/9341/200894/55004/23229/8874/8826/3728/998/5058/11135/857","TotalCell"
"R-HSA-5673000","RAF activation",19,-0.258408718590963,-0.774706353584625,0.761627906976744,1,0.935019112025875,1387,"tags=32%, list=24%, signal=24%","5515/808/22808/3265/5604/5605","TotalCell"
"R-HSA-9748787","Azathioprine ADME",13,-0.285918470019476,-0.774354583564805,0.748091603053435,1,0.935019112025875,1423,"tags=38%, list=24%, signal=29%","2030/55270/10257/7172/5879","TotalCell"
"R-HSA-176408","Regulation of APC/C activators between G1/S and early anaphase",46,0.174780943748757,0.772328746051093,0.828054298642534,1,0.935019112025875,4571,"tags=98%, list=78%, signal=22%","27338/996/5692/5704/5689/5686/7324/5684/5707/51433/5690/246184/51434/7311/5708/6233/1017/5718/26271/5700/11047/991/8881/4085/5702/7316/5717/5685/5688/7321/9861/6500/5705/890/5701/5713/5714/8454/9184/5683/5347/11065/25906/7979/119504","BRCA1_tumour"
"R-HSA-5358606","Mismatch repair (MMR) directed by MSH2:MSH3 (MutSbeta)",10,-0.305657165769224,-0.76963424964543,0.7376,1,0.935019112025875,1804,"tags=50%, list=31%, signal=35%","6117/10714/6119/6118/5425","TotalCell"
"R-HSA-2644602","Signaling by NOTCH1 PEST Domain Mutants in Cancer",32,0.186859241773903,0.769418602541034,0.80952380952381,1,0.935019112025875,372,"tags=9%, list=6%, signal=9%","23462/23493/3066","BRCA1_tumour"
"R-HSA-2644603","Signaling by NOTCH1 in Cancer",32,0.186859241773903,0.769418602541034,0.80952380952381,1,0.935019112025875,372,"tags=9%, list=6%, signal=9%","23462/23493/3066","BRCA1_tumour"
"R-HSA-2644606","Constitutive Signaling by NOTCH1 PEST Domain Mutants",32,0.186859241773903,0.769418602541034,0.80952380952381,1,0.935019112025875,372,"tags=9%, list=6%, signal=9%","23462/23493/3066","BRCA1_tumour"
"R-HSA-2894858","Signaling by NOTCH1 HD+PEST Domain Mutants in Cancer",32,0.186859241773903,0.769418602541034,0.80952380952381,1,0.935019112025875,372,"tags=9%, list=6%, signal=9%","23462/23493/3066","BRCA1_tumour"
"R-HSA-2894862","Constitutive Signaling by NOTCH1 HD+PEST Domain Mutants",32,0.186859241773903,0.769418602541034,0.80952380952381,1,0.935019112025875,372,"tags=9%, list=6%, signal=9%","23462/23493/3066","BRCA1_tumour"
"R-HSA-169911","Regulation of Apoptosis",29,0.192189087229297,0.769222213024763,0.815217391304348,1,0.935019112025875,1287,"tags=31%, list=22%, signal=24%","5692/5062/5704/5689/5686/5684/4976/5707/5690","BRCA1_tumour"
"R-HSA-1257604","PIP3 activates AKT signaling",119,-0.180245752764211,-0.766251691818294,0.875428571428571,1,0.935019112025875,1387,"tags=24%, list=24%, signal=19%","5515/253260/7979/23608/5928/27327/64223/8535/1956/8841/207/2146/6009/8660/5595/5687/1958/1459/4915/6446/3654/57761/6591/1912/1839/5728/5879/3556/2260","TotalCell"
"R-HSA-9022692","Regulation of MECP2 expression and activity",18,-0.258355704698654,-0.766182049523475,0.770348837209302,1,0.935019112025875,1762,"tags=44%, list=30%, signal=31%","23112/25942/9212/4204/27327/808/8841/6907","TotalCell"
"R-HSA-9694548","Maturation of spike protein",22,0.204611140271152,0.766080129151777,0.790322580645161,1,0.935019112025875,787,"tags=18%, list=13%, signal=16%","4124/100128731/3703/27090","BRCA1_tumour"
"R-HSA-179409","APC-Cdc20 mediated degradation of Nek2A",18,0.218771448181194,0.763710355138902,0.786624203821656,1,0.935019112025875,4571,"tags=100%, list=78%, signal=22%","27338/996/7324/51433/246184/51434/7311/6233/991/8881/4085/7316/4751/7321/9184/11065/25906/119504","BRCA1_tumour"
"R-HSA-9609507","Protein localization",90,0.149174536254995,0.762728179070455,0.880503144654088,1,0.935019112025875,693,"tags=16%, list=12%, signal=14%","10455/3329/506/8504/8540/10531/224/5191/3295/1431/3417/26061/5264/10952","BRCA1_tumour"
"R-HSA-2262752","Cellular responses to stress",421,0.12103137958485,0.761287679538452,1,1,0.935019112025875,1449,"tags=29%, list=25%, signal=23%","2878/7846/493869/22809/3306/6158/23043/6228/6734/6193/5602/6217/6231/6130/3329/57122/25842/7296/6205/6203/23521/472/6165/6171/6230/6152/6144/1019/5580/3336/27338/6141/6774/3417/6161/996/6208/6647/208/84790/6142/5692/26043/6128/6229/6206/6201/10130/200916/10113/5704/129401/28956/645/10106/545/5689/6155/3312/9550/5686/1915/10540/23636/7324/3309/8648/1410/2135/6147/54512/5684/6132/5052/10808/7280/5903/6223/9529/79813/6222/4193/2289/167227/3320/1029/56915/79023/10376/648/6154/51382/10587/81631/79718/10728/55860/8021/5707/27230/51433/9349/84335/5690/246184/37/7001/6143/1350/6125/6133/3091/7266/8086/6204/6745/7029/6396/8453/8204","BRCA1_tumour"
"R-HSA-9603798","Class I peroxisomal membrane protein import",14,0.232847920658049,0.761027084326001,0.791666666666667,1,0.935019112025875,332,"tags=14%, list=6%, signal=14%","8504/224","BRCA1_tumour"
"R-HSA-1980143","Signaling by NOTCH1",39,0.176841100501911,0.758432535768589,0.847058823529412,1,0.935019112025875,372,"tags=10%, list=6%, signal=10%","23462/7091/23493/3066","BRCA1_tumour"
"R-HSA-176814","Activation of APC/C and APC/C:Cdc20 mediated degradation of mitotic proteins",43,0.172522890759111,0.757907353030707,0.845833333333333,1,0.935019112025875,4571,"tags=98%, list=78%, signal=21%","27338/996/5692/5704/5689/5686/7324/5684/5707/51433/5690/246184/51434/7311/5708/6233/5718/5700/11047/991/8881/4085/5702/7316/5717/5685/4751/5688/7321/9861/5705/890/5701/5713/5714/9184/5683/5347/11065/25906/7979/119504","BRCA1_tumour"
"R-HSA-2980766","Nuclear Envelope Breakdown",31,0.187446259673259,0.757184524597824,0.827338129496403,1,0.935019112025875,4756,"tags=100%, list=81%, signal=19%","57122/23592/129401/23636/5903/79023/8021/8086/6396/55746/7175/8480/8815/53371/9818/4927/9972/140609/79902/7443/7444/23279/55706/9631/4000/2010/221496/5347/10762/9133/9688","BRCA1_tumour"
"R-HSA-9909396","Circadian clock",61,-0.194395298884994,-0.756311472493476,0.826993865030675,1,0.935019112025875,2503,"tags=52%, list=43%, signal=30%","1460/1453/7316/26224/5717/5685/5499/5688/7321/9861/6500/9978/5705/10135/5701/1020/5713/6720/5714/8454/5683/10498/7979/8841/1454/10499/6907/5687/1459/64784/6095/79365","TotalCell"
"R-HSA-6811436","COPI-independent Golgi-to-ER retrograde traffic",26,0.196198121195886,0.754903000981884,0.836879432624113,1,0.935019112025875,1235,"tags=27%, list=21%, signal=21%","7846/84790/5050/10540/7280/10376/55860","BRCA1_tumour"
"R-HSA-1483249","Inositol phosphate metabolism",10,-0.298500412317379,-0.751613790157932,0.7552,1,0.935019112025875,1213,"tags=50%, list=21%, signal=40%","5336/808/9562/3613/5728","TotalCell"
"R-HSA-69656","Cyclin A:Cdk2-associated events at S phase entry",52,-0.19930704876847,-0.749647248868925,0.848214285714286,1,0.935019112025875,2471,"tags=52%, list=42%, signal=30%","7316/5717/5685/5688/1027/9861/6500/5705/890/5701/5713/5714/8454/5683/1026/7465/7979/5928/6502/207/9134/5687/1874/7027/994/898/1869","TotalCell"
"R-HSA-1222556","ROS and RNS production in phagocytes",13,-0.276774522461627,-0.749589979505424,0.774045801526718,1,0.935019112025875,1117,"tags=31%, list=19%, signal=25%","528/90423/529/526","TotalCell"
"R-HSA-176409","APC/C:Cdc20 mediated degradation of mitotic proteins",42,0.170992546619717,0.74935565016908,0.866666666666667,1,0.935019112025875,4571,"tags=98%, list=78%, signal=21%","27338/996/5692/5704/5689/5686/7324/5684/5707/51433/5690/246184/51434/7311/5708/6233/5718/5700/11047/991/8881/4085/5702/7316/5717/5685/4751/5688/7321/9861/5705/890/5701/5713/5714/9184/5683/11065/25906/7979/119504","BRCA1_tumour"
"R-HSA-179419","APC:Cdc20 mediated degradation of cell cycle proteins prior to satisfation of the cell cycle checkpoint",42,0.170992546619717,0.74935565016908,0.866666666666667,1,0.935019112025875,4571,"tags=98%, list=78%, signal=21%","27338/996/5692/5704/5689/5686/7324/5684/5707/51433/5690/246184/51434/7311/5708/6233/5718/5700/11047/991/8881/4085/5702/7316/5717/5685/4751/5688/7321/9861/5705/890/5701/5713/5714/9184/5683/11065/25906/7979/119504","BRCA1_tumour"
"R-HSA-9694516","SARS-CoV-2 Infection",169,-0.168875504116248,-0.747016573065016,0.920617420066152,1,0.935019112025875,717,"tags=12%, list=12%, signal=11%","51125/56965/3107/8517/3654/5045/9672/567/3133/51065/6385/79643/3106/3339/2817/3105/857/10082/64127/3134","TotalCell"
"R-HSA-73933","Resolution of Abasic Sites (AP sites)",24,-0.235459893820253,-0.746418165069011,0.796610169491525,1,0.935019112025875,1940,"tags=38%, list=33%, signal=25%","5985/6117/10714/6119/4350/6118/5983/5982/5425","TotalCell"
"R-HSA-176412","Phosphorylation of the APC/C",12,0.244251400815342,0.746262567250064,0.76750700280112,1,0.935019112025875,1299,"tags=42%, list=22%, signal=32%","27338/996/7324/51433/246184","BRCA1_tumour"
"R-HSA-6804758","Regulation of TP53 Activity through Acetylation",15,-0.262082800506586,-0.745988680929523,0.77319587628866,1,0.935019112025875,1219,"tags=27%, list=21%, signal=21%","5928/207/3622/29117","TotalCell"
"R-HSA-418346","Platelet homeostasis",20,-0.244939877416694,-0.745926042579501,0.802877697841727,1,0.935019112025875,1566,"tags=30%, list=27%, signal=22%","84876/5515/808/10681/2783/3779","TotalCell"
"R-HSA-901042","Calnexin/calreticulin cycle",18,-0.251201098146877,-0.74496428265524,0.786337209302326,1,0.935019112025875,4383,"tags=94%, list=75%, signal=24%","7311/56886/55741/10956/6233/6400/80267/9695/821/11253/51009/11236/7316/91445/2923/55757/267","TotalCell"
"R-HSA-5693607","Processing of DNA double-strand break ends",37,-0.209891254119254,-0.744435101641772,0.818302387267904,1,0.935019112025875,1940,"tags=43%, list=33%, signal=29%","5985/54962/6117/6119/6118/7336/83695/5883/116028/4361/7329/79184/5983/5982/5810/3364","TotalCell"
"R-HSA-9845323","Regulation of endogenous retroelements by Piwi-interacting RNAs (piRNAs)",21,0.203229637331303,0.744417637542972,0.797385620915033,1,0.935019112025875,1272,"tags=33%, list=22%, signal=26%","3066/1788/86/5977/57459/1108/6601","BRCA1_tumour"
"R-HSA-174184","Cdc20:Phospho-APC/C mediated degradation of Cyclin A",41,0.170077304709736,0.743653368844838,0.861788617886179,1,0.935019112025875,4571,"tags=98%, list=78%, signal=21%","27338/996/5692/5704/5689/5686/7324/5684/5707/51433/5690/246184/51434/7311/5708/6233/5718/5700/11047/991/8881/4085/5702/7316/5717/5685/5688/7321/9861/5705/890/5701/5713/5714/9184/5683/11065/25906/7979/119504","BRCA1_tumour"
"R-HSA-5663220","RHO GTPases Activate Formins",74,-0.185185731893841,-0.742610010626098,0.867557715674362,1,0.935019112025875,1657,"tags=32%, list=28%, signal=24%","387/10726/9184/29984/1729/9212/5347/11004/1783/5515/11130/57405/55166/60/10403/332/998/5905/55055/55839/54820/79682/79019/5879","TotalCell"
"R-HSA-532668","N-glycan trimming in the ER and Calnexin/Calreticulin cycle",25,0.193184391531148,0.739944333598093,0.827586206896552,1,0.935019112025875,3585,"tags=96%, list=61%, signal=37%","51035/10206/7311/56886/55741/5887/10956/6233/9761/55768/6400/80267/9695/821/11253/5700/51009/11236/7841/79139/7316/91445/2923/55757","BRCA1_tumour"
"R-HSA-8873719","RAB geranylgeranylation",26,0.192216540144003,0.739583244266589,0.851063829787234,1,0.935019112025875,632,"tags=19%, list=11%, signal=17%","10890/10981/376267/1122/5869","BRCA1_tumour"
"R-HSA-5619102","SLC transporter disorders",39,0.172418236370224,0.739463845519349,0.862745098039216,1,0.935019112025875,1490,"tags=36%, list=25%, signal=27%","30061/6566/57122/6520/129401/23636/5903/79023/8021/9197/8086/6396/55746/4891","BRCA1_tumour"
"R-HSA-174048","APC/C:Cdc20 mediated degradation of Cyclin B",15,0.225795211035296,0.7389892776252,0.820433436532508,1,0.935019112025875,1762,"tags=47%, list=30%, signal=33%","27338/996/7324/51433/246184/51434/7311","BRCA1_tumour"
"R-HSA-9933939","Formation of the polybromo-BAF (pBAF) complex",15,-0.259595222288127,-0.738908074379567,0.782032400589102,1,0.935019112025875,1692,"tags=33%, list=29%, signal=24%","6597/9275/9274/60/29117","TotalCell"
"R-HSA-8953750","Transcriptional Regulation by E2F6",22,-0.239008644527559,-0.736996557458248,0.826589595375723,1,0.935019112025875,887,"tags=23%, list=15%, signal=19%","5928/2146/84108/7027/1869","TotalCell"
"R-HSA-5654736","Signaling by FGFR1",21,0.201162048992581,0.736844188873112,0.803921568627451,1,0.935019112025875,1328,"tags=38%, list=23%, signal=30%","6654/5295/5781/5518/10818/867/5290/673","BRCA1_tumour"
"R-HSA-8943724","Regulation of PTEN gene transcription",36,-0.21010386128406,-0.736104011182815,0.82972972972973,1,0.935019112025875,1219,"tags=28%, list=21%, signal=22%","5928/64223/8535/8841/2146/6009/5595/1958/6591/1912","TotalCell"
"R-HSA-193704","p75 NTR receptor-mediated signalling",41,-0.205868022820124,-0.736025968414251,0.846560846560847,1,0.935019112025875,1657,"tags=32%, list=28%, signal=23%","387/9181/23229/8874/4790/445328/6868/11214/8841/835/3654/4792/5879","TotalCell"
"R-HSA-4570464","SUMOylation of RNA binding proteins",32,0.17873571426798,0.735968861859362,0.846153846153846,1,0.935019112025875,1906,"tags=50%, list=33%, signal=34%","57122/129401/7703/23636/5903/79023/648/8021/8086/6396/55746/7341/51602/7175/80012/8480","BRCA1_tumour"
"R-HSA-212436","Generic Transcription Pathway",448,-0.153665218278343,-0.734372059591624,0.971544715447154,1,0.935019112025875,1339,"tags=22%, list=23%, signal=18%","253260/7422/11065/25906/4204/1349/7979/119504/6662/116028/7050/4512/5928/7533/27327/808/4361/4790/3280/4514/64223/1499/7329/864/7936/665/10419/5983/4513/8535/23019/3726/5982/896/5432/59269/1956/8841/6502/207/2146/5810/1263/23327/6009/9134/5595/6881/6907/9070/6696/55215/2539/6923/332/114907/5687/1459/1874/835/4929/84108/1515/3958/5441/6446/2908/3654/7004/5045/834/4605/10397/27113/1647/7027/3622/865/1051/51422/9021/29117/1912/6095/10398/5366/84333/3364/6648/5728/898/54541/857/1869/7832/163732/161882","TotalCell"
"R-HSA-195721","Signaling by WNT",115,-0.173713181650514,-0.734111429586657,0.905923344947735,1,0.935019112025875,2113,"tags=40%, list=36%, signal=26%","8324/55970/5701/23112/23002/7534/56998/5530/80351/5713/9757/5714/8454/6597/9101/4772/387/1455/5683/409/7976/5515/1175/7979/6662/27327/808/1499/864/5534/207/1454/8323/9070/5687/1459/10681/8321/7090/2783/1212/50855/6422/5879/857/23401","TotalCell"
"R-HSA-349425","Autodegradation of the E3 ubiquitin ligase COP1",28,0.185550045677712,0.733957335778642,0.857651245551601,1,0.935019112025875,1287,"tags=29%, list=22%, signal=22%","472/5692/5704/5689/5686/5684/5707/5690","BRCA1_tumour"
"R-HSA-2559582","Senescence-Associated Secretory Phenotype (SASP)",34,-0.211937582974337,-0.733270127078216,0.827493261455526,1,0.935019112025875,1640,"tags=32%, list=28%, signal=23%","6195/1026/11065/25906/119504/4790/5595/1032/1031/1051/3490","TotalCell"
"R-HSA-5693567","HDR through Homologous Recombination (HRR) or Single Strand Annealing (SSA)",48,-0.196903129777644,-0.731111033360046,0.85180412371134,1,0.935019112025875,1603,"tags=44%, list=27%, signal=32%","2067/5985/54962/6117/10714/6119/6118/7336/83695/5883/7979/116028/4361/7329/79184/5983/5982/5810/23514/5425/3364","TotalCell"
"R-HSA-3899300","SUMOylation of transcription cofactors",26,-0.225716071164481,-0.730664591945292,0.805555555555556,1,0.935019112025875,1294,"tags=23%, list=22%, signal=18%","8554/7329/8535/10499/3622/1912","TotalCell"
"R-HSA-110313","Translesion synthesis by Y family DNA polymerases bypasses lesions on DNA template",27,-0.223095511395268,-0.729470122696645,0.80359612724758,1,0.935019112025875,1940,"tags=41%, list=33%, signal=27%","5985/6117/10714/6119/6118/55666/9246/5983/5982/9768/5425","TotalCell"
"R-HSA-4655427","SUMOylation of DNA methylation proteins",11,-0.280527237898003,-0.728896478480433,0.792778649921507,1,0.935019112025875,1120,"tags=27%, list=19%, signal=22%","7329/8535/1912","TotalCell"
"R-HSA-9615710","Late endosomal microautophagy",21,0.198858998829376,0.728408258050478,0.810457516339869,1,0.935019112025875,864,"tags=24%, list=15%, signal=20%","7431/5116/93343/3312/51160","BRCA1_tumour"
"R-HSA-5633007","Regulation of TP53 Activity",83,-0.177975496979648,-0.728259746693565,0.887961859356377,1,0.935019112025875,1481,"tags=28%, list=25%, signal=21%","9212/6118/83695/5883/5515/253260/116028/5928/4361/64223/10419/5983/5982/207/5810/1263/6881/1459/6446/3622/51422/29117/3364","TotalCell"
"R-HSA-9615017","FOXO-mediated transcription of oxidative stress, metabolic and neuronal genes",10,-0.28920665567077,-0.728212429993188,0.7776,1,0.935019112025875,782,"tags=60%, list=13%, signal=52%","6720/25942/4087/114907/2908/6648","TotalCell"
"R-HSA-9674555","Signaling by CSF3 (G-CSF)",16,-0.251173863170304,-0.727693999692652,0.793814432989691,1,0.935019112025875,790,"tags=19%, list=14%, signal=16%","6923/9021/4067","TotalCell"
"R-HSA-901032","ER Quality Control Compartment (ERQC)",16,-0.251114922813036,-0.72752323931264,0.793814432989691,1,0.935019112025875,4383,"tags=100%, list=75%, signal=25%","7311/56886/55741/10956/6233/6400/80267/9695/11253/51009/11236/7316/91445/55757/267","TotalCell"
"R-HSA-1592230","Mitochondrial biogenesis",47,-0.196532990770477,-0.726453064372392,0.855297157622739,1,0.935019112025875,1474,"tags=32%, list=25%, signal=24%","2553/79135/10498/3418/9551/808/2746/84303/521/8841/10499/6907/64784/51422/6648","TotalCell"
"R-HSA-9008059","Interleukin-37 signaling",10,-0.287679637102903,-0.724367449664599,0.7856,1,0.935019112025875,470,"tags=50%, list=8%, signal=46%","5784/5771/26469/834/5782","TotalCell"
"R-HSA-1362409","Mitochondrial iron-sulfur cluster biogenesis",10,-0.28766293174555,-0.724325386148308,0.7856,1,0.935019112025875,779,"tags=20%, list=13%, signal=17%","51218/112812","TotalCell"
"R-HSA-70171","Glycolysis",42,0.165226794672371,0.724087889178152,0.891666666666667,1,0.935019112025875,1464,"tags=36%, list=25%, signal=27%","5213/57122/5209/5518/129401/5214/23636/5519/5903/669/79023/8021/8086/6396/55746","BRCA1_tumour"
"R-HSA-6814122","Cooperation of PDCL (PhLP1) and TRiC/CCT in G-protein beta folding",12,-0.271385707818839,-0.721937804793871,0.807751937984496,1,0.935019112025875,769,"tags=25%, list=13%, signal=22%","1459/10681/2783","TotalCell"
"R-HSA-9725371","Nuclear events stimulated by ALK signaling in cancer",17,-0.245503207149403,-0.720399764915107,0.817251461988304,1,0.935019112025875,2249,"tags=59%, list=38%, signal=36%","1786/6500/9978/5594/2305/8454/4204/3726/5595/1051","TotalCell"
"R-HSA-381038","XBP1(S) activates chaperone genes",29,0.179958743034313,0.720271190033037,0.880434782608696,1,0.935019112025875,1434,"tags=28%, list=25%, signal=21%","6734/10130/10113/10106/2135/27230/37/6745","BRCA1_tumour"
"R-HSA-5674400","Constitutive Signaling by AKT1 E17K in Cancer",12,-0.270723888456317,-0.720177238912972,0.812403100775194,1,0.935019112025875,2339,"tags=67%, list=40%, signal=40%","1027/5170/3164/6199/1026/253260/64223/207","TotalCell"
"R-HSA-2995410","Nuclear Envelope (NE) Reassembly",49,0.16320525055707,0.719789649870851,0.904545454545455,1,0.935019112025875,1466,"tags=33%, list=25%, signal=25%","7846/57122/6683/23592/84790/5518/129401/23636/25909/7280/79023/10376/27243/6396/55746/7341","BRCA1_tumour"
"R-HSA-8866652","Synthesis of active ubiquitin: roles of E1 and E2 enzymes",25,0.187768424669301,0.719199831629708,0.841379310344828,1,0.935019112025875,4753,"tags=100%, list=81%, signal=19%","27338/10477/7324/7347/55236/3093/7311/7328/8239/6233/7327/92912/7874/7326/7316/7321/7317/54926/7319/7322/7320/90268/11065/997/55284","BRCA1_tumour"
"R-HSA-168928","DDX58/IFIH1-mediated induction of interferon-alpha/beta",40,-0.199932236855537,-0.717778188202285,0.867105263157895,1,0.935019112025875,562,"tags=10%, list=10%, signal=9%","8517/55593/4792/6288","TotalCell"
"R-HSA-203927","MicroRNA (miRNA) biogenesis",19,0.201312144108414,0.717404102764738,0.834394904458599,1,0.935019112025875,1351,"tags=32%, list=23%, signal=24%","5431/144233/8575/5437/6895/23405","BRCA1_tumour"
"R-HSA-70268","Pyruvate metabolism",23,-0.229778464708913,-0.717247851770062,0.835007173601148,1,0.935019112025875,4509,"tags=100%, list=77%, signal=23%","2954/1737/7311/3945/25874/6233/5162/4200/5165/5160/2739/64795/51660/64777/7316/25852/1738/7416/3939/3029/5315/10048","TotalCell"
"R-HSA-167161","HIV Transcription Initiation",28,0.1812936201358,0.717120720410148,0.879003558718861,1,0.935019112025875,882,"tags=21%, list=15%, signal=18%","902/5431/4331/2963/404672/5437","BRCA1_tumour"
"R-HSA-167162","RNA Polymerase II HIV Promoter Escape",28,0.1812936201358,0.717120720410148,0.879003558718861,1,0.935019112025875,882,"tags=21%, list=15%, signal=18%","902/5431/4331/2963/404672/5437","BRCA1_tumour"
"R-HSA-73776","RNA Polymerase II Promoter Escape",28,0.1812936201358,0.717120720410148,0.879003558718861,1,0.935019112025875,882,"tags=21%, list=15%, signal=18%","902/5431/4331/2963/404672/5437","BRCA1_tumour"
"R-HSA-73779","RNA Polymerase II Transcription Pre-Initiation And Promoter Opening",28,0.1812936201358,0.717120720410148,0.879003558718861,1,0.935019112025875,882,"tags=21%, list=15%, signal=18%","902/5431/4331/2963/404672/5437","BRCA1_tumour"
"R-HSA-75953","RNA Polymerase II Transcription Initiation",28,0.1812936201358,0.717120720410148,0.879003558718861,1,0.935019112025875,882,"tags=21%, list=15%, signal=18%","902/5431/4331/2963/404672/5437","BRCA1_tumour"
"R-HSA-76042","RNA Polymerase II Transcription Initiation And Promoter Clearance",28,0.1812936201358,0.717120720410148,0.879003558718861,1,0.935019112025875,882,"tags=21%, list=15%, signal=18%","902/5431/4331/2963/404672/5437","BRCA1_tumour"
"R-HSA-1227986","Signaling by ERBB2",27,0.183040948840114,0.716152180481405,0.870967741935484,1,0.935019112025875,1198,"tags=33%, list=20%, signal=27%","6654/5295/5580/208/10193/8065/3320/2065/5290","BRCA1_tumour"
"R-HSA-380972","Energy dependent regulation of mTOR by LKB1-AMPK",12,-0.269149048776575,-0.715987864644028,0.818604651162791,1,0.935019112025875,1500,"tags=33%, list=26%, signal=25%","55004/64223/6009/51422","TotalCell"
"R-HSA-9615933","Postmitotic nuclear pore complex (NPC) reformation",20,0.200579691486728,0.715704556829712,0.856677524429967,1,0.935019112025875,1466,"tags=40%, list=25%, signal=30%","57122/129401/23636/25909/79023/6396/55746/7341","BRCA1_tumour"
"R-HSA-5654727","Negative regulation of FGFR2 signaling",13,0.227166795323465,0.715318455567929,0.829971181556196,1,0.935019112025875,956,"tags=31%, list=16%, signal=26%","5781/5518/10818/867","BRCA1_tumour"
"R-HSA-5654732","Negative regulation of FGFR3 signaling",13,0.227166795323465,0.715318455567929,0.829971181556196,1,0.935019112025875,956,"tags=31%, list=16%, signal=26%","5781/5518/10818/867","BRCA1_tumour"
"R-HSA-5654733","Negative regulation of FGFR4 signaling",13,0.227166795323465,0.715318455567929,0.829971181556196,1,0.935019112025875,956,"tags=31%, list=16%, signal=26%","5781/5518/10818/867","BRCA1_tumour"
"R-HSA-9013407","RHOH GTPase cycle",22,-0.231968997576762,-0.715289411347636,0.842485549132948,1,0.935019112025875,1024,"tags=50%, list=18%, signal=41%","9528/9497/2040/6510/9341/55004/397/3728/5058/1445/857","TotalCell"
"R-HSA-141405","Inhibition of the proteolytic activity of APC/C required for the onset of anaphase by mitotic spindle checkpoint components",14,0.218773669392689,0.71502759086143,0.839285714285714,1,0.935019112025875,1299,"tags=36%, list=22%, signal=28%","27338/996/7324/51433/246184","BRCA1_tumour"
"R-HSA-141430","Inactivation of APC/C via direct inhibition of the APC/C complex",14,0.218773669392689,0.71502759086143,0.839285714285714,1,0.935019112025875,1299,"tags=36%, list=22%, signal=28%","27338/996/7324/51433/246184","BRCA1_tumour"
"R-HSA-3108214","SUMOylation of DNA damage response and repair proteins",51,0.160418790371067,0.714897130995494,0.908675799086758,1,0.935019112025875,1466,"tags=33%, list=25%, signal=25%","57122/7518/79677/142/129401/7703/23636/165918/5903/1029/79023/648/8021/8086/6396/55746/7341","BRCA1_tumour"
"R-HSA-9664565","Signaling by ERBB2 KD Mutants",12,0.23378919022102,0.714297321150485,0.812324929971989,1,0.935019112025875,1198,"tags=42%, list=20%, signal=33%","6654/5295/3320/2065/5290","BRCA1_tumour"
"R-HSA-6804757","Regulation of TP53 Degradation",23,0.188284865539855,0.713526234168316,0.859016393442623,1,0.935019112025875,1355,"tags=35%, list=23%, signal=27%","472/208/5518/5519/4193/1029/900/79109","BRCA1_tumour"
"R-HSA-6806003","Regulation of TP53 Expression and Degradation",23,0.188284865539855,0.713526234168316,0.859016393442623,1,0.935019112025875,1355,"tags=35%, list=23%, signal=27%","472/208/5518/5519/4193/1029/900/79109","BRCA1_tumour"
"R-HSA-211733","Regulation of activated PAK-2p34 by proteasome mediated degradation",27,0.18217286484466,0.712755780658716,0.874551971326165,1,0.935019112025875,1287,"tags=30%, list=22%, signal=23%","5692/5062/5704/5689/5686/5684/5707/5690","BRCA1_tumour"
"R-HSA-9006925","Intracellular signaling by second messengers",129,-0.165808987985779,-0.712143685424475,0.939120631341601,1,0.935019112025875,1387,"tags=26%, list=24%, signal=21%","5683/1026/55004/5613/5515/253260/7979/23608/5928/27327/808/64223/8535/1956/8841/207/2146/6009/8660/5595/5687/1958/1459/4915/6446/3654/57761/6591/1912/1839/5728/5879/3556/2260","TotalCell"
"R-HSA-2142753","Arachidonate metabolism",11,-0.27398151446257,-0.711888665631513,0.811616954474097,1,0.935019112025875,480,"tags=18%, list=8%, signal=17%","5445/9536","TotalCell"
"R-HSA-5693606","DNA Double Strand Break Response",24,0.186018550326348,0.711810049988171,0.860544217687075,1,0.935019112025875,4763,"tags=100%, list=81%, signal=19%","472/8467/165918/51035/29086/9577/7341/7334/7311/6233/9682/51720/5599/9031/11200/3838/2139/7316/8924/7336/2140/4361/7329/79184","BRCA1_tumour"
"R-HSA-6803529","FGFR2 alternative splicing",20,0.199399084482872,0.711491937864045,0.856677524429967,1,0.935019112025875,978,"tags=25%, list=17%, signal=21%","5431/3178/2963/5437/22916","BRCA1_tumour"
"R-HSA-8939902","Regulation of RUNX2 expression and activity",37,-0.200468660359919,-0.711015369255142,0.86737400530504,1,0.935019112025875,2471,"tags=54%, list=42%, signal=31%","7316/5717/5685/5688/9861/6500/9978/5705/5701/5713/5714/8454/1749/5683/7979/59269/6502/5687/2908/865","TotalCell"
"R-HSA-9609690","HCMV Early Events",46,0.160502223808818,0.709233390059194,0.900452488687783,1,0.935019112025875,1464,"tags=33%, list=25%, signal=25%","7846/57122/84790/129401/23636/7280/5903/10155/79023/10376/79718/8021/8086/6396/55746","BRCA1_tumour"
"R-HSA-68949","Orc1 removal from chromatin",42,-0.196790124237929,-0.707508538615328,0.880577427821522,1,0.935019112025875,2471,"tags=55%, list=42%, signal=32%","7316/5717/5685/5688/9861/23595/6500/9978/5705/890/4171/5701/5713/990/5714/8454/5683/4173/7979/6502/5687/23594/81620","TotalCell"
"R-HSA-8876198","RAB GEFs exchange GTP for GDP on RABs",30,-0.211905694556133,-0.706883045257404,0.839335180055402,1,0.935019112025875,1063,"tags=23%, list=18%, signal=19%","51622/5874/207/3257/54453/5873/163259","TotalCell"
"R-HSA-5578749","Transcriptional regulation by small RNAs",15,-0.248312126034794,-0.706792032905059,0.836524300441826,1,0.935019112025875,1384,"tags=27%, list=24%, signal=20%","5439/27327/5432/5441","TotalCell"
"R-HSA-1839126","FGFR2 mutant receptor activation",14,0.216160702357774,0.706487515955881,0.851190476190476,1,0.935019112025875,978,"tags=29%, list=17%, signal=24%","5431/2963/5437/22916","BRCA1_tumour"
"R-HSA-8851708","Signaling by FGFR2 IIIa TM",14,0.216160702357774,0.706487515955881,0.851190476190476,1,0.935019112025875,978,"tags=29%, list=17%, signal=24%","5431/2963/5437/22916","BRCA1_tumour"
"R-HSA-109581","Apoptosis",76,-0.174201251799327,-0.705479261007746,0.910287081339713,1,0.935019112025875,1431,"tags=39%, list=24%, signal=30%","5705/8772/5594/5701/7534/5713/2339/140735/5714/4000/3836/5683/2810/7532/7979/7533/148022/1499/10134/5534/207/5595/5687/598/23604/27113/7027/8428/5366/1869","TotalCell"
"R-HSA-5693565","Recruitment and ATM-mediated phosphorylation of repair and signaling proteins at DNA double strand breaks",23,0.185986604842865,0.704816722144826,0.862295081967213,1,0.935019112025875,4763,"tags=100%, list=81%, signal=19%","472/8467/165918/51035/29086/9577/7341/7334/7311/6233/9682/51720/5599/9031/11200/2139/7316/8924/7336/2140/4361/7329/79184","BRCA1_tumour"
"R-HSA-5663084","Diseases of carbohydrate metabolism",14,-0.253134522035398,-0.703379558480767,0.839339339339339,1,0.935019112025875,995,"tags=36%, list=17%, signal=30%","51181/2990/2588/138050/3423","TotalCell"
"R-HSA-9013409","RHOJ GTPase cycle",23,-0.224461373164208,-0.700650680695151,0.850789096126255,1,0.935019112025875,777,"tags=22%, list=13%, signal=19%","3728/998/5058/11135/857","TotalCell"
"R-HSA-9013408","RHOG GTPase cycle",36,0.165324825094963,0.700432871977192,0.893129770992366,1,0.935019112025875,942,"tags=25%, list=16%, signal=21%","5295/10298/4162/23592/3336/5062/10451/6472/6453","BRCA1_tumour"
"R-HSA-69052","Switching of origins to a post-replicative state",55,-0.184294328035299,-0.69790794114499,0.889447236180904,1,0.935019112025875,2471,"tags=53%, list=42%, signal=31%","7316/5717/5685/5688/7321/9861/23595/6500/9978/5705/890/4171/5701/5713/990/5714/8454/5683/4173/11065/25906/7979/119504/6502/9134/5687/23594/81620/898","TotalCell"
"R-HSA-8949215","Mitochondrial calcium ion transport",14,0.213477366255144,0.697717450736144,0.854166666666667,1,0.935019112025875,4601,"tags=100%, list=79%, signal=21%","79568/221154/8165/10730/286097/55486/10367/3954/10939/30968/55013/7419/7416/91689","BRCA1_tumour"
"R-HSA-171319","Telomere Extension By Telomerase",13,-0.257602742307003,-0.697666940616685,0.83969465648855,1,0.935019112025875,2185,"tags=46%, list=37%, signal=29%","890/1736/7013/54386/26277/65057","TotalCell"
"R-HSA-69618","Mitotic Spindle Checkpoint",68,-0.175892564305058,-0.697341314676408,0.895960832313341,1,0.935019112025875,1481,"tags=31%, list=25%, signal=23%","10726/9184/9212/5347/11004/1783/5515/11065/25906/11130/119504/57405/55166/10403/332/5905/55055/55839/54820/79682/79019","TotalCell"
"R-HSA-9687136","Aberrant regulation of mitotic exit in cancer due to RB1 defects",12,0.227990903040924,0.696581784362457,0.829131652661064,1,0.935019112025875,1299,"tags=42%, list=22%, signal=32%","27338/996/7324/51433/246184","BRCA1_tumour"
"R-HSA-8934593","Regulation of RUNX1 Expression and Activity",11,-0.268060449284034,-0.696503908023563,0.838304552590267,1,0.935019112025875,1216,"tags=27%, list=21%, signal=22%","27327/896/865","TotalCell"
"R-HSA-2467813","Separation of Sister Chromatids",105,0.131940750649859,0.696442335620802,0.967105263157895,1,0.935019112025875,1299,"tags=28%, list=22%, signal=22%","7846/80776/57122/27338/996/84790/5692/5518/1060/1058/5704/3796/5689/5686/7324/5684/5519/25909/7280/5903/57551/5501/79023/10376/348235/5707/51433/5690/246184","BRCA1_tumour"
"R-HSA-159236","Transport of Mature mRNA derived from an Intron-Containing Transcript",50,0.158496020485784,0.69630923682583,0.924528301886792,1,0.935019112025875,1747,"tags=42%, list=30%, signal=30%","57122/10212/129401/11338/23636/22916/5903/84321/79023/84248/8021/6432/8086/6396/6430/55746/84324/10569/55110/4686/7919","BRCA1_tumour"
"R-HSA-8853884","Transcriptional Regulation by VENTX",22,-0.225322532187643,-0.694794662629536,0.858381502890173,1,0.935019112025875,1322,"tags=32%, list=23%, signal=25%","11065/25906/119504/27327/4790/1499/1051","TotalCell"
"R-HSA-2173795","Downregulation of SMAD2/3:SMAD4 transcriptional activity",21,0.18966913580451,0.694746356114581,0.866013071895425,1,0.935019112025875,928,"tags=24%, list=16%, signal=20%","5494/142/6772/60436/6497","BRCA1_tumour"
"R-HSA-157118","Signaling by NOTCH",92,-0.168471599855563,-0.694653484834722,0.933094384707288,1,0.935019112025875,1580,"tags=24%, list=27%, signal=18%","1999/5683/5870/409/102/7979/27327/3280/6868/1956/8841/207/6907/5687/2683/7090/5045/7027/113878/5986/1869/59","TotalCell"
"R-HSA-9772573","Late SARS-CoV-2 Infection Events",37,0.165497973042925,0.694362077356986,0.911290322580645,1,0.935019112025875,835,"tags=16%, list=14%, signal=14%","79668/4124/100128731/3703/27090/3276","BRCA1_tumour"
"R-HSA-9932444","ATP-dependent chromatin remodelers",20,-0.227999096527191,-0.694335547065307,0.847482014388489,1,0.935019112025875,1909,"tags=35%, list=33%, signal=24%","6760/6597/9275/9274/60/65980/29117","TotalCell"
"R-HSA-9932451","SWI/SNF chromatin remodelers",20,-0.227999096527191,-0.694335547065307,0.847482014388489,1,0.935019112025875,1909,"tags=35%, list=33%, signal=24%","6760/6597/9275/9274/60/65980/29117","TotalCell"
"R-HSA-112043","PLC beta mediated events",12,0.227152411995616,0.69401993833824,0.831932773109244,1,0.935019112025875,1352,"tags=33%, list=23%, signal=26%","5580/5332/5576/801","BRCA1_tumour"
"R-HSA-4608870","Asymmetric localization of PCP proteins",33,0.168206348908104,0.692670826432799,0.901515151515151,1,0.935019112025875,951,"tags=18%, list=16%, signal=15%","2535/5692/5704/5689/5686/5684","BRCA1_tumour"
"R-HSA-6804756","Regulation of TP53 Activity through Phosphorylation",49,-0.184854493024708,-0.689674975682105,0.89386189258312,1,0.935019112025875,2185,"tags=45%, list=37%, signal=28%","890/6882/22974/1020/5985/6883/6117/6119/9212/6118/83695/5883/116028/4361/5983/5982/5810/1263/6881/1459/51422/3364","TotalCell"
"R-HSA-163685","Integration of energy metabolism",28,0.174299008726177,0.689453002322218,0.889679715302491,1,0.935019112025875,559,"tags=14%, list=10%, signal=13%","2182/773/47/5518","BRCA1_tumour"
"R-HSA-77289","Mitochondrial Fatty Acid Beta-Oxidation",21,0.187924318860206,0.688355199171726,0.872549019607843,1,0.935019112025875,151,"tags=10%, list=3%, signal=9%","3032/3030","BRCA1_tumour"
"R-HSA-198753","ERK/MAPK targets",11,-0.264876572317665,-0.688231211489386,0.841444270015699,1,0.935019112025875,1640,"tags=45%, list=28%, signal=33%","6195/5515/4205/2002/5595","TotalCell"
"R-HSA-6804760","Regulation of TP53 Activity through Methylation",13,0.218329304845669,0.687490356700434,0.855907780979827,1,0.935019112025875,3757,"tags=92%, list=64%, signal=33%","472/79813/4193/133746/7311/6233/91875/11200/56950/4194/7316/387893","BRCA1_tumour"
"R-HSA-350562","Regulation of ornithine decarboxylase (ODC)",28,0.173520196336783,0.686372350607456,0.889679715302491,1,0.935019112025875,1287,"tags=29%, list=22%, signal=22%","4953/5692/5704/5689/5686/5684/5707/5690","BRCA1_tumour"
"R-HSA-1234174","Cellular response to hypoxia",40,-0.190994013499583,-0.685689007052275,0.9,1,0.935019112025875,2471,"tags=50%, list=42%, signal=29%","7316/5717/5685/5688/7321/9861/25994/9978/5705/5701/5713/6921/5714/7322/5683/7422/7979/6923/5687/112399","TotalCell"
"R-HSA-983168","Antigen processing: Ubiquitination & Proteasome degradation",146,-0.15781511049469,-0.684766089451783,0.966442953020134,1,0.935019112025875,2491,"tags=44%, list=43%, signal=26%","7064/7316/25831/26224/5717/5685/26263/5688/25793/9903/7321/9861/6500/9978/5705/9817/8924/7317/5701/54926/5713/51320/10616/27252/57674/7319/6921/55658/25847/5714/8454/7322/23352/7320/5683/7336/79176/11065/51444/7979/9246/23608/7174/997/55284/6502/23327/9690/4008/6923/6468/114907/5687/9040/55585/6477/57542/84937/9021/8139/51619/6478/90135/255488","TotalCell"
"R-HSA-9758941","Gastrulation",43,-0.189562485695596,-0.683796280239498,0.905511811023622,1,0.935019112025875,2509,"tags=47%, list=43%, signal=27%","7020/5717/5685/5688/9861/4089/5705/5701/5713/5714/4087/7022/1749/5683/7979/1499/5687/7004/2260/2303","TotalCell"
"R-HSA-69202","Cyclin E associated events during G1/S transition",51,-0.182830171199296,-0.683709706276826,0.904214559386973,1,0.935019112025875,2471,"tags=51%, list=42%, signal=30%","7316/5717/5685/5688/1027/9861/6500/5705/890/5701/5713/5714/8454/5683/1026/7465/7979/5928/6502/207/9134/5687/1874/7027/898/1869","TotalCell"
"R-HSA-201681","TCF dependent signaling in response to WNT",77,0.141128284845428,0.683295805668024,0.963855421686747,1,0.935019112025875,954,"tags=21%, list=16%, signal=18%","2535/324/7091/55366/208/5692/5518/5704/81847/440193/5689/84661/283149/5686/5684/5519","BRCA1_tumour"
"R-HSA-168927","TICAM1, RIP1-mediated IKK complex recruitment",10,-0.271238832056463,-0.682970067000137,0.816,1,0.935019112025875,2471,"tags=50%, list=42%, signal=29%","7316/7321/7322/148022/8517","TotalCell"
"R-HSA-937041","IKK complex recruitment mediated by RIP1",10,-0.271238832056463,-0.682970067000137,0.816,1,0.935019112025875,2471,"tags=50%, list=42%, signal=29%","7316/7321/7322/148022/8517","TotalCell"
"R-HSA-5696394","DNA Damage Recognition in GG-NER",30,0.168640333835927,0.679574706553387,0.903571428571429,1,0.935019112025875,2041,"tags=50%, list=35%, signal=33%","29844/10445/86/142/1642/4798/54891/64708/50813/7311/8607/1643/5887/5886/6233","BRCA1_tumour"
"R-HSA-112040","G-protein mediated events",14,0.207647462277092,0.678663319551382,0.883928571428571,1,0.935019112025875,4635,"tags=100%, list=79%, signal=21%","5580/5332/5576/801/5567/2771/3710/2773/805/10645/3838/5594/5613/808","BRCA1_tumour"
"R-HSA-9920588","Dengue virus activates/modulates innate and adaptive immune responses",15,-0.237702497236289,-0.676592939422961,0.855670103092783,1,0.935019112025875,191,"tags=87%, list=3%, signal=84%","7706/1191/64135/79577/6773/3326/55763/1654/5371/123169/23168/23352/716","TotalCell"
"R-HSA-674695","RNA Polymerase II Pre-transcription Events",45,0.153341705496399,0.675964185405215,0.939655172413793,1,0.935019112025875,2000,"tags=44%, list=34%, signal=29%","902/5431/4331/55677/2963/404672/54623/5437/22916/1022/6827/8148/83860/6829/4686/2957/6873/5436/79577/904","BRCA1_tumour"
"R-HSA-5693571","Nonhomologous End-Joining (NHEJ)",17,0.198401499486788,0.672639230021461,0.889937106918239,1,0.935019112025875,1468,"tags=47%, list=25%, signal=35%","472/7518/7520/165918/29086/55183/9577/7334","BRCA1_tumour"
"R-HSA-9929491","SPOP-mediated proteasomal degradation of PD-L1(CD274)",33,0.163327169000157,0.672578448225373,0.916666666666667,1,0.935019112025875,1294,"tags=30%, list=22%, signal=24%","1019/5692/5704/5689/5686/5684/595/5707/5690/8405","BRCA1_tumour"
"R-HSA-5693538","Homology Directed Repair",51,-0.179806647766767,-0.672402971155291,0.915708812260536,1,0.935019112025875,1603,"tags=33%, list=27%, signal=24%","10714/6119/6118/7336/83695/5883/7979/116028/4361/7329/79184/5983/5982/5810/23514/5425/3364","TotalCell"
"R-HSA-5654726","Negative regulation of FGFR1 signaling",14,-0.241897203159667,-0.672154657484394,0.863363363363363,1,0.935019112025875,935,"tags=29%, list=16%, signal=24%","5515/8569/5595/2260","TotalCell"
"R-HSA-72187","mRNA 3'-end processing",110,0.126212440648686,0.671354896679477,0.986301369863014,1,0.935019112025875,1911,"tags=37%, list=33%, signal=26%","6638/51639/23451/5431/29894/84991/22827/10212/3178/2963/11338/83443/5437/22916/79869/84321/53981/3188/55749/10978/5094/84248/58517/1660/6635/6432/6430/55660/84324/10569/1479/10915/55110/4686/7919/7311/10946/57794/5436/10914/6636","BRCA1_tumour"
"R-HSA-75035","Chk1/Chk2(Cds1) mediated inactivation of Cyclin B:Cdk1 complex",11,-0.258312019969775,-0.671174475305654,0.849293563579278,1,0.935019112025875,2712,"tags=73%, list=46%, signal=39%","11200/7529/890/7534/2810/7465/7532/7533","TotalCell"
"R-HSA-68877","Mitotic Prometaphase",103,-0.160841013940483,-0.670712680656819,0.957597173144876,1,0.935019112025875,2028,"tags=37%, list=35%, signal=25%","23279/6232/23354/91687/140735/22919/10121/10142/9702/10844/10726/9184/27229/9212/5347/11004/1783/4926/5515/7532/11130/9133/113130/57405/55166/10426/10403/1454/1069/332/1459/5905/55055/55839/54820/79682/79019/22995","TotalCell"
"R-HSA-68875","Mitotic Prophase",48,-0.180436518310967,-0.669969692747859,0.916237113402062,1,0.935019112025875,2097,"tags=44%, list=36%, signal=28%","5594/387893/23279/5862/55706/81876/9631/4000/2010/221496/5347/4926/5515/10762/9133/9688/54892/5595/10776/29781/55844","TotalCell"
"R-HSA-3214847","HATs acetylate histones",39,0.15616386554624,0.669752428623797,0.92156862745098,1,0.935019112025875,1821,"tags=38%, list=31%, signal=27%","8089/10445/23522/86/9913/8648/10856/284058/54934/6944/10474/1386/2648/8607/55689","BRCA1_tumour"
"R-HSA-4791275","Signaling by WNT in cancer",13,0.211883760900935,0.667194183867264,0.884726224783862,1,0.935019112025875,954,"tags=23%, list=16%, signal=19%","324/5518/5519","BRCA1_tumour"
"R-HSA-9861718","Regulation of pyruvate metabolism",16,-0.229502572898799,-0.664908534289831,0.871870397643594,1,0.935019112025875,4509,"tags=62%, list=77%, signal=14%","5165/5160/64795/64777/7316/25852/1738/3939/5315/10048","TotalCell"
"R-HSA-3781860","Diseases associated with N-glycosylation of proteins",12,-0.249819385376191,-0.664567268936044,0.848062015503876,1,0.935019112025875,1293,"tags=25%, list=22%, signal=20%","79053/5476/2683","TotalCell"
"R-HSA-1234176","Oxygen-dependent proline hydroxylation of Hypoxia-inducible Factor Alpha",35,-0.191468320789794,-0.664237865995593,0.906630581867388,1,0.935019112025875,2471,"tags=51%, list=42%, signal=30%","7316/5717/5685/5688/7321/9861/9978/5705/5701/5713/6921/5714/7322/5683/7979/6923/5687/112399","TotalCell"
"R-HSA-1236978","Cross-presentation of soluble exogenous antigens (endosomes)",27,-0.202906232923398,-0.663455905951878,0.881051175656985,1,0.935019112025875,2435,"tags=56%, list=42%, signal=33%","5717/5685/5688/9861/5705/5701/5713/5714/5683/5696/7979/5720/5721/5687/5698","TotalCell"
"R-HSA-5387390","Hh mutants abrogate ligand secretion",31,0.164013519506833,0.662528550913061,0.906474820143885,1,0.935019112025875,1287,"tags=26%, list=22%, signal=20%","55733/5692/5704/5689/5686/5684/5707/5690","BRCA1_tumour"
"R-HSA-3296482","Defects in vitamin and cofactor metabolism",11,0.226444245894111,0.660474637748487,0.868493150684931,1,0.935019112025875,2421,"tags=82%, list=41%, signal=48%","3141/4548/27249/64087/31/5096/56922/51293/5826","BRCA1_tumour"
"R-HSA-5358508","Mismatch Repair",11,-0.254164198438129,-0.660397152823758,0.855572998430141,1,0.935019112025875,1804,"tags=45%, list=31%, signal=31%","6117/10714/6119/6118/5425","TotalCell"
"R-HSA-9679191","Potential therapeutics for SARS",51,-0.176380598843896,-0.659590956117615,0.928480204342273,1,0.935019112025875,1398,"tags=25%, list=24%, signal=20%","10280/483/1175/7422/25855/5928/4690/29760/2908/5045/481/30011/8819","TotalCell"
"R-HSA-9007101","Rab regulation of trafficking",46,-0.178913807459641,-0.658863837262524,0.920614596670935,1,0.935019112025875,1063,"tags=35%, list=18%, signal=29%","81876/6399/11345/23062/51256/5870/2664/51622/5874/382/207/3257/8766/54453/5873/163259","TotalCell"
"R-HSA-442755","Activation of NMDA receptors and postsynaptic events",28,-0.200424107051133,-0.658692643860444,0.871012482662968,1,0.935019112025875,1640,"tags=32%, list=28%, signal=23%","6195/5613/8874/808/3265/8573/5595/51422/5879","TotalCell"
"R-HSA-76066","RNA Polymerase III Transcription Initiation From Type 2 Promoter",19,0.183492992964446,0.653903054702863,0.904458598726115,1,0.935019112025875,882,"tags=21%, list=15%, signal=18%","51082/10622/9330/5437","BRCA1_tumour"
"R-HSA-1980145","Signaling by NOTCH2",14,0.199759945130315,0.652884200889645,0.919642857142857,1,0.935019112025875,4681,"tags=100%, list=80%, signal=20%","4192/55851/142678/4853/7311/57534/6233/51107/84441/7316/182/5663/102/3280","BRCA1_tumour"
"R-HSA-4641257","Degradation of AXIN",28,0.164967703293846,0.652542313082364,0.911032028469751,1,0.935019112025875,1287,"tags=29%, list=22%, signal=22%","5692/5704/81847/5689/5686/5684/5707/5690","BRCA1_tumour"
"R-HSA-72202","Transport of Mature Transcript to Cytoplasm",58,0.144186390711624,0.652000618793583,0.965174129353234,1,0.935019112025875,1747,"tags=40%, list=30%, signal=28%","57122/29894/10212/129401/11338/23636/22916/5903/84321/53981/79023/84248/8021/6432/8086/6396/6430/55746/84324/10569/55110/4686/7919","BRCA1_tumour"
"R-HSA-432720","Lysosome Vesicle Biogenesis",16,-0.224878286771705,-0.651511179863399,0.885125184094256,1,0.935019112025875,1855,"tags=31%, list=32%, signal=21%","6844/9146/6845/1785/1212","TotalCell"
"R-HSA-5696400","Dual Incision in GG-NER",25,-0.203748764311654,-0.651076951540504,0.889044943820225,1,0.935019112025875,1998,"tags=40%, list=34%, signal=26%","2067/5985/6117/10714/6119/6118/8451/5983/5982/5425","TotalCell"
"R-HSA-73893","DNA Damage Bypass",34,-0.188106398530015,-0.65081804189034,0.915094339622642,1,0.935019112025875,1940,"tags=38%, list=33%, signal=26%","5985/6117/7320/10714/6119/6118/55666/8451/9246/5983/5982/9768/5425","TotalCell"
"R-HSA-1445148","Translocation of SLC2A4 (GLUT4) to the plasma membrane",43,-0.18014379735235,-0.649820865588156,0.92257217847769,1,0.935019112025875,1539,"tags=28%, list=26%, signal=21%","5898/2810/11336/7532/7533/808/60/207/8766/4627/51422/5879","TotalCell"
"R-HSA-9013404","RAC2 GTPase cycle",36,-0.185140313358162,-0.648643611124939,0.931081081081081,1,0.935019112025875,1039,"tags=19%, list=18%, signal=16%","8826/23075/998/5058/11135/55971/857","TotalCell"
"R-HSA-190236","Signaling by FGFR",44,-0.178675334206243,-0.64820777602917,0.934296977660972,1,0.935019112025875,1019,"tags=18%, list=17%, signal=15%","3265/5432/8569/5595/5441/83888/9982/2260","TotalCell"
"R-HSA-3858494","Beta-catenin independent WNT signaling",65,-0.16463045589511,-0.647490587808008,0.942752740560292,1,0.935019112025875,2471,"tags=52%, list=42%, signal=31%","7316/5717/5685/5688/9861/6885/5705/8324/55970/5701/23112/23002/5530/5713/5714/4772/387/5683/409/7976/1175/7979/27327/808/1499/5534/8323/5687/10681/8321/2783/1212/50855/5879","TotalCell"
"R-HSA-165159","MTOR signalling",20,-0.212105433692464,-0.64593388562317,0.887769784172662,1,0.935019112025875,1140,"tags=25%, list=20%, signal=20%","64223/207/6009/1978/51422","TotalCell"
"R-HSA-380259","Loss of Nlp from mitotic centrosomes",36,0.152297372375152,0.645239369623005,0.942748091603053,1,0.935019112025875,700,"tags=14%, list=12%, signal=12%","7846/5116/80184/5518/55755","BRCA1_tumour"
"R-HSA-380284","Loss of proteins required for interphase microtubule organization from the centrosome",36,0.152297372375152,0.645239369623005,0.942748091603053,1,0.935019112025875,700,"tags=14%, list=12%, signal=12%","7846/5116/80184/5518/55755","BRCA1_tumour"
"R-HSA-1428517","Aerobic respiration and respiratory electron transport",157,-0.146265205552027,-0.644237261277152,0.980327868852459,1,0.935019112025875,2584,"tags=46%, list=44%, signal=27%","1340/4718/55969/51660/64777/1347/4706/10131/29796/7316/116228/5018/7385/514/55967/25994/25852/4540/91942/2108/25880/29090/90871/1345/4728/84300/7351/3954/8402/4695/3052/4726/10975/100131801/90639/4707/1738/119559/4191/25915/51204/7416/3939/4538/4537/10165/55863/27089/3029/3418/3421/4712/137682/10063/1349/2806/50/9551/4512/4514/84233/4694/4513/521/4714/4700/5315/10048/3419/2805/4967/55744/100303755","TotalCell"
"R-HSA-9013420","RHOU GTPase cycle",20,-0.210819533553578,-0.642017878103825,0.890647482014388,1,0.935019112025875,1301,"tags=35%, list=22%, signal=27%","9146/8874/4690/8826/998/5058/50855","TotalCell"
"R-HSA-2122948","Activated NOTCH1 Transmits Signal to the Nucleus",15,-0.22465179989294,-0.639445623851098,0.882179675994109,1,0.935019112025875,1489,"tags=47%, list=25%, signal=35%","7316/182/5663/409/102/6868/113878","TotalCell"
"R-HSA-9932298","Degradation of CRY and PER proteins",33,0.155214876155737,0.63917216703988,0.928030303030303,1,0.935019112025875,4279,"tags=94%, list=73%, signal=25%","5692/5704/5689/5686/5684/5707/5690/7311/1407/5708/6233/5718/5700/11047/5702/23291/7316/26224/5717/5685/5688/7321/9861/6500/9978/5705/5701/5713/5714/8454/5683","BRCA1_tumour"
"R-HSA-170834","Signaling by TGF-beta Receptor Complex",57,-0.167366749817885,-0.638749930093484,0.946384039900249,1,0.935019112025875,1229,"tags=21%, list=21%, signal=17%","7050/23645/50848/3726/23327/5595/1874/9040/5045/3693/7027/50855","TotalCell"
"R-HSA-9933937","Formation of the canonical BAF (cBAF) complex",12,-0.240053088172632,-0.638587053467925,0.872868217054264,1,0.935019112025875,1909,"tags=42%, list=33%, signal=28%","6760/6597/9275/9274/60","TotalCell"
"R-HSA-68886","M Phase",195,-0.141514683068749,-0.638317147736378,0.988095238095238,1,0.935019112025875,2097,"tags=47%, list=36%, signal=31%","1460/1453/151648/7316/79980/5717/5685/9126/4751/29082/5688/128866/84617/7321/9861/7443/55142/81565/7444/5705/5594/387893/5701/1104/23279/6232/5713/23354/91687/5862/140735/55706/81876/22919/10121/9631/10142/9702/10844/23141/5714/4000/10726/2010/221496/9184/5683/92421/9493/27229/9212/5347/11004/1783/4926/5515/10762/7532/11065/25906/11130/7979/119504/9133/7329/113130/57405/9688/55166/10426/9798/10403/1454/54892/1069/5595/332/5687/1459/10776/5905/27183/29781/55055/55844/55839/54820/79682/79643/79019/22995","TotalCell"
"R-HSA-6799198","Complex I biogenesis",52,-0.169687118369797,-0.638238748907396,0.9375,1,0.935019112025875,2698,"tags=52%, list=46%, signal=28%","4716/126328/51300/4718/4706/5018/55967/4540/91942/25880/90871/4728/4695/4726/4707/119559/25915/4538/4537/55863/4712/137682/84233/4694/4714/4700/55744","TotalCell"
"R-HSA-380320","Recruitment of NuMA to mitotic centrosomes",45,0.14454628499919,0.637192024677996,0.961206896551724,1,0.935019112025875,1123,"tags=22%, list=19%, signal=18%","7846/5116/80184/84790/5518/55755/10540/7280/3320/10376","BRCA1_tumour"
"R-HSA-5668541","TNFR2 non-canonical NF-kB pathway",36,-0.181765559584922,-0.636820078829751,0.935135135135135,1,0.935019112025875,2471,"tags=50%, list=42%, signal=29%","7316/5717/5685/5688/9861/6500/5705/5701/5713/5714/8454/5683/7979/51330/4055/5687/9040/5971","TotalCell"
"R-HSA-437239","Recycling pathway of L1",19,-0.212378032519495,-0.636706888420014,0.908430232558139,1,0.935019112025875,954,"tags=32%, list=16%, signal=27%","6195/1175/60/1785/4478/1808","TotalCell"
"R-HSA-9839394","TGFBR3 expression",10,-0.252741603838245,-0.636394681389852,0.872,1,0.935019112025875,4372,"tags=100%, list=75%, signal=25%","6667/192669/27161/26523/6938/4089/23112/3070/27327","TotalCell"
"R-HSA-5173105","O-linked glycosylation",19,0.177843928572501,0.633771820248468,0.929936305732484,1,0.935019112025875,787,"tags=21%, list=13%, signal=18%","9510/120071/10329/27090","BRCA1_tumour"
"R-HSA-9772755","Formation of WDR5-containing histone-modifying complexes",23,0.167221801916936,0.633705434850125,0.927868852459016,1,0.935019112025875,1169,"tags=26%, list=20%, signal=21%","4297/10445/84661/284058/26993/54934","BRCA1_tumour"
"R-HSA-180024","DARPP-32 events",16,0.190160540870147,0.633138486527052,0.934984520123839,1,0.935019112025875,1352,"tags=31%, list=23%, signal=24%","84152/5518/5519/5576/801","BRCA1_tumour"
"R-HSA-450408","AUF1 (hnRNP D0) binds and destabilizes mRNA",31,0.156182183996226,0.630894065029473,0.924460431654676,1,0.935019112025875,1287,"tags=29%, list=22%, signal=23%","5692/5704/5689/1981/3312/5686/5684/5707/5690","BRCA1_tumour"
"R-HSA-9013405","RHOD GTPase cycle",23,-0.202080832874576,-0.630790372138702,0.901004304160689,1,0.935019112025875,313,"tags=43%, list=5%, signal=41%","10424/9497/7444/9341/2010/29984/1729/79180/832/857","TotalCell"
"R-HSA-5693532","DNA Double-Strand Break Repair",68,-0.15900751405237,-0.630399069629793,0.954712362301102,1,0.935019112025875,1603,"tags=29%, list=27%, signal=22%","10714/6119/6118/7336/83695/5883/2140/7979/116028/4361/7329/79184/5983/5982/5810/22976/23514/5425/3364/27434","TotalCell"
"R-HSA-201722","Formation of the beta-catenin:TCF transactivating complex",17,-0.213111098961714,-0.625349002057597,0.910818713450292,1,0.935019112025875,1780,"tags=35%, list=30%, signal=25%","9757/6597/1499/864/9070/7090","TotalCell"
"R-HSA-2173793","Transcriptional activity of SMAD2/SMAD3:SMAD4 heterotrimer",34,-0.180429094109422,-0.624255796963784,0.940700808625337,1,0.935019112025875,1229,"tags=21%, list=21%, signal=16%","7050/3726/23327/5595/1874/5045/7027","TotalCell"
"R-HSA-73780","RNA Polymerase III Chain Elongation",13,0.197877588711129,0.623090583933285,0.919308357348703,1,0.935019112025875,882,"tags=23%, list=15%, signal=20%","51082/10622/5437","BRCA1_tumour"
"R-HSA-174143","APC/C-mediated degradation of cell cycle proteins",50,0.141713048098729,0.622577803956527,0.957547169811321,1,0.935019112025875,4571,"tags=96%, list=78%, signal=21%","27338/996/5692/5704/5689/5686/7324/5684/5707/51433/5690/246184/51434/7311/5708/6233/1017/5718/26271/5700/11047/991/8881/4085/5702/6790/7316/5717/5685/4751/5688/7321/9861/6500/5705/890/5701/5713/5714/8454/9184/5683/9212/5347/11065/25906/7979/119504","BRCA1_tumour"
"R-HSA-453276","Regulation of mitotic cell cycle",50,0.141713048098729,0.622577803956527,0.957547169811321,1,0.935019112025875,4571,"tags=96%, list=78%, signal=21%","27338/996/5692/5704/5689/5686/7324/5684/5707/51433/5690/246184/51434/7311/5708/6233/1017/5718/26271/5700/11047/991/8881/4085/5702/6790/7316/5717/5685/4751/5688/7321/9861/6500/5705/890/5701/5713/5714/8454/9184/5683/9212/5347/11065/25906/7979/119504","BRCA1_tumour"
"R-HSA-2500257","Resolution of Sister Chromatid Cohesion",69,-0.156078328024391,-0.620729915161256,0.968484848484849,1,0.935019112025875,1481,"tags=26%, list=25%, signal=20%","9212/5347/11004/1783/5515/11130/9133/113130/57405/55166/10403/332/5905/55055/55839/54820/79682/79019","TotalCell"
"R-HSA-5663202","Diseases of signal transduction by growth factor receptors and second messengers",213,-0.136279955281836,-0.619654425066433,0.997835497835498,1,0.935019112025875,1387,"tags=22%, list=24%, signal=17%","5515/5439/102/1523/253260/4204/7979/3092/808/3280/11044/64223/1499/22808/23164/8826/3265/6868/3726/60/5432/1956/8841/207/4008/8323/8660/5595/6907/5687/5441/4915/1445/5604/598/4478/5292/5605/4627/1051/5782/1839/4067/5728/5879/2260","TotalCell"
"R-HSA-72163","mRNA Splicing - Major Pathway",142,0.113043996453216,0.618682446499424,0.990476190476191,1,0.935019112025875,1444,"tags=25%, list=25%, signal=20%","6638/26121/57703/85313/51639/53938/23451/5431/84991/22827/3178/10179/84811/2963/79753/11338/83443/3312/5437/22916/3188/55749/27258/5094/51747/58517/9416/79165/1660/8559/6635/59286/6432/25804/10283/6430","BRCA1_tumour"
"R-HSA-174178","APC/C:Cdh1 mediated degradation of Cdc20 and other APC/C:Cdh1 targeted proteins in late mitosis/early G1",42,0.140868312332011,0.617339573347245,0.954166666666667,1,0.935019112025875,1299,"tags=29%, list=22%, signal=22%","27338/996/5692/5704/5689/5686/7324/5684/5707/51433/5690/246184","BRCA1_tumour"
"R-HSA-187577","SCF(Skp2)-mediated degradation of p27/p21",38,-0.174347881536471,-0.616834234807032,0.958666666666667,1,0.935019112025875,2471,"tags=53%, list=42%, signal=31%","7316/5717/5685/5688/1027/9861/6500/5705/890/5701/5713/5714/8454/5683/1026/7979/6502/9134/5687/898","TotalCell"
"R-HSA-76061","RNA Polymerase III Transcription Initiation From Type 1 Promoter",20,0.172456644178639,0.615356446005799,0.93485342019544,1,0.935019112025875,1424,"tags=30%, list=24%, signal=23%","51082/10622/9330/5437/2971/55814","BRCA1_tumour"
"R-HSA-112315","Transmission across Chemical Synapses",51,-0.164495263774198,-0.61514468723212,0.954022988505747,1,0.935019112025875,1490,"tags=27%, list=25%, signal=21%","23229/5613/1175/8874/808/3265/8573/80331/5595/10681/2783/51422/5879/217","TotalCell"
"R-HSA-8854518","AURKA Activation by TPX2",39,0.143157718736837,0.613971929196697,0.96078431372549,1,0.935019112025875,1237,"tags=23%, list=21%, signal=18%","7846/5116/80184/5518/55755/10540/3320/3161/54801","BRCA1_tumour"
"R-HSA-5610783","Degradation of GLI2 by the proteasome",31,0.15165335309388,0.612599964737717,0.946043165467626,1,0.935019112025875,4558,"tags=97%, list=78%, signal=21%","5692/5704/5689/5686/5684/5707/5690/1452/7311/5708/5567/6233/5718/5700/11047/5702/7316/5717/5685/5688/9861/6500/9978/5705/5701/5713/5714/8454/5683/7979","BRCA1_tumour"
"R-HSA-5610785","GLI3 is processed to GLI3R by the proteasome",31,0.15165335309388,0.612599964737717,0.946043165467626,1,0.935019112025875,4558,"tags=97%, list=78%, signal=21%","5692/5704/5689/5686/5684/5707/5690/1452/7311/5708/5567/6233/5718/5700/11047/5702/7316/5717/5685/5688/9861/6500/9978/5705/5701/5713/5714/8454/5683/7979","BRCA1_tumour"
"R-HSA-5610780","Degradation of GLI1 by the proteasome",31,0.151449175238911,0.611775193348215,0.946043165467626,1,0.935019112025875,4558,"tags=97%, list=78%, signal=21%","5692/5704/5689/5686/5684/5707/5690/7311/8650/5708/5567/6233/5718/5700/11047/5702/7316/5717/5685/5688/9861/6500/9978/5705/5701/5713/5714/8454/5683/7979","BRCA1_tumour"
"R-HSA-187687","Signalling to ERKs",20,-0.200752076117268,-0.611359012901859,0.910791366906475,1,0.935019112025875,1019,"tags=40%, list=17%, signal=33%","4893/5594/1398/5898/3265/5595/5604/5605","TotalCell"
"R-HSA-73856","RNA Polymerase II Transcription Termination",48,0.137060933046689,0.610465146210435,0.982300884955752,1,0.935019112025875,1747,"tags=40%, list=30%, signal=28%","29894/10212/11338/84967/22916/79869/84321/53981/10978/84248/6635/6432/6430/84324/10569/1479/55110/4686/7919","BRCA1_tumour"
"R-HSA-2995383","Initiation of Nuclear Envelope (NE) Reformation",14,-0.219363107520835,-0.609539641113817,0.900900900900901,1,0.935019112025875,2334,"tags=57%, list=40%, signal=34%","7443/7444/23141/4000/2010/221496/5515/9133","TotalCell"
"R-HSA-936440","Negative regulators of DDX58/IFIH1 signaling",21,0.165576772206304,0.606497512943318,0.947712418300654,1,0.935019112025875,1875,"tags=48%, list=32%, signal=32%","9636/5094/3661/51191/29110/3093/7706/7311/9140/64135","BRCA1_tumour"
"R-HSA-9762114","GSK3B and BTRC:CUL1-mediated-degradation of NFE2L2",30,0.150240092326655,0.605426734714451,0.960714285714286,1,0.935019112025875,4558,"tags=97%, list=78%, signal=21%","5692/5704/5689/5686/5684/5707/5690/4780/7311/5708/6233/5718/5700/11047/5702/7316/5717/5685/5688/9861/6500/9978/5705/5701/5713/5714/8454/5683/7979","BRCA1_tumour"
"R-HSA-8949664","Processing of SMDT1",10,0.213331048663468,0.605029713241671,0.931034482758621,1,0.935019112025875,4601,"tags=100%, list=79%, signal=21%","79568/221154/10730/286097/55486/10367/10939/30968/55013/91689","BRCA1_tumour"
"R-HSA-9929356","GSK3B-mediated proteasomal degradation of PD-L1(CD274)",30,0.150091531069864,0.604828073230614,0.960714285714286,1,0.935019112025875,4558,"tags=97%, list=78%, signal=21%","5692/5704/5689/5686/5684/5707/5690/7311/5708/6233/5718/5700/11047/5702/7316/5717/5685/4751/5688/9861/6500/9978/5705/5701/5713/5714/8454/5683/7979","BRCA1_tumour"
"R-HSA-6807505","RNA polymerase II transcribes snRNA genes",48,0.135679118854149,0.604310588640062,0.982300884955752,1,0.935019112025875,1779,"tags=40%, list=30%, signal=28%","64859/51808/5431/23248/2963/5437/54973/22916/1022/84524/6827/65123/6829/80789/79035/6667/6617/4686/2957","BRCA1_tumour"
"R-HSA-389948","Co-inhibition by PD-1",98,-0.145937528031475,-0.604266749247684,0.988009592326139,1,0.935019112025875,2534,"tags=45%, list=43%, signal=26%","5562/1460/7316/3727/5717/5685/27248/4751/5688/23476/91445/9861/6500/9978/5705/8726/5701/23112/5713/2353/5714/8454/3659/84061/5683/7532/3113/7979/5928/27327/4790/1499/10613/2146/3123/9070/5687/1459/1445/7004/3122/51422/3119/3127","TotalCell"
"R-HSA-8854050","FBXL7 down-regulates AURKA during mitotic entry and in early mitosis",30,0.149897333828162,0.604045511132086,0.964285714285714,1,0.935019112025875,4558,"tags=97%, list=78%, signal=21%","5692/5704/5689/5686/5684/5707/5690/7311/5708/6233/5718/5700/11047/5702/6790/7316/5717/5685/5688/9861/6500/9978/5705/5701/5713/5714/8454/5683/7979","BRCA1_tumour"
"R-HSA-1643713","Signaling by EGFR in Cancer",15,0.183630755777863,0.600992195272202,0.953560371517028,1,0.935019112025875,1198,"tags=33%, list=20%, signal=27%","6654/5295/867/3320/5290","BRCA1_tumour"
"R-HSA-9679504","Translation of Replicase and Assembly of the Replication Transcription Complex",10,-0.238586292100667,-0.600752092411997,0.9056,1,0.935019112025875,319,"tags=70%, list=5%, signal=66%","51652/91782/7405/29082/128866/92421/79643","TotalCell"
"R-HSA-350054","Notch-HLH transcription pathway",13,0.18996831375474,0.598185314048176,0.942363112391931,1,0.935019112025875,1750,"tags=46%, list=30%, signal=32%","3066/79718/4853/22938/4851/2648","BRCA1_tumour"
"R-HSA-8878166","Transcriptional regulation by RUNX2",54,-0.158391858532761,-0.597365595524273,0.961880559085133,1,0.935019112025875,2471,"tags=54%, list=42%, signal=31%","7316/5717/5685/5688/9861/6500/9978/4089/5705/5594/5701/5713/5714/8454/1749/5683/1026/7979/6662/3280/59269/8841/6502/207/5595/5687/3958/2908/865","TotalCell"
"R-HSA-174113","SCF-beta-TrCP mediated degradation of Emi1",30,0.147903846698398,0.596012299856869,0.964285714285714,1,0.935019112025875,4558,"tags=97%, list=78%, signal=21%","5692/5704/5689/5686/5684/5707/5690/7311/5708/6233/5718/26271/5700/11047/991/5702/7316/5717/5685/5688/9861/6500/5705/5701/5713/5714/8454/5683/7979","BRCA1_tumour"
"R-HSA-195253","Degradation of beta-catenin by the destruction complex",44,0.135529832257722,0.595601391859044,0.979253112033195,1,0.935019112025875,954,"tags=20%, list=16%, signal=17%","324/7091/5692/5518/5704/5689/5686/5684/5519","BRCA1_tumour"
"R-HSA-211000","Gene Silencing by RNA",25,0.155274371025246,0.594739513283162,0.948275862068966,1,0.935019112025875,1351,"tags=28%, list=23%, signal=22%","5431/144233/8575/5437/3320/6895/23405","BRCA1_tumour"
"R-HSA-5619115","Disorders of transmembrane transporters",73,0.122851172614713,0.592271879427641,0.977653631284916,1,0.935019112025875,1490,"tags=29%, list=25%, signal=22%","30061/6566/57122/5692/6520/5704/129401/5689/5686/23636/5684/5903/79023/8021/5707/5690/9197/8086/6396/55746/4891","BRCA1_tumour"
"R-HSA-917729","Endosomal Sorting Complex Required For Transport (ESCRT)",23,-0.1895803326874,-0.591770366862481,0.928263988522238,1,0.935019112025875,2471,"tags=48%, list=42%, signal=28%","7316/51510/29082/128866/51271/9146/92421/137492/9525/27183/79643","TotalCell"
"R-HSA-9013026","RHOB GTPase cycle",29,-0.178113384093609,-0.591119710707293,0.940771349862259,1,0.935019112025875,2246,"tags=48%, list=38%, signal=30%","2040/4649/23002/23263/9341/7984/65124/9181/1729/54443/11214/3728/9748/857","TotalCell"
"R-HSA-5362768","Hh mutants are degraded by ERAD",30,0.14668928761294,0.59111795687665,0.964285714285714,1,0.935019112025875,4558,"tags=97%, list=78%, signal=21%","5692/5704/5689/5686/5684/5707/5690/7311/5708/10956/6233/6400/5718/5700/11047/51009/5702/7316/5717/5685/27248/5688/9861/5705/5701/5713/5714/5683/7979","BRCA1_tumour"
"R-HSA-111996","Ca-dependent events",10,0.207505140507197,0.5885068134423,0.952254641909814,1,0.935019112025875,4635,"tags=100%, list=79%, signal=21%","5580/5576/801/5567/805/10645/3838/5594/5613/808","BRCA1_tumour"
"R-HSA-1489509","DAG and IP3 signaling",10,0.207505140507197,0.5885068134423,0.952254641909814,1,0.935019112025875,4635,"tags=100%, list=79%, signal=21%","5580/5576/801/5567/3710/805/10645/3838/5613/808","BRCA1_tumour"
"R-HSA-5358346","Hedgehog ligand biogenesis",32,0.142550048342445,0.586969410485529,0.95970695970696,1,0.935019112025875,1287,"tags=25%, list=22%, signal=20%","55733/5692/5704/5689/5686/5684/5707/5690","BRCA1_tumour"
"R-HSA-5653656","Vesicle-mediated transport",295,-0.125253048620385,-0.586313465279996,0.998949579831933,1,0.935019112025875,2063,"tags=34%, list=35%, signal=23%","4738/9267/89781/7534/6272/374/26258/2873/6711/829/10749/9341/23647/26984/25839/140735/51271/81876/6844/23256/10121/6399/27333/10980/11345/23423/7164/27131/10552/84364/23062/9318/9146/92421/9493/5898/51256/5870/409/55330/2810/11004/11336/1783/9585/1175/7532/1523/2664/286451/3092/8301/1075/11015/137492/7533/808/3833/6845/10282/23557/10175/51622/9525/5874/382/2706/60/6455/1956/55707/207/11014/2589/3257/29763/2157/22848/8766/1785/2707/2017/27183/11252/10652/1212/54453/4627/5873/51422/79643/832/1839/5879/30011/2709/6288/163259/6280","TotalCell"
"R-HSA-1251985","Nuclear signaling by ERBB4",10,-0.232597007423916,-0.585671279218878,0.92,1,0.935019112025875,1016,"tags=20%, list=17%, signal=17%","6868/1839","TotalCell"
"R-HSA-73887","Death Receptor Signaling",62,-0.149789838589616,-0.583704375989443,0.973006134969325,1,0.935019112025875,2376,"tags=44%, list=41%, signal=26%","5663/7321/8887/6885/26574/8772/23263/10616/7984/1540/7322/387/9181/90268/23229/8874/4790/445328/6868/11214/8841/835/84888/8517/3654/4792/5879","TotalCell"
"R-HSA-438064","Post NMDA receptor activation events",26,-0.180310331894735,-0.583681854808564,0.9375,1,0.935019112025875,1640,"tags=31%, list=28%, signal=22%","6195/5613/8874/808/3265/5595/51422/5879","TotalCell"
"R-HSA-6807070","PTEN Regulation",80,-0.14357560933773,-0.583105998245017,0.985594237695078,1,0.935019112025875,1290,"tags=48%, list=22%, signal=38%","1460/7316/5717/5685/5688/9861/64121/6015/5987/5705/8726/23466/5594/5701/23112/80351/5713/5714/23028/5683/55004/7979/23608/5928/27327/64223/8535/8841/207/2146/6009/5595/5687/1958/1459/6591/1912/5728","TotalCell"
"R-HSA-71403","Citric acid cycle (TCA cycle)",24,-0.183588106371393,-0.581982329401878,0.937853107344633,1,0.935019112025875,1801,"tags=29%, list=31%, signal=20%","1738/4191/3418/3421/50/3419/4967","TotalCell"
"R-HSA-9645723","Diseases of programmed cell death",24,-0.18348955291119,-0.581669910621199,0.937853107344633,1,0.935019112025875,2189,"tags=42%, list=37%, signal=26%","8772/8726/1020/4000/824/5558/5928/2146/994/6648","TotalCell"
"R-HSA-8978934","Metabolism of cofactors",17,-0.197528101465758,-0.579622561808173,0.935672514619883,1,0.935019112025875,1324,"tags=29%, list=23%, signal=23%","10229/6697/808/207/57017","TotalCell"
"R-HSA-8953897","Cellular responses to stimuli",462,-0.120837717196566,-0.577347897469955,1,1,0.935019112025875,1339,"tags=19%, list=23%, signal=16%","253260/7422/11065/25906/1349/7979/119504/4494/11015/4512/5928/27327/808/6218/4361/4790/8894/23645/4514/1465/440/64223/1499/4323/528/91582/9688/4513/8535/6176/3068/8841/6502/90423/116832/207/2730/2146/10499/4493/6009/9134/573/5595/6907/6696/2539/6923/5687/1459/529/10681/4501/26277/9531/1032/2908/64784/598/8517/57761/2783/65057/133/1031/1870/10049/4502/526/7027/3397/302/51065/1051/4097/118460/832/4495/3339/1912/6095/3490/6648/26353/4792/644/898/1869/6347/112399","TotalCell"
"R-HSA-162594","Early Phase of HIV Life Cycle",11,0.197602725586565,0.576351976110397,0.950684931506849,1,0.935019112025875,712,"tags=18%, list=12%, signal=16%","7518/7520","BRCA1_tumour"
"R-HSA-5632684","Hedgehog 'on' state",36,0.135938452811192,0.575931417801209,0.973282442748092,1,0.935019112025875,2041,"tags=47%, list=35%, signal=31%","5692/5704/91653/5689/5686/5684/5707/5690/8405/11127/1452/7311/8650/5708/79577/22873/6233","BRCA1_tumour"
"R-HSA-450604","KSRP (KHSRP) binds and destabilizes mRNA",12,-0.214948730340331,-0.571804667874098,0.92093023255814,1,0.935019112025875,895,"tags=50%, list=15%, signal=42%","8570/23016/51013/7534/207/118460","TotalCell"
"R-HSA-453274","Mitotic G2-G2/M phases",109,-0.135737978660977,-0.57067967113241,0.998831775700935,1,0.935019112025875,2493,"tags=46%, list=43%, signal=27%","1453/151648/7316/5717/5685/4751/5688/84617/9861/55142/6500/9978/5705/890/5701/22974/5713/23354/51400/22919/10121/10142/9702/10844/5714/2305/8454/5683/27229/1026/5347/5515/7465/51451/7532/7979/9133/5928/10426/51512/1454/1069/5687/4605/28227/994/54820/9088/22995/1869","TotalCell"
"R-HSA-9609646","HCMV Infection",63,-0.145603172657481,-0.569916521704759,0.975669099756691,1,0.935019112025875,1407,"tags=22%, list=24%, signal=17%","1783/10762/137492/5928/4790/9688/1956/8841/2146/2002/6907/27183/79643/1052","TotalCell"
"R-HSA-4641258","Degradation of DVL",28,0.143999814647467,0.569602232784404,0.96797153024911,1,0.935019112025875,4558,"tags=96%, list=78%, signal=21%","5692/5704/5689/5686/5684/5707/5690/7311/5708/6233/5718/5700/11047/1857/5702/7316/5717/5685/5688/9861/9978/5705/5701/5713/5714/5683/7979","BRCA1_tumour"
"R-HSA-5696395","Formation of Incision Complex in GG-NER",30,0.140646492434663,0.566767134824582,0.978571428571429,1,0.935019112025875,5028,"tags=100%, list=86%, signal=14%","902/4331/142/404672/1642/1022/7341/7334/7311/1643/5887/5886/6233/6612/2967/6613/10038/8450/7316/10401/9978/2067/6117/6119/6118/7336/8451/8554/7329/1069","BRCA1_tumour"
"R-HSA-72203","Processing of Capped Intron-Containing Pre-mRNA",206,0.0973136748762887,0.565155243858785,1,1,0.935019112025875,1911,"tags=36%, list=33%, signal=25%","6638/26121/57122/57703/85313/51639/53938/23451/5431/29894/84991/22827/10212/3178/10179/84811/129401/2963/79753/11338/83443/3312/5437/23636/22916/5903/79869/84321/53981/3188/55749/79023/10978/27258/5094/51747/84248/58517/8021/9416/79165/1660/8559/6635/59286/6432/25804/10283/8086/6396/6430/55746/55660/84324/10569/1479/22938/163859/10915/55110/4686/85437/7919/7311/55599/10946/7175/988/23517/57794/5436/10914/8480/55696/6636","BRCA1_tumour"
"R-HSA-9694676","Translation of Replicase and Assembly of the Replication Transcription Complex",11,-0.216681757946279,-0.563006186142315,0.927786499215071,1,0.935019112025875,319,"tags=64%, list=5%, signal=60%","51652/91782/7405/29082/128866/92421/79643","TotalCell"
"R-HSA-9755511","KEAP1-NFE2L2 pathway",66,-0.14215252434714,-0.560135950230219,0.99023199023199,1,0.935019112025875,919,"tags=44%, list=16%, signal=37%","1460/7316/5717/5685/5688/9861/6500/9978/5705/9817/5701/374/5713/5714/8454/5683/1026/55666/7979/4790/6502/207/2730/2539/5687/1459/598/4097/6347","TotalCell"
"R-HSA-69601","Ubiquitin-Mediated Degradation of Phosphorylated Cdc25A",35,0.132851488556187,0.559973603353118,0.961977186311787,1,0.935019112025875,5074,"tags=100%, list=87%, signal=13%","1111/5692/5704/5689/5686/5684/5707/5690/1452/7311/5708/6233/5718/5700/11047/11200/5702/23291/7316/5717/5685/5688/9861/6500/9978/5705/5701/5713/5714/8454/5683/7979/1454/1263/5687","BRCA1_tumour"
"R-HSA-69613","p53-Independent G1/S DNA Damage Checkpoint",35,0.132851488556187,0.559973603353118,0.961977186311787,1,0.935019112025875,5074,"tags=100%, list=87%, signal=13%","1111/5692/5704/5689/5686/5684/5707/5690/1452/7311/5708/6233/5718/5700/11047/11200/5702/23291/7316/5717/5685/5688/9861/6500/9978/5705/5701/5713/5714/8454/5683/7979/1454/1263/5687","BRCA1_tumour"
"R-HSA-3232118","SUMOylation of transcription factors",11,0.191602399314482,0.558850699779534,0.961643835616438,1,0.935019112025875,4728,"tags=100%, list=81%, signal=19%","4193/1029/7341/6612/6613/9112/7020/10401/7022/8554/7329","BRCA1_tumour"
"R-HSA-8948751","Regulation of PTEN stability and activity",37,-0.157530339480852,-0.558723205381683,0.973474801061008,1,0.935019112025875,2503,"tags=51%, list=43%, signal=30%","1460/7316/5717/5685/5688/9861/5987/5705/5701/80351/5713/5714/5683/7979/23608/207/5687/1459/5728","TotalCell"
"R-HSA-5389840","Mitochondrial translation elongation",64,0.120718047025976,0.557841498406229,0.978142076502732,1,0.935019112025875,1098,"tags=20%, list=19%, signal=17%","10102/65080/28977/54948/54148/118487/3396/64960/51649/64432/64965/57129/65005","BRCA1_tumour"
"R-HSA-180534","Vpu mediated degradation of CD4",27,0.142511674339601,0.557580404653118,0.974910394265233,1,0.935019112025875,4558,"tags=96%, list=78%, signal=21%","5692/5704/5689/5686/5684/5707/5690/7311/5708/6233/5718/5700/11047/5702/7316/5717/5685/5688/9861/6500/5705/5701/5713/5714/5683/7979","BRCA1_tumour"
"R-HSA-167238","Pausing and recovery of Tat-mediated HIV elongation",21,-0.1821490255881,-0.557452748209752,0.956896551724138,1,0.935019112025875,1384,"tags=24%, list=24%, signal=18%","5439/7936/5432/6923/5441","TotalCell"
"R-HSA-167243","Tat-mediated HIV elongation arrest and recovery",21,-0.1821490255881,-0.557452748209752,0.956896551724138,1,0.935019112025875,1384,"tags=24%, list=24%, signal=18%","5439/7936/5432/6923/5441","TotalCell"
"R-HSA-199991","Membrane Trafficking",286,-0.119167932304098,-0.556324354930583,1,1,0.935019112025875,2063,"tags=34%, list=35%, signal=23%","4738/9267/89781/7534/6272/374/26258/2873/6711/829/10749/9341/23647/26984/25839/140735/51271/81876/6844/23256/10121/6399/27333/10980/11345/23423/7164/27131/10552/84364/23062/9318/9146/92421/9493/5898/51256/5870/409/55330/2810/11004/11336/1783/9585/1175/7532/1523/2664/286451/3092/8301/1075/11015/137492/7533/808/3833/6845/10282/23557/10175/51622/9525/5874/382/2706/60/6455/1956/55707/207/11014/2589/3257/29763/2157/22848/8766/1785/2707/2017/27183/11252/10652/1212/54453/4627/5873/51422/79643/832/1839/5879/30011/2709/163259","TotalCell"
"R-HSA-4615885","SUMOylation of DNA replication proteins",33,0.13505331913837,0.556147225044251,0.958333333333333,1,0.935019112025875,1466,"tags=33%, list=25%, signal=25%","57122/129401/23636/5903/79023/8021/7155/8086/6396/55746/7341","BRCA1_tumour"
"R-HSA-162909","Host Interactions of HIV factors",73,-0.138997505403449,-0.555741048507593,0.990279465370595,1,0.935019112025875,790,"tags=41%, list=14%, signal=36%","7316/5717/5685/5688/9861/6500/9978/5705/5701/1104/23279/5713/6921/55706/9631/5714/3836/5683/1175/10762/7979/9688/6923/5687/5905/5478/567/9844/5879/3105","TotalCell"
"R-HSA-9839923","Dengue Virus Infection",214,-0.121828921022168,-0.554918883559947,1,1,0.935019112025875,571,"tags=18%, list=10%, signal=17%","55666/23478/5439/1175/10907/3191/57461/51729/23450/253260/6629/8974/64223/1499/8896/7329/5432/10921/5824/10084/6627/5093/5441/60559/10898/5045/10189/9672/6385/25777/3339/4792/2817/4067/716/9076/5627/10082/2621","TotalCell"
"R-HSA-5689880","Ub-specific processing proteases",81,-0.136363511923336,-0.554833797492998,0.991576413959085,1,0.935019112025875,2515,"tags=43%, list=43%, signal=25%","63967/7316/5717/5685/5688/9861/84196/6885/4089/5705/890/9817/9097/5701/80351/5713/1540/5714/4087/7419/9101/7416/9146/9986/5683/409/7979/6502/6881/5687/11274/8517/4792/5728/6478","TotalCell"
"R-HSA-8866654","E3 ubiquitin ligases ubiquitinate target proteins",26,-0.171188334895791,-0.554153074777204,0.954166666666667,1,0.935019112025875,394,"tags=46%, list=7%, signal=43%","123169/23168/7316/7321/51255/220441/7319/7322/7320/7336/55829/3105","TotalCell"
"R-HSA-5619084","ABC transporter disorders",34,0.132828630419821,0.552043969480065,0.969230769230769,1,0.935019112025875,5074,"tags=100%, list=87%, signal=13%","5692/5704/5689/5686/5684/5707/5690/7311/5708/10956/6233/6400/5718/5826/5700/11047/51009/79139/5702/7316/5717/5685/27248/5688/91445/9861/5705/5701/5713/5714/5683/7979/10613/5687","BRCA1_tumour"
"R-HSA-9833109","Evasion by RSV of host interferon responses",15,0.1680255618762,0.549919052862691,0.978328173374613,1,0.935019112025875,3956,"tags=93%, list=68%, signal=30%","8065/5610/3661/7706/7311/64135/6233/6773/3454/1387/3716/7316/9978/6921","BRCA1_tumour"
"R-HSA-8941858","Regulation of RUNX3 expression and activity",30,0.136346661908974,0.549439986560232,0.982142857142857,1,0.935019112025875,1287,"tags=30%, list=22%, signal=24%","5692/5704/5689/5686/5684/4193/1029/5707/5690","BRCA1_tumour"
"R-HSA-9648025","EML4 and NUDC in mitotic spindle formation",64,-0.139793693170681,-0.547278222083023,0.986568986568987,1,0.935019112025875,1481,"tags=28%, list=25%, signal=21%","10726/9184/9212/5347/11004/1783/5515/11130/57405/55166/10403/332/5905/55055/55839/54820/79682/79019","TotalCell"
"R-HSA-5678895","Defective CFTR causes cystic fibrosis",33,0.132805780147944,0.546891898476356,0.96969696969697,1,0.935019112025875,5074,"tags=100%, list=87%, signal=13%","5692/5704/5689/5686/5684/5707/5690/7311/5708/10956/6233/6400/5718/5700/11047/51009/79139/5702/7316/5717/5685/27248/5688/91445/9861/5705/5701/5713/5714/5683/7979/10613/5687","BRCA1_tumour"
"R-HSA-5658442","Regulation of RAS by GAPs",32,0.132782937736498,0.546751990560511,0.974358974358974,1,0.935019112025875,5074,"tags=100%, list=87%, signal=13%","5692/5704/5689/5686/5684/5707/5690/4763/7311/5708/6233/5718/9462/5700/11047/5702/7316/5717/5685/5688/9861/9978/5922/5705/4893/5701/5713/5714/5683/7979/3265/5687","BRCA1_tumour"
"R-HSA-9604323","Negative regulation of NOTCH4 signaling",33,-0.159100367134051,-0.546066100092779,0.971544715447154,1,0.935019112025875,2471,"tags=55%, list=42%, signal=32%","7316/5717/5685/5688/9861/6500/9978/5705/10460/5701/7534/5713/5714/8454/5683/7979/207/5687","TotalCell"
"R-HSA-167172","Transcription of the HIV genome",41,0.124489091213858,0.544321490886836,0.967479674796748,1,0.935019112025875,1891,"tags=39%, list=32%, signal=27%","902/5431/4331/2963/404672/5437/22916/1022/6827/8148/83860/6829/4686/2957/6873/5436","BRCA1_tumour"
"R-HSA-9934037","Formation of neuronal progenitor and neuronal BAF (npBAF and nBAF)",16,0.163293310463122,0.543684189020118,0.972136222910217,1,0.935019112025875,4894,"tags=100%, list=84%, signal=16%","86/5977/6601/64919/57492/6602/6599/55274/6605/6595/6603/6760/6597/9275/9274/60","BRCA1_tumour"
"R-HSA-8951664","Neddylation",121,-0.126988277069496,-0.54177051446462,0.998862343572241,1,0.935019112025875,2471,"tags=43%, list=42%, signal=25%","7316/26224/5717/5685/26263/5688/25793/9903/7321/9861/6500/51514/9978/5705/9817/55884/5701/4738/2873/5713/27252/6921/9306/10980/5714/8454/7322/9318/5683/1026/90864/79176/55666/8451/7979/10116/51667/80344/150684/6502/4008/6923/332/6468/114907/5687/9040/57542/122416/9021/8139/90135","TotalCell"
"R-HSA-167287","HIV elongation arrest and recovery",22,-0.175036269950426,-0.539734153293027,0.959537572254335,1,0.935019112025875,1384,"tags=23%, list=24%, signal=17%","5439/7936/5432/6923/5441","TotalCell"
"R-HSA-167290","Pausing and recovery of HIV elongation",22,-0.175036269950426,-0.539734153293027,0.959537572254335,1,0.935019112025875,1384,"tags=23%, list=24%, signal=17%","5439/7936/5432/6923/5441","TotalCell"
"R-HSA-9918481","Dengue Virus-Host Interactions",146,-0.123421467477092,-0.535530693947917,0.998881431767338,1,0.935019112025875,1384,"tags=19%, list=24%, signal=15%","5439/10907/3191/57461/51729/23450/253260/6629/64223/1499/8896/7329/5432/10921/5824/10084/6627/5093/5441/10898/10189/9672/6385/3339/4792/2817/716/10082","TotalCell"
"R-HSA-6781827","Transcription-Coupled Nucleotide Excision Repair (TC-NER)",49,-0.143498758077319,-0.535380562668602,0.987212276214834,1,0.935019112025875,2000,"tags=35%, list=34%, signal=23%","2873/2067/5985/10980/6117/10714/6119/9318/6118/5439/57461/8451/5983/5982/5432/5441/5425","TotalCell"
"R-HSA-180585","Vif-mediated degradation of APOBEC3G",30,0.13273727647868,0.534895144357674,0.989285714285714,1,0.935019112025875,5074,"tags=100%, list=87%, signal=13%","5692/5704/8065/5689/5686/5684/5707/5690/7311/5708/6233/5718/5700/11047/5702/7316/5717/5685/5688/9861/9978/5705/5701/5713/6921/5714/5683/7979/6923/5687","BRCA1_tumour"
"R-HSA-9824272","Somitogenesis",26,0.138775773967231,0.533961526200603,0.971631205673759,1,0.935019112025875,1410,"tags=31%, list=24%, signal=23%","5692/5704/5689/5686/5684/5707/5690/2043","BRCA1_tumour"
"R-HSA-6781823","Formation of TC-NER Pre-Incision Complex",35,0.12662536150821,0.533730263245452,0.984790874524715,1,0.935019112025875,908,"tags=17%, list=16%, signal=15%","902/5431/4331/404672/5437/1642","BRCA1_tumour"
"R-HSA-5676590","NIK-->noncanonical NF-kB signaling",32,-0.157788423039073,-0.533627391040069,0.98079561042524,1,0.935019112025875,2471,"tags=56%, list=42%, signal=33%","5702/23291/7316/5717/5685/5688/9861/6500/5705/5701/5713/5714/8454/5683/7979/5687/9040/5971","TotalCell"
"R-HSA-8854214","TBC/RABGAPs",18,-0.178835390577002,-0.53035587597897,0.960755813953488,1,0.935019112025875,1807,"tags=33%, list=31%, signal=23%","11345/23062/51256/5870/382/8766","TotalCell"
"R-HSA-5688426","Deubiquitination",122,-0.123046206648102,-0.526222325476388,1,1,0.935019112025875,2435,"tags=42%, list=42%, signal=25%","5717/5685/5688/84282/7321/9861/84196/6885/283899/4089/5705/23172/890/9817/9097/5701/3607/4738/80351/5713/1540/5714/4087/7419/9101/387/7416/125476/9146/9986/5683/409/10617/7979/171023/10318/79155/79184/9929/60/6502/6881/5687/221937/11274/8517/55593/4792/5728/6478/64127","TotalCell"
"R-HSA-2990846","SUMOylation",95,-0.127062954982598,-0.525110962898947,0.998802395209581,1,0.935019112025875,1294,"tags=18%, list=22%, signal=14%","8554/9189/10055/7329/9688/8535/10499/1069/332/4929/2908/5905/8517/3622/1912/6095/4792","TotalCell"
"R-HSA-69017","CDK-mediated phosphorylation and removal of Cdc6",42,0.119477260803217,0.523595690101801,0.975,1,0.935019112025875,1299,"tags=29%, list=22%, signal=22%","27338/996/5692/5704/5689/5686/7324/5684/5707/51433/5690/246184","BRCA1_tumour"
"R-HSA-381119","Unfolded Protein Response (UPR)",57,-0.136133726763801,-0.519550081174196,0.993765586034913,1,0.935019112025875,350,"tags=44%, list=6%, signal=42%","51726/2081/64764/8570/10954/1663/7094/23016/4189/55062/30827/2673/51013/4802/4000/10488/5611/9709/11015/8894/440/3068/1051/118460/6347","TotalCell"
"R-HSA-450513","Tristetraprolin (TTP, ZFP36) binds and destabilizes mRNA",14,-0.186793091980582,-0.519038025742636,0.962462462462462,1,0.935019112025875,317,"tags=100%, list=5%, signal=95%","167227/56915/5393/54464/51010/7538/3842/22894/7529/9261/23016/51013/118460","TotalCell"
"R-HSA-5607761","Dectin-1 mediated noncanonical NF-kB signaling",33,-0.151051206706486,-0.518439679595598,0.978319783197832,1,0.935019112025875,2471,"tags=48%, list=42%, signal=28%","7316/5717/5685/5688/9861/6500/5705/5701/5713/5714/8454/5683/7979/5687/9040/5971","TotalCell"
"R-HSA-9609523","Insertion of tail-anchored proteins into the endoplasmic reticulum membrane",14,-0.186470585275562,-0.518141883162162,0.962462462462462,1,0.935019112025875,728,"tags=29%, list=12%, signal=25%","6844/2010/5621/8266","TotalCell"
"R-HSA-73894","DNA Repair",161,-0.117793338175238,-0.518046774464036,1,1,0.935019112025875,1603,"tags=25%, list=27%, signal=19%","10714/6119/125476/9318/4350/6118/7336/83695/55666/5883/2140/5439/57461/8451/8554/7979/9246/116028/4361/7329/79184/5983/2175/5982/60/5432/201254/5810/1069/55215/22976/26277/5441/23514/4255/65057/9768/5425/3364/27434","TotalCell"
"R-HSA-9837999","Mitochondrial protein degradation",72,-0.129428766755072,-0.516701798062675,0.99390243902439,1,0.935019112025875,1441,"tags=21%, list=25%, signal=16%","27089/6182/3418/4712/3028/50/91689/5832/4512/4513/2746/1632/3419/4967/217","TotalCell"
"R-HSA-9759194","Nuclear events mediated by NFE2L2",54,-0.136819293313063,-0.516005932288895,0.98856416772554,1,0.935019112025875,2471,"tags=43%, list=42%, signal=25%","7316/5717/5685/5688/9861/6500/9978/5705/9817/5701/374/5713/5714/8454/5683/7979/4790/2730/2539/5687/598/4097/6347","TotalCell"
"R-HSA-9711123","Cellular response to chemical stress",108,-0.122870816052644,-0.515989778971576,1,1,0.935019112025875,1569,"tags=23%, list=27%, signal=17%","5683/1026/318/10498/55666/1349/7979/4512/4790/4514/4513/8841/6502/207/2730/10499/6907/2539/5687/1459/598/4097/6648/644/6347","TotalCell"
"R-HSA-1295596","Spry regulation of FGF signaling",12,0.168827042905614,0.515818136720656,0.977591036414566,1,0.935019112025875,1328,"tags=33%, list=23%, signal=26%","5781/5518/867/673","BRCA1_tumour"
"R-HSA-5689901","Metalloprotease DUBs",11,-0.198457583547558,-0.515654147737862,0.956043956043956,1,0.935019112025875,4689,"tags=100%, list=80%, signal=20%","9577/8027/7311/6233/114803/51720/7316/23172/10617/79184","TotalCell"
"R-HSA-5368287","Mitochondrial translation",83,0.103167468407547,0.513819905337511,1,1,0.935019112025875,5072,"tags=99%, list=87%, signal=13%","10102/65080/28977/54948/54148/219402/118487/3396/64960/51649/64432/64965/57129/65005/4535/54534/64968/92399/9553/51116/64981/10884/29074/64975/51264/4528/54998/6183/11222/90480/4541/29093/51258/85476/65003/51021/64983/55173/219927/4536/65008/4508/51642/64949/51081/4519/51263/115416/65993/26284/64969/4706/51318/7284/6150/5018/51253/63875/55168/4540/60488/51073/128308/79590/51069/740/28998/51373/54471/4538/4537/6182/4539/4512/4514/28973/10573/4513/84545/26589/64963/123263","BRCA1_tumour"
"R-HSA-167242","Abortive elongation of HIV-1 transcript in the absence of Tat",18,0.146589371463129,0.511729578381599,0.987261146496815,1,0.935019112025875,1891,"tags=44%, list=32%, signal=30%","5431/2963/5437/22916/6827/6829/4686/5436","BRCA1_tumour"
"R-HSA-450531","Regulation of mRNA stability by proteins that bind AU-rich elements",53,0.11416711989222,0.510446704493014,0.990825688073395,1,0.935019112025875,1287,"tags=26%, list=22%, signal=21%","5580/5692/5704/5689/1981/3312/5686/54512/5684/167227/56915/8021/5707/5690","BRCA1_tumour"
"R-HSA-5601884","PIWI-interacting RNA (piRNA) biogenesis",12,-0.190631558152905,-0.507116346411332,0.962790697674419,1,0.935019112025875,1384,"tags=25%, list=24%, signal=19%","5439/5432/5441","TotalCell"
"R-HSA-69275","G2/M Transition",108,-0.11958407448337,-0.502187273947605,1,1,0.935019112025875,2493,"tags=45%, list=43%, signal=27%","1453/151648/7316/5717/5685/4751/5688/84617/9861/55142/6500/9978/5705/890/5701/22974/5713/23354/51400/22919/10121/10142/9702/10844/5714/2305/8454/5683/27229/1026/5347/5515/7465/51451/7532/7979/9133/5928/10426/51512/1454/1069/5687/4605/28227/994/54820/9088/22995","TotalCell"
"R-HSA-72172","mRNA Splicing",149,0.0898876900951014,0.501395653770781,1,1,0.935019112025875,1444,"tags=24%, list=25%, signal=19%","6638/26121/57703/85313/51639/53938/23451/5431/84991/22827/3178/10179/84811/2963/79753/11338/83443/3312/5437/22916/3188/55749/27258/5094/51747/58517/9416/79165/1660/8559/6635/59286/6432/25804/10283/6430","BRCA1_tumour"
"R-HSA-68882","Mitotic Anaphase",138,-0.115824754376001,-0.500843553225191,1,1,0.935019112025875,2489,"tags=46%, list=43%, signal=27%","151648/7316/79980/5717/5685/9126/29082/5688/128866/84617/7321/9861/7443/81565/7444/5705/5701/1104/23279/6232/5713/91687/140735/55706/22919/9631/23141/5714/4000/10726/2010/221496/9184/5683/92421/9212/5347/11004/1783/5515/11065/25906/11130/7979/119504/9133/7329/113130/57405/9688/55166/9798/10403/332/5687/5905/27183/55055/55839/54820/79682/79643/79019","TotalCell"
"R-HSA-6782210","Gap-filling DNA repair synthesis and ligation in TC-NER",41,-0.139925424245721,-0.50026587167555,0.996031746031746,1,0.935019112025875,1603,"tags=27%, list=27%, signal=20%","10714/6119/6118/5439/57461/8451/5983/5982/5432/5441/5425","TotalCell"
"R-HSA-9907900","Proteasome assembly",36,-0.142136395715979,-0.497978335010912,0.987837837837838,1,0.935019112025875,2435,"tags=44%, list=42%, signal=26%","5717/5685/5688/9861/5705/5701/5713/5714/5683/5696/7979/5720/5721/84262/5687/5698","TotalCell"
"R-HSA-450385","Butyrate Response Factor 1 (BRF1) binds and destabilizes mRNA",14,-0.179099023301813,-0.497658679351328,0.968468468468468,1,0.935019112025875,895,"tags=50%, list=15%, signal=42%","7529/9261/23016/51013/677/207/118460","TotalCell"
"R-HSA-166208","mTORC1-mediated signalling",14,-0.178392227311568,-0.495694720237585,0.968468468468468,1,0.935019112025875,1500,"tags=29%, list=26%, signal=21%","55004/64223/6009/1978","TotalCell"
"R-HSA-2555396","Mitotic Metaphase and Anaphase",139,-0.114561868678201,-0.495644334976716,1,1,0.935019112025875,2489,"tags=45%, list=43%, signal=27%","151648/7316/79980/5717/5685/9126/29082/5688/128866/84617/7321/9861/7443/81565/7444/5705/5701/1104/23279/6232/5713/91687/140735/55706/22919/9631/23141/5714/4000/10726/2010/221496/9184/5683/92421/9212/5347/11004/1783/5515/11065/25906/11130/7979/119504/9133/7329/113130/57405/9688/55166/9798/10403/332/5687/5905/27183/55055/55839/54820/79682/79643/79019","TotalCell"
"R-HSA-69002","DNA Replication Pre-Initiation",61,-0.127377967462739,-0.495574834821311,0.995092024539877,1,0.935019112025875,2471,"tags=49%, list=42%, signal=29%","7316/5717/5685/5688/7321/9861/23595/5705/4171/55388/5701/5713/6117/990/5714/23633/3836/6119/5683/4173/10926/6118/5558/11065/25906/7979/119504/5687/23594/81620","TotalCell"
"R-HSA-3108232","SUMO E3 ligases SUMOylate target proteins",93,-0.120029057729706,-0.494976023121815,1,1,0.935019112025875,1120,"tags=18%, list=19%, signal=15%","10762/8554/9189/7329/9688/8535/10499/1069/332/4929/2908/5905/8517/3622/1912/6095/4792","TotalCell"
"R-HSA-1660661","Sphingolipid de novo biosynthesis",19,-0.16492802665174,-0.494452318899993,0.973837209302326,1,0.935019112025875,843,"tags=26%, list=14%, signal=23%","1455/171546/8877/2531/80777","TotalCell"
"R-HSA-199992","trans-Golgi Network Vesicle Budding",38,-0.139677537768561,-0.494172262776694,0.993333333333333,1,0.935019112025875,2033,"tags=34%, list=35%, signal=22%","6272/26258/6844/7164/27131/9146/55330/286451/8301/6845/23557/1785/1212","TotalCell"
"R-HSA-9013507","NOTCH3 Activation and Transmission of Signal to the Nucleus",12,-0.185635927322592,-0.493827014470521,0.970542635658915,1,0.935019112025875,4764,"tags=50%, list=81%, signal=9%","7316/182/5663/10460/102/1956","TotalCell"
"R-HSA-5213460","RIPK1-mediated regulated necrosis",11,-0.189374464438732,-0.492053396589238,0.973312401883831,1,0.935019112025875,4742,"tags=100%, list=81%, signal=19%","841/7311/6233/329/10273/330/7316/8772/11140/57162","TotalCell"
"R-HSA-5675482","Regulation of necroptotic cell death",11,-0.189374464438732,-0.492053396589238,0.973312401883831,1,0.935019112025875,4742,"tags=100%, list=81%, signal=19%","841/7311/6233/329/10273/330/7316/8772/11140/57162","TotalCell"
"R-HSA-72165","mRNA Splicing - Minor Pathway",40,-0.136989298371153,-0.491806283640974,0.993421052631579,1,0.935019112025875,1641,"tags=25%, list=28%, signal=18%","24148/6637/5439/10907/55954/23450/79622/5432/5441/10081","TotalCell"
"R-HSA-432722","Golgi Associated Vesicle Biogenesis",28,-0.149069381466105,-0.489915641592449,0.977808599167822,1,0.935019112025875,2033,"tags=39%, list=35%, signal=26%","6272/26258/6844/7164/27131/55330/286451/8301/6845/23557/1785","TotalCell"
"R-HSA-6782135","Dual incision in TC-NER",41,-0.136788019209015,-0.48904892040349,0.998677248677249,1,0.935019112025875,1998,"tags=61%, list=34%, signal=40%","5434/5435/5438/5440/7874/8450/10450/54107/7316/9978/6917/2067/5985/6117/10714/6119/6118/5439/57461/8451/5983/5982/5432/5441/5425","TotalCell"
"R-HSA-69615","G1/S DNA Damage Checkpoints",46,-0.132707275081033,-0.488704732932733,0.997439180537772,1,0.935019112025875,2712,"tags=57%, list=46%, signal=31%","11200/5702/23291/4194/7316/5717/5685/5688/1027/9861/6500/9978/5705/890/5701/5713/5714/8454/5683/1026/7979/1454/1263/9134/5687/898","TotalCell"
"R-HSA-9610379","HCMV Late Events",38,-0.137837079499629,-0.487660811888927,0.993333333333333,1,0.935019112025875,582,"tags=32%, list=10%, signal=29%","5119/23279/51271/55706/9631/92421/10762/137492/9688/27183/79643/1052","TotalCell"
"R-HSA-5368286","Mitochondrial translation initiation",64,0.104759630036692,0.484097203623379,1,1,0.935019112025875,1098,"tags=20%, list=19%, signal=17%","65080/28977/54948/54148/219402/118487/3396/64960/51649/64432/64965/57129/65005","BRCA1_tumour"
"R-HSA-9766229","Degradation of CDH1",38,-0.136219838493467,-0.481939092704598,0.994666666666667,1,0.935019112025875,2504,"tags=50%, list=43%, signal=29%","2060/7316/5717/5685/5688/1500/9861/5705/5701/1495/5713/5714/5683/7979/1499/3728/5687/1785/1508","TotalCell"
"R-HSA-9918432","Maturation of DENV proteins",33,0.116906883624187,0.48142051843649,0.984848484848485,1,0.935019112025875,4728,"tags=97%, list=81%, signal=19%","54431/100128731/3703/3309/7341/3839/5033/7311/58505/28972/3837/8813/6233/821/10527/6184/1650/8818/51726/90701/201595/54344/3838/7316/2923/9789/5611/3836/84061/23478/8974/7329","BRCA1_tumour"
"R-HSA-69563","p53-Dependent G1 DNA Damage Response",38,0.11250467295867,0.478308927903356,0.996031746031746,1,0.935019112025875,1287,"tags=26%, list=22%, signal=21%","472/5692/5704/5689/5686/5684/4193/1029/5707/5690","BRCA1_tumour"
"R-HSA-69580","p53-Dependent G1/S DNA damage checkpoint",38,0.11250467295867,0.478308927903356,0.996031746031746,1,0.935019112025875,1287,"tags=26%, list=22%, signal=21%","472/5692/5704/5689/5686/5684/4193/1029/5707/5690","BRCA1_tumour"
"R-HSA-2565942","Regulation of PLK1 Activity at G2/M Transition",47,0.106365981134549,0.474263513585468,1,1,0.935019112025875,700,"tags=11%, list=12%, signal=9%","7846/5116/80184/5518/55755","BRCA1_tumour"
"R-HSA-351202","Metabolism of polyamines",33,-0.136893276024045,-0.469846667948864,0.990514905149051,1,0.935019112025875,2435,"tags=52%, list=42%, signal=30%","5717/5685/5688/4946/9861/5705/5701/5713/6611/51582/5714/4947/5683/7979/5687/6303/6723","TotalCell"
"R-HSA-2173788","Downregulation of TGF-beta receptor signaling",13,0.148979941710955,0.469118304299434,0.979827089337176,1,0.935019112025875,4977,"tags=100%, list=85%, signal=15%","9958/5501/9110/7311/7046/6233/10273/11171/7316/5499/4087/23645/23327","BRCA1_tumour"
"R-HSA-162599","Late Phase of HIV Life Cycle",87,-0.114443903463408,-0.468526590219458,1,1,0.935019112025875,1396,"tags=20%, list=24%, signal=15%","9397/5439/10762/137492/7936/9688/9525/5432/23327/6881/6923/5441/5905/27183/5478/5045/79643","TotalCell"
"R-HSA-162906","HIV Infection",135,-0.108173250704146,-0.466499522994618,1,1,0.935019112025875,1396,"tags=18%, list=24%, signal=14%","9397/5439/1175/10762/7979/137492/7936/9688/9525/5432/23327/6881/6923/5687/5441/5905/27183/5478/5045/567/79643/9844/5879/3105","TotalCell"
"R-HSA-76071","RNA Polymerase III Transcription Initiation From Type 3 Promoter",17,-0.158825004184592,-0.466052957131395,0.978070175438597,1,0.935019112025875,689,"tags=65%, list=12%, signal=57%","5434/5435/84265/5440/6619/51728/27297/171568/661/5441/10302","TotalCell"
"R-HSA-2426168","Activation of gene expression by SREBF (SREBP)",26,-0.143709291792188,-0.465200774160069,0.980555555555556,1,0.935019112025875,1873,"tags=35%, list=32%, signal=24%","6720/4802/6721/10498/1717/10499/4597/6907/6319","TotalCell"
"R-HSA-9909649","Regulation of PD-L1(CD274) transcription",31,-0.137791257165199,-0.464647225690365,0.988950276243094,1,0.935019112025875,1219,"tags=19%, list=21%, signal=15%","5928/4790/1499/2146/9070/7004","TotalCell"
"R-HSA-9909615","Regulation of PD-L1(CD274) Post-translational modification",55,0.103783985270952,0.463487916859988,1,1,0.935019112025875,1294,"tags=24%, list=22%, signal=19%","100128731/1019/5692/3703/5704/5689/5686/5684/595/142678/5707/5690/8405","BRCA1_tumour"
"R-HSA-9933946","Formation of the embryonic stem cell BAF (esBAF) complex",14,-0.166630335750998,-0.46301220018362,0.977477477477477,1,0.935019112025875,2248,"tags=43%, list=38%, signal=26%","6603/6760/6597/9275/9274/60","TotalCell"
"R-HSA-75893","TNF signaling",25,-0.144379215995398,-0.461362208176665,0.984550561797753,1,0.935019112025875,2471,"tags=48%, list=42%, signal=28%","7316/7321/8887/6885/8772/10616/1540/7322/90268/6868/84888/8517","TotalCell"
"R-HSA-5205685","PINK1-PRKN Mediated Mitophagy",18,0.131233435831152,0.458123465003982,0.993630573248408,1,0.935019112025875,4246,"tags=94%, list=73%, signal=26%","55669/81631/9868/7334/29110/7311/9140/6233/8878/10133/54543/10452/7316/56993/7322/7419/7416","BRCA1_tumour"
"R-HSA-5205647","Mitophagy",21,0.124321018910967,0.455380231003259,0.993464052287582,1,0.935019112025875,99,"tags=5%, list=2%, signal=5%","139341","BRCA1_tumour"
"R-HSA-5357956","TNFR1-induced NF-kappa-B signaling pathway",12,0.147791173690952,0.451547136791618,0.985994397759104,1,0.935019112025875,811,"tags=17%, list=14%, signal=14%","23118/10399","BRCA1_tumour"
"R-HSA-2173789","TGF-beta receptor signaling activates SMADs",25,-0.141266878401579,-0.451416767380523,0.985955056179775,1,0.935019112025875,871,"tags=48%, list=15%, signal=41%","7316/5499/3696/4089/4738/4087/3694/23645/23327/9040/5045/3693","TotalCell"
"R-HSA-5357905","Regulation of TNFR1 signaling",22,-0.145479480979689,-0.448594137148377,0.986994219653179,1,0.935019112025875,2471,"tags=64%, list=42%, signal=37%","10133/10273/330/9261/7316/7321/8887/8772/10616/1540/7322/90268/84888/8517","TotalCell"
"R-HSA-1655829","Regulation of cholesterol biosynthesis by SREBP (SREBF)",33,-0.13053708059261,-0.448030861277928,0.990514905149051,1,0.935019112025875,867,"tags=30%, list=15%, signal=26%","6720/4802/6721/10498/1717/10499/4597/6907/3638/6319","TotalCell"
"R-HSA-380270","Recruitment of mitotic centrosome proteins and complexes",42,-0.12416670069413,-0.446409601564033,1,1,0.935019112025875,1964,"tags=33%, list=34%, signal=22%","23354/22919/10121/10142/9702/10844/27229/5347/7532/10426/1454/1069/54820/22995","TotalCell"
"R-HSA-380287","Centrosome maturation",42,-0.12416670069413,-0.446409601564033,1,1,0.935019112025875,1964,"tags=33%, list=34%, signal=22%","23354/22919/10121/10142/9702/10844/27229/5347/7532/10426/1454/1069/54820/22995","TotalCell"
"R-HSA-382556","ABC-family proteins mediated transport",42,-0.122719385394194,-0.441206149730571,1,1,0.935019112025875,2471,"tags=48%, list=42%, signal=28%","7316/5717/5685/27248/5688/91445/9861/23/5705/5701/5713/5714/5683/7979/8894/10613/10257/5824/5687/23461","TotalCell"
"R-HSA-204005","COPII-mediated vesicle transport",28,-0.133314744823865,-0.438138121334921,0.9875173370319,1,0.935019112025875,2493,"tags=54%, list=43%, signal=31%","55291/1453/51128/10484/51693/374/26984/81876/23256/6399/1075/10282/10175/2157/10652","TotalCell"
"R-HSA-68867","Assembly of the pre-replicative complex",50,-0.116563855507155,-0.436763309314035,0.99620253164557,1,0.935019112025875,2471,"tags=48%, list=42%, signal=28%","7316/5717/5685/5688/7321/9861/23595/5705/4171/5701/5713/990/5714/23633/3836/5683/4173/11065/25906/7979/119504/5687/23594/81620","TotalCell"
"R-HSA-9931269","AMPK-induced ERAD and lysosome mediated degradation of PD-L1(CD274)",36,-0.12288615779013,-0.430534656123533,0.995945945945946,1,0.935019112025875,2534,"tags=47%, list=43%, signal=27%","5562/7316/5717/5685/27248/5688/91445/9861/5705/5701/5713/5714/5683/7979/10613/5687/51422","TotalCell"
"R-HSA-9700206","Signaling by ALK in cancer",48,-0.113036271124674,-0.419709250342804,0.998711340206186,1,0.935019112025875,2471,"tags=42%, list=42%, signal=24%","7316/1786/6238/6500/9978/5594/5495/57674/2305/8454/2335/1026/4204/3092/3726/4008/5595/4478/4627/1051","TotalCell"
"R-HSA-9725370","Signaling by ALK fusions and activated point mutants",48,-0.113036271124674,-0.419709250342804,0.998711340206186,1,0.935019112025875,2471,"tags=42%, list=42%, signal=24%","7316/1786/6238/6500/9978/5594/5495/57674/2305/8454/2335/1026/4204/3092/3726/4008/5595/4478/4627/1051","TotalCell"
"R-HSA-5696398","Nucleotide Excision Repair",73,-0.104267780651806,-0.41688435757752,0.998784933171324,1,0.935019112025875,1603,"tags=32%, list=27%, signal=23%","2873/2067/5985/10980/6117/10714/6119/125476/9318/6118/7336/5439/57461/8451/8554/7329/5983/5982/60/5432/1069/5441/5425","TotalCell"
"R-HSA-76046","RNA Polymerase III Transcription Initiation",23,0.108988130564374,0.413022523863882,1,1,0.935019112025875,1699,"tags=35%, list=29%, signal=25%","51082/10622/9330/5437/2971/55814/6617/2976","BRCA1_tumour"
"R-HSA-9909648","Regulation of PD-L1(CD274) expression",91,0.0802672259366211,0.410411628474785,1,1,0.935019112025875,951,"tags=15%, list=16%, signal=13%","100128731/8463/1019/6774/5692/4297/3703/5704/6772/5689/84661/5686/2354/5684","BRCA1_tumour"
"R-HSA-5694530","Cargo concentration in the ER",15,-0.143758764266223,-0.40919286088109,0.989690721649485,1,0.935019112025875,1244,"tags=73%, list=21%, signal=58%","4253/10960/10959/966/9554/51128/10484/374/1075/10175/2157","TotalCell"
"R-HSA-5419276","Mitochondrial translation termination",74,-0.101871101871102,-0.408511494213595,1,1,0.935019112025875,5259,"tags=100%, list=90%, signal=10%","28977/54948/54148/118487/3396/64960/51649/64432/64965/57129/65005/4535/54534/64968/92399/9553/51116/64981/10884/29074/64975/51264/54998/6183/11222/90480/4541/29093/51258/65003/51021/64983/55173/219927/4536/65008/4508/51642/64949/51081/4519/51263/65993/26284/64969/51318/6150/5018/51253/63875/55168/4540/60488/51073/128308/79590/51069/740/28998/51373/4538/4537/6182/4539/4512/4514/28973/10573/4513/84545/26589/64963/122704","TotalCell"
"R-HSA-5696399","Global Genome Nucleotide Excision Repair (GG-NER)",57,-0.10534348421574,-0.402040090112436,1,1,0.935019112025875,2000,"tags=33%, list=34%, signal=22%","2873/2067/5985/10980/6117/10714/6119/125476/9318/6118/7336/8451/8554/7329/5983/5982/60/1069/5425","TotalCell"
"R-HSA-9013694","Signaling by NOTCH4",48,-0.108205041736966,-0.401770657319749,0.998711340206186,1,0.935019112025875,2471,"tags=48%, list=42%, signal=28%","7316/182/5717/5685/5688/5663/9861/6500/9978/5705/10460/5701/7534/5713/5714/8454/5683/102/7979/3280/207/5687/59","TotalCell"
"R-HSA-9937383","Mitochondrial ribosome-associated quality control",64,-0.101694915254237,-0.398125345663987,0.998778998778999,1,0.935019112025875,5259,"tags=100%, list=90%, signal=10%","28977/54948/54148/118487/3396/64960/51649/64432/64965/57129/65005/54534/64968/9553/51116/64981/10884/29074/64975/51264/54998/6183/11222/90480/29093/51258/65003/51021/64983/55173/219927/65008/51642/64949/51081/51263/115416/65993/26284/64969/4706/51318/6150/5018/51253/63875/55168/60488/51073/128308/79590/51069/740/28998/51373/54471/6182/28973/10573/84545/26589/64963/122704","TotalCell"
"R-HSA-162587","HIV Life Cycle",97,-0.0882375087193295,-0.366280364765943,1,1,0.935019112025875,1892,"tags=26%, list=32%, signal=18%","6921/51271/55706/6883/9631/2958/3836/92421/9397/5439/10762/137492/7936/9688/9525/5432/23327/6881/6923/5441/5905/27183/5478/5045/79643","TotalCell"
"R-HSA-9793380","Formation of paraxial mesoderm",31,-0.105991153308093,-0.357413789129474,0.997237569060773,1,0.935019112025875,2435,"tags=42%, list=42%, signal=25%","5717/5685/5688/9861/5705/5701/5713/5714/5683/7979/1499/5687/2260","TotalCell"
"R-HSA-446203","Asparagine N-linked glycosylation",142,-0.078174930351518,-0.338734243227857,1,1,0.935019112025875,2026,"tags=29%, list=35%, signal=19%","374/6711/829/26984/25839/5372/140735/10559/81876/23256/10121/6399/23423/3098/79947/84364/79644/84061/6675/55907/1783/8703/79053/1075/11015/5476/10282/10175/11282/11014/4597/8704/207063/2157/2683/8702/4351/282969/10652/832/267","TotalCell"
"R-HSA-8878159","Transcriptional regulation by RUNX3",52,-0.0897176913941345,-0.337452292550949,1,1,0.935019112025875,2471,"tags=40%, list=42%, signal=24%","7316/182/5717/5685/5688/9861/4089/5705/5701/5713/5714/5683/1026/7979/3280/1499/864/6696/5687/7004/865","TotalCell"
"R-HSA-8852135","Protein ubiquitination",43,-0.0918651196830566,-0.331379000926921,1,1,0.935019112025875,2761,"tags=49%, list=47%, signal=26%","92912/7874/123169/7326/23168/7316/7321/51255/220441/7317/54926/7319/7322/7320/90268/7336/11065/997/55284/55829/3105","TotalCell"
"R-HSA-8964043","Plasma lipoprotein clearance",14,-0.118910468845623,-0.330414012292166,0.996996996996997,1,0.935019112025875,451,"tags=36%, list=8%, signal=33%","7316/949/51599/1175/3988","TotalCell"
"R-HSA-9018519","Estrogen-dependent gene expression",56,0.069953440512942,0.314449973926448,1,1,0.935019112025875,1106,"tags=18%, list=19%, signal=15%","1105/5431/2625/2963/3276/5437/8648/2354/595/3320","BRCA1_tumour"
