"ENTREZID","avg_log2FC"
"105377283",11.800770391276
"810",9.78018448445174
"8534",7.1040792417094
"54922",6.87861557086008
"10752",6.61058946072835
"51252",6.51802215534215
"2122",6.18627724775614
"81029",6.02801133812665
"148198",5.84613566899312
"1462",5.77292657513277
"2028",5.64089500744315
"164284",5.56870217884055
"3212",5.55366885136225
"8631",5.44308123872115
"133418",5.42576295405276
"10083",5.11737100756085
"5325",5.11433526839637
"9547",5.0696484991392
"9229",5.06355095501477
"3488",5.04611914939772
"3213",5.04382878765841
"5269",5.03903167157891
"216",5.03022471716619
"266675",5.00557595630501
"2535",4.86099421827207
"151827",4.83421459376988
"6414",4.56155050530356
"84059",4.40960138960434
"26996",4.39295495338076
"3217",4.32197985878146
"2697",4.26968375266441
"10409",4.26345019197974
"101929074",4.25289362295965
"202333",4.24924948270263
"2878",4.22414056229736
"83539",4.19639935183697
"6638",4.19582056030307
"5950",4.18748986354131
"374569",4.12446168789277
"57152",3.93083964236857
"5836",3.92802524109522
"83987",3.85558724808599
"286410",3.84597037123436
"3292",3.80874065662552
"51454",3.7902849459694
"2766",3.72401107840508
"4137",3.6821641724438
"23462",3.65370930784124
"10633",3.64537685952516
"30061",3.63665896242923
"79668",3.63400752951491
"54587",3.617234691494
"135398",3.58424643060963
"6271",3.51976217036929
"9891",3.50102669506183
"283869",3.48433298171077
"3815",3.46388748993943
"7846",3.43101269087738
"23111",3.41523363459024
"5443",3.40239105289866
"1545",3.32607693624421
"53826",3.24981525204685
"493869",3.24627947258689
"3748",3.19675553154526
"132946",3.19615774094257
"5360",3.18039308176751
"8991",3.17586665848685
"10763",3.16380553388541
"147798",3.15283564304991
"23086",3.14921551427936
"51299",3.07275733503255
"2037",3.07185784037222
"153478",3.0399321470144
"6495",2.99922956750893
"7562",2.99653820404611
"10614",2.94464998059201
"3205",2.92153191206109
"57348",2.90888037985415
"55379",2.89303506107615
"79884",2.89058724921355
"2182",2.81911732729785
"7059",2.80234527991588
"147650",2.79899679334354
"196403",2.75152959672183
"22800",2.74164226231658
"9510",2.72886332174214
"23705",2.70458160943158
"92312",2.7023681078521
"7554",2.67536855634499
"22809",2.67250093361824
"7108",2.66873905579523
"6653",2.66866530736307
"121665",2.65606901546542
"3306",2.65241402678201
"54059",2.64030018899036
"92799",2.63062261363852
"978",2.61369910486242
"1381",2.60758974255216
"139341",2.59207724934898
"91663",2.59160714156855
"9636",2.57685275252329
"10220",2.54537290782658
"3316",2.54499779758533
"171392",2.52914575418505
"54097",2.51801209520542
"51545",2.51489095532688
"79042",2.51084436628847
"8425",2.51055971685402
"4256",2.50713191600025
"4311",2.50686174274486
"552889",2.4981346336482
"6450",2.49079798436124
"50617",2.47973702580357
"27134",2.46558582351187
"55283",2.44555895892644
"5557",2.44362457077544
"4600",2.44296859816188
"324",2.43321482762519
"6158",2.42540789722193
"51477",2.42277316210535
"4784",2.41887374740493
"374887",2.41450273480211
"22836",2.41135979060226
"6664",2.40854384585284
"3249",2.40746033851476
"5348",2.40087570136621
"80781",2.39260925222853
"101927217",2.39025926582419
"51594",2.38713233983049
"28981",2.38536442261829
"80776",2.37539083675211
"57211",2.37331833897508
"124790",2.36462774591319
"4744",2.35487533640317
"7018",2.33855600392411
"85465",2.33266466852945
"23043",2.32285358876376
"967",2.31589554097328
"79149",2.31400525743468
"3032",2.31385800327826
"10455",2.30702183141082
"391356",2.30678461413621
"79827",2.30318364588189
"114793",2.29264857006903
"760",2.2906239398667
"126133",2.28769188316881
"163183",2.27940274234589
"389289",2.27470566290784
"773",2.27246439062672
"7813",2.25404013655749
"3030",2.2475620887268
"563",2.24511362348514
"6785",2.24180373419639
"105372481",2.23933136380824
"144568",2.23566873701821
"9073",2.23442106607018
"58527",2.22995292052284
"29903",2.21919734391216
"56477",2.21442155829806
"2001",2.20258880822093
"6228",2.19944926496757
"26232",2.19835269171306
"6734",2.19801765684858
"7431",2.19008090624282
"84152",2.18947776231623
"6193",2.15551833977123
"1662",2.15272233092189
"79710",2.15261865438965
"116412",2.15104158728867
"51661",2.14843908786149
"160428",2.14807347441885
"80303",2.1475996179863
"348654",2.14170459487498
"23187",2.14149600209788
"114915",2.13946155330046
"9908",2.11938652715254
"9949",2.11929651344969
"51227",2.11164431593839
"283987",2.10818921283588
"23560",2.10700656736057
"100093630",2.1018409075596
"7267",2.10077819046561
"3856",2.10065283077397
"23475",2.09777494236043
"1975",2.09724914914944
"976",2.09071361692969
"10276",2.08668850215629
"11068",2.08376580805818
"400986",2.08166134214779
"1933",2.07671567421546
"375248",2.0733741766077
"10089",2.07230572745236
"51106",2.06724524236449
"5602",2.05942592775027
"55769",2.05414771898779
"56654",2.05390863749463
"27163",2.05351874208146
"10767",2.04614748693981
"790",2.04342011759137
"10890",2.03440772648023
"25940",2.03348883997056
"9534",2.02905142970328
"51804",2.02227275797076
"85480",2.01602174239607
"170463",2.01511048681177
"5213",2.01347161793829
"55311",2.01171116388932
"6566",2.01121812647462
"79143",2.00988141625301
"6217",2.00856040635465
"26121",2.00328459231941
"51399",2.0001354148983
"84973",1.98804687480614
"26298",1.9878517511891
"23640",1.98765457894888
"79818",1.98394698781499
"57730",1.98142309306384
"6231",1.97675726631013
"1474",1.97646903364373
"100507057",1.97480513350017
"9022",1.97287116710338
"509",1.96910854961331
"2109",1.96815333829451
"84144",1.96624318834739
"6654",1.96328387296474
"25864",1.95896959698428
"84879",1.95420726050611
"4124",1.95265170065939
"9774",1.95130910308125
"27030",1.93563463470457
"10981",1.93552562521963
"9321",1.93408132822473
"91",1.9321825018816
"4953",1.92442824226731
"6130",1.92404775799705
"729967",1.9183000167134
"22828",1.91676622230062
"3329",1.91651712084342
"3141",1.9142718269859
"7594",1.91008371718223
"4192",1.90778788961333
"57122",1.90636125547602
"1316",1.90314276954993
"64748",1.90212769978064
"8089",1.90143426161441
"10529",1.90033299358264
"283229",1.89825588178539
"64848",1.89213442853569
"55252",1.89127418974915
"147657",1.88499327987397
"254128",1.88193380806693
"7850",1.88173490386637
"5116",1.87753101907082
"4849",1.87458862975433
"126119",1.87210152338628
"1111",1.86655877949861
"5494",1.85430275249425
"506",1.85157307086082
"79763",1.85145321411326
"105376843",1.85052112313763
"57703",1.84747511937845
"7091",1.84382539483084
"5480",1.84376821862768
"22944",1.84351003151885
"9315",1.84140319801164
"441024",1.84107158527839
"2091",1.84004347847843
"3852",1.83924913751728
"23493",1.8350655513038
"84128",1.83376103627334
"54529",1.83203136406605
"134147",1.82858462784499
"574036",1.82850671659013
"3995",1.82843490021978
"4285",1.82731429676421
"55733",1.82722424082582
"8546",1.82714437503187
"83594",1.82538387943825
"29994",1.82401660346271
"675",1.81758880363266
"85439",1.81752370650753
"5378",1.81472630535407
"93663",1.81439926710373
"25842",1.8115475136693
"10102",1.80911068375845
"53340",1.80570305303819
"4599",1.80475984742488
"4666",1.80046620255889
"91419",1.79867038747481
"7296",1.79788962968537
"8504",1.79537240026987
"84988",1.79492485922729
"80312",1.79453835366846
"644297",1.79368535383999
"4059",1.78950119908877
"1105",1.78702123870574
"84273",1.78466595269031
"9475",1.77899329077381
"2982",1.77737077031835
"11260",1.77590717776719
"376267",1.77414221616558
"8540",1.77203684209648
"152926",1.77005185349222
"7138",1.76530713779578
"10771",1.76456556689518
"90321",1.76292266367117
"55011",1.76166211517017
"6284",1.7543000709149
"55005",1.74961847017607
"9823",1.74937487463177
"902",1.74920316483065
"10765",1.74773645599618
"85313",1.74743062696074
"284434",1.74431506108596
"54431",1.74316266582693
"123099",1.74010217197933
"372",1.73664553036365
"124540",1.73643706806501
"23262",1.73613932433194
"85458",1.73601067799112
"84859",1.73552602394976
"84787",1.73546220881647
"5295",1.73503804664849
"6205",1.73450514686211
"153443",1.73003429319707
"1312",1.72761944802559
"10531",1.72620567201796
"1456",1.72439822530203
"51806",1.72052210994997
"155006",1.71920563853107
"6203",1.71737269376289
"224",1.71446888404295
"8644",1.71412162586575
"8816",1.71199437503557
"2665",1.71183152221491
"23521",1.70812024515865
"100128731",1.70765623297662
"51309",1.7005802866048
"10184",1.69632302437711
"5204",1.69559965270824
"64225",1.69440247967419
"3880",1.68734119798188
"5191",1.68413650740765
"401237",1.68356872169768
"22982",1.68175575139087
"472",1.67759763398622
"9014",1.67675385491397
"6165",1.67617678802723
"3295",1.67603073265137
"51082",1.6752262740764
"60509",1.67207202342427
"29842",1.66891272753372
"8630",1.66655098016593
"160857",1.6645337007942
"26007",1.66263728810137
"4709",1.66226446237788
"84272",1.66121428943885
"219844",1.6610600007558
"64798",1.65611364260959
"9415",1.65310114598736
"10782",1.65233698033854
"23118",1.65207068858182
"23169",1.65168706742252
"667",1.65093276259434
"79805",1.64521927499335
"51639",1.63933980531983
"8463",1.63886756194169
"23149",1.63806004349392
"10298",1.63754152396726
"79568",1.63652758705788
"51231",1.63577335108801
"3066",1.63506408714435
"51411",1.63240213310464
"23224",1.62920908351178
"53938",1.62799366806927
"90488",1.62626239601461
"7905",1.62550074538138
"84250",1.62508825078294
"4162",1.62477595789102
"6171",1.6240191911148
"55366",1.62327209912689
"7376",1.61826960912952
"353088",1.61516626853183
"93343",1.61317612755808
"27107",1.61137426092854
"440944",1.61015075783146
"81539",1.6094666983507
"51118",1.6091423828173
"9859",1.60884812514371
"79598",1.59911262497741
"51157",1.59674882946101
"6230",1.59653633077259
"133619",1.59237889301641
"64581",1.59105689025749
"6152",1.5896253727069
"9253",1.58285057415842
"58516",1.58214097444683
"79603",1.57965690982744
"642574",1.57869495835922
"84818",1.57853943678812
"5184",1.57835509637841
"7639",1.57674517926956
"9202",1.57199453400804
"6683",1.56912670300346
"80184",1.56735513580912
"1657",1.56499045078023
"1",1.56018606125725
"4216",1.55976027703487
"55786",1.55834948294208
"114785",1.55561293837634
"23451",1.55560042072614
"5209",1.55374804036256
"56256",1.55332117386342
"6470",1.55315515999146
"5250",1.55245680797849
"6144",1.55091202121063
"23041",1.54967723084835
"84520",1.54726087914468
"6728",1.54511777631004
"57448",1.54459190993631
"79954",1.54195105930403
"7178",1.54176108405646
"64859",1.53519540354626
"375190",1.53282657234808
"26057",1.53156168388496
"9875",1.53124964931841
"839",1.52974110225746
"23592",1.52895120219376
"23646",1.52668207494283
"22928",1.52509524667854
"10057",1.52308758488988
"51063",1.52199474812548
"55729",1.51988154019888
"26275",1.51934282298413
"57050",1.51919991404781
"100506710",1.51811364964636
"5110",1.51370173333102
"7402",1.51306310185825
"1019",1.51248267473984
"221302",1.51112511241599
"120071",1.51012976811109
"283130",1.50897833171098
"3608",1.50616741268273
"4863",1.50616235638718
"1514",1.50304201470367
"22834",1.50287571145223
"1122",1.50227429143959
"54454",1.5017520380296
"4774",1.50080613145335
"29844",1.5003210543394
"874",1.49512306100321
"684",1.49444229405838
"8467",1.49077175554129
"3398",1.49031534786891
"9958",1.4876336591481
"6419",1.48555154670505
"84305",1.48489096955873
"25875",1.48177092635857
"6594",1.48059039609082
"11244",1.47554725734719
"54763",1.47437177484412
"5580",1.47396301269733
"3336",1.47261673528922
"127602",1.47216997548903
"5781",1.47130278110292
"10330",1.46848385434282
"27338",1.46836176392666
"5775",1.46811927868235
"8543",1.46781202825245
"114823",1.46618870874321
"1431",1.46559813219682
"8727",1.46344827224939
"79600",1.46261862890415
"84671",1.46230682676404
"9169",1.46178818622061
"79746",1.46102250477795
"11176",1.46054921520841
"10443",1.46022640648705
"178",1.45901504754854
"162962",1.45734363290422
"1939",1.45577469422607
"6141",1.45505728871086
"6776",1.45127179162388
"148203",1.44825208617409
"57181",1.44076914486255
"4054",1.44062731394774
"257160",1.43956525490074
"51808",1.43716484096053
"84893",1.43668958606246
"100126791",1.43640014286855
"205",1.43318250905373
"11100",1.42897979323859
"7518",1.42888068956399
"6774",1.42772801353952
"22924",1.42766425549687
"3417",1.42411029449478
"6161",1.42179517227251
"114044",1.42145099339855
"147807",1.42127248467658
"996",1.42035810998131
"51303",1.41876787107982
"8914",1.41672108204152
"5431",1.41665233422808
"26046",1.41649266929252
"22852",1.41642314122115
"55605",1.41252306894939
"6208",1.41142124116969
"84522",1.4112128474504
"2542",1.41116139561249
"22870",1.41097086490195
"401074",1.41024294489716
"100507567",1.410236910734
"6647",1.40990801473398
"47",1.40693612475733
"374882",1.40646399521042
"29894",1.40635253893046
"1152",1.40614124639142
"84881",1.40609911512661
"132014",1.40398993544989
"9741",1.40390579663257
"84914",1.40380207020094
"55854",1.40142630197363
"113251",1.40097469283498
"2551",1.4007255839422
"55777",1.40023970889136
"208",1.40023166002484
"9926",1.40014926770125
"91137",1.40000266338438
"80157",1.39947510047575
"114799",1.39872392422164
"65244",1.39817715325612
"84790",1.3960858156137
"539",1.39451206161651
"6142",1.39322018755195
"342538",1.39288426823412
"9135",1.39178750004079
"5332",1.39066384037309
"5692",1.39053490214148
"9786",1.39014841957604
"5066",1.38888258618469
"4430",1.388795634738
"4331",1.3870958442588
"4179",1.38523077544955
"10193",1.38516530368125
"57665",1.383458275562
"3177",1.38206695404578
"26043",1.38168492009989
"84991",1.38157620708364
"29068",1.3815106299683
"79745",1.38087693688228
"85451",1.37853898830892
"6443",1.37731902481999
"83480",1.37615044030291
"3875",1.37497954837637
"26061",1.37465227673886
"4329",1.37404680456197
"56683",1.3739169184711
"55832",1.37312953695036
"5518",1.37035455583504
"4118",1.3699023851532
"23468",1.36916928213456
"144233",1.3684887409785
"901",1.36610210761662
"56169",1.35875418378594
"10912",1.35873412340982
"659",1.35793803569503
"51326",1.35789599937605
"441951",1.35455348363944
"94104",1.35411582305041
"6128",1.35379689993103
"10945",1.35343067125058
"51535",1.35336864544826
"4711",1.35065103201653
"4212",1.3490308499571
"2079",1.34708906215948
"5554",1.34645741953849
"3202",1.34473580256832
"25934",1.343539877279
"151963",1.34284159364059
"10576",1.34273815028886
"25796",1.34260887951681
"6229",1.34114157500461
"4437",1.33825770684349
"6206",1.33785013468833
"55762",1.33636154958868
"950",1.33626975368171
"4297",1.33557948774931
"23167",1.33436799740142
"65080",1.33336836865387
"55677",1.3333465362425
"56912",1.33160136818101
"55010",1.33157306778611
"4548",1.33136762471101
"8872",1.33108810299344
"4636",1.3277876507267
"22827",1.32730486906662
"131566",1.32679379198146
"2239",1.32647223994737
"10885",1.32570427490376
"23515",1.3248890457121
"4015",1.32463659058469
"90594",1.32462788133833
"79716",1.32446313511281
"3703",1.32445505121079
"23529",1.32404162796007
"9765",1.32306517311783
"83591",1.32283111063143
"375748",1.32237700986433
"7325",1.32056029615401
"10212",1.32024982191756
"25917",1.3202236364062
"6201",1.320008976608
"5082",1.31884139651384
"84866",1.31659200214613
"10445",1.31643510276132
"1974",1.31631317267514
"5062",1.31600326149548
"10130",1.3135066249513
"54462",1.31284759870749
"10380",1.31263311765166
"65977",1.31008713029088
"196441",1.31007262993168
"1787",1.30902702760826
"79934",1.30822805619112
"4035",1.30648626315937
"29997",1.30502311348894
"10567",1.30387598137225
"466",1.30192066958649
"51014",1.30188372344005
"4719",1.30083123538575
"8743",1.29508907900433
"5869",1.29502880464284
"6643",1.29412631473952
"342977",1.29313227050347
"10550",1.29244167076966
"3150",1.29137500123294
"25996",1.29071890769181
"5264",1.28903377773594
"4072",1.2885073447799
"23310",1.28830915778293
"4016",1.28728115497556
"6049",1.28684618053674
"28977",1.28561570176981
"6993",1.28560195090964
"283596",1.28543200529343
"257218",1.28537002897416
"54799",1.28481477528486
"148741",1.2821721232284
"23469",1.2811838696289
"92579",1.27589518293033
"64093",1.27543124753588
"165324",1.2740183117617
"112939",1.27225980707174
"6520",1.27222137905972
"1060",1.2675560844746
"30817",1.26707163441442
"23522",1.26533005694311
"51259",1.2651810005792
"55503",1.26504698059392
"3178",1.26399824980784
"79677",1.26337663139992
"1628",1.26325157587954
"90338",1.26175489951223
"8445",1.26169235681863
"200916",1.25963124809204
"56928",1.25936627441827
"4131",1.25913700053593
"10451",1.25631131321383
"1058",1.25102188959698
"4338",1.24993776354139
"10634",1.24925625700714
"3868",1.24866403882073
"27018",1.2483010089348
"10113",1.24820475887267
"5523",1.24605190109101
"374393",1.24571393881633
"283377",1.2440709204218
"5134",1.24345096828432
"5704",1.2429975021367
"57106",1.24262463348469
"22950",1.24230116484175
"80010",1.24187851316717
"1788",1.24004993757627
"2926",1.23792923370242
"1938",1.23640359510207
"501",1.23483091102167
"114882",1.23455239945925
"86",1.23430107127319
"55669",1.2334458484404
"8541",1.23254312156929
"142",1.2322827112377
"10179",1.23187530269574
"10952",1.23187049763324
"167153",1.23015995898091
"57633",1.2295020274862
"6596",1.22637257375263
"259266",1.22582915182909
"54836",1.22451024530686
"55759",1.22248104844807
"55755",1.22122158014049
"84811",1.22121689642164
"54948",1.2212050725587
"116447",1.22077178536437
"79629",1.21959586807795
"8087",1.21930154433718
"65997",1.21786465532041
"83596",1.21669896255649
"254827",1.21427886584855
"58473",1.21309044717399
"54931",1.21239834149278
"80279",1.21119827139372
"7520",1.20905102844738
"115294",1.20891487051331
"7678",1.20875101981804
"54148",1.20875003339615
"100505876",1.20773554225429
"10329",1.20771950742419
"219402",1.20569122630908
"79739",1.20568470580799
"2275",1.20471621713711
"10962",1.20340246103228
"83448",1.20169910577528
"84259",1.20110278407292
"55204",1.20099640674894
"51380",1.20078738369587
"9867",1.19994934781464
"256281",1.1983374483572
"587",1.19828884052023
"91653",1.19797694171054
"23185",1.19796323740535
"9747",1.19771310679382
"129401",1.19692354065619
"55758",1.19676461628547
"3796",1.19667018299852
"7260",1.19648172877039
"2625",1.19632468016991
"81847",1.19547995086808
"643155",1.19265312214843
"58491",1.19011290032675
"28956",1.18730028927356
"152815",1.18703964640513
"401109",1.18586305341884
"440193",1.18540010240517
"10561",1.18524064691785
"23248",1.18463590820081
"4815",1.1845175024474
"79002",1.18381117130621
"54498",1.18360829950687
"9648",1.18260098395741
"2963",1.18216594468044
"65056",1.17926339091787
"56252",1.17921088490587
"2014",1.17842096902811
"64431",1.17812406711373
"135114",1.17655349404376
"64430",1.1760679046114
"345757",1.17548655059812
"23230",1.17411830820887
"645",1.17386455188915
"51067",1.17264462250035
"10106",1.17232683527719
"54885",1.17193399754676
"8065",1.17097168461929
"10818",1.17074281362159
"8615",1.16889017219026
"5050",1.16828227606263
"192286",1.16806604063596
"126299",1.16791073293096
"64710",1.16763265053484
"60673",1.16605308314853
"545",1.16564630733549
"79753",1.16344891799908
"55269",1.16298773162099
"80222",1.1629588050793
"7703",1.1606913931039
"11316",1.15923607693199
"55163",1.15865982657998
"11104",1.15831905941885
"404672",1.1569700406441
"55681",1.15639611562687
"10984",1.15478822581775
"7389",1.15411295154295
"54623",1.15352429391823
"23473",1.15239424223254
"8575",1.15233681309882
"79830",1.14984208802874
"27090",1.14957080481063
"1798",1.14924607003674
"118487",1.14819668725788
"10622",1.14817374922861
"10694",1.14816526316881
"8888",1.14804955251992
"85453",1.14798906916969
"55845",1.14664740290106
"26037",1.14531029464717
"10769",1.14490460173728
"6772",1.14416659064107
"5229",1.14331596037869
"3396",1.14270797446871
"162515",1.14174238637636
"163033",1.14077271573042
"23095",1.1404272471448
"23365",1.13978229757424
"5689",1.13846312348247
"28984",1.13844861898601
"6746",1.13788840495781
"55745",1.13693842061136
"54790",1.13640318753775
"6155",1.1363747738171
"3422",1.13593750805472
"10399",1.13343967495076
"1981",1.13287168352895
"25799",1.13131642165578
"57570",1.13111745912386
"51135",1.12977146722894
"84918",1.12815140212493
"23076",1.12707217075488
"9519",1.1269231707003
"25859",1.12550919799219
"29946",1.12433282306389
"56255",1.12361418537124
"5214",1.12270922155104
"9950",1.12008903456672
"2738",1.11842347619774
"59342",1.11819894656261
"11338",1.11463254515075
"55740",1.1145857435715
"55216",1.11308110495521
"84661",1.11290729221402
"5424",1.11261117411546
"10147",1.11154587554802
"55006",1.1107128358814
"83443",1.11024675913924
"10477",1.1097255398012
"3276",1.10709393302171
"84245",1.10684492025219
"3206",1.10648022575624
"3312",1.10564500925775
"23670",1.10483092537993
"517",1.1043193524889
"115290",1.10425540768817
"55320",1.10373177892964
"57103",1.10305374157004
"170959",1.10231128110779
"10309",1.10175972107988
"1627",1.099206016374
"9330",1.09886035994452
"10972",1.0982696932411
"89797",1.09796100794134
"80759",1.09731492211177
"5899",1.09676707601263
"22862",1.09606042000489
"1838",1.09535112208939
"84365",1.09379908564022
"151194",1.08957473655914
"9550",1.08948713832901
"7750",1.0888565937367
"254427",1.0888078678998
"79736",1.08743504544968
"84726",1.08553636247246
"8893",1.08345649319425
"10493",1.08243575437661
"5531",1.08073995570242
"51160",1.07983334502687
"283149",1.07763747428552
"83931",1.07704585434564
"4520",1.07648513878024
"9522",1.07421471771911
"51742",1.07397982056989
"5686",1.07246730015948
"1915",1.07183234960475
"160418",1.0705030067633
"11156",1.07050236707069
"54494",1.0702161362402
"8880",1.06989449065009
"22921",1.06885413653663
"29924",1.06827335625859
"5178",1.06826560527047
"84498",1.0670687704869
"4702",1.06554249874496
"55349",1.06534601766024
"5437",1.06527158882881
"60436",1.06436033887314
"5610",1.06329884105114
"1739",1.06246104007993
"6051",1.06139273395658
"10557",1.06097165310399
"51566",1.06014232416819
"64960",1.05907004412325
"51649",1.05874028040392
"60491",1.05867265137554
"10540",1.05704711601386
"221079",1.05659936815557
"10123",1.05614298623303
"10961",1.05539187422189
"5412",1.05510047583528
"770",1.05498265745221
"23636",1.0545501412372
"6472",1.05424154758406
"2230",1.05313844399695
"6905",1.05255375670779
"56834",1.05247594309775
"54973",1.05084569749709
"23307",1.04992358739484
"7324",1.04989563393493
"9913",1.04961961071232
"10632",1.04884143876009
"1642",1.04856100282296
"29950",1.04833862852749
"55153",1.04792828894235
"23412",1.04781164017723
"51714",1.04770585739332
"54874",1.04729441907999
"7582",1.04679698922043
"7110",1.04449713738575
"9733",1.04419345565335
"3309",1.04378472757292
"8648",1.04291575242598
"10746",1.04233831693742
"23770",1.04123602260783
"27068",1.04030409757547
"6311",1.03942373226882
"84967",1.03881992915762
"348793",1.03782759559538
"23008",1.03732856591167
"1410",1.0370652093094
"84261",1.03509300687386
"6497",1.03449132170409
"2135",1.03420609562175
"2354",1.03389299454874
"60558",1.03332027223129
"4869",1.03307876577049
"5000",1.03181190789556
"6147",1.02972615132297
"54512",1.02833950477794
"55676",1.0280186769578
"100505641",1.02697780008402
"23126",1.02683183126068
"27332",1.02672574979089
"84996",1.02629177893052
"55435",1.02468173507528
"6453",1.02263308588584
"51643",1.02174560176605
"260425",1.02146320809502
"89894",1.0206736204416
"7581",1.02065328216485
"79833",1.02001069067048
"6902",1.01865124575569
"79723",1.01853962230169
"378938",1.01851736912914
"5684",1.01846493775711
"55781",1.01706743869838
"6018",1.01659452487973
"5519",1.01645608670637
"9354",1.01644361326442
"867",1.01625777156463
"23318",1.01592876473464
"7100",1.01572698498093
"334",1.01536052662674
"1315",1.01518376258158
"10856",1.01479318219877
"3855",1.01389454338001
"132949",1.01303903516388
"400",1.01303288672732
"7644",1.01286302536528
"100463498",1.01226632780065
"11164",1.01180575976916
"6950",1.01152464185267
"115201",1.01148916498737
"152137",1.01138448978247
"23369",1.0111314681781
"29980",1.00982381619278
"5926",1.00975576793783
"2804",1.00934783934675
"56261",1.00857728634423
"6132",1.00750783674579
"55847",1.00453218163941
"22916",1.00450051383806
"128272",1.00417271403776
"401207",1.00235400414154
"9712",1.00224687436534
"112483",1.00028411901279
"93134",1.00015281386323
"5933",0.999573669108154
"80315",0.998629943728244
"5818",0.996602401922248
"51000",0.99560836209132
"60412",0.995078584515914
"2896",0.994427349399778
"4938",0.993770244986153
"8411",0.991779078392294
"23240",0.988014740602888
"132001",0.987444423152793
"165918",0.987148759755109
"22868",0.98646621663707
"90324",0.986323062069781
"8733",0.985554000280532
"8678",0.985496121161591
"4012",0.985185185262099
"80758",0.985146723863907
"84946",0.985084143676981
"5978",0.984778603412786
"56890",0.984716945554308
"535",0.983437976166189
"339201",0.983131665483095
"873",0.981991527275994
"1656",0.981454665930143
"25898",0.980884266564848
"57801",0.980165042442512
"5805",0.979966957978329
"56916",0.97924554502489
"84306",0.977636930906379
"26130",0.977312106652821
"51429",0.976658945328055
"131965",0.976317985173102
"4052",0.976279182962541
"25909",0.975756655475766
"54093",0.975530873037897
"51035",0.975498468500414
"5052",0.973728424329124
"54974",0.97252118960487
"55862",0.971394537735509
"79634",0.968439362108132
"8833",0.96752062511005
"64763",0.967041023762886
"10808",0.966242567066625
"57620",0.96575778958892
"25843",0.965612156304891
"2171",0.963857777592404
"10352",0.963214937848141
"147968",0.963102126777286
"29072",0.962120018873479
"64432",0.9616631090464
"10983",0.960968533311397
"153339",0.960626132317352
"4798",0.95938080606952
"7280",0.959023184606581
"23271",0.958125176815498
"5903",0.958014831328778
"23376",0.957080147516051
"5496",0.956370997912241
"10438",0.956238572387035
"669",0.954164708607069
"55508",0.953104767946891
"26058",0.950980739979697
"56987",0.950921266491242
"51020",0.950461018911848
"27199",0.950258000717379
"80298",0.949475220039793
"375056",0.947683285664666
"148206",0.947223772037345
"4188",0.947012840128072
"6223",0.94603758230441
"27300",0.94438816245394
"64965",0.944380699893904
"23152",0.940576446341662
"130916",0.939896002425892
"81609",0.93984147842767
"57129",0.939811770418142
"4591",0.939034419655848
"79869",0.938833733562824
"84283",0.938802554434586
"115024",0.938756486091957
"23181",0.938594027618156
"27034",0.936970204778913
"29087",0.935946154204923
"79074",0.933689029776821
"55201",0.933602398420831
"11137",0.93274214162721
"84321",0.932041117273874
"210",0.930423217006631
"595",0.927725627511267
"152485",0.927431902925375
"54891",0.926618761897627
"79670",0.926263235721226
"10606",0.925718202420708
"9529",0.925348832341647
"79813",0.924449872310228
"8208",0.924379107536421
"11226",0.923951148193086
"384",0.921947715950618
"123096",0.920787370070152
"8892",0.919737834252613
"55851",0.919231458278639
"284058",0.918610511125302
"751071",0.918600390323669
"53918",0.918565230810095
"53981",0.918489793585122
"9066",0.917972792702872
"127018",0.917615517040324
"57498",0.916509529264945
"6222",0.916263771315282
"57551",0.915778149662783
"23635",0.915734533529448
"64110",0.914833225496531
"10788",0.914444690019709
"4193",0.914079122305596
"65005",0.913491884781832
"2289",0.913451250426441
"286257",0.911554196356376
"10541",0.909644105911502
"2956",0.909487169885133
"5501",0.908459882998607
"167227",0.907083237808309
"55603",0.906854678884392
"3320",0.905830351759504
"5977",0.904778289744182
"25976",0.904764138598788
"221294",0.904097267985211
"57494",0.903991640261755
"3188",0.90377390780812
"55749",0.90373886053816
"57532",0.90170259228537
"10155",0.901662984501666
"1029",0.900133736225052
"57459",0.900132050133339
"56915",0.899414853744961
"79023",0.898242693137138
"2824",0.897738061007602
"26122",0.897607815531021
"2947",0.897358571064767
"54108",0.896870895400665
"10376",0.895338381795279
"84437",0.89481228476836
"389203",0.894230052049704
"1295",0.893944930271728
"91452",0.893404855344647
"5318",0.893072212420205
"5876",0.892051958224077
"34",0.891133138391108
"100287227",0.890795379051065
"22902",0.890162228432526
"648",0.888512383999928
"10978",0.886885194908878
"27258",0.886331789155625
"51552",0.88612171379329
"26094",0.886021017765783
"8553",0.885772078584135
"718",0.885559069315754
"49856",0.8851499561987
"81857",0.884929300275002
"126074",0.884672650643993
"7347",0.883529266210147
"64324",0.882782302115038
"142678",0.882682758148053
"145282",0.881587643718336
"5094",0.88083463067949
"4673",0.879645003338691
"94101",0.878758053132558
"81669",0.878573711235231
"55621",0.877764253668545
"57128",0.876603238992374
"1946",0.876575688321629
"65125",0.876423276470399
"9276",0.875607924269204
"1859",0.875159350165138
"10018",0.874956048395045
"51747",0.873309861240558
"29086",0.872552967933834
"84693",0.872524323513486
"54919",0.871749501768396
"6741",0.871188146859582
"2879",0.870739606509946
"26993",0.870730701069838
"114783",0.869867601138717
"51611",0.869808130128361
"1022",0.869451410891406
"11016",0.869381342853781
"54934",0.869224252567841
"8629",0.86820790314831
"221154",0.866840929355884
"10598",0.866124286698918
"6895",0.863682669160749
"81932",0.863355337281734
"85007",0.863009691303849
"6154",0.861744722030497
"64145",0.859886063179587
"1366",0.859883080376807
"51382",0.859014845757517
"22925",0.859004703368222
"348235",0.858174369484294
"55109",0.857713981136962
"2065",0.857225988622998
"6778",0.857086001164475
"1298",0.856405100802566
"27249",0.856267471919454
"9205",0.855939592301567
"5576",0.855785224510606
"63943",0.855741610050087
"79691",0.853864900608417
"1108",0.853742819962854
"49854",0.853079269949677
"55179",0.852356392453218
"58500",0.851905297027828
"900",0.850950294120562
"124801",0.8506445677189
"10587",0.850413746822416
"5290",0.850075804059073
"9869",0.847907921493363
"4830",0.847719808032693
"4976",0.847682457663002
"3161",0.847115805251929
"85301",0.846735759149658
"10313",0.846293062002556
"134430",0.84595289964585
"3661",0.845715645813403
"689",0.844743512484953
"51635",0.84444330727235
"6709",0.844164661728534
"55773",0.843926503293955
"7675",0.842303256558789
"81631",0.841915616546706
"22859",0.841487687550366
"79718",0.841096966960269
"55591",0.840566478825069
"84248",0.840216740462511
"389362",0.839777875309372
"1173",0.839664730027716
"123036",0.839268384244562
"55133",0.838847506827261
"10476",0.838634322267715
"23269",0.838468255135338
"2971",0.837713709008759
"55183",0.837066748297368
"58517",0.837048545843532
"51646",0.836063886762229
"27292",0.836047161029768
"168850",0.835907117971274
"10728",0.835896604777107
"79031",0.835813977767744
"5130",0.835122427898918
"196528",0.834844780710859
"388341",0.834625932985068
"80013",0.834444715647345
"55860",0.833418491416712
"55680",0.8333440049954
"54801",0.832873206079243
"8021",0.832217669628356
"8576",0.831828103099451
"11103",0.831725851705758
"9868",0.830096974724549
"5707",0.829747322195451
"3431",0.826757868845346
"11079",0.824444624297332
"2098",0.823937930826244
"51375",0.823510894240636
"9158",0.822967877481276
"55095",0.822823765725557
"27230",0.821930560929929
"10640",0.821791596533397
"54470",0.821252271023911
"1070",0.820691576694946
"51193",0.820629532615099
"151742",0.820429214123978
"7705",0.820346543761024
"1894",0.817764493333673
"9577",0.81708772727857
"84938",0.81597261568599
"51433",0.814364159048836
"9416",0.814186656769921
"57561",0.813682044220753
"10327",0.813552535663243
"79165",0.812704230138498
"29957",0.81253320237677
"7155",0.812105152123691
"23344",0.81196793949832
"27243",0.811148435727653
"84650",0.810063294848927
"10492",0.809502738347732
"9349",0.808998532168321
"80006",0.80788117555378
"6601",0.807395688329076
"51095",0.807199414515404
"1660",0.806681556897578
"80745",0.806032413996748
"84335",0.80589573749399
"84524",0.804321702179577
"729515",0.804114781397919
"84298",0.803912950403086
"8028",0.802985636702576
"6747",0.801870442823817
"513",0.801708226261889
"23564",0.801297781390588
"130355",0.799852187437396
"54482",0.799201156063976
"51186",0.798816381927466
"5690",0.798013219129537
"51755",0.797974928158673
"8559",0.797969241697484
"6635",0.797544835664366
"23007",0.796868439160588
"9603",0.796705301612612
"134492",0.795001755916224
"8405",0.794838907899867
"144348",0.794782902341792
"3069",0.794323746160989
"5894",0.794088630614859
"55236",0.793973322221936
"246184",0.793757449466616
"9270",0.793704842057029
"79660",0.793265853331259
"79784",0.792415103877914
"4999",0.79241110870278
"85406",0.792366899415929
"65108",0.792309010948892
"6304",0.790890486506096
"37",0.789806364214911
"153733",0.78882249116393
"57466",0.788726475113185
"374395",0.788408895900806
"80308",0.787637158657305
"9110",0.785344521650885
"54949",0.785038639566854
"4535",0.782720131864989
"79607",0.782632885327126
"26146",0.781084499631949
"7374",0.780954466812704
"55209",0.780579651721748
"379025",0.780477181111788
"7001",0.780102322521313
"84924",0.779951637221594
"121227",0.779532987916523
"54534",0.779173926818253
"6944",0.77876609698269
"10221",0.778367903680049
"6827",0.777781578913592
"91612",0.777162362726112
"673",0.776909246114172
"26135",0.775271757024116
"55571",0.774109016986587
"8805",0.773974345428519
"6143",0.773736230317481
"6814",0.773528519792367
"56852",0.773100047103839
"83604",0.773007823674224
"57404",0.772491887206173
"114908",0.772032230393473
"55101",0.7710481513237
"4289",0.770941612062504
"80221",0.770786466727395
"388722",0.770632273835358
"55312",0.769993825401178
"28986",0.769771857167223
"79102",0.769023486555471
"84885",0.767392483824713
"199990",0.766037548245969
"27235",0.765837099520467
"1350",0.765376846269037
"2519",0.76505194700904
"59286",0.764881888870696
"23405",0.764653198112031
"801",0.764484452642138
"4637",0.76275951654682
"56925",0.762029364055788
"79109",0.761213177163629
"26751",0.761088400664857
"55127",0.760766881708684
"51191",0.760470377835294
"9320",0.759809551819564
"51474",0.759774837669076
"84311",0.759771877370444
"54520",0.758260475120547
"8417",0.758210120584922
"23013",0.756613115970885
"2512",0.756178477368248
"112724",0.755916541866884
"100996609",0.754509530062567
"4077",0.754466040404147
"23367",0.754425599934185
"6125",0.754162227433978
"6432",0.752610481445909
"4001",0.75242205785345
"64419",0.752322750257636
"79876",0.751624912317755
"133746",0.751450895351643
"23160",0.750712789089134
"11092",0.750701446565371
"54014",0.750589587954335
"60560",0.749901151933682
"7586",0.749856857128736
"55334",0.749303631401339
"112858",0.749282412970761
"9517",0.747803962539854
"2803",0.747729766774031
"84268",0.747248812418416
"10270",0.746854078606157
"202",0.745769112165306
"163486",0.745099657535277
"65123",0.743751893118012
"7203",0.743477705155844
"414328",0.742713857109062
"6133",0.741289450760698
"55731",0.741082292491881
"51524",0.741005819451169
"6392",0.740844335714751
"140461",0.739680165016202
"51019",0.739061402300083
"55425",0.738972844591578
"3091",0.7381124174287
"10916",0.738030059437038
"4724",0.73799966651806
"55671",0.737947480445044
"84858",0.737818945341548
"51626",0.737768133346936
"28992",0.737600324687491
"493812",0.736843951160726
"64919",0.736693801970881
"10094",0.736168243965152
"84292",0.736041623315027
"2043",0.735925633786649
"9871",0.735536966327836
"7266",0.735457729379251
"25804",0.735254192656428
"10283",0.73512015188539
"10938",0.73467644831737
"4925",0.734652341130819
"9100",0.734610888826754
"22847",0.734317259497756
"55668",0.733074468342164
"861",0.732633276758563
"26054",0.732430542670691
"1633",0.731790061559861
"5529",0.731264821089705
"55814",0.729692055978831
"9197",0.729328490056887
"9537",0.729320054023481
"55040",0.728756318468722
"8086",0.728325934198043
"51534",0.727980655915259
"253635",0.727757616638343
"6204",0.72710541346111
"11165",0.72563994408787
"493",0.725422008384092
"6745",0.724967684799144
"7716",0.723492685246756
"4763",0.723373069024445
"7029",0.723151946599537
"112936",0.722727245063762
"6396",0.722120535594448
"8453",0.721376354277953
"23598",0.721206694786868
"8148",0.720929749819098
"57228",0.719365425125404
"6430",0.718371285893221
"79837",0.71736815791191
"196527",0.717051240651132
"841",0.71700062441921
"581",0.716660574425861
"8204",0.715895959430836
"84232",0.715356499907018
"3685",0.715274417836197
"5660",0.7151230278208
"30000",0.714586503913878
"9987",0.714249592905774
"4074",0.713813300408606
"23590",0.713501430256544
"81839",0.713321857714149
"2954",0.713135249337611
"399909",0.712960194493044
"23219",0.712717027959981
"80018",0.711704908418276
"169834",0.71162064625439
"80264",0.711427498964785
"55746",0.710587297265977
"10206",0.70996934344658
"7341",0.709782182459986
"4853",0.709623638402334
"7334",0.709581835884245
"4833",0.709481798121996
"253143",0.709370892021521
"64968",0.709025273146223
"65268",0.708989297941638
"54963",0.708530591925034
"84328",0.708272492058331
"59307",0.705336153263857
"6929",0.704704098027363
"5471",0.7036156182968
"79582",0.703587924332457
"221061",0.70304309542059
"23383",0.702974808049162
"116159",0.702891425154833
"92399",0.70234407231699
"2197",0.702228821394988
"9338",0.701899280614867
"57820",0.701409845553175
"9897",0.700903118050124
"112752",0.700599719191904
"121642",0.700278221681764
"283464",0.700202209330896
"4891",0.700073859346394
"220002",0.700025121854007
"5962",0.699548599863847
"9170",0.699242441563269
"8027",0.699052762687642
"1997",0.698858799397811
"23064",0.698519161780582
"23479",0.698412720749588
"5464",0.697991260946475
"55572",0.697147053524132
"54867",0.696440911016005
"23150",0.695725760302283
"56894",0.695665900226954
"3338",0.695491861898834
"80230",0.694477438106307
"284119",0.694374930172244
"118881",0.693933709664962
"784",0.6938503347779
"84933",0.693341277740586
"2186",0.693238437042725
"1653",0.693029796401152
"10464",0.692420063601208
"4731",0.691784682091178
"79134",0.690329117852585
"219854",0.690308885591003
"23531",0.690206809289708
"2130",0.68928884774132
"83860",0.688920134302019
"84186",0.68872207022926
"56829",0.688395359193764
"113402",0.688051188920214
"5537",0.685451406963693
"115209",0.682700761818158
"81550",0.682254390548115
"55660",0.680779157750124
"51185",0.680687587520145
"85415",0.680662194335135
"29110",0.679255146837966
"11056",0.679183571842613
"6189",0.677007743998291
"4047",0.676724753549074
"339175",0.675723449419889
"2799",0.675217346728734
"10474",0.6742681822094
"153396",0.674256840775766
"23190",0.674034554404823
"6663",0.673490685841129
"10459",0.67339856637738
"51390",0.673320326528042
"2882",0.673249875941235
"3795",0.673207093106315
"6829",0.673102676363023
"23099",0.671925859527224
"490",0.670772982489511
"79142",0.669668234989954
"26190",0.669158532070877
"6382",0.668099144697794
"93323",0.666740773534465
"84324",0.666568299094151
"9262",0.666354951490743
"10745",0.665203047104506
"10973",0.665163713585609
"57486",0.664478564196091
"23518",0.6643997876615
"80789",0.664308650729632
"84919",0.664035905551476
"11127",0.663663930638794
"4780",0.66221794823756
"8667",0.662159823167054
"2224",0.662111332970757
"51430",0.661463454370341
"9659",0.660717813717355
"10569",0.660708962021839
"122830",0.659401772805113
"64708",0.659081370214525
"9946",0.659065106458145
"6672",0.659054113584895
"8871",0.657146931300346
"6780",0.655670359639592
"8476",0.65532074711312
"84769",0.654584341231878
"8634",0.6539121055754
"1479",0.653596785582398
"9553",0.653302890795975
"222658",0.653245143824864
"4736",0.652100157177797
"6166",0.65128245599439
"9686",0.651092625220136
"6541",0.651065996101627
"79071",0.650215320152584
"10785",0.650018474605714
"5238",0.649652295277208
"84864",0.648875588000239
"3624",0.648532304810029
"280636",0.64757361193784
"1824",0.647478119608392
"22938",0.647274687389722
"136319",0.646406312246277
"152189",0.646212667448548
"3093",0.645893767818474
"9422",0.645629865779795
"5393",0.644948066512952
"5756",0.644831761878435
"93129",0.644335903229077
"8394",0.643836422246599
"727677",0.643804486264226
"8550",0.643354722442964
"26520",0.643152181159418
"55207",0.642425550998204
"56898",0.641555880788911
"64087",0.640565428490453
"135112",0.63985797784918
"1024",0.639812275366129
"6834",0.639566420453601
"55294",0.639513088059052
"6159",0.639470918700515
"57120",0.639335246512112
"23091",0.639107112954409
"64841",0.639011469648939
"54850",0.638923796249334
"1528",0.638900771050648
"79035",0.637935029525481
"7024",0.637870617005873
"92609",0.637505869938152
"1466",0.637215180307831
"23200",0.637204794676459
"6667",0.63531823469178
"140688",0.635074111234131
"54995",0.634012611505581
"353",0.633991537876963
"55644",0.632811222011591
"51029",0.632500972921154
"51002",0.632475020446653
"8165",0.630882589773924
"4720",0.630159198103724
"29952",0.629495164222197
"23053",0.628188061813214
"163859",0.627942055124713
"1452",0.627611093299326
"124808",0.627180336956251
"2618",0.627003277952562
"25988",0.62675024810933
"10628",0.623974327729837
"790955",0.623877654913779
"92400",0.623397634683823
"80321",0.62287255015438
"3094",0.622412452278313
"3839",0.62222223397899
"64216",0.622053746060869
"6919",0.62133899869446
"728642",0.621289220833456
"2835",0.621267324486267
"30850",0.620269373713845
"253782",0.620127675611266
"51116",0.619617076442078
"9266",0.619470702816333
"55342",0.618377104463624
"6059",0.61801587658615
"55558",0.616260409526731
"23135",0.616220680552908
"23197",0.615928786533171
"1622",0.615667084261863
"29911",0.614556716345519
"4660",0.613829230143251
"219333",0.613790735330758
"5283",0.613697486221281
"5037",0.613599312687542
"10971",0.613207709112533
"64147",0.613121887209081
"2217",0.613066942818517
"51574",0.612140986592993
"1891",0.611792816337576
"78987",0.611211449967415
"128387",0.610823719209778
"5049",0.61019514595945
"4659",0.609939556673092
"6617",0.609346233297307
"79882",0.609082811586023
"4850",0.608610548361328
"8019",0.60850369268455
"9333",0.608476506088623
"51004",0.607124240359827
"9931",0.607114905750984
"83460",0.606933107777888
"4851",0.606554461244077
"25959",0.605954117208711
"54929",0.605432701209063
"84612",0.604954092416472
"84275",0.604898247187917
"284406",0.60470752120758
"6309",0.604639740008975
"4678",0.604318997692142
"7009",0.604257840205514
"7706",0.604110787249231
"84002",0.603218094295965
"1386",0.602194178477935
"58497",0.60164736928036
"10951",0.600943646153259
"79078",0.600237934086652
"10205",0.599793795323603
"6726",0.598737069635606
"8505",0.598229769357792
"7408",0.598086045624961
"1737",0.597751968237972
"10915",0.597713089903587
"79893",0.59644619770421
"55727",0.595884022435356
"64981",0.595600859936668
"92906",0.595382014432983
"2976",0.595292819932746
"84705",0.593573061347018
"55110",0.592739484309406
"10730",0.592001612206908
"389",0.591573231494359
"83759",0.591348694102975
"10311",0.591123423539611
"26995",0.59095608028961
"91869",0.59091713713494
"22864",0.590252254387091
"25800",0.59015356956373
"1832",0.589160373086246
"9689",0.588712524229677
"23085",0.588621584414412
"6146",0.58842972666743
"51434",0.588297116698393
"9443",0.58744023652998
"4686",0.586867481633248
"55870",0.58606711132036
"83939",0.586045787503489
"11311",0.584776788326838
"221037",0.583510114049271
"7564",0.583448194685904
"65062",0.582810683585492
"5980",0.582444622597895
"6727",0.582257855276239
"85437",0.58209280316548
"151246",0.581982182464778
"54800",0.581536219012797
"908",0.581042866600119
"221178",0.580811980724957
"79036",0.579463359369714
"10905",0.579204157385203
"5033",0.578882101008192
"5825",0.578849863567556
"55255",0.578732576648444
"6138",0.578717810657593
"6202",0.578204609932026
"6093",0.578073189194128
"9960",0.577680353317602
"51295",0.57767192781177
"55827",0.577431029212779
"50813",0.577195429067045
"64901",0.575767364780307
"54989",0.575465856902428
"51150",0.575214836961367
"23294",0.574466049883715
"1728",0.574409418952814
"7919",0.574347544316881
"10787",0.574218006283525
"22890",0.57289257679405
"2648",0.571679685672408
"31",0.571305893633442
"55630",0.57081004212644
"55850",0.570739283173947
"55035",0.570391484572059
"27037",0.569908077673307
"54978",0.56977114121073
"9252",0.56943115657501
"91404",0.569302184815431
"51531",0.567923978159052
"55105",0.567713380043928
"65220",0.566844163661991
"7311",0.565926398920715
"58505",0.565865019445482
"3646",0.565407460409533
"8507",0.565081124268703
"57583",0.564255500029486
"5532",0.564249830016259
"3671",0.563969277504406
"3652",0.563921445810478
"23683",0.563362184522754
"51602",0.563175837796986
"388403",0.563037350688308
"7553",0.562858832124954
"8607",0.562672478884164
"4302",0.562526089457778
"6731",0.562455140428371
"25844",0.562411512182515
"54464",0.562306421254736
"2957",0.561514054394801
"84314",0.561420890664523
"148789",0.56119357899923
"25998",0.560641554747959
"5618",0.560549483373671
"192669",0.560489611038745
"1407",0.559662240561507
"1643",0.559515917489696
"10188",0.558897280383505
"4665",0.558120608032791
"26091",0.55797310258491
"114825",0.55780813943709
"56886",0.557641354463438
"8650",0.557402475891997
"9819",0.557046422476296
"4292",0.555306940982618
"7328",0.554872440091212
"152002",0.554581497432516
"5927",0.55453732643053
"1191",0.5544430793507
"5708",0.554002394686253
"9790",0.553517507444321
"57530",0.552987204066223
"10605",0.552852242980856
"54069",0.552563134089562
"55599",0.552072660748273
"4864",0.551980342897046
"64747",0.550552975992992
"9784",0.549571522074595
"6120",0.54925784506038
"26521",0.549212437476185
"5639",0.549187045060676
"10490",0.548703424124296
"60487",0.54766961835642
"57534",0.546637817130851
"5349",0.546234004527987
"284996",0.545325808263021
"51109",0.545129276421069
"54505",0.543604917836817
"11321",0.543358881310179
"471",0.543269575732683
"523",0.543094997448453
"55689",0.542973069052154
"10575",0.542565878073342
"10946",0.54244332667469
"3189",0.542135238959241
"10884",0.541786763994533
"84336",0.540840510156727
"55741",0.539993709951845
"4698",0.539759744347456
"7175",0.538569666363276
"81858",0.537722672368093
"148327",0.537641821161487
"79158",0.537369004199784
"80012",0.536756320424844
"29074",0.535520071126949
"55172",0.535050931902814
"28972",0.53502008967205
"219541",0.534940378309847
"54165",0.534466174557023
"5298",0.534313560198972
"10199",0.534000292571777
"8239",0.533294804082261
"7570",0.532967125069307
"9520",0.532840500521134
"6873",0.532829607414743
"8624",0.532671557514354
"3983",0.53264658707725
"84987",0.532231664442002
"22818",0.531588777859775
"50618",0.531575707752641
"51010",0.531511787118361
"90592",0.531175120169474
"286097",0.529443144357379
"8720",0.529336643721795
"9140",0.529264353096411
"10402",0.528647241922458
"64975",0.528574986242732
"6282",0.528244905136134
"694",0.528221065297732
"8706",0.528081365146794
"1535",0.528054929788332
"57062",0.527647575063863
"51099",0.527593497022818
"57447",0.527556113784676
"3945",0.52733094268129
"9456",0.527330213415309
"4358",0.525982754390282
"6820",0.525766462549296
"23321",0.525041636354074
"1778",0.524392308421369
"1777",0.523383074046497
"5916",0.523346501026638
"988",0.522936705343447
"23607",0.522533086274157
"1965",0.522496446029374
"64135",0.522368861192419
"984",0.522065912036398
"64801",0.521360273667086
"51133",0.52117898889937
"11112",0.5211286266283
"85021",0.520361647670462
"79154",0.520041206025998
"285362",0.52001063062749
"23517",0.519803297120572
"79170",0.518946315409785
"8161",0.518639160946865
"28991",0.51748896291962
"57794",0.517205696851441
"79026",0.515955914106377
"54558",0.515678120864731
"92856",0.51500085074245
"5436",0.514279438716055
"84897",0.514179558541878
"26273",0.514048010504962
"2647",0.513777897556089
"5984",0.513452532088136
"64425",0.513321136166842
"54811",0.512780687635276
"79647",0.51193736293508
"2288",0.51185772282567
"151613",0.511197160465177
"55285",0.510485012509356
"10914",0.510356416812051
"10475",0.510057122261071
"1176",0.509754100045009
"1719",0.50968110068984
"8480",0.50953201539975
"5947",0.508921017866941
"6240",0.508862349111018
"8625",0.508101775491106
"55696",0.507563842315851
"6636",0.507319592038743
"26234",0.50662598342068
"5194",0.506436181767003
"23513",0.506028971445629
"7368",0.505414662560252
"9925",0.505353645929393
"8636",0.505278271049681
"10494",0.504853208427211
"2101",0.504680250427243
"83786",0.50412652806529
"10597",0.504033713722994
"4149",0.503880828155211
"79683",0.503299454733328
"81689",0.502856430661944
"85365",0.502213482038345
"4691",0.502191996829176
"5710",0.50212722868673
"94134",0.501618659652997
"399972",0.501260921329296
"51131",0.50084601861526
"55486",0.50020080707399
"2537",0.499811498607329
"2936",0.499712548880462
"5567",0.499691160298952
"23530",0.499139971763988
"8508",0.499127722943019
"162394",0.498825634671195
"6388",0.497787601256627
"9581",0.497688604158796
"51070",0.497676552340131
"5036",0.497201693847381
"9406",0.496322307720882
"118424",0.496179740070327
"28960",0.495903374258031
"473",0.495728086030904
"29078",0.495680359090497
"7386",0.495183243710308
"57670",0.494749809943805
"10370",0.494374264928286
"9831",0.494333329256842
"5887",0.49318856603611
"6194",0.492668150924597
"9183",0.492180224366572
"10555",0.491345437294916
"199857",0.490580527127805
"55657",0.490054369754847
"64105",0.489675545111992
"79690",0.488841921824274
"7113",0.488802517871834
"9441",0.488528375656337
"84304",0.487746933964857
"26088",0.487676359670673
"7046",0.486924347070228
"8030",0.486697544052389
"283232",0.486599306668094
"3192",0.486524328202669
"8837",0.486290827864593
"151525",0.485902839231536
"126433",0.485664640496625
"51155",0.485577941464887
"6498",0.485287500024094
"3837",0.485223703207748
"79577",0.485025760541509
"100507347",0.484898093420031
"160897",0.484176938922074
"22820",0.484099679985314
"51805",0.483339149125005
"522",0.483067849365373
"51389",0.482874011800051
"57410",0.482856493627534
"51074",0.480409885887777
"9667",0.480272894346365
"79088",0.479502681493773
"101060226",0.479415892100992
"100507303",0.47912126797011
"5886",0.479112485606939
"25874",0.479048475075031
"79075",0.478747964789114
"51112",0.478579567161147
"152518",0.478298445222196
"90634",0.477596240323364
"5481",0.477066120294661
"9540",0.476705895804078
"220988",0.476254436397372
"151188",0.475619917001164
"9317",0.475602326827665
"160760",0.475596151488443
"51691",0.475526816680642
"8813",0.474982113617882
"904",0.47491319442214
"55256",0.474460201300142
"54555",0.474354213793621
"10554",0.473474023102439
"51596",0.471995067132903
"55611",0.470713479708709
"10956",0.469810039267932
"3146",0.469229813023948
"112495",0.466644864180257
"56133",0.465941109432446
"29085",0.463291390584964
"51072",0.462887564416074
"4609",0.462462412038208
"51371",0.462324185998486
"10600",0.461934309625228
"6996",0.461318367484888
"22873",0.46084012263825
"8189",0.460801230821123
"9524",0.460484476405122
"55552",0.460410267344727
"10440",0.460353620238378
"8444",0.459563843602671
"9657",0.4593299619411
"55193",0.458490501658952
"754",0.458355164777224
"23131",0.457018850519779
"3930",0.456980252117789
"5226",0.456768064225546
"6016",0.456646251862078
"5524",0.455987697622433
"9994",0.45547168484064
"26511",0.4552131267377
"55186",0.455087673593694
"10482",0.454423985467829
"51103",0.45437604588146
"9533",0.45388399016286
"29995",0.453557251997874
"9453",0.453334347695832
"7388",0.4530277886637
"57677",0.45271051729746
"8677",0.451403324647291
"6233",0.451049609067799
"81873",0.450929384465887
"51290",0.450867812847604
"375757",0.450563280937798
"83734",0.450360565067057
"26137",0.44974470353744
"5411",0.449238029067725
"9761",0.448212439750424
"51008",0.447164095400423
"55768",0.447028544052982
"1537",0.446908532181478
"29889",0.446639117762971
"57492",0.446616464194759
"6160",0.445804936540559
"7812",0.445422178850525
"9793",0.445018701152053
"54663",0.444912132629883
"60496",0.444772108513868
"10963",0.443727605556824
"4436",0.443045802729694
"27339",0.442933223760481
"91012",0.442809393304079
"6129",0.442764596637256
"1612",0.442756651651479
"29080",0.442638488032288
"203054",0.442472433232743
"57695",0.442026843717658
"87178",0.441444940947727
"2762",0.440821626568749
"85464",0.44070294985416
"5585",0.43984406528502
"55917",0.439427505241655
"79657",0.439383351000454
"26227",0.437886080945201
"83666",0.436921525759393
"3572",0.435151722718085
"9991",0.435046179502727
"55831",0.434338510395949
"114803",0.43425957909629
"79612",0.433998268944085
"6602",0.433873378042372
"9975",0.432838796882629
"2077",0.429785916937156
"64769",0.428843353507
"117145",0.428734314619142
"80705",0.428455618802617
"9045",0.428052365944769
"22929",0.427890611161408
"6175",0.427640784846617
"25896",0.427572230649218
"8815",0.427203121909096
"9830",0.426501317286214
"54433",0.42646642288083
"51264",0.426255189063656
"23637",0.425060678015095
"10651",0.424914890401371
"6207",0.424889101282471
"26292",0.424737624774031
"1520",0.424309622781445
"11020",0.42419287111857
"4214",0.424157100217072
"54542",0.423758738327443
"55818",0.423516390621131
"708",0.423381025773271
"2181",0.423350752051097
"92715",0.422426639127669
"51184",0.419726384381867
"6433",0.419261392028619
"64786",0.418788757108937
"1773",0.418408524771424
"9743",0.41834112771193
"6400",0.418212932831143
"104",0.418020994014706
"27102",0.416531416934284
"7538",0.415954145082974
"55577",0.415840269985921
"25836",0.41558479501474
"84295",0.413464420669549
"2296",0.413380048451385
"284443",0.413370372256887
"91746",0.41328019278041
"6773",0.412964939503293
"14",0.412916375852479
"5096",0.412848010652239
"8934",0.412221834640872
"1351",0.412193131244315
"22872",0.411479176852565
"53371",0.411314653171186
"27293",0.410918719509713
"57472",0.410904915227399
"26355",0.410665441345682
"1017",0.41022739586237
"142891",0.409710261299915
"55139",0.409497458232464
"7019",0.409311533538943
"308",0.408351239132783
"1876",0.407944061689545
"647087",0.407885155371676
"51141",0.407757299847813
"26747",0.407659440204426
"6612",0.407289990085002
"80267",0.407257017227903
"11161",0.406987759245307
"9731",0.406744482292108
"29081",0.406571492819576
"831",0.406438087101992
"596",0.4061804206495
"4528",0.405549520168009
"1353",0.405382713233647
"58525",0.404022284649202
"2237",0.403224547148253
"6628",0.402451772735941
"644943",0.402393587287598
"51138",0.401969687767348
"10197",0.401429867156241
"1649",0.399487702081175
"55890",0.399256943011087
"10016",0.399106163437142
"54873",0.398967740855481
"7337",0.398734324657521
"5546",0.397473542918782
"114822",0.397335052897579
"100302692",0.396902316366876
"2778",0.395736696033273
"11284",0.395587275936248
"81608",0.395275164628396
"54998",0.394702522554358
"83707",0.394543780217816
"6945",0.393764059099176
"8520",0.3929353946212
"255967",0.392491924430645
"83479",0.392458250332448
"26060",0.39224131084342
"23587",0.392172921784145
"10653",0.391049829363039
"3978",0.390857476043657
"5867",0.390070882851443
"23077",0.389992173723968
"55421",0.389848192091522
"51022",0.387437806959495
"7403",0.387320980939499
"84140",0.386920715799637
"79832",0.386755027395921
"79735",0.38651233319138
"100506392",0.38624142082862
"55219",0.386235629338187
"6599",0.385906277392603
"10010",0.385244981336977
"196264",0.38469031437233
"9682",0.384587962616623
"475",0.384496129349726
"55776",0.383639484965389
"84159",0.383001848442633
"57221",0.382805317323569
"9329",0.382620944060928
"5300",0.381987426484096
"191",0.381359444061696
"160",0.380774660182019
"8655",0.380688129957172
"51386",0.380293157944765
"10865",0.379903603910258
"3614",0.379302760587498
"9967",0.37911960472523
"57489",0.37904205647514
"114034",0.37848174267754
"84221",0.37728503871211
"6181",0.377116936172775
"3298",0.376455320606455
"3625",0.376388534024456
"80821",0.376204659129382
"9141",0.376181015537267
"54751",0.375532983390099
"51315",0.375322169537597
"4499",0.374823845727229
"2287",0.374284240506289
"9470",0.373720968940397
"5571",0.373463346268935
"79828",0.373282887813331
"1434",0.372632553663781
"339448",0.372542076541686
"5469",0.371782887260331
"26272",0.371528851555873
"10542",0.371475345168474
"91368",0.37097287263794
"23360",0.370895200764365
"9167",0.37048919235601
"79921",0.370488044375624
"25778",0.369605947628147
"3182",0.36957386882302
"4782",0.369514146143124
"23512",0.368968473745
"79575",0.368955494998053
"3326",0.368564336670426
"80150",0.368051880020888
"27161",0.367842053646201
"79038",0.367760262482534
"27316",0.367307212927115
"339804",0.365182103804181
"3858",0.36381619957178
"11267",0.363582549363882
"91875",0.363488481284787
"120534",0.362860125588888
"29940",0.362718379994155
"54149",0.361941642524171
"146923",0.361922611924951
"80347",0.361029491799765
"55454",0.360852132340308
"126075",0.359517546560045
"11180",0.35950575849291
"26503",0.359297320435891
"6625",0.358004204131895
"5316",0.356629941737958
"6302",0.356052471187899
"80063",0.355777706628611
"4717",0.355183101347128
"54834",0.355155801867182
"8690",0.354509425540301
"57549",0.353976422139381
"9394",0.353852982629101
"6183",0.353645834575688
"5718",0.353289702085882
"3992",0.353231577284069
"64215",0.352683984238669
"29095",0.35259108753167
"10625",0.351669179267541
"51397",0.351551059409746
"9419",0.349974807635225
"85444",0.349707194203922
"10096",0.349499962627334
"55274",0.349363159338066
"8481",0.349271440478525
"1164",0.349262433024535
"636",0.348388828953426
"9695",0.348147895758752
"56922",0.347934736195981
"11222",0.34772941940638
"11052",0.347378892156892
"81926",0.347107800932158
"221477",0.346939322405263
"54681",0.346394703321682
"7528",0.346391862801565
"4820",0.345711870467915
"23304",0.344996502611351
"11143",0.344738801926594
"3181",0.344597675276735
"8612",0.343903169941672
"57606",0.343793899263484
"6651",0.342860451274227
"54932",0.342485285451932
"7251",0.342326495198306
"9882",0.341849149509253
"1192",0.341525700043568
"90480",0.341012514634661
"7159",0.340511054176654
"55177",0.340191540212572
"25766",0.339932727718532
"622",0.339840069700715
"23196",0.338773416866873
"51361",0.338462998784746
"55631",0.338211562962969
"56954",0.337448330500013
"22955",0.337398866489239
"7343",0.337173707385205
"821",0.337071198538613
"51564",0.336798636773728
"22877",0.336461403236946
"51293",0.336112609985104
"90441",0.336087370640117
"5048",0.335721526842363
"4541",0.335611411210047
"8930",0.335205140211129
"6137",0.334952685524459
"7184",0.334927964313258
"84131",0.334884032030291
"5394",0.334521073414459
"3159",0.3343990067688
"10969",0.33439132940888
"84193",0.334037963907883
"3842",0.333859961758948
"27166",0.332809846749336
"4259",0.331743786513802
"546",0.331588016961742
"83879",0.33097543066978
"4241",0.330717576805431
"26160",0.330437999945494
"328",0.330347486757803
"8325",0.330300989523711
"10528",0.330036273475433
"23392",0.329512015398023
"3921",0.329461836073517
"2052",0.328258205586625
"55763",0.327793851918361
"55119",0.327791530180326
"3454",0.327684415162651
"3185",0.327500697203347
"4482",0.327447047177683
"84518",0.327240963104325
"2161",0.327045403375097
"7464",0.326873948226305
"1121",0.326814578727121
"51374",0.326516027446246
"9545",0.326504555957201
"23355",0.326216730997394
"7587",0.325962433015083
"7643",0.325884264934432
"79960",0.325838921559564
"10005",0.325212644046674
"23609",0.324599740737607
"80255",0.324377497617718
"9552",0.324273757990781
"27079",0.324124855503481
"1267",0.323903996519918
"757",0.323811360384831
"85440",0.323677695036882
"221078",0.323137588211267
"7088",0.322293198044623
"516",0.321087989499846
"10388",0.319907759780569
"10513",0.319302765765336
"9818",0.319277145429793
"6421",0.315236783366313
"7799",0.315015627088283
"23189",0.314510112886721
"11224",0.314312154961573
"3054",0.313831740988476
"11231",0.313811843665216
"6801",0.313347283944667
"83932",0.313335639476368
"84263",0.313152861585849
"10190",0.312971053706152
"64149",0.31227066175619
"58528",0.312235594647854
"54726",0.311555983480592
"351",0.311422199550403
"7916",0.311398365787843
"10238",0.310993252847854
"116254",0.310545716987659
"25937",0.310446431997211
"79157",0.310329665514061
"56990",0.310164727973563
"126626",0.309860031182049
"3482",0.309779607032665
"4705",0.30957294469735
"51056",0.309559695548395
"4927",0.309015764954562
"9587",0.308797567453421
"128218",0.308641282223918
"2967",0.307762044069671
"10480",0.307679932334545
"91833",0.307540733590569
"22993",0.307257830045376
"9360",0.307239092807992
"9138",0.307201037417727
"8664",0.307017724797534
"6613",0.305923312414027
"54407",0.3053636497142
"51692",0.305351848735185
"8812",0.3047260036036
"26985",0.304568184622314
"92689",0.30394915177735
"51720",0.303436131740312
"6605",0.303372914337465
"55339",0.303284617546674
"5087",0.303200624758118
"10979",0.30313812294406
"6135",0.302881638344199
"23505",0.302756006479532
"6164",0.302121881395169
"57669",0.302119456178214
"9039",0.301445540613856
"56952",0.301095760293995
"79768",0.300505822787853
"51362",0.300468169508069
"4670",0.300319958459547
"152006",0.300280006451974
"29093",0.300279929340833
"115098",0.300006070866176
"554203",0.299619608302321
"9725",0.299162734449704
"25897",0.298884407686288
"5826",0.298742398884391
"51663",0.29847912709277
"55205",0.297925582769199
"80179",0.297733296743984
"10618",0.297543685685136
"329",0.296096199954574
"7372",0.295834518995712
"10001",0.295136552599561
"7327",0.295054456055022
"51096",0.294920037064812
"38",0.29452983757174
"23534",0.294154713810716
"90231",0.294097111743777
"11278",0.2939108324316
"90416",0.29345106646893
"3275",0.29344072908753
"116150",0.292817978123891
"1654",0.292569590612362
"219970",0.292308601010761
"9445",0.291844443943029
"51142",0.291661452914076
"154791",0.29106745765087
"51068",0.29070904470607
"79915",0.290609493602075
"6426",0.290440858502361
"131118",0.289881281481037
"10572",0.289851071434409
"259230",0.289594252832651
"84000",0.289563246747834
"23759",0.289377540786806
"23195",0.289268523627582
"6156",0.289256853926028
"26271",0.288657279725577
"79679",0.288100342582578
"7852",0.287898156803129
"4247",0.28783243655164
"4253",0.287738281170959
"113174",0.286814882684661
"10988",0.286582661804091
"7494",0.286057304794349
"4725",0.285982956511341
"113146",0.285529317853927
"54875",0.285488211598167
"285237",0.284562188742691
"10383",0.284549758339581
"51188",0.283597942218944
"11066",0.283480203687363
"90507",0.283456555927647
"51258",0.283217864219486
"10449",0.282856781611813
"1629",0.282649300680111
"9043",0.282613805564973
"7247",0.282550184295099
"5162",0.282081237234529
"10207",0.281837955564153
"54971",0.281671475826257
"25833",0.281664283201535
"10228",0.281253631701616
"9611",0.281230549459244
"152100",0.281100535652248
"255783",0.281059441854179
"10038",0.281010934582937
"23137",0.280757923191864
"55578",0.280622992909554
"79086",0.28026245555531
"1396",0.280197498617197
"10927",0.27978700768249
"284361",0.278659643510261
"85476",0.278161934325963
"84817",0.277984704850818
"23398",0.276979131051085
"8878",0.276876621211129
"54940",0.27662918455237
"126789",0.276183355816589
"7430",0.275849533427686
"65003",0.27537913399804
"5989",0.274359030954166
"9380",0.274051195818758
"6397",0.273635485645341
"285753",0.27313896785002
"28974",0.272919545178066
"27236",0.272905035186498
"55588",0.272314077976139
"51491",0.272051182489808
"51249",0.271981602805273
"9179",0.271867463406851
"51105",0.271705432231826
"10553",0.271510426149552
"51021",0.271227398962452
"10992",0.270709441568189
"5584",0.270696531273415
"5339",0.270460936519584
"57104",0.270030422136358
"10526",0.269758116293469
"377",0.269678800390826
"51111",0.269444819498861
"79269",0.269099882218819
"60681",0.26906072216365
"79171",0.269025802612622
"2941",0.268607053485972
"7707",0.26852374665136
"23588",0.268457295249955
"56005",0.268344723579152
"55914",0.267987601554172
"55051",0.267644513504058
"9898",0.267585622047614
"10960",0.267534750766744
"4704",0.267527758731236
"56521",0.266711286294016
"30",0.264602850694322
"116138",0.26424619784885
"52",0.263291540796047
"2771",0.263214360153788
"468",0.262279162778627
"768",0.262241397826749
"23523",0.261631284350149
"283237",0.261429421839896
"80775",0.260913868562924
"4151",0.260533325087266
"10489",0.260463696127784
"4664",0.260425582018108
"23350",0.259750016310814
"11253",0.259555787728632
"26268",0.259303734950634
"51699",0.258765104052585
"57175",0.258714657803613
"11169",0.258526838210115
"4779",0.258510773854017
"3799",0.257417767540819
"55830",0.256973176557649
"27099",0.256437363202171
"1025",0.255636947175602
"22931",0.255351023621529
"57035",0.254539553611783
"22894",0.254332640951037
"56897",0.253999790142514
"348262",0.253939607136012
"25963",0.253896181631048
"54890",0.252996894530126
"55720",0.252743609843536
"64853",0.251826160457158
"11072",0.251405352810533
"90806",0.250292332732163
"23446",-0.250145252565651
"8801",-0.250435032326148
"51372",-0.250567082580615
"123207",-0.25069582567901
"112970",-0.250805831471865
"8732",-0.250894497919382
"9917",-0.251798971025521
"23261",-0.251961559219078
"55704",-0.251968197812411
"64983",-0.252030154506573
"201161",-0.252107224350456
"10948",-0.253217337491491
"8106",-0.253723949816542
"10565",-0.254100803882926
"79586",-0.254322209912763
"54438",-0.254376617701728
"5955",-0.255430471411066
"88745",-0.255562998034003
"7531",-0.255838046318929
"57226",-0.256850126770734
"51018",-0.257222978437465
"83439",-0.259391368156706
"23299",-0.260179031708542
"619208",-0.260212291981408
"1534",-0.260360070933384
"6655",-0.260550386516476
"7384",-0.260977287013366
"55122",-0.261044563909362
"8242",-0.26178847672326
"4200",-0.261821648673349
"5906",-0.262108232153283
"114984",-0.262114622022301
"9125",-0.262826173572473
"10236",-0.263133544937152
"117178",-0.264280546914941
"54737",-0.264373517802401
"9373",-0.264419931039314
"64175",-0.264746531575235
"90799",-0.264764042285674
"6815",-0.264878066686358
"5885",-0.265351407847265
"11243",-0.26537243767751
"4257",-0.265484290507656
"4287",-0.266032706756782
"8409",-0.266137935446947
"29777",-0.26698704129944
"51108",-0.266989195559121
"51527",-0.267052903592985
"55173",-0.268334516203207
"55620",-0.268645152935443
"23014",-0.269153493579589
"106144584",-0.269383764656345
"339230",-0.2706507860019
"6659",-0.271043997898506
"5599",-0.271077134860419
"55355",-0.27118413724714
"6277",-0.27125108340788
"9282",-0.271479212594609
"56267",-0.272226173539389
"84930",-0.272458640828657
"9462",-0.272728812401651
"51003",-0.272845697461436
"3949",-0.273141973634062
"23063",-0.273774527965904
"55596",-0.274808832904232
"27032",-0.27487200049566
"64834",-0.275398831586779
"219927",-0.276183549376497
"57470",-0.277895150946046
"55726",-0.278049343399168
"26986",-0.278276484811226
"79621",-0.2784735157228
"51043",-0.279095076482399
"116461",-0.279100821384135
"10775",-0.279455596659627
"56893",-0.279728449835047
"130502",-0.279737486746619
"9314",-0.279770080537124
"135154",-0.281181161073888
"8533",-0.282028885708145
"6227",-0.282592513242256
"735301",-0.28273108826927
"54947",-0.282734866358748
"5427",-0.282805822147588
"5881",-0.28326302458869
"9403",-0.283495693867706
"55905",-0.283662768553339
"1678",-0.2838888743934
"51122",-0.283931230089879
"143879",-0.283971205657732
"84255",-0.283973482251211
"10092",-0.284531019755492
"285672",-0.285190911631531
"128240",-0.286364909761757
"80772",-0.286414138856261
"5930",-0.286875548727953
"6936",-0.287099555298701
"7289",-0.287376899757891
"22823",-0.287571746336213
"84934",-0.288391291976781
"402055",-0.289671350524467
"9409",-0.289779661002599
"9053",-0.28980919800501
"6464",-0.289857164506796
"79366",-0.290349222930363
"27309",-0.290514271110515
"6810",-0.290877521608713
"151903",-0.290975455465318
"55798",-0.291453972277349
"148423",-0.291901695802824
"51322",-0.291935007509222
"57178",-0.292075649478446
"7023",-0.294200815209612
"84955",-0.294205790911192
"26136",-0.294571560118179
"6730",-0.294597720230535
"55670",-0.295144497758153
"6234",-0.295488189936876
"613",-0.29559051745695
"3725",-0.295747440897682
"11322",-0.295785125093425
"1478",-0.296200690248466
"57038",-0.296414811172542
"51634",-0.296717493886544
"10471",-0.296829008246797
"284131",-0.297040842792068
"23059",-0.29710492341739
"120",-0.297498891465602
"390916",-0.297518245271491
"140739",-0.297741314587218
"51075",-0.297932405898391
"155066",-0.298957994493233
"7126",-0.299027334480066
"400410",-0.299258028114271
"64778",-0.299357285855798
"29920",-0.299472562246108
"84722",-0.299510812270635
"5700",-0.299738662604469
"10263",-0.299887455635596
"10959",-0.299979857181599
"10897",-0.300572267184033
"100505854",-0.300674993371842
"1153",-0.300906861057486
"55937",-0.300932062046176
"112950",-0.301790589839809
"4536",-0.302999276921615
"79877",-0.303490573544789
"5351",-0.303599759069596
"6239",-0.303968794415041
"79823",-0.303968825674419
"3835",-0.304114424913142
"5352",-0.305345142671095
"79901",-0.305670769377287
"6888",-0.305999057418323
"79089",-0.306156179957825
"55144",-0.306216893235753
"112616",-0.306237749577368
"2005",-0.306639967112898
"51441",-0.30673666776981
"100128822",-0.30737579625806
"84836",-0.307724615349717
"285282",-0.307958560536168
"339487",-0.308422403052112
"54621",-0.308578258469486
"6187",-0.309259556169418
"80146",-0.309264469591943
"51132",-0.309274884198959
"10845",-0.309418663712556
"55754",-0.309957691628058
"51575",-0.309987339080364
"51759",-0.310109391964075
"10549",-0.310166840235743
"26225",-0.31135600705878
"79717",-0.311945783627035
"7005",-0.311987951501254
"55968",-0.312032857280481
"80762",-0.312069189638049
"5970",-0.312823470909774
"9218",-0.313008920812601
"362",-0.314274378189977
"11047",-0.31435586823399
"10527",-0.314510440379375
"991",-0.314930343897562
"28966",-0.315289060169448
"5510",-0.315926912096974
"80254",-0.316437835860627
"84231",-0.316499846546898
"10075",-0.317334922212436
"245812",-0.317435320108618
"65008",-0.318522521653676
"80764",-0.318993795076847
"7572",-0.319191985988896
"283131",-0.319721034403291
"22926",-0.320250518177111
"60685",-0.320425727085232
"25948",-0.320583897886941
"6415",-0.321121381148389
"9031",-0.32169553439246
"94107",-0.322479011021437
"64343",-0.322730198039386
"5433",-0.323188434852919
"27000",-0.32352420262281
"84890",-0.323675609027942
"58487",-0.324122150931933
"55623",-0.324785628449263
"23301",-0.324997395910033
"4335",-0.325220054816723
"57819",-0.325224891571739
"22907",-0.32593669206795
"7227",-0.326146457450161
"7482",-0.326303893141234
"90417",-0.326513816517489
"4508",-0.327786579400668
"8724",-0.328858362679788
"2590",-0.328873828069441
"8446",-0.329296930297222
"3783",-0.329453410892747
"11273",-0.329602224362197
"10133",-0.32989964415126
"81614",-0.330071525903323
"6523",-0.330358867701934
"151230",-0.330419676946853
"11070",-0.330610796311706
"203068",-0.331260225757305
"56851",-0.332086957391224
"79939",-0.332333972754129
"1107",-0.332811505369019
"59343",-0.333032175282752
"55737",-0.33328026938354
"57619",-0.334022321557276
"55240",-0.334370883795472
"29099",-0.334689734962542
"8675",-0.335023982866576
"113246",-0.335639662441387
"6880",-0.335906726671427
"54583",-0.336855860652308
"63929",-0.337071495355258
"5165",-0.33718551965564
"66005",-0.338516540523705
"23480",-0.338579905662365
"60386",-0.338663652366077
"58508",-0.339000115405
"9532",-0.33923692150006
"467",-0.339985787349029
"58495",-0.340466578443443
"5520",-0.34061592327327
"4835",-0.341189215108365
"54758",-0.341555129064695
"10848",-0.341984538126263
"50717",-0.34305849100411
"9604",-0.343454641961534
"8803",-0.343465203125579
"26097",-0.344136796255813
"135228",-0.34476480115552
"10591",-0.344803928661666
"51107",-0.345003499256618
"64326",-0.345823502485521
"26156",-0.34639606773469
"8780",-0.346674604439101
"10006",-0.346869123856654
"55856",-0.346974015243867
"57003",-0.347016395899012
"871",-0.347243660483262
"8318",-0.347714729077368
"51368",-0.34798502643405
"25977",-0.348352822122697
"5786",-0.348680791069393
"463",-0.348789336994822
"51009",-0.349525281463893
"135293",-0.349964128661847
"58190",-0.35060213104785
"203069",-0.350844819496233
"8568",-0.350978624462582
"1831",-0.352290308262756
"54187",-0.352367919671927
"91057",-0.353166739624978
"317749",-0.353349444854897
"8773",-0.353455804213886
"8270",-0.353855932655557
"93587",-0.354932085322024
"4236",-0.35589175872309
"1207",-0.356143024060838
"129787",-0.356420356370453
"9112",-0.356779122177045
"6047",-0.35741722092662
"10273",-0.357535378468184
"51079",-0.357899684980789
"11236",-0.357994695868988
"6789",-0.358567270548668
"51652",-0.358727665129066
"9054",-0.359013223392113
"9972",-0.359282845184966
"148223",-0.359312387701968
"25879",-0.359717974420682
"1314",-0.360173575422575
"3710",-0.360374216801686
"10521",-0.360725066995262
"7353",-0.361073620888838
"54957",-0.361361890112108
"10413",-0.362040635498187
"5900",-0.36219379351048
"56983",-0.362416085078102
"27429",-0.362878610946105
"2521",-0.363389504204931
"25853",-0.363506153670069
"80335",-0.363594184889337
"2547",-0.364426370956658
"4316",-0.364507927682309
"163590",-0.364841497442608
"81559",-0.367069173293378
"10654",-0.367280597882418
"2591",-0.367782842128479
"9879",-0.367880148776007
"51642",-0.368855686679481
"7841",-0.369156381146419
"5828",-0.369504968759669
"4723",-0.370609721150656
"5160",-0.370902842653571
"11325",-0.371424460763267
"51526",-0.372714815183793
"55075",-0.37277618869709
"374291",-0.372863035444299
"2773",-0.37293055641369
"58533",-0.373489393556918
"26523",-0.374701010707054
"10487",-0.375352879876982
"51562",-0.375374239208621
"25920",-0.375728218298732
"8228",-0.376820151690436
"25870",-0.37710140123581
"23191",-0.377102678854797
"23039",-0.377129905566815
"80227",-0.377510457102371
"58477",-0.378027992982044
"23576",-0.378236168852411
"330",-0.379572488170376
"444",-0.379665943660131
"3615",-0.379797541663129
"6431",-0.380037797596594
"55974",-0.380794722323967
"23215",-0.381794724599013
"6184",-0.381869948491883
"8673",-0.381875843029995
"54556",-0.382377644860457
"23142",-0.382688448061174
"54939",-0.383207147351888
"23198",-0.383298369235523
"11171",-0.38392951034922
"10989",-0.384225546137807
"79001",-0.385745038303585
"5434",-0.38602042699371
"79048",-0.386353402910254
"23363",-0.386468007374752
"26994",-0.386952823304182
"26519",-0.387287487652559
"23184",-0.388083558167836
"396",-0.388200032332747
"8563",-0.388776694130064
"57222",-0.38894863030012
"29116",-0.389062375412225
"966",-0.389718836538245
"440145",-0.390153235989722
"9114",-0.390811198023901
"80176",-0.391501057778421
"64949",-0.391592649326646
"29123",-0.392820428597526
"100652772",-0.39300736620447
"136647",-0.393144029470241
"29883",-0.393395943790993
"9777",-0.393417521991426
"10735",-0.393668523907512
"91408",-0.394839794567766
"57095",-0.394899411790272
"100507436",-0.394997669446636
"262",-0.395773919235022
"1265",-0.395868795535893
"3927",-0.396633306710509
"1857",-0.396683169354066
"3313",-0.396788217816253
"8761",-0.396800743476533
"84717",-0.397306171751764
"64426",-0.398088206371135
"805",-0.398106519065497
"9209",-0.398579846212775
"83638",-0.39865061464049
"55278",-0.39917347421069
"55761",-0.399467718869609
"4245",-0.399844771208576
"56910",-0.400540748876958
"9217",-0.401532926570516
"29899",-0.4018966126155
"51593",-0.402279775632167
"10286",-0.405291879599463
"28969",-0.406040030452803
"1604",-0.406151599205972
"29937",-0.406283222271103
"54539",-0.406290169096215
"1650",-0.406308949819541
"11285",-0.406535567772192
"9491",-0.40680774668197
"64130",-0.407060845653176
"4296",-0.407105845007506
"54502",-0.407340749495369
"10404",-0.408156749727058
"55651",-0.408247108459653
"682",-0.408535965352355
"2653",-0.408925649819437
"51028",-0.409596814531821
"4249",-0.410064845531635
"57179",-0.410103984505
"5435",-0.411029253610231
"7095",-0.411147118222098
"26073",-0.41115654241222
"138241",-0.411614571899623
"129685",-0.411745116033775
"54664",-0.412286482958038
"10362",-0.412488783056623
"3673",-0.413151283289678
"79137",-0.413859406643074
"29079",-0.415146423940877
"10423",-0.415461894852231
"23481",-0.415847414289695
"10645",-0.416251299585142
"292",-0.417182014842704
"57456",-0.418332007092861
"6169",-0.418595868273525
"54543",-0.419975207125296
"5361",-0.41997635826792
"10053",-0.419991610441866
"79139",-0.420033044027143
"83874",-0.420237696364405
"51081",-0.420915666434798
"7942",-0.422428436943754
"3911",-0.422431499431438
"100463486",-0.422643036109116
"29066",-0.422730372677812
"122769",-0.423171201979719
"285381",-0.424145713933072
"7866",-0.424330077551354
"23173",-0.424442303310292
"1387",-0.424500930808575
"64946",-0.425925986399337
"3382",-0.426067185415438
"9973",-0.426210298402141
"6904",-0.426890529269373
"144363",-0.427444941492589
"9019",-0.427799883981939
"11342",-0.428348989154968
"5603",-0.429274281659362
"65983",-0.43027337961601
"91782",-0.430361018798544
"5438",-0.430402758095395
"7170",-0.430783424780555
"140606",-0.430887011488801
"23613",-0.431071460606893
"138428",-0.431709605379438
"100874048",-0.431747797221836
"5631",-0.431845270897662
"56339",-0.432469104362955
"84326",-0.433145796962583
"155435",-0.434527102433973
"7917",-0.4350028984226
"79811",-0.43531075832345
"2395",-0.435824510916774
"1365",-0.435929642797534
"127687",-0.435971102750405
"84265",-0.436145423959461
"81610",-0.436772116302904
"293",-0.43688277149545
"79770",-0.437277828783662
"7405",-0.437299202420652
"2597",-0.43740623339129
"26269",-0.437430526951359
"51605",-0.437649321013999
"4048",-0.437728129324287
"11091",-0.437929577353112
"54812",-0.438141074697209
"83658",-0.438675425024357
"5516",-0.439237302722796
"102723775",-0.439303444424252
"4799",-0.440014335230732
"64422",-0.440038569095975
"54765",-0.440698711067488
"3843",-0.441105242189176
"1992",-0.441109865398212
"55904",-0.44162034811146
"2739",-0.441690979607733
"9061",-0.443890703279018
"9554",-0.44436165139746
"5371",-0.444980783257324
"8818",-0.445658986857392
"27335",-0.446119756963224
"64397",-0.446415913443962
"64756",-0.446598822113637
"5754",-0.447083901268509
"90378",-0.447329558830025
"10430",-0.448646997744809
"81542",-0.449086458849418
"220906",-0.449245512550402
"7073",-0.44990187739279
"10180",-0.45316448900358
"23558",-0.453415070373919
"84246",-0.453635832515916
"79101",-0.45409070596262
"837",-0.454464858152241
"767",-0.454720245745222
"57001",-0.45530637711675
"8458",-0.45565742202397
"64395",-0.456113600798376
"57187",-0.456604943212028
"9260",-0.456639160413193
"5440",-0.456812940291072
"51501",-0.457082960803442
"100129387",-0.457502316081764
"27440",-0.457879447416573
"3303",-0.458381378621284
"100506696",-0.458950538309638
"10772",-0.459477731591667
"1802",-0.459606329068448
"8975",-0.459793082447431
"6210",-0.46075376343027
"10294",-0.460950835867933
"51347",-0.461644184688468
"92912",-0.461677574309027
"81688",-0.462051783448946
"10452",-0.462523203996219
"9342",-0.463213991951456
"8904",-0.463307566850085
"4174",-0.46364279698521
"4519",-0.463682410590338
"23347",-0.464069950942264
"5872",-0.464750622930419
"3716",-0.465647540086863
"7874",-0.465940089226977
"1487",-0.466250777199894
"28985",-0.466865220088691
"80205",-0.466880382841845
"7342",-0.467111815563866
"8661",-0.467634491863471
"8881",-0.467943681331247
"7163",-0.468178555711958
"6390",-0.46843099334876
"92675",-0.468666499635097
"29105",-0.46897726608134
"4085",-0.469470793469389
"57403",-0.470070716719105
"80139",-0.470135591259652
"29929",-0.470559551827911
"1163",-0.470604509467309
"51263",-0.471275889284475
"10162",-0.471341974499949
"375743",-0.471554936779173
"148362",-0.471562214878948
"81502",-0.471912948866346
"84898",-0.472471745994192
"22803",-0.472690183471313
"57446",-0.472774468253076
"64795",-0.474038741316484
"51015",-0.474765644427774
"55632",-0.475006926744047
"7153",-0.475740995625987
"6281",-0.476556686303384
"23429",-0.476610634753465
"124152",-0.477273958102748
"80774",-0.47749308334724
"7357",-0.477582126180975
"81",-0.477619790411952
"55143",-0.477921835857109
"56288",-0.477952625348253
"96459",-0.477954107249678
"140609",-0.478132974846515
"51765",-0.47824725501342
"11200",-0.47826308461213
"9255",-0.478726838731627
"2232",-0.478783752544223
"29927",-0.479093503295219
"79752",-0.479233984461785
"27072",-0.480113756725078
"115416",-0.481280562169067
"5702",-0.481323174020405
"8450",-0.48139433544572
"6809",-0.48149913740387
"10857",-0.481535671505897
"7529",-0.48167109881547
"6427",-0.481753934986137
"10241",-0.481918657071995
"4716",-0.482011998122231
"57510",-0.48219503864266
"5641",-0.48258526318408
"11168",-0.483460406296264
"9236",-0.4840034309481
"4860",-0.484648268513468
"9814",-0.487309535824759
"26260",-0.487719560112908
"23761",-0.488654971857802
"813",-0.488764312180158
"4172",-0.4887914914262
"29101",-0.489151227561525
"146439",-0.489825956134399
"389541",-0.489919627174077
"8895",-0.490173577209975
"10209",-0.490967617497777
"10813",-0.49169048184725
"23291",-0.491811579848747
"221545",-0.492730828670777
"25776",-0.495337128775522
"9261",-0.495487796381049
"9328",-0.495974271244838
"9352",-0.497249013579485
"706",-0.49768020465044
"10602",-0.497842508650414
"889",-0.498472435503666
"65993",-0.49864745362546
"28982",-0.499353819819234
"55841",-0.499576045038628
"149041",-0.500200959592178
"387338",-0.500397567462323
"10450",-0.501033646005617
"7629",-0.501254276741894
"51283",-0.50179493927362
"23049",-0.501840965400618
"6840",-0.501990677433581
"8834",-0.502363822639367
"2063",-0.503681031329918
"51307",-0.503864987573478
"84081",-0.50533606094901
"54503",-0.506224930224779
"116841",-0.506641599573757
"6942",-0.507011185470026
"340277",-0.507346289247481
"55326",-0.507986500916735
"51726",-0.508002887839392
"123169",-0.508255076154223
"1829",-0.508260101797478
"23623",-0.508555636165827
"79902",-0.508802194112507
"56950",-0.50930931439301
"7555",-0.509651629872681
"84441",-0.512672669401879
"22839",-0.513174962882494
"221035",-0.513176420301862
"90379",-0.513879937121859
"388962",-0.513883913001022
"26036",-0.513924120057003
"100506365",-0.513966833792162
"1967",-0.514253007520185
"7326",-0.514442721975166
"23593",-0.514603600676295
"127829",-0.515210445817534
"124583",-0.516902240868224
"126328",-0.516952358102408
"64787",-0.517530532650299
"8260",-0.517831219511337
"2081",-0.519337861402211
"90701",-0.519511729610293
"51300",-0.519718149191479
"26019",-0.520377295823288
"23265",-0.52077524361155
"81671",-0.521329634722125
"1174",-0.521371632366358
"6124",-0.521385907419283
"22934",-0.521479910687547
"9208",-0.521627954732601
"59338",-0.522025295786635
"51114",-0.522177791512586
"11235",-0.522200861719031
"9612",-0.522510361722821
"8879",-0.523173004563729
"2177",-0.52345796037679
"6449",-0.52414628442957
"55291",-0.524298167310523
"9766",-0.524821607610169
"7763",-0.525213909586731
"56650",-0.525265735994289
"246243",-0.526104456323816
"84154",-0.526260352022681
"6619",-0.526315982878302
"10626",-0.526726184215988
"54107",-0.526838728681436
"54859",-0.52685535169838
"256987",-0.526991048233953
"253832",-0.527232436010835
"4194",-0.527313579305089
"201595",-0.527580739874968
"83540",-0.527704452973658
"5511",-0.528285523901241
"10098",-0.528366318346589
"6878",-0.528925374210031
"100289274",-0.529459769769075
"112770",-0.529764432069788
"89122",-0.53009415645374
"55975",-0.530738881814504
"6259",-0.530918209784393
"133957",-0.531041054572897
"102724362",-0.531338358187188
"26284",-0.531379841652931
"55661",-0.532160025846611
"8847",-0.53220185322434
"10758",-0.532346667813722
"6633",-0.532386060267786
"1340",-0.532399314525621
"79894",-0.533089097769647
"10491",-0.533785012815314
"9361",-0.534482184595353
"64207",-0.53451076974795
"64969",-0.534662929504296
"64764",-0.534731157761597
"339231",-0.535426040243814
"8570",-0.535481428727877
"55795",-0.536417268885023
"7414",-0.536745356527085
"1982",-0.537349716715252
"55664",-0.538589821525633
"57380",-0.539118795029591
"1203",-0.539141733220383
"65065",-0.539312804628498
"387103",-0.539391727363356
"4718",-0.540032359612423
"80143",-0.540396363613365
"2907",-0.540782396913679
"55192",-0.54131603845651
"51603",-0.544241222567332
"51503",-0.545525529140979
"27257",-0.545902600488022
"5142",-0.545916873341045
"57142",-0.547152109868073
"27101",-0.54749800694154
"56647",-0.548041291223367
"9325",-0.548317927552261
"60626",-0.548336928482742
"55969",-0.548947728127749
"6790",-0.549089205843513
"22889",-0.5492665202766
"51455",-0.549654625925551
"79618",-0.550247021024246
"55081",-0.550343712194707
"54344",-0.550344137146571
"9644",-0.550846015845279
"114898",-0.551794622756351
"5217",-0.552757427047968
"84164",-0.553260716419957
"1030",-0.553829822942373
"3838",-0.554002168729114
"126382",-0.554140310334202
"3337",-0.554405467940953
"3655",-0.554906202176872
"83541",-0.55506401860457
"51773",-0.556854944729822
"27346",-0.557701586680696
"10954",-0.5582951511079
"5562",-0.558726207168886
"400961",-0.558895190297719
"388789",-0.559070897457089
"4237",-0.559161908559842
"51660",-0.559202430603102
"11177",-0.559548395385324
"8621",-0.559841549442681
"58490",-0.560224184289662
"23603",-0.560864755092517
"8220",-0.561722800660765
"284252",-0.561973694455701
"2969",-0.562259090935063
"23787",-0.563029459506919
"84316",-0.563862148139339
"6513",-0.563972542336465
"10422",-0.563981097270875
"10367",-0.564275288446229
"5635",-0.565659443472161
"23168",-0.565881396497965
"63967",-0.566073854636184
"29115",-0.566387747949454
"9849",-0.566748631169857
"64777",-0.567113110074444
"53635",-0.567326390180081
"81607",-0.567402608165974
"7020",-0.567410705074491
"84896",-0.56756540358216
"1112",-0.568178772284164
"9230",-0.568284329249909
"22887",-0.568600999214169
"2060",-0.568846556880315
"1460",-0.56887625804552
"8935",-0.569185596034992
"1347",-0.569447826868778
"57085",-0.570437856586334
"8798",-0.570462373734923
"8933",-0.570650630160962
"2139",-0.570741509861618
"10635",-0.571558551472998
"4706",-0.571598431741898
"28511",-0.573773344711291
"1453",-0.57416901496279
"259282",-0.574216924342212
"7064",-0.574510372736152
"6251",-0.574709161506688
"151648",-0.575268706798409
"11193",-0.575312109200085
"9530",-0.575420629235309
"200634",-0.575985535515683
"10131",-0.577695855059378
"23484",-0.577969749342479
"64651",-0.57797494584426
"63901",-0.579725187123111
"29796",-0.579753388631762
"6938",-0.579776333887904
"90390",-0.580327821925939
"4733",-0.580352443657064
"60672",-0.580386744756133
"2764",-0.580621702556865
"4152",-0.580641517311793
"3925",-0.580835663538078
"51084",-0.58157038371697
"1663",-0.581618798815238
"7316",-0.582769947542582
"1786",-0.582931020723177
"7918",-0.583061531738786
"79980",-0.583730484674489
"391",-0.583955058825052
"533",-0.584912046028751
"182",-0.585127466204973
"4507",-0.58527694008468
"26229",-0.585291148549966
"51318",-0.585396083263602
"10421",-0.585649851697528
"51011",-0.586312974382496
"1468",-0.586893073006107
"25831",-0.587036239656447
"124512",-0.5876509523167
"51128",-0.588051390124883
"3643",-0.588239428115216
"79022",-0.588611782345268
"51510",-0.588639307703255
"1488",-0.588693145583125
"10950",-0.588924235839395
"211",-0.589155754353838
"65109",-0.589217605501769
"203547",-0.589425249854166
"55364",-0.589675589227848
"54458",-0.590055805854607
"26224",-0.590056287797721
"8131",-0.59037518777072
"25911",-0.590545467930381
"60492",-0.590599373358929
"124565",-0.591163856849991
"402",-0.59180864630451
"3727",-0.591851395417044
"7392",-0.592821729419086
"54883",-0.593357937758738
"125058",-0.593598968737506
"5717",-0.595639287215604
"8763",-0.597363041767799
"114876",-0.597658409451095
"5685",-0.597701458673898
"22980",-0.598075871224205
"7837",-0.600567973550457
"226",-0.600646615425376
"7284",-0.600687240517625
"85379",-0.600785163147508
"5723",-0.601633260213817
"8717",-0.601640925333544
"5937",-0.602116844275288
"6238",-0.602206516322284
"51496",-0.602955011810409
"150275",-0.60317991541611
"8502",-0.603544441032809
"5549",-0.604360591484947
"10150",-0.604760106642825
"3720",-0.605068001338347
"27315",-0.605501188492786
"51329",-0.605748428316845
"85459",-0.606326853250597
"10902",-0.606518682365803
"5499",-0.606668812534377
"54918",-0.606827333212401
"83606",-0.606832639237213
"10401",-0.607697289238323
"9126",-0.607717255480778
"6595",-0.608130219969678
"6150",-0.608396907597276
"29919",-0.609012642627227
"4913",-0.609262031142964
"10609",-0.609338982696103
"6856",-0.60935197979701
"84058",-0.609371017255175
"27248",-0.610210492131877
"64114",-0.61023141672866
"84279",-0.611447530129448
"57696",-0.611730909001567
"10126",-0.612664310932519
"4751",-0.613050994255009
"283209",-0.613221093848149
"116228",-0.613940937554608
"27247",-0.614022586171969
"26263",-0.614027296268254
"10097",-0.614253575973857
"29082",-0.61461457459808
"5688",-0.614958376594884
"9136",-0.615101035049712
"128866",-0.615340832860107
"125228",-0.615696473919257
"2131",-0.616586440221394
"90120",-0.617160587565255
"25801",-0.617275479424928
"26071",-0.617732503209481
"9584",-0.617874124241454
"56889",-0.618052536986671
"8751",-0.618070564679665
"3658",-0.621843822570989
"5663",-0.622387451284437
"7360",-0.622524935730262
"23476",-0.622789765135148
"25793",-0.622830217764876
"9410",-0.623171197257871
"307",-0.623730974466895
"93974",-0.62381736994958
"5018",-0.623936368884198
"91445",-0.624288956686702
"10139",-0.625527405803805
"27250",-0.625657441584149
"98",-0.6256942976374
"9698",-0.625934707808953
"79714",-0.626059719349447
"10953",-0.626178418210617
"157697",-0.626333882251705
"79058",-0.62683538858867
"285590",-0.627285950025831
"664",-0.627550830163191
"9903",-0.627906712094815
"6838",-0.628240128436751
"5202",-0.628855003933491
"64743",-0.629593676672425
"116843",-0.630151168293851
"84282",-0.631732725835114
"103910",-0.632691661291779
"23097",-0.633943115708823
"51567",-0.635521705388348
"63877",-0.636165935177459
"84516",-0.63643313759357
"11335",-0.636733992620223
"1500",-0.636825000083378
"84617",-0.637755321851366
"7321",-0.637839280054837
"400619",-0.63818900449269
"9833",-0.638865381955474
"4946",-0.638878566607496
"1027",-0.639758149937973
"10447",-0.639959581756103
"9861",-0.640104173027886
"7385",-0.64058655646251
"9454",-0.64110243708951
"7443",-0.641544312617416
"23212",-0.641576761308342
"5935",-0.643053516692932
"51319",-0.643134835010379
"51123",-0.643387757107838
"6590",-0.643540469586734
"92667",-0.64358522557648
"2585",-0.644129272390235
"26297",-0.644275167217624
"3429",-0.644307513491911
"10713",-0.644865972864104
"54969",-0.645154818617941
"283551",-0.647464517349441
"51062",-0.647924833699371
"2923",-0.648139443323909
"55654",-0.648316087836273
"643911",-0.649309153930975
"55142",-0.649370932798616
"5806",-0.649723284435272
"7094",-0.649957740840158
"51253",-0.65085805347635
"101410538",-0.652351291000874
"8449",-0.652565821390794
"1209",-0.65311454023251
"55653",-0.653306686395952
"514",-0.653735442330219
"55967",-0.654350913280838
"63875",-0.654705462693777
"3176",-0.655027381787251
"10484",-0.655834099204481
"9188",-0.656378411324385
"157506",-0.656735480755128
"81565",-0.65675505692358
"5223",-0.658373204769784
"25994",-0.65968101750855
"64121",-0.662365102885437
"55858",-0.662810238508946
"1376",-0.663078162502277
"51728",-0.665749410174645
"25852",-0.665776454346157
"64222",-0.666347208595862
"4071",-0.666844571227567
"2132",-0.66684776157704
"4582",-0.667343261976962
"6383",-0.667840594421489
"6015",-0.668017049185889
"10424",-0.668036377654806
"2794",-0.668343149925701
"55168",-0.668371227813546
"4540",-0.669130831703281
"8887",-0.669790138817504
"84196",-0.669800741747604
"81622",-0.670581206700994
"196383",-0.670785066069653
"4832",-0.670942271571257
"9528",-0.671170981381148
"51174",-0.671532735006489
"4641",-0.671914691813529
"64792",-0.6738743716179
"23016",-0.674271259280661
"4189",-0.67427192871097
"6748",-0.67437912216273
"23595",-0.674462459084823
"55062",-0.674724000733896
"28971",-0.675838391317195
"91942",-0.675876835968494
"6885",-0.676568282411154
"2108",-0.676629344389946
"90",-0.677068266679527
"445",-0.677456680540622
"54788",-0.678359405854096
"55757",-0.678675787928364
"91283",-0.679435676204414
"93487",-0.679466716672743
"57185",-0.681972476711672
"6767",-0.682734933398194
"949",-0.684824494365615
"9650",-0.685470747754065
"221491",-0.685938843859172
"9497",-0.686513632345091
"79852",-0.686577032126566
"63905",-0.687096366600016
"10195",-0.68754276517041
"54495",-0.688068477657079
"65258",-0.688323578128081
"6500",-0.688496956464376
"6603",-0.688505474169649
"9322",-0.688724556329489
"2040",-0.689210213812429
"2035",-0.689274637701399
"10463",-0.689361738325278
"90313",-0.689406439787221
"60488",-0.689492162479667
"64943",-0.689652152797611
"54879",-0.690005718106643
"55502",-0.690690863616662
"51514",-0.691330269545142
"9978",-0.691509224880046
"196294",-0.691880277504404
"23277",-0.692104552330233
"653499",-0.69219386062688
"7851",-0.692429425351726
"50807",-0.692564513191065
"85014",-0.693667220859202
"65260",-0.693997180687335
"23",-0.694946886890987
"51073",-0.695032970419036
"65095",-0.695792004602641
"23011",-0.696098046141657
"5922",-0.697853780164474
"25880",-0.698030952169575
"283899",-0.698131142111702
"27075",-0.698674116144543
"7444",-0.699008588079364
"3696",-0.700733073580419
"27297",-0.701725532610548
"2192",-0.702837126413681
"90809",-0.703462138144322
"4089",-0.703474988191416
"56900",-0.703475770722767
"283",-0.70360263848653
"3157",-0.703780289590844
"80019",-0.704392713742217
"80318",-0.705358033440048
"30827",-0.705897191671408
"26574",-0.706196536757168
"64866",-0.706410484862909
"51255",-0.70654821100426
"114883",-0.707201142028111
"5612",-0.707494893405847
"111753249",-0.707867066225814
"5359",-0.708187212875423
"25949",-0.708308248239997
"80135",-0.708370959297059
"5987",-0.708733469344711
"79848",-0.709368471876923
"29880",-0.709711186692716
"7627",-0.709766504053154
"51776",-0.710171171902075
"5705",-0.71082307011789
"121536",-0.710881676022291
"197370",-0.711149068684669
"10804",-0.711450497299152
"5538",-0.71168288593349
"23172",-0.711750271012239
"8772",-0.712044679897297
"359948",-0.712064553885717
"56951",-0.712341393201748
"29090",-0.712584621919779
"890",-0.713965752800861
"6257",-0.71402824088875
"4649",-0.714669814622103
"5170",-0.71488568405868
"9817",-0.715015203027302
"64598",-0.715614838477078
"6139",-0.716339338051728
"8726",-0.7174093736612
"54845",-0.717840335611586
"23507",-0.718492330079762
"3164",-0.718852045533648
"8924",-0.719329587219745
"90871",-0.71950024926261
"23210",-0.719837147208576
"6574",-0.720008108932698
"10417",-0.720251974923627
"55739",-0.720788541142222
"5230",-0.720861807412643
"51016",-0.721034826217849
"8799",-0.721179988880747
"148523",-0.721342244863622
"51061",-0.721528550118127
"4893",-0.7215291597357
"7884",-0.721834623684062
"4171",-0.721862097702271
"56681",-0.72285488727476
"27349",-0.724299005615309
"79883",-0.724447268759028
"79755",-0.724936060410457
"51102",-0.725031552341282
"6917",-0.72517366268331
"1345",-0.725323369114888
"51569",-0.726331500700412
"55884",-0.727208367247354
"6882",-0.727300411398622
"7286",-0.7273333978482
"91304",-0.727693512449116
"23466",-0.727751709935004
"10135",-0.728623055711336
"55038",-0.728975670432356
"4728",-0.729693836468432
"81619",-0.729982746722008
"10933",-0.730074940041352
"79177",-0.730079653712989
"51247",-0.730761756447222
"22826",-0.731249900937176
"6199",-0.731264231213907
"23597",-0.731327553461672
"54878",-0.732003101353731
"2673",-0.732024749925325
"84300",-0.732061466897444
"3033",-0.732192591957521
"94056",-0.732213888456019
"253714",-0.733795821191119
"220441",-0.733959200746652
"4793",-0.734093615579496
"55017",-0.734712027264849
"10101",-0.734922886121202
"3682",-0.735481274869896
"1736",-0.736286330625989
"327",-0.736562838074593
"79680",-0.736594481248457
"253943",-0.736760043182488
"128308",-0.736878679938861
"2114",-0.737277072515428
"55161",-0.738528213884346
"54897",-0.738580910795908
"780",-0.738682806976179
"51693",-0.738996697048933
"6434",-0.739138278313982
"51599",-0.73917800989807
"51507",-0.739897280802971
"8324",-0.740899335697598
"5119",-0.741057063812018
"29978",-0.742077509361948
"51715",-0.742389811010625
"6235",-0.742887481890561
"3163",-0.743490237701451
"55970",-0.744175023524595
"9948",-0.744225453147706
"3854",-0.746647591885438
"7317",-0.747481073020865
"55151",-0.747622862479804
"28978",-0.747718961709437
"51493",-0.748762570634868
"124905956",-0.748784875940958
"9097",-0.748870839915763
"8233",-0.74904729077702
"5594",-0.749056505576125
"1836",-0.749124270904995
"10460",-0.749432062455192
"113419",-0.749524506320194
"476",-0.750201928142702
"389493",-0.75059997151628
"387893",-0.750771809636321
"9789",-0.750774348118319
"10955",-0.750874195461058
"9653",-0.750977542560152
"10248",-0.751523836461885
"79590",-0.752409525499328
"55388",-0.753400781256129
"6510",-0.75340368250074
"1756",-0.753631690773972
"5701",-0.753756623656522
"7965",-0.75405100146606
"51586",-0.754244933983162
"54499",-0.754298469283581
"84320",-0.75502082407202
"55116",-0.755025185170841
"633",-0.755360764280599
"1495",-0.755530348263068
"22974",-0.755917997151754
"51388",-0.756023999150135
"3607",-0.756468784714102
"1104",-0.756524531901499
"23112",-0.75655058595212
"5763",-0.756561070987538
"55748",-0.757096024192609
"5827",-0.757544074667233
"116151",-0.758295001172417
"90407",-0.758359266269079
"55227",-0.758449797959625
"4738",-0.759272649853475
"11334",-0.759340946519086
"5150",-0.759675560339837
"4841",-0.761024271648452
"28987",-0.76308967344157
"84942",-0.76358453516568
"373156",-0.763650561571122
"7351",-0.763864513763774
"3692",-0.764037858389935
"51024",-0.764384668271981
"9267",-0.764665814330076
"112464",-0.765180809065457
"9364",-0.765379395158586
"51013",-0.765401184716181
"54535",-0.765461063666169
"89781",-0.766079968427894
"10957",-0.766283899764895
"257106",-0.766523906313344
"54926",-0.767092210032518
"114932",-0.767390469175922
"8036",-0.767517749027418
"5495",-0.767534860299086
"23002",-0.768770878569177
"165679",-0.768976413249705
"223",-0.769483105969547
"64374",-0.770083487685018
"135152",-0.770808937567077
"311",-0.771208547792338
"7534",-0.771645845922484
"4817",-0.772650106117467
"6272",-0.772975843693007
"56243",-0.77358819359584
"23731",-0.773639909287146
"3954",-0.773649524782711
"23263",-0.774184129781326
"23279",-0.774954623060639
"56943",-0.77502134389561
"374",-0.775470815263818
"26258",-0.775732849759736
"23585",-0.776301273944078
"80045",-0.778021009340887
"29968",-0.778392825291908
"1476",-0.778523973309147
"1020",-0.778860334911292
"55132",-0.779151056011937
"23471",-0.779198151957842
"2987",-0.779463259392399
"10250",-0.779744148208597
"440026",-0.781118951808951
"60313",-0.781196447364567
"56998",-0.781352379568672
"5530",-0.782924236228322
"5954",-0.782970857285916
"6717",-0.78411426206492
"80351",-0.784743830092459
"55625",-0.785631330321737
"51100",-0.785670198075707
"53838",-0.78633670984568
"822",-0.786875503181046
"7371",-0.787286012094748
"8668",-0.787785069395089
"51604",-0.787999511123968
"55897",-0.788254366573064
"2873",-0.788785181850569
"51069",-0.788937476836871
"2067",-0.789054434240009
"56993",-0.789880619085049
"6167",-0.789884391294845
"58478",-0.790507605354343
"6711",-0.790750208954435
"578",-0.791097105633737
"1033",-0.791603857595259
"153527",-0.791729435486611
"80273",-0.793215327023008
"51181",-0.793580183303395
"1994",-0.79480445962604
"7737",-0.794888966544048
"829",-0.795389172961841
"6232",-0.795850514634685
"10749",-0.796029969036043
"23641",-0.796166882151092
"740",-0.797105564349068
"9341",-0.797349851765504
"78996",-0.798158981990627
"3149",-0.798657563376085
"23647",-0.800149332134072
"54741",-0.800241236524707
"84285",-0.800356952609327
"5713",-0.800719718341234
"2189",-0.801256263007289
"51320",-0.801390774167428
"11051",-0.801720477482675
"26984",-0.802457472693912
"10616",-0.80352009394818
"51669",-0.8039243227218
"54981",-0.805582897220884
"57664",-0.805746881332318
"6237",-0.806305577931993
"7013",-0.806710559155369
"23354",-0.8079600824295
"6241",-0.808171162825398
"55272",-0.808277394521428
"93183",-0.80902021617385
"3151",-0.809283397921476
"118",-0.809637496390787
"8407",-0.811377755672459
"1810",-0.81238926501001
"30001",-0.812797086628583
"171568",-0.813027570423851
"79709",-0.813139141034445
"8666",-0.813218616332288
"54840",-0.813865008704332
"10495",-0.814296324350615
"28989",-0.814454960791805
"8402",-0.814694791216989
"5784",-0.815587057198182
"10939",-0.815645938147528
"91687",-0.816744939043467
"27252",-0.81841896666936
"119032",-0.818753370346061
"7205",-0.819090428932444
"60481",-0.819199557682656
"1073",-0.819342843706018
"5985",-0.820645040442765
"403",-0.82069356329606
"30844",-0.820722732221685
"90007",-0.820988434381578
"10935",-0.821398502116392
"23214",-0.821465504428329
"25839",-0.822312833802375
"56935",-0.823011823855306
"9791",-0.823039139927058
"28955",-0.824127965192602
"5862",-0.824778091917761
"57674",-0.82518847457188
"22949",-0.825376941247932
"8886",-0.825549189087706
"51098",-0.826406834036245
"163081",-0.826746090653312
"4695",-0.826830323510731
"7726",-0.826961146810338
"64429",-0.826965577431793
"10929",-0.827270434883423
"51110",-0.827665295182294
"51400",-0.828568277981796
"5372",-0.828989451934897
"58515",-0.829547788132869
"2339",-0.831041994951165
"51621",-0.831278578041655
"10211",-0.831377967594428
"85028",-0.832287041140223
"51312",-0.832348594385798
"154467",-0.832716944897105
"6611",-0.832881513977029
"6760",-0.832994223416442
"56902",-0.833364488185627
"9166",-0.833373469921224
"10434",-0.833988337073322
"55257",-0.834187791197391
"5771",-0.83534769693189
"30968",-0.835682450786986
"55239",-0.836410897853402
"10285",-0.836555553396304
"81572",-0.836971082275823
"1979",-0.837269690073803
"54058",-0.837279942746202
"3052",-0.83787134108224
"9221",-0.838642399613042
"7319",-0.839814554457456
"7984",-0.840445164659457
"310",-0.840498456787948
"6921",-0.842080359593521
"2582",-0.842317275936907
"55658",-0.842979867961659
"83475",-0.843126020886252
"25983",-0.843772465003598
"55013",-0.845367987330865
"130617",-0.845636075995202
"140735",-0.846173434854349
"25847",-0.846568588859551
"25878",-0.848061019790267
"10559",-0.848269831566033
"55030",-0.848565882545204
"7167",-0.848669460568646
"113829",-0.849012980345759
"51478",-0.849291276855586
"10436",-0.849543837880149
"3914",-0.850156980259355
"9425",-0.850238691566084
"231",-0.85048383081528
"6720",-0.850510024179698
"10159",-0.851586191266566
"51271",-0.851633973841259
"4726",-0.852713937779641
"23250",-0.852845899683115
"55706",-0.853610922276364
"81876",-0.854374360707088
"440498",-0.854513024523892
"4802",-0.85469822676984
"2935",-0.854834013256205
"79587",-0.8552375033288
"29028",-0.857315093162578
"360",-0.8574878895576
"2353",-0.85853510223035
"26123",-0.858555790331641
"22919",-0.85904892926331
"4836",-0.859155260635194
"25828",-0.859189127989383
"6844",-0.859459109856119
"9306",-0.859693720449345
"9466",-0.861184836071913
"51321",-0.861271370058332
"5768",-0.862080144299797
"25792",-0.862111944556994
"51582",-0.86250155015609
"54386",-0.863137376806647
"114926",-0.863481896967029
"23256",-0.863642779069707
"89970",-0.863860361009489
"10975",-0.863905057948915
"100131801",-0.864325468968521
"81628",-0.864384971432018
"11313",-0.864888198737676
"10892",-0.865158645813846
"10874",-0.865204125518595
"9683",-0.866016345389568
"728190",-0.866316728767268
"9444",-0.868656796002067
"10121",-0.868936951254409
"56180",-0.869096608429683
"6399",-0.869395158408081
"7913",-0.870325286828318
"9592",-0.870633627353393
"6883",-0.870730950897693
"2651",-0.87124361865211
"29896",-0.871452809865868
"90639",-0.871564172228715
"23463",-0.87170126186481
"54962",-0.871846340234242
"28998",-0.872072658218453
"4147",-0.873614306114866
"10007",-0.873799835353402
"27333",-0.87481115409722
"51119",-0.875629001703713
"80790",-0.875691598578739
"84869",-0.875870810923216
"10980",-0.876446359079054
"7994",-0.877205388226594
"65110",-0.877917421023261
"55174",-0.879006077408965
"9631",-0.879040317561097
"11266",-0.879464512835164
"4707",-0.881078776476397
"54958",-0.88142669593972
"26469",-0.881647753098747
"55246",-0.881784484910768
"11345",-0.882346084831053
"219771",-0.882566183115757
"54432",-0.883706782864943
"6117",-0.884100763498803
"1540",-0.884131835735352
"80142",-0.88461334795193
"1738",-0.886369173583237
"990",-0.886384705319234
"3074",-0.887520741311002
"10142",-0.888567918215974
"10295",-0.888961463455593
"29015",-0.88953642972107
"22883",-0.89008326853186
"9702",-0.891413515362743
"158234",-0.891881005138195
"8500",-0.892705051763244
"2958",-0.893105945267659
"123",-0.893408399122023
"55624",-0.894346263750717
"26053",-0.894400488269229
"148103",-0.894553182955437
"116092",-0.894692599276019
"10844",-0.895719788117371
"2107",-0.89603040437216
"2872",-0.896568462084798
"23141",-0.896574747659082
"55916",-0.896692255208193
"9757",-0.897738533772199
"79169",-0.897784217180258
"125061",-0.897817224451477
"1198",-0.898271974537058
"5714",-0.8989877017255
"3964",-0.899383204166747
"116064",-0.900850442611499
"258010",-0.900902487500811
"85004",-0.900932233621539
"84299",-0.901007870933301
"51573",-0.901724281067914
"168451",-0.901799854486903
"51126",-0.902155519643772
"4000",-0.902383530254346
"6429",-0.903731909950285
"119559",-0.903771491387682
"26010",-0.904499691394617
"4682",-0.905804704990206
"25942",-0.90581451711272
"9446",-0.906448168621632
"23423",-0.907017138791145
"84950",-0.907094401802679
"64766",-0.909104361602803
"27013",-0.909580089316399
"138716",-0.910958970561246
"1844",-0.912849514888003
"56259",-0.913654764311717
"7164",-0.914812740150756
"27131",-0.917021969825623
"2305",-0.917312988329674
"8645",-0.917358594496631
"4087",-0.918030736141483
"51071",-0.918482046550543
"55556",-0.919675534749493
"65979",-0.919933652635355
"3098",-0.920433473884001
"2019",-0.921042751480548
"79144",-0.921454599053958
"5317",-0.922271166728369
"6990",-0.922361381483789
"79947",-0.922477417007016
"5336",-0.922576000557255
"960",-0.922887706275363
"10026",-0.923385597120984
"8915",-0.923683659675348
"8870",-0.924130495735001
"26517",-0.9246738947293
"23406",-0.926314287834375
"6224",-0.926469854186442
"6451",-0.926634161968559
"53827",-0.926860894684263
"8454",-0.927091030018157
"1398",-0.929321657077982
"54469",-0.929536639645709
"89941",-0.92980355570681
"2553",-0.929944563998594
"4191",-0.930163698774388
"10552",-0.930180868142615
"7322",-0.930581471019445
"55352",-0.9308988757982
"9933",-0.9316708599335
"11007",-0.932018198431542
"60485",-0.93263862141075
"51373",-0.93389173142155
"10457",-0.935175451835489
"64768",-0.936088517599021
"214",-0.936606981783938
"85359",-0.93671033023779
"961",-0.937327243925664
"51239",-0.937677041216533
"79726",-0.938897831140115
"84307",-0.9398736180069
"57407",-0.940857440678127
"7162",-0.941969746751008
"4947",-0.942114782665579
"7411",-0.942412838629294
"83690",-0.94244181518517
"201562",-0.943183231866141
"57602",-0.944059852887607
"23352",-0.944543901957737
"9489",-0.946340200748792
"23543",-0.947489028362847
"55107",-0.94819940571672
"51203",-0.948275011001321
"10488",-0.948522986110603
"7165",-0.949845432534276
"4809",-0.950301219463858
"84656",-0.950758682106452
"6597",-0.951768742063962
"51144",-0.952060269965826
"375035",-0.953081626243236
"5611",-0.953827538848995
"7320",-0.95392399549355
"3659",-0.954432993110604
"23022",-0.95482523214287
"25915",-0.954877547097823
"51538",-0.955332674535736
"79887",-0.955342897428575
"7419",-0.956226038622742
"23633",-0.956486887004638
"57149",-0.956722903168659
"27351",-0.95686256994176
"118924",-0.95724481109936
"9101",-0.957373023279208
"84513",-0.957716818073309
"10011",-0.958263061619862
"51727",-0.958558581424224
"29990",-0.958721917348368
"26578",-0.95878007433778
"84364",-0.958984469893293
"57645",-0.959087317983596
"10755",-0.959830524046922
"10360",-0.960105561701561
"54780",-0.960213609323651
"203260",-0.96047005113944
"1397",-0.960895265358304
"51187",-0.961892679550534
"65124",-0.96259649429385
"5547",-0.963388421092833
"677",-0.963559709658127
"65985",-0.963888653815906
"4772",-0.965673433944378
"7022",-0.967073896002461
"387",-0.968330673676388
"2820",-0.968526934010435
"81890",-0.96899088573687
"51204",-0.96900952697861
"10726",-0.969741140062584
"91300",-0.969743438433097
"90580",-0.970047035358969
"3836",-0.97277526374434
"3694",-0.972805713116645
"2010",-0.972898476592395
"55837",-0.972976590817434
"79609",-0.973262621945647
"2937",-0.973407987361559
"56674",-0.973531695510388
"10042",-0.973534827984607
"83461",-0.973675190398024
"24148",-0.973945352551151
"6195",-0.974004143562908
"55695",-0.974222234195067
"11230",-0.974273540430336
"54968",-0.974451640067622
"55629",-0.975032171695747
"4201",-0.977025082746328
"331",-0.977248720554485
"9175",-0.977319506033849
"23028",-0.977508435336069
"200081",-0.978952344127962
"374659",-0.97898737609996
"57409",-0.979640161412066
"84319",-0.98099778135061
"79135",-0.981277627556074
"81577",-0.982852330126252
"283989",-0.983645418616467
"158219",-0.984155202795523
"29928",-0.984688029267445
"221496",-0.985585544799403
"50865",-0.986672954392607
"134553",-0.988622751420588
"54849",-0.98921403597434
"64224",-0.989764136373626
"23753",-0.991525307972918
"4282",-0.992533370961891
"55362",-0.992775787659449
"79644",-0.992934242141461
"84061",-0.992992753171695
"23062",-0.993054018007247
"54471",-0.993800338614223
"9181",-0.995821330603932
"23042",-0.99656457451293
"26470",-0.996570319412475
"10982",-0.996724229380137
"9184",-0.997035258335683
"100506211",-0.997704879101951
"1749",-0.997749823388624
"10714",-0.997881911244332
"7416",-0.998443124649784
"55299",-0.998497295473878
"6119",-0.998757869701364
"84823",-1.00050377369798
"2990",-1.00085967539337
"6721",-1.00138482582869
"125476",-1.00182701052003
"113444",-1.00434198205219
"9910",-1.00451078385291
"1503",-1.00539592757414
"118672",-1.00541632603973
"84844",-1.0060660859871
"1455",-1.00700476428647
"9318",-1.00743695955016
"6894",-1.00807507456045
"2335",-1.00812071627525
"54680",-1.0084729303151
"6173",-1.00901736274726
"114971",-1.00932983369866
"2317",-1.00971239465831
"51304",-1.01021325075477
"127262",-1.01028181977138
"1999",-1.01071792732346
"64327",-1.01120990413539
"84945",-1.01164945395731
"29984",-1.01179278711401
"83442",-1.01185628041731
"1952",-1.01226492734829
"9146",-1.01328702989997
"3939",-1.01428188793796
"550",-1.01460888613139
"10247",-1.01462212196975
"9986",-1.01573411060137
"5683",-1.01631351937987
"5696",-1.01696589481195
"55156",-1.01704855041269
"84876",-1.01736582332574
"55833",-1.01762866874479
"92421",-1.01767958870264
"84649",-1.0181226613428
"51228",-1.01908992493992
"200894",-1.01936846798164
"55449",-1.01989927991145
"84312",-1.0202556026424
"6637",-1.02224369002474
"4538",-1.02292412159158
"54816",-1.02445148287516
"10539",-1.02573385343496
"54602",-1.02641084465236
"6675",-1.02713661326072
"4350",-1.02813854798785
"9728",-1.02864121606425
"9493",-1.02907330434105
"55074",-1.029665288535
"23678",-1.03011050487116
"93380",-1.03016988167628
"90268",-1.0307700083511
"125488",-1.03078030769786
"123803",-1.03181119701121
"23673",-1.03363608601603
"4084",-1.03364687537226
"81887",-1.03376056875002
"56181",-1.03378217296038
"5898",-1.0355027685661
"27229",-1.03565141186947
"64083",-1.03791957452953
"10611",-1.03865242654211
"54808",-1.03927284610841
"5860",-1.04076187553213
"2086",-1.04151578422816
"55791",-1.04212963294707
"2628",-1.04216716272489
"29855",-1.04261953248913
"1026",-1.04396196304186
"51256",-1.04408339972018
"51274",-1.04411069833688
"23524",-1.04463777661252
"140576",-1.04472872517904
"29107",-1.04557755972322
"54921",-1.04573441732324
"79701",-1.04606361586379
"4552",-1.04884605780004
"8190",-1.04938158106228
"56882",-1.04969520533149
"51094",-1.0500951488972
"4537",-1.05027978931097
"90956",-1.05167765900322
"80346",-1.05267972896076
"126695",-1.05319558060603
"344905",-1.05470964605881
"27245",-1.05503764592651
"9709",-1.05531334877377
"53820",-1.05580552337101
"3550",-1.05623343139585
"57827",-1.05670366566845
"1729",-1.0575447755637
"10165",-1.0576370808935
"318",-1.05854986687654
"3148",-1.05866619143359
"55863",-1.0586843853977
"54532",-1.05886477494895
"26502",-1.05965798155297
"55004",-1.05966023851335
"10579",-1.05973192987392
"11140",-1.06009062723116
"55466",-1.06035671064407
"83752",-1.06175499648775
"5870",-1.06240460877966
"26127",-1.0628139829815
"4173",-1.06350958804114
"5831",-1.06358573424293
"57826",-1.06425118498286
"23229",-1.06484800841227
"409",-1.06637425970187
"5127",-1.0678848502791
"90864",-1.06813228454335
"84936",-1.06913075330851
"5613",-1.06938046752911
"10926",-1.06942269135528
"56342",-1.06988672511557
"5819",-1.06995479332395
"9212",-1.07027529014271
"1266",-1.07112452832159
"84270",-1.07114395423137
"11152",-1.07128363257151
"79174",-1.07156514182243
"11261",-1.07189817175173
"55147",-1.07242736523062
"10498",-1.0726287579924
"6118",-1.07281542505536
"26147",-1.07474251060042
"10725",-1.07531060670823
"9878",-1.07547507096758
"1717",-1.07704099918932
"54206",-1.07721320236883
"7336",-1.07756296290536
"117246",-1.07785917975585
"6576",-1.07833117274745
"79664",-1.07945582581082
"64434",-1.07991896162264
"100133941",-1.08026260009624
"171546",-1.08038718835613
"51734",-1.08057948318372
"25825",-1.08222871460091
"81532",-1.08598144625924
"800",-1.08750068843688
"100506658",-1.08797834184437
"83695",-1.08842935038402
"7976",-1.08879795564988
"25941",-1.08887457724699
"9669",-1.08894975776358
"114049",-1.08919052948336
"23052",-1.09001560625927
"2013",-1.092505730303
"91862",-1.09279517330417
"55194",-1.09343109432938
"8910",-1.09451990011264
"5347",-1.09536976412614
"55907",-1.09657388029572
"11034",-1.09786662458511
"105369635",-1.09817212524131
"27089",-1.1003509062288
"55197",-1.100573067547
"4521",-1.10078459718394
"203413",-1.10120820613408
"6941",-1.10268093094993
"81831",-1.10419963693987
"54205",-1.10513406188461
"79176",-1.10548973910433
"55330",-1.10549753713203
"6182",-1.10557678150343
"2810",-1.1057427212367
"51192",-1.10580148266894
"824",-1.10645050977908
"11004",-1.10689413981596
"11336",-1.10694021985373
"2117",-1.10924459961658
"10522",-1.10969511175229
"54101",-1.1101570692626
"2030",-1.1123810375306
"10588",-1.11246026775119
"4267",-1.11386710520642
"55666",-1.11498580721756
"51076",-1.11633865796617
"1028",-1.11757492335722
"55608",-1.11851015681638
"6891",-1.11855357723822
"84993",-1.11871302693178
"23478",-1.11970399802333
"3486",-1.1197746297492
"93185",-1.11996220943264
"5106",-1.12039890849623
"999",-1.12116106112656
"2355",-1.1215426899335
"100131187",-1.12273641246091
"1783",-1.12327520144024
"6170",-1.12335924059366
"5550",-1.12414166511713
"338692",-1.1242068608007
"390",-1.12491787270916
"10095",-1.12734912629168
"120103",-1.12738891615098
"3029",-1.12763228469905
"9275",-1.12839728561257
"10280",-1.12967357324295
"5883",-1.13038274871285
"9397",-1.13067869184897
"10923",-1.13092228163947
"4926",-1.13112491117608
"1727",-1.13165925945852
"9168",-1.1336457858448
"2140",-1.13381960031481
"54904",-1.13437333098815
"154807",-1.13476099575391
"27173",-1.13482558207985
"5515",-1.13518371369671
"63898",-1.13523288323176
"9585",-1.13543315288034
"5439",-1.1369098301396
"7465",-1.13715792745845
"483",-1.13859302206658
"25820",-1.13877446730873
"3418",-1.1389177464646
"79576",-1.14057599693163
"64236",-1.14085553474203
"1175",-1.14215299621927
"10907",-1.14225341360076
"51451",-1.14269444798228
"5558",-1.14365163701582
"10762",-1.14366038280538
"3421",-1.14423757065929
"65094",-1.14476240208376
"7532",-1.14763002931911
"54472",-1.14781891365833
"4288",-1.14859549285035
"4712",-1.14907358062811
"10163",-1.14916861220254
"10928",-1.15071807587387
"102",-1.15142682000534
"3191",-1.15230484121935
"3113",-1.15363432340081
"55647",-1.15501984079681
"80381",-1.15591839424588
"145853",-1.15652038864813
"56948",-1.15790109065062
"1523",-1.15798144097206
"27067",-1.15800839644986
"55783",-1.15823016751301
"6652",-1.15855145184635
"10966",-1.15888299809808
"286319",-1.15919753651401
"57461",-1.15948328245645
"55954",-1.16024786144157
"4301",-1.16113008785839
"257415",-1.16145618298841
"79180",-1.16167122164933
"25970",-1.16213949366356
"51026",-1.16296300185051
"51729",-1.16308820648232
"56731",-1.16322972234117
"203427",-1.16342452948548
"8538",-1.16434455637708
"23450",-1.16516320298472
"253260",-1.16548125289414
"8451",-1.16896934877064
"2664",-1.16928351998816
"388272",-1.1704790311276
"7447",-1.1705361676003
"647024",-1.17081822223862
"9589",-1.17171538431465
"5201",-1.17258261646934
"661",-1.17293113349432
"51246",-1.17300042171215
"3028",-1.17331929939095
"7422",-1.17349764022073
"10943",-1.17372314990225
"734",-1.17426200609833
"84057",-1.17503079801267
"10229",-1.17707327749824
"58526",-1.17753403602233
"11065",-1.17775013910256
"137682",-1.17775628759061
"8703",-1.17956304842848
"7355",-1.1806753449806
"25906",-1.18128164930743
"56904",-1.18131154179207
"126321",-1.18214248344018
"10617",-1.18247457912408
"54851",-1.18286430317901
"11332",-1.18287262045164
"29803",-1.18466923108515
"11130",-1.18534069082996
"219738",-1.18557922595012
"84105",-1.18573939600385
"4204",-1.1861445011792
"10063",-1.18624038817056
"282974",-1.18688642477956
"51444",-1.18726667356389
"63933",-1.18727358912475
"135932",-1.18742254703163
"23654",-1.18781610262479
"8874",-1.18792021100173
"6788",-1.18943927784343
"83590",-1.19005210682626
"51768",-1.19241874742376
"6697",-1.19287055605389
"286451",-1.19352309205195
"6322",-1.19356086543233
"8554",-1.19448562042045
"79053",-1.19586793648634
"143384",-1.19619771758808
"1349",-1.19651662522316
"7979",-1.19667645534899
"1605",-1.1968224789119
"100505616",-1.19684129190938
"2184",-1.19685028961094
"283489",-1.19743196789482
"2332",-1.19819279261442
"51201",-1.19920772600743
"8227",-1.19943799105815
"3070",-1.1994649484468
"2948",-1.19963354007049
"171023",-1.20234063702894
"84376",-1.20292993674567
"83943",-1.20463799337736
"119504",-1.20625554166449
"79892",-1.20675779967898
"8125",-1.20782467865933
"6662",-1.20822872282617
"4043",-1.20833951708238
"2806",-1.20863316495727
"5813",-1.20952232563478
"9246",-1.21181387435016
"92359",-1.21195324108179
"23648",-1.21408861212596
"50",-1.2146379451441
"23650",-1.21506259517443
"4494",-1.21510830952833
"158158",-1.21556208149237
"5966",-1.21777225179403
"10066",-1.21846081038238
"10922",-1.21901871348334
"10116",-1.21995429135465
"23608",-1.22001702311866
"5911",-1.22312940026282
"9274",-1.22365748296833
"55100",-1.22366158650318
"3092",-1.22405738042152
"9133",-1.22460852724791
"129531",-1.22489023988762
"55501",-1.22916212464615
"147965",-1.22988050153839
"8301",-1.23036850184445
"4539",-1.23185880085526
"8722",-1.2328085274585
"91689",-1.23386566422756
"10174",-1.2340786215846
"6629",-1.23425151767655
"1075",-1.23463762049583
"116028",-1.2359156938225
"51667",-1.23612740420976
"25855",-1.23665165960443
"54443",-1.23724793979159
"5720",-1.23744568733629
"11015",-1.23916781066513
"137492",-1.23968703224461
"8566",-1.24153140016021
"51248",-1.24278210546342
"375449",-1.24392945597921
"51330",-1.24502059430493
"3321",-1.24526276871748
"339229",-1.24537395253658
"5832",-1.24579863634153
"7050",-1.24682125610348
"54946",-1.24703759468237
"9551",-1.24704132949955
"1827",-1.24712837837695
"4512",-1.24803744026223
"10627",-1.24932135382611
"131601",-1.24974753649098
"9189",-1.25010179641905
"8473",-1.25192078087416
"2195",-1.25211854370207
"5928",-1.25274490408085
"7533",-1.25275889707595
"80344",-1.25327096197794
"27327",-1.25420971865465
"8853",-1.25443996668607
"10390",-1.25452969429612
"808",-1.25606701993693
"254552",-1.25714036138931
"222194",-1.25769814485052
"7174",-1.25842281350567
"23625",-1.25896361616238
"6218",-1.26058070875143
"57019",-1.26129716736284
"4361",-1.26181387054788
"79641",-1.26193280864856
"201266",-1.26196808944997
"26528",-1.26310598910795
"64285",-1.26320178128613
"4790",-1.26383595415799
"8894",-1.26401767493311
"399818",-1.26441406996138
"84065",-1.26779140710275
"54819",-1.26866267772833
"9562",-1.27091797954507
"1486",-1.27318319995335
"219743",-1.27328458565648
"51495",-1.27360526716681
"10556",-1.27436411980041
"4814",-1.27460891178088
"79774",-1.27474630048791
"84064",-1.27575524979656
"30833",-1.27583305631426
"85025",-1.2763755255201
"92714",-1.27793668224199
"10140",-1.28001571970584
"10204",-1.28074979464697
"90522",-1.28077375732671
"3613",-1.28247504538636
"23645",-1.28286683127228
"84791",-1.28329709133816
"3985",-1.28413778367282
"55146",-1.28549665028126
"157378",-1.28722569351967
"10318",-1.28753466730175
"340481",-1.28838016921504
"997",-1.28846277283459
"7262",-1.2884885880699
"10581",-1.29004949907371
"27336",-1.29084951956447
"8996",-1.29118156178092
"4690",-1.29219519919759
"5476",-1.29449613174872
"3280",-1.29472432395493
"6575",-1.29605168349237
"4514",-1.29661984640271
"79622",-1.29934568083186
"8544",-1.29982814070544
"1465",-1.300658265161
"5306",-1.30364825989754
"6692",-1.30440229247569
"1509",-1.30443172533062
"445328",-1.30494327733106
"23658",-1.30584322229987
"284106",-1.30750549210926
"129642",-1.30956446457873
"22998",-1.30971313641206
"84418",-1.31032675877921
"83985",-1.31049472932854
"440",-1.31114876219282
"11151",-1.3148569565813
"26064",-1.31545768743876
"8974",-1.31549886052673
"4775",-1.31600721360131
"3920",-1.31643451832675
"23786",-1.3179382963282
"148022",-1.31836043887548
"11044",-1.32080026272753
"1774",-1.3209880035979
"79161",-1.32364078173151
"64223",-1.32535204873119
"10055",-1.32656710405152
"54915",-1.32661865146637
"54964",-1.32713939505865
"5017",-1.32718803432475
"84233",-1.32738693074118
"79228",-1.32810589846667
"9601",-1.33119271114748
"57215",-1.3315828636609
"1499",-1.3322895165487
"79056",-1.33421131717263
"8896",-1.33479536195514
"55691",-1.33502014987363
"3833",-1.33529200067283
"81493",-1.33717659682005
"306",-1.33940948397402
"29934",-1.33950106338645
"51287",-1.33971657493775
"11018",-1.3398030322577
"4323",-1.34123059018221
"7329",-1.34131411018063
"864",-1.34169672735518
"28973",-1.34345383675014
"528",-1.34379648505745
"113130",-1.34457941628924
"54629",-1.3453543450339
"10478",-1.34604489229956
"81533",-1.34887816081152
"6624",-1.35032254026242
"10974",-1.35151572877983
"9792",-1.35156009970738
"79155",-1.35188174883897
"57405",-1.35235660901213
"6845",-1.3523608562372
"222",-1.35251780771264
"55909",-1.35264740880194
"10695",-1.35332783924092
"84271",-1.3536718186037
"400506",-1.3579922276997
"10282",-1.3582011212469
"56942",-1.35910239597215
"84706",-1.35945856324856
"4694",-1.35985440636429
"91582",-1.36012817238819
"22984",-1.36222703492487
"55284",-1.36260611215554
"7936",-1.36260970591252
"5738",-1.36310109125854
"9688",-1.36351425964209
"79017",-1.364606373861
"10278",-1.36495738629907
"23557",-1.36542627680117
"10175",-1.36625284998066
"101927597",-1.366549913977
"150684",-1.36949517878496
"79184",-1.37126088240181
"22808",-1.37151342744829
"23164",-1.37231509883737
"10573",-1.37255899332509
"665",-1.37417487014297
"8045",-1.37467399361433
"1429",-1.37647516689034
"8574",-1.37653543353337
"10419",-1.37894353032698
"55270",-1.38118302610123
"55092",-1.38145197974633
"55604",-1.3815128067912
"9319",-1.38204568398804
"54972",-1.38206645455248
"6992",-1.38335823908606
"10613",-1.38349126164362
"29890",-1.38368841084491
"10099",-1.38542103579119
"26020",-1.38592057948697
"8725",-1.38615407711053
"23204",-1.3865096178809
"10257",-1.38672297150538
"51622",-1.38840626638378
"1718",-1.38957580225844
"64863",-1.39031821357593
"9525",-1.39044847015097
"5983",-1.39065701463539
"54682",-1.39147032103982
"10659",-1.39158686555413
"56963",-1.39168613664632
"55076",-1.39432495716235
"9929",-1.39509818469606
"50814",-1.39602114536536
"10067",-1.39892907695402
"5874",-1.39895876271264
"56888",-1.39957892500166
"23362",-1.39970480428997
"4513",-1.40150560282766
"8535",-1.40203076728217
"6550",-1.40218010551628
"90637",-1.40298124147636
"57402",-1.40307545828607
"4616",-1.40489560619742
"27",-1.40525585034271
"60343",-1.40615999260803
"30851",-1.40743140206643
"8826",-1.40787196788059
"4055",-1.40925862856707
"6176",-1.40965830504816
"10169",-1.41108786760236
"171586",-1.41276558724159
"6001",-1.41453713277334
"27301",-1.41571484612236
"147727",-1.41595986871233
"57509",-1.4184439500446
"2746",-1.4196229585895
"663",-1.42108860872981
"57136",-1.42367818478978
"79903",-1.4240815212508
"116362",-1.42428746616418
"5376",-1.42524789072965
"397",-1.42584302861302
"22978",-1.42605598701587
"382",-1.42736015382502
"23019",-1.42776121681193
"57153",-1.42853916613006
"3265",-1.42861050162909
"81844",-1.42987347723516
"7127",-1.43383599721786
"6868",-1.4342101497093
"5652",-1.43454338399323
"8836",-1.43824172934704
"5912",-1.43873945599788
"26031",-1.43940652068799
"81556",-1.4405066429741
"84445",-1.44078566367986
"57544",-1.44123784253553
"10904",-1.44488838935066
"2706",-1.44612320351759
"9993",-1.4464176890281
"84303",-1.44653956079472
"50848",-1.44867777922209
"537",-1.44903124360947
"3099",-1.44941990177261
"51706",-1.44942958777835
"5303",-1.45046369890975
"427",-1.45102571458992
"55298",-1.45151150805918
"51547",-1.45159756874306
"3726",-1.45378148726216
"2588",-1.45435136003175
"29108",-1.4552459075984
"2055",-1.45568801884341
"11214",-1.45714011935967
"2316",-1.45730695092212
"25989",-1.45770493210194
"84545",-1.45921371289816
"54985",-1.46145402787904
"10134",-1.46172425743162
"3068",-1.46338430440389
"2175",-1.46347518486106
"10607",-1.46431511718828
"10568",-1.4649372202345
"22913",-1.46513376718965
"5982",-1.46544548737853
"10245",-1.46685656114462
"10519",-1.46734285585022
"8573",-1.4688300097475
"5479",-1.46949658444565
"115939",-1.4709381063684
"124491",-1.47274901683284
"126969",-1.47293968300739
"26608",-1.47298128073936
"129138",-1.47344209277883
"5447",-1.47373299642882
"27076",-1.47472817852869
"55166",-1.47537084717761
"158293",-1.47541433338286
"63917",-1.47593843585601
"55529",-1.47661860094857
"896",-1.47868254690441
"175",-1.47928967408227
"10426",-1.48148722973784
"55771",-1.48238760048101
"56172",-1.48543301097762
"2734",-1.49186853275415
"11282",-1.49187568168874
"7511",-1.49362096947214
"84153",-1.49627901973271
"222166",-1.49754007552638
"81554",-1.49754713183722
"60",-1.49876316108258
"5432",-1.50000001235316
"521",-1.50052576511847
"9191",-1.50064824522552
"59269",-1.5007547009683
"83787",-1.50078192997487
"3732",-1.50132446314999
"80331",-1.50207663761424
"3399",-1.50224314704401
"6455",-1.50369484796424
"29960",-1.50380475469814
"10921",-1.50408217183908
"1956",-1.50477628694911
"1984",-1.50493487865132
"55707",-1.50591201025789
"29100",-1.50649620804886
"5534",-1.50797311385713
"5721",-1.5096402385156
"7458",-1.5102652925856
"8569",-1.51058202861859
"1326",-1.51124269238672
"55700",-1.51156407076016
"201254",-1.51410049371822
"9798",-1.5148495213044
"7172",-1.51644910107092
"8841",-1.51693291010603
"337867",-1.51719589687345
"124222",-1.51736954289223
"137886",-1.51781334808603
"11057",-1.51852334598506
"6386",-1.52138784654567
"83451",-1.52342790851909
"51512",-1.52353816294985
"1854",-1.52546996824968
"50808",-1.52548984717928
"6502",-1.52561970559623
"10043",-1.52569843312899
"25797",-1.52644786011538
"83877",-1.52662437729069
"5824",-1.52696030395618
"91289",-1.52793258357929
"11269",-1.52798072744755
"90423",-1.52814744371203
"57587",-1.52902427518726
"26589",-1.52960198690738
"64129",-1.53004265111373
"116832",-1.53071365486898
"10403",-1.53196569562175
"115286",-1.53273900973476
"83986",-1.53393246852287
"79863",-1.53401181682756
"56986",-1.53566265149816
"55082",-1.53685389706298
"1632",-1.53910195656414
"84262",-1.53916358001228
"26099",-1.54116272498562
"9223",-1.54159017542173
"153020",-1.54203737839634
"115817",-1.54332157525782
"207",-1.54471117597193
"2730",-1.54598634558399
"55872",-1.55033956407399
"23075",-1.55140447391855
"100191040",-1.55174276421048
"3621",-1.55235488331867
"55069",-1.55735301673482
"10656",-1.5595749095736
"2146",-1.56128149700408
"5810",-1.56179514573393
"84548",-1.56275338392977
"56913",-1.56375675443547
"51042",-1.56399066890671
"55898",-1.56516212702977
"2671",-1.56530500076158
"4205",-1.56555173221626
"4883",-1.56754764983831
"1454",-1.56787132438167
"79789",-1.56882797509729
"199870",-1.56923663179915
"1263",-1.57188688800971
"400931",-1.57232221493329
"6867",-1.57363896499892
"10084",-1.57414332491463
"23327",-1.57521843721109
"977",-1.57551431857752
"9690",-1.57581462316361
"6627",-1.57801964250946
"10499",-1.57815026753607
"55012",-1.57823661874877
"84168",-1.57844251802637
"55636",-1.58054701449523
"90121",-1.58121192328813
"9455",-1.58371917278023
"2745",-1.58484249751326
"81888",-1.58647604518532
"23464",-1.58685447967922
"3123",-1.58979881462734
"83481",-1.59086722099583
"29966",-1.59107047657107
"84971",-1.5914613510361
"4493",-1.59386424959337
"115572",-1.593943993407
"301",-1.59523958470402
"4008",-1.59542138701679
"7798",-1.598207345517
"51251",-1.59857897177631
"8323",-1.60048670085732
"1059",-1.6007672044181
"23353",-1.60124755233661
"8237",-1.60230232570085
"2002",-1.60423965565755
"8877",-1.60468521236945
"11014",-1.60477156291021
"6009",-1.60521100766573
"10682",-1.60585895525736
"55034",-1.60785245353425
"5918",-1.60841020487711
"9134",-1.60916220947727
"54892",-1.61119180633216
"54841",-1.61189288690031
"56262",-1.61361945878102
"5260",-1.6161799859468
"254863",-1.61666544112459
"4781",-1.61740269700328
"3898",-1.61766272256498
"80145",-1.61850989368592
"79415",-1.61926091521632
"79897",-1.62078405428779
"3480",-1.62303423625374
"131583",-1.6247717354794
"145864",-1.62530631353025
"4828",-1.62671904357782
"8660",-1.62742255664763
"4645",-1.62845561098077
"1069",-1.63232503072238
"414919",-1.63330649895348
"4597",-1.63603249816235
"2531",-1.63605710299322
"57017",-1.63614703446824
"9289",-1.63752220564781
"8704",-1.63814823671971
"10797",-1.64084801044339
"573",-1.64085121693708
"5595",-1.64219882617678
"6881",-1.64286432005782
"6907",-1.64300929169676
"9070",-1.64341726242087
"2589",-1.6434441024778
"347735",-1.64585662696844
"84916",-1.64594650875103
"54913",-1.64717354015042
"54477",-1.64801002080572
"11328",-1.64944627942007
"10644",-1.65036157045957
"6696",-1.65159350451915
"8804",-1.6515978871018
"3257",-1.65183884874766
"79666",-1.65245149582778
"128869",-1.65358871911348
"3638",-1.65388847923228
"55215",-1.65419920509667
"2539",-1.65422609509517
"207063",-1.65511332804404
"64963",-1.65697016778784
"6923",-1.65722402995622
"332",-1.65877136327686
"55973",-1.66118175460737
"4070",-1.66309411306289
"29763",-1.66378895946192
"51154",-1.66418882328326
"6468",-1.66439322932454
"55007",-1.66494539867755
"114907",-1.66558249678757
"4714",-1.66620776579014
"7784",-1.66783900917968
"51218",-1.66999250328094
"81706",-1.67070750992032
"3728",-1.67211711112153
"123263",-1.67244422359956
"140823",-1.67351987581009
"5687",-1.67399582665337
"389792",-1.67464974874944
"1958",-1.67471245369684
"715",-1.67539052655814
"688",-1.68000391604992
"1459",-1.68035187831205
"84908",-1.68277304143634
"201799",-1.68333422571593
"10809",-1.68394177922798
"965",-1.68426565925008
"2157",-1.68460304189147
"1874",-1.68567604710219
"22976",-1.68693277720811
"637",-1.68805165386295
"3664",-1.69021400606301
"123920",-1.6910287070741
"26512",-1.69159594888554
"835",-1.69177640545129
"64400",-1.69350165736133
"529",-1.69387616761236
"6920",-1.6941181084227
"115825",-1.69479227476356
"92002",-1.69522379745955
"84243",-1.69537662411542
"29766",-1.69591411075903
"84888",-1.69777113715327
"4291",-1.69892682366626
"10458",-1.69944949359621
"10681",-1.70024757493984
"153830",-1.70052231755206
"10171",-1.70178556122026
"1892",-1.70211488124247
"3895",-1.70231213919425
"118472",-1.70373398565021
"5093",-1.70470062089808
"27295",-1.70516586482119
"64332",-1.7055248689095
"90861",-1.70637018581498
"56672",-1.7065493402213
"353322",-1.70723113971665
"4794",-1.7076692878402
"4929",-1.70815567819675
"23568",-1.70837598541448
"7083",-1.7098861320117
"55848",-1.71049338209003
"54933",-1.71184448968405
"5621",-1.71271507301992
"553115",-1.71276589574145
"79650",-1.713773224755
"22848",-1.71400405140544
"57162",-1.71417180466369
"4700",-1.71421006387207
"6642",-1.71653271905946
"84108",-1.71686768509708
"9748",-1.71964579996985
"4501",-1.71972141898561
"56975",-1.7281643710127
"51125",-1.72927686125792
"200931",-1.72950208491589
"9040",-1.72976287232375
"55687",-1.73233692867306
"83440",-1.73285387529835
"6892",-1.73680332532696
"3611",-1.73764182384277
"955",-1.73929259635546
"51324",-1.73972433888862
"80830",-1.74113631627622
"55585",-1.74144028363565
"6100",-1.74485791851635
"7390",-1.74769492714268
"58472",-1.74882312499632
"6261",-1.74929045821711
"9093",-1.74994213759143
"10467",-1.75073298264381
"55297",-1.75338622667802
"11017",-1.75479144276648
"1515",-1.75666483362469
"118426",-1.75694714143639
"55765",-1.75803089991506
"7045",-1.76096734036975
"728113",-1.76339031814958
"26277",-1.7646931405503
"283981",-1.76556569913636
"50809",-1.76620795091039
"3958",-1.76731029795099
"5441",-1.77001228357051
"221937",-1.77087670408347
"11240",-1.77117202122061
"6522",-1.77370030520532
"4915",-1.77450915058561
"283871",-1.77472833671667
"80223",-1.77636578791698
"8766",-1.77681585242354
"6446",-1.77749259375761
"84899",-1.77957283094245
"10105",-1.78075413939463
"8572",-1.78325899321889
"54935",-1.78462086803978
"2683",-1.78610456350134
"8662",-1.78674303511636
"9531",-1.78749311329196
"11274",-1.7880425573841
"80213",-1.79156997814528
"9263",-1.79205913012407
"7423",-1.7927116608019
"8682",-1.79692825740667
"998",-1.79844889196534
"56965",-1.79876441689474
"8321",-1.80281441099022
"255104",-1.80326915902211
"342897",-1.80373050611041
"100134934",-1.80566845163712
"57798",-1.8063902567101
"5058",-1.80754923792848
"10469",-1.80779463837433
"687",-1.80783061116192
"1445",-1.80901477338209
"81552",-1.81053084862764
"23300",-1.81234535355666
"1032",-1.81677105706123
"6307",-1.81765639532319
"9144",-1.81972637646768
"29760",-1.81979413011315
"2908",-1.82030229206808
"26515",-1.82051403725048
"7739",-1.82085130247225
"3993",-1.82100179417188
"3107",-1.82144467420485
"25932",-1.8224377188021
"113000",-1.82625021855614
"3872",-1.82654415478299
"4601",-1.82862591836879
"114294",-1.83011229911846
"204",-1.83065995740498
"7791",-1.83389550699402
"6477",-1.83718340520508
"6319",-1.83718406713673
"10776",-1.83731555599516
"8702",-1.83827403421339
"6303",-1.83948836455535
"5315",-1.83986273928275
"10200",-1.84091275112119
"79719",-1.84616035114763
"84287",-1.84788991589795
"79706",-1.8485567731274
"2180",-1.85150849718181
"55325",-1.85337954561893
"84901",-1.85577321754299
"150696",-1.85636314994507
"51124",-1.85651302655783
"57542",-1.85778254558332
"10518",-1.85947262497498
"379",-1.85989374691015
"6275",-1.86086400534445
"291",-1.86175699895248
"83937",-1.86526814577343
"7090",-1.86672265704505
"10048",-1.86882060918042
"1947",-1.86882101052453
"283635",-1.87212224212763
"1785",-1.87312427450962
"1364",-1.87557383613474
"9412",-1.87767253579363
"65249",-1.87827801742565
"121506",-1.87945833110201
"55544",-1.87994579169189
"1948",-1.88019474850468
"283991",-1.88199220237596
"2707",-1.88605454284795
"3419",-1.88614066363568
"10678",-1.88665652421698
"8273",-1.88674805990985
"7071",-1.88679754572176
"83719",-1.88898903183173
"59271",-1.89316998665348
"10428",-1.89711592786895
"93081",-1.90156515432914
"26472",-1.90274889126874
"64784",-1.90889652745723
"140707",-1.91007257194709
"5604",-1.91231665819442
"5634",-1.91394112655824
"3385",-1.91441329948559
"23514",-1.91683340033191
"56270",-1.91806184517587
"23254",-1.91845243705394
"115908",-1.92089219490347
"4783",-1.92138419097219
"2017",-1.92559964249615
"152015",-1.92888947175092
"5905",-1.92967355584517
"65980",-1.93243793457989
"27183",-1.93345006719805
"84557",-1.93561699290933
"78999",-1.94105932327519
"11135",-1.94168243357648
"90850",-1.94234570624451
"64118",-1.94305221554882
"54626",-1.94391000162218
"28988",-1.94577586659493
"51700",-1.9479628731558
"91433",-1.94901749802816
"170954",-1.94994283454644
"60559",-1.95541744451813
"112597",-1.95597253068517
"598",-1.95706040635325
"5478",-1.95989222249966
"8581",-1.96046907012182
"8611",-1.96251734323346
"55159",-1.96283980161963
"8842",-1.96363773344978
"3597",-1.96566221245126
"8517",-1.96882670950567
"79991",-1.96943476371962
"29781",-1.96971182830382
"5597",-1.9703812138694
"9235",-1.9712877488154
"55971",-1.97300676878662
"4255",-1.97708687734049
"3654",-1.97725246769548
"201965",-1.97906775491282
"150381",-1.98208377838741
"10158",-1.98259115775769
"7004",-1.98274489911998
"388969",-1.98279683564776
"26022",-1.98530554729622
"23400",-1.99516613825976
"57761",-1.99528233425293
"6591",-1.99574865384747
"23065",-1.99964295815987
"83930",-2.00583719269583
"122704",-2.00936641442232
"2783",-2.00977416542273
"65057",-2.01017011829948
"138050",-2.01145801337177
"1889",-2.01587869406069
"113452",-2.0179129447162
"200879",-2.02388899416606
"11252",-2.02848210784127
"79672",-2.03176431479378
"7077",-2.03664955138097
"133",-2.05074115449795
"4351",-2.0533315793277
"122416",-2.05359810538576
"79968",-2.05972882127101
"55308",-2.06064173700205
"282969",-2.06414804311743
"54442",-2.06552510825808
"9130",-2.06589964731384
"284018",-2.06623316918163
"5157",-2.06664587539537
"1031",-2.06760361160833
"83637",-2.0692102983948
"5268",-2.06989981609777
"10898",-2.07349310530231
"55742",-2.0773675720729
"972",-2.07904147906639
"7263",-2.07938684485508
"441376",-2.07967127336935
"23594",-2.0803539565717
"26471",-2.08095155904324
"1050",-2.08105078758463
"83888",-2.08432781788262
"9563",-2.08809818604058
"9768",-2.09427454796552
"9200",-2.09738959050883
"9052",-2.09871734664367
"10655",-2.09911996795698
"55055",-2.09947179290712
"10791",-2.10148376032656
"93273",-2.10274281674905
"11257",-2.10403346448869
"10652",-2.10681626358373
"2805",-2.10790577717471
"11333",-2.11376851230505
"1870",-2.11758311574607
"23604",-2.11778008721734
"55573",-2.11906957802814
"55794",-2.12275686617841
"5834",-2.12357528665876
"1672",-2.12613734210318
"55844",-2.1270085957941
"6525",-2.12977594069868
"80777",-2.13029291029854
"112812",-2.13213355040585
"2059",-2.13235702120903
"9238",-2.13296120607159
"5698",-2.13467154323439
"3916",-2.13573779342175
"1611",-2.13599142223748
"22856",-2.13944997550316
"5045",-2.14088328974113
"81620",-2.14093926380943
"6715",-2.14302024221543
"5445",-2.14807450367112
"5425",-2.14818594860046
"54478",-2.15161089128067
"6723",-2.1530534578163
"80149",-2.15673268066076
"3693",-2.15781733576253
"3669",-2.16117466473359
"55723",-2.1623611860389
"4478",-2.16463026848099
"3660",-2.16480703686059
"834",-2.16675241692022
"8754",-2.16762417867316
"836",-2.16833246291362
"256586",-2.168345191009
"64077",-2.16932994158147
"1508",-2.17366159905129
"5971",-2.17384678044932
"10189",-2.17790463364909
"415116",-2.17912254799545
"4605",-2.179570573849
"10397",-2.18046712443312
"7499",-2.18128015496261
"27113",-2.18570187151279
"1978",-2.18835032276092
"221710",-2.18941521261063
"1942",-2.19048228373473
"8623",-2.19093059653563
"8266",-2.19133807995491
"6558",-2.19241698208425
"3988",-2.1958267997608
"1512",-2.1985362306134
"8669",-2.20261869018789
"55593",-2.20416687694272
"602",-2.20431430650924
"53905",-2.20615809738906
"10049",-2.20860310122131
"114569",-2.20967012085383
"26509",-2.21319929105479
"4502",-2.21703534235777
"54606",-2.22159474585389
"51657",-2.22469667494798
"55839",-2.22547767468063
"1906",-2.22987767463391
"51060",-2.23161543780508
"9672",-2.23288448299231
"55319",-2.23531377560581
"858",-2.24050682625279
"526",-2.24240943704304
"481",-2.24317758101271
"10076",-2.24329498999831
"6286",-2.24511849848879
"1647",-2.24537558064836
"22876",-2.24824283152383
"57414",-2.24994558221802
"9564",-2.25197686920836
"28227",-2.25447391271316
"83862",-2.25536665144024
"57157",-2.25928491818442
"5292",-2.26630750908173
"5329",-2.26806386346411
"11030",-2.26915794640537
"9516",-2.26993123756277
"64856",-2.27312186098031
"81563",-2.27631107640231
"130576",-2.27658420412149
"9914",-2.27894091283269
"7027",-2.27996392672526
"3397",-2.28223619211287
"23461",-2.28312221607789
"3622",-2.284677794742
"54982",-2.28644114959046
"994",-2.28653809562442
"27111",-2.28885541357219
"399694",-2.290914743523
"53637",-2.29102240425661
"5605",-2.2927615985641
"6890",-2.29548819680449
"1212",-2.29840360368279
"349565",-2.30459699652533
"1890",-2.30469489813228
"2012",-2.30756524606586
"11212",-2.31020065986659
"3315",-2.31039808920439
"23616",-2.31280191878832
"23170",-2.31764383773464
"3959",-2.3282645892799
"55829",-2.33095086996051
"54453",-2.33107565528359
"253982",-2.33659423806785
"84807",-2.33801696086265
"23336",-2.34023333036002
"302",-2.34364121178481
"435",-2.34410471933471
"634",-2.34986329941995
"3691",-2.35124276844664
"54820",-2.35345149872426
"567",-2.35346196178398
"56994",-2.35484351568208
"59274",-2.3663552492677
"8828",-2.37080507436596
"113730",-2.37270313287364
"1825",-2.37285312946113
"10509",-2.37499347648857
"8470",-2.37778531428006
"79156",-2.38047103728357
"1635",-2.38096783614795
"3133",-2.38194005218608
"865",-2.38237075533023
"55972",-2.38336685900538
"221184",-2.38646299110906
"29886",-2.38874440620098
"2297",-2.39013943034461
"9308",-2.39103692068811
"79693",-2.39312340189225
"2483",-2.39328891131135
"29094",-2.39487328689818
"134218",-2.39608461057344
"3122",-2.40049737946131
"339123",-2.40420662073735
"2274",-2.40600017168925
"1389",-2.41146005383157
"8531",-2.41535196483128
"8428",-2.41801413225059
"4967",-2.4219927543703
"4627",-2.42437834072768
"72",-2.43061822057113
"84937",-2.43167270993671
"6876",-2.43224765254451
"8739",-2.43495566341426
"51065",-2.43707582514434
"1051",-2.43804254313565
"23012",-2.43866395453506
"5873",-2.44031952822394
"51422",-2.44157147308678
"3790",-2.44161850196678
"102723505",-2.45032438247898
"7298",-2.45078980014761
"3910",-2.45283365138486
"57488",-2.45656241252332
"79682",-2.46044614952918
"4155",-2.46402007441282
"168455",-2.46872055206285
"4097",-2.47092297742494
"11012",-2.47292806744755
"5833",-2.47683609307198
"113878",-2.47925923403558
"26090",-2.48433216916061
"23386",-2.48450198818297
"6385",-2.49339728698215
"25777",-2.49546406940415
"9411",-2.4964626700165
"55165",-2.49743695150674
"50855",-2.49813291914874
"101928527",-2.50057112689814
"8932",-2.51974390699577
"6035",-2.52106098789297
"5814",-2.52333921715028
"11067",-2.52537633964204
"1843",-2.52771292136574
"100505738",-2.5293122470805
"10302",-2.53018398483738
"79643",-2.53205049621731
"11078",-2.53471511247399
"118460",-2.53576474707088
"51097",-2.53658284834849
"9145",-2.53705867259827
"9021",-2.5406143207489
"832",-2.54224746464129
"79019",-2.54599131367742
"6509",-2.54827929651698
"9060",-2.54834770415532
"92126",-2.54923317000148
"4357",-2.54991571340256
"2870",-2.55752292130733
"9064",-2.56030317818503
"10406",-2.56145593636284
"8225",-2.56450644487278
"114769",-2.57629752992856
"27127",-2.5818068284128
"50810",-2.58529650157902
"6422",-2.58641347309871
"3976",-2.58646644979586
"83742",-2.58785653420875
"55744",-2.58798299840069
"3423",-2.58898814687721
"3918",-2.5939352486824
"3106",-2.59549650242307
"10125",-2.60400311285571
"100303755",-2.6044443370395
"203328",-2.60505212488648
"90525",-2.60845400753801
"8082",-2.61260963005274
"4495",-2.6134189536819
"25984",-2.61391215579318
"116225",-2.6154804687378
"84141",-2.61804230184431
"29117",-2.62019002890728
"23348",-2.62024777779158
"1907",-2.62414064406179
"678",-2.62489517665671
"9088",-2.63092125103459
"11124",-2.63173331613602
"10867",-2.63490492531082
"222068",-2.63700278566912
"123355",-2.63863902398836
"9424",-2.63865281246517
"3119",-2.6447500405326
"3887",-2.6478070895387
"5782",-2.65081598402704
"9055",-2.65665326221014
"53833",-2.66787765674752
"3339",-2.66986030118207
"170680",-2.67458612669471
"3866",-2.68179074688924
"9674",-2.68463326422907
"27350",-2.68913461095058
"151887",-2.6975973952855
"81575",-2.7060776889799
"83982",-2.71315713490583
"26035",-2.7200286402429
"2710",-2.72204729443056
"1912",-2.72658453465716
"5095",-2.72828323912438
"23037",-2.72919535268601
"6095",-2.73203941499795
"55806",-2.73293115441539
"10398",-2.73861100110038
"54742",-2.74635513232558
"1808",-2.74696921790241
"5097",-2.7470322330874
"6645",-2.75530962764528
"64759",-2.7559429721714
"7114",-2.75620709254345
"11254",-2.75905485486552
"3490",-2.75963223219807
"64782",-2.76115732135048
"51655",-2.76275429072543
"22995",-2.764643420356
"5358",-2.77295620338522
"23589",-2.78141648437573
"9982",-2.78765673754225
"81037",-2.79206327614479
"728978",-2.79748707349783
"3487",-2.79833923862337
"64359",-2.80612150387152
"79651",-2.81056790341371
"79006",-2.81502938345831
"84296",-2.81598493721451
"1839",-2.81619779812199
"146433",-2.82267157952576
"7168",-2.82372686974009
"5366",-2.82605994761505
"84333",-2.82688560104067
"8073",-2.8324879413176
"284340",-2.83319037452246
"116988",-2.8353198563146
"23764",-2.8410786308411
"3364",-2.84164272899984
"79145",-2.84281545355948
"267",-2.84960615926139
"1117",-2.86156832101729
"6648",-2.8658288099687
"9844",-2.8665051336994
"58191",-2.87567077992881
"26353",-2.88235341386703
"23596",-2.88329535332804
"171177",-2.8846400661294
"93099",-2.8858594831858
"550643",-2.88855820231308
"8139",-2.89038162080151
"4792",-2.90018133554541
"638",-2.90513086293884
"51278",-2.90635154777019
"183",-2.90653846125334
"8459",-2.91924597520886
"23516",-2.92184660772565
"6461",-2.9291498025647
"221908",-2.9312458569974
"23779",-2.93723903534792
"1116",-2.93984532958415
"4837",-2.9423441694783
"100130958",-2.95010043029587
"100505483",-2.95221064001706
"8303",-2.95794345573429
"7076",-2.97062637678726
"2817",-2.98066679942265
"5493",-2.98090608170794
"2119",-2.98526397432484
"4067",-2.98835739572341
"716",-2.99426206514816
"3108",-2.99899715816311
"63971",-3.0029516479781
"644",-3.00297271485566
"840",-3.00517586714127
"11170",-3.00727405967653
"246777",-3.01656945113962
"6289",-3.02197158400339
"3073",-3.02810446285396
"5728",-3.0347184115436
"5879",-3.03878720351488
"975",-3.04999977337033
"5271",-3.05048444792438
"7026",-3.06353055145665
"27434",-3.06386196906456
"9076",-3.0796102856668
"3105",-3.09009915792615
"440335",-3.1070315228173
"55080",-3.11672303998552
"57118",-3.11930244733947
"93100",-3.11980640653837
"5307",-3.12108019653907
"9180",-3.13894994369292
"9771",-3.14035149891278
"7169",-3.14244489371903
"51421",-3.1436331346383
"10901",-3.14471227479811
"50805",-3.15603344020966
"7124",-3.16153706126555
"3556",-3.16625878067124
"1001",-3.16920009216864
"339290",-3.18120391751801
"1009",-3.18176720046246
"3853",-3.18513744712842
"64699",-3.18573353702035
"898",-3.18950457370249
"60370",-3.19761143684624
"58489",-3.201483083965
"1471",-3.20395315664676
"27341",-3.20975946406294
"85377",-3.22628538913261
"5986",-3.23401155963585
"1830",-3.23920405973298
"79365",-3.24008021454347
"4643",-3.24462134283185
"3400",-3.25023779286526
"83605",-3.2563245577332
"285958",-3.26474140294092
"51673",-3.28101216451341
"5627",-3.28814120517672
"2026",-3.28919306609677
"51513",-3.2971715684664
"100507463",-3.32020256475356
"100505633",-3.35264658322048
"23213",-3.35732612006938
"2260",-3.37463291326376
"51619",-3.37567114763206
"9473",-3.38615577036229
"4935",-3.39023012159524
"6478",-3.39104239754351
"149603",-3.40339599358828
"54541",-3.40817442756184
"5791",-3.41723177942113
"857",-3.42288064334542
"152007",-3.42413850112202
"30011",-3.42561370856848
"84707",-3.43070780483995
"54",-3.43646135195058
"90135",-3.45293895969845
"9048",-3.46106229164339
"2709",-3.46911265080179
"1475",-3.4896607448193
"64073",-3.49834190658168
"4240",-3.51054296082093
"10081",-3.51782322754515
"8460",-3.51782927749889
"2299",-3.54375491115911
"9935",-3.54382256267067
"388121",-3.57612533623684
"9536",-3.57877366393844
"2021",-3.60233272018888
"8412",-3.61141725548139
"51450",-3.616128997948
"9050",-3.61965766200653
"3909",-3.63489792946835
"80342",-3.64199792567423
"255488",-3.64940560362175
"7378",-3.6556567504359
"3294",-3.66196360985263
"1869",-3.67511776717797
"150763",-3.68700742137754
"8263",-3.6880897474417
"23612",-3.71046990975849
"217",-3.72361074854795
"25798",-3.7530475708828
"1159",-3.75474592267677
"85450",-3.7714789182542
"7832",-3.77699434869425
"645553",-3.78319234536468
"8614",-3.78709004275113
"83641",-3.79863763399592
"8819",-3.82547182854855
"25907",-3.82913848908185
"106029310",-3.82927341235103
"404550",-3.88343949741904
"1356",-3.90807137109724
"6288",-3.9181387717277
"11167",-3.99616060408602
"400451",-4.03535451990651
"6781",-4.04626705805708
"794",-4.05980719039632
"1052",-4.08284672734086
"29887",-4.17649308931076
"54103",-4.18874713690477
"163259",-4.30638479331452
"3485",-4.32807894966409
"3620",-4.33539496973917
"53947",-4.36311193275482
"5270",-4.37770555017716
"163732",-4.46322221248328
"3755",-4.46739656478113
"27040",-4.46774368685057
"28232",-4.48371053263116
"6347",-4.50408062039193
"55329",-4.51719913527226
"3934",-4.55385467546687
"148170",-4.5927374071267
"84900",-4.60963895096201
"23401",-4.64645358291804
"112399",-4.68700677644147
"6280",-4.70391632094316
"51458",-4.70690699208925
"10082",-4.7705501192567
"257000",-4.78061482979745
"149175",-4.79264953475565
"260436",-4.7985368522258
"51442",-4.8189618071323
"64127",-4.8668650442206
"79605",-4.88021573366853
"2621",-4.93702619862272
"548596",-4.98114106442604
"3134",-4.98408355356753
"284207",-5.01337608478694
"59",-5.01887935390129
"3127",-5.03268597286143
"3383",-5.1024367911555
"3779",-5.1295660749403
"2919",-5.159645765125
"1847",-5.23863192896296
"57115",-5.2584740855417
"79689",-5.31402707855116
"8942",-5.36397067811089
"6364",-5.38255150891161
"2303",-5.5001484891297
"4060",-5.5090597832395
"7056",-5.51385997050312
"4638",-5.56756435321212
"4692",-5.60561023867064
"5655",-5.63928426678416
"4681",-5.71545102548067
"5328",-5.92509103491643
"195814",-5.96412631178412
"7130",-5.98516182107822
"116441",-5.99345265213075
"161882",-6.05725637456328
"8876",-6.10068846232761
"94234",-6.1654444414247
"284293",-6.28178381746828
"5266",-6.33731103103917
"79192",-6.50474761054844
"8076",-6.59893303485672
"26872",-6.60803502654679
"388533",-6.61531007078682
"5502",-6.7174399958341
"6279",-6.83245081236982
"28959",-6.93252675037136
"5055",-7.22030288220076
"4023",-7.26859336956842
"26525",-7.69488006221976
"9635",-7.79118347756392
"55365",-7.86878643004161
"374897",-8.19104137334308
"2867",-8.60644616999878
"347",-8.7968602827579
"1066",-8.80331607058236
"1828",-8.93573358919363
"6278",-9.47346089649142
"6700",-9.64401230033163
"56300",-9.85603928236809
"6703",-12.3300290505144
